participant_id	CAT01	CAT02	CAT03	CAT04	CAT05	CAT06	CAT07	CAT08	CAT09	CAT10	CAT11	CAT12	CAT13	CAT14	CAT15	CAT16	CAT17	CAT18	CAT19	CAT20
C00000	1	1	1	1	1	1	1	1	1	0	0	0	1	0	0	0	0	0	0	0
C00001	1	1	0	1	1	1	1	1	1	0	1	1	0	0	1	0	1	0	0	0
C00002	1	1	0	0	1	1	1	1	1	1	0	1	1	1	0	0	0	1	0	0
C00003	1	1	0	1	1	0	0	1	0	1	1	0	1	0	0	0	0	1	0	0
C00004	1	1	1	1	1	1	1	1	1	1	1	0	0	1	1	1	1	1	0	1
C00005	1	1	1	1	1	1	1	0	0	0	0	1	1	0	0	0	0	0	1	0
C00006	1	0	0	1	1	1	1	1	0	1	0	0	0	1	0	0	0	0	0	0
C00007	1	1	1	1	1	1	1	1	1	0	0	1	0	1	1	1	0	1	0	0
C00008	1	1	0	1	1	0	1	1	1	1	1	1	1	1	0	0	1	1	1	0
C00009	1	1	1	0	0	1	1	1	0	0	1	1	0	0	0	0	1	0	0	0
C00010	0	1	1	1	1	1	1	0	0	1	1	1	0	0	0	1	0	0	0	0
C00011	1	1	1	1	0	1	1	1	1	1	0	1	1	0	0	0	0	1	0	0
C00012	0	1	0	1	1	1	1	0	1	0	0	1	1	0	0	0	1	0	0	0
C00013	0	1	1	1	1	1	1	1	1	1	0	0	1	1	0	1	0	0	1	0
C00014	1	1	1	0	0	0	0	1	1	1	1	1	1	0	0	1	0	0	0	1
C00015	1	1	0	1	1	1	1	1	1	1	1	1	1	1	0	0	0	0	0	0
C00016	1	1	0	1	1	1	1	1	1	1	1	1	1	1	1	1	1	1	1	1
C00017	0	1	1	1	1	1	1	1	1	0	1	1	0	0	1	0	0	0	0	0
C00018	1	1	1	1	0	1	1	1	1	1	0	1	1	0	0	1	0	1	1	0
C00019	1	1	1	1	1	1	1	1	1	1	0	1	1	1	0	0	0	0	0	0
C00020	1	1	1	1	1	1	1	1	1	1	1	1	1	1	1	1	0	0	1	0
C00021	1	0	0	1	1	0	1	1	0	1	0	1	1	0	1	0	0	0	0	0
C00022	1	1	1	1	1	1	1	1	1	1	1	0	1	1	1	0	1	0	0	0
C00023	1	1	1	1	0	1	1	1	0	1	0	0	0	0	0	1	0	0	0	1
C00024	1	1	1	1	1	1	1	1	1	1	1	1	1	1	1	1	0	1	0	1
C00025	0	0	1	1	1	0	0	1	0	0	0	0	0	0	0	0	0	0	0	0
C00026	0	1	0	1	1	1	1	0	1	0	0	0	1	0	0	0	0	0	0	0
C00027	1	1	1	1	1	1	1	1	1	1	0	1	0	0	0	0	1	0	0	0
C00028	1	1	0	1	1	1	1	0	0	0	1	1	0	0	0	0	0	0	0	0
C00029	1	1	1	0	1	1	1	1	1	0	0	1	1	1	0	1	1	0	0	0
C00030	1	1	1	1	1	0	0	1	1	1	1	0	1	1	1	0	0	0	0	0
C00031	1	1	1	1	1	1	1	1	1	0	1	0	0	0	0	1	0	0	0	0
C00032	1	1	1	1	1	1	1	1	1	1	1	1	1	1	1	1	1	1	1	1
C00033	1	1	1	1	0	1	1	1	1	1	1	1	1	1	0	0	1	0	0	0
C00034	1	1	1	1	1	1	1	1	1	1	1	1	1	1	1	0	0	1	0	1
C00035	1	1	0	0	0	1	0	1	0	0	0	0	0	0	0	0	0	0	0	0
C00036	1	1	1	1	1	1	1	1	1	0	0	1	1	1	0	0	0	0	0	0
C00037	1	1	0	0	0	1	1	1	0	1	1	0	0	0	0	0	0	0	0	0
C00038	1	0	1	1	1	1	1	1	1	1	1	1	1	1	0	1	1	0	1	0
C00039	1	1	0	1	1	0	1	0	0	1	0	1	0	0	0	0	0	0	0	0
C00040	1	1	1	1	1	0	0	1	1	0	1	0	0	0	0	1	0	0	0	0
C00041	0	1	1	1	1	1	1	1	1	1	1	0	1	1	0	1	0	1	0	0
C00042	1	1	1	1	1	1	1	1	1	1	1	1	1	1	1	1	1	1	1	0
C00043	1	1	1	1	1	1	1	1	1	0	1	0	0	0	1	1	0	0	0	1
C00044	1	1	1	1	1	1	1	1	1	1	0	0	1	1	0	0	0	1	1	1
C00045	1	1	1	1	0	0	0	1	1	0	1	1	0	1	1	0	0	0	1	0
C00046	1	0	1	1	1	1	1	1	1	1	1	0	0	0	1	1	0	0	0	0
C00047	1	0	1	1	0	1	0	1	0	0	1	0	0	0	0	0	0	0	0	0
C00048	1	1	1	0	1	1	1	1	1	1	0	1	1	1	1	1	1	1	1	1
C00049	1	0	1	1	1	1	1	1	1	1	1	1	1	1	1	1	0	0	1	0
C00050	1	1	1	1	0	1	0	1	1	0	1	1	0	0	0	0	0	0	1	0
C00051	1	0	1	1	0	0	0	0	0	1	0	0	0	0	0	0	0	0	0	0
C00052	1	1	1	1	1	0	0	0	0	0	0	0	0	0	0	0	0	0	0	0
C00053	0	1	1	1	1	1	1	1	1	1	1	1	1	1	0	0	1	0	0	0
C00054	1	1	0	0	1	1	1	1	1	1	1	1	0	0	1	1	1	0	1	0
C00055	1	0	1	1	0	1	1	1	0	1	0	1	1	1	0	0	0	0	0	0
C00056	1	0	0	1	0	1	1	0	0	1	0	0	0	0	0	0	0	0	0	0
C00057	1	1	0	0	1	1	1	1	0	0	1	0	0	0	0	0	0	0	0	0
C00058	1	1	1	0	1	0	0	0	1	0	0	0	0	0	0	0	0	0	0	0
C00059	1	1	0	1	0	1	1	0	0	0	1	1	0	0	0	1	1	0	0	0
C00060	1	1	1	1	1	1	1	0	1	1	1	0	1	1	1	0	1	0	1	0
C00061	1	1	1	1	0	1	1	1	1	1	1	1	1	1	1	0	0	0	0	0
C00062	1	1	1	0	1	1	1	1	1	1	0	1	1	0	1	1	1	0	0	0
C00063	1	1	1	1	1	1	1	0	0	1	0	0	0	1	0	0	0	0	0	0
C00064	1	1	1	1	1	1	1	1	1	1	0	0	1	0	0	0	0	0	0	0
C00065	1	1	0	1	1	1	1	0	1	0	1	0	0	1	1	1	0	0	1	0
C00066	1	1	0	1	1	1	1	0	1	0	0	0	0	0	1	0	0	0	0	0
C00067	1	1	1	0	1	0	1	0	0	0	1	1	1	1	0	0	0	0	0	0
C00068	1	0	1	1	1	0	1	1	1	1	1	1	1	1	1	1	0	0	0	0
C00069	0	0	1	1	1	0	0	0	0	1	0	0	0	0	0	0	0	0	1	0
C00070	0	1	0	1	1	0	0	0	0	0	1	0	1	0	0	0	0	0	0	0
C00071	1	1	1	1	1	1	1	1	1	1	0	1	1	1	1	1	0	1	0	0
C00072	0	1	1	0	1	1	0	0	0	1	0	0	0	0	0	0	0	0	0	0
C00073	1	1	1	0	1	1	1	1	0	1	0	1	0	0	0	0	0	0	0	0
C00074	1	1	1	1	0	1	1	0	1	0	1	0	0	0	0	1	0	0	0	0
C00075	0	1	0	1	1	1	0	1	0	1	0	0	0	0	0	0	0	0	0	0
C00076	0	1	0	0	1	1	1	1	1	1	1	0	1	0	0	0	0	1	0	0
C00077	1	1	0	1	1	1	1	0	1	0	1	0	0	0	0	0	0	0	0	0
C00078	1	1	1	1	1	1	1	1	1	1	0	1	0	0	0	0	0	0	0	0
C00079	1	1	1	1	1	1	1	1	1	0	0	0	0	0	1	0	0	0	0	0
C00080	1	1	1	1	0	0	1	1	1	1	0	1	1	1	1	1	0	0	0	0
C00081	1	1	1	1	1	1	1	1	1	0	1	1	1	1	0	0	0	0	0	1
C00082	1	1	1	1	0	1	1	0	1	1	0	1	0	1	0	1	0	0	0	0
C00083	1	1	1	1	0	0	1	1	1	0	0	0	1	0	0	0	0	0	0	0
C00084	1	0	1	1	1	1	1	1	0	1	1	1	1	1	1	1	0	1	1	1
C00085	1	0	1	1	1	0	0	0	0	1	0	1	1	0	0	0	0	0	0	0
C00086	0	0	0	1	0	1	1	0	1	1	1	0	0	0	0	0	0	0	0	0
C00087	1	1	1	1	1	0	1	1	1	1	0	1	1	0	1	1	0	0	0	0
C00088	1	1	1	1	1	1	0	1	0	1	1	1	1	1	1	0	1	0	0	0
C00089	1	1	1	1	1	0	0	1	1	1	0	1	0	0	1	0	0	0	1	0
C00090	1	1	0	1	1	1	1	1	1	0	1	1	0	0	0	0	1	0	1	1
C00091	0	0	1	0	0	0	0	0	0	0	0	0	0	0	0	0	0	0	0	0
C00092	1	0	0	0	0	0	0	0	0	1	0	0	0	1	0	0	0	0	0	0
C00093	1	1	1	1	1	0	0	1	1	1	1	0	0	0	0	0	0	0	0	0
C00094	1	1	0	0	0	0	0	0	1	0	0	0	0	0	0	0	0	0	0	0
C00095	0	1	1	1	1	0	0	1	0	1	0	0	0	0	0	0	0	0	0	0
C00096	1	1	1	0	0	1	0	0	0	0	0	0	0	0	0	0	0	0	0	0
C00097	1	1	1	1	1	1	1	1	0	0	0	1	0	1	0	0	0	0	0	0
C00098	1	1	1	1	1	1	1	0	0	0	0	1	0	0	0	0	0	0	0	0
C00099	1	1	1	1	0	1	0	0	0	0	0	0	0	0	0	0	0	0	0	0
C00100	1	1	0	0	0	0	0	0	0	1	1	1	0	0	0	0	0	0	0	0
C00101	1	1	1	1	0	1	1	1	1	0	0	0	0	1	0	1	1	0	0	0
C00102	1	1	1	1	1	1	1	1	0	1	1	0	0	0	0	1	0	0	0	0
C00103	0	0	0	0	1	1	0	1	0	1	1	1	0	0	1	0	0	0	1	0
C00104	0	0	0	1	0	1	0	0	0	0	1	0	1	0	0	0	0	0	0	0
C00105	1	1	1	1	0	1	0	1	0	0	0	0	0	0	0	0	0	0	0	0
C00106	1	1	0	0	1	0	0	0	0	1	1	1	0	0	1	0	0	0	0	0
C00107	1	1	1	1	0	1	1	0	0	1	1	0	0	0	1	1	0	0	0	0
C00108	0	0	1	1	1	0	0	0	0	0	1	0	1	0	0	1	0	0	0	0
C00109	1	1	1	1	1	1	1	1	1	0	1	1	1	1	1	1	1	0	0	0
C00110	0	0	1	1	0	0	0	0	1	0	0	0	0	1	0	0	0	0	0	0
C00111	1	1	1	1	1	1	1	1	1	1	1	1	0	1	1	1	1	0	0	1
C00112	1	0	1	1	1	1	0	1	0	0	0	1	0	0	0	0	0	0	0	1
C00113	1	1	1	1	1	1	1	0	1	0	0	1	1	1	0	1	0	0	0	0
C00114	1	1	1	0	1	1	1	0	0	0	0	0	1	0	0	1	0	0	0	0
C00115	1	1	1	1	1	1	0	0	0	0	0	0	0	1	0	0	0	0	0	0
C00116	1	1	1	1	0	1	1	1	0	1	0	1	1	1	1	1	0	0	0	0
C00117	1	1	1	1	0	1	1	1	1	0	0	1	1	1	1	0	1	0	1	0
C00118	1	0	1	1	0	1	1	0	0	0	0	0	0	0	0	0	0	0	0	0
C00119	0	1	1	1	1	1	1	0	1	1	0	0	1	1	0	1	0	0	0	0
C00120	0	1	1	1	1	0	1	0	1	0	0	0	1	1	1	1	1	0	0	0
C00121	1	0	1	1	1	0	0	1	1	0	1	0	0	0	0	1	0	0	0	0
C00122	1	1	1	0	0	1	0	0	0	1	0	0	0	0	1	0	0	0	0	0
C00123	1	1	1	0	1	1	1	0	1	1	1	0	1	0	0	0	0	0	0	0
C00124	0	1	1	1	1	0	0	0	0	0	0	0	0	0	0	0	0	0	0	0
C00125	1	1	1	1	1	1	0	1	1	1	1	0	1	1	1	0	0	0	0	0
C00126	1	1	1	1	1	0	0	1	0	1	0	0	0	0	0	0	0	0	0	0
C00127	0	0	0	1	1	1	1	1	1	1	0	0	0	0	0	0	0	0	0	0
C00128	1	0	1	1	1	1	1	1	0	0	0	1	0	0	0	0	0	0	1	0
C00129	1	1	1	0	0	1	1	1	1	0	1	0	0	0	0	0	0	0	0	0
C00130	1	1	0	0	0	1	1	0	0	1	0	0	0	0	0	0	0	0	0	0
C00131	1	0	1	1	0	1	1	0	0	0	0	0	0	0	0	1	0	0	0	0
C00132	1	0	1	0	0	1	0	1	0	0	0	0	0	0	0	0	0	0	0	0
C00133	1	0	0	1	0	0	0	1	0	0	0	1	0	0	0	0	0	0	0	0
C00134	1	0	1	1	0	1	1	1	0	1	1	0	0	1	0	0	0	0	0	0
C00135	0	1	1	0	1	1	0	1	1	1	0	0	1	1	0	1	0	0	0	0
C00136	1	1	1	1	1	1	1	0	1	1	0	1	1	0	1	0	0	1	0	0
C00137	1	1	1	1	1	1	1	1	1	1	0	0	1	0	1	0	0	1	1	0
C00138	1	1	0	0	1	1	1	1	0	0	0	1	1	1	0	0	0	0	0	0
C00139	1	1	1	1	1	1	1	1	0	1	1	1	0	1	1	0	0	0	0	0
C00140	1	1	1	1	1	1	1	1	0	1	0	0	1	1	0	1	0	0	0	0
C00141	1	1	1	0	1	1	0	1	1	0	0	0	1	1	0	1	0	0	0	0
C00142	0	1	0	1	0	1	1	1	1	1	1	0	0	1	0	1	1	0	0	1
C00143	1	0	0	1	0	0	0	0	0	1	0	0	0	0	0	0	0	0	0	0
C00144	1	1	1	1	1	0	0	1	0	1	0	1	0	0	0	0	0	0	0	0
C00145	0	0	0	0	0	0	1	0	0	0	1	0	0	0	0	0	1	0	0	0
C00146	0	1	1	1	1	1	1	1	1	1	1	0	1	1	1	1	0	0	0	0
C00147	1	1	1	0	1	1	1	1	1	0	0	1	0	0	0	0	0	0	0	0
C00148	1	1	1	1	1	1	1	1	1	0	1	0	1	1	0	1	1	0	1	1
C00149	1	1	1	1	0	1	1	1	0	0	1	0	0	0	0	0	0	0	0	0
C00150	1	1	1	0	1	1	1	1	1	0	1	0	0	0	0	0	0	0	0	0
C00151	1	1	1	1	1	1	0	1	1	0	1	1	1	0	0	1	0	0	0	0
C00152	0	1	1	1	1	0	0	0	0	0	1	0	0	0	0	0	0	0	0	0
C00153	1	1	1	0	1	1	1	1	1	1	1	1	0	0	0	0	0	0	0	0
C00154	1	0	0	0	0	0	0	1	0	0	0	1	0	0	0	1	0	0	0	0
C00155	1	0	0	1	1	1	0	0	0	0	0	0	0	0	0	0	0	0	0	0
C00156	1	1	1	1	0	0	0	1	1	0	0	1	1	0	0	0	0	0	0	0
C00157	1	1	1	1	1	1	1	1	1	1	1	1	0	0	1	0	1	1	0	0
C00158	1	1	1	1	1	0	0	0	0	0	0	1	0	0	0	0	0	0	0	0
C00159	0	0	0	1	1	0	1	0	0	0	0	0	0	0	0	0	0	0	0	0
C00160	0	0	0	1	0	0	1	1	0	0	0	0	0	0	0	0	0	0	0	0
C00161	1	0	1	0	1	1	1	1	1	1	0	0	0	0	1	0	0	0	1	0
C00162	1	1	1	1	1	0	1	1	0	0	1	1	0	0	0	0	0	0	0	0
C00163	1	1	1	1	1	1	0	0	0	0	1	0	0	0	1	0	0	0	0	0
C00164	1	1	1	1	0	1	1	1	1	1	1	0	0	1	0	1	0	0	0	0
C00165	1	0	1	1	1	1	0	0	0	1	1	1	1	1	1	0	0	0	0	0
C00166	1	1	1	1	1	1	1	1	1	1	1	1	0	1	1	0	0	1	0	0
C00167	0	0	0	1	0	1	1	0	1	1	0	0	1	1	0	0	0	0	0	0
C00168	1	0	1	1	1	0	0	0	1	0	0	0	0	0	0	0	0	0	0	0
C00169	1	1	1	1	1	1	1	1	1	1	1	1	1	0	1	0	1	0	1	0
C00170	1	1	1	1	0	1	1	1	0	0	1	1	0	1	0	0	1	0	1	0
C00171	1	1	0	1	0	1	1	1	0	1	0	0	0	0	0	0	0	0	0	0
C00172	1	1	1	1	1	1	1	0	0	1	1	0	1	1	0	0	0	0	0	0
C00173	1	1	0	0	0	1	0	0	1	0	0	0	0	0	0	0	0	0	0	0
C00174	0	0	1	0	1	1	0	0	0	0	0	0	0	0	0	0	0	0	0	0
C00175	1	1	1	1	1	1	0	1	1	0	1	0	0	0	0	0	1	0	0	0
C00176	1	0	1	1	1	0	1	0	0	1	0	0	1	1	0	0	0	1	0	0
C00177	0	1	0	1	0	0	0	0	0	0	1	0	0	0	0	0	0	0	0	0
C00178	1	1	1	1	0	1	1	1	1	1	1	0	0	0	0	0	0	1	0	0
C00179	1	0	0	1	1	0	0	0	0	1	1	0	0	1	0	0	0	0	0	0
C00180	1	1	1	1	1	1	1	1	1	1	1	1	0	1	1	1	1	1	1	1
C00181	1	1	1	0	1	0	1	1	1	0	1	0	0	0	0	0	0	0	0	0
C00182	0	1	0	0	1	1	1	0	1	0	1	0	0	0	0	0	0	0	0	0
C00183	1	1	0	0	0	1	1	1	1	1	0	0	1	1	0	0	1	0	0	0
C00184	1	1	0	1	1	1	1	1	1	1	1	1	0	0	0	1	0	1	0	0
C00185	1	0	1	1	1	1	1	1	1	1	0	0	0	0	0	0	0	0	0	0
C00186	1	0	1	1	0	1	1	0	1	0	1	1	0	1	0	0	0	0	0	0
C00187	1	0	1	1	1	1	0	1	0	1	0	0	1	1	0	0	0	0	0	0
C00188	0	0	1	1	0	0	0	0	0	1	0	0	1	0	0	0	0	0	0	0
C00189	1	0	0	1	0	0	0	0	0	0	0	0	0	0	0	0	0	0	0	0
C00190	1	1	1	1	1	1	1	1	1	1	1	1	1	1	1	1	1	1	0	0
C00191	1	1	1	1	1	0	1	1	0	0	0	0	0	0	0	0	0	0	0	0
C00192	1	1	1	1	1	1	1	1	0	0	0	1	1	0	0	1	1	0	0	0
C00193	1	1	1	1	0	1	1	1	1	0	1	1	1	1	1	1	0	1	0	0
C00194	1	1	0	1	1	0	0	1	0	1	0	0	1	0	0	0	1	0	0	0
C00195	1	0	1	1	0	1	1	0	1	1	1	0	1	1	0	1	0	0	0	0
C00196	0	1	0	0	1	1	1	0	1	0	0	0	0	0	0	0	0	0	0	0
C00197	1	1	1	1	1	1	1	0	0	0	0	0	0	0	0	0	0	0	0	0
C00198	1	1	1	1	0	0	1	1	1	0	0	0	1	0	1	1	0	0	0	0
C00199	0	0	1	1	0	0	0	0	0	0	0	0	0	0	0	0	0	0	0	0
C00200	1	1	1	1	1	1	1	1	0	1	1	0	0	0	0	0	0	0	0	1
C00201	1	1	1	0	0	1	0	1	0	0	0	0	0	0	0	1	0	0	0	0
C00202	1	1	1	0	1	0	1	0	0	1	0	0	0	0	0	0	0	0	0	0
C00203	1	0	1	0	0	0	0	1	0	1	0	1	0	0	0	0	0	0	0	0
C00204	1	1	1	1	1	1	1	0	1	1	0	0	1	0	0	0	0	0	0	0
C00205	1	1	0	1	1	0	0	0	0	0	0	0	0	0	0	1	0	0	0	0
C00206	1	1	1	1	1	1	1	1	1	1	1	1	1	1	1	0	1	0	1	1
C00207	1	1	1	1	1	1	1	1	1	0	1	0	1	1	0	1	0	1	0	0
C00208	1	0	1	0	1	0	0	0	1	0	0	0	0	0	0	0	0	0	1	0
C00209	1	0	1	1	1	0	1	1	0	0	0	0	0	0	0	0	0	0	0	0
C00210	1	1	1	0	1	1	1	1	1	1	0	1	1	0	0	0	0	0	0	0
C00211	1	1	1	1	0	1	0	1	0	1	1	1	1	0	0	1	1	1	0	0
C00212	1	1	1	1	0	1	1	0	0	1	1	0	0	0	0	1	0	0	0	0
C00213	1	1	1	0	0	1	1	1	1	1	1	1	0	1	1	1	0	0	0	0
C00214	1	0	1	1	1	0	0	0	1	0	0	0	1	0	0	0	0	0	0	0
C00215	1	1	1	1	0	1	1	1	1	1	1	1	1	1	0	0	0	0	0	0
C00216	1	1	1	1	0	0	0	0	0	0	0	0	0	0	0	0	0	0	0	0
C00217	1	0	1	0	1	1	1	0	1	0	0	0	0	0	0	1	1	0	0	0
C00218	0	1	0	1	0	0	0	1	1	0	0	1	0	0	0	0	0	0	0	0
C00219	0	1	1	1	0	0	0	1	0	1	0	1	0	0	0	0	0	0	0	0
C00220	1	1	1	1	1	0	1	0	1	1	0	0	0	0	0	0	0	0	0	0
C00221	0	1	1	0	1	1	1	0	0	0	0	0	0	0	1	0	0	1	0	0
C00222	1	1	1	1	1	0	0	1	1	1	1	1	1	1	1	1	0	1	0	0
C00223	1	1	1	0	1	1	1	1	1	1	0	1	0	0	0	0	0	0	0	0
C00224	1	0	1	0	1	1	0	1	0	0	0	0	0	0	0	0	0	0	0	0
C00225	1	1	0	1	0	1	1	1	0	0	0	0	1	0	0	0	0	0	0	0
C00226	1	0	0	1	1	1	1	1	0	0	0	1	0	0	0	0	0	0	0	0
C00227	0	0	1	1	0	1	1	0	1	0	1	1	0	1	0	0	0	0	0	0
C00228	1	1	1	0	0	0	0	0	1	1	0	0	1	0	0	1	0	0	1	1
C00229	0	1	1	1	1	1	0	0	0	1	1	0	0	0	0	0	1	0	0	0
C00230	1	0	1	0	0	1	1	1	0	0	0	1	0	0	0	0	0	0	0	0
C00231	1	1	1	1	1	1	1	1	1	1	1	1	1	1	0	1	0	1	1	1
C00232	0	1	1	1	1	0	1	1	1	1	1	0	1	0	0	1	0	0	0	0
C00233	1	1	1	1	1	0	0	0	1	1	1	1	1	0	0	0	0	0	0	0
C00234	0	0	0	1	1	1	1	0	1	1	1	0	0	0	0	1	1	0	0	0
C00235	1	1	1	0	1	1	1	1	1	1	0	1	1	1	0	0	1	0	0	0
C00236	0	1	1	1	0	1	0	1	0	1	0	0	1	1	0	0	0	0	0	0
C00237	1	1	1	1	1	1	1	0	1	0	0	1	0	0	0	0	0	0	0	0
C00238	0	0	1	1	1	0	0	1	1	0	0	0	0	0	0	1	0	1	0	0
C00239	1	1	0	1	0	0	1	0	0	0	0	0	0	0	0	0	0	0	0	0
C00240	1	1	0	0	1	1	0	1	1	1	0	0	1	1	0	0	0	0	0	0
C00241	1	0	1	1	1	0	0	0	0	1	0	0	0	1	0	0	0	0	0	0
C00242	0	1	1	0	0	1	1	0	0	0	0	0	0	0	0	0	0	0	0	0
C00243	1	1	1	1	1	1	1	1	1	0	1	0	1	0	1	1	1	0	0	0
C00244	1	1	1	0	1	1	0	0	1	1	0	0	0	0	0	0	0	0	0	0
C00245	1	0	1	1	1	1	1	0	1	1	0	1	0	0	1	0	0	1	0	0
C00246	1	0	0	1	0	1	1	0	1	0	0	0	0	0	0	0	0	0	0	0
C00247	1	1	1	1	1	1	0	1	0	1	0	0	0	0	0	0	0	0	0	0
C00248	1	1	0	1	1	1	1	1	1	0	1	0	1	1	0	1	0	0	0	0
C00249	1	1	1	1	0	1	1	1	0	0	0	0	0	1	0	0	0	0	0	0
C00250	0	0	0	0	1	0	0	0	0	0	0	0	0	0	0	0	0	0	0	0
C00251	0	1	1	1	1	1	1	1	1	0	0	1	0	1	0	0	0	0	0	0
C00252	1	1	1	1	1	0	0	1	0	1	0	0	0	0	1	0	0	0	0	1
C00253	1	1	1	0	1	1	1	1	1	1	0	1	1	1	1	1	0	1	0	0
C00254	1	0	1	0	1	1	1	0	1	1	0	0	0	0	0	0	0	0	0	0
C00255	0	1	1	0	1	1	1	0	1	0	0	0	1	0	0	0	0	0	0	0
C00256	0	1	1	1	0	1	1	0	0	1	1	0	0	0	0	0	0	0	0	0
C00257	0	0	1	1	1	1	1	0	1	1	1	0	0	0	0	0	0	0	0	0
C00258	1	1	0	1	1	1	1	1	1	1	1	1	0	0	0	0	0	0	0	0
C00259	1	1	1	1	1	0	0	1	0	0	1	0	0	0	0	0	0	1	0	1
C00260	1	1	1	1	1	1	0	1	1	1	1	0	1	1	0	0	1	0	0	0
C00261	1	1	1	1	1	1	1	1	1	1	0	0	0	1	0	0	0	1	0	0
C00262	1	0	1	1	1	1	1	1	1	0	1	1	0	1	0	0	0	0	0	0
C00263	1	1	1	1	1	1	1	1	1	1	1	1	1	1	1	1	1	1	1	1
C00264	1	1	1	1	1	1	1	1	1	1	0	1	0	1	0	0	0	1	0	0
C00265	1	1	1	0	1	1	0	0	0	0	0	0	0	0	0	0	0	0	0	0
C00266	1	1	1	1	1	1	1	1	1	1	1	1	1	1	0	0	0	0	0	0
C00267	1	1	0	1	1	1	1	1	1	0	1	1	0	0	1	0	1	0	1	0
C00268	1	1	1	1	1	1	0	0	1	1	1	1	1	0	0	0	0	0	0	0
C00269	1	1	1	1	1	1	1	1	1	0	0	1	0	1	1	1	1	1	0	0
C00270	1	1	1	1	0	1	1	1	0	1	1	1	1	1	0	0	0	0	1	0
C00271	1	1	1	1	1	1	1	1	1	1	0	0	0	0	0	1	0	1	0	0
C00272	1	1	1	0	1	1	1	1	0	0	1	1	1	0	1	0	0	0	0	0
C00273	1	0	1	1	1	1	1	1	0	0	0	1	0	0	0	1	0	0	0	0
C00274	1	1	1	1	1	1	1	1	0	0	0	1	0	0	0	0	0	1	0	0
C00275	1	1	0	1	1	1	1	0	1	0	0	1	0	1	0	0	0	0	0	0
C00276	0	0	1	0	1	1	1	0	1	0	1	0	0	0	0	0	0	0	0	0
C00277	1	0	1	0	0	0	0	0	0	0	1	1	1	0	0	1	0	0	0	0
C00278	1	1	1	0	1	0	0	1	1	0	0	0	1	1	0	0	0	0	1	0
C00279	1	1	1	1	1	0	1	1	1	1	1	1	1	1	0	1	0	1	1	0
C00280	0	1	1	0	1	1	0	1	0	0	0	1	1	1	0	1	0	0	0	0
C00281	0	1	1	1	1	1	0	0	0	1	0	0	0	0	1	0	0	1	0	0
C00282	1	1	1	0	1	0	0	1	0	0	0	0	0	0	0	0	1	0	0	0
C00283	1	1	1	0	0	0	0	0	1	0	0	0	0	0	0	0	1	0	0	0
C00284	1	0	0	1	1	0	0	1	1	0	0	0	1	0	0	0	0	0	0	0
C00285	1	1	1	1	0	1	0	1	0	0	0	0	1	0	0	0	0	0	0	0
C00286	1	0	1	1	0	1	1	1	0	0	0	0	0	0	0	0	0	0	0	0
C00287	0	1	1	1	1	1	0	0	0	0	0	0	0	0	0	0	0	0	0	0
C00288	1	1	1	1	1	1	1	1	1	1	0	1	1	1	1	1	1	0	1	0
C00289	1	1	1	1	1	1	1	1	0	0	0	1	1	0	0	0	1	0	0	0
C00290	1	1	1	1	1	1	1	0	1	1	1	0	0	0	0	0	0	0	0	0
C00291	1	0	0	0	0	1	1	0	1	1	1	0	1	0	0	1	1	1	0	0
C00292	1	0	0	0	1	1	0	1	0	0	0	0	0	1	1	0	0	0	0	0
C00293	1	1	0	0	1	1	1	1	1	0	1	0	1	1	0	0	1	0	0	0
C00294	1	1	0	0	1	0	1	1	0	0	0	0	0	0	0	0	0	0	0	0
C00295	1	1	1	1	1	0	0	1	1	1	1	1	1	1	0	1	1	1	0	0
C00296	1	1	1	0	1	1	1	1	0	0	0	0	1	1	0	0	0	0	1	0
C00297	1	0	1	1	1	0	0	1	0	0	1	0	0	0	0	0	0	0	0	0
C00298	1	1	1	1	0	1	1	1	1	1	1	0	1	1	1	0	1	1	1	0
C00299	0	1	1	1	1	1	1	1	1	1	1	0	1	0	0	1	0	0	0	0
C00300	0	0	1	1	1	1	1	0	1	1	0	0	1	1	0	0	0	0	1	0
C00301	1	1	1	0	1	1	1	1	1	1	0	0	0	0	0	0	0	0	1	0
C00302	1	1	0	0	0	0	0	1	1	0	0	0	0	0	1	0	0	0	0	0
C00303	1	0	1	1	1	1	1	0	1	1	0	1	0	0	1	0	0	0	0	0
C00304	1	1	1	0	1	0	0	1	1	1	0	0	1	1	0	0	0	0	0	0
C00305	0	1	1	0	0	1	0	1	1	0	1	0	0	0	0	0	0	0	0	0
C00306	1	1	0	0	0	0	0	0	0	0	1	0	1	1	0	0	0	0	0	0
C00307	1	1	0	1	0	0	1	0	0	1	1	0	0	0	0	1	0	0	0	0
C00308	1	1	0	1	1	1	1	1	1	1	1	1	0	0	0	0	0	0	1	0
C00309	1	1	1	1	1	1	1	1	0	0	1	0	1	0	0	0	0	0	0	0
C00310	1	0	1	0	1	0	1	0	1	0	0	0	0	0	0	0	0	0	0	0
C00311	1	1	1	1	0	0	1	0	1	0	0	1	0	0	1	0	0	0	0	0
C00312	1	1	1	1	1	1	1	1	1	1	0	1	1	1	0	1	1	0	0	0
C00313	1	1	0	0	1	0	0	0	1	1	1	1	0	0	0	1	0	1	0	0
C00314	1	1	1	0	1	0	1	0	1	0	1	0	1	1	0	0	0	0	0	0
C00315	1	1	1	1	0	1	0	0	0	0	0	1	0	0	0	0	0	0	0	0
C00316	1	1	1	0	0	1	1	0	1	0	0	1	1	0	1	0	0	0	0	0
C00317	0	0	1	0	1	0	1	1	1	0	0	1	0	0	0	0	0	0	0	0
C00318	1	1	0	1	1	1	1	0	0	1	1	0	1	1	1	0	0	1	0	0
C00319	0	1	1	1	1	1	1	0	0	0	0	1	0	1	1	0	0	0	0	0
C00320	0	0	1	0	0	1	0	0	0	0	1	0	0	0	0	0	0	0	0	0
C00321	1	1	1	1	1	0	1	1	1	1	0	0	0	1	0	0	0	0	0	0
C00322	1	1	1	1	1	1	1	1	1	1	1	1	1	1	1	1	1	0	1	1
C00323	1	1	1	1	0	1	1	1	1	0	1	0	0	0	1	0	0	1	0	0
C00324	1	1	1	1	1	1	1	1	1	0	1	0	0	0	1	1	0	1	0	0
C00325	1	1	1	1	0	1	1	1	1	1	1	0	0	1	0	0	0	0	0	0
C00326	1	1	1	1	1	1	1	1	0	1	1	1	1	1	1	0	1	0	0	0
C00327	0	1	0	0	0	1	0	0	0	0	0	0	1	0	0	0	0	0	0	0
C00328	0	0	1	1	1	1	0	0	1	0	1	1	0	1	0	1	1	0	0	0
C00329	1	1	1	0	1	0	1	0	0	1	0	1	0	0	0	0	0	0	0	0
C00330	1	1	1	1	1	1	1	1	1	1	0	1	1	1	0	1	0	0	0	0
C00331	1	1	1	0	0	1	1	0	1	0	0	0	0	0	0	0	0	0	0	0
C00332	1	1	1	1	1	1	1	1	1	1	0	0	0	0	1	0	1	1	0	0
C00333	1	1	1	1	1	1	1	1	1	1	0	0	1	1	0	1	0	1	0	0
C00334	1	0	1	1	1	0	0	0	0	0	1	0	1	1	0	0	0	0	0	0
C00335	0	1	1	1	1	1	1	1	1	0	1	0	1	1	0	1	1	1	0	0
C00336	1	0	1	0	0	1	1	1	1	1	0	1	0	0	0	0	0	0	0	0
C00337	0	1	0	0	0	0	0	0	0	1	0	0	0	0	0	0	1	0	0	0
C00338	1	1	1	1	0	0	0	0	0	0	0	0	0	0	0	0	0	0	0	0
C00339	1	0	1	1	1	0	0	1	1	0	0	1	0	0	0	0	1	0	0	0
C00340	1	1	1	1	1	1	1	0	1	1	1	0	1	1	1	1	0	1	1	1
C00341	0	1	1	1	1	1	1	1	0	1	1	0	1	1	0	0	0	0	0	1
C00342	1	1	1	1	1	1	1	1	1	1	0	0	0	0	1	0	0	0	0	0
C00343	1	1	1	0	1	1	0	1	1	1	1	1	0	0	0	1	0	0	0	0
C00344	1	1	1	1	1	1	0	1	1	0	0	1	0	0	0	0	0	0	0	0
C00345	1	1	1	1	1	1	1	0	0	1	1	1	1	0	0	0	0	0	0	0
C00346	0	1	0	0	1	1	1	1	0	1	1	0	0	0	0	0	0	0	0	0
C00347	0	0	1	1	1	1	1	1	1	1	0	0	1	0	0	0	0	0	0	0
C00348	0	0	0	1	1	1	1	1	1	1	1	1	0	0	0	1	0	0	1	0
C00349	1	0	1	0	0	0	0	0	0	0	0	0	0	0	0	0	0	0	0	0
C00350	1	1	1	1	1	1	1	1	1	1	1	1	1	1	1	0	0	1	0	0
C00351	1	1	1	1	1	1	1	0	1	0	1	1	0	0	0	0	0	0	0	0
C00352	1	1	1	1	1	1	1	1	0	1	1	1	1	1	1	0	0	0	0	0
C00353	0	0	0	1	1	0	0	0	0	0	0	1	1	0	1	1	0	0	0	0
C00354	1	1	1	0	1	1	1	1	1	1	1	1	1	1	1	1	1	1	1	0
C00355	0	1	1	1	0	1	1	1	1	0	1	0	1	0	0	0	1	0	0	0
C00356	1	1	1	1	1	1	1	1	1	1	0	0	1	1	0	0	1	1	0	0
C00357	1	1	1	0	1	1	1	1	0	1	0	0	1	1	0	0	1	1	0	0
C00358	1	1	1	1	1	1	1	0	0	1	0	0	1	1	0	0	1	1	0	1
C00359	0	1	0	1	1	1	0	1	0	1	1	0	0	1	0	0	0	0	0	0
C00360	0	0	1	0	1	0	0	1	0	0	0	0	0	0	0	0	0	0	0	0
C00361	0	0	1	0	1	0	0	0	0	0	1	0	0	0	0	0	0	0	0	0
C00362	1	1	1	0	1	1	1	1	1	1	1	1	0	1	1	0	0	0	0	0
C00363	0	1	1	1	1	1	0	0	0	0	0	1	1	0	0	0	0	0	0	1
C00364	1	1	1	1	0	0	0	1	1	0	1	0	0	0	0	0	0	0	0	0
C00365	1	0	1	1	1	0	0	0	0	1	1	1	0	0	0	0	1	0	0	0
C00366	1	0	1	0	0	0	0	0	0	0	0	0	0	0	0	0	0	0	0	0
C00367	1	0	0	0	0	0	0	0	0	0	0	0	0	0	0	0	0	0	0	0
C00368	1	0	1	0	0	1	1	1	0	1	0	0	0	1	0	0	0	0	0	0
C00369	1	1	0	1	1	1	1	1	0	0	0	1	0	0	1	0	1	0	0	0
C00370	1	1	1	1	0	1	1	0	1	1	1	1	0	0	0	0	0	0	0	1
C00371	1	1	0	0	0	1	1	0	0	0	1	0	0	0	0	0	0	0	0	0
C00372	0	1	0	1	1	1	1	1	1	1	0	0	0	1	1	0	0	0	0	0
C00373	0	1	0	0	1	0	0	0	0	0	0	0	0	0	0	0	0	0	0	0
C00374	0	1	1	1	0	1	1	1	0	1	0	1	0	0	0	1	0	0	0	0
C00375	1	1	1	1	1	1	1	0	1	1	0	0	0	0	0	1	0	1	1	0
C00376	0	0	1	0	0	0	0	0	1	0	1	0	0	0	0	0	0	0	0	0
C00377	1	1	1	1	1	0	1	0	0	0	1	0	0	0	0	0	0	0	0	0
C00378	1	0	1	0	1	0	0	1	1	1	0	0	0	1	0	0	0	0	0	0
C00379	1	1	1	1	1	1	1	1	0	0	0	0	0	0	0	0	0	0	0	0
C00380	0	1	1	1	1	1	1	1	1	1	0	1	0	0	1	0	0	0	1	1
C00381	1	1	1	1	1	1	1	1	0	1	1	1	1	1	1	0	0	0	0	0
C00382	1	1	0	1	0	1	1	1	0	1	0	1	0	0	0	1	0	1	0	0
C00383	0	1	0	1	1	0	0	0	0	0	0	0	0	0	0	0	0	0	0	0
C00384	1	1	1	1	1	1	1	1	1	0	1	1	0	0	0	0	0	1	0	0
C00385	1	0	1	0	0	0	0	0	0	1	0	0	0	0	0	0	0	0	0	0
C00386	1	1	1	1	1	0	1	1	0	1	1	0	1	1	0	0	0	0	0	0
C00387	1	0	0	1	1	1	1	0	1	1	1	1	1	0	1	0	1	1	0	0
C00388	0	1	1	1	1	0	1	1	0	1	0	0	1	1	0	0	1	0	0	0
C00389	1	1	1	1	1	1	1	1	1	0	1	1	1	1	0	1	1	1	1	1
C00390	1	1	1	1	1	1	1	0	1	1	1	0	0	1	0	1	0	0	0	0
C00391	1	0	0	1	1	1	1	1	1	1	1	0	1	1	1	1	1	0	0	1
C00392	1	1	1	1	1	1	1	0	1	1	0	0	0	0	1	1	1	1	1	0
C00393	1	1	1	0	1	1	0	1	1	0	0	0	1	0	0	1	0	0	1	0
C00394	0	1	1	1	1	1	0	0	0	1	0	1	0	0	0	0	0	0	0	0
C00395	1	0	0	0	1	1	1	1	1	0	0	1	0	0	1	0	0	0	0	0
C00396	1	1	1	1	1	1	1	1	1	1	1	1	1	1	0	1	1	1	0	1
C00397	1	1	1	1	1	1	1	0	0	0	0	1	0	0	0	0	1	0	0	0
C00398	0	1	1	1	1	1	1	0	0	1	1	0	0	0	1	0	0	0	0	0
C00399	1	1	1	1	0	0	1	0	1	1	0	0	0	0	1	0	0	0	0	0
C00400	1	1	1	1	1	1	1	1	1	1	0	0	0	0	0	0	0	0	0	1
C00401	1	1	1	1	1	1	0	1	1	0	1	1	0	0	1	0	0	0	1	1
C00402	0	0	1	1	0	0	0	0	1	1	0	1	0	0	0	1	0	0	0	0
C00403	1	1	0	0	1	0	0	0	1	0	1	1	1	1	0	0	0	0	0	0
C00404	0	1	0	1	0	1	1	0	0	0	0	0	0	0	0	0	0	1	0	0
C00405	1	1	1	1	0	1	1	1	1	1	1	1	0	0	0	0	1	0	0	0
C00406	1	0	1	1	0	1	1	1	1	1	1	0	1	0	0	0	0	0	0	0
C00407	1	1	1	1	1	1	1	1	1	0	1	1	1	1	0	0	0	0	1	0
C00408	1	0	0	1	0	0	0	0	1	0	0	0	1	0	0	0	0	0	0	0
C00409	1	0	1	0	1	0	0	1	0	0	0	1	0	0	0	0	0	0	0	0
C00410	1	0	0	0	1	1	1	0	0	0	0	0	0	0	0	0	0	0	0	0
C00411	1	1	1	0	1	0	1	0	1	0	0	0	0	0	0	1	0	0	0	0
C00412	1	1	0	1	0	0	0	0	1	0	1	0	0	0	0	0	0	0	0	0
C00413	1	1	0	0	1	1	1	0	1	1	0	1	1	0	0	1	1	0	0	0
C00414	1	1	1	1	1	1	1	1	1	0	1	0	1	1	1	0	0	1	0	0
C00415	1	0	1	1	1	1	1	1	1	1	1	0	0	0	1	1	1	0	0	1
C00416	1	0	1	1	0	1	1	0	0	0	0	0	0	0	0	0	0	0	0	0
C00417	1	0	1	0	1	0	0	1	0	0	0	0	0	0	0	0	0	0	0	0
C00418	1	1	0	0	1	1	1	0	0	0	0	0	0	0	0	0	0	0	0	0
C00419	0	1	0	0	0	1	0	0	0	0	0	1	0	0	0	1	0	0	0	0
C00420	1	1	1	1	0	1	1	1	0	1	0	1	1	1	0	0	1	0	0	0
C00421	0	0	1	0	1	1	1	0	0	0	0	0	0	0	0	0	0	0	0	0
C00422	0	0	1	1	1	1	1	1	0	0	0	0	0	0	0	0	0	0	0	0
C00423	0	1	1	0	0	0	0	0	1	0	0	0	0	0	0	0	0	0	0	0
C00424	1	1	1	1	1	1	1	1	1	1	1	1	0	1	0	1	0	1	0	0
C00425	0	1	1	0	0	1	1	1	0	1	1	1	0	0	0	0	0	0	1	0
C00426	1	1	0	1	1	1	1	1	1	0	1	1	1	1	1	0	0	1	0	0
C00427	1	1	1	1	1	0	0	0	1	1	0	1	0	0	1	0	0	0	0	0
C00428	0	1	1	1	1	1	1	1	1	0	1	0	0	0	1	0	0	0	1	0
C00429	1	1	1	1	1	1	0	1	0	1	0	0	1	1	0	0	0	1	1	0
C00430	1	1	0	0	0	0	1	0	1	0	1	0	0	0	0	0	1	0	0	0
C00431	0	1	1	1	1	1	1	0	1	0	0	0	1	0	0	0	0	0	0	0
C00432	1	1	1	0	0	0	0	0	1	0	0	0	0	0	0	0	0	0	0	0
C00433	0	1	1	1	1	1	1	1	1	0	1	0	0	0	1	1	0	0	0	0
C00434	1	1	1	0	1	0	1	0	1	1	0	0	0	1	0	0	0	0	0	0
C00435	1	1	1	1	1	0	1	0	1	1	1	0	1	0	0	1	1	0	0	0
C00436	1	0	0	1	0	1	0	1	1	0	0	0	0	0	0	0	0	0	0	0
C00437	1	1	1	1	1	0	0	1	1	0	0	1	1	1	1	0	0	0	0	1
C00438	1	1	1	1	1	0	1	1	0	0	1	1	1	0	1	0	0	0	0	0
C00439	1	1	1	1	1	1	1	1	1	1	1	1	1	1	1	0	1	0	0	0
C00440	1	1	1	1	0	1	1	1	1	1	1	1	1	1	1	0	0	1	0	1
C00441	1	1	1	1	0	0	1	1	0	1	1	0	0	0	0	1	0	1	0	1
C00442	0	1	1	1	0	1	0	0	0	1	0	1	0	1	0	0	0	1	0	0
C00443	1	1	1	0	0	0	1	0	0	0	0	0	0	0	0	0	0	0	0	0
C00444	0	1	1	1	1	1	1	1	1	1	1	0	0	0	1	0	0	0	0	0
C00445	1	1	1	1	1	1	1	1	0	1	1	1	1	1	1	1	1	1	1	1
C00446	0	0	1	0	0	1	0	0	0	1	0	0	0	0	0	0	0	0	0	0
C00447	1	0	1	1	1	0	0	0	1	0	1	1	0	1	0	1	0	0	0	0
C00448	1	0	1	0	0	1	1	0	0	0	0	1	0	0	0	0	0	0	0	0
C00449	1	0	0	0	1	0	0	0	1	0	0	0	0	0	0	0	0	0	0	0
C00450	1	1	1	1	1	0	0	1	0	1	1	1	1	1	1	1	1	0	0	0
C00451	1	1	0	0	1	0	0	0	1	0	0	1	1	0	0	0	1	0	0	0
C00452	0	0	0	0	0	0	0	0	0	1	0	1	0	0	1	0	0	0	0	0
C00453	1	1	1	0	1	1	1	1	1	1	1	1	0	1	0	0	0	1	0	0
C00454	1	0	0	1	1	1	1	0	0	1	0	0	0	0	0	0	0	0	0	0
C00455	1	1	1	1	1	1	1	0	1	1	1	1	0	1	1	1	1	0	0	1
C00456	1	0	0	0	1	1	1	0	0	0	0	0	0	0	0	0	0	0	0	0
C00457	0	1	1	1	1	1	1	1	1	1	1	0	0	1	1	0	1	0	0	1
C00458	1	0	0	1	1	1	0	1	1	0	1	0	0	0	0	0	0	0	0	0
C00459	0	0	1	0	1	0	1	0	1	0	0	0	0	0	0	0	1	0	0	0
C00460	1	1	1	1	1	1	0	1	1	1	1	1	1	1	1	1	1	1	1	1
C00461	1	1	1	1	0	0	1	1	1	0	0	1	0	1	0	1	0	0	0	0
C00462	1	1	1	1	1	1	1	1	0	1	1	1	1	1	1	1	1	0	1	0
C00463	0	1	1	1	1	1	1	1	1	0	1	1	0	0	0	0	1	0	0	0
C00464	1	0	1	1	1	1	1	0	0	1	0	0	0	0	0	0	0	0	0	0
C00465	1	0	0	1	0	0	0	0	0	0	0	0	0	0	0	0	0	0	0	0
C00466	1	1	1	1	1	1	1	1	1	1	1	1	0	0	1	1	0	0	0	1
C00467	1	0	1	1	1	1	1	1	1	0	1	0	0	0	0	0	0	1	0	1
C00468	1	1	1	1	1	0	0	1	1	1	0	1	0	1	0	0	0	0	0	0
C00469	0	1	1	0	0	1	1	1	1	0	0	0	0	0	0	0	0	0	0	0
C00470	1	0	1	1	0	1	1	1	1	1	1	1	1	1	1	0	0	0	0	0
C00471	1	1	1	1	1	1	1	1	1	0	0	1	1	1	1	0	0	0	0	0
C00472	1	1	1	0	1	0	0	0	1	1	1	0	0	0	0	0	0	0	0	0
C00473	1	1	1	1	1	1	1	1	1	1	1	1	1	1	1	1	1	0	1	0
C00474	1	1	1	1	1	1	1	1	1	1	0	1	0	0	0	0	1	0	0	0
C00475	1	1	1	0	0	0	0	0	1	1	1	0	0	0	0	0	0	1	0	0
C00476	1	0	1	1	0	1	1	1	1	1	0	0	0	0	0	0	0	1	0	0
C00477	1	0	1	1	1	0	1	1	0	1	0	1	0	0	0	1	0	0	0	0
C00478	1	1	1	0	1	1	1	0	1	1	1	0	1	1	1	0	0	0	0	0
C00479	0	1	1	1	1	1	1	1	1	1	1	1	1	1	0	1	0	1	1	1
C00480	1	1	1	1	1	0	0	0	1	1	1	1	0	0	0	0	1	0	0	0
C00481	1	1	1	1	0	1	1	1	1	1	1	1	1	0	1	0	1	0	0	0
C00482	1	1	1	0	1	0	0	0	1	0	0	1	0	0	1	0	0	0	0	0
C00483	1	0	1	1	1	1	1	1	1	0	0	0	1	0	1	0	0	0	0	0
C00484	1	1	1	1	0	1	1	0	1	1	0	0	0	0	1	1	0	0	0	0
C00485	1	1	0	0	1	1	1	0	0	1	0	0	0	1	0	0	1	1	0	0
C00486	1	0	0	0	1	0	0	0	0	0	0	0	0	0	0	0	0	0	0	0
C00487	0	0	0	0	0	0	0	1	0	0	0	0	0	0	0	0	0	0	0	0
C00488	1	0	1	0	0	0	1	0	0	0	0	0	0	0	0	1	0	0	0	0
C00489	0	1	1	1	1	1	1	1	0	0	1	0	1	1	0	0	0	0	0	1
C00490	1	1	0	1	0	1	1	0	0	0	0	0	0	0	0	0	0	0	0	0
C00491	1	1	1	1	1	1	1	1	0	0	1	0	0	1	0	1	1	0	1	0
C00492	1	1	0	1	1	1	1	1	1	0	1	0	1	1	1	1	1	1	1	1
C00493	0	1	1	1	1	1	1	1	1	0	1	1	0	0	1	0	0	0	0	0
C00494	1	1	0	0	0	0	0	0	0	0	0	0	1	1	0	0	0	0	0	0
C00495	1	1	1	1	0	0	0	1	0	1	1	0	1	0	0	0	0	0	0	0
C00496	1	1	1	1	1	1	1	0	1	1	1	1	1	1	1	0	0	0	0	0
C00497	1	1	1	1	1	1	1	1	0	0	1	0	1	0	0	0	1	0	0	0
C00498	1	1	1	1	1	0	0	1	1	1	1	1	1	1	0	0	1	0	1	1
C00499	0	0	1	1	1	1	1	0	1	0	0	0	1	1	0	0	0	0	0	0
C00500	1	0	1	1	1	1	1	1	0	0	0	0	0	0	0	0	0	0	0	0
C00501	0	1	1	1	0	0	0	0	0	0	1	0	0	0	0	0	0	0	0	0
C00502	0	0	0	0	0	0	0	0	0	0	0	0	0	0	0	0	0	0	0	0
C00503	1	1	1	1	1	0	0	1	1	0	0	1	0	0	0	0	0	0	0	0
C00504	1	1	1	0	1	1	1	0	1	1	0	1	0	0	0	1	0	0	0	0
C00505	1	1	1	1	1	1	1	1	0	1	0	1	0	0	0	0	0	0	0	0
C00506	0	0	1	1	0	0	0	0	0	0	0	0	0	0	0	0	0	0	0	0
C00507	0	1	1	1	0	0	0	0	1	1	0	0	0	0	0	0	1	0	0	0
C00508	1	1	1	1	0	1	1	1	1	1	1	1	0	0	0	0	1	0	0	0
C00509	1	1	0	0	1	1	1	1	0	0	0	1	0	0	0	0	0	0	0	0
C00510	0	0	0	1	1	1	0	1	1	0	0	0	0	0	0	0	0	0	0	0
C00511	1	1	0	1	0	0	0	1	1	0	0	0	0	0	0	1	0	0	0	0
C00512	0	1	1	1	1	1	1	1	1	0	1	1	1	1	1	0	1	0	0	0
C00513	1	1	1	1	1	0	1	1	1	1	0	1	0	1	0	1	1	1	1	1
C00514	0	1	1	0	0	1	0	0	0	0	1	0	0	0	0	0	0	0	0	0
C00515	1	1	0	0	1	1	1	1	1	0	0	0	0	0	0	0	0	0	0	0
C00516	0	1	1	1	1	1	1	1	1	0	1	1	1	1	0	0	1	1	0	0
C00517	1	1	0	1	0	0	0	0	0	0	0	1	0	0	0	0	0	0	0	0
C00518	1	1	1	0	0	1	1	1	0	0	0	0	0	0	0	0	0	0	0	0
C00519	1	0	1	0	0	0	0	0	1	0	0	1	1	0	0	0	0	1	0	0
C00520	1	1	1	1	1	0	0	0	0	0	0	0	0	0	0	0	0	0	0	0
C00521	1	1	1	1	1	0	0	1	1	1	0	0	1	1	1	0	0	0	1	0
C00522	1	1	1	1	1	1	1	1	0	1	1	0	1	1	1	0	0	0	0	0
C00523	1	0	0	1	0	1	1	0	0	0	0	1	0	0	0	0	0	0	0	0
C00524	1	1	1	1	1	0	1	0	1	1	0	0	1	1	0	0	0	1	0	0
C00525	1	1	0	1	1	0	1	0	1	0	0	0	0	0	1	0	0	0	0	0
C00526	1	1	1	1	1	0	0	0	0	0	0	0	0	0	0	0	0	0	0	0
C00527	0	1	1	1	1	1	0	1	1	1	0	0	0	0	1	0	0	0	0	0
C00528	1	0	1	1	0	1	1	0	0	0	0	0	0	0	0	0	0	0	0	0
C00529	1	0	0	1	0	0	0	0	0	0	0	0	0	0	0	0	0	0	0	0
C00530	0	1	1	1	1	1	1	0	0	0	0	1	0	0	0	1	0	0	0	0
C00531	1	1	0	1	1	1	1	0	1	1	0	0	0	1	0	1	0	0	0	0
C00532	1	1	0	0	1	1	1	1	1	1	1	1	1	1	1	0	1	0	0	0
C00533	1	1	1	0	0	1	0	1	0	0	0	0	0	0	0	0	0	0	0	0
C00534	1	1	1	1	1	1	1	1	1	1	1	1	0	1	0	1	1	1	1	0
C00535	1	0	0	1	0	1	1	0	1	0	1	0	0	0	0	0	0	0	0	0
C00536	1	1	1	1	1	0	0	1	0	1	1	1	1	0	0	0	0	0	0	0
C00537	1	0	1	1	1	1	1	0	1	0	1	1	1	0	1	1	1	1	1	0
C00538	1	1	0	1	1	0	0	1	0	1	0	0	1	1	0	0	1	0	0	0
C00539	1	1	0	1	1	1	0	1	1	1	1	1	1	1	1	1	1	1	1	0
C00540	1	1	1	1	1	1	1	0	1	0	1	1	1	1	1	0	0	0	1	0
C00541	1	1	1	1	1	1	0	1	1	1	1	1	1	1	1	1	0	0	1	0
C00542	0	1	1	1	1	1	1	1	1	1	1	1	0	0	0	1	1	0	0	0
C00543	1	1	1	1	1	1	0	0	1	0	1	0	1	0	0	0	0	0	0	0
C00544	0	1	1	1	1	1	1	1	1	1	0	0	1	1	0	1	0	0	0	0
C00545	1	1	1	1	1	1	1	1	1	1	1	1	1	0	0	1	1	1	0	0
C00546	1	1	0	0	1	1	1	1	0	0	0	0	0	0	0	0	0	0	0	0
C00547	1	1	1	1	1	1	1	1	1	0	0	1	1	1	0	1	0	1	1	0
C00548	1	1	0	1	1	1	1	1	1	1	0	1	1	1	0	1	1	1	0	0
C00549	1	1	1	1	0	1	0	0	0	0	0	0	1	1	0	0	0	0	0	0
C00550	0	1	1	1	1	1	1	1	0	0	0	1	1	1	1	1	0	0	1	0
C00551	1	1	1	1	1	1	1	1	1	0	0	0	1	1	0	1	0	0	0	0
C00552	1	0	0	0	0	0	1	1	0	1	0	0	0	0	0	1	0	0	0	0
C00553	1	1	1	1	0	1	1	1	1	1	1	1	1	1	0	1	0	1	1	0
C00554	1	1	1	1	1	1	1	1	1	1	1	1	1	1	0	1	1	1	1	0
C00555	1	0	0	1	1	1	1	1	1	0	1	1	1	1	1	0	0	0	1	0
C00556	0	1	0	1	0	1	1	1	1	1	0	1	1	0	0	0	0	0	0	1
C00557	1	1	1	1	1	1	1	1	1	1	1	0	1	0	1	1	1	1	1	0
C00558	0	1	1	1	1	0	1	1	1	1	1	0	0	0	0	0	0	0	0	0
C00559	1	1	1	1	1	0	1	1	1	1	0	1	1	1	1	1	1	1	1	0
C00560	1	1	0	1	0	0	0	1	1	0	1	0	0	0	0	0	0	0	0	0
C00561	1	0	1	1	1	1	1	1	1	1	1	1	0	0	1	1	0	1	0	1
C00562	1	1	1	1	1	1	1	1	1	1	1	1	0	0	0	0	0	0	0	0
C00563	0	1	1	0	1	1	1	1	0	0	0	0	0	0	0	0	0	0	0	0
C00564	0	1	0	1	0	0	0	0	0	0	0	0	0	0	0	0	0	0	0	0
C00565	1	1	1	1	1	1	1	1	1	1	1	1	0	1	1	0	1	1	0	1
C00566	1	1	1	1	1	1	1	1	0	1	0	1	0	1	0	0	0	0	1	0
C00567	0	1	1	1	1	1	1	1	1	1	0	0	1	1	0	0	0	0	0	0
C00568	1	0	1	0	1	1	1	0	1	0	0	1	1	0	1	0	0	0	0	0
C00569	1	1	1	1	1	1	1	1	0	0	0	1	1	1	0	0	0	0	0	0
C00570	1	1	1	1	0	1	1	1	1	1	1	0	1	0	0	0	0	1	0	0
C00571	1	1	1	1	1	0	0	1	0	1	0	0	1	0	0	0	1	0	0	0
C00572	0	1	1	0	1	0	1	1	1	1	1	0	1	0	0	0	0	0	0	0
C00573	1	0	1	0	0	1	0	0	0	0	0	0	0	0	0	0	0	0	0	0
C00574	1	1	1	0	1	0	1	0	1	0	0	0	0	0	1	1	0	0	0	0
C00575	1	1	1	1	1	1	1	0	1	1	0	1	1	0	1	0	1	0	0	0
C00576	0	0	0	0	0	0	0	0	1	0	1	1	0	0	0	0	0	0	0	0
C00577	1	1	1	1	1	1	0	0	0	0	0	1	1	1	0	0	0	0	0	0
C00578	1	1	1	1	0	0	1	0	0	1	0	0	0	0	0	0	0	0	0	0
C00579	1	1	1	1	0	0	0	1	0	0	1	1	0	0	0	1	0	0	0	0
C00580	0	1	1	1	0	1	1	1	0	1	1	0	0	0	0	1	0	0	0	0
C00581	0	0	1	1	0	1	1	0	1	0	1	1	1	1	0	0	0	0	0	1
C00582	1	0	1	1	1	1	1	1	0	1	1	1	1	1	1	1	0	1	1	0
C00583	0	1	1	1	0	1	1	1	1	1	1	0	1	1	1	1	0	0	1	1
C00584	1	1	1	1	1	1	1	1	1	1	1	1	1	1	1	1	1	1	1	1
C00585	0	1	0	0	0	1	0	0	0	0	0	0	0	0	0	0	0	0	0	0
C00586	0	1	0	0	0	0	0	0	0	0	0	0	0	0	0	0	0	0	0	0
C00587	1	1	0	1	1	1	1	1	1	1	0	0	1	1	0	0	0	1	1	1
C00588	0	1	0	0	1	1	1	0	0	0	1	0	0	0	1	0	0	0	0	0
C00589	1	1	1	1	1	1	1	1	1	1	0	0	1	1	0	0	0	1	0	0
C00590	1	1	1	1	1	0	1	0	0	0	1	0	0	0	0	0	0	0	0	0
C00591	1	0	1	1	0	1	1	0	1	0	1	0	0	0	0	0	0	0	0	0
C00592	0	1	1	1	1	1	1	1	1	1	1	1	1	1	1	0	0	1	0	0
C00593	1	1	1	1	1	1	1	1	1	1	1	1	1	1	0	0	0	0	0	0
C00594	1	1	1	0	1	1	0	0	0	1	0	0	0	0	0	0	0	0	0	0
C00595	1	1	1	1	1	1	0	0	1	0	1	1	0	0	0	0	1	0	0	0
C00596	1	1	1	1	1	1	1	1	1	1	1	1	1	1	0	0	0	1	0	0
C00597	0	1	0	0	0	0	0	0	1	0	1	0	0	0	0	1	1	0	0	0
C00598	1	1	0	1	0	0	1	1	0	1	1	0	1	0	0	0	0	0	0	0
C00599	1	1	0	0	1	1	0	0	0	1	1	1	1	0	1	1	1	0	1	0
C00600	1	0	1	1	0	1	1	0	1	0	1	1	0	0	0	1	0	0	0	0
C00601	1	1	1	1	0	0	1	1	1	1	1	1	1	0	0	0	0	1	0	1
C00602	1	1	0	1	0	0	0	1	0	0	1	0	0	0	0	0	0	0	0	0
C00603	1	1	1	1	1	1	1	1	1	1	1	1	0	0	1	0	1	1	0	0
C00604	0	1	0	1	1	0	1	1	0	0	0	0	1	1	0	0	0	0	0	0
C00605	1	1	1	1	1	0	0	1	1	1	1	0	0	1	1	0	0	1	0	0
C00606	1	1	1	1	1	1	0	1	0	1	0	1	0	0	0	0	0	0	0	0
C00607	0	0	1	1	0	0	0	0	0	0	1	1	0	0	0	0	0	0	0	0
C00608	1	1	1	1	0	1	0	1	1	0	0	0	1	1	1	0	0	0	0	0
C00609	0	0	1	1	0	1	0	1	1	0	1	1	0	0	0	1	0	0	0	0
C00610	1	0	1	0	1	1	1	0	1	1	1	1	0	0	0	0	0	0	0	0
C00611	1	1	0	0	0	0	0	1	0	0	0	0	0	0	0	0	0	0	0	0
C00612	1	1	1	1	1	1	1	1	1	1	0	1	0	1	1	1	0	1	1	0
C00613	0	1	1	1	1	1	1	0	1	0	0	1	1	0	0	1	0	0	0	0
C00614	1	1	1	1	1	1	1	1	1	1	0	1	1	0	1	0	0	0	0	0
C00615	1	1	1	1	1	0	0	1	1	0	0	0	0	0	1	0	0	0	1	0
C00616	1	1	0	0	0	1	0	0	0	0	0	0	0	1	0	0	0	0	0	0
C00617	1	1	1	1	1	1	1	0	1	1	0	0	0	0	0	0	1	0	0	0
C00618	1	1	1	1	1	0	0	1	0	0	0	0	0	0	0	0	0	0	0	0
C00619	0	1	0	1	1	1	1	1	1	1	0	1	1	1	1	0	0	0	0	0
C00620	1	1	1	0	1	1	1	1	0	1	1	1	1	0	0	0	0	0	0	0
C00621	1	1	1	1	1	1	1	1	1	1	1	1	1	1	1	0	0	1	0	0
C00622	1	0	1	1	1	1	1	1	1	0	0	0	0	0	1	0	0	0	0	0
C00623	1	1	1	1	1	1	1	0	1	1	0	1	1	1	0	0	0	1	0	0
C00624	1	1	1	1	1	1	1	1	1	1	1	1	1	1	0	1	1	1	0	1
C00625	1	1	1	0	0	1	1	1	1	1	1	0	1	1	0	1	1	0	0	0
C00626	1	0	1	0	1	1	1	0	0	1	0	1	1	1	0	0	1	0	0	0
C00627	1	0	1	0	0	0	0	0	0	0	0	0	0	0	0	0	0	0	0	0
C00628	0	0	1	0	0	1	1	1	0	0	1	0	1	1	0	0	1	0	0	0
C00629	1	1	0	1	1	0	0	0	1	0	0	0	0	0	0	0	0	0	0	0
C00630	1	1	1	0	0	0	0	1	1	0	0	0	0	0	0	0	0	0	0	0
C00631	1	1	1	1	1	1	1	1	1	1	1	1	1	1	0	0	1	0	0	0
C00632	0	1	1	1	1	1	1	1	1	1	1	1	1	1	1	1	0	1	0	0
C00633	1	0	1	1	1	1	1	1	1	1	1	1	1	1	1	1	0	0	0	0
C00634	1	1	1	1	1	1	1	0	1	0	0	0	0	0	0	0	0	0	0	0
C00635	1	0	1	1	0	1	1	1	1	1	0	0	0	0	1	0	0	0	0	0
C00636	0	1	1	1	1	1	1	0	0	1	0	1	1	0	1	0	0	1	0	0
C00637	1	1	1	1	1	1	1	1	0	0	0	0	0	0	0	0	0	0	0	0
C00638	1	1	1	0	1	1	1	1	1	1	1	1	1	1	0	1	0	1	1	1
C00639	1	1	1	0	1	1	1	0	1	1	1	0	0	0	0	0	1	0	0	0
C00640	0	1	1	1	0	0	0	0	0	0	0	0	1	0	0	0	0	0	0	0
C00641	0	1	1	1	1	1	1	1	0	1	0	1	0	0	0	0	0	0	1	0
C00642	1	1	0	1	1	1	0	0	0	1	1	1	1	0	0	0	1	0	0	0
C00643	1	1	1	1	1	1	1	0	0	0	0	1	1	1	1	0	0	1	0	0
C00644	1	1	1	1	1	0	1	0	0	1	1	1	1	1	1	1	1	0	0	0
C00645	1	1	0	1	0	0	0	0	1	0	0	0	0	0	0	0	0	0	0	0
C00646	0	1	1	1	0	1	1	1	0	0	0	0	0	0	0	0	0	0	0	0
C00647	1	1	1	0	0	0	1	1	1	1	0	0	0	0	1	1	1	1	0	1
C00648	0	1	1	1	0	1	1	0	0	1	0	0	0	0	0	0	0	0	0	0
C00649	0	1	1	1	0	1	1	0	0	0	0	0	1	1	0	1	0	0	1	0
C00650	0	1	1	1	0	1	0	1	1	1	1	1	0	1	0	0	1	0	0	0
C00651	1	1	1	1	1	1	0	1	1	1	1	0	1	1	0	0	0	0	1	0
C00652	0	1	1	1	1	1	1	1	1	1	1	1	0	1	1	1	0	0	0	0
C00653	1	1	1	1	1	1	1	1	1	0	0	1	0	0	0	0	0	0	0	0
C00654	1	1	1	1	1	1	1	1	0	0	1	1	1	1	0	1	1	0	0	1
C00655	1	1	1	1	1	1	1	1	0	0	0	1	0	0	0	1	0	0	0	0
C00656	0	1	0	1	0	0	0	0	0	0	0	0	0	0	0	0	0	0	0	0
C00657	1	0	0	0	0	1	0	1	0	1	0	1	0	0	0	0	0	0	0	0
C00658	0	0	1	1	1	0	1	0	1	0	1	1	1	0	0	0	1	0	0	0
C00659	1	1	1	1	1	1	1	1	1	1	1	1	1	1	1	1	1	1	1	1
C00660	1	0	1	1	0	1	1	1	1	1	1	0	1	0	1	1	1	0	1	0
C00661	1	0	0	1	1	1	0	0	0	0	0	0	0	0	0	0	0	0	0	0
C00662	0	1	0	1	1	1	1	1	1	1	1	1	0	0	0	0	1	0	0	0
C00663	0	1	1	1	1	1	1	0	1	0	1	0	0	1	0	0	0	0	0	0
C00664	1	1	1	1	1	1	1	1	0	0	0	0	1	0	1	0	0	0	0	0
C00665	1	1	0	0	1	1	1	1	0	1	0	0	0	0	0	0	1	0	0	0
C00666	1	1	1	1	1	1	1	1	1	1	0	0	1	1	0	1	0	0	0	0
C00667	0	1	0	1	1	1	1	0	1	1	0	0	0	1	0	0	0	0	1	0
C00668	1	1	1	1	1	1	1	1	1	1	0	1	0	0	0	1	0	0	0	0
C00669	1	1	1	1	0	0	0	0	0	0	1	0	0	0	1	0	0	0	0	0
C00670	1	1	1	1	1	1	1	1	1	1	1	0	1	1	1	0	0	0	0	0
C00671	1	1	1	1	1	1	1	1	1	0	1	0	0	0	0	1	1	1	0	1
C00672	0	1	1	1	0	0	0	1	0	1	1	0	0	0	0	0	0	0	0	0
C00673	1	1	1	1	0	1	1	1	1	0	1	1	0	0	0	1	0	0	1	0
C00674	1	1	1	1	1	1	1	0	0	1	1	1	0	0	0	0	1	0	0	0
C00675	1	1	1	0	1	1	1	1	0	1	1	1	1	1	1	1	0	1	1	0
C00676	1	1	1	0	1	1	1	1	0	0	1	0	0	0	0	0	1	0	0	0
C00677	1	1	0	1	1	1	1	0	0	1	0	0	0	1	0	0	0	0	0	0
C00678	1	0	1	1	0	0	0	0	0	1	1	1	0	0	0	0	0	0	0	0
C00679	0	1	1	1	0	1	0	0	0	0	0	1	1	1	1	0	0	0	0	0
C00680	1	1	1	1	1	1	1	1	1	1	1	1	1	0	1	1	0	0	0	0
C00681	1	1	1	1	1	1	0	0	1	1	0	0	0	0	0	0	0	0	0	0
C00682	0	0	0	1	0	1	1	0	0	0	0	0	0	0	0	0	1	0	0	0
C00683	1	0	1	0	1	1	0	0	1	1	0	1	0	0	0	0	0	0	0	0
C00684	1	1	1	1	0	1	1	0	0	0	1	0	1	0	0	0	0	0	0	0
C00685	1	1	1	1	1	0	1	0	1	1	0	0	0	0	1	0	0	1	1	0
C00686	1	1	1	1	1	1	1	1	1	1	1	0	1	0	1	0	0	0	0	1
C00687	1	1	1	1	0	1	1	0	0	0	0	0	1	1	0	0	0	0	0	1
C00688	1	1	1	1	1	0	0	1	0	1	0	0	1	0	0	0	0	0	0	0
C00689	1	1	1	0	1	1	1	1	1	0	1	1	1	1	1	0	0	0	1	0
C00690	1	0	0	1	1	1	1	1	1	0	1	0	0	1	0	0	1	0	0	0
C00691	1	1	1	1	0	1	0	0	1	0	0	0	0	1	1	0	1	0	0	0
C00692	1	1	0	1	0	1	1	1	1	1	1	1	0	0	1	0	0	0	0	0
C00693	0	1	1	1	0	0	1	1	1	0	0	0	0	0	0	0	0	1	0	0
C00694	0	1	1	1	1	0	1	0	0	0	0	0	1	0	0	0	0	0	0	0
C00695	1	1	1	1	1	1	1	0	0	1	0	0	0	0	0	1	0	0	0	0
C00696	0	0	1	1	1	0	0	1	1	0	1	1	0	0	0	0	0	0	0	0
C00697	1	1	0	0	1	1	1	1	0	0	0	0	0	0	1	0	0	0	0	0
C00698	1	1	1	1	1	1	1	1	1	1	1	0	1	1	1	1	0	0	0	0
C00699	1	1	1	1	1	1	1	1	1	1	1	1	1	0	1	1	1	0	1	0
C00700	1	1	1	1	1	0	1	1	1	1	1	0	0	0	0	1	0	0	0	0
C00701	1	1	1	1	1	1	1	1	1	0	1	1	1	1	1	0	0	1	1	1
C00702	1	1	1	1	1	1	1	1	1	1	1	0	1	0	1	0	1	1	1	0
C00703	1	1	1	1	1	1	1	0	1	0	1	0	1	0	0	0	0	1	1	0
C00704	1	1	0	0	1	1	1	1	1	1	1	1	0	1	1	1	1	1	0	0
C00705	0	1	1	1	0	1	1	1	1	0	0	0	0	0	0	0	0	0	0	0
C00706	0	0	0	0	1	0	1	1	0	0	0	0	0	0	0	0	0	0	0	0
C00707	1	1	1	1	1	0	0	1	0	0	1	1	0	0	1	0	0	0	0	0
C00708	0	0	0	1	1	1	1	1	0	0	1	0	0	0	1	0	0	0	0	0
C00709	0	1	1	1	1	0	1	1	1	1	1	0	1	1	1	0	0	0	0	0
C00710	0	1	1	1	1	1	1	1	1	1	1	1	1	1	0	1	0	1	0	0
C00711	0	1	0	1	1	0	0	0	0	0	0	0	0	0	0	0	0	0	0	0
C00712	1	1	1	1	1	0	1	0	1	0	1	1	0	0	0	0	0	0	0	0
C00713	1	1	1	1	0	0	0	1	0	0	1	0	0	0	0	0	0	0	0	0
C00714	1	0	1	1	1	0	1	1	1	1	1	1	1	1	0	0	1	0	0	0
C00715	1	1	0	1	1	0	0	0	0	1	1	0	0	0	1	0	0	0	0	0
C00716	1	1	1	0	0	0	0	0	0	0	0	1	0	0	0	0	0	0	0	0
C00717	0	1	1	1	0	1	1	0	0	1	0	0	1	0	1	0	0	1	0	0
C00718	1	0	0	1	1	1	0	0	1	0	1	0	0	0	0	1	0	0	0	0
C00719	1	1	1	1	1	1	1	1	1	1	0	1	1	0	0	0	1	0	0	0
C00720	1	1	0	1	0	1	1	1	1	0	0	0	0	0	0	1	0	0	0	0
C00721	1	1	1	0	1	0	1	1	1	0	1	1	0	1	0	0	1	0	0	0
C00722	1	1	1	1	1	1	1	1	0	1	1	1	0	1	0	0	0	0	0	1
C00723	0	0	1	0	0	1	0	0	0	0	0	0	0	0	0	0	0	0	0	0
C00724	0	1	1	1	1	0	0	0	0	1	0	1	0	0	1	0	0	0	0	0
C00725	0	0	1	1	0	1	1	1	0	1	0	0	0	0	0	1	0	0	0	0
C00726	1	1	1	0	1	1	0	0	1	1	1	1	1	1	0	0	0	0	0	0
C00727	1	0	1	1	1	1	1	0	1	0	0	1	0	0	1	0	1	0	1	0
C00728	1	1	1	1	0	0	0	1	1	0	1	1	0	0	0	0	0	0	0	0
C00729	1	1	1	0	0	1	1	1	0	0	1	0	0	0	0	0	0	0	0	0
C00730	1	1	1	0	0	1	0	1	1	1	0	1	0	0	0	0	0	0	0	0
C00731	0	1	1	1	0	1	1	0	0	1	1	0	1	1	0	0	0	0	0	0
C00732	0	0	1	1	1	1	0	0	0	0	0	0	0	0	0	0	0	0	0	0
C00733	0	1	1	1	0	1	0	1	0	1	0	0	1	0	0	0	0	0	0	0
C00734	1	1	1	1	1	0	1	1	1	1	1	1	1	1	1	1	1	1	1	0
C00735	1	0	1	1	1	0	0	0	0	1	0	0	0	0	0	0	0	0	0	0
C00736	1	1	1	1	1	0	1	0	1	0	0	1	0	0	0	0	0	0	0	0
C00737	1	1	1	1	1	1	1	1	1	0	1	1	0	1	0	1	1	0	0	0
C00738	0	1	0	0	1	0	1	1	1	1	0	1	0	0	0	0	0	0	0	0
C00739	1	0	1	1	1	1	1	0	1	1	1	1	0	1	1	0	1	0	1	0
C00740	0	1	1	1	1	1	0	0	0	0	0	1	0	1	0	0	0	0	0	0
C00741	1	1	0	1	1	1	1	1	0	1	0	0	0	0	0	0	0	0	0	0
C00742	1	1	1	1	1	1	1	1	1	1	0	0	0	1	1	0	1	0	0	0
C00743	0	1	1	1	1	0	1	1	1	1	0	0	0	0	0	0	0	0	1	0
C00744	1	1	1	1	0	1	1	0	1	0	0	0	0	0	0	0	0	0	0	0
C00745	1	0	0	1	1	1	1	0	0	0	0	0	0	1	0	0	0	0	0	0
C00746	0	0	1	0	1	0	1	0	1	0	0	0	0	0	0	0	0	0	0	0
C00747	0	0	1	1	1	1	1	1	1	1	0	1	0	0	0	0	0	0	0	1
C00748	1	1	1	1	1	1	0	0	0	1	0	0	1	1	0	0	0	0	0	0
C00749	1	1	0	1	1	1	1	0	1	1	1	1	1	1	1	0	0	0	0	1
C00750	1	1	1	1	1	1	1	1	1	1	0	1	1	1	1	0	0	0	0	0
C00751	1	1	0	1	1	0	0	0	1	0	0	1	0	0	0	0	0	0	0	0
C00752	1	1	1	1	0	1	1	0	1	0	1	1	0	0	0	1	0	0	0	0
C00753	1	1	1	1	1	1	1	1	1	0	1	0	1	1	1	0	0	0	0	0
C00754	1	1	1	0	1	1	1	0	1	1	1	1	1	0	0	0	0	0	0	0
C00755	1	1	1	1	1	1	1	1	0	1	1	1	1	1	1	1	0	0	1	0
C00756	1	1	1	1	1	1	0	1	1	0	1	0	0	1	0	0	1	0	0	0
C00757	1	1	1	1	1	1	1	1	1	1	0	0	0	0	0	1	1	1	1	0
C00758	1	0	1	1	1	1	0	1	0	1	0	0	1	1	0	0	0	1	0	0
C00759	1	1	1	0	1	1	1	1	1	1	1	0	0	0	0	0	0	0	0	0
C00760	1	1	0	1	1	1	1	0	0	1	1	0	0	0	0	0	0	1	0	0
C00761	1	1	0	0	1	1	1	0	1	1	1	0	1	1	0	0	0	0	0	0
C00762	1	1	1	0	0	0	0	0	1	0	0	0	0	0	1	0	0	0	0	0
C00763	1	1	0	0	0	0	0	0	1	0	0	0	0	0	0	0	0	0	0	0
C00764	1	1	1	1	1	1	1	1	0	1	0	1	0	1	1	0	0	0	1	1
C00765	0	1	1	0	0	1	1	0	1	1	0	0	0	0	0	0	0	0	0	0
C00766	1	0	0	1	1	1	1	0	0	1	1	1	0	0	1	0	0	1	1	0
C00767	0	1	1	1	0	1	0	1	0	1	1	0	1	1	0	0	0	0	0	0
C00768	1	1	1	0	1	1	1	0	1	0	0	0	1	0	0	0	0	0	0	0
C00769	1	1	0	1	1	1	1	0	1	1	0	0	0	0	0	0	0	0	0	0
C00770	1	1	1	1	0	1	0	1	1	1	0	1	1	1	0	0	0	0	0	0
C00771	1	0	0	1	1	1	0	0	1	0	0	0	0	0	0	0	0	0	0	0
C00772	1	0	0	1	0	0	0	0	0	1	0	0	0	0	0	0	0	0	0	0
C00773	1	0	1	1	0	0	0	0	0	0	0	0	0	0	0	0	0	0	0	0
C00774	0	1	1	1	1	0	0	1	1	1	1	0	0	0	0	0	0	0	0	0
C00775	1	1	0	1	1	1	0	1	1	0	1	1	0	1	0	1	0	0	0	0
C00776	1	1	1	1	1	1	1	1	1	1	1	1	0	1	0	0	1	1	1	1
C00777	1	1	0	1	0	0	0	0	1	0	1	1	0	0	0	0	0	0	0	0
C00778	1	1	0	0	0	0	0	1	0	0	0	0	0	0	0	1	0	0	0	0
C00779	1	1	1	1	1	1	1	1	0	0	1	1	0	0	0	0	0	0	0	0
C00780	1	1	0	1	1	1	1	0	0	1	1	1	1	0	0	0	0	1	0	0
C00781	0	0	1	1	1	1	1	0	0	1	1	0	0	0	0	0	0	0	0	0
C00782	1	1	1	1	1	1	1	1	1	0	0	0	0	1	0	1	0	0	0	0
C00783	1	0	1	0	1	1	1	1	1	1	1	1	1	0	1	1	1	0	1	0
C00784	1	1	1	1	1	1	0	1	0	0	0	0	0	0	0	0	0	0	0	0
C00785	1	1	0	1	1	0	0	0	1	1	0	1	1	0	0	0	0	0	0	0
C00786	1	1	1	1	1	1	1	0	1	1	1	1	1	0	0	1	0	0	0	0
C00787	0	0	0	0	0	0	0	0	0	0	0	0	0	0	0	0	0	0	0	0
C00788	1	1	1	1	1	1	1	1	1	1	1	1	1	1	1	0	1	0	0	1
C00789	1	1	1	1	1	1	1	1	1	1	0	1	0	0	0	1	0	0	0	0
C00790	1	1	1	1	1	1	1	1	0	0	0	0	0	0	0	0	0	0	0	0
C00791	1	0	1	0	1	1	1	0	0	0	0	0	1	0	0	0	0	0	0	1
C00792	1	0	1	1	0	0	0	0	1	1	0	0	0	0	0	0	0	0	0	0
C00793	1	1	1	1	1	1	1	1	1	1	1	0	1	0	1	0	1	0	0	0
C00794	1	0	1	1	1	1	1	0	1	0	1	0	1	1	0	1	0	0	0	1
C00795	1	1	0	1	1	0	0	1	0	0	0	0	0	0	0	1	0	0	0	0
C00796	1	1	0	1	1	1	0	1	1	1	1	0	0	0	0	0	0	1	0	0
C00797	1	0	1	1	1	1	0	0	1	0	1	1	1	0	0	0	0	1	0	0
C00798	1	0	1	0	1	1	1	1	1	1	1	0	1	1	0	0	1	0	1	0
C00799	1	1	1	1	1	1	1	1	1	1	1	1	1	1	1	1	1	0	1	1
C00800	0	1	1	0	1	1	1	0	0	0	1	0	0	0	0	0	0	0	0	0
C00801	1	0	1	1	0	0	0	0	0	0	0	0	0	0	0	0	0	0	0	0
C00802	1	1	1	1	1	0	0	0	1	0	1	1	1	1	1	0	0	0	0	0
C00803	1	1	1	1	1	0	0	1	1	0	1	0	1	1	0	0	1	0	0	0
C00804	1	1	0	1	0	0	0	1	0	1	0	0	0	0	0	0	0	0	0	0
C00805	1	1	1	1	1	1	1	1	1	0	1	1	0	1	1	0	1	0	0	0
C00806	1	1	1	1	1	1	0	1	0	0	0	0	0	0	0	0	0	0	0	1
C00807	1	0	1	1	1	1	1	1	1	1	1	1	1	0	0	1	0	0	0	0
C00808	0	1	1	1	1	1	1	0	0	1	0	0	0	0	0	0	0	0	0	0
C00809	1	0	1	1	0	0	0	0	0	0	0	0	1	1	0	0	0	0	0	0
C00810	1	1	1	1	1	0	1	1	1	1	0	0	0	0	0	0	0	0	1	0
C00811	1	1	1	0	0	0	0	0	0	0	0	0	1	0	0	0	0	0	0	0
C00812	0	1	1	1	0	1	1	1	1	0	1	0	0	1	1	0	0	0	0	0
C00813	1	1	1	1	1	0	0	1	0	0	1	0	1	1	0	0	0	0	0	0
C00814	1	1	1	0	0	1	0	1	0	0	0	0	1	0	0	0	0	0	0	0
C00815	1	1	1	0	1	0	1	1	0	0	0	1	0	0	0	0	0	0	0	0
C00816	1	0	0	0	1	1	0	1	1	1	0	0	1	1	1	1	0	0	0	0
C00817	1	0	1	0	0	0	0	0	0	0	0	1	0	0	1	0	0	0	0	0
C00818	1	0	1	0	0	1	1	1	1	0	0	0	0	0	0	0	1	0	0	0
C00819	1	1	1	0	0	0	0	1	0	1	1	1	1	0	0	0	0	0	0	0
C00820	0	1	1	0	1	1	0	0	0	1	1	0	1	1	0	0	0	0	1	0
C00821	1	0	1	1	1	1	1	1	0	1	1	1	1	1	0	0	0	0	0	1
C00822	1	1	1	1	1	1	0	1	1	1	0	0	0	0	0	0	0	0	0	0
C00823	0	0	1	1	0	0	0	0	1	0	0	0	0	0	0	0	0	0	0	0
C00824	0	0	1	1	1	1	1	0	0	1	0	1	0	1	0	1	1	0	0	0
C00825	0	1	1	1	1	0	1	1	0	1	0	1	1	0	0	0	0	0	0	0
C00826	1	1	1	1	1	1	1	1	1	0	1	1	0	0	0	0	1	0	0	0
C00827	1	1	1	1	1	1	1	1	1	0	1	1	0	0	0	1	0	0	0	0
C00828	1	1	1	0	1	1	1	1	0	0	0	1	0	0	1	1	0	0	0	0
C00829	1	1	1	1	1	0	0	1	1	0	0	0	1	1	0	0	0	1	1	0
C00830	0	0	0	0	0	1	0	0	0	0	0	1	1	0	0	0	0	0	0	0
C00831	1	1	1	1	0	1	1	1	1	0	0	1	1	1	1	1	0	0	1	0
C00832	1	1	1	1	1	1	1	1	0	1	1	1	1	1	0	0	0	1	0	0
C00833	1	1	0	0	1	0	0	1	1	1	1	1	0	1	1	0	0	0	0	0
C00834	1	1	0	1	1	1	1	1	1	1	1	1	0	1	0	0	0	0	0	0
C00835	1	1	1	1	1	1	1	1	0	0	0	1	1	0	1	0	0	1	0	0
C00836	1	1	1	1	0	1	1	1	1	1	0	0	1	1	0	0	0	1	0	0
C00837	1	1	1	1	1	1	1	1	0	1	0	0	0	0	0	1	0	0	1	0
C00838	1	1	1	1	1	1	1	1	1	1	1	1	1	1	1	1	1	0	1	0
C00839	1	1	1	1	1	1	1	0	0	0	0	0	0	0	1	0	0	0	0	0
C00840	1	1	1	1	1	1	1	1	1	1	1	1	0	0	0	0	0	0	0	0
C00841	0	1	1	0	0	1	0	1	0	0	0	0	1	1	0	0	0	0	0	0
C00842	0	0	0	0	1	0	1	0	0	1	1	0	0	0	0	0	0	0	0	0
C00843	1	1	0	1	1	0	0	0	1	1	0	0	1	0	0	0	0	0	0	1
C00844	0	1	0	1	1	1	1	1	0	0	0	0	0	0	0	0	0	0	1	0
C00845	1	1	1	1	1	1	0	1	1	1	1	1	1	0	0	1	0	0	1	0
C00846	1	0	1	1	0	1	0	1	0	0	0	0	0	0	0	0	0	0	0	0
C00847	1	1	1	0	1	1	0	1	0	1	1	0	1	1	1	0	0	0	0	0
C00848	1	0	1	1	0	1	0	0	0	0	0	0	1	1	0	0	0	0	0	0
C00849	0	1	1	1	1	1	1	1	1	1	0	1	1	1	1	0	1	1	1	0
C00850	1	1	1	1	1	0	1	1	0	1	1	0	1	1	1	0	0	0	0	0
C00851	1	1	1	1	1	1	1	0	0	1	1	0	1	1	0	0	0	1	0	0
C00852	0	0	1	1	1	1	1	1	1	0	1	1	0	0	0	1	0	0	1	0
C00853	1	1	0	0	1	1	1	1	0	0	0	0	0	0	0	0	0	0	0	0
C00854	1	1	0	1	1	0	1	0	0	1	0	1	0	0	1	0	0	0	0	0
C00855	1	1	1	1	0	1	1	1	0	1	1	0	1	0	1	0	0	0	0	0
C00856	0	1	0	1	0	0	1	1	1	0	1	0	0	0	0	0	0	0	0	0
C00857	1	1	0	1	1	0	0	1	1	1	0	1	0	0	0	0	1	0	0	0
C00858	0	1	1	0	1	1	0	1	0	1	0	0	0	0	0	0	0	0	0	0
C00859	1	1	1	1	1	1	1	1	1	1	1	1	1	1	0	0	0	1	0	0
C00860	1	0	1	1	1	0	0	1	1	0	1	0	0	0	0	0	0	0	0	0
C00861	1	1	1	1	1	1	1	1	1	0	1	1	1	1	0	1	1	1	0	0
C00862	1	1	1	1	1	1	1	0	1	1	1	1	1	1	0	1	1	0	0	0
C00863	1	1	0	0	1	1	1	1	0	1	0	0	0	0	0	0	0	0	0	0
C00864	0	0	0	1	0	1	0	0	1	0	0	0	0	0	0	0	0	0	0	0
C00865	1	1	1	1	1	1	1	1	1	1	0	1	1	1	0	0	0	1	0	1
C00866	1	0	1	0	0	0	0	0	0	0	0	0	0	0	0	0	0	0	0	0
C00867	0	1	1	1	1	0	0	0	0	1	1	1	1	0	0	0	1	1	0	0
C00868	0	1	1	1	1	1	1	1	0	1	1	0	1	1	1	1	1	0	0	0
C00869	1	0	1	0	0	0	0	0	0	1	0	0	0	0	0	0	0	0	0	0
C00870	1	1	1	1	1	0	0	0	0	1	1	0	0	0	0	0	0	0	0	0
C00871	1	1	1	1	1	1	1	1	1	0	0	0	1	1	1	0	0	0	0	0
C00872	0	1	1	1	1	1	1	1	1	1	1	1	0	0	1	1	0	0	1	0
C00873	1	1	0	0	1	1	1	1	0	1	1	1	1	0	0	0	0	0	0	0
C00874	0	0	1	1	1	0	0	1	1	0	0	0	0	0	0	0	0	0	0	0
C00875	1	1	1	1	1	1	1	1	1	0	0	1	1	1	1	0	1	0	1	0
C00876	1	1	1	1	1	0	0	1	0	1	1	0	1	0	1	0	0	0	0	0
C00877	1	1	0	1	1	1	1	1	1	1	0	1	0	1	1	1	1	1	0	0
C00878	1	1	1	1	0	1	1	1	1	1	1	1	1	0	0	0	0	0	0	0
C00879	1	1	1	1	1	1	1	1	0	0	1	0	1	0	0	1	0	0	0	0
C00880	0	1	0	1	0	0	0	1	0	0	0	0	1	0	0	0	0	0	0	0
C00881	1	1	0	1	1	0	0	1	1	0	1	1	0	0	0	1	0	0	0	0
C00882	1	0	0	1	1	0	0	1	0	0	0	0	0	0	0	0	0	1	0	0
C00883	1	1	0	1	1	1	1	1	1	0	1	0	0	0	0	0	0	0	0	0
C00884	1	0	1	1	1	1	1	0	0	1	0	1	1	1	0	0	0	0	0	0
C00885	0	1	1	0	0	0	0	0	1	0	0	0	0	0	0	0	0	0	0	0
C00886	1	1	1	1	1	1	1	1	1	1	0	0	1	1	1	0	1	0	0	0
C00887	1	1	1	1	1	1	1	0	1	1	1	1	1	0	1	0	0	0	0	1
C00888	1	1	1	1	1	1	0	1	1	1	0	1	1	1	0	0	0	0	0	0
C00889	1	1	1	1	1	0	0	1	1	1	1	0	0	0	1	0	0	0	0	0
C00890	1	0	1	1	1	0	0	0	0	0	1	0	0	0	0	0	0	0	0	0
C00891	0	1	1	0	0	0	0	0	0	0	0	0	0	0	0	0	0	0	0	0
C00892	0	1	1	1	1	1	1	1	0	0	1	0	1	0	0	0	0	1	0	0
C00893	0	1	1	1	0	1	1	0	1	1	0	0	0	0	0	0	1	0	0	0
C00894	1	1	1	1	0	1	0	0	0	0	1	0	1	1	0	0	0	0	0	0
C00895	1	0	0	1	0	0	0	1	0	0	0	0	0	1	1	1	0	0	0	1
C00896	1	0	1	0	0	1	0	0	1	0	1	0	0	0	0	0	0	0	0	0
C00897	1	0	1	1	1	1	1	1	0	1	1	1	0	0	0	0	0	0	1	0
C00898	1	1	1	1	0	1	1	1	1	1	1	1	1	1	0	0	0	0	0	0
C00899	1	1	1	1	1	1	0	1	1	1	1	1	0	0	1	0	0	0	1	1
C00900	1	1	1	0	1	1	1	0	1	0	0	0	0	0	0	0	0	0	0	0
C00901	1	1	1	1	1	1	1	0	1	0	0	0	0	0	1	0	1	1	1	0
C00902	1	1	1	1	1	1	1	1	0	1	1	1	0	0	0	0	1	1	0	0
C00903	1	1	1	1	1	1	1	1	0	1	0	0	0	1	0	1	1	1	0	0
C00904	1	0	1	1	1	1	1	0	1	1	1	1	0	1	0	0	0	0	0	1
C00905	1	1	1	1	0	0	0	0	1	0	1	1	0	0	0	0	0	0	0	0
C00906	1	1	1	1	1	1	1	1	1	1	1	1	0	0	0	0	0	0	1	0
C00907	1	1	1	1	0	1	1	1	1	1	1	1	1	1	1	0	0	0	0	0
C00908	1	1	1	0	1	1	0	1	1	1	1	1	1	1	1	1	1	0	1	0
C00909	1	1	0	1	1	1	0	1	0	0	0	0	1	1	0	0	0	0	0	0
C00910	1	1	1	1	1	1	1	0	1	1	0	0	1	0	0	0	0	0	0	1
C00911	1	0	1	1	1	1	1	0	1	0	0	0	1	1	0	0	1	0	0	0
C00912	1	1	1	1	1	1	1	0	0	1	1	0	1	1	0	0	0	0	0	0
C00913	1	1	1	1	1	1	0	1	1	0	0	1	1	0	0	0	0	0	1	0
C00914	1	1	0	1	1	0	1	1	1	0	0	1	1	1	1	0	0	1	0	0
C00915	1	1	0	0	1	0	1	0	0	1	1	0	1	1	1	0	0	0	0	0
C00916	1	1	1	1	1	1	1	1	0	1	1	1	0	0	1	0	0	0	1	0
C00917	1	0	1	1	0	1	1	1	1	1	1	1	1	1	1	0	0	0	0	0
C00918	1	1	1	1	1	1	1	0	1	0	1	0	1	1	1	1	0	0	0	0
C00919	1	1	1	1	1	1	1	0	0	0	1	1	0	0	0	0	0	1	0	0
C00920	1	1	1	0	0	1	1	0	1	1	1	0	1	0	1	1	0	0	0	0
C00921	1	1	1	1	1	1	1	0	1	1	1	0	0	1	0	0	0	0	0	0
C00922	1	0	1	1	1	1	1	0	0	1	0	0	0	0	0	1	0	0	0	0
C00923	0	1	0	0	1	1	1	0	1	0	0	0	0	0	0	1	0	0	0	0
C00924	1	1	1	1	1	1	1	1	0	0	1	1	1	1	0	1	0	1	1	0
C00925	1	0	1	1	1	1	0	0	0	1	0	0	0	0	0	0	0	0	0	0
C00926	1	1	0	1	0	1	1	0	0	0	0	0	0	0	0	0	0	0	0	0
C00927	1	1	1	1	1	1	1	0	1	0	0	0	1	1	0	1	0	0	0	0
C00928	1	0	1	1	1	1	1	1	1	1	1	0	1	1	1	0	0	1	0	0
C00929	1	1	0	1	0	0	0	1	1	0	0	0	1	0	1	0	1	0	0	0
C00930	1	1	1	0	1	0	1	1	1	0	1	1	1	1	1	1	1	0	0	0
C00931	1	1	1	1	1	1	1	1	1	0	0	1	1	1	0	1	0	1	0	1
C00932	0	1	1	1	1	0	0	1	1	0	0	0	0	0	0	0	0	0	0	0
C00933	1	1	1	0	0	0	0	1	0	1	1	0	1	1	0	0	0	0	0	0
C00934	1	1	1	0	1	1	0	1	0	0	0	0	1	1	0	1	0	0	0	0
C00935	1	0	1	1	1	1	1	1	1	1	1	0	0	0	0	0	1	1	0	0
C00936	0	1	1	1	0	1	1	1	1	0	1	0	0	1	0	1	0	0	0	0
C00937	1	1	1	1	0	1	0	0	0	1	1	0	0	0	1	0	0	0	0	0
C00938	1	0	1	0	1	1	1	0	0	1	0	1	1	1	0	1	0	0	0	0
C00939	1	1	1	0	1	1	1	1	1	0	0	0	0	0	0	0	0	0	0	0
C00940	1	1	1	0	1	1	1	1	1	0	0	0	0	0	0	0	0	0	0	0
C00941	1	1	1	1	1	1	0	1	1	0	0	0	0	0	0	0	1	0	0	0
C00942	0	1	0	1	1	0	0	1	0	1	1	0	0	1	0	0	1	0	0	0
C00943	1	0	1	0	1	1	1	1	0	0	0	0	0	0	0	0	0	0	0	0
C00944	1	1	0	1	1	1	0	0	1	1	0	0	1	1	0	0	0	0	0	1
C00945	1	1	1	1	1	1	0	0	0	1	1	0	0	1	0	0	1	0	0	0
C00946	1	1	1	1	1	0	0	1	1	1	1	1	0	0	0	0	0	0	0	0
C00947	1	1	0	1	0	1	1	1	0	1	0	1	0	0	1	1	0	0	0	0
C00948	1	1	1	1	1	1	1	1	1	1	1	1	1	0	0	0	0	1	0	0
C00949	1	1	1	0	0	1	1	1	0	0	1	0	0	0	0	0	0	0	0	0
C00950	1	1	1	1	1	1	1	1	1	1	1	1	1	0	0	1	0	0	0	0
C00951	1	1	1	1	1	1	1	1	1	0	1	1	1	0	0	0	0	1	0	0
C00952	1	1	0	1	1	1	1	0	0	1	0	1	1	0	0	0	0	0	0	0
C00953	0	0	1	0	0	0	0	0	1	0	0	0	0	0	0	0	0	0	0	0
C00954	1	0	1	1	0	0	0	1	1	1	1	1	0	0	0	0	0	0	0	0
C00955	1	0	0	1	0	1	0	1	0	0	0	0	0	0	0	0	0	0	0	0
C00956	1	1	1	1	0	1	1	1	1	1	0	1	0	0	1	0	0	0	1	0
C00957	0	1	1	1	0	1	1	1	1	1	0	0	0	0	0	0	0	0	0	0
C00958	0	0	1	1	0	1	1	1	0	0	0	0	1	1	0	0	0	0	0	0
C00959	1	1	0	1	1	1	0	0	1	1	0	0	1	1	1	0	0	1	0	0
C00960	1	1	1	0	0	0	0	0	0	1	0	0	1	0	1	0	0	0	0	0
C00961	0	0	0	1	0	0	0	0	0	0	0	0	0	0	0	0	0	0	0	0
C00962	0	1	1	1	0	0	1	0	0	1	0	0	0	0	0	0	0	1	0	0
C00963	1	1	0	0	0	0	0	0	0	0	0	0	0	0	0	0	0	0	0	0
C00964	1	1	1	0	1	1	1	0	1	1	1	1	1	1	1	1	1	1	0	0
C00965	1	1	1	1	1	1	1	0	1	0	0	0	1	0	0	0	1	0	0	0
C00966	0	1	1	1	1	1	1	1	1	1	1	1	1	1	1	0	0	1	1	1
C00967	1	1	1	1	1	1	1	1	1	1	1	1	0	1	1	1	0	0	0	0
C00968	0	1	1	1	1	1	1	1	1	1	0	1	1	1	1	0	1	0	0	0
C00969	0	1	1	1	1	0	0	0	0	0	0	0	1	0	0	0	0	0	0	0
C00970	1	1	1	1	1	1	1	0	1	0	1	0	0	0	0	0	0	0	0	0
C00971	1	1	1	0	1	1	1	1	1	1	0	1	0	0	0	0	0	0	0	0
C00972	1	1	1	0	1	0	1	0	0	0	1	1	0	1	0	0	0	0	0	0
C00973	1	1	1	1	0	1	1	1	0	1	1	0	0	0	1	0	0	0	0	0
C00974	1	1	1	1	1	1	1	0	0	1	0	1	0	0	0	0	0	0	0	0
C00975	1	1	0	0	1	0	0	0	0	0	0	0	0	0	0	0	0	0	0	0
C00976	1	1	0	0	1	1	1	1	0	0	1	0	0	0	0	0	0	0	0	0
C00977	0	1	0	0	0	0	0	0	0	0	0	0	0	0	0	0	0	0	0	0
C00978	1	1	1	1	0	0	0	0	1	0	1	1	0	1	0	0	0	0	0	0
C00979	1	0	1	1	1	0	0	1	0	0	0	0	0	0	0	0	0	0	0	0
C00980	1	0	1	1	1	1	1	0	1	1	1	1	1	1	1	0	0	0	0	0
C00981	0	1	1	0	1	1	1	1	1	1	0	1	0	0	1	0	1	1	0	0
C00982	1	1	1	1	0	0	0	1	0	0	0	0	0	0	0	0	0	0	0	0
C00983	1	1	1	1	1	1	1	0	0	0	0	1	1	0	1	0	0	0	0	0
C00984	0	0	0	0	1	0	0	1	0	0	1	0	0	0	0	0	0	0	0	0
C00985	1	1	1	1	1	1	1	0	0	1	0	0	1	0	1	0	0	0	0	0
C00986	1	0	0	1	1	1	0	0	1	0	1	0	1	0	0	0	0	0	0	0
C00987	1	1	1	0	1	1	1	0	1	1	1	0	1	1	0	0	1	0	0	0
C00988	1	0	0	0	0	0	0	0	0	0	0	0	0	0	0	1	0	0	0	0
C00989	0	1	1	1	0	1	1	1	1	0	1	0	0	0	0	0	0	0	0	0
C00990	1	1	1	1	1	1	1	1	1	1	0	1	1	1	0	0	1	0	1	0
C00991	1	1	1	1	0	1	0	0	1	1	1	0	0	0	0	1	0	0	0	0
C00992	1	1	1	1	1	1	1	1	1	1	1	1	0	0	0	1	1	0	0	0
C00993	1	0	1	1	1	0	0	1	0	0	1	0	0	0	0	0	1	0	0	0
C00994	1	1	1	1	0	0	0	0	1	1	0	0	0	0	0	0	1	0	0	0
C00995	1	1	1	1	1	1	1	1	1	0	0	1	0	0	1	0	0	0	0	0
C00996	1	1	1	0	1	1	1	1	1	1	1	0	0	1	0	0	0	0	0	0
C00997	1	1	0	1	0	1	1	1	1	0	1	1	0	0	0	0	1	0	0	0
C00998	1	1	1	1	1	1	1	1	1	0	1	0	1	1	0	1	0	0	0	1
C00999	1	0	0	0	0	0	1	0	0	0	0	0	0	0	0	0	0	0	0	0
C01000	1	1	1	1	0	0	0	0	1	0	1	0	0	0	0	0	0	0	0	0
C01001	1	1	0	1	1	1	0	1	1	1	1	1	1	1	1	0	0	1	0	0
C01002	1	0	0	0	1	0	1	0	0	1	0	0	0	0	0	0	0	0	0	0
C01003	1	0	1	1	0	1	1	1	0	1	0	0	1	1	0	0	0	0	0	0
C01004	1	1	1	1	1	1	1	0	1	1	1	1	0	1	1	1	0	0	0	1
C01005	1	1	1	1	1	1	1	1	1	1	1	1	0	0	1	0	1	0	1	1
C01006	1	1	1	1	1	0	1	1	0	1	1	1	1	1	1	1	0	1	0	1
C01007	0	1	1	0	1	1	0	0	0	0	0	0	0	0	0	0	0	0	0	0
C01008	1	1	0	1	0	0	0	1	0	1	0	0	1	1	0	0	0	0	0	0
C01009	0	1	1	1	1	1	0	0	0	1	1	0	1	1	1	0	0	0	1	0
C01010	1	0	0	1	1	1	0	1	1	1	1	0	1	0	0	1	1	0	1	0
C01011	0	1	0	1	1	1	1	1	1	1	0	0	1	0	1	1	0	0	1	0
C01012	1	0	0	0	1	1	1	0	1	0	0	1	0	0	0	0	0	0	0	0
C01013	1	1	0	0	1	1	1	1	1	1	1	1	1	0	0	1	1	0	0	1
C01014	1	0	1	0	0	1	1	0	0	1	1	1	0	1	0	0	0	0	0	0
C01015	0	1	1	1	1	1	1	1	1	1	0	1	1	0	0	0	1	1	0	0
C01016	1	1	1	0	1	0	1	1	1	1	0	0	1	1	0	0	0	0	0	0
C01017	1	1	1	1	1	1	1	0	0	1	1	0	1	1	0	0	0	0	0	0
C01018	1	1	0	1	0	1	1	1	1	1	1	0	1	1	0	0	0	0	0	0
C01019	1	1	1	1	0	0	0	0	0	1	0	0	0	0	0	0	0	0	0	0
C01020	1	1	1	1	1	0	0	0	1	0	0	0	0	0	0	0	0	1	0	0
C01021	0	0	1	0	0	0	0	1	0	0	0	0	0	0	0	0	0	0	0	0
C01022	1	1	1	1	1	0	1	1	0	1	1	1	1	1	0	1	0	0	0	0
C01023	1	1	1	1	1	1	1	1	1	1	0	1	0	0	1	0	0	1	0	0
C01024	1	1	1	1	1	1	1	1	1	0	0	1	0	0	1	0	0	0	0	0
C01025	0	1	1	0	1	0	0	1	0	0	0	0	0	0	0	0	0	0	0	0
C01026	1	1	1	1	0	1	1	0	1	1	0	1	1	0	0	1	1	0	0	0
C01027	1	1	1	1	0	0	0	1	0	1	0	1	0	1	0	0	0	0	0	0
C01028	1	1	0	1	1	1	1	0	1	0	1	1	0	1	0	0	0	0	0	0
C01029	1	1	1	1	1	1	1	1	1	1	1	1	1	1	0	1	0	1	0	0
C01030	0	1	1	1	1	1	1	0	1	1	1	0	1	1	0	0	0	1	0	0
C01031	1	0	1	1	1	1	1	1	1	1	1	1	1	1	0	0	0	0	1	0
C01032	1	1	0	1	1	1	1	0	0	0	0	1	1	1	1	1	0	0	0	1
C01033	1	0	0	0	1	1	1	1	0	1	0	0	1	0	0	0	1	0	0	0
C01034	1	1	0	1	1	1	1	1	0	0	0	0	1	0	0	0	0	0	0	0
C01035	1	0	1	1	1	0	0	1	0	1	0	0	0	0	0	0	0	0	0	0
C01036	0	1	1	1	0	0	1	1	1	1	1	1	1	0	0	0	0	0	1	0
C01037	1	1	1	1	1	0	1	0	0	1	1	1	1	1	1	1	0	0	0	0
C01038	1	1	1	1	1	1	1	1	0	1	0	1	1	1	1	1	0	0	1	0
C01039	1	1	1	1	1	1	1	1	1	1	1	1	0	0	0	0	0	0	0	1
C01040	1	0	1	1	0	1	1	0	0	1	1	1	0	0	1	0	0	0	0	0
C01041	1	1	1	1	0	1	1	1	1	0	1	1	1	1	1	0	1	0	0	1
C01042	1	1	1	1	0	0	0	0	0	1	0	0	0	0	0	0	0	0	0	0
C01043	1	1	1	1	1	1	1	0	1	0	1	0	1	1	1	1	1	0	1	0
C01044	1	1	1	1	1	1	1	1	1	1	0	1	1	1	1	0	1	1	0	0
C01045	1	0	1	1	1	1	1	1	0	1	0	0	1	0	0	0	0	1	0	0
C01046	0	1	1	1	0	1	0	0	0	0	1	1	0	0	0	0	0	0	0	0
C01047	0	0	1	0	0	1	1	0	1	0	0	0	0	0	0	0	0	0	0	0
C01048	1	0	1	1	1	1	0	1	1	1	1	1	1	0	0	1	1	1	1	0
C01049	1	0	0	0	1	1	1	1	0	0	1	1	0	0	0	0	1	0	0	0
C01050	1	1	1	1	1	1	1	1	1	1	1	1	0	0	1	1	0	1	1	0
C01051	1	1	1	1	0	1	0	1	1	1	0	0	0	0	0	0	0	0	0	0
C01052	0	1	0	0	0	0	0	0	0	0	0	0	0	0	0	0	0	0	0	0
C01053	1	1	1	1	1	0	1	1	1	1	0	0	0	0	0	0	0	0	0	0
C01054	1	1	1	1	1	0	1	1	1	0	1	1	0	0	1	0	0	0	0	0
C01055	1	1	1	1	1	1	0	0	1	1	1	0	1	1	0	0	1	0	0	0
C01056	0	1	1	1	1	1	0	1	0	0	1	0	0	0	0	0	0	0	0	0
C01057	1	0	1	1	1	1	1	1	1	1	1	1	1	1	1	1	1	1	0	1
C01058	1	0	0	0	1	1	0	1	0	0	0	0	0	0	0	1	0	0	0	0
C01059	1	1	1	0	1	1	1	1	1	1	1	1	0	0	1	0	0	0	0	0
C01060	1	1	1	1	1	1	1	1	1	1	0	1	1	1	1	1	0	0	1	0
C01061	1	1	1	1	1	1	1	1	1	1	0	1	1	1	1	1	0	1	0	0
C01062	1	0	1	1	0	1	1	1	1	0	0	0	0	0	1	0	0	0	0	0
C01063	1	1	1	1	1	0	1	1	1	0	0	0	0	0	0	0	0	0	0	0
C01064	1	1	1	1	0	0	0	0	0	0	0	0	0	0	0	0	0	0	0	0
C01065	1	1	1	1	1	1	1	1	1	1	1	0	0	0	1	1	0	1	0	0
C01066	1	1	1	0	1	1	0	1	1	0	1	0	0	0	0	0	0	0	0	0
C01067	1	1	1	1	1	1	1	1	1	1	0	1	1	0	1	1	1	1	0	1
C01068	1	1	1	1	1	1	0	1	1	0	1	0	0	0	0	0	0	0	0	1
C01069	1	1	1	1	0	1	0	1	0	0	1	0	0	0	0	0	0	0	0	0
C01070	1	0	1	1	1	0	1	1	1	0	0	0	0	0	0	1	0	0	0	0
C01071	0	1	0	1	1	1	1	1	1	1	1	0	0	0	1	0	0	0	0	0
C01072	1	1	1	0	1	1	1	1	0	1	0	1	1	1	1	0	0	0	0	0
C01073	1	0	0	1	1	1	1	0	0	1	1	1	1	0	1	0	0	0	0	0
C01074	0	1	1	0	1	1	1	1	1	0	0	1	0	0	1	1	0	0	0	0
C01075	1	1	1	0	1	1	1	1	1	1	1	0	0	0	0	0	0	0	0	0
C01076	1	1	1	0	0	1	1	0	0	0	1	0	0	0	0	1	0	0	0	1
C01077	1	1	1	1	1	0	0	0	1	1	1	1	0	1	1	0	0	0	0	0
C01078	1	1	1	1	1	1	1	1	1	1	1	1	1	1	1	0	0	1	1	0
C01079	1	0	0	1	1	0	0	0	1	0	0	0	0	0	0	0	0	0	0	0
C01080	0	0	0	0	0	0	0	0	0	0	0	0	0	0	0	0	1	0	0	0
C01081	1	1	1	1	0	0	0	1	1	1	1	0	1	0	0	0	0	0	0	0
C01082	1	1	1	0	1	1	1	0	0	0	0	0	0	0	1	0	0	0	0	0
C01083	1	1	1	1	1	0	1	0	1	1	0	1	1	1	1	1	0	0	1	1
C01084	1	1	1	1	1	1	1	1	1	1	0	0	0	0	1	1	0	0	1	0
C01085	1	0	1	1	1	1	1	0	0	0	0	0	0	0	0	0	0	0	0	0
C01086	1	1	1	1	1	1	1	1	0	0	1	1	0	0	1	0	0	0	0	0
C01087	1	1	1	1	1	0	1	0	1	0	0	0	0	0	0	0	0	0	0	0
C01088	1	1	1	1	1	1	1	1	1	1	1	0	1	1	0	1	0	1	0	0
C01089	1	0	0	1	0	1	1	1	1	1	1	1	0	0	0	0	0	0	0	0
C01090	0	1	1	1	1	1	1	1	1	1	1	0	0	1	0	0	0	0	0	0
C01091	1	0	1	1	1	0	0	0	0	0	0	0	1	1	0	0	0	0	0	0
C01092	1	1	1	0	1	0	0	1	1	0	0	0	0	0	0	0	0	0	0	0
C01093	0	0	0	1	0	0	1	0	1	1	1	0	0	0	0	1	0	0	0	0
C01094	0	0	0	0	0	0	0	0	0	0	0	0	0	0	0	0	0	0	0	0
C01095	1	1	1	1	1	1	1	1	0	1	1	1	1	1	1	0	1	1	0	1
C01096	1	1	0	0	1	1	1	1	1	1	0	1	0	0	0	1	0	0	0	0
C01097	1	0	1	0	1	1	0	0	0	0	0	0	0	0	0	1	0	0	0	0
C01098	1	1	0	1	1	0	0	1	0	0	0	0	0	0	0	0	1	0	0	0
C01099	1	1	0	0	0	0	0	1	0	0	0	0	0	0	0	0	0	0	0	0
C01100	1	1	0	1	1	1	1	0	1	1	1	1	0	0	0	0	0	0	0	0
C01101	1	1	1	1	1	1	1	1	1	1	1	1	1	1	1	0	0	1	1	0
C01102	0	0	1	0	0	0	1	0	0	0	1	0	1	0	1	0	0	0	0	0
C01103	1	0	1	1	1	1	1	1	1	1	0	0	1	0	0	1	1	0	0	0
C01104	1	1	1	1	1	1	1	0	1	0	1	1	1	0	0	0	1	0	1	0
C01105	1	1	1	1	1	1	1	1	1	1	0	1	0	0	0	0	0	0	1	0
C01106	0	0	0	1	0	1	1	0	1	1	1	0	0	0	0	0	0	0	0	0
C01107	1	1	1	0	1	1	1	1	1	1	0	1	1	0	0	1	0	0	0	0
C01108	1	1	1	1	1	1	1	1	1	1	1	1	1	1	0	1	0	1	0	0
C01109	0	0	0	0	1	1	0	1	0	0	0	0	0	1	0	0	0	0	0	0
C01110	1	1	1	1	0	1	1	1	1	1	0	1	1	0	0	0	0	0	0	0
C01111	1	1	0	1	0	0	1	0	1	0	1	0	1	1	0	0	0	0	0	1
C01112	1	1	1	0	1	1	1	1	0	1	0	0	1	1	0	1	0	0	1	0
C01113	0	1	0	0	0	0	0	0	1	0	1	0	0	0	0	0	0	0	0	0
C01114	0	1	1	1	1	1	0	0	0	0	0	0	1	0	0	0	0	0	0	0
C01115	1	1	1	0	1	1	0	1	1	1	1	1	1	1	0	0	0	0	0	0
C01116	1	1	1	1	1	1	1	0	1	1	1	0	1	1	1	1	1	0	1	0
C01117	0	1	1	1	1	1	0	1	1	0	0	1	0	0	1	1	0	1	0	0
C01118	0	1	0	1	1	1	1	1	1	1	1	1	0	0	1	0	0	0	0	0
C01119	1	1	1	1	1	1	1	1	1	1	0	1	1	0	1	1	0	0	0	0
C01120	1	0	1	1	1	1	1	0	0	0	0	1	1	1	1	0	1	0	0	0
C01121	1	1	1	1	1	1	1	1	1	1	0	1	0	1	1	1	0	1	0	0
C01122	1	1	1	1	1	0	0	1	1	1	1	1	1	1	1	1	1	1	0	1
C01123	1	1	1	1	1	1	1	1	1	0	1	1	1	1	0	1	1	1	0	0
C01124	1	0	1	1	1	1	0	0	0	1	0	1	1	1	0	0	0	0	0	0
C01125	0	0	0	1	0	0	0	0	0	0	0	0	0	0	0	0	0	0	0	0
C01126	1	1	1	1	1	1	1	1	0	0	0	0	0	0	0	0	0	0	0	0
C01127	1	1	0	1	1	1	1	1	1	1	1	0	0	1	0	1	1	0	0	0
C01128	1	1	1	1	1	1	1	1	1	1	1	1	0	0	1	0	1	1	0	0
C01129	1	0	0	1	0	1	0	0	1	0	0	0	0	0	0	0	1	0	0	0
C01130	0	0	1	1	0	1	1	0	0	0	0	1	0	0	0	0	0	0	0	0
C01131	1	1	1	1	0	1	0	0	0	1	0	0	0	0	0	0	0	0	0	0
C01132	0	0	0	1	1	1	0	1	1	1	1	0	1	1	0	1	0	0	0	0
C01133	1	1	1	0	0	1	1	0	0	0	0	0	0	0	0	0	0	0	0	0
C01134	0	0	0	1	1	1	1	1	0	1	1	0	1	0	0	1	0	0	0	0
C01135	1	0	0	1	1	1	1	0	1	0	0	1	0	0	0	0	0	0	0	0
C01136	0	1	0	1	0	0	0	1	1	0	0	0	0	0	0	0	0	0	0	0
C01137	1	0	0	1	1	1	1	1	1	1	1	0	0	0	1	0	0	0	0	0
C01138	1	0	1	0	0	1	1	0	1	1	0	0	0	1	0	1	0	0	0	0
C01139	1	0	1	0	1	0	1	1	1	0	0	0	0	0	0	0	1	0	0	0
C01140	0	1	0	0	0	1	1	0	0	1	0	0	1	1	1	0	0	0	0	0
C01141	1	0	0	1	1	1	1	0	0	0	1	1	0	0	0	0	0	0	0	0
C01142	1	1	1	1	1	0	1	1	0	1	1	0	0	0	1	0	0	0	0	0
C01143	1	1	1	1	0	1	1	1	1	1	1	1	1	1	0	0	0	1	0	0
C01144	1	0	0	0	1	1	1	1	1	1	1	1	0	0	1	1	0	1	1	0
C01145	1	1	0	0	1	0	0	1	1	0	1	0	1	0	0	0	0	0	0	0
C01146	0	0	0	0	0	1	1	0	0	0	0	0	0	0	0	1	0	0	0	0
C01147	0	1	1	1	0	1	1	1	1	1	1	1	1	1	1	1	1	0	0	0
C01148	1	0	0	1	1	0	0	0	0	0	1	0	1	0	1	0	0	0	0	0
C01149	0	0	1	1	1	0	1	0	0	0	0	1	1	1	1	0	1	0	0	0
C01150	0	0	0	0	0	0	0	0	0	0	0	0	0	0	0	0	0	0	0	0
C01151	1	1	0	1	0	1	1	1	1	1	1	0	1	1	0	0	0	0	0	0
C01152	1	0	1	1	1	1	1	1	0	0	0	0	1	1	0	0	1	0	1	0
C01153	1	1	1	0	1	1	0	1	1	1	1	0	1	0	0	0	0	0	0	0
C01154	1	1	0	1	1	1	1	1	0	0	0	1	1	1	0	1	1	0	0	0
C01155	1	1	1	1	1	1	1	0	1	1	0	1	1	0	1	0	0	0	1	0
C01156	1	0	1	0	0	1	1	0	0	0	1	0	0	0	0	0	0	0	0	0
C01157	1	1	0	0	0	0	0	1	0	1	0	0	0	0	0	0	0	0	0	0
C01158	1	1	1	1	0	1	1	0	1	0	0	1	1	0	0	1	0	0	0	0
C01159	1	0	0	0	0	0	1	1	1	1	0	0	0	0	0	0	0	0	0	0
C01160	0	1	0	0	1	1	0	0	0	1	0	0	0	0	0	0	0	0	0	0
C01161	1	1	1	1	1	1	1	1	1	1	0	1	1	1	0	0	0	1	0	0
C01162	0	1	0	0	0	1	1	0	0	1	0	0	0	1	0	0	0	0	0	0
C01163	1	1	1	0	1	0	0	0	1	1	1	0	1	1	0	0	0	0	0	0
C01164	1	1	1	1	0	1	1	1	1	1	0	1	0	0	0	0	0	0	0	0
C01165	1	1	1	1	1	1	1	1	1	1	1	0	0	0	0	0	1	0	0	0
C01166	1	0	1	1	1	1	0	1	1	1	1	1	0	0	1	0	0	1	0	0
C01167	1	1	1	1	1	1	1	1	0	1	1	1	1	1	0	1	0	0	1	0
C01168	1	1	1	0	1	0	0	0	1	0	0	1	0	0	0	0	0	0	0	0
C01169	0	1	1	1	1	1	1	1	1	1	1	1	0	0	0	1	1	1	1	0
C01170	1	1	1	1	0	1	1	1	0	0	0	0	0	0	1	0	0	0	0	0
C01171	1	1	1	1	1	1	1	0	1	1	1	0	1	0	0	1	0	0	0	0
C01172	0	1	1	1	1	1	0	1	1	0	1	1	1	1	1	1	0	0	0	0
C01173	1	1	1	1	1	1	1	1	1	1	1	1	0	0	0	0	0	0	0	0
C01174	0	1	1	1	1	1	1	1	0	1	1	0	0	1	0	0	0	0	0	0
C01175	1	1	1	1	1	1	1	0	0	1	0	0	0	0	1	0	1	0	0	0
C01176	1	1	1	0	0	1	1	1	0	0	1	0	0	0	1	0	0	0	0	0
C01177	1	0	1	1	1	1	1	1	0	0	0	0	0	0	1	1	1	1	0	0
C01178	0	0	0	1	0	0	0	1	0	0	0	0	1	0	0	0	0	0	0	0
C01179	1	1	1	1	0	0	0	1	1	1	1	0	1	1	0	0	0	0	0	0
C01180	1	1	1	1	1	1	0	1	1	0	1	1	1	1	1	0	0	0	1	1
C01181	1	0	1	0	1	1	1	1	1	1	1	0	0	0	0	0	0	0	0	0
C01182	1	1	1	1	1	1	1	1	0	0	0	1	1	0	0	0	0	0	0	0
C01183	1	1	1	1	1	1	1	1	1	0	1	0	1	1	0	0	1	0	1	0
C01184	1	1	0	0	1	1	1	0	0	1	1	1	0	1	0	0	0	0	0	0
C01185	1	1	1	1	0	1	1	0	0	0	1	1	0	0	1	0	0	0	0	0
C01186	1	1	1	1	0	0	0	0	0	1	0	0	0	0	0	1	0	0	0	0
C01187	1	1	1	0	0	0	0	1	0	0	0	0	0	1	0	0	0	0	0	0
C01188	1	1	1	1	1	1	1	1	1	0	1	1	1	1	0	0	1	0	0	0
C01189	1	0	1	1	1	1	1	0	0	1	0	1	0	1	0	0	0	0	0	0
C01190	0	1	1	1	1	0	1	1	0	0	1	0	0	1	1	0	0	0	0	0
C01191	1	1	0	1	0	1	1	1	0	1	0	0	0	0	0	0	0	0	0	0
C01192	1	1	1	1	1	1	1	1	1	1	1	1	1	1	1	1	0	0	0	0
C01193	1	0	0	1	0	0	0	0	0	0	0	0	0	0	0	0	0	0	0	0
C01194	0	1	1	0	0	1	0	1	0	0	0	1	0	0	0	0	0	0	0	0
C01195	1	1	0	1	1	0	0	1	0	0	0	0	1	1	0	0	0	0	0	0
C01196	1	1	1	1	0	1	1	0	0	0	1	0	0	1	0	1	0	0	0	0
C01197	1	1	0	1	1	0	0	1	1	0	0	1	0	0	0	0	0	0	0	1
C01198	0	1	0	1	0	1	0	1	1	0	1	0	0	1	0	1	0	0	0	0
C01199	1	1	1	1	1	1	0	0	1	1	0	1	0	0	0	0	0	0	0	0
C01200	1	1	1	1	0	0	1	1	0	0	0	1	0	0	0	0	0	1	0	0
C01201	1	1	1	1	0	1	1	1	0	1	1	0	0	1	0	1	0	0	1	0
C01202	1	0	0	0	0	0	0	0	0	0	0	0	0	0	0	0	0	0	0	0
C01203	1	1	0	0	1	0	1	0	0	0	1	0	1	1	0	0	0	0	0	0
C01204	0	1	1	0	0	1	1	1	1	1	1	1	0	0	1	0	1	1	0	0
C01205	0	0	1	0	1	0	0	1	0	1	1	0	1	0	0	0	0	0	0	0
C01206	1	1	1	1	1	0	0	0	1	0	1	1	0	0	0	0	0	0	0	0
C01207	1	1	1	1	1	1	1	1	1	1	1	1	0	0	1	1	0	0	1	0
C01208	1	1	1	1	1	1	0	0	1	1	0	0	1	0	1	0	0	0	0	0
C01209	1	1	1	1	1	0	1	1	1	1	1	0	1	1	0	0	0	0	1	0
C01210	1	1	1	1	1	1	1	1	0	1	0	0	0	0	0	0	0	0	0	0
C01211	0	1	1	1	0	1	1	1	1	0	1	1	1	1	1	1	0	0	0	1
C01212	0	1	1	1	1	1	1	1	1	0	1	1	0	0	0	0	0	0	0	0
C01213	0	0	1	0	1	0	1	0	0	0	0	0	1	1	0	1	0	0	0	0
C01214	1	1	1	1	1	1	1	0	1	0	0	1	0	1	0	1	0	1	0	1
C01215	1	0	0	1	0	0	0	0	0	0	0	0	0	1	0	0	0	0	0	0
C01216	1	1	1	1	0	1	1	1	1	1	1	1	0	1	0	0	0	0	1	1
C01217	0	1	0	1	1	0	0	1	1	0	0	0	0	0	0	0	0	0	0	0
C01218	0	1	1	1	1	1	0	1	1	0	1	0	0	0	1	0	1	0	0	1
C01219	1	0	1	1	1	1	1	1	0	0	0	0	0	0	0	0	0	0	0	0
C01220	1	1	1	1	0	1	0	1	0	0	0	0	0	0	0	0	0	0	0	0
C01221	1	1	1	1	1	1	1	0	0	1	1	1	0	1	0	1	0	1	0	0
C01222	1	1	0	0	0	0	0	0	1	0	0	0	0	0	0	0	0	0	0	0
C01223	1	1	1	1	1	1	1	1	0	0	0	1	0	0	0	1	0	0	0	0
C01224	1	1	1	0	1	1	1	1	0	0	0	1	1	1	0	0	1	0	0	0
C01225	1	1	1	0	1	1	1	1	1	1	0	1	1	1	0	1	0	1	0	0
C01226	1	1	1	1	1	1	1	0	1	0	0	0	1	0	0	0	0	0	0	0
C01227	0	0	0	1	0	1	1	0	1	1	0	0	0	0	0	0	0	0	0	0
C01228	1	1	1	1	1	1	0	1	1	0	0	1	1	0	0	0	0	0	0	0
C01229	0	0	1	1	0	0	0	0	0	0	1	0	0	0	0	0	0	0	0	0
C01230	0	1	1	1	1	1	0	0	1	1	1	0	0	0	1	0	1	0	0	0
C01231	1	0	1	1	1	0	0	1	0	0	0	0	0	0	0	0	0	0	0	0
C01232	0	0	1	1	1	0	0	0	0	0	0	0	0	1	0	0	0	0	0	0
C01233	0	0	1	0	1	1	1	1	0	0	0	0	0	0	0	1	0	0	0	0
C01234	1	1	1	1	1	1	1	1	1	1	1	1	1	1	1	1	1	0	1	1
C01235	1	1	0	1	1	1	1	0	1	0	1	1	1	1	1	1	1	0	0	1
C01236	1	1	1	1	1	1	1	1	1	1	1	1	1	0	1	0	1	0	1	0
C01237	1	1	1	1	1	1	1	1	1	1	1	1	1	1	1	1	1	0	1	0
C01238	1	0	0	1	0	1	1	1	0	0	0	0	0	0	0	1	0	0	0	0
C01239	0	1	0	1	1	0	0	1	0	1	1	0	0	0	0	0	0	0	0	0
C01240	1	1	1	0	1	1	1	0	1	0	1	1	0	0	0	1	0	0	0	0
C01241	1	0	1	1	1	1	0	1	1	1	0	1	0	0	0	1	0	0	0	0
C01242	1	1	1	1	1	1	1	0	0	0	0	1	0	0	1	0	0	0	0	0
C01243	1	1	1	1	1	1	1	1	1	1	0	0	0	1	0	0	0	0	0	0
C01244	1	1	1	1	1	0	0	0	0	0	1	0	0	0	0	0	0	0	0	0
C01245	0	1	1	1	1	0	0	0	0	0	0	0	0	0	0	0	0	0	0	0
C01246	0	1	1	1	0	1	0	0	0	0	1	0	1	0	0	0	0	0	0	0
C01247	1	1	0	1	1	1	1	1	0	1	0	0	0	0	1	1	0	0	0	0
C01248	0	1	0	1	1	1	1	1	0	1	0	1	0	0	1	1	0	0	0	0
C01249	1	1	1	0	1	0	0	0	0	1	0	0	0	0	0	0	0	0	0	0
C01250	1	0	1	0	1	1	1	1	0	0	1	0	0	1	0	0	1	0	1	0
C01251	1	1	0	1	1	1	1	1	1	1	1	1	1	1	1	1	0	0	1	0
C01252	1	1	0	1	0	0	1	0	1	1	0	0	0	0	0	0	0	0	0	0
C01253	1	1	1	1	0	1	1	1	1	1	0	1	1	1	1	1	1	0	0	0
C01254	0	1	0	1	1	1	1	1	0	0	0	1	1	0	0	0	0	0	0	0
C01255	1	0	1	1	0	1	1	0	0	0	0	0	1	0	0	0	0	0	0	0
C01256	0	1	1	1	0	1	0	1	1	1	0	0	0	1	0	1	0	0	0	0
C01257	1	0	1	1	1	0	0	0	0	1	1	0	0	0	0	1	1	0	0	0
C01258	0	1	1	1	1	1	1	1	1	0	1	1	1	1	0	0	0	1	0	0
C01259	1	1	1	1	1	1	0	1	1	1	1	1	1	0	0	0	1	0	0	0
C01260	1	1	1	1	1	1	1	1	1	1	0	0	1	0	1	0	0	1	0	0
C01261	0	0	0	0	0	0	0	0	1	0	1	0	1	0	0	0	0	0	1	0
C01262	1	1	1	1	1	1	1	1	1	1	1	1	0	0	0	1	0	0	0	0
C01263	1	1	1	1	1	1	1	1	1	1	1	1	0	1	1	0	0	0	0	0
C01264	0	1	0	0	1	1	1	1	0	0	0	0	0	0	0	0	0	0	0	0
C01265	1	1	1	1	1	1	1	0	0	0	0	0	0	0	0	1	0	0	0	0
C01266	1	1	1	1	1	1	1	1	1	1	0	1	1	0	1	1	1	1	0	1
C01267	1	1	1	1	1	0	0	1	0	0	0	1	1	0	1	1	0	1	0	0
C01268	1	1	1	1	1	1	1	1	0	0	0	1	1	1	0	0	1	0	0	0
C01269	1	0	1	1	1	0	0	0	1	0	1	0	0	0	0	1	0	0	0	0
C01270	1	1	1	0	1	0	1	1	0	1	1	0	1	1	1	0	1	0	0	0
C01271	1	1	1	1	1	1	1	0	1	0	1	1	0	1	1	0	1	0	1	0
C01272	1	1	1	1	1	1	1	1	0	1	1	0	0	1	0	0	0	0	0	0
C01273	0	1	1	1	1	1	1	1	0	1	1	1	0	0	1	0	0	0	0	0
C01274	1	1	1	1	0	1	0	1	1	0	1	1	0	1	0	1	0	0	0	0
C01275	0	1	0	1	1	0	0	0	0	0	0	0	0	0	0	0	0	0	0	0
C01276	1	1	0	0	1	0	1	1	0	1	0	0	0	0	0	0	1	0	0	0
C01277	1	1	1	1	1	1	1	1	1	1	1	0	1	1	0	0	0	0	0	0
C01278	0	0	1	0	0	0	0	0	0	1	0	0	0	0	0	0	0	0	0	0
C01279	1	1	1	1	1	1	1	1	1	1	0	0	1	0	0	0	1	0	0	0
C01280	1	1	0	1	1	0	0	0	1	1	1	0	1	0	0	0	0	1	0	0
C01281	1	1	1	1	1	1	1	1	0	1	0	0	1	1	0	0	0	0	0	0
C01282	0	1	0	1	0	0	0	0	0	0	0	0	0	0	0	0	0	0	0	0
C01283	1	1	1	1	0	1	1	1	1	0	1	1	1	1	1	0	1	0	0	0
C01284	1	1	1	1	1	1	1	1	1	1	0	1	1	1	1	0	0	1	0	0
C01285	1	1	1	1	0	1	1	0	1	0	1	0	0	0	0	0	0	0	1	0
C01286	1	1	0	0	0	1	0	1	0	0	0	0	0	0	0	0	0	0	0	0
C01287	1	1	1	1	1	1	1	1	0	0	1	0	1	1	0	0	0	1	1	0
C01288	0	1	1	1	1	1	1	1	0	1	1	0	1	0	0	1	1	0	0	1
C01289	1	1	1	1	1	1	1	1	1	0	1	1	1	1	1	0	0	0	0	0
C01290	0	1	1	1	1	1	1	1	1	1	1	1	1	1	0	0	1	0	0	0
C01291	0	1	1	1	1	1	1	0	1	1	1	0	0	1	1	0	0	1	0	0
C01292	1	1	1	1	1	1	1	1	1	1	1	1	1	1	0	1	0	1	0	0
C01293	1	1	1	0	1	1	1	0	0	0	0	0	0	0	0	0	0	0	0	0
C01294	1	1	1	1	1	1	1	1	0	0	0	0	1	1	0	0	0	0	0	0
C01295	0	0	1	1	1	1	1	1	1	1	0	0	0	0	1	0	0	0	0	0
C01296	1	1	0	0	0	0	0	0	0	0	1	0	0	0	0	0	0	0	0	0
C01297	1	1	1	1	0	0	1	0	1	1	0	0	0	0	0	0	0	0	0	0
C01298	1	1	1	1	1	1	1	0	1	1	1	0	1	1	0	0	0	0	0	0
C01299	1	0	1	1	1	1	0	1	1	1	0	1	0	0	0	0	0	0	0	0
C01300	1	0	0	0	1	1	1	1	0	0	0	0	1	0	0	0	0	0	0	0
C01301	0	0	0	1	1	0	0	0	0	1	0	0	0	0	0	0	1	0	0	0
C01302	1	1	1	1	1	1	1	1	1	1	1	0	1	0	1	1	0	0	0	0
C01303	0	0	1	0	1	1	0	0	0	0	0	0	0	0	1	0	0	0	0	0
C01304	1	1	0	1	1	1	1	1	1	0	0	1	1	1	0	1	0	1	0	0
C01305	1	1	1	1	1	1	1	0	1	0	0	0	0	1	0	1	0	0	0	0
C01306	1	1	1	0	0	1	1	0	0	1	0	0	0	0	0	0	0	0	0	0
C01307	1	1	1	1	0	0	1	1	1	0	0	0	0	0	0	0	0	0	0	0
C01308	1	1	0	0	1	0	0	1	1	1	0	0	0	0	1	0	0	0	0	0
C01309	0	1	1	1	0	1	1	0	0	1	1	0	1	1	0	1	0	0	0	1
C01310	1	1	1	1	1	1	1	0	1	1	0	1	1	1	1	1	1	1	0	0
C01311	0	1	1	0	1	1	0	1	0	0	0	0	1	0	0	0	0	0	0	0
C01312	0	1	0	0	0	0	1	0	0	0	1	0	0	0	0	0	0	0	0	0
C01313	0	0	1	1	0	0	0	0	0	0	0	0	0	0	1	0	0	0	0	0
C01314	1	1	1	0	1	1	1	1	1	1	0	1	0	1	1	0	1	0	0	0
C01315	1	1	1	0	1	1	1	1	1	0	1	0	0	0	0	1	1	0	1	0
C01316	1	1	1	1	0	1	1	1	1	1	1	1	0	0	0	1	1	1	0	0
C01317	0	1	1	0	0	0	0	0	0	0	0	0	0	0	0	0	0	0	0	0
C01318	1	1	1	1	1	1	1	0	1	0	1	1	1	1	0	0	1	0	0	1
C01319	1	1	1	0	0	1	1	1	0	1	1	1	0	1	0	0	0	0	0	0
C01320	0	1	1	1	1	1	0	1	0	1	1	1	0	0	0	0	0	0	0	1
C01321	1	1	1	1	1	0	0	0	1	1	1	1	0	0	1	1	0	0	0	0
C01322	1	1	1	1	1	1	0	1	0	0	1	0	1	0	0	0	0	1	0	1
C01323	1	1	1	1	0	1	1	1	1	1	1	1	1	0	1	1	0	1	0	0
C01324	0	1	1	1	1	1	1	1	0	1	0	1	0	0	1	0	1	0	0	0
C01325	1	1	0	1	1	1	1	0	0	0	0	0	1	0	0	0	0	1	0	0
C01326	1	1	1	1	0	0	1	1	0	1	1	1	0	0	0	1	0	0	0	0
C01327	1	1	1	0	0	0	1	0	0	0	0	0	0	0	0	0	0	0	0	0
C01328	1	0	0	1	1	1	1	1	0	0	0	1	1	0	0	0	0	0	0	0
C01329	1	1	1	1	1	1	1	0	1	1	1	1	1	1	0	1	0	1	1	1
C01330	1	1	0	0	0	1	1	0	0	0	1	1	0	0	1	0	1	0	0	0
C01331	1	1	0	1	1	0	0	1	1	1	0	0	0	1	0	0	0	1	0	0
C01332	1	1	1	0	1	1	1	1	1	1	0	0	0	0	0	0	1	0	0	0
C01333	0	0	0	0	1	0	0	0	0	1	0	0	0	0	0	0	0	0	0	0
C01334	0	0	1	1	0	1	1	0	0	0	0	0	0	0	0	0	0	0	0	0
C01335	0	1	1	1	0	1	0	1	0	1	1	0	0	0	0	0	0	0	0	0
C01336	1	0	1	1	1	0	0	1	1	1	0	1	0	0	0	0	0	0	0	0
C01337	1	1	1	0	1	1	1	1	1	0	0	0	0	1	0	0	1	0	0	0
C01338	1	0	0	1	1	0	0	0	0	0	0	0	0	0	0	1	0	0	0	0
C01339	1	1	1	1	1	1	0	1	0	1	1	0	0	0	0	0	0	0	0	0
C01340	1	1	1	0	0	0	0	0	0	0	0	0	0	0	0	0	0	0	0	0
C01341	0	1	1	1	1	1	0	1	1	1	0	1	0	0	0	0	0	0	0	0
C01342	0	1	1	0	0	1	0	0	1	0	0	0	0	0	0	0	0	1	0	0
C01343	0	1	1	1	1	0	0	1	0	0	0	1	0	0	0	0	0	0	0	0
C01344	1	1	1	1	0	1	1	1	1	1	1	0	1	1	1	1	1	0	0	0
C01345	1	1	1	1	1	0	1	0	1	0	0	0	0	0	0	0	0	0	0	0
C01346	1	1	0	0	0	0	0	0	0	0	0	0	0	0	0	0	1	0	0	0
C01347	1	1	1	1	1	1	1	1	1	1	1	0	1	1	0	1	1	1	1	1
C01348	0	1	1	0	1	1	0	0	0	0	0	0	1	0	0	0	0	0	0	0
C01349	1	1	1	1	1	1	1	1	1	0	0	0	0	0	0	0	0	0	0	0
C01350	1	1	1	1	1	1	1	1	1	1	1	1	0	0	1	1	1	1	1	0
C01351	0	0	1	0	0	0	0	0	0	0	0	0	0	0	0	0	0	0	0	0
C01352	1	0	1	1	1	1	1	1	1	1	1	1	1	1	0	0	1	1	1	0
C01353	0	0	1	1	0	0	0	1	1	1	0	1	0	0	0	0	0	0	0	0
C01354	1	1	1	0	1	1	0	1	0	1	0	1	0	0	0	0	0	0	0	0
C01355	1	0	1	0	1	1	1	1	1	1	0	0	0	0	1	1	0	1	0	0
C01356	1	1	0	1	1	1	1	1	1	1	1	1	1	1	1	0	0	0	0	0
C01357	1	1	1	0	0	0	1	1	1	0	0	0	1	0	0	0	0	0	1	0
C01358	1	1	1	1	1	1	1	1	0	1	1	0	1	1	1	0	1	1	1	0
C01359	0	1	1	1	1	0	0	0	0	0	0	0	0	0	0	0	0	0	0	0
C01360	1	1	1	1	0	1	1	0	1	0	0	0	0	0	0	0	0	0	0	0
C01361	1	1	1	1	1	1	1	1	1	1	0	1	1	1	1	0	0	0	0	0
C01362	1	1	1	1	1	0	1	1	0	1	1	1	0	1	0	1	0	1	0	0
C01363	1	1	1	0	1	0	1	0	1	1	0	0	0	0	0	0	0	0	0	0
C01364	1	0	0	1	0	0	0	1	0	1	1	0	1	1	0	0	1	0	0	0
C01365	1	1	0	1	0	0	0	0	0	0	1	0	0	0	0	0	0	0	0	0
C01366	1	1	0	0	0	0	0	0	0	1	0	0	1	0	1	0	0	0	0	0
C01367	1	1	0	1	1	1	1	1	1	1	1	1	0	0	0	0	0	0	0	0
C01368	1	1	0	0	1	1	1	1	1	1	1	0	1	1	1	0	0	0	0	0
C01369	1	1	1	1	1	1	1	1	1	0	1	0	1	0	0	1	0	0	0	0
C01370	1	1	1	1	1	1	1	1	1	0	0	1	0	0	0	0	1	0	1	0
C01371	1	1	0	1	1	1	1	0	1	1	1	1	1	1	0	0	0	0	0	0
C01372	1	1	0	1	1	0	0	1	1	0	0	1	0	0	0	0	0	0	0	0
C01373	0	1	1	1	1	1	1	1	0	1	0	1	1	1	0	0	0	0	0	0
C01374	1	1	1	1	1	0	1	0	0	1	1	1	0	0	1	0	0	1	0	0
C01375	1	1	1	1	1	1	1	0	1	1	1	0	0	1	0	0	1	0	0	0
C01376	0	1	0	1	0	0	1	0	1	1	0	0	1	0	0	0	0	0	0	0
C01377	1	1	1	1	1	0	1	1	1	0	0	1	0	0	0	1	1	0	0	0
C01378	1	1	1	1	0	1	0	0	0	1	1	1	1	1	1	0	1	0	0	0
C01379	0	1	0	0	0	1	1	0	0	0	0	0	0	0	0	0	0	0	0	0
C01380	1	1	1	1	0	1	0	1	0	0	1	0	0	0	0	0	0	0	0	0
C01381	1	1	0	0	0	1	1	1	1	1	1	1	0	0	0	0	0	0	0	1
C01382	1	1	1	0	0	1	0	1	1	0	0	0	0	1	0	0	0	0	1	0
C01383	1	0	0	1	1	1	1	1	1	0	0	0	1	1	0	1	0	0	0	0
C01384	1	1	1	1	1	1	1	1	1	1	1	0	1	1	0	0	0	1	0	0
C01385	0	1	1	1	1	1	1	1	1	1	1	1	0	0	1	1	1	0	1	0
C01386	1	1	1	0	1	1	1	1	1	0	1	1	1	1	0	1	0	0	0	0
C01387	1	1	1	1	1	1	1	1	0	1	1	1	0	0	0	1	0	0	0	0
C01388	1	1	1	1	1	1	1	1	0	1	0	0	1	0	0	1	0	0	1	0
C01389	1	1	1	1	1	1	1	1	1	1	1	1	1	1	1	0	0	0	0	0
C01390	0	1	1	1	1	0	0	1	1	0	1	0	1	1	1	1	0	0	0	1
C01391	1	1	1	1	1	1	0	1	1	1	1	0	1	1	0	1	0	1	1	0
C01392	0	1	0	1	1	1	1	0	1	1	1	1	0	0	1	0	0	0	0	0
C01393	0	1	1	1	1	1	1	0	0	1	1	1	0	0	0	0	0	0	0	0
C01394	1	1	1	1	1	1	1	1	0	1	1	1	0	0	1	0	0	1	0	0
C01395	0	1	1	1	1	1	1	1	1	1	1	0	1	0	1	0	0	0	0	0
C01396	1	1	1	1	1	1	1	0	1	1	1	0	1	0	0	1	0	1	0	0
C01397	1	1	0	1	0	1	1	1	1	0	0	0	0	0	0	0	0	0	0	0
C01398	1	0	1	1	1	1	1	1	1	1	1	0	0	0	1	0	0	1	0	0
C01399	1	1	1	1	1	1	1	1	1	1	1	0	1	1	1	1	1	0	0	0
C01400	1	1	1	1	0	0	1	1	1	1	1	0	1	1	0	0	0	0	0	0
C01401	1	1	1	1	1	1	1	1	1	1	1	1	1	0	0	0	1	1	0	1
C01402	1	1	0	1	1	0	0	0	0	0	1	0	0	0	0	0	0	0	0	0
C01403	1	1	1	1	1	0	0	1	1	1	0	0	0	0	0	0	0	0	0	0
C01404	1	1	1	1	1	1	1	1	0	1	1	0	1	0	0	1	1	0	1	1
C01405	1	1	1	1	1	1	1	1	1	1	1	1	0	0	0	1	0	1	1	0
C01406	1	1	1	1	1	1	1	1	1	1	1	1	1	1	0	0	0	1	0	0
C01407	1	0	1	1	1	1	1	1	1	1	0	0	1	0	0	0	0	0	0	0
C01408	1	1	1	0	1	1	0	1	0	0	1	0	1	1	1	0	0	0	0	0
C01409	0	1	1	0	0	0	0	1	0	0	0	0	0	0	0	0	0	0	0	0
C01410	0	1	0	1	1	0	1	1	1	1	1	1	0	1	1	1	0	0	0	0
C01411	1	1	1	1	1	1	1	0	1	1	1	1	0	1	0	1	1	0	1	1
C01412	1	0	1	1	1	1	1	1	1	1	1	1	1	1	1	0	1	1	0	0
C01413	0	1	1	1	0	0	1	0	0	0	0	1	0	0	0	0	1	0	0	0
C01414	1	1	1	1	1	1	1	1	1	1	0	1	1	1	0	0	0	1	1	1
C01415	1	1	1	1	1	0	1	0	1	1	1	0	0	1	0	0	0	1	1	0
C01416	1	1	1	0	1	1	1	0	0	1	0	0	0	1	0	0	0	0	0	0
C01417	0	1	1	1	1	1	1	1	0	1	1	1	1	1	0	0	0	0	0	1
C01418	1	1	1	1	1	0	1	1	1	0	1	1	0	1	0	0	1	0	0	0
C01419	0	1	1	0	0	1	1	0	1	0	0	0	0	0	0	0	0	0	0	0
C01420	1	1	1	1	1	1	1	1	0	0	1	1	1	1	1	0	0	0	0	0
C01421	1	1	1	1	1	0	1	1	1	1	1	1	0	0	1	0	0	0	0	0
C01422	1	1	0	1	0	0	0	0	1	0	0	1	0	0	0	0	0	0	0	0
C01423	0	1	1	1	1	1	0	0	1	1	1	0	0	0	1	1	0	0	0	0
C01424	1	0	0	0	0	1	1	0	0	0	0	0	1	0	0	0	0	0	0	0
C01425	1	0	1	1	1	1	1	0	1	1	1	0	0	0	1	0	0	0	0	0
C01426	1	1	1	1	1	1	1	0	1	0	0	1	0	0	0	0	0	0	0	0
C01427	1	0	1	1	0	0	1	1	0	0	0	1	0	0	0	0	0	0	0	0
C01428	0	1	1	1	1	1	1	0	1	1	1	1	0	0	1	0	0	0	0	0
C01429	1	1	0	0	0	1	1	1	0	1	0	0	0	0	1	0	0	0	0	0
C01430	0	1	1	1	1	0	1	0	1	1	0	1	1	1	1	0	1	1	1	0
C01431	0	1	0	0	1	0	0	0	0	0	0	1	0	0	0	0	0	0	0	0
C01432	1	0	0	1	1	1	1	1	0	0	1	1	0	0	0	0	0	0	0	0
C01433	1	1	1	1	1	1	1	1	1	1	1	0	1	1	0	1	0	0	0	0
C01434	1	1	1	1	1	1	1	1	1	1	1	0	1	1	1	0	0	0	1	0
C01435	0	1	1	1	1	0	0	0	0	0	0	1	0	0	0	1	0	0	0	0
C01436	1	1	1	0	1	0	0	0	0	0	0	0	0	0	0	0	0	0	0	0
C01437	1	0	0	1	1	1	1	0	1	1	0	0	0	0	1	0	0	0	0	0
C01438	1	1	1	1	1	1	1	1	0	0	1	0	0	0	0	0	0	1	0	0
C01439	1	1	1	0	1	1	1	1	0	1	1	1	1	1	0	1	1	0	1	0
C01440	1	1	1	1	0	1	1	1	1	0	1	1	1	0	0	0	0	1	0	0
C01441	1	1	1	1	1	1	1	1	0	0	1	1	1	1	1	1	1	0	0	0
C01442	1	0	0	1	1	0	1	1	0	0	0	0	0	1	0	0	0	0	0	0
C01443	0	1	1	0	0	1	1	0	1	0	0	0	0	0	0	0	0	0	0	0
C01444	1	1	0	0	1	0	0	1	0	0	0	1	0	0	0	0	0	0	0	0
C01445	1	1	1	1	0	1	1	0	1	1	0	0	1	0	1	0	0	0	0	0
C01446	0	1	1	0	0	1	1	0	0	0	0	0	0	0	1	0	0	0	0	0
C01447	1	1	0	1	1	1	0	1	0	0	1	0	1	0	0	0	0	0	0	0
C01448	1	1	1	1	0	0	1	0	1	0	0	1	1	0	0	0	0	0	0	0
C01449	1	0	0	1	0	1	1	1	0	0	1	0	0	0	0	0	0	0	0	0
C01450	1	1	0	1	0	1	0	0	1	0	0	1	0	0	0	0	0	0	0	0
C01451	1	1	1	1	0	1	1	1	0	0	0	0	0	0	0	0	0	0	0	0
C01452	0	1	0	1	1	1	1	1	1	1	1	0	0	0	0	1	0	0	0	0
C01453	0	1	0	1	1	0	1	1	0	0	0	0	0	0	0	0	0	0	0	0
C01454	1	0	0	0	1	1	1	1	0	1	0	0	0	0	0	0	0	0	0	0
C01455	1	1	1	0	1	1	1	1	1	0	1	1	1	1	1	1	0	1	0	0
C01456	1	1	1	1	1	1	0	1	0	0	1	1	0	0	0	1	0	0	0	0
C01457	1	1	1	0	0	1	1	1	1	1	0	0	0	0	0	0	0	0	0	0
C01458	1	0	1	1	1	1	1	0	0	1	0	0	0	0	0	0	0	0	0	0
C01459	1	0	0	0	0	1	1	0	1	0	0	1	1	0	1	0	1	0	0	0
C01460	0	1	1	1	0	0	1	1	0	1	1	1	0	0	0	1	0	0	0	0
C01461	1	1	1	1	1	1	1	1	1	0	0	1	0	0	0	0	0	0	0	0
C01462	1	0	1	1	0	0	0	1	0	0	1	1	0	0	0	0	0	0	1	0
C01463	1	1	1	1	1	1	1	1	1	1	0	1	1	1	0	1	0	0	0	1
C01464	1	1	1	1	1	1	1	0	1	0	1	0	1	0	1	1	0	0	0	1
C01465	0	1	1	0	1	1	1	0	0	0	0	0	0	1	0	0	0	0	0	0
C01466	1	1	0	1	1	0	1	1	1	0	1	1	0	0	0	0	0	0	0	0
C01467	1	0	1	1	1	1	1	0	0	0	1	0	0	1	1	0	1	0	0	0
C01468	1	1	1	1	1	1	0	1	1	1	0	0	0	0	1	0	0	0	0	0
C01469	1	1	1	0	1	1	1	1	0	1	0	0	1	1	0	0	1	0	0	0
C01470	1	0	1	1	1	1	1	0	1	0	1	1	0	0	0	1	0	0	0	0
C01471	1	0	0	1	0	0	0	1	0	0	0	0	0	0	0	0	0	0	0	0
C01472	0	1	1	1	1	0	1	0	1	0	0	0	0	0	0	0	0	0	0	0
C01473	1	1	1	0	1	1	1	0	1	1	0	0	0	1	1	0	1	0	0	0
C01474	1	1	1	1	1	1	1	1	1	1	0	0	0	0	0	0	0	0	0	0
C01475	1	0	1	1	1	1	1	1	1	0	1	0	0	0	0	0	0	0	0	0
C01476	1	1	1	1	0	1	1	1	1	1	1	1	0	1	0	1	0	0	0	0
C01477	0	1	0	1	1	1	1	0	1	1	0	0	0	0	0	0	1	0	0	0
C01478	1	0	1	1	1	1	1	1	1	0	0	0	0	0	1	1	0	0	0	0
C01479	1	1	1	1	1	1	1	0	1	0	1	1	1	0	1	0	1	0	0	1
C01480	1	1	0	1	1	1	1	1	1	0	0	0	1	0	0	0	0	0	0	0
C01481	1	1	1	1	1	1	0	0	1	1	1	1	1	1	0	1	1	0	0	0
C01482	1	1	1	0	0	1	1	1	1	1	1	1	0	1	1	1	1	1	0	0
C01483	1	1	1	1	1	1	1	1	0	0	0	1	0	0	0	0	1	0	1	0
C01484	1	1	1	0	0	0	0	1	0	1	0	0	0	0	0	1	0	0	0	0
C01485	0	0	0	1	1	1	1	0	1	0	1	1	1	1	0	0	0	0	0	0
C01486	1	0	1	1	1	0	0	0	0	0	1	1	0	0	0	0	0	0	0	0
C01487	1	1	1	1	1	1	1	1	1	1	1	0	1	1	1	1	0	1	1	0
C01488	1	0	1	1	1	1	1	1	1	1	1	1	1	0	0	1	1	1	0	0
C01489	1	1	1	0	1	1	1	0	1	0	0	0	0	0	0	0	0	0	0	0
C01490	1	1	1	1	1	0	1	1	0	0	1	1	1	1	0	1	0	1	0	0
C01491	1	1	1	1	1	1	0	0	0	0	1	1	1	1	1	0	0	0	0	0
C01492	1	1	1	1	1	1	1	1	1	1	1	1	1	1	1	1	1	0	1	0
C01493	1	1	1	1	1	1	1	1	1	1	1	1	0	0	0	0	1	0	0	0
C01494	1	1	1	1	0	1	1	1	0	1	0	0	1	0	1	0	1	0	1	0
C01495	1	1	1	1	1	1	1	1	1	1	1	1	1	0	0	0	1	0	0	1
C01496	0	1	0	0	0	1	1	1	1	1	1	1	0	0	0	0	0	0	0	0
C01497	1	1	1	1	1	1	1	1	1	0	1	0	0	1	0	0	0	0	0	0
C01498	1	1	1	1	1	1	1	0	0	1	0	0	0	0	0	0	0	0	0	0
C01499	0	1	1	0	1	1	0	0	0	0	0	1	0	0	0	0	0	0	0	0
C01500	0	1	1	1	1	1	0	1	1	0	0	1	1	0	0	0	1	0	0	1
C01501	1	1	1	1	1	1	1	0	0	1	1	0	0	0	0	1	0	0	0	0
C01502	1	1	1	1	0	1	1	0	0	1	0	1	0	0	0	0	0	0	0	0
C01503	1	1	1	1	1	0	1	1	1	1	0	1	0	0	0	0	0	0	0	0
C01504	1	1	1	1	1	1	1	1	1	0	1	1	1	0	1	1	1	1	0	0
C01505	1	1	1	1	1	0	0	0	1	1	1	0	1	1	0	0	0	0	0	1
C01506	1	1	1	1	1	1	1	0	1	1	0	0	0	0	1	1	0	0	0	0
C01507	1	0	1	1	1	1	1	1	0	0	0	0	1	1	1	1	1	1	0	0
C01508	1	0	0	1	0	0	0	0	0	0	0	0	0	0	0	0	0	0	0	0
C01509	1	1	1	0	0	1	1	1	0	0	0	0	0	0	1	0	1	0	0	0
C01510	1	1	0	1	1	1	1	1	1	0	0	1	0	0	0	0	0	0	0	0
C01511	0	0	0	1	0	0	1	0	0	0	1	0	0	1	0	1	0	0	0	0
C01512	1	1	1	1	0	0	1	0	1	0	1	0	1	0	0	1	0	0	0	0
C01513	0	1	1	1	0	1	1	1	1	1	1	0	0	0	0	1	0	0	0	0
C01514	1	1	1	1	1	1	1	1	1	1	1	1	1	1	0	0	0	0	0	0
C01515	0	1	1	0	1	1	1	0	1	1	1	1	0	0	0	0	0	0	0	0
C01516	1	1	1	1	1	1	1	1	1	1	0	0	1	1	1	1	0	0	1	0
C01517	1	1	1	1	1	0	1	1	1	1	0	1	0	0	0	0	0	1	0	0
C01518	0	1	0	1	0	1	1	1	1	0	0	0	0	1	0	0	0	1	0	0
C01519	0	1	1	1	1	1	1	1	0	0	1	1	1	1	1	1	0	0	0	0
C01520	1	1	1	0	1	1	1	1	1	0	1	0	0	0	1	0	0	0	1	0
C01521	1	0	1	1	1	1	1	0	0	1	1	1	0	0	0	0	0	0	0	0
C01522	0	1	1	0	0	0	0	0	0	0	1	0	1	1	0	0	0	0	0	0
C01523	1	1	1	1	1	1	1	0	1	1	1	0	0	0	0	1	1	0	1	0
C01524	1	0	1	0	0	1	1	0	1	1	0	0	0	1	0	0	0	0	0	0
C01525	1	0	0	1	1	1	1	0	0	1	0	0	1	0	0	0	0	0	0	0
C01526	0	1	1	1	1	0	1	1	0	1	1	1	1	1	1	1	0	0	0	0
C01527	0	0	0	1	0	1	1	0	0	1	0	0	0	0	0	0	0	0	0	0
C01528	1	1	1	1	1	1	1	1	1	0	0	1	0	0	0	0	0	1	0	0
C01529	0	0	0	0	0	0	0	1	0	1	1	0	0	0	0	0	0	0	0	0
C01530	1	1	1	1	1	1	1	1	1	1	1	1	1	1	0	1	1	1	1	1
C01531	0	0	1	1	1	1	0	1	0	0	1	0	0	0	0	0	0	0	0	0
C01532	1	1	1	0	1	1	0	1	1	1	1	1	0	0	0	0	0	0	0	0
C01533	1	1	1	1	1	1	0	1	1	0	0	1	1	0	1	1	1	1	0	1
C01534	1	1	1	1	1	0	0	0	0	1	0	1	0	0	0	0	0	0	1	1
C01535	1	1	1	1	1	0	1	1	1	1	1	1	1	1	1	0	0	1	0	0
C01536	1	1	1	0	0	0	1	0	0	1	1	0	0	0	0	0	1	0	0	0
C01537	1	1	1	1	1	1	1	1	1	1	0	1	0	0	1	0	1	0	0	0
C01538	0	0	1	0	1	0	0	0	0	0	0	0	0	0	0	0	0	0	0	0
C01539	1	0	1	0	1	1	1	0	1	1	0	1	0	0	1	1	0	0	0	0
C01540	1	1	1	1	1	0	0	1	0	1	1	1	0	1	0	0	0	0	0	0
C01541	1	1	1	1	1	1	1	1	0	0	0	1	0	1	0	0	0	0	0	0
C01542	1	1	1	1	1	0	1	1	0	1	0	1	0	0	0	0	1	0	0	0
C01543	1	1	0	0	0	0	1	1	0	1	0	1	0	0	0	0	0	0	0	0
C01544	1	1	1	1	0	1	1	1	0	0	1	0	1	0	0	0	0	0	1	0
C01545	1	0	1	1	1	0	0	0	1	1	1	0	1	0	1	0	0	0	1	1
C01546	1	0	1	1	0	1	0	1	1	1	1	0	0	0	0	0	0	1	0	0
C01547	0	1	1	0	0	0	0	0	0	0	1	0	0	1	0	0	0	0	0	0
C01548	1	1	1	1	1	1	1	0	1	1	1	1	1	1	1	0	0	0	1	0
C01549	1	0	1	0	0	0	0	1	0	0	0	0	0	0	0	0	0	0	0	0
C01550	1	1	1	0	0	1	1	1	0	1	1	0	0	0	0	0	0	0	0	0
C01551	1	0	1	1	0	0	0	0	0	0	0	1	0	0	0	0	0	0	0	0
C01552	1	1	0	0	0	1	1	1	0	1	0	0	0	0	0	0	0	0	0	0
C01553	1	1	1	1	0	1	1	1	1	1	0	0	0	0	0	0	0	0	0	0
C01554	1	0	0	0	0	1	1	0	1	1	0	0	0	0	0	0	0	0	0	0
C01555	1	1	1	1	1	1	1	1	1	1	1	1	1	0	0	0	1	0	1	0
C01556	1	1	1	1	1	1	1	1	1	1	1	1	0	0	1	1	0	0	1	0
C01557	1	1	1	1	1	1	1	0	0	1	0	0	1	0	0	0	0	0	0	0
C01558	1	1	0	1	1	0	0	1	0	1	1	0	1	1	0	0	0	0	0	0
C01559	1	1	0	1	1	1	1	1	0	1	0	1	0	1	0	0	0	0	0	0
C01560	0	1	1	0	1	1	1	1	1	0	1	0	1	1	1	0	0	0	0	0
C01561	0	1	1	1	1	1	1	1	0	1	0	0	0	0	1	0	0	0	0	0
C01562	1	1	1	1	1	1	1	1	1	1	1	1	1	1	1	1	1	1	0	0
C01563	1	0	0	1	1	1	1	1	1	0	1	1	1	1	0	0	0	0	0	0
C01564	1	1	1	1	1	0	0	1	1	1	0	0	0	0	0	0	0	1	0	0
C01565	1	1	1	1	1	1	1	1	0	1	1	0	0	0	0	0	0	0	0	0
C01566	0	0	0	0	0	1	1	1	0	0	0	0	1	0	0	0	0	0	0	0
C01567	1	0	0	1	0	1	1	0	1	0	0	1	0	0	0	1	0	0	0	0
C01568	1	1	1	0	1	0	0	1	0	1	0	0	0	1	0	0	0	0	0	0
C01569	1	1	1	0	1	0	1	0	1	1	0	0	1	0	0	1	0	0	0	0
C01570	1	1	1	0	1	1	1	1	0	0	1	1	0	0	0	0	0	0	0	0
C01571	0	0	1	1	1	1	1	0	0	1	1	1	0	0	1	0	0	0	0	0
C01572	1	0	1	0	0	0	1	1	1	0	1	0	1	0	0	0	0	0	0	0
C01573	1	1	1	1	1	1	1	1	1	1	1	0	0	1	0	0	0	0	0	0
C01574	1	1	1	1	1	1	1	1	0	1	1	1	1	1	1	0	1	1	1	0
C01575	1	0	1	0	0	1	1	0	0	0	1	0	1	0	0	0	0	1	0	0
C01576	1	1	0	1	1	1	1	1	1	0	0	0	0	0	1	0	0	0	0	0
C01577	1	1	1	1	1	1	1	0	1	1	1	0	1	1	1	1	0	0	1	0
C01578	1	0	1	1	1	0	1	0	1	1	0	0	0	0	1	0	0	0	0	0
C01579	1	0	1	1	1	0	0	0	0	0	0	0	0	0	0	0	0	0	0	0
C01580	1	1	1	1	0	1	1	0	1	0	0	1	1	1	0	1	0	1	0	0
C01581	1	1	1	1	1	1	1	1	1	1	1	1	0	1	1	1	1	1	1	1
C01582	1	1	1	1	0	1	0	1	0	1	1	0	1	1	0	0	0	0	0	0
C01583	0	1	0	1	0	1	0	0	0	1	0	0	0	0	0	1	0	0	0	0
C01584	1	1	1	1	1	1	1	0	1	0	1	0	0	1	1	1	0	1	0	0
C01585	1	1	1	1	1	1	1	0	1	0	1	1	0	1	0	1	1	1	0	1
C01586	1	1	1	1	0	1	1	1	1	1	0	1	1	1	0	0	0	0	1	0
C01587	1	1	1	1	1	1	1	1	1	1	1	1	0	1	1	0	0	0	0	0
C01588	1	1	1	1	1	1	1	1	1	1	0	0	1	0	1	0	0	1	0	1
C01589	1	1	1	1	0	1	0	0	1	0	0	0	0	1	0	1	0	0	0	0
C01590	1	0	1	1	1	1	1	1	1	1	1	0	0	0	1	0	1	1	0	0
C01591	1	1	1	1	1	0	1	1	1	1	0	1	0	0	0	0	0	1	0	0
C01592	0	1	1	1	1	1	0	1	1	1	1	1	0	1	1	1	0	0	0	0
C01593	1	1	1	1	1	1	1	1	1	1	1	1	0	0	0	1	1	1	0	1
C01594	1	1	1	1	1	1	1	1	1	1	1	1	1	1	1	1	1	0	0	0
C01595	1	1	1	1	0	1	1	1	1	1	0	1	1	1	1	1	0	0	0	0
C01596	1	0	1	1	0	0	0	1	0	0	0	1	1	0	1	0	0	0	0	0
C01597	0	1	1	1	0	0	0	0	0	1	0	0	0	0	0	0	0	0	0	0
C01598	1	1	1	1	1	0	1	0	0	1	0	1	1	0	1	0	0	0	0	0
C01599	1	1	1	0	1	1	0	1	1	1	1	0	1	0	1	1	0	0	1	0
C01600	1	1	1	1	1	1	0	1	0	0	0	0	1	1	0	0	0	0	0	0
C01601	1	1	1	1	0	1	1	0	0	1	1	1	1	1	1	1	0	0	0	0
C01602	1	1	0	1	1	0	1	0	0	1	0	0	0	0	0	0	0	0	0	0
C01603	0	1	0	1	1	0	0	0	0	0	0	0	0	1	0	1	0	0	0	0
C01604	0	1	0	0	0	0	1	0	0	0	0	0	0	0	1	0	0	0	0	0
C01605	0	1	1	0	1	1	0	1	0	0	0	1	0	0	1	0	0	0	0	0
C01606	1	1	1	1	1	1	0	0	1	1	1	0	0	0	0	0	0	0	0	0
C01607	1	1	1	1	1	1	0	0	0	1	0	0	0	0	0	0	0	0	0	0
C01608	1	0	1	0	0	0	0	0	0	0	0	0	0	0	0	0	0	0	0	0
C01609	1	1	1	1	0	1	1	0	1	1	1	0	1	1	1	1	1	0	0	0
C01610	1	1	0	0	0	0	1	1	1	0	0	1	1	1	1	0	0	0	0	0
C01611	1	1	1	0	1	1	1	0	1	1	0	1	0	1	0	0	1	0	0	0
C01612	1	1	1	1	1	1	1	1	0	1	0	1	0	0	0	0	0	0	1	0
C01613	1	1	1	1	0	1	1	1	1	1	1	0	0	0	1	0	0	0	0	0
C01614	1	0	1	1	0	1	1	0	0	0	1	0	0	1	0	0	0	0	0	0
C01615	1	1	1	0	1	1	1	1	1	1	1	1	1	1	0	0	0	0	0	1
C01616	1	1	1	1	0	1	0	0	0	0	0	0	0	0	0	0	0	0	0	0
C01617	1	1	1	1	1	1	0	0	0	0	0	0	1	0	0	0	0	0	0	0
C01618	0	0	1	1	0	1	1	0	0	0	1	1	0	0	0	0	0	0	0	0
C01619	1	1	0	1	1	1	1	1	1	1	0	1	1	1	0	0	0	1	0	1
C01620	0	1	1	1	1	1	1	0	1	1	0	1	0	0	1	1	0	0	0	0
C01621	1	0	1	1	1	1	1	1	1	0	0	1	0	0	0	0	1	0	1	0
C01622	1	1	1	1	1	1	1	1	1	0	1	0	0	1	1	0	0	0	0	0
C01623	1	0	1	0	1	1	1	1	1	1	1	1	1	1	1	0	1	1	0	0
C01624	1	1	1	1	1	0	0	1	1	1	1	0	1	1	1	1	0	0	1	0
C01625	1	1	1	1	1	1	1	1	1	1	1	0	0	1	1	0	0	0	1	0
C01626	1	1	1	1	1	1	1	1	1	1	1	1	1	0	0	1	0	0	0	1
C01627	1	0	1	0	0	1	1	0	0	1	0	0	0	0	0	0	0	0	0	0
C01628	1	1	1	1	1	1	1	1	0	1	1	0	0	0	1	0	1	0	1	1
C01629	0	1	1	1	1	1	1	1	0	1	1	1	0	0	0	0	0	1	0	0
C01630	1	1	1	1	1	1	1	1	1	1	1	1	0	1	0	1	0	1	0	0
C01631	1	0	1	1	1	0	0	1	0	0	1	0	1	1	0	0	0	0	0	0
C01632	1	1	1	0	1	1	1	0	1	1	1	1	0	0	0	0	0	0	0	1
C01633	1	1	1	0	0	1	1	0	1	1	1	0	0	0	0	0	0	0	0	0
C01634	1	1	0	1	0	1	1	0	1	1	1	0	0	1	0	0	0	0	1	0
C01635	0	1	0	1	1	1	0	0	0	0	0	0	0	0	0	1	0	0	0	0
C01636	1	1	1	1	0	1	1	1	1	0	0	0	1	1	1	1	0	0	0	0
C01637	1	0	1	1	1	1	1	1	1	1	1	1	0	0	1	0	0	0	0	0
C01638	0	1	1	0	0	0	0	0	0	0	0	0	0	0	0	0	0	0	0	0
C01639	0	1	0	0	0	0	0	0	0	0	0	0	0	0	0	1	0	0	0	0
C01640	0	1	0	0	1	1	1	0	1	1	0	0	0	0	0	0	0	0	0	0
C01641	1	1	1	1	1	1	1	1	0	1	0	1	1	1	1	0	1	1	0	1
C01642	1	0	1	1	1	1	1	0	0	1	1	1	1	1	1	0	0	0	1	0
C01643	1	0	1	1	1	1	1	1	1	1	1	1	0	0	1	1	0	0	0	0
C01644	1	1	1	0	0	1	1	0	1	0	1	1	1	1	1	0	0	0	0	0
C01645	1	1	1	1	0	1	1	1	1	1	1	1	1	0	1	0	0	0	0	0
C01646	1	0	1	0	0	1	1	1	1	1	0	0	0	1	0	0	0	0	1	0
C01647	1	1	1	1	0	1	1	0	1	0	0	1	0	1	0	0	0	0	0	0
C01648	1	1	0	1	1	1	1	0	1	1	1	0	0	0	0	0	0	0	0	0
C01649	0	1	1	1	0	1	1	0	1	0	1	0	1	0	1	0	0	0	0	0
C01650	1	1	0	1	0	1	0	0	0	1	0	0	0	0	0	0	0	0	0	0
C01651	1	1	1	0	0	0	0	0	1	1	1	1	0	0	1	1	1	1	0	0
C01652	0	0	0	0	1	0	0	0	0	0	0	0	0	0	0	0	0	0	0	0
C01653	0	1	1	1	1	1	1	0	1	1	0	0	0	1	0	0	0	0	0	0
C01654	0	0	0	1	1	0	1	0	0	0	0	0	1	0	1	0	0	0	0	0
C01655	1	1	1	0	1	0	0	0	0	0	0	1	1	1	0	0	0	0	0	0
C01656	0	1	1	0	1	0	0	1	0	0	1	0	0	1	0	0	0	0	0	0
C01657	0	1	1	1	1	0	1	0	1	1	0	1	0	0	0	0	0	0	0	0
C01658	1	1	1	0	0	0	0	1	1	1	1	1	1	0	0	0	0	0	0	0
C01659	1	0	1	1	1	1	1	0	1	1	1	1	1	1	1	1	1	0	0	1
C01660	0	0	1	1	1	1	1	1	0	1	1	0	0	0	1	1	0	0	1	0
C01661	1	1	1	1	0	1	1	1	0	1	1	1	0	0	0	1	0	0	0	0
C01662	1	0	1	1	0	0	0	0	0	0	0	0	0	0	0	0	0	0	0	0
C01663	1	0	1	0	1	0	0	1	1	0	0	0	0	0	0	0	0	0	0	0
C01664	1	1	1	0	1	1	1	1	0	1	0	0	0	0	0	1	0	0	0	0
C01665	1	1	1	1	0	1	1	1	1	1	1	1	1	1	0	0	0	1	0	0
C01666	1	1	1	1	1	0	0	0	0	1	0	0	0	0	0	0	0	0	0	0
C01667	1	1	0	0	1	1	1	0	1	0	1	1	0	0	0	0	0	0	0	0
C01668	1	1	1	1	1	1	1	1	1	1	1	1	1	1	0	0	1	0	0	0
C01669	1	1	1	1	0	1	1	0	0	1	0	1	0	0	0	0	1	0	0	0
C01670	1	1	1	0	1	1	1	1	0	1	1	0	1	1	0	0	0	0	0	0
C01671	1	1	1	1	1	1	1	1	1	0	1	1	1	1	1	0	1	0	0	0
C01672	1	1	1	0	0	1	0	0	0	1	0	1	0	0	0	0	0	0	0	0
C01673	0	1	1	1	1	0	0	0	1	0	0	0	0	0	0	0	0	0	0	0
C01674	1	1	0	1	1	0	0	1	1	0	0	1	1	0	1	0	0	0	0	0
C01675	1	1	0	1	0	1	1	1	0	0	1	1	0	1	0	0	0	0	0	0
C01676	1	0	0	1	1	1	1	1	0	1	1	0	0	0	1	0	0	0	0	0
C01677	0	1	1	0	1	1	0	1	0	0	0	0	1	1	0	1	0	0	0	0
C01678	1	0	1	0	1	1	1	1	0	0	0	0	1	1	1	0	0	0	0	0
C01679	1	0	1	0	1	0	0	0	0	0	1	0	0	0	1	0	0	0	0	0
C01680	1	0	1	0	1	1	1	1	1	1	0	0	1	1	0	0	0	0	0	0
C01681	1	1	1	0	0	0	0	0	0	0	0	1	1	0	1	0	0	0	0	0
C01682	1	1	1	1	0	1	1	0	0	1	1	1	0	1	0	0	0	0	0	0
C01683	1	1	1	1	0	1	0	1	1	0	0	0	1	1	1	0	1	0	0	0
C01684	1	1	1	0	1	1	1	0	1	0	1	0	0	1	1	0	1	0	0	1
C01685	0	1	1	0	1	1	0	1	0	0	0	0	0	1	0	0	0	0	0	0
C01686	1	0	1	0	1	0	0	1	0	0	1	0	0	0	0	0	0	0	0	0
C01687	1	1	0	1	1	1	1	1	0	0	1	0	1	0	0	0	0	0	0	0
C01688	1	1	0	0	1	1	1	0	1	1	0	1	0	0	0	0	0	0	0	0
C01689	1	1	1	1	0	1	1	0	0	1	0	1	0	0	0	0	0	0	0	0
C01690	1	1	1	1	0	0	0	0	0	1	0	0	0	0	0	0	0	0	0	0
C01691	1	1	1	1	0	1	1	0	0	0	1	0	0	0	0	1	0	0	0	0
C01692	1	0	1	1	1	1	1	1	0	0	0	1	1	1	1	1	0	1	1	0
C01693	0	1	1	1	1	1	1	1	1	1	1	1	1	1	0	1	1	1	1	1
C01694	1	0	0	1	1	1	1	1	0	1	1	0	0	0	0	0	0	0	0	0
C01695	1	1	1	1	1	0	0	1	0	0	1	1	1	0	0	0	0	0	0	1
C01696	1	0	1	1	0	1	0	0	1	0	0	1	0	1	0	0	0	0	0	0
C01697	0	1	0	1	1	1	1	0	1	1	0	0	1	0	0	0	0	0	0	0
C01698	1	1	1	1	1	1	1	1	1	1	0	1	0	1	1	0	1	0	1	0
C01699	1	1	1	1	1	1	0	1	1	0	1	0	0	0	0	0	0	0	0	0
C01700	1	1	0	1	0	1	1	1	1	1	0	1	1	1	1	0	1	0	0	0
C01701	0	1	0	1	1	1	1	0	0	0	0	1	0	0	0	0	0	0	0	0
C01702	1	1	1	1	1	1	1	1	1	1	0	0	0	1	0	0	0	0	0	0
C01703	1	1	1	1	0	0	1	1	1	1	0	0	0	0	1	0	0	0	0	0
C01704	0	1	1	0	0	1	1	0	0	0	0	0	0	0	0	0	0	0	0	0
C01705	1	1	1	1	1	1	1	1	1	1	1	0	0	0	1	0	0	0	0	0
C01706	1	1	1	1	1	1	1	1	0	1	0	1	0	0	1	0	0	0	0	0
C01707	1	0	1	1	1	1	0	0	0	0	0	0	0	0	0	0	0	0	0	0
C01708	1	1	1	1	0	1	1	1	1	1	0	0	0	0	0	0	0	0	0	0
C01709	1	1	1	1	1	1	1	1	1	0	1	0	1	0	1	0	1	1	1	1
C01710	1	0	1	1	1	1	1	1	0	1	0	0	0	0	0	1	0	0	0	0
C01711	0	1	0	0	0	1	1	0	0	0	0	0	0	0	0	0	1	0	0	0
C01712	1	1	0	1	0	1	1	1	1	1	0	1	1	0	0	0	0	0	0	0
C01713	0	0	1	1	1	1	1	1	0	0	0	0	0	0	1	0	0	0	1	0
C01714	1	1	1	1	0	1	1	1	1	1	1	0	1	1	0	0	1	0	0	0
C01715	0	1	1	1	1	0	1	1	1	1	0	0	1	0	0	0	0	0	0	0
C01716	1	0	1	1	1	0	0	0	0	0	0	0	0	0	0	0	0	0	0	0
C01717	0	1	1	0	1	1	1	1	0	1	0	0	1	0	0	0	0	0	0	0
C01718	0	0	1	1	1	0	0	0	0	0	1	0	0	0	0	1	0	0	0	0
C01719	1	0	1	1	1	1	1	0	0	1	1	1	1	1	0	0	1	0	1	0
C01720	1	1	0	1	1	0	1	1	0	0	1	0	0	1	0	0	1	0	0	0
C01721	0	0	0	1	0	1	0	1	0	1	0	0	0	0	0	0	0	0	0	0
C01722	0	1	1	0	1	0	0	1	0	1	1	0	0	0	1	1	0	0	0	0
C01723	1	1	1	1	1	1	0	0	0	0	0	0	0	0	1	0	0	0	0	0
C01724	0	1	1	1	0	1	1	1	1	1	0	0	0	0	0	0	0	0	0	0
C01725	1	1	1	1	1	1	1	1	1	1	0	1	1	0	0	0	0	0	1	0
C01726	1	1	1	1	1	1	1	1	0	0	1	1	0	0	0	0	0	0	0	0
C01727	0	1	0	0	0	1	0	1	0	0	0	0	0	0	0	0	0	0	0	0
C01728	0	0	0	1	1	1	1	1	1	1	0	0	0	0	0	0	0	0	0	0
C01729	1	1	1	1	1	1	1	1	1	1	1	0	1	1	0	1	0	0	0	0
C01730	1	1	1	1	1	1	1	1	0	0	1	0	0	0	0	1	0	0	0	1
C01731	1	1	0	0	1	1	1	1	1	1	1	1	0	0	0	0	0	1	0	0
C01732	1	1	1	0	1	1	0	1	1	0	1	1	1	1	0	0	0	1	0	0
C01733	0	1	1	1	0	1	1	0	1	1	0	0	1	0	0	0	0	0	0	0
C01734	0	0	1	1	1	0	0	0	1	0	0	0	0	0	0	0	0	0	0	0
C01735	1	1	1	1	1	1	1	1	1	1	1	1	1	0	1	1	0	0	0	0
C01736	1	1	1	1	1	1	1	1	1	1	1	1	1	0	1	1	0	1	0	1
C01737	0	1	1	1	0	0	0	1	0	0	0	1	1	0	1	0	0	0	0	0
C01738	1	0	0	0	1	0	0	1	0	0	0	0	0	0	0	0	0	0	0	0
C01739	1	1	0	1	0	0	1	0	0	0	0	0	0	0	0	0	0	0	0	0
C01740	1	1	1	0	0	1	1	1	0	1	1	0	0	1	0	0	0	0	0	0
C01741	1	0	1	1	1	0	0	1	1	1	1	1	0	1	1	0	0	0	0	0
C01742	1	1	1	1	0	0	1	0	1	1	0	1	0	0	1	0	0	1	0	0
C01743	1	1	1	1	1	1	1	0	1	0	1	0	0	0	0	0	0	0	0	0
C01744	1	1	0	0	0	1	0	0	0	0	0	0	0	0	0	0	0	0	0	0
C01745	1	1	0	1	0	1	1	0	1	1	1	1	1	1	0	0	0	1	0	0
C01746	0	0	1	0	0	1	0	1	0	1	0	1	0	0	0	0	0	0	0	0
C01747	0	1	0	1	0	1	1	0	1	1	0	0	1	1	0	0	1	0	0	0
C01748	1	1	1	1	1	0	0	1	0	0	1	1	0	0	0	0	0	0	0	0
C01749	0	1	1	1	1	1	0	0	0	0	0	0	0	0	0	1	0	0	0	0
C01750	1	1	0	1	0	0	1	1	1	0	0	0	0	0	0	1	0	1	0	0
C01751	1	1	0	1	1	0	1	0	0	0	1	0	1	0	0	0	0	0	0	0
C01752	1	1	0	1	1	1	1	0	0	1	0	1	0	0	1	1	0	0	0	0
C01753	0	0	1	1	1	0	1	0	1	0	0	0	1	0	0	0	1	0	0	0
C01754	1	1	1	1	0	1	1	1	1	1	1	1	0	0	1	1	1	1	0	0
C01755	0	1	1	1	1	0	0	0	0	0	1	0	0	0	0	0	1	0	0	1
C01756	0	1	0	1	0	1	1	1	0	0	0	0	0	0	0	0	0	0	0	0
C01757	1	1	1	0	1	1	1	1	0	1	1	1	0	0	0	0	1	0	0	0
C01758	1	1	0	1	1	1	1	1	0	1	1	1	1	1	0	0	1	0	0	0
C01759	1	0	1	1	1	0	1	0	1	0	1	0	1	0	0	0	1	0	0	0
C01760	1	1	1	1	1	0	0	1	0	0	0	1	0	0	0	0	0	0	0	0
C01761	1	0	1	0	0	1	1	1	0	0	0	0	0	0	0	0	0	0	0	0
C01762	1	1	1	0	0	1	0	0	0	1	1	0	0	0	0	0	0	0	0	0
C01763	1	0	0	1	0	0	0	0	0	0	0	1	1	1	0	0	0	0	0	0
C01764	1	1	1	1	1	1	1	1	1	1	1	0	0	0	0	0	1	0	0	0
C01765	1	1	1	1	1	1	0	1	0	1	1	1	0	0	0	0	0	0	0	0
C01766	1	1	1	1	1	1	1	1	1	1	1	1	0	1	1	0	1	0	0	0
C01767	0	0	1	1	1	1	1	1	1	1	1	0	0	0	0	1	0	0	0	0
C01768	1	1	1	1	1	0	0	0	1	0	0	1	0	0	0	0	0	0	0	0
C01769	1	1	1	1	1	1	1	1	1	0	1	1	0	0	1	0	0	0	0	0
C01770	1	1	1	1	1	1	1	1	0	1	1	1	1	1	1	1	1	1	0	0
C01771	1	1	1	0	0	0	1	0	0	0	1	0	0	0	0	0	0	0	0	0
C01772	1	1	1	0	1	0	0	1	0	0	1	0	0	0	0	0	0	0	0	0
C01773	0	1	1	1	1	1	1	1	1	1	0	1	0	0	0	0	0	0	0	0
C01774	1	1	1	1	1	1	1	1	1	1	0	1	0	0	0	0	1	0	0	0
C01775	1	1	1	1	0	1	1	0	0	1	0	1	0	0	0	0	0	0	0	0
C01776	1	0	0	1	1	1	1	1	0	1	0	1	0	0	0	1	0	1	0	0
C01777	1	1	1	1	0	1	1	1	1	0	0	0	0	0	0	0	0	0	0	0
C01778	0	1	1	1	0	1	0	1	0	0	0	1	1	1	0	0	0	0	0	0
C01779	1	1	0	1	1	1	1	1	0	1	0	0	1	0	1	0	0	0	0	0
C01780	1	1	1	1	1	0	0	0	0	0	0	1	0	0	0	0	0	0	0	0
C01781	1	1	1	0	1	0	0	0	0	1	0	0	0	0	0	0	0	0	0	0
C01782	1	0	1	1	0	0	0	0	0	1	0	1	0	0	0	0	0	0	0	0
C01783	1	1	1	1	1	0	1	0	0	1	0	0	1	1	0	0	0	0	0	0
C01784	1	1	1	1	1	1	1	0	1	0	0	0	1	0	0	0	0	0	1	0
C01785	1	0	1	1	1	1	1	1	1	1	0	1	0	0	0	0	1	0	0	0
C01786	1	1	1	1	1	0	1	1	1	1	0	1	0	0	0	0	0	0	0	1
C01787	1	1	1	1	1	1	1	1	1	1	1	1	1	1	1	0	0	0	1	0
C01788	1	1	0	1	0	0	0	1	0	0	0	1	1	1	1	0	0	1	1	0
C01789	1	1	1	1	0	1	1	1	1	1	1	0	1	1	1	0	0	1	0	0
C01790	0	1	1	0	1	1	1	1	1	0	0	1	0	0	0	0	0	1	0	0
C01791	0	1	0	0	1	0	0	1	1	1	1	1	1	1	0	0	0	0	0	0
C01792	1	0	1	1	0	0	1	1	0	1	0	0	0	0	0	1	0	0	0	0
C01793	1	1	1	1	1	1	1	1	1	1	0	1	0	0	1	0	1	0	0	0
C01794	1	1	1	1	0	0	1	0	0	1	1	0	0	1	1	0	0	1	0	0
C01795	1	1	1	0	0	1	1	1	1	0	1	0	0	0	0	0	0	0	0	0
C01796	0	1	1	0	0	1	1	0	0	0	1	0	0	0	0	0	0	0	0	0
C01797	1	1	1	0	1	1	1	1	1	0	0	1	0	0	0	0	0	1	0	0
C01798	1	0	1	1	1	1	1	1	1	1	1	0	0	0	1	1	0	1	0	0
C01799	0	1	1	1	1	1	1	1	1	1	1	1	1	1	1	1	0	0	0	1
C01800	1	1	0	1	1	1	1	0	1	1	0	1	1	0	1	0	0	0	0	0
C01801	1	0	1	1	1	1	1	1	0	0	1	1	1	1	1	1	0	0	0	1
C01802	1	1	1	1	1	1	1	1	1	1	1	1	0	0	0	0	1	0	0	1
C01803	1	0	1	1	1	1	1	0	1	1	0	0	0	1	0	0	0	0	0	0
C01804	1	1	1	1	1	1	1	1	1	1	1	0	0	0	0	0	0	1	0	0
C01805	0	0	1	0	0	0	0	0	0	0	1	0	0	0	0	0	0	0	0	0
C01806	1	1	1	1	1	1	1	1	0	1	0	0	0	0	0	0	0	0	0	0
C01807	1	1	1	0	1	1	1	1	0	0	0	0	1	1	0	0	0	0	0	0
C01808	1	1	1	1	1	1	1	1	1	1	0	1	1	1	1	0	0	0	0	0
C01809	1	1	0	1	1	1	1	1	0	0	1	0	0	0	0	1	0	0	0	0
C01810	1	1	1	1	1	1	0	0	1	0	0	0	1	1	1	0	0	1	0	0
C01811	0	1	1	0	1	1	1	1	0	0	0	1	0	0	0	0	0	0	0	0
C01812	1	0	0	1	1	0	1	0	0	0	0	1	0	0	0	0	0	0	0	0
C01813	1	1	1	1	1	1	1	0	1	1	1	0	1	1	1	1	1	0	0	0
C01814	1	1	1	1	0	1	1	0	1	1	0	0	1	0	1	0	0	1	0	0
C01815	0	0	1	1	0	0	0	0	0	0	0	0	0	0	0	0	0	0	0	0
C01816	1	1	1	1	0	0	1	1	0	1	1	0	0	1	0	1	1	1	0	0
C01817	1	0	1	1	1	1	1	1	1	0	0	0	0	0	1	0	1	1	0	0
C01818	1	1	1	1	1	1	1	0	1	0	0	0	0	0	0	0	0	0	0	0
C01819	1	1	1	1	1	0	0	1	1	0	0	0	0	0	1	0	0	0	0	0
C01820	1	1	0	1	1	1	0	0	0	0	0	0	0	0	0	0	0	0	0	0
C01821	1	1	0	1	1	1	1	0	0	0	0	0	0	0	1	0	0	0	0	1
C01822	1	0	1	0	0	1	0	0	0	0	0	0	0	0	0	0	0	0	0	0
C01823	1	1	1	1	0	1	1	0	1	1	1	0	0	0	1	1	0	1	0	0
C01824	1	1	0	0	1	1	1	0	0	0	0	0	0	1	0	0	0	0	0	0
C01825	0	0	1	0	0	0	0	0	0	0	0	0	0	0	1	0	0	0	0	0
C01826	1	0	1	0	1	0	0	0	0	0	1	0	0	0	1	0	0	0	1	0
C01827	1	0	1	0	1	1	1	0	0	1	0	0	0	0	0	0	0	0	0	0
C01828	1	1	1	1	1	1	1	1	1	0	0	1	1	0	1	0	1	0	0	0
C01829	1	1	1	1	1	0	0	1	0	1	0	1	0	0	0	0	0	0	0	0
C01830	1	1	1	1	1	1	1	1	1	1	0	0	0	1	0	0	0	0	0	0
C01831	0	1	0	0	1	1	1	0	0	0	0	0	0	0	0	0	0	0	0	0
C01832	1	1	1	0	0	1	1	1	1	0	0	1	0	0	0	0	0	0	1	0
C01833	1	0	1	1	1	0	0	0	0	0	0	0	1	0	0	0	0	0	0	0
C01834	1	1	0	1	1	1	1	1	1	1	0	1	1	1	1	1	1	1	0	0
C01835	1	1	1	1	0	1	0	1	1	1	1	1	1	1	1	0	0	0	1	0
C01836	0	0	1	1	1	1	1	0	0	0	0	0	0	0	0	0	1	0	0	0
C01837	1	1	1	0	1	1	1	0	1	1	1	0	0	0	0	0	0	0	0	0
C01838	0	0	1	0	0	1	1	1	1	0	1	0	1	0	0	0	0	0	0	0
C01839	0	1	0	1	1	0	0	1	1	1	1	0	0	0	0	0	0	0	0	0
C01840	1	1	1	1	1	1	0	0	1	0	1	1	1	0	1	1	0	1	0	1
C01841	1	1	1	1	0	0	0	1	1	0	0	0	0	0	0	0	0	0	0	0
C01842	1	1	1	0	1	1	0	0	1	0	1	0	1	0	0	0	0	0	0	0
C01843	0	1	1	1	1	1	1	1	0	1	0	0	1	0	0	0	0	0	0	0
C01844	0	1	0	0	0	1	0	0	1	0	0	1	0	0	0	1	0	0	0	0
C01845	1	0	1	1	1	1	1	1	0	1	1	1	1	1	0	0	0	0	0	0
C01846	1	1	0	1	0	1	1	0	0	1	1	1	1	0	0	0	0	0	0	0
C01847	1	1	1	1	1	1	1	1	1	0	1	1	1	1	1	1	1	1	0	1
C01848	1	0	1	1	1	1	0	1	0	0	0	0	0	0	0	0	0	0	0	0
C01849	1	0	0	1	0	1	1	1	0	1	1	0	0	0	0	0	0	0	0	0
C01850	1	0	0	1	0	0	0	1	1	0	0	0	0	0	0	0	0	0	0	0
C01851	0	1	1	1	1	1	1	0	0	0	1	1	1	0	1	0	1	0	0	0
C01852	1	1	0	0	0	0	0	1	0	0	0	0	0	0	0	0	0	0	0	0
C01853	1	0	1	1	1	0	1	1	1	1	0	1	1	0	1	0	0	0	0	0
C01854	0	1	1	1	1	1	0	0	1	0	1	0	0	0	0	0	0	0	0	0
C01855	0	1	1	0	1	1	0	1	1	1	1	0	0	0	1	0	0	0	0	0
C01856	1	1	1	1	1	0	1	0	1	0	0	0	1	1	0	0	0	0	0	0
C01857	0	1	1	1	1	1	0	1	1	1	1	1	1	0	1	1	0	0	0	0
C01858	1	1	0	1	0	1	1	0	1	1	1	1	1	1	0	0	0	0	0	0
C01859	1	1	1	1	1	0	1	0	1	0	1	0	0	0	0	1	0	0	0	0
C01860	1	1	1	1	1	1	1	1	1	0	1	1	1	0	1	1	0	0	1	0
C01861	1	1	1	0	0	1	1	1	0	0	1	0	1	1	0	0	1	0	0	0
C01862	0	1	0	1	1	0	0	0	0	0	0	0	0	0	0	0	0	0	0	0
C01863	0	1	1	0	1	1	1	1	1	0	0	0	1	1	0	0	0	0	0	0
C01864	1	1	1	1	1	1	1	1	1	0	1	1	1	0	0	0	1	1	0	0
C01865	1	1	1	1	1	1	1	1	1	1	0	1	1	1	0	0	0	0	1	0
C01866	1	1	1	1	1	0	0	1	0	1	0	1	0	0	0	0	0	0	1	0
C01867	0	1	1	1	1	1	1	1	1	0	0	1	1	1	0	0	0	0	0	0
C01868	1	1	1	1	1	1	1	1	1	0	1	0	1	1	1	0	0	1	0	0
C01869	0	1	0	0	1	1	1	1	0	0	1	0	0	0	0	0	0	0	0	0
C01870	1	0	1	1	1	0	0	1	0	0	1	0	0	0	0	0	0	0	0	0
C01871	1	1	1	0	1	0	0	0	0	0	0	1	0	0	0	0	0	0	0	1
C01872	1	1	1	1	1	1	1	1	1	1	1	1	1	1	1	0	1	0	1	0
C01873	1	1	0	1	0	1	1	1	0	1	1	0	0	1	0	0	0	0	0	0
C01874	1	1	1	1	1	1	1	1	0	0	1	1	0	0	0	0	1	0	1	0
C01875	1	1	1	1	1	1	1	1	0	0	1	0	0	0	0	0	1	1	0	0
C01876	1	1	0	1	1	1	0	0	0	1	0	0	0	0	0	0	0	0	0	0
C01877	1	1	1	1	0	0	1	0	0	1	1	1	0	0	1	0	0	0	0	0
C01878	1	1	1	1	1	1	1	1	1	1	1	0	1	1	0	0	0	0	0	0
C01879	0	1	0	0	1	1	0	0	1	0	1	0	0	0	0	1	0	0	0	0
C01880	1	0	1	1	0	1	0	0	1	0	0	0	0	0	0	0	0	0	0	0
C01881	1	1	1	1	1	1	1	1	1	0	1	1	1	1	0	0	0	0	0	0
C01882	1	1	1	1	1	1	1	1	1	0	1	1	1	1	0	1	0	1	0	0
C01883	1	1	1	1	1	1	1	1	1	1	1	1	1	1	1	1	1	1	1	1
C01884	1	1	0	1	1	0	0	1	1	0	0	0	0	0	0	1	0	0	1	0
C01885	1	1	1	1	1	1	0	1	0	1	0	1	1	0	1	0	0	1	0	0
C01886	0	1	1	0	1	0	1	0	0	0	0	0	0	0	0	0	0	0	0	0
C01887	0	0	1	0	0	0	0	0	0	0	0	0	0	0	0	0	0	0	0	0
C01888	0	1	1	0	0	0	1	0	1	1	0	0	1	1	0	0	1	0	0	0
C01889	0	1	1	1	1	1	1	1	1	0	1	1	0	0	0	0	0	0	0	0
C01890	1	1	1	1	0	1	1	1	1	1	1	0	0	1	1	0	1	0	1	0
C01891	1	1	0	1	1	0	0	1	0	1	1	1	0	0	0	0	0	1	0	0
C01892	1	1	1	0	0	1	1	1	1	1	0	1	1	0	0	0	0	0	0	0
C01893	0	0	0	0	0	0	0	1	0	0	0	0	1	0	0	0	0	0	0	0
C01894	0	0	1	0	0	1	1	0	0	1	0	0	0	1	0	0	0	1	0	0
C01895	1	1	1	0	0	1	1	1	0	0	1	0	1	1	0	0	1	0	0	0
C01896	1	1	1	1	1	1	1	0	1	1	0	0	1	1	1	1	1	0	0	0
C01897	1	1	0	0	1	0	1	0	0	1	1	0	1	1	0	0	0	0	0	0
C01898	1	1	1	1	0	0	1	1	0	1	1	1	1	1	1	0	0	0	0	0
C01899	1	1	1	1	1	1	1	0	1	1	0	1	0	0	0	1	1	0	0	0
C01900	0	0	1	0	0	1	1	0	0	0	0	0	0	0	1	0	0	0	0	0
C01901	0	1	0	1	0	1	1	1	1	1	0	1	1	0	0	0	0	0	0	0
C01902	1	1	1	0	0	1	1	1	0	1	1	0	0	0	0	0	0	0	0	0
C01903	0	1	0	0	1	0	0	1	0	1	0	0	0	0	0	0	0	0	0	0
C01904	1	1	1	1	1	1	1	1	1	1	1	0	1	1	1	0	0	0	0	0
C01905	1	1	1	1	0	0	1	0	0	0	1	0	0	0	0	0	0	0	0	0
C01906	1	1	1	1	0	1	1	1	1	1	1	0	1	0	1	0	0	0	0	0
C01907	1	1	1	1	0	1	1	1	0	0	0	0	0	1	0	0	0	0	0	0
C01908	1	0	1	0	0	1	1	1	0	0	0	0	0	0	1	0	0	0	0	0
C01909	1	1	1	1	1	1	1	0	0	0	1	0	0	0	1	0	0	1	0	0
C01910	1	1	1	1	1	1	1	1	0	0	1	0	1	1	0	0	0	0	0	0
C01911	1	1	1	1	1	1	1	1	0	1	1	0	1	1	1	0	0	1	1	0
C01912	1	1	0	1	0	1	1	1	1	1	0	0	0	0	1	0	0	0	0	0
C01913	1	1	1	1	0	1	0	0	0	0	0	0	0	0	0	0	0	0	0	0
C01914	1	1	1	1	0	0	1	0	1	1	1	1	0	0	0	0	0	0	0	0
C01915	0	1	0	1	0	0	0	0	0	1	0	1	0	0	0	0	0	0	0	0
C01916	1	0	1	0	1	1	1	1	1	1	1	0	0	0	0	0	0	0	0	0
C01917	1	1	1	1	0	1	1	0	0	0	1	1	0	0	0	0	0	0	0	0
C01918	0	0	0	1	0	1	0	1	0	0	1	0	0	0	0	0	0	0	0	0
C01919	1	1	1	1	1	1	1	1	1	1	1	1	1	1	1	1	1	1	1	1
C01920	1	0	0	0	0	0	0	0	1	1	0	0	1	1	0	1	0	0	0	0
C01921	0	1	1	1	1	1	1	1	1	1	1	1	1	1	0	0	1	0	0	0
C01922	0	1	0	1	0	0	0	1	1	1	0	0	0	0	0	0	0	0	0	0
C01923	0	1	1	1	1	0	0	1	0	0	1	0	1	0	0	0	0	0	0	0
C01924	1	1	0	1	1	1	1	1	0	1	1	1	1	1	1	1	1	1	0	0
C01925	1	1	0	0	1	1	1	0	0	1	0	0	0	0	0	0	0	0	0	0
C01926	1	1	0	1	1	1	1	1	0	1	1	1	1	1	0	0	0	1	1	0
C01927	1	1	0	1	1	1	0	1	1	1	1	0	1	1	1	1	0	0	1	0
C01928	1	0	0	0	0	1	1	1	0	0	0	0	1	0	0	0	0	0	0	0
C01929	1	0	0	0	0	0	0	1	0	0	0	0	0	0	0	0	0	0	0	0
C01930	1	1	1	0	1	1	0	0	0	1	0	1	1	1	0	1	0	1	0	0
C01931	1	1	1	1	1	1	1	1	1	1	1	0	0	0	0	1	0	0	0	0
C01932	1	0	1	1	1	1	0	0	0	0	1	0	1	0	0	1	0	0	0	0
C01933	1	0	1	1	1	1	1	0	1	1	0	1	0	0	0	0	0	0	0	0
C01934	1	1	0	1	1	0	1	1	0	0	0	0	0	0	0	0	0	0	0	0
C01935	1	1	1	1	1	1	0	1	1	1	0	0	1	1	0	1	1	1	0	0
C01936	1	1	1	1	1	1	0	1	0	1	0	0	0	0	0	0	0	0	1	0
C01937	1	1	1	1	0	0	1	1	0	1	0	0	1	1	0	0	0	0	0	0
C01938	1	0	1	1	1	0	0	1	0	1	0	0	1	0	0	0	0	0	0	0
C01939	1	1	1	1	1	0	0	0	1	0	1	1	1	1	0	0	1	0	0	0
C01940	1	1	1	1	1	0	0	1	1	1	1	0	0	0	0	0	0	0	0	0
C01941	1	1	1	1	1	1	0	0	1	0	1	1	0	0	0	1	0	0	0	0
C01942	1	0	1	0	1	1	0	1	1	0	1	0	0	0	0	0	0	0	0	0
C01943	0	1	1	1	0	0	0	0	0	1	0	0	1	0	0	0	0	0	0	0
C01944	1	1	1	1	1	1	1	0	1	1	1	1	1	1	1	1	1	0	0	0
C01945	1	1	1	1	1	1	1	1	1	1	1	0	1	0	1	0	0	0	0	1
C01946	0	0	1	1	0	0	0	1	1	0	0	0	0	0	0	0	0	0	0	0
C01947	1	0	1	1	1	0	0	1	1	0	0	0	0	0	0	0	0	0	1	0
C01948	1	1	1	0	0	0	0	0	1	0	1	0	1	1	0	0	0	0	0	0
C01949	1	1	1	1	1	1	1	1	1	1	1	0	1	1	1	0	0	0	1	0
C01950	1	1	1	0	1	0	1	1	1	1	0	0	1	0	0	0	0	0	0	1
C01951	0	0	0	1	0	1	0	0	0	0	0	0	0	0	0	0	0	0	0	0
C01952	0	1	1	1	1	1	1	0	1	0	1	1	1	0	1	1	0	0	0	0
C01953	1	0	0	0	0	1	1	1	0	0	0	0	0	0	0	0	1	0	0	0
C01954	0	1	1	1	1	1	1	1	0	0	1	0	0	0	0	0	0	0	0	0
C01955	1	1	1	1	1	1	1	1	1	1	1	0	1	1	1	0	0	1	0	0
C01956	1	0	1	0	0	0	0	1	0	0	0	0	0	1	1	0	0	0	0	0
C01957	1	1	1	1	1	1	1	1	1	1	0	1	1	1	1	0	1	0	0	1
C01958	1	1	1	1	1	1	0	1	1	0	1	0	0	0	0	0	1	0	0	0
C01959	1	1	1	0	1	1	1	0	1	1	0	1	0	0	0	0	1	0	0	0
C01960	0	1	1	0	1	0	1	1	1	1	0	0	0	0	0	0	0	0	0	0
C01961	1	1	1	0	1	0	1	1	0	1	0	1	1	0	0	1	0	0	0	0
C01962	0	1	1	1	1	1	1	1	1	1	1	0	1	1	1	1	0	0	0	1
C01963	1	1	1	1	0	0	1	0	0	1	0	0	0	1	0	0	0	0	0	0
C01964	1	1	0	0	0	1	1	1	0	1	1	0	0	1	0	0	0	0	0	0
C01965	1	1	0	1	1	0	0	1	0	1	1	1	0	0	1	0	0	0	0	0
C01966	0	1	1	1	1	0	0	1	1	0	0	0	0	0	0	1	0	0	0	0
C01967	1	1	1	1	1	1	1	1	1	1	0	0	1	1	1	1	0	0	0	0
C01968	1	0	1	1	1	0	1	0	1	1	1	1	1	1	0	1	0	0	0	1
C01969	1	1	0	1	1	1	0	1	0	1	1	1	1	0	0	0	0	1	0	0
C01970	1	1	1	1	1	1	1	1	1	1	1	1	0	0	1	0	0	0	0	1
C01971	0	1	1	1	1	1	1	0	1	0	1	1	1	1	0	0	0	0	0	0
C01972	1	1	1	1	1	1	1	0	1	1	1	1	0	1	0	0	0	0	0	0
C01973	1	1	1	1	1	1	1	1	1	0	1	1	0	0	0	0	0	1	0	0
C01974	1	0	0	1	1	0	1	1	1	1	0	0	0	0	0	0	0	0	0	0
C01975	1	1	0	1	1	1	0	1	0	0	0	0	1	0	0	1	0	0	0	0
C01976	1	1	1	0	0	1	0	1	0	0	1	0	1	0	1	0	0	0	0	0
C01977	0	1	1	1	0	0	0	0	0	0	0	1	1	1	0	0	0	0	0	0
C01978	1	0	1	1	1	1	1	0	1	1	1	1	0	0	1	0	0	0	0	1
C01979	1	0	1	0	0	1	0	0	0	0	1	0	1	1	0	0	0	0	0	0
C01980	1	1	0	1	1	1	1	1	0	0	0	0	0	0	0	1	0	0	0	0
C01981	1	0	0	0	1	1	1	1	1	1	0	1	1	0	0	0	0	0	0	0
C01982	1	1	1	1	1	1	1	1	1	1	1	1	1	1	1	1	0	0	0	0
C01983	1	1	1	1	1	1	1	1	1	0	0	0	1	0	0	1	0	0	0	0
C01984	1	1	0	0	0	1	0	1	0	1	0	0	0	0	0	0	0	0	0	0
C01985	0	1	1	1	1	0	1	1	1	1	0	0	1	1	0	0	0	0	1	0
C01986	1	1	1	1	1	1	1	1	1	1	1	1	0	0	0	0	0	0	0	0
C01987	1	1	0	1	0	1	1	1	1	1	1	1	1	1	1	1	1	0	0	0
C01988	0	1	1	1	1	0	0	0	1	1	1	0	0	0	0	0	0	0	0	0
C01989	1	1	1	1	1	1	1	1	1	1	1	1	1	1	1	1	1	1	0	1
C01990	1	0	0	1	0	1	1	0	0	0	0	0	1	1	0	0	0	0	0	0
C01991	1	1	1	1	1	1	1	1	0	0	0	1	0	0	1	0	0	0	0	0
C01992	1	1	0	0	0	0	0	0	0	0	0	0	0	0	0	0	0	0	1	0
C01993	1	1	0	1	1	1	1	0	1	1	0	0	0	0	0	0	0	0	0	1
C01994	1	1	1	1	1	1	1	1	1	1	1	1	1	1	1	0	0	0	1	0
C01995	1	1	0	1	1	0	0	1	1	1	1	0	0	0	1	0	0	0	0	0
C01996	1	0	1	1	1	1	1	1	1	1	1	0	0	0	1	0	0	0	1	0
C01997	1	1	0	1	1	0	1	0	0	1	0	0	0	0	0	0	0	0	0	0
C01998	1	1	1	1	0	1	1	0	1	1	1	0	1	1	0	1	0	0	0	0
C01999	1	1	1	1	1	1	1	1	1	1	1	1	1	0	0	1	0	0	1	1
C02000	1	0	1	0	1	0	0	0	1	0	1	0	1	0	0	0	0	0	0	0
C02001	1	1	1	1	1	1	1	1	1	0	1	1	1	1	1	0	1	0	0	1
C02002	1	1	0	1	1	1	1	1	1	0	0	1	0	0	1	1	0	0	0	0
C02003	1	1	1	1	0	1	1	1	0	1	0	1	0	1	0	0	0	0	1	0
C02004	1	1	1	0	0	1	0	1	1	0	1	0	1	0	0	0	1	0	0	0
C02005	1	1	1	1	1	0	0	1	1	0	1	1	0	0	0	1	0	0	0	0
C02006	1	1	1	0	1	1	1	1	1	0	0	1	0	0	1	0	1	0	1	0
C02007	1	1	1	1	0	1	1	0	1	0	0	0	0	0	0	0	0	0	0	0
C02008	1	1	0	1	1	1	0	0	1	1	0	1	0	0	0	0	0	0	0	0
C02009	1	1	1	1	1	1	1	1	1	1	1	0	1	1	1	0	0	0	0	0
C02010	1	1	1	1	1	1	1	1	1	0	1	1	0	0	0	1	0	1	0	0
C02011	1	0	1	1	1	1	1	0	0	1	1	1	0	0	0	0	0	0	0	1
C02012	1	1	1	1	0	1	1	1	1	1	1	0	1	1	0	1	1	1	0	1
C02013	1	1	1	1	1	1	1	1	0	1	1	0	1	1	0	1	0	0	0	0
C02014	1	1	1	0	1	0	0	1	0	1	1	0	1	1	0	0	0	0	0	0
C02015	1	1	1	1	1	0	0	1	1	0	1	0	0	0	0	1	0	0	1	1
C02016	1	0	1	1	1	1	1	1	0	1	1	1	1	1	1	0	0	0	0	0
C02017	1	1	1	1	0	1	1	1	1	1	1	1	1	1	1	1	1	1	1	0
C02018	0	0	0	0	0	1	1	0	0	0	0	0	1	0	0	0	0	1	0	0
C02019	0	1	0	1	1	1	1	1	1	0	1	0	1	1	1	1	0	0	0	0
C02020	1	1	1	1	1	0	0	1	1	0	1	0	0	0	0	1	0	0	0	0
C02021	0	1	1	1	1	0	0	1	1	0	1	0	1	1	1	0	0	1	0	0
C02022	1	1	1	1	1	1	1	0	0	0	1	1	0	1	0	0	0	0	0	0
C02023	1	1	1	0	1	1	1	1	1	1	1	1	1	1	0	0	0	1	0	1
C02024	1	1	1	1	1	1	1	0	1	1	1	0	1	0	1	0	0	0	1	0
C02025	0	1	1	1	0	1	1	1	0	1	0	0	0	0	0	0	0	0	0	0
C02026	1	1	1	1	1	1	1	1	1	0	1	0	1	1	0	1	0	0	0	1
C02027	1	0	1	1	1	0	0	0	0	0	0	0	1	0	0	0	0	0	0	0
C02028	0	1	1	0	1	0	1	1	1	1	0	0	0	0	0	1	0	0	0	0
C02029	1	1	0	0	1	0	0	0	1	1	0	0	1	1	0	0	1	0	0	0
C02030	1	0	1	1	0	1	1	0	0	0	1	1	1	0	0	0	0	0	0	0
C02031	1	1	1	1	1	0	1	0	0	0	0	0	1	1	0	0	0	0	0	0
C02032	1	1	1	1	1	0	0	0	1	1	0	1	1	1	0	0	0	1	0	0
C02033	0	1	1	1	1	0	0	0	0	0	0	1	0	0	1	0	0	0	0	0
C02034	1	1	1	1	0	1	1	1	0	0	1	0	0	1	1	0	0	0	0	0
C02035	1	1	1	1	1	1	1	1	0	0	1	0	0	0	0	0	0	0	0	0
C02036	1	1	1	1	1	1	1	1	1	1	1	0	0	0	1	0	1	1	0	0
C02037	1	1	0	0	1	1	1	0	1	1	1	0	0	0	0	1	0	0	0	0
C02038	0	1	1	0	1	1	1	1	1	0	0	0	1	0	0	0	0	0	0	0
C02039	1	1	1	0	1	1	1	1	1	0	0	0	1	1	0	0	1	0	0	0
C02040	0	1	1	0	1	1	1	1	0	0	0	0	1	0	1	0	0	0	0	0
C02041	1	1	1	1	1	1	0	0	1	0	0	0	1	0	0	0	1	0	0	0
C02042	1	1	1	0	1	1	0	1	0	0	1	1	1	0	1	0	0	1	0	0
C02043	0	1	0	0	1	0	0	0	0	1	1	1	0	0	0	0	0	0	0	0
C02044	1	1	1	1	1	1	1	1	1	1	1	1	1	1	1	1	0	1	1	0
C02045	1	1	1	1	1	1	0	0	1	0	1	1	0	1	0	0	0	0	0	0
C02046	1	1	1	1	0	1	1	1	0	0	0	0	0	0	1	0	0	0	0	0
C02047	0	1	0	1	1	0	0	0	0	1	0	1	0	1	0	0	0	0	0	0
C02048	1	1	0	0	0	1	0	0	0	0	1	0	0	0	0	0	0	0	0	0
C02049	1	1	1	0	1	0	1	0	1	1	1	0	0	0	0	0	1	0	0	0
C02050	1	0	0	1	0	0	0	1	0	0	0	0	0	0	0	0	0	0	0	0
C02051	1	1	1	1	1	1	1	1	1	1	0	0	0	0	1	1	0	0	0	0
C02052	1	1	1	1	1	1	0	1	1	1	1	0	1	0	1	0	1	1	0	1
C02053	1	1	1	0	1	0	1	1	0	0	0	1	1	1	0	0	0	0	0	0
C02054	1	1	1	1	1	1	1	1	1	1	1	0	1	1	1	0	0	0	0	0
C02055	0	1	0	1	1	0	1	1	0	0	0	1	1	0	0	0	0	0	0	0
C02056	1	1	0	0	0	0	0	0	0	0	0	0	0	0	0	0	0	0	0	0
C02057	1	1	1	1	1	0	1	0	0	0	1	0	0	0	0	0	0	0	0	0
C02058	1	1	0	1	1	1	1	0	0	0	0	0	0	0	0	0	0	0	0	0
C02059	1	1	0	0	1	0	0	0	1	0	0	1	0	0	0	0	0	0	0	0
C02060	1	1	0	1	1	0	0	0	1	1	1	0	0	0	0	0	0	0	0	0
C02061	1	0	1	1	1	1	1	1	1	0	0	0	0	1	1	0	0	0	0	0
C02062	1	0	1	0	1	1	1	1	1	1	1	1	0	0	0	0	0	0	0	0
C02063	0	1	1	1	1	0	1	1	1	0	0	0	0	0	0	0	0	0	0	0
C02064	1	1	1	0	0	0	1	0	0	1	0	0	0	0	0	0	1	0	0	0
C02065	1	1	1	1	1	1	0	0	0	0	0	1	1	0	0	1	1	0	0	0
C02066	1	1	1	1	1	1	1	0	1	1	0	0	0	0	0	1	0	0	0	0
C02067	1	1	1	1	0	0	1	1	1	0	1	0	0	0	0	0	0	0	0	0
C02068	0	1	0	0	0	0	0	0	0	0	0	1	0	0	0	0	0	0	0	0
C02069	1	0	0	1	1	1	1	0	1	1	0	0	0	0	0	0	0	0	0	0
C02070	1	1	0	1	0	1	1	1	1	1	1	0	1	0	1	0	0	0	0	0
C02071	1	1	1	0	1	0	0	0	1	1	1	1	0	1	0	0	0	0	0	0
C02072	1	0	1	1	0	1	1	0	1	1	1	1	0	0	1	0	0	0	0	0
C02073	0	1	1	1	0	1	1	1	1	0	0	1	0	0	0	0	0	0	0	0
C02074	1	1	1	1	1	1	1	1	1	1	1	1	1	1	1	1	0	0	0	1
C02075	1	1	1	1	0	1	1	1	1	1	1	1	1	0	0	0	0	1	0	0
C02076	1	1	1	0	0	1	1	1	0	0	0	1	0	1	0	0	0	0	0	1
C02077	1	1	1	0	1	1	1	1	1	1	0	1	0	1	0	1	0	0	0	0
C02078	1	1	1	1	1	1	1	1	1	1	1	1	1	1	1	1	1	1	0	1
C02079	1	0	0	0	0	1	0	0	1	0	0	0	1	0	0	1	1	0	0	0
C02080	1	1	1	1	1	1	1	0	0	1	0	0	1	0	0	0	0	0	0	0
C02081	1	1	1	1	1	1	1	1	1	1	1	0	1	0	1	0	0	1	0	0
C02082	1	1	1	0	0	1	1	1	1	0	1	1	1	0	0	0	0	0	0	0
C02083	0	1	1	1	1	1	1	0	1	1	0	0	0	1	1	1	1	0	1	0
C02084	1	1	0	1	1	1	1	0	1	0	1	0	0	0	0	0	0	0	0	0
C02085	1	0	1	1	1	1	1	1	1	1	0	1	0	0	1	0	0	0	0	1
C02086	1	1	1	0	1	1	0	1	0	0	0	0	0	0	0	0	0	0	0	0
C02087	1	1	1	1	0	1	1	1	1	0	1	0	1	1	1	0	1	0	1	0
C02088	1	0	0	0	1	0	1	1	0	0	0	0	1	1	1	0	1	0	0	0
C02089	0	0	1	1	1	1	1	1	1	0	0	1	1	1	1	0	1	0	0	0
C02090	1	1	1	1	1	1	1	1	0	1	1	1	0	1	1	1	1	0	0	1
C02091	0	1	1	1	1	1	0	0	0	0	0	1	0	0	0	0	0	0	0	0
C02092	1	1	0	1	0	1	1	0	0	0	0	1	0	0	0	0	0	0	0	0
C02093	1	1	1	0	1	1	1	1	1	1	1	1	1	1	1	1	1	0	1	1
C02094	1	1	1	1	1	0	1	0	1	0	0	0	0	0	0	1	0	0	0	0
C02095	0	1	0	0	1	1	1	0	1	0	0	0	0	0	0	0	0	0	0	0
C02096	1	1	1	0	1	0	0	0	0	0	0	0	0	0	0	0	0	0	0	0
C02097	1	1	1	1	1	1	0	1	1	1	0	1	1	1	1	0	0	0	0	0
C02098	1	0	1	1	0	1	1	0	1	0	0	0	0	0	0	1	0	0	0	0
C02099	1	1	1	1	0	1	0	0	0	1	0	0	0	0	0	0	0	1	1	0
C02100	1	1	1	1	0	1	1	0	0	1	0	1	0	1	0	0	0	0	1	0
C02101	1	1	1	1	1	1	1	0	1	1	0	1	1	1	1	0	0	0	1	0
C02102	1	1	1	1	1	1	0	0	0	0	0	0	0	0	0	0	0	0	0	0
C02103	1	1	1	0	1	1	0	1	0	0	0	0	0	0	0	0	0	0	0	0
C02104	0	1	1	1	1	1	0	1	1	0	1	0	1	1	1	1	1	1	0	0
C02105	1	0	1	0	1	1	1	1	1	1	1	1	1	0	1	1	1	1	0	0
C02106	1	1	1	1	0	1	0	1	1	1	0	0	1	1	1	1	0	1	1	0
C02107	0	0	1	1	1	0	1	1	1	1	0	1	0	1	0	0	0	0	0	0
C02108	1	0	1	1	1	1	1	1	0	1	1	1	1	0	1	0	0	0	0	0
C02109	0	1	0	1	0	0	0	1	0	0	0	0	0	0	0	0	0	0	0	0
C02110	0	0	1	0	1	0	1	0	1	0	0	1	0	0	0	0	0	0	0	1
C02111	1	1	1	1	1	0	0	1	0	1	1	0	0	1	0	1	0	0	1	0
C02112	0	0	1	1	0	1	1	1	1	1	0	1	0	0	0	1	0	1	0	0
C02113	1	1	1	1	1	1	1	1	1	1	1	0	1	0	1	0	0	0	0	0
C02114	1	0	0	1	0	0	1	0	0	1	0	1	0	0	0	0	0	1	0	0
C02115	1	1	0	1	1	1	0	0	0	1	0	0	0	0	0	0	0	1	0	0
C02116	1	1	1	1	1	1	0	1	1	0	1	1	1	1	1	0	1	1	0	0
C02117	1	1	1	1	1	1	1	0	1	0	1	0	0	0	0	0	1	0	0	1
C02118	1	0	0	1	1	0	0	1	1	0	0	0	1	1	0	0	0	0	0	0
C02119	1	1	0	1	1	1	1	0	1	0	0	0	0	0	0	0	0	0	0	0
C02120	1	1	1	1	1	1	1	0	0	0	1	1	1	1	0	0	1	0	0	0
C02121	1	1	1	1	1	0	1	1	1	0	0	0	0	0	0	0	0	0	0	0
C02122	1	1	0	1	1	1	1	0	1	1	0	0	1	1	1	0	1	1	0	0
C02123	1	0	1	0	0	0	0	0	0	0	1	0	0	0	0	0	0	0	0	0
C02124	1	1	1	1	1	0	0	0	0	1	1	0	0	1	1	0	0	0	0	0
C02125	1	1	1	1	1	0	0	0	0	0	0	1	0	0	0	0	0	0	0	0
C02126	0	1	1	0	1	1	1	0	0	0	0	0	1	0	0	1	1	0	0	0
C02127	1	1	1	1	1	0	0	0	0	1	1	0	1	0	0	0	0	0	0	0
C02128	1	1	1	0	1	1	1	1	1	0	1	1	0	0	0	0	0	0	0	0
C02129	1	1	1	1	1	1	1	1	0	1	0	0	1	1	1	0	0	1	1	0
C02130	1	1	0	1	0	0	0	0	0	0	1	0	0	0	0	0	1	0	0	0
C02131	1	1	1	1	1	1	1	0	0	1	1	0	0	0	0	0	0	0	0	0
C02132	1	1	0	0	0	1	1	1	1	1	1	0	0	0	0	1	0	0	0	0
C02133	1	1	1	1	0	1	1	0	0	0	1	0	1	0	0	0	0	0	0	0
C02134	0	0	1	1	1	0	1	1	1	1	0	1	0	0	0	1	0	0	0	0
C02135	1	1	1	1	1	1	1	1	1	1	1	1	1	1	1	0	0	0	1	0
C02136	1	1	1	1	1	1	0	1	0	1	1	1	1	0	0	0	0	0	0	0
C02137	1	1	1	1	1	1	1	1	1	1	0	1	1	1	0	0	0	0	0	0
C02138	1	1	1	1	1	1	1	1	1	1	1	1	1	1	1	1	0	1	0	0
C02139	0	1	0	0	1	1	1	1	1	1	0	1	0	0	0	1	1	0	0	0
C02140	1	1	1	1	1	1	0	0	1	1	1	1	1	1	0	0	1	1	1	0
C02141	1	1	1	1	1	1	1	1	1	1	1	0	0	1	0	1	0	0	1	0
C02142	1	1	1	1	0	1	1	1	0	0	1	0	0	0	0	0	1	0	0	0
C02143	1	1	1	1	1	1	1	0	0	0	0	0	0	1	0	1	1	0	0	0
C02144	1	1	1	1	1	0	1	1	1	0	1	1	1	0	0	0	0	1	0	0
C02145	1	1	0	0	1	1	1	1	0	0	0	1	1	0	1	0	0	0	0	0
C02146	1	1	1	1	1	1	1	0	1	0	1	0	1	0	1	0	0	0	0	0
C02147	1	1	1	0	0	0	0	0	1	0	1	0	0	1	0	0	0	0	0	0
C02148	1	0	0	0	0	1	0	0	0	0	0	0	0	0	0	0	0	0	0	0
C02149	1	0	1	1	1	1	1	1	0	0	0	0	1	1	0	0	0	0	0	1
C02150	1	1	1	1	1	1	1	1	1	1	1	1	0	0	0	0	0	1	0	0
C02151	1	1	0	1	1	1	1	1	0	1	1	1	0	0	1	1	0	0	0	0
C02152	1	1	1	1	1	0	1	1	1	1	1	0	1	1	0	1	1	0	1	0
C02153	1	1	1	1	0	1	1	1	0	1	1	0	1	1	0	0	0	1	1	0
C02154	1	1	0	1	1	0	0	1	0	0	0	0	0	0	0	0	1	0	0	0
C02155	1	1	1	1	1	1	0	0	0	1	1	1	1	1	0	0	0	0	0	0
C02156	1	1	1	0	0	0	1	0	0	0	0	0	0	0	0	0	0	0	0	0
C02157	1	1	1	1	0	1	1	1	1	0	0	1	1	1	1	1	0	0	0	1
C02158	0	1	0	1	0	1	1	1	0	1	0	1	1	1	1	1	0	0	1	0
C02159	1	1	1	1	1	1	1	1	0	1	0	0	0	1	1	0	0	0	0	0
C02160	1	1	1	1	1	1	0	1	0	1	1	1	0	0	1	0	0	0	1	0
C02161	1	0	1	1	0	0	1	0	0	1	0	1	0	0	0	0	0	0	0	0
C02162	1	1	0	1	1	1	1	1	0	1	1	0	0	0	0	0	1	0	0	0
C02163	1	1	1	0	1	0	0	1	1	1	0	0	1	0	0	0	0	0	0	0
C02164	1	0	1	1	1	1	1	1	1	1	0	1	1	0	0	0	0	0	0	0
C02165	1	1	1	1	1	1	1	0	1	1	0	1	0	1	1	0	0	0	0	1
C02166	1	1	1	1	1	1	1	1	1	1	0	1	1	1	0	0	1	1	0	0
C02167	1	1	1	1	1	1	1	1	1	1	1	0	0	1	0	0	1	1	1	0
C02168	0	0	1	1	0	1	0	1	0	0	0	0	1	0	1	0	0	0	0	0
C02169	1	1	1	1	0	0	1	0	1	0	0	0	0	0	1	0	1	0	0	0
C02170	1	1	1	1	1	1	1	0	1	0	1	1	1	0	1	1	0	0	1	0
C02171	1	1	1	1	1	1	1	1	1	1	1	1	1	0	0	0	0	0	0	0
C02172	0	1	0	0	0	1	1	1	0	0	0	0	1	1	0	0	0	0	0	0
C02173	1	1	0	1	0	0	0	0	1	1	0	0	0	1	0	0	0	0	0	0
C02174	1	0	1	1	1	1	1	1	1	0	1	0	1	0	1	0	0	0	0	0
C02175	1	1	0	0	0	0	0	0	0	0	0	0	0	0	0	0	0	0	0	0
C02176	0	1	0	0	1	0	0	0	0	1	0	0	0	0	0	0	0	0	0	0
C02177	0	1	1	1	0	0	0	1	1	1	1	1	0	0	1	0	0	0	0	0
C02178	1	1	1	1	1	1	0	1	1	1	1	0	1	0	1	1	1	0	1	0
C02179	1	1	1	1	0	1	1	1	1	0	1	1	0	0	1	0	0	1	0	0
C02180	1	1	1	1	0	1	1	1	1	1	1	0	0	0	1	0	0	0	1	0
C02181	1	1	1	1	1	1	1	0	1	0	0	1	0	0	0	0	0	0	0	0
C02182	1	1	1	1	1	1	1	1	1	1	1	1	0	1	0	0	1	0	0	0
C02183	1	1	1	1	1	1	1	1	1	0	1	0	0	0	1	0	1	0	0	0
C02184	1	1	1	1	1	1	1	1	1	1	1	1	0	1	1	1	0	1	0	0
C02185	1	0	1	1	0	0	0	1	0	0	0	0	0	0	0	1	0	0	0	0
C02186	1	1	1	0	1	0	1	0	0	0	1	1	1	1	0	0	0	0	0	0
C02187	1	1	0	1	1	0	1	1	0	0	1	0	1	0	0	1	0	0	0	0
C02188	1	1	1	1	1	1	0	1	1	1	1	0	0	0	1	0	0	0	0	0
C02189	1	0	0	1	1	1	0	0	0	0	1	0	0	0	0	0	0	1	0	0
C02190	1	1	0	1	1	1	1	1	0	1	0	0	1	1	1	0	0	0	1	1
C02191	1	1	0	1	1	1	1	0	0	0	0	0	0	0	0	0	0	0	0	0
C02192	1	0	1	0	1	1	0	1	0	0	0	0	0	0	0	0	0	0	0	0
C02193	0	1	1	0	1	1	1	1	0	1	1	0	0	0	0	0	0	0	0	0
C02194	1	1	1	1	1	1	1	1	1	1	1	0	0	1	1	1	1	1	1	0
C02195	1	0	1	0	1	1	1	1	1	1	0	0	0	0	0	0	0	0	0	0
C02196	1	1	1	0	1	1	1	1	0	0	0	0	1	1	1	0	0	0	0	0
C02197	1	1	1	1	1	1	0	1	1	1	0	0	1	0	0	0	0	0	0	0
C02198	1	0	0	1	1	0	1	1	0	0	0	0	1	1	0	0	0	1	0	0
C02199	1	1	0	1	1	0	1	0	1	0	0	0	0	0	0	0	0	0	0	0
C02200	1	1	1	1	0	0	0	1	0	1	0	1	1	0	1	0	0	0	0	0
C02201	1	1	0	1	1	1	1	1	0	0	1	1	1	0	0	0	0	0	0	0
C02202	1	1	1	1	1	1	1	1	1	1	0	0	0	0	1	0	0	1	0	1
C02203	0	1	0	1	1	0	0	0	0	0	1	1	0	0	0	0	0	0	0	0
C02204	1	1	0	1	0	1	0	1	1	1	0	1	0	0	1	0	0	0	1	0
C02205	0	1	1	1	0	0	0	1	0	0	0	0	0	0	0	0	0	0	0	0
C02206	1	1	1	0	1	1	0	0	0	0	0	0	1	0	0	0	0	0	0	0
C02207	1	1	1	1	0	1	1	1	0	1	1	1	1	0	0	0	0	0	0	0
C02208	1	0	0	0	0	1	1	0	0	1	0	1	0	0	0	0	0	0	0	0
C02209	1	1	1	1	1	1	1	0	0	0	0	0	1	1	0	0	0	0	0	0
C02210	1	1	0	0	1	0	0	1	1	1	1	0	1	0	0	0	0	0	0	0
C02211	0	1	0	0	1	0	0	0	1	0	1	0	0	0	0	0	0	0	0	0
C02212	1	1	1	1	1	1	1	1	1	0	1	1	1	1	1	0	1	0	1	0
C02213	1	1	1	1	0	0	0	0	1	0	1	0	0	0	0	0	0	0	0	0
C02214	1	1	1	1	1	1	1	1	1	1	0	0	0	0	0	0	0	1	0	0
C02215	1	1	1	1	1	1	1	1	1	1	0	0	1	1	1	0	1	0	1	0
C02216	1	1	1	1	1	1	1	1	0	0	1	1	0	0	0	1	0	0	0	0
C02217	1	1	0	1	0	0	0	1	1	0	0	0	0	0	0	0	0	0	0	0
C02218	1	1	1	1	1	1	1	0	1	0	0	0	0	0	1	1	0	0	0	1
C02219	1	1	0	0	1	1	1	0	0	1	0	1	1	1	0	0	0	0	0	0
C02220	0	0	0	0	1	1	1	0	0	0	0	0	0	0	0	0	0	0	0	0
C02221	1	1	0	1	1	0	1	1	1	1	1	0	0	0	1	0	0	0	0	0
C02222	1	0	1	0	1	1	0	0	0	0	0	0	0	0	0	0	0	0	0	0
C02223	1	1	1	1	1	1	1	1	1	1	0	1	0	0	1	1	1	1	0	0
C02224	0	1	1	1	0	1	0	0	0	1	0	0	0	0	0	0	0	0	0	0
C02225	1	1	1	1	0	1	1	1	1	1	1	1	1	1	1	1	1	0	1	1
C02226	0	1	1	0	0	0	0	0	0	0	0	0	0	0	0	0	0	0	0	0
C02227	1	1	0	1	0	1	1	1	1	0	0	0	0	0	0	0	0	0	0	1
C02228	1	1	0	1	1	1	1	0	1	1	0	0	1	0	0	1	0	1	0	0
C02229	1	1	1	1	1	1	1	1	1	1	1	1	0	1	0	1	1	0	1	0
C02230	0	0	1	1	1	0	0	0	1	0	1	0	0	0	0	0	0	0	0	0
C02231	1	1	0	0	0	0	0	0	0	0	0	0	0	0	0	0	0	0	0	0
C02232	1	1	1	1	0	1	1	0	1	0	1	0	1	0	0	0	0	1	0	0
C02233	1	1	0	1	1	1	1	0	1	1	0	0	0	0	0	0	0	0	0	0
C02234	1	1	0	1	0	1	1	1	1	1	0	1	1	0	1	0	1	0	0	0
C02235	1	1	1	1	1	0	1	1	1	1	1	0	1	1	1	1	1	1	0	0
C02236	1	1	1	1	1	1	1	1	1	1	1	1	1	1	0	0	1	1	0	0
C02237	0	1	1	0	1	1	0	0	0	1	1	0	0	0	0	0	0	0	0	0
C02238	1	1	1	1	1	1	1	1	0	1	0	0	0	0	0	1	0	0	0	0
C02239	1	1	1	0	1	1	1	1	1	0	0	1	0	0	1	0	1	0	0	0
C02240	1	1	1	1	1	1	1	1	1	1	0	0	1	1	0	1	0	0	1	0
C02241	0	0	1	1	0	0	0	1	0	0	1	0	1	0	0	0	0	0	0	0
C02242	1	0	0	0	0	0	0	0	0	0	0	0	0	0	0	0	0	0	0	0
C02243	1	1	1	1	1	1	1	1	1	0	0	0	1	1	1	1	0	0	1	0
C02244	1	1	1	1	0	1	1	1	1	0	1	0	0	1	0	0	0	0	0	0
C02245	1	0	1	1	1	1	1	1	1	1	1	1	1	0	0	0	0	0	0	0
C02246	1	1	1	0	1	0	0	0	1	0	0	0	0	0	0	0	0	0	0	0
C02247	0	1	1	1	1	0	1	1	0	0	0	1	1	1	0	0	0	0	0	0
C02248	0	1	0	1	1	1	1	0	1	1	0	0	1	0	0	0	0	0	0	0
C02249	1	1	1	1	1	0	0	0	0	0	0	0	0	0	1	0	0	0	0	0
C02250	1	1	0	1	0	1	0	0	0	1	0	1	1	0	0	0	0	0	0	0
C02251	1	1	0	0	1	0	1	1	0	0	0	0	0	0	0	0	0	0	0	0
C02252	1	1	0	0	1	0	0	1	0	1	0	1	0	0	0	0	0	0	0	0
C02253	0	1	1	1	0	1	0	0	0	0	0	0	1	0	0	0	0	0	0	0
C02254	1	1	1	1	1	1	1	0	1	0	1	0	0	0	0	0	0	0	0	0
C02255	0	1	1	1	1	0	0	0	1	0	0	0	0	1	0	0	0	0	0	0
C02256	1	1	0	0	0	0	0	0	0	0	1	0	0	0	0	0	0	0	0	0
C02257	1	1	1	1	1	0	1	0	1	1	1	0	1	0	1	1	0	0	0	0
C02258	1	0	0	0	0	0	0	0	0	0	0	0	0	0	0	0	0	0	0	0
C02259	0	1	1	1	0	0	0	0	0	0	0	0	0	1	0	0	0	0	0	0
C02260	1	1	1	1	1	1	1	0	1	1	1	0	1	1	1	1	1	0	0	0
C02261	0	1	1	1	1	0	0	1	0	1	1	0	0	1	1	0	1	0	0	0
C02262	1	0	1	1	0	1	1	0	1	1	1	1	1	0	1	1	0	1	0	0
C02263	1	1	1	1	0	1	1	1	1	1	0	0	1	1	0	0	0	1	0	0
C02264	1	0	0	1	1	1	1	0	1	0	1	0	1	1	0	0	0	0	0	0
C02265	1	1	1	1	1	1	1	1	1	1	1	0	0	0	0	0	1	1	0	0
C02266	1	0	1	0	1	1	1	0	0	0	0	0	0	0	0	0	0	0	0	0
C02267	1	1	0	0	1	1	1	0	1	0	1	1	0	0	1	0	0	0	0	0
C02268	0	1	1	1	0	1	1	0	1	0	1	0	0	0	0	0	0	0	0	0
C02269	1	1	1	1	1	1	1	0	1	1	1	1	1	1	1	1	1	1	0	0
C02270	1	1	0	0	1	0	0	1	0	0	0	1	0	1	0	0	0	0	0	0
C02271	1	1	1	1	1	1	1	1	0	0	1	0	0	0	0	0	0	0	1	0
C02272	1	1	0	1	1	1	1	1	1	1	1	0	0	0	1	0	0	1	1	1
C02273	1	1	0	1	1	1	1	1	0	1	1	0	1	0	0	0	1	0	0	0
C02274	1	0	0	0	1	1	0	0	0	0	0	0	0	0	0	0	0	0	0	0
C02275	0	1	0	0	0	0	1	0	1	0	0	0	0	0	0	0	0	0	0	0
C02276	0	1	1	1	1	1	0	1	1	1	1	1	0	1	0	0	1	0	0	1
C02277	1	0	1	1	1	1	0	1	0	0	1	0	0	0	0	0	1	0	0	0
C02278	0	1	1	1	0	1	1	1	1	1	1	0	1	0	0	0	1	0	1	1
C02279	1	1	0	1	1	1	1	1	1	0	0	1	0	0	0	0	1	0	0	0
C02280	1	1	1	1	1	0	1	1	0	0	1	0	0	0	0	0	0	0	0	0
C02281	1	1	1	1	1	1	1	1	0	0	0	0	0	0	0	0	0	0	0	0
C02282	1	1	0	1	1	1	1	1	1	0	1	1	1	1	0	0	0	1	0	0
C02283	1	1	1	1	1	1	1	0	1	0	0	0	0	1	1	0	1	0	0	0
C02284	0	0	0	0	0	0	0	0	0	1	0	0	0	0	0	0	0	0	0	0
C02285	1	0	1	0	0	1	1	1	1	0	0	0	0	0	0	0	0	0	0	0
C02286	1	1	1	1	1	0	0	1	1	1	0	0	0	1	1	1	0	0	0	0
C02287	0	1	1	1	0	1	1	1	1	0	1	1	0	0	1	0	0	0	0	0
C02288	0	1	0	1	1	1	1	1	1	0	0	1	0	0	0	1	0	0	0	0
C02289	1	1	1	1	1	1	1	1	1	1	0	1	1	1	1	0	1	1	0	0
C02290	1	1	1	1	0	0	1	1	1	0	0	0	1	0	0	0	0	0	0	0
C02291	0	1	1	0	0	0	1	0	0	0	0	0	0	0	0	0	0	0	0	0
C02292	1	1	1	1	1	0	1	1	1	1	1	1	0	0	0	0	0	0	0	1
C02293	1	1	0	1	0	1	0	0	0	1	0	0	0	0	0	1	0	0	1	0
C02294	1	0	1	0	0	1	1	1	0	1	0	1	0	0	0	0	0	0	0	0
C02295	1	1	1	1	1	1	0	1	1	1	1	0	0	1	1	1	0	0	0	0
C02296	1	1	1	1	1	1	1	0	1	1	0	0	0	0	0	0	0	0	1	0
C02297	0	1	1	1	1	1	1	0	1	1	0	1	1	1	0	0	0	0	0	0
C02298	0	1	1	1	1	0	1	0	1	1	0	0	0	0	1	0	0	0	1	0
C02299	1	1	0	1	0	0	1	1	1	1	1	1	1	0	0	1	0	0	0	0
C02300	0	1	1	0	0	1	1	1	1	0	0	0	0	0	0	0	0	0	0	0
C02301	1	1	1	1	1	1	1	0	0	1	0	0	0	0	0	0	1	0	0	0
C02302	1	1	1	1	1	1	1	1	1	0	1	0	0	1	0	0	1	0	0	0
C02303	1	1	0	1	1	1	1	1	0	1	1	1	1	1	1	0	0	1	0	1
C02304	1	1	1	1	0	1	1	1	1	1	1	1	0	1	1	0	0	0	0	0
C02305	0	1	0	1	0	0	1	1	0	1	1	1	1	0	0	0	0	0	0	0
C02306	1	1	1	1	0	1	1	0	0	1	0	0	0	0	0	0	0	0	0	0
C02307	1	1	0	1	0	0	0	0	1	1	0	1	0	0	0	0	0	0	0	0
C02308	1	1	1	1	1	1	1	1	1	1	1	1	1	0	1	1	1	0	0	0
C02309	1	1	1	0	1	1	0	0	1	0	0	1	0	0	1	0	0	0	0	0
C02310	0	1	0	1	1	0	0	0	0	0	0	0	0	0	0	0	0	0	0	0
C02311	1	0	1	1	0	1	1	1	0	1	0	0	0	0	1	0	0	0	0	0
C02312	1	1	0	0	1	0	1	1	0	1	1	1	1	0	0	0	0	1	0	0
C02313	0	0	1	0	1	0	0	0	0	0	0	0	1	0	0	0	0	0	0	0
C02314	0	1	1	1	0	0	1	0	1	0	1	0	0	0	0	0	1	0	0	0
C02315	1	1	1	0	1	1	1	1	0	1	1	0	0	0	0	0	0	0	0	0
C02316	0	0	1	0	1	0	0	0	0	0	0	0	0	0	0	0	0	0	0	0
C02317	1	1	1	0	1	1	1	1	1	1	0	0	0	0	1	0	0	0	0	1
C02318	1	1	1	1	1	1	1	1	0	0	1	1	1	1	0	1	0	1	0	0
C02319	1	1	1	1	0	1	1	0	0	1	1	1	0	0	0	0	0	0	0	0
C02320	1	1	1	1	1	1	1	0	1	1	1	1	1	1	1	1	1	0	0	0
C02321	1	0	0	1	1	0	0	0	0	0	0	0	0	0	0	0	0	0	0	0
C02322	1	1	1	1	1	1	1	0	1	1	1	0	1	1	0	0	0	0	1	1
C02323	1	1	1	1	0	1	1	0	0	1	0	1	0	0	1	0	0	0	0	1
C02324	0	1	1	1	1	1	1	1	0	1	1	1	0	0	1	0	0	0	0	0
C02325	1	1	1	0	0	1	1	0	0	0	0	0	0	0	0	0	0	0	0	0
C02326	1	1	1	1	1	0	1	1	0	0	1	1	1	1	1	0	0	0	1	0
C02327	0	1	1	1	0	0	0	1	1	1	0	0	0	0	0	0	0	0	0	0
C02328	1	0	1	1	0	0	1	1	0	0	1	0	1	0	1	0	0	0	0	1
C02329	1	1	1	0	1	0	0	1	0	1	0	0	1	1	0	0	0	0	0	0
C02330	1	0	0	1	1	0	1	1	0	1	1	1	1	0	1	1	0	0	0	0
C02331	0	0	1	1	0	0	1	1	1	0	1	0	1	0	0	0	0	0	0	0
C02332	0	1	1	0	1	1	1	1	0	0	0	0	0	0	0	1	0	0	0	0
C02333	1	0	1	1	1	1	1	1	1	1	0	1	1	0	1	1	1	0	0	0
C02334	1	1	0	1	1	1	1	0	1	0	0	1	0	0	0	0	0	0	0	0
C02335	0	1	1	1	1	1	1	1	1	0	1	0	1	0	1	0	0	0	1	0
C02336	1	1	0	1	0	1	0	1	1	0	1	0	1	0	0	0	0	0	0	0
C02337	1	1	1	1	0	1	1	1	1	1	1	1	1	1	1	0	0	0	0	0
C02338	1	0	1	1	0	1	1	1	1	0	1	1	1	0	0	1	0	0	0	0
C02339	1	1	1	1	1	1	1	1	0	0	1	1	1	1	0	0	0	0	0	0
C02340	1	1	1	1	0	1	1	1	1	0	1	1	1	1	0	0	0	0	0	0
C02341	1	1	1	0	1	1	1	1	0	0	0	1	0	0	0	1	0	0	0	0
C02342	0	1	0	0	0	1	1	1	1	0	0	0	0	0	1	0	0	0	0	0
C02343	1	1	1	1	0	0	0	1	1	0	0	0	0	0	0	0	0	0	0	0
C02344	1	1	1	0	1	1	1	1	0	1	1	1	1	0	1	1	1	1	1	0
C02345	1	1	1	1	1	0	1	1	1	1	1	1	1	0	0	0	0	0	0	0
C02346	1	1	0	1	0	1	0	1	1	0	0	0	0	0	0	0	0	0	0	0
C02347	1	0	1	1	1	1	1	1	1	1	1	0	1	1	1	0	1	1	1	1
C02348	0	1	1	1	1	1	1	1	0	1	1	1	1	0	0	1	0	0	0	1
C02349	0	1	1	0	0	0	0	1	0	1	0	1	0	0	0	0	0	0	0	0
C02350	1	1	0	1	0	0	0	1	0	0	0	1	0	0	0	0	0	0	0	0
C02351	1	1	1	1	1	1	1	0	1	0	1	1	1	1	0	0	1	0	0	0
C02352	0	1	1	0	1	1	1	1	1	0	0	1	0	1	0	0	0	0	0	0
C02353	1	1	1	1	1	1	1	1	1	1	1	1	1	1	1	1	1	0	1	0
C02354	1	1	1	1	1	1	1	0	0	1	0	1	0	0	1	0	0	0	0	1
C02355	1	1	1	1	1	1	0	1	0	0	1	0	1	0	0	0	0	0	0	0
C02356	1	1	1	1	0	1	1	1	0	1	1	0	1	0	0	0	0	0	0	0
C02357	1	1	1	1	1	1	1	1	0	1	0	0	1	0	0	0	0	0	0	1
C02358	0	1	0	1	1	1	0	0	0	0	0	1	0	0	0	0	0	0	0	0
C02359	0	0	1	1	1	1	1	1	0	0	1	1	0	0	0	0	0	0	0	0
C02360	1	1	1	0	1	0	0	0	0	1	0	0	0	0	1	0	0	0	0	0
C02361	1	1	1	1	1	1	0	1	0	1	1	1	0	0	0	1	0	0	0	0
C02362	1	1	1	1	0	1	1	1	1	1	1	0	0	0	0	0	0	0	0	0
C02363	1	1	1	0	0	1	0	0	0	1	0	1	0	0	0	0	0	0	0	0
C02364	1	1	1	1	1	1	1	0	0	0	1	0	1	1	0	0	0	0	0	0
C02365	0	1	1	1	0	0	0	1	0	1	0	1	1	1	0	1	0	0	0	0
C02366	1	1	1	0	0	0	0	1	1	0	1	1	0	1	0	0	0	0	1	0
C02367	1	0	1	1	1	0	1	0	0	0	0	1	1	1	1	1	0	0	0	0
C02368	0	1	1	0	1	1	1	0	1	0	0	0	0	1	0	1	0	0	0	0
C02369	1	1	0	1	1	1	1	1	0	1	0	1	0	0	0	0	0	0	1	0
C02370	1	1	1	0	0	1	1	1	1	1	1	0	1	0	1	0	0	0	0	0
C02371	1	1	1	1	1	1	1	0	0	0	1	1	1	0	0	0	0	0	0	0
C02372	1	1	1	1	1	0	0	1	0	1	0	1	0	0	0	0	0	0	0	0
C02373	1	1	0	1	1	0	0	1	1	0	1	1	0	0	1	0	1	0	0	0
C02374	1	1	1	1	0	0	0	1	0	1	1	1	1	1	0	0	0	0	0	0
C02375	1	1	1	1	1	1	1	1	1	1	0	0	1	0	0	0	1	0	0	0
C02376	1	1	1	0	1	1	1	0	0	0	1	1	0	1	0	0	0	0	0	0
C02377	0	1	1	1	1	1	1	0	1	1	0	0	0	0	1	1	1	1	1	0
C02378	1	0	1	0	1	1	1	1	0	1	1	0	1	0	0	0	0	0	0	0
C02379	1	1	1	1	1	1	1	1	1	1	0	0	0	0	0	0	0	0	0	0
C02380	1	0	0	0	0	1	0	1	0	0	0	0	0	0	0	0	0	0	0	0
C02381	0	1	1	1	1	1	1	0	1	0	1	0	0	0	0	0	0	0	1	0
C02382	0	1	0	0	0	1	1	0	0	0	0	0	0	0	0	1	0	0	0	0
C02383	1	0	1	0	1	1	1	0	0	1	1	0	0	0	0	0	0	0	0	0
C02384	1	0	1	1	0	0	0	0	1	1	1	1	0	0	0	0	0	0	0	0
C02385	1	1	1	0	1	0	1	1	1	1	1	1	0	0	1	1	0	0	0	0
C02386	1	1	0	0	1	0	1	0	0	1	0	0	0	0	0	0	0	0	0	0
C02387	0	0	0	1	1	1	1	0	0	0	0	0	0	1	0	0	0	0	0	0
C02388	1	1	1	1	1	1	1	1	1	1	1	1	1	0	1	0	1	0	0	0
C02389	1	0	0	1	0	1	0	0	1	1	1	1	0	0	0	1	0	0	0	0
C02390	1	1	1	1	1	0	0	1	1	1	1	0	1	0	1	1	0	0	0	0
C02391	1	1	1	1	1	1	0	0	1	0	1	0	0	0	0	0	0	0	0	0
C02392	1	0	0	0	0	1	1	0	1	0	0	1	1	0	0	0	0	0	0	0
C02393	1	1	1	1	1	1	0	1	1	1	0	0	1	1	0	0	0	0	0	0
C02394	1	1	0	0	1	1	1	1	0	0	0	0	1	1	0	0	0	1	0	0
C02395	1	0	0	1	1	0	1	1	0	0	0	0	0	1	0	0	1	0	0	0
C02396	1	1	0	1	0	0	0	1	1	0	0	0	0	0	0	1	0	0	0	0
C02397	1	1	1	1	0	1	1	1	0	1	0	1	1	0	0	0	0	0	1	1
C02398	1	1	0	0	0	1	1	1	1	1	1	1	0	1	0	0	0	0	0	0
C02399	1	1	1	1	1	1	1	1	1	1	1	1	1	1	1	1	1	1	0	1
C02400	1	1	1	1	1	1	1	1	1	1	1	1	0	1	1	0	0	0	0	0
C02401	0	1	0	1	1	0	0	0	0	1	0	0	0	0	0	0	0	0	0	0
C02402	1	1	0	1	1	1	1	1	1	1	1	0	1	1	0	0	0	0	0	0
C02403	1	0	0	0	1	0	0	0	0	1	0	1	0	0	0	1	0	0	0	0
C02404	1	1	1	1	1	1	0	1	1	1	0	1	0	0	0	0	0	0	0	0
C02405	1	1	0	0	1	1	1	1	0	1	1	0	0	1	0	0	1	0	0	0
C02406	1	0	1	1	1	0	0	0	1	1	0	0	0	0	0	0	0	1	0	0
C02407	1	1	1	1	0	1	0	1	1	1	1	1	1	1	0	0	0	1	1	0
C02408	1	0	1	1	1	1	0	1	0	1	1	0	1	1	1	1	0	0	0	0
C02409	1	1	1	1	1	1	1	1	1	1	1	1	1	1	1	1	1	0	1	0
C02410	1	1	1	1	1	1	0	0	1	1	1	0	1	0	0	0	0	0	0	0
C02411	1	1	1	0	1	0	0	0	1	0	0	0	0	1	1	0	0	0	0	0
C02412	0	1	0	0	0	1	1	0	0	0	0	0	0	1	1	0	0	0	0	0
C02413	1	0	0	0	0	1	0	0	0	0	0	0	0	0	0	0	0	0	0	0
C02414	1	1	1	1	0	0	0	0	0	0	0	0	0	0	0	0	1	0	0	0
C02415	0	1	1	1	1	1	1	1	0	1	0	1	0	0	0	0	0	0	1	1
C02416	1	0	1	1	1	1	1	1	1	1	0	0	1	1	0	0	0	0	0	0
C02417	0	1	0	1	0	0	0	0	0	0	0	0	0	0	0	0	0	0	0	0
C02418	1	1	1	1	1	1	1	1	1	1	1	1	0	0	0	1	1	0	1	0
C02419	1	1	1	1	1	1	1	0	0	1	1	1	0	1	1	0	1	0	1	0
C02420	1	1	1	1	1	1	0	1	1	1	0	1	1	0	0	0	0	0	0	0
C02421	1	1	0	1	1	0	0	0	1	0	0	1	0	0	0	0	0	0	0	0
C02422	1	1	1	1	1	1	1	0	1	1	1	1	0	0	0	0	0	0	0	1
C02423	1	1	1	1	1	1	1	1	1	1	1	1	1	1	1	1	1	1	1	1
C02424	1	0	0	0	0	0	0	0	0	0	0	0	0	0	0	0	0	0	0	0
C02425	1	1	0	0	1	1	1	0	0	1	1	1	1	1	0	0	0	0	0	1
C02426	1	1	1	1	1	1	0	0	1	1	1	1	0	0	0	0	0	1	0	1
C02427	1	1	1	1	1	1	1	1	1	1	0	0	0	0	1	0	0	0	0	0
C02428	1	1	1	0	0	0	1	0	0	1	0	1	0	0	0	0	0	0	0	0
C02429	1	1	1	1	1	1	0	1	0	1	0	0	0	0	0	1	0	1	0	0
C02430	1	1	1	1	1	1	1	1	0	0	0	1	0	0	0	0	0	0	0	0
C02431	1	0	1	1	0	0	0	0	0	0	0	0	0	0	1	1	0	0	0	0
C02432	1	1	1	1	1	1	1	1	1	1	0	1	1	1	0	0	1	0	0	0
C02433	1	0	1	0	1	1	1	1	1	1	1	0	1	1	0	0	0	0	0	0
C02434	1	1	1	0	1	1	1	1	1	1	0	1	1	1	0	1	0	1	0	0
C02435	1	1	1	1	0	1	1	1	0	0	0	0	0	0	0	0	0	0	0	0
C02436	1	1	1	1	1	1	1	1	1	1	0	1	1	1	0	0	0	1	1	1
C02437	0	0	1	1	1	1	1	1	1	1	0	0	1	1	1	0	1	0	0	0
C02438	1	0	1	0	1	1	1	1	0	0	0	0	1	1	0	0	0	0	0	0
C02439	1	1	1	1	1	1	0	1	1	0	0	1	1	1	0	0	1	0	0	0
C02440	1	1	1	1	1	0	1	1	1	0	1	0	0	1	0	0	0	0	0	0
C02441	1	1	1	1	1	1	1	1	1	1	1	1	1	0	0	0	1	0	0	0
C02442	1	1	1	1	1	0	0	0	1	0	0	0	1	1	0	0	1	0	0	0
C02443	0	1	0	1	1	1	0	1	1	1	1	1	0	0	0	1	0	0	0	0
C02444	1	1	0	0	0	0	0	1	1	0	1	1	0	1	0	0	0	0	1	0
C02445	0	1	1	1	1	0	1	1	0	1	1	1	1	0	1	0	0	0	0	0
C02446	1	0	0	0	0	1	1	0	0	0	0	0	0	0	0	0	0	0	0	0
C02447	0	1	1	1	1	1	0	1	0	0	1	0	0	0	1	0	0	0	1	0
C02448	1	1	1	1	1	0	1	0	1	0	0	1	0	0	1	0	1	0	0	0
C02449	1	1	0	1	1	1	1	0	1	1	1	1	1	0	0	1	0	0	1	0
C02450	1	1	1	1	1	1	1	1	1	1	1	1	1	1	1	0	1	0	1	0
C02451	1	0	1	0	1	1	1	0	1	0	1	1	1	1	0	0	0	0	0	0
C02452	0	0	0	1	1	0	0	0	0	0	0	0	1	1	0	0	0	0	0	0
C02453	1	1	1	1	1	1	1	1	1	1	1	1	0	1	0	1	0	0	0	0
C02454	1	1	1	1	0	0	1	1	0	0	1	0	0	0	0	0	0	0	0	0
C02455	1	1	1	1	1	1	1	1	1	1	1	0	1	1	0	0	1	0	0	1
C02456	0	1	1	0	1	0	1	1	1	0	1	0	0	1	1	0	0	0	0	0
C02457	1	1	1	1	1	0	1	1	1	0	1	0	0	0	1	0	1	0	0	0
C02458	1	1	1	0	1	1	1	1	1	1	0	1	1	0	0	0	0	0	0	1
C02459	1	0	0	1	0	1	0	0	0	0	0	0	0	0	0	0	0	0	0	0
C02460	1	0	1	0	1	0	0	0	1	0	0	1	0	0	0	0	0	0	0	0
C02461	1	1	1	1	1	1	1	1	0	0	0	1	1	0	0	1	0	0	0	0
C02462	0	1	1	1	1	0	0	1	0	0	0	1	0	0	0	0	0	0	0	0
C02463	0	0	1	1	1	1	1	0	1	0	0	1	1	0	0	0	0	0	0	0
C02464	1	1	1	1	1	1	0	1	0	0	1	1	1	1	0	0	0	0	0	0
C02465	0	0	1	0	1	0	0	0	1	0	0	0	0	0	0	0	0	0	0	0
C02466	1	1	1	1	1	1	1	1	0	1	1	1	1	1	0	1	0	0	0	0
C02467	1	1	1	1	0	1	1	0	1	0	0	0	0	0	1	0	0	0	0	0
C02468	0	0	1	0	0	0	0	0	0	0	0	1	0	0	0	0	0	0	0	0
C02469	1	1	1	1	1	0	0	1	0	0	0	0	0	0	1	0	0	0	0	0
C02470	1	1	0	1	1	1	1	1	1	1	1	1	0	1	1	1	0	1	0	1
C02471	1	0	1	1	1	1	1	1	1	1	1	0	0	0	0	0	0	0	0	0
C02472	0	1	0	1	0	1	1	0	1	0	1	0	1	1	0	0	0	0	0	0
C02473	1	0	1	1	1	0	1	1	1	1	0	1	1	0	0	1	0	0	0	0
C02474	1	0	1	1	1	1	1	1	0	0	1	1	0	0	1	1	0	0	0	0
C02475	1	1	1	1	1	1	1	1	0	1	0	0	0	0	1	0	1	1	0	0
C02476	1	1	1	1	1	1	1	1	0	0	0	1	1	0	1	0	0	0	0	0
C02477	1	1	1	1	1	1	1	0	0	0	0	0	0	0	0	0	0	0	0	0
C02478	1	0	0	1	0	1	0	1	0	0	0	0	0	0	1	0	0	0	0	0
C02479	0	1	1	0	1	0	0	0	0	0	0	0	0	0	0	0	0	0	0	0
C02480	1	1	0	0	1	0	0	1	0	0	1	0	1	0	0	0	0	0	0	0
C02481	0	1	0	0	1	1	1	1	1	0	0	0	1	1	1	1	0	0	0	0
C02482	1	1	1	1	1	1	1	1	0	0	0	1	1	0	1	0	0	1	0	0
C02483	0	0	1	1	1	1	1	1	0	0	0	1	1	0	0	0	0	0	0	0
C02484	0	1	0	0	1	1	1	1	1	1	0	0	0	0	0	1	0	0	0	0
C02485	1	0	1	1	1	0	0	1	0	0	0	1	0	0	0	0	0	0	0	0
C02486	0	1	1	1	0	0	1	0	0	0	0	0	0	0	0	0	0	0	0	0
C02487	0	1	1	1	0	1	0	0	1	1	1	0	1	1	0	1	1	0	0	0
C02488	0	1	1	0	0	0	1	0	0	0	0	0	0	0	0	1	0	0	0	0
C02489	1	0	0	0	1	1	1	0	0	0	0	0	1	0	0	0	0	0	0	0
C02490	0	1	1	1	1	1	1	1	1	1	1	0	1	1	1	1	0	1	0	0
C02491	0	1	0	0	1	0	1	1	1	1	1	1	1	0	0	0	1	0	0	0
C02492	1	1	1	0	1	0	0	1	0	0	1	1	0	0	0	0	0	0	0	0
C02493	1	1	0	0	1	0	1	1	0	1	1	0	0	0	0	0	0	0	0	0
C02494	1	1	0	0	1	1	1	0	0	0	0	0	0	0	0	0	0	0	0	0
C02495	1	1	1	0	1	1	1	0	1	0	0	0	0	1	0	0	0	0	0	0
C02496	1	1	0	1	1	0	0	0	1	0	0	1	0	0	0	0	0	0	0	0
C02497	1	1	0	0	0	0	1	0	0	1	1	0	0	0	1	0	0	0	0	0
C02498	1	1	1	0	1	1	1	0	1	0	0	0	0	0	0	0	0	0	0	0
C02499	1	1	1	0	1	1	1	1	0	1	1	0	0	0	0	1	1	1	1	0
C02500	1	1	1	1	0	1	0	1	1	0	1	1	1	1	1	1	1	1	1	1
C02501	1	0	0	0	0	1	1	0	0	0	0	0	0	0	0	0	0	0	0	0
C02502	1	1	1	1	1	1	1	0	0	0	0	1	1	1	0	0	1	0	0	0
C02503	1	1	1	1	0	1	1	1	1	1	1	1	1	1	1	1	1	0	1	1
C02504	1	1	0	1	1	1	1	1	0	0	1	1	0	0	0	0	0	0	0	0
C02505	1	1	1	1	1	1	1	1	1	0	1	0	1	1	0	0	0	1	1	0
C02506	1	1	1	1	1	0	0	1	1	1	1	1	1	1	1	0	0	0	0	0
C02507	1	1	1	1	1	1	1	1	0	0	0	0	0	1	0	0	0	0	0	0
C02508	1	1	1	1	0	1	1	1	1	1	1	1	1	1	0	0	1	0	0	0
C02509	0	0	0	1	1	0	0	0	1	0	0	0	0	0	0	0	0	0	0	0
C02510	1	0	0	0	1	1	1	1	1	0	1	0	0	0	1	0	0	0	0	0
C02511	0	0	1	0	0	0	0	1	0	1	1	0	0	0	1	0	0	0	0	0
C02512	1	0	1	1	0	1	0	0	0	0	1	0	0	0	0	0	0	0	0	0
C02513	1	1	0	1	0	1	1	0	1	0	0	0	1	1	1	0	0	0	1	0
C02514	1	1	1	1	1	1	1	0	1	1	0	0	0	0	0	0	0	0	0	0
C02515	1	0	1	0	1	0	0	0	0	0	0	1	0	0	0	0	0	0	0	0
C02516	1	1	1	1	1	1	1	1	0	1	1	1	0	0	1	1	0	1	0	0
C02517	0	1	1	0	1	0	0	1	0	1	0	0	0	0	0	0	0	0	0	0
C02518	1	1	1	1	1	1	1	1	1	1	1	1	0	0	0	1	0	1	1	1
C02519	1	1	1	1	1	1	1	1	1	1	1	1	1	0	1	1	1	0	0	0
C02520	1	1	1	0	1	1	1	0	1	1	1	0	1	0	1	0	0	0	0	0
C02521	1	0	0	1	1	1	1	0	1	1	1	0	0	1	0	1	0	1	0	0
C02522	1	1	1	1	1	0	0	1	1	0	0	1	0	0	0	0	0	0	0	0
C02523	1	1	1	0	1	0	0	1	1	1	1	1	1	0	0	0	0	0	0	0
C02524	1	1	1	1	1	1	1	1	0	1	0	1	0	1	1	0	1	0	0	0
C02525	0	1	1	0	1	1	1	1	1	1	1	1	1	1	1	0	1	1	1	0
C02526	0	0	0	1	0	1	1	0	1	1	1	0	0	0	0	0	0	0	0	0
C02527	1	1	1	1	1	1	1	0	0	1	0	1	1	1	0	0	1	0	0	0
C02528	1	1	1	1	0	1	1	1	1	0	1	1	0	0	0	0	1	0	0	0
C02529	1	1	1	1	1	1	1	1	1	0	1	1	1	0	0	0	0	0	0	0
C02530	1	1	1	1	1	1	1	1	1	1	0	1	1	1	1	0	1	1	0	1
C02531	0	1	1	0	1	1	0	1	1	1	0	1	0	1	1	0	0	0	0	0
C02532	1	1	1	1	1	1	0	1	1	1	1	0	0	1	0	1	0	1	1	0
C02533	1	1	1	1	1	1	1	1	1	1	1	0	0	0	0	0	0	1	1	0
C02534	1	0	1	1	0	0	1	1	1	0	0	0	0	0	0	0	0	0	0	0
C02535	1	1	1	1	0	0	1	1	1	0	0	0	1	1	0	0	0	0	0	0
C02536	0	1	0	1	0	0	0	0	0	0	0	0	0	0	0	0	0	0	0	0
C02537	0	0	1	0	1	0	0	0	1	0	1	1	0	0	0	0	0	0	0	0
C02538	1	1	1	1	1	1	1	1	0	1	1	0	1	0	1	1	0	0	1	0
C02539	1	1	1	1	1	0	1	1	1	1	1	1	1	1	1	1	1	1	0	0
C02540	0	1	0	1	0	1	0	0	0	1	1	0	0	0	0	0	0	0	0	0
C02541	1	1	1	1	1	1	1	1	1	1	1	1	1	1	0	1	1	1	1	0
C02542	1	1	1	1	0	1	1	1	1	1	0	1	1	1	0	0	0	0	1	1
C02543	1	1	1	1	1	1	1	1	0	1	0	0	1	1	1	1	1	0	1	0
C02544	0	1	0	1	1	1	1	1	1	1	0	1	0	1	0	0	1	0	0	0
C02545	1	1	1	1	1	1	0	0	1	0	0	1	0	1	0	1	0	0	0	0
C02546	1	1	1	1	1	1	1	1	1	1	1	1	1	1	0	1	1	0	1	0
C02547	1	1	1	1	1	1	1	1	1	1	1	1	1	1	1	1	1	1	1	1
C02548	0	1	1	1	1	0	1	1	1	1	1	0	0	0	0	0	0	0	0	0
C02549	1	1	1	1	1	1	1	1	0	1	1	1	1	1	1	0	0	1	0	0
C02550	1	0	0	1	1	0	0	0	0	1	0	0	0	0	1	1	0	0	0	0
C02551	1	1	0	1	0	1	1	1	0	0	0	0	0	0	0	0	0	0	0	0
C02552	0	0	0	0	1	1	1	0	0	1	0	0	0	1	0	0	0	0	0	0
C02553	1	0	1	0	0	1	1	0	1	1	0	1	1	1	0	0	0	0	0	0
C02554	1	1	0	0	0	1	0	0	1	1	0	1	0	0	0	1	0	0	0	0
C02555	1	1	1	1	0	1	1	1	1	1	1	0	0	0	1	1	1	1	0	0
C02556	1	1	1	1	1	1	1	0	0	0	0	0	0	0	0	0	0	0	0	0
C02557	1	0	0	0	0	0	1	1	0	1	0	0	0	0	0	0	0	0	0	0
C02558	1	1	1	1	1	0	0	1	1	0	1	1	1	0	0	1	0	0	0	0
C02559	1	0	0	1	0	1	0	0	0	0	0	0	0	0	1	1	0	0	0	0
C02560	0	1	0	1	1	1	1	0	0	0	0	0	0	0	0	0	0	0	0	0
C02561	1	1	1	0	1	0	1	0	0	0	0	1	0	0	1	0	0	0	0	0
C02562	1	1	1	1	1	1	1	1	1	1	1	1	1	1	1	1	0	1	1	1
C02563	0	0	1	1	1	1	0	1	0	0	0	1	0	0	0	0	0	0	0	0
C02564	1	1	1	1	1	1	1	1	1	1	1	1	1	1	1	1	1	1	1	1
C02565	1	1	1	0	1	1	1	1	0	1	0	1	0	1	0	0	0	0	0	1
C02566	1	1	0	1	1	1	1	0	0	0	1	0	0	0	0	0	0	0	0	0
C02567	1	0	1	0	0	1	1	1	0	1	0	0	0	0	0	1	0	0	0	0
C02568	0	1	0	1	1	1	1	1	1	1	1	1	1	1	1	0	1	0	0	0
C02569	1	1	1	0	0	0	0	0	0	0	0	0	0	1	0	0	0	0	0	0
C02570	1	1	1	1	1	1	1	1	1	0	1	0	0	0	1	0	0	0	0	0
C02571	1	1	1	1	1	1	0	1	1	0	1	0	1	1	0	0	1	1	0	0
C02572	1	1	1	1	0	1	0	1	0	1	0	1	1	0	1	0	0	0	0	0
C02573	1	1	1	1	1	1	1	1	0	1	1	0	1	0	0	0	0	0	0	0
C02574	1	1	1	0	1	1	1	1	1	0	1	0	1	1	1	0	0	0	0	0
C02575	1	1	1	0	1	1	1	1	1	1	1	0	0	0	0	0	0	1	0	0
C02576	1	1	1	1	1	0	0	0	1	1	1	0	0	0	0	0	0	0	0	0
C02577	1	1	0	1	1	0	0	1	1	1	1	1	0	1	0	1	0	0	0	0
C02578	1	1	1	1	1	0	0	1	0	0	0	0	0	0	0	0	0	0	0	0
C02579	0	1	0	1	1	0	1	1	1	1	1	0	0	0	0	0	0	1	0	0
C02580	1	1	1	1	1	1	1	1	1	0	1	0	1	1	1	0	1	0	1	0
C02581	1	1	1	1	1	1	1	1	1	1	1	0	1	1	1	0	0	0	0	0
C02582	1	1	1	1	1	1	0	0	1	1	0	1	1	1	0	0	0	0	0	0
C02583	1	1	0	0	0	1	1	0	0	0	0	0	0	1	0	0	0	0	0	0
C02584	0	1	1	1	1	1	1	0	0	0	1	1	0	1	0	0	0	0	0	0
C02585	0	1	0	1	1	0	0	0	1	0	0	0	0	0	0	0	0	0	0	0
C02586	0	1	1	0	0	1	1	1	0	0	0	1	1	1	0	0	0	0	0	0
C02587	0	0	1	0	0	0	0	0	0	0	0	0	0	0	0	0	0	0	0	0
C02588	1	1	1	0	1	1	1	1	0	0	1	0	0	0	1	1	0	0	0	1
C02589	1	1	1	1	1	1	1	1	1	1	0	1	1	1	1	1	1	1	1	0
C02590	1	1	0	1	1	0	0	1	0	0	0	1	1	1	0	0	0	0	0	0
C02591	1	1	0	1	1	1	0	1	1	1	1	1	1	0	0	0	0	0	0	1
C02592	1	1	1	1	0	1	0	0	1	1	1	0	0	0	1	0	0	0	0	0
C02593	1	1	1	0	1	1	1	0	1	0	1	1	0	0	0	0	1	0	0	0
C02594	1	1	1	1	1	1	0	1	0	1	1	1	1	0	1	0	1	0	0	0
C02595	1	1	1	1	0	1	1	1	0	1	0	0	1	0	1	0	0	0	0	0
C02596	1	1	1	0	1	1	1	1	1	0	1	1	1	1	0	0	0	0	0	0
C02597	1	1	1	1	1	1	0	0	0	0	1	0	0	0	0	0	0	0	0	0
C02598	1	1	0	1	1	1	1	0	0	1	0	1	1	1	0	0	0	0	0	0
C02599	1	0	1	0	1	1	1	0	1	1	0	1	0	0	0	0	1	0	0	0
C02600	1	1	0	1	1	0	1	0	1	0	0	0	0	0	0	0	0	0	0	0
C02601	1	1	1	1	0	1	1	1	0	0	0	0	1	0	0	0	0	0	0	0
C02602	1	1	1	1	1	1	0	0	0	0	1	0	1	0	1	0	0	0	0	0
C02603	1	1	1	1	1	0	0	1	1	1	0	1	1	0	0	1	1	0	0	0
C02604	0	1	1	1	1	0	0	0	0	0	1	0	0	0	0	0	1	0	1	0
C02605	0	0	0	0	0	0	0	0	0	0	1	0	0	0	0	0	0	0	0	0
C02606	1	1	1	1	1	1	1	1	1	1	1	1	1	1	0	1	0	1	1	0
C02607	1	1	1	1	1	1	1	1	1	0	1	1	1	0	1	0	0	1	0	0
C02608	1	0	1	1	1	1	1	1	0	1	1	1	0	0	0	0	0	0	0	0
C02609	1	1	1	0	1	1	1	1	1	0	0	0	0	0	1	0	0	0	0	0
C02610	1	1	1	0	0	0	0	0	1	0	0	0	0	0	0	1	0	0	0	0
C02611	1	1	1	1	1	1	1	1	0	1	0	0	0	0	0	0	0	0	0	0
C02612	1	0	1	1	1	1	1	0	1	0	1	1	0	0	1	0	1	0	0	0
C02613	1	0	1	0	0	1	1	0	0	1	0	0	0	0	0	0	0	0	0	0
C02614	0	0	1	1	0	0	1	0	0	1	0	0	0	0	1	0	0	0	0	0
C02615	0	0	0	0	0	0	0	0	0	1	0	0	0	1	0	0	0	0	0	0
C02616	1	1	1	1	1	0	1	0	1	0	1	1	0	1	1	1	1	0	0	0
C02617	1	1	1	1	0	1	1	1	0	1	1	0	0	0	0	0	1	0	0	0
C02618	1	1	1	1	1	1	1	0	1	1	1	1	1	1	0	0	0	0	0	0
C02619	0	0	1	1	0	0	0	0	0	0	1	0	0	0	0	0	0	0	0	0
C02620	1	1	1	0	1	0	0	1	0	1	0	0	0	0	1	0	0	0	0	0
C02621	0	1	1	1	1	1	1	1	1	1	0	0	1	1	1	0	0	0	0	0
C02622	1	1	1	1	1	1	1	1	0	1	0	0	0	1	0	0	0	0	0	0
C02623	0	1	0	1	1	0	0	0	1	1	0	0	0	0	0	1	0	0	0	0
C02624	1	1	1	1	1	1	1	1	1	1	0	1	1	1	0	0	1	0	0	0
C02625	1	1	1	1	1	1	1	1	1	1	1	0	0	0	0	1	0	0	0	0
C02626	1	0	1	1	0	1	0	1	1	0	0	0	0	1	0	0	0	0	0	0
C02627	1	1	1	1	1	1	1	1	1	1	0	1	0	0	1	0	0	1	0	0
C02628	1	1	0	1	0	1	1	0	1	0	0	0	0	0	0	1	0	0	0	0
C02629	1	1	1	1	1	1	1	1	1	1	1	0	0	1	0	0	0	1	0	0
C02630	1	1	1	0	1	1	1	0	1	0	0	1	0	1	0	0	0	0	0	0
C02631	1	1	0	1	1	1	1	0	0	1	1	1	0	0	0	1	0	0	0	1
C02632	1	1	1	0	1	1	0	1	0	1	1	0	1	0	1	1	1	1	0	1
C02633	1	1	0	1	0	1	1	0	0	0	1	0	0	0	0	0	0	0	0	0
C02634	1	1	1	0	1	1	0	0	0	0	0	1	0	0	0	0	1	0	0	0
C02635	0	1	1	0	1	1	1	0	1	0	0	0	0	0	0	0	0	0	0	0
C02636	1	1	1	1	1	1	1	0	1	1	1	1	1	0	0	1	1	1	0	1
C02637	1	0	0	0	0	0	0	0	0	0	0	0	1	0	0	0	0	0	0	0
C02638	1	1	1	1	1	0	0	1	1	0	0	1	0	0	0	0	1	0	1	0
C02639	1	0	1	0	0	1	1	0	0	0	0	0	0	0	1	0	0	0	0	0
C02640	1	0	1	1	1	1	0	1	1	1	0	0	0	1	0	1	0	0	0	0
C02641	1	1	1	1	1	0	1	1	0	1	1	1	1	0	0	0	1	1	1	0
C02642	1	1	0	1	0	0	0	0	0	1	1	1	0	0	0	0	1	1	0	0
C02643	1	1	0	1	1	0	0	1	1	1	0	0	0	0	1	0	0	0	0	0
C02644	1	1	0	1	1	1	0	0	0	0	1	0	0	0	0	0	0	0	0	0
C02645	1	0	1	1	1	1	1	0	0	1	0	0	0	0	0	1	1	0	0	0
C02646	1	0	1	1	1	1	0	0	0	1	0	0	0	0	1	1	0	0	0	1
C02647	0	1	0	0	1	0	1	0	0	0	1	0	0	0	0	0	0	0	0	0
C02648	0	1	0	0	1	1	1	1	1	1	0	1	0	0	0	0	0	0	0	0
C02649	1	1	1	1	0	1	0	0	1	1	1	1	0	0	0	0	0	0	1	0
C02650	1	0	1	1	1	1	1	0	1	1	0	1	1	0	1	1	0	0	0	0
C02651	0	1	1	0	1	1	1	1	0	1	1	0	0	0	0	0	0	0	0	0
C02652	1	1	1	1	1	1	0	1	1	1	0	0	1	1	0	1	0	0	0	0
C02653	1	0	1	1	1	1	1	0	0	0	0	0	1	0	1	0	0	0	0	0
C02654	0	1	1	1	1	1	1	1	0	0	0	1	1	0	1	0	0	0	1	0
C02655	1	1	1	1	1	1	1	1	0	0	0	1	0	1	0	0	1	0	0	0
C02656	0	0	1	1	1	1	1	1	1	0	0	1	1	0	1	0	0	0	0	0
C02657	1	1	1	1	0	1	1	0	1	0	0	1	1	0	0	0	0	0	0	0
C02658	1	1	1	0	1	1	0	1	0	1	1	0	0	0	0	1	0	0	0	0
C02659	1	1	1	1	1	1	0	0	1	0	1	1	0	0	1	0	0	0	0	0
C02660	1	1	1	1	1	1	1	1	1	1	1	1	1	1	0	1	0	1	0	1
C02661	1	1	0	0	0	1	1	1	1	1	0	1	0	0	0	0	0	0	0	0
C02662	1	0	1	1	1	0	1	1	1	1	1	0	1	0	0	0	1	0	0	0
C02663	1	1	1	1	1	1	1	0	1	0	1	0	1	1	1	0	0	1	0	0
C02664	0	1	1	0	0	0	0	1	0	0	0	1	1	1	0	0	0	0	0	0
C02665	1	1	1	0	1	1	1	1	1	1	1	0	0	1	0	1	1	0	0	0
C02666	1	1	0	1	1	1	1	1	1	1	1	1	1	1	0	1	0	0	1	0
C02667	1	1	1	1	1	1	1	1	0	1	1	1	0	0	1	1	0	0	0	0
C02668	1	1	1	1	1	0	1	1	1	1	1	1	1	1	1	1	0	0	0	0
C02669	1	1	1	0	1	1	1	0	0	0	0	0	0	0	0	0	0	0	0	0
C02670	0	1	0	1	1	1	1	1	1	1	1	1	1	1	1	1	0	1	0	0
C02671	1	1	0	1	1	1	1	1	1	1	1	1	0	0	1	1	0	0	0	1
C02672	1	1	1	1	1	1	1	1	1	1	1	1	1	1	1	1	0	1	0	0
C02673	1	0	0	1	0	0	0	0	1	0	1	0	0	0	0	0	0	0	0	0
C02674	1	1	1	0	1	1	1	0	0	0	1	1	1	1	0	0	0	0	0	0
C02675	1	1	0	1	1	1	1	0	0	1	1	0	0	0	0	0	0	0	0	0
C02676	1	0	1	1	0	0	0	0	0	0	1	0	0	1	0	0	0	0	0	0
C02677	0	0	0	1	1	1	1	0	1	0	0	1	1	0	1	0	0	0	0	0
C02678	0	1	1	1	1	1	1	1	1	0	1	1	0	0	0	1	1	0	0	0
C02679	1	0	1	1	1	1	1	1	1	1	1	1	0	0	1	0	0	0	0	0
C02680	0	1	0	0	0	1	0	1	0	0	0	0	0	0	0	0	0	0	0	0
C02681	1	1	1	1	1	1	1	0	1	1	1	1	1	1	1	0	0	0	0	0
C02682	1	1	1	1	1	1	0	1	1	0	0	0	1	1	0	0	0	1	0	0
C02683	1	0	0	0	0	0	0	0	0	0	0	0	0	1	0	0	0	0	0	0
C02684	1	1	1	1	1	1	1	1	1	1	0	1	0	0	1	0	1	1	0	0
C02685	0	1	1	1	1	1	1	1	0	1	1	1	1	0	0	0	1	0	0	0
C02686	1	1	1	1	1	1	1	1	1	1	0	1	0	0	1	0	1	1	0	0
C02687	1	1	1	1	1	1	0	0	0	0	0	0	0	0	0	0	1	0	0	0
C02688	1	1	1	1	0	1	1	1	1	1	1	0	1	0	0	0	0	0	1	0
C02689	1	0	1	1	0	1	1	1	0	1	0	0	0	0	0	1	0	0	1	0
C02690	0	0	1	1	1	1	0	0	1	0	0	0	0	0	0	0	0	0	0	0
C02691	1	0	1	0	1	1	0	0	0	0	1	1	0	0	0	0	0	0	0	0
C02692	1	1	1	1	1	0	1	1	1	1	0	0	1	0	0	0	0	0	1	1
C02693	0	1	1	1	1	1	1	1	0	0	0	0	0	0	0	0	0	0	0	0
C02694	1	1	1	1	0	1	1	1	1	1	0	1	1	0	1	0	0	0	0	0
C02695	1	1	1	1	1	1	1	1	1	1	1	1	1	1	1	0	1	0	0	0
C02696	1	1	1	1	1	0	0	1	1	1	1	1	0	0	1	0	1	0	0	0
C02697	1	1	1	1	1	1	1	1	0	1	1	0	0	0	0	0	0	1	0	1
C02698	0	0	1	1	1	1	1	0	1	0	0	1	0	1	0	0	0	0	0	0
C02699	1	1	1	0	0	1	1	1	0	0	1	0	0	0	0	0	0	0	0	0
C02700	1	1	1	1	1	1	1	0	1	1	1	0	1	1	1	0	0	1	0	0
C02701	1	1	1	1	1	1	1	1	0	0	0	0	0	0	0	0	0	1	0	0
C02702	1	1	1	1	0	1	0	0	0	0	0	0	0	0	0	0	0	0	0	0
C02703	1	1	1	1	1	1	1	1	1	0	1	1	1	1	1	1	0	0	0	0
C02704	1	0	0	1	1	1	0	0	0	0	0	0	1	0	0	1	0	0	0	0
C02705	0	1	1	0	1	1	1	0	1	1	1	0	1	1	1	1	1	1	0	0
C02706	0	0	0	0	0	1	1	0	1	0	0	0	0	0	0	1	0	0	0	0
C02707	1	1	1	1	1	0	0	1	0	0	0	0	0	0	0	0	0	0	0	0
C02708	1	1	1	1	1	1	0	1	1	1	1	0	0	1	0	0	1	1	0	0
C02709	1	1	1	1	1	1	1	1	1	1	1	0	1	1	0	0	0	0	0	0
C02710	1	1	1	1	1	1	1	1	0	1	0	0	0	1	0	0	0	0	0	1
C02711	1	1	1	1	1	1	1	1	1	0	0	0	0	0	0	0	0	0	0	0
C02712	1	1	1	0	1	0	0	1	1	0	1	1	1	1	1	0	1	1	1	0
C02713	1	1	1	0	1	1	1	0	1	0	0	0	1	0	0	0	0	0	0	0
C02714	1	1	1	1	1	1	0	1	1	1	0	0	1	1	1	1	1	0	1	1
C02715	1	1	1	1	1	1	1	1	1	1	1	1	0	0	1	0	0	0	1	1
C02716	1	0	1	1	1	1	1	1	1	0	1	0	1	1	1	0	1	1	0	0
C02717	1	1	1	0	1	1	0	1	0	0	0	1	0	0	0	0	0	0	0	0
C02718	1	1	1	1	1	1	1	1	0	0	0	0	1	1	0	0	1	0	1	0
C02719	1	1	1	1	1	1	1	1	0	1	1	0	0	0	1	0	1	0	1	0
C02720	1	0	1	1	0	1	1	0	0	0	1	1	1	0	0	1	1	1	0	0
C02721	0	1	1	1	0	1	1	1	0	0	0	0	0	0	0	0	0	0	0	0
C02722	1	1	1	0	0	1	1	1	0	1	1	1	0	1	0	1	0	0	1	1
C02723	1	1	1	1	1	1	1	0	1	1	0	1	0	0	1	1	1	1	0	0
C02724	1	0	1	1	1	0	0	0	0	0	0	0	0	0	0	0	0	0	0	0
C02725	1	1	0	0	1	1	0	0	0	1	0	0	0	0	0	0	0	0	0	0
C02726	1	0	0	1	0	1	1	1	1	0	1	0	1	0	0	0	1	0	0	0
C02727	1	1	0	0	1	0	1	0	1	1	1	0	0	0	0	0	0	0	0	0
C02728	1	1	1	1	1	1	1	1	1	0	0	1	1	1	1	1	0	1	0	0
C02729	1	1	0	1	1	1	1	1	1	0	0	1	1	1	1	1	0	0	0	0
C02730	1	0	1	1	1	0	0	0	1	0	0	0	0	0	0	0	0	0	0	0
C02731	1	1	1	1	1	1	1	1	1	1	1	1	1	0	0	0	1	1	1	0
C02732	1	1	1	1	1	0	1	1	1	1	1	1	1	1	1	0	1	0	0	0
C02733	1	1	1	1	1	1	0	0	0	0	0	0	0	1	1	1	0	0	0	1
C02734	0	1	1	1	0	0	1	1	0	0	1	0	0	1	0	0	0	0	0	0
C02735	1	1	1	1	1	1	1	1	1	1	1	1	1	1	1	0	0	0	1	0
C02736	1	1	1	0	1	0	0	1	0	1	0	0	0	0	0	0	1	1	0	0
C02737	1	1	1	1	1	1	1	1	0	0	0	1	0	0	0	1	0	1	0	0
C02738	1	1	1	1	0	1	1	1	1	1	1	0	0	0	1	0	0	0	0	0
C02739	1	1	1	1	1	1	1	0	0	0	1	0	0	0	1	0	0	0	0	0
C02740	0	1	1	0	1	1	0	0	0	1	0	0	0	0	0	0	0	0	0	0
C02741	1	1	1	1	1	1	1	1	0	0	0	0	0	0	0	1	0	0	0	0
C02742	1	1	1	1	1	1	1	0	1	0	1	1	1	1	1	0	0	0	1	0
C02743	1	1	1	1	1	1	1	1	1	1	1	1	1	1	1	1	0	1	0	1
C02744	1	1	1	0	0	1	1	1	1	0	0	0	1	1	1	1	0	0	0	0
C02745	1	1	1	1	1	1	0	1	1	1	0	1	0	1	1	1	0	1	0	0
C02746	1	1	1	1	0	1	1	1	1	0	0	1	0	0	1	0	0	0	0	0
C02747	1	1	1	1	1	1	0	1	1	1	0	1	1	1	1	1	1	1	1	0
C02748	1	1	1	1	1	1	1	1	1	1	1	1	0	1	1	0	0	1	0	1
C02749	1	0	1	0	1	1	1	1	1	1	1	1	1	1	0	1	0	0	1	0
C02750	1	1	1	0	1	1	1	1	0	1	1	0	0	1	1	0	1	0	0	0
C02751	1	1	0	0	1	0	0	0	1	0	0	0	0	1	0	0	0	1	0	0
C02752	1	0	1	1	0	1	1	1	1	1	1	1	0	0	0	1	0	0	0	0
C02753	1	1	1	1	1	1	1	1	1	1	1	1	0	1	0	0	0	1	1	0
C02754	1	1	1	0	1	0	0	1	0	0	0	1	1	0	1	0	0	1	0	0
C02755	1	1	0	0	0	1	1	0	0	0	0	0	0	0	0	1	0	0	0	0
C02756	0	0	0	1	1	1	0	0	0	1	0	0	0	0	0	0	0	0	0	0
C02757	1	1	0	0	1	0	0	1	0	0	1	0	0	0	0	1	0	0	0	0
C02758	1	1	1	1	1	1	1	1	1	1	1	1	0	1	1	0	1	0	1	0
C02759	0	1	0	1	1	0	0	0	0	1	1	1	0	0	0	0	1	0	0	0
C02760	1	1	0	1	1	1	0	0	1	1	0	1	1	1	0	0	0	0	1	0
C02761	1	1	1	1	1	1	0	0	1	0	0	0	0	0	0	0	0	0	0	0
C02762	1	1	0	0	0	1	0	0	0	0	0	0	0	0	0	0	0	0	0	0
C02763	1	1	1	1	1	0	0	1	0	0	0	0	1	1	1	0	0	0	0	0
C02764	1	1	1	1	1	1	1	1	0	1	1	1	1	1	0	1	0	0	0	0
C02765	0	1	0	1	1	1	1	1	1	1	0	1	1	1	0	0	0	0	1	0
C02766	1	1	1	0	1	1	1	1	1	0	0	0	1	1	1	1	0	0	0	1
C02767	1	1	1	1	1	1	1	1	0	0	0	0	1	0	0	0	0	0	0	0
C02768	0	1	1	0	0	1	1	0	1	0	0	0	0	0	0	0	0	0	0	0
C02769	1	1	1	1	1	1	1	1	1	1	0	1	0	0	0	0	0	0	0	0
C02770	1	1	0	1	1	1	1	1	1	0	1	0	1	1	0	1	0	1	1	0
C02771	1	1	0	1	0	1	0	1	1	0	0	0	0	0	0	0	0	0	0	0
C02772	1	1	0	1	1	1	1	0	0	1	0	0	0	0	0	0	0	0	0	0
C02773	1	1	1	1	0	0	0	0	1	0	0	1	0	0	1	0	0	0	0	0
C02774	1	1	1	1	1	1	1	1	0	1	1	1	1	1	0	0	0	1	0	0
C02775	1	1	1	1	1	1	1	1	1	1	1	1	1	1	1	0	0	0	0	0
C02776	1	1	0	1	1	1	1	0	0	1	0	1	1	1	1	0	0	0	0	0
C02777	1	1	1	0	0	1	0	1	1	1	1	0	1	0	0	0	0	0	1	0
C02778	0	1	1	1	0	0	0	0	0	1	1	0	1	1	0	0	0	1	0	0
C02779	1	0	1	1	1	0	0	0	0	0	0	0	0	0	0	0	0	0	0	0
C02780	1	1	0	1	1	0	0	1	0	0	0	0	0	0	0	0	0	0	0	0
C02781	1	1	1	1	1	0	0	1	0	1	1	0	0	1	0	0	0	0	0	0
C02782	1	0	1	1	0	1	1	1	0	1	1	0	1	1	0	0	1	0	0	0
C02783	1	1	1	0	1	0	0	1	1	1	0	0	0	0	0	0	0	0	0	0
C02784	1	1	1	1	1	1	1	1	1	0	1	0	1	0	0	0	0	0	0	0
C02785	1	1	0	0	1	1	1	1	1	0	0	1	0	0	0	0	0	0	0	0
C02786	1	0	0	0	0	1	0	0	1	0	0	0	0	0	0	0	0	0	0	0
C02787	1	0	1	1	0	0	1	0	0	0	0	1	0	0	1	0	0	0	0	0
C02788	0	1	1	1	1	0	0	1	0	0	1	1	1	0	0	0	1	0	0	0
C02789	1	1	1	0	1	0	0	0	1	0	1	1	1	0	0	0	0	0	0	0
C02790	0	1	1	1	1	1	1	1	0	0	0	0	0	0	0	0	0	0	0	0
C02791	1	1	1	1	1	1	1	1	1	1	1	0	1	1	0	1	0	0	0	0
C02792	1	0	1	0	1	1	1	0	1	1	1	1	0	0	1	0	0	1	0	0
C02793	0	1	1	1	0	1	1	1	0	0	0	0	0	0	1	0	0	0	0	0
C02794	1	0	1	1	0	0	0	1	1	1	0	1	1	0	1	0	1	0	0	0
C02795	0	1	1	1	1	1	1	1	1	1	1	1	1	1	1	1	0	0	0	0
C02796	1	1	1	1	1	1	1	1	0	0	0	1	0	0	0	0	0	0	0	0
C02797	1	1	1	1	1	1	1	1	1	1	1	1	1	1	0	1	0	0	0	0
C02798	0	1	1	0	1	1	0	1	1	0	1	0	0	0	0	0	0	0	0	0
C02799	1	1	1	1	1	1	1	0	0	1	0	1	1	0	0	1	1	0	0	0
C02800	0	1	0	1	1	0	0	0	0	0	0	0	0	0	0	0	0	0	1	0
C02801	1	1	1	1	0	1	1	1	0	0	1	0	0	1	0	0	0	0	0	0
C02802	1	1	1	1	1	1	1	0	0	1	1	0	0	1	0	1	0	0	0	0
C02803	1	1	1	1	1	1	1	1	0	1	0	0	1	1	1	0	1	0	0	0
C02804	1	0	1	1	0	1	0	1	1	0	0	1	0	0	0	0	0	0	0	0
C02805	1	0	0	0	0	0	0	1	0	1	0	0	0	0	0	0	0	0	0	0
C02806	0	1	0	0	1	1	1	1	1	0	0	0	0	0	0	1	0	0	1	0
C02807	1	1	1	1	0	1	1	1	1	1	0	1	1	1	1	0	0	1	1	0
C02808	1	1	1	1	1	1	0	1	1	1	1	0	0	0	0	0	1	0	0	0
C02809	1	1	1	0	1	0	1	1	1	1	0	0	1	0	1	0	0	1	0	0
C02810	0	1	1	1	1	1	1	1	1	1	1	1	1	0	0	1	0	0	0	0
C02811	1	1	0	1	1	1	1	0	0	0	1	0	1	1	0	0	0	0	0	0
C02812	1	1	1	1	1	1	1	1	0	0	1	0	0	1	0	1	0	0	0	0
C02813	1	1	0	1	0	1	1	0	0	0	0	0	0	0	0	0	0	0	0	0
C02814	1	1	1	1	1	1	1	1	1	1	1	1	0	0	0	0	0	0	0	0
C02815	1	1	1	1	1	1	1	0	1	0	1	0	1	1	0	0	1	0	0	1
C02816	0	0	1	1	1	0	0	0	0	0	0	0	1	1	1	0	0	0	0	1
C02817	1	1	1	1	1	1	0	1	1	0	1	1	0	0	1	1	0	0	0	0
C02818	0	1	1	0	1	0	1	0	0	1	0	0	0	1	1	0	0	0	0	0
C02819	1	0	1	1	1	1	1	0	1	0	0	0	0	0	0	0	0	0	0	0
C02820	1	1	1	1	0	0	0	1	1	0	0	1	0	0	0	0	0	0	0	0
C02821	0	1	0	1	0	1	1	1	1	1	0	0	0	0	0	0	0	0	0	0
C02822	1	1	1	1	1	1	1	1	1	1	1	1	1	1	1	1	1	1	1	0
C02823	1	1	1	1	1	1	1	1	1	1	1	1	1	1	1	1	0	1	0	0
C02824	1	0	1	1	0	1	0	1	0	0	0	0	0	0	0	0	0	0	0	0
C02825	1	1	1	1	1	1	1	0	1	0	1	0	1	1	1	0	0	0	1	1
C02826	1	1	1	1	1	1	0	1	0	1	1	0	1	1	0	0	1	1	0	0
C02827	1	1	1	1	1	0	0	1	1	1	1	0	1	1	1	0	1	0	0	0
C02828	1	1	1	1	1	0	1	1	1	1	0	0	1	1	0	0	0	0	0	0
C02829	1	1	1	1	1	0	0	1	0	1	0	0	0	0	0	0	0	0	0	0
C02830	1	1	1	1	1	1	1	1	1	1	0	1	1	0	1	1	0	0	0	0
C02831	1	1	1	0	0	0	0	0	1	0	1	1	0	0	1	0	0	0	0	0
C02832	0	1	1	0	1	1	1	1	0	1	0	0	0	0	0	0	0	0	0	0
C02833	1	1	0	1	1	1	1	1	1	1	1	1	0	0	0	0	0	0	0	0
C02834	1	1	1	1	1	1	1	1	1	0	0	1	0	0	0	0	1	1	0	0
C02835	1	0	1	0	1	0	0	1	0	1	0	0	0	0	0	0	0	0	0	0
C02836	1	0	1	1	1	1	1	0	0	0	0	0	0	0	0	0	0	0	0	0
C02837	1	1	0	1	1	1	1	0	0	1	1	1	0	0	1	0	0	0	0	0
C02838	1	1	1	1	1	1	1	0	1	1	1	0	0	1	1	1	0	0	0	0
C02839	1	1	1	1	1	1	1	0	1	0	1	1	1	1	0	0	0	0	0	0
C02840	0	0	0	1	0	1	1	1	0	1	0	0	0	1	0	0	0	0	0	0
C02841	0	1	1	1	1	1	1	0	0	0	0	1	0	0	0	0	0	0	0	0
C02842	1	1	1	1	1	1	1	1	0	1	0	1	0	0	0	0	0	1	1	0
C02843	1	1	1	0	1	1	1	0	0	0	0	0	1	1	0	0	0	0	0	0
C02844	1	1	1	0	1	0	0	1	1	0	0	1	1	0	1	1	0	0	0	0
C02845	0	0	1	1	0	1	1	0	1	0	0	1	1	0	0	0	0	0	0	0
C02846	1	1	1	1	0	1	0	0	0	0	1	1	0	0	0	0	0	0	0	0
C02847	1	1	0	0	1	1	1	0	0	0	0	0	1	1	0	0	0	0	0	0
C02848	1	1	1	1	1	1	1	1	1	1	1	1	1	1	0	0	0	1	1	0
C02849	1	1	1	1	1	1	1	0	0	0	0	0	0	0	1	0	0	0	0	0
C02850	1	0	1	1	1	0	0	1	0	1	1	1	1	0	0	0	0	0	0	0
C02851	0	1	1	1	1	1	1	1	1	1	1	1	0	0	1	1	1	0	0	1
C02852	1	1	1	0	1	1	0	0	1	1	1	0	0	0	1	1	0	1	1	0
C02853	1	1	1	0	0	1	1	1	1	0	1	0	1	0	1	0	0	0	0	1
C02854	0	0	1	0	0	0	0	0	0	0	0	0	1	0	0	0	0	0	0	0
C02855	1	1	1	1	1	1	1	1	1	0	1	1	1	1	0	0	1	1	1	0
C02856	1	1	1	1	1	1	1	1	0	1	1	1	0	1	0	1	1	0	0	0
C02857	1	1	0	0	1	1	1	0	1	1	1	1	0	0	0	0	0	0	0	0
C02858	1	1	0	0	1	1	1	1	0	1	1	1	1	1	0	0	0	0	1	0
C02859	1	1	1	1	1	1	1	1	1	1	1	1	1	1	0	0	0	0	0	1
C02860	1	1	1	1	1	1	1	1	0	1	1	0	0	0	0	0	1	0	0	0
C02861	1	1	1	1	0	1	1	0	0	0	0	0	0	0	0	0	0	0	0	0
C02862	1	1	1	1	1	1	1	0	1	0	0	1	1	1	0	1	0	0	0	1
C02863	0	1	1	0	0	0	1	0	1	0	1	0	1	0	0	0	0	0	0	0
C02864	1	1	1	1	1	1	1	1	0	1	1	0	0	0	0	1	0	0	0	0
C02865	1	1	1	1	1	0	0	1	1	0	1	1	1	1	0	1	0	0	1	0
C02866	1	1	1	1	1	1	0	1	1	0	1	0	1	1	0	1	0	0	0	1
C02867	1	1	1	1	0	1	1	0	1	0	0	0	0	0	0	0	0	0	0	0
C02868	1	1	0	1	0	1	1	1	0	0	1	1	0	1	0	1	1	0	0	0
C02869	1	0	0	0	1	1	1	1	0	0	1	0	1	1	0	0	0	0	0	0
C02870	1	1	1	1	1	1	1	1	1	1	1	0	1	1	1	1	1	1	1	1
C02871	0	1	1	1	1	1	1	0	1	1	1	0	0	0	1	0	0	0	0	0
C02872	1	0	1	1	1	1	1	1	1	1	0	1	1	1	0	0	0	0	0	0
C02873	1	1	1	1	1	0	0	0	0	0	0	1	0	0	1	0	0	0	0	0
C02874	0	0	1	1	1	0	0	1	0	1	0	1	0	0	0	0	0	0	0	0
C02875	1	0	1	1	1	1	1	1	1	0	1	1	0	0	0	0	0	0	0	0
C02876	1	1	1	1	1	1	1	1	0	1	1	1	1	0	0	0	1	0	1	0
C02877	1	1	1	0	0	0	1	0	0	1	1	0	1	1	0	0	1	0	0	0
C02878	1	1	1	1	1	1	1	1	1	1	1	1	0	0	1	1	0	1	1	0
C02879	1	1	0	1	0	0	0	0	1	1	0	0	0	1	0	0	0	0	0	0
C02880	1	1	1	1	1	1	1	0	1	0	1	0	1	0	0	0	0	0	0	0
C02881	1	1	1	0	1	0	1	1	1	0	0	1	0	0	1	0	0	0	0	0
C02882	1	1	1	1	1	1	1	1	1	1	0	0	0	0	1	0	0	1	0	1
C02883	1	1	1	1	1	1	1	0	0	1	0	0	0	0	0	0	0	0	1	0
C02884	0	1	1	1	1	1	1	1	1	0	1	1	0	0	0	0	0	1	0	0
C02885	1	0	1	1	1	0	0	0	1	1	1	0	1	0	1	0	0	0	1	0
C02886	0	1	0	1	1	1	1	1	1	0	1	0	1	1	0	0	0	0	0	0
C02887	1	1	1	1	1	1	0	0	1	0	0	0	0	1	0	0	0	0	0	0
C02888	1	1	1	1	1	1	1	0	1	1	1	1	1	1	1	1	0	0	1	0
C02889	1	1	0	0	1	1	0	0	1	1	0	1	1	0	0	1	0	0	0	0
C02890	1	1	1	1	1	1	1	1	1	0	1	1	1	0	1	0	0	1	0	0
C02891	0	1	1	1	1	1	1	1	0	1	1	1	1	1	0	0	0	0	0	0
C02892	1	1	1	1	1	0	0	0	1	1	1	1	1	1	1	0	0	0	0	0
C02893	1	1	1	1	0	1	1	1	1	0	0	1	0	1	1	0	0	0	0	0
C02894	1	1	1	1	0	1	1	0	1	1	1	1	1	1	0	1	0	0	0	0
C02895	1	1	1	1	1	0	0	0	0	0	0	0	0	0	0	0	0	1	0	0
C02896	1	1	1	0	1	1	0	0	0	1	1	0	0	0	0	0	0	0	0	0
C02897	0	1	0	1	1	1	1	1	0	1	0	0	0	0	1	0	0	0	0	0
C02898	1	1	0	1	1	1	1	1	1	1	1	1	0	0	1	0	1	0	0	0
C02899	1	1	1	1	1	1	1	0	1	1	1	1	0	0	1	0	0	0	0	0
C02900	1	1	0	0	1	0	0	0	0	0	0	0	0	0	0	0	0	0	0	0
C02901	1	1	1	1	1	1	1	1	1	0	1	1	0	0	1	1	0	1	0	0
C02902	0	1	1	0	1	0	0	1	1	0	1	1	0	0	1	1	0	0	0	0
C02903	1	1	1	1	1	0	0	1	1	0	1	1	0	0	1	1	1	0	0	0
C02904	1	1	0	0	1	1	0	1	1	1	1	0	1	1	1	0	0	0	0	0
C02905	1	1	1	1	1	0	1	0	1	0	0	0	0	0	0	0	0	0	0	0
C02906	0	0	1	1	1	0	0	1	1	1	0	0	0	0	0	0	1	0	0	0
C02907	1	1	1	1	1	1	1	0	0	1	1	1	1	0	1	0	0	0	0	0
C02908	1	1	0	1	1	1	1	1	0	1	0	0	0	0	0	0	0	0	0	0
C02909	1	1	1	1	1	1	1	0	1	0	1	0	0	0	1	0	0	0	0	0
C02910	1	1	0	1	1	1	1	1	1	1	1	1	1	1	1	1	1	1	0	1
C02911	1	1	0	1	0	1	1	1	1	1	0	0	0	0	0	0	1	0	0	0
C02912	1	1	1	1	0	1	0	1	0	1	0	0	1	1	0	0	0	0	1	0
C02913	1	1	1	1	1	1	1	1	0	0	0	0	1	1	0	1	0	0	0	0
C02914	0	0	1	0	1	0	1	1	0	0	0	0	0	0	0	0	0	0	0	0
C02915	1	1	1	1	1	1	1	1	1	1	1	1	1	1	1	0	0	1	0	0
C02916	1	1	0	1	1	1	0	1	1	1	1	1	1	1	0	1	0	0	0	1
C02917	0	0	1	0	0	0	1	0	0	0	0	0	0	0	0	0	0	0	0	1
C02918	1	1	1	0	0	0	0	0	0	1	1	0	0	1	0	0	1	1	0	0
C02919	1	0	1	1	1	1	0	1	0	1	0	1	1	0	1	0	0	0	0	0
C02920	1	1	0	1	0	0	1	0	1	0	0	0	0	0	0	0	0	0	0	0
C02921	1	1	1	0	0	0	1	1	1	1	1	1	1	1	1	0	0	0	0	0
C02922	1	1	1	1	1	1	1	0	0	1	1	0	1	0	1	0	0	0	0	0
C02923	1	1	1	1	1	1	1	1	0	0	0	1	1	0	0	1	0	0	0	0
C02924	1	1	0	1	1	1	0	0	1	1	0	0	0	0	1	0	0	0	0	0
C02925	1	1	0	1	1	1	1	1	0	1	0	1	1	0	0	0	0	0	0	0
C02926	0	0	0	0	0	0	0	0	0	0	0	0	0	0	0	0	0	0	0	0
C02927	1	1	0	1	1	0	0	1	1	0	0	1	0	1	0	1	0	0	0	0
C02928	1	1	1	0	0	1	1	0	0	1	0	1	0	0	1	0	0	0	0	1
C02929	1	1	1	1	1	1	0	1	0	0	1	1	1	1	0	0	0	1	0	1
C02930	1	1	1	1	1	1	1	1	0	1	1	1	1	0	1	1	1	1	1	0
C02931	1	1	1	1	1	1	1	1	1	1	1	1	1	1	0	0	1	0	0	0
C02932	1	1	1	1	0	1	1	0	1	1	1	0	1	0	0	0	0	0	0	0
C02933	1	1	1	1	1	1	0	1	0	0	0	0	0	0	0	0	0	0	0	0
C02934	1	1	1	1	1	1	1	1	1	1	1	0	1	0	0	1	0	0	0	0
C02935	1	1	1	1	1	1	1	1	0	1	1	1	0	0	0	0	0	0	0	1
C02936	1	1	1	1	1	1	1	1	0	0	0	1	1	0	1	0	1	0	0	0
C02937	1	0	0	1	1	0	0	0	0	0	0	1	0	0	1	0	0	0	0	0
C02938	0	1	1	1	1	0	0	1	0	1	1	1	1	1	0	1	1	1	0	0
C02939	1	0	1	1	1	1	1	1	1	1	1	1	1	1	0	0	0	0	0	0
C02940	0	1	0	0	1	0	0	0	1	0	0	0	0	0	0	0	0	0	0	0
C02941	0	1	0	0	1	0	1	0	1	1	0	1	1	0	1	0	0	0	0	0
C02942	1	1	1	1	0	1	1	1	0	1	1	1	0	0	0	0	0	0	1	0
C02943	1	1	0	1	0	0	0	1	0	0	1	1	0	0	1	0	0	0	0	0
C02944	0	1	1	1	0	0	0	0	0	1	0	0	0	0	0	0	0	0	0	0
C02945	1	1	1	0	0	1	1	1	1	1	1	1	1	1	0	0	0	0	0	0
C02946	1	1	1	1	0	0	0	0	0	0	0	1	0	0	0	0	0	0	0	0
C02947	1	1	1	1	1	1	1	1	1	1	1	1	1	1	1	1	0	1	0	1
C02948	1	1	0	0	1	0	0	0	0	0	1	0	0	0	0	0	1	0	0	0
C02949	0	1	1	1	1	0	1	0	0	1	1	0	0	0	0	1	0	0	1	0
C02950	1	0	1	1	0	0	0	1	1	0	0	0	0	0	0	0	0	0	0	0
C02951	1	0	1	1	1	1	0	1	0	1	0	1	1	1	0	0	0	0	0	0
C02952	1	1	1	1	1	1	1	1	1	1	1	0	1	1	0	0	0	0	0	0
C02953	0	1	1	1	1	1	1	1	1	1	1	0	1	0	1	0	0	0	0	0
C02954	1	1	1	1	0	1	1	0	1	1	1	1	0	0	0	0	1	1	0	0
C02955	1	1	0	0	1	1	0	1	1	0	0	0	0	1	0	0	0	1	0	0
C02956	1	1	0	0	0	0	0	0	0	0	1	0	0	0	0	0	0	0	0	0
C02957	0	0	0	0	1	1	0	0	0	0	1	0	0	0	0	0	0	0	1	0
C02958	0	0	0	1	0	0	0	0	0	0	0	0	1	1	0	0	0	0	0	0
C02959	0	1	1	0	1	0	0	1	1	0	0	0	0	0	0	0	0	0	0	0
C02960	1	1	1	1	1	1	1	1	1	1	1	1	1	0	1	1	1	0	1	0
C02961	1	0	1	1	1	1	1	1	1	1	1	1	0	1	1	1	1	0	0	0
C02962	0	0	1	1	1	1	0	0	0	1	0	1	0	0	0	0	1	0	0	0
C02963	0	1	0	1	0	1	0	0	0	0	0	0	0	0	0	0	0	0	0	0
C02964	1	1	1	0	1	1	0	1	0	1	0	1	0	1	0	0	0	0	0	0
C02965	0	1	1	1	1	1	0	0	0	0	1	1	0	0	0	0	0	0	0	0
C02966	1	1	1	1	1	0	1	0	0	1	0	1	0	0	0	0	1	0	0	0
C02967	1	1	1	1	1	0	0	1	0	0	0	1	1	0	1	1	0	0	0	0
C02968	1	1	1	1	0	1	1	1	1	0	0	0	0	1	0	0	0	0	0	0
C02969	0	1	1	1	1	0	1	1	1	1	0	1	0	0	1	0	0	0	0	0
C02970	1	1	1	0	1	1	1	1	0	0	1	0	1	1	1	0	0	0	0	0
C02971	0	0	0	1	1	1	1	1	1	1	0	1	0	0	0	0	0	0	0	0
C02972	0	1	1	0	1	0	0	0	0	0	0	0	0	0	0	0	0	0	0	0
C02973	1	1	0	1	0	0	0	1	0	1	0	0	1	0	0	0	0	0	0	0
C02974	1	0	1	1	0	1	1	1	1	0	0	1	1	1	0	0	0	0	1	0
C02975	1	1	1	1	1	1	1	1	1	1	1	0	1	0	1	0	0	1	1	0
C02976	1	1	1	1	1	1	0	0	1	0	1	0	1	1	0	0	0	0	0	0
C02977	1	1	1	1	1	1	1	0	1	1	1	1	1	1	1	1	0	0	1	1
C02978	1	1	1	1	1	1	1	1	1	0	0	1	1	1	0	0	1	1	0	0
C02979	1	1	1	1	1	1	1	0	1	0	1	1	0	0	1	0	0	0	0	0
C02980	1	1	1	1	1	1	1	1	1	1	1	1	0	0	0	0	0	1	0	0
C02981	0	0	1	0	1	0	0	0	0	0	0	0	0	1	0	0	0	0	0	0
C02982	1	1	1	1	0	1	0	1	1	1	0	0	0	0	1	0	1	0	0	1
C02983	1	1	1	1	0	1	1	1	1	1	1	0	1	1	0	0	0	0	0	0
C02984	1	0	1	1	1	1	1	0	1	0	1	1	1	1	0	1	0	0	0	0
C02985	1	1	0	1	1	1	1	1	1	0	1	0	1	0	0	1	1	1	1	0
C02986	0	0	1	1	1	0	0	0	0	0	0	0	0	0	0	0	0	0	0	0
C02987	0	0	1	0	1	1	1	1	1	0	0	0	0	0	0	0	0	0	0	0
C02988	0	1	1	0	0	0	0	0	0	1	0	0	0	0	0	0	0	0	0	0
C02989	1	0	0	1	1	1	0	0	0	0	1	0	1	1	1	0	0	0	0	0
C02990	1	0	1	1	0	0	1	0	0	0	1	0	1	1	0	0	0	0	0	0
C02991	1	1	1	1	1	1	1	1	1	1	1	1	1	0	1	1	0	1	1	1
C02992	1	1	1	1	1	1	0	1	1	1	1	1	1	1	0	0	1	1	0	0
C02993	1	1	1	1	1	1	1	1	1	1	1	1	1	1	0	1	1	1	1	0
C02994	1	1	1	1	1	1	1	1	1	1	0	1	1	1	1	0	1	1	0	0
C02995	1	0	1	1	0	0	1	1	1	0	1	0	1	0	1	0	0	0	1	0
C02996	0	0	1	1	0	1	1	0	1	0	1	0	0	0	0	0	0	0	0	0
C02997	1	0	0	0	1	1	1	0	0	1	1	1	0	0	0	0	0	0	0	0
C02998	0	1	1	1	1	1	1	1	0	0	0	0	0	0	0	0	1	0	0	0
C02999	1	1	1	1	0	1	1	1	1	1	0	0	0	0	1	0	1	1	1	0
C03000	0	1	1	0	1	1	1	1	1	1	1	1	0	0	1	0	0	0	0	0
C03001	1	1	1	1	1	1	1	0	1	1	1	1	1	1	1	1	0	0	0	1
C03002	1	1	0	0	1	1	0	0	0	1	1	1	1	1	0	1	0	0	0	0
C03003	1	1	1	1	1	1	1	1	1	1	1	0	1	1	0	1	0	0	0	0
C03004	0	1	1	1	1	0	1	1	0	1	0	0	0	0	0	1	0	0	0	0
C03005	0	0	0	0	0	0	0	0	0	0	0	0	0	0	0	0	0	0	0	0
C03006	1	1	0	0	1	1	1	1	0	1	0	0	1	1	0	0	1	0	0	0
C03007	1	1	1	1	1	1	1	1	1	0	1	0	1	1	0	1	1	0	0	0
C03008	1	1	0	1	0	0	1	0	1	0	0	0	1	0	0	1	0	0	0	0
C03009	1	1	0	1	1	0	0	0	0	1	0	0	0	0	0	0	0	0	0	0
C03010	1	0	1	0	0	1	1	1	0	1	0	1	1	0	0	0	0	0	0	0
C03011	1	0	1	1	0	1	0	0	1	1	0	0	0	0	0	0	0	0	0	1
C03012	0	0	0	0	0	0	0	1	0	0	0	0	0	1	0	0	0	0	0	0
C03013	1	1	0	1	0	1	1	1	0	1	1	0	1	0	0	0	0	0	0	0
C03014	1	1	1	1	0	1	1	1	1	1	0	1	1	1	0	1	1	0	0	0
C03015	1	1	1	1	1	1	0	0	0	0	0	0	0	0	0	0	0	0	0	0
C03016	1	0	1	1	1	1	0	1	1	1	0	1	1	0	1	0	0	1	1	0
C03017	1	1	1	1	1	1	1	1	1	1	1	0	0	1	1	0	1	1	1	1
C03018	0	1	1	1	1	1	1	1	1	1	1	1	0	1	0	0	1	0	0	0
C03019	0	1	1	1	1	1	1	0	0	1	0	0	0	0	0	0	0	0	0	0
C03020	0	1	1	1	0	0	0	0	0	0	1	1	0	0	0	0	0	0	0	0
C03021	0	1	1	1	1	0	0	0	0	1	0	0	0	0	0	0	0	0	0	0
C03022	1	1	0	1	1	1	1	1	1	1	0	1	1	0	1	0	0	1	1	0
C03023	1	1	1	1	1	1	1	1	1	1	1	1	1	1	0	0	1	1	1	1
C03024	1	0	1	0	1	1	1	0	1	1	0	1	1	1	1	0	0	0	1	0
C03025	0	1	1	1	0	1	1	0	0	0	1	0	0	0	0	0	0	0	0	0
C03026	1	0	0	0	0	0	0	0	1	0	0	0	0	0	0	0	0	0	0	0
C03027	0	1	0	0	0	0	0	1	1	0	0	0	0	0	0	1	0	0	0	0
C03028	1	1	1	1	1	1	0	1	1	1	1	1	0	0	1	0	0	0	0	0
C03029	0	1	1	0	0	1	1	0	0	0	0	1	0	0	0	0	0	0	0	0
C03030	1	1	1	1	0	0	1	1	0	0	1	0	0	0	0	1	0	0	0	0
C03031	1	1	1	1	1	1	1	0	1	1	0	0	0	0	0	0	0	0	0	0
C03032	1	1	1	1	1	1	1	1	1	1	0	0	1	1	1	0	0	0	0	0
C03033	0	0	1	1	1	1	0	0	1	0	1	0	1	0	0	0	1	0	0	0
C03034	0	1	0	1	1	1	1	0	1	1	0	1	0	0	0	0	0	1	0	0
C03035	1	0	0	0	1	0	0	0	0	1	0	1	0	0	0	0	0	0	0	0
C03036	0	1	1	1	0	1	1	0	0	0	0	1	0	0	0	0	0	0	0	0
C03037	1	1	1	1	1	1	1	1	0	1	1	1	0	0	1	1	1	1	0	1
C03038	1	1	0	1	0	1	1	1	1	1	0	1	0	0	0	0	0	0	0	0
C03039	1	1	1	0	1	1	1	1	1	1	1	0	0	0	1	0	0	0	0	0
C03040	1	1	1	1	1	1	0	1	1	1	1	0	1	0	0	0	0	0	0	0
C03041	1	1	1	1	1	1	1	1	0	1	1	1	1	0	0	1	0	0	0	0
C03042	0	1	1	1	1	1	0	0	0	0	0	0	0	0	0	0	0	0	0	0
C03043	1	1	0	1	1	0	1	0	1	1	1	1	1	1	0	1	0	0	1	1
C03044	1	0	0	1	0	1	1	0	1	0	0	0	0	1	1	0	0	0	0	0
C03045	0	1	0	1	1	0	0	0	0	1	0	0	0	0	1	0	0	0	0	0
C03046	0	1	0	0	0	1	0	1	0	0	0	1	0	0	0	0	0	0	0	0
C03047	1	1	1	1	1	1	1	1	1	0	1	1	1	1	0	1	1	1	0	1
C03048	1	1	0	1	0	0	0	1	0	1	1	0	0	1	1	1	1	0	0	0
C03049	1	1	0	0	1	1	1	1	1	0	1	0	0	0	0	1	0	0	0	0
C03050	1	1	1	1	1	1	1	0	1	1	1	1	0	0	1	1	0	0	0	0
C03051	1	1	0	1	0	0	0	0	1	0	1	0	1	1	0	0	0	0	0	0
C03052	1	0	1	1	1	1	0	0	0	0	1	0	1	0	0	0	0	0	0	0
C03053	1	1	1	1	1	1	1	1	1	1	1	0	0	0	1	0	1	0	0	0
C03054	0	1	0	0	0	0	0	0	0	0	0	0	0	0	0	0	0	0	0	0
C03055	1	0	1	1	1	1	1	0	1	0	1	0	0	0	0	1	0	0	0	0
C03056	1	1	1	1	1	1	0	1	1	0	0	1	1	1	1	0	1	0	0	0
C03057	1	0	1	1	0	1	1	1	1	0	0	0	0	0	1	0	1	0	0	0
C03058	1	0	1	1	1	1	1	1	1	1	1	0	0	0	0	0	1	0	0	0
C03059	1	1	1	1	1	1	1	0	1	0	1	0	1	1	1	0	1	1	0	0
C03060	0	1	0	1	1	1	0	0	1	0	0	0	0	0	0	0	0	0	0	0
C03061	1	1	1	1	1	1	1	0	1	0	1	1	1	1	0	0	1	0	0	0
C03062	1	1	1	1	1	1	1	1	0	1	1	0	1	1	1	0	0	0	0	0
C03063	1	1	1	1	1	1	1	1	0	0	0	0	1	1	0	1	0	0	0	0
C03064	1	1	0	1	1	0	1	1	0	0	1	0	0	0	0	0	0	0	0	0
C03065	1	1	1	0	0	1	1	1	1	1	1	1	0	0	1	0	0	1	1	0
C03066	1	1	1	1	1	1	1	1	1	1	1	1	1	1	0	0	1	0	0	1
C03067	1	1	1	1	1	0	0	0	0	0	0	0	0	1	0	0	0	0	0	0
C03068	1	1	1	1	1	0	1	0	0	0	1	0	0	0	0	0	1	0	0	0
C03069	1	1	1	1	1	1	0	0	1	1	1	1	1	1	1	0	1	0	1	0
C03070	1	1	1	0	1	1	1	1	1	1	1	1	1	0	0	0	1	0	0	1
C03071	1	1	0	1	1	0	1	0	1	0	0	0	0	0	0	0	0	0	0	0
C03072	1	1	1	1	1	1	0	0	0	1	0	0	1	1	1	0	0	0	0	0
C03073	1	1	1	0	1	1	0	1	1	1	0	1	1	1	1	0	0	0	0	0
C03074	1	1	1	1	0	1	1	0	1	1	1	1	1	0	1	1	1	0	0	1
C03075	1	0	0	1	1	0	0	0	0	0	0	0	0	0	1	0	0	0	0	0
C03076	1	0	1	1	0	1	0	1	1	1	1	0	0	1	0	0	0	0	1	0
C03077	1	1	1	0	0	0	1	1	1	1	0	0	0	0	0	1	0	0	1	0
C03078	1	1	1	1	0	1	0	0	1	1	0	0	0	0	0	0	0	0	0	0
C03079	0	0	1	1	1	1	1	0	0	1	1	0	0	0	0	0	0	0	0	0
C03080	1	0	1	1	1	1	1	1	1	0	1	1	0	0	1	1	1	1	0	1
C03081	1	1	0	1	1	0	0	0	1	1	0	0	0	1	0	0	0	0	0	0
C03082	1	1	1	1	1	1	1	1	1	1	1	1	1	1	0	1	0	0	0	0
C03083	1	1	1	1	1	1	1	1	1	1	1	1	0	0	1	1	1	1	1	1
C03084	1	1	1	0	1	1	1	1	0	0	1	0	1	0	1	1	0	0	0	0
C03085	1	1	1	1	1	1	1	0	1	1	0	0	0	1	1	0	0	0	0	1
C03086	1	1	0	0	0	0	0	1	1	0	0	0	1	1	1	0	0	0	0	0
C03087	1	0	1	1	1	0	1	1	0	0	1	0	0	0	0	0	0	0	0	0
C03088	0	0	0	1	1	1	0	1	0	0	0	0	0	0	0	0	0	0	0	0
C03089	1	1	1	1	1	1	0	1	1	1	1	1	0	0	0	1	0	0	0	0
C03090	1	1	0	1	0	1	1	1	0	1	1	1	1	0	1	0	0	0	0	0
C03091	1	1	1	0	1	0	1	0	1	0	0	0	0	0	0	1	0	0	1	0
C03092	1	1	1	1	1	1	1	1	1	0	1	1	1	1	1	1	1	0	0	0
C03093	0	1	0	1	1	1	0	0	0	0	0	0	0	0	0	0	0	0	0	0
C03094	1	1	1	1	0	1	0	0	1	1	1	1	1	0	0	0	0	0	0	0
C03095	1	1	1	0	1	1	0	1	1	0	0	0	0	0	0	0	0	0	0	0
C03096	1	1	1	1	1	0	0	1	0	0	1	0	1	1	1	0	0	0	0	0
C03097	0	1	1	0	0	0	0	0	0	0	0	1	1	0	0	1	0	0	0	0
C03098	1	1	1	1	1	1	1	1	1	1	0	1	0	0	0	0	0	0	0	0
C03099	1	1	0	1	0	0	0	0	0	0	0	0	0	0	0	0	0	0	0	0
C03100	1	1	0	1	1	1	0	0	1	0	1	1	0	0	0	1	0	0	0	0
C03101	1	1	1	1	1	0	0	1	0	1	1	0	1	1	0	0	0	1	0	0
C03102	0	1	1	1	0	0	1	1	1	0	1	0	0	0	1	0	0	0	0	0
C03103	0	1	1	0	0	1	0	1	0	1	0	1	0	0	0	0	0	0	0	0
C03104	1	1	1	0	1	0	0	0	0	1	0	0	1	0	0	1	0	0	0	0
C03105	1	1	1	0	1	0	1	0	1	1	1	1	0	0	0	0	1	0	0	0
C03106	1	1	1	1	1	1	1	0	1	0	1	0	0	0	0	0	0	0	0	0
C03107	1	0	0	1	1	1	1	1	0	1	0	1	1	1	0	0	0	0	1	0
C03108	1	1	1	0	1	1	1	1	1	1	1	0	1	1	0	0	1	1	0	0
C03109	1	1	0	0	1	1	1	0	0	0	0	0	1	0	0	0	0	0	0	0
C03110	1	1	1	1	1	1	1	1	1	1	1	1	1	1	0	0	1	0	0	1
C03111	0	0	1	1	1	1	0	1	0	1	0	0	0	0	0	0	0	0	0	0
C03112	1	1	1	1	1	1	1	1	1	1	0	0	0	1	0	1	1	0	0	0
C03113	1	0	1	1	1	1	1	0	1	1	1	1	1	1	1	0	1	0	0	0
C03114	0	1	1	1	1	0	1	1	0	0	0	0	0	0	0	1	0	0	0	0
C03115	0	1	0	0	1	0	0	0	1	0	0	0	0	0	0	0	0	0	0	0
C03116	1	1	1	0	1	1	0	1	0	1	1	0	1	1	0	0	1	0	0	0
C03117	1	1	1	1	1	1	1	1	1	1	1	0	1	1	0	1	1	0	0	0
C03118	1	1	1	1	1	1	1	0	0	1	0	1	1	1	1	0	1	0	0	0
C03119	1	0	1	0	1	0	0	0	1	0	0	0	0	0	0	0	0	0	0	0
C03120	1	1	1	1	0	1	1	1	1	1	1	0	1	1	0	1	0	0	1	0
C03121	1	1	0	1	0	0	0	0	0	0	0	0	0	0	0	0	0	0	0	0
C03122	1	1	1	1	1	1	1	1	1	1	1	0	1	0	0	0	0	1	0	0
C03123	1	1	1	1	1	1	1	1	1	1	1	0	1	1	0	1	1	0	0	0
C03124	1	1	1	0	1	1	1	0	1	0	1	0	1	1	1	0	1	0	0	1
C03125	0	1	1	1	1	0	1	1	1	1	0	1	1	1	0	1	0	0	0	0
C03126	1	1	1	1	0	1	1	0	1	1	1	0	1	1	1	0	1	0	0	0
C03127	0	1	1	0	0	0	0	1	1	1	0	0	0	1	0	0	0	0	0	1
C03128	1	1	1	1	1	1	1	1	1	1	1	0	0	1	0	0	0	0	0	1
C03129	1	1	0	1	0	1	0	1	1	0	0	0	1	1	1	0	0	0	0	0
C03130	1	1	1	1	1	1	1	1	1	1	1	1	1	1	1	0	0	0	0	0
C03131	1	1	1	1	1	1	1	1	1	0	1	1	0	0	0	1	0	0	1	0
C03132	1	1	1	1	1	0	1	1	1	1	1	0	1	0	0	0	0	0	0	1
C03133	1	0	0	0	0	0	0	0	0	0	0	0	0	0	0	0	0	0	0	0
C03134	1	1	1	1	1	1	1	1	1	0	0	1	1	0	0	1	0	0	1	0
C03135	0	0	0	1	1	1	0	0	0	0	0	0	0	0	0	0	0	0	0	0
C03136	1	1	1	1	0	0	0	1	1	0	1	1	0	0	0	0	0	0	0	0
C03137	1	1	0	1	0	1	0	0	1	0	1	0	0	0	0	0	0	0	0	0
C03138	0	1	1	0	0	1	0	0	1	0	1	1	0	0	0	0	0	0	0	0
C03139	1	1	1	1	0	0	0	0	1	0	0	1	0	0	1	0	0	0	0	0
C03140	1	1	1	1	1	1	1	0	0	1	1	1	0	0	0	0	0	0	0	0
C03141	1	1	0	1	1	1	1	1	1	0	1	0	0	1	1	0	1	0	0	1
C03142	1	1	1	1	1	1	1	1	0	0	0	1	0	0	0	0	0	0	1	0
C03143	1	1	0	1	1	1	1	1	1	0	1	1	0	0	0	1	0	1	1	1
C03144	0	1	1	1	1	1	1	0	1	1	1	0	0	0	0	0	0	0	0	0
C03145	1	1	1	1	0	0	0	1	1	0	0	0	0	0	0	0	0	0	1	0
C03146	1	1	1	1	1	1	1	1	1	1	1	1	0	0	1	1	0	1	1	0
C03147	1	1	1	0	1	0	1	1	1	1	1	0	0	0	1	0	0	0	0	0
C03148	1	1	0	1	0	1	1	0	0	1	0	0	0	0	0	0	0	0	0	0
C03149	1	1	1	1	0	1	1	1	1	1	0	1	1	1	1	0	0	0	0	0
C03150	1	1	0	1	1	1	1	1	1	0	1	1	1	1	0	0	0	0	0	0
C03151	1	0	1	1	0	1	1	1	1	1	0	1	1	0	1	0	1	0	0	0
C03152	0	1	0	1	1	0	0	1	1	0	0	0	1	1	0	0	1	0	0	0
C03153	1	1	1	1	1	1	0	1	1	1	0	1	0	0	0	0	0	0	0	0
C03154	1	0	1	1	1	1	1	1	0	1	1	0	0	0	0	1	0	1	1	0
C03155	1	0	1	1	1	1	1	1	1	1	0	1	1	1	1	1	1	1	0	0
C03156	0	0	1	1	1	1	1	1	1	1	1	0	1	0	1	0	1	0	0	0
C03157	1	1	1	0	1	1	1	1	1	1	1	1	1	1	0	1	1	0	0	1
C03158	1	1	1	0	1	0	0	1	1	1	0	0	1	1	0	0	0	0	0	0
C03159	1	1	1	1	0	1	1	1	1	0	1	1	0	0	1	0	0	0	0	0
C03160	1	1	1	0	1	1	0	1	0	0	1	0	0	0	0	0	0	0	0	0
C03161	1	1	1	1	1	1	1	0	1	0	1	1	1	0	0	1	1	0	0	0
C03162	0	0	0	0	0	0	0	0	0	0	1	0	0	0	1	0	0	0	0	0
C03163	1	1	0	0	1	1	1	1	0	1	0	1	0	0	1	0	0	0	0	0
C03164	1	1	1	0	1	1	1	1	0	1	1	0	0	0	0	0	0	0	0	0
C03165	1	1	1	1	0	1	1	1	0	0	0	0	1	0	0	0	0	0	0	0
C03166	1	0	1	1	1	1	0	1	1	1	1	1	1	1	0	0	1	0	0	0
C03167	0	0	0	1	0	1	0	1	0	0	0	0	0	0	0	0	0	0	0	0
C03168	0	1	0	0	1	1	1	1	0	1	0	1	0	0	0	0	0	0	0	0
C03169	1	0	1	1	1	1	1	1	1	0	0	0	0	0	0	0	0	0	0	0
C03170	1	1	1	1	1	1	1	0	1	1	1	0	0	0	0	0	0	0	0	1
C03171	0	0	0	1	0	0	0	0	0	0	0	0	0	0	0	0	0	0	0	0
C03172	1	1	1	1	1	1	1	1	1	0	1	1	1	0	1	1	1	0	1	0
C03173	0	1	0	1	1	0	0	0	0	0	0	0	0	0	0	0	0	0	0	0
C03174	1	0	1	1	1	1	1	0	1	0	0	0	1	0	0	0	1	0	0	0
C03175	1	1	1	1	0	1	1	1	0	1	1	0	1	0	0	1	0	0	0	0
C03176	1	1	0	1	0	1	1	0	1	0	1	0	1	1	1	0	0	0	0	0
C03177	1	1	1	1	1	0	0	0	0	0	0	0	0	0	0	0	0	0	0	0
C03178	1	1	1	0	1	1	1	1	0	1	0	0	0	0	0	0	0	0	0	0
C03179	1	1	1	0	0	0	0	1	0	0	1	0	0	0	0	0	0	0	0	0
C03180	1	0	0	1	1	0	0	0	0	0	0	1	0	0	0	0	0	0	0	0
C03181	1	1	1	0	1	1	1	1	0	0	0	0	0	0	0	1	0	0	0	0
C03182	1	1	1	0	1	1	1	1	1	1	1	1	1	1	0	1	1	1	0	0
C03183	0	1	1	0	1	0	0	1	0	0	0	0	0	0	0	0	0	0	0	0
C03184	1	0	0	1	0	1	1	1	0	0	0	0	1	0	0	0	0	0	0	0
C03185	1	1	1	1	1	0	0	0	0	1	0	0	0	0	0	0	0	0	0	0
C03186	1	1	1	1	1	1	1	0	1	1	1	1	0	1	0	0	0	0	0	0
C03187	1	1	1	1	1	1	0	1	0	0	0	1	0	0	0	1	1	1	0	1
C03188	1	1	1	1	1	1	1	1	0	1	0	0	1	0	0	0	0	0	0	0
C03189	0	1	1	0	0	1	1	0	1	1	0	0	0	0	0	0	1	0	0	0
C03190	1	1	0	1	1	1	0	1	0	1	1	1	1	1	1	0	0	0	1	1
C03191	1	1	1	0	1	1	0	1	0	0	0	0	1	0	0	1	0	0	0	0
C03192	1	1	1	1	1	1	1	1	1	1	1	1	1	1	1	1	1	0	1	0
C03193	1	1	1	1	1	1	1	0	1	0	1	1	0	0	0	1	1	0	0	0
C03194	1	1	1	1	0	1	1	1	1	1	1	1	1	0	1	0	1	1	0	0
C03195	1	0	1	1	1	1	1	0	1	1	1	1	1	1	0	1	0	1	0	0
C03196	1	1	1	1	1	0	0	0	0	0	1	0	0	0	0	0	0	0	0	0
C03197	0	1	1	1	1	1	1	0	1	0	1	0	0	1	1	0	1	0	0	0
C03198	1	1	1	1	1	0	1	1	1	0	1	1	0	0	0	0	1	0	0	0
C03199	1	1	1	1	1	0	1	0	0	1	0	0	1	1	1	1	1	0	0	0
C03200	1	1	1	1	0	1	1	1	1	1	0	0	1	1	0	0	0	0	0	0
C03201	1	1	1	1	1	0	0	0	0	0	0	0	0	0	0	0	0	0	0	0
C03202	1	0	1	0	0	1	0	0	0	0	0	0	0	0	0	1	0	0	0	0
C03203	0	1	1	1	1	1	1	1	0	1	0	0	0	0	0	0	1	0	0	0
C03204	0	1	1	1	1	1	1	1	1	1	0	0	0	1	0	0	0	0	0	1
C03205	0	1	1	1	0	1	1	0	1	1	0	0	0	0	0	0	0	0	0	0
C03206	1	1	1	1	1	1	1	1	1	0	1	1	1	1	1	0	0	1	0	0
C03207	1	0	1	1	0	1	0	0	0	0	0	0	0	0	0	0	0	0	0	0
C03208	1	1	1	1	1	1	1	0	1	1	1	0	1	0	1	0	1	0	1	0
C03209	1	1	1	1	1	0	1	0	1	0	0	1	1	0	0	0	1	0	0	0
C03210	1	1	1	1	1	1	1	1	1	1	1	1	0	1	1	0	1	1	0	0
C03211	1	1	1	1	1	1	1	1	1	1	0	0	0	0	0	1	0	0	0	0
C03212	0	1	1	1	1	0	0	1	1	0	0	0	0	0	0	0	0	0	0	1
C03213	1	0	1	1	0	0	0	1	1	1	1	0	1	0	0	0	0	0	0	0
C03214	1	1	1	0	1	1	1	1	0	0	0	0	0	0	0	0	0	0	0	0
C03215	1	1	0	1	0	1	1	0	1	0	1	0	0	1	0	0	1	0	0	0
C03216	1	1	1	1	1	1	1	1	1	1	1	1	1	0	1	1	1	1	1	1
C03217	1	1	1	0	1	0	0	1	1	1	1	0	0	0	0	0	0	0	0	0
C03218	1	1	1	1	1	1	1	0	1	0	0	0	0	0	0	1	0	0	0	0
C03219	0	0	0	1	0	0	0	0	1	0	0	0	0	0	0	0	0	0	0	0
C03220	0	1	0	1	1	0	1	0	1	0	1	0	0	0	1	0	1	0	0	0
C03221	1	1	1	1	1	1	1	1	1	1	1	1	0	0	0	0	0	0	0	0
C03222	1	0	0	1	1	0	0	1	0	1	0	1	0	0	0	0	0	0	0	0
C03223	1	1	1	1	1	0	0	1	1	0	1	1	0	0	0	0	0	0	0	0
C03224	1	0	1	0	0	1	0	1	1	0	1	0	0	0	0	0	1	0	0	0
C03225	1	0	1	1	1	1	1	1	0	1	0	1	1	0	0	1	0	0	0	0
C03226	1	1	1	1	0	1	1	1	1	1	1	0	1	1	0	0	0	1	1	0
C03227	1	1	1	1	0	1	1	1	1	1	0	0	1	0	1	0	0	0	0	0
C03228	1	1	1	1	1	0	1	0	1	0	0	1	0	0	0	0	0	0	0	0
C03229	1	1	1	0	1	0	0	1	1	0	1	0	0	0	0	0	0	0	0	0
C03230	1	1	1	0	0	0	0	0	0	0	0	1	0	0	0	0	0	0	0	0
C03231	1	1	1	0	1	0	1	1	0	1	1	0	1	0	1	0	1	0	0	1
C03232	1	0	0	1	0	1	1	0	0	0	0	1	0	0	0	1	0	0	0	0
C03233	1	1	0	0	1	1	1	1	0	1	0	1	1	1	0	0	0	0	0	0
C03234	1	0	0	1	1	1	1	1	0	0	0	1	1	1	1	0	0	0	1	0
C03235	1	1	1	1	0	1	1	1	1	1	1	1	1	0	0	0	1	0	0	0
C03236	1	1	1	1	1	1	0	0	0	0	1	0	1	1	0	0	0	0	0	0
C03237	1	1	1	1	1	1	0	1	1	1	1	1	0	1	1	1	0	0	0	0
C03238	1	1	1	1	1	0	0	0	1	0	0	0	0	1	0	0	0	0	0	0
C03239	1	0	1	1	1	1	1	0	1	1	1	1	0	1	0	1	0	0	0	0
C03240	1	1	0	1	1	1	0	0	0	1	0	1	1	1	0	0	0	0	1	0
C03241	1	1	1	1	1	0	1	1	0	1	0	1	1	0	1	1	1	1	0	0
C03242	0	1	0	1	0	0	1	0	0	0	1	0	0	0	0	0	0	0	0	0
C03243	1	1	0	1	1	1	1	1	0	0	1	0	0	0	0	0	0	0	0	0
C03244	0	1	0	0	1	0	0	0	0	1	1	0	0	0	0	0	0	0	0	0
C03245	1	0	1	0	0	1	1	0	1	0	0	0	0	0	0	0	0	0	0	0
C03246	1	1	1	1	1	1	1	1	0	1	1	1	0	1	0	0	0	0	0	0
C03247	0	1	1	1	1	1	1	1	1	0	1	0	0	1	0	1	1	0	0	0
C03248	1	0	1	0	1	1	1	1	1	1	1	1	1	1	1	1	0	1	0	0
C03249	1	1	1	0	1	1	1	0	0	0	0	0	0	1	0	0	0	0	0	0
C03250	1	1	0	1	1	1	1	1	1	0	0	0	0	0	0	0	0	0	0	0
C03251	1	1	1	1	1	1	1	1	1	0	1	0	0	1	1	0	1	1	0	0
C03252	0	1	1	1	1	1	1	1	1	0	1	1	0	0	0	1	1	1	0	1
C03253	0	1	1	1	1	1	0	1	0	0	0	0	0	0	0	0	1	0	0	0
C03254	1	1	0	1	0	1	1	1	0	0	0	1	0	0	0	0	0	0	0	0
C03255	0	0	0	0	1	1	1	1	0	0	1	0	0	0	0	0	0	0	0	0
C03256	1	0	0	0	0	0	0	0	0	0	0	0	0	0	0	0	0	0	0	0
C03257	0	0	1	1	1	1	1	0	0	1	1	1	0	0	1	0	1	0	0	0
C03258	1	1	0	1	0	1	1	0	0	1	0	0	0	0	0	0	0	0	0	0
C03259	1	0	0	0	1	1	1	0	0	0	0	0	1	0	0	0	0	0	0	0
C03260	1	0	1	1	1	1	0	1	1	0	1	1	0	0	0	0	1	1	0	0
C03261	0	1	1	1	1	1	1	1	0	0	0	1	1	1	0	0	0	1	1	0
C03262	1	1	1	0	0	1	1	1	0	1	1	0	1	1	0	0	0	0	0	0
C03263	1	1	1	1	0	1	1	1	0	0	1	0	1	1	0	0	1	0	0	0
C03264	1	1	1	0	0	0	0	1	0	0	0	0	0	0	0	0	0	0	0	0
C03265	1	1	1	1	1	1	1	1	1	0	0	0	0	0	1	0	0	0	0	0
C03266	1	1	1	0	1	1	1	1	1	1	0	1	0	0	1	0	0	1	0	0
C03267	1	1	1	1	1	1	1	0	1	1	0	1	1	1	0	0	0	0	0	0
C03268	0	1	1	0	1	0	0	0	0	0	0	0	0	0	0	0	0	0	0	0
C03269	1	1	1	0	1	0	0	0	0	0	0	0	0	1	0	0	0	0	0	0
C03270	1	0	0	0	1	1	1	0	1	1	1	0	0	0	1	0	0	0	1	0
C03271	0	1	0	1	1	0	0	0	1	0	0	0	0	0	0	0	0	0	0	0
C03272	1	1	1	1	1	1	1	0	1	1	0	1	1	0	0	0	0	0	0	0
C03273	1	1	0	1	1	1	0	1	0	0	0	1	0	0	0	0	0	0	0	0
C03274	1	1	1	1	1	1	1	1	1	0	1	0	1	0	0	1	0	1	0	0
C03275	0	0	1	1	1	0	0	0	0	0	0	0	0	0	0	0	0	1	0	0
C03276	1	1	0	1	1	1	1	1	1	1	1	1	1	1	0	1	1	0	1	1
C03277	1	0	1	1	0	1	1	1	0	1	0	0	0	0	0	0	0	1	1	0
C03278	0	0	1	1	0	0	0	0	0	0	0	0	0	0	0	0	0	0	0	0
C03279	0	0	0	0	0	0	0	0	0	0	0	1	1	0	0	0	0	1	0	0
C03280	1	1	1	0	1	1	1	1	0	1	0	1	1	1	0	0	0	0	0	0
C03281	1	1	1	1	0	1	1	1	0	1	1	1	0	0	1	1	0	0	1	0
C03282	1	0	1	1	1	1	1	0	1	0	0	0	0	0	0	0	0	0	0	0
C03283	0	0	1	0	1	0	0	0	0	0	0	0	0	0	0	0	0	0	0	0
C03284	0	1	0	0	1	1	0	1	1	0	1	1	0	0	1	0	0	0	1	0
C03285	1	1	1	0	1	0	1	1	1	1	0	0	0	0	0	0	0	1	0	0
C03286	0	1	0	1	1	1	1	0	0	1	1	0	1	1	1	0	0	0	0	1
C03287	0	0	0	0	0	0	0	0	0	1	0	1	0	0	0	0	0	0	0	0
C03288	0	1	1	1	0	0	0	1	1	1	1	0	0	1	1	1	0	0	0	0
C03289	1	1	1	1	1	1	1	1	1	0	0	1	0	1	1	1	0	0	0	0
C03290	1	1	1	0	1	0	1	1	0	0	0	0	0	1	0	0	1	0	0	0
C03291	1	0	1	1	0	0	0	1	0	0	0	0	0	0	0	0	0	0	0	0
C03292	1	1	1	1	1	1	1	1	1	1	1	1	0	0	1	1	0	0	0	0
C03293	1	1	0	1	0	0	1	1	1	1	1	0	1	0	1	0	1	0	0	0
C03294	0	0	0	0	0	0	0	0	0	0	0	0	0	0	0	0	0	0	0	0
C03295	0	0	1	1	1	1	0	0	1	1	1	1	0	0	0	0	0	0	0	0
C03296	1	0	1	1	1	1	1	1	0	1	1	1	0	0	1	1	0	1	1	0
C03297	0	1	1	1	0	1	0	1	0	1	1	1	1	1	1	0	1	0	0	0
C03298	1	1	1	0	0	1	1	1	0	1	0	1	1	1	0	1	0	0	0	0
C03299	1	1	1	1	1	0	1	1	0	0	1	1	0	0	1	0	0	0	0	0
C03300	1	1	1	0	1	0	1	0	1	0	0	0	1	0	0	0	0	0	0	0
C03301	0	0	1	0	1	1	1	1	1	0	0	0	0	0	0	1	0	0	0	0
C03302	1	0	1	1	1	0	0	1	1	0	1	1	0	1	0	1	1	0	0	0
C03303	1	1	1	0	0	0	0	0	0	1	0	0	0	0	0	0	0	0	0	0
C03304	1	1	1	0	1	1	1	1	1	0	0	1	1	1	1	0	0	0	0	0
C03305	1	1	1	0	0	0	0	1	0	0	0	0	0	0	0	0	0	0	0	0
C03306	1	1	0	1	0	0	0	1	1	1	1	0	0	1	1	1	0	0	1	0
C03307	1	0	1	1	1	1	1	1	1	1	0	1	0	1	0	1	0	0	0	0
C03308	1	1	1	0	1	1	1	1	1	1	1	1	1	1	1	0	0	0	1	0
C03309	1	1	1	1	1	1	1	1	1	1	1	0	1	0	1	1	1	0	0	0
C03310	1	0	0	1	1	0	1	0	1	1	0	0	0	1	1	0	0	0	0	0
C03311	0	0	1	0	1	0	0	1	0	1	0	0	0	0	0	0	0	0	0	0
C03312	1	1	1	1	1	1	1	1	1	1	1	0	0	0	0	0	0	0	0	0
C03313	1	1	1	1	0	1	1	0	1	1	1	1	1	1	0	0	1	0	1	0
C03314	1	1	1	1	1	1	1	0	0	0	0	0	0	0	0	0	0	0	0	0
C03315	0	1	1	1	1	1	1	1	1	1	1	1	1	1	1	1	1	1	0	0
C03316	0	1	1	1	1	1	1	1	0	0	0	1	0	1	0	0	0	0	0	0
C03317	0	1	1	0	1	0	0	1	0	0	0	0	0	0	0	0	0	1	0	0
C03318	1	1	1	1	1	1	1	1	1	0	0	0	0	0	0	0	0	0	0	0
C03319	1	0	0	1	1	1	0	0	1	1	1	0	0	0	0	1	0	0	0	0
C03320	0	1	1	1	1	1	1	1	0	1	0	1	1	0	0	1	1	0	0	0
C03321	0	1	0	0	1	1	1	0	1	0	0	1	1	0	0	1	1	0	0	0
C03322	1	0	0	0	0	0	0	0	0	0	0	0	0	0	0	0	1	0	0	0
C03323	1	1	1	1	0	1	1	1	0	1	1	1	1	1	1	0	1	0	0	0
C03324	1	0	0	1	1	1	1	1	1	1	0	1	1	1	0	0	0	0	1	0
C03325	1	1	1	1	1	1	1	1	0	1	1	1	0	0	0	0	0	0	0	0
C03326	1	1	1	1	1	1	1	1	0	1	1	0	0	0	0	0	0	0	0	1
C03327	1	1	1	1	0	1	1	1	0	1	1	1	1	1	1	1	1	1	0	0
C03328	1	1	1	1	1	1	0	1	1	1	1	0	1	1	0	1	0	1	0	1
C03329	1	1	1	1	1	1	1	1	1	1	1	1	1	1	0	0	1	1	0	0
C03330	0	1	1	1	1	1	1	1	0	1	0	0	0	0	0	0	0	0	0	0
C03331	1	1	1	0	0	0	1	1	0	1	0	0	1	0	0	0	0	0	0	0
C03332	0	1	1	0	0	0	0	0	1	0	0	0	0	0	0	0	1	0	0	0
C03333	0	0	0	0	0	0	1	0	0	0	0	0	0	0	0	0	0	0	0	0
C03334	1	1	0	1	0	0	0	0	0	0	0	0	1	0	0	0	0	0	0	0
C03335	0	1	1	1	1	1	0	0	0	0	0	0	0	0	0	0	0	0	0	0
C03336	1	1	1	1	1	1	1	1	1	1	1	1	1	1	0	1	1	0	0	1
C03337	1	0	1	1	0	1	0	0	0	0	1	0	0	0	0	0	0	0	0	0
C03338	1	1	1	0	1	1	1	1	1	1	1	1	0	1	1	0	0	0	0	0
C03339	1	1	1	1	0	0	0	0	0	1	0	0	0	0	0	0	0	0	0	0
C03340	0	1	1	1	0	1	0	1	1	1	1	1	0	0	0	0	0	0	0	0
C03341	0	0	1	1	0	0	0	1	0	0	0	0	0	0	0	0	0	0	0	0
C03342	1	1	1	0	0	1	0	0	0	0	1	0	1	1	0	0	0	0	0	0
C03343	1	1	1	1	1	1	1	1	1	1	1	1	1	1	1	1	1	1	1	1
C03344	1	0	1	1	1	1	1	1	0	1	1	0	0	0	1	0	0	1	0	0
C03345	1	1	1	1	1	1	1	0	1	1	1	0	1	1	0	0	0	0	0	0
C03346	1	1	1	1	1	1	1	1	1	1	0	0	1	1	1	1	1	0	1	1
C03347	1	1	1	1	1	1	0	1	1	1	1	1	1	0	1	1	0	0	0	0
C03348	1	0	1	1	1	1	1	1	1	1	1	1	1	1	1	0	0	0	0	0
C03349	0	1	1	1	0	0	0	1	1	1	0	0	0	0	0	0	0	0	0	0
C03350	0	0	1	0	0	0	0	1	0	0	0	0	1	1	0	0	0	0	0	0
C03351	1	1	0	0	0	1	1	1	0	0	0	0	0	1	0	0	0	0	0	0
C03352	1	1	1	1	0	1	1	1	1	0	1	0	1	1	0	0	1	1	0	0
C03353	1	1	1	1	1	1	1	1	0	1	0	0	1	0	0	0	0	0	0	0
C03354	1	1	1	1	0	1	0	1	0	1	1	0	0	1	0	1	0	0	0	1
C03355	1	1	1	0	1	1	1	1	1	1	0	0	0	1	1	0	0	0	0	0
C03356	1	0	1	0	0	0	0	0	0	0	0	0	0	0	0	0	0	0	0	0
C03357	1	1	1	0	1	1	1	1	0	1	1	0	1	0	0	0	0	0	0	0
C03358	1	1	1	1	1	1	1	1	0	1	0	1	1	0	1	0	0	0	0	0
C03359	1	0	0	1	1	0	1	1	1	0	0	0	1	0	0	0	0	0	0	0
C03360	0	1	1	0	1	0	1	1	1	1	0	1	0	0	1	1	0	0	0	0
C03361	1	1	0	1	1	0	1	0	1	1	1	0	1	1	1	1	1	0	1	1
C03362	1	0	0	0	1	1	0	0	0	0	1	0	1	1	0	0	0	0	0	0
C03363	1	0	1	1	1	0	1	1	0	0	0	0	0	1	1	0	0	0	1	0
C03364	1	0	1	0	0	0	1	0	1	1	1	0	0	0	1	1	0	0	1	0
C03365	1	1	1	0	1	0	1	1	1	1	0	1	0	0	0	0	0	0	0	0
C03366	1	1	1	1	1	1	1	1	1	1	1	1	1	0	0	0	0	0	0	0
C03367	1	1	1	1	1	1	1	0	1	0	1	1	1	0	0	1	0	1	0	0
C03368	0	0	1	0	1	0	0	0	0	0	0	1	0	0	0	0	0	0	0	0
C03369	1	1	1	1	0	0	0	0	0	0	1	0	0	0	0	0	0	0	0	0
C03370	1	1	1	0	0	0	0	1	0	0	0	0	0	1	0	0	0	0	0	0
C03371	1	1	1	0	1	1	1	0	0	0	0	1	0	0	0	1	0	0	0	0
C03372	0	1	1	1	1	1	1	1	0	1	0	1	0	1	0	0	0	0	0	0
C03373	1	1	1	1	1	1	0	1	1	1	1	0	0	0	0	0	0	0	0	0
C03374	1	0	0	1	1	0	0	1	1	0	1	0	1	1	1	0	0	1	1	0
C03375	1	1	1	1	1	1	0	1	0	1	0	1	0	1	1	1	1	0	0	0
C03376	0	1	1	0	1	0	0	0	0	0	0	1	0	1	0	0	0	0	0	0
C03377	1	1	1	1	1	1	1	1	0	1	0	1	1	1	1	0	1	0	0	0
C03378	1	1	0	1	1	0	0	1	1	0	1	0	0	0	0	0	0	0	1	0
C03379	1	1	1	1	1	1	1	1	1	1	0	1	1	1	1	1	1	0	1	0
C03380	0	0	1	0	0	0	0	0	1	0	0	0	1	0	0	0	0	0	0	0
C03381	1	1	1	1	1	1	1	1	1	1	1	0	1	1	1	1	0	1	1	1
C03382	0	1	1	0	1	1	1	1	0	1	0	1	1	0	0	0	0	0	0	0
C03383	1	1	0	0	1	1	1	0	1	0	0	1	1	1	1	0	0	1	0	0
C03384	1	1	1	0	0	1	1	0	1	0	1	1	0	0	0	1	0	0	0	0
C03385	1	0	1	1	1	0	1	1	0	0	0	0	0	0	0	0	0	0	0	0
C03386	1	0	1	0	1	0	0	0	1	0	1	0	1	0	0	0	0	0	0	0
C03387	1	1	1	1	1	0	0	0	1	0	0	0	0	0	0	0	1	0	0	0
C03388	1	1	1	1	1	1	1	1	1	1	1	0	0	0	1	0	0	1	1	0
C03389	1	1	1	1	1	1	1	1	1	1	1	1	1	1	1	1	1	1	1	1
C03390	0	1	1	0	1	0	0	1	0	0	0	0	0	1	0	0	0	0	0	0
C03391	1	1	1	0	1	1	0	1	1	0	1	1	1	0	0	0	1	0	0	0
C03392	1	1	1	1	1	1	1	1	0	0	0	1	1	0	1	1	0	0	1	0
C03393	1	0	1	1	1	1	1	1	0	1	1	1	1	0	0	0	0	0	0	1
C03394	0	1	0	1	1	1	1	1	1	0	1	1	0	0	0	0	0	0	0	0
C03395	1	0	1	1	1	0	1	0	1	1	1	0	0	1	0	0	1	0	0	1
C03396	0	1	1	1	1	0	1	0	0	0	0	1	0	0	1	0	0	0	1	0
C03397	1	1	1	1	0	1	1	1	1	1	1	1	0	0	0	0	0	1	0	0
C03398	1	0	0	0	1	1	1	0	0	1	0	1	0	0	1	0	1	0	0	0
C03399	0	0	0	1	0	0	0	0	0	0	0	0	0	1	0	0	0	0	0	0
C03400	0	1	1	1	1	1	1	0	0	0	1	0	0	0	0	0	0	0	0	0
C03401	1	0	1	1	1	1	1	1	1	0	1	1	1	1	0	0	1	1	0	0
C03402	1	1	1	1	1	1	1	1	1	1	1	1	0	0	1	0	1	0	0	0
C03403	1	1	1	1	1	1	1	1	1	1	1	0	0	0	0	1	0	1	1	0
C03404	1	1	1	1	1	1	1	1	0	0	1	0	0	0	0	0	0	1	0	1
C03405	1	1	1	1	1	0	1	1	1	1	0	1	1	1	0	0	1	1	1	0
C03406	1	1	1	1	1	1	1	1	1	1	1	1	1	1	1	1	1	0	1	1
C03407	1	1	1	1	1	0	0	1	0	1	1	1	1	1	1	0	0	0	0	0
C03408	1	1	1	1	1	1	1	1	1	0	0	1	1	1	0	1	0	0	1	0
C03409	1	1	1	1	1	0	1	1	0	1	1	1	0	1	1	1	1	1	1	0
C03410	1	0	1	1	0	1	0	1	1	0	0	0	0	0	0	0	0	0	0	0
C03411	1	1	1	1	1	1	1	0	1	1	1	0	1	0	1	1	1	0	0	0
C03412	1	1	0	1	1	1	1	0	0	1	1	0	0	0	1	0	1	0	0	0
C03413	0	1	1	1	1	1	1	0	1	0	1	0	0	0	0	0	0	0	0	0
C03414	0	1	1	1	1	1	1	1	1	1	0	1	1	1	0	1	0	0	0	0
C03415	1	1	1	1	1	1	1	0	1	1	1	0	1	0	1	0	0	0	0	0
C03416	0	0	1	1	1	0	0	0	1	1	0	0	0	1	0	0	0	0	0	0
C03417	0	1	1	1	0	1	1	1	0	1	1	0	0	0	0	0	0	0	0	0
C03418	1	1	1	1	1	1	1	1	1	1	0	1	1	1	1	1	1	0	1	0
C03419	0	0	0	0	1	1	1	0	1	1	1	0	0	0	0	0	1	0	0	0
C03420	1	1	1	1	0	1	1	0	0	0	1	1	0	0	0	0	0	0	0	0
C03421	1	1	1	1	0	1	1	1	0	1	1	0	1	1	0	0	0	0	0	0
C03422	1	1	1	0	1	1	1	0	1	0	1	1	0	0	0	0	1	0	0	0
C03423	0	1	1	0	0	0	0	0	1	1	1	0	0	0	0	0	0	0	0	0
C03424	1	1	0	1	1	1	1	1	1	0	1	0	1	0	0	0	0	0	0	0
C03425	1	1	1	1	1	1	1	0	1	1	0	0	0	0	0	0	1	0	0	0
C03426	1	0	0	1	1	1	0	0	1	1	1	0	0	0	0	0	0	0	0	0
C03427	1	1	1	1	0	0	0	1	1	1	1	0	1	1	0	0	0	0	0	0
C03428	1	1	0	0	1	1	1	1	1	0	0	1	0	0	1	1	0	1	0	0
C03429	1	1	1	0	1	0	1	1	1	1	1	1	1	1	1	0	0	0	0	0
C03430	1	1	1	1	1	1	1	1	1	1	0	0	1	1	0	0	0	0	0	0
C03431	0	0	0	0	1	1	1	0	1	0	0	0	0	0	0	0	0	0	0	0
C03432	1	1	1	1	1	1	0	1	1	1	1	1	1	1	1	1	1	1	1	0
C03433	0	1	0	1	0	1	1	0	0	1	1	0	0	0	0	0	0	0	0	0
C03434	0	1	1	1	1	1	1	1	1	1	1	0	0	0	1	0	0	0	1	0
C03435	1	1	1	0	0	1	1	1	1	1	1	0	1	0	0	0	0	0	0	0
C03436	1	1	0	1	0	1	1	0	0	0	0	0	0	0	0	1	0	0	0	0
C03437	1	1	1	1	1	1	0	0	1	1	1	0	0	0	1	0	1	0	0	0
C03438	1	1	1	1	1	1	0	0	0	1	1	1	1	1	0	0	0	0	0	0
C03439	1	1	1	1	1	1	1	0	1	0	0	0	0	0	0	0	0	0	0	0
C03440	1	1	1	1	1	1	0	1	1	0	1	0	1	1	0	0	0	0	0	0
C03441	1	1	1	0	1	0	1	1	0	1	1	0	0	0	0	1	0	0	0	0
C03442	1	1	1	1	1	1	0	0	0	0	0	0	0	0	1	0	0	0	0	0
C03443	1	1	1	0	0	0	0	0	0	1	0	0	0	0	0	0	0	0	0	0
C03444	1	0	1	0	1	0	1	0	1	0	1	1	1	0	0	0	0	0	0	0
C03445	1	0	1	1	1	1	1	1	1	0	1	1	1	1	1	0	0	1	1	0
C03446	1	1	1	1	0	1	1	1	1	1	0	1	0	0	0	0	0	0	0	0
C03447	1	0	1	1	0	1	1	1	1	0	1	0	1	0	1	0	0	0	1	0
C03448	1	1	0	1	0	1	1	1	0	0	0	0	0	0	0	1	0	0	0	0
C03449	1	1	1	1	1	0	0	1	0	1	1	1	1	1	0	0	1	0	1	1
C03450	1	1	1	0	1	1	1	0	1	1	1	0	1	1	0	0	0	0	1	0
C03451	1	1	1	1	1	1	0	0	1	1	1	1	0	1	0	0	1	0	0	0
C03452	1	1	1	1	1	1	1	0	1	0	1	1	0	1	0	0	1	0	0	0
C03453	1	1	1	1	1	1	1	1	1	1	0	0	0	0	1	1	1	0	0	0
C03454	0	1	0	1	0	1	1	0	0	1	0	1	0	1	0	0	0	0	1	0
C03455	1	1	0	0	0	1	1	1	1	1	1	1	1	0	1	0	0	0	0	1
C03456	0	1	1	1	1	1	1	1	1	0	1	1	0	1	1	0	0	0	0	0
C03457	1	1	1	1	1	1	1	1	1	1	1	1	0	0	0	0	1	0	0	0
C03458	1	0	1	1	1	0	1	1	1	1	1	1	1	1	1	0	1	0	0	0
C03459	0	0	1	0	0	0	0	0	1	0	0	0	0	1	0	0	0	0	0	0
C03460	1	1	1	1	1	1	1	1	1	0	1	1	1	1	1	1	1	0	0	1
C03461	0	1	1	1	1	0	0	1	0	1	0	0	0	0	0	0	0	0	0	0
C03462	1	0	1	1	1	1	1	1	0	0	0	1	0	0	0	0	0	0	0	0
C03463	1	0	1	1	1	1	1	1	1	1	1	1	1	1	0	0	0	0	0	0
C03464	1	0	1	1	1	1	0	1	1	1	1	0	0	0	0	1	0	0	0	0
C03465	1	1	1	1	0	0	0	0	1	0	0	0	0	0	0	0	0	0	0	0
C03466	1	0	1	0	0	1	1	0	0	0	0	0	0	0	0	0	0	0	0	0
C03467	1	1	1	0	1	1	1	0	0	0	0	0	0	0	0	1	0	0	0	0
C03468	0	1	1	1	1	1	0	1	1	0	0	0	0	1	1	0	0	0	0	0
C03469	1	1	1	1	1	0	1	1	1	1	0	0	0	0	0	0	0	1	0	1
C03470	1	1	1	1	1	0	1	0	0	1	0	0	0	0	0	0	0	0	0	0
C03471	1	1	1	1	1	0	0	0	1	1	0	0	0	0	0	0	0	0	0	0
C03472	1	1	1	1	1	1	0	0	1	1	0	0	0	0	0	0	0	0	0	0
C03473	1	1	1	1	1	1	1	1	1	1	1	1	1	1	1	1	0	1	0	1
C03474	1	1	1	1	0	0	1	0	0	0	0	0	0	0	0	0	0	0	0	0
C03475	1	0	1	0	1	0	0	0	0	0	0	0	0	0	0	0	0	0	0	0
C03476	1	1	1	1	1	1	1	0	0	1	1	1	1	1	1	0	0	0	0	0
C03477	0	0	0	0	0	1	0	1	0	0	1	1	1	0	0	0	1	0	0	0
C03478	1	0	1	1	1	1	0	1	1	0	1	1	0	0	1	1	0	0	0	0
C03479	1	1	1	1	0	1	1	1	1	1	1	1	0	0	1	0	1	0	1	1
C03480	1	0	0	1	1	1	1	1	1	1	1	1	1	0	0	0	0	1	0	0
C03481	1	1	1	0	1	1	1	1	1	1	1	0	0	0	0	1	0	0	0	0
C03482	1	1	1	0	1	0	0	1	0	0	0	0	1	1	0	0	0	0	1	0
C03483	1	1	1	1	1	1	1	1	0	1	0	1	0	0	1	0	0	0	1	0
C03484	1	1	1	0	1	0	0	0	1	0	1	1	0	0	0	0	0	0	0	0
C03485	0	0	1	1	1	1	0	0	1	0	0	0	0	0	0	0	0	0	0	0
C03486	0	1	1	1	1	0	0	1	1	1	1	1	0	0	0	1	1	1	0	0
C03487	1	1	1	1	1	1	1	1	0	0	0	0	0	0	0	0	0	0	0	0
C03488	1	1	1	1	1	1	1	0	1	1	1	1	1	1	0	1	0	0	1	0
C03489	1	1	1	1	1	0	1	1	1	1	1	1	0	0	1	0	0	0	0	0
C03490	1	1	1	1	1	1	1	1	1	0	1	1	1	1	1	0	0	1	1	1
C03491	1	1	0	0	1	1	1	0	1	1	1	0	0	0	1	0	0	0	0	0
C03492	1	0	0	1	1	0	0	0	1	0	0	0	1	0	0	0	0	0	0	0
C03493	1	1	0	0	0	0	1	1	0	1	1	0	0	0	1	0	1	0	0	0
C03494	0	0	1	1	1	0	1	1	0	0	0	1	1	0	0	0	0	0	0	0
C03495	1	1	0	1	1	1	0	0	1	0	0	0	1	1	0	0	0	0	0	0
C03496	1	1	1	1	1	0	1	1	1	1	0	1	0	0	1	1	1	1	0	0
C03497	0	1	1	1	1	0	0	1	1	0	0	0	0	0	0	0	0	0	0	0
C03498	0	1	1	1	1	1	1	1	1	1	1	0	0	0	0	1	0	0	0	0
C03499	1	0	1	0	1	1	1	1	0	0	0	0	1	0	1	0	0	0	0	0
C03500	1	1	1	1	0	1	1	0	1	0	0	1	1	0	1	0	1	0	0	0
C03501	1	1	1	1	1	1	1	1	1	1	1	0	0	0	1	0	1	1	0	0
C03502	1	1	1	1	0	1	1	0	1	1	1	0	0	0	1	1	1	0	1	0
C03503	0	1	1	1	0	1	1	0	1	1	0	0	0	0	1	0	0	0	0	0
C03504	1	1	0	1	1	0	1	0	0	1	0	0	0	0	0	0	0	0	0	0
C03505	0	1	1	0	1	1	1	1	0	1	0	1	1	1	1	0	1	1	0	0
C03506	1	1	1	1	1	0	1	1	1	0	0	1	1	0	0	0	1	0	0	0
C03507	1	1	0	1	0	0	1	0	0	0	0	0	1	0	0	0	0	0	0	0
C03508	1	1	1	0	1	1	1	1	0	1	0	0	1	1	0	0	0	0	1	0
C03509	1	1	1	1	0	1	1	1	1	1	1	1	1	0	1	1	0	0	0	1
C03510	1	0	1	1	1	1	1	1	1	1	0	0	0	1	0	1	0	0	0	0
C03511	1	1	1	1	1	0	1	0	1	1	1	1	0	0	0	0	0	0	0	0
C03512	1	1	1	1	1	1	1	1	1	1	1	1	1	1	1	1	0	1	1	0
C03513	1	1	1	0	0	1	1	0	1	1	1	0	0	0	1	0	1	0	1	0
C03514	1	1	1	1	1	1	1	1	1	0	1	1	1	1	0	0	1	0	0	0
C03515	1	1	1	1	1	1	1	1	1	1	1	1	1	1	1	1	0	1	0	0
C03516	0	1	1	1	0	1	0	0	1	0	0	0	0	1	0	0	0	1	0	0
C03517	1	1	1	0	0	1	0	1	0	0	0	1	1	0	0	0	0	0	1	0
C03518	1	0	1	1	1	1	1	1	1	0	1	1	1	1	0	0	0	0	0	1
C03519	1	1	1	1	1	1	1	1	1	1	1	1	0	0	1	0	0	0	1	0
C03520	1	1	0	0	1	0	0	0	1	0	0	0	0	0	0	0	0	0	0	0
C03521	0	0	1	0	0	1	1	0	0	0	0	0	0	0	0	0	0	0	0	0
C03522	0	1	0	1	0	0	0	0	0	1	0	0	0	0	0	0	0	0	0	0
C03523	1	1	0	1	0	0	0	0	0	1	0	1	0	0	0	0	0	1	0	0
C03524	0	0	0	0	1	0	0	1	0	1	0	0	0	0	0	0	0	0	0	0
C03525	1	1	1	1	1	1	1	1	0	0	1	0	0	0	0	1	0	0	0	0
C03526	1	1	1	1	1	1	1	1	1	1	1	1	1	1	1	1	1	0	0	1
C03527	1	1	0	0	1	1	0	0	1	1	0	1	0	0	1	1	1	1	0	0
C03528	1	0	0	1	0	0	1	0	0	0	1	0	0	0	0	0	0	0	0	0
C03529	1	1	1	1	1	0	0	0	1	0	0	0	1	1	0	0	0	0	0	0
C03530	1	1	1	0	1	1	0	1	1	1	1	1	1	1	0	0	0	0	0	0
C03531	0	1	0	1	1	0	0	0	0	0	0	0	0	0	0	0	0	0	0	0
C03532	1	1	0	1	1	1	1	1	1	1	1	0	0	0	0	1	0	0	0	0
C03533	0	1	0	0	1	0	0	1	1	0	0	0	0	0	0	0	0	0	0	0
C03534	1	0	0	0	0	1	1	0	0	0	0	0	0	0	0	0	0	0	0	0
C03535	1	0	1	1	1	1	1	1	0	1	1	1	0	1	1	0	0	0	0	0
C03536	0	0	1	1	1	0	0	0	0	1	1	0	0	0	0	0	0	0	0	0
C03537	1	1	1	1	1	0	1	0	0	1	0	0	1	1	0	0	1	0	0	0
C03538	0	1	1	1	0	1	1	0	1	1	0	1	0	0	0	0	0	0	0	0
C03539	1	1	1	1	1	1	1	1	1	0	1	1	0	0	0	1	0	0	1	0
C03540	1	0	1	1	0	1	0	0	0	0	0	0	0	0	0	0	0	1	0	0
C03541	1	1	1	0	1	1	1	1	1	0	1	0	1	1	0	1	0	1	1	0
C03542	1	1	1	1	1	1	1	0	1	1	1	1	1	1	0	0	0	0	0	0
C03543	1	0	0	0	0	1	1	1	1	0	1	0	0	0	0	0	0	0	0	0
C03544	1	1	1	1	1	0	0	0	0	0	1	0	0	0	0	1	0	1	0	0
C03545	0	1	1	1	1	1	1	1	1	0	1	1	1	0	0	0	0	0	0	0
C03546	1	1	1	1	1	1	1	0	0	0	0	0	0	0	0	0	0	0	0	0
C03547	0	1	1	1	1	1	1	1	1	1	1	0	1	1	0	0	0	0	0	0
C03548	1	1	1	1	1	1	1	1	1	1	1	1	1	1	1	1	1	1	1	1
C03549	1	1	1	1	1	1	1	1	1	1	0	1	0	1	1	1	1	0	1	1
C03550	1	1	1	1	0	0	1	0	1	0	0	0	0	0	0	0	0	0	0	0
C03551	0	1	0	1	0	0	0	0	1	0	0	0	0	0	0	0	0	0	0	0
C03552	0	1	0	1	0	0	1	0	0	0	1	0	0	0	0	0	0	0	0	0
C03553	1	0	1	1	1	1	1	1	1	1	0	0	0	1	0	0	1	0	0	0
C03554	1	1	1	1	1	1	1	1	0	0	0	0	0	0	0	0	1	0	0	0
C03555	0	1	0	0	0	0	0	0	1	0	0	0	0	0	0	0	0	0	0	0
C03556	1	0	1	0	1	1	0	1	0	1	0	0	0	0	0	0	0	0	0	0
C03557	1	0	1	1	0	0	0	1	1	0	0	0	0	0	0	0	0	0	0	0
C03558	1	1	1	0	1	1	1	0	0	1	0	1	0	0	1	0	1	0	0	0
C03559	0	0	0	0	1	1	0	0	1	0	0	0	1	0	0	0	0	0	0	0
C03560	1	0	0	0	0	1	1	0	1	1	0	1	0	1	0	0	0	0	0	0
C03561	1	1	1	1	1	1	1	1	0	0	0	0	0	0	1	0	0	0	0	0
C03562	1	0	1	1	1	1	1	0	1	0	1	0	0	1	0	1	0	1	0	0
C03563	1	1	1	0	0	0	0	0	0	0	0	0	0	1	0	0	0	0	0	0
C03564	0	1	1	1	1	1	1	1	0	1	0	0	0	0	0	0	0	0	0	0
C03565	0	1	1	1	1	1	1	1	1	1	1	1	1	1	1	0	0	0	0	0
C03566	1	1	1	1	1	1	1	1	1	0	1	0	0	0	1	0	0	0	0	0
C03567	1	1	1	1	1	0	0	0	1	1	0	1	0	0	0	0	1	1	0	1
C03568	1	1	1	1	1	1	1	1	0	0	1	1	0	0	1	0	0	0	0	0
C03569	1	1	0	1	1	1	1	1	0	1	1	0	1	1	0	0	0	0	0	0
C03570	1	1	1	0	1	0	0	1	1	0	0	0	0	1	1	0	1	0	0	0
C03571	1	0	1	0	1	0	0	1	0	1	0	0	1	1	1	1	0	1	0	0
C03572	1	1	1	1	1	1	1	1	1	0	1	1	1	1	1	1	1	0	0	0
C03573	1	1	1	1	1	1	1	1	0	1	1	0	0	0	0	0	1	0	0	0
C03574	1	1	0	0	1	1	1	0	1	1	0	1	0	0	0	1	0	0	0	0
C03575	1	1	1	0	0	0	0	0	0	1	1	0	1	1	0	0	0	0	1	0
C03576	1	1	1	1	1	1	1	1	0	0	1	1	1	1	1	0	0	0	1	0
C03577	1	1	1	1	1	1	1	1	1	1	0	1	1	1	0	0	0	0	0	0
C03578	1	0	1	0	0	0	0	0	0	0	0	0	0	0	0	0	0	0	0	0
C03579	1	1	0	1	1	1	0	1	0	0	0	0	0	1	1	0	0	0	0	0
C03580	1	1	1	1	1	1	1	0	0	1	1	1	0	0	1	1	0	0	0	0
C03581	1	1	1	1	1	1	1	1	1	1	1	1	1	0	0	0	0	1	0	1
C03582	1	1	1	1	0	1	1	1	0	1	0	0	1	1	0	1	1	0	0	0
C03583	1	0	1	1	1	1	1	0	1	1	1	0	0	1	1	0	0	0	0	0
C03584	0	1	0	0	0	1	1	1	0	0	1	0	0	0	0	0	0	0	0	0
C03585	1	1	1	0	1	1	1	0	1	0	1	0	0	1	1	0	0	0	0	0
C03586	1	1	1	1	1	1	1	1	1	1	1	1	0	1	1	1	1	0	1	1
C03587	1	1	0	1	1	0	1	1	1	0	0	1	0	0	0	0	0	0	1	0
C03588	1	1	1	1	1	1	1	1	0	1	1	0	0	0	0	1	0	0	0	0
C03589	1	1	1	1	1	1	1	1	1	1	1	1	1	1	1	1	1	1	1	0
C03590	1	0	0	1	1	0	0	1	0	0	1	0	1	0	0	0	1	0	0	1
C03591	1	1	1	1	1	1	1	1	1	0	0	0	0	0	0	1	1	0	0	0
C03592	1	0	1	0	1	0	0	0	1	0	0	0	0	0	0	0	0	0	0	0
C03593	1	1	0	1	1	1	1	1	1	0	1	0	1	0	0	0	1	0	0	0
C03594	0	1	1	1	0	0	0	1	0	0	1	0	0	1	1	0	0	0	0	1
C03595	1	1	1	1	1	1	1	1	1	0	0	1	0	0	1	0	0	0	0	0
C03596	1	1	1	1	1	1	1	0	1	1	1	1	1	0	0	1	1	0	1	0
C03597	1	1	1	1	1	1	1	0	1	1	0	0	0	0	0	0	0	0	0	0
C03598	1	1	1	1	1	1	1	1	1	1	1	1	0	1	0	1	1	1	1	1
C03599	0	0	1	1	0	1	0	0	0	1	0	0	0	0	0	0	1	0	0	0
C03600	1	1	1	1	1	1	0	0	1	1	1	1	1	0	0	0	1	0	0	0
C03601	1	0	1	0	0	0	1	0	0	0	0	0	0	0	0	0	0	0	0	0
C03602	1	1	1	1	0	1	1	1	1	1	0	1	1	1	1	1	1	1	1	1
C03603	1	1	0	1	0	0	0	0	0	1	0	0	0	0	0	0	0	0	0	0
C03604	1	1	1	1	1	1	1	1	1	1	0	1	1	0	0	1	1	1	0	0
C03605	1	1	1	1	1	0	1	1	1	1	1	0	1	1	1	0	1	1	1	0
C03606	1	1	1	0	1	1	1	1	1	1	0	0	0	0	1	0	0	0	0	0
C03607	1	0	0	0	1	1	1	1	0	0	0	0	0	0	0	0	0	0	0	0
C03608	0	1	0	1	0	0	0	0	0	0	0	0	0	0	0	0	0	0	0	0
C03609	1	0	1	1	1	1	1	1	1	1	1	1	0	0	0	0	0	0	0	0
C03610	1	1	1	1	1	1	1	1	0	0	1	1	0	0	0	1	0	0	0	0
C03611	1	1	1	1	1	1	1	1	1	1	0	1	0	1	1	1	0	0	0	0
C03612	1	1	1	1	1	1	1	1	1	0	0	0	0	0	0	0	0	0	0	0
C03613	1	1	1	1	1	1	1	1	1	1	1	0	1	1	1	0	1	0	1	0
C03614	1	1	1	1	1	1	1	1	1	1	0	0	0	1	0	0	1	1	0	0
C03615	1	1	0	1	1	1	1	0	0	1	0	1	1	1	0	0	0	0	0	0
C03616	1	1	1	0	1	0	0	0	0	1	0	0	0	0	0	0	0	1	0	0
C03617	1	1	1	1	1	1	1	1	0	1	0	0	0	1	0	0	0	0	0	0
C03618	1	1	1	1	0	1	1	0	1	0	1	0	0	1	1	0	1	0	0	0
C03619	1	0	0	1	1	0	1	0	0	1	0	0	0	0	0	0	0	0	0	0
C03620	1	1	1	1	1	0	1	1	1	1	0	0	0	0	0	0	0	0	0	0
C03621	1	1	1	1	1	0	0	0	1	0	0	0	0	1	0	0	0	0	0	0
C03622	1	1	1	1	1	1	0	1	1	0	0	0	1	1	1	0	0	0	0	0
C03623	1	0	1	1	1	1	1	1	1	1	1	1	1	0	0	0	1	1	0	0
C03624	1	1	1	1	1	1	1	1	0	0	0	0	1	1	0	0	0	0	0	0
C03625	0	1	1	1	0	1	1	0	0	0	0	0	0	0	0	0	0	0	0	0
C03626	1	1	1	1	1	1	1	1	0	1	1	1	1	1	1	1	1	1	0	0
C03627	1	0	0	1	0	0	0	0	1	1	0	0	0	0	0	0	0	0	0	0
C03628	0	1	1	1	0	1	1	1	1	0	0	1	1	0	0	0	1	0	0	1
C03629	1	1	1	0	1	1	1	0	1	1	0	0	0	0	0	0	0	0	0	0
C03630	1	1	0	1	1	0	0	0	1	1	1	0	0	0	0	0	0	0	0	0
C03631	0	0	1	1	0	0	1	1	0	0	1	0	0	0	0	0	0	0	0	0
C03632	1	1	1	1	1	1	1	1	1	1	1	1	0	0	0	1	1	0	0	0
C03633	1	1	1	1	1	1	1	1	1	0	0	0	0	0	0	0	1	0	0	1
C03634	0	1	0	1	0	0	1	0	1	0	1	0	0	0	0	0	0	0	0	0
C03635	1	1	0	1	0	1	1	0	1	0	1	0	0	0	0	0	0	0	0	0
C03636	0	1	1	1	0	0	0	0	0	0	0	0	0	0	0	0	0	0	0	0
C03637	1	1	0	1	1	0	0	1	1	1	0	1	1	0	0	0	0	0	0	0
C03638	1	1	1	1	1	0	1	1	1	1	1	1	0	1	1	1	1	0	1	1
C03639	1	1	1	1	1	1	0	1	1	1	0	1	1	1	0	1	0	0	1	0
C03640	1	1	0	0	1	0	0	0	0	0	0	1	0	0	0	0	0	0	0	0
C03641	1	1	1	1	1	1	1	0	1	0	1	1	0	0	0	0	0	0	0	0
C03642	0	0	1	1	1	1	1	1	1	0	1	1	0	1	0	0	0	0	0	0
C03643	0	1	1	1	1	1	0	0	1	1	1	0	0	0	0	0	0	0	1	0
C03644	0	1	1	1	0	1	0	0	0	0	1	1	0	0	0	0	0	0	0	0
C03645	1	1	1	1	0	1	1	0	1	0	1	1	0	1	1	0	0	1	0	0
C03646	1	1	1	1	1	1	1	1	1	1	1	1	0	0	0	1	0	0	0	1
C03647	1	1	1	1	0	0	0	0	0	0	0	0	1	1	0	0	0	0	0	0
C03648	1	1	1	0	1	1	1	0	0	0	0	1	0	0	0	0	0	0	0	0
C03649	1	1	1	0	1	1	0	1	1	0	0	1	1	1	0	1	0	0	0	0
C03650	1	1	0	1	1	0	0	0	0	1	0	0	0	0	0	0	0	1	0	1
C03651	1	1	0	0	1	1	1	1	1	1	1	1	1	0	1	1	0	0	0	0
C03652	1	0	1	1	1	1	1	1	1	1	1	1	1	1	1	1	0	0	0	0
C03653	1	1	1	0	1	1	0	0	0	0	0	0	0	0	0	0	0	0	0	0
C03654	0	0	1	0	1	1	1	0	0	0	1	0	1	1	0	0	0	0	0	0
C03655	1	1	1	1	1	1	1	1	1	1	1	0	1	1	0	1	0	0	0	1
C03656	1	1	1	1	0	1	1	1	0	0	1	0	0	0	0	1	0	0	0	0
C03657	1	1	1	1	1	1	1	0	0	1	1	0	0	0	0	0	0	0	0	0
C03658	1	1	0	1	1	1	1	1	0	1	1	0	0	0	0	1	0	0	1	1
C03659	0	0	0	1	0	1	0	0	0	0	0	0	0	0	0	0	0	0	0	0
C03660	1	1	1	1	0	0	0	1	1	0	0	0	0	0	0	0	1	0	1	1
C03661	1	1	1	1	1	1	1	1	0	0	1	1	1	1	1	1	0	0	0	0
C03662	0	0	0	0	0	0	0	0	0	1	0	0	0	0	0	0	0	0	0	0
C03663	1	0	1	0	0	0	0	1	1	0	1	0	0	0	1	1	0	0	0	0
C03664	1	1	1	0	0	1	0	1	0	0	0	0	0	0	0	0	0	0	0	0
C03665	1	0	1	1	1	0	0	1	1	0	0	1	1	1	0	0	0	0	0	0
C03666	1	1	1	1	1	1	0	1	1	1	1	1	1	1	1	1	1	1	0	0
C03667	1	1	1	1	1	1	1	1	1	1	1	1	0	0	0	1	0	0	0	0
C03668	1	1	0	1	0	0	0	1	0	1	1	1	1	0	0	0	1	0	0	0
C03669	1	0	0	0	1	0	0	0	0	0	0	0	0	0	0	0	0	0	0	0
C03670	1	1	0	0	0	0	0	0	0	0	0	0	0	0	0	0	0	0	0	0
C03671	1	1	1	1	0	0	0	1	0	0	1	1	1	1	0	0	0	0	0	0
C03672	1	1	1	0	1	1	1	1	1	0	1	0	0	0	1	0	1	0	0	0
C03673	1	1	1	1	1	1	1	1	0	1	1	1	1	0	0	1	0	0	0	1
C03674	1	1	1	1	1	1	0	1	1	1	1	0	1	1	1	1	1	0	1	0
C03675	1	1	0	1	1	0	1	1	0	1	1	1	0	0	0	1	1	0	0	0
C03676	0	1	1	1	1	1	1	0	0	1	1	1	0	1	0	0	0	0	0	0
C03677	1	1	1	1	1	1	1	1	0	0	1	0	1	1	1	1	0	0	0	1
C03678	0	0	1	0	0	1	1	1	0	0	0	0	0	0	1	0	0	0	0	0
C03679	1	0	1	1	1	1	0	0	0	0	1	0	1	1	0	0	0	0	0	0
C03680	1	1	1	1	1	1	1	1	0	1	0	1	0	0	0	0	0	0	0	0
C03681	0	0	1	1	1	0	1	0	1	0	0	0	0	0	0	0	0	0	0	0
C03682	1	0	1	0	1	1	1	1	0	0	0	0	0	0	0	0	0	0	0	1
C03683	1	1	1	1	1	1	0	1	1	1	0	0	0	0	0	0	0	0	0	0
C03684	1	1	1	1	1	1	1	1	1	1	1	0	0	0	0	1	0	0	0	0
C03685	1	1	1	1	1	1	1	1	0	0	1	1	0	0	0	0	0	0	1	0
C03686	1	1	0	1	0	1	0	1	0	1	0	0	0	0	0	0	0	0	0	0
C03687	0	1	1	1	1	0	1	1	1	1	0	1	0	0	1	0	0	0	0	0
C03688	1	0	1	0	1	1	0	0	0	1	0	1	0	0	0	0	0	0	0	0
C03689	1	1	1	1	0	1	0	0	1	1	1	0	0	0	0	0	0	0	0	0
C03690	1	0	1	1	1	1	1	0	1	1	1	1	0	0	0	0	1	0	0	1
C03691	1	1	1	1	1	0	0	1	0	0	0	1	0	1	1	0	1	0	1	0
C03692	0	0	0	0	0	1	1	0	0	0	0	0	0	0	0	0	0	0	0	0
C03693	0	1	1	1	0	1	0	0	1	0	0	0	0	0	0	1	0	0	0	0
C03694	1	1	1	0	1	1	0	0	0	0	1	0	0	0	0	0	0	0	0	0
C03695	1	1	1	1	0	0	0	0	1	0	0	1	0	0	0	0	0	0	1	0
C03696	1	1	1	1	1	1	1	1	1	1	0	1	1	1	1	1	1	0	0	1
C03697	1	1	1	1	1	1	1	1	1	1	1	0	1	1	0	0	0	0	0	1
C03698	0	1	1	0	0	1	0	0	1	1	0	0	0	0	0	0	0	0	0	0
C03699	1	1	1	1	1	1	1	1	1	0	0	0	1	1	0	0	0	0	0	0
C03700	1	1	1	1	1	0	0	1	1	1	0	1	0	1	1	1	1	0	1	0
C03701	1	1	0	1	1	1	1	0	1	1	0	0	0	1	0	1	0	0	1	1
C03702	1	1	1	1	1	1	1	0	1	1	1	1	1	1	1	1	1	0	0	0
C03703	1	1	0	0	1	0	1	0	0	0	1	0	0	1	1	1	0	0	0	0
C03704	1	1	0	1	1	1	0	1	0	0	0	0	1	0	0	1	0	0	0	0
C03705	0	1	1	1	1	0	1	1	1	0	0	0	1	1	0	1	0	0	0	0
C03706	1	0	1	1	0	0	1	0	1	1	1	0	1	0	0	0	1	0	0	0
C03707	1	1	1	1	1	0	0	0	1	1	1	0	0	1	0	0	0	0	0	0
C03708	1	1	1	1	1	1	1	1	1	0	0	1	0	1	1	1	0	0	0	0
C03709	1	0	1	1	0	1	1	0	1	0	0	0	1	0	0	0	0	0	0	0
C03710	1	1	1	1	0	1	1	1	0	1	1	1	0	1	1	1	0	0	0	0
C03711	1	1	1	1	0	1	0	0	1	0	0	0	1	1	0	0	0	0	0	0
C03712	1	1	1	1	1	1	1	1	1	1	1	0	1	1	0	1	0	0	1	0
C03713	1	0	1	1	0	1	1	0	1	1	1	1	0	0	0	0	0	0	0	0
C03714	1	1	0	1	1	1	1	1	1	0	1	1	1	1	0	0	0	0	0	0
C03715	1	1	1	1	1	1	0	1	1	1	1	1	1	1	0	1	1	1	0	0
C03716	1	1	0	0	0	0	1	0	1	1	1	0	0	0	0	0	0	0	0	0
C03717	0	0	0	0	0	0	0	1	0	0	0	0	0	0	0	0	0	0	0	0
C03718	1	0	0	1	1	0	1	0	0	1	0	0	0	0	0	0	0	0	0	0
C03719	0	0	0	0	0	0	0	0	0	0	0	0	0	0	0	0	0	0	0	0
C03720	0	1	0	0	0	0	0	1	1	1	0	0	0	0	0	0	0	0	0	0
C03721	1	1	1	1	0	1	1	0	1	0	1	1	1	1	0	0	1	0	0	0
C03722	0	1	1	1	1	1	1	0	1	1	0	1	1	1	1	0	0	0	1	0
C03723	1	1	1	1	1	1	0	1	1	1	1	1	0	0	0	1	0	0	0	0
C03724	1	1	1	1	0	1	1	0	0	1	1	0	1	1	1	1	1	0	0	0
C03725	1	0	1	1	1	0	0	0	1	1	1	0	1	0	0	0	0	0	0	0
C03726	1	1	1	1	1	1	1	1	1	1	0	1	1	0	0	1	1	0	0	0
C03727	0	1	1	1	1	0	1	0	0	1	0	0	0	0	0	0	0	0	0	0
C03728	0	1	1	1	1	1	1	1	1	1	1	1	0	0	0	0	0	0	0	0
C03729	0	1	1	1	0	1	1	1	1	1	1	1	1	0	0	1	1	1	0	0
C03730	1	0	1	0	1	1	1	1	0	0	1	0	1	1	0	1	1	0	1	0
C03731	1	1	1	0	0	0	0	0	0	0	0	0	0	0	0	0	0	0	0	0
C03732	1	1	1	1	1	1	1	1	1	1	0	1	1	1	0	1	1	1	0	0
C03733	1	1	1	1	1	1	1	1	1	0	0	0	0	0	0	0	1	0	0	0
C03734	1	1	1	1	1	1	1	0	1	1	1	1	1	1	0	1	1	1	0	1
C03735	1	0	0	0	0	0	0	0	0	0	0	0	0	0	0	0	0	0	0	0
C03736	1	1	1	0	0	0	0	1	1	0	0	0	0	0	0	0	0	0	0	0
C03737	1	1	1	1	1	1	1	0	1	0	0	0	0	0	0	0	0	0	0	0
C03738	1	1	1	1	1	1	1	0	1	1	1	1	1	1	0	1	0	1	0	0
C03739	0	1	1	1	1	1	1	0	0	0	0	0	0	0	0	0	0	0	0	0
C03740	1	1	1	1	1	1	1	0	1	1	1	1	1	0	1	0	1	1	0	1
C03741	0	1	1	1	1	1	0	1	1	1	0	0	0	1	0	0	0	0	0	0
C03742	0	1	1	1	0	1	0	1	1	0	1	1	0	0	0	1	0	0	0	0
C03743	0	1	1	1	1	1	1	0	0	1	0	0	0	1	0	0	0	0	0	0
C03744	1	1	1	1	1	1	1	1	1	1	1	0	1	0	1	0	0	1	0	0
C03745	0	1	1	1	1	1	1	0	0	0	1	0	0	1	1	1	0	0	0	0
C03746	1	0	1	1	1	1	1	1	1	1	1	1	1	1	0	0	1	0	0	0
C03747	1	0	1	1	1	1	0	1	0	0	0	1	0	0	0	0	0	0	0	0
C03748	1	1	1	1	1	1	1	1	1	1	1	1	1	1	1	1	1	0	0	1
C03749	0	1	0	1	1	0	0	1	0	0	0	0	0	0	0	0	0	1	0	0
C03750	1	1	1	0	0	1	1	1	1	0	0	1	1	0	1	0	1	1	0	0
C03751	0	1	0	1	1	1	1	1	0	1	0	1	0	0	0	0	1	0	0	0
C03752	1	1	1	0	0	1	0	0	0	0	0	0	0	1	0	0	0	0	0	0
C03753	1	1	1	0	0	0	1	0	1	1	0	0	0	0	0	0	0	1	0	0
C03754	1	0	0	1	1	1	0	0	0	1	0	0	0	0	0	0	0	0	0	0
C03755	0	1	1	1	1	1	1	1	0	0	1	0	1	1	1	1	0	0	0	0
C03756	1	1	1	1	1	1	1	1	1	1	1	1	1	1	1	0	0	0	0	1
C03757	1	1	1	1	0	1	1	1	1	1	0	0	0	0	0	0	0	0	0	0
C03758	1	1	0	1	0	0	0	1	1	1	1	0	1	1	0	0	0	0	0	1
C03759	1	0	1	1	0	0	0	1	1	1	1	1	1	1	1	1	0	0	0	0
C03760	1	1	1	1	0	1	1	1	0	1	1	0	1	1	0	0	0	0	0	0
C03761	1	1	1	1	1	1	1	1	1	1	1	0	0	0	0	0	0	0	0	0
C03762	1	1	1	1	1	1	1	1	1	1	0	1	0	1	1	1	0	1	0	0
C03763	0	1	1	0	0	1	0	0	1	0	0	0	1	1	1	0	0	0	0	0
C03764	1	1	1	0	1	1	0	1	1	0	0	0	0	0	0	0	0	0	0	0
C03765	0	1	1	1	1	0	0	0	1	1	0	0	0	0	0	0	0	0	0	0
C03766	1	0	1	1	1	0	0	1	0	0	0	0	0	0	0	0	0	0	0	0
C03767	1	0	1	1	1	1	1	1	1	1	1	0	1	1	1	0	1	1	0	0
C03768	1	1	1	1	0	1	1	0	1	0	1	0	0	0	0	0	0	1	0	0
C03769	1	1	1	0	1	1	0	0	1	0	1	0	1	1	0	0	0	0	0	0
C03770	1	1	1	1	1	1	1	1	0	1	0	1	0	1	0	0	0	0	0	0
C03771	1	1	1	1	0	1	0	1	0	0	1	0	0	0	0	0	0	0	0	0
C03772	0	1	1	1	1	0	0	1	1	1	1	0	0	0	1	0	0	0	0	1
C03773	1	1	1	1	1	1	0	1	1	1	1	1	0	0	0	0	0	0	0	0
C03774	1	0	1	0	1	0	0	1	1	1	1	1	0	0	0	0	0	1	0	0
C03775	1	0	1	1	0	1	1	1	1	0	1	0	1	0	1	0	0	1	0	0
C03776	1	1	1	1	1	1	1	1	1	1	1	1	1	1	1	1	0	1	0	0
C03777	1	0	1	0	1	0	0	0	1	1	0	1	1	0	0	0	0	0	0	0
C03778	1	0	1	1	0	0	1	1	1	0	0	0	1	0	0	0	0	0	0	0
C03779	0	1	1	0	1	1	1	1	0	1	1	0	0	0	0	0	0	0	0	0
C03780	1	0	1	1	1	1	1	0	0	1	1	1	0	0	0	1	1	0	0	0
C03781	1	0	1	1	1	1	1	0	0	1	0	0	0	0	0	0	0	0	0	0
C03782	1	1	1	1	0	0	0	0	1	0	0	0	0	0	0	0	0	0	0	0
C03783	0	1	1	1	0	1	0	1	0	1	0	0	0	0	0	0	0	0	0	0
C03784	1	0	0	1	1	1	0	0	0	0	1	0	0	0	0	0	0	0	0	0
C03785	1	1	1	1	1	1	1	1	1	1	1	1	1	1	0	0	0	0	1	0
C03786	1	1	1	1	0	1	1	0	1	1	1	1	1	1	0	0	0	0	0	0
C03787	1	1	1	1	1	1	0	1	1	1	1	1	0	1	1	1	1	0	0	0
C03788	1	1	0	1	1	1	0	0	0	1	0	0	0	0	0	0	0	0	1	0
C03789	1	1	1	1	1	0	0	0	0	0	0	0	0	0	0	0	0	0	0	0
C03790	0	0	0	0	0	0	0	0	0	0	0	1	0	0	0	0	0	0	0	0
C03791	1	1	0	1	0	1	1	0	1	1	0	1	0	0	0	0	0	0	0	0
C03792	0	0	1	0	1	1	1	1	0	0	0	0	1	1	0	0	0	0	0	0
C03793	1	1	1	1	1	1	1	1	1	1	1	1	1	1	0	1	1	1	1	1
C03794	1	1	1	1	0	0	1	0	0	0	0	1	0	1	0	0	0	0	0	0
C03795	1	1	1	1	1	1	1	1	1	0	1	1	1	1	0	1	0	0	1	1
C03796	1	1	1	0	0	0	0	0	0	1	0	1	0	0	0	0	0	0	0	0
C03797	1	1	1	1	1	0	1	1	1	1	1	1	1	1	1	0	1	1	1	0
C03798	1	1	1	1	1	1	1	0	0	0	1	1	1	1	1	0	0	1	1	0
C03799	1	1	0	1	1	0	0	0	1	1	0	0	1	0	0	0	0	0	0	0
C03800	0	1	1	1	1	1	1	0	0	0	0	0	0	0	0	0	0	0	0	0
C03801	0	0	1	1	1	1	1	1	1	1	1	0	1	1	1	1	0	0	1	1
C03802	0	1	1	1	1	1	0	1	1	1	1	1	1	1	1	1	0	0	0	0
C03803	0	1	0	0	1	0	0	0	0	0	0	0	1	1	0	0	0	0	0	0
C03804	1	1	1	1	0	1	1	1	1	0	1	0	0	0	0	0	1	0	1	0
C03805	1	1	1	1	1	1	1	1	1	1	1	0	1	1	1	1	1	1	1	1
C03806	1	1	1	0	0	0	0	1	1	0	0	0	0	0	0	0	0	0	0	0
C03807	1	0	0	0	0	0	0	0	1	1	0	0	0	0	0	1	0	0	0	0
C03808	1	1	1	1	0	1	0	1	1	0	0	0	0	0	0	0	0	0	0	0
C03809	0	0	1	1	0	1	0	0	1	0	0	1	0	0	0	0	0	0	0	0
C03810	1	0	1	1	1	1	1	1	1	1	0	1	1	1	1	1	0	1	0	1
C03811	0	0	0	0	0	0	0	0	0	0	0	0	0	0	0	0	0	0	0	0
C03812	1	0	0	1	0	0	0	1	0	0	0	0	0	0	0	0	0	0	0	0
C03813	1	1	0	1	1	1	1	0	0	0	0	0	1	0	0	0	1	0	0	0
C03814	0	1	1	1	1	1	1	0	0	0	1	1	0	0	1	0	0	1	0	0
C03815	1	1	1	1	1	1	1	1	1	1	0	1	1	1	1	1	0	1	0	1
C03816	1	1	1	1	1	0	1	1	0	1	1	1	0	0	0	1	1	1	0	0
C03817	1	1	1	1	1	1	1	0	0	1	1	1	1	1	1	0	0	0	0	0
C03818	1	1	1	0	1	1	1	1	1	1	0	0	0	1	0	0	1	1	0	0
C03819	1	1	1	1	1	1	1	1	0	0	0	0	1	0	0	1	0	0	1	0
C03820	1	1	1	1	0	1	1	1	1	1	1	0	1	0	0	0	0	1	0	0
C03821	1	0	0	0	1	1	0	1	1	0	0	1	1	0	0	0	1	0	0	0
C03822	1	1	1	1	1	1	1	1	1	1	1	1	1	1	0	1	0	1	0	0
C03823	0	0	1	1	1	1	1	0	0	0	0	0	0	0	0	1	0	0	0	0
C03824	1	1	1	1	1	1	1	0	1	1	0	1	1	1	0	1	1	0	0	0
C03825	1	1	1	0	0	0	0	0	0	0	0	0	0	0	0	0	0	0	0	0
C03826	0	0	0	1	1	0	0	1	1	1	0	0	0	0	0	0	0	0	0	0
C03827	1	1	1	1	1	0	0	0	1	0	0	1	0	0	0	0	0	0	0	0
C03828	1	1	1	1	0	0	1	1	0	0	1	1	0	1	0	1	0	0	1	0
C03829	1	1	1	1	0	1	0	1	1	0	0	1	0	0	0	0	0	0	0	0
C03830	0	0	1	1	0	1	1	1	0	1	0	1	0	0	0	1	0	0	0	0
C03831	0	1	1	1	1	1	0	1	1	1	1	1	1	1	0	1	0	0	0	0
C03832	1	0	1	1	1	1	1	1	1	1	1	1	1	1	0	1	1	1	0	0
C03833	1	0	1	1	0	0	1	1	1	0	0	0	1	0	0	0	0	0	1	0
C03834	1	1	0	1	1	1	1	1	0	1	1	0	1	0	0	0	0	0	0	0
C03835	1	1	0	1	1	1	1	1	1	1	1	0	0	0	1	1	0	1	1	0
C03836	1	1	0	0	1	1	1	0	0	0	1	1	0	1	0	0	0	0	0	0
C03837	1	1	1	1	0	1	1	1	0	1	1	0	0	1	0	0	0	0	0	0
C03838	1	1	1	0	1	1	1	1	0	0	1	1	1	0	1	0	0	1	0	0
C03839	1	0	1	1	0	1	1	0	1	1	0	0	0	0	0	0	0	0	0	0
C03840	1	1	1	1	1	0	0	0	0	0	0	0	1	0	0	0	0	0	0	0
C03841	1	1	1	1	1	1	0	1	1	1	1	1	1	1	0	1	1	0	0	0
C03842	1	1	1	1	0	1	0	0	1	1	0	0	1	1	0	0	0	0	1	0
C03843	1	0	1	0	1	1	1	0	0	1	1	1	0	1	0	0	0	0	0	0
C03844	1	1	0	1	0	1	0	1	1	0	0	0	1	1	0	0	0	0	1	0
C03845	0	1	1	1	1	1	1	0	1	0	1	0	0	1	1	0	0	0	0	0
C03846	1	1	1	0	0	0	0	0	0	0	0	0	0	0	0	1	0	0	0	0
C03847	0	1	0	1	0	1	0	0	0	0	0	0	0	0	0	1	0	0	0	0
C03848	1	1	1	1	1	1	1	1	1	1	1	1	1	1	1	1	1	0	1	1
C03849	0	1	1	0	1	1	1	0	0	0	0	1	1	0	1	0	0	0	0	0
C03850	1	1	0	1	1	1	1	1	1	1	1	1	1	1	0	0	0	0	0	0
C03851	1	1	1	1	1	1	0	1	1	0	0	1	0	0	0	1	0	0	1	0
C03852	0	0	1	1	0	1	1	0	1	0	0	0	1	1	0	0	0	0	0	0
C03853	1	1	1	0	0	1	1	1	1	1	0	0	0	0	1	0	0	0	0	0
C03854	0	1	1	0	1	1	1	0	0	1	1	0	1	0	1	1	0	0	0	0
C03855	1	1	1	1	0	1	1	0	1	0	1	0	0	0	0	0	0	0	1	0
C03856	1	1	0	0	1	1	1	1	1	0	0	0	1	0	0	0	0	0	0	0
C03857	1	1	1	0	0	0	0	1	0	0	1	0	0	0	0	0	0	0	0	1
C03858	1	1	1	1	1	1	1	1	0	0	1	1	1	1	0	0	0	1	1	0
C03859	1	1	1	1	1	1	1	0	0	0	0	1	0	1	0	0	0	0	0	0
C03860	0	1	1	1	1	1	1	1	0	1	0	0	1	1	1	1	1	0	0	0
C03861	1	1	1	1	1	1	0	1	1	1	0	0	1	0	0	1	0	0	0	0
C03862	1	1	1	0	1	0	1	1	0	0	0	0	0	0	0	0	0	0	0	0
C03863	1	1	1	1	1	0	0	0	0	0	0	0	0	0	0	0	0	0	0	0
C03864	1	1	1	0	1	0	1	1	1	0	0	0	0	0	0	0	0	0	0	0
C03865	1	1	1	1	1	1	1	1	1	0	0	1	0	0	0	0	0	0	0	0
C03866	1	1	0	1	1	1	1	0	1	1	0	0	0	0	0	0	0	0	0	0
C03867	1	1	0	0	0	1	0	1	0	1	1	0	0	0	0	0	0	0	0	0
C03868	1	1	0	0	1	1	1	1	1	1	1	1	1	0	0	0	0	1	0	0
C03869	1	1	0	1	1	1	1	1	1	1	0	1	0	0	0	0	0	0	0	0
C03870	1	1	1	1	1	1	1	1	0	1	1	0	0	0	0	0	0	0	0	0
C03871	0	1	1	1	1	0	0	0	0	0	0	0	0	0	0	0	0	0	0	0
C03872	1	1	1	1	1	1	1	1	0	1	1	1	1	1	0	0	0	0	0	0
C03873	0	1	0	0	1	0	1	0	1	1	0	0	0	0	1	0	0	0	0	0
C03874	1	0	1	0	1	1	1	1	1	0	1	1	0	0	0	0	0	0	0	0
C03875	1	0	1	1	1	1	1	1	1	0	1	1	0	0	1	0	0	1	0	0
C03876	1	1	0	1	0	1	1	1	1	1	0	0	0	0	0	0	0	0	1	0
C03877	1	0	1	1	0	1	0	0	0	0	0	0	0	0	1	0	0	0	0	0
C03878	1	1	1	1	1	1	1	1	0	0	1	1	1	1	0	1	0	0	0	0
C03879	1	0	1	1	0	1	0	1	1	0	0	0	0	0	0	0	0	0	0	0
C03880	1	1	1	0	1	1	1	0	1	1	1	0	0	1	0	0	0	0	1	1
C03881	1	1	1	1	1	0	0	1	0	1	1	0	0	0	1	0	1	1	1	0
C03882	1	1	1	1	0	1	1	0	1	1	1	1	1	1	0	0	1	0	0	0
C03883	0	1	0	0	0	0	0	0	0	0	0	0	0	0	0	0	0	0	0	0
C03884	0	1	1	0	1	1	0	0	0	1	0	0	0	0	0	0	0	0	0	0
C03885	0	1	1	0	0	1	0	1	1	0	1	0	0	0	0	1	0	0	0	0
C03886	0	1	1	0	1	1	1	1	1	1	0	1	0	0	0	1	0	1	0	0
C03887	1	0	1	0	0	0	0	1	0	1	1	0	0	0	0	0	0	0	0	0
C03888	0	1	1	1	1	1	1	1	1	1	1	1	0	1	1	0	0	0	0	0
C03889	0	0	1	0	1	1	1	1	0	0	0	0	0	0	1	0	1	1	0	0
C03890	1	1	1	1	1	0	0	0	1	0	0	1	1	1	0	1	0	0	0	0
C03891	1	1	0	1	1	1	1	0	1	1	1	1	1	0	1	1	0	0	0	1
C03892	0	1	1	0	0	0	0	0	1	0	1	1	0	0	0	0	0	0	0	0
C03893	1	1	1	1	1	1	0	1	0	0	0	1	0	0	0	0	0	0	0	0
C03894	0	1	1	0	1	1	0	1	1	1	1	1	0	0	0	1	0	0	1	0
C03895	1	1	1	0	1	0	0	1	1	1	1	0	1	0	1	1	0	0	0	0
C03896	1	1	0	1	0	1	1	1	1	1	1	0	0	0	0	1	0	0	0	0
C03897	1	0	0	0	1	0	0	0	0	0	0	0	0	0	0	0	0	0	0	0
C03898	0	1	1	1	0	1	1	1	1	1	0	0	0	0	0	0	0	0	0	0
C03899	1	0	1	0	0	0	0	1	1	0	0	0	1	0	0	0	0	0	0	0
C03900	1	1	1	1	1	1	1	1	1	1	0	0	0	0	0	0	0	0	0	0
C03901	0	1	0	0	1	0	0	1	1	1	0	0	1	1	0	1	0	0	0	0
C03902	1	1	1	1	1	0	0	1	1	1	1	1	1	0	1	0	0	0	0	0
C03903	1	1	1	1	1	1	1	0	1	0	1	1	1	1	1	0	1	0	1	0
C03904	1	1	1	0	1	1	1	1	0	0	1	1	0	0	0	1	0	0	0	0
C03905	1	0	0	1	0	1	1	1	0	0	1	0	0	0	0	0	0	0	0	0
C03906	1	1	1	1	1	1	1	0	0	1	1	1	0	0	1	0	0	1	0	0
C03907	1	1	1	1	1	1	1	1	1	1	1	1	1	1	0	0	0	1	0	0
C03908	1	1	1	1	1	1	1	1	1	1	1	1	1	1	1	1	1	0	0	0
C03909	1	1	1	1	1	0	0	1	0	0	1	0	0	0	0	0	0	0	0	0
C03910	1	1	1	0	1	1	0	1	1	0	0	0	0	0	1	0	0	0	0	0
C03911	1	1	0	1	1	1	1	1	1	1	1	0	0	0	0	0	1	0	0	1
C03912	0	1	1	0	0	0	0	0	0	0	0	0	0	0	0	0	0	0	0	0
C03913	0	1	1	0	0	1	1	0	1	0	0	1	0	0	0	0	0	0	0	0
C03914	1	1	1	1	1	1	1	1	0	1	1	1	1	1	0	1	0	1	1	1
C03915	0	1	1	0	1	0	1	1	1	1	0	0	1	1	0	1	0	0	0	0
C03916	1	1	0	1	1	1	0	1	0	0	1	0	0	0	0	0	0	0	0	0
C03917	1	1	0	1	1	1	1	1	1	0	1	0	0	0	0	0	0	0	1	0
C03918	1	1	0	1	0	0	1	0	1	0	0	1	0	0	0	0	0	0	0	0
C03919	1	1	0	1	1	1	1	1	0	0	0	0	0	0	0	0	0	0	0	0
C03920	1	1	1	1	1	1	1	1	1	0	1	1	1	1	1	0	0	1	0	0
C03921	1	1	1	1	1	0	0	0	1	0	0	0	0	0	0	0	0	0	0	0
C03922	1	0	1	0	1	0	0	0	0	0	0	0	0	0	0	0	0	0	0	0
C03923	0	0	1	0	1	1	1	1	1	1	0	1	0	0	0	0	0	0	0	0
C03924	1	1	1	1	1	1	1	1	0	0	0	0	1	1	1	1	1	0	0	0
C03925	1	1	1	1	1	0	1	1	1	1	0	1	1	0	1	1	0	0	1	1
C03926	0	0	0	1	1	1	0	1	1	1	1	1	0	0	0	1	0	1	0	0
C03927	1	1	1	1	1	1	1	1	1	1	1	1	0	1	0	0	0	0	1	1
C03928	1	1	1	1	1	1	1	1	0	1	1	0	1	1	1	0	0	0	1	0
C03929	1	0	1	1	1	1	1	0	1	1	1	0	0	0	0	1	0	0	0	0
C03930	0	0	0	1	0	1	1	1	1	1	0	0	1	1	0	0	0	0	0	0
C03931	1	1	0	1	1	1	1	1	0	0	1	0	0	0	1	0	0	0	0	0
C03932	0	1	1	1	1	1	1	1	1	1	1	0	0	0	1	1	0	0	0	0
C03933	1	1	1	1	1	1	1	1	1	1	1	0	1	1	0	0	0	0	0	1
C03934	1	1	1	1	1	1	0	1	0	1	0	1	0	0	0	0	0	0	0	0
C03935	0	1	1	0	1	1	1	0	0	1	0	0	0	0	0	0	0	0	0	0
C03936	1	1	1	1	1	1	1	1	0	1	1	1	1	1	1	1	0	0	1	0
C03937	1	0	1	0	1	0	0	0	0	0	0	0	1	0	0	0	0	0	0	0
C03938	1	1	1	0	1	1	0	0	0	0	0	1	0	1	0	0	0	0	0	0
C03939	1	1	1	0	1	1	1	0	1	1	0	0	0	0	0	0	0	0	0	0
C03940	0	1	1	1	0	1	1	0	0	0	0	0	0	0	1	0	0	0	0	0
C03941	1	1	1	1	1	0	0	1	1	0	1	0	1	1	0	1	1	0	1	0
C03942	1	1	1	0	0	1	1	1	0	0	0	0	0	0	0	0	0	0	0	0
C03943	1	0	0	0	1	1	1	1	1	1	0	1	0	0	0	1	0	0	0	0
C03944	1	1	1	1	1	1	1	0	1	1	0	1	1	1	0	0	1	0	0	0
C03945	1	1	1	1	1	1	1	1	1	1	1	1	1	1	1	0	0	0	0	1
C03946	1	1	1	1	1	1	0	1	1	1	1	0	0	0	1	0	1	0	1	1
C03947	1	1	1	1	1	1	1	1	0	1	0	1	0	1	1	0	0	0	1	1
C03948	0	1	1	1	1	1	1	1	1	1	0	1	0	0	0	1	0	1	0	0
C03949	1	1	1	1	1	1	1	1	1	0	1	1	0	0	1	0	1	1	1	0
C03950	1	1	1	1	1	0	0	1	1	0	1	0	1	1	0	0	1	1	0	0
C03951	1	1	1	1	1	1	1	1	1	1	1	1	1	1	1	1	1	1	1	1
C03952	1	1	1	1	1	1	1	0	1	1	0	0	0	0	0	0	0	0	0	0
C03953	1	0	1	1	1	1	1	1	1	0	0	1	0	0	0	0	0	0	0	0
C03954	1	1	1	1	0	0	1	1	1	1	0	0	1	1	0	0	1	1	0	0
C03955	1	1	1	1	1	1	1	1	0	1	0	1	0	0	0	0	0	0	0	0
C03956	0	1	1	1	1	0	1	1	1	1	1	0	0	1	1	0	0	0	0	0
C03957	1	1	1	1	1	1	1	1	1	0	1	1	1	1	0	1	1	1	1	0
C03958	1	1	1	1	1	1	1	1	0	1	0	1	0	1	1	1	1	0	0	1
C03959	1	1	1	1	1	1	1	1	0	0	0	0	1	0	1	0	0	0	1	0
C03960	1	1	1	1	1	1	1	0	1	1	0	1	0	0	0	0	0	0	0	0
C03961	1	1	1	0	0	1	0	1	0	0	0	1	1	0	1	0	0	0	0	0
C03962	1	1	1	1	1	1	1	1	1	1	1	1	1	1	0	1	0	1	0	0
C03963	1	0	0	0	1	0	0	0	0	0	0	0	0	0	0	0	0	0	1	0
C03964	1	1	1	1	1	0	1	1	1	1	1	0	0	0	1	1	0	0	0	0
C03965	1	1	1	1	1	0	1	1	1	1	0	0	1	1	0	1	1	0	0	0
C03966	1	1	1	1	0	1	1	0	1	1	0	0	0	0	0	0	0	0	0	0
C03967	1	0	0	0	0	0	0	1	0	0	0	0	0	0	0	0	0	0	0	0
C03968	1	1	1	1	1	1	1	1	1	0	1	1	1	0	0	0	0	0	0	0
C03969	1	0	1	0	0	1	0	1	1	0	1	0	0	0	0	0	0	0	0	0
C03970	1	1	1	1	0	0	1	1	1	0	0	0	1	0	1	1	0	0	0	0
C03971	1	0	1	1	0	0	0	1	1	0	0	1	0	0	1	0	0	1	0	1
C03972	1	0	0	0	1	1	1	1	0	0	1	1	0	0	0	0	0	1	1	0
C03973	1	1	1	1	1	0	1	1	1	0	0	0	0	1	1	0	0	0	0	0
C03974	1	1	1	1	1	0	0	1	0	1	0	1	1	0	0	0	0	0	0	1
C03975	0	1	1	1	0	1	0	1	0	1	1	1	1	1	1	0	0	1	1	1
C03976	1	0	0	1	0	0	0	0	0	0	0	1	0	1	0	0	0	0	0	0
C03977	0	1	0	0	0	1	1	0	0	1	0	0	0	0	0	0	0	0	0	0
C03978	1	0	0	1	1	0	0	1	0	1	0	0	1	1	1	0	0	0	0	1
C03979	0	1	1	0	0	1	1	1	0	0	1	1	1	0	0	0	0	0	0	0
C03980	0	1	1	0	0	0	0	1	0	1	0	0	0	0	0	0	0	0	0	0
C03981	1	1	1	1	1	0	0	1	1	1	0	0	0	0	0	0	0	0	0	0
C03982	1	1	1	0	1	1	1	1	0	0	0	0	0	0	0	0	0	0	0	0
C03983	1	1	1	0	0	0	0	1	1	1	0	0	0	0	1	0	0	0	0	0
C03984	1	1	1	0	0	1	0	0	1	1	1	0	0	0	0	0	0	0	0	1
C03985	1	1	1	1	1	1	1	1	1	1	1	1	1	1	1	0	0	0	0	0
C03986	1	1	1	0	1	1	1	1	1	0	1	1	0	0	0	0	1	0	1	1
C03987	1	1	1	1	1	1	1	1	1	0	1	1	1	1	1	0	0	0	1	0
C03988	1	1	1	1	1	1	1	1	1	1	1	1	1	0	1	1	1	1	0	0
C03989	1	1	1	1	1	0	1	0	0	0	0	0	0	0	0	0	0	0	0	0
C03990	1	1	1	1	0	1	1	0	0	1	0	0	0	0	0	0	0	0	0	0
C03991	0	0	1	1	1	1	0	1	0	1	1	1	0	0	0	0	0	0	0	0
C03992	1	1	1	1	1	1	1	0	1	0	1	1	1	1	1	0	1	0	0	0
C03993	0	1	0	0	1	0	1	1	1	0	1	0	0	0	0	0	0	0	1	0
C03994	0	0	1	0	0	1	1	0	0	0	0	0	0	0	1	0	0	0	0	0
C03995	1	1	1	1	1	1	1	1	1	1	0	0	0	1	1	1	1	0	0	1
C03996	1	0	0	0	0	0	0	0	0	0	0	0	0	0	1	0	0	0	0	0
C03997	1	1	1	0	0	1	1	1	1	1	1	1	1	1	1	0	0	0	1	0
C03998	1	0	1	1	1	1	1	0	1	1	1	1	0	0	0	0	1	1	0	0
C03999	1	1	1	1	1	0	0	0	1	1	0	1	0	0	0	0	0	0	0	0
