participant_id	gender	credit_allocation	feedback_reactivity
P00001	1	50.9917269930681	59.283342102198304
P00002	1	64.09750173192538	51.412555186907504
P00003	1	38.77362320846164	66.93821782640752
P00004	1	42.74507376422429	73.22826466084484
P00005	1	59.71894053854602	42.23906408933621
P00006	1	35.88228817760638	28.656712693879257
P00007	1	33.47826987486648	26.463779468043565
P00008	1	39.070030664146834	57.24320340335197
P00009	1	64.7705420851794	55.349173445809996
P00010	1	43.523993801029874	36.19804497239667
P00011	1	34.38114742472644	41.862454434721414
P00012	1	41.53094334813258	41.02349940181006
P00013	1	54.690349989636786	77.75309113861297
P00014	1	61.579626337503946	42.838388521929375
P00015	1	40.029073145393056	33.73180104730456
P00016	1	57.05847326786011	54.38926075041576
P00017	1	32.50624932324492	41.54927162450133
P00018	1	36.800550790420026	32.245414183978646
P00019	1	50.46357868339945	66.76997879896844
P00020	1	67.1407522251245	58.5597224930688
P00021	1	42.57600480737246	54.51849254846192
P00022	1	28.628239530005573	47.39920730116672
P00023	1	61.41020045904146	36.85262306941205
P00024	1	42.75149877302495	44.56076941962084
P00025	1	49.43441313311757	63.66341066832693
P00026	1	24.73442790489929	38.76244395117643
P00027	1	46.54114720797479	64.85547289482697
P00028	1	33.769046889256984	47.54818069131785
P00029	1	51.043076462652486	44.077924354403436
P00030	1	45.3156819473061	32.7545191143186
P00031	1	51.57904765099168	45.34427946523193
P00032	1	51.4305531383878	55.780925161738864
P00033	1	85.10868894472851	59.94062238301676
P00034	1	56.642532321168055	63.863881875224656
P00035	1	46.633658566869734	47.623791274647736
P00036	1	42.043895350573436	28.361679856601178
P00037	1	61.90120606276945	71.66690034499223
P00038	1	86.48609956404442	69.8190525220406
P00039	1	46.53714445563628	25.144827117026406
P00040	1	56.2085381575468	51.65285734617875
P00041	1	60.164195395528026	42.36719068256526
P00042	1	36.61815349183847	52.58940004328249
P00043	1	51.25401974266779	28.240122465491574
P00044	1	43.005039856468755	57.61869009216758
P00045	1	58.936758296736336	41.527228746520265
P00046	1	56.24863566620324	49.17851142982843
P00047	1	46.0132538423089	58.73559831745847
P00048	1	52.030182064376135	36.97073119425503
P00049	1	36.68680490471965	65.12429887823549
P00050	1	35.961302088569646	53.01028416526457
P00051	1	54.97338117089954	39.19505199524994
P00052	1	63.87530728700419	51.423723171388716
P00053	1	32.393019638791	26.522509901298452
P00054	1	50.46465243065343	67.8490066042949
P00055	1	54.74718120504256	84.58175249515732
P00056	1	46.20168315526094	42.92188868068949
P00057	1	51.30601756078465	52.53158403757292
P00058	1	52.8123712165175	38.437584809225655
P00059	1	29.457669656733568	61.817825032313436
P00060	1	53.98039686316796	57.605524132512436
P00061	1	39.621079040851356	61.31065024610161
P00062	1	66.45286844870247	51.70006610937192
P00063	1	58.46601577835833	36.6954649118841
P00064	1	70.3801572523537	65.04073983877804
P00065	1	32.03276605684202	31.086332240477773
P00066	1	44.76380170297421	45.422815518020975
P00067	1	47.36282411057235	61.71322807021216
P00068	1	41.16862471026134	61.0823436910403
P00069	1	44.319640758073646	42.59046797933165
P00070	1	59.898579762316494	54.19902382398376
P00071	1	47.87661218114777	47.67533003937373
P00072	1	38.01478919336809	52.7563733788815
P00073	1	55.94560980000824	54.2356126193137
P00074	1	50.83647505305927	31.90442887881475
P00075	1	42.59842652045958	45.11932873606068
P00076	1	52.83594955232713	48.0844626505729
P00077	1	46.74834239657439	13.00343201993669
P00078	1	55.17359233217887	44.94018366825814
P00079	1	30.971854062585646	59.581162116439785
P00080	1	50.47527999195238	78.06083687978041
P00081	1	34.08391352566055	49.8173223432647
P00082	1	47.13812422105535	41.897170544460224
P00083	1	56.542606995584386	57.18752975641108
P00084	1	51.013805708321115	44.697981521310666
P00085	1	18.739750472170243	34.38571020936897
P00086	1	34.77872648096018	38.705044052658145
P00087	1	77.73764904838093	48.974764610013516
P00088	1	69.08827104706319	29.593705682689162
P00089	1	61.760886911181146	62.48213278405751
P00090	1	37.904000264943676	49.21441987539402
P00091	1	63.07743809697193	47.202909077129036
P00092	1	47.88886388647523	63.49420604477965
P00093	1	61.98457171616185	50.48574991801403
P00094	1	49.28509728671714	56.4629122579603
P00095	1	48.3437514990475	35.125629359364645
P00096	1	39.77709067738244	18.47025366520831
P00097	1	70.63459229472514	44.510462965906974
P00098	1	44.498114298250854	45.637382516177574
P00099	1	56.64271203395266	56.26636535945125
P00100	1	43.393646242262804	55.33834456574138
P00101	1	54.88889967165008	40.89319264644865
P00102	1	45.356982113739875	57.357160837596254
P00103	1	32.79934928945238	18.816367619117482
P00104	1	46.75521676170762	44.28373822700972
P00105	1	56.91636975985442	54.98795024321448
P00106	1	52.6677550446421	39.55703813495049
P00107	1	48.19133662663508	39.17004116818895
P00108	1	68.2000440447596	47.46161897373037
P00109	1	61.8928230409354	68.80463596342913
P00110	1	57.78523801071758	55.66762074617381
P00111	1	24.587794874625224	40.400632456784166
P00112	1	49.57250491382571	53.76670791703059
P00113	1	40.36370932796539	40.9500470010411
P00114	1	55.62801237068437	45.919399457339225
P00115	1	71.04459469182115	52.27004781640048
P00116	1	57.74570929839727	42.83695941801324
P00117	1	40.56162193087162	29.374755368904538
P00118	1	28.53783375269719	17.94323785414263
P00119	1	44.0926463737023	54.79549504394054
P00120	1	45.191509368999775	47.71045681269326
P00121	1	40.717953482582246	48.18078278910363
P00122	1	40.52995241712397	34.91751133519518
P00123	1	31.007058895881705	39.04134973500925
P00124	1	58.19451760907645	55.16984119962301
P00125	1	46.99118961536678	55.40622829098803
P00126	1	53.35408517069389	36.38686816388444
P00127	1	70.28435895415751	35.43902030447162
P00128	1	35.673193100209964	31.338399133705863
P00129	1	23.67370618908629	45.17285268432908
P00130	1	62.70929582859519	80.0367442684888
P00131	1	29.2500097885324	44.57590927436955
P00132	1	53.91324646960469	56.15376850642091
P00133	1	40.39394104215449	64.39828208313271
P00134	1	49.13880354031505	67.24757007185244
P00135	1	41.09893198252641	25.766686088081105
P00136	1	35.478541164158216	62.02889751351846
P00137	1	61.39258888057796	55.63304553789458
P00138	1	50.19212685301596	53.79270991796506
P00139	1	40.73385661499535	64.9473872743765
P00140	1	63.62303503705247	69.54529103693284
P00141	1	50.00300903104917	42.36281980938467
P00142	1	52.15028126209448	37.87280348065581
P00143	1	76.77770674872015	54.40549381748347
P00144	1	60.957127984591686	42.82770894883017
P00145	1	78.896624161714	39.70461262597813
P00146	1	62.62261128728409	53.7301520667346
P00147	1	55.30122936038371	62.09778359712301
P00148	1	61.237813981736885	61.509210463954176
P00149	1	57.71504878626105	44.85247119400374
P00150	1	68.90562197593934	48.02218489655561
P00151	1	64.16228723988885	42.20918210846596
P00152	1	56.25128375569959	60.42926096988701
P00153	1	40.07156011022139	61.83244420115666
P00154	1	59.17671058714967	45.137688538920116
P00155	1	33.13060874740235	29.37505902995683
P00156	1	52.101071575046305	35.78122199953897
P00157	1	37.414939712766525	45.87728426545381
P00158	1	81.08666243110662	63.068708606506696
P00159	1	34.31677865132171	34.42009666609293
P00160	1	50.80083623280342	50.37292446357925
P00161	1	54.26921578067701	43.855720391599206
P00162	1	37.95172976946542	55.22009524927128
P00163	1	36.519376789775606	27.309411675896698
P00164	1	31.180733269385435	42.963314927716176
P00165	1	54.54101376393378	41.07613715125782
P00166	1	63.249390318917136	60.14882876271716
P00167	1	65.08479361969331	65.1618024589491
P00168	1	59.41907041301853	38.062832710209655
P00169	1	49.257889104887056	37.05160574045582
P00170	1	58.659195974971325	50.698241126672066
P00171	1	43.14433973617958	43.63473653175611
P00172	1	68.08351848614615	78.36590927892202
P00173	1	62.34255975357521	63.9572175041654
P00174	1	36.68261235700052	58.06359908582578
P00175	1	53.83544045440389	50.930418788007316
P00176	1	55.88666778636131	45.72566129101031
P00177	1	41.67336154208843	63.83278081603508
P00178	1	59.14047340526062	50.532537999722265
P00179	1	63.58987968354557	47.90330163535229
P00180	1	28.76521061225059	46.72073254941314
P00181	1	50.12654488398237	49.189012943144675
P00182	1	54.52176850893542	48.601429590471774
P00183	1	59.945064905063916	71.11411082068125
P00184	1	45.08423118180151	50.14783844897975
P00185	1	68.4607978401273	35.2670416005275
P00186	1	36.13382726027508	52.19275896603873
P00187	1	30.0824167115968	56.11826453776538
P00188	1	45.30925279271668	48.3657828213199
P00189	1	47.14445907077716	60.68055940234531
P00190	1	40.16130922658573	41.27699762023276
P00191	1	39.63786785454873	66.03041667162739
P00192	1	47.02159683002154	55.89705424062817
P00193	1	43.548349506215075	52.53980466469747
P00194	1	42.80635152461092	60.12866878897198
P00195	1	40.74188154480788	45.03646211837013
P00196	1	30.20713079818982	36.10405146507757
P00197	1	73.5905055515511	52.10104610372129
P00198	1	29.55681656892196	48.00069767247656
P00199	1	36.41258066085043	49.74188288129933
P00200	1	24.89526982643518	55.2386106486856
P00201	1	45.38165918253213	52.84706385600295
P00202	1	58.83528364451811	49.770513683805916
P00203	1	50.511539531083564	60.975456674597815
P00204	1	61.19308532607175	71.05375841329908
P00205	1	29.204146797817746	45.710831728171755
P00206	1	61.908628168799375	44.70373733717351
P00207	1	80.84004507397255	54.61243347193576
P00208	1	47.31227973073299	50.840913970176224
P00209	1	58.56855355193631	88.66395528494498
P00210	1	60.912741521859225	52.636523171855025
P00211	1	69.80836371271593	82.52214951084513
P00212	1	69.86096779876625	39.722832022165065
P00213	1	39.48057886767566	51.97001731891331
P00214	1	46.07737759890201	42.25457657806027
P00215	1	44.76946706302319	48.784977534133375
P00216	1	39.366655722645994	27.76248516186143
P00217	1	63.198099154297914	41.42829254389088
P00218	1	40.982628420100895	54.632888377358384
P00219	1	29.506245853041612	44.03508506445947
P00220	1	32.992673591564156	41.08631779704271
P00221	1	55.488234971977995	56.52218268111765
P00222	1	47.37293178038931	43.16937084797549
P00223	1	52.08597442937174	36.45623110340086
P00224	1	33.77049082445373	40.46187196101013
P00225	1	51.48581608861666	55.60989784625585
P00226	1	50.451638333322876	44.039281337546726
P00227	1	41.55788515854356	52.25137967609356
P00228	1	42.99668687575733	55.34513067874627
P00229	1	65.79905374093195	56.2521660542338
P00230	1	46.506540177681714	47.85600030893871
P00231	1	54.27056798053562	26.671032410903763
P00232	1	41.34582930204689	27.447066266571507
P00233	1	59.22216197360548	63.68204446618722
P00234	1	62.46623175020786	58.69182988052
P00235	1	48.15240445854922	33.066571876410784
P00236	1	39.47528685942145	25.930933936614323
P00237	1	55.276088720370005	48.07009743922782
P00238	1	44.79267218767419	43.821245244043325
P00239	1	65.3356469619876	57.19433488850077
P00240	1	67.01648791881212	48.222096953044854
P00241	1	63.59762847385533	56.91412961036945
P00242	1	53.29626030096336	66.5973068342791
P00243	1	64.03145945491971	26.98201549690378
P00244	1	63.168264480556594	42.00168506054688
P00245	1	44.78102546074219	57.284416042158334
P00246	1	66.43059655311917	56.496884505871016
P00247	1	53.45613961253518	48.86560056615734
P00248	1	68.77289458516267	60.7680414716292
P00249	1	30.611146471431777	34.698174379051764
P00250	1	49.05188398870449	41.03572455384609
P00251	1	62.82062467888051	41.99496948866544
P00252	1	54.57572075309949	57.9580083889723
P00253	1	57.72110993820186	53.294174578467626
P00254	1	35.48349023634932	38.33292676860238
P00255	1	23.88399395728829	30.56146777708421
P00256	1	59.199110722950245	64.1386214521666
P00257	1	61.93162789575311	63.07378959063658
P00258	1	46.92612213066641	46.883141530611226
P00259	1	51.33737080940463	39.343925930868664
P00260	1	56.02605299289955	49.02328608726582
P00261	1	60.25939170151278	54.94195408593798
P00262	1	52.83555725321345	39.04997106451868
P00263	1	48.1021292823875	46.05062375821338
P00264	1	62.133926291129065	52.40984189615562
P00265	1	39.52430195228837	33.89935061363013
P00266	1	59.51099139705938	54.18708269056924
P00267	1	80.71843342860254	57.774156339858976
P00268	1	41.93694441384711	63.101919818191305
P00269	1	40.59544783767721	64.08349505055116
P00270	1	47.986423079229894	51.531655052001476
P00271	1	13.18926697483763	42.92927692950226
P00272	1	58.03208171305678	41.95837459749809
P00273	1	53.927296614515726	52.954348864347246
P00274	1	34.354170679752784	52.82950451977447
P00275	1	40.25335709785701	83.74586177276822
P00276	1	45.21999071401778	62.49402836664237
P00277	1	42.54006333881724	39.48877022624269
P00278	1	46.75228114636342	70.78819579644015
P00279	1	41.476226715650974	37.448262924334834
P00280	1	32.4383152452624	18.77231213581456
P00281	1	33.115694888105885	31.518381701520283
P00282	1	35.46638565574246	54.161736638657885
P00283	1	47.00767371186706	56.17091614771868
P00284	1	67.56598800249694	60.05440189984799
P00285	1	32.7315391637882	57.237576193940086
P00286	1	61.06471360856729	55.42461658927769
P00287	1	64.00984286318683	60.13403930544006
P00288	1	37.7544668434829	43.910491670221326
P00289	1	49.47524522551237	53.483787314366346
P00290	1	34.246704881085286	30.587774286208482
P00291	1	41.25299413233205	48.01608922975531
P00292	1	53.57099629741499	59.76434349424466
P00293	1	54.97258363982239	43.48800808144193
P00294	1	43.20967468574016	62.839678700142095
P00295	1	73.37977779295815	53.184825302917574
P00296	1	86.25809323500809	40.58714897998648
P00297	1	68.31400363192311	59.39290177311264
P00298	1	25.924282851434285	37.06984109434276
P00299	1	61.18381898878333	46.101821929129585
P00300	1	39.561637477977854	42.73935258300712
P00301	1	59.77825298876787	36.61917767475027
P00302	1	64.68700236083271	46.39207753168492
P00303	1	66.8392068720074	37.5474095032309
P00304	1	32.00808821708884	36.470174685464045
P00305	1	62.34165859124007	65.472578126619
P00306	1	50.24893862515283	60.384422680539934
P00307	1	62.5579762283986	58.94257684068863
P00308	1	34.6807721846411	47.766559394396516
P00309	1	47.88233074688878	55.26263460275541
P00310	1	33.140130357998004	46.06267971274724
P00311	1	48.64781205820928	75.31018709382582
P00312	1	60.90892372851966	56.78813707620585
P00313	1	38.358997974279745	61.580880388791286
P00314	1	54.4469497272325	60.18703224784045
P00315	1	46.999126102973825	56.126873826025985
P00316	1	44.545338511079365	46.73288691147057
P00317	1	48.61850888399384	54.463771859465176
P00318	1	49.24573509387078	47.179450319016816
P00319	1	37.54834767477123	63.95251065264094
P00320	1	38.003387771732015	49.604867224428325
P00321	1	51.66315600734336	34.023263454105994
P00322	1	53.54701637051936	51.61612601681452
P00323	1	69.06472795201589	51.39008534426031
P00324	1	59.938727906554575	55.33958825069199
P00325	1	53.90723237730924	56.65002305770554
P00326	1	43.39758456479589	69.46499924450212
P00327	1	57.00782360379666	44.32309937059272
P00328	1	46.078800772075596	48.298584818656515
P00329	1	36.211960185225195	6.796187157622811
P00330	1	42.09304280943683	18.51746747432807
P00331	1	31.450438277276305	43.11764030098422
P00332	1	59.42881291947259	41.60864063177255
P00333	1	66.3492063940376	55.644781090198826
P00334	1	38.18408718841076	30.90117582253202
P00335	1	53.267082940022235	47.90959922637102
P00336	1	27.702859808272514	51.71174842697111
P00337	1	56.996162780422964	41.45232612224921
P00338	1	62.120867109894824	52.76607642144174
P00339	1	45.97120257537588	39.49068662828164
P00340	1	43.326163393517845	72.96894683695513
P00341	1	29.550476570779526	41.414160024572105
P00342	1	50.73469553032457	68.94048060788512
P00343	1	45.90370516076198	63.87522941491086
P00344	1	24.418181959383084	54.99530462588241
P00345	1	33.16469184947892	60.141986332922826
P00346	1	49.332224484168535	29.139052692518337
P00347	1	55.116361697085665	34.10457182101452
P00348	1	54.799766469299215	65.96449743868766
P00349	1	36.48594720125391	39.87113114339261
P00350	1	36.0212611294083	65.46434956199084
P00351	1	67.94449436225453	55.86508981430541
P00352	1	49.24936154028317	36.004480697013825
P00353	1	41.40273403423937	71.88092772404337
P00354	1	54.35797676645917	51.02746637542934
P00355	1	62.793704553792836	67.27380425637602
P00356	1	60.79111013937943	67.01839866002963
P00357	1	36.80780585722632	55.22566841394971
P00358	1	61.83338989988367	65.3228320258795
P00359	1	45.093490790569845	29.41867508336045
P00360	1	68.4798696446708	45.786442754165414
P00361	1	40.13271967870547	56.0834206075047
P00362	1	56.58945752744426	43.203437701238755
P00363	1	45.10261277779737	42.641933284519965
P00364	1	34.51445924972115	36.73885358323769
P00365	1	31.342156680400848	39.94953037095303
P00366	1	45.39523968581572	60.659940233729515
P00367	1	52.85108888293861	54.576111511769575
P00368	1	59.773008640666355	61.79642380442254
P00369	1	27.456311434245407	44.53331319261629
P00370	1	56.41860890825917	29.468319598446918
P00371	1	29.784453010990482	61.7043004040445
P00372	1	53.317751813613185	49.12256988161208
P00373	1	42.09124840785217	54.01654789514561
P00374	1	43.528695950718316	69.09641970160962
P00375	1	50.152061527478324	57.40329094002257
P00376	1	39.772197073048105	44.91676688616071
P00377	1	61.4008180162565	55.78741734315647
P00378	1	27.314415243218157	57.133728994796414
P00379	1	40.971749029486375	40.88118953456619
P00380	1	28.01214831981669	29.120221203081286
P00381	1	49.16856899248217	65.42173430701438
P00382	1	49.40083444799151	60.4435316308788
P00383	1	38.658582725365996	33.05653158668063
P00384	1	39.20224013700106	60.77883272477511
P00385	1	38.28591220397441	67.89568108016385
P00386	1	51.769449429262416	36.69246392127821
P00387	1	61.32348931399933	45.96495702745844
P00388	1	54.11902765728978	49.847199845581045
P00389	1	30.19090814481617	46.76194531534926
P00390	1	61.4077301209147	33.14578861298563
P00391	1	37.911901145498256	36.65527988729754
P00392	1	71.0159706967101	45.260008248349614
P00393	1	51.09227325127675	54.18433959489268
P00394	1	49.150721142496806	39.296831213457615
P00395	1	58.26967933078021	65.36157349902055
P00396	1	39.99561293146164	53.86381833057383
P00397	1	34.45294450559679	38.88814629307559
P00398	1	53.380856699748485	46.570351070145726
P00399	1	33.182818678124676	46.58718213756768
P00400	1	62.15639635064339	65.74119423823616
P00401	1	45.38362020603377	51.2490756318482
P00402	1	22.45702135066528	59.08454669506366
P00403	1	63.7201934019609	58.71452036034903
P00404	1	45.66311757297371	47.11564091217209
P00405	1	59.38199095663581	60.160835738453564
P00406	1	41.772413771363944	49.060686129728744
P00407	1	53.29405294870398	34.60865068340645
P00408	1	72.5660254028331	73.82220654761775
P00409	1	35.56343600385588	49.33693764513658
P00410	1	48.196111866082994	42.7203167748092
P00411	1	53.06073980945519	34.40230310819149
P00412	1	55.55988146366515	74.80251794538805
P00413	1	78.29741835881877	50.01917017062021
P00414	1	63.73807942072872	46.1358931363408
P00415	1	25.278967511881703	31.202508592574393
P00416	1	42.05537993518605	23.2900060792982
P00417	1	51.402057298429334	68.83228147190012
P00418	1	47.192559368031546	57.19732510274562
P00419	1	44.726243399601366	47.625087303644285
P00420	1	56.21637142523948	48.20644731322383
P00421	1	55.80449893569822	54.439641215235596
P00422	1	69.72454370394065	74.78699748315307
P00423	1	53.07416030696801	36.811285904340465
P00424	1	24.580999533356447	41.200725050162276
P00425	1	53.7794026964378	26.874603343011326
P00426	1	39.08791960815839	48.29466409538859
P00427	1	64.87217358134276	59.159313951186576
P00428	1	41.03594248595235	25.967145977296365
P00429	1	33.85304341483412	25.11856006050033
P00430	1	47.93061744548979	47.95923268698835
P00431	1	47.258979041503466	71.04468545651956
P00432	1	51.16548152210512	53.84578594775358
P00433	1	49.17568593825991	37.02939109022424
P00434	1	58.19339205181316	62.57680502863818
P00435	1	72.40745844256978	54.23879326288404
P00436	1	51.763160702199684	50.16770421343658
P00437	1	41.30609172697339	51.407544701240624
P00438	1	64.48535827697165	45.98227094623593
P00439	1	63.131835059069466	45.69556824955956
P00440	1	48.540008284144264	33.09081946418339
P00441	1	38.15363448452429	34.26001509063507
P00442	1	52.04220924794182	50.12354504852681
P00443	1	30.283512661931077	45.051694530094004
P00444	1	42.568070016743825	42.78589568302227
P00445	1	60.62518578689521	56.77830505794618
P00446	1	44.28447454999781	35.10802883257339
P00447	1	39.87896938108935	62.970197573352685
P00448	1	54.41304352621143	40.956655957317146
P00449	1	55.93627769972635	63.95632403872487
P00450	1	54.37525905001685	50.76894195380698
P00451	1	57.715459506104025	45.34518996302721
P00452	1	47.81367607337248	25.2025865137337
P00453	1	40.18610041581753	34.47730536067835
P00454	1	52.187559416345614	52.329205814116406
P00455	1	55.99208234406024	27.447276049914844
P00456	1	53.53165335628698	60.61414427522714
P00457	1	32.58162549546827	71.67746606865954
P00458	1	42.23213533876245	48.97692566590539
P00459	1	51.61344538876952	36.84070558100527
P00460	1	47.83699271182723	39.048139749329124
P00461	1	77.11579834151016	30.230593331998374
P00462	1	41.82187207370997	25.59484345017458
P00463	1	34.24111459169515	38.14794107002794
P00464	1	31.150074267099257	45.08078519959356
P00465	1	46.444320306531814	51.982441714174286
P00466	1	59.54336472697505	58.72245200652859
P00467	1	36.3732121226571	49.50722449363476
P00468	1	56.470342114067314	46.05099900471485
P00469	1	54.16009964969821	63.863942267803694
P00470	1	32.459184133185346	43.509742290578274
P00471	1	51.818686742478164	63.139927032066
P00472	1	62.288984350795694	42.74620930455377
P00473	1	26.631873681881984	51.14445325984481
P00474	1	48.09779948122838	51.15596130107398
P00475	1	32.23043750486763	33.613775549276404
P00476	1	43.37070012959459	67.94775176529211
P00477	1	70.10231463793949	73.39815434499556
P00478	1	56.658329767515404	56.66186027386517
P00479	1	61.67552552637416	69.73870320020507
P00480	1	44.84269064824455	41.86372893910589
P00481	1	76.96390664989279	74.99211241252996
P00482	1	65.33102122139576	69.7928480055675
P00483	1	16.598370467346285	59.06306560051135
P00484	1	37.38652052741812	38.02519831733161
P00485	1	56.22749038429013	59.0555390086167
P00486	1	66.18830270044859	41.475716036001415
P00487	1	32.803990260001655	40.56040332713934
P00488	1	50.87418874156693	51.992700696480014
P00489	1	62.46513639096196	54.30069532769967
P00490	1	54.56020439218912	53.58495359989606
P00491	1	39.1853376492186	50.04379959333379
P00492	1	41.085859721230015	30.646613829531386
P00493	1	57.56769884584738	60.66301981870226
P00494	1	47.62300359283572	49.060185201716884
P00495	1	42.762676846625766	35.025508231128526
P00496	1	57.457575588564	50.30653354431344
P00497	1	61.18799188666915	43.38281561983728
P00498	1	40.7755478023899	46.306422361862154
P00499	1	42.934101298245665	35.8325767222306
P00500	1	55.59971819360718	33.330252163850396
P00501	1	41.05386807372026	47.510202514115235
P00502	1	51.93838699257229	47.62158747737465
P00503	1	54.50599220944229	59.20896584057438
P00504	1	54.14115646951511	64.602988325053
P00505	1	23.92476393391385	36.8286161495814
P00506	1	51.51024800601779	40.68082560892456
P00507	1	47.332605575364816	61.32404199375867
P00508	1	60.226075143121136	55.60397031377789
P00509	1	32.87454464988421	57.906120485843616
P00510	1	58.030007277607936	35.47331678777462
P00511	1	54.204942275842946	49.92403963586585
P00512	1	52.32852378162295	84.69439692422091
P00513	1	49.791744545421864	43.44588627573192
P00514	1	62.516611360282226	36.000801394837566
P00515	1	47.47450801618858	49.19522746848029
P00516	1	54.14421080352594	33.122665703256814
P00517	1	63.760647958019064	41.12507900617649
P00518	1	52.13680283685019	43.68221416204808
P00519	1	55.98597849131302	67.09059865862432
P00520	1	65.98451673410733	55.40132233972803
P00521	1	28.151835790131223	50.100287458188795
P00522	1	66.2875153914849	53.20819486779688
P00523	1	23.815964740045274	48.512603092068645
P00524	1	48.41296753042964	59.06949259033356
P00525	1	61.625291220908174	43.31284289739499
P00526	1	39.26788062099633	53.048996641750655
P00527	1	44.23944600815119	35.52514159112974
P00528	1	44.916190984521776	63.79658234159275
P00529	1	50.71727424297879	71.36373809179159
P00530	1	43.110666856859346	52.81208745408764
P00531	1	34.378687483717414	22.569563684000475
P00532	1	51.39174541034856	73.19368830590732
P00533	1	50.60043641047945	33.18479431414462
P00534	1	48.566183931115646	67.13874638693613
P00535	1	40.65369683462099	58.55691250278703
P00536	1	23.95468054306466	51.531491409921294
P00537	1	52.3235287033976	68.1060077733394
P00538	1	48.32549709159815	33.44620253350843
P00539	1	54.84266627055375	50.55089011015849
P00540	1	57.874501664602604	26.053624287929985
P00541	1	43.450003794177604	50.220235878814805
P00542	1	45.36119923313612	62.77853058367116
P00543	1	52.428115470560655	46.531331175103816
P00544	1	50.282972343347986	61.27844090260342
P00545	1	69.04074300238675	57.78734239092516
P00546	1	47.456505379171574	44.59937193705978
P00547	1	62.32653034326344	60.11272966484452
P00548	1	40.680288039659075	39.916547060597104
P00549	1	49.09400714674102	29.216064280435234
P00550	1	56.83706290226285	54.29033804076674
P00551	1	47.390051333213925	36.93446957936155
P00552	1	53.06555048389862	45.127679022498896
P00553	1	38.65464785719867	43.615106353934124
P00554	1	59.753528936384214	30.42112004781216
P00555	1	44.75976762044021	44.15025683710236
P00556	1	71.88791124544875	69.47392653053699
P00557	1	29.78611798788736	43.062535488184764
P00558	1	25.04832413973607	43.163242874278595
P00559	1	44.60440353250817	26.16640938008741
P00560	1	72.02413678506298	53.224683949328885
P00561	1	24.99644479553082	40.89737151823052
P00562	1	56.44980590115876	70.21780957183017
P00563	1	41.26199805413325	53.27961183013793
P00564	1	50.52032481900354	59.52237263080248
P00565	1	65.73281518447783	25.042708133343112
P00566	1	46.83131919295984	58.827565430559886
P00567	1	33.91566948804787	70.17817870750292
P00568	1	58.77287623048617	80.01677892801713
P00569	1	48.85815457612171	57.370833102557825
P00570	1	61.18089241389595	42.412102560991954
P00571	1	52.02544628824358	31.172770761058167
P00572	1	52.9350964600364	66.97004035594362
P00573	1	43.82273295817964	50.278733775869206
P00574	1	70.33380219505594	39.64277860045938
P00575	1	33.633882824888886	51.90889743624689
P00576	1	53.35296028946848	51.45996954918785
P00577	1	39.830061759922145	41.547389557046
P00578	1	58.65888811999845	57.04585610468303
P00579	1	51.13045013854701	44.35456219656625
P00580	1	49.82801910447682	64.00910574379769
P00581	1	40.55812904098921	51.82200314614292
P00582	1	39.61644265957238	25.266334659495755
P00583	1	36.50433500468971	47.17280223870304
P00584	1	43.04601343280733	67.1112458382204
P00585	1	50.97918955537639	70.28872453858793
P00586	1	42.347765491126246	25.05248643787052
P00587	1	40.602439834692696	27.9114518494916
P00588	1	67.50332584541871	50.922243736225106
P00589	1	43.69952013153022	37.30856920509027
P00590	1	47.646145977571614	39.22310752586239
P00591	1	46.79982121791504	51.89130924163997
P00592	1	37.878930358066896	62.67628559798564
P00593	1	64.14479061282516	49.88182060637975
P00594	1	67.72423874315261	52.68820117438193
P00595	1	59.25342246513821	68.754123043088
P00596	1	58.85587677207265	51.75552083136089
P00597	1	50.994744381002775	54.58328286565812
P00598	1	71.83144863115821	46.992966963831265
P00599	1	11.168552637972171	34.72565926332908
P00600	1	40.83970366521379	48.146362658796896
P00601	1	48.13566674110937	57.59757548053948
P00602	1	46.89643748620777	59.72092502138225
P00603	1	54.164056478001946	44.872212656537926
P00604	1	46.07995045893643	62.76328152752843
P00605	1	69.78800017345121	71.48201719504902
P00606	1	45.74355258456936	40.34770505681764
P00607	1	63.27170764621821	59.155399438635946
P00608	1	70.96877923596381	39.091811754349436
P00609	1	52.20018299262302	28.587889470266653
P00610	1	45.84047896792366	60.916690627001856
P00611	1	51.09998159976308	57.17385742632346
P00612	1	54.61416321993712	29.985077046089778
P00613	1	52.16189258603	42.03370615789292
P00614	1	62.83980425732761	54.24357939212516
P00615	1	44.82465472434322	49.60354609456948
P00616	1	44.7983040788413	41.48366203735094
P00617	1	26.745228113392933	27.24712412141605
P00618	1	54.27660300398853	58.25592732237428
P00619	1	32.583383504822734	29.488333361520947
P00620	1	51.103477133826914	67.1560495028209
P00621	1	36.03245248060619	43.46694980237169
P00622	1	51.631381552487134	24.474472341472946
P00623	1	82.08996132322447	54.92543226691527
P00624	1	65.83351709096863	61.69241472008405
P00625	1	58.89875046123608	52.44024076308591
P00626	1	57.18948645897504	57.692303086931254
P00627	1	54.60854775466458	48.854470720115614
P00628	1	43.44435375920537	34.496661130371656
P00629	1	73.4407591749663	60.061340868407434
P00630	1	65.58973840451287	57.888204934530336
P00631	1	57.831888151062834	45.97077552342335
P00632	1	54.95269792455688	51.02989974300092
P00633	1	52.10256433673245	61.99230233289235
P00634	1	52.733814897470246	60.48468210604679
P00635	1	55.64118077762665	70.6411698024792
P00636	1	17.094578968677716	69.12600891614896
P00637	1	61.117382427883584	64.03335782691147
P00638	1	52.77878452454983	66.42822302097136
P00639	1	51.162742684063524	60.44153229967209
P00640	1	60.15266979015561	39.35390854548367
P00641	1	63.388017167683884	50.45142243530066
P00642	1	56.1897451414761	48.07897542819046
P00643	1	44.2992113303408	49.350531760861884
P00644	1	55.747453121319374	56.42241094544744
P00645	1	71.89773329362109	66.50865895596857
P00646	1	69.25049902168496	58.715663708556
P00647	1	72.3419643152089	52.17409769897423
P00648	1	57.437756774786294	61.901116716312266
P00649	1	83.58437355856759	43.83700637552856
P00650	1	69.1582276519876	53.90091984971588
P00651	1	30.647252849711375	56.93728831715088
P00652	1	65.17064283151988	61.45968980367667
P00653	1	70.90206115021546	64.12897878251366
P00654	1	37.861160919669544	38.573647974575486
P00655	1	58.476111990596	55.94053048011989
P00656	1	61.69419367937151	94.07749924097804
P00657	1	53.390175437610495	55.80317594294385
P00658	1	56.99543777336418	46.06199739867597
P00659	1	45.58909575669243	51.19142690743722
P00660	1	51.94325760418961	43.16135038320713
P00661	1	28.113236331731386	46.62895371638113
P00662	1	38.83285273857272	30.498446346195692
P00663	1	25.605894844154136	42.674381838314105
P00664	1	34.12738025473023	62.20288055971781
P00665	1	21.426016601241578	42.3872660829569
P00666	1	36.56645578662388	13.673917887639059
P00667	1	50.671449864905554	43.50633736352965
P00668	1	48.43696228073761	41.54785657469233
P00669	1	76.77385214949513	47.41455283367374
P00670	1	48.59959596316373	35.26019943569237
P00671	1	33.59950579042207	61.086660435594744
P00672	1	60.62221216978731	33.62688440665872
P00673	1	51.809911590299706	52.223442694114055
P00674	1	53.55320261225657	37.45336721433771
P00675	1	42.09245874975605	45.40862036568436
P00676	1	72.00529853597129	48.60063918912875
P00677	1	49.30598297428293	43.23442274760731
P00678	1	68.00536832827223	64.95764945949317
P00679	1	19.930900637165518	22.656902208787113
P00680	1	43.476752926816175	36.293574931692135
P00681	1	71.13533018647132	58.235749402727684
P00682	1	46.59670388369286	44.801303414398895
P00683	1	54.29890512849735	39.21171333235604
P00684	1	53.99916695759331	46.745902720374275
P00685	1	39.61269314192252	45.688810187601874
P00686	1	55.96081173138285	61.903450704870814
P00687	1	56.98539487639373	45.333842214884115
P00688	1	48.33192308599489	31.98631183883767
P00689	1	44.51160258290652	56.06936617260805
P00690	1	29.115092087438246	56.04110040600698
P00691	1	58.74393992821687	60.699928395293284
P00692	1	49.471555216715764	47.26586103731148
P00693	1	38.102004813910725	54.25545907480625
P00694	1	70.01196206702838	55.15354141131986
P00695	1	52.042513083835644	62.489062037011955
P00696	1	54.05842648621036	38.93129325075335
P00697	1	36.61015526132829	61.92262888461567
P00698	1	57.90601356450405	74.39867743933814
P00699	1	57.62138005076229	55.296982946656485
P00700	1	38.84021791841155	19.224111569784185
P00701	1	63.68751421548776	39.97178385665083
P00702	1	64.08735850363539	47.555572669705654
P00703	1	51.22859640068253	75.1379505943269
P00704	1	46.95210598045911	48.44107105603713
P00705	1	37.59638590746809	46.50636803163486
P00706	1	53.85959361499746	59.1597205391454
P00707	1	57.49689919416473	46.55037926007177
P00708	1	67.19149147912472	45.92809276074228
P00709	1	49.71738394007707	15.714525477522407
P00710	1	40.67841015193448	38.21924404929542
P00711	1	59.500703575957004	36.96221579772663
P00712	1	68.67851793743657	51.82035905654367
P00713	1	61.50197703297271	54.45744914221018
P00714	1	46.66427044474386	38.423886218383025
P00715	1	67.5201606526606	36.10101184428363
P00716	1	55.30547164023058	57.01147869809551
P00717	1	41.54065578752833	70.66852703435985
P00718	1	22.34608623885069	63.98935190287611
P00719	1	50.91956306347938	69.29762218348736
P00720	1	31.793985487638604	52.9986204544415
P00721	1	61.90111849809065	48.632337461471565
P00722	1	43.48756087475719	48.1717968423132
P00723	1	53.22090504584897	30.817148730838923
P00724	1	52.85784825049186	52.44111305766325
P00725	1	48.88059253025389	55.5220262610686
P00726	1	29.46105579837717	37.62397985436573
P00727	1	44.632123718950425	41.82262223266034
P00728	1	68.10936416559865	53.88340413006753
P00729	1	49.3020619535797	48.49761888106866
P00730	1	58.160533335004246	26.467768099499843
P00731	1	53.70009779320011	54.14303514401656
P00732	1	38.85495732657441	40.14258052831071
P00733	1	38.741980050499734	59.588176838700115
P00734	1	74.33192443325119	59.45672619544047
P00735	1	55.344956695923656	53.015505880915185
P00736	1	38.13755593864476	41.51274313191746
P00737	1	45.433813694240214	45.94586172818285
P00738	1	32.281559343299016	21.371216152493297
P00739	1	72.61594353404786	57.80099235635325
P00740	1	51.426971354590094	62.451548156329366
P00741	1	65.34408528310173	65.10413521357893
P00742	1	46.331953378083014	58.967170229240274
P00743	1	44.844431673308364	22.61551633164605
P00744	1	49.97137443365532	47.30904488530163
P00745	1	47.99424904632167	59.39648584958243
P00746	1	60.20975210716928	54.06772619943856
P00747	1	53.589075301451864	34.60622991539171
P00748	1	52.06565919578163	36.757648958231826
P00749	1	50.59874814526765	45.04268358944866
P00750	1	67.35406106253355	30.618508230479428
P00751	1	59.959732046772764	51.92357479830991
P00752	1	85.80965224973617	53.93618271025251
P00753	1	51.70785024872709	53.11122182247108
P00754	1	32.362132169795	59.93074662363739
P00755	1	59.723566249908636	59.79456059594161
P00756	1	34.35724156874603	28.26020611083273
P00757	1	36.25660278353357	34.935929149378744
P00758	1	53.445566196891164	47.44091166422158
P00759	1	64.95527452922072	83.78383746666326
P00760	1	27.310074526641348	49.773735914593786
P00761	1	58.5867073382298	46.820696769006204
P00762	1	60.195303108992825	49.734914579634825
P00763	1	37.891517764017884	68.59887424263906
P00764	1	72.18749610114696	45.23545225091434
P00765	1	33.84779538742174	18.05094286769934
P00766	1	29.05283202807638	52.49796607278947
P00767	1	37.49376078867322	62.86412238748725
P00768	1	72.37571328902604	51.26766749291497
P00769	1	41.85781882464006	49.315911839789514
P00770	1	50.15025226584579	58.82862806701511
P00771	1	63.435284306945384	23.872945240170232
P00772	1	69.11225606823692	64.14062311334649
P00773	1	21.85012011186111	55.57495070451192
P00774	1	34.92693453064406	41.68425417392306
P00775	1	40.49275240480508	71.92584884832455
P00776	1	47.698435523115954	60.81180365622681
P00777	1	76.25965205173205	59.853398364711246
P00778	1	53.20466158649871	46.29767702760883
P00779	1	58.14274462583687	33.440266606800314
P00780	1	62.90797177991738	32.232866567742505
P00781	1	58.52973974619458	76.56580557856036
P00782	1	67.49201269438188	65.30633167623098
P00783	1	47.34824062821049	56.45690255521716
P00784	1	39.623045580805716	41.60095226624614
P00785	1	58.446779045157584	47.852210400589755
P00786	1	48.565739739982554	38.10057672715929
P00787	1	34.47006667360979	31.748413064985343
P00788	1	62.569943732710044	46.10813010543437
P00789	1	51.112863523873685	58.3585004247526
P00790	1	66.29690923656348	39.66500175769964
P00791	1	65.77977097283025	59.95725676548204
P00792	1	69.7529004464318	46.86722383795573
P00793	1	65.13746575462713	55.58416049968996
P00794	1	50.298335442803314	63.9309512123583
P00795	1	54.192755792213745	63.51432280499671
P00796	1	52.29063355665776	81.05105556490346
P00797	1	26.604083269343164	28.23066591384792
P00798	1	69.1865642406284	53.46094452910727
P00799	1	62.423262187988314	64.7660792821114
P00800	1	25.980032885916053	41.40457918047439
P00801	1	42.77375528188138	45.02011166777998
P00802	1	54.3830152136762	21.24117699581234
P00803	1	45.22648561233405	55.024628147871375
P00804	1	47.499921754806934	61.866389785641935
P00805	1	56.31951923659203	53.252596792395195
P00806	1	55.86389155485646	48.6048105029857
P00807	1	47.95690484160901	45.570964330790304
P00808	1	39.8728296841334	53.10397017180469
P00809	1	42.64237605298969	55.08114848025229
P00810	1	57.073041987064556	46.601725015988066
P00811	1	46.71076779466258	73.38265183688067
P00812	1	29.289075285796507	45.5492758545024
P00813	1	51.12117315807778	50.255655314878325
P00814	1	49.09449148392256	38.36932357255985
P00815	1	52.70925030329088	49.84426312939949
P00816	1	45.50375577885325	38.522746042911145
P00817	1	55.67838493264815	61.38705709855047
P00818	1	30.735907921358685	38.27932607111803
P00819	1	54.228528844262776	63.36535830578633
P00820	1	33.87102144489453	40.58882615496595
P00821	1	49.05478393253898	46.84070020158264
P00822	1	67.31431280435551	54.500764303616215
P00823	1	54.45998746180901	53.746556382165224
P00824	1	20.339187631996168	22.838514028836613
P00825	1	60.050335162516014	35.1631891264682
P00826	1	52.72950421520743	35.961185127353424
P00827	1	73.21436674262173	53.554819911363936
P00828	1	67.79110877116966	47.5885726153313
P00829	1	44.82283030781941	52.28016895754476
P00830	1	66.31484809879274	53.4643022009165
P00831	1	52.29774239693531	39.35523303849403
P00832	1	38.01908078130779	50.657554298105936
P00833	1	36.98032653443339	59.503072743750934
P00834	1	42.66769364707874	25.027938216671274
P00835	1	54.167402127994585	57.48831699165918
P00836	1	69.61114191972568	75.50819548961091
P00837	1	61.30070006432696	50.95565200712779
P00838	1	58.41964458585613	40.33765744579452
P00839	1	41.826089611270376	66.43669220394523
P00840	1	47.03770117978446	56.291989537001285
P00841	1	85.57099677512194	44.34674910424015
P00842	1	43.87647371408494	25.776313785127535
P00843	1	61.129959405840026	58.15583469232966
P00844	1	44.063223944074835	49.65804806810862
P00845	1	52.537466258891534	49.21922827842228
P00846	1	62.194271179685956	51.69847425905829
P00847	1	50.52166232239115	43.64737687697917
P00848	1	65.7231632089406	60.43803482541909
P00849	1	50.58732517781434	65.60983322616275
P00850	1	69.37698868170797	57.80263331001482
P00851	1	58.40762200597834	27.8879487754271
P00852	1	82.73458510934991	56.40194955532761
P00853	1	62.67016351264264	54.24615148360984
P00854	1	57.59805914202118	52.97310955458545
P00855	1	59.22589076105964	62.0894952767894
P00856	1	39.0271561461965	31.4428318300768
P00857	1	49.63501661736399	51.09696060293289
P00858	1	41.540013661290246	36.892461441390786
P00859	1	54.16531345695064	34.92867921533601
P00860	1	48.86936179603255	41.009833049590924
P00861	1	26.22592439071009	56.68494141593447
P00862	1	51.25120243810408	56.89022895292649
P00863	1	78.74427943194178	42.62811894399852
P00864	1	48.65601166791192	46.879296624988626
P00865	1	51.24068786531465	40.06161475476216
P00866	1	50.58340895681823	54.81605654037924
P00867	1	16.12683466747667	54.8700690231482
P00868	1	33.593773065546806	46.20945108482376
P00869	1	58.12818567415456	54.25436009432564
P00870	1	50.729310776080155	45.887940187526766
P00871	1	24.876779180403375	41.50447344592186
P00872	1	40.90748237915962	41.55565430048125
P00873	1	51.6777112098489	30.528804627994454
P00874	1	58.01339002689526	27.97703196589282
P00875	1	34.8555076049999	41.05846277984401
P00876	1	40.525069756814005	25.115582264815096
P00877	1	38.500286395329596	57.2671338997008
P00878	1	39.329647758680906	57.81540630179113
P00879	1	67.15172795000265	44.363018449570816
P00880	1	64.5125786973423	44.94311759584236
P00881	1	58.32398910023677	48.38727154531725
P00882	1	69.78496795740456	47.62233364699511
P00883	1	43.5346051254314	60.41922236377723
P00884	1	40.98264730967482	42.410618514067636
P00885	1	59.96996697448023	78.1405971741343
P00886	1	60.72836857015258	20.11863364471502
P00887	1	39.53698358214939	16.65947317145974
P00888	1	32.166670252190976	24.155213215863522
P00889	1	52.013615548669804	53.77257132522983
P00890	1	53.57037386821692	41.78671606856877
P00891	1	26.72158048744417	36.79009764623079
P00892	1	40.242627637618256	54.79987539053759
P00893	1	53.49079433316694	73.48276358205614
P00894	1	42.569681545641224	37.25877505134582
P00895	1	45.16413518696875	53.5324084319507
P00896	1	35.95125452907461	56.63588461047161
P00897	1	68.1642489554254	63.44837333222294
P00898	1	39.95347444491709	39.005311963818215
P00899	1	48.38567313661377	74.19115782024537
P00900	1	50.38741533395674	50.425060672822795
P00901	1	58.91104451237007	51.01420114615011
P00902	1	75.28626734139436	75.3043661949192
P00903	1	30.779284330312958	44.27096061769908
P00904	1	41.212537739531875	32.21641414056787
P00905	1	46.915658829943304	60.179844906801954
P00906	1	70.64894848665982	39.821408376431854
P00907	1	40.608258441816425	36.7923123450658
P00908	1	24.94721058004629	43.9707587023497
P00909	1	37.042595552678634	55.06920320901349
P00910	1	65.37857318530038	56.150408694148
P00911	1	44.25090974049944	41.7167283211698
P00912	1	47.51584478308747	35.61352650497362
P00913	1	85.89511204460689	57.449176108922195
P00914	1	52.16578624536409	32.42976219840638
P00915	1	72.80079987890903	66.36324860491577
P00916	1	62.22971802336112	58.91829804934332
P00917	1	46.269847588225424	65.64367029926767
P00918	1	54.05275407289842	49.823506224451215
P00919	1	57.307158117465804	62.11314342376935
P00920	1	22.748498423815402	56.2002546104319
P00921	1	53.36029900260997	45.038644290795304
P00922	1	67.56082375094317	55.54764388684604
P00923	1	73.58282876539582	77.22222390968068
P00924	1	60.839314077393134	55.08965959790715
P00925	1	47.339816830543555	40.97078819911751
P00926	1	34.133677140188624	51.70907915863676
P00927	1	36.75355726397369	39.52413131748717
P00928	1	35.972411839662115	20.397177683551618
P00929	1	38.827231315975816	51.15565385502787
P00930	1	42.62733979018853	35.652612715006185
P00931	1	51.59503573966579	32.675379316981115
P00932	1	59.8361867415746	63.95029005655466
P00933	1	43.09974975387716	51.487651167265994
P00934	1	46.42601472925174	50.46283733947602
P00935	1	66.9424649162435	56.910076510669235
P00936	1	41.18747069467843	42.47653658345113
P00937	1	53.6626938531277	52.7224923132937
P00938	1	22.79863437311667	24.967201706285845
P00939	1	64.29065021018903	48.534290067205966
P00940	1	34.0540785983528	50.53378744864702
P00941	1	41.49679129902979	59.55179476726775
P00942	1	38.97773870042696	58.438241947809104
P00943	1	52.52374600154604	45.40661795028226
P00944	1	58.189383955815906	55.66135079388371
P00945	1	30.724795774546823	16.809535265369686
P00946	1	35.969488557252575	51.93395007266645
P00947	1	53.56316780093198	62.280195126693734
P00948	1	69.38340917142843	69.78770304366573
P00949	1	39.63717788318148	33.358781414714485
P00950	1	60.41537127030376	61.173900659238925
P00951	1	50.37656722946373	59.65849777500632
P00952	1	38.80413671246123	50.98282623606854
P00953	1	48.39960291310926	50.46724619203652
P00954	1	63.91246189410461	26.719792823255872
P00955	1	58.76525301786247	42.71194644752139
P00956	1	50.957537976877816	50.45438902736919
P00957	1	57.64148958714576	47.74699521819543
P00958	1	62.37002452408202	51.27297491233006
P00959	1	52.84347732395938	53.568828191052916
P00960	1	50.55084996345328	47.00416885495646
P00961	1	50.20335381871038	60.93680106116973
P00962	1	59.02128869863918	50.906418476751824
P00963	1	54.847449346590714	57.42381241769067
P00964	1	53.226590140531115	70.24106439391322
P00965	1	41.99374304572766	55.409663352856526
P00966	1	58.02166579834601	69.50247724907878
P00967	1	55.09776217606242	43.7481534632553
P00968	1	34.65982004552468	42.3952822818961
P00969	1	56.00709334901771	33.92390813195301
P00970	1	66.74487144812092	66.1114697900157
P00971	1	52.93552363367802	77.00958011442212
P00972	1	73.41321433408172	69.36674459360113
P00973	1	47.60144711658564	52.92462534210838
P00974	1	72.0526332394804	85.13687787303459
P00975	1	51.41865346746064	39.67347913882867
P00976	1	47.29404755363956	19.05136840200105
P00977	1	60.73703791969741	49.12295068627776
P00978	1	54.61211774163135	47.44000876217769
P00979	1	56.356384421221925	42.873153787079445
P00980	1	33.432862829790686	46.634368488484895
P00981	1	57.176327232837274	31.554753371828525
P00982	1	54.693367199756096	40.141497851927845
P00983	1	55.95029870619101	62.35542810416883
P00984	1	54.904027368519024	40.59436617224317
P00985	1	36.55255192237131	60.52400553319683
P00986	1	49.748467392658405	46.83505397788354
P00987	1	61.57531854674009	61.518395219762134
P00988	1	51.417690899863075	36.58129413739849
P00989	1	52.717609063744135	45.199972283265915
P00990	1	60.18382181103287	59.18559584389341
P00991	1	34.29333915099351	44.971258903911725
P00992	1	46.182125999447635	51.926764706879666
P00993	1	51.74713425681399	67.42956135846222
P00994	1	65.01416093559571	21.743422362403994
P00995	1	37.33372584880101	56.848908692786495
P00996	1	27.56887907623002	29.11635317893874
P00997	1	60.7043468114252	57.43067284510729
P00998	1	67.32848284080701	49.57536300787146
P00999	1	47.437731359095466	58.84008385405348
P01000	1	35.03557782165072	36.05702878538309
P01001	1	54.64075527054217	45.888287876747114
P01002	1	71.00531544436559	41.20036327097818
P01003	1	57.80041921103186	45.7312262975261
P01004	1	70.7163923789387	55.01654705756098
P01005	1	55.48086346527608	50.47960974539242
P01006	1	52.17256934417907	49.446489492143535
P01007	1	52.69198842361928	47.76275522003924
P01008	1	35.41183625200565	51.40285529677299
P01009	1	44.56455256452881	54.95571883800522
P01010	1	44.661193952952644	49.37328867977326
P01011	1	48.816933218264545	65.37428373978365
P01012	1	39.69152080035583	34.77924285604364
P01013	1	44.62605312684592	53.40910086438238
P01014	1	32.96727321834996	38.641062348836
P01015	1	67.20100469449233	52.947724205080355
P01016	1	47.836292610314565	59.00575192937579
P01017	1	31.7278226818403	50.71373609598957
P01018	1	33.720209977637715	45.08429309889958
P01019	1	29.373274427725836	41.71434266515051
P01020	1	15.15884357358668	25.46699267465171
P01021	1	30.394866592300318	55.39534698377805
P01022	1	63.454488576582975	64.14718241891325
P01023	1	53.99350406127818	49.81112177639605
P01024	1	61.64550687067301	28.51653530436306
P01025	1	51.20858888619933	70.08756490508215
P01026	1	40.11541056124537	56.91702835257687
P01027	1	57.84282800854928	43.57783055475558
P01028	1	24.236262307925422	35.477694945262755
P01029	1	55.82959287267113	43.648396667026034
P01030	1	49.188193263080436	57.31700528274035
P01031	1	47.28820234222256	49.57821320017216
P01032	1	57.741578936509754	52.70554442521338
P01033	1	51.180974411959326	37.09096648539459
P01034	1	61.48910607026784	54.18052714166586
P01035	1	67.01835172122728	58.359121285676075
P01036	1	41.09962068335591	49.35830836519525
P01037	1	46.71444099760806	29.203538663942002
P01038	1	29.637581817674963	43.0126915984539
P01039	1	46.72583679278925	46.13505504428287
P01040	1	32.094094786174495	41.86076248514075
P01041	1	53.919638097477154	37.297152921511035
P01042	1	76.95312505520144	40.51150735528246
P01043	1	67.36788090062886	40.85065382173133
P01044	1	29.77202380697199	47.739614979368845
P01045	1	62.673560943086	40.99368478131987
P01046	1	49.21712528177545	60.87122521019978
P01047	1	56.675973263448604	60.76319281537659
P01048	1	58.05009679626515	62.02457328523158
P01049	1	42.914188020507	90.39047154365703
P01050	1	39.387082509721786	42.9601411756495
P01051	1	37.593668537204735	46.101024746927784
P01052	1	49.52453893438818	70.09588510039679
P01053	1	47.73093695920971	60.72832676139324
P01054	1	36.10918401163644	47.43450440045458
P01055	1	50.840664229659204	62.29617075965879
P01056	1	59.332432022260534	31.509047044792684
P01057	1	57.76560872299164	44.670630790806705
P01058	1	33.56789650890459	40.490980325799775
P01059	1	40.31832724702337	38.65820619312299
P01060	1	45.9727098818047	46.334910017707344
P01061	1	73.9941504917767	30.18656885077717
P01062	1	50.182284406794885	51.22976965150856
P01063	1	79.17448172712436	69.81919871700813
P01064	1	32.45386619349618	61.10041372365332
P01065	1	40.61802163590108	56.261298314853285
P01066	1	53.510360240682665	67.3453004924955
P01067	1	39.56315597050549	22.394950884328964
P01068	1	29.836830197527107	54.18944742629618
P01069	1	50.56243538620926	45.11354610901094
P01070	1	47.03975325217807	70.17088413882055
P01071	1	40.26540616906506	56.37516012651507
P01072	1	25.273945771275763	52.31865231209882
P01073	1	40.84630476433349	44.99538275831173
P01074	1	43.973726999717535	43.403478699958654
P01075	1	57.224999642344066	32.877797271735496
P01076	1	49.33297613594237	46.70339397241324
P01077	1	54.892212857454766	42.967365763271246
P01078	1	69.67247333101037	50.89803115479737
P01079	1	44.25699916997693	50.19331610202149
P01080	1	49.46385242601643	48.92661831071304
P01081	1	58.57322996597962	54.85662139703443
P01082	1	56.562977043185086	49.64899464862209
P01083	1	45.58964810829214	24.31336168795553
P01084	1	51.75799990535805	42.83318388915277
P01085	1	50.24343536374059	61.751621256032735
P01086	1	65.22937173567524	65.0816506050414
P01087	1	68.84667831901598	59.3675174904426
P01088	1	87.92914716826103	65.7251412584126
P01089	1	48.245417087649436	56.56658849296309
P01090	1	15.504349229088353	20.08386626703798
P01091	1	35.43839599052485	49.127782486272594
P01092	1	34.04129902608692	51.71027853030206
P01093	1	10.0857260340447	29.11526403292133
P01094	1	66.57386341877223	37.54656569327373
P01095	1	58.84871553142307	50.7503665488874
P01096	1	28.762735301844707	27.244117702737938
P01097	1	56.2858061035259	48.552297644260975
P01098	1	33.510460161515375	56.06233589878714
P01099	1	37.83341672397326	66.40010358754672
P01100	1	53.756341906967144	31.346483438978595
P01101	1	21.883051194539263	44.00028421628242
P01102	1	38.76817604785348	47.08020472713916
P01103	1	44.368084724593494	33.186260270014806
P01104	1	51.59061606824832	56.61467929341779
P01105	1	40.39922860207184	47.451326473537335
P01106	1	57.10148160622895	49.21735689814517
P01107	1	41.25316625894801	36.17950730854493
P01108	1	38.03603997770344	47.74310459275256
P01109	1	52.30428688400815	78.55005681781971
P01110	1	51.91301766942725	49.88623906027864
P01111	1	34.2816494324452	19.264285860982348
P01112	1	67.9408797636438	64.28685290143068
P01113	1	47.194910583164585	53.951383304898485
P01114	1	59.34512585834191	63.52096379523461
P01115	1	55.98523207225274	42.2931780805277
P01116	1	68.79252628157899	62.95419374747378
P01117	1	45.16555834915663	40.577118359882434
P01118	1	49.92727713731855	53.52726305676192
P01119	1	49.7334580839353	40.19209746711247
P01120	1	59.69060416869641	65.9435640325884
P01121	1	59.30746544780343	61.58349719527095
P01122	1	42.886368802681076	25.9990387560223
P01123	1	51.625463012158804	30.399362562908394
P01124	1	53.581476190781686	64.59875725213298
P01125	1	51.479986214752415	44.967992240143246
P01126	1	42.21565362101926	68.03211846912794
P01127	1	53.65694543069836	64.66732085948247
P01128	1	38.537509017217594	55.08586475650486
P01129	1	58.8536477049589	54.792100733603995
P01130	1	57.07998199743942	47.56494581078302
P01131	1	69.82436735252034	66.55073465051206
P01132	1	63.84076038651976	62.100501114188965
P01133	1	38.75685178683524	43.36454428803838
P01134	1	35.71667241609621	31.313678525217895
P01135	1	54.296901559461325	45.47660252429843
P01136	1	52.50060388918155	49.50109629148632
P01137	1	43.24248392426723	38.90950929410973
P01138	1	68.739261972182	37.38434464311853
P01139	1	47.55467193810486	53.674634536937425
P01140	1	27.691346372750747	25.305437292425882
P01141	1	53.81121594217016	21.92390892459613
P01142	1	47.58959082757839	69.14687971244562
P01143	1	73.52929152587542	65.75151403523306
P01144	1	62.55256522794829	77.37528284762746
P01145	1	45.24719605142202	50.678231887599765
P01146	1	48.255436737057025	77.17593463273491
P01147	1	51.10614307715967	38.22910643597819
P01148	1	40.141951505600794	56.298123461941906
P01149	1	40.58715929780929	48.78321359075737
P01150	1	36.08490868185413	68.99776107624474
P01151	1	54.2776076067008	74.20910348157645
P01152	1	68.0085436422849	60.1500679073263
P01153	1	50.7110357456299	56.59126223980826
P01154	1	53.63827001512684	39.01759947146309
P01155	1	68.89649531363187	59.03028055154372
P01156	1	43.656588695872976	48.5097338938109
P01157	1	57.47315710211176	66.87743074976355
P01158	1	51.57390663981708	44.53461199469258
P01159	1	50.56078412396883	40.28926244539076
P01160	1	66.1577163043021	60.18181546490048
P01161	1	36.28706882008488	23.749317015239253
P01162	1	70.84118963520464	54.62061983221917
P01163	1	62.68029461046793	37.244788532955795
P01164	1	38.53265146099561	67.32208267845971
P01165	1	56.7395103019731	36.14359178684168
P01166	1	41.20506837282474	37.442743950118754
P01167	1	34.82040965006552	42.41770991162417
P01168	1	59.32408667802486	33.901424547718044
P01169	1	15.039516418530884	26.974670096241823
P01170	1	60.08935461061871	56.881055841302015
P01171	1	63.25812533707651	65.38124339016589
P01172	1	50.940852451297864	39.36390111812972
P01173	1	58.584332514490804	25.689273588381763
P01174	1	55.83444318719423	40.425700143315694
P01175	1	32.303465979749085	62.40079695970301
P01176	1	47.625375995279484	36.43229832142946
P01177	1	21.14275819743268	58.64825914503818
P01178	1	80.06686514409014	87.11409884780645
P01179	1	42.49869313192845	39.15202821838743
P01180	1	45.23468582612642	47.20960479833722
P01181	1	50.01193627670194	36.059724932817524
P01182	1	73.74601473947465	55.5484325463659
P01183	1	49.716416106548465	44.24895910788178
P01184	1	45.374787960127314	46.35657313105112
P01185	1	52.31256604199749	31.06188006167524
P01186	1	53.02149888474612	49.108238515467946
P01187	1	39.15692574605468	59.97786635478351
P01188	1	60.88033971049114	59.70334523629653
P01189	1	37.20973104522046	35.89190600821647
P01190	1	49.647189487090614	63.39339548570145
P01191	1	63.73458645710244	56.04641542721522
P01192	1	52.41941649043194	75.74120796102468
P01193	1	52.62716106437628	62.27404200460447
P01194	1	82.4363729724925	56.68698224850511
P01195	1	50.77023164385029	62.93480984404462
P01196	1	73.07312879897421	55.95105025108494
P01197	1	64.19709040413012	60.44946026310838
P01198	1	22.680903502425817	38.050796218879235
P01199	1	56.470537115390606	46.08556310001861
P01200	1	45.710616551239305	53.56870660250248
P01201	1	34.90998623608456	38.09594020188625
P01202	1	57.622185517929054	30.842755339883773
P01203	1	62.159640158942125	62.08789259848858
P01204	1	72.73606835092323	56.22981252215858
P01205	1	63.55748342480769	42.776414877269396
P01206	1	34.9732788929842	67.53374710051338
P01207	1	49.86633284349866	27.71602792566322
P01208	1	38.55793632191536	53.71583314313372
P01209	1	67.77725692307533	34.91186921835742
P01210	1	43.63770059426544	47.15169538364539
P01211	1	47.64890125883138	58.565328074222975
P01212	1	40.700587357314724	33.46096731249772
P01213	1	38.624721681141715	51.35893255350476
P01214	1	42.24377819522073	35.99401908015318
P01215	1	48.471777881555276	29.444520620276062
P01216	1	63.943084283153155	59.82430307698948
P01217	1	66.26208705593123	33.640871991872565
P01218	1	17.7053701692964	14.353490687112748
P01219	1	48.55045249791583	45.0004352266921
P01220	1	70.64078463537399	57.05365247322305
P01221	1	60.73756221421557	45.211095004780184
P01222	1	60.98293936226332	52.87516323475905
P01223	1	56.65779724905178	29.645817218279184
P01224	1	51.70004579170973	44.25236796574642
P01225	1	52.63162994023832	44.23513510277582
P01226	1	56.99989033147369	50.792232859704114
P01227	1	58.377369898408396	35.574642974521176
P01228	1	87.1181733247465	80.21105809735401
P01229	1	51.674886457150755	39.804125431188545
P01230	1	78.34042994953204	55.096811435837324
P01231	1	60.538201620975194	64.27508334392337
P01232	1	44.97196708204816	34.567581235544566
P01233	1	65.19608515642405	30.405757721780997
P01234	1	53.29217823044821	47.426565358477596
P01235	1	46.09660988862474	41.12155595019211
P01236	1	55.66374859725028	64.29075421845255
P01237	1	65.86953873629712	48.763353104629225
P01238	1	58.20991029658142	64.75601902608848
P01239	1	50.65867166397704	34.19790645920351
P01240	1	57.017526365982285	46.726881935695076
P01241	1	49.337560732434646	44.110176587147514
P01242	1	44.333059749224326	63.87573875287147
P01243	1	53.27862264440579	51.6381265142662
P01244	1	52.38594978438175	63.048540067616074
P01245	1	52.4211201459296	65.09628160401718
P01246	1	54.1450482464915	34.427888164509106
P01247	1	63.69803052040703	54.49909485960484
P01248	1	47.70594834083515	45.297145625744776
P01249	1	50.28143177911315	48.08013466232947
P01250	1	41.68576591568634	69.14825318422736
P01251	1	57.28942727406216	36.74116291458142
P01252	1	44.09122141843909	64.9183884267571
P01253	1	70.82497967356319	45.48911564763806
P01254	1	36.0775767533015	62.10266930112283
P01255	1	56.505572001985996	65.12263484246631
P01256	1	50.72957694823987	66.53642982742781
P01257	1	46.56192902192863	51.68837152191146
P01258	1	91.50919613876205	63.97051956957702
P01259	1	65.63538928898248	43.23464855359711
P01260	1	38.63153863273513	39.4031130093077
P01261	1	40.794097458634475	42.5002634610292
P01262	1	64.27020516417195	59.61631331153288
P01263	1	72.26377174468344	71.12671534196726
P01264	1	20.573973465740934	30.26702257228925
P01265	1	72.0188586534887	34.66689261496257
P01266	1	49.13091392506932	60.95972667313084
P01267	1	49.88960479531342	60.077941956060016
P01268	1	32.302122458249606	48.68180507114457
P01269	1	36.470294597700345	58.83485138051013
P01270	1	49.1866184918107	49.317551045311234
P01271	1	57.44896522750417	42.24636420748796
P01272	1	65.72096905966298	45.755397842089025
P01273	1	53.50682193076385	44.41667763194424
P01274	1	34.98592796163003	40.96641053466535
P01275	1	64.02938545936159	38.817194919464455
P01276	1	52.77143017203046	37.353755488667915
P01277	1	54.79193456876326	47.779961850821906
P01278	1	39.47273696024733	30.97310489435471
P01279	1	34.856715002954694	24.590807590462713
P01280	1	54.087310046528216	62.481939879080045
P01281	1	74.88300627311536	69.31498567296548
P01282	1	35.99013940282491	52.76062828243054
P01283	1	44.96782183832263	61.97757412040708
P01284	1	34.561015821818565	45.6601546496713
P01285	1	48.27403023546677	13.794139047488052
P01286	1	54.19215338446826	41.4521500205709
P01287	1	49.32471898837488	33.63633398514403
P01288	1	44.849295676346514	33.3994887542024
P01289	1	40.80704357183497	64.4360724488982
P01290	1	37.16889358538235	39.71390558859967
P01291	1	41.588625419376754	64.52043441373453
P01292	1	55.181997292185535	45.551345534604664
P01293	1	38.86963963600568	32.78586470278286
P01294	1	53.24182285367189	33.96263601147254
P01295	1	58.08082840371583	37.64243772684963
P01296	1	57.4275126437125	44.080667754600306
P01297	1	52.823390903759254	45.844428941394895
P01298	1	16.23493336403985	55.76620653423964
P01299	1	57.79230163439193	53.06399782151234
P01300	1	24.25437635301888	67.44250537652727
P01301	1	52.5604763051582	65.01549243009804
P01302	1	63.38278796050009	61.81671306450152
P01303	1	77.89430641819507	69.9271820440224
P01304	1	68.99704620433724	67.62906849081854
P01305	1	43.73176623199406	44.625257351583336
P01306	1	45.59239630490251	24.752331824774956
P01307	1	56.09674460213165	60.467628832101695
P01308	1	29.015099535682964	45.1277111770498
P01309	1	38.55548168847309	35.04284764414871
P01310	1	68.8296472163254	66.18943466079836
P01311	1	66.78396208927285	53.03587869629551
P01312	1	46.33511652875844	59.47141319909884
P01313	1	64.90027587318662	57.330720840742835
P01314	1	33.902183010486155	41.34701757960598
P01315	1	32.103343466020185	46.5376349484785
P01316	1	42.64779584877586	57.71304826484517
P01317	1	44.2663441765112	39.26366615402011
P01318	1	63.55990945842401	42.36827684673715
P01319	1	57.45198799227276	37.80547609557466
P01320	1	46.473331653622544	64.42561065867228
P01321	1	27.72912881216383	62.96534857753572
P01322	1	50.835599313848036	55.6269016783235
P01323	1	35.126678894477166	45.137584014728645
P01324	1	48.35715024934483	62.06478950535695
P01325	1	76.71822705596229	61.44458416632826
P01326	1	55.63989785952951	74.08330585236496
P01327	1	46.841976212823624	43.658306064816706
P01328	1	38.39510623628722	25.196256865034446
P01329	1	38.632981119243176	43.542857674852556
P01330	1	32.11575361620305	57.295337047314554
P01331	1	54.888706848757494	56.843442599064616
P01332	1	32.072256938352254	38.472521190404954
P01333	1	56.44496063362406	32.70685009091961
P01334	1	62.78894994673328	45.74341994669477
P01335	1	36.01958399844172	60.38137287134421
P01336	1	42.64699963000796	29.226049387380137
P01337	1	24.47397373198674	44.08189032622733
P01338	1	38.06721720925301	42.666617904452714
P01339	1	63.35998834408429	59.703891352028464
P01340	1	69.64482062438628	78.86063648884772
P01341	1	58.47072995320199	48.02804560806031
P01342	1	53.225957186392016	48.64976812230195
P01343	1	44.50922977603921	43.25711648928795
P01344	1	65.19684077330483	62.78130892351867
P01345	1	42.217643323437606	43.96655022329005
P01346	1	74.56123184354277	65.7094413583663
P01347	1	25.345353053057526	21.984442688434388
P01348	1	60.68534601790837	50.013504779296994
P01349	1	40.48955898140167	39.894096344753585
P01350	1	74.61677836478758	69.18215984256089
P01351	1	65.6245839639979	70.11363620140472
P01352	1	40.708107389480595	60.240197474035035
P01353	1	72.75510230986664	56.86016186418678
P01354	1	18.849584420482834	35.26863128018307
P01355	1	53.08159959332179	62.062712054167825
P01356	1	54.37855884540163	46.59081427077776
P01357	1	56.89687454244603	61.06119958887496
P01358	1	67.21877320642949	48.73627549655659
P01359	1	47.080728160151374	42.84391779484248
P01360	1	39.956263049804114	52.27833901412102
P01361	1	47.68148476507868	38.56881945399115
P01362	1	29.218274776641522	41.08941585730731
P01363	1	24.60288059031418	62.59246797582671
P01364	1	45.92129842746278	51.71998310118713
P01365	1	41.00397077988452	48.07632127306153
P01366	1	40.33832412161478	42.97012868071316
P01367	1	49.4843649947021	33.309865482946606
P01368	1	31.39603110286852	53.154413636547275
P01369	1	36.010793404075606	36.78113513334761
P01370	1	44.07671770972739	45.204934603798556
P01371	1	42.66234331351651	46.924146515441706
P01372	1	63.87534907397149	58.81461036569588
P01373	1	48.105827582210196	49.84652738536508
P01374	1	42.195608013255615	54.70754141194125
P01375	1	59.82716340013813	71.45688107676483
P01376	1	58.75212586198127	39.6781216584957
P01377	1	52.98182762350115	35.373688832008824
P01378	1	57.6706650188488	58.340231313737156
P01379	1	54.23649464425548	68.2288498045542
P01380	1	42.467848432660695	60.38417304191938
P01381	1	56.89143259729585	39.18673156896803
P01382	1	51.94956431977948	54.512508514214325
P01383	1	58.00801317021555	49.25512224816021
P01384	1	58.24689392419967	56.29765470571903
P01385	1	52.98971171346401	49.308309040036065
P01386	1	47.9526700254987	38.33879398901363
P01387	1	47.7146475617037	53.529483052989335
P01388	1	55.45676918434998	50.274639956306046
P01389	1	33.07214449275639	51.46638314058272
P01390	1	79.78390683930436	48.28615043590969
P01391	1	70.02711784227142	74.34902153934625
P01392	1	48.15533059440887	40.615445512417736
P01393	1	27.79570666476817	43.349088737768255
P01394	1	38.25831024350783	42.18307312306278
P01395	1	48.44105015578922	64.38989673295379
P01396	1	48.57629881860653	39.89965224352854
P01397	1	57.71406207967167	63.30944212501712
P01398	1	59.5538712256481	41.28051159494597
P01399	1	26.403672168338176	35.363783497939586
P01400	1	54.955281407952135	46.27046646369353
P01401	1	52.76678396644018	42.884525205946005
P01402	1	43.94084991892221	41.84306785187899
P01403	1	49.818281855527786	42.648941571037724
P01404	1	46.42700840752151	52.10767967654739
P01405	1	44.948177540786055	69.28698872043992
P01406	1	46.594001165643576	39.62017926728275
P01407	1	20.803116035632783	37.57149789018129
P01408	1	33.69458944307635	26.585224609549403
P01409	1	66.57747044839962	64.54743090838998
P01410	1	37.67546385273042	40.66690525180542
P01411	1	76.26704394986906	39.85994467296421
P01412	1	63.89475286823935	54.45541498923664
P01413	1	50.738132531287576	56.95177808579422
P01414	1	56.887843034871686	55.46151886852969
P01415	1	55.89206872735365	36.264827386062386
P01416	1	47.6912914025956	40.786954380500596
P01417	1	34.91568889874914	43.88275006349341
P01418	1	61.6320746533888	40.80679402997545
P01419	1	44.930757724192176	70.12784872727303
P01420	1	60.43608920681423	49.53786747504562
P01421	1	30.65788578175893	50.23181858676759
P01422	1	56.266864790790414	39.7885221179587
P01423	1	30.874344816963266	70.88446199381379
P01424	1	41.18101535656315	60.24380981814938
P01425	1	33.59160921365872	58.496646706205986
P01426	1	76.89248669889098	27.581465964481925
P01427	1	44.77427751311649	29.493436340959335
P01428	1	57.49345258056998	43.21591376240833
P01429	1	45.69668289100324	49.89828602914425
P01430	1	47.373825232558254	55.93900682138419
P01431	1	54.96817757755655	50.562295904645765
P01432	1	35.97704781255018	39.854976883081335
P01433	1	47.57323765327177	34.22962827258886
P01434	1	41.005701055152	40.29863319370741
P01435	1	52.474559433399506	53.01117808498563
P01436	1	29.18310386914066	54.301109061796545
P01437	1	52.66381812015433	42.26946428199248
P01438	1	53.262757634479385	45.378391722040135
P01439	1	56.57039077273372	37.56262802677467
P01440	1	62.02614449315812	49.366620780709574
P01441	1	40.35067696049424	41.25239333547747
P01442	1	29.39304984307644	60.95802927589708
P01443	1	73.04490461820389	50.74736971793588
P01444	1	57.28787465927638	39.34271059958456
P01445	1	66.14287048149457	26.270911192938485
P01446	1	54.185338163650705	59.48225856416072
P01447	1	35.47181808242852	49.665734094124744
P01448	1	69.33819460628574	58.663701461117725
P01449	1	56.23926590517572	52.745616295931285
P01450	1	55.74882019803694	39.56172116133283
P01451	1	43.41431692993739	55.72903837688531
P01452	1	46.97611497148038	53.881501912355134
P01453	1	47.389024873235435	53.20913441934701
P01454	1	27.65078205057135	42.25938137740633
P01455	1	46.299134217158084	68.68537732981474
P01456	1	46.081931603543225	61.05309583545616
P01457	1	46.70894574362269	47.94564875144725
P01458	1	44.712973614478756	51.53741928932247
P01459	1	41.50360868079302	33.061203300202
P01460	1	61.108339437384515	43.49347591124406
P01461	1	59.384429091594946	43.47187880492013
P01462	1	75.47058836237116	49.35951841942485
P01463	1	67.00966943328301	42.99025391060325
P01464	1	65.10479014044175	59.52266188311485
P01465	1	55.11619052117472	66.47908650556535
P01466	1	76.55573434955714	53.419443898664724
P01467	1	53.39877791013918	29.50994686545533
P01468	1	64.81473079958405	64.29792755292202
P01469	1	13.793900504604498	33.73780062864225
P01470	1	81.73528544045233	68.49905330754083
P01471	1	37.58446665585202	18.66663382573175
P01472	1	29.286038058750485	33.656905092088685
P01473	1	54.65623625766757	55.06038199483141
P01474	1	47.96520457656845	54.60048570071682
P01475	1	62.7372470732124	55.245911211669714
P01476	1	71.25194609893447	54.38071165503478
P01477	1	38.98566120585674	46.996410201987516
P01478	1	66.95208800688602	69.70606227867485
P01479	1	44.488316064948876	51.69859955899608
P01480	1	59.57262254797462	56.39839433380865
P01481	1	33.118022715613556	69.3238048273473
P01482	1	39.90338586891536	70.39810783419529
P01483	1	66.71751078812382	61.4097533128657
P01484	1	56.78392899288018	54.62588808985373
P01485	1	48.79082318334553	59.93138505980799
P01486	1	50.896591275223145	37.44517109252409
P01487	1	67.88161815140609	79.17554002903623
P01488	1	57.571938832249415	55.61805792226544
P01489	1	36.58133033212286	56.57741848139204
P01490	1	53.03037452279815	47.94984796445556
P01491	1	44.633702469127854	62.67674732340437
P01492	1	30.863395754742797	56.19215042532012
P01493	1	74.26771990948328	42.90917306704464
P01494	1	41.48868085205517	53.36347349248883
P01495	1	53.00301740379186	75.17185662788623
P01496	1	37.66123242258046	28.241930879088898
P01497	1	33.067721203142945	38.42473823369075
P01498	1	44.5652332803235	33.6555889692798
P01499	1	52.94188694588909	40.66220826355039
P01500	1	50.30361218418806	62.75355586063971
P01501	1	59.45369345033424	54.15044995176118
P01502	1	40.80952707124047	47.77264978495862
P01503	1	41.706364521398655	65.07737773074047
P01504	1	46.16252701334851	51.18782743989759
P01505	1	34.86549393735777	65.04871403255797
P01506	1	46.32742666819535	70.4272748560383
P01507	1	50.093460614529306	33.3722869994365
P01508	1	48.07400847459169	41.23149177902494
P01509	1	35.396934170721224	60.95024441464432
P01510	1	47.12930341648819	51.69291284705031
P01511	1	74.55934168998932	53.427802270384944
P01512	1	45.67082198660341	60.66622061608947
P01513	1	54.8885648113059	60.53967059771571
P01514	1	41.98710271459393	45.104499512298304
P01515	1	34.005812040091286	51.51257597622533
P01516	1	60.230263197143245	51.42626864570525
P01517	1	28.24579863642005	68.31174222006908
P01518	1	71.3713768001178	59.059619068144606
P01519	1	72.17207846731972	47.98314211610287
P01520	1	42.857664292943156	35.78013571763743
P01521	1	56.07273931721485	30.143365731316578
P01522	1	55.89707066197643	20.73459269414722
P01523	1	59.013194616706414	63.044149100820256
P01524	1	88.35790219701971	93.76821347055977
P01525	1	59.47976307728532	23.971470169151196
P01526	1	53.34101772970664	73.8818766367019
P01527	1	39.90596093621462	47.40895676821562
P01528	1	54.283540299195664	56.06736512206044
P01529	1	41.098678821115406	44.96930608711677
P01530	1	29.185267122106897	41.12308264344283
P01531	1	43.99940180628211	42.443200264434765
P01532	1	42.245447303766916	13.518443230338463
P01533	1	60.94591174756685	47.979263986440024
P01534	1	35.13137877918643	62.3632040887849
P01535	1	15.4429332090304	59.80196860424489
P01536	1	38.025009667200194	43.701449693954046
P01537	1	42.10296253826795	52.52225270671837
P01538	1	53.98371222243702	51.707185414895534
P01539	1	57.058440607357085	42.050458328994196
P01540	1	55.092430311801564	54.7590281156211
P01541	1	44.76778112165014	42.4695741730548
P01542	1	67.52181477660633	80.64768425596472
P01543	1	59.88642911908668	61.27761720516682
P01544	1	34.869008880521555	47.18712996458092
P01545	1	46.99728306730571	59.469696341005566
P01546	1	52.27258648349098	53.09339517491272
P01547	1	36.98461248097466	50.81807919074024
P01548	1	40.903032381884145	40.146981426192205
P01549	1	47.20431613682709	62.49850803653917
P01550	1	53.9099173162325	73.79473724420603
P01551	1	56.968404582820106	53.18953681648152
P01552	1	51.11336880625069	51.72826335861903
P01553	1	42.187195351663135	48.57033218983793
P01554	1	57.23452120264923	75.38543288378085
P01555	1	37.81332465034153	54.61610299416989
P01556	1	41.908537570501736	54.876761802709304
P01557	1	53.77429793531019	57.22723726501726
P01558	1	45.6446165693878	41.168907603991954
P01559	1	39.91475188160359	47.42052982090858
P01560	1	19.885402362485785	37.1549720547592
P01561	1	64.4756701946582	58.338841770856355
P01562	1	48.498514226277166	54.554120635624045
P01563	1	76.13118941349437	42.0989352091719
P01564	1	46.25475167777175	70.71877355715198
P01565	1	39.05592409358595	23.23131508743756
P01566	1	56.153339763510814	76.09251629901247
P01567	1	59.438205717873664	66.05488281652583
P01568	1	72.02889118331336	68.49814273340691
P01569	1	42.90726218726515	66.54577933713267
P01570	1	51.07337731122041	25.359931847414163
P01571	1	50.239960161321235	41.40403856909531
P01572	1	33.17960197653777	48.37736576243553
P01573	1	56.60092263819094	46.261060654675354
P01574	1	61.34125726159296	44.89185011919638
P01575	1	71.46379730919381	66.86220227955857
P01576	1	64.42687575003893	50.137529608761895
P01577	1	55.2444435664118	75.64885620762317
P01578	1	10.528019885271995	43.584971628548864
P01579	1	67.6865462163241	41.69734610932843
P01580	1	56.84353678216012	35.62391573702663
P01581	1	38.06697913567603	35.71648212008362
P01582	1	61.46136343970875	52.459646983580726
P01583	1	40.26321839634272	74.50172692329696
P01584	1	44.41251240468894	48.90567823823634
P01585	1	61.72905668821653	57.99736723429754
P01586	1	43.667902638447245	51.63010730445082
P01587	1	23.487982609482458	38.483951292602114
P01588	1	30.053162557629683	39.23707769490559
P01589	1	38.48335688060592	74.55896191522868
P01590	1	54.74494918583461	51.82232915524552
P01591	1	56.685962277854145	51.75305693984708
P01592	1	54.49686429618633	44.74188585342122
P01593	1	47.34799646155405	51.35620818059848
P01594	1	58.84040796375182	60.71075501248502
P01595	1	43.51092821793085	35.466539624788055
P01596	1	56.738782738407096	62.02047502069754
P01597	1	41.71516501083026	47.3846994089342
P01598	1	38.44415670422289	62.5123428636371
P01599	1	38.686938536254935	44.31494909753844
P01600	1	57.6325986666323	44.97295064685569
P01601	1	48.15045047160177	47.26244497529038
P01602	1	60.519140585036425	68.54779351621588
P01603	1	59.85785852568713	46.644446932818475
P01604	1	20.321886358618187	43.65562439889024
P01605	1	47.31507497363059	57.46590862327019
P01606	1	85.92250971014631	66.3669412799225
P01607	1	70.66194299826886	47.69225595999011
P01608	1	54.92733664223082	63.52115399815457
P01609	1	39.149892071488566	55.429905547938525
P01610	1	50.75073557084101	66.38042583201064
P01611	1	48.44200442287075	53.41512588212489
P01612	1	47.65149442911414	16.92721746114347
P01613	1	63.126044306847575	77.06980574566943
P01614	1	57.00611517614354	66.72649778411595
P01615	1	25.780156683276196	68.2721608077269
P01616	1	78.01045305121016	53.432935769625786
P01617	1	44.55021321795343	32.4499258833268
P01618	1	60.94423652997193	79.15091206429547
P01619	1	34.715565732213264	36.31997627979588
P01620	1	54.60994632255348	66.64245792994048
P01621	1	27.79230254119494	46.796684784045496
P01622	1	60.81780183538997	43.74492153043469
P01623	1	56.47753557604564	69.94250274009735
P01624	1	63.866957691309906	60.21754629185955
P01625	1	55.94882469637789	62.47231085275478
P01626	1	44.82788883404483	52.84390723747108
P01627	1	47.95601346732457	29.19623755662176
P01628	1	61.875588787595575	51.1176804790688
P01629	1	44.94588001881321	27.523076378629867
P01630	1	28.479004234135527	44.90572087691768
P01631	1	51.896040771750584	26.88171827993917
P01632	1	42.791592925001154	41.48482140180022
P01633	1	59.312742459524856	77.56016089323082
P01634	1	54.84086280908978	64.76030851692768
P01635	1	61.258872545037036	71.67285392732926
P01636	1	65.39694432279035	54.21061561623153
P01637	1	42.99200599841684	40.858787508165975
P01638	1	48.790586823895595	50.58092659429039
P01639	1	47.846983650296565	52.33208513178785
P01640	1	30.455418642074576	25.171980652703372
P01641	1	35.78621660599477	35.14707151981038
P01642	1	50.9223634018434	48.66899119275437
P01643	1	33.51453778178565	82.9952853245742
P01644	1	56.065144338819444	59.29794674057735
P01645	1	42.091390981365294	57.38791463919043
P01646	1	68.82078985445878	48.03960273909959
P01647	1	34.191879208802256	26.91522294525544
P01648	1	69.51195216453145	30.216347496383825
P01649	1	58.775372392063126	57.14105063469117
P01650	1	44.43430759211178	40.55205182054644
P01651	1	45.606913270168576	41.46414559946617
P01652	1	66.02415553612262	36.63980451742572
P01653	1	59.13856178936267	50.86640910818013
P01654	1	30.079138985540354	29.887985279134423
P01655	1	50.680181263532276	56.66552795482312
P01656	1	32.46578687702481	56.01217390706411
P01657	1	27.44771034763613	48.79288387048263
P01658	1	51.746497346132145	79.51669335804263
P01659	1	58.95519135491976	42.54086839819432
P01660	1	29.183654122483528	21.52568666217518
P01661	1	40.06061955116532	59.19164210094531
P01662	1	37.19733091460891	43.98880465093633
P01663	1	48.35424669716705	46.867119815841875
P01664	1	34.834710235079555	29.936210251922006
P01665	1	62.69427220709441	45.679714591992216
P01666	1	72.8575245184367	48.33083073915082
P01667	1	44.21765130873338	42.60956393357957
P01668	1	50.324522742858335	52.73164369660442
P01669	1	37.41341970321428	62.79772800577774
P01670	1	39.02329519991833	56.92238093367619
P01671	1	64.7693501308739	60.14359840932117
P01672	1	62.201076490866896	38.09123089265714
P01673	1	65.0684008602418	48.170026278958005
P01674	1	48.895832256787685	50.02852768566546
P01675	1	40.61043300214351	29.88453425174891
P01676	1	54.93559044002911	45.88132065971327
P01677	1	63.56194545764392	53.23333483466116
P01678	1	55.51900535875869	56.97155644843427
P01679	1	46.02561042014792	62.89443373493816
P01680	1	47.14975425970725	36.668507358775365
P01681	1	42.537280811748104	64.63504654749786
P01682	1	59.580720971675454	46.39950737935031
P01683	1	55.737497951325025	46.13891954586735
P01684	1	62.258488769800366	54.60962127248433
P01685	1	71.50941958225084	59.81230721613413
P01686	1	31.85013004356018	55.37590509433957
P01687	1	53.81523945280456	39.356540564025764
P01688	1	53.42076012137372	52.630892434394
P01689	1	59.08751307825278	54.94268179312906
P01690	1	52.94631353581069	50.82392727979126
P01691	1	52.749260918616216	38.18213935071611
P01692	1	54.023380842091896	66.9491807279367
P01693	1	43.81019872093521	49.71994697293039
P01694	1	38.22915866454311	27.257864120063807
P01695	1	46.42878776930809	46.49353301488958
P01696	1	60.61045510413937	33.10284456955715
P01697	1	18.220438968829903	44.250930730357105
P01698	1	28.92224469543796	46.384950888470264
P01699	1	65.88147293903812	30.704689705446203
P01700	1	55.49458647311801	57.22197265151668
P01701	1	16.498052729362644	44.6987715071781
P01702	1	51.046557766817564	33.58312985187058
P01703	1	40.20732343398206	42.47280084977283
P01704	1	61.937449685967735	55.19096522132897
P01705	1	45.86799037940608	55.55544610809044
P01706	1	42.46554132697984	53.177325902783494
P01707	1	39.53385534671624	50.12920184369678
P01708	1	54.472497543889816	55.60810211922085
P01709	1	55.80927110635502	56.65340421111807
P01710	1	51.135671454862624	44.92455796835138
P01711	1	40.41347058952169	43.445648308809936
P01712	1	49.766997926067496	50.594646893538396
P01713	1	46.438173152381026	59.923680376802295
P01714	1	46.683547426100944	38.449780213224486
P01715	1	26.921813346100997	65.85894841747867
P01716	1	55.027289585122986	33.92718360410407
P01717	1	25.819549847080726	47.71040116312839
P01718	1	27.688002508923905	55.326800592713866
P01719	1	57.37057975459286	53.86088948263988
P01720	1	37.82544311879447	48.14884593342247
P01721	1	55.52528172446106	42.99572734734153
P01722	1	59.96519948521268	44.548527362622316
P01723	1	51.84047636550841	49.965350060688266
P01724	1	29.390598283564824	27.456546468168824
P01725	1	49.098215900753104	55.14850821260465
P01726	1	24.01065395254132	33.307851301368075
P01727	1	63.5667980802325	48.96926769625511
P01728	1	51.98646482583102	46.241260220024905
P01729	1	59.75189660762319	50.6842641230838
P01730	1	49.8653924694892	62.36607073942491
P01731	1	67.90443913842459	53.07692134885462
P01732	1	46.99351578514808	44.503474710226065
P01733	1	53.161603056161916	84.64073129129358
P01734	1	50.5091960224892	30.455188302671093
P01735	1	28.863075540436743	65.21764003836601
P01736	1	40.39113384047321	47.26007310773953
P01737	1	46.654520973202835	45.99461464487812
P01738	1	55.939151079885214	33.585392104229115
P01739	1	71.4539070620599	37.848267800615716
P01740	1	57.3225798143739	40.59285006013343
P01741	1	49.898885007180276	47.639037149887905
P01742	1	48.1520927568779	50.2436132157181
P01743	1	54.12482645815392	61.91412246790556
P01744	1	61.06716500846855	74.18721711292868
P01745	1	45.66638525370631	42.798714373205605
P01746	1	30.956188808904727	20.660735450527028
P01747	1	66.71057937329914	62.58399739733696
P01748	1	39.143860016334365	32.35128235031162
P01749	1	57.44818318133696	76.76692785762502
P01750	1	46.14704518099843	47.40679265213296
P01751	1	45.071062370932744	57.0351698702664
P01752	1	41.69551421844875	59.42517055445263
P01753	1	44.45281071523783	56.178409020722526
P01754	1	45.431415383895505	38.29910409615052
P01755	1	66.09689372576312	55.16352549546609
P01756	1	47.51756256063702	62.768526008400265
P01757	1	40.627919954017614	33.91095227589458
P01758	1	55.28175238539359	31.896794929496153
P01759	1	45.92064878109123	52.616053224661655
P01760	1	57.81976001485429	36.66320560408211
P01761	1	69.80257296891695	54.015138505863405
P01762	1	46.40025981819607	54.05970862819795
P01763	1	55.087269327334305	35.27326586132846
P01764	1	32.37270510243532	55.57666095890386
P01765	1	40.44669753525817	47.59902289493266
P01766	1	44.39538458913428	49.528595044417
P01767	1	60.75744351791159	83.02281390276103
P01768	1	71.06995576045222	59.50843019009589
P01769	1	47.214472575796194	55.39117022929827
P01770	1	51.564754902317674	59.12656592273499
P01771	1	65.55177230069899	51.64849690628583
P01772	1	48.94745804801832	62.56045470836464
P01773	1	53.23382849959998	60.95184111193913
P01774	1	57.790996434963404	52.08073223477861
P01775	1	48.616932056980964	66.55067549417164
P01776	1	60.79303886057698	43.09758636307612
P01777	1	35.80423815515191	55.87567862593896
P01778	1	24.897754623142966	48.27173563245673
P01779	1	65.33573759407211	70.94750387138846
P01780	1	41.88004813821689	42.845069324196416
P01781	1	40.295909675819914	48.50182877078112
P01782	1	62.188778506299634	33.25935575675898
P01783	1	50.842567829941885	69.30338930038334
P01784	1	38.23743590765683	63.18710311614024
P01785	1	38.7580811615731	46.53952493806677
P01786	1	30.430957114703407	57.42464865714952
P01787	1	58.72291273370702	61.37397628799929
P01788	1	57.571234196313924	54.52306346862808
P01789	1	37.55326986845906	52.679216996218756
P01790	1	59.834696415727834	56.99944483003424
P01791	1	47.03600106222126	77.81355093861669
P01792	1	59.977960040032045	44.03549419189907
P01793	1	58.814911967034746	43.8190754233422
P01794	1	54.734380884329674	62.63034688207103
P01795	1	33.81815582361734	48.73631908316909
P01796	1	51.35394496434999	59.3442198861609
P01797	1	43.507839833569186	72.55570089729721
P01798	1	55.6086957165935	49.754759464362635
P01799	1	48.86332126442298	46.8787196486552
P01800	1	51.157723671829785	62.28574443752749
P01801	1	54.07282418237747	39.44132626832448
P01802	1	67.40768091459886	82.59181574395807
P01803	1	54.409554123034056	56.71662333099132
P01804	1	58.6358479471356	61.72023607788649
P01805	1	30.209459339224253	54.38966305244889
P01806	1	48.906663168985034	39.18516758857058
P01807	1	55.229937993711225	12.089435651657155
P01808	1	70.82131755987562	62.33503060701641
P01809	1	41.517258411858926	48.00828613806836
P01810	1	24.95723191092895	45.796553565014655
P01811	1	69.06233884148931	52.6058825300977
P01812	1	65.83577653461467	48.984074837914996
P01813	1	38.5031507217614	32.83594151451107
P01814	1	43.12686064843328	62.845490466585204
P01815	1	61.50975352131896	51.354831983557546
P01816	1	47.002807838617535	51.817219805481336
P01817	1	74.85422723948064	55.73098750758786
P01818	1	17.57282980937336	72.96070270172959
P01819	1	49.681768024031726	58.27747740594908
P01820	1	43.140425541393995	75.67395208032629
P01821	1	45.95852936263587	35.21300670372624
P01822	1	59.72576702154394	60.18140181592193
P01823	1	34.631711029896024	24.41137729255128
P01824	1	52.159863794996404	34.61007580841884
P01825	1	79.56657055398857	66.76119205076618
P01826	1	51.405839355897974	51.15212231948201
P01827	1	56.20981600531337	57.70052255720345
P01828	1	26.679609068957124	45.56841144780608
P01829	1	46.28804234907946	33.88859034399762
P01830	1	41.29724794318691	66.92498204858123
P01831	1	29.929467758027396	60.45756609920999
P01832	1	52.20309355878826	46.37167296185931
P01833	1	41.66622700869975	55.43659997897643
P01834	1	43.20148253752342	55.18514109447717
P01835	1	47.518986964504	74.61385555548206
P01836	1	82.44416240446148	56.78908746879095
P01837	1	46.16522059930726	76.61783926640608
P01838	1	45.135076464653885	53.606656695459954
P01839	1	81.60669628449382	53.60109855599594
P01840	1	43.84227844867519	52.41156563214437
P01841	1	39.98614577045511	45.80595952847105
P01842	1	56.282036203849145	54.44320637539269
P01843	1	76.62575791392264	60.429061468641464
P01844	1	59.60395891439522	46.13583645568755
P01845	1	53.617502740059265	47.82529516007616
P01846	1	58.06383191115441	54.21595937242151
P01847	1	24.83991190875165	47.34722100745781
P01848	1	67.12409267891843	57.53692502426016
P01849	1	46.602519187496846	55.79299102418948
P01850	1	70.74184324860593	78.0620120626281
P01851	1	62.30719220267342	42.735100651723585
P01852	1	71.65045773631078	41.27803146359146
P01853	1	66.83004497512664	44.562759504817755
P01854	1	46.563631896654016	44.036953312586704
P01855	1	53.70230855214037	49.55668876891498
P01856	1	47.70716506578722	58.63069049413358
P01857	1	45.222487896726705	51.90113629812545
P01858	1	44.21506875364771	55.25667497452915
P01859	1	42.752671818672816	64.7300491370681
P01860	1	66.5423188547833	31.57624131397997
P01861	1	64.25780032673894	42.65836310798972
P01862	1	34.50665941630048	63.31185941327789
P01863	1	53.097428958007384	55.19510872855432
P01864	1	45.26443030804456	54.097378676930866
P01865	1	34.32157912488809	55.64146599989441
P01866	1	48.34185959064715	32.42497497911026
P01867	1	52.24914755450576	60.08150679602665
P01868	1	51.81564579933983	43.74901003317551
P01869	1	39.56676322648633	54.750844415715235
P01870	1	53.87840775119403	51.896177642428334
P01871	1	46.72925664010713	56.050035121755826
P01872	1	72.04808724336455	67.44369633556877
P01873	1	40.147865894499944	42.5366415290168
P01874	1	62.39659912325215	61.471126345383354
P01875	1	52.53941682740172	25.606570443540086
P01876	1	41.13024418141167	40.28490412637153
P01877	1	36.75625393658101	39.24606607279152
P01878	1	50.965854239505134	54.04220896271999
P01879	1	48.45883885029991	61.12510603255298
P01880	1	43.90889825958008	51.589121925767024
P01881	1	59.3384269574566	55.95868220391762
P01882	1	57.85638963944437	53.47268696950505
P01883	1	43.10256448932657	60.76260006771208
P01884	1	73.4782774979921	42.951680977899876
P01885	1	44.835992776262174	68.29265796092598
P01886	1	55.5018578035502	39.93323090353292
P01887	1	41.309229043834414	46.53616823618079
P01888	1	28.051280720329	30.42619068104318
P01889	1	46.01039169299855	49.77020223680858
P01890	1	38.19185088742126	57.058321820523474
P01891	1	41.14538981793061	68.61659788153392
P01892	1	40.0106351100387	26.573207745233674
P01893	1	48.089582110951866	61.712299088833596
P01894	1	53.30482845094143	35.43432588346441
P01895	1	48.528486946881124	49.62998033847041
P01896	1	53.85503925742032	53.94644074579891
P01897	1	73.64393726932619	41.692867741119386
P01898	1	36.08045076907997	53.09732137703066
P01899	1	52.60751229061851	61.10047552797342
P01900	1	56.055673214392	54.97825100870025
P01901	1	64.58535537267694	60.94987838565646
P01902	1	37.47717259378842	13.863369309692082
P01903	1	67.54404637591647	35.23073212168619
P01904	1	30.81941464828354	35.31176851752533
P01905	1	46.584607936812695	62.88747807603876
P01906	1	49.23414852223566	66.33137970337238
P01907	1	51.79861762943405	50.780994887919846
P01908	1	62.417074574144394	63.570326098653766
P01909	1	61.898135844922464	51.203704074515514
P01910	1	47.306366296710166	24.591017652474918
P01911	1	61.82622967119774	39.011186322609426
P01912	1	60.4303757161325	66.27495601371675
P01913	1	59.58770587057839	54.87957085501532
P01914	1	59.59904255638179	66.21418443177085
P01915	1	84.23742952655252	27.442439647382322
P01916	1	19.57555832889483	53.43613718099606
P01917	1	18.22362529201842	40.254180022668386
P01918	1	36.307525012161136	50.74719710402932
P01919	1	59.47518973133807	45.77181082463559
P01920	1	50.60983314075493	48.73095456531207
P01921	1	56.31865583790004	27.351755095279593
P01922	1	57.68565226156249	52.29405360960339
P01923	1	40.35258226919642	22.404764309473485
P01924	1	34.872512731394586	45.68770476479218
P01925	1	41.916433243319574	75.97107374140307
P01926	1	49.158375959719635	53.5577419266591
P01927	1	64.63489900446656	72.25851983899506
P01928	1	56.53324728109703	22.274012658988234
P01929	1	56.779443469492634	27.687554213334984
P01930	1	35.44670230431211	30.938756812578063
P01931	1	55.09939831041764	56.2346033769861
P01932	1	53.298310539349	48.35039046583186
P01933	1	46.026769798879776	44.84491291042173
P01934	1	43.58783570919144	50.84493641487108
P01935	1	67.41245517870146	47.54483687178291
P01936	1	54.299381600988454	26.816994414906624
P01937	1	38.64318216156154	32.855409396079736
P01938	1	37.53497968857083	42.86911796663514
P01939	1	42.24618254479454	47.02480738506284
P01940	1	58.61263544739457	55.459280563048466
P01941	1	64.04018134483123	49.27072432212177
P01942	1	54.22339839481161	45.070767086163826
P01943	1	46.701125027237524	47.85727423631297
P01944	1	55.54560455268141	65.08304012095766
P01945	1	49.255400811154665	51.82603834539935
P01946	1	68.72252174861268	49.757321041443134
P01947	1	56.589971059158	24.689155769728433
P01948	1	34.86842314508119	59.09889654611911
P01949	1	54.239372372024555	39.18908477626776
P01950	1	49.15266896228773	64.85589939320985
P01951	1	58.04723027619907	50.50069395143544
P01952	1	84.91776256366649	46.68048953419377
P01953	1	31.034024074943645	34.03950367470539
P01954	1	59.47030827529347	48.44602919112516
P01955	1	45.7770578056764	21.462321660778215
P01956	1	60.35939880290201	75.53206765515296
P01957	1	33.212003718086834	67.3089792220294
P01958	1	45.040603572943645	52.60528075933794
P01959	1	41.378744627204576	31.680732208111895
P01960	1	40.53510010825034	47.71829963389528
P01961	1	46.869197490816696	54.19424101074961
P01962	1	47.73681092937114	71.12558285342021
P01963	1	43.517107906289915	50.77033114124944
P01964	1	56.69345400365192	65.39642120414126
P01965	1	62.822037769743496	61.204167179261695
P01966	1	51.5430351236045	46.35626625832697
P01967	1	53.656278480040314	49.18554758685833
P01968	1	57.64011041987363	37.871531819986295
P01969	1	27.372354260899844	28.32141373872282
P01970	1	53.61441404917834	50.67705074626019
P01971	1	50.09840666363627	51.825473162264956
P01972	1	67.7944394185117	42.18163308672681
P01973	1	48.41239048977613	51.297918494296056
P01974	1	50.317382120282254	33.86118293205508
P01975	1	49.50929819689406	41.57062208328127
P01976	1	63.955448702536515	47.861664581243474
P01977	1	59.36043599514337	31.766253379189067
P01978	1	43.459199377736425	45.6418209945225
P01979	1	55.22215718333662	33.27312835743978
P01980	1	55.75228121804445	47.24151715137868
P01981	1	53.41913182779533	49.83514161335163
P01982	1	44.78922334827954	43.12320647184359
P01983	1	60.14617613760038	57.60830436004142
P01984	1	45.671420523609044	39.679664732279
P01985	1	48.03677107957202	68.07701999916193
P01986	1	28.50953183901239	56.37016409403573
P01987	1	41.63149517388811	51.22977616057479
P01988	1	19.731553994620363	48.29535033288754
P01989	1	44.30487271209681	36.62451250166599
P01990	1	45.62535127463914	56.953880617227114
P01991	1	38.1967390008067	53.74880816591846
P01992	1	54.4193239283101	50.55533607871339
P01993	1	47.35789943532222	55.19861652068456
P01994	1	41.3291852134765	68.21893632286476
P01995	1	74.87404988208202	69.56199417192619
P01996	1	50.2758486676514	29.95481347824255
P01997	1	56.16576576122086	59.59109400264759
P01998	1	49.09413521321267	49.375679110827335
P01999	1	50.04568691446519	61.653028338862626
P02000	1	19.31331626655977	52.11494509164725
P02001	1	43.80766791440003	48.068558963390934
P02002	1	54.65278381544239	49.947023170215
P02003	1	55.17756502403008	88.28999371796374
P02004	1	67.65198744114036	27.289463963725503
P02005	1	56.44388383639662	42.884721986412096
P02006	1	47.96927975347548	49.64053732643579
P02007	1	46.4422508224274	35.924228281714264
P02008	1	40.93279844926914	54.246232509051175
P02009	1	44.007556832427554	55.59018516252086
P02010	1	68.55187116616203	37.84975539146697
P02011	1	32.80192832635821	28.01356619993199
P02012	1	37.64446506573075	35.715220245967195
P02013	1	67.06275760976696	61.481358467955296
P02014	1	53.33135560200223	79.81215187773878
P02015	1	49.4655549694211	57.868101475941046
P02016	1	53.76958503397227	73.96572863620446
P02017	1	54.16118504046521	67.98577180561057
P02018	1	48.3803146799777	42.51052969136391
P02019	1	39.73830178690479	45.38007845900687
P02020	1	47.12640002873536	44.08305456606804
P02021	1	63.12836651827207	58.29632095513035
P02022	1	37.242002836907645	30.84760538622515
P02023	1	60.8565953865629	61.13711311076004
P02024	1	59.431079941963745	80.34331429756699
P02025	1	57.17233739581992	67.77012445027262
P02026	1	48.844435770876274	73.86909917794844
P02027	1	55.7157728682159	52.76446944737273
P02028	1	57.73593044829686	24.86200288229034
P02029	1	50.418147580635626	50.45344056749742
P02030	1	52.25474564340003	30.033882514888155
P02031	1	64.03890491611243	27.049545700191754
P02032	1	44.74693349867292	47.88790881188916
P02033	1	47.613784335584796	58.092798977898774
P02034	1	53.27976217249357	50.29300547961799
P02035	1	45.24873578080024	66.14351825869437
P02036	1	36.56023686775929	49.49884427002907
P02037	1	59.39978178235546	59.48628368933673
P02038	1	51.33026184085916	41.74423759959912
P02039	1	54.05341610666839	34.06629713435799
P02040	1	33.22271226183182	42.669424670793035
P02041	1	58.535343540410125	27.925284544870294
P02042	1	54.06133987144211	33.86218500812203
P02043	1	56.13882993877243	33.561001521926315
P02044	1	67.50852123895422	44.06299220405286
P02045	1	53.1908062373351	55.6518039740683
P02046	1	60.76176683832654	72.75951233726434
P02047	1	40.578741122888026	78.33481257023857
P02048	1	76.66324715980856	62.34102888804133
P02049	1	51.3085914362118	78.64811116366549
P02050	1	49.5271779142428	55.043419979771244
P02051	1	34.009656444414205	47.13085384673979
P02052	1	33.22868037365328	32.60443003040796
P02053	1	56.57529925886369	58.53482135934692
P02054	1	50.519747752441454	58.29854889618898
P02055	1	66.69678932900979	64.88214839465857
P02056	1	59.202205284988096	33.712025932747935
P02057	1	41.73322862081346	24.31088092306789
P02058	1	45.120952818708	45.79006995916623
P02059	1	63.4189424064557	32.326261396240554
P02060	1	45.88415892734036	35.652654527214786
P02061	1	44.60458832379892	41.923973485920534
P02062	1	48.05600124258471	40.433291391257555
P02063	1	34.53147443237664	66.2207782348298
P02064	1	55.481449306696064	42.279353918723125
P02065	1	53.07959784956869	51.40485106607044
P02066	1	62.02385927185912	42.16548645581688
P02067	1	54.286834565179625	20.075308143257438
P02068	1	36.074273733033735	48.479147091299986
P02069	1	52.69131952475071	56.79529025750443
P02070	1	33.04097319544934	28.003143334460788
P02071	1	41.46595018112046	73.05182633502233
P02072	1	45.59361522767835	69.88975282480436
P02073	1	50.271261791135586	62.49283809697423
P02074	1	57.4458813358598	39.15046757112196
P02075	1	54.24450875573996	52.216023969391316
P02076	1	54.511644553839595	73.10567926695235
P02077	1	32.83416319247884	50.26856661138918
P02078	1	54.07766633595203	41.23591864185354
P02079	1	31.968343447366788	62.28949645518415
P02080	1	62.1373672971178	44.93266603974596
P02081	1	63.26265389761833	51.05904826148687
P02082	1	65.64137303094802	62.517884642572966
P02083	1	42.16089485594351	58.85680356818922
P02084	1	68.58772172713219	46.125257259715525
P02085	1	64.83970116006327	41.05801558124909
P02086	1	37.307420570225815	37.778842907720794
P02087	1	35.21896888675831	28.804147816509918
P02088	1	46.92151358479109	54.028139921444456
P02089	1	44.12403420359938	45.90016033999328
P02090	1	46.38161350704985	49.3695148377704
P02091	1	29.757403735398874	44.50476909235424
P02092	1	52.926478140585644	47.174332396154554
P02093	1	39.166335555425235	47.6245337483132
P02094	1	79.87926379483835	59.56294905471375
P02095	1	69.3986146951934	38.15284129270815
P02096	1	40.66432884718469	46.570339274641356
P02097	1	74.89798475933613	54.498570978593285
P02098	1	50.347029832323365	59.96460515231979
P02099	1	50.667958104836615	58.15640373534348
P02100	1	54.01996787161425	62.10257955071155
P02101	1	19.93456900251689	60.15661712012083
P02102	1	47.96499804897741	39.11713934508525
P02103	1	64.07428963424557	75.8486618058778
P02104	1	49.42000115948653	45.71035596018208
P02105	1	46.89220005053588	63.593384574949795
P02106	1	60.12475087619672	28.12545917638721
P02107	1	53.98915360300282	29.47805986052881
P02108	1	57.195922538664874	43.64973471311032
P02109	1	31.76042198262516	31.1046679687541
P02110	1	53.00267577106984	66.98234997982732
P02111	1	24.16789547753983	32.160606449845815
P02112	1	33.59307879608899	56.74386669970328
P02113	1	25.126715016074293	43.218615916027176
P02114	1	38.5331674894627	45.594794603936535
P02115	1	45.5350545715912	61.48631660947121
P02116	1	44.048898445810515	40.06209171384406
P02117	1	66.5093328510471	29.602487152184334
P02118	1	39.23457328418311	20.766889620946593
P02119	1	60.73060254442564	48.09727304975716
P02120	1	51.63799850226802	50.45244889945898
P02121	1	55.355096067010095	32.861422431999124
P02122	1	56.820692223644656	51.165053713409314
P02123	1	35.89685118436123	17.02951677105024
P02124	1	72.31973858793393	70.6651953248569
P02125	1	29.390407859738197	34.974082787892954
P02126	1	57.27533745774217	26.238733328614373
P02127	1	72.2717866034597	57.34744324407635
P02128	1	45.58409905555599	56.29169602970289
P02129	1	53.78906316685889	38.82870696450704
P02130	1	58.1141840236455	45.647108533253544
P02131	1	57.62250384263132	48.08425978547932
P02132	1	31.34810305014013	57.40618998701088
P02133	1	37.524456457761715	35.76765320928169
P02134	1	31.53813341626421	59.01542721194041
P02135	1	40.856784103638276	48.631661260079596
P02136	1	27.775095041250275	25.68087817876711
P02137	1	49.01345808872851	18.385503146380614
P02138	1	63.83249549765492	21.269760484603395
P02139	1	40.614888831874644	30.85073140320666
P02140	1	48.59108717764056	76.96813889279746
P02141	1	58.486466160959814	46.4327672717622
P02142	1	41.11582301155269	47.81157318215741
P02143	1	64.16697049500056	54.22587663162183
P02144	1	64.89792463556698	38.80926616510514
P02145	1	48.838922123549644	63.17757345390353
P02146	1	58.98710637508681	51.27722045656214
P02147	1	46.5328924101315	27.498646378684388
P02148	1	34.24048266454055	38.64414921175842
P02149	1	64.72549212160986	69.53247033722482
P02150	1	90.19129501931936	58.4791153388314
P02151	1	41.87064736299668	40.38583388210774
P02152	1	65.50128363031092	36.27537322087775
P02153	1	43.518779631714175	42.915131910619436
P02154	1	66.52778378562255	51.45742912974613
P02155	1	37.00350986693099	31.527035679354064
P02156	1	61.48019107046433	56.37784564040192
P02157	1	43.00027107013846	66.17376191733798
P02158	1	46.05277411071159	41.507286628650064
P02159	1	75.41402291689279	50.89839079841873
P02160	1	61.43316304306269	74.15161369369204
P02161	1	54.33785950458351	63.286085596012605
P02162	1	30.183488433291867	32.04214601917386
P02163	1	67.92527360169237	47.06165788985364
P02164	1	40.84181506834926	50.554299174656755
P02165	1	39.29007428276322	60.02059661136452
P02166	1	66.47618478662667	69.49467146103872
P02167	1	39.74240866256941	45.486753691209415
P02168	1	47.7093936000905	48.479744074134565
P02169	1	56.416645503282815	45.3974176533924
P02170	1	29.032260515948387	48.72778478098314
P02171	1	60.82034839335195	54.076079852728355
P02172	1	76.91754550466402	46.66405870654394
P02173	1	69.13985767098828	70.49664420343487
P02174	1	42.94531283889561	37.853165609358456
P02175	1	41.57423011715009	63.73188309909282
P02176	1	40.92342844471207	64.64324588579667
P02177	1	52.93433140146081	71.69248494917514
P02178	1	46.23117466556141	49.69518151479898
P02179	1	38.83522845650356	40.661300262583744
P02180	1	43.61992535782157	39.73858324610611
P02181	1	49.68903066175769	55.19387248799256
P02182	1	44.67629236245306	57.09698666602523
P02183	1	53.39131338223797	32.012890360278234
P02184	1	51.919193752489626	46.84210397099621
P02185	1	58.73662126483297	57.32089680940131
P02186	1	53.88714553210204	57.55360191648048
P02187	1	47.946652829798296	26.928383727145437
P02188	1	46.946843483528596	66.48591098914287
P02189	1	40.64737540581082	53.93282455242614
P02190	1	41.840102419449096	41.98042232129019
P02191	1	53.762589549722435	45.90879668356764
P02192	1	39.42696526479952	53.41000839741442
P02193	1	52.562043529795545	60.48908350971507
P02194	1	53.17306882297915	48.12626674038346
P02195	1	50.28289039376554	77.5327972461576
P02196	1	42.25351546614772	38.258223180233195
P02197	1	58.82047167991489	41.511434212342515
P02198	1	60.83130949777256	48.308170022636986
P02199	1	43.23367084313962	35.80611232957902
P02200	1	59.971920379684974	36.57106787701366
P02201	1	59.30825108650726	19.02774643257515
P02202	1	39.68862137031338	59.2853735894964
P02203	1	64.17772677802327	56.2684545202661
P02204	1	26.285797724543258	55.62051070450188
P02205	1	66.2797723387336	58.64410129250564
P02206	1	42.119420103617536	30.496409935378942
P02207	1	35.286920485284504	48.31640517424928
P02208	1	63.74628227816254	68.85613159111527
P02209	1	64.50112313608074	51.38520661233504
P02210	1	54.46839174949891	68.10310364004934
P02211	1	40.64205657586069	37.079641559373954
P02212	1	47.10424118994889	62.8338588315238
P02213	1	59.58178479178099	56.28921397386344
P02214	1	64.81845982588835	65.77214601662837
P02215	1	61.884618262007876	47.65792511048188
P02216	1	46.71071201362164	49.46688634107982
P02217	1	51.47727631272452	40.74145113354498
P02218	1	47.31522189426334	55.519121265345724
P02219	1	38.40229285722926	49.87092643656667
P02220	1	51.316790032692616	30.75256243412929
P02221	1	55.54589774933499	55.527208788295354
P02222	1	26.831639024392956	42.278875050358636
P02223	1	47.84299010420448	67.9254729265096
P02224	1	66.53691776226184	46.08558112306809
P02225	1	38.02625327062607	35.583524646303296
P02226	1	51.72725304283843	44.33193818990365
P02227	1	40.5041283063668	57.2830154452512
P02228	1	69.82833202816624	69.13382671175526
P02229	1	46.32322817112601	39.91510751547906
P02230	1	38.86542839993344	51.84489377259594
P02231	1	53.552979016301215	50.62237987432327
P02232	1	34.153902189600764	52.6329474119094
P02233	1	28.968989787858995	56.44391020943833
P02234	1	53.534253400092254	38.16773695282805
P02235	1	48.72518448428392	26.246239215573063
P02236	1	57.31037169540238	47.580915715016964
P02237	1	53.00961240811839	46.68391492599608
P02238	1	64.64349189681684	66.58771771504425
P02239	1	40.190159467082985	24.54675654753909
P02240	1	48.94684947501975	60.96986273698353
P02241	1	34.62569111047239	45.40550658987114
P02242	1	50.166287632014004	66.77318179947197
P02243	1	60.61861238188083	41.221333126123234
P02244	1	27.767232096507794	49.453594504245544
P02245	1	53.83962243747624	46.90594643147444
P02246	1	51.08697923813897	31.66379354405459
P02247	1	51.62269999425031	48.96059737941949
P02248	1	39.04208782836328	42.492455037059315
P02249	1	73.78524253854154	47.562387113002075
P02250	1	72.83561389756136	57.83010567287223
P02251	1	46.270741945830885	45.536466829189614
P02252	1	55.54607777728282	50.81735448525595
P02253	1	39.02491628511728	62.4668498602648
P02254	1	50.04488258632816	31.329802917114748
P02255	1	63.17071852598077	56.684522475156996
P02256	1	49.81209237259093	51.94559239933583
P02257	1	64.90577028931341	43.616189003311256
P02258	1	45.99983017123698	74.27805836780445
P02259	1	58.601895767563484	56.89958731740577
P02260	1	58.390471325335284	47.778165364082454
P02261	1	48.86365089089961	64.13656989483518
P02262	1	47.99579078549258	32.03060624086765
P02263	1	34.07436801540853	25.95040161203837
P02264	1	54.25118208652773	69.30950511628019
P02265	1	33.5988217949664	34.650402392922174
P02266	1	42.27303550635569	65.74832266022682
P02267	1	20.788728478089	30.581228904896463
P02268	1	24.828681024438083	45.39950918802097
P02269	1	51.01946573641681	69.48391855441761
P02270	1	70.66311931192392	55.106244728392596
P02271	1	46.364120155431124	15.351307539071236
P02272	1	69.81949914437564	37.816627387579516
P02273	1	68.70931809697629	44.75287610199316
P02274	1	48.190243634829464	53.434011781802646
P02275	1	30.25534223128164	59.07384028016433
P02276	1	57.43654902240655	57.31171948975503
P02277	1	36.415544990706174	46.54442864004879
P02278	1	57.87038735168172	47.2560970258783
P02279	1	54.66524283165172	56.106720617612254
P02280	1	53.72836492866608	55.75226256279039
P02281	1	52.36346372049704	61.83784714664665
P02282	1	60.09704167295166	54.97788824187498
P02283	1	31.812291141008327	67.27069857943184
P02284	1	52.79015739939385	56.66551323234295
P02285	1	58.37703284304029	63.44123729485068
P02286	1	40.150441452915445	50.074868583232615
P02287	1	68.03290085580394	75.62611241899197
P02288	1	58.7575692009291	27.490128719936177
P02289	1	59.03025293341762	61.617575435729975
P02290	1	56.99579761731996	31.743867069039016
P02291	1	44.46791363683997	20.335604362702565
P02292	1	49.53578228240256	53.057444914870445
P02293	1	51.12162958074586	50.597873185994985
P02294	1	27.994122935773948	66.0719540282456
P02295	1	56.190190746639246	49.77279062962216
P02296	1	30.89347137939613	45.22703218652667
P02297	1	53.6159633862918	49.31274726116748
P02298	1	47.17909674453862	73.33096223809005
P02299	1	30.576769874634223	42.411642585245
P02300	1	58.276363565128264	82.33529686052262
P02301	1	42.878947558432216	40.41033700412465
P02302	1	60.45409878647481	63.31533230449402
P02303	1	23.76982506794849	60.17359041036556
P02304	1	55.46012236746569	32.566879335241296
P02305	1	43.58246617687659	53.18600778373117
P02306	1	28.53953555916165	46.08725324200347
P02307	1	73.40574323901167	65.95475156816276
P02308	1	53.851865809345824	45.03088063923974
P02309	1	67.12815256877369	44.12959153869186
P02310	1	45.77777089513805	72.47685808522616
P02311	1	76.99974849145303	50.741089700528384
P02312	1	27.4938929898565	41.5897409474968
P02313	1	45.39963315924352	24.519480879059145
P02314	1	54.29480781930716	75.86744546907101
P02315	1	49.9577040109513	64.79387822869391
P02316	1	35.89350773571583	32.543585062765146
P02317	1	37.00506691718465	49.78651867253311
P02318	1	64.9361998324258	46.02179618733564
P02319	1	19.797502698854398	28.653688079710847
P02320	1	55.67921244159127	62.76853635175513
P02321	1	77.16743048017935	59.14020947274551
P02322	1	44.114335467931085	52.859414470557006
P02323	1	81.99918390093075	36.08451477327815
P02324	1	30.265191311325527	54.65695606675825
P02325	1	24.792638512192923	30.37887923749152
P02326	1	48.98397100421776	52.817842135461625
P02327	1	43.63128845564699	56.19396856129773
P02328	1	43.72620898197037	38.31235735162719
P02329	1	52.990033899285024	56.689896222011406
P02330	1	68.45706335561813	51.235580312365926
P02331	1	67.4604594059001	51.72036227982032
P02332	1	49.55041912094769	40.089237035574115
P02333	1	23.295001047984453	49.908147898395846
P02334	1	58.342743864845545	64.66708517836932
P02335	1	69.0792862541307	31.394730329685316
P02336	1	48.828766661710965	63.85028644521205
P02337	1	49.53846870251109	36.06603937798364
P02338	1	48.513045417566204	40.671742147485716
P02339	1	63.306278742656254	63.867976832290935
P02340	1	27.343738734138597	37.60366790156708
P02341	1	32.418334204483806	54.08229442747888
P02342	1	53.0887116702571	32.66278192209974
P02343	1	56.3081680580649	49.68758148214455
P02344	1	51.05229825958618	72.9574524170944
P02345	1	60.2009150609976	62.28912360807532
P02346	1	51.72090894822867	50.34331502835626
P02347	1	36.49604581430165	59.69362497596589
P02348	1	47.786828775423814	69.62206341761139
P02349	1	46.58658410248356	56.25859406168797
P02350	1	31.600559521331217	69.97540754284336
P02351	1	56.14957747640699	74.60329552856176
P02352	1	44.589479749596535	46.775861456226885
P02353	1	67.63613256093957	48.44081244492286
P02354	1	26.155708095142607	42.89717060972808
P02355	1	52.73416717268093	54.453435907559445
P02356	1	36.38182538064218	28.834729025376767
P02357	1	49.26907044266609	52.66879282412104
P02358	1	50.46508582021186	49.99944602147448
P02359	1	59.965113970749975	60.19251715792365
P02360	1	60.6693991002291	50.14901939548343
P02361	1	50.865816504479454	45.5486877507338
P02362	1	58.42889893175037	54.93409878989085
P02363	1	42.39873114352579	47.105004742407424
P02364	1	32.043332607226105	54.51687893297515
P02365	1	51.410079409932294	46.93522349961767
P02366	1	60.77238601407411	23.02782950153682
P02367	1	38.22532251400676	53.07968402130382
P02368	1	50.943779100759414	72.39296682608929
P02369	1	85.87239637601398	98.26748152554374
P02370	1	68.98774134172105	46.1695808896924
P02371	1	53.068439877724614	39.9404096811068
P02372	1	66.15773587821269	50.312423494421026
P02373	1	54.22375336875905	56.409613932219855
P02374	1	48.720726398359076	59.11371891491264
P02375	1	48.18181809042665	68.96042094821675
P02376	1	54.31082236529352	60.96174266274043
P02377	1	29.955095573277266	50.31553576160308
P02378	1	20.922505448062175	44.58714095864173
P02379	1	49.92152911935523	38.645563115268665
P02380	1	48.585828304220215	65.6230723437813
P02381	1	38.50330490416645	23.384032723727444
P02382	1	47.420889413591766	68.75992156249949
P02383	1	42.342352539456115	67.47682466274158
P02384	1	68.83304518677556	49.06270643766259
P02385	1	44.29836889763296	44.65181414474596
P02386	1	59.31486822831909	41.105307317189876
P02387	1	56.808676116368154	46.533133769925215
P02388	1	38.947219265598214	52.40993500271467
P02389	1	35.460163340246346	40.903736184107444
P02390	1	64.54041557484844	59.85053863770959
P02391	1	61.32201894066644	49.001103316119064
P02392	1	17.283354415403398	28.974242133251746
P02393	1	55.898612019277536	60.03490321283102
P02394	1	59.55081284891992	47.99833718292022
P02395	1	51.6437009545503	37.46473455286427
P02396	1	56.03975801496457	40.0411223213428
P02397	1	50.82012740651085	33.00608665216634
P02398	1	62.894396872933775	42.92682154383616
P02399	1	47.37954772923088	37.68923019402412
P02400	1	28.733515764449876	36.29078972696442
P02401	1	35.12623539464448	29.180765547765034
P02402	1	56.437530686705976	44.06500465112206
P02403	1	41.687256768487316	50.35064945706676
P02404	1	57.19215010863367	41.86325376587986
P02405	1	57.19985949702198	34.59346723419932
P02406	1	28.785272607967975	50.21922129370293
P02407	1	67.70560201786125	53.714799985757246
P02408	1	38.38892190493568	45.047229583055696
P02409	1	53.50796219065114	41.672787928498046
P02410	1	63.97134190304011	53.89824022670569
P02411	1	53.37680476621926	41.547670382472816
P02412	1	59.009507690124394	81.99322554665719
P02413	1	28.66347128943398	57.614042018733045
P02414	1	68.4536010924553	59.39098121403913
P02415	1	36.71117623673399	50.87091451034301
P02416	1	43.2547572520955	62.18275822299036
P02417	1	54.76966681654154	64.22262338855396
P02418	1	40.632529395670375	54.87158568413972
P02419	1	59.13094235263779	43.978295440349804
P02420	1	54.94717882053239	41.50402636334027
P02421	1	22.180199349671962	59.67663139194898
P02422	1	59.12708964331114	34.524103203017816
P02423	1	47.756124409352545	48.351441665013766
P02424	1	43.61316190715472	45.69114458168687
P02425	1	45.77850412077535	40.12724708927824
P02426	1	58.094015426611215	55.31718719982633
P02427	1	59.09151658515996	57.61193215630104
P02428	1	54.67206496969255	46.53616200700961
P02429	1	39.16505238741735	58.24539813828584
P02430	1	51.628486913752724	67.25599422215726
P02431	1	79.01599287810092	62.334626082733294
P02432	1	31.570340984502817	49.799484682183795
P02433	1	31.22005694410071	40.40314855222079
P02434	1	44.18411727463755	42.01545586546283
P02435	1	70.02322112249688	60.98003813931565
P02436	1	51.90908014046992	36.90094487676805
P02437	1	43.56126913248402	58.275580737783386
P02438	1	49.76717075474629	45.692544668839886
P02439	1	58.907544214135406	63.5437800809487
P02440	1	46.75998119598281	51.72897381551759
P02441	1	60.63820747567946	52.210418273290585
P02442	1	49.107378121083826	66.63365626719995
P02443	1	47.235164947992104	52.48053961277364
P02444	1	47.05298135730786	51.12404976643104
P02445	1	47.911103988579306	70.33301074734213
P02446	1	54.984752503937344	59.43572201041154
P02447	1	72.3426764557882	50.58780228055503
P02448	1	65.64000478891963	44.98026336229104
P02449	1	27.410434159737584	24.98293059708397
P02450	1	35.90979941191485	67.99662822304644
P02451	1	73.01774242426747	65.60706885120685
P02452	1	35.098080253866264	48.940874440690436
P02453	1	48.88684049295685	38.2341891528588
P02454	1	31.280112138134513	50.98761489666829
P02455	1	74.67745371271108	46.6002356199036
P02456	1	54.30061145781889	51.18340263894582
P02457	1	67.13065250881837	62.342617155102914
P02458	1	69.76657348101827	65.03612970121043
P02459	1	38.34830704469321	59.29081724064305
P02460	1	46.58252233395301	21.1055260991372
P02461	1	51.03409927515696	56.17597950052776
P02462	1	58.96063062111338	55.07862154465778
P02463	1	38.8315707990228	49.02038842645073
P02464	1	64.89716261148293	71.22442723720172
P02465	1	54.37181587009315	42.8963651249033
P02466	1	28.692939741194408	66.52017502140546
P02467	1	37.20489902153865	76.99947374339635
P02468	1	54.06035244480464	41.75815600764293
P02469	1	45.243095983543185	49.767686090808255
P02470	1	57.057670510069805	49.52894455523377
P02471	1	25.76305902309675	55.95214719791906
P02472	1	47.675707768203644	53.04188512813143
P02473	1	59.515691720721314	43.17673114284636
P02474	1	65.37428064916656	54.31125682766073
P02475	1	34.72449337871461	38.865220238296615
P02476	1	57.135804333584296	39.9354490038915
P02477	1	53.42714486979173	68.19864379462383
P02478	1	54.22315868669973	54.45417314100411
P02479	1	49.809583725631555	33.11191871871263
P02480	1	42.694081423927386	77.35892676424888
P02481	1	37.46254533473691	32.895406137146
P02482	1	60.38901609985644	67.83920628196863
P02483	1	65.1690877516924	50.59209585890878
P02484	1	61.54312920205719	51.8642447789301
P02485	1	50.402451534971306	35.900767464668284
P02486	1	39.67787261449819	66.81183677851881
P02487	1	43.23697285742421	33.720579765341355
P02488	1	65.46071995030702	53.572729484027306
P02489	1	51.45642400624573	29.45854550777475
P02490	1	43.74963500569078	46.909544015472044
P02491	1	33.90046106123792	44.39324893064369
P02492	1	47.88859650599171	44.25116935688094
P02493	1	38.78784673259619	37.0461302137557
P02494	1	73.92254963895839	56.8296175413217
P02495	1	52.45479633910433	40.42600843523385
P02496	1	49.56067931243955	61.57424692938114
P02497	1	40.28630937070068	46.96540264357789
P02498	1	45.9921640699779	52.59280416290636
P02499	1	45.54442292593402	35.17890764021677
P02500	1	60.05130958672725	41.92304515273894
P02501	1	55.631268662913754	52.3589861100473
P02502	1	46.533511936389736	60.82897127427821
P02503	1	75.80693491579225	46.22093249900919
P02504	1	53.36297477389504	53.93949532308934
P02505	1	44.099981037582765	35.962660701023026
P02506	1	45.69914618323225	48.686335079565964
P02507	1	52.46052564275182	42.62547243385946
P02508	1	41.051826262844045	46.2681026908404
P02509	1	63.937981694975974	71.29460323044347
P02510	1	58.43813692064952	67.957777433308
P02511	1	35.88811167132479	26.894013626249258
P02512	1	49.576688175528076	45.28342365269677
P02513	1	74.05733305787483	41.96156194791629
P02514	1	51.86953606667206	43.352405345185154
P02515	1	55.41219620946627	63.10942763664468
P02516	1	36.00934035857049	41.678855915278476
P02517	1	46.50714897433557	47.23026928717051
P02518	1	35.32601765294253	41.04739428017498
P02519	1	53.077227991064404	49.972241587869505
P02520	1	52.14689646714251	45.84463356751176
P02521	1	39.45978113225617	36.86489303563279
P02522	1	31.328873848625136	58.174314167305376
P02523	1	64.25076298832047	41.87752901307244
P02524	1	42.70181805556039	33.265422954068804
P02525	1	42.57016219228172	47.37369610772379
P02526	1	32.06349628725497	57.89689912007782
P02527	1	42.801966184528084	47.32579834529478
P02528	1	22.697314279570413	39.91414031549269
P02529	1	63.15233755399249	55.50922125084184
P02530	1	40.65905779091016	31.11688357575643
P02531	1	44.77060596826196	78.80610031792864
P02532	1	45.376361604901255	56.07619229828636
P02533	1	57.645152588884024	49.81833135226867
P02534	1	49.84861691713816	29.16808799391647
P02535	1	69.90159854251543	29.296413366237633
P02536	1	67.8913016674314	42.994292054820676
P02537	1	54.26127032371676	41.94358621696183
P02538	1	62.69577500030719	47.47657032458963
P02539	1	49.248941783807695	65.54069827124722
P02540	1	54.119093432858	57.816186031970695
P02541	1	60.24898253749714	53.73715415130944
P02542	1	49.18343095638269	59.39524553353035
P02543	1	47.82791394170537	46.88955976485987
P02544	1	41.42249918859784	50.48325479254504
P02545	1	43.715483821360635	28.190180188143977
P02546	1	28.135440190610765	45.24671154346333
P02547	1	64.49971883808303	34.238599028914344
P02548	1	34.052897790467235	30.252531890015664
P02549	1	51.22720688991327	35.51216659817651
P02550	1	51.4336371782217	68.16793557908655
P02551	1	34.2390885793641	67.79558307120104
P02552	1	71.9771735339474	59.174542555939
P02553	1	34.23199341542202	55.21162452041282
P02554	1	46.77429985051301	47.23154424052051
P02555	1	53.553254389604064	64.58081200913617
P02556	1	46.10341686087657	23.920021438171496
P02557	1	51.7913243475837	49.01903563743868
P02558	1	59.28769165647163	60.328955142177406
P02559	1	47.01339221770816	64.5832843843384
P02560	1	35.38884864348625	38.14694292018337
P02561	1	52.20439840156107	40.180073498016654
P02562	1	56.480323376474075	33.31342125138436
P02563	1	28.161098921768374	38.19014365492973
P02564	1	48.8780761555087	41.612756159479005
P02565	1	57.73360319077245	63.197137799773486
P02566	1	51.84753107724321	74.95475181587915
P02567	1	51.00671447740268	58.80363498369579
P02568	1	55.54961931471297	56.64916002673334
P02569	1	47.970202864685334	43.59186799404431
P02570	1	56.69338328390202	25.637955990818007
P02571	1	53.55297151737714	70.86035828040708
P02572	1	50.21960708324591	50.08567027942142
P02573	1	53.53785264800956	56.869635793764246
P02574	1	15.309368967711379	35.89985886398667
P02575	1	45.09277499764637	44.100650780318816
P02576	1	53.211499872038495	49.07522153814086
P02577	1	36.72885319135874	47.32651655189502
P02578	1	49.35695778557895	54.46451100794634
P02579	1	59.280202460818316	83.01067698528864
P02580	1	28.137978299347136	59.472743319441236
P02581	1	27.88129356511503	56.13460752853513
P02582	1	39.38260967489923	45.14780595088411
P02583	1	51.94748645041999	57.98760188397531
P02584	1	49.31389820295735	80.18016648412552
P02585	1	53.48807097514918	31.46465514919828
P02586	1	47.715067214254155	21.222623722687402
P02587	1	30.059009719168042	68.83441613346511
P02588	1	44.787291266257924	36.2683458993169
P02589	1	30.864101228198084	61.49576211419036
P02590	1	47.37952306353929	45.72488044750788
P02591	1	64.14958448413273	55.538531809653136
P02592	1	69.02814921673662	73.88324666286009
P02593	1	42.06637270606068	53.47674669188986
P02594	1	61.121912884937935	51.41511883272817
P02595	1	40.12507121123786	28.54284670250363
P02596	1	54.66921753478724	42.57720888996653
P02597	1	67.71246907285128	46.63471543256564
P02598	1	31.070421668019492	46.9839539491653
P02599	1	36.87173621351297	30.979395565434977
P02600	1	59.141370135114954	41.437899055002546
P02601	1	57.143859795843966	56.131150334180816
P02602	1	24.846250069523318	34.85584970446748
P02603	1	67.83944252670281	60.22986774203973
P02604	1	56.327387997720756	45.22318427881879
P02605	1	64.0834359021414	41.99128506914909
P02606	1	27.49714770230948	70.67555697074403
P02607	1	44.133955674655155	46.989294483184736
P02608	1	47.90716428207849	47.59841081027416
P02609	1	52.48517526971776	61.746580848090474
P02610	1	45.44782064661958	60.35659550011773
P02611	1	31.955375931848174	54.770426685678174
P02612	1	37.36120159144641	28.393978956628533
P02613	1	35.02957303448965	53.71865600494876
P02614	1	48.9514523785098	46.87512284819671
P02615	1	31.42590581392599	48.701780817219735
P02616	1	41.256785038548635	58.219149851568176
P02617	1	56.57141392962696	50.39723818015244
P02618	1	38.714893795448226	66.61449177560904
P02619	1	44.49891544519729	66.97188562380994
P02620	1	40.56428959441533	75.37360458000659
P02621	1	60.23213944289022	53.05995633646565
P02622	1	45.276203512236926	51.890748470462114
P02623	1	37.36864849244037	23.656018435139543
P02624	1	72.06705454650364	52.442570986263576
P02625	1	62.37574800311869	47.88995859190469
P02626	1	59.459059073540494	53.23489554965836
P02627	1	37.83294045989488	49.844841014463974
P02628	1	43.090109037960694	45.19499792959144
P02629	1	65.59892617198524	61.87123944434102
P02630	1	20.32612552509267	60.90520125816072
P02631	1	43.301843577138584	65.69072242206151
P02632	1	24.90398221488256	42.968854662891694
P02633	1	64.47639147456984	38.17131742704663
P02634	1	43.28186747440781	49.91019887877479
P02635	1	29.964369410394784	39.050542687925024
P02636	1	56.90891916023859	76.95006851848295
P02637	1	51.48421945092129	49.21922988338549
P02638	1	53.45460682892198	58.83606561125431
P02639	1	57.36952244752833	50.68347949558565
P02640	1	47.89512951467658	46.39080587526249
P02641	1	17.626938721500125	28.432397899743226
P02642	1	36.15807715927482	51.61050157933466
P02643	1	50.271056133207075	60.27592023383459
P02644	1	57.43628069583667	48.551243955244274
P02645	1	44.813330786116246	36.853114948474754
P02646	1	48.891874753090654	44.741130349364234
P02647	1	48.17501385699015	35.390556970699876
P02648	1	51.39620656195779	48.456437702306054
P02649	1	45.16266849733878	52.60651812093606
P02650	1	49.265181710474835	59.383006895486574
P02651	1	66.78224680481931	38.497465625119546
P02652	1	48.84053800430429	43.66871749248778
P02653	1	76.81146936670567	57.694751285144584
P02654	1	33.77996926323425	48.84323183648524
P02655	1	40.664734368027304	54.21297116955323
P02656	1	56.38464498908386	53.05025173470905
P02657	1	43.963422764829254	37.216298197136545
P02658	1	33.78891728202401	47.405750760068535
P02659	1	47.76928391253959	38.90257749811548
P02660	1	49.7408028450049	46.15836609966312
P02661	1	59.331829015345484	52.053800490407355
P02662	1	51.26221994679191	52.505368002231386
P02663	1	40.09613788248888	40.119899764533734
P02664	1	60.90794415417024	51.95824989315061
P02665	1	49.73684860051608	56.63969817691484
P02666	1	49.521607728609226	38.303938147237645
P02667	1	48.57701374822025	41.104948596405265
P02668	1	70.32818928571153	46.80148444829538
P02669	1	54.789028220246934	43.32100969614687
P02670	1	46.49216070082228	51.166599005070815
P02671	1	48.13227327965638	42.269096055761146
P02672	1	53.33781700652535	35.77849208299099
P02673	1	38.6872692173659	38.147731285285005
P02674	1	67.23354202148813	55.718725667044666
P02675	1	40.07787669051584	48.61166091189306
P02676	1	36.877532466749585	34.186665419695714
P02677	1	61.79287672791613	36.540018146401586
P02678	1	31.91032418240012	47.743016863501225
P02679	1	24.381027908470916	41.926010356996855
P02680	1	48.655806800080434	59.559297004821154
P02681	1	40.95233584660554	45.06749678027694
P02682	1	53.38162709449002	68.79679385518803
P02683	1	50.87495117468783	56.44930003057622
P02684	1	60.20994196401493	20.788750533258536
P02685	1	36.14209209099151	55.47722435503111
P02686	1	49.75763684944815	43.90047724233444
P02687	1	58.91688830125096	31.392239011392604
P02688	1	31.168319307502575	48.9611999663133
P02689	1	54.23892533551045	55.3844575367619
P02690	1	37.905285621388444	32.63750359132436
P02691	1	62.69807659603111	67.42638848198114
P02692	1	63.2317530353017	50.52346681916062
P02693	1	62.31767076505507	43.952751288908004
P02694	1	78.38703845797815	42.76442303217968
P02695	1	39.732333085836075	52.06221396078348
P02696	1	56.707792235650345	64.07137343221163
P02697	1	27.039866467993118	64.64776924614577
P02698	1	60.39851421784001	73.94851709452392
P02699	1	42.809198144993466	39.012530802515705
P02700	1	50.81163111458181	53.85329199920111
P02701	1	70.55654033568705	49.935637549683946
P02702	1	52.42530670941544	50.75538847594342
P02703	1	30.208524463202544	26.042491641435042
P02704	1	45.43460399666466	40.26917426957232
P02705	1	57.93924151126791	35.67258076717673
P02706	1	56.11482681087786	51.066745802987306
P02707	1	65.80492052212867	57.003494543605846
P02708	1	42.25239148178158	52.5464410694748
P02709	1	38.442817020929	39.14175461501862
P02710	1	58.31770798370659	51.52192742972632
P02711	1	56.083278821422795	58.84827027026087
P02712	1	20.778076545469744	25.413407845254675
P02713	1	33.7635789191118	46.097372927006944
P02714	1	55.84254042512115	69.2665624388926
P02715	1	63.75932203206014	47.70951394823116
P02716	1	64.12713897768505	49.7209310976337
P02717	1	51.57257386496345	40.27208373905242
P02718	1	39.32770753384892	42.55876312679885
P02719	1	46.49329787889026	47.08598247404581
P02720	1	57.29118931820607	53.92097896443606
P02721	1	60.16971559009721	38.606142274400675
P02722	1	49.316955295973415	24.137614993111285
P02723	1	64.43695367315195	59.60352812666296
P02724	1	44.920023731394764	41.55616848917927
P02725	1	58.544723539453756	35.55074647381067
P02726	1	54.66177428105148	31.41661351705691
P02727	1	64.0703508537135	50.954141139376006
P02728	1	29.634816838391714	25.789208371445802
P02729	1	72.26007393330738	64.29795299063595
P02730	1	59.54769826742001	67.95598827421232
P02731	1	48.038588396258575	29.91929002753674
P02732	1	49.15326710199801	47.451643820309364
P02733	1	69.24116840191928	57.81679945778018
P02734	1	44.626645440868444	50.12145480885272
P02735	1	43.161007610317604	51.6893294557466
P02736	1	37.00753296797589	61.81601750401792
P02737	1	49.16168509570837	63.05512627772639
P02738	1	68.23298499707028	55.84403993402443
P02739	1	38.39153126808119	37.891705172816316
P02740	1	40.44379408643368	38.18474130009315
P02741	1	66.41315105359347	58.251891407932455
P02742	1	58.66314261645846	45.15179630375345
P02743	1	34.48023674695803	48.5337480121735
P02744	1	34.915779051029816	52.743012079193015
P02745	1	78.54281922053845	60.245948583275606
P02746	1	37.87699740023682	55.453338483284845
P02747	1	22.29613832458786	39.378350837951885
P02748	1	32.46424149558539	34.71056629475343
P02749	1	35.33588185344042	70.93575558293713
P02750	1	65.72330468326291	42.16128639572562
P02751	1	74.34783775493565	38.28995235179688
P02752	1	27.199493854724857	51.64051692244628
P02753	1	45.194366552224594	21.751601091825393
P02754	1	55.491634563898856	73.50376822403234
P02755	1	39.477461140647605	51.39819349668992
P02756	1	44.61254572894704	62.76940705189271
P02757	1	52.224914810265716	54.83312591430279
P02758	1	66.99834737755889	76.56453041754624
P02759	1	38.70192576654291	36.86047290955895
P02760	1	39.390683137380705	78.61723585704637
P02761	1	62.513350825428425	63.75306992886767
P02762	1	51.69712924752155	39.95998095973544
P02763	1	69.27919202723936	49.17911522160286
P02764	1	47.15687579553622	51.889486321619785
P02765	1	46.053296557135106	36.99168407274603
P02766	1	50.873223358079166	75.12919533584149
P02767	1	43.22620091025467	45.66040101626984
P02768	1	37.84220535090331	38.97893928517415
P02769	1	34.681111433877206	49.49987817057818
P02770	1	78.8552386161453	67.14936492443613
P02771	1	58.187040374738885	57.8499358925068
P02772	1	15.491555700262559	41.61726186598101
P02773	1	50.21715923957766	61.327663730974045
P02774	1	35.32695826190405	47.5325917605146
P02775	1	37.777198701679374	47.743728376002
P02776	1	44.86176300683198	49.018749476002476
P02777	1	62.26222726384052	68.04005485239794
P02778	1	52.703399870209424	41.67901314180526
P02779	1	77.17397919902476	51.48790532410452
P02780	1	38.97643757637753	34.913647585478124
P02781	1	45.292787879882404	29.080245395086177
P02782	1	58.46440188311368	50.75417318706669
P02783	1	61.995786839758935	30.237821838492696
P02784	1	56.52556791980585	35.347290433709745
P02785	1	30.895886155495745	37.076882180823176
P02786	1	26.793389031300805	32.05088318909236
P02787	1	53.776700572360774	37.99012628303031
P02788	1	58.616595990908564	52.62559103152002
P02789	1	53.276553505446095	44.047833915704544
P02790	1	61.60443174508932	30.68989618700064
P02791	1	41.815766544011986	43.18902327533908
P02792	1	49.0393569821438	52.70447418353386
P02793	1	48.15424955114704	55.81991328948608
P02794	1	36.95776619952283	60.901961194778636
P02795	1	64.95850373512457	36.9327154822828
P02796	1	59.307729647685285	51.55057437385754
P02797	1	71.43368724513725	50.05331124226128
P02798	1	53.33382779356399	48.9087484330915
P02799	1	53.3341675169114	34.41667511195635
P02800	1	58.99173626563145	41.15000202976693
P02801	1	37.25785087695154	67.61522324266434
P02802	1	69.03461821638729	79.20170716251756
P02803	1	36.65320159633239	36.78369751708798
P02804	1	47.86544439580924	26.64235387084655
P02805	1	58.1542084078207	51.13642507151187
P02806	1	45.833001779303046	48.66625702588645
P02807	1	42.96560342170792	37.01677580216564
P02808	1	43.11489662348032	44.918100123376384
P02809	1	76.16984170288323	69.43508911624363
P02810	1	49.458127557799294	46.711086072897665
P02811	1	61.32223443273123	48.04613164313834
P02812	1	52.57082930672286	65.76766407950399
P02813	1	58.57073153343954	57.70106825729227
P02814	1	58.48817853467747	65.18887210407115
P02815	1	31.834432861889848	73.24947230040819
P02816	1	64.19078811267919	48.85548334952483
P02817	1	54.27709066474416	39.6239346111447
P02818	1	49.8326470376339	47.4965770509958
P02819	1	43.68984609682834	44.408689300987085
P02820	1	71.28670464656844	54.55554825295489
P02821	1	33.25265449289968	42.99833984715893
P02822	1	44.583280358190855	66.5170570818913
P02823	1	35.46182023707655	56.45922395473096
P02824	1	64.81321623680202	51.95444795911275
P02825	1	64.09698882600244	37.02912177723974
P02826	1	49.394759003758445	13.84793512371701
P02827	1	25.87345311871372	35.91204973494261
P02828	1	44.74211239523103	79.74955220814394
P02829	1	58.81687645223701	34.902516362381405
P02830	1	58.76933124405914	59.163416324140265
P02831	1	45.23654485948479	38.41649581945897
P02832	1	42.54600458198155	53.9305881142936
P02833	1	39.875601213619696	72.74954626470475
P02834	1	29.27716195160432	42.59468456283596
P02835	1	80.43868554527795	47.23611241279692
P02836	1	35.08945625032467	48.68073221894536
P02837	1	60.175568616766405	51.383193392521065
P02838	1	61.688324183813435	47.75800130279203
P02839	1	29.964361230845817	44.2098925455371
P02840	1	57.52590125194379	58.88186404937872
P02841	1	41.19740452656533	38.16975850630322
P02842	1	40.97378390110755	43.9483453762142
P02843	1	63.28191619135635	74.91104681101329
P02844	1	57.17778379374945	55.34545991312325
P02845	1	59.4775664394794	42.30267505493085
P02846	1	28.4597822344089	53.7672349053269
P02847	1	53.159163333411946	38.37356271951793
P02848	1	43.10095591296881	60.60696808604243
P02849	1	65.64370358056372	70.19441854602911
P02850	1	37.38336566929408	68.95154178030049
P02851	1	46.536694231309255	64.6297120322436
P02852	1	64.64144744883114	46.04324554324093
P02853	1	35.78666138795783	55.55677972492644
P02854	1	66.35984224667794	59.95437168750604
P02855	1	57.49385191283241	50.68055482246546
P02856	1	56.871150795316126	49.14458473780712
P02857	1	54.51525138903891	56.780486513557776
P02858	1	43.38121341828946	54.552486161191574
P02859	1	48.416758508403504	70.24147656186898
P02860	1	21.735843229606203	51.94564866166894
P02861	1	38.60017847249869	48.32128780738262
P02862	1	31.962324339802272	37.59391123788895
P02863	1	55.69558328891887	52.69169459969365
P02864	1	39.243640622346696	66.74085071687985
P02865	1	46.00773781715281	47.537987793951324
P02866	1	73.68579669667186	50.77135109265173
P02867	1	47.422751638635816	37.20704224262954
P02868	1	30.759982077594195	38.25460462769699
P02869	1	43.268532420674596	40.524087687850304
P02870	1	54.06161025116542	50.321724726915285
P02871	1	42.51916408758794	63.56271114942033
P02872	1	34.19140442059218	42.94073307233734
P02873	1	48.29550215973867	59.82922561801202
P02874	1	50.313055054916454	57.25164154371038
P02875	1	49.50045996776199	44.87144154949115
P02876	1	47.59486485838308	42.74261497676989
P02877	1	49.69888649235351	48.4309919521461
P02878	1	43.31189490642234	45.76116563708344
P02879	1	34.55521406216373	57.86491652568297
P02880	1	60.13389101220409	57.80031547415827
P02881	1	48.78408828191766	66.85187215706696
P02882	1	58.72545921660295	42.39322218089565
P02883	1	43.77239997932968	52.43058861111391
P02884	1	52.291311949865175	58.62382863468013
P02885	1	60.38052633136666	52.712098232995864
P02886	1	32.16774347896377	40.28749472866187
P02887	1	22.205495556829362	29.62625657516292
P02888	1	43.36772809310595	41.730165254365474
P02889	1	63.97147712808465	50.11884953357718
P02890	1	33.98600031061444	45.89061481291651
P02891	1	57.07338092746178	40.00329240592452
P02892	1	54.208737080716226	44.34477894994475
P02893	1	32.06554046310811	70.13320445466391
P02894	1	45.41672439671908	52.960136776611456
P02895	1	55.653604201008676	58.72660981731859
P02896	1	38.9806421325923	62.56440686489956
P02897	1	37.621712654546435	34.820697741548805
P02898	1	60.277621260453635	55.92641957851028
P02899	1	60.86964677377198	53.349362717583624
P02900	1	38.64517968062192	59.26450862315899
P02901	1	31.98225207230948	27.142834066827884
P02902	1	32.628760242224814	48.86181284092243
P02903	1	42.78594675978036	69.62404366931268
P02904	1	74.59568631874059	42.205024153337376
P02905	1	58.42977070524438	27.17826159243946
P02906	1	30.376016171872656	58.733785875351295
P02907	1	62.33716476363621	66.388563645378
P02908	1	53.12850805652053	35.351863022972395
P02909	1	69.27268942008638	58.2905976901344
P02910	1	52.01151622609964	44.86625772723517
P02911	1	42.617129576883826	44.40347219961677
P02912	1	33.44128771301564	12.492748351309983
P02913	1	75.51269178367544	58.23398668216623
P02914	1	36.82899871148474	39.58678795100782
P02915	1	62.51954253348063	48.14195030966279
P02916	1	30.366767048576534	75.77943841344312
P02917	1	47.08083342453082	57.94306285956547
P02918	1	45.98894250074581	57.37461818305026
P02919	1	34.728989459664334	40.42291770047047
P02920	1	51.40568914442694	54.25699185933578
P02921	1	43.11527210608274	42.498310412351664
P02922	1	55.30193488669023	60.270034908200216
P02923	1	62.980385601260686	42.66261280594559
P02924	1	39.06465185684077	58.954120861609184
P02925	1	60.272241448212654	51.85438880911541
P02926	1	31.506654206402995	52.138980061943826
P02927	1	59.9231847173819	61.76412335151764
P02928	1	41.17930877968852	16.071949348457764
P02929	1	18.29225863096288	27.29252069195806
P02930	1	36.51153501710376	45.92118226611642
P02931	1	39.389600993484706	59.7932887323627
P02932	1	41.28915240275549	52.29097626129558
P02933	1	64.81892624130515	46.131891806893364
P02934	1	44.49513188442468	47.98446585523318
P02935	1	38.45867592359127	45.85486672257425
P02936	1	67.53549558267241	46.73257569727168
P02937	1	32.74216688569878	60.0722053370344
P02938	1	54.89725196562872	70.01952120785425
P02939	1	44.167462412420704	59.25371559057872
P02940	1	47.30804986438308	52.62962300992412
P02941	1	69.54994943471443	58.570983539584404
P02942	1	61.39687440089077	59.11210312254363
P02943	1	57.64854214734784	57.277609817506125
P02944	1	51.162341985760655	72.94600735696653
P02945	1	40.85009882907653	52.833738123208406
P02946	1	40.473749777163675	51.00145512163053
P02947	1	66.97010502720228	53.72926148868341
P02948	1	60.469864505008	42.91976578114686
P02949	1	48.454372774920465	30.10875081236216
P02950	1	48.49411324913183	44.6406156274534
P02951	1	38.43015328049319	68.38008629588064
P02952	1	60.03903276123397	46.44836287477922
P02953	1	49.157238751115564	44.501495620069306
P02954	1	66.39072121159057	46.07938806278823
P02955	1	56.89651269199979	53.28678231877927
P02956	1	52.73169860711378	56.322717465941864
P02957	1	46.183665389775015	52.89753238046951
P02958	1	37.02329559543956	37.91310036974403
P02959	1	60.576338005521855	29.737571133018676
P02960	1	42.602672347673796	68.311174195862
P02961	1	43.20231779077443	55.28463368845408
P02962	1	74.59049786820786	34.8745015698186
P02963	1	59.33319315905774	36.07696869928999
P02964	1	47.562946605104294	47.18126742652289
P02965	1	25.79365267474038	31.595790793588698
P02966	1	69.70061201153618	65.8542307387095
P02967	1	78.22680201089472	37.01725821998094
P02968	1	65.85438463424791	31.642317652938935
P02969	1	40.1510895244417	48.40427099169637
P02970	1	53.84736279980856	51.825481465070794
P02971	1	52.97756134722241	62.92674691225792
P02972	1	31.033841049966792	38.53173695515751
P02973	1	41.32526000991033	52.88619437706002
P02974	1	70.21606882381482	45.22993201436135
P02975	1	62.02999637182175	33.13115483877401
P02976	1	56.340401132988276	52.119562668416584
P02977	1	29.545632388263492	54.763081132644956
P02978	1	32.50926618893182	49.98409167342543
P02979	1	47.89271508764081	48.81879174310851
P02980	1	50.840701451375644	65.20470786296788
P02981	1	29.21589013620968	61.88028532341099
P02982	1	60.25885654923027	46.17589765861751
P02983	1	66.42169166618893	55.33598142747859
P02984	1	47.93640071988149	73.39121329892808
P02985	1	50.24128744344578	51.31459545676868
P02986	1	48.16317019891682	36.23843760708746
P02987	1	63.985022230307564	58.32389300867105
P02988	1	33.11582744593238	21.64116440431964
P02989	1	54.53782272232554	32.84157288924483
P02990	1	48.14632856259426	23.21736797108813
P02991	1	59.018521118996	49.894456386086745
P02992	1	33.630821905547705	48.0572511106068
P02993	1	30.308614855846606	46.37028196747275
P02994	1	42.11377854716284	45.5902628258285
P02995	1	39.4687991108691	46.889454064010344
P02996	1	55.530365077820946	51.38803299132306
P02997	1	25.317722934387657	48.82491871444879
P02998	1	59.98555306427435	46.12777075105019
P02999	1	21.792004872961122	25.59667277786782
P03000	1	40.888617252829185	57.00859025782063
P03001	1	46.31266141799132	55.86644843901626
P03002	1	66.8565956645007	57.66032914281228
P03003	1	69.96263979979905	41.50957724706944
P03004	1	30.95313375800962	55.28047061070776
P03005	1	65.67693287545916	61.40567702277833
P03006	1	63.056746120036614	54.1345800511646
P03007	1	59.97022982456777	46.862817411885096
P03008	1	19.658600771553033	39.47906454723455
P03009	1	42.47889462411202	25.58165143821599
P03010	1	49.99106017853624	36.81585666058416
P03011	1	67.37472061435078	83.95510553371118
P03012	1	34.87202267341835	39.93640633517984
P03013	1	48.005897956312666	53.28988761503456
P03014	1	50.77077219476799	43.78501055480331
P03015	1	55.957892594159716	19.009426648036683
P03016	1	51.86109873553801	62.45833234614197
P03017	1	49.1970743041133	67.24644512031247
P03018	1	49.04961915873381	29.16802231416632
P03019	1	44.42441453362865	59.12464954470714
P03020	1	70.20945651912038	48.07682211717178
P03021	1	67.35115647559334	38.56738149463271
P03022	1	29.476775171811543	31.491788997178507
P03023	1	53.1645832370571	53.57575485111604
P03024	1	41.072327487827664	54.45557386226975
P03025	1	58.722949926365025	31.868137242305366
P03026	1	61.13565173695988	48.49472417292522
P03027	1	57.02289337597981	38.478660731197344
P03028	1	51.87896628118255	36.58845440821602
P03029	1	54.90366599944315	37.66545429772766
P03030	1	36.56571204354816	92.29545847283889
P03031	1	46.50689596834616	46.19431234325707
P03032	1	55.31902254889124	49.870362188753056
P03033	1	38.669621264852246	35.53291897948629
P03034	1	57.07478939872554	53.518299121220686
P03035	1	50.082685247735796	44.820041258226375
P03036	1	49.76104215356325	37.86253626388118
P03037	1	75.71331023968064	61.82283821006741
P03038	1	32.283290951102416	57.02669968633737
P03039	1	63.64039139526723	53.235005197257905
P03040	1	43.28308526952775	33.59126714330749
P03041	1	60.362515238235474	52.163418049984294
P03042	1	45.36246467053644	50.701721966520296
P03043	1	76.70126026931658	62.566046335224385
P03044	1	62.15161817880525	52.00493011849684
P03045	1	53.625969754870326	56.45138339361348
P03046	1	61.04871796909435	76.71334666451352
P03047	1	25.377224770701122	51.24290556625869
P03048	1	53.500243079974176	27.89715816631271
P03049	1	31.31580711498772	50.283967342420695
P03050	1	87.21719482328854	78.40854456043841
P03051	1	34.70545655342466	58.61980217628846
P03052	1	77.93701203849736	58.3641663976243
P03053	1	50.49293052897933	33.12332259021812
P03054	1	42.511572164686164	63.9592882597751
P03055	1	38.62954019757895	54.615480837478295
P03056	1	48.658874157959	52.69257529685984
P03057	1	41.2524651373903	81.63219431444263
P03058	1	45.951443357366806	41.803140677403725
P03059	1	29.982732662195115	51.575054817267144
P03060	1	61.15362690272424	18.43631155711558
P03061	1	47.02393606142032	64.76906022034917
P03062	1	43.66795029829925	56.36062124833275
P03063	1	73.70860563396883	36.13116616529878
P03064	1	49.235990163675005	46.87526001967581
P03065	1	48.562364868534175	36.833930730879246
P03066	1	52.12952954303938	42.771081906221255
P03067	1	44.255205054381506	32.91224591532555
P03068	1	23.97781556754846	37.12140417304779
P03069	1	43.00175783040858	41.41387278857273
P03070	1	59.001933399951746	54.35822609693152
P03071	1	53.421102955185965	15.491125838159007
P03072	1	65.76979043947539	47.681139635789805
P03073	1	41.77717106788104	45.3276562968793
P03074	1	48.62865368611909	56.45099665837361
P03075	1	59.91215993344199	45.93351808234334
P03076	1	38.03629315601161	39.77166807001733
P03077	1	40.256605151748474	39.69222239698018
P03078	1	47.44171306707779	64.49675639659122
P03079	1	49.23254831467782	63.62469588430173
P03080	1	60.78364157161509	51.310109421648804
P03081	1	47.46151950210587	34.05064287550758
P03082	1	46.61464342331204	68.7880139636949
P03083	1	54.14713929692694	69.49397334030128
P03084	1	44.52479875620638	56.05671932044936
P03085	1	62.46443742803416	59.584955913643206
P03086	1	51.19715255422199	81.76288061332332
P03087	1	48.07491992434542	52.99004900788755
P03088	1	52.89240001984817	70.03594042833774
P03089	1	26.998277582689077	38.25320292659258
P03090	1	58.08915003530575	36.23879727525142
P03091	1	77.104954557914	73.02648982389198
P03092	1	54.04414335825833	2.667531515272797
P03093	1	31.800822634877242	68.26794191848089
P03094	1	26.411650320946542	41.9813663321362
P03095	1	37.4844006996692	49.369906737479056
P03096	1	39.4042962637437	60.772410353088056
P03097	1	60.14596990903177	59.76316856122865
P03098	1	53.438657707206254	49.694198166340385
P03099	1	63.453865843256374	66.65011345189022
P03100	1	70.58504251093862	47.223605968730446
P03101	1	60.04433852015842	86.20806394339401
P03102	1	53.20042672388284	51.33418618440154
P03103	1	42.74908488803438	20.896121630613287
P03104	1	43.90395022087669	49.94269064429351
P03105	1	42.526927126100226	64.44649320718182
P03106	1	57.80457113524128	60.58024744900868
P03107	1	41.23947748934587	34.93438867080334
P03108	1	55.2249400097003	46.74763423543815
P03109	1	42.79877092050536	46.69261087272927
P03110	1	67.15692921519117	31.92552189458933
P03111	1	28.818140729938158	64.78262895102243
P03112	1	63.63636308820056	59.4268678811298
P03113	1	39.94232064669428	42.55517311300297
P03114	1	54.48140389671099	62.13440893555229
P03115	1	60.56103394978407	58.6313250929966
P03116	1	50.736539157655145	49.93763870390831
P03117	1	50.90394532595655	76.1936397886552
P03118	1	49.966630911074155	78.70786131465246
P03119	1	51.16561138901265	53.97371628898288
P03120	1	63.55392632363247	45.67171584877134
P03121	1	29.642526847004813	50.22425916031988
P03122	1	48.358991062943666	36.17116896197412
P03123	1	50.847897562042384	63.53746551182696
P03124	1	61.55475676127931	50.43353953976383
P03125	1	40.571348581138864	56.68014999705204
P03126	1	67.13648987654848	56.89066812080872
P03127	1	47.04095555648511	37.93963783673989
P03128	1	50.72937429000218	56.930765976940364
P03129	1	24.26529501856913	33.721527649694956
P03130	1	55.25239523723509	62.5491944236811
P03131	1	27.083954841252417	27.02052274498902
P03132	1	59.21691251161073	44.5417333744113
P03133	1	38.87699247423906	42.95672625691746
P03134	1	58.40794476915856	63.30364043332061
P03135	1	21.458944909751168	60.03319667497488
P03136	1	61.956829620918114	70.23189239345687
P03137	1	64.75841947091887	34.984226679951945
P03138	1	51.88468855867306	53.10757398634272
P03139	1	63.42114615526812	46.41439541233334
P03140	1	50.42509010461317	43.391319558884994
P03141	1	55.083101490565475	40.133780431894714
P03142	1	33.39929901140006	61.46799299925861
P03143	1	60.18375622357453	86.31955839597438
P03144	1	43.54647652093712	56.526190372950744
P03145	1	58.0311255831352	73.05880069125617
P03146	1	73.16324391898571	73.96806392093141
P03147	1	48.70566235812316	55.46731566749069
P03148	1	59.205229966369124	65.17115436543962
P03149	1	20.808534229270492	63.210808432126896
P03150	1	97.24499846429887	51.896199302530924
P03151	1	53.01613768143697	63.03352417145059
P03152	1	61.85379619911525	41.888111508848226
P03153	1	53.82212280473825	41.2049742024934
P03154	1	47.83348457915334	44.65613538471332
P03155	1	57.724231682862936	46.92943985510116
P03156	1	60.95192405484336	50.54212396797941
P03157	1	53.771574729782635	42.481803219849255
P03158	1	70.16746204018963	58.08761960716369
P03159	1	63.96841733345806	44.131943424488014
P03160	1	49.656705943921835	30.7367678876138
P03161	1	22.463745547403075	43.75250083518269
P03162	1	44.19479691276342	38.51999657479094
P03163	1	57.53225595835464	37.19739488872315
P03164	1	54.62365280131599	48.34353775724445
P03165	1	54.6980227142599	67.0936505994712
P03166	1	56.86672705207564	38.379245954619165
P03167	1	66.60754275010056	55.00905995725804
P03168	1	28.210528552970818	24.835295806022877
P03169	1	50.89414309350889	52.55359434311231
P03170	1	26.976357766450953	66.64938197134924
P03171	1	47.50465048859584	54.029621275803564
P03172	1	43.64840824017944	43.06054651401311
P03173	1	67.45906350750286	51.30610643558913
P03174	1	83.09749504963537	77.33634910078307
P03175	1	40.45799132463673	43.29036468154438
P03176	1	56.05056736148696	67.11092950926094
P03177	1	36.6890743266444	71.44489876027126
P03178	1	45.6029004258814	54.31687319200634
P03179	1	74.61398697992635	40.7036258919339
P03180	1	56.616105928221174	58.9192360949648
P03181	1	38.948014881946605	24.656740378469703
P03182	1	14.677413978457992	34.36317439303969
P03183	1	30.62834321893706	32.11905654640031
P03184	1	51.091960716257596	47.82440727102309
P03185	1	42.47483531092058	41.41081242459416
P03186	1	51.658499817137944	52.680311382165
P03187	1	40.27624536905106	51.83042929086981
P03188	1	50.8242888227167	52.14786583412698
P03189	1	49.14010195932888	42.58815620058392
P03190	1	52.52106912263207	55.62931399098811
P03191	1	39.60820165742736	33.52122426357996
P03192	1	60.29508768394306	64.52768134918476
P03193	1	49.8681494547708	53.309686161519295
P03194	1	52.04012965571875	25.958229848884052
P03195	1	30.74260133791644	20.929935209647223
P03196	1	45.415499971941614	36.147355669107284
P03197	1	22.201327509826868	37.55508038546241
P03198	1	42.62449245693853	54.3702134586516
P03199	1	52.71284143778967	56.386334871900914
P03200	1	41.923698327620265	38.14078556113223
P03201	1	44.8783964513956	53.38731867885457
P03202	1	43.97526428401589	42.507321366188215
P03203	1	62.36753455947057	45.600863304375295
P03204	1	77.76948765204105	62.71357441683795
P03205	1	55.87802386171251	66.06573071790481
P03206	1	49.410839959404264	66.62823150629802
P03207	1	50.39670771943733	61.20343859144235
P03208	1	58.505946209041774	62.02204794430513
P03209	1	69.34690381976276	74.76135920428848
P03210	1	59.20785135556725	59.00880829846006
P03211	1	56.002188806343696	41.094334228041184
P03212	1	37.52024574715899	56.93625830178206
P03213	1	61.37717505011965	44.84996837789565
P03214	1	63.36190814517157	73.70417754385119
P03215	1	27.964258461054328	50.44544346935532
P03216	1	67.27409366101988	47.579544666998714
P03217	1	74.46286506920733	82.92701891244977
P03218	1	47.60467442002851	67.13059096447112
P03219	1	40.72744087738445	38.41047153373003
P03220	1	61.67465081887627	56.02173683919639
P03221	1	36.5470803574087	33.46107534072352
P03222	1	59.096365264640234	30.398997231605954
P03223	1	44.091531505403665	22.755012293351413
P03224	1	51.11184194123523	45.998799086804866
P03225	1	39.301326133358614	44.58735253087588
P03226	1	50.45653654280589	48.14372565491456
P03227	1	35.53460682216501	66.49106367298864
P03228	1	54.63302075522828	45.620147245561135
P03229	1	34.52562232998328	54.346511078853666
P03230	1	45.11764625313774	42.7984195618618
P03231	1	69.11812861132407	55.34563712481743
P03232	1	53.379193077903814	44.744345042281
P03233	1	68.3220954833048	36.98596200712351
P03234	1	47.568732391838424	46.485864135229036
P03235	1	41.20468813274051	55.48615464621665
P03236	1	36.707022272075726	58.10575648197392
P03237	1	49.93988686370659	40.601610592327305
P03238	1	52.913111647271656	48.50240095160403
P03239	1	56.000428049232184	40.9941132037685
P03240	1	54.62364092211887	44.12829294848358
P03241	1	46.808295435458234	50.2580413358925
P03242	1	48.18818044560395	63.032976574741554
P03243	1	43.46694551905288	62.18335397369117
P03244	1	43.248840704316954	57.702964659442266
P03245	1	48.35618916200432	56.51161114587894
P03246	1	60.28360653049232	65.45368002981104
P03247	1	56.97129950576087	50.480323099061096
P03248	1	70.77128140172297	56.29330883491251
P03249	1	44.42327890894571	51.61974544645908
P03250	1	58.072566801678796	37.93331582906942
P03251	1	54.48582229047968	39.66993943672356
P03252	1	34.565110953649736	75.92626317880634
P03253	1	40.17117849643089	34.5285318862948
P03254	1	65.6474260281313	10.62077868440344
P03255	1	47.66032748419974	40.78620135815458
P03256	1	49.34137025463405	53.202342773887814
P03257	1	60.473496908983975	48.12291171061956
P03258	1	47.93402856879554	61.66251118516677
P03259	1	73.10970003034188	68.14731767707296
P03260	1	57.50888227783178	69.66407509829429
P03261	1	41.11683963452779	55.42778598534072
P03262	1	37.84094936766686	64.5783509322713
P03263	1	56.74331405473657	49.22849782725805
P03264	1	28.362798700898605	49.86385122694808
P03265	1	63.83071663684457	73.01444709102003
P03266	1	54.06625381857057	53.32178072924829
P03267	1	45.18295384300942	34.02169829735804
P03268	1	77.20757601250352	51.81904158519728
P03269	1	66.4175592878076	74.17235819955673
P03270	1	65.18681889219246	73.54646870271635
P03271	1	28.717658264975555	60.00749706217639
P03272	1	46.973370120134646	45.18824577663605
P03273	1	59.93324505631724	40.20123562725167
P03274	1	22.407843767406902	62.900565611303975
P03275	1	44.230731924625736	35.865019620692394
P03276	1	45.0448837479984	77.73334227698382
P03277	1	39.29942701285401	47.699956034985405
P03278	1	25.755583639837724	44.31097440973567
P03279	1	58.4662379250303	43.198470729379494
P03280	1	40.82737719787047	33.11826260282709
P03281	1	48.910813276141845	56.934133849475074
P03282	1	74.48789728831747	73.155829777506
P03283	1	39.38243325635888	20.520694854429433
P03284	1	56.28402793973768	69.05045237383811
P03285	1	54.113440938947036	39.31486118957379
P03286	1	22.47768273641176	38.93924427991814
P03287	1	52.58933705629754	59.68917665662136
P03288	1	49.87392436563473	68.86550282849805
P03289	1	72.38244099658934	50.172223192202004
P03290	1	48.40375502988927	45.347450764494795
P03291	1	57.44134548142311	63.58296019027605
P03292	1	50.80246643752051	55.42635506608553
P03293	1	57.89157675813912	63.13145083387446
P03294	1	57.85589700342845	59.03634442955509
P03295	1	33.80898763796366	52.33614077995546
P03296	1	57.48718221324668	71.69624359644295
P03297	1	67.97136349383722	39.4500287460814
P03298	1	44.96970701869766	36.27998835870969
P03299	1	53.56785797862969	61.50798943957365
P03300	1	46.577232712321766	67.68276106882597
P03301	1	68.21095932088829	57.91576977143944
P03302	1	70.59074491759078	62.15340571952272
P03303	1	46.34762003733471	26.373626346662018
P03304	1	41.845388197068615	34.97895676912958
P03305	1	43.942483745442175	46.31031180163661
P03306	1	50.590082907423366	66.93339846045575
P03307	1	32.93394308483604	45.749058052125704
P03308	1	38.33896647505219	60.7714476332523
P03309	1	58.1821854274645	34.19230460615521
P03310	1	68.76030204287325	49.39935755889164
P03311	1	59.25221822595152	54.34145305962645
P03312	1	60.82494099868511	66.22025675930546
P03313	1	51.81647379769914	49.66213038906781
P03314	1	37.933143977617256	61.025770835978705
P03315	1	51.17305946485877	51.78148509684588
P03316	1	61.63297939161793	43.780677812398935
P03317	1	45.94516777632665	59.223357259951136
P03318	1	39.32759611047381	67.24691192860772
P03319	1	54.71635955807582	44.577717786771764
P03320	1	37.94924359772176	31.272139638763136
P03321	1	48.89706394957348	39.83959674646776
P03322	1	58.81118854695556	29.5984593348168
P03323	1	23.339330422608278	44.132358500204504
P03324	1	40.7652656228765	39.87849930580781
P03325	1	40.78702946142318	33.5639801411025
P03326	1	72.42171991816339	76.52237943258936
P03327	1	43.98506129378045	63.5017956466989
P03328	1	36.77117891291402	60.62755280861288
P03329	1	58.68406153835947	44.273416591794295
P03330	1	60.987953567840506	58.05617030493434
P03331	1	38.34712484237639	52.78860444274483
P03332	1	45.80580853119373	31.322459036299566
P03333	1	40.01094120562073	40.84905558286697
P03334	1	74.9720328052241	76.06406032887104
P03335	1	64.1100172678479	46.01317122817462
P03336	1	31.272548038912007	51.80368269510257
P03337	1	42.51167411592574	41.3437446730097
P03338	1	48.106117348579545	70.32509525923896
P03339	1	57.339465350757436	47.74245288928935
P03340	1	70.27998540253171	54.306807257608476
P03341	1	31.559881694600605	53.95237944116258
P03342	1	42.01833982466738	33.807351381389076
P03343	1	50.79454558872741	59.22911798348977
P03344	1	19.204729130118956	30.95042235375752
P03345	1	11.460288273610153	47.780190536253414
P03346	1	54.118735634099565	53.89557254786404
P03347	1	52.44328064723241	40.57598887860309
P03348	1	59.194929287139594	65.24277525168239
P03349	1	43.39753865480009	43.87009906830313
P03350	1	69.40353711336792	65.679795057459
P03351	1	58.29631783237332	75.13297404633833
P03352	1	67.96947961888665	60.5288206889212
P03353	1	52.56089912203652	54.05911181143184
P03354	1	45.651841796877505	42.739668497836284
P03355	1	71.12938429100925	55.0609515723895
P03356	1	48.987303097962226	48.431839071355554
P03357	1	60.35316122037178	39.81374126589546
P03358	1	56.7336744916688	30.435475668005555
P03359	1	66.21302219419925	41.658437212184595
P03360	1	62.15154120360372	39.593891096244654
P03361	1	38.90664975907131	51.39089626213641
P03362	1	61.40761708279492	64.85076519541784
P03363	1	47.01584561498663	36.63047470671361
P03364	1	32.104394022395034	41.4817777455592
P03365	1	49.803123273044136	33.21165721470794
P03366	1	98.95141722559362	40.995350970273876
P03367	1	41.1865082650416	41.39574487490158
P03368	1	33.02260889323716	30.864634551391685
P03369	1	31.033750695337584	52.97825682853804
P03370	1	31.86751282846022	36.835081363233044
P03371	1	74.69338951706305	53.373651981014476
P03372	1	43.387397099338884	39.92190800430232
P03373	1	17.78221821463788	37.360174050324495
P03374	1	37.46559984711425	53.07636843566942
P03375	1	29.28581163288198	53.267482147456064
P03376	1	47.9846235279752	56.71806134770843
P03377	1	55.79789681412348	23.050631183152664
P03378	1	34.964150259386045	51.07803882878527
P03379	1	41.274063793295596	46.80703755006019
P03380	1	49.99335034397365	34.1653582570118
P03381	1	82.34519533938378	53.63877452903664
P03382	1	62.896515323042024	69.66249939687367
P03383	1	47.51281569807511	54.27198237981234
P03384	1	46.288585283729056	44.18020852983759
P03385	1	56.01583506246661	60.22763525928315
P03386	1	53.071578563540044	70.50964383665408
P03387	1	55.41514041962943	70.78948751110829
P03388	1	51.6466473121734	56.84252537097697
P03389	1	49.94862469405822	39.935221782681246
P03390	1	55.23257505522875	56.862316224816894
P03391	1	68.536850689036	56.89055809667663
P03392	1	62.23534153953301	46.09093414003076
P03393	1	44.03997821088135	43.48814768463846
P03394	1	70.75676443238567	55.623081093152194
P03395	1	53.60750957411054	49.4624602084985
P03396	1	56.646068285831	62.199298006596436
P03397	1	37.48324146208993	65.58333969575197
P03398	1	51.73910968756346	33.8715035641154
P03399	1	54.12762791020943	58.93454606054871
P03400	1	58.973031549357344	40.97856256991633
P03401	1	59.27215730733869	43.35742507031025
P03402	1	37.61347163676975	51.179744289919476
P03403	1	59.445220973703705	57.763968499672536
P03404	1	61.87131257232665	62.53972439961876
P03405	1	34.759975336534765	35.03158302267334
P03406	1	60.29459699342933	35.15408146424633
P03407	1	61.50604944533768	62.65055395424122
P03408	1	35.707890152212705	62.6871638814649
P03409	1	81.22374642943922	47.99471366733249
P03410	1	49.10492371210128	67.0930394950424
P03411	1	60.341298565333396	52.785294647467246
P03412	1	46.86892202424771	66.44281518099186
P03413	1	62.480713245739665	53.85756485385166
P03414	1	40.571943094644226	45.55564534161397
P03415	1	26.65014563392716	45.5933883711765
P03416	1	47.162722496144006	42.32053323077544
P03417	1	21.551000460843614	51.13739427676575
P03418	1	68.49725656621403	55.56714641237564
P03419	1	58.39838034403033	58.91170723161259
P03420	1	34.277398581316696	30.594561893572603
P03421	1	58.86222584374942	63.42398053056178
P03422	1	39.080848645009524	70.76235740920657
P03423	1	25.049951590183156	47.318741613640576
P03424	1	37.1895074674476	45.21737696969162
P03425	1	48.535801469003495	54.591573110111284
P03426	1	53.578855352097214	40.59580649526324
P03427	1	74.13249705786714	51.394800409415865
P03428	1	32.81957234866121	59.9765505880617
P03429	1	44.93103130284081	47.11101760560449
P03430	1	51.747172191782376	44.200333211083965
P03431	1	34.1997385968271	48.06946148724914
P03432	1	66.5299615862495	45.97656916706074
P03433	1	43.59404834081458	35.4734442053389
P03434	1	47.54579636441894	36.16029309506335
P03435	1	44.38472515129336	52.1844198850647
P03436	1	26.267457008063264	26.49310104493277
P03437	1	35.4738793290058	39.076846108010265
P03438	1	58.868195908027474	38.768698935839645
P03439	1	59.65569997768955	60.035114237439096
P03440	1	46.16158590007846	73.04111303326685
P03441	1	56.5832515966811	50.38222122022569
P03442	1	35.770311326473774	67.87303341338827
P03443	1	53.180127443501995	45.547681498752105
P03444	1	67.25898945310884	53.75082517407508
P03445	1	41.95993706465882	56.175601856343995
P03446	1	46.89344239387523	52.496120362594034
P03447	1	59.07827908803215	39.62294653323357
P03448	1	60.85015254120468	36.60794829526884
P03449	1	44.337299462967124	46.10030520527627
P03450	1	62.327831874007465	52.33416168706803
P03451	1	31.576180013036094	66.49891903609429
P03452	1	57.244348394173805	52.463098289022
P03453	1	49.07075870543199	41.395636640563026
P03454	1	39.40257970659756	29.336492826657647
P03455	1	47.48548382932468	48.13171416049474
P03456	1	44.19410028014088	56.994932320050076
P03457	1	70.24072061248799	40.54751009944305
P03458	1	41.831587676186	56.6087624243426
P03459	1	39.27578181623961	23.00898801752863
P03460	1	49.05074929688435	61.961016883334715
P03461	1	66.25187275412364	55.148650893888835
P03462	1	37.93644751797904	65.55717002336809
P03463	1	64.51911858975113	43.93300630722272
P03464	1	44.622950211802625	41.147683092952064
P03465	1	64.52123425503935	43.83189578737322
P03466	1	49.11308535851977	63.86915843083085
P03467	1	54.27836841197416	66.74097575674685
P03468	1	53.825175656328284	31.753810834618093
P03469	1	53.55417271212211	42.225477212094354
P03470	1	71.743914460976	55.08231332709453
P03471	1	47.060502333500374	57.46077385171576
P03472	1	55.46566308180702	66.5401540307169
P03473	1	45.46425140923483	45.01180176612765
P03474	1	26.487864689390207	36.15087562090858
P03475	1	37.99332466379252	62.76818972331724
P03476	1	44.272680973302336	69.28562501935019
P03477	1	62.51339142021808	28.943065669067128
P03478	1	30.80746208728501	23.950845557424795
P03479	1	41.48261191956836	48.71370312196656
P03480	1	54.12151204908258	49.762325384369525
P03481	1	63.12449752221108	43.21369324994426
P03482	1	30.223087895692956	48.47922962410092
P03483	1	61.46220137724188	47.90283953233734
P03484	1	49.52245747671122	43.17671182373611
P03485	1	28.717922135154186	55.99097531228744
P03486	1	52.06881681644347	35.449315677685284
P03487	1	44.51465212890341	57.516956654367824
P03488	1	59.9029497732641	34.95914886351743
P03489	1	41.87066748395863	62.58976233122821
P03490	1	65.46165306948888	31.05663466540919
P03491	1	75.90840961123881	55.00011876978128
P03492	1	45.921203065604374	35.521372013484715
P03493	1	39.117995012439884	73.43686573424088
P03494	1	56.653697186746356	60.82262424689369
P03495	1	57.24436130941178	49.611280725976464
P03496	1	41.19370974418478	61.6985123118321
P03497	1	62.16040106467197	61.56276698056165
P03498	1	29.74879704461173	43.412969336218374
P03499	1	61.1642316201381	31.52978473569852
P03500	1	57.14491579019188	50.97804690197144
P03501	1	40.261358656647054	44.3745413619879
P03502	1	42.763417019389365	43.34460853238515
P03503	1	56.52480142010421	68.00823138774722
P03504	1	58.248345015236644	35.70444547754947
P03505	1	69.617534188069	64.67911276974746
P03506	1	69.5745434760828	64.63915328122211
P03507	1	46.47213702581774	48.41784003662082
P03508	1	49.131346644866085	55.095337933963386
P03509	1	54.206372523561456	69.84411681117983
P03510	1	56.943116126646984	50.78124538574428
P03511	1	50.45560170268819	52.296327964426034
P03512	1	45.15321496720623	8.46307852414124
P03513	1	45.7782281954727	24.31485635332643
P03514	1	59.979023711961744	60.719843205349235
P03515	1	49.52668482556443	53.83575717733614
P03516	1	55.97844690436236	34.270399837562586
P03517	1	48.833791405415944	45.53672061030574
P03518	1	70.49084362755876	35.17252361305781
P03519	1	54.340720380434156	63.73444596763352
P03520	1	20.13445105519295	48.94456783014871
P03521	1	48.27793864981838	54.99214874370143
P03522	1	35.56236117950981	30.171764972449946
P03523	1	43.84977159992148	41.0677890705019
P03524	1	48.574190603417115	54.9832432294286
P03525	1	46.604417879533685	63.17866517173823
P03526	1	48.878828980227425	76.94818517784451
P03527	1	25.42168368545072	36.436025228503674
P03528	1	45.98913277538596	59.29164923758442
P03529	1	46.39034272704415	34.682568960860486
P03530	1	44.819842979813934	29.606331893583743
P03531	1	61.41865234825664	59.234410316277085
P03532	1	71.59936475825602	57.2996908472128
P03533	1	85.27903039331578	72.95929937645313
P03534	1	68.93224926515761	65.01309295801873
P03535	1	49.43917585111562	53.06647184695653
P03536	1	38.64964051755222	34.74534310434623
P03537	1	43.97261311137457	59.079821853463294
P03538	1	43.24971331080077	16.325739431702267
P03539	1	42.475922631613294	54.138877890406484
P03540	1	50.988521141430574	58.26297096431457
P03541	1	43.2123917832302	63.93778942007108
P03542	1	47.28784476433623	60.67488055786032
P03543	1	73.72520383979364	34.36183419269387
P03544	1	26.984619478506264	36.55833955781847
P03545	1	44.89873958204946	57.810048389674385
P03546	1	35.78085950680078	70.40234855315124
P03547	1	37.1203445910476	50.769706572146205
P03548	1	37.46888799284219	35.67051264583969
P03549	1	65.02453068796086	53.17481508896087
P03550	1	46.798726825807975	41.31530681921052
P03551	1	39.27997068580666	24.245584388643582
P03552	1	35.527612453072415	53.51688929787091
P03553	1	38.249646099522415	39.047629464293955
P03554	1	50.62348230787189	42.84053125853694
P03555	1	73.07147798848042	39.23168796556051
P03556	1	51.0061125647136	55.28569712215804
P03557	1	57.208370312779195	68.44973557190889
P03558	1	69.04552389564184	30.973611011894352
P03559	1	52.539555720042216	52.80989844173391
P03560	1	56.5608561011151	44.748580076680774
P03561	1	38.98725477652007	54.063820222621075
P03562	1	53.85313902703585	45.578832201790085
P03563	1	68.53129180410315	65.73303783190893
P03564	1	43.93784181981157	41.36029282414784
P03565	1	50.44659584612519	45.8156211131656
P03566	1	52.449422723803266	63.50048897854779
P03567	1	65.1187688874319	63.41000229527394
P03568	1	45.902821178118124	34.70251572123183
P03569	1	56.819182106366306	64.59735174779816
P03570	1	40.463402049859276	60.07201546372763
P03571	1	43.52418645373598	46.23639979660596
P03572	1	52.31728886976921	46.480852943648436
P03573	1	42.17949601546448	43.38641523376838
P03574	1	47.92210403540641	66.74041507440099
P03575	1	49.87860272386716	57.82831312179085
P03576	1	51.834978851401026	49.196982392016174
P03577	1	57.0709125063609	41.75576752774519
P03578	1	73.4141657245	71.657537575854
P03579	1	71.5347556588674	49.84252236282574
P03580	1	39.41769996004534	67.57936228659092
P03581	1	35.55845335104017	50.531670050374245
P03582	1	33.021701347763724	14.607875935649082
P03583	1	69.28485302437399	75.13512869683687
P03584	1	59.35598143183714	42.744673782775095
P03585	1	62.67302375690646	59.53265281825921
P03586	1	63.494321347996916	54.24128240936927
P03587	1	64.40391873270106	51.73995104594042
P03588	1	47.730543485575424	78.18713559769068
P03589	1	74.1056693738308	68.62601319231393
P03590	1	54.098090100998036	38.0044911355572
P03591	1	24.17623346084173	40.465576389211336
P03592	1	56.83188944011418	66.14324030652632
P03593	1	63.991199216631095	56.53245108946999
P03594	1	38.928393261476444	43.667437518853994
P03595	1	47.90690484315155	52.80419945552151
P03596	1	62.76642982378948	35.3076816871385
P03597	1	46.29740648753939	47.26514069051187
P03598	1	55.81799902381506	46.978385513578345
P03599	1	47.194664417737876	26.38804952874068
P03600	1	56.22752958174693	52.40139596455529
P03601	1	49.025375514797254	68.46351063039218
P03602	1	64.89851386905599	48.092341142536355
P03603	1	46.048029613232785	43.87384169450962
P03604	1	64.12081063679186	48.070552347317886
P03605	1	43.413375175044244	64.87773093213326
P03606	1	70.48888478528355	57.75676082250319
P03607	1	33.74212710573137	51.444527344573295
P03608	1	69.8236371361716	46.026901858100466
P03609	1	74.92652599875652	63.36084048066442
P03610	1	45.30508219424661	45.412545848832764
P03611	1	38.56723695052085	60.74224074609028
P03612	1	44.03808565761704	37.74040708889764
P03613	1	52.52868056327328	56.3389738395718
P03614	1	24.481327214749975	56.340168814953884
P03615	1	38.85902575762796	39.97145255325377
P03616	1	36.74775676331526	35.66004381877789
P03617	1	37.92009042320969	44.00686755360451
P03618	1	42.334096293055765	49.016799056585945
P03619	1	33.8259992941698	66.14123077476616
P03620	1	30.25659533490971	15.669901935532053
P03621	1	41.94961480214185	61.86963560482921
P03622	1	62.725664782758116	51.98384970087805
P03623	1	24.519440273953634	32.931900294136575
P03624	1	29.60406567691112	39.15691057072658
P03625	1	25.612923276470625	34.3476052325605
P03626	1	52.1018878703336	41.66778567042065
P03627	1	49.33983654064855	45.128486035019144
P03628	1	53.09809595658311	54.335327673765455
P03629	1	43.151597420716776	52.89659946632386
P03630	1	36.74537773421635	28.41630208281048
P03631	1	57.6200089011255	37.669814104831794
P03632	1	56.591832149032236	56.20655400894226
P03633	1	46.419117500766994	66.62817390835603
P03634	1	58.015565176318695	44.520888195874264
P03635	1	54.93472553547973	35.673126877835585
P03636	1	44.2377330400782	51.189392657455315
P03637	1	45.2162080094598	32.7534443417331
P03638	1	53.608391211776194	51.30598480177833
P03639	1	49.872662502187424	53.73410396629735
P03640	1	51.30269606861835	49.10089555094667
P03641	1	54.553742824254705	66.53368723950838
P03642	1	62.85921403340473	58.151861321888234
P03643	1	50.19121121789832	33.62920029349686
P03644	1	54.751169939868	76.05384663766726
P03645	1	49.865052322936776	50.53758380515813
P03646	1	42.054586417571834	36.116770390548595
P03647	1	60.77337741787696	42.90963186312839
P03648	1	34.2690598394483	69.08011167873568
P03649	1	44.40344100898604	61.17901515366604
P03650	1	55.070254053266375	52.93768757826705
P03651	1	61.24604625150704	49.1406092681855
P03652	1	43.459749433229426	25.765734258021133
P03653	1	47.67788428285148	56.28041881304887
P03654	1	51.833535122484165	31.228184274992955
P03655	1	50.80019943833345	56.29766784088624
P03656	1	43.458322170958596	37.162761864138446
P03657	1	47.962353137218656	52.313210553372606
P03658	1	48.170965497180546	22.78763830205945
P03659	1	44.6556275274211	26.394740122147105
P03660	1	66.84143763497134	68.81956548805513
P03661	1	47.53827517044744	44.60734310999842
P03662	1	74.31013638494105	65.81038902411302
P03663	1	47.88404847084355	57.52197019514799
P03664	1	39.46062968981247	43.33346476071827
P03665	1	48.208432667632195	28.757409630973022
P03666	1	39.74381660432103	63.71454396680688
P03667	1	34.39182455725991	49.258714503348166
P03668	1	42.25388074216307	39.66239265433426
P03669	1	56.918527263645906	35.49228495772188
P03670	1	40.68108843160584	50.42770281384122
P03671	1	30.50537258699947	42.450420241104425
P03672	1	56.868905295778916	34.47916122630039
P03673	1	54.07120044919305	58.60791605852669
P03674	1	52.3595361687487	23.590386512652533
P03675	1	56.93107094250488	72.59614679609052
P03676	1	38.55649989765342	35.80602889074481
P03677	1	49.61117941853764	30.23441689641097
P03678	1	66.95985534082055	51.11970402137899
P03679	1	60.684145778731605	64.45904506915468
P03680	1	42.78443121632031	58.492570917276346
P03681	1	57.86819941435391	48.63812748510729
P03682	1	62.323921775394425	68.59866816432948
P03683	1	56.335583459177045	52.917716906013005
P03684	1	67.2269577217344	50.154746245497854
P03685	1	65.5878830367596	67.06167342625508
P03686	1	68.29377923361444	48.56111948769824
P03687	1	53.335410703329096	51.41759415481366
P03688	1	55.204436709180285	64.53885032023676
P03689	1	64.01519678975261	35.00639425910772
P03690	1	43.3261893470941	61.27854982189626
P03691	1	81.66385864449494	36.103611547712156
P03692	1	21.77865687616674	58.44488069970944
P03693	1	44.04638910187282	51.47508646541916
P03694	1	41.79120285749923	46.146093997766805
P03695	1	58.93518346336608	63.98372848666251
P03696	1	43.00277408630247	39.96013856112976
P03697	1	61.28135548571614	73.60439023059182
P03698	1	46.24167546383806	53.180721876163396
P03699	1	50.7866954004772	63.44165974499682
P03700	1	75.94068765543162	65.88842405236623
P03701	1	36.153460998773724	57.002620688245095
P03702	1	49.86093130449797	76.53684243372378
P03703	1	53.89495659618689	52.15523440022966
P03704	1	26.872287662134212	64.31448456134078
P03705	1	46.3245067858417	47.552391358501346
P03706	1	51.713469155417776	34.76613061039046
P03707	1	33.83214195929025	54.04117766936844
P03708	1	62.070210347380765	36.24364997223505
P03709	1	61.116343423904354	65.61331835002129
P03710	1	38.73368617291479	70.0104453071232
P03711	1	42.02264679139272	40.248575996311146
P03712	1	53.12736942504442	72.33066487291678
P03713	1	41.71964407037122	50.902188237312245
P03714	1	51.112158373268585	61.66599210038175
P03715	1	41.280960599601634	40.6722785473488
P03716	1	66.70063617328653	37.518827853737676
P03717	1	70.12243855008754	55.020848624495365
P03718	1	36.88754350429055	35.18697403967323
P03719	1	52.999964828581916	39.71134495694257
P03720	1	44.72445599356264	58.08055105667661
P03721	1	51.38791667017521	56.35571224740129
P03722	1	60.53484600392616	50.98520413600459
P03723	1	81.895988146748	52.224458680707386
P03724	1	76.19165535768146	62.726223960780146
P03725	1	72.6611693832882	49.89604954367025
P03726	1	35.25215946365948	46.45908212608452
P03727	1	46.570202142115875	47.67343610778649
P03728	1	20.803572969792132	38.92496778951032
P03729	1	67.45945032517731	63.021835325138376
P03730	1	52.341531312224284	47.4707946741622
P03731	1	39.140328962885626	55.44483188995264
P03732	1	46.248309488717176	33.93474495182963
P03733	1	44.3046561965811	29.190696236757077
P03734	1	66.36417456799762	63.46256810313732
P03735	1	54.266248145336036	53.99078179428694
P03736	1	37.92543480531683	54.81652565203254
P03737	1	14.590417235261384	34.60235140226032
P03738	1	64.74740229176271	57.69955525431281
P03739	1	32.3594874897416	49.58854592936443
P03740	1	34.887350808161074	42.41819788791313
P03741	1	60.29521094620641	40.5148899027876
P03742	1	43.68284012793618	53.066694864836194
P03743	1	36.72710465081915	26.529444669906397
P03744	1	59.31748718919323	56.30902897086931
P03745	1	52.85193038171809	57.37039592130225
P03746	1	73.5822858881344	46.835922228986206
P03747	1	63.23637301120581	41.00638095551745
P03748	1	38.24573556856609	34.346297365765324
P03749	1	42.64163729688881	53.44963736408121
P03750	1	52.77344209087027	48.761343200428186
P03751	1	51.23500478852623	26.725457950305383
P03752	1	46.87059388751394	39.396199548266054
P03753	1	50.18506296565743	52.657731737099134
P03754	1	57.618724919129576	59.93720185759983
P03755	1	49.9845987121977	33.60188286968676
P03756	1	43.40137591572758	52.704158974929875
P03757	1	38.07285308967088	36.891715159565145
P03758	1	55.330570523540686	87.0513087072881
P03759	1	36.58262467972648	52.50480640771878
P03760	1	44.08312389675983	43.81409480733136
P03761	1	48.37262564910574	40.973845357455204
P03762	1	27.965354186492398	54.556776127683484
P03763	1	32.705713731452526	41.7324465304941
P03764	1	52.71191571788381	57.827775184721304
P03765	1	47.73494305913512	71.42848188858558
P03766	1	53.1881407268967	43.13158845709387
P03767	1	54.25420628699129	57.19077522482452
P03768	1	51.63342124267883	50.43277856320762
P03769	1	62.07307424080305	62.04357287976519
P03770	1	44.31196891005604	62.92612710752638
P03771	1	74.12679232741803	54.35835864130074
P03772	1	74.40750175420963	68.46461222489593
P03773	1	53.07524705564156	57.07613094604579
P03774	1	67.91784420895243	51.72586733154312
P03775	1	35.206934286063316	37.51015129816234
P03776	1	57.61051552040261	55.22119119198033
P03777	1	54.26864057502678	44.989794641940605
P03778	1	66.77831940716041	38.81511319340794
P03779	1	58.361106638793075	39.78757251061434
P03780	1	56.75393375217676	48.68600776718259
P03781	1	60.41414647120337	53.7644004625216
P03782	1	65.80731539680104	58.782789663114684
P03783	1	53.79233014201728	57.518990766374266
P03784	1	64.27997139166156	67.75648569171081
P03785	1	59.857637219301495	49.44230397242396
P03786	1	39.98487029439477	51.114806576108116
P03787	1	50.29721683097972	60.66766347113771
P03788	1	56.48846233859097	45.41916597090092
P03789	1	53.59081493808182	58.80096277008241
P03790	1	61.60146509891648	71.34872998022247
P03791	1	52.04295463317906	43.558993582299586
P03792	1	42.260238612242176	41.99767089069962
P03793	1	63.22255149618861	37.639282562701716
P03794	1	51.46807794927915	30.230229766863133
P03795	1	54.01163827128267	64.1459700738265
P03796	1	61.33130491659989	60.17840579254079
P03797	1	51.185480752495565	50.94272580438399
P03798	1	54.60177129129013	59.08744394396498
P03799	1	43.797793918594294	49.197067588383064
P03800	1	59.24332275430218	45.004149846971615
P03801	1	39.96708762000657	28.723774868824336
P03802	1	55.176606762190076	77.68671095207006
P03803	1	64.38979527134158	42.108028071229526
P03804	1	41.00596691642181	32.14616820955369
P03805	1	54.784474139154916	39.95190545308525
P03806	1	38.59283174158778	45.19308343397854
P03807	1	45.00394529643315	40.53272890397461
P03808	1	29.654054456269435	46.552523308731104
P03809	1	61.00869099356987	51.6702824869163
P03810	1	42.30975167134423	38.736136065938865
P03811	1	65.19207694729911	47.6681278438803
P03812	1	63.93105594758112	65.15171051714647
P03813	1	35.892524284232934	42.45868833199997
P03814	1	33.51951110639379	40.40018675391303
P03815	1	46.72030927542915	48.623356585340645
P03816	1	31.192088249321408	52.335381221118844
P03817	1	49.51369027148211	60.9469783534213
P03818	1	60.88979405462049	40.9613708537249
P03819	1	43.86405150393849	41.03313805746069
P03820	1	58.496390630158245	58.76807090653385
P03821	1	55.13586019770917	39.619870296280254
P03822	1	58.59246721286803	47.92150675728578
P03823	1	48.67394857309799	50.487508422999966
P03824	1	41.20121195314594	53.81338980291402
P03825	1	72.75396564281226	70.60902543848943
P03826	1	49.042888953632726	62.90895291637227
P03827	1	54.68974881725219	67.9949094441022
P03828	1	56.171933619063495	55.480228212034255
P03829	1	22.961051101556485	81.56868340455516
P03830	1	33.54789426370053	51.05218318786877
P03831	1	55.71522251709976	54.41971111341648
P03832	1	70.63646444876005	85.0612037040836
P03833	1	33.328534028090296	27.92448639272049
P03834	1	38.27384680756772	72.03471698291052
P03835	1	57.479194248444614	54.929565950948486
P03836	1	51.5449690519465	51.798832524654514
P03837	1	47.81583613753494	34.55150609084662
P03838	1	58.440941901689804	55.77066800492271
P03839	1	68.79679016538347	54.4540087988757
P03840	1	45.92069427665517	38.6019226485169
P03841	1	63.80827752152143	48.47886327704609
P03842	1	67.37004389620702	55.21688644043739
P03843	1	69.80130492783522	48.08745040595939
P03844	1	39.11604914058693	45.85598524782384
P03845	1	85.43201370153251	48.26403856222394
P03846	1	54.32183023583738	41.62433581913559
P03847	1	54.49058784453898	93.75544231324929
P03848	1	61.04005384119615	63.35986683499807
P03849	1	57.81260173053202	67.44858466056067
P03850	1	28.953980196219735	47.30244380769973
P03851	1	66.06905964324302	49.93459003954766
P03852	1	67.65895997166038	46.712351153980784
P03853	1	71.2406932033509	61.09303060888115
P03854	1	54.18392284645548	61.12375797379793
P03855	1	58.2675457030314	57.684934019042146
P03856	1	61.451107299225384	72.79814079621819
P03857	1	52.157069546341404	62.6849898943705
P03858	1	67.25680902378069	52.25729033195057
P03859	1	45.09709713808581	58.81380712502486
P03860	1	49.17473999967099	50.29096223585274
P03861	1	41.32823041935879	54.2245154183816
P03862	1	47.66262483076186	43.67690961501324
P03863	1	52.567478770129995	34.22134385856085
P03864	1	31.791477567270814	19.830202864314096
P03865	1	57.62699121459322	45.41017858332881
P03866	1	38.00851562101268	59.69648602195881
P03867	1	8.805821367320306	47.02403551140189
P03868	1	50.02811064149523	41.3288075112946
P03869	1	59.29178860041779	60.35233909893743
P03870	1	35.52429414930772	34.85235635007713
P03871	1	31.810055628689508	43.91271564418456
P03872	1	68.14293497057038	66.92023274284143
P03873	1	47.69903880358801	66.0340500608649
P03874	1	39.84255830760323	66.67343216035346
P03875	1	60.030465301315296	41.29434859134566
P03876	1	46.93364993623647	66.62999246170698
P03877	1	52.43358982733389	64.01478518726495
P03878	1	69.1620026307811	51.852595123614186
P03879	1	46.8607864722635	30.817295223815208
P03880	1	65.01105063216723	47.86622731255297
P03881	1	62.8057958844277	59.805874569785765
P03882	1	55.196752952184156	56.435735625576974
P03883	1	46.38063470129531	37.97896801044227
P03884	1	65.21512490483713	50.38139656813503
P03885	1	39.494256035044444	57.1422111196614
P03886	1	46.149776478494964	66.20118996073367
P03887	1	58.080310199991686	71.46938273749501
P03888	1	71.80303310533259	74.2089328377444
P03889	1	35.85801206796862	14.893810599266391
P03890	1	66.08497153942648	28.436940838395486
P03891	1	57.60800211629535	41.840886143185145
P03892	1	54.85722463086375	55.29687014262003
P03893	1	34.238415184610695	48.90448606485823
P03894	1	39.524468530886715	56.472299099679525
P03895	1	52.05491134191838	40.735142910092804
P03896	1	54.7914112763168	42.91783742510334
P03897	1	37.30627375845936	41.04603798906435
P03898	1	61.9633382634924	49.77801261587724
P03899	1	45.30041606741709	53.044521681409236
P03900	1	36.65311449979268	32.43179774352968
P03901	1	43.45166944742372	46.209477623110004
P03902	1	59.825468167543	56.25112814692446
P03903	1	45.051343594762	42.87833256053152
P03904	1	60.16288586292402	72.18243119002605
P03905	1	39.47439634312476	47.45202518604519
P03906	1	48.13497714631864	56.547873309883364
P03907	1	50.255077035547565	27.483729550281147
P03908	1	38.93206979438483	54.586293940150085
P03909	1	29.75603115737711	45.46704405743281
P03910	1	34.18326364711783	40.645191727313005
P03911	1	45.37120336267368	42.844036721176046
P03912	1	47.69335704908638	33.36453294342783
P03913	1	37.327286348915685	49.57229990328198
P03914	1	26.271232891886317	49.20546268217874
P03915	1	50.6184973816374	69.23950545529982
P03916	1	56.00603451839425	37.47180655989586
P03917	1	49.77089321809143	38.67807207679339
P03918	1	48.897577207810606	50.55674681942509
P03919	1	44.225641202672506	51.27619907075031
P03920	1	42.919669813674865	49.43062336960571
P03921	1	56.75362368586352	38.053508836265095
P03922	1	42.22850761897943	48.07626962598707
P03923	1	37.63463986348788	69.11549693490227
P03924	1	65.37596394121269	58.51253049202529
P03925	1	54.50779097113044	66.51541506554717
P03926	1	54.63108676295039	71.27152092862231
P03927	1	52.70464102576027	64.3061691199865
P03928	1	62.34315746557914	36.10073337222042
P03929	1	72.1764122322969	51.91228446582871
P03930	1	47.936640631172246	24.378651919512137
P03931	1	40.73198985610994	39.72292650451083
P03932	1	54.73081561046024	45.198935525023565
P03933	1	31.49751391645567	36.557495751283795
P03934	1	59.30640103604354	40.76575987041813
P03935	1	57.957602993343265	51.844798762481474
P03936	1	63.021035333477094	54.23648050731824
P03937	1	65.32012626452234	36.11649207332692
P03938	1	49.84072005670153	90.94446544608527
P03939	1	56.14449151748253	42.03651316362421
P03940	1	57.90889765543663	52.123379629001995
P03941	1	35.57863217527059	42.00969121533056
P03942	1	42.51390587121365	60.31010784504644
P03943	1	34.474363617841156	55.89844078920735
P03944	1	53.219050928327	64.55664874338132
P03945	1	45.3702941154536	55.608763297382005
P03946	1	54.91109424790059	48.282863316224336
P03947	1	50.95907677394692	64.33502012553143
P03948	1	35.06388724711649	33.49611850164215
P03949	1	62.37967747817449	62.46961646346173
P03950	1	37.000682557900745	36.365481827132555
P03951	1	40.9065134351035	39.061420976908664
P03952	1	77.95372748576459	53.066087632117984
P03953	1	57.02178045645075	51.99910444870698
P03954	1	51.32968355632077	41.81618325496223
P03955	1	51.946861253898994	55.40877560363646
P03956	1	42.320004045530986	45.27902990325225
P03957	1	38.252328935575484	54.688407924114365
P03958	1	64.69990440064826	64.59380403778798
P03959	1	74.09956419431279	42.37325389202307
P03960	1	57.00178950274852	45.27317636150371
P03961	1	58.70247035032375	62.666218835433284
P03962	1	38.924185116722256	59.548455729481454
P03963	1	41.24718930437776	74.25831468200619
P03964	1	48.0001996072475	44.926439110103104
P03965	1	52.88497270548799	21.092724364773794
P03966	1	42.098412770813304	41.68123699518413
P03967	1	44.865039784307044	27.375925396985572
P03968	1	47.27928018990113	41.02135075027852
P03969	1	56.509447283381775	53.076320933915795
P03970	1	43.63514442754047	55.061321521192866
P03971	1	44.53367087098651	42.63726253392292
P03972	1	49.50631609401161	60.19113858464755
P03973	1	47.72861391867057	51.986140586173676
P03974	1	57.65467110244681	44.214972723439956
P03975	1	49.9386841139884	46.86757224851873
P03976	1	41.586680719870564	54.51635897071348
P03977	1	53.579203681032475	52.33787638883291
P03978	1	57.58141304311992	53.66537323960779
P03979	1	58.416515178866675	44.40753676892279
P03980	1	45.05566753939609	41.11196015069631
P03981	1	65.75404618003006	29.575589523257165
P03982	1	39.94875143544535	58.08183307314095
P03983	1	64.49165821067052	64.1770402281659
P03984	1	53.77050587606588	35.237202746552626
P03985	1	54.46518928497702	33.200463567906
P03986	1	28.662065350039583	30.85885140170241
P03987	1	44.87248320105089	37.89764239222859
P03988	1	84.37545657836777	59.54000107075024
P03989	1	37.834445481910436	42.50209392436168
P03990	1	39.794816090393326	46.013583302762754
P03991	1	52.85967811867384	59.4212103483899
P03992	1	52.2770521058934	58.34115455805297
P03993	1	33.601367598663	77.02614100353121
P03994	1	52.75922589175299	42.17334182589573
P03995	1	53.62309387097426	62.57531715678049
P03996	1	66.8938147927665	66.94226659767978
P03997	1	56.04542617908504	48.958490906304576
P03998	1	63.03907931811602	53.41031359987569
P03999	1	55.58644764056644	47.40925871986549
P04000	1	47.50715209349544	40.679588232079126
P04001	1	58.22789403556765	49.749604462852076
P04002	1	65.02583301860673	54.90661487266513
P04003	1	44.90279866087614	34.674144355090405
P04004	1	61.64709022607489	43.57793264289998
P04005	1	40.71021681153674	66.00657481574636
P04006	1	46.828043570272875	45.725014585737284
P04007	1	34.70495346276605	49.751775021422375
P04008	1	65.08778490560998	60.16082784350615
P04009	1	45.46914299347853	58.30285990277404
P04010	1	34.419055541600905	40.2943691591796
P04011	1	53.93172956259084	46.252318782917854
P04012	1	39.93232819435346	67.7579006156801
P04013	1	64.95696555030153	51.91657162716448
P04014	1	54.493059123924624	57.94102663252284
P04015	1	68.75673102301621	72.344442793972
P04016	1	51.56533939038966	40.52125986226734
P04017	1	49.86415068996442	68.6397816676584
P04018	1	64.2514508616644	51.384486039824054
P04019	1	44.84816409310079	34.80803948303585
P04020	1	46.655937486326884	57.95134108719893
P04021	1	49.06639325832432	42.52666563658712
P04022	1	53.35498892852253	65.74202032206412
P04023	1	59.633492458758106	58.97311002207447
P04024	1	48.14646064754742	59.685751798918275
P04025	1	53.25572710174697	48.207694262087884
P04026	1	43.922457497332644	54.39600873882618
P04027	1	61.175444177855695	55.68743844966264
P04028	1	38.03712647164265	33.82200542120885
P04029	1	56.36931225449014	58.37350465601668
P04030	1	35.60527712987901	36.45751106724171
P04031	1	40.196094056431505	58.666127711650084
P04032	1	31.899082822795126	18.447027391215173
P04033	1	65.4264838723725	57.09935972214273
P04034	1	48.20614908267335	41.89742222234784
P04035	1	36.4715326838573	32.05663008190494
P04036	1	28.560924095112544	58.166137579826696
P04037	1	58.99826643717553	77.06461878164602
P04038	1	59.48429142223163	61.04807947837956
P04039	1	39.03722496830926	48.307749183562265
P04040	1	37.608207112949316	49.47024615347067
P04041	1	59.85734084259341	40.12701607275942
P04042	1	63.4796308656163	48.408126104936755
P04043	1	44.87732030361282	56.09858699272607
P04044	1	36.405564409228695	52.52242412266966
P04045	1	47.02166079144785	46.72524773352646
P04046	1	69.75788516381824	64.6796381394888
P04047	1	64.75153192524576	49.29739942774865
P04048	1	61.06413663161181	32.91981295966953
P04049	1	46.306283129139445	47.7834495873076
P04050	1	61.0432824791314	58.509009267240366
P04051	1	47.15844152573352	53.056150535643546
P04052	1	57.96101133759957	66.70670558051502
P04053	1	62.05994552101474	46.79089501898734
P04054	1	36.572083712405075	31.62600466255903
P04055	1	54.589253080264825	71.94832241214155
P04056	1	49.496387123484624	43.18511027096578
P04057	1	25.54995940759325	19.172273368261717
P04058	1	40.14670337567581	38.85402594090252
P04059	1	62.90135507816066	56.29815305343814
P04060	1	56.8598883780757	35.30799318111397
P04061	1	43.52177407270102	25.75086507817672
P04062	1	43.49327516063185	43.605680573836125
P04063	1	42.233626471713734	39.91794632338748
P04064	1	45.06704964029987	43.343225445839785
P04065	1	46.0115982544644	47.96100316156125
P04066	1	57.24638333649452	41.98875029764437
P04067	1	53.645050541908994	52.366025213072334
P04068	1	40.740523806749245	26.450241058420968
P04069	1	75.89677726727159	37.42741875022699
P04070	1	47.26631112768893	47.869941462570715
P04071	1	68.88570299465731	32.98517100493239
P04072	1	29.48258070328106	67.26414024596218
P04073	1	32.36430630062194	61.98286119461858
P04074	1	40.31731845645247	43.255710536628094
P04075	1	47.04595208553961	44.06975727055288
P04076	1	58.512652888721476	60.69782018511975
P04077	1	56.364295310063085	74.36820844861197
P04078	1	48.45227093601763	47.78020668176998
P04079	1	58.531408194327426	52.46884071541319
P04080	1	18.38218372365718	42.347603486361116
P04081	1	36.205073429969715	33.62209000873042
P04082	1	48.841144679476834	35.90600355640191
P04083	1	35.890079753977986	30.91005564124048
P04084	1	56.198300085361055	38.12099762329142
P04085	1	50.86924198514625	53.07007997664581
P04086	1	34.540510264662124	24.928517101636398
P04087	1	61.26678915024409	63.524750215906494
P04088	1	45.697797519649065	40.11085182417013
P04089	1	33.94488038106644	52.93146361010821
P04090	1	46.77481283220396	46.38626109729525
P04091	1	49.52608987672701	61.53929918621846
P04092	1	46.54549066663573	52.46112366176611
P04093	1	33.118689166602024	50.28215585294623
P04094	1	57.783487769546305	44.90858053340398
P04095	1	34.868312643136846	63.05734158251609
P04096	1	51.32504822221307	66.90631404411454
P04097	1	42.80886852139357	86.509560660375
P04098	1	47.12960161245908	62.60346943170014
P04099	1	38.60774011463931	50.98964152238348
P04100	1	63.53816980556247	50.80641754588291
P04101	1	44.981535993825425	71.84833204748455
P04102	1	34.236647774896205	47.03074467883196
P04103	1	45.35620115143051	61.646304734091345
P04104	1	53.80527185221461	63.947213363372065
P04105	1	66.38180330374952	63.83062909735387
P04106	1	28.859436166328074	55.86008726966363
P04107	1	37.17110844652985	52.108259166061515
P04108	1	38.96186204816478	43.1924512687159
P04109	1	44.05240318766869	69.55003638360063
P04110	1	54.2501217823314	46.79235337134738
P04111	1	56.861978944708284	46.84971485795772
P04112	1	62.92174948525643	56.599065986950336
P04113	1	51.89044013572787	46.46371313833808
P04114	1	59.73279215065054	48.99775756532898
P04115	1	56.98293108416043	52.503221229811935
P04116	1	48.79980217256483	42.78928302831537
P04117	1	52.8719890535302	23.177804830564714
P04118	1	58.333067402518736	37.20345836748914
P04119	1	36.97979879985419	43.50319949099564
P04120	1	38.57347933921302	40.20103568603688
P04121	1	40.05582169174533	47.41499276293732
P04122	1	32.673525885203574	35.57091727283572
P04123	1	63.388371380309536	33.56178653102578
P04124	1	47.57437359689596	59.1432255194702
P04125	1	40.597524794593774	61.90996284575863
P04126	1	55.59042833994508	53.124592056045984
P04127	1	46.64554055381629	47.624221699648736
P04128	1	40.72862045382601	64.45391333614988
P04129	1	59.37237920739864	84.8103695095258
P04130	1	37.159838969830865	59.689652882501825
P04131	1	48.37002063847461	60.2268303879274
P04132	1	28.163134815261895	11.906613474731978
P04133	1	43.94207270184648	59.17760227632153
P04134	1	64.05776466791067	42.7792582742054
P04135	1	65.98556684291196	74.16209105076304
P04136	1	50.337400444905086	19.865781628299242
P04137	1	38.67399405565426	60.30078464971575
P04138	1	69.38707154501174	47.89269412817771
P04139	1	50.2755524798292	45.64799212281338
P04140	1	43.57917361938234	47.106253963580386
P04141	1	65.60651377199515	60.61449689314631
P04142	1	56.409289476140046	70.56819305206714
P04143	1	36.6040355897612	39.916674929628506
P04144	1	54.332863314052936	64.05952899808474
P04145	1	51.10198270853048	31.384474929856715
P04146	1	22.012540064087265	29.461224854059626
P04147	1	80.47986566646249	72.52198445276075
P04148	1	42.42583319609492	58.09872419123496
P04149	1	60.2383120803418	48.854757722592666
P04150	1	52.52720843856816	25.21717650553611
P04151	1	58.37128735675619	33.57123105664872
P04152	1	46.12361309662602	42.07240412066149
P04153	1	55.21220339497175	32.75315913632792
P04154	1	28.16249156240587	32.028710223924826
P04155	1	40.10251962467086	38.183707313736186
P04156	1	52.942649516661085	48.126965179416125
P04157	1	40.41960245875234	51.907781686687905
P04158	1	38.256144949686025	36.76313948838312
P04159	1	28.37005913755582	37.204613312171425
P04160	1	62.852521520555634	39.5955194249582
P04161	1	55.57264420062325	58.43456724892727
P04162	1	28.34096694173608	39.900063531143836
P04163	1	40.279783286570556	44.02555727367577
P04164	1	66.47179289463914	48.731606947272
P04165	1	62.606583687780024	53.24845866650658
P04166	1	50.90625063665603	65.64538311505868
P04167	1	46.03002807188097	33.54512959251431
P04168	1	25.760802733166624	42.52309807191533
P04169	1	35.403214696944886	59.68686372933539
P04170	1	69.20519272133691	49.896512175334195
P04171	1	64.83964703779401	60.10820169034132
P04172	1	42.09999447901505	37.316902505240755
P04173	1	54.81967443383648	66.90278343404178
P04174	1	43.263334702188864	54.831622602548634
P04175	1	60.21064109829615	54.91693010462508
P04176	1	48.74657724637943	51.67924852259425
P04177	1	42.62663146419164	54.176439903440595
P04178	1	71.25778518728862	63.112955789052165
P04179	1	43.13550553412291	84.3848095048098
P04180	1	62.94545790710398	43.37365568216467
P04181	1	49.05527565989489	33.381966218432844
P04182	1	65.39912027206051	53.98440791841869
P04183	1	62.609332035765824	58.894690975971116
P04184	1	59.492126240247416	18.817713834945835
P04185	1	33.956061955299255	37.47347930083776
P04186	1	38.85421668707713	43.71422679769083
P04187	1	58.94761865435829	67.97507284955148
P04188	1	46.326578911855854	42.42731891457448
P04189	1	7.598644590360905	57.82941203967724
P04190	1	56.665225397962004	49.72475957799759
P04191	1	64.44041329819737	39.601810203447414
P04192	1	51.10772902672904	58.96367118413538
P04193	1	50.54676614374515	63.36277327679679
P04194	1	34.19392650366842	44.012369917833055
P04195	1	34.63395503616731	55.87248742090246
P04196	1	34.9796444133914	60.740119252001556
P04197	1	33.460836826150114	38.64833906784058
P04198	1	53.37604918156306	39.46907547436236
P04199	1	32.89022840145818	30.29191621346103
P04200	1	52.52666284266344	47.9245177779577
P04201	1	46.64668876419191	56.05703482991774
P04202	1	55.63300003692011	62.817172329603935
P04203	1	53.31655955866203	33.2518027138892
P04204	1	64.45932844000079	72.37114859022104
P04205	1	35.96683540782619	45.932198939624904
P04206	1	41.97936883536295	60.97236119674461
P04207	1	53.48395094860043	47.37910935836679
P04208	1	37.83770076599281	49.771188746222535
P04209	1	68.32738938420285	45.48604436609785
P04210	1	41.06718370372385	71.35175805357994
P04211	1	63.15927698844082	51.86988845593346
P04212	1	38.43547533048163	51.43282340190007
P04213	1	40.04599359667518	78.8323591412364
P04214	1	39.327644006945	56.45579707578071
P04215	1	56.870406054862364	55.753804498777
P04216	1	52.14180633204004	35.83824386310025
P04217	1	66.04517939787328	42.331072330062966
P04218	1	38.6139631060736	52.7875032251657
P04219	1	34.25772163980548	26.590868831222213
P04220	1	54.05582564879148	59.272839164530744
P04221	1	57.60385441782321	65.89590991881997
P04222	1	49.79534260480923	54.31080230083538
P04223	1	23.842865287697588	34.5553839909314
P04224	1	37.14213969445571	40.105337235223956
P04225	1	65.7846805600958	60.525752793036204
P04226	1	49.86664557515481	48.71387005094259
P04227	1	59.750746352842555	75.6345389429602
P04228	1	44.53922975419873	51.937949126187654
P04229	1	44.453151003709536	35.66860536457341
P04230	1	42.36385272257026	21.485008256446054
P04231	1	33.884218488386985	58.863749785696704
P04232	1	52.668763983847725	52.91000621055529
P04233	1	65.16501433525006	31.771155521826287
P04234	1	65.0233997684851	40.49344826892851
P04235	1	60.67458120854948	51.94844361766722
P04236	1	48.63125261153044	28.583428908353905
P04237	1	53.14778899063177	35.4135207588993
P04238	1	53.25182722263531	62.557816237979154
P04239	1	54.71172897918176	41.948019876073225
P04240	1	41.92187760120117	68.75003214407342
P04241	1	55.04024988856462	36.8142197499116
P04242	1	71.02555613206479	56.25608994353969
P04243	1	59.34337748584933	67.03325771423103
P04244	1	46.968313221084216	43.32464404996561
P04245	1	44.487052034974724	52.92413854930674
P04246	1	39.83407113049447	46.35273239096416
P04247	1	48.736781466829505	50.621853441859784
P04248	1	50.356442736132024	51.80016920023653
P04249	1	53.088003089662855	50.30586501547679
P04250	1	53.43778397831646	35.80304770235572
P04251	1	58.58081133387061	49.76464520859835
P04252	1	64.7477846526778	37.092358377484985
P04253	1	62.21061835848119	56.79622425720547
P04254	1	55.73751123398345	40.52390641045811
P04255	1	39.72292974952835	42.32226027562848
P04256	1	53.2933673375256	35.09520633810402
P04257	1	29.025851531481457	63.18536661630754
P04258	1	80.88624857578297	54.78668590280038
P04259	1	45.79302782586825	42.44679886728549
P04260	1	30.298102368114463	55.86310590357361
P04261	1	28.645752656939806	16.41701207509634
P04262	1	59.74329983738659	42.612194576295124
P04263	1	47.396161419762436	23.943590974344083
P04264	1	43.82717094637354	58.433198246103224
P04265	1	34.25054981791561	50.53104956118314
P04266	1	42.37311588786015	37.71236641735839
P04267	1	31.787981464655637	45.877973749765694
P04268	1	57.494215899157524	47.039611810975295
P04269	1	48.91980341406039	53.980226487528746
P04270	1	62.08855056205384	54.895425094499984
P04271	1	51.15868318360365	40.0849800234428
P04272	1	35.31722097795128	38.95597596952992
P04273	1	43.59084858790712	73.90887845130258
P04274	1	75.88591878932114	58.534577174108925
P04275	1	36.202863358891676	18.07074627340128
P04276	1	47.18905779907467	52.01453084983362
P04277	1	29.836071457547508	70.67574089004546
P04278	1	30.29584804959626	54.550321781535075
P04279	1	59.451718596999655	62.74743854542765
P04280	1	67.94992909508827	44.593352518667366
P04281	1	51.87420978315539	73.00069902329977
P04282	1	68.81443945916875	66.75972693450879
P04283	1	56.98997371910449	58.45730901137389
P04284	1	67.4592059634447	56.34846058662091
P04285	1	45.21629414605281	41.82102386189724
P04286	1	41.235169446660876	61.10377526974701
P04287	1	34.05635105538978	44.36828718097597
P04288	1	46.155523640869944	47.111515727632394
P04289	1	52.87607862250938	45.97038939372882
P04290	1	36.58469803883735	42.45310207217062
P04291	1	82.19230386163443	54.376228997247
P04292	1	50.57238333464959	42.90231590475704
P04293	1	36.841696028230075	32.946497069725616
P04294	1	54.94354626556446	33.202771125344675
P04295	1	52.17152673205849	47.4925548609595
P04296	1	33.83567306006596	48.5869428158402
P04297	1	42.14681726270092	49.727194170775675
P04298	1	63.46785153551354	71.71744483342214
P04299	1	40.52861462957126	39.964309023872104
P04300	1	67.48338744810668	40.40350844543765
P04301	1	58.82499277390053	52.063622824249265
P04302	1	45.10820660694239	57.906154597889206
P04303	1	53.33987709972843	51.94785345460142
P04304	1	52.486512759827015	47.287784780791064
P04305	1	70.80284178721752	57.13410715032987
P04306	1	35.48924569366261	52.44187175450204
P04307	1	37.51332143937811	68.41233920273926
P04308	1	57.12224462978137	71.12767147719543
P04309	1	52.37375622280692	75.66676638639262
P04310	1	49.88456185840419	32.21856288876653
P04311	1	64.78000787090657	58.77169984897388
P04312	1	72.05197375463894	50.88168168694267
P04313	1	58.614596830508894	51.967749024302904
P04314	1	77.73458345375506	47.909696953606996
P04315	1	40.67574404393731	30.349079907164544
P04316	1	57.56253825548247	54.705298120922265
P04317	1	48.22795085837644	51.052029620392666
P04318	1	25.889043839823998	32.73418052874727
P04319	1	64.56218239044972	59.81757318393201
P04320	1	64.90756315154104	67.82236681803323
P04321	1	56.56297481564354	54.69130037587153
P04322	1	52.99340714344025	41.29116853962176
P04323	1	27.102963433651354	51.90277823276684
P04324	1	51.315479006511296	65.54702765054705
P04325	1	50.159850906317025	54.2239849683549
P04326	1	34.15612442354133	35.418951132848136
P04327	1	52.11442200903188	54.2273723403181
P04328	1	29.542706054402764	28.013017413970562
P04329	1	49.753031358293285	37.761469042805516
P04330	1	33.12684470105634	61.19832363620664
P04331	1	30.938878168363058	31.731200511579882
P04332	1	54.032307927282346	47.07934881082555
P04333	1	47.40217648039898	33.46168695326608
P04334	1	45.711867077825026	41.17093818820058
P04335	1	63.50710917443187	72.62950658169734
P04336	1	51.446296613120346	60.38549822909165
P04337	1	53.87541662301402	73.7461377466463
P04338	1	67.18087105153822	44.06296990944497
P04339	1	67.67474716240042	57.67435174132695
P04340	1	45.18411305241257	34.435902061934826
P04341	1	49.13445297078557	55.8415607537183
P04342	1	47.97776749482598	45.182073934959604
P04343	1	52.613667173940584	31.156801284990717
P04344	1	27.4018897361855	27.766442064372548
P04345	1	33.112726261376494	53.37917251266164
P04346	1	35.08130711354862	69.62428438263227
P04347	1	56.89248074936072	64.1201676592031
P04348	1	49.6022814947203	52.69427346530925
P04349	1	35.369474172562256	53.18565872263838
P04350	1	57.92387295563049	49.03598502938619
P04351	1	43.77224865423682	47.90804416164991
P04352	1	68.08683533735406	44.73241252305823
P04353	1	62.50045573622022	71.066840096254
P04354	1	37.20438756669659	50.79607274450183
P04355	1	35.75554821688147	47.57036863148269
P04356	1	53.74173647488047	45.89008213317717
P04357	1	50.53345487120755	50.33150204249826
P04358	1	47.198873717701126	64.20014090218903
P04359	1	61.42922098190651	33.509322251076604
P04360	1	52.939930510183956	50.673381158925885
P04361	1	62.285993632714735	53.63481039083836
P04362	1	67.98166737145806	65.7190170262414
P04363	1	49.12285570240309	54.75478863379339
P04364	1	47.45772290421341	51.54630894158788
P04365	1	43.225002867478906	59.51949425782814
P04366	1	52.772667557906836	65.0864156420184
P04367	1	42.68494494093123	48.776197716239736
P04368	1	63.00829732966458	60.73177990454533
P04369	1	27.970166794057704	56.41519196603969
P04370	1	42.78332631876295	40.98838368707742
P04371	1	36.62494271231101	72.550282010839
P04372	1	46.885121040880655	42.96528217038401
P04373	1	62.87461207489204	69.11877550663031
P04374	1	37.91602038062665	54.07877601143116
P04375	1	44.00184152337598	38.80314848594355
P04376	1	53.30755697789715	44.848762385431094
P04377	1	38.919411193583116	44.000510863819734
P04378	1	44.965652387628	45.4722297102701
P04379	1	44.4588148511462	47.1509326681344
P04380	1	43.36526565315958	63.71156877077374
P04381	1	54.63736747088585	35.12016524859734
P04382	1	30.435439650793604	49.865692774524696
P04383	1	24.954066003222636	52.41104062371714
P04384	1	68.23619256512244	60.436214344427505
P04385	1	66.66506886910467	44.50651850298835
P04386	1	43.48009535499295	53.661308123938795
P04387	1	64.75582176860303	33.91560309865366
P04388	1	61.198705032763186	46.533853033704276
P04389	1	59.067109085923036	69.49479920423332
P04390	1	31.20751779826272	53.92915024623015
P04391	1	27.22004104507112	20.473588031820846
P04392	1	64.74951787988189	67.41109501358413
P04393	1	53.23708834737278	48.26290266302471
P04394	1	44.21581493483065	43.36330411508681
P04395	1	37.624669648817815	41.84953152865058
P04396	1	45.1631743310942	33.0858068269096
P04397	1	51.9145065322981	64.37827641304764
P04398	1	61.39458541109869	64.74520383351367
P04399	1	50.890957330208025	47.76559542716438
P04400	1	35.27731596109862	50.09944806047658
P04401	1	60.303249128455604	46.04007249314838
P04402	1	37.91810112197158	51.17026662497423
P04403	1	43.839900907036	55.253980016847834
P04404	1	42.63841513685533	45.36526215261054
P04405	1	64.1111719892653	40.893749619539655
P04406	1	52.19229764899825	48.3983053770677
P04407	1	57.215025245594845	32.700019733337456
P04408	1	61.60863892530513	29.372155181349687
P04409	1	33.90196688858199	60.819704745737305
P04410	1	47.30477521126001	45.961583239220765
P04411	1	48.77866260061211	32.44552044601366
P04412	1	53.5485219347536	50.86137526188685
P04413	1	61.3384174894997	53.230546237740135
P04414	1	55.39233567862912	80.0573102269187
P04415	1	46.04924200974571	58.20867346990756
P04416	1	49.70592989511775	54.98011088105368
P04417	1	53.513037683605	69.85381726584464
P04418	1	20.90392695052216	49.52732540444721
P04419	1	62.353544064589585	53.079965480306385
P04420	1	48.786918167071285	42.50884448579853
P04421	1	43.57170527999928	48.507066670291856
P04422	1	67.75206427923344	58.74973379147035
P04423	1	59.3596358548715	57.74164169761751
P04424	1	41.58762092847046	40.7911209245299
P04425	1	19.94106184259248	50.39425155461637
P04426	1	45.49112572420481	45.28285925139535
P04427	1	59.759341897089655	60.40715237035626
P04428	1	34.357442984960514	34.8260013030406
P04429	1	56.70121905556413	42.54965250772383
P04430	1	41.18611797600133	45.070282588434644
P04431	1	51.45191889923935	53.82285156137904
P04432	1	65.40870465792639	31.614088705514295
P04433	1	35.00480107453224	63.88197705277758
P04434	1	66.66333319605953	65.50318800440232
P04435	1	59.604955359355145	32.50624160867061
P04436	1	37.15444574547951	61.679111217063976
P04437	1	58.18331067553233	33.74710518275537
P04438	1	44.07404594318772	54.05064249200977
P04439	1	35.3931163530654	58.382023196037196
P04440	1	26.461339690352474	70.43652180856063
P04441	1	67.43535954914499	29.923910666983797
P04442	1	61.04584877229118	56.87412930417839
P04443	1	27.24596165316882	33.221659856965125
P04444	1	48.660266331196055	56.269960531974235
P04445	1	32.186320649062445	55.1838904684643
P04446	1	65.63728731358547	49.142245940381706
P04447	1	44.05212063278413	56.39012570593753
P04448	1	43.68001944521777	36.91508138980638
P04449	1	52.119760884050734	51.37225468184852
P04450	1	46.61241177627295	57.97494036104479
P04451	1	57.42128088714571	48.10544262793835
P04452	1	44.70603786914427	54.06036315659713
P04453	1	36.57181204786887	29.401235502863784
P04454	1	50.16763799494316	40.97915649055456
P04455	1	60.7151289930616	42.25214470800538
P04456	1	33.381237433676105	49.90703555393263
P04457	1	56.259626466543786	33.79288114645294
P04458	1	58.554277030539524	53.75180255630764
P04459	1	76.80409812696418	54.015705670012714
P04460	1	55.34931753306933	61.67994123108637
P04461	1	69.42131624800624	50.94183532000824
P04462	1	43.596765129224	46.15835561522674
P04463	1	34.975076968266855	73.73979773524124
P04464	1	69.21288529696069	65.61240558960442
P04465	1	25.017724328375124	57.5993801494817
P04466	1	44.62787924517481	50.50868556489012
P04467	1	53.037100756213256	58.71855535303305
P04468	1	49.63313784712157	47.964215239069524
P04469	1	55.70118490992601	52.67134412000901
P04470	1	44.44108572516638	56.11794304395068
P04471	1	51.10474804424489	51.58145576966227
P04472	1	53.943540949356645	49.285148941431046
P04473	1	50.56144806867162	44.134703342795575
P04474	1	45.7441170572971	51.92447974699019
P04475	1	38.91225000479073	40.1288647339304
P04476	1	49.39807365390446	21.61249380881786
P04477	1	46.13944019922742	43.66617152537951
P04478	1	73.56162695593949	66.54733501075667
P04479	1	37.49120401549815	27.72357372176035
P04480	1	57.4191354929408	38.25852808848625
P04481	1	68.52089452188183	57.84200235350523
P04482	1	53.803021678688374	45.73430382971645
P04483	1	53.001175846839715	42.079201650845775
P04484	1	59.11303685892589	38.24950505769709
P04485	1	40.883893558916824	54.89932687583361
P04486	1	51.318426666619374	40.428120340799566
P04487	1	49.032834378105285	49.38681081520545
P04488	1	56.52318051913441	64.58048306568087
P04489	1	65.56138542216968	58.49412362817907
P04490	1	54.22378426847109	59.271881371566664
P04491	1	50.697528628526705	91.40770953379356
P04492	1	48.93269911442726	29.823514652686164
P04493	1	65.53010385016591	64.49192370552805
P04494	1	43.8756847433689	45.70033788790475
P04495	1	45.20986721174836	41.9093329455462
P04496	1	50.91621697994916	56.16870805611629
P04497	1	59.45090545833559	42.756178739123314
P04498	1	41.77339898392023	33.771008893899165
P04499	1	49.48311665656157	74.55219356489407
P04500	1	49.6334649289557	66.44054684984133
P04501	1	31.962922801460913	34.680456061429815
P04502	1	53.71664311029645	49.23220918565116
P04503	1	49.40924842926616	62.10126546358455
P04504	1	49.13666515598592	51.01137801397796
P04505	1	41.56721807000004	52.38240034991108
P04506	1	58.934230717898544	53.228035230928484
P04507	1	43.19866830279181	46.256603651291
P04508	1	58.739507434290026	64.47314637080623
P04509	1	39.08113350834509	46.677030350037725
P04510	1	69.62681425288538	67.48051794040222
P04511	1	40.64378587583917	38.92684592515606
P04512	1	46.805317926537334	40.87272226915583
P04513	1	64.67049415190988	52.880200387036695
P04514	1	47.09697505320524	55.71587078254888
P04515	1	48.728003127013054	46.152072981589306
P04516	1	52.19765420260093	51.52029258813862
P04517	1	40.258233162197335	41.52532048922281
P04518	1	46.92178621235203	71.417266693931
P04519	1	57.51747461477612	59.990253706334386
P04520	1	58.31171307696435	55.258351053754836
P04521	1	80.80626622323051	64.02169851370793
P04522	1	59.10680063944934	65.99507967764379
P04523	1	27.138963250412026	55.163979112646516
P04524	1	69.27683518585576	50.65355391118841
P04525	1	61.09787341774257	67.0792933634269
P04526	1	36.210937789885435	62.43002745131434
P04527	1	80.17804956634572	73.33108622938849
P04528	1	28.50054359932998	57.170597712832695
P04529	1	33.909444301925426	48.007158747204564
P04530	1	38.286101732119405	47.46356656468394
P04531	1	58.139650736799055	42.02625916404152
P04532	1	45.76739518777293	65.88608396103095
P04533	1	44.7523822980555	53.7751949786542
P04534	1	52.594156012361566	45.939984074553365
P04535	1	66.31266222098584	41.42446747848244
P04536	1	57.554747564273775	52.126309872781114
P04537	1	45.24490397460323	37.81521994020656
P04538	1	53.963368625974745	24.2104887068675
P04539	1	19.983260321205705	17.261991473640993
P04540	1	68.0250334304728	60.04228293786103
P04541	1	24.624713547534586	43.74127137204094
P04542	1	34.49787661429306	33.506700996634656
P04543	1	48.45152690148672	34.40600235270903
P04544	1	50.683340957092824	46.17606422708982
P04545	1	58.989111562660476	48.3030402985944
P04546	1	42.58532488998925	44.23764787470094
P04547	1	33.270912375974135	54.681186535604496
P04548	1	43.786509282250485	39.09288533972091
P04549	1	30.909294650012455	53.307022739216734
P04550	1	47.625189113255885	37.08050182131323
P04551	1	31.367203390595538	35.338416898966386
P04552	1	67.02110104163683	58.35217059674247
P04553	1	34.413206726566216	67.02754969711599
P04554	1	24.412122557748184	38.82283876879147
P04555	1	57.231705704738914	71.94548319487409
P04556	1	43.76663147707851	57.8141722854007
P04557	1	78.27441370298136	65.30331510548196
P04558	1	49.97444634875984	42.37370202607552
P04559	1	35.21170357223685	55.486591379724935
P04560	1	60.91360206171558	50.79708951027421
P04561	1	46.64867029745665	50.40661110206496
P04562	1	44.47216765007637	53.27274112701112
P04563	1	64.8668576967694	40.870945607038266
P04564	1	56.390061696353364	65.74752074500155
P04565	1	40.44308207862415	38.48879173944521
P04566	1	29.393833466462386	51.84455913084314
P04567	1	37.28701461838435	39.724748779017744
P04568	1	59.6534384670651	46.95667290485748
P04569	1	60.65665084691545	52.54120798111996
P04570	1	30.63130716091337	51.25333033289544
P04571	1	44.2752588765642	41.08878263132951
P04572	1	34.065797888918986	32.979501895558585
P04573	1	52.4937626932124	51.2823154205703
P04574	1	38.95739161139614	42.191443291350645
P04575	1	54.55467989321749	46.75284583972567
P04576	1	28.788328959693164	31.920632057100534
P04577	1	60.78358273421498	62.41579020024302
P04578	1	38.074765300402724	38.603402854042706
P04579	1	48.47379585360099	65.53356239227392
P04580	1	56.95579886603113	35.17906385749387
P04581	1	65.27992401714734	42.44274905617948
P04582	1	66.53774882206193	43.85842996009029
P04583	1	26.370563087578947	43.02117620243827
P04584	1	40.81578647148501	37.4586189797179
P04585	1	54.667113329043865	46.03765118851063
P04586	1	41.84862949894264	32.830391637243515
P04587	1	22.762864756858406	11.20321207264119
P04588	1	56.23950138393771	68.5498198198818
P04589	1	37.57241747215364	33.018791461249535
P04590	1	52.6920606930213	50.674271751290554
P04591	1	50.06108261477667	39.0346262427334
P04592	1	64.06852597944587	58.25793704271101
P04593	1	39.81211284059144	43.26040053863869
P04594	1	53.50831048205687	58.37326337335232
P04595	1	41.03168386512009	50.50543752101844
P04596	1	38.74690379630995	58.75540839081097
P04597	1	55.51930679289101	51.733328782758655
P04598	1	71.00868894493644	64.9541323819047
P04599	1	61.328530542146204	61.53417759736014
P04600	1	44.709981193920875	45.56129935847588
P04601	1	48.90788229540939	45.38691032434514
P04602	1	50.52780527938686	52.88127950169476
P04603	1	42.3925810446697	43.97653111377898
P04604	1	57.65539149693783	54.49183587985232
P04605	1	29.811378098165527	54.25930439242611
P04606	1	25.828387970670697	46.23336253693645
P04607	1	50.865668214241516	61.80081626281368
P04608	1	47.015367184713554	52.498898263507336
P04609	1	67.4399142251002	60.71708958231905
P04610	1	35.94837570609091	51.33200215664132
P04611	1	55.19541581345738	39.38780519072358
P04612	1	54.14060173801315	70.40949147983488
P04613	1	46.94541034319262	47.74722340175332
P04614	1	49.10232799773265	43.93462870562942
P04615	1	29.081513281496722	38.627566762544134
P04616	1	50.11112443028168	55.22044505419483
P04617	1	51.034182563486866	30.495204354781006
P04618	1	55.934784675567364	47.35046726421424
P04619	1	47.10900514393741	50.99700115729497
P04620	1	62.908613534569405	45.73850240711146
P04621	1	69.77897321660157	66.94427954666111
P04622	1	41.1085475491288	47.601743370119415
P04623	1	71.36502086623143	38.13224454010098
P04624	1	49.85319773444521	73.4077351993193
P04625	1	49.9971349230802	34.618513354630295
P04626	1	38.88939782217449	49.78169713725204
P04627	1	71.66008481882608	60.04656234352892
P04628	1	40.349354308877345	49.92109498150104
P04629	1	59.48419728246895	66.0238908144097
P04630	1	53.70533654463354	51.35023181588464
P04631	1	40.34541129032927	48.13838250841702
P04632	1	43.621704542779945	49.787880699833224
P04633	1	46.98243196735665	38.18183470957199
P04634	1	45.305751389633535	43.98784608574714
P04635	1	66.44214865585379	61.88032782227624
P04636	1	55.83019176034366	54.546818976794434
P04637	1	71.45201918192653	58.62005007337259
P04638	1	56.703234465455964	23.39093461587619
P04639	1	49.69881424213508	35.50461123501174
P04640	1	52.98787916489914	53.20029030295298
P04641	1	43.53011418874721	50.708947980773644
P04642	1	63.052593378605984	54.771641614755104
P04643	1	51.995331992660425	63.027491980398
P04644	1	47.05544851058845	66.23878098262912
P04645	1	36.87498702394279	53.40833810068088
P04646	1	71.30694900985378	58.956333985537526
P04647	1	64.05401599098711	34.958698168916484
P04648	1	45.53059397286863	32.98483860315387
P04649	1	41.145489717673975	60.896540286065445
P04650	1	36.03389553132667	37.1446994633459
P04651	1	47.85967182924897	21.809350953776253
P04652	1	40.48543695167444	29.512382212754233
P04653	1	44.406610882099365	41.596915382003786
P04654	1	51.83721240213594	51.30735431221831
P04655	1	57.894459765804356	50.70272747103668
P04656	1	51.225300547439765	41.576075707037425
P04657	1	74.09640476276837	46.41746205305897
P04658	1	43.915355224892664	36.35940081653646
P04659	1	36.38729005521478	21.253552215648654
P04660	1	52.601216108993825	57.199674614685335
P04661	1	58.18681350865973	30.643130634822466
P04662	1	59.55051696962422	22.86710313501819
P04663	1	63.39867957971011	28.33020507478901
P04664	1	46.71452302793956	16.676468092344656
P04665	1	57.6157426370865	60.43319757415631
P04666	1	28.051229535817452	52.68432949005143
P04667	1	56.34410918359786	61.60359431080394
P04668	1	51.07384894082643	48.03937750298764
P04669	1	55.17186935560833	64.90431975799822
P04670	1	41.96077924213714	34.677964739595126
P04671	1	46.63009032374456	38.47807644882396
P04672	1	40.27919784467518	30.083774512790097
P04673	1	35.68453675385745	62.139977447357786
P04674	1	42.23162422194004	52.37700624123944
P04675	1	64.47199967357453	44.859693308831005
P04676	1	54.61737154693089	43.77103882575095
P04677	1	34.82616681977751	55.4142968753095
P04678	1	44.14966524892691	48.35573873895523
P04679	1	54.56974699240309	54.529081108990404
P04680	1	41.978561350969684	24.990312688394578
P04681	1	50.30734194540082	27.550979029173774
P04682	1	56.450172838151346	61.29180395489959
P04683	1	48.8123668546096	50.6973927999379
P04684	1	28.062539094771797	52.28928631948922
P04685	1	53.047799326357534	79.4962708375349
P04686	1	56.665125758344445	53.03831769617792
P04687	1	34.5928808279066	43.8809171752502
P04688	1	51.32461581198854	53.24442072739368
P04689	1	61.022082647602126	47.492745914680604
P04690	1	49.40537851495264	42.30483350437625
P04691	1	28.553690361489473	66.41519287154705
P04692	1	41.50819043520232	34.199685084601626
P04693	1	59.254028198166075	77.27270112498601
P04694	1	67.86551989138427	61.34737670548566
P04695	1	39.02473163373255	54.55060573769675
P04696	1	52.17465261640898	49.20910693367583
P04697	1	36.63893208277534	46.95066674461101
P04698	1	65.53709505227553	25.524434647763226
P04699	1	54.80258731362714	54.97843401048256
P04700	1	62.95569652222741	35.88404312130179
P04701	1	51.327921522661946	53.81755225774229
P04702	1	59.74740118230087	43.3031965949727
P04703	1	74.01552047874775	38.97936892878425
P04704	1	41.294489009672745	43.24278769311874
P04705	1	43.01267121715833	24.585203629445044
P04706	1	17.65330050458549	36.60235904060513
P04707	1	59.71245172038706	61.42673087959041
P04708	1	53.63226279050578	63.05041604596343
P04709	1	39.31454130600855	47.39841885832139
P04710	1	55.18535995233526	39.54373133229207
P04711	1	44.74505882098092	70.4257642429535
P04712	1	48.757567836106254	57.18956462199337
P04713	1	48.39965962130779	50.83483797700672
P04714	1	46.43773979565245	34.22213410714595
P04715	1	54.528891764401195	50.252784283661285
P04716	1	28.50261224064041	34.9758857538675
P04717	1	36.07584995163362	40.62824495051627
P04718	1	57.71301751593658	55.72895092376003
P04719	1	44.77374196841565	51.066827425890786
P04720	1	46.1884355695548	41.0379107119294
P04721	1	55.41697747844816	47.25252607094465
P04722	1	28.906024838655	39.60126181061697
P04723	1	65.34264725420502	42.19355631089752
P04724	1	48.411537801635106	54.73715491561355
P04725	1	60.062656262859	51.061473608354234
P04726	1	58.912281315292006	34.05858988330794
P04727	1	39.05132335876532	57.164716315169386
P04728	1	42.15098828077508	61.23441451720643
P04729	1	48.324167676770145	82.58656042487435
P04730	1	52.53986947736604	38.35260018308576
P04731	1	55.299781216040984	4.448164501299235
P04732	1	52.706609073508936	46.09810062246582
P04733	1	53.36121254895882	42.3502772169039
P04734	1	25.38650465060485	43.09146023931822
P04735	1	41.74664133462303	27.215474982227814
P04736	1	47.44114797439125	52.00299579793293
P04737	1	32.70852041439789	34.44867150506153
P04738	1	46.48977495035447	43.742275538140646
P04739	1	55.64035668867051	47.44678841533254
P04740	1	50.32258638135749	53.859151197353874
P04741	1	39.697193332647146	74.84624043596993
P04742	1	57.83593268301076	16.976549732414345
P04743	1	67.50566064424542	46.49525311108038
P04744	1	50.62793389749258	52.86797601930607
P04745	1	62.2724803238606	41.1615764750951
P04746	1	40.84428495476322	60.43114205090409
P04747	1	46.167950732937776	70.5314115668897
P04748	1	57.17532734020113	57.09781043196428
P04749	1	73.02891550954364	40.75693717544413
P04750	1	37.4830207066297	49.003963136169915
P04751	1	65.25121201718879	59.442671303554945
P04752	1	65.4239684077619	44.54892541445346
P04753	1	53.30565821213574	47.75181412692967
P04754	1	62.54295492456449	23.87670684794211
P04755	1	51.31405478195619	18.24137893729563
P04756	1	67.73833012625121	30.230231442547655
P04757	1	36.25376392443648	44.96806785137866
P04758	1	34.87215207670862	32.4403041217897
P04759	1	67.49615181328633	44.09443048023824
P04760	1	53.0924669773227	76.35029083572213
P04761	1	19.842465550226837	10.401674766456921
P04762	1	42.32929955478526	37.327094015513886
P04763	1	33.69745497058798	40.14166616457958
P04764	1	39.931427869310916	43.30557773042892
P04765	1	57.27342642656447	24.71248773847668
P04766	1	64.26022328000379	39.931711694442804
P04767	1	67.06504354952965	58.49193984259242
P04768	1	65.45592787916245	64.16252144913187
P04769	1	24.675123172566735	51.29696300756721
P04770	1	31.266092994831258	59.56776979937128
P04771	1	39.19918642990176	53.33460334822675
P04772	1	50.30111425778774	34.63103536746222
P04773	1	56.03264871971246	67.51230801803761
P04774	1	41.82942531427236	44.2939034596003
P04775	1	32.460326828855436	61.30986455953267
P04776	1	47.015767348246605	47.0169440339993
P04777	1	45.93581715135279	42.27582496716705
P04778	1	48.74095760727538	42.65715366409822
P04779	1	31.32232005512339	29.183792248067917
P04780	1	37.87276453524943	40.36094491047558
P04781	1	58.0641578143896	53.391090376783325
P04782	1	52.608210633192435	45.882972845096646
P04783	1	69.72286005476818	44.29237332255116
P04784	1	42.72494971017822	48.808367115083726
P04785	1	53.09734489336347	60.7035430410821
P04786	1	51.511080831826376	43.574113705292774
P04787	1	50.3131154716963	28.11315477198804
P04788	1	66.87965894780963	59.70599417568542
P04789	1	50.32016917772641	38.77875258123129
P04790	1	53.58274263156229	38.23706424882238
P04791	1	74.01462057635722	38.15898854866195
P04792	1	58.93714178974872	73.61194191632845
P04793	1	62.68425549586186	52.77561759318986
P04794	1	29.401057025298677	60.80524194869575
P04795	1	53.90699899071123	31.075858044991108
P04796	1	74.01256444704816	65.81599086719301
P04797	1	51.421168471786984	55.81785583859498
P04798	1	42.76173329509002	63.053083711476205
P04799	1	43.81431006158238	84.49027055664926
P04800	1	66.45033687973144	60.93074697239405
P04801	1	28.397579339871616	39.754051235811275
P04802	1	76.61544977601152	57.67017152571902
P04803	1	48.64225407073897	31.712325796257165
P04804	1	64.42037081819636	53.1491931351941
P04805	1	45.42612817941021	72.12921352000254
P04806	1	55.09087044273986	59.140122999115974
P04807	1	32.980996427164364	37.5458327155683
P04808	1	51.37768379817652	72.53188346761404
P04809	1	55.10608711342104	45.19183811055077
P04810	1	51.71086482119566	45.28827665953719
P04811	1	55.666329699013005	56.89084934570718
P04812	1	26.731953419212875	38.62235417320816
P04813	1	37.5450340146525	51.13738155191517
P04814	1	42.506092335934284	57.334330886410726
P04815	1	76.4396218407866	58.48598327735469
P04816	1	59.60989053295732	45.86747691597621
P04817	1	50.095919622344844	71.43225729948745
P04818	1	29.9587643222849	36.42595829693313
P04819	1	47.959220531604686	55.199517667139844
P04820	1	34.33127098951407	36.707770835488404
P04821	1	55.04993431311388	49.88194106095942
P04822	1	55.394209206821614	47.06349036220335
P04823	1	54.07442901593771	41.43974356583494
P04824	1	34.884990691374554	54.47809837107455
P04825	1	33.45145174448249	35.339582854926995
P04826	1	52.54490835384215	25.075456446219693
P04827	1	45.83892707665797	60.94619907934669
P04828	1	43.61807905207925	48.51830656409281
P04829	1	43.95082302436651	40.45909595902309
P04830	1	43.87590458607754	41.52154438698676
P04831	1	45.23218530141078	44.49398564116365
P04832	1	40.02083770569774	74.01039590545321
P04833	1	37.24317207386077	62.129059120679976
P04834	1	55.43361659161618	68.67217000169076
P04835	1	43.431941475474396	28.626171515079058
P04836	1	44.86540923646934	21.966548552535123
P04837	1	28.87970757855659	69.09202797677325
P04838	1	59.6877109232918	69.63630020700984
P04839	1	52.92676076291258	74.91530829614561
P04840	1	32.83182909823687	18.75446102041549
P04841	1	53.34487612004268	53.41304341154471
P04842	1	54.65725717301146	49.465697133225824
P04843	1	59.4395459022999	59.70558195515276
P04844	1	41.63577127280311	65.28516474125837
P04845	1	55.74795869744612	38.100138918994126
P04846	1	46.69042040073764	34.65157525006846
P04847	1	23.957287018359906	41.78820211322161
P04848	1	68.46829799422682	52.61327537294583
P04849	1	44.84278366557489	48.09323436230851
P04850	1	49.73800701983378	58.062921241612436
P04851	1	43.048296659573964	60.489530234818005
P04852	1	38.3483435310598	42.01388147042875
P04853	1	57.99993123211176	61.312837297556776
P04854	1	52.729516746155554	58.658152800649425
P04855	1	41.161907580273976	40.03756985007705
P04856	1	64.8008616088531	63.154294122184396
P04857	1	48.162412817391036	43.36912348343684
P04858	1	54.390130066337015	68.51188086323836
P04859	1	56.146864749538366	44.48853088138486
P04860	1	48.812818891520166	37.12595920593934
P04861	1	70.074981376023	52.395325222970094
P04862	1	49.89764148714353	52.2324997203141
P04863	1	49.241754815930065	48.96131948392891
P04864	1	47.66620089127706	55.13517872225835
P04865	1	48.85404427732809	27.256449034560056
P04866	1	74.73760568205033	57.12565481202916
P04867	1	38.93314548682192	51.76580555915992
P04868	1	49.523989674299195	34.12393192603112
P04869	1	34.409812107356416	32.812303438270504
P04870	1	55.00862363723714	43.65169718090126
P04871	1	52.043358223680244	24.917427487322033
P04872	1	64.22644365142799	69.07656104183916
P04873	1	47.35319299538117	48.58986580933045
P04874	1	78.12749621563329	68.03365982894942
P04875	1	53.26906824618711	43.3239154054415
P04876	1	57.780585957732235	49.844217566535804
P04877	1	41.94763099383893	53.34297410093072
P04878	1	33.5920518127464	57.21161286797171
P04879	1	36.81004455247474	60.73749394630567
P04880	1	50.80888465763742	46.76332063780178
P04881	1	46.038524344700775	59.96058277266159
P04882	1	57.33428568853212	78.97664470302922
P04883	1	61.00990182719379	60.93547787992527
P04884	1	41.646800031467734	57.57746217299004
P04885	1	63.21314609895365	56.21280992440783
P04886	1	49.203924873755994	13.077965230919652
P04887	1	60.931650481111824	53.65753863739741
P04888	1	74.67500710050656	48.31620305971715
P04889	1	44.87133753353006	41.923356634466266
P04890	1	45.86356869540499	38.21876412269056
P04891	1	54.41422962175695	61.03174361247948
P04892	1	56.77817545299918	47.58798424863303
P04893	1	30.761172769076502	52.51905120926083
P04894	1	56.499198904656986	50.773074334034234
P04895	1	77.57820526075953	70.37045732152816
P04896	1	53.59888621286687	83.32092428489163
P04897	1	60.44393669369711	51.65810415142401
P04898	1	42.894467412760754	66.88373737723511
P04899	1	63.799911242393115	57.39150148777673
P04900	1	59.82467169363013	42.166480438996
P04901	1	73.64245582378022	59.31963067951436
P04902	1	50.286211412240576	63.06833714736779
P04903	1	42.73908224751645	60.342879406690585
P04904	1	36.40548011138243	66.57093083814708
P04905	1	48.84384277804499	70.19852110800683
P04906	1	73.55724797164294	51.68124673926004
P04907	1	52.81882861479176	41.96837167527738
P04908	1	39.621243538637685	43.495853250632365
P04909	1	43.791787622440765	59.73341695255877
P04910	1	58.61123530049324	45.29643417996216
P04911	1	31.34469585759636	33.64899975977689
P04912	1	41.99433124148592	45.84573341338487
P04913	1	21.722765107766634	59.75198064417333
P04914	1	49.50993560801687	41.21533329241524
P04915	1	54.888117623128274	55.76129347104678
P04916	1	38.5080408898868	40.83369977361257
P04917	1	50.77051059256078	51.47388760209425
P04918	1	49.18670470521987	63.36459181573953
P04919	1	31.222734953843975	61.09647216903219
P04920	1	64.75657507671318	41.79791874858507
P04921	1	67.75721830142002	61.53229160940302
P04922	1	57.91927668372131	45.867844459281855
P04923	1	54.45763714252925	46.15096399348449
P04924	1	58.461070322429684	45.434718713622374
P04925	1	24.578160667744783	59.86243873232132
P04926	1	27.368572936099817	43.906649436306886
P04927	1	57.60980942614301	45.90898895197599
P04928	1	72.73068789434066	64.36953940496821
P04929	1	57.720610319722596	62.691692822544255
P04930	1	59.18669541215306	28.422494800397185
P04931	1	44.97995261087781	44.39418173041663
P04932	1	45.75392960696418	61.00322783332675
P04933	1	29.405387232420967	60.792950202085294
P04934	1	52.82503248681611	56.587968930784314
P04935	1	41.0939937937684	45.13114647747742
P04936	1	33.584831273233185	46.731131004470285
P04937	1	46.096553145892784	45.857115559725294
P04938	1	58.13137091002856	26.62060481094323
P04939	1	40.190586486886524	44.130151916203985
P04940	1	65.74539723858922	55.30050456045063
P04941	1	43.934250176534434	53.73297026017701
P04942	1	32.06857969476195	59.257357746327244
P04943	1	69.79649675673092	65.2651744287338
P04944	1	35.406647501676574	57.247198568251754
P04945	1	72.30089732068863	84.06785380282929
P04946	1	55.176206060808916	70.53832859091887
P04947	1	79.93074182818233	70.06264472964425
P04948	1	51.19182151598125	58.60209464412605
P04949	1	57.06988130037329	57.49390092639336
P04950	1	45.05806527607577	52.77155264065296
P04951	1	67.66796899176606	49.718869375838686
P04952	1	49.73471073970592	53.21988564940722
P04953	1	45.79205357823961	79.2858790018928
P04954	1	63.07008983200235	51.41529270935669
P04955	1	50.632844703149516	27.89019142051568
P04956	1	33.82151922530372	40.90518836302038
P04957	1	54.948401721346386	47.056045550367
P04958	1	59.474038856802494	41.82435636861511
P04959	1	35.00865674099866	39.709140419630415
P04960	1	66.11449898948379	62.183002868754365
P04961	1	71.14032874929217	33.223412530591176
P04962	1	45.83067991544327	67.40476332734951
P04963	1	70.3388705010674	43.81290263534862
P04964	1	54.622097495653314	47.93035764389154
P04965	1	32.04606641142253	56.10601452110782
P04966	1	66.48734103785206	59.32084627958989
P04967	1	52.66630655598519	35.39036996832621
P04968	1	62.549566257383944	68.77677165954148
P04969	1	32.70020446923585	50.77242774251369
P04970	1	67.07674941876508	51.09411671960267
P04971	1	38.61180947092288	33.72729259486015
P04972	1	60.886523633940804	50.047738864915786
P04973	1	88.69954682364137	65.17448204819988
P04974	1	76.77882215439928	62.522094527171646
P04975	1	47.736363082902244	70.18672430544731
P04976	1	48.59312571904978	59.37378482216758
P04977	1	45.184574004044464	54.87873596203006
P04978	1	38.882202249002745	27.08844020321203
P04979	1	61.766024750604544	48.92042488932439
P04980	1	64.59350675630382	43.502116439771896
P04981	1	48.700548527353156	46.44751197610473
P04982	1	34.68067872152283	44.404433639666706
P04983	1	46.33118984190891	62.62649629291654
P04984	1	55.380926135269696	43.894165002275884
P04985	1	32.97511631486328	66.07830888960514
P04986	1	57.04244735239685	43.80381836224415
P04987	1	68.29793615079957	51.70354037844354
P04988	1	52.86531910360322	40.322389508116
P04989	1	45.10253315621975	41.84512026394367
P04990	1	56.48050370360647	54.227339259539875
P04991	1	46.869302030541	49.17542074556048
P04992	1	50.426715579946304	42.19117798862364
P04993	1	37.64059825413523	51.10270458882055
P04994	1	47.357293382052816	59.014156791816575
P04995	1	46.94592775224775	40.16491298737165
P04996	1	67.50522929843373	64.3180692600408
P04997	1	46.220042119087566	44.64013503350422
P04998	1	55.80153159052502	45.399699114554636
P04999	1	81.0900563777439	57.350266049141574
P05000	1	40.88757182283345	46.329419348617066
P05001	1	53.10677879049615	34.408972648354336
P05002	1	46.78563711897	33.030339523697094
P05003	1	27.61566221163465	43.46329911219481
P05004	1	72.360656145492	51.88081087010727
P05005	1	58.61785586978339	23.397071769257558
P05006	1	88.97421656610828	77.1562147961055
P05007	1	73.76493232537959	64.14888702095757
P05008	1	58.77683418295171	33.86949004453949
P05009	1	41.473384822891106	50.79207124580778
P05010	1	56.562334613746366	51.134647189482756
P05011	1	44.74675434012005	43.05618139387256
P05012	1	51.26179862604055	61.29058657429636
P05013	1	40.020188737448166	52.73302696087543
P05014	1	43.52563632457422	63.16578628766689
P05015	1	34.2718465293998	42.206039697341254
P05016	1	28.47508797550943	29.988677035908577
P05017	1	57.82640831345189	81.40434926802608
P05018	1	61.84529212002399	60.87271365865078
P05019	1	66.10955392325589	67.31299583189806
P05020	1	41.868498667337725	54.34819515753271
P05021	1	68.71019415909821	62.54452560804076
P05022	1	46.179575440674945	61.62271763296951
P05023	1	63.068358215851426	43.625512754574245
P05024	1	47.1848631912009	28.409148008513107
P05025	1	55.99335306619726	58.800876785034774
P05026	1	27.783689559746087	56.37853532444368
P05027	1	44.04695780944315	49.89303119120007
P05028	1	52.13058995567608	46.72803553426783
P05029	1	52.4921286579305	41.59758936316759
P05030	1	61.76050873026439	34.49321889456936
P05031	1	36.57011435557731	35.295166272941856
P05032	1	48.800065329783166	29.431949845069596
P05033	1	41.27221713756643	22.513119188316296
P05034	1	44.96736497152996	35.42757797897794
P05035	1	68.64706379923392	60.473122985409674
P05036	1	35.68161523844986	52.16698151533961
P05037	1	39.58681532412876	55.298108311394174
P05038	1	36.51253129606857	56.82590137506353
P05039	1	65.47324831141309	64.26865540735227
P05040	1	72.67491215173587	57.5276503329421
P05041	1	54.62406269880981	40.01902706924802
P05042	1	43.2274517192131	45.883063284863496
P05043	1	72.31750969051167	39.56424602004608
P05044	1	51.698340118234306	51.02025915732516
P05045	1	29.93357648044273	44.90863605072099
P05046	1	57.52662232205357	61.19491799430928
P05047	1	45.29575561932068	47.66845579852826
P05048	1	51.595455770575334	24.513350407664937
P05049	1	55.837536377582836	45.484060863947114
P05050	1	42.144914469112834	59.8071756256216
P05051	1	41.37107558286328	65.65480057640386
P05052	1	58.981253785803915	52.03634956912091
P05053	1	29.62100686246353	40.355783634191845
P05054	1	76.88094724278018	54.2574997498003
P05055	1	41.85844073583056	62.49255457620939
P05056	1	46.578109543393744	54.28325772278087
P05057	1	51.33067705979631	35.99555364950989
P05058	1	47.33960337810704	50.581003877183846
P05059	1	57.70570902706013	42.632451211824495
P05060	1	46.85211885965958	50.62307091601549
P05061	1	59.813227007682876	35.184003687792696
P05062	1	38.44558867583984	33.52281702897683
P05063	1	28.661320138540574	37.453782637007095
P05064	1	55.48110322636934	71.19060360424211
P05065	1	51.24613338488094	46.78799848361718
P05066	1	60.8912581479288	46.64844458104091
P05067	1	50.89415927141765	54.62784935032552
P05068	1	57.310025169486174	58.355450735335886
P05069	1	70.19557495417658	38.05411008852732
P05070	1	53.51635055211198	53.86583299121335
P05071	1	31.279770636298462	52.22543703220272
P05072	1	54.82057604617258	54.95222983047627
P05073	1	70.97826776027715	58.31168303048872
P05074	1	50.86248479090324	42.624350619086336
P05075	1	28.367681052112047	46.768009659250936
P05076	1	69.65275072269685	65.7768867121723
P05077	1	61.853235885134474	46.77200690640955
P05078	1	63.19318675652971	49.684808529207274
P05079	1	54.539322543531696	44.01605630355054
P05080	1	71.6308710380607	52.57153933090599
P05081	1	38.41561680998097	26.147058200690203
P05082	1	69.78169292670884	36.037677181194546
P05083	1	52.438088950544895	74.10138993007276
P05084	1	40.002264893985824	40.52928899119608
P05085	1	63.817908767137794	50.671059558312564
P05086	1	66.99919412747049	47.000121849602806
P05087	1	45.62844690268632	37.59643876979645
P05088	1	43.62468187521305	51.59169143303912
P05089	1	39.06043738428794	35.008578774955176
P05090	1	60.686782223731456	60.092694517183986
P05091	1	34.6002567787359	47.40948248683466
P05092	1	37.35112525314969	53.67035240513458
P05093	1	65.42663247139404	32.41162796750916
P05094	1	28.355572550150868	45.51900724031575
P05095	1	54.24178043024582	40.976624749303646
P05096	1	31.724802915262572	36.880477317939075
P05097	1	45.260893621550146	70.92815104264113
P05098	1	48.63914450735261	47.940538580273795
P05099	1	62.175804720910946	49.95627677650675
P05100	1	67.29480422586154	42.62016757898703
P05101	1	59.415273097002846	67.40473928328352
P05102	1	55.59630553136757	31.729638074446264
P05103	1	20.193308870230965	41.913095411408406
P05104	1	68.65647476326313	62.037306966033384
P05105	1	47.20942106613263	56.410617847033
P05106	1	54.79118440642561	58.606191511019034
P05107	1	66.15748709751426	38.84709246822289
P05108	1	49.909950696653084	72.40870052770741
P05109	1	48.56602064892016	36.883773788016114
P05110	1	53.648910992874626	36.815258568970975
P05111	1	60.1585968611908	47.99609845927166
P05112	1	67.03013260277537	62.91721545715851
P05113	1	58.98305070740801	56.53479435436031
P05114	1	49.4892002253105	44.047956084040315
P05115	1	66.40561082346458	73.63751400219547
P05116	1	63.7098588713459	60.235235118532216
P05117	1	52.82610559222425	60.18037766863666
P05118	1	53.33405791067752	63.42280892876664
P05119	1	45.60332672403565	51.89601997416518
P05120	1	65.92933225709962	65.6828932114837
P05121	1	53.88465639751699	44.451600752578564
P05122	1	64.97854368917183	46.21064620532738
P05123	1	54.70824320627483	37.21823027802186
P05124	1	31.62232669204469	31.21451193761623
P05125	1	47.235843251234854	44.45026362218719
P05126	1	44.08001771484593	53.15083422518333
P05127	1	57.38492650207136	67.97037648021991
P05128	1	56.89449650511219	45.857640246965715
P05129	1	36.26626974732045	45.425459498463546
P05130	1	39.68588660938449	39.15527090516269
P05131	1	75.61912652689331	67.82648154338979
P05132	1	63.77947488656854	57.60659120746806
P05133	1	57.827560989078044	43.03080320701008
P05134	1	45.170250679782235	51.603338355692934
P05135	1	71.89901711308299	55.82821319677999
P05136	1	43.28228638779516	50.93145127479334
P05137	1	49.52352778551712	24.648756851022856
P05138	1	46.54956474459641	43.51060544696616
P05139	1	35.24860289126117	37.38750758476243
P05140	1	54.73660483802398	49.67703184954017
P05141	1	48.53017930712391	54.75305281043604
P05142	1	43.19590468452895	45.55936708508157
P05143	1	37.424245071583734	37.898948883038116
P05144	1	60.556429834329286	61.280068565805024
P05145	1	34.23103903860243	52.02799466519729
P05146	1	40.23363215030837	35.39728259891045
P05147	1	65.62788873777045	42.61486443815605
P05148	1	43.715970282674725	36.67879285687802
P05149	1	37.23842577984938	68.0064039030525
P05150	1	29.034092145134863	44.30205722953582
P05151	1	42.05727097241002	55.24515804299381
P05152	1	59.92069659633865	45.38859467339456
P05153	1	34.380618686501734	36.1257917142474
P05154	1	43.98661686898156	63.99336136158934
P05155	1	33.648735170586185	36.98561017603027
P05156	1	56.73603668499395	61.962621244332155
P05157	1	30.863103874972758	61.82398222436912
P05158	1	46.13489067303918	45.572533977826
P05159	1	65.33971186676621	52.552377388040526
P05160	1	47.439455114625666	52.91945854142244
P05161	1	53.103339704544595	42.58190365902752
P05162	1	60.752982587062725	33.710137786432014
P05163	1	53.018666511901436	71.97804431503701
P05164	1	30.590718717009885	35.17741082809022
P05165	1	68.49427376334816	49.69927930577555
P05166	1	64.3264017871132	55.64873115692431
P05167	1	35.6209795509801	37.87336338310092
P05168	1	53.58633392687758	25.26171330604614
P05169	1	44.20848231432912	68.16681442081037
P05170	1	58.553076934041925	73.59342022901609
P05171	1	45.04170844330703	47.088494880864815
P05172	1	44.92944654942603	57.086164061476865
P05173	1	17.52033106514908	34.08273404034221
P05174	1	48.03416043882038	70.73507130068329
P05175	1	58.14773390353132	48.29906202891283
P05176	1	30.220088552950013	45.97677654692083
P05177	1	35.33082012649321	51.993439409090286
P05178	1	51.65801952358673	54.282870097566445
P05179	1	47.95008963716701	43.91087532124504
P05180	1	69.08733202068385	65.33176896355697
P05181	1	32.74690151395576	43.16623703071259
P05182	1	30.685815143092174	38.631792480832516
P05183	1	59.693587871191674	60.5290304144525
P05184	1	71.50811406886967	70.78216100038684
P05185	1	49.83314810596546	64.48686388993991
P05186	1	36.24001975991748	39.104827150065354
P05187	1	41.91870775037579	49.219880833488865
P05188	1	59.20627883444801	38.09215445719343
P05189	1	55.93396820829681	55.049364760282295
P05190	1	24.030272580511387	46.92969252203547
P05191	1	73.63380924305531	72.59968587234255
P05192	1	50.01278375526519	38.316284616547385
P05193	1	70.88757946602905	53.58122588254803
P05194	1	48.45888037804406	42.14065963307048
P05195	1	63.91363844056846	65.9041135396936
P05196	1	63.25288895765565	59.94332170986889
P05197	1	32.71630955510169	39.30487085928947
P05198	1	47.50437566845543	50.090231553151106
P05199	1	50.722183229279295	73.39199524082319
P05200	1	55.80895447679056	57.48804356013073
P05201	1	47.49192864262341	59.52008548102657
P05202	1	55.690911505021134	42.78711156132007
P05203	1	49.25629556010538	59.38699998411628
P05204	1	51.52366395918544	39.63577095420105
P05205	1	53.379048412550056	26.069779209028674
P05206	1	50.61354753373924	60.90870098067468
P05207	1	41.40743336695476	46.914160814408035
P05208	1	41.92686963657716	33.212880106924935
P05209	1	55.05028971046624	49.93553352571182
P05210	1	55.524949363620586	41.86753160095699
P05211	1	58.12531690330377	55.89072945322969
P05212	1	40.87087136349983	51.896246860310875
P05213	1	38.331935327660275	44.203906420393125
P05214	1	26.97811512690013	52.93487125198952
P05215	1	52.72379082148272	27.706993321826396
P05216	1	42.78819178353413	44.09754539516152
P05217	1	52.055968877743865	53.87462649831298
P05218	1	28.88691159826841	32.65384840518107
P05219	1	32.97939146626391	32.539057419621585
P05220	1	59.77867990674131	53.46034981843762
P05221	1	42.24359100045757	69.05621505113433
P05222	1	58.00975860685254	17.389617045296887
P05223	1	56.15329325293932	57.3157421819362
P05224	1	59.762719121285336	32.82341358561012
P05225	1	70.73294941021864	53.43555856669636
P05226	1	67.38381167105223	73.57458087765987
P05227	1	48.29265670670086	62.74741546781614
P05228	1	49.2551203933457	34.662522634258984
P05229	1	56.29879770599495	39.69911673178514
P05230	1	53.703366957429566	57.84476302379624
P05231	1	62.36431899462562	59.207392483711764
P05232	1	47.73495591430958	73.40211290952256
P05233	1	43.76647068543613	49.252778754328176
P05234	1	73.22310362087177	48.79645322454658
P05235	1	48.43365561484845	61.903207508378976
P05236	1	54.62061214107611	51.493288314336795
P05237	1	53.81104195284516	44.89265408398505
P05238	1	75.28598625770817	54.17881759091982
P05239	1	84.7070413313065	51.769136065354544
P05240	1	36.352608419039086	64.73422824257497
P05241	1	43.01347224039713	54.981410417920074
P05242	1	27.25685169856999	39.95019596742371
P05243	1	49.93683764386003	49.01090373593432
P05244	1	55.2444378611301	15.746717667521374
P05245	1	35.978368086525215	57.96947139499042
P05246	1	37.90582498794111	32.12542132194341
P05247	1	41.046146779435226	42.29583560994114
P05248	1	56.527903307690835	39.4320042048098
P05249	1	54.47764947206398	63.435759352206205
P05250	1	34.68488906343134	54.512998680864804
P05251	1	65.4271536557724	41.91343515379038
P05252	1	49.2292349033903	54.36012671653971
P05253	1	74.23971275426754	42.832031149449904
P05254	1	29.539447142948653	34.44330828632081
P05255	1	30.672727786802326	18.605723640602477
P05256	1	47.87079103874475	60.9514271484673
P05257	1	46.155457761920275	58.924423009850955
P05258	1	45.253282565744676	27.45732455896947
P05259	1	79.27492948076048	52.428158294696196
P05260	1	59.04285338894607	43.785218028896054
P05261	1	53.65153313613313	53.37789670536789
P05262	1	61.75639751520059	42.314425370269774
P05263	1	83.66985823735351	46.84990100648452
P05264	1	49.15441217947979	32.212507741968196
P05265	1	44.03053791145451	23.92435709705528
P05266	1	48.722709604708086	65.13229526049156
P05267	1	13.492854551448495	37.0386252858134
P05268	1	43.35156811579794	51.821428596289884
P05269	1	54.106070026256106	45.007478450094
P05270	1	38.48182019708517	56.962845574620424
P05271	1	51.70806938944459	41.79942361151651
P05272	1	60.60188322286157	33.642798567048985
P05273	1	55.693006756624776	71.92373061973223
P05274	1	25.753206588220493	37.10329403120865
P05275	1	51.43302008252401	61.66609300329572
P05276	1	67.49902709713885	20.569193632060816
P05277	1	41.20939152433308	59.432920549067944
P05278	1	59.32612448208955	54.400279609060426
P05279	1	55.72845663137896	57.04368139592596
P05280	1	43.931167545729174	38.148902137353275
P05281	1	65.06926053917164	68.18958325481005
P05282	1	63.195522894475815	34.06721259018926
P05283	1	44.704638247542256	71.60563318836338
P05284	1	60.239834647141194	56.508399641581526
P05285	1	54.63308669187014	64.87686504487397
P05286	1	27.4766694718189	50.03269410486352
P05287	1	58.474720819973655	42.63460840257212
P05288	1	63.35707584260892	63.28685169664427
P05289	1	45.71359671232622	58.611607129285375
P05290	1	37.548978151019725	49.409090398356966
P05291	1	54.95111554356127	68.32009128048584
P05292	1	44.2980987087193	52.058247497063405
P05293	1	42.50647622383977	32.32665373235291
P05294	1	45.43280104751825	41.47374784481798
P05295	1	66.31474392047228	78.50916542312555
P05296	1	48.05430730486459	46.916750857237204
P05297	1	67.49451535513104	47.47912409196597
P05298	1	60.87732884692163	70.19042176097669
P05299	1	36.63305928402907	68.69900040476554
P05300	1	50.86228214784101	75.25507988330585
P05301	1	64.40643497547454	57.12078513105507
P05302	1	58.47324635142804	56.36081568799272
P05303	1	50.95208209559281	49.60318958475715
P05304	1	65.3692196277121	49.955064595650015
P05305	1	56.297357405853916	47.06919444455696
P05306	1	24.21243031588138	37.878766172182054
P05307	1	19.648448994763918	54.49018684031768
P05308	1	40.73373838378116	36.06688884447437
P05309	1	45.28438565937775	59.3112136016422
P05310	1	31.235599030189128	50.53341770173587
P05311	1	48.32770120794079	80.64094050303822
P05312	1	61.25652414722366	56.040750361649884
P05313	1	39.99560758952959	31.157369458088876
P05314	1	56.946145714980716	63.852478365774715
P05315	1	63.19643236880418	39.278079954527556
P05316	1	71.96096248220067	53.602059584079086
P05317	1	40.67303217237399	41.366991533962484
P05318	1	64.70629597948981	47.76402226404624
P05319	1	56.97461070397901	61.13166815778251
P05320	1	54.519065388475674	49.06084305772406
P05321	1	52.3662853760133	38.425588095174206
P05322	1	39.44363407324515	44.589145168807654
P05323	1	34.167614366629564	39.26924451791881
P05324	1	20.752134809900678	56.97840027877328
P05325	1	48.00170632578706	63.51219432214503
P05326	1	27.4067003891395	32.25203064426206
P05327	1	46.32460768928951	54.457944664516134
P05328	1	61.52078918161587	56.69878933080115
P05329	1	57.07175597238136	50.31144892044091
P05330	1	61.65611566163679	42.67653209332758
P05331	1	24.80859681394207	39.495961284217806
P05332	1	61.10214429791516	58.264747628884464
P05333	1	33.08915778147611	60.15905987045973
P05334	1	32.18510847594777	39.08476696405385
P05335	1	55.62906116215034	27.455425795515318
P05336	1	46.635488777053254	40.92748307376495
P05337	1	55.72054239893887	56.49901262948472
P05338	1	26.221130236740095	40.21556370435914
P05339	1	49.488765075627164	41.7840023029934
P05340	1	51.92969934552945	42.58979753043133
P05341	1	53.780166445225355	44.863201087587115
P05342	1	29.315593974504274	43.75376593797266
P05343	1	47.55149279780019	41.592249897605306
P05344	1	70.7923661680723	57.98928885057213
P05345	1	44.26904306433303	51.29678987812164
P05346	1	41.31008964505444	39.951843421602334
P05347	1	46.20972830973455	52.024737434061365
P05348	1	39.34522839717777	52.25781508883781
P05349	1	37.73725733227213	28.485691758773395
P05350	1	63.991172649780644	54.240384827915825
P05351	1	38.05674596051211	56.31582716751723
P05352	1	56.54809014152676	53.77825426490989
P05353	1	47.782862462030025	44.64700935934942
P05354	1	42.59556841185771	56.16839193923352
P05355	1	21.390802627625444	38.20715150029102
P05356	1	45.27266524584818	55.36380810847171
P05357	1	73.5492718383985	43.57692418793006
P05358	1	38.442346941406214	37.225065098178646
P05359	1	54.00848593468685	71.66651299159385
P05360	1	63.936783505656415	61.12876001855302
P05361	1	63.570669176839665	68.68133674779439
P05362	1	41.720159093713285	57.49511512721908
P05363	1	58.43238883350838	32.830371138219505
P05364	1	37.35716333141141	43.988742351309654
P05365	1	84.51094880775506	54.832097295420496
P05366	1	36.29726047101644	49.88284622415232
P05367	1	38.21272004981653	59.4185459194332
P05368	1	54.684976842113905	45.16887093020746
P05369	1	49.58185048261161	45.128664196298885
P05370	1	55.72302554476213	63.0396814488556
P05371	1	37.46576106419101	43.467427228452685
P05372	1	79.61281052908205	69.09365347573888
P05373	1	44.72968415952263	47.517670799097026
P05374	1	55.64154211666868	58.16781033070537
P05375	1	58.889043331858254	53.8264835816077
P05376	1	50.35151297355281	46.655404076468535
P05377	1	52.58198393399317	61.61229961459794
P05378	1	47.28617384583461	43.6366466623467
P05379	1	66.78787137820262	48.28075615665168
P05380	1	55.36853763025369	28.5028161905636
P05381	1	41.89002908439998	44.28896484727886
P05382	1	36.58809812871081	35.02536383511299
P05383	1	54.52288028179246	49.68657436115459
P05384	1	51.60237386085677	56.468259203871064
P05385	1	42.429653199879816	51.949910802552814
P05386	1	53.3277570233722	36.16564115798111
P05387	1	39.330962396827076	25.19998436772972
P05388	1	44.643672421264775	28.32945501041523
P05389	1	79.33944975712893	50.31882883612945
P05390	1	80.03245959136642	32.06696245365495
P05391	1	60.38446837226357	55.452190586983164
P05392	1	59.010819717459015	39.54559715548214
P05393	1	49.933977839514334	34.81130187490795
P05394	1	68.0921460416759	54.70956518332577
P05395	1	56.65510141590921	48.24443187113513
P05396	1	24.325812217631963	56.973133016951685
P05397	1	40.34523642013763	25.416928169521555
P05398	1	26.69470165944032	31.308444465646296
P05399	1	53.2209755547801	54.302255790916995
P05400	1	57.847455830520154	54.79623211237216
P05401	1	43.49394827564248	49.8268975600589
P05402	1	31.68101053835498	58.498575439007695
P05403	1	41.03959893604596	57.24866046984915
P05404	1	49.11262691293143	66.21061822772748
P05405	1	33.165393475015165	27.570003857926082
P05406	1	50.53193025049044	16.267371507693433
P05407	1	46.59284950188258	42.802390032001334
P05408	1	46.7558990181972	42.197553441652275
P05409	1	48.506571987835315	33.802433348800506
P05410	1	45.65839684031738	43.00284197195977
P05411	1	46.53099680854209	53.250291944227634
P05412	1	42.54648846460245	61.97406592873085
P05413	1	47.7514130594567	44.017086087935695
P05414	1	41.432721354605555	49.79779554850797
P05415	1	46.95531230289755	53.043494174927496
P05416	1	43.96356368641546	50.036520872874405
P05417	1	36.92599277050433	35.4710976856891
P05418	1	42.8843232064575	63.533127631800035
P05419	1	51.04590883372517	32.78057497916358
P05420	1	58.7458242882562	55.66355910549989
P05421	1	66.99904082600885	68.17424655906737
P05422	1	34.63552297393943	39.77340742372262
P05423	1	79.93636827931522	63.53558525234547
P05424	1	41.04497273692486	43.070152584519704
P05425	1	32.40928003916843	46.91942116521356
P05426	1	62.41615499651082	61.22282263583343
P05427	1	37.78893989013644	56.7554731966431
P05428	1	56.01365704108066	62.63475052865934
P05429	1	44.7335703827148	33.432033899022215
P05430	1	52.67831008698737	43.73676343707056
P05431	1	46.88688170674705	29.464454491342757
P05432	1	45.91670895902362	68.89164181402575
P05433	1	50.1731404467944	39.76110561901429
P05434	1	48.037323974600234	57.238647653824835
P05435	1	57.313314035639124	33.49787946092314
P05436	1	35.24565151999603	50.670423147678065
P05437	1	50.88933920325444	50.97298710837196
P05438	1	25.276861287595995	48.72220759494746
P05439	1	51.9887339612696	42.67332154911484
P05440	1	77.34677357865742	48.91884085572073
P05441	1	63.13974737269885	66.40259982507627
P05442	1	49.869584899883385	47.36561956883838
P05443	1	44.569957274367525	45.41327653781027
P05444	1	56.62527071036799	59.35143724318076
P05445	1	46.28683647357511	53.518090679200014
P05446	1	56.7496422789128	60.09644226705799
P05447	1	61.02267938332189	57.43477126868595
P05448	1	45.97450326098693	51.50532423053908
P05449	1	75.87483803661314	74.44647305895631
P05450	1	56.05149075426736	48.52856858931913
P05451	1	66.35708970154373	50.58249888141854
P05452	1	51.174090510992876	64.36599064969162
P05453	1	55.166571633751744	54.13597736857001
P05454	1	51.413863846651765	40.53325804216952
P05455	1	41.65007030147103	21.37019425360109
P05456	1	52.916311389594085	52.67728397088743
P05457	1	51.39089940788796	53.775660490512735
P05458	1	56.927525391997676	67.13385193936098
P05459	1	35.31901458554232	67.9911086745418
P05460	1	32.570851137696195	59.66460493919981
P05461	1	24.03417143561562	46.730181652152204
P05462	1	48.12784416263315	59.39705200147802
P05463	1	48.205003900671116	57.406652239695525
P05464	1	47.391327198178374	18.632073979523327
P05465	1	70.86909770071694	50.936502239635196
P05466	1	71.39689904086681	53.20081612501333
P05467	1	63.38609497490754	75.56674448593715
P05468	1	43.38981311492906	45.419103871042346
P05469	1	40.00902391544529	49.12054749069552
P05470	1	50.88234835391305	45.44452086051991
P05471	1	29.355138822796764	51.39576757905435
P05472	1	24.245128232437203	51.825689232637345
P05473	1	53.00404887475478	53.28730898613764
P05474	1	66.10245513435224	34.7895608723599
P05475	1	43.63455607128664	52.47162481841286
P05476	1	52.55337664682579	49.10263498948413
P05477	1	51.803716305697506	60.83814768322658
P05478	1	56.75054291167966	53.85506671747231
P05479	1	50.33265334854846	39.17320035367864
P05480	1	65.94823036077953	42.43426863724171
P05481	1	44.64656497120385	50.69863759882425
P05482	1	27.318901620967246	50.22014960691295
P05483	1	44.29347526461744	29.848894536591786
P05484	1	43.34471718472542	30.191821768216016
P05485	1	50.61610459908333	21.427309515395404
P05486	1	69.44665922891478	42.2853171078672
P05487	1	52.32905210352977	62.261762207247955
P05488	1	44.25761138627523	49.260449016875484
P05489	1	34.633228747235066	53.29700679571677
P05490	1	58.60957339177689	50.02039836242369
P05491	1	11.687254640169366	59.54701592107922
P05492	1	65.97752144070975	36.73075279690717
P05493	1	54.744168802261214	47.44161013785737
P05494	1	47.6370868674454	50.605890141828034
P05495	1	42.94554428955067	55.42198411629754
P05496	1	59.5255091054372	52.48950624306028
P05497	1	21.64624465902508	52.66639542210433
P05498	1	55.519277552927264	26.64233527308368
P05499	1	45.0092585796285	45.123618969582395
P05500	1	54.075709482634466	23.06914673356954
P05501	1	57.06412543817601	51.06701528773357
P05502	1	54.694524331351154	58.74592494177712
P05503	1	19.070801990854452	34.50141773655308
P05504	1	54.28024852649631	46.3915783933912
P05505	1	53.06005294294021	71.22654976407438
P05506	1	52.70384263086542	44.00225918040762
P05507	1	40.963088045508584	44.42828327320678
P05508	1	52.625214096668984	70.19056226150147
P05509	1	65.75646361737093	67.14304064827233
P05510	1	38.5588324155237	42.779835865497226
P05511	1	40.50275674900018	42.184164140491404
P05512	1	52.44940559452341	37.51595260619764
P05513	1	59.302496581087574	40.252339562873516
P05514	1	44.32285792988337	65.13907361605946
P05515	1	65.39843492535837	41.10520651465018
P05516	1	47.61674196374544	45.949599612118334
P05517	1	72.9720905116818	59.80920975077286
P05518	1	45.17957880798491	55.5290905355431
P05519	1	60.72719223539719	39.8978859573389
P05520	1	41.77913894837101	21.04952118483143
P05521	1	56.034330824899435	49.13260857271466
P05522	1	56.25992496597931	41.85677470815869
P05523	1	41.32363695267135	48.93677275033253
P05524	1	66.34288431874994	79.5655917492042
P05525	1	64.68602069277748	46.62857684179295
P05526	1	32.00802604445108	35.41496514731949
P05527	1	51.70075947553534	41.87372745633789
P05528	1	33.25868472030886	54.95029424995206
P05529	1	55.98489323290438	46.16079851957806
P05530	1	49.04042968055437	65.43604155453494
P05531	1	51.60641714152516	63.16009970974709
P05532	1	36.55893753327957	41.306052879376
P05533	1	39.42916307349366	47.67126343194065
P05534	1	52.057736595247334	44.289295523935365
P05535	1	51.983497783108696	28.767262322507012
P05536	1	60.115918795043086	67.98822891262337
P05537	1	51.26148933924536	36.318615731280936
P05538	1	55.85182598180325	41.703293434664914
P05539	1	43.731784819694504	67.7887937442228
P05540	1	51.125980561986566	47.3061908852174
P05541	1	64.85972631098092	58.91507413555523
P05542	1	37.107082986271514	36.49536808617297
P05543	1	62.113959949167594	58.90059604502073
P05544	1	52.061220811975026	41.866602669754414
P05545	1	38.4134312933984	25.222408327440682
P05546	1	27.053647125895555	17.453026144868392
P05547	1	64.78785492524564	50.60522954700481
P05548	1	69.35418499324095	54.5158139004431
P05549	1	56.17985182392208	47.76149765324467
P05550	1	59.72551469258241	48.34057091807283
P05551	1	53.363698563685034	46.47221420915634
P05552	1	52.22066971072824	50.333293268924706
P05553	1	26.4770694180138	50.135936389698294
P05554	1	40.575207356453646	65.1890003780677
P05555	1	51.322269214334675	58.381560130919134
P05556	1	37.69886581798227	45.956263630205676
P05557	1	48.24225067315339	49.68651122685038
P05558	1	25.48589857872843	35.423463810861925
P05559	1	36.11617470335766	42.839303392847256
P05560	1	52.21193947428765	27.741638904417872
P05561	1	26.930800471280435	41.70957657592097
P05562	1	38.11569931765415	44.88076297651711
P05563	1	59.25436939500577	59.781203884559076
P05564	1	7.294931527530041	42.485683245649255
P05565	1	49.26939007262817	65.54582369967576
P05566	1	26.144306839585738	49.658181073434555
P05567	1	54.82418676811439	26.23931007232708
P05568	1	68.06391957427739	64.0448185188507
P05569	1	77.01040083120176	66.26720986226005
P05570	1	50.13611127392069	52.56060708868499
P05571	1	59.778083085067486	35.8546021243085
P05572	1	57.25678764668227	29.94130703649525
P05573	1	68.46266776075507	57.54512582941442
P05574	1	52.316362938216535	38.11551669888956
P05575	1	45.54894006926277	50.77481753315649
P05576	1	60.98335819946937	48.103053340302864
P05577	1	60.12424032362896	36.0432314058933
P05578	1	64.8704094553291	34.59164004728659
P05579	1	53.42633555039899	66.51867636035328
P05580	1	30.05772367242522	41.664840215564716
P05581	1	48.49507575422282	32.58386437182671
P05582	1	53.39592476918475	62.39386031808576
P05583	1	63.88065461633913	35.32912358333014
P05584	1	58.76370431239585	42.79460956047912
P05585	1	50.27309494679808	46.654941047927196
P05586	1	46.069005942223995	52.39971208163079
P05587	1	45.76299469971549	43.3788664557636
P05588	1	54.968899444594534	57.213505827240304
P05589	1	50.38501584289151	45.93527640040354
P05590	1	42.333099204625526	50.122050432197476
P05591	1	58.84365444346957	56.886464147599426
P05592	1	64.35514005722122	41.20971435804502
P05593	1	54.79796500660003	26.23124431703415
P05594	1	59.75630522137171	54.208509007707875
P05595	1	52.9853950830588	67.9701997296085
P05596	1	45.84120895799978	50.5927878027689
P05597	1	39.062242030968854	63.33762663660659
P05598	1	46.57950792015343	46.5662063770773
P05599	1	58.64223201501417	48.55682926085874
P05600	1	32.6498413486755	40.30480155501603
P05601	1	49.998066833281555	57.65388794189257
P05602	1	51.127479118545274	44.03745972268282
P05603	1	55.93714158982501	26.10599795729098
P05604	1	40.472943684081095	43.34594169716194
P05605	1	56.0808880291145	52.12378319125204
P05606	1	64.72200735423415	50.017416265190334
P05607	1	38.599951450280976	60.572010962866365
P05608	1	49.98209876597302	33.55380309680014
P05609	1	50.6575449354339	29.690750260101645
P05610	1	57.35925641851554	38.69770628690439
P05611	1	49.419948065559	24.21555004742886
P05612	1	58.24922887148874	66.01420661947157
P05613	1	64.87667873789015	45.78765731129765
P05614	1	39.364024720846984	28.776654585114876
P05615	1	54.18112336177078	59.528935095669944
P05616	1	39.95594400266359	62.132380093895726
P05617	1	49.630263547966784	54.0278785357165
P05618	1	70.99890058097559	62.33044750107802
P05619	1	58.31773557309939	75.13962893691625
P05620	1	57.996175266986036	40.255620566693224
P05621	1	55.93665455989466	46.411385757771555
P05622	1	49.118551597827235	60.186442693740865
P05623	1	68.15977655412102	25.582340592763657
P05624	1	62.98121280495144	73.09316939260744
P05625	1	49.756027739264034	60.89933421575933
P05626	1	65.87360744136602	76.42857518452503
P05627	1	58.54634089980178	78.97605985944146
P05628	1	38.30143467479143	36.12730230596977
P05629	1	42.23805356717925	69.7826774822284
P05630	1	65.80778364986755	19.648380710803742
P05631	1	71.57282226826197	47.089713239426445
P05632	1	86.22212206870739	48.84428443421672
P05633	1	40.594093473836885	64.16996695342813
P05634	1	34.32010626628066	42.52301797438907
P05635	1	41.12106342770706	48.98931494180566
P05636	1	46.886459472843946	52.575389817915735
P05637	1	48.429333828619306	68.43964114934141
P05638	1	47.735562919042536	45.33968742141977
P05639	1	18.701189190020887	41.994912820875236
P05640	1	71.47156625526247	51.17832332718288
P05641	1	52.34215438065026	40.39919245530306
P05642	1	54.03047241833846	37.34881447107111
P05643	1	41.16747198271839	56.32830666240716
P05644	1	66.48458328706513	56.2712456838592
P05645	1	71.09533250570077	59.964812942107464
P05646	1	36.46996931824471	19.199294504664614
P05647	1	64.92918237590442	55.213629592513605
P05648	1	31.34173055737443	51.478172608212695
P05649	1	51.95223333322047	43.746798528807886
P05650	1	28.47661141778103	56.202965469974984
P05651	1	72.75104767661121	64.65301745257672
P05652	1	60.154168598136486	49.45606280377081
P05653	1	57.97168832451109	39.92231447444845
P05654	1	60.11427626600287	68.27045673143539
P05655	1	55.34228788756112	30.032161758611878
P05656	1	61.24441508154441	63.4410150605649
P05657	1	60.20831467583117	58.84167174138129
P05658	1	71.91757684414834	42.383189902677415
P05659	1	54.409890774946575	27.969477261020177
P05660	1	34.85618865553767	56.47995443593105
P05661	1	46.217111202682126	38.905780303651746
P05662	1	49.20579609070725	45.87952615050196
P05663	1	71.1064025747198	33.69620344379534
P05664	1	39.73721299836984	54.47831364741761
P05665	1	35.14208409863974	43.25886715994699
P05666	1	35.83897315948758	36.09413293749935
P05667	1	58.82500204855241	47.12423943867006
P05668	1	32.202602346521005	56.942435676253744
P05669	1	49.04898522695662	52.07818712662377
P05670	1	57.15891015603252	36.7984625575245
P05671	1	52.23422170187306	42.76962249386584
P05672	1	32.82508441934763	34.65669571588492
P05673	1	58.82615157631938	53.582645020460596
P05674	1	39.714963819718434	68.5621101603187
P05675	1	54.24918236532732	52.55830578725934
P05676	1	65.73989354903661	54.30595254128926
P05677	1	41.00685304162538	34.36510434684338
P05678	1	62.159478257189676	62.02359992273596
P05679	1	53.61933279434413	63.8448390025693
P05680	1	33.5154812763422	50.72325133155764
P05681	1	58.099196504894834	49.37459289065237
P05682	1	40.700700849145534	42.852281069421714
P05683	1	37.40062178982908	31.841103319355867
P05684	1	32.59187504686791	39.74980104581765
P05685	1	42.848115252112045	23.777663973665884
P05686	1	56.30266875490159	57.05279076349019
P05687	1	57.60256519083309	57.7903837879076
P05688	1	37.51887927890723	55.96782205182688
P05689	1	34.618268946567554	32.77572413515658
P05690	1	33.59538346015261	48.80704581031482
P05691	1	48.94664190937196	58.82739276498052
P05692	1	57.165491751536095	58.11641831038077
P05693	1	27.606829609551138	10.184144147534598
P05694	1	48.03230117355034	58.240885772769204
P05695	1	37.276445195149726	39.942531635791916
P05696	1	34.40580583775723	12.783351914447268
P05697	1	37.052227210916755	35.85824894443424
P05698	1	72.05772684898054	53.70097130865857
P05699	1	43.401833681945384	55.893999037737494
P05700	1	40.96412924597711	41.443404394217396
P05701	1	55.7060957444072	51.40776190501525
P05702	1	49.34869837762226	51.24725162584214
P05703	1	51.84537702341539	53.246356946983596
P05704	1	45.37293258328718	20.400025302329617
P05705	1	65.318077528055	38.710806120458415
P05706	1	40.7950751434378	49.42918898045129
P05707	1	40.25029108112448	65.26721275797917
P05708	1	36.49445526135614	37.55483109839845
P05709	1	33.92117622669419	44.009662875670124
P05710	1	23.376462550500896	50.830142426116225
P05711	1	53.449929590849216	40.5331028956495
P05712	1	47.3644230882832	51.159506430543146
P05713	1	60.35455125730687	47.5040269132962
P05714	1	67.19381096364891	71.6363886170455
P05715	1	67.3516655475844	46.75858933512391
P05716	1	54.30167970580846	50.79093105952615
P05717	1	44.7892649019389	34.868672878943144
P05718	1	69.28655049865631	52.257126450723526
P05719	1	50.73952666054471	59.67128783432335
P05720	1	37.44123239845261	67.41601403233886
P05721	1	75.70236388229023	75.72875199278994
P05722	1	58.163525230276676	43.03620866365764
P05723	1	55.74781752728308	42.38783049689661
P05724	1	81.58141645720158	66.48838984524319
P05725	1	38.61401850635076	43.9166074673134
P05726	1	62.6216843207365	57.89782479718417
P05727	1	31.246883947462763	43.089794795941536
P05728	1	53.34472864138766	46.60010253247812
P05729	1	50.512988398512036	47.08498921446911
P05730	1	74.12984221452292	55.240107749206494
P05731	1	34.02556169075132	52.6755297443491
P05732	1	39.423626769142714	34.06932703044066
P05733	1	16.40721455196214	46.30614051143889
P05734	1	59.7745622619236	56.11695586226894
P05735	1	39.0320511740569	55.8776651908161
P05736	1	68.1409130103825	59.63361977345221
P05737	1	24.88653029357819	22.268871301460386
P05738	1	83.36436581316651	55.34507907201704
P05739	1	59.50253923379449	59.687150368086755
P05740	1	46.29073765163532	53.57435077584922
P05741	1	40.48979700845231	59.24733232169527
P05742	1	36.02803378013838	28.6531124576661
P05743	1	76.15822941654636	60.31343087274526
P05744	1	33.78095235226227	51.66112787173946
P05745	1	55.138120746883004	58.791601367007395
P05746	1	45.55353436378604	48.16839181428057
P05747	1	68.54148121693748	60.89537617627521
P05748	1	46.604195388960285	44.62803547827449
P05749	1	40.25675822320116	43.27189666744989
P05750	1	33.55217643242484	62.087567450813395
P05751	1	47.84493615842875	47.68283429288129
P05752	1	54.269542879158664	24.539006643074913
P05753	1	29.270342187010463	56.485721585597666
P05754	1	51.0951343124644	58.368427013487384
P05755	1	27.59124573028494	56.22247891417144
P05756	1	43.48490738881781	43.92456973665248
P05757	1	22.02819955558032	19.13518511262709
P05758	1	82.24098083419466	59.51578903892861
P05759	1	58.91704186415411	57.15794837082419
P05760	1	50.89592170863544	57.307584273712536
P05761	1	56.263352772539676	38.108631688977525
P05762	1	59.25832295444387	43.205896593299926
P05763	1	64.28783037504827	41.769800776942525
P05764	1	57.98648783340279	58.045980801467145
P05765	1	51.090885257962796	35.790172665598355
P05766	1	52.42948549475763	72.25934954823732
P05767	1	54.20551814851717	36.292147359098564
P05768	1	49.46621488292834	60.24151513625299
P05769	1	36.951781224657104	26.258538762331668
P05770	1	37.01154848897285	49.9860527617174
P05771	1	60.212007265350145	65.54727372492029
P05772	1	53.08754402787234	49.281068451641175
P05773	1	61.277429689786956	34.90724115047864
P05774	1	35.18757253401548	44.984392606093685
P05775	1	57.86706734723698	75.3161955393885
P05776	1	43.66269588521187	66.13012019958451
P05777	1	37.04100675290268	43.49544275911907
P05778	1	39.29588067269079	46.19345675525654
P05779	1	56.02977989394335	37.411802263179254
P05780	1	25.7209381590049	57.79379898774353
P05781	1	18.916712220619022	23.769836676609962
P05782	1	36.827494777140714	64.00295880590568
P05783	1	57.147852874799405	39.894119888053346
P05784	1	59.11886649648791	59.12578162695457
P05785	1	42.93482426049734	26.384502692887448
P05786	1	48.08366692217555	55.862775031733214
P05787	1	26.928304837907326	62.70025326669822
P05788	1	37.772697389303644	65.51108274372415
P05789	1	36.690470731760804	49.82944782788946
P05790	1	44.654220830712376	36.2303787837382
P05791	1	50.76253504758678	55.313216577885335
P05792	1	73.15313460589026	53.99365973773911
P05793	1	46.904778397857974	35.55774364807698
P05794	1	53.61264603356686	59.723778518622325
P05795	1	45.77307684583154	47.21151167639931
P05796	1	31.51130136918153	31.409355619798703
P05797	1	44.985335149313855	39.8616566688692
P05798	1	43.200110750760935	56.78936618816426
P05799	1	50.7623054941941	38.341961514619136
P05800	1	48.66923764347954	37.246899375014145
P05801	1	64.21384383627463	42.57188921030015
P05802	1	58.41345776181772	49.386874871621764
P05803	1	40.12628275392885	47.28569182367107
P05804	1	54.246638177322396	63.71910122033468
P05805	1	54.901145586087054	64.30024579961223
P05806	1	36.67877769573246	46.48453947653694
P05807	1	40.09887386681718	47.323413873038746
P05808	1	70.63268462487092	52.019549295701175
P05809	1	52.77835241313313	38.498260553737595
P05810	1	55.23360034160181	22.364557434451093
P05811	1	58.28273336712496	46.96279280031992
P05812	1	48.919229390278424	62.42727531453813
P05813	1	45.10214249178207	57.14922294176704
P05814	1	34.532137942751916	50.96575497689744
P05815	1	51.73742609113771	59.28076971011809
P05816	1	47.73205451280186	54.94526124463538
P05817	1	48.13601572631227	40.40912785916947
P05818	1	51.13050762621523	51.77776216852501
P05819	1	30.444482763780066	55.36071336481343
P05820	1	51.933298231442365	70.79494673081507
P05821	1	63.61172272902077	70.04131234752325
P05822	1	55.5254325117786	74.77404288227518
P05823	1	55.384872439151074	45.24192453593896
P05824	1	39.76846769297337	42.703256311974755
P05825	1	62.25502486757533	49.03995829289132
P05826	1	58.75737126642779	73.86581357217284
P05827	1	31.062967140152338	37.19068679963376
P05828	1	57.87533194024981	41.927607245119916
P05829	1	44.54988745862882	49.63203780785117
P05830	1	70.89131669520584	62.22177379654393
P05831	1	55.53920068247067	54.421138699536
P05832	1	86.17528230262621	36.26683479712231
P05833	1	34.339631805595495	37.4540635492323
P05834	1	42.97865350606927	50.284826627577814
P05835	1	34.71683256952616	36.965347573696015
P05836	1	57.992551675783936	56.33520048106658
P05837	1	42.70465369732168	44.76968155145445
P05838	1	39.97299773482332	29.40566224358489
P05839	1	44.18127849880955	65.59529073249308
P05840	1	47.37626963848027	67.09285624324197
P05841	1	36.052633878592346	55.2098979346388
P05842	1	57.08289182476149	65.88753058730853
P05843	1	60.76650236338739	56.62577932393503
P05844	1	60.43886305579402	32.59968710170227
P05845	1	54.04275949035489	35.63863858323698
P05846	1	50.381147708660635	44.03411518410505
P05847	1	34.12897271169213	39.1662129061445
P05848	1	61.5863028623864	14.157150893028934
P05849	1	42.791509775503755	54.723741725823075
P05850	1	45.6809836629009	54.75307819154278
P05851	1	52.063453294240546	54.6409405225579
P05852	1	62.39909698363826	37.39576754250184
P05853	1	37.82525303678479	52.14518494317346
P05854	1	50.752427764714405	46.102276824574716
P05855	1	32.009642848321704	42.382230853049464
P05856	1	44.15523196538941	51.31343922600549
P05857	1	36.94528921183461	47.70521705516496
P05858	1	33.3580175701118	50.02714050053037
P05859	1	39.067707787382886	36.130174852801524
P05860	1	53.30597021370676	28.840280570831464
P05861	1	52.760316651574975	62.44995956507983
P05862	1	30.25315960486337	22.448521902134146
P05863	1	69.37011831942445	32.798991213866195
P05864	1	49.17107422934869	44.81835129735802
P05865	1	59.70002832591226	45.976732299526994
P05866	1	47.13403235478137	61.648418816075804
P05867	1	62.892571444200755	42.334207515625195
P05868	1	39.48999516541373	51.4870084540896
P05869	1	60.28751459880804	35.32355647754816
P05870	1	52.60285770735245	20.2415898922264
P05871	1	45.50387794821178	43.22278310550299
P05872	1	52.895455209323856	36.27910520348604
P05873	1	54.742443791773155	48.78649163589298
P05874	1	53.66523293653123	33.027159327054555
P05875	1	43.778245292148995	49.22045993448535
P05876	1	43.81349909008929	42.3387292919366
P05877	1	52.48229044615445	47.720020871420715
P05878	1	57.42531302472398	67.15210006207701
P05879	1	56.071199091507104	47.87284974503557
P05880	1	52.922623638705375	68.68973788337844
P05881	1	41.75444762988221	54.47799597230674
P05882	1	44.45196391594369	52.686068722164585
P05883	1	50.338669265258076	48.61473378891528
P05884	1	52.08168165069851	46.879618420103036
P05885	1	67.45879187651116	50.18241984300589
P05886	1	37.01058389461457	55.90959913818828
P05887	1	45.15840123250712	56.112407099830016
P05888	1	56.25567345320782	45.219720774987834
P05889	1	63.13830551562128	68.74349660921399
P05890	1	43.3627344559339	49.67691699362088
P05891	1	41.62022305523231	34.833283907787944
P05892	1	48.988067683947634	44.2377681558209
P05893	1	55.193265672321964	45.336945025780324
P05894	1	49.10933735092356	56.63055056589534
P05895	1	66.30680364796959	55.855085073841714
P05896	1	66.42273540175793	62.81597909267233
P05897	1	58.56999350501037	22.916851240436408
P05898	1	36.28619009443909	55.62234315343799
P05899	1	47.61284991935007	36.1099176170178
P05900	1	59.858430584538155	48.11732604642884
P05901	1	49.370090203117726	45.67919244158958
P05902	1	44.242836603291224	59.97964705118464
P05903	1	34.530135233645126	48.66940888683184
P05904	1	35.62849504904819	35.407825189751364
P05905	1	60.35543807598009	44.81799863580378
P05906	1	69.60600660868222	77.5252975716516
P05907	1	40.72298775146883	59.67035605868828
P05908	1	53.603712939464515	43.37523490709379
P05909	1	52.50794952083536	49.59930014659811
P05910	1	46.36091875187691	49.119029002023844
P05911	1	46.518923425586365	53.25892556925811
P05912	1	71.34754390882776	44.726277660587556
P05913	1	70.3028863797579	49.017341870964955
P05914	1	50.575216276769154	40.60995997108271
P05915	1	56.851316381451724	53.28039390533077
P05916	1	52.84723716733499	43.56859228710569
P05917	1	48.239284131896	50.700314234680896
P05918	1	34.91310839680909	61.83795147673168
P05919	1	63.64937444944579	56.51547221689506
P05920	1	36.34309204694447	58.012812718876084
P05921	1	53.9518139402375	33.53219191797722
P05922	1	64.99463308131214	55.44856210119079
P05923	1	44.910189090052306	56.94695469315375
P05924	1	63.14806414821147	73.91857196908573
P05925	1	44.29094763501802	58.687080299195756
P05926	1	50.530892992141645	37.43208664886824
P05927	1	49.78768734545199	20.98454529685624
P05928	1	31.087286237031837	42.09794949863252
P05929	1	31.53814415741751	72.7464911087629
P05930	1	65.29689579803542	31.192754356869855
P05931	1	35.32095301991671	43.78586884346999
P05932	1	25.176542797489333	45.742904302256726
P05933	1	36.639346617426405	44.06629069394633
P05934	1	60.41693023262326	61.27402086553014
P05935	1	57.287535638141065	46.84411503856404
P05936	1	53.82314972301358	57.974934061787174
P05937	1	62.00716369901527	43.78420624119687
P05938	1	42.925835420033515	50.85923484607154
P05939	1	39.473587645916524	47.37038989758849
P05940	1	42.254954716770264	45.80567813423824
P05941	1	27.63197470998556	53.159450330321356
P05942	1	31.19230109647096	46.37426746731705
P05943	1	51.157033057038824	52.95052333415228
P05944	1	30.56875367920161	52.46704083655916
P05945	1	59.13920997124423	73.94578551997593
P05946	1	53.46166496924826	26.152109558759193
P05947	1	61.555756812548445	62.53645195101764
P05948	1	51.76066247441061	44.24576808970177
P05949	1	47.18550981206799	62.49709759112975
P05950	1	23.934472284206684	35.778353806452564
P05951	1	53.048808388258614	48.51482725890138
P05952	1	63.924391838038424	64.85711900776089
P05953	1	41.50470873638424	37.552248193638604
P05954	1	49.3435929370172	33.494752393282965
P05955	1	54.103060914836156	58.94617361686672
P05956	1	58.872025670067636	50.215528361074334
P05957	1	41.29665949490884	23.229325907940297
P05958	1	48.93096350203505	53.21725622307093
P05959	1	60.52858211067906	60.570706824693815
P05960	1	49.578688582784196	60.734447464787834
P05961	1	24.388839912147855	38.90669307239614
P05962	1	40.21064141832428	40.72325683765546
P05963	1	25.949493369006582	51.089978051668375
P05964	1	42.92503797946736	54.73427724945927
P05965	1	42.601806800265436	57.18299724874197
P05966	1	72.904453697753	23.960941951199004
P05967	1	63.27283173633947	52.62710375304131
P05968	1	44.428934536731425	56.13730315527541
P05969	1	52.95821847701144	36.943315407257735
P05970	1	33.308856955018925	37.97949914355491
P05971	1	68.90854335467367	61.702651796551116
P05972	1	47.84113950099163	32.692962530449904
P05973	1	42.24122472257715	45.643760657904956
P05974	1	37.02406010898654	49.67690542028262
P05975	1	61.82426036477975	73.90659131863222
P05976	1	39.442396437757736	35.7218564177054
P05977	1	55.3164376071359	55.68155586804501
P05978	1	33.270823845602756	33.79038036325615
P05979	1	37.89936609787801	42.25628387109678
P05980	1	38.04199007097182	54.625348356627455
P05981	1	36.98913856590871	19.294984617746096
P05982	1	68.36519610343107	60.43121690419212
P05983	1	67.07232660344495	64.82525910496564
P05984	1	25.913266719982815	42.163070457410505
P05985	1	8.639621293383069	41.74018528579832
P05986	1	53.205572931872894	38.663722100106106
P05987	1	58.850949085060755	68.77006330330818
P05988	1	46.89213295358407	49.374429647667796
P05989	1	62.90445113726999	46.16638805234112
P05990	1	45.1424394927936	36.86648734376861
P05991	1	51.568519200893526	85.78408337807613
P05992	1	34.44831624950222	34.24511070913994
P05993	1	73.31240284415615	54.157595487066175
P05994	1	44.17469689264918	28.365568840325317
P05995	1	57.24518251181645	34.34425376088005
P05996	1	32.32262639708965	58.937618932699316
P05997	1	51.34531749477025	43.54117311591935
P05998	1	53.64149336895451	46.18522989411711
P05999	1	28.38999564336892	35.629456983386845
P06000	1	53.860988977766745	41.06200271289033
P06001	2	50.09768052149096	60.11768372848712
P06002	2	52.26662356797158	51.960731015978844
P06003	2	49.99999681948065	52.09215813924456
P06004	2	34.74458232993957	58.29170740951776
P06005	2	33.24374044987032	55.21229095667857
P06006	2	61.25777991087197	54.74118948371773
P06007	2	52.35602139077104	27.365769466255095
P06008	2	51.48872158036583	35.68983409111257
P06009	2	63.24079899500766	41.58943964852621
P06010	2	51.02235924181411	53.578041441695895
P06011	2	52.24128696672572	42.47583921610818
P06012	2	52.05688601837923	68.61624158685903
P06013	2	28.9788444005615	54.42030022073837
P06014	2	47.50600741119921	60.945055037756035
P06015	2	46.970109393424224	45.192430661785515
P06016	2	50.23727146878454	39.898650711187784
P06017	2	56.932280356373795	58.22518983876978
P06018	2	32.19976647726124	38.9679728811313
P06019	2	60.84192215188677	73.88134134100996
P06020	2	42.179779231327295	60.27455411772319
P06021	2	57.19540308990202	37.63813442969231
P06022	2	63.53336926045881	43.288463311026895
P06023	2	32.91656149098818	50.21195773637565
P06024	2	53.10195218487923	54.222771992489655
P06025	2	46.89124225932835	54.415924431666326
P06026	2	29.395724327919154	37.93071504409108
P06027	2	69.71819173464672	66.05244194074687
P06028	2	43.11128696611613	56.29997848150817
P06029	2	29.782103286398932	58.83680958984862
P06030	2	44.334445829028375	49.3929220694179
P06031	2	56.30839858525377	29.46386933668783
P06032	2	56.40474329202689	47.7951477203548
P06033	2	61.16047855805305	65.60179984512351
P06034	2	42.31018510610119	26.78742537075352
P06035	2	35.20478023696768	60.02051620457159
P06036	2	67.9056965524436	59.4583321363436
P06037	2	47.222011890715095	44.165843854069756
P06038	2	55.00167032114206	82.4950180206886
P06039	2	46.94017814996033	33.99923251650252
P06040	2	66.78564145764018	51.82698276003522
P06041	2	58.518152989083234	48.47004243973151
P06042	2	52.151502503366366	30.343358541136446
P06043	2	59.48940363296546	45.0536088113134
P06044	2	38.50979380713248	43.07811027826889
P06045	2	65.68100207801714	54.638776793620984
P06046	2	48.91021205872681	46.40984088663383
P06047	2	29.597023160664282	52.71662847877394
P06048	2	24.872275763101882	43.184448379353576
P06049	2	20.173501294210617	59.886283535257775
P06050	2	44.88990247945722	43.123502513834794
P06051	2	52.79930537155971	55.74422022009691
P06052	2	56.15305297506319	39.42213440737774
P06053	2	59.37858616720683	55.920860130502284
P06054	2	49.93482517445569	50.56946668005557
P06055	2	43.47516443192191	52.87197322825326
P06056	2	30.55675743631284	57.83543566302332
P06057	2	51.23859563419237	57.05365135361759
P06058	2	57.6762259920592	32.04703543837942
P06059	2	44.918458832513025	48.461267505406695
P06060	2	65.20767219015046	39.42633331374843
P06061	2	57.918459932993166	59.87415978841534
P06062	2	55.69612228686395	45.90992425766478
P06063	2	51.752263696129674	52.512330229368104
P06064	2	59.555687230253255	41.03660776702282
P06065	2	40.4129129911913	46.88953308879798
P06066	2	35.127832426559536	36.128995373509404
P06067	2	53.41404902493778	48.93322087964436
P06068	2	61.331169999497234	33.51635645566779
P06069	2	41.227059394208226	39.74723108413667
P06070	2	38.72277818732324	44.90497596010809
P06071	2	45.78583573480985	48.813372207386095
P06072	2	68.2963212974513	27.447724944409927
P06073	2	63.812792404140794	54.435795592818664
P06074	2	50.19998323880461	41.05235129074094
P06075	2	18.653663270617727	23.444379582107125
P06076	2	30.049620155804654	65.26701824550943
P06077	2	66.28254166356825	77.5110626259582
P06078	2	40.986778174083646	38.94908642994796
P06079	2	60.707578993733094	52.08004067059415
P06080	2	72.22377969796497	73.72072481620047
P06081	2	40.6882597977564	31.54126673904832
P06082	2	50.74831870530542	28.87020937688179
P06083	2	66.54642058175665	27.893792788872247
P06084	2	31.091103720367173	59.63219949595297
P06085	2	79.02804648160931	71.77162409236915
P06086	2	31.996535706503053	42.592902251511255
P06087	2	50.66670362382619	29.97826251813565
P06088	2	71.46258537097292	38.74907165074211
P06089	2	68.30252691285945	30.69477725310408
P06090	2	50.40290753437403	73.18022029045304
P06091	2	55.439226963622595	51.21077657408644
P06092	2	61.25005248647706	60.150626595452195
P06093	2	47.31362599700179	42.23059102279599
P06094	2	72.32370365381401	76.56364288089566
P06095	2	55.01867742712287	59.82677603221386
P06096	2	63.776144434239896	52.60378973403117
P06097	2	61.85802890081542	35.770366467474446
P06098	2	4.948732236131981	64.2522503001453
P06099	2	39.47988669201942	38.439604492336045
P06100	2	41.998245642169316	44.42578959680974
P06101	2	48.002901934009316	55.370403124300026
P06102	2	48.03037694988938	27.413482245428735
P06103	2	42.03058712243431	30.668903942254218
P06104	2	53.20583411061769	52.52797447012345
P06105	2	79.31955117541723	60.739811087982034
P06106	2	42.338972119993635	39.26635299702572
P06107	2	71.1487138505895	43.70854922698705
P06108	2	32.566258782412774	62.98203337160171
P06109	2	49.93843650228017	60.00364523935957
P06110	2	38.38952152203197	50.89305727739048
P06111	2	53.16050731152595	74.36213605487782
P06112	2	26.090700130048244	43.879027414786535
P06113	2	50.971676947249136	67.9949965169943
P06114	2	39.3272200953477	60.09446021052533
P06115	2	41.77674388136066	41.63079587971234
P06116	2	53.402428299209255	57.34862032598527
P06117	2	55.76855085238062	49.3955899610687
P06118	2	36.9156180199288	77.82071730992557
P06119	2	43.5560404075074	47.463527374078375
P06120	2	81.68564899603687	61.00261198363412
P06121	2	30.1014582731297	53.42533853486853
P06122	2	77.55451027919561	52.29350682694533
P06123	2	66.22464600242952	24.37698881875336
P06124	2	55.50409405614634	55.73521667943169
P06125	2	43.58914063827094	35.91202041668579
P06126	2	49.325333583998415	56.40976526309856
P06127	2	51.61609200414271	41.96587148894012
P06128	2	52.07304311911202	46.98551354560556
P06129	2	44.212269246878044	46.96489852927387
P06130	2	40.09638714690524	36.633211185537306
P06131	2	38.451494950887295	34.475324810151264
P06132	2	59.9378737667785	63.50789711283389
P06133	2	30.848991629944194	45.709048281722346
P06134	2	59.91684872990589	51.853746927886064
P06135	2	105.63008225289983	58.33668483830806
P06136	2	59.21728206205671	58.56768389640599
P06137	2	53.058349397501125	42.66905991743409
P06138	2	55.554432602802436	47.585840138961146
P06139	2	52.061020548838904	25.83594700752193
P06140	2	50.055712605105334	51.71303033714672
P06141	2	63.22417712319045	64.3214750060542
P06142	2	52.37282656113759	29.066119393522694
P06143	2	44.196762565610804	46.71928077352788
P06144	2	60.96996697496422	59.2634423169471
P06145	2	42.239546706308204	40.401937524889064
P06146	2	39.820228748151216	32.695110969097016
P06147	2	49.80845956395847	59.95071988767721
P06148	2	51.247648234118174	25.924267055873734
P06149	2	35.53013583437374	35.6935068911345
P06150	2	56.47530025910284	36.38984100619325
P06151	2	48.813626605390134	38.57878651190905
P06152	2	61.6892829934508	57.09022554378429
P06153	2	49.90050358909736	49.73274619432145
P06154	2	46.677954379716944	32.57771447656756
P06155	2	40.20890873572929	48.01068101413227
P06156	2	58.38852334370691	64.47606868022005
P06157	2	36.650726088718784	41.66234209056635
P06158	2	43.87519587931302	69.42277058457475
P06159	2	24.646808805374285	42.5708088407237
P06160	2	53.6928257646392	52.77403361034539
P06161	2	46.684065802419155	40.6252176920631
P06162	2	50.18623170172733	52.54329000155482
P06163	2	49.511344711684025	59.43176828078029
P06164	2	22.32511178381197	47.46900924066765
P06165	2	47.00308962967695	43.9743431803448
P06166	2	47.92176045053242	44.919751517170944
P06167	2	49.68998764574535	29.321507049863435
P06168	2	49.68894293827733	48.316632214803086
P06169	2	51.574121475880595	48.19509343115611
P06170	2	61.97101412546718	59.583819707109384
P06171	2	38.69553400796927	43.89268510747447
P06172	2	62.78696639205437	29.525062126281977
P06173	2	61.79152763283407	40.05242174534119
P06174	2	83.9002742751443	62.35390896224758
P06175	2	42.18748291483578	31.964368196280738
P06176	2	61.99311940765879	53.26674140425717
P06177	2	68.4879632683979	51.57081508724406
P06178	2	49.6264224723845	59.78093628567529
P06179	2	57.10744542441493	48.03803796183764
P06180	2	59.14408748082922	45.06921979288837
P06181	2	60.09277272255567	56.62195277656166
P06182	2	40.6005886607729	28.950047080112455
P06183	2	41.92571449528202	38.908539516984
P06184	2	39.48532098748747	46.99876625234205
P06185	2	42.37054778493638	34.37140136980591
P06186	2	65.10263482855315	63.16912823540404
P06187	2	35.624374615679415	46.38997634527765
P06188	2	52.04336551444674	55.09788022812754
P06189	2	46.05114355173218	49.44127491008591
P06190	2	48.16932349946672	38.967213673968295
P06191	2	69.57994822418901	44.318689876650254
P06192	2	51.973059619435055	43.43201483517503
P06193	2	58.891391673682165	36.398182927425225
P06194	2	25.09987457242937	59.52237388617472
P06195	2	63.419011821928066	54.610107002361836
P06196	2	53.471018911795646	39.87045807173597
P06197	2	58.79293409627975	64.30521523616045
P06198	2	67.49526428532656	57.382577647061275
P06199	2	56.1650841820509	26.05076176484824
P06200	2	59.279062294777496	33.23868524504084
P06201	2	42.03641220755427	41.395659486758156
P06202	2	45.84056667472999	48.525030240167055
P06203	2	45.29533373742655	52.27959426717196
P06204	2	45.397671495797574	45.518173258962825
P06205	2	36.80004024530568	48.14056626331936
P06206	2	73.10457335326717	49.963886164478716
P06207	2	50.21887520340104	71.50883591473026
P06208	2	36.92249572771364	64.3452473014193
P06209	2	72.00968287629341	81.49662773997025
P06210	2	56.151567247293784	53.64190480250112
P06211	2	34.17197541590341	44.393166122915204
P06212	2	35.112721419418875	48.778770893907854
P06213	2	63.189290905348	65.18124253726988
P06214	2	61.703249438174325	61.541536755355956
P06215	2	71.89332841767674	74.27218008202287
P06216	2	38.77555302400198	29.450579250225484
P06217	2	30.378316947277725	29.72395840621636
P06218	2	27.58143366714995	52.29826646363895
P06219	2	59.91057228280246	39.546981178280575
P06220	2	60.318096854098485	24.196659266603397
P06221	2	83.89519182077996	71.94583611019739
P06222	2	46.47967388273489	60.44599983955708
P06223	2	39.219500534069724	31.848156216835868
P06224	2	61.16224608883876	69.46923472741283
P06225	2	56.873637185013585	42.13556145106463
P06226	2	53.15749121205933	52.99471899496181
P06227	2	71.62852171689507	43.17993524835086
P06228	2	51.64942875418701	39.9809500133472
P06229	2	40.45149295933124	41.466648407150366
P06230	2	34.06024771748687	46.742976239184685
P06231	2	54.752949445506374	44.83208146431901
P06232	2	62.179613152869436	34.53796821492077
P06233	2	70.82104357096054	50.712042462544396
P06234	2	57.78414827858049	55.32162489282756
P06235	2	50.669727015162785	27.052190925244577
P06236	2	47.34028867684369	47.49656112137923
P06237	2	45.274455193246986	60.881261993240535
P06238	2	49.61383990629868	32.18409578381966
P06239	2	39.53704848812767	49.51511476218451
P06240	2	37.54902144435337	35.50976039502443
P06241	2	57.23904024296819	65.70112861362047
P06242	2	28.397879092110777	36.843805521760075
P06243	2	50.70655008497306	56.90851623314438
P06244	2	59.73915189946832	51.3096082184544
P06245	2	31.3504630070519	53.59084876535899
P06246	2	37.10094973872984	81.23217184846915
P06247	2	61.228446505507904	48.089151632218886
P06248	2	47.90084811854653	48.955798160237066
P06249	2	40.49871159438893	38.46547936000422
P06250	2	72.28336371731919	49.93741975504245
P06251	2	43.42283492098409	54.21401342826092
P06252	2	58.726460921020255	62.71363834608807
P06253	2	44.70409561441694	68.57326325119658
P06254	2	55.524146824687534	58.56957509217003
P06255	2	62.36400459909559	43.24296256734613
P06256	2	62.18114589770472	60.7381192317563
P06257	2	46.9287610304111	58.60473930579943
P06258	2	70.41545651983273	50.74677771932593
P06259	2	59.492314774912764	47.178361284853516
P06260	2	77.14388653710093	44.764804056511174
P06261	2	85.82746341444198	55.35788780455528
P06262	2	62.3997485772799	51.32104565461641
P06263	2	58.38380515212195	30.504690974763797
P06264	2	50.15447148068718	66.23628251025424
P06265	2	69.43960529381741	54.70585568720657
P06266	2	35.707473011734436	30.011598923731114
P06267	2	53.5116779084432	47.31295884595953
P06268	2	56.5339891669025	52.29065888717509
P06269	2	65.64870294656583	48.14537000481494
P06270	2	61.75200788099779	62.98690364178499
P06271	2	47.09749971940253	46.722690636503735
P06272	2	42.931469277984775	43.97368580321841
P06273	2	54.614958844376595	46.72870357492465
P06274	2	50.67053810115561	67.98269595911772
P06275	2	53.53927426215884	32.143809023995885
P06276	2	44.85796394104711	75.77894553035202
P06277	2	57.44895629351028	47.78290053049944
P06278	2	59.973186183649666	86.84905962992129
P06279	2	52.09312908665892	72.65363917685228
P06280	2	51.48584739419314	55.356763653677895
P06281	2	59.71540174192189	50.690674986843504
P06282	2	51.06136717536081	59.84577209330518
P06283	2	53.017654413414384	60.58156265403579
P06284	2	73.95528758941124	47.32442795086361
P06285	2	65.95518873276461	43.80853120586951
P06286	2	57.170768289785485	51.489619269178796
P06287	2	60.41965996914641	62.83102679173701
P06288	2	6.914590413293389	19.56836315005803
P06289	2	49.991587434147085	32.55132568485149
P06290	2	53.60728864368629	49.19251320206914
P06291	2	26.71663464010434	71.83011022794992
P06292	2	38.83570910058793	34.227261774062654
P06293	2	54.226868061994594	59.11386662198021
P06294	2	54.288883531056584	46.42515402799805
P06295	2	52.68235652722631	74.11345737660531
P06296	2	52.78495731883518	47.956615837492905
P06297	2	68.61469286842981	43.781085848713225
P06298	2	29.397247466524668	69.17608647763075
P06299	2	49.877094364915905	46.42012249524492
P06300	2	64.74163202700491	46.282148030022796
P06301	2	36.87359822624801	45.95363816280314
P06302	2	53.41012609785886	69.41044748904305
P06303	2	57.15439503906742	64.99965379937868
P06304	2	34.335262281995185	49.57403107427385
P06305	2	69.09114706119918	39.030609549339836
P06306	2	34.78596097070639	53.953209477533655
P06307	2	35.69163482689356	53.72198020970644
P06308	2	51.948829676936704	53.069426755133975
P06309	2	42.633948910597816	61.598514153583906
P06310	2	38.25663717946518	56.57621704842862
P06311	2	64.14879454316332	41.40237577983511
P06312	2	63.892442630571814	36.57536218662566
P06313	2	39.38430882763229	38.442732023970535
P06314	2	50.93657368183803	43.28598205453205
P06315	2	63.28681503631691	34.64547641372272
P06316	2	57.53938088019833	61.07000689213211
P06317	2	51.81848047738284	36.546898193921905
P06318	2	59.16315232669534	58.270071482476695
P06319	2	43.79066366936873	34.08669778343476
P06320	2	47.72669106570231	67.27178167527875
P06321	2	46.95755227333173	49.15060609190226
P06322	2	51.32088964127237	30.77788031184472
P06323	2	45.73399891648564	48.74805532275338
P06324	2	54.654401393517546	35.85666647722667
P06325	2	35.577777428357464	59.83861963402208
P06326	2	34.44368068758421	58.611604721670595
P06327	2	56.754264426104676	22.687477292623747
P06328	2	66.95941046162481	53.47806674845251
P06329	2	55.82246337846267	42.86601923360399
P06330	2	52.06130506723663	54.34881067154905
P06331	2	75.63716872688116	49.68487666894301
P06332	2	21.80436321149746	45.74735521106591
P06333	2	83.47800277938089	81.58034587522171
P06334	2	35.331407072548515	46.13707455595153
P06335	2	75.4787244912196	44.19520392304361
P06336	2	46.1115007738917	51.58881986197845
P06337	2	57.09743497716553	58.37663937860542
P06338	2	53.332158498480915	55.25361225726
P06339	2	60.60707667163794	65.17655970091715
P06340	2	46.716522776184526	78.89482203839285
P06341	2	57.512030675102395	66.85605284147456
P06342	2	49.428226009288046	61.70310525983133
P06343	2	48.47550285028217	60.28769461990225
P06344	2	46.65830702705838	42.256329026886405
P06345	2	51.36237757699791	76.2748908414869
P06346	2	49.025936003581755	71.20765762813208
P06347	2	65.25490965220392	69.28231842612114
P06348	2	23.078072129528472	34.31946175689783
P06349	2	66.1172710912626	48.103012279828235
P06350	2	37.31102658729184	50.65176502947013
P06351	2	40.771778426719266	53.80376425893585
P06352	2	41.74588965658745	20.885418776074836
P06353	2	53.31776651163992	50.34054329495156
P06354	2	25.862333061302277	42.78574889822845
P06355	2	71.19030376664087	53.333348532397395
P06356	2	46.07472331296773	36.41436965661014
P06357	2	30.78915541294462	37.98252028179125
P06358	2	55.82157201992582	48.107172696062726
P06359	2	63.38624800349117	50.74496262580361
P06360	2	84.04146444719188	54.91128267975543
P06361	2	32.99809067218416	40.01797154939564
P06362	2	40.2256131812434	59.68057579866962
P06363	2	64.8279164677287	37.77075001690527
P06364	2	59.25236488394468	66.52595454264794
P06365	2	45.13563531725268	43.48788578981297
P06366	2	66.52379901350412	55.85266216939097
P06367	2	26.828530643777206	34.0521933612259
P06368	2	56.979540856445325	38.51017982769408
P06369	2	49.85084468403395	50.46620404080133
P06370	2	31.438947630959362	54.665939677643685
P06371	2	40.37165961543754	47.605748036673994
P06372	2	45.714914610350704	58.19457669415466
P06373	2	54.36020830957324	47.53545293286697
P06374	2	48.26729997509881	52.73309386632212
P06375	2	49.55207793810069	52.63883734802066
P06376	2	38.80006061849717	44.34771363794235
P06377	2	53.38406665985841	42.86113847683572
P06378	2	42.57670410607069	44.00660860793957
P06379	2	54.01911117499843	41.2262761585866
P06380	2	50.28845693512774	65.77038529980905
P06381	2	74.90850281434349	73.42468538443923
P06382	2	49.026260289425736	45.475351940443346
P06383	2	42.17609094531582	53.569281758702004
P06384	2	19.94531849908283	41.96817228703945
P06385	2	49.395366599670474	47.71430075512503
P06386	2	37.16324624228568	25.936609678453117
P06387	2	49.632351600037566	48.796785223991435
P06388	2	38.192022933649426	63.30808507830744
P06389	2	29.645731415213945	39.440669947864464
P06390	2	41.14802664295558	53.12669128132087
P06391	2	58.467503735008684	48.804174789688375
P06392	2	22.304975607752986	58.903303951241284
P06393	2	55.24577269250288	29.772723183486377
P06394	2	52.78706122651732	43.608518323955316
P06395	2	45.343654509563315	44.746892141584006
P06396	2	62.890914223671075	51.11052328479074
P06397	2	27.560456918694175	35.63104498756621
P06398	2	59.83388542635597	42.5747447118356
P06399	2	37.7271409009942	63.645065817513796
P06400	2	65.62504286500157	79.4079141139689
P06401	2	26.891341335040828	24.253112060241513
P06402	2	52.909826575966655	20.31572593008105
P06403	2	87.64688965919355	53.80407270719023
P06404	2	37.41491895972299	29.396237888733452
P06405	2	23.939845900732386	36.75379560315349
P06406	2	70.58848107316689	57.19334859192896
P06407	2	76.08391337442558	62.33689023575408
P06408	2	65.16394215134879	58.48463042835488
P06409	2	55.0605880100098	42.545708476094894
P06410	2	47.025381570033474	55.157204523237446
P06411	2	64.13484110368947	53.15277174948855
P06412	2	42.800008751990134	40.62863289717119
P06413	2	45.81969977626874	41.352607057512955
P06414	2	43.60249423070746	39.7789082375242
P06415	2	64.36791130196946	56.76723020549898
P06416	2	46.827506525279205	36.359926186837995
P06417	2	32.65957904288315	49.95542422621543
P06418	2	50.01649013296867	52.58748611522931
P06419	2	37.73972356103404	56.959080482291334
P06420	2	39.66347172820495	28.910831771775406
P06421	2	45.81874387108319	55.169217590032346
P06422	2	57.61323696975572	47.49891404151328
P06423	2	36.29593274249175	53.970667075371026
P06424	2	22.631882991226945	69.60237978366831
P06425	2	35.706422322360766	56.72274938066539
P06426	2	90.27809901100565	53.88495665997088
P06427	2	48.928846642941465	36.72725955163177
P06428	2	52.868838407102395	43.974237202205494
P06429	2	46.13691665023169	62.128233038169256
P06430	2	49.83128823615733	57.63307469389241
P06431	2	47.0538872560605	39.07818039137315
P06432	2	46.62994573485988	41.08577011299852
P06433	2	36.59475616175228	32.906493540871644
P06434	2	45.94292517655209	52.51698566438841
P06435	2	63.654031141418464	50.464212699708874
P06436	2	44.86747545072948	44.57695562457346
P06437	2	34.19465109578944	65.21615163242656
P06438	2	76.13120626700541	69.03099884577816
P06439	2	31.760660141988716	38.39695441104218
P06440	2	54.5074010575591	49.03803045106452
P06441	2	30.07829159533281	34.8810214925196
P06442	2	50.52472738968575	39.75427824814928
P06443	2	42.55137594936545	42.54337168712006
P06444	2	46.00803607000009	56.46708703377054
P06445	2	67.71337894522549	48.63228093701236
P06446	2	35.81097011155533	34.016048105460214
P06447	2	32.13759733024428	42.20136100868348
P06448	2	38.75319176297026	41.275502575165845
P06449	2	46.77392355502435	47.3438623751953
P06450	2	64.1471010625163	59.944106311560645
P06451	2	49.36069550113246	62.42878252610052
P06452	2	57.73626894012383	60.20922401225188
P06453	2	72.46509137585633	39.81121845586957
P06454	2	50.6913908262067	53.44165356859724
P06455	2	39.306360769400506	39.985400268950706
P06456	2	58.09914243512297	60.53476681689941
P06457	2	42.76266476775854	52.74461015597798
P06458	2	43.98853255481893	39.950272144539284
P06459	2	47.87092806256465	63.724498771677474
P06460	2	41.78753709696146	62.626138266569434
P06461	2	36.62686500799177	66.7909555763513
P06462	2	48.58986906360458	29.92803844898109
P06463	2	57.67862137455217	48.427239164592734
P06464	2	49.996540612352625	48.226018637821035
P06465	2	36.53739148649781	73.40642546998801
P06466	2	65.91255400112004	57.1694112623405
P06467	2	74.91500208999373	67.12811764922353
P06468	2	59.0839147574307	62.5511061836336
P06469	2	49.29787097252746	47.02910464898998
P06470	2	60.55504004385965	66.06403960822892
P06471	2	61.68411757238689	44.943471636206965
P06472	2	48.097410233915156	60.445471255368105
P06473	2	48.65275378189245	47.042012471497955
P06474	2	56.095550661499296	52.85765354292835
P06475	2	43.860498932452636	42.40942228209284
P06476	2	41.007250599858786	31.933279364369504
P06477	2	28.72895059470248	33.88157628199056
P06478	2	57.147847139052836	53.0959408473415
P06479	2	62.36036806220934	39.02613946964237
P06480	2	46.87332751204831	43.70019498673881
P06481	2	40.006292398962444	38.48880393296183
P06482	2	61.90853745961962	40.51857120800343
P06483	2	58.58541907610194	40.94033707583705
P06484	2	48.007482963409856	50.7428436308349
P06485	2	67.53405914589761	70.44169080371496
P06486	2	25.334226827683942	52.349745781076614
P06487	2	47.97644341635647	64.83564181000094
P06488	2	30.946744321254172	56.393898759367964
P06489	2	65.97868705844184	37.99326104041923
P06490	2	60.3448136434256	36.31061436700181
P06491	2	40.22259665154891	38.85093715539166
P06492	2	48.99120539801617	43.127842166416606
P06493	2	63.94068880030879	52.5269879505409
P06494	2	38.92845229084413	22.759836524998363
P06495	2	59.42986684781726	50.427786611984274
P06496	2	65.79613959088552	50.79139969582767
P06497	2	48.32746798455375	63.02013085438365
P06498	2	67.89452739316955	43.858131552673576
P06499	2	72.77365842542609	57.755686389483294
P06500	2	39.85040485861969	46.49531188506184
P06501	2	59.74357813698883	47.53268583835358
P06502	2	38.68389191443373	40.72349711655625
P06503	2	60.176425157279695	24.553049958063585
P06504	2	58.061243985961546	43.29308706032218
P06505	2	38.27226976080148	47.998400192593586
P06506	2	38.71747390455145	52.636730715324845
P06507	2	29.2086440603274	51.971225192416185
P06508	2	70.41467675407455	61.88451562074789
P06509	2	26.267109036611025	54.10833310085809
P06510	2	54.45082760301768	46.01233554922631
P06511	2	35.389440075901895	47.29328917522861
P06512	2	57.14649349262971	62.3799826684119
P06513	2	53.16007058208827	81.67517387013774
P06514	2	31.5684480407971	58.60999881955627
P06515	2	40.820533328670635	66.96454401297828
P06516	2	47.598875727408824	63.538814809987095
P06517	2	32.495434192196015	59.53796300424605
P06518	2	36.18578942986299	48.51202160483805
P06519	2	41.57819834818542	44.38885175940828
P06520	2	71.766980459987	80.2962061013831
P06521	2	52.13229875864439	17.372857258879158
P06522	2	34.541249460749	37.46234899813187
P06523	2	29.05883043483714	33.40334747094431
P06524	2	52.42394158024308	38.79889468773488
P06525	2	71.0213754197315	38.166478923384815
P06526	2	56.531146477525276	57.48916876903046
P06527	2	47.79525734534532	46.314243329404846
P06528	2	36.413434002172735	30.78602503195647
P06529	2	58.51697733705108	64.10001402291402
P06530	2	38.21034318126183	40.0864952215917
P06531	2	51.80122345138912	50.561101250649514
P06532	2	24.539380464142976	46.982583449669846
P06533	2	60.135760545115204	48.59171009527014
P06534	2	45.87772728919232	56.03108378002809
P06535	2	41.03092987243377	50.18248029640227
P06536	2	45.15123478286071	44.2069647113388
P06537	2	44.08053520519639	25.979959289508358
P06538	2	67.98448906530838	65.73664472154053
P06539	2	50.12309366261755	68.77934073819262
P06540	2	61.88717584924276	79.01635715687628
P06541	2	43.624268068955736	39.87400864041957
P06542	2	28.29676357900081	55.27760366884172
P06543	2	52.49641254803371	45.204336547513776
P06544	2	51.22078054482041	48.369749400766786
P06545	2	64.12502860973136	80.58899745767152
P06546	2	29.52631156086718	42.956537723952486
P06547	2	40.006351252933655	49.09553640569861
P06548	2	65.04123045176725	61.362514708356855
P06549	2	55.0059170746406	41.189673402611604
P06550	2	53.09729271638103	75.98268580988187
P06551	2	28.10676461187684	32.83670674318956
P06552	2	60.33163776545364	56.966995710882316
P06553	2	54.65719639604579	68.69604014022092
P06554	2	74.60766432555907	57.41053505535582
P06555	2	30.2273917183422	50.66263400769344
P06556	2	56.8405080946097	57.106512081645704
P06557	2	64.7533767659496	86.69260478731806
P06558	2	68.97443924060669	76.19243447319757
P06559	2	54.229154095231664	52.02592106374408
P06560	2	47.59663947399229	64.68061626848645
P06561	2	59.71287490478843	21.77450268263525
P06562	2	58.155432596705225	66.65682836582288
P06563	2	47.51713530122087	44.466685292122044
P06564	2	47.909921244530636	34.809770927432254
P06565	2	55.565088387594216	61.085887414975446
P06566	2	41.781830671491846	31.37175856075815
P06567	2	40.56922059878958	63.71861542417592
P06568	2	49.47233738569582	58.64273108994453
P06569	2	38.885026249249165	33.485424814991305
P06570	2	66.43826603067726	71.99919687483944
P06571	2	32.799452853005484	29.860538130981375
P06572	2	46.13782510832372	66.14982980783057
P06573	2	49.184683032787845	64.98896884290826
P06574	2	70.69959447157619	53.87383499115702
P06575	2	64.53889671635461	56.246954314956724
P06576	2	56.84321125467452	38.3083958208714
P06577	2	53.794601007277805	45.91102359712363
P06578	2	63.14302444934505	63.22054811818126
P06579	2	58.945778689933796	54.067122670246754
P06580	2	33.16259522881765	71.96894523379483
P06581	2	72.22636470173995	36.98715413646253
P06582	2	68.09874116921426	52.444948844651925
P06583	2	64.78440130575525	55.89806512039351
P06584	2	63.276082765635124	37.02318342710284
P06585	2	54.7961654521767	70.66959354842821
P06586	2	59.894519050863835	44.944492848059795
P06587	2	41.14144290510386	64.22124378423848
P06588	2	50.0847116778294	52.13632403807887
P06589	2	60.132527827444	48.05654496455462
P06590	2	63.47672320911839	66.65976631515088
P06591	2	51.578394684385906	37.439340345667766
P06592	2	54.2234093051369	55.004655513056505
P06593	2	63.24672792097078	34.63152364451341
P06594	2	67.63688154673444	44.198183706698885
P06595	2	50.044445187136716	46.4075352139883
P06596	2	56.051965846786004	50.35873406958858
P06597	2	45.07467491000736	67.2122127347378
P06598	2	61.45008925655154	56.80434236281116
P06599	2	62.13931497978631	46.88136633170466
P06600	2	53.58054570163524	53.64524266515424
P06601	2	48.98523683305482	48.619287869045074
P06602	2	48.994600904842436	39.179563500028486
P06603	2	56.58207179184932	52.42422921418977
P06604	2	56.30948573855031	61.75693287252703
P06605	2	55.76012273501316	71.8432878225607
P06606	2	43.249466815910885	34.810552895523095
P06607	2	54.875375402424794	63.892870234978076
P06608	2	41.222351867008115	36.857416676221206
P06609	2	48.81557134210969	46.48271116944797
P06610	2	41.54911885522202	34.19128529804503
P06611	2	39.86623193784156	42.155507518926186
P06612	2	70.92416163562939	45.40120440743585
P06613	2	51.79523155420491	50.99095962929379
P06614	2	34.29814212090855	14.987388410837312
P06615	2	52.32350464686342	78.31902983105681
P06616	2	52.288997963028464	51.16341191599515
P06617	2	72.66865501960491	41.0904864778371
P06618	2	63.66544875510451	78.44322478299858
P06619	2	45.90144607824722	76.06934902224896
P06620	2	43.358683636465706	35.471312118955154
P06621	2	50.72737241211203	46.82873451120574
P06622	2	59.119410451800576	40.67349571454733
P06623	2	42.135670012863145	67.10877149774915
P06624	2	46.511437098125285	56.646256001872636
P06625	2	72.97785193770785	51.05291907954968
P06626	2	67.37196148853842	51.874103951263756
P06627	2	56.42703357905375	51.79189617260192
P06628	2	44.35870321669793	61.07769969624864
P06629	2	50.17382313790796	53.06077738798205
P06630	2	50.92108789203065	23.17632818814596
P06631	2	54.54899158933397	26.1601690869119
P06632	2	74.8771527515397	85.26242251400126
P06633	2	35.89356277611877	30.76837986959874
P06634	2	54.537365624896665	58.078648884065856
P06635	2	60.873151540114	48.798723574516416
P06636	2	58.37297029152224	75.08536731241732
P06637	2	49.83922561141065	71.66642801436483
P06638	2	54.718945218492024	59.84927528463376
P06639	2	58.35276313170247	42.60113280452152
P06640	2	45.14086521628721	64.02040370362346
P06641	2	44.93250743397707	64.97829290717358
P06642	2	66.45138232178559	51.591904582288386
P06643	2	56.64575544561513	45.18347007400419
P06644	2	47.03971475708192	51.781961578150295
P06645	2	61.52503446850706	57.76061442089601
P06646	2	59.07292873348315	63.89911202002758
P06647	2	53.271640306452596	69.97594696585587
P06648	2	39.33724251405487	38.83378189002409
P06649	2	59.47095569350787	47.35556138301447
P06650	2	69.49819170823234	75.04384604683797
P06651	2	50.22900350041755	33.31391702474803
P06652	2	45.113875353509314	60.70761362350741
P06653	2	44.78359319565517	41.86466210638057
P06654	2	32.765512815446456	52.97229775406188
P06655	2	56.30723293959626	40.115523762199885
P06656	2	50.258155369577665	52.862195514484945
P06657	2	31.903887691863595	63.09514289671505
P06658	2	69.82686462264313	46.418834441481
P06659	2	66.00108641309231	58.70139368522771
P06660	2	64.5529603097284	60.09725631006091
P06661	2	58.57263412381686	65.58267553214233
P06662	2	37.20436275796249	35.71087575091482
P06663	2	35.08100681966997	45.03989646650913
P06664	2	74.68153695576558	52.37269183580351
P06665	2	42.8552653817819	35.36795109569666
P06666	2	75.84801627778002	67.91675706673033
P06667	2	55.44379698500112	29.348865223019004
P06668	2	44.984037313353205	46.06547234719623
P06669	2	49.46682276094697	49.023398148899666
P06670	2	59.918297469268836	36.48030625111103
P06671	2	63.420193380858436	47.05590417424121
P06672	2	55.42857401964462	48.80860747574733
P06673	2	53.83892570597313	60.47689613931704
P06674	2	73.05808338721233	67.55327762369788
P06675	2	44.50143129325332	47.56976481621196
P06676	2	55.82533142068144	39.767253199048604
P06677	2	50.63740981360502	43.351434752965645
P06678	2	70.8446532808745	43.166750210849344
P06679	2	78.34786748632726	57.70868797019807
P06680	2	45.904308969247495	60.1722126097362
P06681	2	65.4315887752094	39.63155670318136
P06682	2	55.86384419092383	49.617057533236895
P06683	2	46.672304422763936	51.41887978544809
P06684	2	43.31683583355652	66.69061066788478
P06685	2	58.1155418828507	53.71960534434354
P06686	2	49.12150113880931	44.39665770322459
P06687	2	46.64451280061934	47.36857799714563
P06688	2	50.783095402299864	37.615043184818624
P06689	2	31.444124815838606	58.68248659950937
P06690	2	56.83745428012939	47.49695578476978
P06691	2	66.6750301676677	73.77862608849009
P06692	2	33.01282997598287	62.37620739701147
P06693	2	58.57951421854881	68.40210299266838
P06694	2	44.87196188542691	66.60901529392885
P06695	2	50.73991820752405	50.80083187459376
P06696	2	40.53264007604437	30.262394524198527
P06697	2	43.371908211387264	49.68898856228903
P06698	2	41.57136216785025	44.5301946244181
P06699	2	44.58756132339456	54.54279144590475
P06700	2	54.38070547024079	48.85361581056066
P06701	2	51.46828649873636	66.3730483192195
P06702	2	44.85351936778278	70.51037973755274
P06703	2	43.676964862312076	63.227997293000044
P06704	2	50.416567186297556	66.37061285988537
P06705	2	46.48429070192282	45.29809780212205
P06706	2	61.84700635786907	61.663640792016416
P06707	2	66.66812205637515	50.15228685541627
P06708	2	50.52228701713886	29.02390020672916
P06709	2	53.66521840093439	50.381240769107706
P06710	2	49.55664281534641	56.39817220453724
P06711	2	61.86153755454633	59.888284713965355
P06712	2	24.75517528857485	47.05355169814634
P06713	2	54.1417498870067	35.321613675652436
P06714	2	36.91163559957789	51.68047990960303
P06715	2	37.373175674207076	46.61673414189726
P06716	2	44.97704959530462	40.5816654718624
P06717	2	68.5559082412745	45.03321464639655
P06718	2	42.74275918136887	56.3329861132523
P06719	2	52.64626915499406	57.98209450638221
P06720	2	39.56377465785264	28.235860127871675
P06721	2	43.91547411421936	46.43809406829989
P06722	2	36.91394071831151	36.976550291150204
P06723	2	75.82909639959897	65.3295465777351
P06724	2	65.29292402580722	72.5930180823193
P06725	2	38.200766758983505	66.30097543086083
P06726	2	36.42166956516768	57.45790622442284
P06727	2	68.20739646839009	55.089243502445605
P06728	2	26.97443323389766	52.43356403154134
P06729	2	59.024146104095024	39.86722032593609
P06730	2	56.80911958993965	74.06930412215912
P06731	2	42.5731276431047	35.32807831177259
P06732	2	65.40523516251764	60.785308980112205
P06733	2	34.26896879862999	54.01388683114722
P06734	2	84.57987306908132	51.45312209290341
P06735	2	44.87414842059204	41.00501383360854
P06736	2	46.32340113661826	35.69989093022047
P06737	2	61.373428632037566	61.05181955415126
P06738	2	43.77481891146072	45.45761044646193
P06739	2	39.997809602509236	54.82522742461028
P06740	2	28.046132607406438	43.09793413504791
P06741	2	68.28885492677713	57.824075888148826
P06742	2	45.92410151891798	55.85258996905898
P06743	2	46.88177334311464	61.74595743246841
P06744	2	41.71375778311887	60.380185317574295
P06745	2	55.73075365290132	41.589187935625056
P06746	2	47.532634079755354	28.377460698935117
P06747	2	40.20213312589273	35.596361089875714
P06748	2	52.1057631950072	40.70459819056343
P06749	2	49.35602150484856	36.07414695373797
P06750	2	53.17641369031334	39.65378222032195
P06751	2	46.070926439622525	50.6037297703948
P06752	2	56.916851297174006	42.52391035509736
P06753	2	46.083207767569974	43.432380698331315
P06754	2	50.73592250766533	70.48455754244414
P06755	2	25.438817545553313	57.63678050429387
P06756	2	26.932281321756175	37.22505897923877
P06757	2	58.8325299198618	57.43066463864733
P06758	2	68.80690576149506	44.95488374639512
P06759	2	33.09918237842493	50.60616803246938
P06760	2	59.31311672117638	51.39037000663217
P06761	2	72.0315491336164	62.90145021941247
P06762	2	57.28400304219384	67.21708287069691
P06763	2	45.8918809469623	35.72629143341148
P06764	2	46.89925320968814	28.196617745663374
P06765	2	73.65249126065794	46.32259089538426
P06766	2	52.61502863261826	41.85021934030764
P06767	2	28.01900702131391	43.47882731448582
P06768	2	43.10369638427578	56.194794635393215
P06769	2	32.35790604553406	64.58640511102844
P06770	2	51.957958122819115	62.48922479884001
P06771	2	43.46164085048986	30.053723104812413
P06772	2	44.9220006581735	46.73279096989692
P06773	2	52.286938818172835	65.56557821861104
P06774	2	53.88987230019506	40.157647406654576
P06775	2	37.71770653076838	41.53093909445223
P06776	2	62.475386862912146	45.28404737840574
P06777	2	31.747594893263628	18.957732894960394
P06778	2	36.81291017351163	39.4388755005112
P06779	2	54.135587373891155	44.118664743100965
P06780	2	56.910983988065496	69.70513689390684
P06781	2	45.85866139680247	62.974816488048674
P06782	2	22.322031166067354	57.64110403027344
P06783	2	49.48806565138548	71.13173074226808
P06784	2	47.342709211963424	25.13166902590637
P06785	2	70.32178944734412	34.13856776400277
P06786	2	33.59018640068656	42.73379652327042
P06787	2	57.228207711271644	42.74078093267292
P06788	2	61.193460562990126	46.36248997421308
P06789	2	57.51915307849448	72.56378358216585
P06790	2	54.44562097503424	81.68833674499783
P06791	2	33.46736754015421	55.07942173092796
P06792	2	40.38389934500405	43.55005423446735
P06793	2	49.53832575794148	61.926606923778166
P06794	2	70.5720083316399	79.99049143108186
P06795	2	55.4379585994362	37.98742062011793
P06796	2	64.62332713493257	23.009389989324532
P06797	2	50.42530802295554	62.91044589351174
P06798	2	64.95301996849284	27.2201315080352
P06799	2	61.06469379785859	64.48741131382604
P06800	2	53.11997695274997	28.962341078743044
P06801	2	43.891230687899906	48.88732281321357
P06802	2	34.16074788858314	35.15233390554123
P06803	2	43.35380025425678	57.35016535997754
P06804	2	43.3197338212383	42.826959026518686
P06805	2	55.76163889813302	53.38291698161883
P06806	2	50.912150019471945	55.36896842920952
P06807	2	54.21681363206215	41.70404766554117
P06808	2	61.313660036111735	50.33694587614528
P06809	2	47.995716686929654	54.512627845342465
P06810	2	44.34388664991315	59.03185492381496
P06811	2	57.53846931456096	56.290694130115604
P06812	2	84.96181506288521	42.34243686573651
P06813	2	71.9194790592667	66.78113607900397
P06814	2	45.3378795873735	59.18990542861266
P06815	2	47.737493425588674	60.46679426987114
P06816	2	37.62908785858516	23.795425880801233
P06817	2	58.983505907105936	38.05031684929908
P06818	2	57.92719303594197	53.66016025489408
P06819	2	39.22152124318128	71.45869765460088
P06820	2	52.133421879801126	71.54169149872659
P06821	2	79.96254685907884	52.67396365638855
P06822	2	56.15120572238665	56.36907914614461
P06823	2	35.069231139381635	43.22959259537715
P06824	2	31.651386959593324	28.65143419059964
P06825	2	44.02509940538027	44.81702096515035
P06826	2	69.242846887859	44.133037681603945
P06827	2	57.488720347328666	62.72225370988601
P06828	2	64.57980128648288	67.83889214033888
P06829	2	71.35246659405666	39.88471681323497
P06830	2	48.28721919670542	42.8075305138727
P06831	2	37.34333773615064	72.91410360044057
P06832	2	53.26208325894559	38.276196866390634
P06833	2	48.30960276219704	42.539970224828956
P06834	2	62.45845806115902	42.56180294948227
P06835	2	57.828691757963156	46.51590910359613
P06836	2	52.07845281736971	47.39591516255092
P06837	2	39.701226928640395	65.28334097225455
P06838	2	46.2614044515132	54.61064663520163
P06839	2	69.38236189178	37.716999218144124
P06840	2	52.211834138247845	42.56887839924531
P06841	2	77.08019817120677	56.341786438074784
P06842	2	39.943159562900476	33.20996238990585
P06843	2	44.47407565729921	38.869159344266805
P06844	2	50.17975658071925	40.301126651297736
P06845	2	75.84920922968482	28.78895033364745
P06846	2	41.39247333133723	59.00984992582006
P06847	2	50.650465631472244	32.0723704674251
P06848	2	45.12607844719098	65.90904837647815
P06849	2	56.64949855126256	51.74257838405723
P06850	2	49.15349945434663	70.51245805487763
P06851	2	57.20976478921249	60.60841838102964
P06852	2	41.51832910206248	47.96803111031039
P06853	2	31.981451442205646	33.31447317683524
P06854	2	50.92965186613255	62.60027053969432
P06855	2	41.24716787360853	42.243659620228264
P06856	2	25.3820403092489	42.0669537965356
P06857	2	46.744554898720715	26.601720300317602
P06858	2	44.052126431744405	61.16232238284467
P06859	2	74.23602423196067	61.70132757646764
P06860	2	63.73983909077903	52.79464028399168
P06861	2	54.863222993134585	34.99335085448456
P06862	2	42.90528816640588	37.65802259981829
P06863	2	31.179063259839506	34.8692940442965
P06864	2	51.35765966238542	69.78908994770259
P06865	2	53.16288384466689	27.472620213454277
P06866	2	67.61839922214835	49.12212113414441
P06867	2	39.34832653353223	44.41814068149629
P06868	2	56.77705280370283	80.19469639278952
P06869	2	48.166226451134925	35.13370942401892
P06870	2	62.058678462424986	68.83775262331396
P06871	2	45.02319791677732	35.904882956177126
P06872	2	57.5111990219867	27.09023181333613
P06873	2	69.87488569391863	46.48551551124389
P06874	2	90.11035799273317	50.2660372154166
P06875	2	61.19786087760065	59.52967191837026
P06876	2	69.39746140564887	45.392130711462784
P06877	2	55.21423480805508	67.7055185409288
P06878	2	46.264347425218666	38.399567341840864
P06879	2	85.89073467919984	58.111007170292474
P06880	2	56.553465906166025	58.468329253276366
P06881	2	42.78231340579271	49.40217206429499
P06882	2	35.760817199101325	45.6780364032686
P06883	2	49.7385248581534	49.062007766395524
P06884	2	48.70800528780666	33.16987982662883
P06885	2	30.920331993406876	68.25319362267663
P06886	2	79.33320098571755	62.07256016358627
P06887	2	35.83497612002958	47.54382105811824
P06888	2	31.256789137887925	57.756155118186065
P06889	2	30.940384454101846	37.624118011487425
P06890	2	36.132797748659	13.30397159944615
P06891	2	53.36459123234957	36.8757052830872
P06892	2	49.44196096873888	53.457609216485245
P06893	2	50.626603374705056	40.516765763240734
P06894	2	49.735319432704976	39.598125423547756
P06895	2	65.18669270635152	44.22294639442764
P06896	2	44.09801211276787	42.99577571109104
P06897	2	51.10736499397103	49.521141691448754
P06898	2	43.38801433029667	45.41827683612802
P06899	2	28.530267998892008	40.69178722573548
P06900	2	41.43585903364275	55.07948255500875
P06901	2	51.49918255018704	64.77195709945778
P06902	2	52.29771933880562	49.464623069731
P06903	2	33.07202880870466	57.83094031916842
P06904	2	49.534127916676084	42.48540097021936
P06905	2	37.603048832378406	35.56475752174481
P06906	2	42.986363215574904	45.71083748628362
P06907	2	40.283070494496144	39.77267386405706
P06908	2	79.00308145689746	61.638465726898595
P06909	2	58.20102660715898	37.17128949420559
P06910	2	59.244472175301226	57.67544098193297
P06911	2	64.0935772392134	87.34996015082794
P06912	2	81.67755158002791	64.18127617662319
P06913	2	39.982145221954426	47.15415459662835
P06914	2	65.56875105085626	72.04932586117965
P06915	2	67.97724620527151	46.69524947153335
P06916	2	61.87341001377021	64.72702179276044
P06917	2	37.93778320396619	46.64736736394498
P06918	2	37.87610731113965	40.79971133138071
P06919	2	54.310690667930295	55.959351531245524
P06920	2	40.23668991347634	25.154021473171223
P06921	2	46.91901646690674	50.22081407223172
P06922	2	64.93670719763527	63.746192924303095
P06923	2	48.61952057566666	44.2967341705518
P06924	2	41.94257299325185	36.38286758471133
P06925	2	33.73825302883364	41.63645857588163
P06926	2	45.03966123741942	45.5460744360997
P06927	2	46.53037624601723	51.30256764038523
P06928	2	37.898369061498784	57.7355047232678
P06929	2	53.86134456757404	21.209952040841273
P06930	2	28.87865024037951	51.76098580509732
P06931	2	63.23925854736859	47.79817888693525
P06932	2	63.717833030986	48.56534518596639
P06933	2	58.11477927266426	47.63851585561305
P06934	2	55.97549408937302	28.6598017798813
P06935	2	41.661459901574844	61.05348630717829
P06936	2	48.27730281885038	26.515633384918324
P06937	2	46.184535126697725	60.56393585190299
P06938	2	32.916988414299354	37.01536763365142
P06939	2	39.49316488438715	44.994959010381194
P06940	2	56.843624898422675	54.58750872028137
P06941	2	70.98961962071306	86.7345574650295
P06942	2	51.45406533794484	38.289889985015236
P06943	2	29.07270218160158	74.12523995476792
P06944	2	53.89050066863808	70.99017608860831
P06945	2	45.21433916457624	47.99075102688001
P06946	2	32.743342142373464	73.94441945453804
P06947	2	51.4595118985569	54.145928990716655
P06948	2	17.748148930106296	9.951019928104952
P06949	2	18.71987912465986	14.0420133110911
P06950	2	55.51077361130731	50.603471823864304
P06951	2	48.73140421366835	42.66958749193817
P06952	2	35.37732270437553	71.66354413364569
P06953	2	63.37889106638447	70.35812681795473
P06954	2	58.02338745446418	-0.7208699549591273
P06955	2	52.15699990553857	50.246766235799605
P06956	2	24.019479616760442	38.43355153895468
P06957	2	53.49711825734684	50.97778823999556
P06958	2	48.40631895071752	65.27962068071237
P06959	2	33.53915958519705	36.81054895933426
P06960	2	47.04502513667926	42.45686767681919
P06961	2	73.79220639788153	43.904304732786436
P06962	2	59.438646984800805	45.176986572615796
P06963	2	37.176221232919254	49.402299073435934
P06964	2	57.13166699560066	45.09764121022982
P06965	2	29.823315977681983	81.75847737682662
P06966	2	50.14670509166204	41.78354609645628
P06967	2	74.48304892686805	45.54924226988139
P06968	2	54.666207910343545	41.14683051975016
P06969	2	63.32178009308247	36.82008622768682
P06970	2	54.64181762571731	37.35369012354292
P06971	2	55.194124722535996	31.77036266834748
P06972	2	45.010749495898075	62.79284028631659
P06973	2	28.581102593521326	41.94841370604948
P06974	2	62.411874329858406	28.863928252190753
P06975	2	43.611622295778155	35.47857691815987
P06976	2	40.26834113729344	40.542223038227064
P06977	2	41.51389709833197	50.071044900695746
P06978	2	43.81409727980983	54.59849878323627
P06979	2	45.57755031097065	47.45349891826858
P06980	2	42.668375256949716	57.217154350167036
P06981	2	33.32502055768846	33.943854862979066
P06982	2	52.9238726319259	55.799560073469195
P06983	2	64.2986737179085	46.48785531700778
P06984	2	46.457913491270936	47.403740636940306
P06985	2	50.13862612086173	69.62715523216063
P06986	2	54.45526226523846	74.43130387294488
P06987	2	48.49733973443942	32.53966605741123
P06988	2	46.9787288690822	54.11299874383932
P06989	2	41.7115756470092	57.08718403580017
P06990	2	43.32775832430406	37.89516655851418
P06991	2	52.90590999453776	37.545022977602606
P06992	2	38.956036101023884	48.673639895145705
P06993	2	69.6843259990352	55.311965337565624
P06994	2	45.618551919058035	34.24325012878606
P06995	2	66.32135342286612	48.34373498498228
P06996	2	67.17144682327203	34.258623041485265
P06997	2	38.46008425599722	47.183661215120345
P06998	2	55.31293800964698	64.52504345597762
P06999	2	71.32434378209425	68.03754469908198
P07000	2	62.92744921359033	48.49849765656908
P07001	2	38.0346134629907	63.73856205862058
P07002	2	48.71167308474754	63.91742632755818
P07003	2	60.5451481061415	41.169519887437446
P07004	2	57.42198215856724	32.085450421247714
P07005	2	63.46847074880692	62.80545674951616
P07006	2	38.85645801794768	33.81821276844953
P07007	2	55.8799771156979	38.664140527520566
P07008	2	58.64095381222202	72.26404138853545
P07009	2	32.897984229661226	61.234580237967265
P07010	2	53.41855736479525	50.24109843452862
P07011	2	35.930407603404376	52.732379131815826
P07012	2	48.577465159290675	42.48482819426158
P07013	2	56.36445760622602	66.82163564409369
P07014	2	53.471285505813135	57.995376226120484
P07015	2	59.20534192322881	29.745102496508668
P07016	2	56.08815542277448	34.77157297469971
P07017	2	59.670541611629254	59.02694708923088
P07018	2	68.65861299501644	41.367901274400104
P07019	2	48.46566219022078	55.853151542430005
P07020	2	47.58339850639682	64.64350915583086
P07021	2	35.45240205804034	49.07784845263237
P07022	2	60.220302118730785	54.63658531802786
P07023	2	56.80508169503593	53.718301246377465
P07024	2	48.756540475664785	64.22781964634984
P07025	2	91.55475515442798	63.39811741855338
P07026	2	72.40119167305102	70.66326158813871
P07027	2	44.4262925970804	42.32969314804864
P07028	2	55.54089287558282	48.839649068837424
P07029	2	46.97843397491074	37.8312642397373
P07030	2	46.19904929362758	53.91374042532586
P07031	2	40.85088197087348	22.577556003286688
P07032	2	33.58976017752766	37.1535344517949
P07033	2	17.704105064817163	68.02453715213176
P07034	2	51.4223069207957	53.45979857403905
P07035	2	25.255940160026057	56.44606217957078
P07036	2	79.12854269426605	57.185441907802044
P07037	2	18.692476078110555	39.20736433545462
P07038	2	44.94523406397989	60.128265772784744
P07039	2	36.660455083861244	18.101677758841376
P07040	2	46.246075739868864	57.86350971784468
P07041	2	57.12009329015305	47.297018307532994
P07042	2	40.03967580607883	48.89040273825138
P07043	2	49.746422817685	45.012240643364166
P07044	2	66.72376836547464	38.748086320982395
P07045	2	49.16275833581533	53.3734483922485
P07046	2	43.36963296943324	60.028216475825346
P07047	2	49.52066543425997	44.38170068830198
P07048	2	62.66785670605702	37.414067656056616
P07049	2	52.319799424408075	66.25566251426712
P07050	2	53.45651338184461	51.97702833333624
P07051	2	51.82411574752228	50.9665779666248
P07052	2	52.0573642834733	81.72713571218658
P07053	2	62.583318699224414	66.0166341045364
P07054	2	46.79921402664603	82.05471821661749
P07055	2	64.45149768809044	60.12876244167762
P07056	2	57.77205744018528	41.57192582944768
P07057	2	40.04248253178905	52.49248259155644
P07058	2	33.013462884653016	53.903239614575725
P07059	2	44.65284155852338	57.10603670673447
P07060	2	34.798308210781585	49.13002326690235
P07061	2	52.380240115360444	33.39866755395842
P07062	2	36.70447217947749	46.00509090309488
P07063	2	46.13467562752577	62.01113325512528
P07064	2	30.982880143029206	41.67850340519552
P07065	2	74.83826137895149	18.645595151352815
P07066	2	74.86798910533035	77.65397475338716
P07067	2	58.830507807617266	69.23709164771401
P07068	2	49.70033601988986	53.40984104580068
P07069	2	54.67184823618201	45.09131544922781
P07070	2	56.875455540479834	44.322420521163394
P07071	2	58.61353759605073	56.968395642975146
P07072	2	55.93971470317331	24.2433020769417
P07073	2	65.26589610201904	61.543131445225136
P07074	2	54.007269288535845	73.80185293931785
P07075	2	43.54425533114005	55.49540198867096
P07076	2	53.648587822623426	40.77747008699364
P07077	2	72.14269730039565	63.30806695913756
P07078	2	40.550879450018265	40.604206606100895
P07079	2	62.02435751456126	53.758071513910224
P07080	2	45.94974961822931	4.358219471933143
P07081	2	50.91064193792678	47.21822353749039
P07082	2	37.55246168201861	53.410360764892715
P07083	2	43.28979830881414	66.16089733835486
P07084	2	50.048329648863266	61.053951948303535
P07085	2	53.38636147296597	46.757963761875125
P07086	2	61.83405018907143	58.14878325753929
P07087	2	61.19121883245316	34.51275093282468
P07088	2	40.679965735318056	43.88982932153923
P07089	2	76.88628747078313	51.46184740452004
P07090	2	50.32215246265808	57.46631596321333
P07091	2	63.386482480839454	37.531963977329575
P07092	2	50.201088918208946	67.06257314306498
P07093	2	67.12678030856722	55.18873855532343
P07094	2	41.66954747825555	64.53198871285774
P07095	2	43.310606282792236	57.29261120775588
P07096	2	63.8090637294056	32.45622202142691
P07097	2	43.26180507057199	41.87468211250598
P07098	2	56.65088279035312	56.55406612271902
P07099	2	45.945262232504675	57.36589953718812
P07100	2	34.62932149601256	52.08663997228932
P07101	2	61.10660783600859	35.26648678992331
P07102	2	49.11042449704221	58.05567537640846
P07103	2	40.309949311706134	87.57769664900628
P07104	2	46.48008171104363	44.01426060081495
P07105	2	59.47547242218352	74.70296929313861
P07106	2	50.76732966657068	36.41840781567492
P07107	2	71.41443992101611	59.74859993290043
P07108	2	49.35213699037152	50.01290312092702
P07109	2	65.62065457313606	39.3635715753974
P07110	2	49.613256890747905	41.18529467976882
P07111	2	39.91869463045698	34.5481475457084
P07112	2	58.64856032268328	61.569454167857046
P07113	2	53.511796233559835	43.4043523353274
P07114	2	60.451620684355255	58.08157753662839
P07115	2	46.741829626888055	46.94158042778219
P07116	2	42.090427719886314	50.61096875369666
P07117	2	60.590020424358585	66.72818518597099
P07118	2	74.03888272390961	48.02197533283564
P07119	2	44.160420590684154	52.26464747137133
P07120	2	51.9825106990573	58.475513060132556
P07121	2	55.171310176129964	57.54537976276113
P07122	2	65.74449758752247	49.0020576563946
P07123	2	52.83161106268086	56.89710527631014
P07124	2	43.20908558256723	46.34557081253537
P07125	2	59.789308675402644	52.12691410746621
P07126	2	37.162113447224414	46.3696142999877
P07127	2	62.57597824045462	52.69436627789095
P07128	2	60.43648568530409	71.42985465380255
P07129	2	72.85977888329694	70.59689181594982
P07130	2	40.01361947626461	64.95020800233284
P07131	2	48.29626612121734	46.65394661971641
P07132	2	58.1833839568959	68.7892461785988
P07133	2	75.75463235070666	65.86497337422492
P07134	2	58.19769014978699	65.3647305477425
P07135	2	54.830427805569705	34.40342231177691
P07136	2	28.8168956233875	36.34825252832782
P07137	2	35.937307104233426	52.24120651706705
P07138	2	50.61599384832413	44.76600819641431
P07139	2	48.79924981294409	39.11015546479179
P07140	2	70.95097086356733	54.77816707064868
P07141	2	23.54454911353678	32.009674114786634
P07142	2	55.17744244696754	39.44551126359
P07143	2	54.99757575280083	51.27593830087679
P07144	2	57.9499574624632	62.155197413563826
P07145	2	69.22312367212636	47.832046991824065
P07146	2	59.61809019274419	39.0094371365469
P07147	2	38.07920835609403	51.425150459116935
P07148	2	41.65580830154357	34.925268229238426
P07149	2	40.152401403062726	64.04221081667659
P07150	2	40.28894586629089	34.226819017607376
P07151	2	52.71975514001253	50.665587522365556
P07152	2	46.05602968929667	76.05906086972993
P07153	2	60.97044963640373	31.676230830047423
P07154	2	29.618069726750974	41.71873868431734
P07155	2	57.14546855348545	56.678757054437426
P07156	2	36.37502687700197	48.01609876337031
P07157	2	58.402328031638504	66.22545248038129
P07158	2	37.02239625702408	48.89707933176287
P07159	2	37.16989886826727	39.81195672953849
P07160	2	51.42070124871596	34.40678434353018
P07161	2	39.87444713337179	44.81211231827209
P07162	2	46.114397159500314	57.10536118344114
P07163	2	45.81477949229075	34.09212861202612
P07164	2	46.86213309111317	61.03412189059749
P07165	2	33.935441594290324	70.92546597902343
P07166	2	65.24864676987151	45.89395608549708
P07167	2	60.234001656621274	30.17778567778445
P07168	2	46.09432299298696	51.9064615930241
P07169	2	21.71709173055074	45.345195629146154
P07170	2	46.41749860645988	33.89239112591595
P07171	2	72.75498851889392	46.055937712669746
P07172	2	63.516802121553724	64.81691132730754
P07173	2	50.29524845037984	43.84957164566761
P07174	2	35.2751207310826	40.12477313412512
P07175	2	32.13071983645258	34.94731470213396
P07176	2	48.575439560674624	29.72187767197777
P07177	2	62.90036388313843	52.86347809951796
P07178	2	65.16144732000537	60.823070078942855
P07179	2	23.022911655314694	36.41740731479071
P07180	2	26.66750289390393	38.494540931170164
P07181	2	58.467170721565864	43.771251640793785
P07182	2	16.932232350712674	36.56250888201042
P07183	2	37.97226958223128	45.92594540977058
P07184	2	65.2104601043774	35.73615576760592
P07185	2	38.352675282921524	38.20035787134183
P07186	2	58.01874766011411	61.060332665177974
P07187	2	36.07541426774954	56.197540205259486
P07188	2	41.06961602280062	39.10446822846333
P07189	2	62.198664769823914	56.01381953455578
P07190	2	38.48177012812402	51.40885932353237
P07191	2	57.943894987951445	37.67970445913976
P07192	2	52.79266409111299	61.33963411720997
P07193	2	32.86978797646129	42.86166728038316
P07194	2	58.894814076450075	55.187529180852245
P07195	2	52.262031713795714	44.31993574392041
P07196	2	49.21378157326297	46.160253451463184
P07197	2	29.441432999749953	60.265236312660605
P07198	2	40.510336176881395	22.74582591989472
P07199	2	64.00564383774461	62.26713725121083
P07200	2	81.98698430636213	35.93308068485716
P07201	2	27.184777139002957	49.29638649306766
P07202	2	47.01130760132753	26.93010173694642
P07203	2	62.36771458585	52.13595920671202
P07204	2	88.91378255168303	48.86538883625799
P07205	2	23.60943368730736	44.85283578198073
P07206	2	30.761731271437668	37.20790970339978
P07207	2	44.963727786347725	66.45801259878067
P07208	2	16.343170720384443	29.606933114033964
P07209	2	39.09242128893529	39.69966856548227
P07210	2	63.34319212497403	61.57634552599128
P07211	2	36.03657948109404	71.97197546334108
P07212	2	71.42772694391427	67.84182679914355
P07213	2	49.6328192950675	54.97537358350042
P07214	2	55.157138034009186	39.02310510204958
P07215	2	34.357587732895574	35.04670593761246
P07216	2	49.57660011169238	35.764959199870326
P07217	2	59.049546360630394	40.86023424681282
P07218	2	20.932537786901335	47.451529720914415
P07219	2	54.63314689299952	62.25355719555361
P07220	2	57.95914950096228	56.551086151278525
P07221	2	56.65159326139748	49.06964541977444
P07222	2	71.09538477200026	65.32207708440752
P07223	2	61.135205729488895	30.04309066395294
P07224	2	45.28885163756506	57.8192653705021
P07225	2	61.56445347389147	63.62454078346288
P07226	2	66.56960113787586	51.46345826186405
P07227	2	43.97784886845143	49.1373426961139
P07228	2	27.826764632554326	66.71347758120586
P07229	2	71.71447440105356	66.5119710237135
P07230	2	60.0864867447775	55.51758680313386
P07231	2	57.14382894711981	59.04597704923623
P07232	2	40.02114861747786	61.931407035036734
P07233	2	40.459365251621634	44.25566656506707
P07234	2	56.28563016357523	28.097335244643457
P07235	2	71.19916473168682	58.29897790536584
P07236	2	60.05923159978805	52.230755698180516
P07237	2	20.46357559839685	53.6551227516791
P07238	2	38.114766183204765	50.239687343883254
P07239	2	45.69788189227399	27.37948288408686
P07240	2	52.673400278638425	42.46638215925162
P07241	2	43.08992165206021	47.09287711532921
P07242	2	58.430465711347075	59.49257660926679
P07243	2	44.493322700741416	54.57010510268229
P07244	2	38.79273004283475	68.16616772283098
P07245	2	54.329707014675655	37.42970783011237
P07246	2	71.02451877296453	74.6834018701402
P07247	2	42.74508533386427	48.15732838360441
P07248	2	59.18529829682686	50.869404620122204
P07249	2	59.21120991177992	35.133292404864704
P07250	2	46.07751821195133	54.6322127902539
P07251	2	41.4934211117995	24.323663704729597
P07252	2	38.12242203139643	57.45731659867555
P07253	2	55.942212290106184	29.679527983238707
P07254	2	64.44808036247167	48.42655872114373
P07255	2	46.561239591351516	38.08216828551516
P07256	2	37.33035177890513	52.2750527244163
P07257	2	32.73544367516748	35.46218205464866
P07258	2	46.13891560910787	35.96331164941498
P07259	2	49.73653951710285	68.0117800017438
P07260	2	43.43926074850076	50.30016145840574
P07261	2	45.74235079313386	61.96809877799585
P07262	2	36.44820663981882	54.022702739813354
P07263	2	22.825957417653587	21.66594474155728
P07264	2	34.85972503739978	29.13072136133427
P07265	2	50.45765490228834	68.66330258353732
P07266	2	35.25368971899053	45.18911660459104
P07267	2	36.47920573506488	61.31407411665426
P07268	2	54.94151197811334	58.941302932789476
P07269	2	64.77399906434805	60.914679098973345
P07270	2	65.74040772440364	56.40015922764203
P07271	2	51.72064049185045	44.75946084879597
P07272	2	54.112814731287784	48.72423532389783
P07273	2	48.43013305532031	52.36958860891708
P07274	2	55.20952352626706	70.9296896110933
P07275	2	34.96377416134956	38.350612676531405
P07276	2	48.888830154014215	62.631236267954264
P07277	2	43.86548473372581	57.297354146525784
P07278	2	27.810637043387885	44.25209680348081
P07279	2	45.11269144323683	50.9370829595703
P07280	2	51.61661438013297	41.67482374360932
P07281	2	56.903732018554805	56.8333198579886
P07282	2	37.18174669693717	36.70350855004727
P07283	2	53.182748769305306	56.281661730187594
P07284	2	24.254489191677564	44.99259971666909
P07285	2	59.17473985162444	55.16392706533682
P07286	2	24.718205698175485	32.379119053687674
P07287	2	65.617117806984	68.72491130029212
P07288	2	60.02742292683543	43.41553559316527
P07289	2	73.78148582261957	51.210019802363995
P07290	2	37.32269047848899	54.146977692100585
P07291	2	44.387835087104165	29.597902984173526
P07292	2	67.24759992120028	50.466465867970875
P07293	2	56.86348150536689	53.050243307586335
P07294	2	50.500944236453606	47.58602017840354
P07295	2	51.21923789731335	44.40696481473539
P07296	2	28.92069048608893	68.3862021315854
P07297	2	38.09114728496053	58.37206427832541
P07298	2	29.644926082312452	42.65428289306831
P07299	2	35.179095899190706	55.75676830447577
P07300	2	61.03328693119864	41.95652646494401
P07301	2	44.985682716345835	40.57865152376927
P07302	2	48.78056164385032	67.11598052578715
P07303	2	69.010220385524	44.75446656371709
P07304	2	50.71055477004979	49.575781915305576
P07305	2	62.22779264743087	31.748779796763657
P07306	2	49.3158776907352	59.92508967418547
P07307	2	57.04318778850652	48.030037648380684
P07308	2	38.622366345756106	42.54992831650095
P07309	2	66.07318613875391	53.82925142273576
P07310	2	44.68544034952598	50.15457343822601
P07311	2	54.78791800565744	46.145217158123934
P07312	2	36.514698089633384	48.970401594358165
P07313	2	48.707091026005045	60.34186551574012
P07314	2	55.31467433630368	48.3427698332579
P07315	2	37.7183032567329	39.05417945708713
P07316	2	65.47161609378894	60.11230446408326
P07317	2	50.937888119140716	51.073816254969245
P07318	2	49.29894759952487	50.99844580870612
P07319	2	60.339292052607604	58.93530486845508
P07320	2	60.965802600097035	49.78194393252994
P07321	2	50.15989251539618	56.150252988989344
P07322	2	54.644463089380956	56.858104115746485
P07323	2	37.303571589753574	49.266082860279084
P07324	2	40.41902489390552	46.10577824208539
P07325	2	35.880526989865885	50.62046163511411
P07326	2	56.04881600816128	59.092599343393296
P07327	2	56.96851862059059	64.86407149458014
P07328	2	43.524139853811235	32.59067890082618
P07329	2	51.21184913449592	42.96936064659404
P07330	2	61.516370827778964	74.6325180735805
P07331	2	76.03389494750998	37.852298919760116
P07332	2	30.350886858106858	56.82564190409086
P07333	2	58.877381196842514	44.58933615491131
P07334	2	55.55652474573295	30.403502286299027
P07335	2	49.73784222225625	30.044835715002996
P07336	2	44.69679005805716	39.17376642957652
P07337	2	47.78465789762651	57.140230712746714
P07338	2	62.38111638414428	41.89383208387615
P07339	2	80.25737077267415	50.70829379767565
P07340	2	40.81189095010059	38.07336096460198
P07341	2	47.61724024404595	41.81157541088664
P07342	2	39.18371273267922	43.247106724693005
P07343	2	45.10183287081293	53.92314448399317
P07344	2	43.28502848035015	46.129532387286055
P07345	2	36.87499637260985	46.172782777262356
P07346	2	44.49943620218817	39.647061088865065
P07347	2	14.535443538993556	41.57138261303638
P07348	2	63.726644724074134	53.73862708411918
P07349	2	50.11015559203004	49.088030798749756
P07350	2	44.84592431877469	65.69064697845397
P07351	2	29.390876405647028	58.288673129090775
P07352	2	38.14032959163771	56.69941219215645
P07353	2	35.543793864435514	45.91222527486404
P07354	2	49.17980595418636	58.45326322273682
P07355	2	41.38526492639544	77.85006226935852
P07356	2	50.2666828729564	50.35963561010829
P07357	2	66.11276935807382	54.287278449859016
P07358	2	54.26995678242853	69.09722755150202
P07359	2	40.2535303778944	47.96924121412317
P07360	2	37.749799277727426	47.780112771815666
P07361	2	62.5593016315099	59.11672981076919
P07362	2	56.911023354280935	60.14308254734826
P07363	2	47.6382846726725	67.59433120295141
P07364	2	45.20153382750825	74.22306891932263
P07365	2	57.34509993464224	53.28293449685352
P07366	2	72.50444376834395	58.376953808924846
P07367	2	58.11238639323413	70.7699171424277
P07368	2	53.25682417452804	61.21194291549331
P07369	2	45.066743351962735	34.66789724645035
P07370	2	46.375931869218796	30.204005602583905
P07371	2	65.22731120393485	48.29839741042866
P07372	2	58.94035098586209	50.99509364855278
P07373	2	43.02002760642491	53.96916417769412
P07374	2	53.97836933688103	58.697146602235534
P07375	2	63.22129884858494	63.994082283075144
P07376	2	56.90272315565384	68.51321590741705
P07377	2	51.78227953462432	66.0125942895871
P07378	2	68.60113441870831	37.73635908465356
P07379	2	40.58983650122277	44.46754401637313
P07380	2	68.95976927311321	50.77874660588275
P07381	2	54.64914775535951	35.58728075523192
P07382	2	51.05134861205446	50.75781758517676
P07383	2	58.808709404270516	67.30505563808953
P07384	2	40.01822064761723	58.45668690779442
P07385	2	45.230135266491516	64.2754947503608
P07386	2	38.2926786942193	53.509404282997636
P07387	2	66.36768148383234	80.70199694687687
P07388	2	50.11378616752655	37.51791221658834
P07389	2	64.78279215293433	41.854409874814536
P07390	2	52.59261564790754	5.229715538304248
P07391	2	52.513083543212815	46.737876075424396
P07392	2	40.883257705111134	20.390376987344176
P07393	2	84.67576267187778	69.09988950856714
P07394	2	42.44456417249338	56.17677896138907
P07395	2	50.30684019039549	43.941911637991595
P07396	2	23.83548351761221	47.41300566428371
P07397	2	72.42506889006948	57.131558342135484
P07398	2	61.07130363673304	71.60714156520045
P07399	2	58.458650620444516	42.58638657276049
P07400	2	43.907727821967796	39.42193947112216
P07401	2	52.28192980754967	69.75754910420706
P07402	2	57.20131756636187	25.671455003758382
P07403	2	55.183645511674584	43.70292913843596
P07404	2	33.2984209361082	31.623663183197234
P07405	2	62.77803380171313	69.83418983261215
P07406	2	50.85019344353319	59.69365380478328
P07407	2	58.4582805406237	64.92814369813152
P07408	2	32.70065668507769	41.58711253305011
P07409	2	36.530807911799606	46.09461838836606
P07410	2	33.757034677602554	34.2295211735244
P07411	2	41.19073270984101	25.222233696035957
P07412	2	41.93321006952799	35.572559976492954
P07413	2	34.61994771798112	46.86926898529515
P07414	2	65.04072656886572	65.57471262866684
P07415	2	61.02316893584537	48.61622993425475
P07416	2	57.13616648938499	33.21590064907717
P07417	2	46.013307148008195	46.91865670761759
P07418	2	61.12972500549393	34.6568171404974
P07419	2	50.95129824544104	34.768045217619076
P07420	2	42.29503929853945	23.372745010869483
P07421	2	29.12732563047058	39.64582496553545
P07422	2	27.14432436484901	39.706065403359645
P07423	2	74.85621840456221	54.813018969603235
P07424	2	38.06958177814284	14.282087078714536
P07425	2	43.73165411075846	49.49888683408845
P07426	2	61.949604767099736	76.22884153201883
P07427	2	49.56054390528058	56.82127498950603
P07428	2	62.02539304021391	68.45323195689795
P07429	2	64.72127523461275	66.58881899717831
P07430	2	62.75768841018677	50.42190950300855
P07431	2	63.30821879372202	85.41698149002318
P07432	2	63.93354734531381	42.8505900699372
P07433	2	40.76403110762272	50.178327784063924
P07434	2	40.44511595829592	37.10837485683823
P07435	2	47.046454046377306	20.637549148777854
P07436	2	45.50406109140885	49.46071779893411
P07437	2	72.12664524465787	69.47812429549681
P07438	2	63.45437357825528	48.63654251115507
P07439	2	31.71980367832513	46.25513412079936
P07440	2	50.46161268696751	56.528196304148565
P07441	2	58.49259208932138	42.74887706382963
P07442	2	65.15651054841919	59.72891359693341
P07443	2	53.772930696688	45.93895698959577
P07444	2	32.35847287393407	58.20541546212586
P07445	2	52.935953305084055	47.3487423211094
P07446	2	56.03018517503907	61.702539092918215
P07447	2	49.437091714504426	37.391042740245474
P07448	2	42.1612781932611	74.29479154219628
P07449	2	33.91234452892266	36.17747993030903
P07450	2	39.649035818674854	45.527971790680056
P07451	2	43.766430095427005	28.091097404334445
P07452	2	40.170542224020146	27.79768621426832
P07453	2	57.33793046047528	44.416330057822414
P07454	2	50.722807465902626	43.72876424572221
P07455	2	56.379905555649536	63.55030413515271
P07456	2	56.31100055537437	27.807723241601774
P07457	2	32.69565956565277	14.28914465679312
P07458	2	47.68729066788108	54.28292606992454
P07459	2	28.61136407432042	56.811464854079645
P07460	2	63.88952153474245	48.38367590812398
P07461	2	55.43075321680347	31.07653584887547
P07462	2	51.90395775497017	55.31107378771599
P07463	2	55.81581800311518	39.11665233546843
P07464	2	58.82921592017133	41.999886681820065
P07465	2	40.248546313817556	60.85413799147297
P07466	2	51.99999962471177	45.161137702359
P07467	2	38.20947367752893	38.33825893356174
P07468	2	48.1285991159924	49.75940190758075
P07469	2	25.3446094427009	57.4233576974478
P07470	2	35.21756894687218	58.74104535184281
P07471	2	30.14654758105673	52.02602776758864
P07472	2	36.08422266403173	63.35924186135407
P07473	2	58.09902643607178	40.86239552556588
P07474	2	46.37383632210158	27.47225803847405
P07475	2	68.44218276820865	60.68789352984917
P07476	2	30.64301130636519	34.19068948540334
P07477	2	43.01003731066696	33.488159167494196
P07478	2	45.090467936051034	32.136708296298735
P07479	2	72.62022508569318	50.0306672919864
P07480	2	55.60894224469638	48.73881768515084
P07481	2	60.3594993120615	24.52422073261564
P07482	2	60.487168245124955	50.8077771347707
P07483	2	27.267100108721287	61.69095821724672
P07484	2	39.407204643217405	33.04734465691325
P07485	2	72.94066183853117	49.804744647408334
P07486	2	73.40967874199578	67.84205279141362
P07487	2	40.71010174509126	31.559001166615353
P07488	2	37.52924181175276	33.21162072531012
P07489	2	58.53993432317144	28.048238774310192
P07490	2	66.40665232089103	53.43213634691432
P07491	2	37.511236584252	37.81850386555527
P07492	2	34.822850818272535	45.4745364016223
P07493	2	45.22152660685512	62.42262818879691
P07494	2	51.557887069915786	36.35530645351497
P07495	2	62.0830134785514	62.893476955143605
P07496	2	62.79695117882137	68.9609682266672
P07497	2	51.06343757473666	69.62825531637179
P07498	2	63.538638667836786	67.10618785849442
P07499	2	59.89745710124264	68.7938121518304
P07500	2	51.208567669775405	59.19666246036857
P07501	2	56.38523181010596	44.89253951835655
P07502	2	61.861186125974335	47.91965784966051
P07503	2	57.39908868159814	44.461878218600546
P07504	2	45.97953625718571	55.00380462698533
P07505	2	62.687947077429	42.26421056031051
P07506	2	55.418785550263	59.65206155092441
P07507	2	72.22270759286825	51.95695173910467
P07508	2	38.80868624096465	60.28482989962056
P07509	2	37.06071071588724	49.79804478116107
P07510	2	48.20684741574594	31.464666140637053
P07511	2	70.97961588334312	47.20425045810681
P07512	2	57.874875922522456	44.316759805255344
P07513	2	65.25100200438504	36.31654307963653
P07514	2	55.81647550986412	65.95033894468297
P07515	2	53.26469471457878	33.909095386023985
P07516	2	52.924935256446716	32.387205065028155
P07517	2	72.41900812520922	52.18760487389902
P07518	2	53.85989898321381	79.18862299030644
P07519	2	33.89904782070021	34.74580307905954
P07520	2	64.38845428958894	44.7336780397214
P07521	2	29.778963242404394	53.559377913300075
P07522	2	38.87442321485049	46.59635223937126
P07523	2	38.38335276861685	46.524638524161176
P07524	2	48.30256562531876	40.837618589018945
P07525	2	68.34352629500022	48.793624249656965
P07526	2	72.35259263296543	53.86999272065566
P07527	2	25.83433862931645	17.210516131260945
P07528	2	70.08042153920425	57.15852775856938
P07529	2	54.550043214311884	47.702748927959384
P07530	2	40.49762614646873	54.80387614981019
P07531	2	63.51385488043034	76.87658663898911
P07532	2	62.99940395672349	89.41572578182259
P07533	2	37.81559997048271	36.85852000001904
P07534	2	34.7823440324354	54.71311633487666
P07535	2	32.52812980720317	64.47529122673072
P07536	2	59.3049646496967	66.39573892554262
P07537	2	55.054607259248684	47.362813843075976
P07538	2	54.75266554061844	44.334646677702416
P07539	2	56.19337981716607	62.61094848341612
P07540	2	34.022102806221845	59.69733751681248
P07541	2	71.9791643657502	42.9550425731478
P07542	2	47.373260798807195	66.71304569031585
P07543	2	54.955124417151616	69.49222651167834
P07544	2	62.096821654857074	49.006217605087706
P07545	2	75.90808839488187	39.60250321229631
P07546	2	64.76361701180478	47.624837868809266
P07547	2	76.54430135189915	51.73711199607493
P07548	2	55.140102013729894	47.37155643124868
P07549	2	60.0515759411958	54.44828490465225
P07550	2	30.45946880777193	56.334173257078305
P07551	2	55.99925856142562	38.65212143435942
P07552	2	60.87226021147003	43.52547220226228
P07553	2	63.441874742788286	51.28475550397659
P07554	2	57.04299216048605	55.58163828709199
P07555	2	44.7126281954822	54.08829140826318
P07556	2	32.2590922321765	35.978565534892724
P07557	2	81.26347331904806	89.37900706641179
P07558	2	58.86308283417767	44.589951217655965
P07559	2	56.76725266885712	38.647655474409625
P07560	2	60.50201845841587	50.285741003811644
P07561	2	53.872555716647696	68.72294483448103
P07562	2	46.01132168623961	44.85789802979896
P07563	2	59.67395288701811	49.05769003552281
P07564	2	45.25927465728781	54.31152580732818
P07565	2	26.631940984816126	19.36279198446646
P07566	2	55.7727163479944	52.53066741369852
P07567	2	63.10302194691665	58.894870614628985
P07568	2	56.713625703252866	45.401275340103226
P07569	2	48.28499716353188	65.90425945866139
P07570	2	36.18056876760846	29.639351210759763
P07571	2	66.8771008043576	53.63390509051561
P07572	2	45.3382986745512	61.889786968604106
P07573	2	37.57513631876483	60.99697093694145
P07574	2	56.94118383847995	49.15054141838554
P07575	2	34.86913119270361	66.47409691806568
P07576	2	55.94543536989397	69.31706807498041
P07577	2	35.65774156081325	59.76548849791966
P07578	2	46.17740145469005	48.24056674508549
P07579	2	42.71481172125427	46.53827814135421
P07580	2	35.354434304486674	49.903502131308
P07581	2	57.73856116599407	47.255783124505136
P07582	2	43.90453113498781	53.611123760974934
P07583	2	74.25130116167999	63.76137133510097
P07584	2	58.5472212050746	59.7462426396573
P07585	2	57.633035165042585	38.03855796067119
P07586	2	45.4486860458023	52.76121134809847
P07587	2	34.28535029222035	49.860595971896366
P07588	2	38.156170677826786	58.99989505723549
P07589	2	24.90778932130988	46.513738181066444
P07590	2	50.49495224176058	36.272280730226164
P07591	2	47.583925259978585	48.32133027256117
P07592	2	53.83407878839349	32.44928493050434
P07593	2	43.26429999227304	45.50757073875019
P07594	2	65.73130861604871	66.64709639324525
P07595	2	81.52533528189812	45.24598766936134
P07596	2	63.966858161533274	60.58544309358836
P07597	2	52.28481384234599	37.843071834158636
P07598	2	30.55140985161252	40.452174437101085
P07599	2	39.71087683646279	37.53891281584691
P07600	2	67.7112171578417	55.144352275737255
P07601	2	55.7719937505175	45.01779564116933
P07602	2	63.64049116773195	78.28611963507687
P07603	2	63.080546576612036	40.657334976551965
P07604	2	40.86610963005912	42.492970066982764
P07605	2	57.083450028535545	41.48751086400623
P07606	2	40.006337030701694	41.51332313009227
P07607	2	44.01205893963188	53.13562041930604
P07608	2	32.51616484928101	44.56807483548858
P07609	2	48.19578413843985	42.06483722725925
P07610	2	53.97776845248107	51.50326439468868
P07611	2	69.56277407842393	65.83869923300276
P07612	2	72.65925622374075	63.54983981105957
P07613	2	28.10951329637081	23.237728906081117
P07614	2	71.6437108196125	38.59594275260254
P07615	2	60.65496831919154	51.48767761054658
P07616	2	54.97631918044358	25.29361893100325
P07617	2	55.19442631026554	37.13941849274034
P07618	2	54.733829986172225	47.18480500750971
P07619	2	70.11332119653558	56.32016847025463
P07620	2	42.26758542585386	41.93705790669033
P07621	2	55.43983849995246	42.885772463988715
P07622	2	48.89734808428224	43.74849403124368
P07623	2	42.39597414327847	58.9918808146239
P07624	2	48.482125451072484	61.676703330616085
P07625	2	51.85756370994385	42.46492073746586
P07626	2	42.26237053566066	66.19585298983759
P07627	2	55.05984857991028	20.43239716295485
P07628	2	50.05333616183114	70.057216755905
P07629	2	69.78678193820205	46.28074686431679
P07630	2	55.22337789456099	53.39427031328074
P07631	2	46.98298741901544	41.34349875635016
P07632	2	49.80994303502509	42.77098171385109
P07633	2	50.32860145592772	45.77389145469827
P07634	2	60.125600808057364	44.83983032395822
P07635	2	46.99728629930159	36.56291156226103
P07636	2	44.43088846695031	58.788212390591184
P07637	2	56.30380473776252	44.66072540995694
P07638	2	54.5786460686071	63.244346200258605
P07639	2	41.02128550431242	79.03117571340447
P07640	2	48.974858544412385	63.746028923181726
P07641	2	52.40339193343948	46.80470305044063
P07642	2	47.82340732636529	61.259926084044615
P07643	2	39.74367260387039	29.951380603542276
P07644	2	36.24240261648027	49.515377513668035
P07645	2	48.857689773986415	47.41887764836166
P07646	2	64.33706728792251	46.43125640808636
P07647	2	52.93181294901029	47.37829324632301
P07648	2	46.47175353450465	57.23578399555795
P07649	2	55.21681966351578	53.95380626573851
P07650	2	45.487224724888506	51.96449278668896
P07651	2	26.32221770394365	49.609417986750756
P07652	2	57.389497720716854	66.65252508003591
P07653	2	36.66218735608318	43.50015923426423
P07654	2	54.34366742223717	37.27230352815498
P07655	2	49.60943313235014	41.38983473680032
P07656	2	54.385852457844656	46.096480896077054
P07657	2	90.09691037124337	56.64254342420857
P07658	2	55.0866160544172	39.54826520113703
P07659	2	47.79237429712556	44.617346772652525
P07660	2	54.01990093780781	44.244162848115344
P07661	2	47.77880033552092	42.87598223555658
P07662	2	19.22717037628083	56.726892704571014
P07663	2	52.42350930278637	61.86820953250675
P07664	2	37.09005648568419	40.57228033369579
P07665	2	39.06292690529312	56.16071516370744
P07666	2	29.812018172503734	50.5443871410518
P07667	2	38.68611702230821	39.833006847308226
P07668	2	52.427075265856246	39.45294661408299
P07669	2	43.90774630819919	58.528264850741785
P07670	2	45.438495799592296	55.49388470423426
P07671	2	28.040940003892747	36.38402154554898
P07672	2	38.565290680548685	56.024481432289384
P07673	2	41.32370527535739	37.285657463587235
P07674	2	42.12994059248852	56.96325386504916
P07675	2	43.25534289227708	58.45303129765331
P07676	2	38.79259441737216	43.8824586121831
P07677	2	48.7054178581176	38.47983964166165
P07678	2	68.01939405665274	50.15848821737262
P07679	2	43.62028028007081	37.095477604965154
P07680	2	50.667568483088814	69.54555442318302
P07681	2	31.85174025551475	33.29463425955058
P07682	2	55.1610053162487	50.69511141664118
P07683	2	29.980869887986586	19.64191520499432
P07684	2	59.89707534655473	50.19008253681614
P07685	2	31.246258486235067	51.25265304733126
P07686	2	35.03861536988048	47.24643471045485
P07687	2	68.32758855623356	44.87684529702379
P07688	2	45.57952055331843	64.84534295262452
P07689	2	38.75655507059291	52.19693748914327
P07690	2	58.948195567597836	40.42678695577998
P07691	2	46.937252691463975	50.86996547798433
P07692	2	57.50597608665497	74.24527934881627
P07693	2	42.45616930470605	44.50777365385368
P07694	2	67.04766718972056	69.08847743925816
P07695	2	37.079766787757585	37.88382464920479
P07696	2	70.3919913392548	60.53997070143846
P07697	2	41.46508219056127	35.450017558706335
P07698	2	35.28526767447559	57.10767467792634
P07699	2	45.11222818834096	61.71381270310724
P07700	2	39.57782099747182	37.930708478710706
P07701	2	46.27796428853185	58.171010188226404
P07702	2	73.97439977858498	65.15932977022027
P07703	2	29.46041173760834	40.292483340015096
P07704	2	58.29752729555894	53.04096945825847
P07705	2	45.27794754270314	54.95703138456217
P07706	2	46.2150764555035	41.92378194133848
P07707	2	56.76179495308705	65.32326851630032
P07708	2	68.30600807207627	60.72537355801651
P07709	2	44.07864366870948	47.19408293163606
P07710	2	45.32925691728435	56.227701762607666
P07711	2	39.323239283624986	53.58058401574366
P07712	2	57.69221629219779	54.7706730735931
P07713	2	26.20521814938134	46.69154256474857
P07714	2	13.559572315804356	39.953597781541056
P07715	2	54.573144271212506	50.32608208826432
P07716	2	57.400312035645975	48.93010465949001
P07717	2	41.549328263580556	50.33279901628184
P07718	2	24.462113923440327	43.77244833699866
P07719	2	43.47898900115102	59.632610545576576
P07720	2	50.974899435936656	75.08435564970559
P07721	2	41.05963001433069	55.84148371184095
P07722	2	42.93012467070212	65.0399764441257
P07723	2	67.68198576795187	75.51073869014883
P07724	2	64.97272140396815	46.752496471442825
P07725	2	42.37164520763823	59.442773518033505
P07726	2	30.91374476723065	41.64626599259007
P07727	2	63.11945732800159	37.83667596023747
P07728	2	47.405676446318154	38.89223075887849
P07729	2	50.35092726761036	34.446387444113526
P07730	2	36.791765891293856	45.21893836454291
P07731	2	39.547208360775514	88.31929668342451
P07732	2	31.27590718275451	39.80996403054257
P07733	2	65.5798381615752	43.87983091507945
P07734	2	63.60786813057217	52.95688734513722
P07735	2	53.94377552007657	58.99475335197541
P07736	2	55.283640452624894	50.47699306178519
P07737	2	58.355370913567796	34.76646620174799
P07738	2	69.44200146523816	34.92206125074622
P07739	2	65.51589470521309	54.575590208589986
P07740	2	61.91180681604344	60.465254177629966
P07741	2	53.12810756665314	41.26088741203876
P07742	2	63.671871195585425	49.83405526316863
P07743	2	54.76237246257491	49.29130516141852
P07744	2	39.590965944302496	47.899767982891404
P07745	2	34.73636033199817	45.41843732244473
P07746	2	80.50407562363203	41.60381030508876
P07747	2	44.720907868910196	53.193654618200725
P07748	2	41.31298170646252	55.02351256639639
P07749	2	46.833794905640396	34.33206606409712
P07750	2	47.589331749704016	46.98044569593484
P07751	2	40.6382323309105	45.20874017505431
P07752	2	71.19106837404765	53.64796444732567
P07753	2	54.62652942503748	52.17177361855183
P07754	2	35.0436212898627	43.60727065829958
P07755	2	46.290932173147674	29.440394202502475
P07756	2	70.8725470296832	36.215699984886825
P07757	2	47.0000066608614	51.04933668536843
P07758	2	54.8057482529456	31.460438426532207
P07759	2	29.64823031099544	40.880360448419
P07760	2	55.68541273473379	25.239359247818857
P07761	2	48.77681317039514	27.75701821398944
P07762	2	47.69251852603287	47.62030283697497
P07763	2	55.352242483283014	52.94536356315705
P07764	2	29.742983846975413	32.44326970013405
P07765	2	63.69845895590837	68.11225078208328
P07766	2	63.171750613620276	37.37019199182486
P07767	2	45.809832823150096	33.148011994354704
P07768	2	35.94827101035595	57.780861160988295
P07769	2	71.73226126413223	43.36118874085196
P07770	2	62.03176044854575	65.63896913195681
P07771	2	25.92145815283242	49.29022916999479
P07772	2	70.95833437884211	64.31965115339689
P07773	2	45.321611307608585	48.29138877233937
P07774	2	44.06595050014841	51.935525500639486
P07775	2	49.45488322259586	43.25704048295035
P07776	2	43.0314034129659	54.45437699134452
P07777	2	48.3569330155152	45.2942739088911
P07778	2	51.57437973211856	55.56466803259633
P07779	2	71.38752658553794	32.05454408862841
P07780	2	56.81642509761324	72.69846031883577
P07781	2	53.080265285783085	46.821780376959296
P07782	2	69.84598653700601	23.975351251326476
P07783	2	52.7347927798612	37.21132586391349
P07784	2	40.88972160314856	46.93782635119455
P07785	2	30.802900531576462	67.7832738175454
P07786	2	57.642107068972926	45.175735245026424
P07787	2	63.676303512096545	37.53783474175618
P07788	2	45.13486155797732	43.83834396207067
P07789	2	47.216708621985205	59.10344599022127
P07790	2	47.08569636773152	24.475197955527044
P07791	2	62.08476304442203	58.39448550061457
P07792	2	38.23051005554118	56.69728907531137
P07793	2	55.652174887311176	50.022156672762115
P07794	2	31.643010816102226	39.57704394644147
P07795	2	60.73190382254584	45.25751023817123
P07796	2	41.35877748775299	41.74023008387384
P07797	2	44.24301424930404	39.193857144468566
P07798	2	36.453699346813174	46.11531202926914
P07799	2	34.27988487813001	27.175648828800362
P07800	2	48.39420812291918	47.52156852666495
P07801	2	48.66266336778571	41.88531513472988
P07802	2	40.72037510597879	36.35586469369175
P07803	2	54.287149121047946	50.68669835161495
P07804	2	27.880966877661937	35.26578779997883
P07805	2	61.51178546549881	31.909698705744347
P07806	2	55.98528493012812	58.72108607028753
P07807	2	36.10719319760283	21.829460564660067
P07808	2	47.12428921370934	35.994230995083925
P07809	2	77.9555713382459	59.185171287865884
P07810	2	69.27659350718702	68.84429684707352
P07811	2	45.70510884763009	59.97775850032327
P07812	2	39.65357308772055	64.84640206164968
P07813	2	34.55057070137743	44.204941250363014
P07814	2	44.25412461162723	29.32554092364387
P07815	2	39.10292659460718	34.823972442101024
P07816	2	41.9953636117193	66.873714732521
P07817	2	58.60121546339598	40.48313253401972
P07818	2	36.97218008035679	51.93342459376179
P07819	2	68.03825451299682	55.329563940735476
P07820	2	38.3339299248503	45.56450569863174
P07821	2	42.210952750032426	70.44846338883795
P07822	2	54.60667031334144	35.5412619568528
P07823	2	30.09729679268701	48.67244623932107
P07824	2	52.04141784745266	42.04281644024215
P07825	2	50.34627326550281	45.66978480662924
P07826	2	52.30796269153932	51.67318033619443
P07827	2	51.99787621615447	66.23050707330302
P07828	2	51.7504149575505	51.272872556372405
P07829	2	72.58105060167495	54.75140626778455
P07830	2	49.34736850033739	55.872312581909
P07831	2	39.41403798642048	63.00125658188648
P07832	2	40.44484450606948	32.779034967150054
P07833	2	49.021048206062616	55.14788350142585
P07834	2	36.06376481697702	34.89973391755098
P07835	2	46.82400382579275	39.47711025392229
P07836	2	41.03472424478635	47.969821131006285
P07837	2	47.8440778527054	30.72349953981112
P07838	2	32.395277548156564	56.31928595216411
P07839	2	33.346191020413585	33.57682028616415
P07840	2	39.27859457970723	50.57324142939646
P07841	2	60.755544337831395	72.9447127379067
P07842	2	40.8305060738318	38.23276118434788
P07843	2	34.480828305319214	43.3933788996909
P07844	2	63.860801660390834	59.50865833368416
P07845	2	56.76339146077153	38.525621724008154
P07846	2	56.73594919702503	61.64408110980368
P07847	2	23.233803117346945	40.15056221374976
P07848	2	57.21725052096736	41.79426244786511
P07849	2	62.60131686396774	54.25777636925639
P07850	2	40.22362084601405	62.537054461646456
P07851	2	33.829902343015576	51.62391970744389
P07852	2	38.94502105566399	56.03249278419605
P07853	2	44.77548932816876	37.24518744473821
P07854	2	51.38139182522896	61.50299669244329
P07855	2	58.82364257760659	60.503009334137786
P07856	2	45.78234279963505	69.0001829238368
P07857	2	41.19011641942148	40.27626092837927
P07858	2	42.63363229618928	46.039804336803584
P07859	2	53.060663810396	56.44491228907238
P07860	2	51.69315640259658	67.70660841552105
P07861	2	40.94553836284249	46.37203878524191
P07862	2	37.00423779738918	65.93943235837395
P07863	2	24.348847388439975	41.79778868948308
P07864	2	56.79934417795322	64.81417144517093
P07865	2	30.48799492330115	43.77590285094057
P07866	2	44.192238573900696	58.317101644447966
P07867	2	74.94318833452515	49.96543415801244
P07868	2	42.71895540991173	45.219191917472195
P07869	2	44.198581137056166	44.06696125783404
P07870	2	37.28569144821964	49.89951602054746
P07871	2	45.01696764071482	39.134388342183534
P07872	2	48.29663156318008	45.110634254284335
P07873	2	59.301852983360966	55.19645577370267
P07874	2	57.73888712425681	50.421914974774936
P07875	2	50.74150036965097	67.9208721824867
P07876	2	31.18526722840675	52.74513208490847
P07877	2	66.5472433381014	32.19281422164272
P07878	2	24.053988580027415	57.792729685678744
P07879	2	35.78985629455301	59.20768145971266
P07880	2	33.06582646472012	47.82634933713952
P07881	2	34.91467723312749	35.83086134132996
P07882	2	75.74742345555968	42.40732763925198
P07883	2	30.583228864968667	50.06114126210944
P07884	2	70.92433459705015	42.54590076310592
P07885	2	42.681850369219475	37.675012816563736
P07886	2	39.16782170472434	40.196476754055695
P07887	2	32.018139682774915	48.890981570646744
P07888	2	41.22512475356638	38.65774396855342
P07889	2	50.752326241290206	16.53549029644793
P07890	2	66.54678767372252	32.426079277578054
P07891	2	18.72136009809168	38.7809746878777
P07892	2	38.33763937789367	43.96598271747925
P07893	2	49.66376618929671	51.48080518922738
P07894	2	55.12700440009174	49.61517178504017
P07895	2	57.946493915698085	33.1193116649458
P07896	2	60.29884695239617	48.56890850107749
P07897	2	31.727087731860642	32.149663212830134
P07898	2	52.92243511732616	52.56320053144964
P07899	2	32.864518922842535	41.35116423148692
P07900	2	60.12331094917307	66.1400917187522
P07901	2	44.419214017055936	63.923715906495445
P07902	2	21.903163496906306	49.8508745913554
P07903	2	33.73437176996778	25.822580854934664
P07904	2	50.593731819053474	74.8027489285152
P07905	2	54.50925625590465	57.84595961358934
P07906	2	63.27810423094133	36.731937513070356
P07907	2	66.93075479588501	47.568998048369096
P07908	2	58.18549668962761	46.905403128146446
P07909	2	55.46539700701925	72.60804567877648
P07910	2	44.78745878652912	41.17037189977556
P07911	2	65.85312969233843	43.75001380210381
P07912	2	37.36765095958374	52.129138075157435
P07913	2	44.718767384708265	25.661093320761864
P07914	2	55.70606176471587	51.39860246338525
P07915	2	17.117254893690074	37.60207678071108
P07916	2	52.708618465780916	54.81781715766007
P07917	2	46.02487176299528	37.008787302917355
P07918	2	43.642461631201755	59.417243155993894
P07919	2	75.82479669175602	41.005705330445736
P07920	2	66.99943500764107	51.979159668581346
P07921	2	64.92489836633153	67.06947693509697
P07922	2	7.507840377955343	50.5390530189582
P07923	2	33.082885461294794	33.10383550386602
P07924	2	44.60567982612977	59.49549631288985
P07925	2	38.743317186513835	39.97358238538433
P07926	2	39.08229505948288	55.12215901157419
P07927	2	44.52599939952252	38.82595062960732
P07928	2	62.635492683502605	53.49316647511734
P07929	2	56.14576264778921	42.05268271009424
P07930	2	50.46993917688022	53.7590265438039
P07931	2	56.195150737324816	57.0457236462518
P07932	2	35.672528044564885	43.20777479675116
P07933	2	35.14984860806834	52.74518575668789
P07934	2	61.06180396842187	60.140783115399614
P07935	2	44.19325897755771	69.97757528460865
P07936	2	47.126805242027835	53.64392346231443
P07937	2	74.15353054653329	28.71702544561236
P07938	2	28.682964335291253	34.327430865028575
P07939	2	67.3317986431071	58.96604285650606
P07940	2	52.58264627736932	43.70786331062729
P07941	2	51.929400476313546	50.506362899246895
P07942	2	59.16791281313165	71.62291366511903
P07943	2	31.41815521913099	50.59469456610944
P07944	2	65.99518503508418	47.78815165906872
P07945	2	48.23064733801866	56.478631213251674
P07946	2	46.10519984624787	74.4756975008544
P07947	2	59.87913317061518	64.15876813174971
P07948	2	35.91426208943817	42.108202482114656
P07949	2	53.04763252947485	34.84177297196502
P07950	2	45.30233408306643	56.5918353106341
P07951	2	43.53217932091923	60.22909663412888
P07952	2	42.12280853177744	34.78788013090002
P07953	2	47.60086483566967	64.61833995350881
P07954	2	28.126504633699817	66.0279194753165
P07955	2	32.64211190546355	51.72777886029098
P07956	2	52.6436631407261	44.07375873601107
P07957	2	41.58658887052472	10.282726835569093
P07958	2	45.29119407043362	51.082912887729314
P07959	2	66.3264079768112	78.49103297733366
P07960	2	29.14188886649193	29.67407191405685
P07961	2	37.1234181088155	45.347049928537935
P07962	2	52.597517988960846	67.17060626029134
P07963	2	73.3124007295861	22.115831603096936
P07964	2	38.39421772629947	58.235565664436145
P07965	2	40.87298960331253	49.679339118349056
P07966	2	59.452086533696374	62.00416590675254
P07967	2	68.31507679694437	78.95675416878399
P07968	2	37.294801938459976	48.00105277709639
P07969	2	29.992295082862423	54.69438680325718
P07970	2	46.683527192483304	61.12733805235197
P07971	2	55.9009726005627	39.577465050399084
P07972	2	43.550203739968794	47.94391476565132
P07973	2	64.75787241143483	29.07665143098003
P07974	2	37.42154507166724	39.8077735673685
P07975	2	54.44840578069314	35.09670183109062
P07976	2	54.96407761967735	51.91909032646246
P07977	2	59.87361316351252	50.35678341775293
P07978	2	51.75152485387224	42.771001028696375
P07979	2	67.29741307798405	68.31742560056438
P07980	2	21.885204305774966	55.01513253299465
P07981	2	46.94211875065995	60.78266270292799
P07982	2	51.49970549645003	64.72025417934587
P07983	2	62.367131452727975	50.95926252991098
P07984	2	59.35808623566449	30.7177844063315
P07985	2	70.19546495895636	49.062610746210936
P07986	2	45.913213404295085	43.53070839659958
P07987	2	58.19807037173649	67.27141421049639
P07988	2	42.80218751749217	59.0000721852405
P07989	2	50.23072852461112	34.072106687971996
P07990	2	56.99182924750785	42.11784777531811
P07991	2	38.95008743032281	45.05218740772296
P07992	2	59.99865590264504	61.60927134851324
P07993	2	53.96821751474686	49.268382284619285
P07994	2	55.47024671292089	59.330756097181386
P07995	2	39.0774310785977	44.8377915756157
P07996	2	67.74581280522575	84.11926601488199
P07997	2	49.689427017856005	63.53615918671535
P07998	2	35.33372057816579	30.467101046635634
P07999	2	84.43351683694337	46.389457223131615
P08000	2	62.66345063220534	46.626270307654146
P08001	2	55.20646023335191	53.588016032133346
P08002	2	68.3779161176669	53.55869853912466
P08003	2	32.260927734500484	62.31169913710055
P08004	2	57.93098804732725	43.48298563579239
P08005	2	31.78445220933576	60.210441318569785
P08006	2	64.71098917793024	47.54777015651343
P08007	2	51.21761409866216	62.2710075944796
P08008	2	52.23340429955438	76.41411580492621
P08009	2	23.565753035749673	19.57461663226686
P08010	2	58.19973871389787	51.003726388457174
P08011	2	65.49856399238807	54.193051084988916
P08012	2	47.013386122010125	50.07620594057672
P08013	2	42.019089435229056	50.42303616501878
P08014	2	63.67529738037404	62.6407607734058
P08015	2	35.74878853019215	42.44305336520473
P08016	2	46.14429541071824	45.213609249804755
P08017	2	28.81535797764312	43.547665188803805
P08018	2	58.165906974928774	38.575905796966964
P08019	2	65.57015854601178	63.90314838047014
P08020	2	38.884116601523736	50.85750698461488
P08021	2	48.54616734919556	54.43566068945755
P08022	2	56.787731754301234	52.229592555955385
P08023	2	55.26149914882453	52.171452844984174
P08024	2	43.5458183999811	46.99178266560496
P08025	2	53.82405868780899	30.49708653741065
P08026	2	44.64984453643491	78.3598692021976
P08027	2	44.95027538307604	37.258294813131016
P08028	2	66.35230248976025	28.1625214602255
P08029	2	43.39460276373058	17.69888438964585
P08030	2	50.522115798399135	39.31952520046289
P08031	2	21.159974920237772	24.001630578791097
P08032	2	61.73145729656763	64.42585017581875
P08033	2	41.60809304952733	63.24497397135679
P08034	2	38.94781263421125	63.626644700244114
P08035	2	62.67331365696697	42.43190985249997
P08036	2	47.627982135806214	49.37431186729228
P08037	2	43.529780746556796	18.60511661603398
P08038	2	41.64508601392758	60.852886249659036
P08039	2	39.327873419852295	43.90824031944499
P08040	2	47.71755342044567	41.759369316833116
P08041	2	56.44424291169559	54.01159004618287
P08042	2	55.70392837274474	70.67445487983595
P08043	2	55.93974880907885	25.504839730137064
P08044	2	38.49821225168713	30.409827050092595
P08045	2	45.25764835202333	60.21718625313057
P08046	2	64.92529423761437	55.981930109095764
P08047	2	46.68618159126824	59.72824686031011
P08048	2	30.855076460874926	54.36612754487104
P08049	2	44.8767358717052	43.04102622527224
P08050	2	47.236999211099146	52.97591945524032
P08051	2	36.6798834136415	38.78307525706535
P08052	2	23.805432190692247	44.21982001351227
P08053	2	63.635115731632034	64.33052909139323
P08054	2	64.59958575143757	45.9502132704568
P08055	2	49.39050700354551	61.87024854888124
P08056	2	45.15146182876	67.31352027696556
P08057	2	77.5738064012758	35.72463268561209
P08058	2	61.900032447661104	55.370452704955355
P08059	2	44.180880270271246	50.13455890572662
P08060	2	70.48230698617633	47.92925346049316
P08061	2	56.562738836138244	68.16949173641075
P08062	2	76.2446519186669	50.819283176248156
P08063	2	62.89132618551464	66.11714725257173
P08064	2	40.11471514641208	28.90029424007893
P08065	2	82.86771508011459	51.065193553883155
P08066	2	46.815066348173	37.587124440796245
P08067	2	42.98403950170524	35.1443188962319
P08068	2	39.453651639816854	40.26036827754937
P08069	2	40.543481139445774	54.91866742138024
P08070	2	56.41282441447785	55.17936294282714
P08071	2	51.906873204307914	42.03043686810489
P08072	2	28.041539395877926	50.03883172271442
P08073	2	35.85348730579844	30.260694055545166
P08074	2	34.936146563041525	55.323635709724655
P08075	2	26.933273888339073	55.747372698660925
P08076	2	54.64056226051579	29.085420364238054
P08077	2	53.79659990772744	35.18432224595105
P08078	2	72.5124754035827	93.31092007578269
P08079	2	50.28140161240352	53.22301962344122
P08080	2	45.62466974633626	58.37548912149262
P08081	2	39.4573063497427	64.71844063439671
P08082	2	63.91841061462546	61.44523360712844
P08083	2	63.39223116706636	32.87529686246404
P08084	2	36.45932839156534	34.01945758190957
P08085	2	56.92109748053703	63.89793497595463
P08086	2	63.92039079075751	50.10220942829018
P08087	2	46.160725596931194	53.31196312009293
P08088	2	48.87291584958874	49.74233956650032
P08089	2	72.3383022740076	74.68229972552872
P08090	2	56.77531659377135	61.40928860841461
P08091	2	42.95719709589494	36.43662393119264
P08092	2	51.049365845649376	64.97634035166432
P08093	2	61.09714762054312	44.96952561885114
P08094	2	34.42890178459866	37.599977178545004
P08095	2	42.335819588716646	36.658673698761945
P08096	2	46.53135245611051	36.689280320255065
P08097	2	42.40239109050703	63.34806801715907
P08098	2	62.95665236542499	79.10899490648175
P08099	2	41.049214525767496	50.957739826225094
P08100	2	60.6023459961709	79.97144082049232
P08101	2	45.32120413704168	48.954528378283605
P08102	2	28.56802703398289	57.10410131905846
P08103	2	28.537195282099844	57.42005373049107
P08104	2	31.367596786071708	41.33978916511403
P08105	2	41.48869751829103	33.953373415604815
P08106	2	47.17603967652849	38.193687667335524
P08107	2	54.5901680503632	55.072740646132324
P08108	2	43.18998944371535	44.63424160865618
P08109	2	61.01704158494382	50.656949577477924
P08110	2	49.81414483139728	54.20967827652292
P08111	2	34.95124728294198	40.06203548597598
P08112	2	59.971894737730224	47.49650359139781
P08113	2	66.16500217517913	46.28065848927627
P08114	2	41.66981328902634	64.01251810050026
P08115	2	43.954967761563935	65.84486203088866
P08116	2	38.70953185051502	42.56505592316583
P08117	2	46.17487637828778	34.45953887028034
P08118	2	55.175697091643215	53.35343468121797
P08119	2	39.57906871518471	48.292451435721006
P08120	2	41.400897736368975	44.82557215748328
P08121	2	46.77220755995102	44.30620703581575
P08122	2	46.55232582319734	48.72787383427924
P08123	2	64.29959297427386	64.52957869171584
P08124	2	61.629937869967	43.64932930020199
P08125	2	54.83008231237242	47.949329346142
P08126	2	27.852392551240563	41.75333109888549
P08127	2	65.86740756573128	55.57161253522004
P08128	2	76.988234265918	75.20647145438727
P08129	2	48.654050541597414	40.745061081110556
P08130	2	43.26391437685969	47.75366636576086
P08131	2	43.59367953790406	17.96809012545755
P08132	2	42.69872761574052	62.42764411193174
P08133	2	53.63391351719908	70.69771835349191
P08134	2	32.697429207179106	57.30718426627376
P08135	2	46.482917362340565	68.74891113597481
P08136	2	66.87526359882334	55.220446248721665
P08137	2	65.42703968559333	38.51848674125927
P08138	2	65.91957365041239	71.36194100228916
P08139	2	68.78248621065954	49.97634990901657
P08140	2	46.24240930126749	56.75696781465899
P08141	2	50.03339412682441	38.96900537866733
P08142	2	25.953442905820765	38.57368538980499
P08143	2	34.125828329849085	57.25463627461934
P08144	2	59.9364459321187	71.6108074609016
P08145	2	59.179486025549075	59.19341132957105
P08146	2	38.509347285147456	56.56998167351626
P08147	2	52.240087967000726	57.1862920758586
P08148	2	56.12883917336991	59.1367625053821
P08149	2	64.36033986883297	45.380736825333095
P08150	2	48.4626341322983	38.856230937293304
P08151	2	59.53807193055325	49.9339155010409
P08152	2	30.054177015574943	30.199429609963648
P08153	2	72.07862693845296	66.41996843449488
P08154	2	44.27860850537398	50.160381710706794
P08155	2	67.9097559039191	46.2731286542364
P08156	2	17.80483797840518	47.16669203174466
P08157	2	64.06705344823038	58.14629418662285
P08158	2	27.75449721054212	54.89039424020247
P08159	2	57.51385612777038	35.75044157193579
P08160	2	43.92105396252601	76.82653895621787
P08161	2	65.1142676703724	59.27658170822275
P08162	2	61.76931737496187	41.80258838286404
P08163	2	48.328697225606696	48.12599916848556
P08164	2	33.197311242576184	48.79526499750795
P08165	2	29.140091075463488	48.98947666270436
P08166	2	73.3494654083623	58.157356950558906
P08167	2	51.326911360914664	68.38919263750624
P08168	2	35.582392886488485	32.21394375691824
P08169	2	40.08133326358152	38.91421062521478
P08170	2	62.99652866065733	36.28456936390358
P08171	2	49.50806564899498	23.061619095374496
P08172	2	76.35550118135357	57.542014729184416
P08173	2	52.87172373182129	29.733920086963398
P08174	2	52.9941882847083	50.54955364853358
P08175	2	59.834880177308506	47.513480578259944
P08176	2	51.212528763176934	32.17697601979118
P08177	2	60.53125373521952	50.5754557957125
P08178	2	42.585509825992844	58.088384627898975
P08179	2	34.09796588794736	60.96861629851153
P08180	2	52.62235499500038	33.405614506183966
P08181	2	61.23194725933398	49.465474296089724
P08182	2	40.411423223864546	45.56925244903222
P08183	2	45.41204939114611	32.87644755299948
P08184	2	48.7747567894329	70.8962485611735
P08185	2	42.30814210396664	47.426295428572764
P08186	2	21.942596104194607	50.10196330875886
P08187	2	44.766835464806505	59.56178078680922
P08188	2	45.1306142817114	40.34459947494621
P08189	2	67.05151266702613	67.89670863693897
P08190	2	65.24798761797227	41.8428376900981
P08191	2	52.61169372422957	21.6265436775138
P08192	2	62.845849459130754	44.12886582886179
P08193	2	53.41598333878028	71.10049226601065
P08194	2	47.415058009650885	44.68535236337844
P08195	2	42.45664838960104	60.80812048686735
P08196	2	40.06962948372982	45.54213779480457
P08197	2	43.35633190570905	57.333081553897486
P08198	2	53.17124988644296	69.91962041913496
P08199	2	58.08927995016402	62.9639424262442
P08200	2	37.729996498301205	37.20874766602557
P08201	2	21.38507867894293	38.52888396524587
P08202	2	63.12104578616562	77.33827196061182
P08203	2	46.36263291985494	50.659353697161855
P08204	2	74.98379950814913	57.2909743097021
P08205	2	30.835622243636486	60.843504371293676
P08206	2	50.963124680072795	60.511688208143326
P08207	2	53.52269804877732	26.86215692560559
P08208	2	40.71791274105023	49.006359629209825
P08209	2	56.36828462636692	40.30860018985962
P08210	2	49.12067027531617	35.705882723166816
P08211	2	35.24644426682899	42.33185575706335
P08212	2	38.60219942521004	32.377586234890835
P08213	2	47.73333867165517	43.609881468331274
P08214	2	44.61358186794427	51.06700032870475
P08215	2	57.35023632195	53.74580849157965
P08216	2	56.43340030071633	43.54889045707267
P08217	2	50.88415897437945	41.21891217834136
P08218	2	47.17894188940955	53.94308045241176
P08219	2	62.81196908452161	41.55577690348727
P08220	2	27.682679082611052	39.61065955170882
P08221	2	40.70642366883992	32.77860235623266
P08222	2	47.68958122266128	65.06417753122437
P08223	2	36.40205626624045	54.975642411208746
P08224	2	49.02964615698843	58.28107708915472
P08225	2	37.20600944819475	24.323559519264236
P08226	2	22.56419790831824	37.65906196222441
P08227	2	29.00165146100779	36.0043537735131
P08228	2	62.692693555444166	58.746958713732376
P08229	2	59.081231494908195	32.971693079416454
P08230	2	47.25720053140102	58.08666968412697
P08231	2	61.47640115423125	59.501378113000335
P08232	2	70.20675090102415	59.665685751627365
P08233	2	59.67596152753839	46.274968501668965
P08234	2	64.88744095591136	28.30560499825064
P08235	2	32.28193011265719	61.96346660442714
P08236	2	57.44995851080685	61.634146981918946
P08237	2	57.571871274591835	55.79900780664883
P08238	2	43.1372481913217	39.966103293478966
P08239	2	40.915343588384715	24.23961744859536
P08240	2	65.52676524398636	50.645722189780216
P08241	2	64.62529290514581	48.74799410453917
P08242	2	39.694633525450875	40.87882452471707
P08243	2	55.24887103199023	57.57770477030918
P08244	2	70.05609012258097	38.15562298791054
P08245	2	52.910740862251174	72.45384817910482
P08246	2	45.663514156752896	55.73334248777803
P08247	2	65.15726997177141	29.37631607462161
P08248	2	61.78444781799267	47.58342514462147
P08249	2	51.708474638577435	70.30204978179054
P08250	2	35.92356210372354	60.78507351241838
P08251	2	52.941941061774024	62.25115638311167
P08252	2	46.42978313492693	55.90708487693451
P08253	2	49.48849538735743	56.1000926609597
P08254	2	53.27271520819535	60.223072766562886
P08255	2	47.296638707332065	41.00831863253251
P08256	2	49.694267969186306	42.42051909278174
P08257	2	66.70057988851413	72.9926713069145
P08258	2	36.05436413107912	44.104891670287074
P08259	2	47.98126664673123	34.26265566110142
P08260	2	38.845599205788886	52.793807926021515
P08261	2	59.20487332736743	41.699204403337006
P08262	2	60.48743907947167	43.00558640795764
P08263	2	32.66447398441482	51.47916343948385
P08264	2	61.01918596659618	67.08721131378597
P08265	2	39.85034000685003	51.11440538276816
P08266	2	56.982523619194076	28.974596920032674
P08267	2	52.38514003631989	42.863021314045604
P08268	2	53.358011266574565	46.38471246815938
P08269	2	36.36698346586001	69.83256517263894
P08270	2	33.012026289324396	57.51794125823551
P08271	2	45.39895232962186	49.82284558280459
P08272	2	20.796721178609502	39.04650120245362
P08273	2	51.733118935538485	52.773334514306825
P08274	2	36.551107786458054	34.700522322596434
P08275	2	60.401883680960765	74.74420633162637
P08276	2	53.20843414128858	53.003936078842145
P08277	2	31.451611340719182	46.4654763747882
P08278	2	52.030231672181785	28.997322814877556
P08279	2	48.90769855158076	54.36814287374902
P08280	2	45.2131849550569	41.824414445099556
P08281	2	30.543378812790117	48.353040126818506
P08282	2	43.15415953754895	51.3070730554423
P08283	2	41.200578599249	55.42179682587557
P08284	2	30.16776944180171	51.13264799659904
P08285	2	54.12306007367599	47.29944312959865
P08286	2	45.79343077838583	83.80858439649835
P08287	2	79.94416735197535	52.82012831796634
P08288	2	70.66598274545275	38.25836464542858
P08289	2	19.311909074105117	26.45236437165589
P08290	2	29.38293541271544	65.78081905314853
P08291	2	26.462001712341625	24.993794601857957
P08292	2	63.060874656636614	40.045830888792466
P08293	2	36.42747440877199	37.48458567730141
P08294	2	51.12658854062356	77.29459093082046
P08295	2	41.712373577029204	55.68735489601705
P08296	2	65.67509930798295	62.53762654089569
P08297	2	54.82690384814107	26.23533338100492
P08298	2	45.28509227316002	45.64885298008775
P08299	2	68.55904170407874	63.45849954461517
P08300	2	51.69877576345182	43.22974630909329
P08301	2	62.04450006675849	70.1315792166142
P08302	2	74.57622110875549	49.56231650979693
P08303	2	44.972055467987126	57.03062448645204
P08304	2	47.42916058352469	63.67072773637908
P08305	2	76.26184479668034	36.307468033311004
P08306	2	49.94249662065296	44.645229457576356
P08307	2	51.0577239684779	59.73388001088213
P08308	2	51.585929730197414	31.584029314388022
P08309	2	46.9224197559089	64.32444359352209
P08310	2	61.90788916594528	91.39049426084458
P08311	2	49.96896375244583	52.294176649546024
P08312	2	52.407725121686816	37.02495691628287
P08313	2	47.82486453309185	52.93523663855069
P08314	2	30.568551575550366	37.85392316896887
P08315	2	47.296854201481274	47.81255690183036
P08316	2	74.68718223832292	57.47656437111654
P08317	2	54.41028792348669	56.019433837156576
P08318	2	43.375633090560235	42.363297231928044
P08319	2	52.018245483738234	59.29085007865351
P08320	2	48.72135636628121	52.151656325553525
P08321	2	45.87416584675914	42.76048115782593
P08322	2	53.02019944201521	47.40832158968097
P08323	2	54.729026244166256	72.6839346319357
P08324	2	37.80762979583207	46.540000821499405
P08325	2	44.27003617898223	69.01166954377948
P08326	2	55.54019127805976	59.943440816968156
P08327	2	62.745434830252464	78.63007823183527
P08328	2	61.59730782473322	66.97031832314228
P08329	2	50.504984562950426	41.12974688431066
P08330	2	51.74558640591442	25.507201933231638
P08331	2	57.804577142607606	37.79481764484693
P08332	2	37.20415121792471	51.71435004001986
P08333	2	49.15602105929595	48.08969208586265
P08334	2	52.83978236777192	50.510941981783695
P08335	2	85.77754687551692	46.5367567409173
P08336	2	55.68116901545409	40.19166698045194
P08337	2	69.3705976760728	61.3269071121378
P08338	2	68.0813004700846	32.90437662428073
P08339	2	52.94428605379656	48.687402690080674
P08340	2	41.97659067762621	50.15461507882069
P08341	2	19.209937941759417	42.366878267627904
P08342	2	69.69765931081275	56.631525049480274
P08343	2	56.955914609871144	60.68609040829999
P08344	2	43.743303384105715	47.287191075913206
P08345	2	22.52873195789331	43.00388080519051
P08346	2	49.518223343263344	52.75621158372055
P08347	2	58.61341085772887	35.732319979516674
P08348	2	26.67551465176524	29.50421960340419
P08349	2	34.8832358868997	52.17597037708171
P08350	2	66.60266734642111	48.16366319041565
P08351	2	44.224870575879144	67.98554550740677
P08352	2	45.919710260091236	58.861320679120524
P08353	2	68.71253351492996	47.464172625695205
P08354	2	65.54091826696208	40.24198390047526
P08355	2	48.92335065082161	41.300302491052115
P08356	2	29.464386949170226	27.30827857794182
P08357	2	54.27910018439782	38.451901624508295
P08358	2	39.413290364262146	45.75899830469187
P08359	2	55.25748135773068	33.53112598442089
P08360	2	50.519529880674185	47.3069264171017
P08361	2	42.8009670796272	53.79586984414649
P08362	2	32.39796636100881	75.5622905922861
P08363	2	49.96619073381208	44.29954035344472
P08364	2	77.54885291828425	44.6258895325074
P08365	2	43.18421224301382	64.53672069232935
P08366	2	60.07523670133122	53.37368661452954
P08367	2	52.826085916567116	39.96718291420451
P08368	2	49.26510173932505	36.28397648532509
P08369	2	53.856532245573	46.42548229023687
P08370	2	33.31301536648021	46.27313134769909
P08371	2	65.36038973118451	61.367682433713924
P08372	2	42.195256611592754	42.06156054634466
P08373	2	23.476813180177167	57.08268497949827
P08374	2	52.47920960592617	53.24307871012905
P08375	2	57.49546862718025	47.188234853968545
P08376	2	59.294905365119924	58.785655018576385
P08377	2	57.37757337319297	58.78028608496353
P08378	2	38.830014862202766	30.5228325799305
P08379	2	48.42171257667253	51.61690244120278
P08380	2	55.621499696227914	52.61654789022677
P08381	2	37.61119044443137	43.814701686996735
P08382	2	47.100258831854035	17.689823120166537
P08383	2	47.274776661654855	49.91638718899839
P08384	2	45.12852281932055	53.04404654545958
P08385	2	53.110159307423686	51.053732549892274
P08386	2	42.11862295790919	30.47621937843241
P08387	2	59.276714225731624	49.59972281317422
P08388	2	49.39431706716056	66.17154186611602
P08389	2	55.20913723565582	48.74617803815219
P08390	2	52.2625258089368	56.17910375545226
P08391	2	38.61469427254244	18.303468900178665
P08392	2	50.77021963057396	41.983217498328834
P08393	2	56.2900836680255	65.61244726112578
P08394	2	46.255249898789714	67.00985424586459
P08395	2	32.73692069265083	56.63430689643921
P08396	2	45.97630632245989	60.220139174249105
P08397	2	57.75094143025663	44.033782110834274
P08398	2	49.00992814020322	48.30017475100733
P08399	2	63.19713384561763	71.65728801517182
P08400	2	75.84550439248508	51.143342340911275
P08401	2	32.733388768055605	40.397161486868164
P08402	2	48.50879763790511	64.114024529669
P08403	2	48.48052737136817	61.720123031136886
P08404	2	39.22730644358019	40.14654512595769
P08405	2	59.53682303333895	59.319343425423455
P08406	2	64.49262916874031	43.24203209707215
P08407	2	48.956650001841815	45.65928065810528
P08408	2	61.02726012772795	45.73552088269531
P08409	2	44.50157882688219	47.278867935948156
P08410	2	42.650898783001836	61.55013196846292
P08411	2	57.59220123328788	64.33021398267948
P08412	2	67.09256439450175	59.22516970417235
P08413	2	29.66450426354263	63.66616566761079
P08414	2	64.04577703944919	52.21382400618541
P08415	2	45.20082688659151	18.36214094593236
P08416	2	40.22021958363434	19.816461364110026
P08417	2	61.01184272257558	51.73727276102338
P08418	2	65.0064825455764	52.56655364328769
P08419	2	50.414123057323835	46.912871865468034
P08420	2	75.72226744261991	30.655894377154283
P08421	2	74.45268949178227	39.823097257197574
P08422	2	65.94090904552922	56.623399035312595
P08423	2	38.22338528414416	41.87590233333866
P08424	2	41.78785780221166	51.11395572169745
P08425	2	39.334799030451016	47.96260692891455
P08426	2	35.92693833375294	53.08168668979518
P08427	2	44.729563044249986	63.07383880262353
P08428	2	65.88433390646175	40.719403076536835
P08429	2	61.32248865101311	53.078948550176136
P08430	2	58.410757409193614	28.3792986694438
P08431	2	44.43686702815576	25.22881107283286
P08432	2	36.831342008222556	48.43010443258224
P08433	2	44.54407705499116	61.27928050476979
P08434	2	55.76085697211184	54.906105164002724
P08435	2	49.031662273224185	46.850227377903025
P08436	2	49.385494566664825	63.120644949116006
P08437	2	25.670250823110898	63.68121494800281
P08438	2	14.91673696265309	45.71082070655316
P08439	2	37.3226833476949	55.57703426002054
P08440	2	67.04021433878299	41.86575526401219
P08441	2	38.534328870446274	43.758381047896115
P08442	2	53.56255248417379	41.13697268315723
P08443	2	42.71720063221821	35.07674266014166
P08444	2	40.234709864694224	50.245632176414915
P08445	2	19.624148002507653	50.39539768071715
P08446	2	39.77208473505371	51.29332638987042
P08447	2	31.949821892524277	32.219107175377296
P08448	2	44.338738340318635	42.7423432452032
P08449	2	49.22906500846459	49.70346455508821
P08450	2	42.813057279938974	46.396497687749346
P08451	2	61.01327226567281	52.17258230801567
P08452	2	83.38354679982302	45.090021171185285
P08453	2	44.00186332394147	47.89704952928216
P08454	2	53.27495623159864	64.80806419813187
P08455	2	25.102882464921407	37.85067172792393
P08456	2	38.868102236122816	31.749271200923637
P08457	2	74.31532549373865	46.85787800406364
P08458	2	48.44689057006671	57.39855615125445
P08459	2	46.55334991325755	33.40116554011898
P08460	2	42.17130871146967	57.32720761303532
P08461	2	70.91684361754972	64.13256555336257
P08462	2	36.46293281534641	42.22928784794452
P08463	2	32.9660784047242	40.526805195203124
P08464	2	57.84067415269348	54.24456809125303
P08465	2	41.309359706643725	61.960204037762125
P08466	2	42.84884195316481	39.39963945326803
P08467	2	45.37080009605571	46.77645255503156
P08468	2	60.12033042145389	36.733889339560235
P08469	2	27.05913687682812	43.759437258795124
P08470	2	32.347325315071245	35.077389034379955
P08471	2	34.982229788490024	47.7703901025098
P08472	2	47.44137561812048	29.727520595003966
P08473	2	37.73343587858943	61.4189292179788
P08474	2	43.12179263634789	48.83394180568264
P08475	2	41.36452562042222	25.652028996009953
P08476	2	29.803784803111906	41.08645440760606
P08477	2	46.1122363979118	14.94658264984611
P08478	2	74.80106049859937	62.82229832908281
P08479	2	65.5056834698238	41.088339638340194
P08480	2	48.44835814120877	55.31887438013941
P08481	2	40.29799740589327	31.78592733042369
P08482	2	38.34796846644293	65.01666903066696
P08483	2	48.298821731675496	43.7233396651163
P08484	2	58.41966176636386	55.152026901591924
P08485	2	22.84336974737564	38.797622977810136
P08486	2	54.78428863220268	46.55675960761957
P08487	2	36.79797177339258	56.946692572116106
P08488	2	68.1380146581884	67.7053894196125
P08489	2	62.70625730513677	57.21187832711947
P08490	2	44.60163231101328	24.51349547855621
P08491	2	43.13558092208717	63.77946581234541
P08492	2	53.15245852881357	28.982594746280707
P08493	2	24.029303213229234	48.97116383325414
P08494	2	38.41014152314318	63.002212896279104
P08495	2	57.94334093627404	51.75229668007534
P08496	2	42.49019727971978	54.56833022538547
P08497	2	44.533707357364996	66.05385164077626
P08498	2	51.60551843835835	32.28827088291192
P08499	2	40.43408298700837	39.047581803568406
P08500	2	52.768177722309005	70.27727251147925
P08501	2	44.022426903643336	25.90358432152234
P08502	2	45.75643319525699	69.8096354791991
P08503	2	32.59173830278396	56.63910755520401
P08504	2	42.316967155857895	64.10671527813973
P08505	2	40.528689216873865	37.89091761976387
P08506	2	32.068911716304186	43.10737859285008
P08507	2	38.614098014585544	61.1784644767064
P08508	2	71.8572494071535	60.59073723967713
P08509	2	31.503681723597115	28.991171194923712
P08510	2	39.2048644260627	22.831919730438123
P08511	2	36.21126668157873	37.13013170129797
P08512	2	58.11020375448362	28.899783597022196
P08513	2	59.39011512937379	24.53604415452779
P08514	2	35.84869053466988	56.068019993567034
P08515	2	63.7079907262292	32.58773973234829
P08516	2	43.90640835507795	47.31573571082662
P08517	2	72.26591895901649	37.502986722743
P08518	2	60.70401557469782	47.785010559589026
P08519	2	61.03785720256092	63.05244461069476
P08520	2	46.28364848760258	30.67054482478408
P08521	2	35.81318373828231	57.39732902053988
P08522	2	42.793813212401915	38.48429926143825
P08523	2	80.39167258451627	58.52397379763862
P08524	2	32.88576165665613	41.874047709787106
P08525	2	55.279392833703625	91.16810663841419
P08526	2	39.18063478873664	38.06902971419505
P08527	2	48.10444157465103	42.81811548507732
P08528	2	44.100428475988785	46.15521893156652
P08529	2	41.91879069686317	45.94456573285286
P08530	2	58.184812021512265	66.01731309118844
P08531	2	41.313457798281966	55.96108227424425
P08532	2	52.85253329370081	60.29417186452043
P08533	2	57.42326165211128	55.045285277082144
P08534	2	75.799907690144	49.92140978988644
P08535	2	61.93308023039318	41.09784334243263
P08536	2	39.48541591348859	48.96292889839326
P08537	2	61.55620079432575	76.39913252096251
P08538	2	46.65557432486562	57.06630781829158
P08539	2	52.999955346513474	41.94041608536696
P08540	2	37.21243073731258	62.577100927380215
P08541	2	38.299034960795986	38.90718071931357
P08542	2	67.2923896549745	67.5642708908207
P08543	2	57.58777008622196	42.023619838375346
P08544	2	63.46681028937811	67.33616563914863
P08545	2	47.15246484636657	40.39325140559438
P08546	2	57.99913261155678	77.05210049598445
P08547	2	49.55847397946157	57.93011432872815
P08548	2	58.76536948803725	42.78323319166774
P08549	2	47.0304779709705	47.679886447564634
P08550	2	46.02007794781831	32.42741100403464
P08551	2	59.423977964477736	48.87565724367258
P08552	2	38.709210918007926	67.00767334675433
P08553	2	59.86117818507635	71.88614878167027
P08554	2	55.654876743266925	65.36645804007497
P08555	2	70.2032670832829	69.98441095856008
P08556	2	35.549912967107296	44.673832387957255
P08557	2	54.14900108467023	49.577673528283746
P08558	2	26.902539080214456	64.29556731810312
P08559	2	44.96010075371518	56.0548530623763
P08560	2	62.26692583411793	34.54844770323278
P08561	2	49.3676096028483	52.23062902233915
P08562	2	75.3977818557018	56.90419945072474
P08563	2	35.743851288921526	50.05175415903731
P08564	2	40.142651307192274	34.881442230250435
P08565	2	36.69971232074213	42.77479159289792
P08566	2	44.714607128177896	65.7243845453375
P08567	2	96.30334846941139	54.369368171493235
P08568	2	39.02311837896677	35.74564968030369
P08569	2	42.03277725015508	27.69128269564345
P08570	2	43.8424354005817	62.405310378361946
P08571	2	42.447478705200055	23.737727169908737
P08572	2	58.18734294620744	42.15990257823145
P08573	2	48.00841314829695	41.93616043662931
P08574	2	43.35054927972346	47.78920270610653
P08575	2	53.153586934340936	44.40035840760453
P08576	2	41.102249267538184	52.94763286591289
P08577	2	63.51123176483207	59.18840731135885
P08578	2	65.75390651992431	71.44944834106353
P08579	2	32.759765971779686	40.006864808218054
P08580	2	40.71781526731853	69.84779408454995
P08581	2	74.73224181010451	60.605754850098904
P08582	2	53.58013337173387	42.5594083490049
P08583	2	26.08406625604612	64.80135057085576
P08584	2	46.99782591306567	65.15350496967869
P08585	2	67.5001633600011	67.78057448335991
P08586	2	59.15938099765814	57.95848744672288
P08587	2	56.822414798224244	66.36856807650793
P08588	2	50.647875350068034	55.816771644720674
P08589	2	45.40498204007719	67.7997435357581
P08590	2	55.81709690359999	64.26397830879397
P08591	2	64.44977494645968	47.041670076447815
P08592	2	67.29152432892836	50.52425728652499
P08593	2	40.02521174747033	59.712771275606585
P08594	2	43.90821975842421	58.62012486188543
P08595	2	51.09458824912572	36.17892029688894
P08596	2	50.44194450181841	62.33062743615048
P08597	2	36.43560829338666	33.43858935944569
P08598	2	52.17776217036611	46.96778111854508
P08599	2	43.86149791525246	53.705210600703595
P08600	2	40.2795308628867	63.959605499551756
P08601	2	36.86496539723524	45.95506930704142
P08602	2	57.351461025782775	52.51423011823421
P08603	2	31.598468521297974	48.09476837677921
P08604	2	59.86833427187152	29.708634235067052
P08605	2	54.73839312003482	48.30294931686238
P08606	2	51.20774355345622	31.212602151189657
P08607	2	40.047717617318426	42.33275093914754
P08608	2	55.06225818638695	53.54091736693869
P08609	2	57.6052718781791	27.987521358070754
P08610	2	54.22765731489109	58.903748353833436
P08611	2	51.72686982649983	53.833824155660295
P08612	2	44.35232687241216	58.84474343225289
P08613	2	55.719971340981104	48.06944441475946
P08614	2	16.68003573904355	18.531230244310052
P08615	2	42.6304291896706	34.66603692476437
P08616	2	56.16834110002282	40.73056099342858
P08617	2	70.19421960998201	43.35807457586822
P08618	2	24.418345024413767	36.72195023632461
P08619	2	52.38869727105881	40.831938650107205
P08620	2	52.57901318829933	31.70886463601542
P08621	2	61.78123284791839	66.98956659991285
P08622	2	52.79014883330428	62.597873317059644
P08623	2	49.17786589934098	52.536594510491184
P08624	2	56.934788358638635	54.97340002119019
P08625	2	39.30092515518857	64.44238783491765
P08626	2	58.951734112373245	52.75423771411735
P08627	2	64.68956174305669	61.15037887502444
P08628	2	23.955437588065365	38.309435492693126
P08629	2	53.777256613234606	57.644887203635534
P08630	2	38.78028295685498	32.33064422543593
P08631	2	35.83363207148299	44.61382839292382
P08632	2	55.740521395750996	57.79730922928911
P08633	2	52.05227327276424	47.2836001007925
P08634	2	49.23372464263025	33.9889906930321
P08635	2	44.815036484654705	50.33522857958317
P08636	2	30.099471981278988	45.03046551269304
P08637	2	51.04832042993869	54.321898700569506
P08638	2	54.864964085026365	37.9044917559154
P08639	2	58.74177799309606	62.00741408722567
P08640	2	61.035812131777504	48.27739925512856
P08641	2	35.194035881317575	39.80207148660129
P08642	2	63.05205010063834	49.58121650085454
P08643	2	60.57297880223127	41.06898881307314
P08644	2	78.74224698349164	38.81768135636375
P08645	2	48.61725665099311	62.67047641930867
P08646	2	68.83072966771613	62.54332208430701
P08647	2	32.008480892850656	53.53224223281103
P08648	2	49.97767600446379	68.67409956183702
P08649	2	33.89135643155071	55.927944670457414
P08650	2	57.54276701652073	55.66203914768534
P08651	2	43.87403015185872	45.50018946251579
P08652	2	28.966252670545117	47.22901732903704
P08653	2	65.58406357872052	43.531135926318925
P08654	2	40.642086743021224	33.56333022527373
P08655	2	50.38511133456802	32.27867954837201
P08656	2	49.978085886909454	73.65666222688711
P08657	2	39.287330126155865	45.56078308337573
P08658	2	46.64108330750628	50.21258202572022
P08659	2	40.4593566808519	51.16761875772665
P08660	2	53.917466239151416	38.33857780124461
P08661	2	53.16816746238176	61.26782186610317
P08662	2	45.13575765817561	58.93520508671781
P08663	2	32.187951610226186	31.22532476145704
P08664	2	39.904587828216684	57.77206656936535
P08665	2	35.15695983086983	40.71406787316412
P08666	2	52.9107146856798	46.31120879722256
P08667	2	49.04448665535107	35.878244517633355
P08668	2	50.2612949942142	42.2817176165586
P08669	2	59.197099645077266	55.932960103334075
P08670	2	46.59657472765414	45.32384800629755
P08671	2	36.115595146108596	46.89270738747718
P08672	2	28.881967526821125	28.085979660700175
P08673	2	42.206463956172286	38.93564667193104
P08674	2	55.06391951787394	59.91082767623953
P08675	2	70.03403062505716	38.119552575801855
P08676	2	58.513506952487006	65.5873172721792
P08677	2	76.57241321428114	52.88688161511449
P08678	2	68.55375292912125	33.71534001245167
P08679	2	51.696629623376154	53.38098944449297
P08680	2	49.4379244427957	50.30202813153713
P08681	2	47.035582410508596	49.912831516987374
P08682	2	58.07612472569597	44.06511393250013
P08683	2	32.4156869286059	44.765324569092776
P08684	2	59.2389413119473	47.160984488900766
P08685	2	57.82369754069697	53.69604885017389
P08686	2	52.07445386892288	64.60542747658928
P08687	2	58.15915015225319	47.33570043327716
P08688	2	61.463784975285016	61.45586111832909
P08689	2	45.14044707649164	31.022985530344645
P08690	2	49.60047293359988	42.32747319393215
P08691	2	45.491333674040966	36.51939947557865
P08692	2	61.46264066309762	60.39557560274138
P08693	2	46.90786285046046	56.10558310682787
P08694	2	39.27546960653929	28.521940209576968
P08695	2	65.01490157740012	44.68430129448906
P08696	2	61.13803734240639	61.31910973674819
P08697	2	48.48298163602893	52.363609768655884
P08698	2	40.17689149850398	27.581380572923635
P08699	2	53.86930992807575	34.31231761073601
P08700	2	42.431498034802665	40.62597085854462
P08701	2	34.60607540706483	38.849933239558055
P08702	2	54.32900667176476	71.02240618455427
P08703	2	63.45526637752592	46.05004825531885
P08704	2	54.96501743030528	68.89009321948097
P08705	2	63.24342941008011	60.58189299789069
P08706	2	27.858781206226528	38.106697703389386
P08707	2	49.839638627339944	54.16936589799882
P08708	2	68.84845557173442	50.921734873270495
P08709	2	46.13680391717845	50.48461137747278
P08710	2	29.758130661381514	32.790603677129866
P08711	2	42.62176720914695	36.43908213384151
P08712	2	52.89153755240201	64.99003503737532
P08713	2	48.93064906696318	37.34011381034985
P08714	2	36.523411296159956	40.41976599208136
P08715	2	42.68068889051823	52.849985858441855
P08716	2	46.52814105157338	53.75067855582034
P08717	2	63.615283063620396	71.95177010986376
P08718	2	65.15405368560604	58.56455097972221
P08719	2	40.61157761057076	74.55862583464395
P08720	2	56.30296163899034	51.708169923938385
P08721	2	45.249148214573026	59.98517762684353
P08722	2	53.72518471527751	70.604073479416
P08723	2	52.054996978296934	19.998980538416976
P08724	2	59.06992678417852	35.28006659964471
P08725	2	48.24697226830431	56.386347360349184
P08726	2	64.1526511481204	62.9192116467875
P08727	2	30.37064808597813	30.766991385003564
P08728	2	44.84183293199651	58.46167998683766
P08729	2	45.04541518601038	49.28599815050699
P08730	2	43.73013207761827	58.06024351134374
P08731	2	54.72829175639174	51.75817228571985
P08732	2	62.84202066006331	35.86609855492237
P08733	2	50.367710677738266	67.92267704333273
P08734	2	37.75737187651373	55.37886124746158
P08735	2	47.13202933892633	63.2522130813401
P08736	2	39.550073117284626	39.275845371108765
P08737	2	74.12645683517033	40.781646534923546
P08738	2	41.89116349329756	36.280649291777266
P08739	2	42.75881843731141	59.06260562404556
P08740	2	45.829241604042004	60.91300813111207
P08741	2	62.08866305255465	55.40766633019897
P08742	2	46.91990259275597	65.87908046181664
P08743	2	40.11091833887992	44.75481504084736
P08744	2	37.27342898216913	51.10827473940018
P08745	2	30.59945606686763	50.25534903712214
P08746	2	19.150947034739588	37.031124144134594
P08747	2	42.159146005563635	20.164536003699098
P08748	2	76.57930020064194	49.754501500704485
P08749	2	44.641943156834344	60.11827284695865
P08750	2	68.3475987672317	70.43108161675893
P08751	2	57.73130914367702	37.32440444514277
P08752	2	70.18497352699735	67.32269982165971
P08753	2	60.29433273879886	55.66456808934005
P08754	2	42.48522345742584	36.952040440075564
P08755	2	48.37365177568759	46.611731677651626
P08756	2	74.97725123223806	65.99505231066294
P08757	2	51.03593355407326	62.45815224525017
P08758	2	42.35422638389779	39.33260537890014
P08759	2	26.07388686556705	37.82608165136942
P08760	2	55.38151403473928	56.94065035759003
P08761	2	27.113311775295355	48.63919670284472
P08762	2	51.82364760826753	50.14074837004382
P08763	2	40.06626614080406	49.02313494036879
P08764	2	29.630890556731067	43.12877188708658
P08765	2	38.33176156236722	53.198252445683764
P08766	2	40.104229282722336	35.8462249635883
P08767	2	73.8314478116985	31.05845266364014
P08768	2	28.705027461207575	51.72236687748314
P08769	2	42.69478795904716	42.3897349019655
P08770	2	39.28891639479899	25.818362249561037
P08771	2	53.97944480672493	23.117573796695602
P08772	2	31.2213984150072	59.23335249637525
P08773	2	33.61356481805497	21.86701285236401
P08774	2	34.38908100042895	42.260461530263214
P08775	2	53.716877101527544	46.111729699705776
P08776	2	74.04963430082589	50.17112096398856
P08777	2	43.29271042667096	48.199475257446586
P08778	2	53.196097415123454	82.89660317497825
P08779	2	28.578740277421318	37.14952280927107
P08780	2	47.316988492688594	38.529214897498804
P08781	2	66.15138962693406	75.34077533290906
P08782	2	74.75037049301847	49.755066340807986
P08783	2	50.27568449255636	66.08233038083718
P08784	2	31.09856396878102	53.660504248350684
P08785	2	20.59293627077278	58.41134373771638
P08786	2	62.38112925272688	43.75729466060372
P08787	2	92.28554250596629	56.69224022619984
P08788	2	58.829198482957295	61.47389121083229
P08789	2	59.890752412314754	74.32846318969216
P08790	2	53.41143767097735	35.48206879470517
P08791	2	28.191266779421394	37.36299822728465
P08792	2	44.968947721560404	45.004338460205396
P08793	2	78.50829469343923	57.7757370020316
P08794	2	47.69625276595697	57.04455549886258
P08795	2	68.19539618434499	59.997947808542975
P08796	2	46.72293519573904	18.91115513823231
P08797	2	67.33221906555059	42.969474016903874
P08798	2	42.03638270392723	50.418547448813165
P08799	2	65.62799437303556	45.095479885151
P08800	2	47.36155859034098	55.05298166372947
P08801	2	53.82382494273363	60.85861687111449
P08802	2	50.86884188344892	47.05251839190785
P08803	2	50.57657697871103	23.128116484425107
P08804	2	42.548124283439876	54.06084030415026
P08805	2	55.02134877893245	58.502693496178054
P08806	2	36.19697470523609	54.578168048538636
P08807	2	40.72894826265953	45.83274745558912
P08808	2	51.80959570340658	43.87242418511964
P08809	2	54.77010174809313	47.66508555716306
P08810	2	47.61382869043976	52.57104792529502
P08811	2	72.1703705940098	70.59432271259674
P08812	2	38.48042893047067	44.75036976970142
P08813	2	41.70579048013156	59.82819275668244
P08814	2	72.58512773946299	78.1488609443213
P08815	2	38.717227922409634	40.48063085106837
P08816	2	25.564517059802125	29.919755555123615
P08817	2	61.477210769725346	72.45807882430674
P08818	2	33.108165884671095	21.36324194640056
P08819	2	61.552660425676315	70.20878845490448
P08820	2	59.303900318619384	55.973354945762566
P08821	2	63.70350047820509	61.857855920921274
P08822	2	52.853236496693086	49.50350343563867
P08823	2	56.27612774029311	37.952160181822116
P08824	2	60.673641133654925	62.39311925335049
P08825	2	74.27937509072356	36.809724938847296
P08826	2	66.40707594868482	51.27445014756649
P08827	2	57.305227527810786	78.58094162241488
P08828	2	48.832186928048436	48.166641933834526
P08829	2	36.321298613444434	52.93489288867675
P08830	2	36.49409803935856	60.61502144742032
P08831	2	41.02401182945955	66.91861154277444
P08832	2	50.61166227800937	73.43147390910767
P08833	2	52.7709948048178	46.26922917265548
P08834	2	64.22215580707191	45.72642722633711
P08835	2	48.89257883177718	44.016474280617345
P08836	2	44.00426302350277	33.83036464109363
P08837	2	30.146265664356026	64.03846948511799
P08838	2	57.839427497859454	48.76950702759492
P08839	2	45.669327735155186	66.89189804954728
P08840	2	71.87212806235448	59.735594632463375
P08841	2	30.90231862276293	43.199131266834726
P08842	2	39.48166137026597	50.49309979442845
P08843	2	41.47622550360855	45.233929171504414
P08844	2	41.6840667778919	34.81922090324827
P08845	2	44.261681542521146	60.73697502462506
P08846	2	52.045569788916914	64.70049330269728
P08847	2	36.19536302403956	61.20348965773926
P08848	2	46.78086047841269	50.214124520146214
P08849	2	51.55579354188105	62.690483358375154
P08850	2	56.103671813619336	48.931343904411264
P08851	2	49.26340836663185	53.760967751036496
P08852	2	47.31992607891816	54.889540090211526
P08853	2	72.92490827578453	50.42959061957977
P08854	2	48.4404112941764	47.731755513155335
P08855	2	43.521095726265685	48.02575031480511
P08856	2	54.4661964923235	57.895346276928905
P08857	2	41.75181498924084	53.774000553016265
P08858	2	45.0187590316949	49.2187162643032
P08859	2	46.18221139872523	52.60066808228044
P08860	2	51.152030305178855	59.53181322104233
P08861	2	33.57068522408472	59.25451054201439
P08862	2	50.68355891893261	52.81112603830796
P08863	2	77.9700578895669	44.860474838815705
P08864	2	48.25150615552198	49.4141633103851
P08865	2	43.09223878474952	38.24305530398359
P08866	2	50.897365197209	35.34565972061122
P08867	2	47.12843663919421	34.99759578258849
P08868	2	49.19377831430634	61.78386855875672
P08869	2	17.82235411330405	44.85532075502903
P08870	2	56.43396442392176	45.55760454744775
P08871	2	71.95711197077962	51.3857624292061
P08872	2	40.827096970397484	53.87409831968543
P08873	2	62.27088162691191	50.94176375627521
P08874	2	43.043332721252014	44.407713292808175
P08875	2	34.95414961473931	39.908586978666335
P08876	2	35.4447875808768	59.83631846293039
P08877	2	52.40253527597433	28.88221601260574
P08878	2	42.03672672185865	63.33436229442486
P08879	2	54.207661538593186	56.272487468938586
P08880	2	34.185140036733465	46.39290081938448
P08881	2	30.546816668968976	46.55472389103601
P08882	2	89.06890839958314	48.81381588631747
P08883	2	31.561462169382725	42.92175608815398
P08884	2	35.87159992043241	42.79151379273123
P08885	2	47.73019048495191	45.44731794648551
P08886	2	59.290523202377585	40.093461447441555
P08887	2	68.99382552299872	59.77952365401593
P08888	2	41.98595828612731	34.7550483280887
P08889	2	34.09319003374241	31.433541481160532
P08890	2	29.635685111118114	42.278374135261075
P08891	2	79.3367993234655	44.62591680837821
P08892	2	54.90093323130532	90.0317053689818
P08893	2	48.2192758131099	51.61553793181309
P08894	2	50.59509513859838	42.45886374334825
P08895	2	43.238201144282236	54.79723272873639
P08896	2	59.03517461767534	58.5184237245107
P08897	2	50.10440214771277	49.013996229104656
P08898	2	54.48359554964915	49.44907326114514
P08899	2	49.15498599173336	45.419726158884984
P08900	2	69.7576236089185	56.60769762487527
P08901	2	43.93806356242545	81.15772059624788
P08902	2	50.27621262633134	60.7626490125839
P08903	2	41.08858356102147	44.513899884354416
P08904	2	48.775889147112295	58.11144233833542
P08905	2	30.901887561773385	42.2584980668473
P08906	2	46.70491580541413	61.91724587051081
P08907	2	46.82083276741807	47.11870069613138
P08908	2	50.6072854997807	29.049064364688782
P08909	2	53.68231962871688	43.374480697195395
P08910	2	60.07731093372712	55.764666856171054
P08911	2	46.934853236496025	71.0751689857469
P08912	2	51.71839443024642	65.04668340370648
P08913	2	39.75782825121745	27.794158087260033
P08914	2	54.09180232146794	34.90266246526678
P08915	2	55.604322580583236	43.435718485896174
P08916	2	59.5122997790087	56.88009129371444
P08917	2	71.16941274855114	76.58201333625414
P08918	2	41.36931414257884	50.95262034164923
P08919	2	38.888246844179335	52.26088678094352
P08920	2	37.97457833932543	36.24952280589987
P08921	2	61.896906902865034	59.97231018359116
P08922	2	48.36193368719953	42.82950094204446
P08923	2	42.657598976706176	49.00323550046609
P08924	2	67.32236394759278	37.70765614108812
P08925	2	45.5847581817166	50.08595467261104
P08926	2	42.41146686430498	79.85347318732069
P08927	2	59.688797834127925	70.19448828452221
P08928	2	56.55428409262026	62.99467536124344
P08929	2	55.253273613526886	49.063892410629215
P08930	2	60.46075303050756	52.40041151682914
P08931	2	46.213489523190496	49.81721521738924
P08932	2	55.93964506437114	62.05325778401027
P08933	2	38.594534303405766	48.26862494413628
P08934	2	37.070956660738254	52.9122992757057
P08935	2	49.841354295154865	45.500316897183005
P08936	2	48.25346278188557	53.982281070558614
P08937	2	43.537275409755544	56.78295660390504
P08938	2	51.814622216185924	88.81278735244211
P08939	2	26.23020191718157	6.6619457385699725
P08940	2	47.88089007401918	55.26975231451344
P08941	2	42.94024884538781	46.60721603330978
P08942	2	40.68516501767634	39.28781422972093
P08943	2	60.58283267488779	43.7769046072293
P08944	2	65.57483174476305	62.61738905042584
P08945	2	48.82076911697271	47.20973672640997
P08946	2	54.120183581259	44.03158149173617
P08947	2	45.68440076327817	74.46633710878754
P08948	2	43.85769183192776	50.09486829046595
P08949	2	54.254625966053084	37.4501758158334
P08950	2	60.78379014606443	34.62191791926159
P08951	2	52.504045289656716	38.64749338813333
P08952	2	54.98149987093604	55.638821010946835
P08953	2	44.21800884769142	53.073119640781336
P08954	2	61.727671294580404	36.05815140520935
P08955	2	31.743289062869394	58.6298946767833
P08956	2	61.296244100365485	41.69883413398351
P08957	2	95.24874874566974	59.98682290355604
P08958	2	56.14132968824168	37.75824642108235
P08959	2	34.133763610980196	33.525183815596
P08960	2	40.21396684248751	32.52462227129204
P08961	2	69.15483083097446	37.513929862767995
P08962	2	47.6125676532278	46.87464079424715
P08963	2	39.395136550695646	62.208960614786676
P08964	2	72.9862063824372	51.33697962633126
P08965	2	33.5186951443657	56.81750719081191
P08966	2	33.25961491687243	54.10696735265761
P08967	2	36.98787782748274	49.69311243840587
P08968	2	37.636190468384875	54.798968082845484
P08969	2	35.09677154346812	53.247309023344776
P08970	2	49.5207236200971	43.6891684954167
P08971	2	42.034069156787425	20.95038688123399
P08972	2	37.64638668047125	50.070006183181306
P08973	2	25.472132009128426	35.72879819206008
P08974	2	59.176880362147806	72.20609436994357
P08975	2	71.54470269672417	43.33121882722001
P08976	2	43.14858957611768	46.27596064418909
P08977	2	51.3510013013294	59.55635718759746
P08978	2	56.65471213170276	43.64717767944995
P08979	2	37.94152982451722	35.7492313850729
P08980	2	65.05632067711981	36.622665164943385
P08981	2	43.3408145340954	47.31566090709373
P08982	2	63.64166962832762	50.95865265219398
P08983	2	45.66356035575827	66.30967366257548
P08984	2	41.00467925168424	42.38705305270804
P08985	2	49.72724622869188	26.893899637614222
P08986	2	55.00514080802847	37.58100592194573
P08987	2	45.34223877572568	40.96287532699133
P08988	2	52.85963836777492	56.37500630088077
P08989	2	80.6145293496313	45.113195734743
P08990	2	23.94180473845799	33.737389221469925
P08991	2	37.61155177411322	50.61335229823072
P08992	2	52.96573896608997	59.8296825212209
P08993	2	53.14576868362927	60.75150067528681
P08994	2	23.562595001146065	28.093058835562363
P08995	2	59.93248807884623	58.92819523235148
P08996	2	32.77517237708874	35.79655697148007
P08997	2	48.27412801987135	31.602546882481963
P08998	2	39.378628213796596	51.46524932696351
P08999	2	48.69516046461619	62.3437096965548
P09000	2	59.14662684084169	75.2911395891393
P09001	2	59.57113644284009	50.16538996399762
P09002	2	55.297132104565065	37.53020336547617
P09003	2	32.10415740404077	57.14359675459434
P09004	2	62.42303982129698	43.94110448888701
P09005	2	46.45931690395195	38.910887268173006
P09006	2	46.58316008314293	39.01593257544855
P09007	2	49.985743517691844	54.48185391967815
P09008	2	40.80770492800257	79.74631339407759
P09009	2	56.29598889370972	44.37543967830983
P09010	2	40.529768776457715	38.36166565516717
P09011	2	54.16593664871462	50.44394930834333
P09012	2	41.061828424094195	43.194382041036874
P09013	2	27.50803388439321	64.32162158159979
P09014	2	63.48131846776481	50.743630339082195
P09015	2	40.98142270148556	37.05776308251478
P09016	2	53.40445602050878	71.46272324787343
P09017	2	49.698544752170974	77.84703873089715
P09018	2	61.88603589681078	44.567623685721344
P09019	2	50.290939980909	50.36021867858819
P09020	2	52.12242331382127	49.153565432990604
P09021	2	32.066184701340184	36.62474036615364
P09022	2	66.62185116551483	49.55944326302159
P09023	2	72.3701500265617	42.92343221811835
P09024	2	55.73953711631006	36.224586115353446
P09025	2	54.890127179738066	41.00025186238284
P09026	2	45.21378209596811	37.52628072920871
P09027	2	45.422494296483585	44.668479490800095
P09028	2	32.9574946697864	38.02433452205007
P09029	2	37.3470270698671	51.65885981526178
P09030	2	46.598001245044514	46.471371822579165
P09031	2	79.64668601301611	63.49481079942055
P09032	2	42.97605625505215	50.90661865300353
P09033	2	55.84501127342065	59.79817916327215
P09034	2	63.644739126561795	40.98220204480527
P09035	2	73.45126999294128	38.20881954160305
P09036	2	63.94432207429194	52.11105416030875
P09037	2	47.090011855754014	71.45832178731546
P09038	2	62.98030062104108	31.034686993067332
P09039	2	54.32672799394625	43.84294506298413
P09040	2	56.25721415242723	57.72773671422351
P09041	2	63.252804002401106	85.41387221603925
P09042	2	47.303306154245426	40.655838312101096
P09043	2	51.95257210527011	11.918899408916207
P09044	2	46.22098622204578	34.69593571035253
P09045	2	75.92302337003973	34.190759646242306
P09046	2	35.90568955326273	55.977389794740034
P09047	2	50.62664882204335	20.11098595881908
P09048	2	52.649623916961076	66.33771311242762
P09049	2	27.299714294463445	27.432058412662492
P09050	2	70.68933375597034	42.375368810121955
P09051	2	47.626979876486736	52.35971015811951
P09052	2	51.785669781851645	65.87471264284336
P09053	2	59.723865806058434	45.81751681706297
P09054	2	57.47507922018623	31.36082779718583
P09055	2	43.93547943797332	60.624126767586176
P09056	2	52.25643057538087	45.88070583294679
P09057	2	69.97821525699123	56.489983233152074
P09058	2	63.74679762140758	49.30395805801805
P09059	2	61.96046484853385	63.04916419528999
P09060	2	62.04414411679178	68.40824746941043
P09061	2	42.17223053903753	62.53125443748529
P09062	2	45.3542535560853	63.15074046482205
P09063	2	54.53096192326368	31.169836052815356
P09064	2	47.95025990774497	28.748434645316824
P09065	2	72.72921621343067	59.349046053772064
P09066	2	49.962191361699155	35.38448186680242
P09067	2	51.65520065284253	53.87653086149197
P09068	2	36.930953543720214	41.582900685317796
P09069	2	61.36867721252198	55.811720339621424
P09070	2	32.39940267434382	24.475490017100295
P09071	2	48.91906478878486	50.034390546711116
P09072	2	73.10002956300212	72.17916964356954
P09073	2	51.59924140692385	52.574067002618925
P09074	2	47.28941964571111	38.8745443028164
P09075	2	43.910375296990644	41.74664174082963
P09076	2	37.383241643428626	62.59341030594938
P09077	2	49.594415745724596	56.04054477855542
P09078	2	73.31852970639984	50.98607263052987
P09079	2	50.98103816801127	53.45278523847311
P09080	2	57.03346192717098	54.19789282991402
P09081	2	34.59418283616702	30.492174834394064
P09082	2	59.306550921220584	67.30973008734779
P09083	2	54.360543967933964	27.08111314408167
P09084	2	46.87112160807856	46.78311067086884
P09085	2	37.87184926238187	72.99960440755892
P09086	2	33.28017316635413	55.97143724026558
P09087	2	61.38684393295625	50.64459268959811
P09088	2	45.127534438747794	54.91345400811541
P09089	2	46.68324151399176	69.35914573063457
P09090	2	68.95601657002904	74.3007815356836
P09091	2	55.284972914577224	49.33845122242996
P09092	2	41.55190826430747	56.83462002656829
P09093	2	53.14965880887642	57.07441241277701
P09094	2	69.59117709059817	41.9318272384931
P09095	2	47.72291843433375	58.253426091866984
P09096	2	36.09488730235407	31.247624982328635
P09097	2	45.01257257112741	20.131198179554133
P09098	2	55.932853687997365	46.347666863301015
P09099	2	56.175060314822204	60.388953763613955
P09100	2	65.26008075738548	62.815683425546226
P09101	2	42.300643197857795	43.65494695187533
P09102	2	45.57556533586926	52.22606489947097
P09103	2	51.1332753954558	52.995771182698306
P09104	2	30.91093928443858	55.288975500832116
P09105	2	35.13781892924497	41.9295717119004
P09106	2	35.55358859162341	51.70414749849988
P09107	2	58.45706411965106	66.18214020296348
P09108	2	40.790824797796624	53.35540600179589
P09109	2	58.07291641947836	69.48062853754094
P09110	2	73.35561856222508	53.99461314952211
P09111	2	61.22189816927457	64.77571266412426
P09112	2	55.46817293901042	44.02374051061305
P09113	2	44.710192990868386	31.77146594886046
P09114	2	49.354213756595165	66.94439874650966
P09115	2	62.023456374889264	41.22207707637171
P09116	2	69.37979365606758	43.84461521586267
P09117	2	43.997070937480046	72.05370674166123
P09118	2	46.850775703921094	32.31209375426598
P09119	2	32.87918912491866	57.47870485831976
P09120	2	43.218341986652554	39.30795941149683
P09121	2	49.590371481706505	41.82323382689798
P09122	2	56.29541804032909	33.84646188342187
P09123	2	37.03808361899257	71.90987180333157
P09124	2	42.064776760291835	41.482561473994316
P09125	2	54.431137014042584	43.45689289573384
P09126	2	23.011780836580677	35.06926135586
P09127	2	44.808391530271734	60.38915067741576
P09128	2	31.568434119959946	31.519866702143407
P09129	2	40.49053976358783	59.52377355252553
P09130	2	53.77816134734628	54.278539447656016
P09131	2	75.80914890967229	73.20448895125824
P09132	2	55.12598697338032	42.96516639236319
P09133	2	45.83175924908548	53.82119494464091
P09134	2	65.2392919052976	92.75693595700388
P09135	2	45.72349630499729	63.8614559827174
P09136	2	59.78058213544514	58.52820040419836
P09137	2	40.694437671856456	41.43911751803208
P09138	2	46.756744437663706	50.72307963787629
P09139	2	38.893222671318995	74.51698596471869
P09140	2	55.14257256530996	42.9628797267113
P09141	2	38.83524719449612	72.42475778832285
P09142	2	38.20501625144404	20.39856862147407
P09143	2	42.54859095170551	37.702506371523
P09144	2	62.42741470581695	61.249948562111314
P09145	2	35.53815506175833	42.63190901325458
P09146	2	59.456551313385575	50.892478757548886
P09147	2	56.257324549961155	24.846986971123616
P09148	2	67.66537974977828	40.03454823635975
P09149	2	38.29077507667566	47.49018919078315
P09150	2	45.30191988580076	38.51654915849234
P09151	2	55.61341178442449	45.04909370549317
P09152	2	71.97657102358504	58.5946638043706
P09153	2	67.98890604721966	90.00352859620527
P09154	2	50.50815935076237	59.49203258690057
P09155	2	63.91482485935288	35.56440753687054
P09156	2	41.2040364126565	65.70270211575169
P09157	2	65.48929432387723	56.38175166796074
P09158	2	47.88322428399815	36.53646622400495
P09159	2	39.33077166680645	63.848644002885905
P09160	2	36.63814634644018	44.53330838923901
P09161	2	35.55602552487795	57.46593448299579
P09162	2	38.31166067203106	63.72212056966593
P09163	2	58.83637728022378	64.69690368757873
P09164	2	56.55717930554933	50.22675633095348
P09165	2	59.421372726693455	38.397825660630545
P09166	2	60.65836716678678	62.216649671225696
P09167	2	58.79304951582168	25.895624467886442
P09168	2	54.22541625197277	46.2370826303406
P09169	2	36.50517529872091	32.616825601338576
P09170	2	82.49504037205257	48.34030041657671
P09171	2	55.919726716945625	42.049001361931325
P09172	2	61.94325753196609	55.79683928200077
P09173	2	35.40918534155668	48.943570208187964
P09174	2	35.126213187078086	39.60100770972357
P09175	2	63.021625464214196	70.51162628523304
P09176	2	38.101304994585796	38.86604429184301
P09177	2	52.64326422758218	46.04894661564827
P09178	2	17.763135332601436	46.45068811362583
P09179	2	43.2002516776783	57.81209496419373
P09180	2	55.012340063066304	53.12239814685228
P09181	2	54.47724188003675	50.26953286741361
P09182	2	40.989895910038335	53.79016255478913
P09183	2	45.94326878947355	76.6516340284333
P09184	2	60.87918822059184	52.76244757323797
P09185	2	32.75262613597279	63.94879614703568
P09186	2	46.815388004641555	55.99047054455586
P09187	2	25.98562975630238	50.099804723880716
P09188	2	56.69069897483277	49.39567532969527
P09189	2	42.34739335302984	35.412556379521064
P09190	2	43.35714273778785	48.21348432832024
P09191	2	28.44569657638102	48.23443154652827
P09192	2	47.27964715753715	52.04470738145562
P09193	2	33.69923600079924	21.72125374264443
P09194	2	37.87421980348344	51.89626426893326
P09195	2	45.91708231512371	54.287662128748906
P09196	2	31.42548033088164	33.24461654063145
P09197	2	45.36994552595232	59.201392508588704
P09198	2	46.86990951831051	54.317082680018885
P09199	2	46.46232924561784	38.09148597283306
P09200	2	41.46150507124237	37.41598708152209
P09201	2	32.828095360678944	39.79284441447057
P09202	2	42.37251009097822	76.03638230598223
P09203	2	30.118464428307597	28.249763840422858
P09204	2	61.383463148790696	67.87491706950432
P09205	2	43.18162146606884	48.960606836934815
P09206	2	59.64686342721233	41.21841171878097
P09207	2	58.26080404019266	38.972587227618355
P09208	2	55.5923643661795	59.051598105842025
P09209	2	50.45721647366723	53.0626907596999
P09210	2	54.34411368067021	67.04894416043287
P09211	2	46.79354407035636	54.87150836866221
P09212	2	40.93626478087315	39.469019096605045
P09213	2	52.00374059695801	49.357693750741
P09214	2	44.377132988212644	35.08838427242746
P09215	2	24.622559291106576	56.796582457425394
P09216	2	54.012563303393726	70.66127613070984
P09217	2	33.342946928733916	51.39313256808722
P09218	2	60.992649570025804	26.419104984319432
P09219	2	32.51183849236529	44.58355458237794
P09220	2	65.174583581966	54.568437486037666
P09221	2	45.64953277041494	60.51011994678679
P09222	2	35.529979455348936	38.98866534418137
P09223	2	57.40009254955849	51.81294484765515
P09224	2	45.96080541961586	49.27795678997012
P09225	2	92.80955033964192	61.83015468826551
P09226	2	68.20824186423286	70.1017546073426
P09227	2	34.822075762402314	45.84227074649277
P09228	2	49.06968351104546	40.70901899101726
P09229	2	41.163459567025825	22.428405008476687
P09230	2	60.268344802190505	48.00250227411637
P09231	2	62.99353733933812	51.4235220423461
P09232	2	54.62113938294547	49.127378932200784
P09233	2	50.48204978592041	62.19034735223427
P09234	2	43.82847459022499	66.19494808136054
P09235	2	32.47466513704708	67.8736031128118
P09236	2	29.942788604399944	55.60540021887109
P09237	2	61.48234255456673	73.45469407793418
P09238	2	50.21458415643757	65.48413213081501
P09239	2	36.66556022204034	59.46854295783129
P09240	2	36.21467029336044	24.867495466202854
P09241	2	60.52804880569	52.31255553953618
P09242	2	67.0941043336261	60.076738818746335
P09243	2	39.07752664474713	56.20783050292765
P09244	2	54.80408939824454	29.80430999673341
P09245	2	72.56097706916238	48.529467451482375
P09246	2	75.90372114191533	69.15878937617059
P09247	2	43.003655490835214	37.499587391514176
P09248	2	50.99779128466583	63.922023231480026
P09249	2	40.081018119272144	48.471715119891925
P09250	2	54.06048091626526	46.545643235956845
P09251	2	62.72011077347568	64.23571078014085
P09252	2	42.48317878542262	17.02123179020221
P09253	2	29.741758704268406	35.09608715038135
P09254	2	40.734726658953804	57.041671337948245
P09255	2	23.715403131527868	32.8105126236972
P09256	2	50.300625392346205	53.939890804274384
P09257	2	55.5478035107409	35.54122227655331
P09258	2	56.424592149581336	38.708767713147765
P09259	2	51.70126728294866	50.28748669841754
P09260	2	64.31116216136166	79.68664756635025
P09261	2	41.82340957368219	65.57620682361538
P09262	2	62.151664913234676	58.92776697484847
P09263	2	64.53282229700825	61.065590492862064
P09264	2	60.075695944345775	62.620641563811475
P09265	2	44.13612034317427	64.72845411322518
P09266	2	56.296629835580575	33.13584984112724
P09267	2	31.976680906909444	32.85350497033343
P09268	2	22.447720547747927	22.859075331019348
P09269	2	39.78400892713484	5.625612414968558
P09270	2	26.05182779537078	54.421397081911756
P09271	2	47.582138724337526	38.101477628425556
P09272	2	68.80882853672732	65.81216187157452
P09273	2	24.12411520045851	21.738256300150823
P09274	2	42.480696965894346	60.68236053752855
P09275	2	37.90669444440541	34.479685399479806
P09276	2	58.528552860309986	42.065916177737215
P09277	2	67.86069292674367	56.930389760507836
P09278	2	67.37196582565629	49.58509443863039
P09279	2	50.84297016770708	31.030514452132174
P09280	2	73.23375092545616	60.12793354612847
P09281	2	72.16094725634002	64.22440441108319
P09282	2	27.247830780880307	70.12247228901975
P09283	2	51.13919531242678	49.74829211482179
P09284	2	37.21728387095058	8.689132824330162
P09285	2	57.59019909957057	50.036674527109994
P09286	2	46.75285811799974	47.133702938184015
P09287	2	33.363785176005734	65.72855018498004
P09288	2	44.8604936991051	28.20843901436628
P09289	2	48.247168830999804	53.376359999107606
P09290	2	31.880827452881604	51.43030065713097
P09291	2	74.623962596678	80.48810510022727
P09292	2	62.86570561131619	54.088227557504915
P09293	2	45.685075688093946	51.21092481899108
P09294	2	31.345805794039304	55.35318277087015
P09295	2	53.318278233830775	46.828925187397346
P09296	2	72.04465066206185	48.93833078183617
P09297	2	52.14708326509307	63.674023938017456
P09298	2	62.90113527433996	64.19837753464883
P09299	2	47.23374591744389	27.442366700150743
P09300	2	41.204616307360546	60.3751854930272
P09301	2	62.48884989581603	58.78780768317134
P09302	2	40.50163786630016	38.445067629047614
P09303	2	45.714408776903056	40.16054801366259
P09304	2	42.68698299845255	70.13699384183938
P09305	2	58.31551391180131	32.47905333677684
P09306	2	46.85710672171228	45.93104755055375
P09307	2	67.9630478657936	65.02631924024631
P09308	2	63.13949047792587	57.92999380493737
P09309	2	45.339918721830735	60.28005134899941
P09310	2	40.039539021258825	36.14932461339535
P09311	2	32.83857473057759	40.68504571956286
P09312	2	45.93260847700607	38.968309565190395
P09313	2	46.85805960489465	35.97214654418629
P09314	2	43.03575495165786	59.333891874898214
P09315	2	64.79073341876888	36.688859777096496
P09316	2	44.30837755353428	53.356087317649155
P09317	2	53.2358546504654	43.5876661954823
P09318	2	39.71189286026689	47.3490963988784
P09319	2	66.03572797825512	59.577064756477924
P09320	2	45.69848053245167	43.05475343315712
P09321	2	29.02212239089496	47.827734296907195
P09322	2	39.51190191003091	45.96824040182777
P09323	2	35.61066672790118	26.54127762642397
P09324	2	53.8308774744447	58.979780452555104
P09325	2	44.910996336485994	38.64358177608269
P09326	2	54.91420025217123	68.02789459901263
P09327	2	55.76108058197403	64.06949914294972
P09328	2	67.68753424213716	33.507966447542174
P09329	2	58.72294745036409	41.30437460001329
P09330	2	23.94272911048588	47.74626814045391
P09331	2	34.339360733648455	38.017070297854936
P09332	2	55.46697710432742	57.283334966708516
P09333	2	35.853469342338435	36.41343643976953
P09334	2	32.99633818678829	40.17868340791916
P09335	2	66.03817338905652	32.60524038081118
P09336	2	45.981266433803476	51.45548637687529
P09337	2	40.247200769653446	45.62777748108539
P09338	2	55.42737284128773	35.05460425384034
P09339	2	58.923878128747134	50.57543854292697
P09340	2	58.10428815297462	60.09791712234969
P09341	2	53.23742092186875	32.101411685750456
P09342	2	70.04141132554373	45.42067911648895
P09343	2	49.86774761661204	57.28077812770322
P09344	2	63.87821845722935	40.939809875887256
P09345	2	42.11195809470049	16.432748859816776
P09346	2	63.270129569196115	59.95947440572641
P09347	2	44.44363004078005	54.77886064717121
P09348	2	53.02450067038412	76.67026866521257
P09349	2	50.60802472960411	52.76620875696132
P09350	2	46.42191374785299	53.74967809896849
P09351	2	61.89636243965226	58.11071111006673
P09352	2	38.7074792888666	40.61438703035349
P09353	2	46.33946578036834	57.7180799857235
P09354	2	42.17612958491728	62.25743851901115
P09355	2	59.73461284139416	44.24754222452279
P09356	2	30.52111839155779	45.57833698262696
P09357	2	42.349673507831554	23.59808900936384
P09358	2	59.56458036546086	68.37849891033802
P09359	2	48.01457778646618	46.66156509031831
P09360	2	55.903959229422654	51.92528454983811
P09361	2	63.72736609555608	20.979177466531617
P09362	2	53.162052126414764	62.32870503457735
P09363	2	48.96193596145713	53.73814394093107
P09364	2	37.38225730207411	64.65527829151117
P09365	2	43.62594873860373	55.04904518510638
P09366	2	38.43029209882642	38.28293688938207
P09367	2	55.23665119558403	8.361741555590122
P09368	2	42.39497806563663	31.52329749562963
P09369	2	45.26932079878204	51.00867175817592
P09370	2	60.23728578416978	45.652078650227715
P09371	2	49.49653075762206	36.101027845527724
P09372	2	63.701037938926014	43.88753422776208
P09373	2	51.9512097643935	86.06328007274729
P09374	2	45.85802495709953	48.84894216065634
P09375	2	24.937159359945078	46.924822677151035
P09376	2	48.338963899311544	43.035467066020196
P09377	2	41.59236778296122	32.26093490287295
P09378	2	33.44928951661836	57.02266508501504
P09379	2	52.94716097753362	44.3692619201411
P09380	2	61.77722886598976	68.56098689235584
P09381	2	46.043413563146174	55.62240859960195
P09382	2	47.16351278244605	49.52549542809486
P09383	2	64.10091151837518	43.131648534639524
P09384	2	56.552562375816244	61.27688121597294
P09385	2	65.72310966258509	37.017824929004775
P09386	2	64.4403191259157	47.846223678182795
P09387	2	31.247272692969553	38.742155685868575
P09388	2	75.50969128915779	57.97653218665253
P09389	2	43.61353367006143	54.44062622405839
P09390	2	57.94638516719631	47.82942695878364
P09391	2	37.56374747225009	46.69854694791437
P09392	2	45.0410896208852	34.10646154068004
P09393	2	69.40910251507783	52.64197355592053
P09394	2	45.82881648112288	53.00934700380485
P09395	2	33.84886315345874	55.41301292902678
P09396	2	69.79034634082298	69.57005718120165
P09397	2	38.98630944401724	36.98377438687702
P09398	2	83.09124790185209	48.28625145332856
P09399	2	49.23662402879528	37.672158825010875
P09400	2	56.35018277676808	57.54447249443342
P09401	2	49.7270452640832	56.682743569555534
P09402	2	43.83285518426039	46.11448583062447
P09403	2	73.39620603664908	60.83650264009248
P09404	2	53.802610415104425	59.64592108291471
P09405	2	53.71812338816442	61.77149294581824
P09406	2	58.79001420845039	47.53978966861456
P09407	2	23.02232891470569	48.58813541820829
P09408	2	63.024849106202815	52.401613094079046
P09409	2	41.425401986969945	50.89057889296335
P09410	2	45.32378022291957	59.727798204106556
P09411	2	50.56917066408272	24.407362017160473
P09412	2	64.8205996424323	36.48452420381031
P09413	2	50.959739898628015	48.87412358427703
P09414	2	38.12341583960051	66.02484482062297
P09415	2	43.648495481505165	54.32079167000456
P09416	2	42.97247043293165	54.107332214064684
P09417	2	37.88931254369668	57.9270173443007
P09418	2	70.54394248713865	55.07497008093068
P09419	2	38.299371547757616	42.9680963614298
P09420	2	62.061201883186726	35.72593611648525
P09421	2	68.85103655698033	42.71803034066226
P09422	2	46.08573445505229	48.93896422087388
P09423	2	52.05935216226841	55.884762487157516
P09424	2	62.08046963431412	59.94421118190517
P09425	2	43.94282132758196	68.39457686357208
P09426	2	53.890959032098316	38.17380232612115
P09427	2	32.312024540467156	53.07380762002576
P09428	2	66.46802927601495	38.68335577278683
P09429	2	41.48680345673684	41.092715628889465
P09430	2	47.54298024824189	82.62099554283265
P09431	2	34.91798792626757	57.21034910467815
P09432	2	36.70869136112837	43.914116854856644
P09433	2	43.84835409286023	49.06031508849768
P09434	2	37.86299513556619	56.98832150094847
P09435	2	27.476200924271364	31.570124638494796
P09436	2	52.39274542562868	42.20251350140754
P09437	2	73.18331679212574	47.819640558235434
P09438	2	73.57745412714415	42.00361760003415
P09439	2	71.49015484151012	31.073517126585905
P09440	2	48.019446425752136	42.63855975911748
P09441	2	39.57875575953704	61.07963803688681
P09442	2	49.26615150827097	40.87816532262358
P09443	2	21.452076303402908	25.800852184166615
P09444	2	70.38622339541804	55.17296277088209
P09445	2	37.32824346525879	22.96300361585383
P09446	2	54.68594700053713	51.28515392274466
P09447	2	64.73753317274267	51.417888806351044
P09448	2	32.02206781054903	50.599979324750954
P09449	2	39.15960599119208	42.93871912920103
P09450	2	53.558428182134705	42.782039893481134
P09451	2	45.293728495607795	29.799994318917754
P09452	2	56.56575689258109	49.244758547489965
P09453	2	36.23921846120815	45.9683096824048
P09454	2	62.67802726402908	44.18086015215133
P09455	2	33.645401206278294	53.55313352805282
P09456	2	40.95298004872839	45.11118077936945
P09457	2	45.422277856917376	62.03772910024562
P09458	2	63.1711913110632	62.00814164434677
P09459	2	42.34206731248315	50.31217739365029
P09460	2	32.598015903567756	45.76559642431926
P09461	2	45.61109157742021	38.2162272705971
P09462	2	58.75494026255005	32.803840067261035
P09463	2	74.64624285676251	43.91543889471947
P09464	2	42.89132428284971	49.111811713107514
P09465	2	63.181003586174036	50.03489417536366
P09466	2	43.086646846046065	48.386191228476676
P09467	2	45.953477528519805	61.93822652594007
P09468	2	51.081961284058835	60.692307256753516
P09469	2	67.74857110040941	32.16962019600597
P09470	2	58.266116794320816	59.32062064870795
P09471	2	24.92912978880353	51.74501184499107
P09472	2	57.105361475825504	56.44152922105485
P09473	2	53.234353264803424	47.067473642503764
P09474	2	37.66048920480541	50.877627906959134
P09475	2	52.456386267273864	50.1167476386213
P09476	2	51.01636970957853	44.39436392856094
P09477	2	58.506641455289625	33.98583568522733
P09478	2	39.60081586371844	54.53710066372734
P09479	2	52.02505105793247	42.01688485936848
P09480	2	59.30777180567461	61.280569125564824
P09481	2	42.28995008748433	59.04369977781888
P09482	2	54.25381114863353	62.28453505970542
P09483	2	65.00846611059285	61.793260918003796
P09484	2	40.97270705007254	43.36329060232037
P09485	2	42.23271812475976	33.96941864359257
P09486	2	55.02810966166592	62.638732982457746
P09487	2	63.12995995286791	52.68639916291004
P09488	2	50.108753858881585	38.15263050014199
P09489	2	46.5973296650169	63.95208024000662
P09490	2	52.71325623012751	48.74816850196123
P09491	2	50.06980439094742	74.0053598109966
P09492	2	30.62319896559141	38.333089960535446
P09493	2	38.764631275126725	63.408119262536665
P09494	2	42.25031481353323	51.99943781940722
P09495	2	71.33690696767626	67.28314869154329
P09496	2	40.05142652971725	81.12553046365221
P09497	2	31.061360462491663	47.44985860455734
P09498	2	42.7754526591669	48.57892994164122
P09499	2	81.54419841011371	80.72406228801336
P09500	2	36.860072291649885	48.89712910423401
P09501	2	50.650187476086984	48.78818610999122
P09502	2	50.77344622031118	50.358571428970656
P09503	2	58.800708689113726	53.495250448577124
P09504	2	74.92001212066927	56.37996509980339
P09505	2	32.36695222042765	48.01361575536137
P09506	2	65.07570483804435	83.17007997410423
P09507	2	50.78374643451335	64.30908428900558
P09508	2	49.73430016522188	65.27369523007089
P09509	2	59.82066799089916	59.61197677211654
P09510	2	42.35496258589168	51.24407324383959
P09511	2	29.24173950336305	44.77106611990771
P09512	2	72.42513416099366	68.71045975161245
P09513	2	51.271740368315015	69.36944008844338
P09514	2	46.63936436098154	34.77730392071929
P09515	2	49.27935814130177	41.0324231401083
P09516	2	47.65877035122071	54.103752075062665
P09517	2	43.04423946462605	64.45759006742091
P09518	2	41.19756251212566	54.592905842476526
P09519	2	54.38922196206408	41.964783121706084
P09520	2	45.29082727239595	58.17136264623014
P09521	2	65.24980760559679	63.9781839852579
P09522	2	60.944138367054265	77.0026306462859
P09523	2	35.344487184055176	61.77621366749148
P09524	2	39.15623426848786	27.611957431062287
P09525	2	55.50014049123143	40.44154360349705
P09526	2	50.215938939741285	19.759937372368352
P09527	2	64.76199737024947	47.92261064782708
P09528	2	43.8483353684292	50.474546186304
P09529	2	53.90382376797573	79.12408258107703
P09530	2	50.16612578240311	23.729286387200425
P09531	2	59.16047266149587	43.05301184348379
P09532	2	35.37114271207959	32.880804195177824
P09533	2	44.63194847091515	64.63783480864738
P09534	2	74.49040180139824	47.680371891587214
P09535	2	60.15873284833844	60.762948702097965
P09536	2	34.79908527103664	39.741312332941
P09537	2	72.7472574692886	55.19722648255765
P09538	2	35.27416297349497	43.380961424389966
P09539	2	42.37587996341388	54.671615239574535
P09540	2	48.92858011698814	63.32730225499703
P09541	2	47.37231351210207	67.34026523997952
P09542	2	24.048761770530866	34.031889959548145
P09543	2	49.17276605519746	52.48400466081335
P09544	2	60.82929536292025	60.301430654911016
P09545	2	43.42577470228115	53.67726251310029
P09546	2	37.24179635740979	32.57326616100476
P09547	2	54.810539307873654	38.35140322723935
P09548	2	53.441489878537794	66.87789734687041
P09549	2	46.32297887656058	34.321592685948374
P09550	2	63.10538891986124	38.82325832676075
P09551	2	66.84866615141677	65.96154799550506
P09552	2	54.42785170722763	40.96016346665965
P09553	2	51.973493974242054	41.24076750418664
P09554	2	68.27804642496999	40.92612212284172
P09555	2	46.340647224879206	72.38115969438338
P09556	2	40.10308137303271	42.996269358781184
P09557	2	61.55500580758651	17.891911812260478
P09558	2	31.308620431958303	38.771379189817736
P09559	2	34.438157119230915	35.55211852622524
P09560	2	46.29637810449308	47.95733522882096
P09561	2	35.87554750517319	51.456821038521234
P09562	2	46.63746049550031	48.28030327557392
P09563	2	47.15607063267387	37.74777461538733
P09564	2	65.26323086896066	61.718495113778474
P09565	2	42.51457137714562	36.69368999162726
P09566	2	67.83259581471856	72.26192389576708
P09567	2	54.68117171710544	46.06454209116687
P09568	2	86.33191000706466	58.22336717202065
P09569	2	59.06453759954949	55.620819923166174
P09570	2	54.541934658156876	26.045840155565987
P09571	2	58.04808972851955	65.00501194614691
P09572	2	37.90491129084052	40.017945027293784
P09573	2	36.799602964366024	52.85548759832186
P09574	2	47.24027657659958	50.625436594261586
P09575	2	51.80362250622982	36.764280211650856
P09576	2	61.830116891354905	27.173410288102716
P09577	2	23.882580038544774	61.13974572948972
P09578	2	46.00249964806997	67.2817010016052
P09579	2	36.53283695570195	46.815672690715374
P09580	2	53.23336612806277	57.33104707067483
P09581	2	35.2248096367962	39.6968317271381
P09582	2	41.616018585952084	42.75059012659569
P09583	2	42.002736239563525	36.878510602457006
P09584	2	62.81301303479216	40.26005381014133
P09585	2	42.31066533456452	56.766191132371
P09586	2	52.97651247692672	40.79542434647474
P09587	2	60.18840245473796	48.146328513648506
P09588	2	44.6232499964396	60.202589840724855
P09589	2	48.31652120914545	34.60610674018189
P09590	2	57.98003219517224	82.53616695242384
P09591	2	46.148663803077625	45.16506659093569
P09592	2	43.05320699817415	40.73527888204875
P09593	2	62.38369347321009	33.33462755874349
P09594	2	53.446730844206634	47.4805918460378
P09595	2	45.986478044506356	33.9160520816965
P09596	2	30.60362299210025	50.14937179178626
P09597	2	45.55279594947314	48.906045434274716
P09598	2	57.94713208855688	46.817969388505965
P09599	2	50.5818313955594	70.36503009840297
P09600	2	46.84941894659433	65.29734200344224
P09601	2	63.8910439249418	50.071864685954786
P09602	2	50.34472354357985	51.02903502720188
P09603	2	25.31364984405376	44.276027388350464
P09604	2	56.655653425623306	45.90913553596928
P09605	2	51.61295551655008	45.19346041374696
P09606	2	59.51074388502906	61.94554875296215
P09607	2	34.563705289816	47.655509510243384
P09608	2	69.74190342307038	67.6554365646743
P09609	2	65.66430246165638	61.6020907867197
P09610	2	41.25754136707529	47.81964906497571
P09611	2	39.567420060982165	38.615306815534105
P09612	2	68.04454663720232	54.82847715121968
P09613	2	57.79049145129157	52.576433829754116
P09614	2	35.61383238028858	45.0978488106219
P09615	2	46.295387593518534	38.72532825999155
P09616	2	74.91922250920203	70.24432680809639
P09617	2	49.782385463208655	51.76069023702303
P09618	2	75.63199434752578	59.497059339885936
P09619	2	47.55604248233351	46.7988140000216
P09620	2	51.3500439541625	43.85463930296391
P09621	2	52.93540210069196	44.23790956650752
P09622	2	66.42141738721796	72.39862774644006
P09623	2	64.38910332886532	57.71490462122768
P09624	2	57.740653423502216	48.559416016784624
P09625	2	39.80698058222188	27.61620832895783
P09626	2	49.80769259809202	46.5438905100195
P09627	2	19.46102649939703	60.344208007226825
P09628	2	48.54057536405285	46.74285233919754
P09629	2	63.47626646005597	54.049853808915344
P09630	2	32.77013793336405	41.69664095518412
P09631	2	37.00490000968305	36.789098161916016
P09632	2	37.3338473732342	36.13490246014385
P09633	2	27.242749611648918	40.63082326926017
P09634	2	54.22308218520256	40.9431946318689
P09635	2	30.799555686376966	16.227425052422134
P09636	2	61.886949249576645	51.18528162718496
P09637	2	51.67540556878471	48.672484324211055
P09638	2	59.240298469612725	63.12311936168454
P09639	2	61.25619208386182	56.454031854895334
P09640	2	31.21438628699024	48.961975999973326
P09641	2	48.50799532076423	37.22925394982931
P09642	2	68.55139920664257	46.58989563022502
P09643	2	42.00327056837154	39.87798255571527
P09644	2	54.736744410549846	22.389721438204795
P09645	2	41.1418804779814	61.583810076774355
P09646	2	58.07619261602567	60.03321654663453
P09647	2	59.487325317225114	19.06484989690533
P09648	2	42.07872885682524	38.06293786907166
P09649	2	53.59289714641974	64.07734341212453
P09650	2	77.38601313555252	42.869756274874845
P09651	2	67.4513785319819	42.05043921589523
P09652	2	45.498056335974304	50.098864954368004
P09653	2	57.54538097253267	46.471317665113226
P09654	2	36.840589428986846	48.26770941732177
P09655	2	42.21253934141948	47.55046325980241
P09656	2	57.58410594141063	64.0355922880062
P09657	2	56.759552077762265	65.82580523778104
P09658	2	61.67936760644926	62.45940785920662
P09659	2	59.831357194080915	56.64294514856877
P09660	2	53.383716370935524	72.08868548144122
P09661	2	41.05116391832436	47.000248139171696
P09662	2	38.45035110963993	24.580410039438785
P09663	2	61.23278256508031	52.64705424704283
P09664	2	36.25035019880998	47.85181373879034
P09665	2	24.893410519204416	37.90258019111925
P09666	2	66.62830763031268	73.74534674313769
P09667	2	52.502017488735255	49.21508664861598
P09668	2	40.653388908881766	51.60058164047976
P09669	2	68.60167877387165	70.19456461412165
P09670	2	40.598026632769546	56.80959933538204
P09671	2	65.45889419322067	54.274150659701164
P09672	2	67.83371723876303	66.00630937728835
P09673	2	50.28757999523407	55.69766802774325
P09674	2	35.216664114280604	30.751590205320323
P09675	2	51.127909107069506	57.10872769165484
P09676	2	58.94923387178471	61.76716531018525
P09677	2	58.93305476377112	44.67862070587443
P09678	2	42.66578165646848	28.154056403640617
P09679	2	44.33585727869256	60.600449723695874
P09680	2	52.785901977266256	55.05057155702311
P09681	2	50.77847163597563	72.63653143614671
P09682	2	59.54724417846466	63.50770850963487
P09683	2	39.0737003787127	33.27256411813666
P09684	2	49.23061468111913	66.38135632370795
P09685	2	55.883087534392764	46.80237598887914
P09686	2	66.27812081623128	45.07149081776069
P09687	2	78.5728071615375	90.08173142763124
P09688	2	50.44409060305384	63.776246899571106
P09689	2	60.40966673260207	59.676400143334725
P09690	2	58.55123993171627	51.25835083656439
P09691	2	68.86537277096532	60.25652173055595
P09692	2	42.08219667951498	29.09634923981407
P09693	2	52.87673994092639	36.93787245291173
P09694	2	60.137138250675434	32.860955346002
P09695	2	62.861029439744705	40.746900267232476
P09696	2	37.17182459823887	44.13548143101579
P09697	2	43.9272057752878	29.27284681888215
P09698	2	58.16068966368222	80.12022068902968
P09699	2	34.35713404638957	51.21714184488854
P09700	2	47.85574752881893	37.94451096294644
P09701	2	48.32797214092274	23.10812914386986
P09702	2	50.7323070810533	65.9350079046524
P09703	2	68.46294192747253	57.253490978326525
P09704	2	53.810816501170216	66.59631841249032
P09705	2	63.21404430875106	54.867311139624164
P09706	2	72.06036277312296	58.251111862856185
P09707	2	59.127627203026066	55.565716828010686
P09708	2	47.81387423698995	37.9157614081976
P09709	2	52.173856913298096	42.64491899982325
P09710	2	37.53445170376016	32.54639624403499
P09711	2	53.78066940274853	45.59958129348255
P09712	2	30.889879702453833	62.666420642560496
P09713	2	57.32279124239276	56.892494659706216
P09714	2	58.13794865512049	67.29391179122247
P09715	2	51.798272732022006	66.28028695570157
P09716	2	66.82917306614624	71.19916803290316
P09717	2	50.43732428198172	18.681707144269687
P09718	2	67.56901494486219	41.31627174307936
P09719	2	35.85413276100986	59.01807768621394
P09720	2	70.6010653380335	71.62682570424182
P09721	2	38.43440124235632	42.24005692661831
P09722	2	50.021883462051136	55.40430813899344
P09723	2	39.96189036269565	59.02408072814776
P09724	2	42.42516433856925	58.519793481306074
P09725	2	72.18602320127498	66.2876855426193
P09726	2	61.83588201693537	72.8070759244229
P09727	2	43.72864454784325	34.83185289982032
P09728	2	29.578676010996762	56.583684743521665
P09729	2	61.32692175152681	40.783120972446895
P09730	2	58.24758159753849	45.22525879629108
P09731	2	69.79265855691082	63.75645098253267
P09732	2	57.279511483869754	36.93292646824283
P09733	2	45.46775034374268	33.48320730410942
P09734	2	60.37490363091389	66.95093817655366
P09735	2	42.712178444143326	66.27013186845474
P09736	2	54.62654282667344	52.07492568867079
P09737	2	52.39594045164855	35.276638782593004
P09738	2	51.45652003722631	63.627552760305505
P09739	2	75.4015255539052	64.0968995681737
P09740	2	37.29431526116649	22.055890650891314
P09741	2	30.99733828389794	44.53834110235337
P09742	2	60.619774696680345	50.38630398365332
P09743	2	72.65882657638193	37.818127921422985
P09744	2	63.72185463385699	66.38353705464193
P09745	2	42.69295785647615	46.381042037805805
P09746	2	69.34026823871342	74.68225799971394
P09747	2	52.682180248856874	71.81200790738505
P09748	2	38.384612271831635	43.43427230331573
P09749	2	41.188339855480486	43.838715170736656
P09750	2	62.0711860311385	57.97322976946258
P09751	2	45.403788345961615	27.744167505712873
P09752	2	24.647655789131644	27.34126227129184
P09753	2	36.493255416197705	44.87699689043485
P09754	2	59.21793746511974	62.10207602853988
P09755	2	15.831227230387755	41.78916645098631
P09756	2	39.13330036312674	27.267191440696934
P09757	2	46.993910482406264	40.327510832849555
P09758	2	33.57773480053972	64.13363582849841
P09759	2	43.20829363253507	42.47942782496152
P09760	2	44.77362119259366	30.810884680462898
P09761	2	74.19266703447673	42.22752303062065
P09762	2	39.8055499544214	37.330291376793895
P09763	2	48.4068989285514	46.54319305352034
P09764	2	49.722894481183495	52.112345825891985
P09765	2	37.60705311475888	47.505684469179556
P09766	2	30.91287829775809	52.29664718210617
P09767	2	43.751664166905734	36.56603555107138
P09768	2	62.10685840159573	53.15393798066172
P09769	2	61.29888853903986	68.18551721498389
P09770	2	27.80535558603841	33.30613439096818
P09771	2	38.61434671372268	46.28130681267153
P09772	2	48.52687009483616	32.85517366098363
P09773	2	48.68545334207956	72.92372307976551
P09774	2	55.08095483676301	49.284019907573736
P09775	2	42.42617605814042	40.24477673962265
P09776	2	59.237673747931545	50.6073181315766
P09777	2	43.76084293776842	47.34120606172402
P09778	2	47.28196547150744	51.94628530857779
P09779	2	55.17487688657543	49.369391588880966
P09780	2	53.35683204521086	65.89794438871405
P09781	2	88.31555446183096	71.54665318884408
P09782	2	31.33707046111479	48.882640074172365
P09783	2	51.38108018327869	40.778870875056896
P09784	2	58.349730369338985	52.349889705910336
P09785	2	44.44005780776134	63.513382759526614
P09786	2	42.7664150784507	50.93348468125622
P09787	2	44.62495739804649	45.486191611901695
P09788	2	41.775717780431215	70.71254413648218
P09789	2	67.50680027795867	39.466599541259384
P09790	2	34.17927298969955	44.98572111754172
P09791	2	55.35518452565726	56.08426164948395
P09792	2	39.14546660448156	78.02601110206444
P09793	2	63.94706846041586	55.1306270677013
P09794	2	38.21369596059977	60.57331531355372
P09795	2	68.03115820300096	51.354603744967186
P09796	2	51.79088588409704	65.88603242807648
P09797	2	41.98188432447195	49.28096274023077
P09798	2	56.66075663253919	48.617820642234705
P09799	2	37.18945137554926	44.988468266283576
P09800	2	58.85857309150051	49.3681523247161
P09801	2	45.70119767787408	58.86686382482548
P09802	2	39.66447863760173	54.53084816325892
P09803	2	63.37867864765721	48.39423697667851
P09804	2	57.25269767339428	37.90767730533856
P09805	2	29.38246268676503	37.91377195455449
P09806	2	61.826097785504224	64.27744093026608
P09807	2	23.210069583646316	38.52104909627351
P09808	2	60.862400884265746	68.91646289170164
P09809	2	36.90999229466088	56.85193880686434
P09810	2	36.210887821371074	40.058237584835695
P09811	2	46.87714804984941	37.58479325341297
P09812	2	13.541173678584997	48.36481102560019
P09813	2	27.069747448638104	49.28834588176759
P09814	2	79.25299813760361	46.93545224178172
P09815	2	46.59179459803438	57.845097495610865
P09816	2	40.470135454214784	56.7053082104571
P09817	2	32.228850260819684	57.13622443967657
P09818	2	39.492075745641	42.701853055192956
P09819	2	49.55288350345191	32.34787040879523
P09820	2	29.12369672617932	55.339764737995516
P09821	2	57.49956235645657	56.56865646908349
P09822	2	38.68815595456757	57.7181025863727
P09823	2	71.2834275410504	51.44183728863806
P09824	2	51.96156411125467	25.31284812752839
P09825	2	35.754257474310926	44.792432376348984
P09826	2	45.71573613041004	33.39632377703916
P09827	2	49.57637433244649	48.27464716645079
P09828	2	41.58500734024234	65.15883111002665
P09829	2	57.31398134056897	49.653752186379194
P09830	2	46.47829685795587	40.60331160747843
P09831	2	44.36315942593308	32.79997829043738
P09832	2	54.14739999264084	55.00059050166108
P09833	2	56.226948018656294	45.17098068854468
P09834	2	54.92958235320293	34.06782300410455
P09835	2	61.73533455774173	49.16603520778442
P09836	2	59.402887567410886	65.0710778156174
P09837	2	48.79175572512571	52.85274652945326
P09838	2	67.42358449449128	52.22329144803778
P09839	2	23.017214107829545	45.99731390140065
P09840	2	53.66123112610698	48.016341184221275
P09841	2	56.108578667475335	49.55291375000671
P09842	2	40.34390680514204	39.85180727850292
P09843	2	68.35816668433972	52.693351457010124
P09844	2	64.36030951197264	66.08263573057783
P09845	2	41.458715774508825	42.60896800808432
P09846	2	51.825903739812624	60.41894818093339
P09847	2	72.05066680135675	73.66012691140051
P09848	2	59.22924311535297	49.27045202574927
P09849	2	43.28710906481548	63.07657508628898
P09850	2	55.403654226551204	45.67251898387873
P09851	2	66.20903569525052	44.81968741281301
P09852	2	71.80158275170169	36.17067945447624
P09853	2	82.14535569882142	68.121545659671
P09854	2	35.04232093309889	30.388193813061896
P09855	2	29.93058038064189	22.407867444067364
P09856	2	34.23131922050468	67.70978698209844
P09857	2	52.66729840467693	47.86177573981071
P09858	2	53.516737408231165	44.12039284925669
P09859	2	54.24875131388758	74.10715243419028
P09860	2	46.39706413785172	51.83101235410352
P09861	2	54.60241614955039	44.38773551925717
P09862	2	20.184339097977883	35.880528433064555
P09863	2	46.45158774792828	42.87589687065595
P09864	2	56.61159320698812	44.890400196378934
P09865	2	52.192901484718725	53.51913156826483
P09866	2	44.63160226626687	59.71037034021449
P09867	2	45.93588391945158	60.72892186181858
P09868	2	49.589697147397764	36.63323717374412
P09869	2	57.364867293820126	59.83572581897532
P09870	2	17.76481901064765	37.20630035387293
P09871	2	50.407602822667656	48.14960882188108
P09872	2	36.83714494568653	1.4945147762033102
P09873	2	76.70102085697022	72.24027543463636
P09874	2	40.91666384780886	49.726584947335134
P09875	2	46.05297998557304	66.8457988792359
P09876	2	37.57532970961522	60.85461741494143
P09877	2	38.85799614439506	51.83855095230158
P09878	2	34.10888923847289	25.1286647094878
P09879	2	51.89009451742664	38.4047107358078
P09880	2	76.50813371243908	50.11991734561973
P09881	2	49.083317716644004	54.923059475740224
P09882	2	51.66878582918841	52.34351113929004
P09883	2	27.222662355714082	54.381714246878765
P09884	2	29.768951683576603	26.091286657275095
P09885	2	70.11021323192844	63.14152958137983
P09886	2	46.412591187211305	26.420488880729742
P09887	2	59.24225382316271	39.174373041654555
P09888	2	52.04579661435793	68.96878848137692
P09889	2	42.00570606311033	61.007284412370986
P09890	2	51.60406944419883	65.78116343379861
P09891	2	55.70701326202305	53.64590601837952
P09892	2	27.45026968271428	55.102137595412316
P09893	2	64.88696965628316	76.17813595205224
P09894	2	50.85728709599291	59.84070283891286
P09895	2	54.19756088630008	44.47539472964975
P09896	2	65.09716312075321	80.82037419789991
P09897	2	71.2616616338136	55.635172513726886
P09898	2	70.62516521652849	60.84820117990368
P09899	2	32.8477497908754	53.26124516075277
P09900	2	62.05466326215985	42.71454120509245
P09901	2	61.0183478705829	30.10437675144932
P09902	2	61.549627829430136	58.36188443479532
P09903	2	46.110501454654184	66.93940855171101
P09904	2	49.85879351146736	52.728540087734686
P09905	2	55.21419648739211	44.917687210232714
P09906	2	41.68622222143486	33.04847740325526
P09907	2	62.81074349976482	59.6050536825119
P09908	2	32.530415355328984	39.6495190058468
P09909	2	65.70430843849954	47.37780341233651
P09910	2	62.47266541305815	31.859355146455385
P09911	2	63.35773561470498	59.90851632277252
P09912	2	53.626676826137995	59.282323481230264
P09913	2	42.09193832259824	42.231098847093634
P09914	2	50.94156996617293	47.19330567938738
P09915	2	27.154936906945093	70.01917140572365
P09916	2	27.57550964911068	15.185803832470745
P09917	2	58.423545979471406	42.897381451959774
P09918	2	55.71480374612443	62.35683999174659
P09919	2	39.700594806785446	47.14931493011808
P09920	2	37.23502663372581	43.88140086908349
P09921	2	52.980317902988816	61.1817920661431
P09922	2	40.78053211211373	53.371059283095306
P09923	2	43.65537601932211	71.17324929719909
P09924	2	50.42838912694055	40.497389923096186
P09925	2	53.38264093776726	41.76370310405413
P09926	2	48.67985352236746	63.00133782676838
P09927	2	26.3009850243328	33.07837703875494
P09928	2	51.01161478835853	53.80084455721663
P09929	2	75.1051541423866	51.50216461880106
P09930	2	60.216337473077786	18.87740430811519
P09931	2	51.7473160485592	52.615363351375834
P09932	2	52.13503129342022	33.3015593868046
P09933	2	40.83226936026498	40.93993785735777
P09934	2	71.82570933717325	45.0089448814204
P09935	2	50.216119283557106	74.79476173846011
P09936	2	58.91228969222589	42.128789757224176
P09937	2	47.077366588921706	24.527603515426943
P09938	2	61.29206457625985	37.188421340881405
P09939	2	73.14420138090783	48.848007226623864
P09940	2	49.367836750776725	23.936595572514065
P09941	2	53.26381956478149	35.70530957285661
P09942	2	70.65725764252569	51.892467206132686
P09943	2	64.22156194729911	44.09285042299715
P09944	2	45.65617952893088	40.44895440233574
P09945	2	35.89319824293259	35.72739361944034
P09946	2	55.383057927920305	41.24912017606648
P09947	2	64.05825973269961	70.3148511407617
P09948	2	53.13835380375183	44.34343711869947
P09949	2	32.58621528467642	31.563231649904253
P09950	2	54.051273876088246	44.53673661003741
P09951	2	45.80002320738025	69.98006609156522
P09952	2	49.0178751009072	74.26988454682038
P09953	2	52.946412115647306	55.80841526655725
P09954	2	39.78742682471613	65.72723701287266
P09955	2	50.02047665863573	55.6552874870299
P09956	2	65.64579644892297	32.94112718161648
P09957	2	39.722916178297446	34.46695086895722
P09958	2	58.25824667502494	30.509133108498695
P09959	2	47.776773779901426	71.54756595410333
P09960	2	54.82793252466917	48.1914432733662
P09961	2	41.405545406390054	62.90066348124996
P09962	2	56.75877821007995	46.76173131145719
P09963	2	33.81801947665118	42.115693623988065
P09964	2	49.97719095908969	64.23823335251916
P09965	2	51.004203488387496	32.90564323987721
P09966	2	29.980195988047278	45.55995594350422
P09967	2	46.54812762282755	57.3767584777938
P09968	2	40.953208779828714	50.038396727017684
P09969	2	46.84769558629074	61.45962328506689
P09970	2	39.191360068893594	43.440207460883116
P09971	2	55.88709420642186	40.83793260683439
P09972	2	59.0874428071687	38.73293518434054
P09973	2	61.362246828623654	65.08013291523594
P09974	2	54.21637227713602	70.82389631627369
P09975	2	49.27512617593506	59.71152944906275
P09976	2	53.427167493952815	53.988641089322435
P09977	2	61.426147664766034	52.91362441615686
P09978	2	50.8457115499875	60.746602122989614
P09979	2	50.88592191184736	43.778378110747624
P09980	2	47.59435260298785	37.119601877224326
P09981	2	71.77691757903722	44.63716808900766
P09982	2	25.088593598692	55.75307054250299
P09983	2	19.207132875304367	47.9850261496817
P09984	2	23.2372145793912	37.97485804846151
P09985	2	45.35775357999027	57.78307573795293
P09986	2	46.39733499655521	38.81377044550871
P09987	2	51.43157762000435	58.931011388230154
P09988	2	54.63744880497124	48.528851513701625
P09989	2	54.67124567310122	56.676947240070774
P09990	2	52.96749736789729	56.797542042633246
P09991	2	16.17235417462541	55.22322018701333
P09992	2	66.1922517036972	78.98593365589139
P09993	2	58.595891372077304	34.68481882417878
P09994	2	50.67117120459531	47.048411239439
P09995	2	57.261882289643744	63.53395122435539
P09996	2	34.46203334324739	30.706090589225017
P09997	2	60.11726698399679	33.85045947069396
P09998	2	49.725909982916775	40.08173195658756
P09999	2	17.489411284463543	32.00301311307139
P10000	2	56.83248324121383	47.068332013984545
P10001	2	65.34838780551554	15.843081957867366
P10002	2	61.952172712503796	50.29356846595811
P10003	2	24.964880815329092	48.714680548251046
P10004	2	56.57264026811207	49.29943420214144
P10005	2	48.40853076874488	40.186197743535885
P10006	2	52.021054911193595	45.099988290766554
P10007	2	19.92340250496401	44.30165827582856
P10008	2	46.16412001159174	68.45356657727747
P10009	2	64.95541835497248	38.48374081816403
P10010	2	49.968547346781456	46.28450422314275
P10011	2	56.85564915684604	48.81974892897584
P10012	2	21.209585809958995	44.92998653475413
P10013	2	47.179056998943175	50.902028402317605
P10014	2	35.89050185718929	58.982279307262026
P10015	2	63.74657612345944	64.47618736749257
P10016	2	51.05649532092319	63.18844193472142
P10017	2	49.71187080823159	74.30188652585804
P10018	2	30.332433655876684	33.786234876798794
P10019	2	57.6868031274466	58.915826356928925
P10020	2	46.199511678314124	27.006989841744808
P10021	2	31.227466908566303	60.422462085356685
P10022	2	39.087331258828435	50.10052847508826
P10023	2	47.622915370718324	50.38618117989593
P10024	2	31.159835667732708	55.55871794401302
P10025	2	42.629595490429246	55.389378878526344
P10026	2	54.63427497283638	55.207441783204
P10027	2	47.00404008539076	32.48228588023632
P10028	2	54.63617215030562	45.50748687543962
P10029	2	63.80834444166121	56.111185163541975
P10030	2	63.98271710329365	54.64219833830253
P10031	2	37.79005407963083	28.579441418036442
P10032	2	55.951184240890505	64.60977752272875
P10033	2	46.74118298171499	46.57377418817494
P10034	2	50.87307678582155	43.79693774135556
P10035	2	67.99763990310679	61.881390141666756
P10036	2	51.200304689776885	30.14248197734443
P10037	2	47.057392053799575	52.575611920711104
P10038	2	81.97370480803554	49.43416495847576
P10039	2	42.35252876977989	44.95836037402258
P10040	2	54.13164458804173	62.91625591545437
P10041	2	44.69468074627611	67.95991902252716
P10042	2	34.477597177464006	30.453252797739978
P10043	2	52.956386144894395	73.62866563231262
P10044	2	40.7806117775127	36.38561996088509
P10045	2	40.63400481284929	19.896672099145267
P10046	2	55.86866232483001	54.939888394363315
P10047	2	37.26280537745953	50.64565247880766
P10048	2	34.989152035559776	77.78619724006899
P10049	2	19.085901659382177	46.72117948206463
P10050	2	53.62407134726551	58.490541860901246
P10051	2	47.66361118837724	56.263001006933976
P10052	2	38.205303248938826	35.84524804428307
P10053	2	50.216557090120304	89.13874952215673
P10054	2	46.087493455516	58.39381997740905
P10055	2	40.81581613881397	56.934117042633844
P10056	2	50.70131057713728	50.34853317720565
P10057	2	67.00645278258246	58.91952500208784
P10058	2	52.197816970766624	52.867292464421595
P10059	2	46.19624987303608	47.85670927749144
P10060	2	43.30838324177518	37.3096855138807
P10061	2	62.91068966786558	57.87851163219344
P10062	2	39.49550173096317	57.04753055965556
P10063	2	46.49157746537066	23.181494080141213
P10064	2	53.54286069419992	53.44501904142352
P10065	2	31.914397084026803	53.43200197538193
P10066	2	53.111473516280114	35.76821205874702
P10067	2	40.39866484187414	49.336626563266094
P10068	2	57.27944656473535	55.71937304158021
P10069	2	31.306547317711132	49.415378370849986
P10070	2	37.57020784274907	60.35168514227424
P10071	2	45.220970176455765	57.15942417251145
P10072	2	55.08100671201958	48.99946170469236
P10073	2	61.41304637378607	52.9452737133967
P10074	2	38.29885892549411	69.10028461278947
P10075	2	49.366057824571136	47.22649597860053
P10076	2	47.48800772021109	16.87742842816956
P10077	2	46.711882642565165	39.01491975064902
P10078	2	65.07062422742479	68.50662082515817
P10079	2	56.38114293350279	52.80038775754208
P10080	2	49.11389035258354	51.385878483649336
P10081	2	42.643951889353	58.47036837316149
P10082	2	60.19649037439317	43.073181134198144
P10083	2	69.54901274549131	54.040183539857445
P10084	2	52.96777045835856	68.92243912375473
P10085	2	43.73608316998124	47.456938313599935
P10086	2	39.8487362057395	37.82915114622158
P10087	2	29.526901495474483	54.38229748639095
P10088	2	53.34735148004086	58.32288381819008
P10089	2	48.41387775574787	43.23446468786286
P10090	2	38.95759919745705	43.81630229954877
P10091	2	31.351190831186027	67.78776367057138
P10092	2	72.79683148060016	59.36542315947678
P10093	2	27.884445785352053	49.94779187866713
P10094	2	40.637699756342045	38.928421675028254
P10095	2	38.91371913285072	35.445862032956626
P10096	2	65.1134674461472	60.84468522719604
P10097	2	41.30500211650025	33.40401245517353
P10098	2	26.10098829034859	30.68299671220568
P10099	2	66.29008087186494	61.03903122579572
P10100	2	57.98294097092034	60.450281522238406
P10101	2	35.42163946910106	58.622677930696625
P10102	2	58.865923017148475	64.50604255387236
P10103	2	39.2768660219085	62.941794571335535
P10104	2	64.31391270952957	37.01299625033617
P10105	2	36.59484579335693	42.64695116989318
P10106	2	57.20988382521455	41.82704934678447
P10107	2	33.530180598958765	41.04783593027774
P10108	2	77.22804917854059	40.345717213022034
P10109	2	49.23590635278323	74.40187852310565
P10110	2	46.66644334633982	40.95559007685294
P10111	2	50.11891008870442	63.04216799765214
P10112	2	48.69474417319441	47.544268164402894
P10113	2	76.49478708842983	44.09880796338981
P10114	2	43.38914340862555	59.32286437465356
P10115	2	66.34980699625373	53.01681820599417
P10116	2	47.79890003401958	31.883191637136495
P10117	2	38.842508433344406	54.749431052877426
P10118	2	58.72047270522327	52.88134874146096
P10119	2	41.33479713141879	39.71307204308948
P10120	2	46.33306622108197	40.39981768849927
P10121	2	61.114146428788445	56.38060544708513
P10122	2	52.24962613705229	64.56410429991239
P10123	2	42.16513515635114	54.70368399411885
P10124	2	39.20662981396821	55.70796079042342
P10125	2	47.95739500804134	46.54592107750231
P10126	2	38.97171381966973	55.25640972563657
P10127	2	62.58392156060036	54.14471662127138
P10128	2	41.94485760895942	37.94428996607903
P10129	2	52.47506623805877	68.92441985141016
P10130	2	59.641032298770305	33.90425418509456
P10131	2	44.50427396517131	63.67544519806386
P10132	2	37.59062916390786	41.31696737178161
P10133	2	56.199691491896154	28.663971369801686
P10134	2	48.68112790853523	59.42699055021342
P10135	2	47.18559334629629	58.563995781640024
P10136	2	48.5474381356311	55.687621890802774
P10137	2	32.56634354444886	35.32286650976446
P10138	2	45.61073709676993	64.2437513071699
P10139	2	62.15661625355503	44.76626019124484
P10140	2	76.80424120848369	74.14879421323957
P10141	2	56.96414260532722	72.00205601384235
P10142	2	39.17278037214237	48.31089357742326
P10143	2	90.8353323432923	72.60647037275896
P10144	2	36.13609289729368	34.6376863132972
P10145	2	62.92612840852407	32.41101058684923
P10146	2	58.54188534112093	34.28565902991423
P10147	2	32.49768315636982	58.62497297204851
P10148	2	44.41147524678553	59.87119399545826
P10149	2	60.295496833542366	56.39628423236756
P10150	2	48.00551185398353	52.33044237385042
P10151	2	38.34301011600518	34.09817167820133
P10152	2	63.94132960607205	43.74423851649455
P10153	2	68.64661334002912	40.557871620196714
P10154	2	45.2025969598037	47.27302521154767
P10155	2	56.23131481260324	61.742166434823396
P10156	2	64.50506559119262	25.489868010741652
P10157	2	26.730558727696824	28.695537758265264
P10158	2	58.48533001237263	45.91280916222275
P10159	2	60.228755861126814	42.68467478262733
P10160	2	51.82295186818115	63.47321738597766
P10161	2	40.01812652351969	72.99872575117733
P10162	2	27.17960444176178	38.599641025484516
P10163	2	40.024537405210616	52.191861250510954
P10164	2	49.42990909536744	52.31696754109821
P10165	2	43.51459526266552	41.58356958447991
P10166	2	47.15477175980813	32.08701580204798
P10167	2	35.11244762661875	34.751037721788514
P10168	2	66.01261206623415	56.1379268991333
P10169	2	22.12887731700744	43.53684208147426
P10170	2	39.66021614408142	39.55617504692462
P10171	2	57.4685131855194	57.58177601356537
P10172	2	46.95515782349072	53.69977290915799
P10173	2	49.80321606145591	41.03369592463797
P10174	2	47.62179644703473	78.85870220031889
P10175	2	51.29981125959681	51.90269278103319
P10176	2	58.99714115482836	62.42318209117172
P10177	2	70.98830665944965	60.24964199286656
P10178	2	55.23577491433172	59.90847794680501
P10179	2	45.43360039710818	67.59686809865062
P10180	2	36.339621323292945	36.742860938652434
P10181	2	48.905278615697725	55.75093813393755
P10182	2	34.40304622996798	46.43480330263437
P10183	2	52.54504485748147	52.97664170639904
P10184	2	47.25700292393053	41.61461572062362
P10185	2	60.79696219139587	44.22744764002067
P10186	2	47.456791573017256	53.2771030329146
P10187	2	60.70867819961736	59.73508467321508
P10188	2	59.99773523006047	50.724854040554526
P10189	2	34.28940590277528	45.58288445594922
P10190	2	57.8828293153076	54.1127680328655
P10191	2	61.10812948435972	23.740612228061956
P10192	2	51.36442812865069	57.32361617152448
P10193	2	28.422361279258332	33.41310375482257
P10194	2	46.988340158400256	50.887151740550586
P10195	2	67.61937468817163	59.81135599428568
P10196	2	38.345377566235214	53.196039162353806
P10197	2	31.67232661568163	47.00849768005425
P10198	2	66.26037945991371	50.13784584999459
P10199	2	60.22397885462401	64.18515091416309
P10200	2	33.02202139407387	49.70342900253205
P10201	2	54.06910592103359	49.91507013741183
P10202	2	50.51250532785508	28.75414826557882
P10203	2	44.394614164746514	34.91471698030135
P10204	2	59.51116212113129	42.1160806087517
P10205	2	32.67035212740167	70.31506149075871
P10206	2	47.939139003858536	43.81174823994877
P10207	2	32.319289226148825	56.670612509036374
P10208	2	60.08160874073177	46.935520390631744
P10209	2	54.93955667380193	48.03164199943861
P10210	2	47.546700684110206	36.28204387612884
P10211	2	49.27243028141507	29.326742575832093
P10212	2	35.07813956988784	46.17765019150608
P10213	2	52.477268830751214	69.94458200938566
P10214	2	47.38163321754452	71.92758765015995
P10215	2	72.05945220079451	42.806195982215385
P10216	2	52.42091249952892	49.76020694250294
P10217	2	63.16171940388795	36.46990098644104
P10218	2	52.56964523320633	50.10391692609877
P10219	2	73.73980575977495	53.65458483593404
P10220	2	60.43414758147356	55.835207115419934
P10221	2	76.36665345675078	29.049707643949123
P10222	2	46.1508481187442	47.03730743893022
P10223	2	62.4983812704189	55.80054607225818
P10224	2	54.18212600442651	64.9615808251132
P10225	2	64.15985146782384	52.62733233079804
P10226	2	65.98679023023126	60.552928689370965
P10227	2	21.727304999767153	55.23082204869748
P10228	2	40.519313669788176	49.32504663647116
P10229	2	46.89228932005756	34.49837198925672
P10230	2	34.81609076040725	33.258548217971985
P10231	2	40.87033330610511	31.394346819260498
P10232	2	40.228444666604645	56.89670424264649
P10233	2	56.13822808468339	67.75916380284998
P10234	2	43.772993290882376	44.13934161165281
P10235	2	40.74732194250939	57.04379399400087
P10236	2	58.84767045665469	57.09363085175914
P10237	2	50.73445394125122	56.70050790273643
P10238	2	65.75083934525588	66.40407366696996
P10239	2	42.800938631630935	42.20237701304175
P10240	2	45.814895539040265	56.714166112622664
P10241	2	44.14163959911368	37.8878286876136
P10242	2	60.826951363354446	24.971863437046444
P10243	2	54.816455588038046	54.63696442750719
P10244	2	77.02507761098528	76.20845129221297
P10245	2	47.41581322441645	45.02355256647331
P10246	2	56.33666845670893	75.71936464968772
P10247	2	43.37319081065384	11.994522690214065
P10248	2	36.81950827076792	52.31317795893341
P10249	2	56.442193807496416	49.29493714122485
P10250	2	55.851324615091485	46.240415435376946
P10251	2	61.26799708788576	63.186303700499835
P10252	2	44.6686109826375	70.1964839541986
P10253	2	50.537882596705956	22.315752573851057
P10254	2	49.08294256919403	76.75123441679695
P10255	2	37.11364313580563	70.59632780151287
P10256	2	10.539829333433051	39.06513472014099
P10257	2	34.64170439531221	45.99077633231683
P10258	2	55.62790467891262	45.768361900410014
P10259	2	41.27085167253048	41.96422408023475
P10260	2	54.81996473796143	72.50101563645697
P10261	2	47.926776344138304	65.78788143376156
P10262	2	62.450689587280365	44.22228485923604
P10263	2	59.99351285903156	42.49063857052551
P10264	2	64.94374163351276	47.43919938785436
P10265	2	51.024262764682646	26.018473279036613
P10266	2	59.361303971945375	29.059059931658954
P10267	2	41.12701400166685	55.08550195073331
P10268	2	47.75960728216329	55.871747125729854
P10269	2	49.80030373431369	67.72587850687194
P10270	2	55.538508950894936	59.87622830257811
P10271	2	47.26520387687121	57.13237042613526
P10272	2	48.73812866608076	32.78404347484548
P10273	2	65.0872016311848	68.19718878719014
P10274	2	64.70547831093576	56.45102100682402
P10275	2	32.61291135972785	34.53283152241551
P10276	2	40.49660620968249	51.476881412835574
P10277	2	44.54782604964213	57.27508183812992
P10278	2	65.59719343696369	48.145510793845254
P10279	2	62.67668690170167	73.0873739918117
P10280	2	45.57802471934102	52.24058111453665
P10281	2	60.52332582677726	45.28858705730973
P10282	2	28.70999659731468	32.80025085340049
P10283	2	56.4827360653732	48.901418122948066
P10284	2	49.10891595196683	50.73288571455815
P10285	2	52.02912371021873	49.28517822228568
P10286	2	56.75985216090813	46.060621351870864
P10287	2	48.846208101064725	63.047748760321696
P10288	2	27.848982959446378	43.12211424791601
P10289	2	49.92797687297868	70.33725225674003
P10290	2	40.30962937918987	53.58694307633835
P10291	2	54.64792158203444	42.99408275193586
P10292	2	50.96636205141741	30.440271148182795
P10293	2	49.18483984730795	51.41812438002628
P10294	2	36.083954918256985	59.72022622391621
P10295	2	48.67398102458902	62.43232336606461
P10296	2	35.39499941706604	55.974411034547224
P10297	2	44.30311359821459	39.183770894440784
P10298	2	65.20669580909096	48.37177719611572
P10299	2	68.84911792683309	19.026747543130142
P10300	2	44.42585587286935	69.03695443382344
P10301	2	36.20304083081747	39.82493604591289
P10302	2	73.71848387919566	73.53346014125246
P10303	2	14.452504702450153	12.373488460527412
P10304	2	40.42449641240455	50.47321729212062
P10305	2	37.523778474800935	43.88907481034958
P10306	2	59.230635730067526	71.36597620470273
P10307	2	25.32912301187946	36.10295334109449
P10308	2	72.81150499210355	58.057304382965825
P10309	2	49.79386885508992	46.4412210350506
P10310	2	46.51152903007167	27.13749470697462
P10311	2	47.35974871324837	66.42473146461573
P10312	2	46.911687531590054	52.00434198376172
P10313	2	78.20369567360677	50.605680020960264
P10314	2	75.65220209141455	64.33504990402555
P10315	2	70.54957251294412	56.30736746486792
P10316	2	48.0881229827241	59.73727771230885
P10317	2	55.20124197333052	85.769413455247
P10318	2	47.100924651659604	53.243765474280856
P10319	2	53.720879819915716	52.88707917133028
P10320	2	53.57937957595886	44.94800554692885
P10321	2	40.827755819287994	44.23878912529103
P10322	2	41.484338490682504	64.80855500691531
P10323	2	64.29596844625549	37.28308776220813
P10324	2	60.32658074057771	12.551062479800066
P10325	2	72.55644917420818	71.89201049609508
P10326	2	64.31449806165143	77.6982042994095
P10327	2	57.91610904208824	74.60544384386857
P10328	2	63.79411993971095	45.59858106658998
P10329	2	73.84504303270444	46.99806944817481
P10330	2	53.32021043238507	55.31901608511948
P10331	2	27.059109384999424	35.122738717581456
P10332	2	54.47502524518579	50.90842024314724
P10333	2	68.268126041427	46.53936649783092
P10334	2	52.95850957991435	41.8019603382093
P10335	2	72.90391881813275	67.82263994998262
P10336	2	64.61906443417351	67.494966136241
P10337	2	27.85400871221414	44.317584742538045
P10338	2	46.876528161284284	40.33903803509148
P10339	2	60.15075738873418	46.59789661029375
P10340	2	56.32417758815705	42.12705427979758
P10341	2	30.146811268723763	37.05810231664195
P10342	2	34.14165472866324	45.357779542773116
P10343	2	59.1021189042015	50.03846819400145
P10344	2	45.07044598717357	48.56463035152888
P10345	2	41.807279937234135	55.11346962014717
P10346	2	56.43461680732772	50.05219765882615
P10347	2	40.34750401756461	46.65924703810467
P10348	2	30.323053144025426	58.07528383913396
P10349	2	66.68788915974955	30.632808430267005
P10350	2	42.5608844790849	61.7701869442868
P10351	2	87.93736183409956	80.1230002285409
P10352	2	47.24663163047543	59.1176325013851
P10353	2	72.71734321871543	52.68915430579579
P10354	2	43.61050438755798	53.43750915821131
P10355	2	42.227659588695396	37.25941946910372
P10356	2	25.614170531327513	38.489798330393526
P10357	2	35.27612424816003	42.39264224734685
P10358	2	42.43105193815444	43.536408478626086
P10359	2	50.76499773508644	57.75767982012166
P10360	2	71.43170415597558	58.03357435432257
P10361	2	54.905305787239534	56.444470789537725
P10362	2	62.11679695682675	61.06412544290906
P10363	2	44.57081064857744	62.23062478353105
P10364	2	56.966304072696865	62.21938478493846
P10365	2	39.491831481046006	55.695425420094075
P10366	2	67.32382403545347	57.87832197673564
P10367	2	37.532188498667736	53.41607646559734
P10368	2	41.624533298957985	40.66450362016792
P10369	2	68.25035502065163	42.427082910858914
P10370	2	52.864215230819035	61.55415055355363
P10371	2	52.04251527456845	51.390436474175836
P10372	2	80.18595758853876	56.12962719940416
P10373	2	39.53740386164553	48.741923770477364
P10374	2	44.28585807932573	45.92992078525148
P10375	2	38.734066045018835	37.164535238578345
P10376	2	43.263822327615756	45.203756884529355
P10377	2	58.92679286616027	44.69564653522118
P10378	2	51.06252272258159	36.620391250025335
P10379	2	41.81991820132008	54.87920596923357
P10380	2	59.09312381792007	48.35820631572467
P10381	2	56.02816597349829	48.201524506278005
P10382	2	38.78372691763384	38.13950160617759
P10383	2	51.73184667863535	77.01838636313079
P10384	2	54.674268963094065	53.859339415789044
P10385	2	31.97844009386081	44.356213429468276
P10386	2	53.47350781725334	44.45415291163457
P10387	2	32.47758556472445	67.41999421339432
P10388	2	59.094920713779345	52.52722602794762
P10389	2	54.9694170997151	51.17282460775593
P10390	2	60.27076787819347	49.7696633314656
P10391	2	53.45478953720166	54.0185710813581
P10392	2	46.44528859908089	67.45707724079557
P10393	2	45.135325910236524	32.78669522327216
P10394	2	53.647569022568575	63.27798240174347
P10395	2	81.30339822614201	67.24783439901519
P10396	2	49.00024016077025	47.887213567774786
P10397	2	60.487085187073795	20.928805413312638
P10398	2	38.362978569378825	51.38322902404868
P10399	2	29.58505408936402	56.177343582861134
P10400	2	50.092463548272434	56.125672713663995
P10401	2	59.472133350979995	51.835377080584806
P10402	2	78.94359755358832	66.20669768158722
P10403	2	42.27032095023406	71.51380806885457
P10404	2	39.994359300171624	52.57235469346175
P10405	2	48.26646627483527	53.55556506766569
P10406	2	64.86749584316279	40.334380352388656
P10407	2	65.90100127163905	61.42695043940223
P10408	2	54.81224437843201	34.997555915331624
P10409	2	57.09909140148233	61.42498985439335
P10410	2	29.05322491824898	34.50299309351097
P10411	2	46.17146877525658	46.09413006727288
P10412	2	52.7270029970249	54.860786556506966
P10413	2	50.69759561351091	58.56634748075568
P10414	2	46.46161686817358	45.03833364803163
P10415	2	60.240661924900614	52.015732167673576
P10416	2	12.45609425025192	32.25798636594949
P10417	2	46.05694966982711	71.61946538093375
P10418	2	49.20932480789389	36.878537179377275
P10419	2	38.300945649238216	49.66734740192832
P10420	2	73.48120302815519	79.98153034475996
P10421	2	60.86415559931462	68.67424804032696
P10422	2	64.26460580185316	54.44855824497532
P10423	2	33.74441249315204	58.86299438703211
P10424	2	50.02298898420149	42.52238751188298
P10425	2	48.254785484160976	46.584246111134675
P10426	2	62.324829794460314	32.1055031576241
P10427	2	48.13626845889993	40.38590283151134
P10428	2	53.5136392896723	30.01929768901194
P10429	2	25.89695748871215	34.451053290058994
P10430	2	48.843698130780574	40.2943247343308
P10431	2	56.097732152075565	40.128716194497315
P10432	2	41.722169550799826	63.01184212543538
P10433	2	47.86617306084256	47.52372367437093
P10434	2	67.84985786431497	22.57102608493833
P10435	2	51.01874371185678	56.077130378792184
P10436	2	36.533292250875526	43.976652974586735
P10437	2	76.26075656954023	40.059896769498714
P10438	2	71.81289926362595	62.70862944239268
P10439	2	61.45997378104122	42.908650288069296
P10440	2	37.18619370042413	50.29741162117962
P10441	2	28.26114394571106	34.06551469236613
P10442	2	50.97922761084145	26.415744887108605
P10443	2	44.16493206238823	67.24242972572475
P10444	2	79.26249137816754	34.465908301951856
P10445	2	49.697911346147045	44.030282309900585
P10446	2	23.280089647402942	53.76948045302552
P10447	2	52.45517015294672	58.0567728579567
P10448	2	63.754306960111435	46.50657458372467
P10449	2	41.00276529322447	42.95030914027642
P10450	2	50.18216270127243	39.95312710679925
P10451	2	39.48982428197133	36.665737240475266
P10452	2	55.49282312058916	51.73763114284773
P10453	2	62.867444858164006	48.50212124882008
P10454	2	63.764541591442054	43.97860528111697
P10455	2	52.964676811600505	45.27334602990897
P10456	2	64.49816542027267	71.4825487689619
P10457	2	48.17350282390834	49.40575528499076
P10458	2	64.14993999932068	74.67775951931027
P10459	2	57.25463335087777	64.80769756327958
P10460	2	44.530100050108956	22.69964036160614
P10461	2	40.48404601319429	45.93980500962239
P10462	2	45.04876545836587	31.724107684765617
P10463	2	45.49316262545401	50.119320101920074
P10464	2	64.75227587949621	54.3475230983704
P10465	2	60.81265816313473	51.025120272069636
P10466	2	58.21613752120475	53.816223386325916
P10467	2	48.33726537637423	68.78070671902228
P10468	2	56.23940797524779	59.707673863422826
P10469	2	74.6384375733889	51.98853724755883
P10470	2	88.12370873429163	64.82677324407614
P10471	2	38.31588503253556	33.228651641951544
P10472	2	40.759435938320564	64.61120925184362
P10473	2	70.37853898318286	58.24244800892605
P10474	2	55.74697862262669	57.65288809720595
P10475	2	47.94432624900375	51.65419062006043
P10476	2	54.89579603986451	73.7038856361076
P10477	2	73.15753614679083	54.47507945752261
P10478	2	61.34037313172682	43.59047226852918
P10479	2	58.23455506842018	41.03968715974892
P10480	2	36.00864059375344	47.18042621510051
P10481	2	52.89099746002203	56.60202072458926
P10482	2	58.96936319063215	51.30693053194798
P10483	2	34.9224117104114	54.63511585718522
P10484	2	54.339916916806246	43.955843935600114
P10485	2	40.18151896175407	47.67516823281773
P10486	2	58.7146823600236	33.653408944161306
P10487	2	20.11851894095434	46.28062874333566
P10488	2	47.99571107276493	47.85925708527548
P10489	2	48.17267739444014	52.968726359014184
P10490	2	48.17749633002517	28.31876068137288
P10491	2	58.98833579663675	39.20434476923503
P10492	2	29.938963822505464	66.13450322627018
P10493	2	46.19800825476968	48.64877035888631
P10494	2	55.47190774514247	48.35007626759805
P10495	2	59.70271091285461	57.05918044799515
P10496	2	70.08282802989413	63.83214299148724
P10497	2	44.29966231405012	66.11290471714702
P10498	2	61.19049873633509	70.83983000301401
P10499	2	59.710588785858384	54.30270934692253
P10500	2	41.162176733209066	54.30116477335601
P10501	2	48.539269515265865	52.57800152573784
P10502	2	62.7745260615994	46.74409267125834
P10503	2	51.145324635504636	61.91744968811826
P10504	2	49.24454871538629	61.71481052592923
P10505	2	30.112387341204723	41.28911815895961
P10506	2	71.25529195548829	41.91146058692596
P10507	2	43.824685498163575	49.255432794786174
P10508	2	33.43643649710226	37.1803127485624
P10509	2	62.32777058673051	57.36148924785856
P10510	2	28.541096837585876	56.66028224600075
P10511	2	54.28659462501346	37.77770866616915
P10512	2	72.71223294652066	46.29602082503034
P10513	2	69.95672988310449	64.97704330159037
P10514	2	46.09429782630693	37.4178926429741
P10515	2	50.58527662913258	59.52173613515892
P10516	2	38.39924132212735	41.27883007925256
P10517	2	50.45084063432098	47.33577062433724
P10518	2	62.79903139592619	65.39347830978309
P10519	2	43.835223641482706	49.22221090871703
P10520	2	36.219023062918254	52.13092528441523
P10521	2	67.08175516884833	38.27185185653623
P10522	2	27.345515227436756	56.680594483870266
P10523	2	35.71079799783392	64.80234506083518
P10524	2	63.721950691050864	35.06611318552663
P10525	2	46.02389741687648	46.30111213310345
P10526	2	48.817247533426105	26.07768811529236
P10527	2	63.96389581000481	51.28791278285803
P10528	2	34.56458321493244	40.049119280558706
P10529	2	41.72201260568095	47.330521308202854
P10530	2	68.4958745564755	65.44903258034158
P10531	2	38.705434863790224	48.2264607027995
P10532	2	50.64140470406936	49.57934893447222
P10533	2	40.939162868548614	33.929117948905166
P10534	2	65.49606473166159	47.47511965559968
P10535	2	42.83899162216015	52.25399522587208
P10536	2	68.52839165149918	80.15401432624421
P10537	2	48.45036741262986	29.17887104649387
P10538	2	26.55709108848112	31.499412409670832
P10539	2	43.20184145575713	34.92337313795633
P10540	2	36.72504158682583	55.17429435460271
P10541	2	38.03714662430561	34.59607358700573
P10542	2	35.78215480528064	34.23421446792332
P10543	2	46.177973672912486	32.61771781914373
P10544	2	38.88950851980242	41.91950991813684
P10545	2	55.393134490618976	46.456590567694704
P10546	2	55.42183384147501	59.5011386590071
P10547	2	55.26965778035799	56.87155871973533
P10548	2	31.86352642251493	38.842375733605046
P10549	2	60.340331456358676	44.49078012314309
P10550	2	74.14142376948494	51.4519623416323
P10551	2	65.5582903059802	71.26363961111501
P10552	2	83.67149762035214	74.99819329845617
P10553	2	43.60571931766402	50.55952515900614
P10554	2	50.73541223735261	42.70413574674255
P10555	2	39.39834753341142	43.45948912199735
P10556	2	36.58567049629198	39.27659911335114
P10557	2	39.52125713908816	48.113574170292566
P10558	2	82.54816413195631	81.46533970025239
P10559	2	35.007065708850774	52.916008463013625
P10560	2	38.42174882258495	37.422958358091634
P10561	2	50.1703120994607	57.452365486911596
P10562	2	52.71333603959363	58.7237275694139
P10563	2	58.29788005496927	47.60992833538989
P10564	2	44.94370348380792	38.79815345196707
P10565	2	52.6252998237028	56.67710325225976
P10566	2	66.47770567276027	43.72725614057298
P10567	2	49.69479616404625	57.83851085302707
P10568	2	22.866230986385325	51.25752776006788
P10569	2	58.35714993523901	72.54234828084074
P10570	2	38.4864005015739	56.26172234325322
P10571	2	34.56919373270419	29.617168306437947
P10572	2	26.00892629729927	46.04678879833971
P10573	2	54.74734274743414	33.67700994094862
P10574	2	58.22246113692022	32.173376639730186
P10575	2	51.38846643728759	44.487088872515315
P10576	2	58.895111874982604	43.207108989155714
P10577	2	70.33204067756661	51.76390120269422
P10578	2	51.785183579715834	46.345147004755205
P10579	2	39.76994245624897	54.23796684426295
P10580	2	61.59075502585289	57.754277917434734
P10581	2	48.158481577712955	42.57185167047135
P10582	2	71.5559797547704	46.07549595423279
P10583	2	70.22165411887816	44.37164004285695
P10584	2	62.33385690967447	31.312722063461095
P10585	2	64.52039994412296	51.04534852069806
P10586	2	66.14430960343594	68.64203601174981
P10587	2	55.906812517897265	49.0866831859346
P10588	2	60.973066468762916	48.728810052619515
P10589	2	33.64957545824895	51.748394732232484
P10590	2	44.02154024783835	41.47726981436094
P10591	2	45.72293157304529	62.77502199259842
P10592	2	44.30748324720272	43.176509808345926
P10593	2	42.148556381284266	50.69768305054414
P10594	2	45.410931807271346	60.297508256323404
P10595	2	48.20326304192439	48.24886868136261
P10596	2	41.33258156452303	54.211885055719634
P10597	2	59.07216880655532	24.081127461246858
P10598	2	51.904162078773986	43.444817658761124
P10599	2	44.482931280441	27.344327459282674
P10600	2	59.59583786284785	74.36865273495442
P10601	2	31.468081606068576	42.6104279613695
P10602	2	53.78367193499058	31.119732051464705
P10603	2	54.36359310968001	67.64487391201645
P10604	2	50.815696572944276	59.56493432553443
P10605	2	51.22279022945663	45.450909105080825
P10606	2	23.485175940611043	51.18247670716905
P10607	2	45.00587008711806	49.68753193446466
P10608	2	49.35597372826624	58.37107023027898
P10609	2	66.83018879249319	67.31098549987844
P10610	2	46.14886754876099	61.635906420909095
P10611	2	52.27059075823054	30.123695454933895
P10612	2	14.06227831561986	68.35937343882506
P10613	2	65.94475337387712	38.07181958328985
P10614	2	62.16981752088938	50.97256308605169
P10615	2	39.10513263588861	49.99854696245169
P10616	2	31.620922879781332	38.99361133768377
P10617	2	60.25015344775628	54.519803839582174
P10618	2	53.21816141978662	60.60852923420438
P10619	2	30.179815299157497	53.91971019532626
P10620	2	36.37648735967342	53.52728586518662
P10621	2	50.468788381208874	45.41905426102947
P10622	2	36.42312316630278	48.09663940777832
P10623	2	52.528942134298234	36.81998302400926
P10624	2	50.126978776128084	57.82989011610239
P10625	2	76.3107776852319	51.343928305381354
P10626	2	49.87842160167084	48.2177433477263
P10627	2	52.61789668269141	40.961203649950846
P10628	2	51.747984299542054	27.78479280290054
P10629	2	48.94803561457978	44.88027969570029
P10630	2	48.578722300436	60.68628552190563
P10631	2	37.48935834698373	19.700430605559184
P10632	2	42.012742173923776	47.37727804117137
P10633	2	37.80744279392139	52.17090071912903
P10634	2	66.91949950154437	65.72628908380607
P10635	2	39.8025439447799	64.38165780020844
P10636	2	39.77256886139625	40.32858691217296
P10637	2	66.06330677634263	65.30552502624072
P10638	2	48.714812835924974	46.29871580082355
P10639	2	46.22318521011089	48.021787867889685
P10640	2	63.03149704531167	38.17489754812401
P10641	2	63.342974377212606	62.352909670824424
P10642	2	60.88204724757212	47.40005922424707
P10643	2	48.54679335343505	47.96043662508168
P10644	2	39.604080777621526	58.382140631107724
P10645	2	56.63361443700014	44.35548009370197
P10646	2	48.87981076252673	40.42122023820805
P10647	2	48.15369805759043	59.82678700033944
P10648	2	47.936007823007806	66.19534882640664
P10649	2	47.889560824291195	33.700323471499715
P10650	2	48.25244671203036	35.75589344786084
P10651	2	51.07577562655308	40.57666184736637
P10652	2	61.53410984037266	71.18856887966126
P10653	2	61.86482070420043	57.1009004858619
P10654	2	71.85747118607627	55.595549797783455
P10655	2	59.3882029658658	62.32193543329733
P10656	2	53.97127560980953	46.677887320563116
P10657	2	47.12316923553704	62.489136617435406
P10658	2	57.83054774733532	49.819855760525314
P10659	2	46.26963651600315	63.23849033995456
P10660	2	60.85538856903226	56.896294070322895
P10661	2	71.06489278496235	65.84345466558106
P10662	2	46.454500527028976	55.10818963486243
P10663	2	49.25355839131877	42.39428565860079
P10664	2	41.58577914525784	54.195206370350945
P10665	2	60.92712136559518	29.38849860444708
P10666	2	45.443202956405784	50.4973467208905
P10667	2	48.584108017627386	62.25668888117404
P10668	2	56.09188620019634	55.606894950976816
P10669	2	55.76172505158472	52.04399032193521
P10670	2	52.74268382145672	65.90230375357088
P10671	2	57.69439593305807	39.663650764951555
P10672	2	37.97076139157002	34.12745497200107
P10673	2	40.8109890849085	45.32776502382227
P10674	2	45.735056705978785	39.4904105300904
P10675	2	46.24235157526142	54.58872609136308
P10676	2	41.90662292890992	76.62556205887678
P10677	2	35.11973295140882	53.41657032114321
P10678	2	52.48723067402517	50.49139862344697
P10679	2	52.777180966243456	43.98170339511637
P10680	2	55.32472853745839	43.7829895940648
P10681	2	61.308336577997565	48.869934094379644
P10682	2	33.9537157662756	38.49427954256125
P10683	2	32.42405754322165	28.9392077249684
P10684	2	41.12413103594042	58.666288957327865
P10685	2	52.812262917871415	37.2444434157526
P10686	2	51.76313248478184	50.81413861214391
P10687	2	50.09275929137405	55.72378421368134
P10688	2	36.7140067831089	51.175967553819035
P10689	2	37.100853146177116	47.47494209135301
P10690	2	58.529706614642556	41.5148680168225
P10691	2	38.12207131861029	55.760412237755794
P10692	2	38.16158783939983	41.22551463898049
P10693	2	43.953097400621644	53.64051925879171
P10694	2	57.256900911953316	38.99157046774076
P10695	2	64.2599959623559	36.50778493586576
P10696	2	50.61673272499604	61.23438608326793
P10697	2	63.38361584557697	44.61932701747132
P10698	2	54.60390102088526	63.86253099486275
P10699	2	35.905598401686156	33.453468671289244
P10700	2	51.91855984779471	61.28046837247727
P10701	2	57.666205331097316	62.62321248620344
P10702	2	43.24125160559925	34.46177288446708
P10703	2	63.38073330510509	62.2332533613467
P10704	2	45.817806787860405	52.54807978352224
P10705	2	44.1441201601967	28.576862644532415
P10706	2	56.59279593028218	51.953683104312645
P10707	2	70.99471053061352	67.7452595912334
P10708	2	34.199404019977564	74.07940817544586
P10709	2	49.961280735539674	46.67653605437375
P10710	2	49.598052981778636	37.097115671739516
P10711	2	55.928370067202295	58.55493545117622
P10712	2	29.09917690092872	48.63893800275785
P10713	2	44.62741974178152	46.19957829846907
P10714	2	37.88625877356512	36.51250365272383
P10715	2	52.394746295628366	56.01240060018172
P10716	2	32.49404323559164	34.23834373426834
P10717	2	45.89799830083735	54.83432216347175
P10718	2	45.291354470715966	32.21455524737321
P10719	2	39.1441810169111	38.88759640983171
P10720	2	42.65819236451989	23.532389893506974
P10721	2	60.23976504836274	53.49868603675117
P10722	2	63.525236157486944	52.07450695875441
P10723	2	68.56387773448137	39.69885799624096
P10724	2	28.404871384395033	24.93153967722653
P10725	2	55.013352529459375	42.64098699907134
P10726	2	29.48356418230258	50.71580166898636
P10727	2	61.29674233102563	40.527441611783196
P10728	2	23.17102487188361	65.96575118798822
P10729	2	47.43800251497254	47.950122131092215
P10730	2	62.39872929148546	63.34906219654698
P10731	2	54.71969320004778	70.11641839243191
P10732	2	44.24677696239131	45.6506679880638
P10733	2	53.63279579392485	42.77571054500594
P10734	2	55.06164726279129	41.68827600814996
P10735	2	30.719682620395066	29.748466096426277
P10736	2	53.62279219290399	54.63766921427902
P10737	2	46.18957035599458	55.925358339833686
P10738	2	59.02997978166061	13.55289679231079
P10739	2	52.88320313903302	51.416567632828105
P10740	2	53.80358975254627	46.570015580867484
P10741	2	25.03005778885327	48.23250499228464
P10742	2	62.36724554395323	73.40479308652124
P10743	2	64.94153874756817	38.94833916173474
P10744	2	59.20091718646716	57.3615665258466
P10745	2	35.218510702499614	36.02424264929036
P10746	2	43.67667832318175	36.7633762276702
P10747	2	60.34990672554962	41.19925726390381
P10748	2	58.05116695346188	43.15261077694368
P10749	2	41.36582578721619	30.519357823831207
P10750	2	51.44609816205298	66.58213588002383
P10751	2	44.956305142575886	54.932847781976065
P10752	2	48.214244024719385	33.12898418250812
P10753	2	45.590071137174185	36.06535209676758
P10754	2	43.47849224494037	67.34738493570471
P10755	2	54.070756395709594	59.14992563404711
P10756	2	49.76339733391211	57.589926005804685
P10757	2	42.00857134428594	38.1934680492883
P10758	2	46.72411531194078	55.85181995039098
P10759	2	23.906092819966958	54.219017443005235
P10760	2	60.93401282140276	41.09244859513376
P10761	2	56.09685535012466	52.44671623125615
P10762	2	58.87541817230839	49.80598120331113
P10763	2	20.174792719705586	61.79400681190193
P10764	2	63.551537037762316	45.17530461779787
P10765	2	57.11912199784268	50.9440214227598
P10766	2	45.45055403626007	45.61474630363213
P10767	2	50.582229539019856	54.68420962277271
P10768	2	59.823065727881705	48.01325987370275
P10769	2	46.80404120403221	37.755922772215115
P10770	2	36.95295204550122	53.39323178808397
P10771	2	43.755294759457435	48.79261459036202
P10772	2	47.9370251572351	38.83486528059679
P10773	2	60.72853442721653	40.75317552429915
P10774	2	50.971940207808366	58.97509375169419
P10775	2	65.49716892016477	43.36340858857425
P10776	2	40.24195274172378	52.690331356165785
P10777	2	46.92893961216306	50.700275764015316
P10778	2	49.937964630256914	67.42553458322745
P10779	2	46.35191286921754	61.99502557365755
P10780	2	42.25908734256823	82.87253726619511
P10781	2	34.16770758945724	34.17896214103331
P10782	2	54.74762904311113	52.0215139403545
P10783	2	57.32193569903514	50.405763703816135
P10784	2	53.91827911637277	40.13374996320792
P10785	2	49.62530861150268	40.402821335588996
P10786	2	48.79347051029316	57.989826846992656
P10787	2	39.678078404405746	49.21340425581222
P10788	2	55.603858225601044	51.59612115470844
P10789	2	39.83325687800158	58.0671243294437
P10790	2	42.41626658602065	31.651008089990277
P10791	2	37.229773598685725	78.43447977932449
P10792	2	47.54759434281061	69.10318280866224
P10793	2	54.52240923799377	47.35739512019633
P10794	2	57.54197802220249	53.796317937251416
P10795	2	66.01684859099157	51.74708369128814
P10796	2	62.61274879351463	36.09360376240725
P10797	2	43.268145316129484	60.37416676462177
P10798	2	51.590135931066115	71.16699054710232
P10799	2	25.020614418911524	46.66762545097497
P10800	2	50.57416843189283	63.88690478730366
P10801	2	83.20832923878123	56.3524816329452
P10802	2	58.70233829663731	41.890956878269826
P10803	2	62.69254315999019	51.89698050181531
P10804	2	53.01757859326601	49.260491264205264
P10805	2	57.10647911058858	41.47758709278672
P10806	2	72.5848524322622	71.30498165821926
P10807	2	43.889439789126456	64.26987565087198
P10808	2	49.60191343266058	58.53373965662854
P10809	2	57.35550803931005	59.778101993629974
P10810	2	44.085921314054445	61.233966918285276
P10811	2	55.16098710046041	76.16798611528955
P10812	2	31.48666690425503	51.98179064361365
P10813	2	34.3315460642958	29.891336073451036
P10814	2	57.247804242989034	57.17576383961948
P10815	2	49.81715654764676	60.186279630862394
P10816	2	47.547425425465	48.434216278554715
P10817	2	32.63571531288756	53.864869484529734
P10818	2	25.705539405423593	77.22897198286374
P10819	2	54.801227537231824	62.506774026489985
P10820	2	66.47612464693903	50.88345222695031
P10821	2	33.180627673353335	39.89659771811017
P10822	2	31.656473713668408	56.204901725345486
P10823	2	45.52723861737056	43.52356259206356
P10824	2	49.19570733271528	39.137571851145935
P10825	2	35.04231428030456	59.39428317109056
P10826	2	76.39368289959675	49.20619834099661
P10827	2	39.91682669279024	40.78426034475698
P10828	2	42.2897643874796	39.34250716205378
P10829	2	51.062570246111406	49.41273949634477
P10830	2	25.489016705677717	40.500920639556675
P10831	2	56.87810377419239	53.470370083208415
P10832	2	40.655759527929725	26.42828869007655
P10833	2	52.6555889951248	63.1841943684759
P10834	2	24.888272414501614	46.48889571087055
P10835	2	39.95269532775825	37.73621750417351
P10836	2	41.45351560361239	61.292113023920656
P10837	2	63.01024144722018	45.968283045113886
P10838	2	53.24350553661864	46.621520321043604
P10839	2	47.67808680399005	38.536231576186964
P10840	2	54.740588333958684	48.583378548643104
P10841	2	64.02518494924723	64.48942945838209
P10842	2	35.832162793087896	61.3036310199236
P10843	2	63.325964660828554	26.712609498641633
P10844	2	32.94603511292114	55.17392731272257
P10845	2	47.84991006463627	47.1390288934044
P10846	2	59.377685748110544	46.63227519000078
P10847	2	47.290136233982864	62.28137256096195
P10848	2	29.08785825171681	52.02814894906258
P10849	2	27.06944545574185	41.11634979530236
P10850	2	61.25653410630814	46.94569400040176
P10851	2	46.19287415348633	39.715001238579475
P10852	2	25.682012780067765	29.570142324091595
P10853	2	55.38596268430332	45.21471095664645
P10854	2	47.60284681880084	26.691923010483983
P10855	2	49.925861454539344	48.84125341206277
P10856	2	61.87780065814907	64.73414516593137
P10857	2	54.34250434433637	52.90889981420955
P10858	2	47.37427852344356	26.907467057749088
P10859	2	55.989963349142045	46.49581081895288
P10860	2	67.7864609560515	48.22204594860727
P10861	2	44.265018419030014	73.46530320101154
P10862	2	48.913256576196424	51.48115999413573
P10863	2	67.30431934278803	60.744139705335016
P10864	2	46.194538724332055	57.61052652108489
P10865	2	43.50292402423236	49.188498002451546
P10866	2	46.79034736503364	55.09853414067717
P10867	2	73.60330531105068	50.987982840468725
P10868	2	81.51953524028153	69.26492717126081
P10869	2	56.20972408307709	41.66594640762286
P10870	2	53.29374520474382	45.728048485146346
P10871	2	49.240712098407016	63.09037526809996
P10872	2	24.04942082335749	39.41337566537051
P10873	2	31.266144375406505	60.928301511623964
P10874	2	60.71302868183966	79.56601940098489
P10875	2	52.09904149888484	79.3652685303539
P10876	2	67.91611662936785	56.50652707361397
P10877	2	56.919545585583144	43.02851175434371
P10878	2	62.82478712936821	49.147974030124104
P10879	2	60.25692908376699	37.298408901250646
P10880	2	59.991217331103925	54.237603955848925
P10881	2	43.80378399175304	59.89399149436428
P10882	2	52.74699520818938	48.58297625420553
P10883	2	52.85668113949156	50.31375178899943
P10884	2	76.14110566125584	74.25702819305154
P10885	2	40.817018906011306	47.33422278603869
P10886	2	86.56807863111094	33.766040169356835
P10887	2	45.427209593498524	34.17616907217188
P10888	2	78.14322946206488	61.38963613293002
P10889	2	61.72884404516001	48.49725987719704
P10890	2	52.57694188689801	39.75514109721593
P10891	2	46.84191424428386	50.448147995100044
P10892	2	59.66624279680878	45.28650473316462
P10893	2	45.306213719886955	57.89543436538895
P10894	2	32.026095195634014	41.4816509725401
P10895	2	55.98432559376643	49.48015415550966
P10896	2	39.18830308474153	44.3689355218274
P10897	2	61.95657761439993	58.63259763993889
P10898	2	57.908210306969096	67.68517793536638
P10899	2	38.84582812795327	42.74613557101303
P10900	2	27.492019341625127	29.28518771306461
P10901	2	19.116514357914216	55.110229826142856
P10902	2	41.38090274495052	39.77028361262554
P10903	2	52.769040601962516	33.08829230329723
P10904	2	51.589740392440575	44.02632417415384
P10905	2	40.03555234872387	38.927093411541186
P10906	2	32.98825823962501	58.5783648171595
P10907	2	26.680171344504352	30.294673200215296
P10908	2	47.33065626846034	37.3060670484493
P10909	2	39.456187609440704	30.48439799517467
P10910	2	53.24992032321426	38.806148604972705
P10911	2	47.70715905688972	29.124991606738302
P10912	2	52.85282266088837	58.37315395602682
P10913	2	55.010590090506014	34.91401928361706
P10914	2	60.6485803851747	37.70032777348504
P10915	2	64.48930543847673	28.93681245186821
P10916	2	48.37324550076537	55.48168212616048
P10917	2	46.89684503389098	42.66464917392076
P10918	2	32.10897274873782	49.54735853572048
P10919	2	65.42488388993537	67.23235224669189
P10920	2	53.42131945570512	39.935851661331725
P10921	2	69.21319899995832	55.625347607873316
P10922	2	39.17350473137116	42.096841341435706
P10923	2	25.451317920141825	35.98166535883302
P10924	2	66.31337294988796	58.688235183663416
P10925	2	62.3071491263529	49.47921237542721
P10926	2	32.61047292327006	26.398693544655185
P10927	2	76.39412610941119	57.0721352481099
P10928	2	38.504035288589044	41.304565588801836
P10929	2	53.59096542507395	55.64819104735859
P10930	2	68.40263238492662	54.67277585271138
P10931	2	40.829063815671404	55.44452506421093
P10932	2	46.9745950623414	72.59083106629275
P10933	2	48.889163406522194	57.52485605878371
P10934	2	44.93005812424044	45.44060948637047
P10935	2	33.757645894825835	47.47114333951971
P10936	2	72.31560671317337	40.778382364978164
P10937	2	46.887335163197356	56.130913999873364
P10938	2	60.92209268323857	75.01214921344685
P10939	2	42.88586407974925	39.23307179340783
P10940	2	54.94503723473516	80.79164696546647
P10941	2	63.1604714664015	51.92376297526337
P10942	2	68.31004003860146	66.79860904761334
P10943	2	46.99213229761247	60.129641506085306
P10944	2	38.05401918011424	28.202318679375683
P10945	2	51.335758945141905	37.25803816719232
P10946	2	52.66673941188214	53.71830221906801
P10947	2	42.21645830869045	61.03772441951564
P10948	2	39.993709360366694	51.26526060621306
P10949	2	43.08719897976523	61.454662809396524
P10950	2	38.03136948498319	41.83151971829806
P10951	2	56.01018069563251	49.15970446147338
P10952	2	61.54514360850414	55.013334991550806
P10953	2	67.00957414908822	78.15356476671786
P10954	2	70.73987120525695	76.35440007581668
P10955	2	43.02807180854028	32.82559163786741
P10956	2	44.11493191782965	50.644547906735916
P10957	2	53.709962543557495	46.28237730905843
P10958	2	21.749044171690475	31.95397880154566
P10959	2	47.673101827783334	18.423753851387435
P10960	2	55.19074577125374	62.098004346883094
P10961	2	27.337352966676153	30.852790451337725
P10962	2	41.13792255571956	14.545973675959814
P10963	2	49.093826256611344	40.537751496329385
P10964	2	44.62834945543527	74.56047176580736
P10965	2	55.44906075233044	74.04695480955235
P10966	2	42.95467048393339	31.4888622683275
P10967	2	36.03122132517943	32.44394026362354
P10968	2	29.358683423987674	43.49169354136516
P10969	2	33.64819086568089	36.83453494371901
P10970	2	59.05685988060053	60.06111670696623
P10971	2	48.90520784774296	50.66842424082583
P10972	2	67.75242810594678	51.474945120452716
P10973	2	68.63407383287769	49.34667510035507
P10974	2	54.211639413168136	45.39019821981686
P10975	2	69.96301890181496	39.21380807262624
P10976	2	77.14761255187172	33.64193369551886
P10977	2	42.48192998284212	54.69832649623764
P10978	2	0.8862054361054454	29.208821398974564
P10979	2	41.41871649984139	34.91008530724159
P10980	2	51.679708728497836	32.72729052658873
P10981	2	42.564139406278905	59.997788694219494
P10982	2	55.20105740939435	48.85369643879802
P10983	2	49.30749812950619	64.77627675522086
P10984	2	58.97573923189636	38.43852266733047
P10985	2	34.30212078425372	39.44315219565914
P10986	2	49.922301612814515	42.87801492755161
P10987	2	72.74088953102664	54.91321976299332
P10988	2	44.21839128613287	44.52257277294706
P10989	2	51.25997350891004	37.505544116695255
P10990	2	56.135856138246915	57.71720404546481
P10991	2	44.538472342949724	59.32591819047095
P10992	2	43.27898693898161	41.04191180980051
P10993	2	33.344446195068464	39.16917718378682
P10994	2	30.66927014142315	39.860668247115136
P10995	2	60.71996819937994	50.972870247675196
P10996	2	45.45896336943365	55.889883487444145
P10997	2	43.22196454126407	80.55100679058765
P10998	2	49.48257235457806	55.847325319839065
P10999	2	58.7332808408758	51.932198469016114
P11000	2	72.0411039163042	50.44923928125997
P11001	2	24.405674810017164	24.620873153755788
P11002	2	51.686027478733465	48.907862253178386
P11003	2	47.396057007905156	58.198766992861124
P11004	2	42.36297433343782	62.544962907123484
P11005	2	56.322079911745234	71.62519782483608
P11006	2	37.11314072666403	27.8221317036335
P11007	2	31.079941760530506	56.75784389783344
P11008	2	38.38182489134387	36.63604713271869
P11009	2	63.65245090887113	49.852808162371886
P11010	2	48.660828968946014	60.430877578170595
P11011	2	43.71175257019005	50.17951023505104
P11012	2	48.860786115605684	31.166992855807443
P11013	2	54.73924449131183	27.157743977584843
P11014	2	53.00188566302092	64.10935423613893
P11015	2	41.31510209081965	60.78832176835031
P11016	2	48.81077542145779	64.36994320652043
P11017	2	53.83636499321816	61.94278648044638
P11018	2	64.17267763095076	32.21149068919314
P11019	2	49.60319983551111	67.31510434810745
P11020	2	41.98197750160053	49.50823880850656
P11021	2	28.124575891521822	26.470962044657227
P11022	2	46.26642577582056	57.95837546745304
P11023	2	41.57922534472529	45.65209162933278
P11024	2	77.96151257512088	49.327441562602914
P11025	2	55.91327651881349	57.422673762906754
P11026	2	82.63096299153614	67.0519696120935
P11027	2	64.89853641862986	70.55030395503215
P11028	2	48.33614373778245	64.17753066181932
P11029	2	66.00522461209023	45.0827386770028
P11030	2	46.693386473787086	51.02525860185132
P11031	2	29.64618022232599	29.366374824499395
P11032	2	36.695101300108256	43.11968038848911
P11033	2	66.0314069578418	53.29450098318119
P11034	2	59.015360718539576	75.8683491601802
P11035	2	39.592624225031635	53.199525946961096
P11036	2	61.69672248866331	49.61952829367407
P11037	2	59.791850818593375	36.47907515875814
P11038	2	60.50285269447913	72.13457588737644
P11039	2	46.55131437872173	61.168684471185614
P11040	2	24.69176385542232	31.392348322058606
P11041	2	35.24741815228083	77.00848976792328
P11042	2	56.82628213210446	56.89848754090463
P11043	2	31.014392286846515	63.13259718206505
P11044	2	35.3465430223616	42.29608665864669
P11045	2	46.61709722455123	60.74863357876692
P11046	2	48.406807600878906	17.1841180704927
P11047	2	45.69143956976754	47.414062138297616
P11048	2	36.04254185814015	27.110741231897187
P11049	2	55.49991017089953	32.70831186390415
P11050	2	54.27802549352762	58.006293399851984
P11051	2	32.4017288510187	45.28783388257999
P11052	2	57.85182010461705	58.28939071529811
P11053	2	35.037735773905425	46.56219468718288
P11054	2	50.53811752241164	44.85846299149732
P11055	2	63.37087122641794	64.57877175285327
P11056	2	35.771199993733006	66.60152752911772
P11057	2	49.41220516050388	74.32694314287876
P11058	2	41.64578755869361	41.56690171987773
P11059	2	67.1780073152205	55.126573173117286
P11060	2	50.03048226885719	55.938696404784096
P11061	2	39.723292444779844	55.38388308099272
P11062	2	55.620046145940464	27.088225419707154
P11063	2	47.40798556088421	52.086393762132225
P11064	2	38.4177589785879	47.250420219239054
P11065	2	70.1681010754794	46.25140963361374
P11066	2	40.00593513653887	64.10035592115146
P11067	2	54.39673847041838	63.9462846071109
P11068	2	45.273988567051575	62.62098268541034
P11069	2	33.57260763008442	48.04024186660475
P11070	2	44.53814237185421	64.44902267656894
P11071	2	42.828654778320015	67.03870256113903
P11072	2	65.02637669186795	31.908636789925637
P11073	2	46.00892861021983	56.38006510293687
P11074	2	67.2250986381729	36.95113911778887
P11075	2	46.712295613564855	68.97513425993398
P11076	2	50.402204214524986	44.096319299458656
P11077	2	49.00892087917424	46.726129010872945
P11078	2	33.225116650435226	37.23791864340028
P11079	2	73.91200562454213	41.57571763197478
P11080	2	60.411220143823634	56.02062097633438
P11081	2	24.484228259536675	38.72596429070201
P11082	2	17.20509402922036	25.37384462040093
P11083	2	14.860259967262031	58.56494669973166
P11084	2	44.09328066472078	47.34889469322577
P11085	2	50.83079700850482	66.38135613465029
P11086	2	35.92499750488103	37.343244037017705
P11087	2	43.07032733890838	38.64431639661213
P11088	2	43.74529084709274	41.0150847240529
P11089	2	55.94885481074232	45.19487086827935
P11090	2	44.76353108693401	68.34573961137421
P11091	2	34.86605863732987	53.18150431732402
P11092	2	59.134329972120625	57.65585272085269
P11093	2	77.72949202341779	45.07972813632374
P11094	2	34.55443543388876	50.06812590032185
P11095	2	51.966560478243075	52.88911671302843
P11096	2	44.150350921817406	31.00884389035286
P11097	2	67.68094181183743	46.397491149014854
P11098	2	63.52517418705405	46.385504723587395
P11099	2	52.43664949159819	56.58080881090104
P11100	2	41.4123940897942	34.03822870421073
P11101	2	59.22770893013946	72.22367832743362
P11102	2	64.7066540208088	44.572516860502965
P11103	2	40.85141305612764	52.94177356759622
P11104	2	49.03084300418694	64.09000513436908
P11105	2	34.58742965395507	44.07039081085688
P11106	2	27.191693980757215	45.7773675861848
P11107	2	55.22688158456093	71.24486109148702
P11108	2	46.963216189396086	45.94957000368343
P11109	2	52.42863767939733	45.82298539487071
P11110	2	53.044772659132974	38.06673658061069
P11111	2	38.97525966243973	39.34776826645067
P11112	2	25.814215135334244	40.484222216138235
P11113	2	43.50327671019493	55.51892050696248
P11114	2	45.525322935232595	53.407828730713476
P11115	2	43.41854071504241	53.80667159815017
P11116	2	28.44127835332579	34.97104274277356
P11117	2	56.359290618935184	35.77248713492003
P11118	2	48.46398745273385	61.864122851432434
P11119	2	48.50315818706431	36.079092703487774
P11120	2	50.86563817199732	49.08712966501352
P11121	2	46.451988055008194	30.925939641602064
P11122	2	46.28100000460587	41.40676425265166
P11123	2	29.761599174889206	33.35183156243195
P11124	2	27.065402809811395	24.974148516587583
P11125	2	54.715682946079355	46.51175432443008
P11126	2	59.68182234944585	53.68323758535536
P11127	2	43.465818811267035	42.34387079442361
P11128	2	32.940577654182235	51.41257065654008
P11129	2	54.26420219413953	59.162587176499514
P11130	2	55.96091272000208	53.18032319440037
P11131	2	36.265784211572324	47.20582343755346
P11132	2	27.95658806910908	60.31202628094461
P11133	2	51.33460979278046	38.903375092016134
P11134	2	62.51509716753536	46.71404274113084
P11135	2	67.1189582826535	63.48784582497885
P11136	2	67.30458101050115	51.04635850143698
P11137	2	51.54809536024211	55.05407138337363
P11138	2	35.607588350033836	17.658621534517007
P11139	2	54.897136362496184	37.44385821212439
P11140	2	63.31818359723163	53.85501257350892
P11141	2	71.59617278817676	36.489228629298296
P11142	2	55.75786479740122	37.73608128216571
P11143	2	44.07864422337164	29.32581588594322
P11144	2	73.4056420330469	45.80481521272101
P11145	2	51.27198618692643	48.26650695761739
P11146	2	44.27291727013214	35.706897124289306
P11147	2	55.450674364167824	41.62825438729631
P11148	2	45.74210116673669	27.994462040158492
P11149	2	57.98883874954113	65.38697064431385
P11150	2	53.02594927939919	61.8610002765454
P11151	2	20.348710439695438	39.141822933863324
P11152	2	54.079881703224274	43.23848050541464
P11153	2	53.357300798663516	40.429506369390126
P11154	2	49.98115131959035	57.176821205710546
P11155	2	44.41125787882212	64.70234706615896
P11156	2	36.1441652705331	21.380232630429788
P11157	2	53.655722120267285	42.67985047739215
P11158	2	53.34572523450191	24.65230513626681
P11159	2	48.172467151693596	60.55942058506118
P11160	2	51.731062743027124	41.41185590001838
P11161	2	53.57898900759634	73.87811266687575
P11162	2	48.00973625818942	48.598351280063966
P11163	2	30.091610370413964	43.992353162981296
P11164	2	49.43956854010082	46.14475618182093
P11165	2	41.42402750512203	47.96229871264261
P11166	2	59.14964323774312	41.71251219700952
P11167	2	47.55585983790014	69.85736545095418
P11168	2	53.40871782021317	57.521230185625974
P11169	2	70.6472449801129	40.846306351989796
P11170	2	56.091801893654015	39.37889675241721
P11171	2	44.04931591094318	57.47565759875741
P11172	2	50.05552412523599	38.37569802001745
P11173	2	39.789780286180616	38.802270092918214
P11174	2	56.72184316035817	63.020599669745465
P11175	2	57.08144408429117	42.40372217173032
P11176	2	49.54356108951804	49.74033813678812
P11177	2	57.90296801045374	63.976830172370946
P11178	2	46.76951280339163	30.88057546312669
P11179	2	51.93912903249071	53.85418719063814
P11180	2	41.577114576375294	51.32511655932912
P11181	2	38.32312592098161	38.38800711042005
P11182	2	57.8691563969065	36.82126414309524
P11183	2	47.90698295377852	70.97922198687361
P11184	2	67.65815023476999	46.19201053365671
P11185	2	55.89857287069481	43.18616382783826
P11186	2	74.42428169670379	48.826390966645974
P11187	2	51.51153377647973	49.36174059716696
P11188	2	62.04336174877831	72.99217365360524
P11189	2	32.53874706100057	40.05900686422609
P11190	2	52.707187847799986	69.57171288534353
P11191	2	60.2947431166716	26.599392215032182
P11192	2	33.389495415245435	41.32147847773612
P11193	2	72.12422508877303	26.32828427358909
P11194	2	46.48832570542737	51.34762634785824
P11195	2	39.063825287888605	49.55688450176284
P11196	2	61.240428316167645	62.197005714556454
P11197	2	67.43708825607908	44.67621696930622
P11198	2	50.85977543537766	49.305831596750735
P11199	2	18.39533070176022	30.04180325794926
P11200	2	52.01796825171818	59.120399720702245
P11201	2	51.61471940293241	40.614953430609795
P11202	2	48.759523112831964	50.43399912795491
P11203	2	64.51192303122897	51.58005224881687
P11204	2	42.19327450177817	33.14722491419702
P11205	2	47.97095676119475	56.76791713480672
P11206	2	36.381465019658805	53.53809052680712
P11207	2	59.07345765656224	41.140098018734605
P11208	2	41.76302760929748	62.39441997078271
P11209	2	40.89103385683575	41.57126863421695
P11210	2	31.142033294888122	45.620763111541
P11211	2	77.89613835233918	74.12844055794429
P11212	2	31.990133954933782	25.815660954332724
P11213	2	57.19159964846173	60.55192814348064
P11214	2	44.24698111503416	37.036861578463814
P11215	2	40.87242448320673	73.62091886872764
P11216	2	57.499109293993044	65.08944999780266
P11217	2	72.98861463955176	58.86798699787836
P11218	2	43.61138411199851	47.13928412528894
P11219	2	58.97949031321237	40.31619968656496
P11220	2	71.24515848408012	35.51462057437786
P11221	2	63.47685734122955	50.60323954497013
P11222	2	70.88223141207646	80.29439226944623
P11223	2	54.25630856254532	39.25616509288155
P11224	2	43.41893480257485	57.33720201404291
P11225	2	48.080724159837416	27.969058846976274
P11226	2	56.70652324855211	38.17669740222318
P11227	2	52.08790122768937	41.294179843242205
P11228	2	58.91739202564801	35.511343165380154
P11229	2	46.11049638416438	69.94017790851615
P11230	2	63.59184645477079	69.46966563781756
P11231	2	42.07450643313554	33.115875309543796
P11232	2	16.371895339149003	48.3670203125519
P11233	2	45.28228319520506	39.40678796805784
P11234	2	48.692700455114526	74.94821347158222
P11235	2	31.378374644743282	70.77361412039191
P11236	2	40.443124132545975	56.003192344777375
P11237	2	62.03238443172812	66.88918492225602
P11238	2	47.24054397915747	59.52183424846322
P11239	2	68.67499026434919	86.51985853377622
P11240	2	63.48846381554029	52.4126336536548
P11241	2	52.4620140340993	49.991956078730226
P11242	2	72.41198291627073	68.02669977038434
P11243	2	59.452865152016464	58.61273071309161
P11244	2	39.35868275917597	60.07238252811092
P11245	2	48.15957778533531	21.137371313549828
P11246	2	36.24105292416522	41.34000464938659
P11247	2	47.31548268043336	59.55429377512719
P11248	2	55.11766832667774	62.863839354062
P11249	2	49.8098882077379	58.51450545112669
P11250	2	42.25641188749301	53.151456358812574
P11251	2	29.598848250386688	38.55759756525629
P11252	2	27.116379907801598	59.540632528147526
P11253	2	62.73182873384642	21.42545973887302
P11254	2	48.8988300638531	51.7343307550205
P11255	2	70.38404748042682	49.86039073805931
P11256	2	45.86971701412752	35.02025280393251
P11257	2	37.367005618662496	40.19311019036057
P11258	2	35.50013051708795	40.707194529181535
P11259	2	53.55111278099024	50.68382534507452
P11260	2	39.64480163495123	86.92543337160666
P11261	2	50.569575822805845	44.911387160202594
P11262	2	51.25861441145161	77.5171753280421
P11263	2	56.798916694002806	49.10089059076651
P11264	2	63.43281582057052	52.659085761505075
P11265	2	51.8763259037218	43.35306119136617
P11266	2	40.83926257745293	57.64435574033049
P11267	2	81.75704699318696	51.4417661308729
P11268	2	72.96279808248458	58.11869287601601
P11269	2	57.40308858187503	59.94683846878302
P11270	2	55.525628196836614	48.03641411014009
P11271	2	33.00260920147417	36.832824104628656
P11272	2	41.21412133664137	64.81156938834278
P11273	2	59.30659870937461	48.03912208816978
P11274	2	35.7390158073985	48.97480412988146
P11275	2	80.77612097380836	71.23585389508864
P11276	2	40.398047093147326	52.12443378818369
P11277	2	42.71213667698712	37.13027307370743
P11278	2	33.30234799898561	57.324808885943
P11279	2	42.93725234719246	64.73920166342225
P11280	2	51.13329812160959	55.05680966225692
P11281	2	26.783059651449037	41.52870906559049
P11282	2	40.34383863076353	46.85593324142312
P11283	2	64.01884745531223	46.777839479096286
P11284	2	47.0664016291545	43.15085933257934
P11285	2	57.02480245349107	47.71636700466154
P11286	2	47.92409069025619	79.67741397498071
P11287	2	61.00424298587645	64.90552319358986
P11288	2	40.25895843091107	62.57400611277722
P11289	2	75.6370233120388	51.54058195745057
P11290	2	55.454626444610035	53.243161915452156
P11291	2	58.018989012540885	43.17511687404191
P11292	2	65.89588383842128	59.38427648050782
P11293	2	54.25753772173485	45.82239398881809
P11294	2	65.61929601329354	48.77062178836225
P11295	2	47.63909855999077	58.33025392156777
P11296	2	51.17739927061148	68.74468002952477
P11297	2	57.34765942254668	48.49815661809258
P11298	2	55.815799589265715	59.086376636543285
P11299	2	53.38319932257174	53.8452094271764
P11300	2	68.60325506696346	60.11022345795205
P11301	2	53.92276106464702	54.195347644275195
P11302	2	59.66532980458916	36.96908263576021
P11303	2	59.785203081819986	43.32439086112189
P11304	2	32.61806350657707	33.004041576830154
P11305	2	45.63005560500959	30.325061874300005
P11306	2	75.08547532648836	37.78928809803948
P11307	2	52.68169531354056	33.04487662649301
P11308	2	43.29711511560936	59.00677351519442
P11309	2	36.979076689688725	48.25235351945616
P11310	2	23.895068499458347	30.66484145004228
P11311	2	68.9782871672529	52.32636920559336
P11312	2	56.454748671700116	40.28105267180645
P11313	2	52.50306016485957	49.26093591397445
P11314	2	77.4835337704587	61.120977104858795
P11315	2	55.5467989461378	51.044934861212056
P11316	2	44.45845871978113	56.812980805630026
P11317	2	45.84573226919336	31.703758632762625
P11318	2	66.5233632224277	47.16187605624207
P11319	2	69.44585843137615	35.44437401338632
P11320	2	41.17389203800131	23.29172393976723
P11321	2	54.79855942147592	28.95037940331033
P11322	2	71.35446370348828	36.75459204640403
P11323	2	87.80429420321963	91.19657830063758
P11324	2	45.973516139292144	70.58039984027558
P11325	2	56.99674978770361	34.96229033285655
P11326	2	51.68424785055776	70.40668746757962
P11327	2	45.224272405946124	32.08905968298563
P11328	2	56.9678660572977	66.31699167044204
P11329	2	54.05050662429199	51.75093448042691
P11330	2	48.60715854651863	70.78496945678458
P11331	2	56.91315342602407	54.18268363249561
P11332	2	44.34304299907761	35.56851753336227
P11333	2	58.57445960171374	57.02401604054996
P11334	2	48.65324741204897	54.71114612003027
P11335	2	48.81230943019087	71.63267406353417
P11336	2	60.96338497739342	42.33101393873111
P11337	2	50.17106826689209	58.76255286094829
P11338	2	41.79518320248818	22.217188817478082
P11339	2	49.9936394463234	36.952898583759165
P11340	2	52.476590577796706	64.19731403601264
P11341	2	46.8664137680983	48.74936719754519
P11342	2	61.441807632171084	59.969423168877995
P11343	2	74.83270196505359	67.85888149698376
P11344	2	40.69702029612154	41.56678619786372
P11345	2	57.64172377713041	47.72328232644605
P11346	2	77.22572553601769	65.99114141259243
P11347	2	51.07228919191312	27.703167269901268
P11348	2	61.72397575593531	50.91194696587454
P11349	2	30.901235427790265	74.51703431716332
P11350	2	54.16310355745967	67.67392536274663
P11351	2	58.34722011617117	39.503702362244816
P11352	2	60.37923334660033	60.37160969632791
P11353	2	49.10306992618774	68.75918960769123
P11354	2	79.29708951403454	55.94559098773061
P11355	2	25.815519659146762	52.53177046775076
P11356	2	49.55953522237975	36.471026604036744
P11357	2	34.33424561876545	45.4753115016021
P11358	2	51.975302555816874	66.86856287309564
P11359	2	74.05953551380584	67.96260061800554
P11360	2	40.8616677188367	38.515124627501294
P11361	2	53.38415126055065	49.1655255617274
P11362	2	47.702759102533065	47.076716523389756
P11363	2	63.31542147461499	46.904672921857625
P11364	2	52.30953003478371	40.20625833089268
P11365	2	54.86956106562849	53.940096569316474
P11366	2	44.39706546497528	47.80078268149618
P11367	2	64.4959007526789	53.10897506982995
P11368	2	63.21123567876159	44.460060351963286
P11369	2	35.454882463976375	47.322149656652414
P11370	2	60.59933448630655	58.2483415827933
P11371	2	58.59577788628589	19.347107888493483
P11372	2	46.1395453837407	49.11218610191965
P11373	2	68.54731193383599	68.35512733333785
P11374	2	71.2565031062341	50.87199462530996
P11375	2	51.46495708045113	51.74810930260513
P11376	2	46.53154846272447	55.11073338825483
P11377	2	40.482094388401634	41.674598194941055
P11378	2	37.12521857846441	21.625837726409483
P11379	2	45.24715689609572	32.95618128780003
P11380	2	64.34180130498237	51.6645678658555
P11381	2	42.4063290941932	50.95856138565456
P11382	2	37.778143908500525	54.66394871093414
P11383	2	46.582956823716614	46.372680411032654
P11384	2	42.444085225755586	43.59222693295132
P11385	2	57.7658854987591	52.2024650283591
P11386	2	47.3986453168407	47.19774322126726
P11387	2	49.14856568936931	57.16188171319549
P11388	2	32.8254280083676	58.858107142858564
P11389	2	66.56709509991623	54.0312688738678
P11390	2	61.902765058903064	65.53730853361017
P11391	2	67.01426790813704	61.37496974214807
P11392	2	62.22521285810489	55.94529333249245
P11393	2	47.78913307914009	46.344610940975855
P11394	2	55.061513083874004	63.465199613262406
P11395	2	72.3823948076401	54.76863664483336
P11396	2	35.92951303698721	55.1774686618758
P11397	2	34.98117771301112	40.76155204841757
P11398	2	89.2119026620747	38.77092640226483
P11399	2	64.58858051642261	17.22720324348502
P11400	2	53.59377261142095	52.48863578258696
P11401	2	53.635291477943696	59.125149787806
P11402	2	45.507465677144666	57.71031549279731
P11403	2	59.89387248419707	65.79371845293315
P11404	2	32.59332249437422	49.42137422366443
P11405	2	28.369573553198713	18.285891945868944
P11406	2	55.6629871860747	58.53710491621936
P11407	2	43.241870697098896	39.84858057016828
P11408	2	50.810330333340346	55.981060024317316
P11409	2	46.76173808660633	59.77763020286464
P11410	2	61.36268233102925	40.93619230307678
P11411	2	66.61291844533336	66.46869135802883
P11412	2	38.66118493455546	38.51789372361422
P11413	2	42.26093051249411	60.13852456755626
P11414	2	43.34658154306395	52.65140557475696
P11415	2	51.522917666123405	52.17119590189907
P11416	2	47.870416137605496	37.32078370734489
P11417	2	66.71236659789575	26.89854882602787
P11418	2	54.51520080877798	32.816797599030835
P11419	2	43.20358960765485	47.709025060771566
P11420	2	39.89037320219673	64.04284845422922
P11421	2	49.99208539897327	49.679963108873196
P11422	2	25.916769022147992	41.813392389427634
P11423	2	74.13015762997433	58.633603538488074
P11424	2	49.73504433651226	43.46900999967113
P11425	2	68.95326940024145	70.76687787178365
P11426	2	69.13704091659272	42.249648488704395
P11427	2	60.12096536877681	44.9615025744917
P11428	2	49.647189863986654	61.5318563759938
P11429	2	51.92657645895322	50.48434644251541
P11430	2	16.360010639170007	57.205043372233014
P11431	2	46.727764147898924	44.9732689424018
P11432	2	65.52027652089299	36.63650292001087
P11433	2	57.83819472976459	56.84579244987261
P11434	2	54.2874941746235	54.10939940461089
P11435	2	40.17308371166348	34.58389696928155
P11436	2	68.55344752016299	69.32730142468583
P11437	2	51.91482217424231	37.42476597830623
P11438	2	50.562478797863804	65.60477166631584
P11439	2	38.05248875388865	34.06854960935639
P11440	2	61.796003892946295	55.42249037168875
P11441	2	73.88036723016897	51.67881764413366
P11442	2	50.74572189746018	43.05748749719428
P11443	2	30.22461912856329	31.998615242794834
P11444	2	39.009721939231255	61.689302027202224
P11445	2	52.065996389742466	67.73866429443127
P11446	2	32.9740115793994	69.20424822025244
P11447	2	45.70492426234216	44.36583844579971
P11448	2	42.693177117166464	52.53602511061499
P11449	2	15.282757240882244	36.39114576972443
P11450	2	44.322405949598355	69.57674674842656
P11451	2	45.7662668664633	51.81375686788571
P11452	2	57.85183415733462	41.10929209885567
P11453	2	54.88670046400219	46.87376929051158
P11454	2	57.44052867759858	43.27865798298696
P11455	2	37.16807450855552	76.2485892830899
P11456	2	67.7214675459801	69.70345416768487
P11457	2	66.11082049792799	52.641816353371404
P11458	2	52.3608766672677	77.84843967382776
P11459	2	54.83207477119521	38.37315607481158
P11460	2	60.74004255006193	43.2271190054097
P11461	2	49.67869973575978	60.266083046715785
P11462	2	46.15572255214704	67.9942088925691
P11463	2	56.460509612725374	60.585931760116694
P11464	2	53.32387853583345	59.64498276954358
P11465	2	48.36676453347614	57.5814981629681
P11466	2	55.05550835141793	74.31372404183281
P11467	2	56.01430914826397	42.36408601941076
P11468	2	44.29759475460331	51.356097933137555
P11469	2	54.59187549905306	39.812207792577894
P11470	2	65.25113651827516	52.63914256890456
P11471	2	69.41919079431098	54.84563263281609
P11472	2	50.69667513118731	47.32241003630338
P11473	2	37.203630705367296	46.67559760655488
P11474	2	51.02671657476607	54.1368599443386
P11475	2	53.518220853580296	50.64649439449725
P11476	2	46.4722420495707	59.24548178689861
P11477	2	62.90504536985365	46.4588816799613
P11478	2	52.9789509422056	54.678069105681274
P11479	2	62.159858433058346	64.36425396084546
P11480	2	59.95261740435203	48.98571051056821
P11481	2	65.73271070386714	65.62225269662272
P11482	2	67.77971378512798	60.12029740192999
P11483	2	62.04138737295248	52.46523013678306
P11484	2	53.32428305175711	65.84236267214995
P11485	2	47.39589028121206	41.684517848695876
P11486	2	68.94746050864161	62.05006380315358
P11487	2	64.53477831054441	57.68719240031033
P11488	2	60.49896240066609	50.28704937141064
P11489	2	36.130973177277305	48.507444413353404
P11490	2	56.694855345325905	29.31517447776131
P11491	2	62.06671118421903	30.802362953187405
P11492	2	36.98918597416448	36.167508192903824
P11493	2	40.36398326753646	56.18770276286989
P11494	2	52.982781908785036	77.8417353608235
P11495	2	29.86656490092023	31.30733093331321
P11496	2	40.70364579346602	63.400570739106264
P11497	2	42.07797307326611	55.892730705263844
P11498	2	41.53525579273218	49.9965095666888
P11499	2	74.08675173406371	75.9748175092731
P11500	2	44.23291112817957	58.63312928971108
P11501	2	26.955047102716563	45.22970209915603
P11502	2	73.09470524364019	52.90546977246896
P11503	2	69.54082552527798	58.49889265060968
P11504	2	33.09727203994762	57.306331706285945
P11505	2	55.290832476591405	59.21308255010823
P11506	2	68.62536648986776	57.17200223952467
P11507	2	75.93979258020116	26.073614916820546
P11508	2	35.0231862566724	35.47967484787793
P11509	2	69.92343199095338	64.71532736274274
P11510	2	41.536604037936364	57.82672342554868
P11511	2	77.17914335590719	62.90554820799129
P11512	2	33.04728101409678	38.279037246827116
P11513	2	70.95929350380656	56.29052735419515
P11514	2	39.03712431564763	56.15983180754414
P11515	2	49.64336645802334	37.15067063946226
P11516	2	60.37605250909154	47.56360272691455
P11517	2	39.10821257998932	45.80228943767465
P11518	2	46.30074858409339	39.75311552643475
P11519	2	65.78277277680033	42.42421471339671
P11520	2	71.39653810202847	49.38668423326603
P11521	2	62.372855486418615	39.09260424536908
P11522	2	69.16871458352797	50.367236732721494
P11523	2	29.108886251858788	49.533685792095234
P11524	2	54.18650406437801	39.413300069742476
P11525	2	33.652090719498545	44.832712168120935
P11526	2	72.65801986027158	47.23424485804098
P11527	2	56.70632777644762	52.7415315107535
P11528	2	67.30513893470071	55.23077894864809
P11529	2	18.36556631867611	52.69661627800282
P11530	2	34.89011094053201	47.23850529471241
P11531	2	49.4463707025235	57.59045601665019
P11532	2	60.648688277684414	62.542233338250384
P11533	2	58.34338182769507	45.29448784584085
P11534	2	43.29727567976968	43.68256341115674
P11535	2	50.962090133115616	55.970762974279204
P11536	2	24.451587126152074	56.038552082761896
P11537	2	33.45912251442902	42.70033604728956
P11538	2	47.07698200942884	61.217422970957216
P11539	2	57.97613775817666	63.30068641037157
P11540	2	28.938769882046014	47.61814270982566
P11541	2	40.595867142254	60.64869062487215
P11542	2	51.63600832317794	64.43601988403377
P11543	2	63.00070467129268	60.722982252062856
P11544	2	50.32765349820446	44.582834231465654
P11545	2	47.722784422596916	55.94342155502835
P11546	2	56.74491630764612	51.27763020370026
P11547	2	61.61312571980926	48.930902750602456
P11548	2	41.86945897503746	59.71183818105078
P11549	2	31.157042403884553	42.488699636404974
P11550	2	51.251432845134296	42.85898993053158
P11551	2	52.36340643766365	47.557583372309274
P11552	2	21.925468142845926	49.141917097853
P11553	2	59.6716986247802	38.018034521206665
P11554	2	37.49651436624716	42.717814959567185
P11555	2	33.81751325219966	46.13537113115975
P11556	2	45.55037395079978	78.90937726173976
P11557	2	46.88455534596596	48.72023672653701
P11558	2	53.647995124023524	37.55563900749597
P11559	2	50.206361746610355	47.59824286527316
P11560	2	48.71763388985896	48.6472654220162
P11561	2	65.82397385536876	45.3341855697998
P11562	2	64.27944153152582	45.36670538968364
P11563	2	44.10279960586331	44.77772025922838
P11564	2	41.25666310409365	48.59834470000599
P11565	2	31.328252337981212	58.0942012427665
P11566	2	57.97296895832759	47.910699387802055
P11567	2	45.797296422973716	71.29810627372154
P11568	2	43.89354950508242	45.41148921340011
P11569	2	52.058665446858285	63.78661966336489
P11570	2	45.862365345793755	65.61157370014226
P11571	2	40.28979099561591	33.291925538769064
P11572	2	68.21338395236755	62.94168981197795
P11573	2	27.631952908042813	19.736672704329607
P11574	2	56.81460536207211	58.442430158671016
P11575	2	50.056178167324916	59.22515574443656
P11576	2	86.80215929141792	61.68471035052757
P11577	2	47.1213346301057	63.15965226098223
P11578	2	41.93584006796601	49.183674033820495
P11579	2	37.60093786620281	41.97741761906119
P11580	2	36.32093625023042	42.788251194512426
P11581	2	39.519259455136726	50.749406425697245
P11582	2	51.3816505810427	48.35514567322091
P11583	2	34.65524676699599	42.71112331950607
P11584	2	44.681795374706674	37.43081479478807
P11585	2	38.64786158765036	58.148677150777765
P11586	2	56.38839274493377	50.13023073398171
P11587	2	52.49188195456329	46.95048300519438
P11588	2	48.900698432796844	52.03216076644297
P11589	2	45.214988521170646	39.34551738829302
P11590	2	69.22967622489033	30.89093544945298
P11591	2	61.84933250796042	53.60963943126843
P11592	2	63.846449836477376	46.050962618628674
P11593	2	62.53661501113391	47.90901152692556
P11594	2	36.2328373923294	32.19396189929154
P11595	2	40.3182516457277	52.90662893206178
P11596	2	67.27806903260404	61.076081416847444
P11597	2	47.695717215050635	53.02946724830579
P11598	2	86.06936550225646	54.56560490843845
P11599	2	50.81292610749517	40.50749960210769
P11600	2	43.54179753180571	50.52544110661338
P11601	2	32.94827066875929	48.63632316052862
P11602	2	50.81219342645993	43.56004018476635
P11603	2	53.45008076037798	46.13217357685119
P11604	2	91.87749307404395	49.20328573370017
P11605	2	48.524154038052025	62.62190070655632
P11606	2	73.68209408947946	33.86337844850802
P11607	2	45.272498101354635	54.24912122263089
P11608	2	35.207293922829066	60.84495344142893
P11609	2	70.0503111108483	47.680677823458936
P11610	2	47.72388695939298	63.044266368416864
P11611	2	73.35815192863222	81.83421462577296
P11612	2	39.177884634751834	43.6458056701436
P11613	2	48.38652642380346	66.59049326595182
P11614	2	60.62079931303258	40.528340021726905
P11615	2	56.184339425745854	48.220299028907235
P11616	2	59.55796512798265	82.11505217503077
P11617	2	58.41735206578124	49.046486921751516
P11618	2	55.68958615616829	41.03622852263757
P11619	2	43.07060365470963	40.123854436534856
P11620	2	68.60710392390867	59.33189978955697
P11621	2	68.48477402251406	55.44336780676745
P11622	2	69.62646839146683	51.874028710435574
P11623	2	56.844990481458844	61.86498136671624
P11624	2	34.66563766874715	56.09817013717033
P11625	2	65.85045280097769	66.02763302915541
P11626	2	62.898381380994245	50.564235265499946
P11627	2	59.667263542603095	56.343749466577975
P11628	2	16.434207185739467	63.304551984849084
P11629	2	58.457242795420136	55.75524432882491
P11630	2	70.58477531313555	60.14631565828914
P11631	2	50.22237409516149	74.14947230218509
P11632	2	34.89722676363378	65.44964179379951
P11633	2	32.65397855124208	41.523733396080196
P11634	2	58.26808457250727	58.084807951267805
P11635	2	31.312619380729693	20.03326757902315
P11636	2	62.60033975820744	38.47203650075899
P11637	2	57.626147117592325	68.21112487768248
P11638	2	66.66860083354035	37.66957004551892
P11639	2	45.51468373491245	49.23192069517686
P11640	2	23.3906007233496	73.67425987130629
P11641	2	46.21458757640451	27.620269991625285
P11642	2	57.38691625267256	54.16565775355503
P11643	2	44.870293591742566	41.45232007702773
P11644	2	66.26861958550148	37.75238952142253
P11645	2	48.40112509987633	57.085610282120705
P11646	2	43.60417485537165	49.86022216986944
P11647	2	51.33691166379227	48.92503534247918
P11648	2	61.217133557116355	42.290176640210994
P11649	2	42.94403635433217	38.34697855694334
P11650	2	34.69312637498261	26.542579482228412
P11651	2	95.74013291620952	62.155456974549736
P11652	2	72.39005475242188	46.34227400821533
P11653	2	32.37305179498513	53.26834068439829
P11654	2	53.944020612909554	46.70040382361161
P11655	2	32.743386870415314	31.839864547925607
P11656	2	70.46915702864338	64.2471749994901
P11657	2	27.089621281994496	35.69218655640165
P11658	2	34.61649075813489	47.56431318092796
P11659	2	60.378541010845495	47.28744672965768
P11660	2	33.45030387761207	47.99944786273471
P11661	2	47.91147316217185	28.55196402660599
P11662	2	48.863429389829726	28.990893647082206
P11663	2	41.262068125399644	39.9107493846317
P11664	2	37.535648416629606	51.80875417806808
P11665	2	44.31401152030101	52.20817540827018
P11666	2	60.19276706782573	33.554491302698274
P11667	2	29.932260146568897	30.702261364600716
P11668	2	39.431862162592026	41.16625895793085
P11669	2	47.42730028183873	72.11960828884162
P11670	2	70.65056793415789	48.94108088302769
P11671	2	59.08747752751992	39.12640754582688
P11672	2	55.1705753667307	35.597076669414534
P11673	2	41.51745286825317	43.54900848189285
P11674	2	63.78147372764056	49.43783000183553
P11675	2	26.223927577147336	38.89703250670472
P11676	2	32.83990946132536	40.57969077710282
P11677	2	60.23986304898043	51.190473173416294
P11678	2	39.747907583679606	50.154896454660985
P11679	2	63.524341709417676	76.42477725099091
P11680	2	57.82813198276635	61.51990737183738
P11681	2	51.69245635339983	52.57209645647373
P11682	2	40.37116423708598	47.929522297459144
P11683	2	41.53305147876391	66.16835312908195
P11684	2	52.37858512085462	55.83291176823959
P11685	2	45.3594396836581	43.205563791327286
P11686	2	36.79708951924446	37.388754727233376
P11687	2	69.62463375834108	78.91765278339265
P11688	2	39.982435463147105	42.2104941186979
P11689	2	41.51736280055136	55.489270917832705
P11690	2	62.61686678402555	50.72962978440465
P11691	2	40.324655450175904	56.44636317463219
P11692	2	57.50931166153565	54.77084394951974
P11693	2	50.53578371954145	49.190436548173416
P11694	2	53.03803404575707	49.732174521877035
P11695	2	38.154015609462114	44.21052360263004
P11696	2	51.07843423238588	50.55304776574841
P11697	2	44.793374388981455	36.842792688676745
P11698	2	48.23306230682582	58.72251142119434
P11699	2	55.57581597746536	65.47009035204648
P11700	2	57.91069143817244	58.872259861661746
P11701	2	60.21255603049127	70.54306066689446
P11702	2	39.26719213688288	58.18775394647962
P11703	2	64.47398900245118	50.42176426823179
P11704	2	49.314786698192755	67.92233185174781
P11705	2	53.91179589203233	57.14697849765868
P11706	2	64.48889887604163	52.434924520081246
P11707	2	32.35613718741835	61.93862007661295
P11708	2	47.22605216468795	41.2671897710032
P11709	2	45.96896330761094	53.56133031199782
P11710	2	48.40140005501259	46.60625243560987
P11711	2	44.70662186518902	49.132889952656576
P11712	2	46.59706009849692	60.69453379176801
P11713	2	54.64151248353777	77.64541191743251
P11714	2	61.22632431567975	63.11785703517439
P11715	2	57.68165941703556	55.61782182164014
P11716	2	38.851264047271584	38.244170271369484
P11717	2	51.36699393970272	45.56470831404576
P11718	2	33.57824631377229	40.981145617098214
P11719	2	41.67738984003476	41.55169101140519
P11720	2	39.17093692404009	33.702530154582
P11721	2	60.08744852817122	64.86880717213602
P11722	2	49.554990724156525	56.29753867324743
P11723	2	54.561896448471984	49.20275021490702
P11724	2	84.61187718320372	58.43968226249682
P11725	2	64.24097789145546	41.73191149657613
P11726	2	35.41385358217967	50.57685243646797
P11727	2	41.893767264330954	42.404632154948935
P11728	2	52.36724108731508	45.63544510701766
P11729	2	70.79715497808428	70.52107526367321
P11730	2	56.857870146591765	56.82125394340958
P11731	2	59.483528121116585	73.57836552911732
P11732	2	35.81376300328468	55.51514116291667
P11733	2	70.12866560633717	58.17613798624361
P11734	2	61.97697085939259	47.31224368600747
P11735	2	55.89756395406114	70.0726849285344
P11736	2	53.78600101420529	46.96380011661324
P11737	2	41.98314508259736	57.50133770457961
P11738	2	55.919793420344824	59.87998682998857
P11739	2	70.49932091712579	31.83540960922662
P11740	2	50.53462459576604	40.723622995266524
P11741	2	43.76106652191297	31.022171980615433
P11742	2	47.08322006554371	33.09678469011858
P11743	2	46.51871098168335	47.085851259934564
P11744	2	66.00992698202654	57.16546753118337
P11745	2	43.079534692646284	55.32645000861989
P11746	2	56.48413090175803	70.41987937289814
P11747	2	31.576953183581637	60.816500445461095
P11748	2	57.12209688596697	46.35376264775519
P11749	2	35.82647467437113	56.508129813501526
P11750	2	43.64985536413041	44.56046273235589
P11751	2	63.363717662084944	63.3327361050543
P11752	2	32.93517270778364	39.222319993969556
P11753	2	40.45077778997781	61.31196439727137
P11754	2	47.739939731666425	40.56794989506414
P11755	2	57.645823669646376	44.97455391371323
P11756	2	41.571582791182166	75.34009381290795
P11757	2	59.76574569278038	44.00429447886122
P11758	2	32.45148283054187	43.81812952781839
P11759	2	64.90110659269807	57.29335707429089
P11760	2	45.75059221222129	52.093100010963155
P11761	2	47.71259402382282	49.658160760793926
P11762	2	53.691196239947956	53.26412656888677
P11763	2	70.27263120722492	64.11793187070634
P11764	2	31.209657445783122	25.667879409136937
P11765	2	51.94101921442822	57.80760000435073
P11766	2	74.51434368340284	58.55817286025025
P11767	2	32.903366638708775	63.22878030378612
P11768	2	78.40523146881107	65.38930883293845
P11769	2	48.651448427339346	46.544128142637106
P11770	2	49.57527401526485	53.07771191278338
P11771	2	28.075560825574996	14.281029079702328
P11772	2	42.68870800336231	36.5052530866258
P11773	2	47.42594589907807	53.18286917297188
P11774	2	60.2072282261701	40.567027688052946
P11775	2	45.8931144350519	29.76097807042731
P11776	2	54.16335937421356	47.144927650472574
P11777	2	20.79276652884287	27.273023094452153
P11778	2	55.64606391704642	37.70405879454245
P11779	2	55.57196418068344	46.66080187058832
P11780	2	67.22076483861353	40.319118964260426
P11781	2	23.829663965249033	55.80788885025141
P11782	2	62.14707701062477	49.44521271970237
P11783	2	49.12855508923592	48.79981636273104
P11784	2	39.03140952855564	51.75340603670236
P11785	2	26.23845592747453	61.73060376645477
P11786	2	70.76141600089072	56.84925050542118
P11787	2	53.53790133425651	52.81055434749729
P11788	2	52.04511409130274	50.047448233174954
P11789	2	29.689320225575756	59.47644640101999
P11790	2	36.86402967526513	70.26644488782978
P11791	2	78.25117924703082	52.31519779686432
P11792	2	40.7255441376489	52.45124064967337
P11793	2	48.23591176066257	58.14403891586365
P11794	2	54.02189449221763	54.723769225120925
P11795	2	45.74005560380145	42.44759909987681
P11796	2	38.70399057270038	28.985863287859683
P11797	2	40.91362983738126	53.40327881430894
P11798	2	85.76366659639157	68.40115814350479
P11799	2	82.30924732140372	36.18014578948325
P11800	2	57.610929516063564	59.38388634041981
P11801	2	41.81626664353708	38.08076828268501
P11802	2	72.37942470098113	37.159463509395025
P11803	2	63.438496187891936	50.52251786118819
P11804	2	60.6829043547901	68.82588197270806
P11805	2	65.84046578192778	49.5899034951043
P11806	2	50.17353796389632	54.78857702034534
P11807	2	63.10759210893423	51.4782269014037
P11808	2	32.42034138699265	62.0995579839729
P11809	2	59.769576168918576	26.27669010912092
P11810	2	43.41087507645481	55.4313997183527
P11811	2	43.3884729362751	63.642041387901756
P11812	2	63.05451894311449	24.154118578124013
P11813	2	37.24043905852223	24.437786696353754
P11814	2	42.66873588180318	41.51909851343473
P11815	2	49.8571867501456	52.36040254201357
P11816	2	60.35017027721458	78.95670963329074
P11817	2	64.59439531695182	29.582933420097774
P11818	2	59.827048173432075	46.36038974521328
P11819	2	56.34687711736443	25.4928587895848
P11820	2	37.85733683822038	63.680642950083
P11821	2	40.79530228280983	21.71550553362966
P11822	2	53.660364231436674	54.24454534700442
P11823	2	48.25504306460652	36.340955598746476
P11824	2	31.27057061335778	32.30643481415719
P11825	2	58.26984363677212	56.83617566755867
P11826	2	54.811941760937714	59.75621778815623
P11827	2	65.08360499426281	37.56408222736442
P11828	2	53.40187254697193	34.372217618098595
P11829	2	32.7050751575544	56.845105397183175
P11830	2	76.53451130666735	41.414360961582105
P11831	2	50.238875685103565	44.065390537670595
P11832	2	87.34718437208774	55.116131174085936
P11833	2	58.49913183842699	50.64677427858339
P11834	2	60.79647225624628	52.95070248798328
P11835	2	60.451660049244666	55.28293463684355
P11836	2	39.69238970668105	54.11910403616815
P11837	2	38.397811208919215	49.85618619834454
P11838	2	56.132584692239696	39.76992249581869
P11839	2	49.87743904974105	76.47440502174503
P11840	2	52.02874930067359	38.68948649050849
P11841	2	46.09085958084383	47.86482925420412
P11842	2	57.447669550844815	70.93058094826537
P11843	2	45.25162995652251	39.42441925799605
P11844	2	41.69449003514297	41.286349195079104
P11845	2	63.737256072886815	50.06599666676109
P11846	2	70.134299553922	63.45796937066757
P11847	2	58.50569620329133	61.42400165577912
P11848	2	58.742162930879076	47.48055273461684
P11849	2	65.69911176886436	57.41760304378577
P11850	2	44.56419719740242	34.08138963920359
P11851	2	53.420959343031456	38.02332709882829
P11852	2	19.876047114866317	38.50420669412868
P11853	2	75.64204439751252	78.95266891929263
P11854	2	75.6504468534433	49.89334594956537
P11855	2	36.331541590636995	29.564511530267602
P11856	2	63.62792994881623	52.24834874284787
P11857	2	48.36006975698691	41.395822199158644
P11858	2	52.11059092532229	45.388194849689356
P11859	2	49.691941136701146	42.34476523093115
P11860	2	72.56207123502831	48.02744943774913
P11861	2	55.52516975403722	38.27192624363254
P11862	2	38.344218661135805	60.50077390895326
P11863	2	42.47121936978307	34.88315453280033
P11864	2	62.810776751920784	57.13958275214386
P11865	2	56.991872200451006	56.50157057002033
P11866	2	60.04177584513013	52.88037740344402
P11867	2	43.26190236898998	71.81853921885549
P11868	2	47.1092510529849	53.17804489726488
P11869	2	36.10370397233986	43.52646981563502
P11870	2	41.22392844085624	40.84280862222167
P11871	2	54.5927767150727	54.41397734046615
P11872	2	64.85248337596872	43.852918749927404
P11873	2	67.13147107764745	42.29499156507905
P11874	2	69.76958178148497	48.83216370346962
P11875	2	31.443691837052352	58.4094188204632
P11876	2	85.9200442606415	58.06944565375792
P11877	2	46.63325246298464	63.050101299551415
P11878	2	39.99534011610475	58.661510765981845
P11879	2	63.29126167266905	37.97084451056221
P11880	2	46.09001277800248	66.49874030190458
P11881	2	58.2726720616955	81.9331149338144
P11882	2	57.046196997533585	55.09421061259157
P11883	2	38.22705212113992	40.50961286997695
P11884	2	50.79435601088412	29.63340978761932
P11885	2	56.91594930839834	44.4982554092874
P11886	2	57.59644606449464	67.23970706794665
P11887	2	59.742452983243965	63.6682112124687
P11888	2	56.29520925298827	59.02796302619436
P11889	2	50.584358656453276	59.33730961026831
P11890	2	71.95259636528313	64.9409200149031
P11891	2	55.778500360898974	81.97343537286747
P11892	2	45.5960151012473	77.2307564496881
P11893	2	38.86221924730637	45.12675379491953
P11894	2	26.078237789325726	58.516840701903696
P11895	2	73.6898389214601	70.84698939550071
P11896	2	41.941069526259724	72.82273092244606
P11897	2	41.91874362317297	38.42157336595612
P11898	2	58.219182439565856	43.476313687335114
P11899	2	70.34112670458521	45.21406185529002
P11900	2	56.81360010638117	51.34962919538018
P11901	2	32.193151375040564	37.204780365321646
P11902	2	43.87297389062295	54.11710530482742
P11903	2	53.709994146649734	46.91474612371291
P11904	2	29.829835334989845	44.759702465336204
P11905	2	42.324116113358926	46.51068775937682
P11906	2	57.01837911508076	41.866906900970825
P11907	2	27.094561226468056	40.615404958724916
P11908	2	31.674046549514017	54.214766461571585
P11909	2	48.0495739080031	56.219748864478234
P11910	2	61.46169095299821	56.886400134608316
P11911	2	58.63143772828297	52.97998726715286
P11912	2	26.74685776057954	40.91286484172938
P11913	2	62.038901887497296	45.20395113358906
P11914	2	29.053841857525377	53.200397943195625
P11915	2	19.99473780642804	30.085445781377416
P11916	2	43.732723063357895	33.7287406025214
P11917	2	56.385452224843156	40.90650582633347
P11918	2	62.43248004958449	70.26313232293322
P11919	2	33.243366023472575	37.92290169932484
P11920	2	68.01031319055286	51.2607981697772
P11921	2	37.37865789474708	24.303181365979768
P11922	2	64.56190987063609	84.68218696220083
P11923	2	59.54291149514285	56.856326292179524
P11924	2	58.576048783884325	36.73274572650954
P11925	2	44.1902980600002	20.43861101711805
P11926	2	41.112086277569546	39.846109615249645
P11927	2	38.33652593446943	62.076086857169145
P11928	2	45.878043798115606	59.42709047141976
P11929	2	61.17831301093152	49.33782265310306
P11930	2	52.516099117340175	69.17364758851143
P11931	2	58.5482868942596	29.60368344137892
P11932	2	46.899437948248504	46.941454338614264
P11933	2	59.4758608055762	52.10699549646245
P11934	2	62.91050434895755	57.663031306608005
P11935	2	49.49033152842931	33.977630851684346
P11936	2	40.68450075852727	60.44809405740867
P11937	2	45.30804451200452	54.0155359868832
P11938	2	60.210413499024455	53.03654011828235
P11939	2	37.98827792974019	41.84050773512452
P11940	2	46.43284893724582	49.96229869269902
P11941	2	33.78359549453614	58.224188541224926
P11942	2	28.138571146836256	18.70364701980428
P11943	2	62.228161435020176	61.083615122884424
P11944	2	63.76680950228059	45.492036818916155
P11945	2	34.51941462106673	34.75498986565932
P11946	2	29.17981852713481	45.326285930599106
P11947	2	67.02527985267918	55.00295981704019
P11948	2	60.47005431886768	65.22589484323197
P11949	2	44.19291034825153	55.79836146826418
P11950	2	44.023666767109646	38.913308333338165
P11951	2	53.08342273009486	38.240024789363126
P11952	2	52.561787134268336	47.93610254893072
P11953	2	66.46041770811999	53.84790294094425
P11954	2	50.630742112306756	73.52076278551598
P11955	2	58.28780288783964	64.96886664959118
P11956	2	44.162044435486024	44.9222099043576
P11957	2	26.1856936744458	37.402609355118784
P11958	2	31.318470856217537	23.47458038178433
P11959	2	37.987535906937666	35.364579541719436
P11960	2	75.84484187979777	30.31930682444829
P11961	2	74.8976907640567	63.395822844686165
P11962	2	32.18986419987031	61.69251461058929
P11963	2	34.93198075182598	73.14641169795614
P11964	2	52.44751977919305	69.14998155907672
P11965	2	45.85250560801652	21.91189727080518
P11966	2	49.60937197078196	33.23670225382824
P11967	2	56.88370203385862	57.49293699007653
P11968	2	61.87227481084536	59.16507452128946
P11969	2	50.531053136249554	58.80482098298839
P11970	2	46.41570773126061	25.34714612085838
P11971	2	50.73567332418074	45.26236056848982
P11972	2	47.747564432052165	56.244310924086896
P11973	2	39.97062516242927	61.04802887184248
P11974	2	47.2269330759395	51.27459548853212
P11975	2	49.422217310996274	41.228236617875886
P11976	2	54.465619805343714	32.84032616750924
P11977	2	62.32312520542335	30.086289692415768
P11978	2	28.310449434429557	42.05489277616742
P11979	2	47.65378518963676	55.431867107459745
P11980	2	54.20879696045347	48.492336499774
P11981	2	56.271720291920595	55.82102740616348
P11982	2	55.77519281340899	57.442943800236044
P11983	2	62.642013055537475	51.120594301046985
P11984	2	56.675709944733185	39.594073144898545
P11985	2	37.94032723153562	55.10846423030888
P11986	2	58.54454687696144	54.4992338851655
P11987	2	29.632704721712784	33.924558791248785
P11988	2	52.85065819119195	57.40621997742788
P11989	2	51.84064983363045	37.4709940891076
P11990	2	60.70563266878952	58.060413662563235
P11991	2	41.28420629640294	58.57569559559107
P11992	2	71.85091277530464	57.27787439273733
P11993	2	26.736491684972382	71.47320068739732
P11994	2	51.189507727384765	65.75455259383173
P11995	2	49.084963150998355	46.58000009270078
P11996	2	42.83889390790495	31.91952970135813
P11997	2	35.54011767688471	52.16249809472154
P11998	2	55.548969738077	72.2711350868625
P11999	2	55.62777030080953	45.054050296343235
P12000	2	42.01481983746831	40.084118512157495
