participant_id	HSNS1	HSNS2	HSNS3	HSNS4	HSNS5	HSNS6	HSNS7	HSNS8	HSNS9	HSNS10	gender
R00000	3	4	5	3	4	5	5	4	4	4	1
R00001	4	3	3	2	4	2	0	2	4	2	1
R00002	4	2	5	3	2	4	4	5	5	5	2
R00003	5	5	4	4	4	5	4	3	5	2	1
R00004	4	5	5	2	4	5	5	4	4	3	1
R00005	3	2	5	2	3	4	2	1	5	2	2
R00006	5	3	4	2	3	5	4	4	5	4	1
R00007	5	3	5	5	5	5	5	5	5	4	2
R00008	2	2	5	1	2	4	4	3	4	3	1
R00009	5	5	5	3	3	4	5	5	4	1	1
R00010	5	1	3	2	2	5	4	3	4	4	1
R00011	4	1	1	2	2	4	2	3	2	3	1
R00012	4	5	5	2	4	4	5	5	5	2	1
R00013	5	1	4	2	4	3	3	5	4	4	2
R00014	4	1	3	3	4	5	1	5	5	4	1
R00015	5	2	5	4	4	5	4	3	4	4	2
R00016	5	5	5	5	3	4	4	5	5	2	2
R00017	4	2	4	1	2	5	0	3	5	3	1
R00018	3	2	4	1	2	3	3	2	3	2	1
R00019	4	4	5	3	3	4	4	4	4	4	2
R00020	4	2	4	2	5	5	4	3	3	4	2
R00021	5	4	5	3	4	5	2	5	5	4	2
R00022	4	4	3	4	5	5	3	3	4	3	1
R00023	4	3	5	2	4	4	5	2	2	4	2
R00024	4	2	2	1	1	2	1	2	2	1	2
R00025	4	5	4	4	2	5	4	4	5	2	2
R00026	5	5	4	5	4	5	5	2	3	4	2
R00027	5	2	4	3	4	5	3	4	4	3	2
R00028	4	4	4	4	5	5	5	4	5	4	2
R00029	2	2	4	2	2	4	2	4	4	2	2
R00030	0	5	4	3	4	3	5	4	5	5	2
R00031	4	3	4	3	4	5	5	5	5	2	2
R00032	4	1	5	3	4	4	4	5	4	0	2
R00033	5	0	5	4	4	4	4	4	4	2	2
R00034	5	4	1	2	5	5	4	2	4	3	2
R00035	5	5	4	5	3	5	5	4	5	4	1
R00036	3	4	4	1	1	4	4	1	3	1	2
R00037	5	2	2	2	5	4	5	4	4	4	2
R00038	5	5	4	2	3	5	4	4	3	3	2
R00039	4	2	4	5	3	5	4	3	5	1	2
R00040	4	5	4	3	2	5	5	2	3	1	2
R00041	5	2	3	3	1	5	1	4	4	4	2
R00042	4	2	2	5	3	1	2	1	5	4	1
R00043	2	4	5	1	1	5	4	3	0	1	1
R00044	5	5	4	2	2	5	5	5	5	2	2
R00045	4	2	5	5	2	5	1	2	3	2	2
R00046	1	1	1	1	2	4	2	1	2	2	1
R00047	2	4	1	2	1	2	2	2	2	4	1
R00048	4	5	4	4	2	3	3	2	2	1	1
R00049	4	4	4	4	4	4	4	4	4	2	1
R00050	2	1	4	4	2	3	4	4	2	4	2
R00051	2	1	2	2	3	0	2	2	1	1	1
R00052	5	4	5	2	2	2	4	4	4	2	1
R00053	5	3	4	3	4	3	5	5	4	5	2
R00054	5	4	4	4	5	5	4	5	5	2	1
R00055	4	2	3	4	4	0	3	4	2	4	2
R00056	4	4	4	3	5	5	3	5	4	4	2
R00057	5	4	4	4	4	5	4	4	5	5	2
R00058	5	5	3	4	5	4	4	5	4	2	2
R00059	4	2	4	3	4	4	4	4	5	1	2
R00060	4	4	5	4	3	5	4	3	4	4	1
R00061	5	2	5	5	4	5	5	2	5	4	2
R00062	4	3	4	3	5	5	4	3	4	3	2
R00063	4	0	4	2	4	4	4	5	3	4	2
R00064	5	2	4	2	4	4	5	4	5	2	1
R00065	4	1	5	4	4	5	4	5	4	2	1
R00066	2	4	2	2	2	4	4	2	2	3	2
R00067	5	3	2	2	4	0	4	4	4	2	1
R00068	2	3	5	2	3	4	2	0	3	4	2
R00069	4	2	2	2	2	4	3	1	3	2	1
R00070	2	0	4	3	3	5	5	0	4	1	1
R00071	5	5	5	4	4	4	5	5	4	4	2
R00072	4	4	5	2	4	5	5	4	5	5	2
R00073	4	2	2	3	3	4	2	5	4	2	1
R00074	2	1	2	3	3	4	1	2	1	3	1
R00075	5	4	2	4	4	3	2	5	2	5	1
R00076	4	5	5	4	4	4	4	5	5	4	1
R00077	1	1	1	1	2	5	4	1	2	2	1
R00078	2	3	1	2	2	4	5	1	2	1	1
R00079	5	4	4	3	4	4	3	0	4	5	2
R00080	4	4	4	2	3	4	3	4	0	2	1
R00081	3	2	3	2	4	3	4	3	2	2	2
R00082	4	4	5	3	5	3	5	2	4	4	2
R00083	4	3	3	2	3	3	3	2	2	3	2
R00084	5	2	1	4	5	4	2	4	4	4	1
R00085	5	4	5	2	4	3	5	2	5	5	2
R00086	4	3	5	3	3	5	3	4	5	5	1
R00087	1	5	5	4	1	4	3	2	4	1	1
R00088	4	3	5	5	3	2	5	5	4	3	2
R00089	4	1	5	1	4	5	4	4	4	5	2
R00090	5	5	4	5	4	4	4	5	5	3	2
R00091	4	4	2	3	2	4	2	2	4	1	1
R00092	2	5	5	3	4	4	5	2	4	1	2
R00093	4	4	5	4	5	5	3	4	5	5	2
R00094	4	4	4	2	2	5	4	2	4	1	2
R00095	5	1	4	2	4	5	4	2	2	4	1
R00096	4	5	5	2	4	5	4	4	5	2	2
R00097	5	4	5	3	5	5	3	5	4	3	2
R00098	3	5	5	1	5	5	5	5	4	2	1
R00099	5	2	5	4	5	4	4	4	5	4	1
R00100	5	4	5	2	4	4	4	4	5	2	2
R00101	4	5	5	4	5	4	5	5	5	5	1
R00102	5	3	5	2	4	4	5	4	5	3	2
R00103	5	4	5	5	4	5	4	2	5	5	2
R00104	4	3	2	5	4	5	2	4	4	4	1
R00105	4	3	4	2	3	4	4	3	4	3	1
R00106	2	3	2	3	1	5	5	3	4	2	1
R00107	3	2	5	4	4	5	4	4	4	2	1
R00108	4	4	5	5	5	3	4	2	5	2	2
R00109	4	3	3	2	3	4	0	4	4	2	2
R00110	2	1	2	3	3	5	2	3	1	2	1
R00111	5	3	2	5	4	5	4	5	4	1	1
R00112	4	4	5	4	3	4	4	5	4	4	2
R00113	5	2	3	2	5	4	2	4	1	2	1
R00114	5	1	2	2	2	2	2	1	3	1	1
R00115	2	1	3	2	4	1	3	2	2	1	1
R00116	4	0	5	4	4	5	3	4	4	1	2
R00117	5	4	5	2	2	3	4	3	5	2	2
R00118	5	4	5	4	4	5	3	2	3	1	2
R00119	5	4	4	5	4	4	4	4	4	5	1
R00120	4	4	0	4	4	5	4	3	4	2	2
R00121	5	5	2	2	1	4	4	2	5	3	2
R00122	4	0	5	3	3	5	4	2	4	3	1
R00123	4	5	5	3	2	4	2	0	5	1	2
R00124	4	1	1	2	3	4	2	4	4	4	1
R00125	5	2	5	3	4	3	4	4	5	5	2
R00126	2	5	4	0	3	4	5	2	5	1	1
R00127	4	4	5	2	2	3	3	4	4	2	2
R00128	5	4	5	3	4	5	4	2	5	1	1
R00129	4	4	5	4	2	2	2	2	4	3	2
R00130	2	1	2	3	2	4	4	4	4	3	1
R00131	3	5	4	4	2	4	4	3	4	4	2
R00132	4	2	4	4	3	5	4	4	4	4	2
R00133	5	1	4	1	3	4	3	3	3	1	2
R00134	3	2	1	2	3	4	4	3	4	1	1
R00135	4	1	4	3	4	5	3	4	2	2	2
R00136	5	3	5	5	5	5	5	5	5	5	2
R00137	3	4	3	4	2	5	4	3	4	3	1
R00138	1	2	5	0	2	5	2	1	2	1	1
R00139	5	1	4	3	5	1	4	5	4	2	1
R00140	3	3	5	3	4	5	4	4	5	2	2
R00141	2	4	3	1	3	4	5	1	4	1	1
R00142	5	4	5	3	3	4	5	5	5	5	2
R00143	4	2	2	5	5	5	2	2	3	3	2
R00144	4	4	3	3	4	5	5	3	4	1	1
R00145	5	5	4	5	4	4	5	2	4	4	1
R00146	5	2	4	4	5	5	5	4	4	5	1
R00147	5	4	2	4	5	5	5	5	5	4	1
R00148	2	2	3	4	2	4	1	2	2	2	2
R00149	2	2	5	4	3	5	1	5	4	4	2
R00150	4	1	3	3	3	4	2	2	1	5	2
R00151	4	2	5	2	4	5	4	4	4	3	1
R00152	4	3	4	3	2	5	4	4	4	4	1
R00153	4	5	5	3	2	3	5	1	5	2	2
R00154	5	3	4	4	4	5	4	3	4	4	2
R00155	4	5	4	3	4	4	2	4	2	1	2
R00156	5	2	4	3	5	0	4	4	5	4	1
R00157	2	4	5	2	4	4	5	3	3	2	2
R00158	2	3	4	3	5	4	4	3	4	1	2
R00159	5	5	5	2	5	4	4	2	4	3	2
R00160	4	2	2	1	2	5	4	2	4	2	1
R00161	5	5	5	4	5	4	5	5	5	4	1
R00162	1	1	4	1	4	4	2	1	1	1	2
R00163	5	2	3	5	5	5	4	5	5	5	1
R00164	4	1	2	1	5	3	2	5	4	2	1
R00165	2	4	5	2	4	4	4	3	5	4	2
R00166	2	2	4	2	2	3	4	1	4	1	1
R00167	2	1	4	3	2	5	2	3	2	1	2
R00168	3	5	5	3	4	4	4	3	5	3	2
R00169	4	4	4	1	3	3	3	3	4	1	2
R00170	0	1	4	3	5	5	2	4	2	1	2
R00171	5	4	5	3	4	4	4	4	3	2	2
R00172	5	3	3	4	5	5	4	2	3	4	2
R00173	5	3	4	4	2	5	2	4	5	1	1
R00174	4	4	5	2	5	5	5	3	4	2	2
R00175	4	2	4	4	2	5	1	2	0	0	1
R00176	5	4	5	3	1	4	4	2	4	1	2
R00177	4	1	5	2	1	4	1	2	4	2	1
R00178	4	5	5	4	3	5	4	5	5	1	1
R00179	4	5	4	4	4	5	4	5	4	5	1
R00180	5	4	1	5	4	5	4	5	4	5	2
R00181	4	5	5	3	3	5	4	4	5	4	2
R00182	3	4	3	3	4	4	3	1	3	2	1
R00183	5	5	5	2	2	4	4	2	3	2	1
R00184	4	1	3	5	5	5	5	5	5	2	1
R00185	5	2	5	2	3	4	4	2	4	1	2
R00186	5	3	5	3	3	5	4	3	0	2	2
R00187	4	4	4	1	2	5	2	2	5	2	2
R00188	5	4	4	5	4	2	2	5	5	5	1
R00189	2	2	2	4	2	5	2	4	4	2	2
R00190	5	5	4	4	4	4	5	5	4	4	2
R00191	5	1	4	2	1	3	4	5	4	2	2
R00192	2	5	5	2	1	4	3	2	4	1	1
R00193	3	2	4	2	3	5	2	4	5	3	1
R00194	4	1	4	5	2	4	0	5	2	2	1
R00195	4	2	4	2	3	5	2	4	5	4	2
R00196	5	5	4	4	5	5	2	5	5	4	1
R00197	5	2	5	4	5	5	3	5	4	4	2
R00198	3	5	4	3	3	5	4	4	4	2	1
R00199	5	1	1	5	3	5	1	5	4	2	1
R00200	4	5	2	3	3	4	4	3	5	2	1
R00201	3	5	5	4	4	5	5	1	4	4	2
R00202	4	2	5	3	2	5	4	3	2	1	2
R00203	2	4	4	1	1	4	2	1	1	1	1
R00204	5	2	4	1	4	4	4	2	2	1	1
R00205	4	5	5	3	4	5	4	3	5	4	1
R00206	2	2	4	1	0	4	1	3	3	1	2
R00207	5	5	5	2	2	4	4	4	5	2	2
R00208	5	2	3	5	3	4	2	4	4	4	2
R00209	2	2	4	2	1	4	4	3	4	1	1
R00210	4	4	5	4	5	5	5	5	5	4	2
R00211	4	4	4	2	2	3	5	4	4	2	2
R00212	1	4	3	3	2	3	4	2	5	1	1
R00213	5	5	5	3	5	5	4	5	4	5	1
R00214	4	2	0	4	1	4	3	1	3	1	1
R00215	5	5	4	1	2	5	3	1	5	2	2
R00216	4	5	2	3	4	5	5	1	4	1	2
R00217	4	2	2	3	4	4	5	3	3	3	1
R00218	5	2	5	2	4	4	4	4	2	3	2
R00219	1	1	3	2	1	2	2	1	2	1	1
R00220	5	4	5	1	4	5	4	5	5	1	1
R00221	2	2	5	2	4	2	5	5	3	2	2
R00222	3	2	3	4	4	4	2	4	4	5	1
R00223	5	1	2	2	4	2	3	3	2	1	1
R00224	5	4	4	3	4	4	4	2	3	1	1
R00225	5	4	5	4	4	4	4	5	4	4	1
R00226	5	1	4	3	3	4	1	5	5	5	1
R00227	3	5	5	3	4	5	5	3	5	3	2
R00228	4	5	4	1	2	5	4	2	2	3	2
R00229	4	4	2	2	3	5	2	3	4	3	1
R00230	3	4	1	3	3	4	5	2	4	2	1
R00231	3	1	2	4	4	2	3	4	4	4	1
R00232	4	1	5	4	4	5	3	5	2	4	2
R00233	5	4	5	4	5	5	4	5	5	5	1
R00234	4	3	3	3	1	2	2	2	3	2	1
R00235	5	3	4	3	4	4	4	4	3	2	1
R00236	4	5	4	2	5	3	4	4	5	1	1
R00237	3	2	5	5	4	4	4	3	3	3	2
R00238	5	1	2	3	4	5	2	3	4	3	2
R00239	5	1	1	3	3	3	4	4	2	4	1
R00240	4	4	5	2	5	4	5	4	5	2	2
R00241	2	3	4	1	1	2	4	1	4	1	1
R00242	4	4	4	4	4	4	5	4	4	2	2
R00243	5	5	5	3	3	4	5	5	5	5	2
R00244	2	3	4	3	4	5	3	5	4	2	1
R00245	0	3	4	1	3	4	3	1	4	1	2
R00246	4	1	1	2	4	4	4	2	5	1	1
R00247	3	4	5	1	2	3	5	1	4	1	1
R00248	4	4	4	2	3	5	4	4	4	1	1
R00249	3	2	4	2	3	4	4	1	3	2	2
R00250	2	2	5	1	2	1	2	1	4	3	2
R00251	0	4	5	2	5	2	4	5	4	3	2
R00252	1	4	4	1	1	3	5	1	3	2	1
R00253	5	4	4	2	3	5	4	5	4	3	2
R00254	5	3	5	4	5	4	4	5	5	5	2
R00255	4	3	3	1	4	4	4	2	4	2	1
R00256	5	2	5	4	4	2	5	4	4	4	2
R00257	4	5	4	4	5	4	4	5	5	4	1
R00258	4	2	3	2	4	5	4	4	2	2	1
R00259	4	3	3	4	2	5	2	2	3	1	2
R00260	5	4	5	2	5	4	4	3	4	2	2
R00261	3	2	4	2	4	4	4	3	4	5	1
R00262	4	4	5	5	3	4	4	5	4	1	1
R00263	5	5	3	4	3	5	4	2	5	5	1
R00264	5	2	4	4	5	2	4	5	5	5	2
R00265	4	2	2	2	2	3	2	3	2	1	2
R00266	5	3	5	2	4	4	4	2	4	1	2
R00267	4	2	4	3	4	3	4	4	4	2	1
R00268	3	2	4	4	3	5	3	5	4	5	1
R00269	3	4	4	1	2	4	4	1	3	1	1
R00270	4	1	4	1	2	3	2	2	2	1	1
R00271	0	1	4	2	4	4	2	2	4	2	2
R00272	5	1	4	3	2	4	2	4	4	3	2
R00273	5	4	5	3	1	5	4	4	5	2	1
R00274	5	5	3	3	4	5	4	4	4	2	1
R00275	2	5	4	1	1	4	5	2	3	1	2
R00276	4	4	4	4	3	4	4	2	5	5	1
R00277	2	1	1	2	2	4	1	2	3	2	2
R00278	4	3	5	3	3	5	4	5	4	4	1
R00279	2	2	5	1	3	5	4	2	5	2	2
R00280	4	4	3	5	3	0	3	5	4	5	1
R00281	5	3	4	5	4	4	4	5	4	5	1
R00282	5	4	5	5	5	4	3	4	4	4	1
R00283	5	1	2	4	5	5	4	5	5	5	2
R00284	4	4	2	3	5	4	4	4	4	3	2
R00285	5	4	5	3	0	5	4	4	5	5	2
R00286	5	4	4	5	5	5	5	5	5	4	2
R00287	5	4	5	1	4	5	5	4	5	5	2
R00288	4	2	4	1	4	4	5	4	4	1	1
R00289	5	5	5	4	2	3	4	5	3	5	2
R00290	4	1	2	2	4	2	4	2	1	2	2
R00291	3	3	5	2	2	4	5	3	4	3	2
R00292	3	4	5	3	3	5	4	3	4	1	2
R00293	5	2	4	1	4	5	4	4	4	2	2
R00294	5	4	4	3	4	5	2	2	3	2	2
R00295	4	4	4	4	4	5	4	4	3	2	1
R00296	5	3	5	2	1	4	4	1	3	2	2
R00297	4	4	5	2	1	3	2	2	4	2	2
R00298	4	4	5	3	2	4	4	2	4	2	2
R00299	2	2	5	2	5	4	4	4	4	4	2
R00300	5	4	5	4	4	4	0	3	5	4	2
R00301	4	1	4	4	2	4	5	1	4	1	2
R00302	3	4	5	5	4	5	5	4	0	5	2
R00303	5	5	3	3	3	3	4	3	4	1	1
R00304	3	2	5	2	2	3	4	2	3	4	2
R00305	4	2	1	2	4	4	2	4	0	2	1
R00306	4	1	4	3	5	5	4	5	5	5	2
R00307	2	1	2	1	1	4	1	1	2	1	2
R00308	4	3	3	3	3	5	4	4	3	2	2
R00309	5	5	4	5	4	4	4	5	4	4	1
R00310	4	3	3	3	2	3	4	5	4	4	1
R00311	5	1	4	3	5	2	2	4	4	5	2
R00312	5	3	5	5	5	4	4	5	4	5	2
R00313	5	4	4	5	5	5	4	4	5	5	2
R00314	3	1	4	0	4	4	4	4	1	1	1
R00315	4	3	5	3	3	4	4	2	5	2	1
R00316	3	2	2	4	2	5	2	4	2	2	1
R00317	5	4	4	4	4	3	3	3	4	4	2
R00318	4	3	5	5	4	5	5	4	5	1	1
R00319	4	2	4	2	2	5	4	5	4	1	2
R00320	5	3	4	1	4	3	4	4	4	4	1
R00321	2	4	4	2	4	4	5	3	5	1	2
R00322	0	5	5	4	4	4	4	0	5	3	2
R00323	1	4	5	1	1	5	3	2	2	1	2
R00324	5	4	5	1	2	4	4	5	4	3	2
R00325	4	1	3	1	1	3	1	1	1	1	2
R00326	2	5	5	2	3	4	3	2	4	2	1
R00327	5	5	0	5	4	5	5	4	5	5	1
R00328	5	5	5	4	3	4	4	1	3	1	2
R00329	5	0	5	2	2	3	3	4	3	2	2
R00330	4	3	5	2	3	3	4	3	3	1	1
R00331	5	1	5	2	2	5	3	3	4	3	1
R00332	5	5	2	4	4	2	5	5	5	4	2
R00333	2	4	4	1	2	4	5	1	1	1	2
R00334	4	3	4	3	4	4	0	2	4	2	2
R00335	4	4	4	4	3	4	3	4	4	3	1
R00336	0	2	5	3	4	2	4	3	4	2	2
R00337	5	5	5	5	5	0	4	4	5	4	2
R00338	4	2	4	2	2	5	3	3	4	4	1
R00339	5	5	5	4	3	5	4	3	5	2	1
R00340	3	1	2	3	4	2	2	4	4	4	1
R00341	5	4	4	3	4	4	5	4	5	4	1
R00342	2	2	2	2	2	3	3	3	2	2	1
R00343	5	3	1	1	5	4	3	4	3	2	1
R00344	3	1	3	1	2	3	1	3	1	1	1
R00345	4	2	4	1	3	4	4	4	5	1	1
R00346	3	5	5	3	1	2	4	2	4	2	2
R00347	5	2	5	4	4	5	4	5	5	2	2
R00348	4	2	5	3	4	4	4	2	5	2	2
R00349	4	4	5	0	5	0	4	2	5	2	2
R00350	5	4	5	2	3	4	2	2	5	5	2
R00351	5	4	4	5	4	2	4	4	5	2	2
R00352	4	4	5	4	2	4	4	1	4	1	2
R00353	3	4	5	3	4	4	4	2	4	3	1
R00354	2	4	4	5	3	4	4	4	4	3	2
R00355	5	4	2	5	4	4	4	5	4	3	1
R00356	4	4	4	3	3	4	4	3	4	1	1
R00357	3	4	2	4	5	4	3	4	4	5	1
R00358	5	4	1	3	4	4	5	3	4	5	1
R00359	4	4	5	3	4	4	4	2	4	2	1
R00360	5	3	5	5	4	4	5	2	5	4	1
R00361	2	5	4	3	2	3	4	1	5	1	2
R00362	4	3	3	2	3	4	5	4	4	4	1
R00363	4	4	4	2	2	4	2	2	2	4	2
R00364	3	4	5	1	2	5	4	2	4	1	1
R00365	5	4	1	4	4	4	4	4	5	2	1
R00366	5	5	5	2	4	4	4	4	5	3	2
R00367	5	3	3	5	4	3	1	5	4	4	1
R00368	1	2	4	0	2	1	4	2	4	1	1
R00369	5	1	2	1	2	4	2	0	3	1	1
R00370	4	1	4	5	4	4	4	5	2	3	1
R00371	4	4	5	1	5	2	4	2	4	4	1
R00372	4	5	5	4	4	2	5	2	5	4	2
R00373	2	3	3	2	1	5	2	1	3	4	2
R00374	4	5	4	2	2	4	5	4	4	2	2
R00375	3	3	3	2	3	4	2	2	4	3	2
R00376	4	4	4	3	2	4	5	5	5	3	1
R00377	3	1	4	4	4	3	4	4	2	2	2
R00378	3	4	1	2	1	4	3	2	2	2	1
R00379	5	4	4	2	4	3	3	4	4	2	2
R00380	4	4	5	4	4	5	4	2	5	5	1
R00381	5	4	4	1	5	4	5	3	5	4	1
R00382	5	5	5	5	5	5	5	5	5	5	2
R00383	3	4	4	3	2	4	3	2	4	2	2
R00384	5	4	4	4	4	4	5	5	5	5	2
R00385	4	2	5	4	4	2	4	3	4	2	2
R00386	1	0	4	4	3	3	4	4	4	1	1
R00387	3	4	5	4	3	5	4	4	3	2	2
R00388	5	5	4	2	2	4	5	4	4	2	2
R00389	4	1	2	4	5	4	2	5	4	3	2
R00390	3	4	2	5	4	2	2	5	4	3	2
R00391	2	4	5	4	2	4	4	4	4	1	1
R00392	4	5	5	3	5	5	5	4	5	5	1
R00393	2	1	1	2	2	5	2	2	4	1	1
R00394	4	5	5	3	4	4	4	3	5	2	1
R00395	3	2	4	2	1	5	2	1	2	1	1
R00396	3	2	1	2	1	4	4	3	4	2	2
R00397	3	2	2	3	4	5	4	4	2	4	1
R00398	5	4	4	1	5	2	4	5	5	3	1
R00399	3	4	5	1	2	2	4	3	4	4	2
R00400	3	2	2	2	4	5	5	3	4	3	1
R00401	5	4	4	5	1	5	4	4	4	3	1
R00402	5	5	5	0	3	3	5	3	5	4	2
R00403	4	2	4	3	5	5	5	3	4	2	1
R00404	4	4	3	2	5	3	4	3	5	5	1
R00405	5	3	3	5	4	5	4	5	5	5	1
R00406	5	5	3	4	3	2	4	5	5	5	1
R00407	4	3	2	3	3	1	2	3	2	1	1
R00408	5	2	5	4	5	3	3	5	4	5	2
R00409	5	2	3	5	5	5	3	4	4	3	1
R00410	5	5	5	4	5	5	5	5	4	4	2
R00411	4	2	4	5	4	5	5	5	4	4	1
R00412	1	4	4	3	2	4	4	1	5	1	1
R00413	3	2	4	3	4	5	4	1	4	1	1
R00414	5	4	5	5	5	4	3	4	4	2	1
R00415	4	4	3	5	4	5	2	4	4	2	1
R00416	5	2	3	3	3	4	2	4	4	2	1
R00417	4	5	5	2	4	4	5	5	5	4	1
R00418	5	2	1	2	4	5	5	4	4	3	1
R00419	3	2	5	2	2	2	4	2	3	3	1
R00420	3	4	4	2	2	2	5	3	4	1	1
R00421	5	4	3	5	4	4	4	5	5	3	1
R00422	4	4	4	4	3	4	4	2	2	4	2
R00423	2	5	5	2	2	2	5	2	4	3	2
R00424	3	4	4	2	2	4	4	1	3	4	1
R00425	4	5	5	4	5	5	5	5	5	4	2
R00426	5	2	5	2	5	4	2	4	4	4	1
R00427	4	3	4	4	3	4	5	4	4	1	1
R00428	5	1	3	3	4	3	2	5	3	5	1
R00429	4	4	5	2	3	4	4	5	5	1	2
R00430	5	2	4	2	2	2	2	3	3	1	2
R00431	5	3	4	4	4	5	5	5	4	4	2
R00432	4	2	4	3	4	5	4	3	4	4	1
R00433	5	3	3	4	4	5	4	4	4	4	1
R00434	2	4	3	2	2	5	4	2	4	2	1
R00435	3	4	4	4	2	4	5	2	2	2	2
R00436	2	4	4	2	4	2	5	1	5	2	2
R00437	4	4	5	2	2	2	3	4	4	2	2
R00438	1	4	5	1	1	5	3	2	4	2	2
R00439	5	3	4	2	4	2	4	5	5	4	1
R00440	1	2	2	2	2	4	3	3	3	1	1
R00441	4	4	4	4	4	4	3	4	5	4	2
R00442	4	5	4	3	5	4	5	5	5	5	1
R00443	4	2	2	2	5	4	2	2	1	2	2
R00444	3	2	4	1	1	2	1	3	4	4	1
R00445	5	4	5	5	5	5	4	4	4	3	2
R00446	2	5	5	2	1	5	4	2	4	0	2
R00447	4	2	4	4	4	3	4	4	4	4	2
R00448	2	4	4	4	2	4	4	4	1	3	1
R00449	5	1	3	3	5	4	3	3	4	5	2
R00450	5	3	4	5	3	4	5	4	5	2	1
R00451	2	3	4	0	1	4	2	1	2	1	2
R00452	2	4	4	1	4	5	5	2	5	1	1
R00453	4	5	4	3	4	5	4	5	5	4	1
R00454	5	3	5	2	5	4	4	5	5	3	2
R00455	4	3	4	1	2	5	5	3	4	3	2
R00456	3	2	1	5	3	5	2	4	3	4	1
R00457	5	5	5	4	5	5	5	4	5	5	2
R00458	5	5	5	5	4	2	5	5	5	2	1
R00459	5	4	5	5	4	5	4	3	5	3	2
R00460	4	5	4	3	2	4	4	1	5	2	1
R00461	4	5	5	1	2	5	4	3	5	1	2
R00462	5	2	5	3	1	4	1	3	5	4	2
R00463	5	0	1	2	4	3	3	0	3	5	1
R00464	3	4	5	2	3	5	4	4	4	2	2
R00465	5	3	5	2	4	4	5	5	5	2	2
R00466	4	3	4	5	2	4	2	4	4	5	1
R00467	5	0	5	4	4	5	2	5	4	4	2
R00468	3	4	4	3	2	3	4	2	5	2	1
R00469	3	5	5	2	4	4	4	3	5	2	1
R00470	3	4	4	1	2	4	2	3	5	4	2
R00471	4	1	4	2	3	5	4	4	4	2	1
R00472	4	4	5	3	2	5	5	4	5	3	2
R00473	3	1	4	3	4	4	2	1	1	1	2
R00474	4	5	4	2	5	5	5	3	5	1	2
R00475	4	2	2	2	4	5	5	3	4	2	2
R00476	5	1	2	2	4	5	1	5	3	4	2
R00477	2	2	1	1	2	0	2	1	1	1	1
R00478	5	3	3	3	5	5	2	4	4	4	2
R00479	5	5	5	3	4	5	5	5	5	5	1
R00480	4	4	5	5	4	5	3	4	5	5	2
R00481	5	2	4	3	4	5	1	3	2	1	2
R00482	4	4	5	2	5	5	5	4	4	4	1
R00483	4	2	2	5	1	3	3	3	4	4	1
R00484	2	4	5	2	2	5	4	5	5	2	2
R00485	4	4	5	4	4	5	5	4	5	2	2
R00486	3	3	4	5	3	4	4	4	5	4	2
R00487	3	1	2	1	3	2	3	3	1	1	1
R00488	5	5	5	3	3	4	4	4	4	2	1
R00489	4	1	4	4	5	5	4	4	4	2	1
R00490	2	2	4	2	4	4	4	4	2	5	1
R00491	4	5	4	2	4	4	3	2	5	2	2
R00492	4	4	2	2	3	5	5	4	4	5	2
R00493	5	2	5	2	2	3	4	3	4	2	1
R00494	5	1	5	4	3	3	1	4	4	1	2
R00495	4	2	2	2	4	4	3	3	3	3	2
R00496	4	4	4	2	4	4	2	4	5	3	2
R00497	4	3	2	4	2	2	4	3	3	5	1
R00498	0	2	3	4	3	5	3	4	5	4	1
R00499	4	4	5	4	4	4	5	1	4	5	2
R00500	5	5	5	1	5	4	5	4	5	3	2
R00501	4	4	4	1	2	2	5	2	4	0	1
R00502	5	4	5	2	4	5	4	5	4	2	2
R00503	4	1	4	3	2	1	3	2	1	1	2
R00504	1	1	3	2	2	5	2	1	3	2	1
R00505	1	4	4	1	1	3	1	2	2	2	1
R00506	4	1	4	1	3	4	0	2	2	3	2
R00507	5	5	2	3	3	3	4	3	5	1	1
R00508	4	5	5	4	4	4	5	5	5	4	2
R00509	4	4	5	2	4	2	4	4	5	2	1
R00510	4	4	3	1	4	5	4	2	4	1	2
R00511	3	4	4	2	1	5	2	2	4	2	2
R00512	4	4	2	2	4	5	5	2	4	2	2
R00513	5	1	2	2	4	3	3	2	0	1	1
R00514	5	0	5	0	5	5	4	4	5	4	2
R00515	5	3	4	4	2	5	4	2	5	2	1
R00516	4	3	5	1	2	4	4	4	4	3	2
R00517	5	4	5	0	4	5	4	4	3	2	1
R00518	3	5	4	2	3	4	3	4	4	0	2
R00519	3	1	4	1	1	5	1	2	1	2	2
R00520	4	1	2	3	4	5	4	2	2	2	2
R00521	2	2	2	1	2	4	4	2	4	1	2
R00522	4	5	4	2	4	5	5	5	2	4	2
R00523	5	2	3	2	4	3	4	4	4	1	1
R00524	4	3	1	2	2	5	2	2	2	1	1
R00525	4	5	1	3	4	5	4	0	4	3	1
R00526	3	4	3	2	1	4	2	4	3	1	1
R00527	5	3	4	4	4	5	3	4	3	3	1
R00528	4	5	5	2	5	4	4	5	5	3	1
R00529	5	2	4	2	1	5	2	5	3	3	2
R00530	4	5	4	2	2	2	4	3	4	1	1
R00531	2	2	5	4	4	4	4	2	3	2	2
R00532	5	1	4	2	1	4	1	3	4	1	1
R00533	2	1	3	1	1	3	2	1	4	0	1
R00534	4	3	5	2	2	4	3	5	3	1	1
R00535	5	2	5	5	2	1	4	4	5	5	2
R00536	1	1	4	5	3	5	2	2	2	2	2
R00537	3	1	1	2	1	4	1	4	2	1	1
R00538	4	1	4	3	4	4	2	2	4	2	2
R00539	4	1	2	1	1	5	1	1	1	1	1
R00540	5	3	4	1	4	4	5	2	4	4	1
R00541	3	2	1	1	2	4	1	2	1	1	1
R00542	4	4	5	1	1	5	4	2	4	2	2
R00543	5	2	4	2	4	3	4	4	4	4	1
R00544	5	3	4	5	5	4	4	5	5	3	1
R00545	4	4	4	2	4	5	4	4	5	1	1
R00546	2	4	4	4	5	3	3	2	4	1	1
R00547	5	4	4	4	3	4	4	5	4	2	2
R00548	3	1	1	4	2	2	1	4	3	1	1
R00549	4	2	4	2	4	5	2	2	4	3	2
R00550	4	3	3	3	4	4	2	2	2	1	1
R00551	4	3	2	4	3	5	1	4	2	3	2
R00552	4	1	3	1	2	5	2	2	1	2	2
R00553	5	4	5	1	4	3	4	4	4	5	2
R00554	5	5	5	2	4	4	3	0	4	2	1
R00555	5	5	5	1	2	4	4	3	5	1	2
R00556	4	1	5	2	3	4	0	5	5	2	2
R00557	4	3	5	2	5	5	4	4	5	4	2
R00558	4	4	5	0	5	4	4	4	5	3	1
R00559	5	3	5	3	4	2	4	5	5	5	2
R00560	5	4	4	5	4	5	5	5	5	4	2
R00561	4	4	5	2	2	5	4	3	5	4	2
R00562	5	2	2	3	5	5	5	0	4	4	1
R00563	4	3	4	3	3	4	1	2	4	1	2
R00564	5	4	5	2	2	5	4	3	4	2	2
R00565	4	4	4	4	3	5	4	3	4	2	1
R00566	1	1	2	1	2	4	3	1	1	1	1
R00567	2	2	3	1	1	3	2	2	4	2	1
R00568	5	5	5	3	5	4	4	5	5	4	2
R00569	4	5	5	5	4	5	5	4	0	4	2
R00570	2	4	4	2	1	3	0	2	3	4	1
R00571	3	4	5	2	2	4	4	2	4	2	1
R00572	4	5	5	3	3	4	4	2	4	2	2
R00573	4	1	3	3	4	3	2	4	2	2	2
R00574	4	2	3	3	4	2	4	2	2	4	1
R00575	5	5	4	5	4	4	3	5	5	5	1
R00576	4	2	4	2	2	5	3	1	2	1	2
R00577	4	4	4	1	2	4	4	3	5	1	1
R00578	4	4	2	4	3	3	2	3	4	2	2
R00579	1	0	3	2	2	1	3	2	1	1	2
R00580	5	2	4	5	2	5	4	5	4	2	2
R00581	4	5	5	2	4	2	3	5	2	3	2
R00582	5	1	1	2	4	5	2	5	3	4	1
R00583	4	3	4	2	2	0	2	2	3	2	1
R00584	4	4	5	2	2	4	4	3	3	2	2
R00585	3	2	4	2	2	4	2	3	4	2	2
R00586	4	3	3	2	3	5	3	2	4	4	2
R00587	4	4	5	5	4	4	4	4	5	4	2
R00588	5	1	2	2	4	4	2	3	2	4	1
R00589	3	5	5	2	5	2	5	3	5	2	1
R00590	2	2	2	1	1	4	2	2	3	2	1
R00591	4	5	4	1	3	3	4	2	3	2	1
R00592	5	1	1	5	5	4	2	4	3	5	2
R00593	2	4	3	1	2	3	3	4	5	1	1
R00594	5	4	3	5	5	5	4	5	5	5	1
R00595	4	5	4	2	2	4	4	3	5	2	2
R00596	4	2	4	1	2	4	3	1	4	2	2
R00597	4	5	5	4	3	4	4	4	5	2	1
R00598	5	2	4	4	5	4	3	4	5	5	1
R00599	2	4	5	2	1	3	2	1	5	4	1
R00600	3	4	5	1	2	4	4	1	4	1	2
R00601	4	1	3	5	4	4	2	2	4	5	1
R00602	3	3	4	4	4	5	4	4	4	2	1
R00603	4	5	5	3	2	4	5	4	5	1	2
R00604	4	4	5	4	5	4	4	2	4	4	1
R00605	3	3	4	2	4	2	2	2	5	2	1
R00606	4	1	4	2	1	4	2	2	4	1	2
R00607	5	3	4	4	5	1	5	4	5	5	2
R00608	4	4	3	3	3	4	4	5	2	2	1
R00609	2	2	5	2	4	4	0	4	4	2	2
R00610	4	4	4	3	3	4	4	2	4	2	2
R00611	5	5	5	3	3	2	5	3	5	2	1
R00612	3	4	4	1	2	4	2	2	3	1	1
R00613	4	5	5	5	3	4	4	1	5	2	1
R00614	4	5	4	2	2	3	4	1	5	2	1
R00615	3	5	5	2	2	2	4	2	2	1	1
R00616	4	5	4	4	4	3	5	1	4	2	2
R00617	4	3	5	1	4	5	3	5	4	2	2
R00618	4	1	1	1	2	5	2	4	2	2	1
R00619	5	4	5	4	5	5	4	2	5	3	2
R00620	5	1	2	0	5	3	4	4	2	3	1
R00621	5	4	4	4	4	5	5	4	5	5	1
R00622	4	4	4	2	4	4	4	2	4	2	1
R00623	3	3	4	2	2	4	2	1	5	1	2
R00624	3	4	4	5	4	2	4	4	5	4	1
R00625	4	1	2	1	4	4	4	3	5	4	1
R00626	2	2	5	1	2	3	4	4	1	2	2
R00627	4	4	1	2	2	4	5	1	4	1	1
R00628	2	4	3	4	3	4	2	3	4	2	1
R00629	3	1	4	4	5	4	4	4	4	1	2
R00630	5	4	5	5	2	3	4	4	4	2	2
R00631	2	1	4	1	2	5	4	2	1	2	1
R00632	3	2	4	2	1	4	2	2	1	1	1
R00633	4	1	3	2	3	5	2	3	2	2	2
R00634	5	3	4	2	2	5	2	4	4	4	2
R00635	3	3	4	4	5	5	4	2	4	4	1
R00636	2	4	5	3	1	2	4	1	2	2	2
R00637	3	4	5	1	4	5	4	5	5	5	1
R00638	5	1	4	4	3	4	4	5	5	5	1
R00639	5	5	5	4	4	2	0	4	5	5	1
R00640	2	1	4	1	4	3	4	4	2	3	1
R00641	2	1	2	1	2	5	2	4	1	1	1
R00642	4	3	5	1	4	1	5	0	5	1	2
R00643	3	1	4	2	2	5	1	2	4	2	1
R00644	3	4	5	1	4	5	5	1	5	2	2
R00645	4	3	2	2	4	5	4	4	3	0	1
R00646	4	5	2	5	4	4	4	4	5	1	1
R00647	4	1	0	4	2	4	1	2	4	4	1
R00648	4	4	5	3	2	5	4	4	3	4	1
R00649	4	4	5	4	5	5	5	5	4	2	1
R00650	5	5	4	3	4	4	5	4	5	4	1
R00651	5	4	5	4	5	5	2	4	5	5	2
R00652	5	4	5	2	2	2	4	3	4	2	1
R00653	5	3	4	4	3	4	2	5	5	5	1
R00654	5	4	4	4	4	4	4	2	5	5	1
R00655	5	4	4	4	3	4	1	5	5	3	1
R00656	3	4	2	2	4	3	4	4	2	2	1
R00657	4	0	4	1	1	5	2	4	1	2	2
R00658	5	1	4	5	4	5	1	4	2	5	2
R00659	4	2	2	2	5	4	4	4	5	3	2
R00660	3	4	5	3	4	5	5	4	4	2	2
R00661	5	2	5	2	4	4	5	4	5	4	1
R00662	5	5	5	4	4	5	3	5	3	5	2
R00663	4	5	5	4	2	4	5	4	5	3	2
R00664	4	4	5	3	3	4	5	4	5	3	2
R00665	5	5	4	3	4	5	5	2	5	4	2
R00666	5	4	4	1	5	4	4	0	4	1	2
R00667	2	2	2	2	4	4	4	1	4	1	2
R00668	5	1	4	2	2	5	5	2	4	1	1
R00669	5	4	5	5	5	4	5	5	5	5	1
R00670	5	1	4	2	4	5	3	4	4	5	1
R00671	2	4	5	3	3	4	3	3	4	2	1
R00672	2	5	4	3	2	3	4	2	4	1	1
R00673	3	4	2	2	2	2	4	1	4	2	1
R00674	4	5	4	2	1	4	4	3	5	2	1
R00675	4	4	5	4	3	4	4	5	5	1	2
R00676	5	4	3	5	5	5	4	5	5	5	1
R00677	5	5	4	3	3	4	4	5	5	3	1
R00678	5	5	4	4	3	4	4	5	5	2	1
R00679	5	1	4	3	4	4	2	5	4	5	2
R00680	3	3	4	2	1	4	4	4	5	3	1
R00681	3	5	4	3	3	5	2	4	4	2	2
R00682	4	2	2	2	5	4	1	4	2	2	1
R00683	4	2	2	0	2	5	3	2	4	2	1
R00684	4	3	5	2	3	4	4	1	3	2	2
R00685	5	5	5	3	5	3	2	4	5	2	2
R00686	4	1	1	3	3	5	4	4	2	2	1
R00687	4	5	5	3	2	4	5	1	3	2	1
R00688	3	2	5	0	2	4	4	2	2	1	2
R00689	5	5	4	2	3	4	4	5	4	2	2
R00690	3	2	4	5	2	3	2	5	4	2	1
R00691	5	4	5	4	4	3	4	4	5	5	2
R00692	4	0	3	4	3	4	4	4	3	2	1
R00693	1	1	5	1	1	1	2	1	2	1	1
R00694	5	3	4	3	2	4	2	5	3	4	2
R00695	3	1	4	4	3	5	1	5	1	2	2
R00696	4	2	3	4	3	5	1	5	5	4	2
R00697	4	4	2	4	5	5	4	4	4	5	2
R00698	4	1	4	1	4	5	2	4	1	4	2
R00699	2	1	2	2	1	3	4	2	2	1	1
R00700	5	5	5	4	5	3	5	5	5	0	2
R00701	5	1	5	1	4	2	4	4	4	3	2
R00702	2	4	1	3	2	3	4	2	4	2	1
R00703	4	5	5	2	2	4	5	4	5	1	2
R00704	3	1	2	3	3	4	4	2	2	2	1
R00705	2	4	5	1	4	5	5	4	4	2	1
R00706	4	4	5	4	3	4	5	5	4	4	1
R00707	5	2	5	3	4	4	2	2	3	2	2
R00708	4	2	3	5	3	5	5	4	4	3	2
R00709	4	2	5	1	4	3	4	5	5	4	1
R00710	4	3	5	4	4	5	5	4	5	4	2
R00711	5	5	5	4	5	5	5	4	4	3	1
R00712	5	4	4	4	4	5	3	5	5	5	1
R00713	1	2	5	2	2	2	5	2	2	1	1
R00714	4	2	2	2	4	5	2	5	4	3	2
R00715	2	1	3	1	2	4	4	1	2	2	1
R00716	4	4	4	1	1	4	2	3	2	1	2
R00717	5	5	5	4	0	4	4	5	5	5	2
R00718	3	4	2	2	4	5	4	2	3	2	1
R00719	4	3	5	2	4	2	5	4	5	3	2
R00720	4	1	2	3	4	4	2	2	2	2	2
R00721	2	3	2	4	4	4	5	4	4	3	1
R00722	3	2	2	1	4	5	5	4	4	1	1
R00723	3	4	5	3	3	4	5	2	5	5	1
R00724	4	4	5	2	2	0	4	2	4	4	2
R00725	5	2	4	3	4	5	5	3	5	2	1
R00726	4	5	5	2	2	3	5	4	5	3	1
R00727	4	2	5	2	2	4	4	4	2	4	1
R00728	5	3	3	4	3	4	1	5	5	4	1
R00729	5	4	4	4	5	4	5	4	4	4	2
R00730	5	2	4	5	4	4	3	4	5	1	2
R00731	5	4	4	3	5	2	5	5	5	3	2
R00732	5	3	2	3	4	5	3	4	4	3	2
R00733	5	5	4	3	4	0	5	2	5	1	2
R00734	5	3	4	4	5	4	4	2	4	3	2
R00735	5	3	5	5	5	5	3	5	4	4	2
R00736	4	4	3	4	3	2	4	5	2	2	2
R00737	2	4	5	4	3	5	2	3	4	2	2
R00738	5	3	4	1	4	2	5	3	5	2	1
R00739	4	4	4	2	3	4	0	4	3	2	1
R00740	4	4	5	1	3	5	5	2	4	2	2
R00741	4	5	2	5	3	3	4	3	5	2	1
R00742	2	4	4	1	2	3	3	3	3	1	1
R00743	4	4	5	2	1	5	3	3	4	2	1
R00744	2	3	4	2	2	5	1	1	4	1	2
R00745	4	3	5	2	4	4	4	4	4	3	1
R00746	1	3	2	2	2	0	5	1	1	1	1
R00747	4	2	2	2	2	4	2	1	4	4	1
R00748	5	1	2	3	4	3	4	2	3	1	2
R00749	5	3	5	4	4	5	4	5	4	4	2
R00750	5	3	0	3	4	5	5	4	5	4	1
R00751	3	4	5	2	2	5	4	1	5	5	2
R00752	3	3	5	3	4	4	3	5	3	2	2
R00753	4	4	4	2	5	4	2	4	3	2	1
R00754	3	3	5	2	4	5	4	1	4	3	2
R00755	3	2	1	4	4	3	4	5	4	3	1
R00756	2	4	5	2	5	5	4	4	3	2	1
R00757	4	5	4	3	4	3	5	2	5	1	2
R00758	5	4	4	5	4	5	5	5	5	5	2
R00759	5	2	1	1	3	5	2	4	3	3	1
R00760	4	3	4	2	5	5	4	5	4	5	2
R00761	5	5	5	5	4	4	3	5	5	5	1
R00762	5	1	1	4	3	5	4	5	4	5	1
R00763	3	1	2	1	1	5	2	2	1	2	2
R00764	4	1	4	2	0	2	3	1	1	1	2
R00765	5	3	4	4	5	3	3	5	4	5	1
R00766	3	4	4	2	0	5	4	5	4	3	2
R00767	4	1	3	5	2	4	1	3	2	2	2
R00768	3	2	2	2	3	5	3	3	4	3	1
R00769	5	4	5	2	5	4	4	4	4	5	2
R00770	4	1	3	2	3	4	1	2	1	2	2
R00771	5	1	1	0	4	0	1	4	3	2	1
R00772	1	2	5	2	2	1	3	2	2	1	2
R00773	5	3	2	2	3	3	0	4	2	2	2
R00774	2	4	5	2	2	5	1	1	1	1	1
R00775	2	5	3	2	3	1	5	4	5	2	1
R00776	1	4	3	1	3	3	5	3	5	4	1
R00777	4	3	3	4	3	3	2	3	3	1	1
R00778	1	4	3	2	4	4	4	1	4	1	2
R00779	4	3	1	2	3	3	2	2	2	2	1
R00780	2	4	2	1	1	4	2	2	1	1	2
R00781	5	1	3	1	4	3	4	5	4	4	2
R00782	5	1	1	4	2	4	1	3	1	1	1
R00783	4	5	5	3	5	4	4	5	5	1	2
R00784	4	3	5	4	4	4	4	4	5	2	2
R00785	4	1	3	2	1	5	2	2	3	1	1
R00786	5	2	4	5	5	4	2	3	5	5	2
R00787	3	5	4	4	2	4	5	3	5	2	1
R00788	2	1	1	2	4	5	2	5	4	4	1
R00789	4	4	5	2	4	2	4	3	5	4	1
R00790	4	5	2	2	5	5	5	3	5	2	2
R00791	2	4	5	1	2	4	4	2	4	1	1
R00792	4	1	3	2	5	0	2	5	4	5	2
R00793	2	5	5	2	2	5	4	4	5	2	2
R00794	4	4	1	2	4	4	5	3	4	2	1
R00795	2	4	5	3	3	5	4	0	5	2	2
R00796	4	5	5	2	4	2	5	2	5	2	2
R00797	4	5	4	2	4	2	4	3	4	1	2
R00798	4	5	5	4	5	2	4	4	5	3	2
R00799	4	4	5	2	4	4	2	2	4	1	1
R00800	2	2	5	3	1	5	4	1	2	1	1
R00801	4	4	0	5	2	5	2	3	4	3	1
R00802	4	5	5	5	2	4	3	5	5	3	1
R00803	5	2	3	5	4	4	5	5	5	2	1
R00804	5	2	5	3	2	4	5	3	4	1	2
R00805	2	3	3	5	2	3	4	2	4	4	2
R00806	5	2	3	5	4	5	3	3	4	2	2
R00807	1	2	2	1	2	2	2	1	3	1	1
R00808	5	4	5	5	4	5	4	4	5	5	1
R00809	5	1	2	5	5	4	2	4	4	4	1
R00810	3	1	2	2	3	4	0	2	4	1	1
R00811	4	5	5	4	4	3	5	4	5	2	2
R00812	1	1	4	3	4	2	4	3	1	2	2
R00813	5	4	4	3	4	5	5	4	5	2	1
R00814	5	1	2	5	5	4	2	4	4	2	1
R00815	2	2	2	1	1	4	0	4	5	2	1
R00816	4	4	4	2	0	5	4	3	0	2	2
R00817	4	5	5	2	2	4	3	4	4	0	1
R00818	5	1	4	2	4	5	4	4	5	5	1
R00819	4	1	1	2	4	4	1	2	2	2	1
R00820	4	2	2	2	4	2	3	4	5	2	1
R00821	5	5	5	5	4	5	3	5	5	4	2
R00822	5	4	4	2	5	5	4	3	2	4	1
R00823	5	4	4	4	3	2	4	2	4	2	2
R00824	2	4	2	1	2	4	5	2	3	1	1
R00825	5	5	4	3	5	5	4	4	5	3	1
R00826	3	2	2	2	4	4	3	2	2	5	2
R00827	5	4	3	4	5	3	2	4	4	2	1
R00828	5	5	5	5	5	4	5	5	5	4	2
R00829	5	5	5	5	5	5	5	4	4	5	2
R00830	4	4	5	2	4	4	5	1	4	2	1
R00831	2	3	3	2	2	4	4	2	1	1	2
R00832	4	4	5	0	3	4	4	2	4	2	2
R00833	2	4	3	1	2	4	4	2	3	1	1
R00834	3	3	2	3	1	2	2	5	0	1	2
R00835	4	5	4	4	5	3	5	5	5	5	1
R00836	5	1	2	4	2	3	3	4	2	3	1
R00837	3	4	5	2	4	5	4	2	4	1	1
R00838	2	5	3	3	2	5	4	4	4	2	1
R00839	0	4	5	2	4	5	4	2	2	3	2
R00840	4	1	5	2	2	4	3	3	3	2	2
R00841	3	3	5	3	4	5	4	2	2	4	2
R00842	3	4	4	3	3	0	5	4	0	5	1
R00843	1	1	2	2	4	2	1	3	4	2	2
R00844	5	4	4	4	2	4	1	5	5	5	1
R00845	3	1	2	3	4	5	2	4	1	3	1
R00846	5	1	4	4	4	4	2	5	4	2	1
R00847	4	2	2	4	3	2	4	4	2	2	1
R00848	3	4	2	3	4	5	4	4	3	3	1
R00849	5	1	4	2	4	5	1	3	2	4	1
R00850	4	4	5	4	4	4	4	5	5	2	2
R00851	5	4	5	5	5	4	4	4	5	4	2
R00852	3	5	4	2	4	2	3	4	3	3	2
R00853	4	5	2	1	4	3	4	4	4	4	1
R00854	2	2	5	1	2	1	5	1	4	1	2
R00855	4	5	4	3	4	5	5	1	4	1	1
R00856	4	4	3	4	0	4	1	2	4	2	2
R00857	3	5	4	3	2	5	4	4	4	3	2
R00858	3	2	4	2	3	4	4	1	5	1	2
R00859	2	1	4	2	3	3	1	3	2	3	2
R00860	3	5	3	1	2	2	4	2	5	2	1
R00861	5	2	4	2	4	4	4	5	3	3	1
R00862	2	3	4	2	1	5	2	3	4	4	2
R00863	5	3	4	2	3	5	4	3	4	2	1
R00864	4	2	5	3	5	4	2	4	2	3	2
R00865	5	5	5	3	5	4	4	4	5	5	2
R00866	0	5	4	1	4	4	4	4	4	3	1
R00867	3	2	4	3	3	5	3	4	4	2	1
R00868	1	2	4	2	4	4	4	2	2	3	2
R00869	4	4	5	4	3	4	4	4	5	1	2
R00870	4	4	2	4	4	5	3	1	4	2	1
R00871	5	3	4	5	5	5	3	5	5	5	1
R00872	2	2	2	2	2	5	4	4	4	2	2
R00873	3	2	4	2	3	3	3	3	4	1	2
R00874	2	1	2	3	1	4	1	4	2	3	1
R00875	4	2	4	4	4	5	2	2	4	2	1
R00876	2	4	4	1	4	5	4	2	4	1	2
R00877	4	5	4	2	2	3	4	3	4	3	2
R00878	4	5	5	3	2	4	4	3	5	1	1
R00879	4	5	5	1	4	4	4	4	4	4	2
R00880	5	3	5	3	4	3	4	3	4	4	2
R00881	4	4	3	2	4	5	5	1	2	1	2
R00882	5	3	3	2	4	4	4	3	4	4	1
R00883	5	5	5	1	4	5	0	4	4	3	1
R00884	5	2	0	4	4	2	4	4	5	5	1
R00885	4	2	2	4	4	4	1	4	4	4	1
R00886	4	4	5	2	2	5	3	4	4	2	2
R00887	2	4	5	3	3	2	4	5	2	2	2
R00888	5	5	5	2	4	4	5	5	5	4	1
R00889	4	2	4	3	1	5	1	4	2	2	1
R00890	0	1	2	2	5	4	4	5	4	4	1
R00891	3	1	4	2	3	2	4	4	2	2	2
R00892	5	5	5	3	4	5	4	5	5	4	2
R00893	3	4	4	4	5	4	4	2	4	3	2
R00894	4	5	5	4	4	4	5	4	5	5	2
R00895	3	2	3	2	5	4	5	3	4	3	1
R00896	4	4	5	4	3	5	3	5	5	5	2
R00897	5	5	4	4	4	5	3	4	0	5	1
R00898	4	2	4	3	5	4	5	2	2	5	1
R00899	3	2	0	1	1	3	2	3	1	1	2
R00900	5	2	2	4	2	5	3	4	4	3	1
R00901	4	2	1	2	1	5	1	2	1	5	1
R00902	4	2	3	4	4	5	3	4	2	2	2
R00903	4	3	3	2	4	5	2	4	4	0	2
R00904	5	2	4	3	4	3	4	4	4	2	2
R00905	3	5	4	1	3	4	4	2	4	1	2
R00906	5	2	3	3	4	4	2	5	4	3	1
R00907	4	5	0	4	4	4	5	5	5	5	2
R00908	5	3	5	5	4	4	4	4	5	4	2
R00909	3	4	5	2	4	4	4	2	4	3	1
R00910	5	2	4	3	5	5	4	4	4	2	1
R00911	5	5	5	4	4	0	5	4	5	4	1
R00912	4	1	4	1	2	4	2	5	4	5	1
R00913	3	4	5	2	2	2	5	1	5	1	1
R00914	4	2	4	4	5	4	2	5	5	2	2
R00915	4	2	2	0	4	4	2	4	3	4	1
R00916	4	4	4	2	3	4	4	4	4	2	2
R00917	3	3	3	2	2	5	2	1	4	2	1
R00918	2	2	4	2	2	4	3	4	4	2	2
R00919	5	2	4	4	1	5	4	5	4	2	1
R00920	2	4	3	2	2	4	2	1	2	1	1
R00921	2	1	3	1	4	4	3	4	4	1	1
R00922	4	0	4	2	2	4	4	2	2	4	1
R00923	1	2	4	1	1	4	1	2	3	1	1
R00924	4	1	2	2	4	4	2	4	1	2	1
R00925	4	5	2	3	5	4	4	4	4	4	1
R00926	3	5	4	2	2	2	1	4	4	2	2
R00927	5	1	5	5	2	4	5	2	4	5	1
R00928	5	4	0	2	4	4	4	5	5	4	2
R00929	4	5	2	4	4	4	4	2	5	2	1
R00930	4	2	5	2	2	5	3	2	4	2	1
R00931	4	4	2	2	2	5	2	4	2	4	2
R00932	5	2	5	1	2	4	2	2	3	3	2
R00933	5	4	4	4	4	5	2	4	2	4	2
R00934	2	1	4	1	1	4	2	4	1	1	2
R00935	5	4	5	5	4	4	0	3	5	5	2
R00936	5	5	5	5	5	2	5	5	5	4	2
R00937	5	4	4	2	4	5	4	4	5	2	1
R00938	1	5	5	2	2	2	4	2	4	2	1
R00939	5	5	5	2	3	4	5	3	5	4	1
R00940	5	5	5	5	4	2	4	4	5	4	2
R00941	4	3	3	2	5	4	5	4	5	3	1
R00942	2	5	5	2	5	5	5	3	3	2	2
R00943	4	4	4	4	4	2	4	4	5	5	1
R00944	4	1	1	3	5	4	4	5	4	4	2
R00945	4	2	5	4	4	5	4	1	3	2	2
R00946	3	5	4	4	4	4	2	5	4	1	2
R00947	3	5	5	2	3	5	5	4	3	1	2
R00948	0	5	4	2	4	4	4	2	4	2	1
R00949	4	1	2	5	4	3	2	1	4	2	2
R00950	4	4	5	2	2	4	4	2	4	0	1
R00951	1	2	5	2	2	5	2	1	4	0	1
R00952	3	3	3	2	3	5	4	3	3	2	1
R00953	2	2	2	2	4	4	4	4	2	2	1
R00954	5	1	4	5	4	4	2	5	4	1	1
R00955	5	2	1	4	5	4	4	4	4	3	1
R00956	4	3	2	2	4	5	2	2	1	1	1
R00957	2	2	2	1	3	4	2	1	1	2	2
R00958	4	1	2	4	3	3	1	4	3	3	2
R00959	5	2	5	2	0	5	4	5	4	3	2
R00960	5	3	3	4	5	4	5	4	5	2	2
R00961	3	4	2	2	2	4	2	3	4	1	1
R00962	4	3	4	1	1	2	3	1	4	1	2
R00963	4	4	5	4	4	3	4	2	5	3	2
R00964	4	5	5	4	3	5	4	4	5	2	2
R00965	4	5	5	2	4	5	5	2	5	4	2
R00966	5	1	2	3	3	5	2	4	3	1	1
R00967	4	3	4	2	3	3	5	4	5	2	1
R00968	4	4	3	2	1	4	3	2	4	1	1
R00969	4	1	5	2	1	4	3	4	4	2	2
R00970	5	2	4	3	4	3	4	3	5	2	2
R00971	5	4	5	3	4	4	4	4	3	4	1
R00972	4	4	4	1	4	4	4	3	4	2	1
R00973	5	3	5	3	2	4	4	4	5	3	2
R00974	4	2	3	2	2	4	2	3	4	2	1
R00975	5	2	4	5	5	3	4	5	4	2	1
R00976	5	5	5	5	5	5	4	5	4	1	1
R00977	5	4	2	4	4	5	4	5	4	4	1
R00978	5	2	4	4	4	4	5	3	4	4	2
R00979	3	3	5	1	3	5	4	4	4	2	1
R00980	5	4	5	4	2	5	3	4	4	2	1
R00981	5	4	3	4	3	2	5	5	4	5	1
R00982	4	0	4	3	4	4	5	3	5	4	1
R00983	5	4	5	1	5	5	5	1	5	1	1
R00984	4	2	5	2	0	4	4	3	5	2	2
R00985	5	3	5	3	5	3	3	5	4	2	1
R00986	2	1	4	4	3	5	2	4	4	2	1
R00987	5	2	2	1	5	4	5	2	4	3	1
R00988	5	2	3	2	3	5	2	4	4	4	2
R00989	4	2	4	4	5	4	0	4	5	2	2
R00990	4	3	4	2	4	5	2	5	4	2	1
R00991	4	1	1	1	3	5	3	3	4	2	1
R00992	5	4	5	3	3	5	4	4	4	4	2
R00993	4	4	3	1	4	5	4	4	5	2	2
R00994	5	4	3	3	5	5	3	5	5	5	1
R00995	4	4	5	2	2	4	0	4	5	3	2
R00996	4	2	5	4	4	4	2	3	4	2	1
R00997	3	4	3	1	1	3	4	1	4	1	1
R00998	1	2	2	1	2	2	3	1	1	1	2
R00999	4	1	4	2	3	4	3	4	4	1	1
R01000	3	1	4	1	4	3	3	2	2	1	2
R01001	3	4	5	4	4	4	4	4	4	1	2
R01002	5	2	4	4	5	4	2	3	4	3	2
R01003	5	2	4	1	2	3	2	3	2	2	1
R01004	4	1	4	2	2	2	2	4	4	4	2
R01005	3	4	4	0	2	5	4	2	4	1	2
R01006	4	5	2	1	2	4	4	2	4	1	1
R01007	4	5	5	2	2	5	3	4	5	4	2
R01008	2	2	1	2	2	5	3	2	4	2	1
R01009	5	2	4	4	5	5	4	4	4	5	1
R01010	3	1	4	2	4	2	2	3	3	4	2
R01011	5	5	5	4	4	5	5	2	4	3	2
R01012	5	5	5	5	5	5	5	5	5	4	1
R01013	5	2	4	4	2	5	2	4	4	4	1
R01014	5	1	4	3	0	4	4	3	2	1	2
R01015	4	2	1	4	4	4	2	5	4	2	1
R01016	4	5	5	3	5	3	5	5	5	5	1
R01017	4	5	3	2	2	4	4	4	4	3	1
R01018	4	4	5	2	4	3	4	3	4	2	2
R01019	5	2	3	2	3	2	5	1	5	1	2
R01020	2	5	5	2	2	3	5	2	4	1	2
R01021	5	3	5	4	5	3	2	4	3	5	2
R01022	1	3	4	2	2	2	4	4	0	4	2
R01023	5	1	4	2	4	5	4	5	5	4	2
R01024	4	1	2	2	4	5	2	5	4	1	1
R01025	5	2	1	2	4	4	3	4	5	4	1
R01026	5	2	5	4	4	5	4	4	4	3	2
R01027	5	4	4	2	4	3	5	2	5	3	2
R01028	4	5	5	2	3	4	3	3	5	2	2
R01029	2	2	4	1	4	3	2	1	1	1	1
R01030	4	5	5	2	2	3	4	4	4	2	1
R01031	1	2	4	1	2	2	1	1	3	1	1
R01032	4	4	5	2	1	2	3	2	4	2	1
R01033	4	1	4	4	3	5	2	4	4	4	2
R01034	5	4	2	2	4	2	4	3	3	4	1
R01035	1	5	1	1	1	4	3	1	3	1	1
R01036	2	1	2	1	1	3	1	1	1	2	1
R01037	3	3	2	5	3	4	2	3	4	0	2
R01038	5	5	5	2	3	5	4	2	4	4	1
R01039	4	2	4	2	2	2	4	1	2	1	2
R01040	3	4	4	5	2	4	3	2	4	2	1
R01041	4	3	5	2	1	1	4	2	4	1	1
R01042	4	0	4	4	5	5	4	5	5	3	2
R01043	2	4	5	2	1	5	2	2	4	4	2
R01044	4	4	5	1	1	5	1	5	4	1	1
R01045	2	4	5	4	5	5	3	5	5	1	1
R01046	3	1	0	1	2	4	2	2	2	1	1
R01047	3	1	3	2	5	5	5	4	5	1	1
R01048	5	5	4	5	5	4	5	5	5	5	2
R01049	1	1	2	1	2	2	2	2	1	1	2
R01050	4	4	5	4	4	4	5	2	5	3	2
R01051	3	1	1	3	2	5	1	2	1	1	1
R01052	5	3	4	4	5	5	4	2	4	1	2
R01053	5	3	5	2	3	3	4	3	4	2	1
R01054	4	1	5	2	3	3	3	1	2	3	1
R01055	4	4	5	2	4	4	4	4	4	1	1
R01056	2	5	2	5	2	4	2	4	4	2	1
R01057	5	4	4	2	5	3	4	3	0	2	1
R01058	5	1	1	2	3	0	3	2	3	2	1
R01059	5	1	5	5	5	4	3	5	5	5	1
R01060	1	4	4	3	2	4	4	3	5	1	2
R01061	2	4	5	2	2	5	2	1	3	4	2
R01062	5	5	5	3	3	4	4	5	5	5	1
R01063	3	5	5	2	3	4	5	2	3	1	2
R01064	4	2	4	4	3	4	5	5	4	2	1
R01065	4	2	5	3	5	5	4	4	5	2	2
R01066	3	4	4	4	4	4	5	4	5	4	1
R01067	4	3	2	2	1	3	2	4	2	1	1
R01068	5	1	4	4	2	5	2	2	4	4	1
R01069	5	0	4	1	4	5	3	2	3	1	1
R01070	5	2	5	3	3	1	4	2	4	1	2
R01071	5	4	4	5	4	4	4	5	5	3	1
R01072	5	3	4	5	5	5	4	4	4	5	2
R01073	2	1	4	1	2	4	5	4	4	3	1
R01074	4	5	4	3	5	4	5	5	4	5	2
R01075	4	3	5	4	4	4	4	4	4	4	1
R01076	3	2	3	4	5	3	5	4	5	5	2
R01077	4	4	2	3	1	3	2	5	0	4	1
R01078	4	4	5	2	3	5	4	4	0	4	2
R01079	5	3	3	3	5	4	4	5	5	4	1
R01080	5	4	5	2	3	5	5	5	3	5	1
R01081	5	4	4	2	5	4	5	2	5	2	2
R01082	5	3	4	5	4	4	1	5	5	4	2
R01083	2	2	5	1	2	2	4	4	4	1	2
R01084	3	1	4	1	3	4	4	1	2	1	1
R01085	2	4	4	1	3	3	5	5	5	1	2
R01086	3	4	5	2	1	5	1	4	3	3	2
R01087	5	4	2	5	5	0	4	5	4	5	1
R01088	5	4	5	2	4	4	5	4	5	1	2
R01089	4	1	4	2	4	1	2	3	3	5	2
R01090	2	2	3	2	2	5	3	1	2	1	1
R01091	5	4	2	3	5	5	4	5	5	2	1
R01092	1	5	3	1	2	2	5	1	3	1	2
R01093	4	1	1	2	2	4	1	2	1	2	1
R01094	5	2	5	5	5	4	3	5	4	4	2
R01095	4	2	2	2	4	4	2	4	2	1	1
R01096	5	5	5	5	2	1	5	2	5	2	2
R01097	4	4	4	4	4	5	4	2	5	2	1
R01098	4	5	4	4	4	2	5	5	3	5	2
R01099	5	4	4	1	4	4	3	4	5	2	2
R01100	1	2	4	2	2	4	5	2	4	5	1
R01101	5	1	5	5	4	5	2	5	3	4	1
R01102	3	4	5	2	1	4	4	3	4	2	1
R01103	5	5	5	2	2	3	4	4	5	3	2
R01104	4	4	4	2	5	4	4	5	5	5	1
R01105	2	4	1	5	4	3	2	3	3	2	2
R01106	4	4	4	2	4	2	3	3	5	5	1
R01107	5	4	5	4	5	2	4	4	5	3	2
R01108	4	1	3	5	5	5	1	4	4	5	1
R01109	5	3	2	1	0	2	4	2	3	2	1
R01110	5	5	5	4	4	4	4	4	5	3	2
R01111	4	3	4	2	4	4	5	2	4	2	1
R01112	2	3	4	2	4	4	5	2	4	4	2
R01113	5	3	4	2	1	4	5	3	5	1	1
R01114	4	4	5	4	4	4	4	5	4	1	2
R01115	4	3	4	3	5	2	4	5	4	4	2
R01116	5	4	5	5	5	5	5	5	5	5	2
R01117	2	1	2	2	1	4	1	1	3	1	1
R01118	5	4	5	2	2	4	2	4	4	2	2
R01119	5	2	4	2	3	4	4	2	4	2	1
R01120	4	4	1	2	5	4	4	5	3	2	1
R01121	2	1	2	4	2	4	2	1	5	2	2
R01122	2	4	4	2	2	4	2	1	4	2	1
R01123	5	5	4	2	3	2	5	3	4	1	2
R01124	5	4	4	5	5	5	4	5	5	5	2
R01125	4	4	4	1	4	3	4	4	4	2	2
R01126	2	4	3	3	1	3	4	4	4	3	2
R01127	4	1	3	4	5	4	4	5	2	4	1
R01128	0	5	5	3	5	5	4	5	5	5	2
R01129	4	4	4	1	1	5	4	1	3	1	1
R01130	4	2	1	2	4	4	3	4	3	3	1
R01131	3	3	5	4	2	2	4	2	5	2	1
R01132	2	4	2	1	3	3	4	2	3	1	1
R01133	5	5	4	4	4	4	4	4	5	2	1
R01134	5	2	1	2	4	4	3	4	4	1	1
R01135	2	3	4	2	2	4	5	4	3	1	1
R01136	4	3	4	3	1	1	2	5	4	2	1
R01137	4	2	3	3	2	1	2	2	4	4	2
R01138	5	5	5	5	4	5	5	5	5	5	2
R01139	1	4	4	2	4	4	5	1	5	1	2
R01140	5	5	5	4	4	1	5	2	5	4	1
R01141	4	4	4	3	4	5	3	5	4	3	2
R01142	5	1	5	2	3	5	1	5	4	5	2
R01143	4	4	4	4	5	3	4	4	5	1	2
R01144	5	5	4	5	3	5	5	4	5	4	1
R01145	0	1	2	5	3	5	2	4	3	4	1
R01146	4	5	4	4	4	0	5	2	5	2	2
R01147	5	3	3	4	3	5	4	2	5	3	2
R01148	5	5	4	4	3	4	4	2	5	1	1
R01149	3	4	5	2	3	3	5	4	5	1	2
R01150	5	3	2	3	2	5	3	3	4	2	1
R01151	4	2	2	4	4	5	2	2	1	4	1
R01152	5	3	3	2	5	3	2	5	4	3	2
R01153	2	3	2	2	2	5	2	0	4	2	1
R01154	4	4	3	3	2	5	4	2	4	5	1
R01155	2	4	1	4	2	3	2	2	2	3	1
R01156	3	1	4	2	4	4	2	1	4	1	1
R01157	4	4	4	2	2	5	4	4	5	2	2
R01158	3	5	5	1	1	3	4	2	4	1	2
R01159	5	1	2	4	2	5	4	2	4	1	2
R01160	4	3	3	2	2	5	4	2	2	2	1
R01161	4	4	5	5	5	5	4	5	5	4	2
R01162	4	1	1	1	2	4	1	4	2	2	1
R01163	4	4	2	4	4	4	2	4	4	4	1
R01164	4	3	5	2	2	5	3	4	5	4	2
R01165	5	1	5	5	4	4	2	4	4	4	2
R01166	4	4	4	2	2	2	1	2	1	2	2
R01167	2	4	5	4	3	4	4	2	0	1	2
R01168	3	1	1	1	4	5	3	2	4	2	1
R01169	4	4	3	4	2	4	3	1	1	2	1
R01170	5	5	5	5	5	4	5	5	5	4	2
R01171	3	2	2	1	4	5	2	4	4	3	1
R01172	4	2	2	3	4	5	3	4	4	2	1
R01173	5	3	3	2	5	5	4	4	0	3	1
R01174	5	4	5	5	4	5	4	5	4	4	2
R01175	4	1	5	4	3	3	4	2	3	4	2
R01176	2	2	3	2	2	0	3	2	4	1	2
R01177	5	4	5	3	4	5	4	5	5	4	2
R01178	4	2	4	2	5	4	5	2	4	2	2
R01179	5	5	5	4	3	4	4	4	3	4	2
R01180	4	1	2	2	4	0	1	4	2	5	1
R01181	5	3	1	2	1	4	3	1	2	1	1
R01182	2	4	4	5	3	4	3	5	3	1	2
R01183	5	2	5	3	3	3	4	4	4	2	2
R01184	4	1	3	1	2	3	3	4	3	1	1
R01185	4	4	4	4	4	3	3	5	5	2	1
R01186	4	2	3	1	5	5	4	0	3	1	1
R01187	2	1	2	3	3	5	2	4	3	1	1
R01188	5	2	5	3	4	4	4	3	4	5	2
R01189	4	2	5	2	3	5	4	5	4	2	2
R01190	3	4	5	3	4	5	4	2	5	2	2
R01191	4	2	5	5	5	4	2	4	5	5	2
R01192	4	4	5	2	4	4	3	5	2	1	2
R01193	3	4	5	2	4	4	5	4	5	3	1
R01194	5	5	5	4	2	4	4	3	4	1	2
R01195	5	2	4	1	4	4	4	5	4	1	1
R01196	4	5	4	3	5	5	4	5	4	4	2
R01197	4	2	3	1	2	4	4	3	1	1	1
R01198	4	1	4	3	3	4	5	2	2	2	1
R01199	4	5	4	2	1	2	4	2	2	1	1
R01200	1	4	4	1	2	2	5	4	2	2	1
R01201	4	3	1	4	4	4	2	5	4	2	1
R01202	5	5	5	2	2	5	4	2	5	0	1
R01203	2	2	5	1	4	4	4	4	5	2	1
R01204	4	2	1	3	4	3	2	3	3	2	1
R01205	4	4	5	2	2	4	4	1	3	2	2
R01206	4	2	1	2	5	5	2	4	2	4	1
R01207	4	3	5	1	4	4	5	4	5	1	2
R01208	4	2	5	2	4	4	4	4	4	3	2
R01209	4	1	3	2	4	5	4	4	4	1	1
R01210	4	4	2	4	2	4	4	3	2	1	1
R01211	5	5	3	5	3	4	4	5	5	5	1
R01212	4	4	4	2	5	5	5	5	5	3	2
R01213	2	2	1	1	1	5	2	1	1	1	1
R01214	4	4	4	3	2	4	1	4	1	2	1
R01215	4	2	5	2	4	5	2	4	3	2	1
R01216	5	3	5	4	4	3	4	5	4	2	1
R01217	3	4	2	4	4	5	4	2	4	1	1
R01218	3	5	5	3	4	5	5	2	4	3	2
R01219	3	2	5	4	5	4	4	5	5	5	2
R01220	4	2	5	1	1	3	4	3	4	2	2
R01221	5	4	3	2	5	5	5	3	5	4	2
R01222	4	3	5	4	4	5	4	4	5	1	1
R01223	4	5	5	3	5	3	4	5	5	3	2
R01224	4	1	1	1	3	3	1	3	2	3	1
R01225	2	4	3	1	1	1	3	2	2	1	2
R01226	3	4	3	3	5	5	5	4	5	2	1
R01227	4	2	4	2	0	4	4	4	5	2	2
R01228	5	4	2	4	2	5	5	3	5	4	1
R01229	4	4	4	5	4	5	1	2	4	4	2
R01230	4	4	2	2	2	4	3	1	2	1	1
R01231	4	5	4	2	2	5	5	1	2	2	1
R01232	2	1	4	3	4	5	4	2	3	2	2
R01233	5	5	5	4	4	4	4	5	5	4	2
R01234	2	5	4	5	1	1	5	4	5	4	1
R01235	4	5	5	2	5	3	5	2	5	5	2
R01236	3	4	3	1	2	4	4	3	4	1	1
R01237	4	4	3	5	3	3	2	4	4	3	2
R01238	5	2	5	2	1	5	4	3	4	3	2
R01239	3	5	4	3	5	3	5	4	5	3	1
R01240	2	2	3	4	3	5	1	4	4	3	1
R01241	2	4	5	3	1	4	4	1	3	2	2
R01242	4	1	5	5	5	4	4	4	3	3	2
R01243	5	2	5	3	2	4	4	4	3	5	1
R01244	5	2	0	4	5	5	5	5	5	5	2
R01245	4	4	4	2	2	5	4	4	5	1	2
R01246	4	1	1	1	1	4	3	1	2	1	1
R01247	1	4	3	4	2	4	2	1	2	1	1
R01248	5	1	4	2	4	5	4	5	3	4	2
R01249	3	5	4	2	3	5	1	5	0	4	1
R01250	5	2	4	3	0	4	4	2	2	1	1
R01251	5	4	5	4	5	4	4	4	5	4	1
R01252	4	2	3	2	3	4	4	3	4	2	1
R01253	5	2	5	2	4	5	4	3	5	2	2
R01254	4	4	5	3	4	5	4	0	5	1	2
R01255	4	5	5	1	0	4	4	4	4	4	2
R01256	4	3	5	2	3	4	3	2	3	2	2
R01257	5	2	3	3	2	5	2	5	0	1	1
R01258	3	3	5	1	2	4	4	2	4	1	2
R01259	3	2	1	1	4	4	4	2	3	1	1
R01260	4	4	4	1	4	1	4	4	2	1	2
R01261	3	3	4	2	4	4	4	1	2	1	2
R01262	4	2	2	1	2	5	2	4	2	1	1
R01263	4	3	4	3	2	4	5	2	5	2	2
R01264	4	0	5	3	4	5	2	5	3	2	2
R01265	4	4	1	2	3	4	4	4	4	4	1
R01266	5	4	5	4	4	5	2	2	5	5	2
R01267	5	4	4	3	5	4	5	2	4	5	2
R01268	5	2	5	2	3	2	2	5	5	5	1
R01269	4	2	3	3	4	5	4	4	4	1	1
R01270	3	4	5	1	4	5	4	5	4	3	2
R01271	5	5	4	2	4	5	5	1	4	4	1
R01272	3	4	4	1	2	2	4	3	4	2	2
R01273	5	1	3	3	5	5	4	4	1	4	2
R01274	5	2	0	4	4	5	2	5	4	2	2
R01275	5	1	3	4	4	5	1	0	5	3	1
R01276	2	2	5	2	2	3	4	2	3	1	2
R01277	4	2	4	4	3	5	4	2	5	3	1
R01278	4	1	1	2	3	4	1	5	3	3	1
R01279	4	5	5	2	5	5	5	3	5	5	2
R01280	5	2	4	3	5	4	0	5	5	2	2
R01281	4	5	5	2	2	4	5	1	4	1	2
R01282	4	2	1	1	2	4	3	1	1	1	1
R01283	5	4	5	2	4	5	4	2	2	2	2
R01284	4	4	2	2	4	4	4	5	4	2	1
R01285	4	1	2	4	3	5	1	3	3	2	2
R01286	4	3	4	5	5	5	2	4	4	4	2
R01287	5	1	4	5	4	5	4	3	2	5	1
R01288	4	4	5	4	4	4	4	2	5	5	2
R01289	4	2	4	2	2	4	2	5	4	5	2
R01290	5	2	5	5	5	5	4	4	4	4	2
R01291	2	5	5	3	5	4	5	4	5	2	1
R01292	2	3	4	4	4	5	5	4	4	2	1
R01293	0	3	1	2	3	2	2	5	5	3	1
R01294	5	5	5	3	4	5	5	2	5	3	1
R01295	3	2	4	0	3	3	2	4	4	4	2
R01296	5	4	5	4	2	5	5	2	0	2	2
R01297	4	5	5	1	2	5	4	3	1	2	1
R01298	4	2	3	1	1	5	3	3	4	2	1
R01299	4	4	5	4	4	5	3	5	5	4	1
R01300	4	5	5	5	5	4	5	5	5	1	2
R01301	4	1	5	3	4	4	4	4	4	3	2
R01302	4	1	3	1	2	4	1	1	2	2	1
R01303	4	3	5	3	2	5	4	3	4	3	2
R01304	4	5	5	5	5	4	4	4	5	5	2
R01305	5	5	4	3	1	5	4	5	4	2	1
R01306	4	1	1	2	4	5	3	1	1	2	1
R01307	5	3	4	5	5	5	3	3	5	5	2
R01308	4	4	5	3	5	5	5	5	5	5	1
R01309	3	2	2	4	2	5	4	1	2	3	1
R01310	3	2	3	5	3	4	4	2	4	2	1
R01311	4	5	5	2	4	4	5	2	5	2	2
R01312	5	2	5	5	5	4	5	5	5	4	1
R01313	4	4	4	3	3	5	5	3	4	2	1
R01314	0	5	5	2	4	4	3	4	5	4	2
R01315	3	2	4	3	4	0	2	5	2	1	1
R01316	4	1	2	4	3	5	3	5	4	0	1
R01317	4	1	1	3	3	4	3	3	2	2	1
R01318	1	2	4	1	1	3	2	2	1	1	1
R01319	5	4	5	5	5	5	4	5	5	3	2
R01320	5	5	5	3	4	3	5	2	5	3	2
R01321	4	2	2	1	2	5	4	2	1	1	1
R01322	0	5	3	4	3	2	0	2	4	3	2
R01323	4	1	2	2	1	2	3	4	3	2	2
R01324	2	2	4	2	4	5	1	1	2	1	2
R01325	4	5	5	3	4	4	4	2	4	2	2
R01326	4	5	3	4	5	4	2	4	3	3	2
R01327	4	4	4	2	3	4	2	2	3	1	1
R01328	4	1	1	2	2	2	2	2	2	2	1
R01329	4	4	4	1	4	4	2	3	4	4	1
R01330	5	5	5	4	5	5	3	4	3	3	2
R01331	5	4	4	5	4	4	5	4	5	3	2
R01332	4	5	2	5	1	5	2	4	2	4	2
R01333	4	4	4	4	4	4	5	2	5	4	2
R01334	3	1	5	4	2	2	3	3	2	1	1
R01335	2	4	3	1	3	3	4	3	4	1	1
R01336	2	2	4	2	3	4	2	4	4	5	2
R01337	4	4	4	2	2	2	4	2	5	1	2
R01338	4	4	5	5	3	5	4	4	4	3	2
R01339	5	4	1	5	3	5	2	1	3	1	1
R01340	5	4	4	5	5	5	4	5	5	2	1
R01341	3	3	0	2	3	5	3	3	4	3	1
R01342	5	5	5	4	4	2	4	2	5	4	1
R01343	4	4	4	2	4	4	4	3	4	1	2
R01344	4	3	5	4	3	2	5	2	5	3	2
R01345	4	1	2	4	3	5	4	2	2	3	1
R01346	5	5	5	5	5	4	5	3	4	2	2
R01347	2	4	2	1	1	4	3	2	2	2	1
R01348	5	3	4	5	4	4	3	4	5	4	2
R01349	2	1	4	2	2	4	4	2	2	1	1
R01350	4	2	3	3	4	5	4	5	4	4	2
R01351	4	4	5	2	2	4	3	2	2	2	2
R01352	1	1	5	2	2	4	2	2	2	1	2
R01353	4	1	4	3	3	5	1	2	3	2	1
R01354	4	4	3	1	4	5	4	5	3	1	2
R01355	2	4	5	1	1	4	4	2	3	1	2
R01356	4	2	5	5	2	0	2	1	3	2	2
R01357	5	4	1	2	5	2	5	2	2	1	1
R01358	4	5	5	4	0	5	4	4	4	2	2
R01359	4	1	2	3	4	4	3	2	2	2	2
R01360	5	2	4	2	4	4	2	4	4	5	2
R01361	4	2	4	3	4	3	4	3	4	1	1
R01362	5	5	5	2	5	5	4	5	5	4	2
R01363	2	5	5	2	1	4	4	2	5	1	2
R01364	3	4	4	4	4	5	5	4	5	1	2
R01365	4	1	2	2	1	5	3	2	2	5	1
R01366	4	5	5	4	4	4	4	4	4	1	2
R01367	3	4	5	2	3	2	5	2	4	1	1
R01368	0	5	4	2	2	2	2	1	4	1	2
R01369	4	3	2	2	5	5	4	4	3	2	1
R01370	1	0	5	5	4	4	5	3	4	4	2
R01371	5	2	4	4	4	4	2	4	4	2	2
R01372	5	1	4	4	4	4	1	5	4	2	2
R01373	5	4	5	2	5	5	5	3	5	2	2
R01374	5	5	2	4	3	4	2	4	5	3	1
R01375	3	2	2	3	5	4	4	2	3	4	1
R01376	3	3	4	2	2	2	4	2	4	3	2
R01377	5	5	5	2	4	4	5	2	5	2	2
R01378	4	4	4	2	5	4	1	3	4	5	1
R01379	4	5	5	2	4	5	4	4	5	5	1
R01380	5	4	2	2	3	4	4	3	4	2	1
R01381	3	4	5	2	1	4	5	4	0	2	1
R01382	4	0	4	4	5	4	3	4	4	2	1
R01383	2	4	4	5	3	5	3	5	4	2	2
R01384	5	5	5	1	1	3	2	4	4	2	2
R01385	4	5	5	1	4	4	5	3	5	3	2
R01386	4	3	5	4	5	4	4	4	5	2	2
R01387	4	3	5	3	3	0	5	2	4	4	2
R01388	4	2	4	2	4	5	3	4	4	2	2
R01389	4	1	3	3	4	4	4	4	4	2	1
R01390	4	4	5	4	4	4	2	4	5	2	1
R01391	3	3	4	2	3	5	4	5	4	2	1
R01392	2	3	3	1	1	5	4	1	2	1	1
R01393	4	1	2	1	2	3	3	3	2	4	1
R01394	5	4	5	2	5	4	4	4	4	4	2
R01395	1	1	0	1	3	5	2	1	2	2	2
R01396	2	1	2	1	4	4	4	4	2	3	1
R01397	4	4	5	3	2	5	2	3	5	4	1
R01398	4	4	5	2	2	4	4	2	4	2	2
R01399	3	5	4	4	4	2	4	2	4	2	2
R01400	4	2	2	1	2	2	1	2	2	2	1
R01401	2	1	4	3	2	2	2	1	4	1	1
R01402	5	2	4	5	5	4	2	5	4	4	1
R01403	4	2	2	5	5	4	4	1	5	4	2
R01404	4	5	3	3	5	4	3	3	3	4	1
R01405	4	1	4	2	3	0	2	3	3	3	1
R01406	1	2	5	2	3	5	2	5	4	2	1
R01407	4	2	4	5	4	5	2	5	4	5	1
R01408	5	1	4	5	5	5	4	4	4	4	1
R01409	2	2	3	2	3	5	3	3	4	1	1
R01410	5	5	5	3	5	4	5	5	5	3	2
R01411	3	4	5	2	2	4	5	4	4	1	1
R01412	4	1	0	3	3	1	1	2	3	1	2
R01413	4	2	5	3	5	4	3	2	4	3	2
R01414	3	3	4	2	3	4	5	5	3	4	1
R01415	4	3	5	4	4	5	4	4	4	1	1
R01416	4	1	3	3	4	2	2	2	4	1	2
R01417	5	4	4	5	5	5	5	4	5	4	1
R01418	4	2	5	2	3	5	2	4	1	2	2
R01419	4	1	4	2	0	5	2	2	2	2	2
R01420	5	5	4	5	4	4	5	4	5	4	1
R01421	5	4	5	5	5	3	2	5	4	4	2
R01422	4	2	5	2	4	3	4	2	4	1	1
R01423	4	2	4	2	3	3	2	4	4	4	2
R01424	3	4	4	1	2	4	3	3	4	2	2
R01425	5	3	3	4	4	5	3	5	5	2	1
R01426	5	5	5	5	4	5	4	5	5	5	1
R01427	3	2	3	1	3	3	1	2	4	3	1
R01428	5	4	5	3	4	5	2	3	3	5	2
R01429	4	5	5	0	5	5	5	5	5	4	1
R01430	1	2	3	2	2	2	4	1	2	2	1
R01431	5	5	5	2	3	4	5	3	5	4	1
R01432	5	3	4	4	0	4	4	5	5	4	1
R01433	5	2	4	2	3	5	2	5	3	5	2
R01434	2	4	3	2	2	5	5	2	3	3	1
R01435	4	1	1	5	3	5	1	5	3	2	1
R01436	4	2	0	2	0	4	3	3	2	4	1
R01437	3	2	5	1	4	2	4	1	2	1	2
R01438	4	5	3	2	5	4	5	1	3	2	2
R01439	5	3	5	2	2	4	4	3	5	2	1
R01440	4	1	2	1	3	4	1	2	2	1	1
R01441	4	2	2	1	3	5	2	2	4	2	2
R01442	2	4	5	3	4	3	2	5	4	5	1
R01443	4	2	5	4	3	4	4	5	4	2	2
R01444	4	3	4	3	2	4	4	1	4	1	2
R01445	2	5	5	4	4	4	4	2	0	1	2
R01446	4	5	5	4	1	5	5	4	4	0	2
R01447	1	4	2	2	2	4	4	4	3	4	1
R01448	4	5	5	2	2	2	4	1	4	2	1
R01449	5	3	3	3	3	5	3	4	4	1	1
R01450	0	4	5	3	4	5	5	2	5	4	2
R01451	4	5	5	2	4	5	4	4	5	2	2
R01452	2	1	4	1	1	3	2	1	1	1	1
R01453	4	1	5	2	4	4	5	3	2	4	2
R01454	3	4	5	3	4	5	4	3	4	2	2
R01455	4	5	5	4	4	2	4	5	5	4	1
R01456	4	5	5	4	4	4	5	3	5	5	2
R01457	3	4	4	2	4	4	4	4	5	1	1
R01458	5	2	5	1	2	3	4	2	5	1	1
R01459	4	1	2	2	4	2	3	3	4	2	2
R01460	5	3	2	2	2	2	3	2	3	1	1
R01461	2	4	5	1	4	2	5	4	3	3	2
R01462	1	5	4	0	4	4	5	1	2	2	2
R01463	2	5	3	2	4	5	4	5	5	4	1
R01464	4	5	5	2	4	5	5	5	5	2	2
R01465	5	2	4	3	3	4	4	2	4	2	2
R01466	2	5	2	1	4	2	4	2	3	1	1
R01467	4	1	2	3	2	5	2	3	2	2	2
R01468	4	2	4	2	4	5	4	1	4	2	2
R01469	4	2	2	1	4	4	5	2	2	1	1
R01470	3	2	4	2	2	2	3	3	5	2	1
R01471	4	4	4	2	1	3	2	1	4	1	2
R01472	5	5	4	4	3	5	5	4	5	5	1
R01473	1	3	5	4	3	4	2	5	5	2	2
R01474	3	3	4	1	2	3	5	1	4	1	1
R01475	0	3	5	4	5	5	5	2	5	2	2
R01476	4	3	5	3	4	4	4	4	4	1	2
R01477	4	4	5	2	4	4	4	4	4	1	2
R01478	5	4	3	3	5	4	3	2	4	4	1
R01479	3	4	4	1	1	3	5	1	4	1	2
R01480	2	4	5	2	4	4	5	2	4	4	2
R01481	3	2	3	3	4	4	4	3	5	2	1
R01482	1	2	5	2	2	3	3	4	4	2	2
R01483	2	3	4	1	2	4	3	2	4	2	1
R01484	2	4	4	2	1	5	3	2	4	1	1
R01485	3	4	5	3	3	4	4	3	4	5	2
R01486	4	4	5	2	1	4	4	2	4	2	2
R01487	4	2	5	2	4	3	4	5	5	3	1
R01488	2	1	2	3	4	2	4	1	1	2	2
R01489	5	3	4	4	4	3	4	3	5	4	1
R01490	5	1	4	3	4	2	3	2	2	2	2
R01491	2	4	5	2	3	5	5	4	5	3	2
R01492	5	4	5	4	5	5	5	5	5	2	1
R01493	5	2	5	3	4	4	2	4	1	2	2
R01494	3	1	4	3	3	4	3	4	3	2	1
R01495	5	5	5	5	5	5	5	3	5	5	1
R01496	3	4	5	4	2	4	4	5	4	2	1
R01497	1	4	5	2	4	4	4	4	4	2	2
R01498	4	1	1	3	4	4	4	4	2	2	1
R01499	4	1	3	2	4	5	4	2	3	2	2
R01500	2	5	5	3	2	4	5	4	4	1	2
R01501	2	4	5	1	2	4	2	1	3	1	2
R01502	3	2	2	2	3	4	4	4	2	1	1
R01503	5	3	4	2	3	5	3	2	2	4	2
R01504	4	5	5	4	4	4	5	5	5	4	2
R01505	5	5	5	2	4	5	5	5	5	4	1
R01506	4	1	4	3	3	5	3	2	3	2	1
R01507	4	3	4	2	1	4	3	1	3	4	2
R01508	5	5	3	5	4	5	2	5	4	3	2
R01509	2	4	2	2	3	5	3	1	4	3	1
R01510	3	3	4	3	4	5	3	5	5	3	1
R01511	3	4	4	1	2	3	3	2	3	1	1
R01512	3	4	5	2	2	5	4	3	4	3	2
R01513	5	1	3	5	4	5	2	5	2	5	1
R01514	0	1	4	1	1	5	1	1	1	1	1
R01515	5	5	5	4	5	5	5	5	5	3	2
R01516	4	5	5	3	3	4	5	4	5	1	1
R01517	1	1	4	2	2	5	4	1	3	1	2
R01518	4	1	1	4	5	5	2	3	2	2	1
R01519	4	3	4	3	5	4	5	3	4	1	1
R01520	4	4	5	3	5	4	5	4	5	2	2
R01521	4	1	3	3	4	4	2	4	4	5	1
R01522	4	2	4	5	2	5	2	5	5	4	2
R01523	2	1	4	1	3	4	4	4	3	2	1
R01524	5	1	5	4	2	4	3	4	2	2	2
R01525	5	1	2	2	5	5	3	5	4	2	1
R01526	5	2	4	2	3	4	4	2	4	2	1
R01527	3	4	5	4	2	4	2	2	2	2	2
R01528	2	5	4	2	1	5	4	4	3	4	2
R01529	4	4	3	4	3	5	2	5	3	1	1
R01530	5	4	5	2	4	2	4	3	5	3	1
R01531	4	1	1	4	4	5	4	3	3	2	1
R01532	4	4	4	2	3	4	2	1	4	1	2
R01533	0	2	5	2	3	4	3	3	5	5	2
R01534	1	4	5	2	2	5	4	3	4	1	2
R01535	1	2	1	4	2	4	2	2	3	2	2
R01536	5	3	4	2	4	3	4	4	5	3	2
R01537	4	4	4	2	2	2	5	2	4	1	2
R01538	4	4	5	2	3	4	4	4	5	1	2
R01539	3	4	4	2	3	4	4	1	5	5	1
R01540	2	2	5	2	1	4	4	0	2	1	2
R01541	4	4	5	2	4	4	5	4	5	3	2
R01542	5	4	4	5	5	4	3	5	4	4	2
R01543	3	4	5	5	4	4	4	5	4	4	1
R01544	5	4	3	5	5	4	4	5	4	1	1
R01545	4	1	4	3	5	4	4	5	5	5	1
R01546	4	1	2	1	2	5	4	2	3	4	2
R01547	4	1	5	4	4	4	4	2	4	2	2
R01548	2	2	2	3	3	1	4	2	3	5	1
R01549	4	3	3	2	2	3	1	4	4	2	1
R01550	4	4	5	4	5	4	5	5	4	2	2
R01551	4	1	5	4	4	4	4	3	3	1	2
R01552	5	2	5	3	2	5	1	4	4	1	1
R01553	5	2	1	2	5	4	3	4	4	5	2
R01554	5	5	5	2	2	5	5	5	5	2	2
R01555	2	5	5	5	4	5	4	4	4	1	2
R01556	5	2	2	4	5	5	5	4	4	2	1
R01557	5	2	3	5	5	5	4	5	4	4	1
R01558	4	4	5	1	3	4	5	1	5	2	1
R01559	5	4	4	3	4	4	3	4	5	5	1
R01560	4	2	4	5	4	5	4	3	4	3	1
R01561	3	5	5	3	4	4	4	2	3	3	2
R01562	2	1	2	2	1	4	1	1	2	2	1
R01563	4	2	4	4	2	5	2	4	4	3	1
R01564	4	2	2	4	1	5	2	4	4	4	1
R01565	5	1	1	2	2	5	2	5	1	3	1
R01566	5	4	5	5	5	5	4	5	5	2	1
R01567	5	2	3	3	4	4	4	2	0	2	1
R01568	1	1	2	1	3	4	4	4	2	1	2
R01569	4	4	0	5	5	4	5	5	5	2	2
R01570	4	4	5	1	1	2	3	3	2	1	2
R01571	4	5	5	4	4	5	5	4	4	4	2
R01572	4	5	4	3	2	2	5	2	5	2	2
R01573	4	1	4	2	4	3	1	2	2	2	2
R01574	4	2	4	4	4	5	4	5	2	1	1
R01575	2	1	5	2	2	4	2	4	4	2	2
R01576	4	3	2	5	2	5	4	3	5	1	1
R01577	4	4	4	5	5	5	5	4	4	5	1
R01578	3	4	4	2	3	4	5	2	4	1	1
R01579	5	5	5	1	4	2	5	5	4	3	1
R01580	5	2	5	3	5	5	5	3	4	3	2
R01581	4	2	4	2	3	4	2	4	4	2	2
R01582	5	2	4	3	5	3	5	4	5	1	1
R01583	3	2	4	4	3	3	4	3	4	2	2
R01584	5	4	5	4	0	4	4	4	5	4	2
R01585	2	4	4	3	4	3	4	4	4	3	2
R01586	5	4	4	5	4	5	5	5	5	4	2
R01587	4	4	4	4	4	4	4	5	4	4	1
R01588	5	2	5	3	3	4	4	5	4	2	2
R01589	4	5	5	4	4	5	5	4	5	3	2
R01590	4	1	4	5	4	5	1	2	3	2	1
R01591	3	2	4	2	3	5	4	2	4	2	2
R01592	4	2	3	4	3	3	3	5	5	4	1
R01593	3	2	1	1	3	3	2	1	3	1	2
R01594	5	4	4	3	4	5	4	5	3	2	2
R01595	4	2	4	2	4	4	4	2	4	4	2
R01596	2	2	2	2	2	2	4	3	2	1	2
R01597	4	2	2	1	3	5	2	2	2	2	2
R01598	5	3	1	5	5	5	3	4	5	5	1
R01599	3	2	4	3	3	2	2	2	3	2	1
R01600	2	1	2	2	1	4	1	3	1	1	2
R01601	5	2	0	4	3	5	2	5	4	5	2
R01602	5	2	5	2	1	4	2	2	4	1	2
R01603	5	2	3	2	4	5	4	3	4	1	2
R01604	4	1	5	2	4	5	4	3	4	4	1
R01605	5	4	5	3	2	5	4	4	5	4	2
R01606	4	2	4	2	2	4	2	3	4	2	2
R01607	5	2	5	5	5	5	3	4	5	4	2
R01608	3	5	5	4	4	5	5	4	5	2	1
R01609	3	5	0	2	4	4	5	4	5	5	1
R01610	5	1	5	4	5	5	5	4	5	4	1
R01611	5	5	2	2	2	5	5	1	5	1	1
R01612	5	2	2	3	2	5	0	5	4	4	1
R01613	3	2	2	3	2	4	3	4	2	2	1
R01614	2	5	4	1	1	5	5	1	3	1	1
R01615	3	1	2	2	2	4	4	1	1	1	2
R01616	2	2	4	2	3	3	4	2	5	1	1
R01617	4	4	2	3	4	4	4	5	5	3	1
R01618	5	3	4	3	4	4	4	5	4	4	1
R01619	5	4	3	3	2	3	3	3	2	2	1
R01620	4	4	4	2	5	3	5	2	4	4	1
R01621	4	5	4	2	4	3	5	3	4	1	1
R01622	2	5	5	5	5	5	5	2	5	2	2
R01623	5	5	4	2	2	3	5	4	5	2	2
R01624	5	4	4	4	3	4	5	2	3	5	1
R01625	4	1	4	1	4	1	0	2	2	1	1
R01626	4	5	5	2	3	4	5	2	5	4	1
R01627	3	2	4	2	3	5	4	2	2	1	2
R01628	0	2	4	1	1	4	1	2	2	1	1
R01629	5	0	5	4	3	5	5	5	5	2	1
R01630	3	2	5	5	3	4	4	2	2	1	1
R01631	3	1	2	3	1	4	1	2	1	1	1
R01632	2	4	3	4	4	5	5	1	5	3	1
R01633	4	2	5	4	4	5	3	3	5	4	2
R01634	4	4	5	2	2	4	4	5	4	3	1
R01635	4	2	5	4	4	4	2	5	5	5	2
R01636	4	4	4	2	3	4	5	3	4	2	1
R01637	5	3	1	5	4	4	4	5	3	5	1
R01638	5	3	2	3	2	5	2	2	2	2	2
R01639	4	5	5	4	4	4	5	4	5	3	2
R01640	4	5	5	2	1	5	3	2	4	1	1
R01641	4	5	4	2	1	3	4	2	5	5	2
R01642	4	3	4	4	5	4	4	3	4	1	2
R01643	5	4	4	4	4	4	5	3	0	4	1
R01644	4	4	5	2	2	4	3	4	5	2	1
R01645	4	2	4	2	4	4	4	3	4	1	1
R01646	2	2	5	2	4	1	4	3	5	4	1
R01647	4	2	5	2	2	4	1	5	4	3	1
R01648	5	4	4	2	5	5	4	4	4	2	2
R01649	4	0	3	4	4	5	2	5	4	5	1
R01650	4	2	4	2	1	4	2	2	2	2	2
R01651	5	0	3	4	1	5	2	4	1	1	1
R01652	3	4	4	2	3	4	1	2	3	3	1
R01653	4	1	4	2	4	5	4	5	3	2	2
R01654	2	4	2	1	2	5	4	1	4	3	1
R01655	3	2	4	1	2	4	5	1	3	2	2
R01656	4	3	5	1	4	3	5	2	4	1	2
R01657	4	5	4	5	3	3	4	2	4	1	1
R01658	2	4	2	2	4	4	5	1	4	1	1
R01659	5	5	5	1	5	2	4	4	4	2	2
R01660	5	4	4	5	5	2	4	4	5	4	1
R01661	5	5	4	5	4	5	4	0	5	4	1
R01662	4	4	5	2	4	4	5	3	5	3	2
R01663	3	2	4	2	3	4	5	4	4	2	1
R01664	5	3	5	4	5	4	5	5	5	4	2
R01665	4	1	4	2	3	2	2	4	1	1	2
R01666	5	2	3	5	4	2	3	5	4	0	2
R01667	2	4	1	4	1	4	2	1	2	1	1
R01668	5	5	5	5	4	5	3	5	4	5	2
R01669	4	2	5	4	5	5	3	5	5	4	2
R01670	4	2	2	2	1	3	1	1	3	2	1
R01671	3	1	4	3	4	4	3	4	3	2	2
R01672	4	2	4	2	4	5	4	1	4	4	1
R01673	4	4	4	3	5	3	5	3	4	4	2
R01674	5	4	5	4	4	5	3	5	5	2	2
R01675	2	1	5	1	4	0	5	4	4	1	1
R01676	4	5	5	3	5	4	4	5	5	3	2
R01677	2	5	5	4	4	4	5	4	4	2	2
R01678	3	2	4	2	4	4	4	3	3	4	1
R01679	5	4	5	4	3	5	5	5	5	0	1
R01680	4	3	4	3	3	3	4	2	4	4	1
R01681	5	4	5	5	5	5	4	4	5	5	2
R01682	3	3	2	2	3	4	4	4	4	2	1
R01683	5	1	1	2	4	5	0	4	4	2	2
R01684	5	3	4	4	4	5	3	5	5	3	2
R01685	3	4	4	2	3	3	4	5	5	2	1
R01686	5	4	5	3	4	4	4	4	5	3	2
R01687	4	4	4	2	4	4	2	4	5	2	1
R01688	2	1	2	1	3	5	4	3	2	1	1
R01689	4	2	4	5	5	5	2	5	4	4	2
R01690	5	4	5	5	4	5	4	5	4	3	2
R01691	4	4	4	4	5	2	5	4	5	0	1
R01692	5	5	5	4	0	5	4	5	4	5	2
R01693	4	2	5	4	2	5	1	4	1	2	2
R01694	4	2	2	1	2	3	4	2	4	1	2
R01695	5	5	5	4	5	2	5	5	5	4	1
R01696	4	4	2	3	0	5	4	4	3	2	1
R01697	5	3	5	4	4	4	4	4	4	5	2
R01698	4	2	3	1	2	5	4	2	4	1	1
R01699	2	1	1	2	1	5	3	1	1	1	1
R01700	2	1	1	4	2	2	2	2	4	2	1
R01701	5	4	5	4	3	4	5	4	4	5	2
R01702	2	2	4	1	2	2	2	4	4	1	1
R01703	2	3	5	4	3	4	4	1	3	2	2
R01704	3	2	5	3	5	5	5	4	4	2	2
R01705	5	2	4	5	3	3	4	2	5	3	2
R01706	4	3	5	2	4	4	5	5	5	4	2
R01707	5	3	2	1	5	5	5	2	2	3	2
R01708	4	2	3	4	3	4	4	2	3	4	1
R01709	2	1	4	2	2	5	2	3	2	1	2
R01710	4	3	5	2	3	5	4	3	4	4	2
R01711	4	3	4	4	4	5	3	1	4	2	2
R01712	0	4	5	2	3	4	5	2	5	1	1
R01713	5	4	3	4	5	5	1	5	5	5	1
R01714	4	4	4	2	4	2	3	4	4	1	2
R01715	5	2	2	3	3	4	4	1	4	2	1
R01716	4	4	3	2	4	4	4	3	5	2	1
R01717	2	3	2	1	2	4	3	4	2	1	1
R01718	4	4	2	4	4	4	4	3	4	5	1
R01719	3	5	5	4	2	5	4	2	4	0	2
R01720	4	2	2	2	3	5	3	4	4	3	2
R01721	5	2	4	3	3	5	3	4	2	2	1
R01722	3	3	3	3	2	4	3	2	1	2	1
R01723	5	4	5	5	4	4	4	5	5	5	2
R01724	5	2	2	1	5	5	5	1	2	1	2
R01725	4	1	1	5	4	5	1	3	3	4	2
R01726	5	3	4	2	3	4	2	5	2	5	1
R01727	2	4	5	2	1	4	1	2	3	4	2
R01728	2	4	4	1	4	5	5	3	4	4	1
R01729	5	5	5	4	5	3	4	5	5	4	2
R01730	5	2	4	5	3	4	4	3	4	2	1
R01731	4	3	4	3	1	4	1	2	4	2	2
R01732	5	4	5	5	4	5	3	5	5	5	2
R01733	5	4	2	5	5	5	4	4	5	1	2
R01734	2	2	4	4	4	4	5	5	4	2	1
R01735	1	5	4	4	2	3	5	1	4	2	1
R01736	2	5	5	2	3	5	4	2	5	1	1
R01737	4	4	4	3	4	5	4	1	0	1	2
R01738	2	4	3	2	3	4	4	4	5	2	2
R01739	5	4	4	4	4	5	4	2	4	1	1
R01740	5	1	3	3	3	5	2	3	5	4	2
R01741	3	4	5	4	4	5	4	2	4	2	1
R01742	4	5	5	5	2	5	5	4	5	2	2
R01743	5	4	5	1	2	4	4	4	5	3	1
R01744	5	4	2	5	5	4	5	5	4	1	1
R01745	4	5	5	4	1	4	4	0	5	1	2
R01746	4	3	4	3	4	3	4	4	5	2	1
R01747	5	2	2	1	2	5	4	4	4	2	1
R01748	5	5	5	4	5	5	5	5	5	5	2
R01749	4	4	4	5	5	5	2	5	5	3	2
R01750	5	5	5	2	5	3	5	3	5	4	2
R01751	5	2	3	5	5	5	5	5	5	5	1
R01752	4	1	3	4	5	2	3	3	4	1	1
R01753	5	3	5	4	3	2	4	4	5	3	2
R01754	5	1	2	5	5	5	2	4	4	1	1
R01755	4	1	2	5	5	5	1	5	3	4	2
R01756	4	5	5	4	3	3	5	3	5	2	2
R01757	5	4	5	4	2	3	4	1	4	2	2
R01758	4	4	5	4	4	5	2	5	4	4	1
R01759	5	2	4	5	4	4	3	5	5	2	1
R01760	4	3	5	4	4	5	4	4	4	4	2
R01761	2	5	4	2	2	3	4	2	2	2	1
R01762	4	5	5	1	1	2	4	1	3	1	2
R01763	3	1	4	5	2	5	3	3	3	2	1
R01764	1	5	3	2	2	2	2	4	4	2	1
R01765	4	1	4	4	5	4	3	3	4	2	2
R01766	4	5	5	1	3	3	4	2	5	1	1
R01767	2	3	3	4	1	3	2	1	2	1	1
R01768	5	1	1	1	5	5	3	5	4	1	1
R01769	4	1	4	4	2	4	3	4	3	1	2
R01770	2	4	2	2	2	2	5	2	4	2	1
R01771	3	1	5	1	4	3	5	2	4	1	1
R01772	5	2	3	5	5	5	3	4	4	4	1
R01773	4	3	4	4	0	1	4	2	4	2	2
R01774	5	4	2	2	3	5	1	5	1	3	2
R01775	2	1	1	1	1	2	1	2	1	3	1
R01776	4	3	2	1	4	5	4	2	3	1	1
R01777	3	1	4	2	4	5	4	5	1	1	1
R01778	4	4	3	4	2	4	4	4	4	5	1
R01779	2	5	5	3	2	3	4	2	4	2	2
R01780	4	4	4	2	4	0	4	4	4	2	2
R01781	2	2	1	1	2	5	3	1	2	3	1
R01782	4	2	2	0	4	5	2	5	4	3	1
R01783	5	2	4	5	4	5	1	4	2	4	2
R01784	4	2	4	0	3	5	1	3	3	1	1
R01785	5	2	4	3	4	4	4	5	4	2	2
R01786	5	4	5	2	3	5	4	5	5	4	1
R01787	4	4	4	4	3	4	2	2	4	1	1
R01788	5	5	4	2	4	4	4	2	5	2	2
R01789	5	4	5	4	4	5	3	4	4	5	2
R01790	2	0	4	1	1	5	0	4	2	1	1
R01791	3	1	4	2	3	3	3	3	4	4	2
R01792	5	4	5	5	5	3	5	5	4	5	2
R01793	4	5	4	2	4	4	5	2	2	2	2
R01794	5	4	2	1	5	4	4	3	4	4	1
R01795	4	3	1	5	4	5	3	3	5	4	1
R01796	5	0	4	2	5	5	4	4	5	2	2
R01797	3	5	5	2	3	4	4	3	5	5	2
R01798	4	4	4	2	4	4	4	3	4	1	1
R01799	1	3	4	3	3	5	3	4	4	4	2
R01800	4	4	4	2	2	5	4	4	3	1	1
R01801	2	4	3	1	2	3	3	2	2	1	1
R01802	4	3	3	2	4	5	4	4	4	1	1
R01803	5	3	5	3	4	4	3	4	4	2	2
R01804	5	1	5	2	4	2	4	4	4	4	1
R01805	4	4	4	2	1	4	1	2	3	2	1
R01806	5	3	4	4	2	4	4	2	5	4	1
R01807	5	3	5	2	4	4	5	3	3	1	2
R01808	3	5	5	1	3	4	5	4	5	5	2
R01809	3	3	2	1	1	4	3	2	4	2	1
R01810	4	5	4	2	3	4	4	1	5	1	1
R01811	2	2	4	1	4	4	4	2	1	2	1
R01812	3	5	4	1	2	4	5	4	4	2	1
R01813	5	4	4	4	4	5	4	4	5	4	2
R01814	5	4	5	4	4	5	4	4	4	4	2
R01815	5	3	3	2	4	4	4	4	4	3	1
R01816	4	4	4	2	3	5	4	5	5	2	1
R01817	5	4	5	2	3	5	3	4	4	2	2
R01818	4	2	1	2	1	3	1	4	2	2	1
R01819	4	3	5	1	2	2	5	1	4	2	1
R01820	4	3	3	4	3	5	4	4	5	2	2
R01821	5	5	5	2	3	4	2	2	4	1	1
R01822	5	5	5	5	4	5	4	4	4	1	1
R01823	5	5	4	4	3	4	5	3	5	3	1
R01824	4	4	4	4	5	4	4	5	5	2	1
R01825	5	2	3	4	4	4	5	2	3	3	2
R01826	2	1	1	1	3	5	4	4	1	2	1
R01827	4	5	4	4	3	5	5	4	4	5	1
R01828	4	4	5	5	5	4	4	4	5	5	2
R01829	5	2	5	3	4	5	4	2	4	2	2
R01830	3	3	3	3	3	4	2	2	3	4	1
R01831	3	4	5	2	1	4	2	4	4	4	2
R01832	5	4	4	5	4	5	2	4	5	2	2
R01833	5	4	4	5	3	5	4	5	5	3	1
R01834	4	5	5	1	4	2	3	4	5	2	2
R01835	4	1	5	2	5	4	0	4	4	3	1
R01836	4	4	5	1	2	5	5	2	2	1	2
R01837	4	4	2	5	0	5	5	3	4	2	1
R01838	4	4	3	1	4	4	2	4	3	4	1
R01839	2	2	5	3	3	4	4	4	2	3	1
R01840	5	2	5	3	4	4	4	3	4	0	1
R01841	2	0	4	2	2	3	4	3	5	2	2
R01842	3	5	4	1	2	4	4	1	5	3	1
R01843	5	4	4	4	4	5	5	3	4	2	2
R01844	4	4	3	4	3	4	3	4	5	4	1
R01845	5	4	4	3	4	5	3	4	4	5	1
R01846	2	3	4	2	2	5	2	2	1	3	2
R01847	4	1	3	2	2	4	3	1	4	2	1
R01848	5	5	5	4	3	5	5	4	5	2	1
R01849	4	4	3	3	5	4	5	4	4	2	2
R01850	3	5	5	5	2	5	4	4	5	2	2
R01851	4	2	4	1	2	5	5	3	4	1	1
R01852	2	4	4	4	2	4	4	4	3	2	2
R01853	4	1	5	5	5	4	4	4	3	2	2
R01854	3	1	3	2	2	4	1	2	1	3	1
R01855	4	5	5	4	2	5	5	5	5	5	1
R01856	4	1	4	2	4	5	1	2	2	4	1
R01857	3	5	4	2	5	5	5	2	5	4	1
R01858	2	1	4	2	3	4	2	5	5	1	1
R01859	2	5	3	4	2	4	3	3	4	2	1
R01860	4	1	2	1	0	4	1	3	2	2	1
R01861	4	1	4	1	4	4	2	2	4	2	2
R01862	4	1	4	2	4	4	2	4	1	4	2
R01863	3	3	4	2	4	1	5	3	2	1	1
R01864	5	4	4	4	3	4	4	2	2	3	2
R01865	3	1	4	2	1	4	4	3	2	4	1
R01866	4	1	3	5	4	5	3	4	4	4	1
R01867	2	2	4	1	2	5	5	4	4	1	2
R01868	2	4	4	2	2	2	3	1	4	1	2
R01869	5	0	5	4	2	4	4	4	5	3	1
R01870	3	5	4	1	1	5	4	2	4	2	1
R01871	2	4	3	1	2	1	3	1	2	1	2
R01872	3	2	5	2	4	4	5	4	5	5	2
R01873	4	4	4	1	2	5	1	1	1	1	2
R01874	4	5	3	3	5	3	4	3	4	4	1
R01875	5	5	4	2	1	3	5	1	4	1	1
R01876	5	4	4	5	4	5	5	3	5	2	2
R01877	3	4	5	2	0	5	5	5	4	4	2
R01878	5	3	2	4	4	5	4	2	5	4	1
R01879	5	4	4	2	2	4	2	3	5	2	1
R01880	0	2	3	2	3	4	5	2	4	2	1
R01881	4	3	5	2	0	5	2	1	2	3	1
R01882	2	4	4	2	3	3	4	1	3	2	1
R01883	4	3	3	2	4	5	4	5	4	4	2
R01884	4	1	1	1	3	4	2	2	1	2	1
R01885	4	2	4	5	4	5	1	5	4	5	2
R01886	5	1	3	2	4	4	4	4	5	2	1
R01887	5	5	5	2	4	5	5	4	5	3	2
R01888	5	5	4	4	2	5	3	4	5	3	2
R01889	1	4	5	1	1	4	4	3	4	1	2
R01890	3	0	4	2	4	4	4	4	4	2	1
R01891	4	4	4	2	3	3	4	4	4	4	1
R01892	5	4	2	3	3	3	1	3	4	3	1
R01893	3	3	2	2	2	5	1	1	2	1	1
R01894	3	2	2	1	1	2	2	1	2	1	1
R01895	0	4	5	4	5	4	4	5	5	5	1
R01896	4	3	5	4	5	5	4	4	5	4	2
R01897	5	3	4	2	4	3	4	2	4	5	1
R01898	4	4	2	5	5	5	4	4	4	4	2
R01899	4	4	4	4	3	5	5	3	4	2	1
R01900	4	4	3	2	3	5	4	3	4	3	2
R01901	5	2	4	3	4	4	5	5	2	5	2
R01902	5	2	5	5	5	4	5	4	5	3	2
R01903	4	2	4	2	3	2	3	4	3	3	2
R01904	4	5	5	4	4	3	5	2	5	1	2
R01905	5	1	4	4	4	1	4	5	3	4	2
R01906	5	2	4	2	5	3	4	4	2	2	2
R01907	4	5	5	2	3	4	4	4	3	3	2
R01908	4	4	5	1	3	4	4	4	4	2	2
R01909	5	5	4	2	5	5	5	2	5	3	1
R01910	2	1	4	2	2	2	2	2	3	3	2
R01911	5	4	2	2	2	5	3	1	5	4	2
R01912	3	5	4	2	2	4	3	2	4	3	1
R01913	2	5	4	3	2	5	4	2	5	4	1
R01914	5	4	5	5	5	5	4	5	5	5	1
R01915	4	1	2	1	2	4	4	4	4	1	1
R01916	5	3	3	2	1	1	2	2	2	1	1
R01917	3	4	1	0	4	4	2	2	4	4	1
R01918	3	4	4	1	4	5	5	2	5	2	2
R01919	4	4	4	4	4	1	4	3	3	2	1
R01920	2	4	3	3	3	1	2	1	2	2	1
R01921	4	1	3	2	4	5	4	4	4	3	1
R01922	3	4	4	3	2	3	4	2	4	1	2
R01923	4	5	5	5	5	5	5	4	5	4	2
R01924	5	3	5	5	5	5	4	5	5	5	2
R01925	3	2	3	3	1	4	2	2	2	2	2
R01926	4	4	4	4	5	5	4	2	5	3	1
R01927	3	1	2	2	2	5	1	2	2	1	1
R01928	3	1	5	2	3	1	2	2	4	3	2
R01929	4	4	5	4	4	4	4	5	5	4	1
R01930	4	4	5	1	4	3	4	4	4	1	1
R01931	3	2	2	1	4	4	4	2	3	2	1
R01932	2	4	5	5	4	5	2	4	5	2	2
R01933	4	1	0	1	2	5	1	3	2	2	1
R01934	4	1	3	1	2	4	4	1	2	1	2
R01935	5	3	4	3	5	3	4	4	4	2	2
R01936	5	5	5	5	2	3	4	3	5	1	1
R01937	4	1	4	2	0	5	3	2	3	4	1
R01938	4	5	3	2	3	5	4	2	2	2	1
R01939	5	4	4	4	4	4	4	5	5	5	1
R01940	4	1	4	2	5	5	4	4	4	5	2
R01941	5	4	2	4	3	5	4	4	4	1	1
R01942	4	4	5	2	4	5	4	4	4	1	2
R01943	3	4	5	2	4	3	4	4	5	2	2
R01944	5	2	2	4	2	5	2	3	3	4	1
R01945	4	1	2	3	4	4	4	4	2	2	2
R01946	3	4	4	3	4	4	5	4	5	2	1
R01947	3	4	4	4	5	4	4	3	5	2	1
R01948	5	5	4	4	4	5	4	5	4	3	1
R01949	3	5	5	4	4	5	4	5	5	2	2
R01950	5	1	1	1	5	2	2	2	2	3	2
R01951	4	3	3	5	5	4	2	4	4	5	2
R01952	4	5	5	3	4	2	4	4	5	5	2
R01953	4	3	2	0	2	4	1	4	0	2	1
R01954	4	5	5	5	5	4	4	4	4	4	2
R01955	5	5	4	2	2	3	4	2	4	1	1
R01956	2	4	2	2	2	4	4	4	5	3	1
R01957	4	4	5	2	3	4	2	4	4	1	1
R01958	4	5	5	4	5	5	5	3	5	3	2
R01959	2	2	4	2	4	5	4	2	4	2	1
R01960	5	4	2	5	4	5	4	4	4	4	1
R01961	5	2	2	4	4	4	3	4	4	5	1
R01962	4	3	4	2	4	4	4	3	5	4	1
R01963	5	4	4	4	5	3	4	4	5	4	1
R01964	3	4	5	4	2	2	4	2	5	1	2
R01965	1	2	2	3	2	4	4	1	4	2	1
R01966	5	5	5	5	5	5	4	5	5	5	2
R01967	2	3	4	2	2	5	2	2	4	1	2
R01968	5	5	5	5	5	4	5	5	5	4	1
R01969	1	2	4	2	1	4	4	3	4	2	2
R01970	1	4	5	1	4	3	5	1	4	1	2
R01971	4	2	4	4	4	4	2	4	2	2	2
R01972	4	3	5	1	4	5	2	5	2	2	1
R01973	4	3	5	2	2	5	2	4	2	3	2
R01974	4	5	5	2	4	5	5	4	5	2	2
R01975	4	0	5	5	5	4	3	5	5	5	2
R01976	1	1	2	1	1	1	5	1	2	1	2
R01977	5	4	5	2	5	5	4	3	4	4	2
R01978	4	2	4	1	2	4	3	1	3	1	1
R01979	4	2	4	2	3	5	4	2	4	2	2
R01980	2	5	4	2	0	2	2	1	4	1	2
R01981	3	5	5	2	5	3	5	4	4	3	1
R01982	5	4	4	4	5	5	4	5	5	4	1
R01983	4	5	2	3	3	3	4	4	2	3	1
R01984	4	4	4	2	2	5	4	2	5	3	1
R01985	5	2	4	2	3	4	5	3	4	2	2
R01986	4	3	4	4	0	4	4	2	5	3	2
R01987	5	5	5	4	5	5	5	5	5	5	1
R01988	1	2	4	1	2	5	4	2	1	1	1
R01989	5	5	4	3	3	5	4	2	5	3	1
R01990	5	2	4	3	3	4	4	4	4	2	2
R01991	5	5	4	3	2	4	4	2	4	3	2
R01992	2	5	2	3	3	3	3	1	5	3	1
R01993	5	5	5	3	5	4	5	5	5	2	2
R01994	4	4	5	2	4	4	5	2	5	5	1
R01995	5	5	5	3	4	4	5	4	4	5	2
R01996	3	2	3	3	4	4	4	3	4	1	2
R01997	5	5	4	3	4	1	5	3	4	2	1
R01998	1	3	4	3	3	4	4	2	4	4	1
R01999	4	5	5	4	0	4	5	5	5	4	2
R02000	5	5	5	5	5	5	4	4	5	5	2
R02001	4	2	4	5	4	2	4	4	5	2	2
R02002	1	5	3	2	4	5	5	3	5	4	1
R02003	5	4	5	2	3	4	3	1	5	3	1
R02004	2	4	5	2	4	1	5	4	4	2	2
R02005	4	4	5	5	4	2	4	5	5	2	2
R02006	4	3	3	2	1	3	2	1	1	2	1
R02007	4	2	2	4	3	4	5	4	4	4	1
R02008	5	4	4	4	4	4	4	5	5	5	1
R02009	5	5	5	5	5	5	4	5	5	3	1
R02010	5	4	5	5	5	5	5	5	5	3	2
R02011	4	2	5	3	1	4	1	4	3	2	2
R02012	4	2	4	2	2	5	5	3	4	3	1
R02013	4	1	2	2	4	4	1	0	1	1	1
R02014	5	3	4	4	4	3	4	2	4	4	1
R02015	4	4	0	2	2	1	2	2	4	2	1
R02016	2	3	4	4	5	1	4	5	5	4	1
R02017	3	3	4	1	2	5	3	1	4	1	1
R02018	2	4	3	0	3	2	5	4	5	1	1
R02019	2	4	4	4	0	4	1	4	4	2	2
R02020	4	5	4	4	4	5	5	3	5	2	1
R02021	4	0	4	3	4	4	2	4	4	5	2
R02022	5	1	2	2	5	2	3	4	3	3	1
R02023	3	1	3	1	4	5	2	4	3	2	2
R02024	1	3	5	2	3	4	2	4	2	2	2
R02025	5	2	4	2	3	4	4	2	4	3	1
R02026	5	5	5	5	5	5	5	5	5	5	2
R02027	5	4	2	2	2	4	4	3	3	1	1
R02028	4	1	4	2	3	5	3	2	4	1	1
R02029	1	4	5	1	3	4	2	3	4	2	2
R02030	2	4	5	5	3	3	4	4	4	2	1
R02031	3	2	4	1	3	5	2	2	4	3	1
R02032	4	1	2	5	4	5	4	5	3	5	1
R02033	1	4	5	1	4	4	4	1	1	1	2
R02034	1	2	1	3	1	4	1	2	3	2	1
R02035	5	4	4	2	4	4	4	2	2	3	1
R02036	5	5	4	4	2	4	2	3	4	4	1
R02037	3	4	3	3	2	5	3	2	4	2	1
R02038	4	1	3	2	1	4	3	4	3	0	1
R02039	4	4	5	2	3	2	4	5	5	5	2
R02040	3	4	3	3	5	5	4	4	3	2	1
R02041	4	3	4	4	4	4	4	4	4	4	1
R02042	5	4	4	5	5	2	4	5	5	5	1
R02043	2	4	2	3	2	5	4	3	4	4	1
R02044	5	3	5	1	2	5	3	1	4	3	1
R02045	3	3	5	1	4	5	5	3	5	2	2
R02046	3	3	5	2	2	2	2	2	3	2	2
R02047	5	4	4	2	2	4	3	2	4	3	1
R02048	1	4	5	1	3	4	4	1	4	2	1
R02049	2	4	2	2	4	4	4	2	5	1	1
R02050	4	4	5	4	5	5	4	5	4	4	2
R02051	4	2	2	4	2	4	3	5	4	5	2
R02052	4	1	4	3	2	4	0	5	3	2	1
R02053	4	4	4	4	5	5	4	5	4	4	2
R02054	4	2	5	1	3	3	3	0	4	1	2
R02055	5	1	1	3	2	5	1	4	3	1	1
R02056	2	4	5	2	3	3	5	5	5	2	1
R02057	5	5	3	2	3	2	5	3	4	1	1
R02058	4	1	3	2	2	4	2	3	4	1	1
R02059	4	1	4	2	4	5	4	5	2	2	2
R02060	0	2	5	4	5	5	5	5	5	4	1
R02061	3	1	5	2	2	4	1	1	1	3	2
R02062	5	2	5	5	2	3	4	5	5	2	1
R02063	5	2	4	3	4	4	4	5	4	5	2
R02064	1	5	4	2	3	4	5	3	3	2	2
R02065	5	4	5	2	4	4	4	1	3	2	2
R02066	5	4	5	4	3	5	4	5	5	5	1
R02067	5	5	5	2	5	3	4	3	4	3	2
R02068	4	5	4	2	2	0	4	2	4	1	2
R02069	3	1	3	2	2	4	2	4	1	2	2
R02070	5	4	5	3	5	4	5	4	5	4	1
R02071	4	5	5	4	4	2	5	5	5	5	1
R02072	4	3	3	2	2	5	4	4	4	1	2
R02073	2	4	2	1	2	4	1	2	4	0	1
R02074	5	2	3	4	5	3	4	4	4	2	2
R02075	4	2	2	4	4	5	5	2	3	1	1
R02076	4	2	2	3	3	4	1	4	3	1	1
R02077	4	4	3	1	2	5	4	2	4	4	2
R02078	5	2	2	4	4	3	3	5	3	2	1
R02079	2	1	5	2	2	4	3	4	4	2	2
R02080	5	2	1	5	3	4	1	5	2	5	1
R02081	5	4	5	1	1	4	4	2	4	2	2
R02082	4	4	5	2	3	4	4	4	4	2	2
R02083	2	1	4	2	2	2	3	4	5	4	1
R02084	4	1	4	2	2	4	4	1	1	3	2
R02085	5	5	4	0	4	2	4	4	4	2	2
R02086	3	4	0	2	0	5	5	3	4	2	2
R02087	5	1	1	2	2	5	1	3	2	4	1
R02088	3	2	3	1	4	5	3	2	2	3	1
R02089	5	5	5	2	4	4	4	3	4	4	2
R02090	5	4	3	2	4	5	5	1	5	4	1
R02091	3	4	4	3	4	5	4	3	5	4	2
R02092	5	5	4	4	3	5	4	5	4	5	2
R02093	4	4	4	3	4	4	4	5	5	2	1
R02094	4	4	5	5	5	5	4	5	5	4	1
R02095	4	1	5	1	4	5	3	3	2	2	2
R02096	2	5	2	2	1	3	3	2	3	2	1
R02097	5	5	4	5	5	5	3	5	5	2	2
R02098	2	1	3	2	3	3	2	3	2	2	2
R02099	5	4	4	2	4	4	2	3	1	4	2
R02100	2	5	4	1	1	4	5	3	5	4	1
R02101	4	4	5	5	4	4	5	4	4	5	2
R02102	2	5	4	2	2	5	2	4	4	3	1
R02103	3	4	5	2	5	5	3	4	3	1	1
R02104	4	1	1	5	4	5	3	4	2	2	2
R02105	5	2	2	5	5	4	3	4	4	5	2
R02106	4	2	4	2	3	4	3	4	5	1	1
R02107	5	1	4	2	3	4	2	2	4	1	1
R02108	5	1	2	3	0	3	4	1	1	4	1
R02109	4	2	4	2	2	3	5	3	4	2	1
R02110	4	5	4	4	4	5	4	5	5	2	2
R02111	4	5	5	2	5	4	4	3	5	2	2
R02112	1	3	4	2	1	4	0	1	4	2	1
R02113	5	2	4	3	5	4	3	5	4	3	1
R02114	4	5	3	3	5	4	4	4	5	4	1
R02115	4	1	2	3	4	4	2	2	2	1	2
R02116	5	5	4	5	5	4	5	5	5	1	1
R02117	4	5	5	4	2	2	4	3	4	1	2
R02118	4	5	3	2	3	5	5	2	4	2	2
R02119	4	1	4	2	4	5	2	2	2	2	1
R02120	5	3	4	5	5	5	4	5	5	4	2
R02121	2	3	5	2	4	5	3	4	1	4	2
R02122	5	1	4	4	4	4	4	5	5	4	1
R02123	5	2	4	2	4	4	4	5	4	2	1
R02124	1	5	5	1	1	3	5	2	3	2	1
R02125	4	4	5	2	4	4	4	2	5	3	1
R02126	4	3	5	2	1	5	2	1	5	1	1
R02127	1	3	0	3	2	4	4	4	4	5	2
R02128	5	4	5	2	5	5	5	5	4	2	1
R02129	5	4	4	2	4	5	5	2	5	2	2
R02130	5	3	2	4	5	5	2	5	4	4	2
R02131	2	2	5	2	2	5	2	2	4	3	2
R02132	5	3	4	4	4	3	2	4	4	4	1
R02133	3	1	2	5	4	4	4	5	3	4	1
R02134	3	4	3	3	2	3	4	2	4	1	1
R02135	2	5	5	2	5	4	4	4	5	1	1
R02136	5	5	5	4	2	4	4	4	4	3	1
R02137	4	1	2	3	4	4	3	3	4	1	1
R02138	4	1	4	2	4	4	3	1	2	2	1
R02139	4	5	5	1	3	4	5	4	5	3	2
R02140	5	4	2	3	2	3	4	4	2	2	1
R02141	5	4	5	5	4	5	5	2	5	2	2
R02142	3	4	5	1	1	4	5	4	5	2	2
R02143	4	3	4	5	5	5	5	4	5	1	1
R02144	4	5	5	4	5	5	5	5	5	5	1
R02145	3	4	4	1	4	3	4	4	3	5	2
R02146	3	1	5	1	2	3	3	2	2	1	2
R02147	5	2	5	2	3	0	5	2	5	2	2
R02148	5	5	5	3	3	4	5	5	5	1	1
R02149	3	4	5	2	4	3	3	4	3	2	2
R02150	4	5	4	3	3	4	4	4	5	3	2
R02151	4	5	4	1	2	2	3	1	0	1	1
R02152	4	2	3	5	5	4	4	4	2	5	1
R02153	2	4	4	1	1	5	4	2	4	1	1
R02154	5	2	4	2	5	4	5	4	4	3	2
R02155	4	5	2	3	4	5	4	4	5	3	1
R02156	4	4	2	4	3	5	5	4	5	4	1
R02157	5	4	5	4	3	4	5	4	4	2	2
R02158	5	4	5	5	3	5	4	5	5	5	2
R02159	5	3	5	4	4	2	4	4	4	1	1
R02160	5	4	5	2	3	4	4	3	4	5	2
R02161	5	1	1	3	2	4	2	3	2	5	1
R02162	4	0	3	3	2	5	2	5	3	3	1
R02163	3	2	5	4	4	3	5	4	4	3	2
R02164	5	4	5	4	5	3	4	4	5	2	1
R02165	5	2	5	4	2	5	4	4	4	5	2
R02166	3	4	4	2	4	5	5	2	3	4	1
R02167	4	4	4	5	3	3	3	5	5	2	2
R02168	5	4	2	4	3	5	4	5	5	5	1
R02169	5	2	2	2	2	3	3	3	4	3	1
R02170	4	5	5	3	5	5	5	4	5	2	2
R02171	3	3	3	1	1	5	5	2	3	2	1
R02172	3	2	4	2	2	0	2	5	4	1	1
R02173	2	3	3	5	2	4	4	2	2	3	2
R02174	5	5	5	2	4	5	4	4	5	2	2
R02175	3	4	5	2	0	5	2	2	5	1	2
R02176	4	1	1	2	3	4	1	3	3	2	1
R02177	4	4	5	1	1	4	4	2	4	1	2
R02178	4	3	1	4	3	5	4	2	2	3	1
R02179	5	2	3	2	2	5	4	2	4	3	1
R02180	4	5	5	4	4	4	4	5	5	4	2
R02181	5	5	5	4	2	4	5	4	5	5	1
R02182	2	5	5	2	4	5	4	3	4	2	1
R02183	2	2	5	2	2	4	1	2	4	3	1
R02184	5	4	5	3	2	5	4	5	5	4	1
R02185	5	2	2	4	3	4	3	4	4	5	1
R02186	4	4	5	3	4	4	5	5	5	3	1
R02187	3	5	5	4	2	4	4	4	5	5	2
R02188	3	4	2	5	4	5	4	4	5	5	1
R02189	5	4	4	5	4	5	4	4	5	4	2
R02190	2	4	5	3	4	4	4	5	4	3	2
R02191	2	5	2	2	3	1	4	3	4	2	1
R02192	5	2	5	5	5	5	4	5	5	2	2
R02193	3	4	4	1	2	1	0	2	5	2	1
R02194	4	4	4	4	4	3	3	5	4	4	2
R02195	5	1	4	3	1	4	1	4	4	1	2
R02196	5	2	4	4	2	4	2	4	4	2	1
R02197	5	2	5	5	5	4	4	4	5	4	2
R02198	1	2	4	5	3	5	4	5	4	3	1
R02199	4	2	4	3	3	5	4	4	4	5	1
R02200	4	1	1	2	4	3	2	4	2	1	1
R02201	2	1	2	2	0	5	3	4	2	2	1
R02202	4	1	3	3	4	4	4	3	3	2	1
R02203	3	5	5	1	2	1	5	2	4	1	2
R02204	2	2	2	3	1	4	1	1	1	1	2
R02205	4	2	4	1	3	4	2	3	3	1	1
R02206	4	4	5	2	4	4	5	4	4	1	2
R02207	3	3	3	1	2	4	4	3	3	1	1
R02208	3	1	4	2	1	5	2	1	5	2	2
R02209	5	1	3	2	0	5	2	4	3	2	1
R02210	4	2	4	2	2	4	4	2	4	2	2
R02211	4	2	5	4	4	4	2	4	3	3	1
R02212	4	2	4	4	5	4	4	5	3	2	2
R02213	2	2	4	3	3	3	4	5	2	2	2
R02214	5	3	4	2	4	4	3	4	4	4	2
R02215	5	5	2	5	1	4	2	5	4	4	1
R02216	2	1	5	2	4	4	4	2	4	3	2
R02217	4	0	5	0	3	3	3	3	5	2	2
R02218	4	2	2	2	1	4	4	2	1	3	2
R02219	5	5	4	3	4	2	5	4	5	2	2
R02220	2	1	3	1	4	4	2	1	1	4	2
R02221	4	5	5	5	5	5	5	2	5	4	2
R02222	4	1	5	4	4	5	3	4	4	3	2
R02223	4	2	4	1	1	3	3	1	3	2	1
R02224	5	2	4	5	5	3	4	4	5	4	2
R02225	3	4	5	2	2	2	4	0	5	3	2
R02226	5	4	2	4	3	4	2	5	3	1	2
R02227	2	5	5	2	2	5	2	1	4	2	1
R02228	4	3	4	3	2	4	2	4	4	4	2
R02229	5	2	3	3	4	4	4	4	2	2	1
R02230	0	4	4	3	3	4	4	4	5	3	1
R02231	5	4	5	3	5	4	4	5	4	0	2
R02232	4	4	4	4	5	5	4	4	4	5	2
R02233	0	4	3	3	4	5	4	2	4	2	1
R02234	3	5	4	2	4	4	3	5	5	4	1
R02235	5	5	5	1	2	4	5	3	5	2	1
R02236	4	2	2	2	1	2	1	5	4	3	2
R02237	4	4	5	3	2	4	5	4	4	3	2
R02238	5	5	4	4	5	5	4	5	4	2	1
R02239	5	5	4	2	4	4	5	5	5	5	1
R02240	5	3	3	2	4	4	4	5	4	5	1
R02241	4	3	5	2	4	5	4	3	4	1	2
R02242	4	4	4	1	2	5	4	1	4	2	1
R02243	5	1	3	4	3	4	2	2	4	4	2
R02244	2	4	3	1	4	5	4	4	2	1	1
R02245	5	4	5	2	3	5	4	3	5	2	2
R02246	5	2	4	4	5	5	4	2	5	2	1
R02247	4	2	2	4	4	4	2	5	4	5	1
R02248	0	2	4	2	2	4	1	2	1	3	2
R02249	5	4	5	2	4	5	4	4	4	4	1
R02250	5	5	5	4	5	2	4	2	4	3	2
R02251	5	5	4	4	4	3	2	4	5	4	2
R02252	5	4	4	2	2	4	5	2	4	2	2
R02253	1	2	2	1	3	4	4	2	2	1	2
R02254	4	4	5	1	1	5	3	5	4	2	2
R02255	5	4	4	4	2	4	3	2	4	1	2
R02256	5	4	5	3	2	0	5	4	5	4	2
R02257	4	2	4	1	2	4	2	4	2	2	1
R02258	2	4	5	2	1	4	4	1	3	1	1
R02259	4	4	5	4	4	4	4	5	4	2	2
R02260	5	4	4	2	4	4	5	4	5	2	1
R02261	4	2	4	4	2	2	2	1	2	4	2
R02262	1	2	2	4	3	4	4	2	2	2	2
R02263	4	4	5	2	3	4	1	2	5	1	2
R02264	4	4	4	5	5	5	3	5	5	2	2
R02265	5	4	5	5	5	4	4	4	5	5	2
R02266	5	4	4	5	3	5	2	5	4	5	1
R02267	5	5	5	1	4	5	4	5	4	1	1
R02268	4	2	3	2	3	4	4	4	4	2	1
R02269	1	2	5	0	3	4	4	2	4	1	2
R02270	4	5	5	2	4	5	5	5	4	1	2
R02271	4	4	2	3	2	4	5	1	5	2	1
R02272	5	1	2	5	2	4	3	5	4	4	2
R02273	4	5	5	2	4	4	4	3	4	1	1
R02274	2	3	3	2	4	2	4	4	1	1	2
R02275	4	5	5	2	4	4	4	5	4	2	1
R02276	3	5	4	3	4	5	4	3	5	1	1
R02277	2	2	4	0	3	3	2	3	3	2	2
R02278	5	4	5	2	4	2	4	5	4	5	2
R02279	2	2	4	2	2	2	5	3	4	2	1
R02280	5	1	3	1	2	3	2	3	1	2	2
R02281	2	4	5	2	1	4	4	2	5	2	2
R02282	2	3	1	0	3	4	2	1	1	1	1
R02283	4	4	2	2	2	5	3	4	3	4	1
R02284	2	5	5	1	3	4	4	2	3	1	2
R02285	1	1	1	1	1	4	1	2	1	1	1
R02286	4	4	3	1	2	4	4	3	3	2	2
R02287	5	2	5	5	2	5	1	4	4	5	2
R02288	2	4	5	2	2	4	5	1	3	3	2
R02289	5	3	4	5	5	4	5	5	4	4	1
R02290	5	4	5	5	4	3	2	4	5	3	2
R02291	5	5	5	3	5	5	5	5	5	3	2
R02292	3	1	3	1	3	4	3	1	3	2	1
R02293	5	1	5	4	4	4	4	4	5	4	1
R02294	3	1	4	2	2	3	4	3	4	1	1
R02295	5	4	5	3	4	5	4	2	4	4	1
R02296	4	1	5	4	3	4	4	4	3	2	2
R02297	5	5	4	1	0	4	3	5	4	4	2
R02298	4	5	5	2	2	4	5	2	4	1	2
R02299	4	3	2	3	2	4	2	2	3	1	2
R02300	4	1	4	4	4	5	4	4	5	2	2
R02301	4	4	4	2	1	5	4	1	3	1	1
R02302	1	4	3	1	3	5	1	4	1	2	2
R02303	5	5	5	2	4	3	3	4	5	4	2
R02304	4	3	5	4	3	4	2	3	4	2	1
R02305	5	2	4	2	4	2	3	4	5	3	2
R02306	5	4	5	4	2	5	4	5	5	4	1
R02307	4	1	4	5	4	5	2	2	1	2	2
R02308	4	5	4	4	3	4	4	1	4	1	1
R02309	3	4	5	1	4	4	4	2	4	2	2
R02310	5	4	5	2	2	3	4	3	0	1	2
R02311	4	4	4	3	5	3	5	3	3	4	2
R02312	3	2	4	3	3	4	4	4	3	2	1
R02313	4	4	5	3	5	0	5	0	5	2	2
R02314	3	4	4	5	4	4	3	5	5	3	2
R02315	4	2	4	4	5	5	4	5	4	4	1
R02316	5	0	4	5	5	4	0	5	5	0	2
R02317	4	4	5	1	4	5	5	2	5	1	1
R02318	4	4	5	3	4	4	5	4	5	2	2
R02319	4	1	2	4	4	5	2	1	3	3	1
R02320	4	4	5	2	2	4	4	3	5	2	1
R02321	3	3	4	3	4	5	4	4	5	3	1
R02322	5	0	5	4	5	5	4	4	5	5	1
R02323	4	0	5	3	1	4	4	4	5	1	1
R02324	4	3	4	3	4	3	4	2	5	2	2
R02325	2	4	5	1	0	2	5	2	4	0	1
R02326	4	3	5	4	5	5	5	3	5	3	2
R02327	2	1	2	3	4	4	3	3	4	5	1
R02328	3	2	1	2	4	4	4	2	2	4	1
R02329	5	4	5	5	5	5	5	4	5	4	2
R02330	3	2	2	4	2	4	2	5	2	2	1
R02331	5	1	5	2	5	4	5	2	4	4	2
R02332	4	4	3	4	5	5	4	4	4	2	1
R02333	5	1	2	4	2	4	3	4	4	1	1
R02334	5	2	2	1	4	5	3	4	4	2	2
R02335	5	1	4	4	4	4	2	3	4	4	1
R02336	5	5	4	2	5	5	0	0	5	5	1
R02337	4	1	2	4	5	4	4	2	4	3	1
R02338	5	3	4	5	4	3	2	5	4	2	1
R02339	5	2	1	2	4	4	3	1	3	2	1
R02340	1	1	4	1	2	4	4	4	2	2	2
R02341	4	4	1	2	4	5	3	3	4	2	1
R02342	3	1	2	1	2	5	1	1	1	1	2
R02343	5	4	4	2	3	4	4	2	3	2	1
R02344	3	4	2	3	4	5	4	1	4	3	2
R02345	4	3	3	2	2	4	4	3	3	1	1
R02346	3	5	2	1	1	3	3	2	4	2	1
R02347	5	5	5	4	4	3	4	4	5	1	2
R02348	1	1	1	4	1	4	2	2	1	2	1
R02349	4	3	4	5	1	5	4	0	5	2	2
R02350	5	3	5	5	3	4	4	5	4	5	2
R02351	2	2	3	2	3	3	4	1	2	2	1
R02352	2	3	5	2	1	4	1	2	3	3	2
R02353	2	4	4	2	3	5	2	4	3	3	1
R02354	2	3	4	2	1	3	2	3	3	1	2
R02355	5	2	3	4	5	4	4	5	2	2	1
R02356	4	5	5	4	3	4	4	3	5	5	1
R02357	4	4	5	3	4	4	5	4	5	2	1
R02358	2	1	2	1	2	4	2	1	2	1	1
R02359	5	4	5	3	2	5	1	4	4	3	2
R02360	4	4	5	3	4	5	5	0	5	1	2
R02361	4	2	5	5	4	1	5	5	3	4	2
R02362	4	3	4	4	5	1	4	4	4	2	2
R02363	3	4	5	2	2	4	4	1	4	2	2
R02364	3	4	5	2	3	4	4	2	4	1	1
R02365	2	3	5	1	2	4	2	2	2	4	2
R02366	1	4	5	1	1	4	4	1	1	1	2
R02367	4	4	5	4	5	2	4	4	4	2	2
R02368	5	5	4	2	1	5	4	2	4	2	1
R02369	5	4	4	4	5	4	5	5	5	3	1
R02370	1	4	5	1	3	2	5	1	4	0	2
R02371	4	4	2	3	5	5	2	4	4	2	1
R02372	5	4	4	0	4	5	1	2	2	2	2
R02373	2	5	4	4	4	5	4	5	5	4	2
R02374	5	5	3	2	4	3	4	4	4	2	1
R02375	5	3	5	4	2	3	4	2	4	1	1
R02376	4	1	4	1	4	5	2	4	0	1	1
R02377	5	2	4	2	2	4	2	5	2	1	2
R02378	3	3	4	1	1	1	4	2	3	1	2
R02379	4	4	1	2	4	5	5	4	4	1	1
R02380	2	2	5	3	3	4	4	3	4	4	1
R02381	2	4	5	2	4	2	5	5	4	5	1
R02382	2	1	4	2	1	4	2	3	2	2	1
R02383	5	2	3	2	4	4	4	5	4	4	1
R02384	3	4	4	4	4	3	4	5	4	1	2
R02385	4	1	5	3	4	2	2	2	1	0	1
R02386	4	2	5	3	4	4	4	2	4	2	2
R02387	5	4	5	4	2	4	4	2	5	2	1
R02388	4	5	4	2	3	3	4	4	5	2	1
R02389	5	4	5	4	4	5	4	5	5	4	2
R02390	4	3	5	4	4	4	4	4	0	3	2
R02391	4	2	4	4	3	3	3	4	3	2	2
R02392	1	1	2	2	4	0	4	3	2	1	1
R02393	1	1	5	1	2	4	4	1	3	2	2
R02394	3	4	5	3	4	5	5	4	5	4	2
R02395	3	1	4	1	3	2	2	2	2	1	2
R02396	4	1	4	5	2	5	4	2	4	2	2
R02397	3	2	5	1	2	5	4	2	3	3	1
R02398	4	3	5	4	2	4	4	2	4	1	2
R02399	4	5	5	5	2	4	5	1	0	1	1
R02400	2	4	5	1	1	4	2	2	4	1	2
R02401	4	5	5	2	3	3	4	4	5	2	2
R02402	5	4	5	5	5	5	4	5	5	2	1
R02403	5	4	5	5	5	4	3	3	5	5	1
R02404	3	5	4	3	2	4	5	2	4	2	1
R02405	5	4	5	4	5	0	5	4	5	5	2
R02406	4	2	4	4	4	5	4	4	4	4	1
R02407	4	2	2	4	4	2	4	4	4	4	1
R02408	4	1	3	3	4	4	2	3	2	3	2
R02409	5	5	5	5	5	5	5	5	5	5	2
R02410	4	2	4	4	4	4	5	4	3	2	1
R02411	5	1	2	2	4	2	2	4	1	1	1
R02412	4	4	4	2	4	4	2	0	4	1	2
R02413	4	3	4	3	3	2	5	3	4	2	2
R02414	2	2	3	1	2	5	1	1	4	2	1
R02415	4	4	5	5	4	1	5	2	5	4	2
R02416	2	2	4	2	4	4	3	2	0	1	1
R02417	5	5	5	3	3	5	5	3	4	5	2
R02418	5	2	5	2	3	4	2	5	4	4	2
R02419	4	2	1	4	3	3	4	4	4	1	1
R02420	4	2	4	3	4	5	4	5	5	4	1
R02421	4	1	4	2	4	5	1	1	1	3	2
R02422	3	2	4	2	4	4	4	2	3	1	2
R02423	2	1	1	2	4	4	2	3	2	3	1
R02424	2	3	2	3	3	4	2	5	1	2	1
R02425	4	3	3	3	4	3	5	2	2	3	1
R02426	1	4	5	1	3	3	5	1	4	1	2
R02427	5	4	4	4	5	5	5	4	5	5	2
R02428	4	3	2	2	4	5	4	4	5	2	2
R02429	4	5	5	1	4	3	5	2	5	1	2
R02430	1	0	1	1	1	3	1	1	1	1	1
R02431	5	3	4	3	4	4	3	5	4	4	1
R02432	3	3	2	2	4	4	4	5	2	2	1
R02433	5	3	5	5	2	4	2	3	4	2	2
R02434	5	4	4	2	4	4	3	4	4	2	2
R02435	3	3	3	2	1	4	2	5	3	1	1
R02436	5	4	5	2	4	4	5	3	4	2	2
R02437	3	2	4	3	2	3	1	3	3	2	2
R02438	5	1	2	5	5	4	4	5	4	2	1
R02439	5	1	4	5	5	2	4	5	3	4	1
R02440	4	2	3	2	4	2	3	4	3	3	1
R02441	4	1	2	5	5	3	2	2	2	4	1
R02442	4	4	4	5	5	5	4	4	4	4	2
R02443	4	2	2	4	2	4	2	4	1	2	2
R02444	4	2	5	3	4	3	5	2	4	3	1
R02445	1	0	4	1	3	5	4	2	4	1	1
R02446	2	2	4	1	1	2	2	1	2	1	2
R02447	5	2	1	5	4	4	1	4	1	2	2
R02448	5	3	4	5	2	4	4	4	5	5	2
R02449	4	4	5	5	4	4	5	2	5	4	2
R02450	2	2	4	2	2	5	2	1	2	2	2
R02451	5	1	1	2	3	5	3	2	2	3	1
R02452	5	5	5	3	4	4	5	4	5	4	2
R02453	3	1	2	2	4	3	4	2	3	2	2
R02454	5	3	5	1	2	5	4	2	4	2	2
R02455	5	2	5	3	3	2	4	3	5	1	2
R02456	1	2	3	2	2	5	2	4	2	4	2
R02457	2	4	3	3	4	2	5	2	4	3	1
R02458	4	2	2	3	3	2	4	4	4	2	1
R02459	3	2	2	2	2	5	4	1	4	2	1
R02460	5	5	5	5	3	5	4	5	5	2	1
R02461	5	5	4	5	5	5	5	5	5	5	1
R02462	4	4	5	5	5	5	5	5	5	1	1
R02463	5	4	3	4	4	2	4	4	4	2	1
R02464	4	2	4	4	4	5	4	4	4	2	2
R02465	4	1	5	1	3	5	2	2	4	2	2
R02466	5	5	0	3	5	5	4	5	5	3	1
R02467	4	5	5	4	1	5	4	2	5	3	2
R02468	3	3	4	1	1	4	2	5	2	0	1
R02469	4	5	5	4	1	5	3	4	5	2	2
R02470	5	2	4	3	4	5	3	2	2	4	1
R02471	4	1	2	1	2	3	4	3	4	4	2
R02472	4	4	4	1	2	5	0	4	4	2	2
R02473	3	2	5	2	3	5	4	2	3	1	2
R02474	4	4	4	4	4	3	5	4	4	2	1
R02475	3	2	4	3	4	5	5	1	4	4	2
R02476	4	3	5	3	4	4	2	5	4	1	2
R02477	4	5	4	4	3	5	5	5	5	2	2
R02478	5	2	2	4	4	5	2	5	4	5	2
R02479	2	4	4	1	1	4	4	2	4	1	2
R02480	4	5	4	0	4	4	4	4	2	2	1
R02481	5	1	2	3	4	4	1	2	1	1	1
R02482	3	1	4	2	4	4	3	2	2	2	1
R02483	4	4	3	4	4	3	4	1	4	1	1
R02484	0	0	4	1	3	4	3	1	2	1	1
R02485	5	4	5	5	5	5	5	5	5	3	2
R02486	5	1	2	4	5	5	4	4	3	4	1
R02487	5	1	4	5	5	3	3	4	4	4	2
R02488	2	5	4	1	1	3	4	2	4	4	1
R02489	4	1	4	2	1	4	3	1	2	1	1
R02490	2	4	4	2	4	5	5	3	5	2	2
R02491	4	4	4	4	5	5	4	5	5	4	1
R02492	4	4	4	1	4	5	4	4	4	2	2
R02493	4	4	3	4	2	4	4	4	4	1	1
R02494	5	2	3	5	5	4	2	4	4	3	1
R02495	5	5	5	4	4	3	4	4	4	2	2
R02496	4	3	1	1	1	5	3	2	4	2	1
R02497	5	5	4	5	5	5	4	4	5	5	1
R02498	1	3	4	1	3	4	5	2	4	2	2
R02499	4	1	3	4	4	5	0	4	4	4	2
R02500	4	3	5	2	2	4	2	2	4	3	2
R02501	5	5	5	2	2	4	4	4	4	4	1
R02502	5	2	4	3	4	5	1	4	4	2	1
R02503	5	3	4	2	4	4	4	3	4	2	2
R02504	3	5	4	4	2	4	2	2	4	2	2
R02505	5	2	3	2	4	4	4	2	4	2	1
R02506	3	1	2	2	4	4	3	3	4	2	1
R02507	4	1	5	3	3	5	4	4	3	3	2
R02508	4	2	4	2	3	3	2	3	4	2	1
R02509	4	4	5	4	5	4	4	3	5	2	1
R02510	5	4	2	5	5	3	5	5	5	5	1
R02511	5	3	4	3	1	5	3	3	5	2	2
R02512	3	2	4	1	1	5	5	1	4	2	2
R02513	4	3	5	4	3	5	4	4	2	5	2
R02514	2	5	5	1	1	3	4	4	4	1	1
R02515	4	4	4	2	4	4	4	2	4	1	1
R02516	1	5	5	1	2	1	5	1	1	1	1
R02517	5	2	5	3	5	4	4	4	5	5	2
R02518	2	3	4	3	4	3	4	5	5	3	1
R02519	4	4	4	1	2	4	3	4	4	1	2
R02520	3	4	4	4	2	4	1	2	4	3	2
R02521	3	4	5	1	4	5	5	2	3	4	1
R02522	4	1	5	5	2	5	2	1	2	5	2
R02523	5	3	4	3	4	3	4	4	4	3	2
R02524	5	5	4	3	2	5	4	4	4	4	2
R02525	4	2	4	3	4	5	2	5	4	5	2
R02526	2	3	2	3	4	3	1	4	2	1	1
R02527	5	5	5	2	3	5	5	2	5	2	2
R02528	5	4	4	3	4	0	4	5	5	4	1
R02529	5	2	5	2	3	5	3	2	4	3	1
R02530	4	2	4	4	3	4	2	4	2	5	2
R02531	3	2	2	5	2	4	2	4	3	4	1
R02532	1	4	3	3	1	3	4	4	3	2	2
R02533	4	3	2	3	2	5	4	2	3	4	1
R02534	4	2	4	2	3	4	4	1	4	1	1
R02535	4	3	4	2	4	3	3	4	5	2	2
R02536	5	3	3	4	5	4	5	4	4	4	1
R02537	4	3	5	4	3	5	4	4	4	5	2
R02538	5	4	5	5	4	4	4	5	5	5	2
R02539	5	5	5	5	5	4	0	4	5	5	2
R02540	3	1	3	1	5	4	4	5	2	4	1
R02541	2	1	5	3	0	1	5	2	4	2	2
R02542	5	4	1	2	5	3	4	5	4	5	1
R02543	4	5	5	1	3	4	4	3	4	3	2
R02544	4	2	4	4	4	4	4	4	4	5	1
R02545	4	1	4	2	3	5	3	1	2	1	2
R02546	2	3	4	2	2	2	2	4	4	3	1
R02547	4	4	5	3	4	4	5	4	5	5	2
R02548	5	3	3	3	5	4	1	4	5	4	2
R02549	3	2	3	5	4	5	1	5	3	5	1
R02550	4	3	3	2	3	4	5	4	5	1	1
R02551	4	5	5	2	1	4	0	2	5	2	1
R02552	2	2	2	2	2	4	4	1	4	1	2
R02553	5	4	0	1	4	4	5	4	5	5	1
R02554	3	4	4	1	2	4	3	4	2	2	1
R02555	5	4	4	3	5	4	5	5	5	5	2
R02556	3	1	2	1	4	5	4	2	2	1	2
R02557	5	5	5	3	5	4	5	5	5	3	2
R02558	5	4	4	3	4	4	1	4	2	4	2
R02559	2	4	5	2	3	4	4	4	5	2	1
R02560	4	1	4	2	3	4	3	4	4	2	2
R02561	4	1	1	1	2	5	2	4	3	1	1
R02562	4	2	2	4	2	4	3	2	5	2	1
R02563	5	2	3	1	2	5	4	4	4	2	2
R02564	4	4	5	2	3	4	5	5	5	2	2
R02565	3	4	5	2	2	4	2	2	3	2	1
R02566	5	4	4	1	2	4	5	2	5	3	1
R02567	5	4	5	4	4	5	3	5	4	5	2
R02568	4	1	4	5	5	5	5	5	5	2	2
R02569	5	2	0	4	4	4	4	4	3	5	1
R02570	4	4	2	1	5	4	4	2	2	1	1
R02571	2	1	2	2	1	4	3	2	1	1	2
R02572	2	4	5	2	4	5	4	4	5	1	2
R02573	4	5	5	4	4	5	4	3	5	2	2
R02574	4	2	4	2	1	4	1	2	3	1	2
R02575	5	2	4	5	4	5	4	3	5	5	2
R02576	5	4	5	2	3	5	5	4	5	5	2
R02577	3	5	4	2	2	4	4	3	4	4	2
R02578	2	5	5	5	3	5	4	4	5	4	2
R02579	4	5	5	2	1	4	4	1	5	2	1
R02580	5	5	2	5	4	5	3	5	4	4	1
R02581	4	4	2	3	4	2	4	2	4	2	2
R02582	4	1	2	2	4	5	1	4	4	2	2
R02583	4	1	2	2	2	4	4	1	2	1	2
R02584	5	4	3	4	3	5	5	5	5	4	2
R02585	4	2	4	2	3	5	2	4	3	2	1
R02586	4	2	2	2	4	5	2	4	4	3	1
R02587	3	1	1	4	5	4	3	2	2	4	2
R02588	3	4	4	2	4	5	4	2	4	5	2
R02589	3	4	5	4	4	3	4	4	3	2	2
R02590	5	2	5	3	5	4	4	4	5	4	1
R02591	2	3	5	4	4	4	5	2	4	1	1
R02592	5	5	5	2	4	4	4	3	4	3	2
R02593	5	2	4	2	5	4	3	5	4	4	1
R02594	0	3	4	2	4	4	4	2	4	3	1
R02595	4	2	5	2	2	4	4	4	4	5	2
R02596	4	4	2	5	5	4	2	2	4	2	1
R02597	5	3	5	2	5	4	4	4	4	1	1
R02598	3	5	4	3	4	3	5	2	4	1	1
R02599	5	2	4	3	4	5	2	4	4	2	2
R02600	5	4	5	4	0	4	4	5	5	5	2
R02601	4	1	5	4	3	5	3	5	5	0	2
R02602	3	4	5	2	2	3	4	4	4	2	1
R02603	4	5	5	3	2	4	4	5	4	5	2
R02604	5	1	4	1	3	4	4	3	4	2	1
R02605	5	5	5	5	3	5	4	5	5	3	2
R02606	4	3	4	2	4	5	4	2	4	2	2
R02607	3	3	2	2	4	4	5	2	4	1	1
R02608	5	2	5	2	2	4	5	2	4	2	2
R02609	5	2	4	2	5	3	3	3	3	1	1
R02610	5	4	4	2	4	1	5	4	5	3	1
R02611	4	5	5	2	4	4	5	2	5	2	2
R02612	5	2	4	2	3	4	2	3	4	3	1
R02613	5	4	4	5	5	5	4	5	4	5	1
R02614	4	1	4	2	2	1	4	4	4	2	1
R02615	5	3	5	5	5	5	4	5	4	5	1
R02616	4	4	5	3	3	5	3	3	3	3	2
R02617	5	4	4	4	5	5	5	4	5	4	2
R02618	1	4	5	4	0	5	5	4	5	1	1
R02619	4	5	5	3	4	3	4	4	5	1	2
R02620	4	4	5	2	5	5	5	1	0	2	2
R02621	4	5	5	3	4	4	0	4	5	4	1
R02622	4	2	4	1	4	5	2	3	5	5	1
R02623	4	4	5	2	3	4	4	2	4	1	1
R02624	4	4	5	2	2	3	4	1	4	1	1
R02625	4	1	2	4	4	4	1	5	4	2	1
R02626	5	2	1	4	4	4	3	2	3	1	1
R02627	2	4	3	2	5	4	4	3	3	3	1
R02628	5	2	3	5	5	2	0	4	5	3	1
R02629	4	4	4	2	4	5	4	4	2	4	2
R02630	5	5	5	1	3	2	4	2	4	3	2
R02631	5	4	4	4	5	2	4	4	5	2	2
R02632	2	2	1	1	2	5	4	2	2	1	1
R02633	0	4	4	1	3	4	5	4	3	1	1
R02634	5	5	4	4	4	4	5	3	5	2	1
R02635	4	4	5	5	4	3	4	2	4	2	1
R02636	3	2	2	2	4	3	4	2	4	2	1
R02637	5	4	2	2	1	5	0	2	4	2	1
R02638	4	5	5	2	3	3	2	3	5	1	1
R02639	4	2	5	1	3	5	3	2	5	2	1
R02640	4	3	5	4	2	4	4	2	4	3	2
R02641	1	2	4	2	4	3	3	4	4	2	2
R02642	4	4	2	2	4	4	3	4	4	1	2
R02643	3	2	5	5	5	5	5	4	5	5	2
R02644	0	2	5	4	4	5	5	4	5	5	2
R02645	2	3	4	0	2	5	3	2	2	2	1
R02646	2	2	4	4	1	4	2	4	3	1	1
R02647	4	4	4	1	4	3	5	2	4	2	2
R02648	2	5	0	1	5	4	5	1	4	3	1
R02649	2	2	5	2	4	1	4	5	5	1	2
R02650	3	3	2	2	1	3	4	1	3	1	1
R02651	2	4	5	2	0	5	5	4	2	2	1
R02652	5	4	3	5	5	5	4	5	5	5	1
R02653	1	2	4	4	2	5	4	4	3	1	2
R02654	5	3	4	1	4	4	2	5	4	5	1
R02655	4	5	4	3	3	4	4	3	5	2	2
R02656	4	4	5	1	2	3	5	2	4	1	1
R02657	2	4	2	1	2	3	1	4	4	2	1
R02658	4	1	5	2	5	2	3	2	3	2	2
R02659	5	5	5	2	4	5	4	4	5	1	1
R02660	3	1	5	1	4	5	2	4	4	1	2
R02661	3	4	5	4	5	4	5	4	5	2	1
R02662	2	1	4	2	1	4	2	2	1	1	2
R02663	2	4	5	1	2	4	5	3	4	3	1
R02664	5	2	4	5	4	5	2	5	4	5	1
R02665	5	4	3	2	4	2	3	3	4	2	1
R02666	5	0	4	4	2	5	4	4	5	4	1
R02667	3	5	5	1	4	4	5	2	3	3	2
R02668	4	5	4	2	4	4	2	3	4	3	1
R02669	2	1	2	2	1	4	1	1	1	0	1
R02670	4	3	4	3	4	4	4	3	2	1	2
R02671	5	1	4	2	3	4	2	4	4	1	2
R02672	2	4	4	5	2	5	3	4	4	2	2
R02673	4	4	2	2	4	4	2	4	4	3	2
R02674	3	1	3	2	4	5	2	5	2	3	1
R02675	4	1	2	4	3	5	2	2	2	4	1
R02676	0	3	4	4	4	2	4	4	4	4	2
R02677	5	2	5	3	3	2	4	2	4	2	1
R02678	5	4	5	5	4	5	4	2	5	3	1
R02679	0	5	3	2	4	5	4	3	4	4	2
R02680	5	4	3	4	5	4	5	5	5	5	2
R02681	5	3	4	3	5	4	4	4	4	3	1
R02682	4	2	4	2	2	2	2	3	3	4	2
R02683	5	3	1	3	3	5	4	4	2	1	1
R02684	5	4	3	3	4	5	4	3	4	3	2
R02685	5	4	4	4	3	5	2	5	5	4	2
R02686	3	5	5	4	4	4	5	2	4	2	1
R02687	5	2	3	4	2	4	4	1	2	1	2
R02688	5	2	5	4	4	5	3	4	5	5	2
R02689	5	4	4	3	4	4	3	4	4	3	2
R02690	4	5	5	2	5	3	4	5	5	2	1
R02691	5	1	5	2	5	2	4	5	4	1	1
R02692	2	2	1	1	2	4	0	4	4	3	1
R02693	0	3	4	4	3	4	4	4	4	3	1
R02694	4	2	1	4	2	2	1	1	4	3	1
R02695	1	3	5	3	2	4	4	1	3	1	2
R02696	4	4	5	5	5	5	3	5	5	4	2
R02697	3	1	4	2	4	2	3	2	4	2	2
R02698	4	2	3	2	2	5	4	3	3	2	2
R02699	3	3	2	2	2	5	1	5	5	3	1
R02700	1	5	4	2	5	4	4	5	4	3	2
R02701	5	3	5	3	5	5	4	4	4	4	2
R02702	1	2	4	1	2	4	2	4	4	3	1
R02703	3	3	5	2	4	4	3	2	4	4	2
R02704	1	4	5	2	1	4	4	1	2	1	1
R02705	4	2	4	4	4	2	2	4	1	1	1
R02706	4	2	5	2	4	5	4	5	5	4	2
R02707	5	4	5	1	2	4	4	1	4	4	2
R02708	4	5	4	4	1	2	4	1	4	1	2
R02709	4	1	2	4	4	4	2	2	2	2	1
R02710	4	2	4	2	4	4	4	4	4	2	2
R02711	4	1	2	3	3	5	3	5	2	2	1
R02712	5	4	5	3	4	4	5	2	5	3	1
R02713	4	3	5	2	5	4	5	4	4	1	2
R02714	1	4	5	1	1	3	2	1	3	1	2
R02715	2	5	5	4	2	2	4	2	3	2	2
R02716	4	4	5	4	3	4	4	4	5	2	1
R02717	5	4	4	2	2	2	4	2	5	4	1
R02718	2	4	4	2	1	4	2	2	4	2	1
R02719	3	4	5	2	2	5	2	4	4	3	2
R02720	3	2	4	4	5	4	2	1	3	4	2
R02721	2	2	5	2	3	3	2	1	2	2	2
R02722	4	2	4	4	5	5	4	4	4	5	1
R02723	4	1	4	4	3	4	4	1	4	2	2
R02724	5	4	2	2	4	5	4	3	4	0	2
R02725	4	4	2	3	3	5	5	4	4	2	1
R02726	4	5	2	2	4	5	5	3	5	2	1
R02727	4	4	5	2	3	4	4	2	4	2	1
R02728	5	4	4	2	2	4	3	2	4	4	1
R02729	5	4	5	4	5	5	5	5	5	3	1
R02730	2	2	4	2	3	2	4	1	3	3	1
R02731	3	4	3	1	4	4	4	4	4	1	1
R02732	4	2	1	5	3	4	1	3	4	3	2
R02733	5	4	5	4	5	1	2	5	4	5	2
R02734	4	3	4	1	2	4	5	1	5	2	1
R02735	2	5	5	2	2	5	4	3	5	2	2
R02736	4	5	5	4	5	5	4	3	5	3	2
R02737	2	5	5	3	0	4	4	2	5	1	2
R02738	5	2	4	5	4	3	5	4	5	4	1
R02739	1	1	1	2	2	3	1	0	1	2	1
R02740	5	4	4	2	4	5	3	5	2	4	1
R02741	5	5	5	4	4	0	2	4	5	1	2
R02742	3	2	3	2	4	4	4	5	4	5	2
R02743	1	2	3	1	2	5	4	1	4	2	1
R02744	4	4	1	4	4	5	2	4	2	4	1
R02745	1	4	4	1	1	4	3	2	3	3	2
R02746	1	2	2	1	1	4	2	2	1	1	2
R02747	3	5	5	4	2	4	4	3	4	3	1
R02748	4	1	4	3	3	4	4	3	2	4	1
R02749	5	1	4	5	5	5	1	5	4	0	2
R02750	4	2	2	2	4	5	1	2	1	4	2
R02751	4	5	5	5	5	5	5	3	4	3	2
R02752	5	3	5	3	2	5	2	0	4	3	2
R02753	2	4	5	1	2	4	2	2	2	1	2
R02754	5	4	5	1	4	4	4	3	1	4	2
R02755	5	1	2	4	3	4	2	5	4	4	1
R02756	5	5	1	3	3	4	3	2	4	1	2
R02757	4	2	5	2	2	4	5	2	4	2	2
R02758	2	4	2	2	4	4	4	3	2	2	1
R02759	5	2	4	3	2	2	3	3	4	4	1
R02760	5	5	4	5	5	2	5	5	0	5	2
R02761	4	4	5	2	2	5	4	4	4	1	2
R02762	4	2	1	2	2	5	4	4	4	4	1
R02763	3	4	4	4	1	4	2	2	2	2	2
R02764	4	2	5	4	3	3	5	0	3	2	2
R02765	3	4	1	3	2	5	4	1	3	2	1
R02766	5	1	4	3	5	5	5	3	5	2	1
R02767	2	4	4	2	1	2	3	1	4	1	2
R02768	0	3	2	2	1	2	2	3	4	1	2
R02769	4	1	1	3	4	5	4	2	3	3	1
R02770	1	1	1	2	2	3	2	2	1	2	1
R02771	3	3	4	2	2	4	4	5	5	2	2
R02772	4	4	5	4	5	4	4	4	4	4	2
R02773	5	3	4	2	3	2	3	2	4	1	1
R02774	1	2	4	1	3	4	4	1	4	2	1
R02775	4	2	5	1	4	4	5	4	5	3	2
R02776	0	1	2	5	3	5	4	5	5	5	1
R02777	4	2	4	4	3	3	4	3	4	5	1
R02778	2	1	4	1	5	4	3	5	4	2	1
R02779	4	1	3	3	3	5	2	2	3	2	2
R02780	4	2	1	2	2	4	3	4	4	1	1
R02781	3	1	2	5	4	5	4	5	4	2	1
R02782	3	5	4	4	5	2	4	5	4	3	1
R02783	5	4	5	3	5	4	5	5	5	4	1
R02784	5	2	4	2	3	5	2	4	5	5	1
R02785	4	3	4	1	3	2	4	2	1	2	1
R02786	5	2	4	3	4	5	3	3	4	4	1
R02787	5	5	0	5	5	5	0	4	5	4	2
R02788	5	4	2	4	4	5	4	4	5	1	2
R02789	5	2	3	5	4	5	4	4	4	1	2
R02790	4	1	1	3	4	5	1	3	1	3	1
R02791	3	4	4	4	2	2	5	5	5	1	1
R02792	3	2	4	2	3	5	3	3	4	4	1
R02793	5	2	2	1	2	4	3	5	2	0	1
R02794	1	2	4	4	2	4	4	3	3	1	2
R02795	5	5	5	3	4	4	3	3	3	5	2
R02796	5	5	4	5	5	4	4	2	5	2	1
R02797	5	2	5	1	5	5	4	4	4	2	2
R02798	3	2	4	2	2	2	4	2	1	1	1
R02799	5	1	1	3	3	2	1	4	2	2	1
R02800	4	5	4	3	4	5	5	4	4	1	1
R02801	4	5	5	2	4	5	4	4	5	2	1
R02802	5	3	2	2	4	2	4	3	4	4	1
R02803	4	5	4	2	4	5	5	4	4	5	1
R02804	4	4	4	4	0	3	4	4	3	2	1
R02805	5	4	5	2	4	5	5	4	3	4	2
R02806	3	5	5	3	4	4	5	4	5	5	2
R02807	5	4	5	5	5	3	5	5	5	5	2
R02808	5	4	4	4	4	5	4	5	4	5	2
R02809	4	2	4	1	3	5	5	4	4	2	2
R02810	2	1	2	2	3	4	1	3	2	3	2
R02811	4	3	5	4	4	4	5	3	5	2	2
R02812	5	5	4	2	3	5	2	4	4	3	1
R02813	1	4	5	3	4	5	2	4	5	4	2
R02814	4	2	3	4	5	5	3	5	4	3	1
R02815	4	4	0	1	4	5	4	1	4	1	2
R02816	3	1	4	5	4	5	2	2	3	3	2
R02817	4	2	3	2	5	5	4	5	4	3	2
R02818	3	5	4	2	4	4	3	5	3	1	1
R02819	4	4	5	2	4	5	4	2	5	5	2
R02820	4	2	4	5	2	4	4	4	5	4	1
R02821	4	4	5	4	3	4	4	3	4	2	2
R02822	4	1	5	5	5	5	4	3	4	3	1
R02823	5	4	4	4	4	5	4	3	4	2	2
R02824	3	5	5	3	4	4	4	4	5	1	2
R02825	2	5	5	2	2	5	5	4	5	1	1
R02826	5	3	4	4	5	5	5	4	5	5	1
R02827	4	4	4	2	2	2	3	2	5	1	1
R02828	4	2	4	4	4	2	4	2	4	4	2
R02829	4	4	5	5	4	4	3	4	5	2	2
R02830	4	2	3	1	3	2	4	4	4	2	1
R02831	4	3	1	1	2	0	2	2	3	1	1
R02832	4	5	5	2	2	4	5	3	5	1	2
R02833	2	1	3	1	2	5	3	2	4	1	2
R02834	5	1	2	2	4	5	1	5	5	4	1
R02835	4	4	0	3	3	4	5	1	4	2	1
R02836	5	3	4	3	3	4	2	4	2	4	2
R02837	4	5	3	1	2	4	4	3	4	2	1
R02838	3	4	4	1	1	5	2	2	3	1	1
R02839	5	1	1	5	3	5	1	2	3	3	1
R02840	4	1	5	3	3	3	4	5	1	2	1
R02841	5	2	3	2	1	4	4	2	1	1	1
R02842	2	5	5	2	4	3	5	5	5	2	1
R02843	2	4	3	1	2	2	2	3	1	1	1
R02844	2	5	4	2	2	3	4	4	5	5	1
R02845	3	4	5	4	2	2	4	3	5	2	2
R02846	4	4	5	4	3	4	4	4	5	2	1
R02847	5	4	3	4	4	4	4	5	4	2	1
R02848	4	5	5	2	3	4	4	5	5	3	2
R02849	0	4	1	2	1	5	2	2	3	1	1
R02850	3	1	5	5	4	0	2	5	2	4	1
R02851	5	3	4	5	5	5	4	5	4	3	2
R02852	4	5	4	2	4	2	4	4	4	5	1
R02853	5	3	3	5	5	5	4	5	4	5	2
R02854	4	1	4	2	4	4	4	1	4	1	1
R02855	5	5	5	1	4	4	5	3	4	1	1
R02856	5	4	4	2	4	5	4	4	4	5	1
R02857	3	4	4	3	2	5	3	2	4	2	1
R02858	3	4	4	3	3	4	5	3	4	2	1
R02859	4	2	3	5	3	5	2	4	5	2	1
R02860	5	3	5	4	5	3	5	5	5	4	2
R02861	3	1	4	2	2	4	2	4	4	2	2
R02862	3	1	5	2	3	4	4	4	5	2	1
R02863	5	4	5	3	5	4	4	3	4	2	1
R02864	4	1	5	3	4	4	3	5	5	5	2
R02865	3	1	1	2	4	5	3	4	3	2	1
R02866	5	1	3	2	5	4	4	5	3	2	2
R02867	4	2	5	1	2	5	5	1	5	2	1
R02868	5	4	3	5	4	4	5	5	5	2	1
R02869	5	4	4	4	3	5	2	4	4	4	2
R02870	5	2	5	3	5	3	4	2	4	1	2
R02871	4	4	4	2	4	2	4	4	5	2	2
R02872	5	5	5	2	4	5	4	5	4	4	2
R02873	4	0	2	4	5	4	5	5	5	5	1
R02874	5	4	4	5	2	4	4	5	4	2	1
R02875	4	5	5	4	0	3	3	4	5	4	2
R02876	3	2	2	2	4	2	4	2	3	2	1
R02877	4	2	5	2	4	5	3	4	4	1	2
R02878	5	2	3	2	5	4	4	4	4	4	2
R02879	4	2	4	4	2	4	5	5	4	3	1
R02880	1	2	3	1	1	4	3	1	1	1	2
R02881	5	4	4	4	5	4	4	5	4	5	2
R02882	4	3	2	5	4	4	2	2	4	2	1
R02883	4	5	5	3	5	5	3	4	4	4	2
R02884	4	4	4	3	4	2	4	4	4	3	2
R02885	3	2	3	3	2	4	2	2	1	2	2
R02886	4	5	5	2	2	5	2	5	4	3	2
R02887	4	4	4	3	4	4	4	4	5	3	1
R02888	4	3	4	3	4	4	4	5	2	5	1
R02889	5	5	5	2	3	5	5	3	5	2	2
R02890	4	2	3	3	5	1	3	4	3	1	2
R02891	4	4	4	4	2	4	3	5	4	2	2
R02892	5	1	4	4	4	5	3	4	2	2	2
R02893	5	0	5	4	5	3	4	5	5	3	2
R02894	4	2	2	2	3	4	3	3	1	2	1
R02895	4	1	4	4	4	3	2	4	3	2	1
R02896	5	1	2	5	5	5	4	4	4	5	2
R02897	4	5	4	2	2	4	2	2	4	3	1
R02898	2	1	1	1	4	3	4	2	2	1	1
R02899	4	2	3	2	4	5	4	2	2	5	1
R02900	2	5	5	3	2	4	5	4	4	2	1
R02901	5	1	2	2	4	4	2	2	2	1	2
R02902	4	2	5	1	3	5	5	2	4	5	1
R02903	5	4	4	2	4	2	3	4	5	2	2
R02904	3	5	4	1	4	4	4	3	5	3	2
R02905	5	5	5	5	4	4	4	4	5	4	1
R02906	2	2	5	2	2	5	1	4	4	2	2
R02907	0	3	4	2	2	4	3	3	4	1	2
R02908	1	5	2	1	2	4	4	1	2	2	2
R02909	5	4	5	3	3	0	5	4	5	3	1
R02910	3	2	4	4	4	5	3	5	3	4	1
R02911	5	3	5	3	5	5	4	2	4	1	2
R02912	5	5	5	3	5	4	5	5	5	4	2
R02913	3	2	5	2	3	4	4	2	2	1	1
R02914	5	2	5	5	3	5	5	4	4	2	2
R02915	5	1	0	4	4	3	2	1	4	2	1
R02916	5	2	5	3	4	5	5	5	5	4	1
R02917	5	4	5	3	3	4	2	4	5	5	2
R02918	4	4	5	5	4	5	5	1	5	2	2
R02919	3	1	2	2	4	4	4	2	3	1	1
R02920	5	4	2	2	4	3	4	5	3	5	1
R02921	5	5	4	5	4	4	4	4	4	5	2
R02922	2	3	5	1	1	5	4	3	4	1	2
R02923	5	2	5	4	5	5	5	2	4	2	2
R02924	5	4	4	5	5	5	4	5	4	5	1
R02925	5	4	5	4	3	2	4	4	5	2	1
R02926	0	4	5	2	5	5	4	4	5	4	2
R02927	3	0	3	3	1	5	2	4	2	4	1
R02928	3	5	5	3	3	4	3	4	4	2	1
R02929	2	4	5	3	4	3	5	1	5	1	2
R02930	2	5	4	3	1	1	3	1	5	4	2
R02931	5	2	5	1	2	2	4	1	4	2	1
R02932	5	4	4	4	5	4	4	5	5	3	1
R02933	4	1	1	3	1	3	1	3	2	2	1
R02934	5	3	5	4	4	5	5	4	2	4	1
R02935	4	4	2	5	5	5	2	5	1	2	1
R02936	5	5	5	2	5	5	3	3	4	3	2
R02937	5	2	1	4	4	4	2	4	5	4	1
R02938	4	3	5	1	5	5	4	5	4	1	2
R02939	3	1	2	1	4	5	4	2	3	4	1
R02940	5	2	4	2	5	5	3	4	3	2	1
R02941	2	2	5	3	3	4	5	3	4	3	2
R02942	5	3	5	4	4	4	5	3	5	3	1
R02943	4	1	3	3	3	2	5	4	4	5	1
R02944	4	5	4	2	5	5	4	3	2	3	2
R02945	4	4	4	2	4	0	4	5	4	5	1
R02946	3	3	4	2	5	4	3	4	3	2	2
R02947	4	3	4	2	1	5	2	3	1	2	2
R02948	2	4	4	3	2	5	4	2	3	1	1
R02949	5	5	4	5	0	4	5	4	5	2	1
R02950	3	4	5	2	2	4	4	5	5	3	2
R02951	2	3	2	2	4	0	2	3	2	1	1
R02952	2	3	5	2	1	3	1	1	2	1	2
R02953	4	4	5	2	4	3	4	2	4	2	1
R02954	4	2	1	2	4	5	4	1	3	1	2
R02955	4	1	3	2	1	3	1	1	2	1	1
R02956	5	4	4	4	5	5	3	5	5	4	1
R02957	5	2	4	2	3	4	5	2	4	1	2
R02958	5	3	4	4	4	4	3	5	4	5	1
R02959	4	2	4	2	4	4	4	4	2	2	1
R02960	3	3	4	2	2	4	4	1	4	4	1
R02961	3	2	4	2	4	5	4	2	4	1	1
R02962	2	4	5	2	1	3	3	3	4	1	1
R02963	2	4	5	3	2	4	2	2	4	2	1
R02964	4	5	4	4	2	4	5	3	5	3	1
R02965	5	5	5	4	4	5	0	5	5	4	2
R02966	1	2	2	1	1	5	1	1	1	1	2
R02967	5	2	4	2	3	3	4	4	0	2	1
R02968	3	2	4	5	4	4	2	4	2	2	1
R02969	5	4	3	5	5	5	5	5	4	2	1
R02970	4	4	5	3	2	4	5	2	5	2	2
R02971	5	1	4	2	5	4	4	5	2	5	1
R02972	5	3	5	3	0	4	5	4	5	5	1
R02973	5	4	4	5	5	5	4	3	5	0	1
R02974	5	5	4	3	3	4	4	4	5	3	2
R02975	4	1	5	2	4	5	4	5	4	4	2
R02976	5	4	4	1	2	3	4	1	4	3	2
R02977	5	2	5	5	3	4	4	5	4	3	2
R02978	4	2	3	3	4	5	2	5	4	2	1
R02979	3	4	5	2	5	2	5	2	4	1	2
R02980	5	2	1	1	1	3	1	2	1	3	1
R02981	4	1	2	2	4	5	4	2	4	3	1
R02982	4	1	5	2	3	5	4	5	4	4	1
R02983	4	5	5	4	4	5	5	3	4	4	1
R02984	5	4	4	5	5	5	2	4	0	1	2
R02985	4	5	4	5	4	3	4	4	5	2	2
R02986	3	3	2	2	2	4	1	2	3	2	1
R02987	2	4	4	1	2	4	4	1	4	2	2
R02988	4	2	2	4	2	4	1	3	4	3	2
R02989	3	5	2	3	2	4	4	1	4	1	1
R02990	5	4	2	4	4	5	2	2	3	2	1
R02991	4	3	5	2	3	5	4	2	5	4	2
R02992	5	4	5	5	4	4	2	4	5	4	1
R02993	4	1	2	2	1	4	2	0	2	2	1
R02994	3	4	2	3	3	4	3	4	2	2	2
R02995	5	1	3	4	5	0	4	4	4	4	1
R02996	5	5	5	5	5	5	5	4	4	3	2
R02997	4	4	5	1	4	4	3	2	4	2	2
R02998	3	4	5	3	2	2	4	1	4	1	2
R02999	4	2	2	3	4	4	4	2	2	2	2
R03000	3	4	5	1	2	5	2	2	3	2	2
R03001	5	3	1	4	5	3	1	4	4	4	1
R03002	4	4	2	3	3	5	4	2	4	4	2
R03003	2	4	4	4	1	5	3	1	5	2	2
R03004	5	5	5	3	5	4	3	5	5	5	2
R03005	4	4	2	5	3	5	4	3	4	5	1
R03006	3	4	5	3	3	5	5	4	4	4	1
R03007	4	3	5	4	5	5	5	5	4	5	2
R03008	4	4	5	5	5	3	5	5	5	4	2
R03009	4	5	5	2	4	5	5	5	0	3	2
R03010	5	2	4	4	4	5	3	4	5	5	2
R03011	4	2	4	1	1	4	4	1	2	1	2
R03012	5	4	3	2	4	5	4	5	5	4	2
R03013	5	3	4	2	3	5	3	5	4	5	1
R03014	5	5	5	5	4	5	5	4	5	4	2
R03015	2	3	5	2	4	4	5	4	4	1	1
R03016	4	2	4	4	3	4	2	5	5	5	1
R03017	4	2	4	4	2	3	2	3	5	3	1
R03018	5	5	5	3	1	5	5	2	3	1	2
R03019	4	4	3	3	4	3	4	4	5	5	2
R03020	4	2	5	5	4	4	4	3	3	2	1
R03021	5	4	5	5	5	4	2	4	4	5	1
R03022	4	3	5	4	4	4	3	4	3	5	1
R03023	4	2	3	2	2	3	4	0	4	2	2
R03024	3	1	4	3	2	3	4	2	2	1	2
R03025	5	5	5	1	1	4	4	4	5	3	2
R03026	5	1	3	5	5	4	5	5	5	3	2
R03027	4	4	5	2	3	5	4	4	4	2	2
R03028	5	2	4	4	5	4	3	4	4	4	1
R03029	4	5	4	2	3	4	4	3	4	2	2
R03030	4	3	5	2	2	3	3	3	5	1	2
R03031	4	5	5	4	4	4	4	4	5	4	1
R03032	3	3	2	4	3	2	2	3	2	4	1
R03033	2	4	5	3	3	3	4	1	4	1	1
R03034	4	4	2	4	3	4	4	4	5	1	1
R03035	3	1	4	2	1	5	3	4	4	3	1
R03036	4	3	5	5	3	3	2	2	4	2	2
R03037	4	1	2	4	3	5	3	3	4	2	1
R03038	1	2	5	2	1	2	2	3	1	1	2
R03039	5	5	5	4	4	4	4	4	4	4	2
R03040	5	5	5	4	3	5	5	3	5	5	1
R03041	5	2	3	5	4	5	4	4	5	2	2
R03042	2	2	4	1	1	2	4	1	2	1	1
R03043	4	1	4	1	1	5	3	4	4	4	2
R03044	4	4	5	4	5	4	4	4	5	1	2
R03045	4	5	5	4	2	4	5	4	5	0	2
R03046	3	2	5	3	4	4	5	3	5	4	1
R03047	4	4	5	4	3	3	4	2	4	4	1
R03048	3	4	4	2	4	4	4	2	3	2	1
R03049	5	4	4	2	5	5	5	5	5	2	1
R03050	3	4	4	3	5	4	5	4	5	3	1
R03051	3	4	5	2	4	4	5	4	3	3	2
R03052	5	4	5	5	5	4	5	5	5	5	1
R03053	4	4	2	4	3	4	1	5	4	2	2
R03054	2	5	4	4	4	4	4	2	4	2	2
R03055	3	1	3	2	2	5	3	2	2	1	2
R03056	4	1	4	4	4	4	4	4	2	2	1
R03057	4	4	2	1	2	4	0	5	4	2	2
R03058	5	4	5	5	3	4	4	0	5	4	2
R03059	5	4	5	3	4	5	5	4	5	4	2
R03060	5	1	1	2	4	2	4	4	2	2	1
R03061	4	2	1	2	2	4	2	2	3	2	1
R03062	4	2	2	2	3	4	3	2	3	1	1
R03063	4	4	4	2	2	5	4	2	4	3	2
R03064	0	1	5	4	3	5	3	5	2	2	1
R03065	4	3	5	3	2	3	3	4	4	2	1
R03066	5	5	5	2	3	5	4	2	4	4	2
R03067	5	1	4	3	3	4	2	4	1	3	2
R03068	4	4	5	2	4	5	4	4	5	1	2
R03069	4	3	2	3	5	2	4	2	2	2	1
R03070	4	4	2	5	4	4	3	2	0	3	1
R03071	5	4	4	3	4	4	5	5	5	5	1
R03072	4	3	1	4	4	4	2	5	1	2	1
R03073	5	4	5	3	2	4	2	4	5	4	2
R03074	2	4	2	1	1	4	1	2	4	1	1
R03075	4	1	2	1	4	4	3	3	4	4	1
R03076	4	3	4	2	3	2	3	2	2	2	1
R03077	4	4	4	4	4	3	3	3	5	4	1
R03078	2	5	5	2	3	4	4	2	3	2	2
R03079	4	2	5	5	5	2	4	4	5	2	1
R03080	5	5	5	4	4	2	4	3	5	4	2
R03081	4	2	2	4	3	4	4	5	4	2	1
R03082	3	5	4	1	2	4	4	3	3	3	1
R03083	4	5	5	5	4	4	5	5	5	4	2
R03084	5	3	5	1	4	4	4	2	5	2	1
R03085	2	1	5	4	2	4	4	2	2	2	2
R03086	3	3	3	4	3	5	2	3	2	2	2
R03087	4	1	3	2	3	4	2	4	2	2	1
R03088	5	5	5	0	5	4	5	3	5	4	2
R03089	3	4	4	2	2	4	4	1	4	2	2
R03090	4	2	2	3	5	4	3	3	4	2	1
R03091	2	2	2	2	1	4	1	3	2	1	2
R03092	3	4	5	2	4	4	4	2	5	2	2
R03093	3	2	5	3	3	4	5	1	3	3	2
R03094	3	0	4	1	1	3	2	3	3	3	2
R03095	2	3	4	2	4	2	3	4	4	2	2
R03096	3	4	4	2	2	4	5	2	4	2	1
R03097	4	1	4	2	4	4	3	4	4	3	1
R03098	5	2	4	4	5	0	1	5	4	5	2
R03099	5	5	5	1	4	5	5	2	4	2	2
R03100	4	4	4	4	4	3	2	4	4	4	2
R03101	4	3	1	2	5	3	3	2	4	3	1
R03102	5	3	3	2	3	4	3	3	4	2	1
R03103	1	5	5	1	2	1	2	1	2	1	2
R03104	5	4	4	5	4	3	3	5	4	3	1
R03105	4	1	5	3	4	3	2	4	3	2	2
R03106	5	5	5	5	4	2	4	2	5	1	2
R03107	4	5	5	4	5	4	2	3	4	4	1
R03108	5	5	5	2	4	4	5	0	4	3	2
R03109	3	5	4	2	1	2	4	2	0	3	1
R03110	4	4	3	2	4	5	4	4	4	5	1
R03111	5	4	4	2	4	4	2	0	4	3	2
R03112	5	5	4	4	4	4	4	5	4	2	1
R03113	4	4	4	3	4	2	4	2	4	1	1
R03114	4	2	2	2	1	2	2	2	3	2	2
R03115	4	5	4	5	4	4	2	2	4	5	2
R03116	0	2	4	4	4	2	4	2	4	3	1
R03117	3	5	5	2	3	5	4	2	5	2	2
R03118	5	4	4	3	3	4	5	4	5	5	2
R03119	5	1	2	5	5	4	4	5	4	4	2
R03120	5	1	4	5	3	5	1	3	2	2	2
R03121	4	4	4	5	5	3	4	5	4	5	1
R03122	5	3	5	4	5	2	4	5	5	4	2
R03123	2	5	4	4	4	3	4	4	3	2	2
R03124	5	2	5	4	4	4	4	5	4	1	1
R03125	5	2	3	2	5	4	2	5	4	4	1
R03126	5	5	4	2	4	4	4	4	5	2	2
R03127	2	4	4	4	3	5	5	3	5	4	1
R03128	4	3	4	2	3	5	3	4	2	4	1
R03129	2	2	2	1	2	5	4	1	3	1	2
R03130	4	4	4	4	4	4	3	4	3	1	1
R03131	1	2	1	2	2	4	4	1	2	2	1
R03132	5	5	4	3	2	4	5	4	5	2	1
R03133	4	3	2	5	4	5	4	4	5	2	1
R03134	4	3	5	3	2	4	3	2	4	4	1
R03135	4	5	2	2	4	4	5	3	4	2	1
R03136	5	3	4	5	4	5	2	3	5	2	1
R03137	4	1	5	2	4	5	1	5	4	4	1
R03138	5	4	5	2	3	5	4	4	5	0	1
R03139	4	4	5	4	4	0	2	4	3	3	1
R03140	5	4	5	4	5	5	4	4	4	4	2
R03141	5	1	2	4	5	4	1	5	1	5	2
R03142	4	1	2	2	2	2	1	2	2	1	2
R03143	1	4	1	2	1	4	1	1	1	1	1
R03144	4	5	3	3	0	5	4	4	4	2	1
R03145	0	5	5	4	5	3	4	2	5	4	1
R03146	4	5	4	5	4	5	4	5	4	4	2
R03147	4	3	2	1	4	4	2	2	1	2	1
R03148	4	3	5	4	3	5	4	5	5	3	2
R03149	3	3	5	1	2	4	4	2	4	2	2
R03150	1	1	2	2	3	5	1	2	2	2	2
R03151	5	1	4	5	5	5	3	5	5	4	1
R03152	3	1	5	3	5	4	5	4	4	0	2
R03153	5	4	5	3	4	5	3	3	4	4	2
R03154	2	4	4	5	2	5	4	3	4	2	1
R03155	3	3	5	1	1	3	2	3	2	1	1
R03156	5	5	5	5	5	5	4	5	5	1	2
R03157	4	2	2	4	2	3	2	1	3	1	2
R03158	4	5	5	4	5	5	5	5	5	5	2
R03159	4	2	4	3	3	3	3	4	2	1	2
R03160	5	5	5	5	4	3	5	4	5	5	2
R03161	5	5	5	4	5	4	4	4	5	3	2
R03162	4	1	1	5	4	5	2	4	1	4	1
R03163	4	2	5	3	4	4	1	2	3	3	1
R03164	5	2	4	3	4	4	4	4	5	3	1
R03165	3	5	5	2	4	2	4	2	5	5	2
R03166	5	5	4	4	5	5	4	5	5	4	2
R03167	3	1	4	2	2	5	1	2	1	1	1
R03168	2	1	3	3	2	2	2	2	2	2	2
R03169	4	4	5	3	4	4	5	2	5	3	2
R03170	4	5	5	3	4	4	5	5	5	4	2
R03171	5	2	4	2	4	3	4	3	3	2	2
R03172	5	1	2	2	4	4	4	3	4	3	1
R03173	3	4	5	2	4	3	4	4	3	3	1
R03174	5	5	5	1	3	5	4	3	4	5	1
R03175	4	3	4	2	2	3	4	1	5	2	1
R03176	5	5	4	2	5	5	5	5	5	1	2
R03177	5	2	4	2	5	5	5	4	3	2	1
R03178	5	4	5	5	5	5	5	5	5	4	2
R03179	3	5	2	1	2	2	5	2	4	1	1
R03180	4	2	5	2	4	5	5	5	5	5	2
R03181	5	3	4	4	4	3	4	5	5	5	2
R03182	4	3	2	3	3	5	4	4	3	2	2
R03183	3	5	4	3	5	5	4	4	4	5	1
R03184	4	5	4	2	3	4	5	2	5	1	2
R03185	4	4	5	1	3	4	0	3	3	2	1
R03186	5	4	2	0	3	4	4	2	4	3	1
R03187	4	4	4	1	1	5	3	1	2	1	2
R03188	1	2	4	2	1	3	2	4	3	2	2
R03189	4	4	4	3	4	4	2	5	4	4	2
R03190	5	3	4	2	3	4	4	2	5	3	2
R03191	5	5	4	3	2	4	3	4	5	3	1
R03192	3	4	3	3	2	5	4	4	4	1	1
R03193	4	5	4	1	1	4	3	4	5	2	2
R03194	3	5	5	2	3	4	4	5	4	4	2
R03195	3	5	4	2	5	5	4	4	4	3	2
R03196	4	2	5	2	5	5	4	4	3	4	2
R03197	3	1	2	2	2	2	4	3	2	2	1
R03198	4	5	5	2	2	4	5	4	4	5	1
R03199	2	4	5	1	1	3	3	3	3	1	1
R03200	5	5	5	0	3	3	4	5	5	1	1
R03201	2	4	5	5	0	5	5	4	5	1	1
R03202	5	4	5	2	4	4	4	2	4	4	2
R03203	4	4	2	2	1	2	3	2	3	3	1
R03204	4	2	5	1	4	4	4	3	4	4	2
R03205	2	5	2	1	1	3	2	2	4	1	1
R03206	5	4	5	1	4	2	5	3	4	1	2
R03207	4	3	3	2	2	4	3	2	2	4	1
R03208	5	4	3	2	4	3	3	3	5	2	1
R03209	3	5	3	2	4	5	4	3	5	2	2
R03210	4	4	4	1	3	2	4	2	3	4	1
R03211	3	1	2	3	2	4	2	2	0	4	1
R03212	5	4	5	4	5	2	5	5	5	3	2
R03213	4	5	5	2	1	4	2	1	4	1	2
R03214	4	2	4	1	4	5	4	4	3	2	2
R03215	5	5	2	4	5	4	4	4	4	2	1
R03216	1	3	3	2	1	2	4	1	4	1	1
R03217	4	4	4	3	4	4	2	4	5	1	1
R03218	4	5	5	3	5	2	5	1	4	2	2
R03219	4	2	4	2	2	2	2	4	3	3	1
R03220	4	5	5	5	5	4	4	2	4	5	1
R03221	5	4	5	2	4	3	4	2	3	2	2
R03222	4	1	1	2	1	2	2	3	2	1	1
R03223	5	2	2	3	4	4	0	1	4	1	1
R03224	5	5	5	2	5	4	5	3	5	4	1
R03225	2	4	4	4	4	5	5	5	0	4	1
R03226	4	4	0	2	5	2	4	1	4	2	2
R03227	5	4	4	2	2	4	2	3	4	2	1
R03228	4	3	4	2	4	4	1	3	2	2	1
R03229	3	4	5	4	4	2	5	4	5	2	2
R03230	4	2	4	4	4	4	4	3	4	2	2
R03231	5	2	4	5	5	4	4	5	5	5	2
R03232	0	1	4	1	1	2	3	1	1	1	1
R03233	3	4	4	2	2	5	4	3	5	2	1
R03234	5	1	4	3	4	4	3	4	0	3	2
R03235	5	3	4	4	5	4	3	3	4	4	2
R03236	5	4	1	4	5	4	2	5	5	5	2
R03237	5	4	5	5	5	5	4	4	5	4	1
R03238	4	1	2	5	1	2	2	2	4	4	1
R03239	2	5	4	1	2	4	4	2	4	1	1
R03240	5	2	5	4	4	4	4	4	5	4	1
R03241	4	5	5	3	4	3	5	3	4	2	2
R03242	4	2	4	3	4	3	4	2	4	4	1
R03243	4	3	5	1	3	2	4	4	3	1	1
R03244	4	2	5	3	4	5	4	4	0	5	2
R03245	4	3	5	4	4	1	3	4	3	2	2
R03246	5	5	0	3	4	5	5	4	5	4	1
R03247	1	4	5	3	4	5	4	5	2	1	2
R03248	5	4	4	4	0	4	4	3	2	2	1
R03249	4	2	4	2	1	4	1	1	1	2	1
R03250	0	3	2	3	3	3	4	2	4	4	1
R03251	4	1	4	4	3	3	2	2	4	2	2
R03252	4	2	5	4	4	3	5	5	5	4	2
R03253	4	4	2	2	4	3	4	4	4	1	2
R03254	1	4	4	4	5	4	4	4	4	4	2
R03255	1	2	4	4	3	4	4	2	3	1	2
R03256	0	4	4	2	4	4	4	2	5	2	1
R03257	3	2	4	3	4	5	3	4	4	2	2
R03258	5	2	4	5	5	3	5	4	4	4	1
R03259	5	2	5	3	4	0	4	4	5	2	2
R03260	4	3	2	1	1	4	2	2	1	4	2
R03261	5	2	2	2	1	5	1	5	5	5	1
R03262	5	5	5	3	5	3	5	5	5	5	2
R03263	4	1	2	2	0	5	1	0	2	1	1
R03264	4	4	4	5	2	3	1	1	2	4	1
R03265	4	4	5	2	3	5	4	4	4	0	2
R03266	5	5	5	4	5	4	5	5	4	4	2
R03267	5	1	2	5	5	5	5	5	0	4	1
R03268	2	2	4	2	4	5	4	5	4	4	2
R03269	5	5	5	5	5	4	5	5	5	5	2
R03270	4	2	4	2	2	4	4	1	4	1	1
R03271	4	4	3	1	1	4	2	4	4	3	1
R03272	1	1	4	4	4	4	2	1	4	2	2
R03273	4	4	5	2	4	4	4	2	3	2	1
R03274	5	2	5	3	3	5	2	4	5	5	2
R03275	5	4	4	3	4	5	4	5	3	3	2
R03276	3	5	4	1	2	5	1	2	1	2	2
R03277	2	3	3	3	4	3	4	3	4	2	2
R03278	5	5	5	5	3	4	4	5	5	5	2
R03279	1	3	1	4	3	4	2	2	4	1	1
R03280	4	1	2	4	2	2	1	1	4	2	1
R03281	3	4	1	2	0	5	5	5	5	3	1
R03282	0	3	4	4	4	2	4	2	4	4	2
R03283	1	2	4	2	2	5	0	4	1	2	2
R03284	4	4	3	3	5	5	5	4	4	2	1
R03285	4	2	3	4	4	5	3	1	5	2	2
R03286	5	3	2	2	4	4	4	5	4	5	1
R03287	4	4	4	2	4	3	4	3	4	2	2
R03288	4	3	1	5	2	4	4	3	4	2	1
R03289	4	2	3	4	2	5	4	4	4	2	1
R03290	5	4	5	2	1	4	3	5	4	1	1
R03291	4	1	3	2	3	5	3	2	2	3	1
R03292	5	1	5	3	5	5	2	4	4	1	1
R03293	3	2	4	5	2	2	3	3	5	5	2
R03294	2	1	1	2	3	5	2	2	3	1	1
R03295	4	1	3	2	2	5	2	2	3	0	2
R03296	4	4	5	2	1	5	4	4	2	1	2
R03297	4	3	4	4	1	4	3	5	5	3	2
R03298	4	4	5	2	4	5	5	2	5	1	2
R03299	4	4	2	5	4	4	5	2	5	2	1
R03300	4	5	4	4	4	2	5	4	5	2	1
R03301	4	4	5	3	4	4	4	4	4	2	2
R03302	5	4	4	4	3	5	4	5	4	5	1
R03303	4	5	2	2	4	5	4	2	1	1	1
R03304	5	2	4	5	4	3	5	4	5	2	2
R03305	1	1	1	2	2	5	1	1	1	1	1
R03306	5	4	4	5	4	4	4	5	5	3	2
R03307	2	2	5	5	2	5	2	4	2	4	2
R03308	4	2	4	2	2	5	4	4	5	2	1
R03309	4	2	5	1	1	4	4	2	3	1	2
R03310	5	5	5	5	5	4	4	5	5	5	2
R03311	4	1	3	2	2	4	2	1	2	1	1
R03312	5	5	3	1	2	3	4	3	4	1	1
R03313	4	3	5	3	5	5	4	0	5	2	2
R03314	4	5	5	4	4	4	4	4	5	1	2
R03315	4	2	4	3	2	5	4	2	4	2	1
R03316	3	4	5	4	4	5	5	4	5	1	2
R03317	3	1	2	3	4	3	4	2	4	3	1
R03318	2	4	5	2	4	1	4	2	4	1	2
R03319	5	1	1	2	4	5	1	4	2	4	1
R03320	5	1	1	5	4	4	4	5	4	4	1
R03321	3	3	5	2	5	3	5	4	2	3	2
R03322	3	5	5	2	4	5	5	2	5	2	1
R03323	5	2	5	1	3	5	2	2	2	2	2
R03324	2	2	5	2	2	4	2	3	1	2	2
R03325	2	4	2	1	2	3	4	4	4	2	2
R03326	1	4	4	4	3	4	2	5	4	3	1
R03327	4	4	5	0	2	5	5	3	4	1	2
R03328	1	1	2	2	2	4	2	1	2	4	2
R03329	2	5	5	3	3	4	5	4	4	2	2
R03330	4	4	4	4	5	5	5	5	5	3	1
R03331	4	4	4	5	4	5	4	3	4	3	1
R03332	4	3	2	1	1	4	1	4	4	3	1
R03333	5	5	5	5	5	2	5	3	5	1	1
R03334	4	4	5	2	2	4	5	2	4	1	1
R03335	3	1	1	2	1	3	1	4	1	1	2
R03336	4	4	4	2	4	5	4	3	5	4	1
R03337	4	3	5	4	4	5	4	3	4	2	2
R03338	3	3	4	3	3	3	4	3	5	1	1
R03339	3	5	5	4	2	4	4	4	4	4	2
R03340	2	4	5	1	4	5	4	2	4	2	2
R03341	4	4	5	2	4	2	5	2	5	1	1
R03342	5	2	5	2	4	5	3	4	2	2	2
R03343	5	1	2	2	3	4	1	1	2	4	1
R03344	4	0	4	3	4	5	4	2	5	4	2
R03345	2	2	5	1	4	2	5	2	4	1	2
R03346	4	2	0	3	4	5	4	1	3	1	1
R03347	4	1	5	1	4	3	4	1	1	1	2
R03348	4	2	4	4	5	5	5	5	2	4	1
R03349	5	5	5	4	4	2	4	5	5	3	1
R03350	4	5	4	2	4	5	5	5	5	4	2
R03351	4	5	5	3	3	5	5	5	5	1	1
R03352	3	3	5	3	2	2	4	4	2	0	2
R03353	4	4	4	2	4	2	4	1	4	4	2
R03354	5	3	1	4	2	5	2	1	2	2	1
R03355	5	5	4	4	5	5	4	5	5	5	1
R03356	4	4	5	3	1	4	3	5	3	3	1
R03357	4	4	5	2	4	5	4	3	5	2	2
R03358	5	1	4	2	3	3	4	4	4	2	2
R03359	3	4	5	4	5	4	5	5	5	4	2
R03360	4	4	4	5	3	5	2	3	4	2	1
R03361	5	2	5	2	4	5	4	3	4	0	2
R03362	4	3	5	3	2	5	4	3	3	4	2
R03363	4	1	4	2	1	5	2	2	4	2	1
R03364	3	1	2	2	1	5	1	3	1	2	2
R03365	5	5	5	2	4	5	3	4	4	2	2
R03366	4	3	3	3	2	4	0	5	4	4	2
R03367	4	2	4	2	3	3	1	2	3	2	2
R03368	2	3	5	2	4	4	2	3	2	3	2
R03369	4	4	4	1	4	5	5	4	5	4	1
R03370	5	2	4	3	2	5	1	5	4	4	1
R03371	5	2	4	2	3	4	4	2	5	3	1
R03372	1	5	5	3	4	4	5	3	5	1	1
R03373	4	2	4	5	3	3	1	2	4	2	1
R03374	3	4	4	5	4	1	3	5	4	0	2
R03375	4	2	3	3	2	5	1	2	4	1	1
R03376	5	5	4	4	5	2	5	5	5	5	2
R03377	0	5	5	2	2	4	5	2	5	4	2
R03378	5	4	4	4	3	3	5	4	5	1	1
R03379	2	4	5	2	1	5	4	1	4	4	2
R03380	3	1	5	0	2	2	0	4	4	3	2
R03381	5	2	3	2	5	4	4	5	4	4	1
R03382	1	2	0	2	3	4	4	2	1	1	1
R03383	2	4	2	2	1	4	2	1	4	2	1
R03384	4	3	3	4	4	4	2	5	4	4	1
R03385	4	3	5	4	4	5	4	2	4	4	1
R03386	2	4	4	3	4	2	3	3	4	3	2
R03387	5	2	3	3	5	3	4	4	5	5	2
R03388	5	5	5	2	4	5	4	3	5	3	2
R03389	5	4	5	2	5	4	5	5	3	2	2
R03390	5	4	4	5	4	5	4	4	5	1	1
R03391	5	4	3	5	3	4	3	5	3	5	1
R03392	4	3	5	5	4	3	4	5	4	3	2
R03393	5	4	4	2	5	5	3	4	4	4	2
R03394	2	3	4	2	4	4	3	3	0	2	2
R03395	4	5	5	4	4	4	5	5	5	3	2
R03396	4	4	5	2	4	5	5	4	2	3	2
R03397	4	3	5	5	4	4	4	5	4	4	1
R03398	0	2	4	4	5	3	2	4	4	4	1
R03399	5	2	0	5	5	5	5	0	5	3	1
R03400	4	5	2	1	2	5	3	4	4	2	1
R03401	4	4	4	3	4	3	4	3	2	1	1
R03402	5	2	5	1	4	5	4	5	4	5	1
R03403	1	3	3	1	2	4	4	4	4	1	1
R03404	4	3	5	1	3	5	4	4	5	2	2
R03405	4	4	5	5	4	5	4	4	5	5	1
R03406	5	4	5	5	2	5	3	4	4	2	2
R03407	4	4	5	0	3	3	5	4	4	2	2
R03408	5	3	2	1	3	4	3	4	2	3	1
R03409	5	3	2	4	5	5	4	4	4	4	1
R03410	5	1	4	5	5	4	4	3	2	2	1
R03411	2	3	3	4	4	4	2	3	4	2	1
R03412	5	4	1	4	5	5	4	4	5	5	1
R03413	4	4	4	2	4	1	2	3	3	2	2
R03414	4	1	3	2	5	4	5	2	4	2	2
R03415	1	0	5	2	2	5	5	3	5	2	2
R03416	4	2	5	2	1	3	4	4	4	1	2
R03417	4	1	1	1	2	4	1	4	1	4	1
R03418	4	5	4	1	4	2	4	2	3	1	1
R03419	2	1	5	1	1	3	4	1	2	1	2
R03420	3	5	5	5	5	5	5	3	5	1	1
R03421	5	3	5	2	4	5	4	3	5	3	2
R03422	0	5	5	3	5	4	5	5	5	3	2
R03423	4	2	2	2	1	4	3	4	3	4	1
R03424	5	5	3	4	4	5	5	5	5	2	1
R03425	4	2	4	1	1	4	2	2	0	1	2
R03426	4	2	4	3	5	5	4	5	3	2	2
R03427	0	1	4	4	5	5	2	4	4	5	1
R03428	5	1	3	3	2	5	1	3	2	2	2
R03429	5	4	5	5	4	4	4	4	4	2	2
R03430	5	5	5	4	4	5	5	1	5	5	2
R03431	4	1	2	1	1	4	1	1	1	1	2
R03432	3	2	2	4	3	1	4	5	4	2	1
R03433	5	4	4	3	4	4	3	4	5	4	1
R03434	4	0	5	4	4	4	4	2	4	3	2
R03435	4	2	4	3	4	2	4	5	5	5	2
R03436	4	2	2	1	4	4	1	2	3	1	2
R03437	4	3	3	2	3	2	3	2	1	1	1
R03438	5	3	5	2	5	5	5	4	5	4	1
R03439	3	2	3	3	3	5	4	3	2	1	1
R03440	3	0	5	2	4	4	4	4	5	4	1
R03441	3	5	5	4	5	5	5	2	5	1	2
R03442	5	2	5	3	5	4	5	3	4	3	2
R03443	5	5	5	5	5	5	5	5	5	5	2
R03444	4	5	4	2	3	5	4	4	4	2	1
R03445	5	4	5	5	4	4	3	5	5	3	2
R03446	5	3	5	5	0	5	4	5	5	4	1
R03447	4	1	1	1	4	5	1	4	2	2	2
R03448	4	5	4	2	3	2	5	4	5	3	2
R03449	5	4	4	4	2	4	2	5	5	1	1
R03450	3	1	1	3	4	2	1	4	2	3	1
R03451	4	5	5	4	3	3	5	5	2	1	1
R03452	4	5	5	0	2	5	5	2	5	3	2
R03453	1	3	4	3	3	4	2	3	3	2	1
R03454	5	4	3	4	5	5	3	4	4	5	2
R03455	4	3	4	3	3	4	5	2	5	1	1
R03456	5	1	4	3	4	4	4	5	2	3	2
R03457	2	4	2	4	3	4	4	4	5	4	2
R03458	4	2	2	1	2	4	1	2	4	3	2
R03459	5	1	5	2	4	4	3	4	4	1	1
R03460	4	4	1	1	2	5	1	2	3	2	1
R03461	5	4	4	3	2	4	5	2	3	1	1
R03462	3	2	4	2	1	4	4	3	3	3	2
R03463	5	5	5	2	4	5	4	2	4	2	2
R03464	2	4	4	2	2	5	2	2	4	2	1
R03465	4	5	5	2	5	5	0	4	5	5	2
R03466	5	3	3	3	3	5	4	4	4	2	1
R03467	3	4	4	3	4	5	4	4	5	4	2
R03468	4	1	2	5	5	4	3	3	3	2	1
R03469	4	4	5	5	2	5	4	2	0	2	2
R03470	5	3	3	1	4	5	5	5	5	4	2
R03471	2	4	3	2	5	4	4	0	4	2	2
R03472	4	4	5	4	3	4	4	3	5	4	2
R03473	4	5	5	4	2	5	4	4	5	5	2
R03474	4	4	2	2	2	4	4	4	3	2	1
R03475	1	1	2	1	1	4	1	1	1	1	1
R03476	2	4	4	3	3	4	5	2	4	1	2
R03477	4	4	5	2	2	4	4	1	1	4	1
R03478	4	1	5	2	4	3	4	4	3	4	2
R03479	2	3	4	1	3	2	4	5	5	2	1
R03480	3	1	2	4	5	5	4	4	4	5	1
R03481	3	4	4	2	1	5	2	2	3	3	2
R03482	5	0	4	4	3	0	3	5	5	5	2
R03483	3	2	4	3	3	3	3	2	2	2	2
R03484	5	5	5	2	2	4	3	2	4	1	2
R03485	5	4	5	4	2	4	4	3	5	4	2
R03486	2	1	2	2	1	2	1	4	2	5	1
R03487	4	4	4	5	5	4	5	5	5	5	1
R03488	4	2	4	4	4	4	3	5	4	3	1
R03489	4	5	5	2	2	4	4	2	5	2	1
R03490	5	4	5	5	4	4	4	4	3	4	1
R03491	5	2	4	2	5	4	5	4	4	2	2
R03492	4	2	5	1	4	5	4	4	4	1	2
R03493	4	1	2	2	2	4	1	3	0	4	2
R03494	4	2	5	1	5	4	4	4	4	4	2
R03495	2	4	5	2	1	5	4	4	4	1	1
R03496	5	4	5	2	4	4	4	5	4	4	1
R03497	3	1	2	2	4	4	1	2	1	2	1
R03498	5	4	5	2	4	5	5	4	4	4	1
R03499	5	4	5	4	5	4	5	5	4	2	2
R03500	2	4	4	3	2	5	4	2	5	3	2
R03501	5	1	3	1	3	4	4	1	2	1	2
R03502	4	2	4	2	2	4	2	4	4	2	1
R03503	3	1	1	1	3	5	4	2	4	3	1
R03504	4	4	4	2	1	4	4	2	4	2	1
R03505	3	2	4	2	2	5	4	1	2	2	1
R03506	5	1	2	2	1	2	1	3	2	2	1
R03507	4	2	5	4	4	3	5	2	5	4	2
R03508	2	2	4	4	2	5	0	4	4	5	1
R03509	4	4	2	2	2	5	2	4	4	3	1
R03510	4	2	4	5	5	2	4	5	5	4	2
R03511	5	3	2	2	5	4	2	4	2	2	1
R03512	4	1	4	2	2	4	4	0	2	1	1
R03513	3	4	4	2	0	5	4	5	5	4	2
R03514	2	3	3	5	3	5	3	2	4	2	2
R03515	5	3	5	4	4	3	4	4	4	3	2
R03516	4	2	2	4	4	2	4	5	3	4	1
R03517	4	4	5	3	3	5	4	4	4	3	1
R03518	4	4	3	1	2	4	4	1	3	1	1
R03519	5	1	5	4	3	5	4	4	5	2	1
R03520	1	1	2	1	1	5	2	2	3	2	1
R03521	5	2	4	4	4	5	4	4	4	2	1
R03522	4	4	5	4	5	5	4	2	5	3	1
R03523	5	1	4	1	2	5	4	3	2	1	1
R03524	3	3	4	1	4	4	5	4	5	2	1
R03525	4	5	4	3	4	4	5	4	0	4	1
R03526	5	4	5	2	4	4	4	2	4	2	1
R03527	5	3	1	2	4	5	2	4	4	2	1
R03528	4	1	1	1	4	5	3	1	2	2	2
R03529	5	2	4	0	4	3	4	5	4	2	2
R03530	3	3	3	1	2	5	3	4	2	2	1
R03531	4	4	4	4	5	4	4	4	4	4	2
R03532	5	4	4	1	1	4	3	2	4	0	2
R03533	4	0	4	1	2	4	4	4	3	1	2
R03534	5	4	5	2	3	5	3	3	2	3	2
R03535	5	4	2	2	2	4	1	4	3	1	1
R03536	0	1	4	4	2	4	1	3	1	2	1
R03537	4	2	4	2	2	5	3	5	4	4	2
R03538	3	4	2	2	2	4	4	4	5	3	1
R03539	1	4	4	1	1	5	4	1	2	1	2
R03540	5	5	5	4	4	5	5	3	4	1	2
R03541	3	3	1	2	2	5	4	4	3	2	1
R03542	4	2	5	1	2	3	4	2	1	1	1
R03543	4	2	3	2	4	4	5	5	2	3	2
R03544	2	3	4	2	4	4	4	1	5	4	1
R03545	4	4	5	4	5	4	5	4	5	5	2
R03546	5	5	5	4	4	5	5	2	5	5	1
R03547	1	2	5	1	1	5	5	1	2	1	2
R03548	3	2	4	3	3	5	2	4	3	2	2
R03549	4	3	5	5	4	4	3	4	5	5	1
R03550	4	5	5	1	3	4	3	2	4	2	2
R03551	5	5	5	5	5	5	5	4	5	2	2
R03552	5	4	2	1	4	0	3	4	5	1	2
R03553	5	4	5	2	4	4	2	2	5	2	1
R03554	4	3	5	1	3	3	5	2	4	2	1
R03555	5	1	3	2	4	5	2	4	0	3	1
R03556	4	5	5	4	4	3	5	5	5	5	2
R03557	4	1	2	2	1	2	1	2	3	2	1
R03558	2	5	5	3	4	5	5	5	5	2	2
R03559	4	5	5	5	4	2	5	3	4	2	1
R03560	3	4	4	4	3	4	4	5	3	4	2
R03561	5	2	4	4	2	4	4	4	2	3	1
R03562	4	3	4	4	5	5	4	5	4	3	2
R03563	5	4	2	4	5	5	5	3	5	4	2
R03564	2	5	5	1	4	4	5	4	4	4	2
R03565	3	3	5	1	2	2	5	3	4	2	1
R03566	5	0	5	4	4	5	2	4	4	5	1
R03567	4	3	5	4	4	5	5	2	4	2	2
R03568	4	4	2	2	1	4	2	4	2	2	1
R03569	5	5	5	5	5	4	5	5	5	4	2
R03570	3	1	2	3	2	5	2	2	3	2	2
R03571	4	4	5	1	3	4	5	3	5	5	2
R03572	4	5	5	4	4	5	5	5	5	3	2
R03573	4	1	0	3	3	5	1	2	3	2	1
R03574	4	2	5	4	2	5	4	5	4	2	1
R03575	4	1	5	4	2	4	1	4	4	4	1
R03576	0	1	3	3	2	5	2	5	3	3	2
R03577	4	1	4	3	2	4	4	1	2	2	2
R03578	5	5	5	4	5	4	5	5	5	4	1
R03579	5	2	2	4	4	1	2	5	3	5	1
R03580	5	4	4	2	2	4	3	4	4	2	1
R03581	2	1	2	2	2	4	2	4	1	1	2
R03582	4	4	4	3	3	4	4	3	3	2	2
R03583	5	4	4	2	5	5	4	4	4	3	1
R03584	2	2	2	3	1	2	2	3	4	1	2
R03585	4	2	5	3	3	4	4	5	4	2	2
R03586	4	2	4	1	3	4	2	4	4	2	1
R03587	1	1	5	1	1	1	4	1	1	1	1
R03588	4	4	4	3	4	4	4	4	5	5	1
R03589	5	4	5	3	5	4	5	4	5	4	1
R03590	4	4	5	2	4	4	5	3	5	2	2
R03591	2	1	1	1	1	5	1	4	1	1	1
R03592	4	4	5	5	4	3	3	4	5	4	2
R03593	3	5	4	2	2	4	5	4	4	2	2
R03594	4	5	5	2	3	5	5	4	4	4	2
R03595	4	2	4	1	1	4	4	1	3	1	2
R03596	3	1	4	3	2	4	2	3	4	1	2
R03597	5	4	5	3	5	5	5	4	5	2	1
R03598	3	3	4	3	3	2	4	5	2	1	2
R03599	4	2	4	2	5	4	4	4	4	2	1
R03600	4	4	5	4	4	5	5	5	4	2	1
R03601	5	3	4	4	5	5	4	5	4	3	1
R03602	4	4	3	1	2	4	4	2	5	2	1
R03603	5	1	2	3	4	1	4	4	2	2	2
R03604	5	2	4	4	3	3	4	4	4	1	1
R03605	2	4	3	1	3	4	4	2	1	1	1
R03606	5	3	4	3	2	5	1	4	3	4	2
R03607	5	1	4	2	3	4	5	3	2	2	1
R03608	4	1	4	2	5	4	2	3	4	4	1
R03609	4	3	5	2	4	5	5	1	4	5	2
R03610	5	4	4	4	5	4	5	4	4	2	1
R03611	4	2	5	3	4	2	4	5	5	3	1
R03612	2	2	4	4	5	4	4	1	2	2	2
R03613	4	1	2	1	2	5	3	3	3	3	2
R03614	4	2	1	2	2	5	1	2	2	2	1
R03615	2	1	5	4	3	3	3	2	5	1	2
R03616	5	5	5	5	5	5	5	5	5	5	2
R03617	4	4	4	3	2	5	4	4	5	2	2
R03618	1	2	4	2	1	0	2	1	1	1	2
R03619	5	4	3	2	3	2	4	4	4	2	2
R03620	5	3	5	1	3	4	4	4	5	3	1
R03621	4	2	2	3	5	3	2	2	3	2	1
R03622	4	2	3	4	4	5	3	2	4	2	1
R03623	4	2	4	3	2	3	4	2	3	1	1
R03624	3	3	5	2	2	4	4	3	4	1	1
R03625	4	2	5	1	2	2	1	4	1	1	2
R03626	4	1	1	2	2	5	2	1	1	1	1
R03627	5	4	5	5	4	4	4	4	4	5	2
R03628	4	1	4	3	4	4	3	5	4	4	2
R03629	4	2	5	4	5	5	2	3	3	3	2
R03630	3	5	4	1	2	5	5	1	4	1	1
R03631	5	2	2	4	4	5	3	5	4	2	1
R03632	4	4	4	1	5	4	4	3	5	1	1
R03633	5	2	5	3	5	4	2	4	4	5	2
R03634	3	1	4	1	2	4	4	3	2	1	2
R03635	2	4	5	1	3	4	4	2	2	1	1
R03636	4	3	5	3	2	5	4	2	4	1	2
R03637	2	3	5	1	4	3	5	3	3	2	1
R03638	3	5	4	2	4	5	5	4	4	3	2
R03639	5	4	4	4	0	4	4	5	5	5	2
R03640	2	5	5	2	2	5	4	1	2	2	2
R03641	5	4	2	5	4	5	4	5	5	1	1
R03642	5	4	4	3	5	5	5	5	5	3	2
R03643	3	4	4	2	1	3	3	2	2	3	2
R03644	2	4	5	2	3	3	4	3	5	4	1
R03645	5	1	4	2	1	4	3	1	0	2	2
R03646	4	5	4	2	5	4	5	5	5	3	1
R03647	4	2	5	5	5	4	4	4	4	4	2
R03648	3	4	4	3	2	5	4	4	4	3	2
R03649	5	5	5	4	3	5	5	3	5	2	2
R03650	4	1	2	2	2	4	4	2	3	1	1
R03651	4	4	2	1	3	4	4	3	3	2	1
R03652	3	4	5	4	3	4	5	2	4	2	2
R03653	4	5	3	2	5	4	4	3	3	1	1
R03654	2	1	4	2	2	4	1	1	1	2	2
R03655	0	4	5	2	5	5	4	3	5	2	1
R03656	3	5	5	4	2	5	4	1	4	1	2
R03657	5	4	4	2	3	5	4	3	4	1	1
R03658	5	4	5	4	5	4	4	4	5	3	2
R03659	4	3	4	2	5	4	4	3	4	2	2
R03660	5	3	5	3	4	4	4	4	5	3	2
R03661	5	5	5	2	2	5	4	5	5	4	1
R03662	5	4	5	2	3	4	4	2	5	4	2
R03663	4	3	4	2	3	3	3	3	4	2	1
R03664	1	1	1	2	3	4	3	2	3	2	1
R03665	4	4	4	4	2	4	3	4	4	1	1
R03666	1	0	5	1	1	5	3	4	3	1	2
R03667	3	1	2	3	4	5	2	2	1	2	1
R03668	5	5	5	4	5	5	4	5	5	0	2
R03669	4	2	4	1	2	4	3	1	2	4	2
R03670	1	3	4	5	2	5	4	3	2	2	2
R03671	4	4	3	2	4	5	3	4	4	2	2
R03672	4	4	5	2	4	4	5	5	4	2	2
R03673	3	3	5	4	5	5	5	4	5	5	2
R03674	5	4	3	3	4	5	3	4	5	2	1
R03675	4	5	5	4	4	3	2	5	4	3	2
R03676	3	5	5	3	2	4	4	1	5	3	2
R03677	2	3	5	3	4	5	4	3	3	1	2
R03678	4	4	5	2	4	5	3	5	4	4	2
R03679	4	5	5	1	5	5	4	2	4	1	2
R03680	3	5	5	5	3	5	4	4	5	4	2
R03681	5	3	5	3	5	5	4	2	5	5	2
R03682	4	5	4	5	2	4	2	4	4	1	2
R03683	3	1	5	4	2	4	5	2	4	1	2
R03684	2	3	3	4	4	5	2	4	5	4	1
R03685	4	5	3	5	2	4	4	3	3	4	1
R03686	5	1	1	5	3	3	1	4	1	5	2
R03687	4	3	5	1	5	4	5	5	3	2	2
R03688	2	4	5	1	2	3	4	1	4	2	1
R03689	3	2	2	3	1	2	1	3	0	2	1
R03690	5	4	2	2	2	5	2	2	4	4	1
R03691	3	2	2	2	4	3	2	4	1	3	1
R03692	2	2	2	2	2	4	2	4	2	2	1
R03693	4	2	4	3	2	2	2	3	4	2	1
R03694	4	4	4	5	2	5	3	4	4	4	2
R03695	4	3	4	3	4	4	4	4	3	4	2
R03696	4	1	4	4	4	4	3	5	2	5	2
R03697	4	3	2	5	4	5	4	3	5	5	1
R03698	2	3	5	2	1	2	3	3	4	2	1
R03699	2	5	5	2	2	4	3	4	5	4	1
R03700	4	4	5	2	2	4	4	2	4	2	1
R03701	5	4	5	2	2	2	4	4	4	3	2
R03702	4	2	4	0	1	5	4	1	3	1	1
R03703	5	3	5	4	5	4	4	5	5	2	2
R03704	1	1	5	3	2	3	4	4	3	2	1
R03705	4	5	5	4	4	5	4	5	5	5	2
R03706	4	4	3	2	5	4	4	4	3	1	1
R03707	4	1	4	2	4	5	4	3	2	3	2
R03708	5	5	5	5	5	2	4	5	5	5	2
R03709	3	3	4	5	4	5	3	4	4	4	2
R03710	4	4	2	3	5	4	2	4	4	5	1
R03711	5	2	4	4	4	4	4	3	3	3	2
R03712	5	2	5	4	5	5	4	5	4	3	2
R03713	4	5	4	2	2	4	4	3	4	5	1
R03714	5	5	5	4	3	4	4	3	5	2	2
R03715	4	5	5	3	4	4	4	4	5	5	2
R03716	4	4	4	4	4	4	5	4	4	3	2
R03717	3	4	5	2	4	4	5	1	0	2	2
R03718	5	3	4	1	4	2	4	2	5	2	2
R03719	3	1	1	5	4	4	2	5	2	1	1
R03720	5	4	5	3	2	2	5	4	4	2	2
R03721	3	3	4	4	4	4	2	2	1	2	2
R03722	5	0	4	3	5	2	4	3	5	3	2
R03723	2	2	0	1	2	0	4	2	4	1	1
R03724	5	4	4	5	3	4	3	4	4	2	1
R03725	4	2	3	4	5	5	1	5	5	5	2
R03726	3	2	4	2	3	4	4	1	3	1	1
R03727	4	3	3	2	2	5	4	2	3	2	2
R03728	5	5	5	2	4	5	4	4	4	1	2
R03729	2	2	5	2	2	4	4	2	1	1	2
R03730	5	2	3	4	2	2	3	5	5	4	1
R03731	4	2	2	2	3	4	3	4	4	1	1
R03732	5	4	4	3	3	5	3	2	4	2	1
R03733	5	2	4	5	4	2	4	3	4	3	1
R03734	4	4	4	2	5	4	5	4	5	4	2
R03735	5	1	5	4	5	5	4	4	5	4	2
R03736	3	5	4	2	3	4	5	2	4	4	1
R03737	2	1	2	1	1	4	2	2	0	1	2
R03738	4	4	3	4	3	5	4	2	5	3	2
R03739	4	4	5	3	4	5	5	5	4	2	1
R03740	2	1	4	2	2	5	1	2	1	2	2
R03741	4	2	1	1	2	5	0	3	1	3	1
R03742	3	2	5	3	3	4	4	2	4	3	1
R03743	4	4	4	5	5	5	5	5	4	5	2
R03744	2	4	4	2	4	5	5	4	5	3	2
R03745	4	1	3	1	2	3	4	2	4	1	1
R03746	5	4	3	4	4	4	4	2	4	3	1
R03747	2	1	4	3	5	4	2	2	3	2	2
R03748	5	4	3	2	4	2	4	4	4	3	1
R03749	1	4	3	2	1	5	2	2	1	1	1
R03750	4	4	5	1	3	5	4	2	4	1	2
R03751	1	4	4	2	2	5	4	4	5	4	1
R03752	4	2	2	4	3	5	4	5	5	4	2
R03753	3	4	5	2	0	3	4	2	4	1	2
R03754	1	3	5	1	1	5	4	4	5	2	2
R03755	4	4	1	4	4	2	2	2	2	1	1
R03756	3	5	5	2	3	4	4	1	4	1	2
R03757	5	2	3	5	5	4	4	4	5	5	1
R03758	4	2	2	4	4	3	4	2	4	3	2
R03759	3	4	5	2	5	5	2	1	5	4	2
R03760	3	2	5	4	4	5	4	4	4	1	2
R03761	4	4	4	2	4	5	4	4	5	2	2
R03762	2	2	3	2	4	1	2	2	3	2	1
R03763	4	1	4	3	2	5	4	1	2	4	2
R03764	4	2	2	2	3	2	4	5	3	5	1
R03765	5	4	2	4	3	5	3	5	4	4	1
R03766	4	3	5	1	3	4	4	0	4	1	2
R03767	2	2	5	2	1	4	4	1	3	1	1
R03768	2	4	5	1	1	4	2	1	1	1	2
R03769	5	2	4	1	4	4	2	4	4	4	2
R03770	4	2	3	2	5	4	4	3	4	5	1
R03771	4	3	5	2	4	0	4	5	4	4	2
R03772	4	1	1	2	4	4	2	3	1	1	2
R03773	4	4	4	4	4	5	4	2	5	5	1
R03774	5	3	3	5	3	4	5	4	4	0	1
R03775	4	2	4	5	5	5	4	4	5	1	1
R03776	4	5	5	4	4	4	5	5	5	5	1
R03777	2	5	5	2	2	3	4	2	4	1	2
R03778	4	2	2	2	2	1	2	3	1	1	1
R03779	5	5	5	5	5	5	0	5	5	2	2
R03780	4	5	5	1	3	1	5	4	5	2	2
R03781	2	4	3	1	2	3	4	2	4	2	1
R03782	0	4	4	1	1	0	1	1	2	2	1
R03783	4	1	2	1	3	4	1	1	2	2	2
R03784	5	5	4	2	3	4	4	4	4	2	1
R03785	4	5	5	2	2	3	5	3	5	4	2
R03786	4	1	2	1	2	3	2	3	2	1	2
R03787	1	1	1	4	2	2	1	2	2	2	1
R03788	4	2	3	1	4	4	3	4	3	1	1
R03789	5	4	2	3	5	3	5	4	4	5	2
R03790	4	3	2	1	2	5	3	1	2	1	1
R03791	4	4	5	5	0	5	4	4	5	5	2
R03792	4	5	5	4	4	5	3	2	4	2	2
R03793	4	4	5	5	3	4	3	4	3	5	2
R03794	4	1	1	2	5	4	4	5	2	3	1
R03795	1	5	2	1	1	3	4	1	4	2	1
R03796	5	4	5	3	5	5	5	4	5	3	2
R03797	4	2	4	2	4	5	1	2	2	4	2
R03798	4	2	5	3	4	5	4	4	5	3	1
R03799	4	4	5	3	5	0	4	5	5	2	1
R03800	5	4	5	4	4	5	4	5	5	4	1
R03801	4	4	3	1	4	4	4	5	5	5	1
R03802	2	5	5	2	1	5	4	2	5	4	1
R03803	4	3	5	5	5	3	5	5	5	5	2
R03804	5	2	5	5	5	4	4	5	5	5	2
R03805	5	5	5	3	5	4	5	4	5	5	2
R03806	4	2	5	2	5	4	5	5	4	3	1
R03807	5	2	3	2	5	4	4	4	2	3	2
R03808	5	1	1	5	5	5	2	4	5	5	1
R03809	3	5	5	2	2	4	4	4	4	1	1
R03810	5	4	5	2	4	5	5	5	4	2	1
R03811	4	2	5	1	4	5	4	2	4	1	2
R03812	5	4	5	2	4	4	4	3	5	4	1
R03813	5	4	5	5	3	4	4	4	5	2	1
R03814	1	1	3	1	2	4	4	1	2	2	1
R03815	5	4	2	2	2	5	1	2	4	4	1
R03816	3	1	3	1	1	5	1	1	3	2	1
R03817	1	3	4	2	2	5	2	2	2	1	1
R03818	4	4	4	3	2	5	2	1	4	4	1
R03819	4	3	4	2	1	2	1	2	2	1	2
R03820	5	1	2	4	0	5	4	5	5	5	1
R03821	5	4	5	3	2	4	3	5	5	2	1
R03822	5	2	4	3	4	4	4	5	5	4	2
R03823	4	3	2	4	4	5	2	4	4	5	1
R03824	4	4	5	5	4	5	5	3	4	2	2
R03825	4	5	4	2	2	4	1	2	5	3	1
R03826	4	4	5	3	5	5	4	2	5	1	2
R03827	5	2	4	5	5	5	4	4	5	3	2
R03828	5	4	5	4	5	5	4	5	5	5	1
R03829	4	1	4	2	2	3	4	3	3	2	1
R03830	2	2	1	2	3	3	4	2	4	1	1
R03831	3	4	5	4	4	2	4	4	4	2	1
R03832	5	4	4	4	5	3	5	4	4	4	1
R03833	5	5	5	4	5	5	3	5	4	5	2
R03834	5	2	4	4	2	5	4	2	4	2	1
R03835	4	3	4	1	4	3	4	2	4	2	1
R03836	5	4	5	4	5	5	4	4	5	2	2
R03837	5	2	2	3	5	5	4	3	5	3	1
R03838	5	2	3	2	3	4	3	5	2	2	1
R03839	3	2	1	1	2	5	2	4	0	1	1
R03840	5	2	2	5	2	5	2	5	4	5	1
R03841	1	4	2	2	2	4	5	2	4	4	1
R03842	4	1	3	2	4	3	4	2	2	4	1
R03843	5	4	5	3	5	5	4	4	5	2	2
R03844	5	4	5	5	4	1	4	3	5	5	2
R03845	4	4	5	5	4	5	5	4	4	2	2
R03846	5	4	5	0	4	4	4	3	4	2	2
R03847	4	5	5	2	4	3	5	2	4	5	2
R03848	4	5	5	2	4	4	5	2	5	1	2
R03849	4	3	5	2	4	4	4	2	4	3	1
R03850	5	4	1	3	4	5	4	2	5	3	2
R03851	5	4	5	2	4	4	4	1	4	4	2
R03852	5	2	4	4	4	4	4	5	5	3	2
R03853	2	1	4	4	0	5	4	4	4	2	1
R03854	4	5	4	4	3	4	4	5	5	1	1
R03855	3	4	2	2	4	4	5	4	5	2	1
R03856	3	2	1	2	4	4	4	2	3	2	1
R03857	5	3	5	3	5	2	3	4	4	3	2
R03858	4	2	1	2	2	2	3	3	2	2	1
R03859	4	1	1	4	4	5	5	3	2	4	2
R03860	4	1	3	1	3	4	4	4	2	1	1
R03861	4	2	3	5	3	5	3	0	4	2	1
R03862	4	5	5	2	3	4	3	2	4	1	1
R03863	5	4	4	4	5	5	5	5	5	4	2
R03864	4	2	4	2	1	5	4	3	4	4	2
R03865	5	3	5	3	4	4	4	4	4	3	2
R03866	5	5	5	3	4	5	4	5	5	3	1
R03867	4	5	5	4	0	5	2	5	5	2	2
R03868	5	4	4	5	5	4	5	4	5	4	2
R03869	1	1	4	2	1	5	2	3	2	2	1
R03870	4	1	4	1	4	5	4	2	2	4	1
R03871	5	5	5	4	5	4	5	5	5	5	2
R03872	2	1	3	2	2	5	4	4	5	1	2
R03873	5	5	5	5	5	3	4	5	4	5	1
R03874	2	3	3	2	1	3	4	3	4	1	2
R03875	2	4	2	2	5	4	0	4	5	2	1
R03876	1	1	2	2	2	4	3	2	2	4	1
R03877	3	4	5	2	3	3	4	2	3	2	1
R03878	5	4	4	1	3	2	4	2	3	1	2
R03879	5	3	4	4	5	4	3	5	4	4	1
R03880	4	2	5	4	4	5	4	3	5	5	2
R03881	1	4	4	1	1	5	3	2	4	2	1
R03882	4	4	5	4	4	5	2	4	4	4	2
R03883	3	4	2	2	5	4	5	4	5	4	2
R03884	4	2	5	1	2	5	4	2	5	3	2
R03885	4	2	5	3	1	2	0	4	5	1	2
R03886	1	2	2	2	1	4	1	1	2	1	2
R03887	4	4	4	1	2	5	1	2	4	1	1
R03888	4	1	2	2	5	1	4	3	4	2	2
R03889	1	1	1	1	1	4	2	1	1	1	2
R03890	3	1	2	1	2	3	4	3	1	3	1
R03891	1	4	4	5	3	0	4	2	4	2	2
R03892	4	2	2	2	4	5	2	2	4	1	1
R03893	5	2	2	1	3	4	4	4	4	2	1
R03894	3	5	0	3	1	4	4	2	4	4	2
R03895	4	4	3	3	4	5	4	1	5	3	2
R03896	3	5	4	3	5	5	5	5	5	2	1
R03897	4	2	3	1	4	2	2	2	1	1	2
R03898	4	0	5	2	1	2	4	4	4	2	2
R03899	5	4	5	5	5	5	4	4	5	5	2
R03900	2	2	4	2	2	2	1	1	4	1	1
R03901	5	3	5	5	3	5	4	3	4	4	2
R03902	5	4	5	2	5	5	4	5	5	3	2
R03903	2	4	2	1	2	5	4	2	4	2	1
R03904	5	4	4	2	4	5	5	5	4	2	1
R03905	5	2	4	4	5	3	2	5	5	3	2
R03906	5	1	4	5	2	2	2	4	3	4	1
R03907	5	4	5	5	5	4	5	3	5	3	2
R03908	2	5	5	2	1	2	4	1	4	1	2
R03909	2	2	5	1	2	3	2	1	2	1	1
R03910	4	2	4	3	2	2	4	5	4	2	1
R03911	5	1	4	3	4	3	2	1	4	3	2
R03912	4	3	4	2	5	2	3	3	5	5	2
R03913	4	3	5	2	3	4	4	4	5	2	2
R03914	5	4	5	1	4	4	4	2	4	2	2
R03915	5	3	2	5	5	5	5	5	4	3	2
R03916	5	4	5	4	5	5	5	5	4	3	1
R03917	4	2	4	4	4	4	4	3	4	2	2
R03918	4	4	4	3	4	4	4	5	4	5	2
R03919	4	4	1	1	2	4	1	2	2	5	1
R03920	4	4	5	2	3	4	5	4	0	2	1
R03921	5	4	4	4	3	5	4	2	4	4	1
R03922	1	4	3	1	2	3	4	2	3	1	1
R03923	4	4	4	2	5	5	5	3	4	5	1
R03924	2	4	4	2	3	5	4	2	3	1	1
R03925	4	2	4	2	3	5	2	1	5	2	1
R03926	5	4	5	5	5	3	5	5	4	5	2
R03927	5	5	4	4	4	4	4	5	5	5	1
R03928	4	4	5	4	5	5	5	2	5	4	2
R03929	3	2	4	1	4	4	2	1	2	1	1
R03930	4	2	5	2	2	4	1	3	4	2	2
R03931	5	4	5	3	5	5	4	5	5	3	2
R03932	4	5	3	2	3	4	4	4	5	1	1
R03933	2	5	4	1	4	5	5	2	4	2	1
R03934	4	2	2	3	2	5	1	1	2	1	1
R03935	4	4	5	4	4	4	2	4	4	5	2
R03936	2	4	4	3	3	5	5	3	4	1	1
R03937	2	2	4	2	1	4	1	1	2	2	2
R03938	4	5	5	4	3	5	5	4	5	2	1
R03939	4	4	2	4	5	4	4	0	4	1	1
R03940	1	4	4	2	4	4	3	5	4	4	1
R03941	5	4	5	3	4	4	5	4	5	4	1
R03942	4	1	5	5	4	5	4	4	4	2	2
R03943	4	5	5	5	5	5	5	5	5	5	2
R03944	3	4	1	2	4	2	4	3	1	2	2
R03945	4	4	5	2	1	5	5	1	3	2	1
R03946	5	2	4	3	5	5	4	5	4	2	1
R03947	4	1	3	2	2	5	2	3	4	2	2
R03948	4	2	2	4	4	5	2	4	4	3	1
R03949	4	4	4	2	5	4	5	3	4	2	1
R03950	5	5	5	2	4	4	3	5	4	5	2
R03951	5	3	1	2	2	4	4	3	4	2	1
R03952	3	5	4	4	5	4	4	4	5	3	1
R03953	4	2	3	2	2	5	3	3	4	2	1
R03954	2	2	4	1	1	4	2	1	2	1	2
R03955	2	4	4	2	4	4	4	2	4	1	2
R03956	1	4	4	2	2	5	3	2	5	2	1
R03957	4	5	5	4	4	5	5	5	5	5	2
R03958	3	1	2	1	2	4	2	3	2	2	1
R03959	1	1	4	1	1	4	2	1	1	1	1
R03960	3	1	2	4	4	4	4	2	4	3	2
R03961	2	4	5	2	4	5	4	4	3	1	2
R03962	5	4	5	3	5	3	4	5	5	2	2
R03963	2	5	5	3	2	3	2	3	4	2	2
R03964	5	4	5	4	2	4	4	2	3	3	2
R03965	4	4	4	2	1	3	4	2	3	1	1
R03966	4	1	4	2	1	3	3	2	2	1	1
R03967	4	4	5	2	4	3	4	4	5	4	1
R03968	4	5	5	4	4	5	2	5	5	4	2
R03969	4	5	5	4	2	5	5	2	5	2	1
R03970	3	4	2	4	4	4	2	4	4	4	1
R03971	3	1	4	5	3	4	4	4	4	1	1
R03972	3	1	4	3	4	4	2	5	4	4	2
R03973	4	2	4	2	5	4	4	4	4	1	1
R03974	5	2	4	2	4	4	5	2	4	2	1
R03975	5	4	4	2	3	5	3	4	4	3	1
R03976	5	3	3	2	4	5	3	2	4	3	1
R03977	5	4	4	3	4	5	5	2	4	1	1
R03978	4	2	5	5	4	5	2	4	4	2	2
R03979	3	4	5	1	3	4	4	2	2	2	2
R03980	4	5	5	2	5	5	4	5	5	2	1
R03981	2	2	5	3	4	1	4	2	2	4	1
R03982	4	3	2	3	4	4	4	3	5	2	1
R03983	4	3	4	1	2	5	4	4	3	1	2
R03984	4	4	4	2	4	4	3	3	2	1	1
R03985	4	3	5	4	5	4	4	4	4	4	2
R03986	2	4	5	3	5	4	5	4	4	4	2
R03987	4	2	4	2	4	5	4	4	4	2	1
R03988	4	2	1	5	5	4	4	2	4	2	2
R03989	4	4	5	5	1	5	5	5	4	2	2
R03990	4	2	4	4	2	3	4	2	4	3	2
R03991	5	5	4	4	5	5	4	4	4	2	2
R03992	4	1	5	5	4	4	2	3	5	1	1
R03993	4	4	5	2	2	4	5	3	5	2	1
R03994	4	4	2	4	5	4	4	4	3	2	1
R03995	2	4	4	2	4	4	3	2	2	1	2
R03996	4	4	5	2	0	5	4	4	5	2	1
R03997	2	4	5	3	2	4	5	4	4	4	2
R03998	1	1	4	1	2	2	3	5	1	2	2
R03999	4	2	4	2	4	4	5	3	5	4	2
