sampler,budget,repeat,global_mse,global_spearman,global_kendall,mean_per_env_mse,mean_per_env_spearman,coverage__retro,coverage__spectra,coverage__wetlab
stratified_proportional_nested,5,0,0.02451530104119511,0.8506269373019603,0.6668470174522374,0.08184313271604937,0.6427613161594455,1,2,2
stratified_proportional_nested,5,1,0.0856415421759469,0.8622392611430679,0.7092112703076887,0.13115794753086418,0.6154654790040889,1,2,2
stratified_proportional_nested,5,2,0.01309969820431568,0.8596544146325672,0.67700320038633,0.0720653549382716,0.6843000802383888,1,2,2
stratified_proportional_nested,5,3,0.026867074090840506,0.8763743309978722,0.7407317712102527,0.06682461419753087,0.6392797049815655,1,2,2
stratified_proportional_nested,5,4,0.013877003168854686,0.9312531405135757,0.8128970193249391,0.1016764660493827,0.8535719772469887,1,2,2
stratified_proportional_nested,5,5,0.04204437905537952,0.6666925892313099,0.46897904961054176,0.0903801697530864,0.6128997675370532,1,2,2
stratified_proportional_nested,5,6,0.04756778331069864,0.752207291663717,0.6358308771056217,0.09911165123456789,0.6231721392702854,1,2,2
stratified_proportional_nested,5,7,0.05232239323977666,0.9258470754896877,0.8037727730153806,0.0930653549382716,0.5636370177408105,1,2,2
stratified_proportional_nested,5,8,0.12038196770786179,0.7893154644974878,0.668042657122685,0.13966720679012345,0.5777424824894353,1,2,2
stratified_proportional_nested,5,9,0.017831613097932707,0.8626974486248985,0.7191012094028307,0.06969498456790123,0.6140529805722122,1,2,2
stratified_proportional_nested,5,10,0.019783386147578092,0.7810870121972561,0.5954371961386479,0.08454683641975307,0.5673771322731908,1,2,2
stratified_proportional_nested,5,11,0.011457145012826318,0.8959784003426069,0.781631749350903,0.04938016975308642,0.8483226740437381,1,2,2
stratified_proportional_nested,5,12,0.01598764146672703,0.8531468531468532,0.6969696969696969,0.08902831790123455,0.6430612239702365,1,2,2
stratified_proportional_nested,5,13,0.01237345706956391,0.9841652507700289,0.9379580992210835,0.09254683641975309,0.9428357322999865,1,2,2
stratified_proportional_nested,5,14,0.04576352799154973,0.8834418659252744,0.7092112703076887,0.08821350308641975,0.6958517568300814,1,2,2
stratified_proportional_nested,5,15,0.005684095367436242,0.9527159969401509,0.8397191227596315,0.05127831790123458,0.8421016396673376,1,2,2
stratified_proportional_nested,5,16,0.029528066998641925,0.7957943811805186,0.604814736759006,0.06321350308641975,0.6550652263386133,1,2,2
stratified_proportional_nested,5,17,0.026642960615663205,0.9630004066674477,0.8754275592730113,0.07675054012345678,0.5809612899113853,1,2,2
stratified_proportional_nested,5,18,0.012637286856797951,0.9719358075641679,0.8924133096001623,0.08927831790123457,0.8486212035955097,1,2,2
stratified_proportional_nested,5,19,0.08029402444545042,0.7318874821731914,0.5929304449793936,0.1195190586419753,0.4122758631281475,1,2,2
stratified_proportional_nested,5,20,0.022563527991549717,0.9385016209075346,0.8219277191853159,0.08875979938271604,0.6498840785280423,1,2,2
stratified_proportional_nested,5,21,0.023664237211407882,0.9557171490514006,0.8813830938882877,0.08143572530864197,0.822273317315919,1,2,2
stratified_proportional_nested,5,22,0.010972038629847594,0.9718550849815182,0.9066928292470475,0.07171350308641976,0.5158747562169955,1,2,2
stratified_proportional_nested,5,23,0.01900891806247171,0.9141870411815418,0.7786486411043856,0.08315794753086418,0.7141863789975099,1,2,2
stratified_proportional_nested,5,24,0.02136352799154972,0.8947423499236925,0.7693218186208295,0.09291720679012345,0.43264112176017133,1,2,2
stratified_proportional_nested,5,25,0.012847215934812134,0.9422080999150758,0.8091838819320086,0.09185239197530863,0.8234033541095015,1,2,2
stratified_proportional_nested,5,26,0.012089769126301496,0.9790209790209792,0.909090909090909,0.06707461419753087,0.8425155055666641,1,2,2
stratified_proportional_nested,5,27,0.019766364870982347,0.980637776752932,0.9379580992210835,0.06970424382716049,0.8515916127463049,1,2,2
stratified_proportional_nested,5,28,0.01469969820431568,0.9225580879172384,0.8219277191853159,0.08533387345679011,0.5645846568675126,1,2,2
stratified_proportional_nested,5,29,0.010654308133393698,0.9736514943497644,0.9149761402251629,0.08571350308641974,0.7425389397421135,1,2,2
stratified_proportional_nested,5,30,0.016932322317790856,0.928607732055311,0.7988894471393801,0.0971579475308642,0.7918336006600961,1,2,2
stratified_proportional_nested,5,31,0.01388835068658518,0.9473742528603802,0.8616404368553291,0.0731764660493827,0.8742450575566741,1,2,2
stratified_proportional_nested,5,32,0.017159272672400794,0.8526368275743421,0.7077760731311632,0.07621350308641973,0.7063699536174162,1,2,2
stratified_proportional_nested,5,33,0.028725230119209296,0.9718550849815182,0.9149761402251629,0.07449128086419753,0.5662441115210688,1,2,2
stratified_proportional_nested,5,34,0.015108208842613558,0.908178238171182,0.8037727730153806,0.11033387345679009,0.8469019141890968,1,2,2
stratified_proportional_nested,5,35,0.021227357778783765,0.9298302852148176,0.8308675641104959,0.06988016975308643,0.779605265930123,1,2,2
stratified_proportional_nested,5,36,0.03667132940998944,0.8163002841149535,0.6776907694051248,0.07483387345679013,0.8163202357662355,1,2,2
stratified_proportional_nested,5,37,0.018969201750414968,0.9323569432649885,0.8404606389858066,0.08499128086419754,0.7982072148507107,1,2,2
stratified_proportional_nested,5,38,0.009547925154670288,0.9171432444451882,0.781631749350903,0.08382461419753084,0.7100048233831863,1,2,2
stratified_proportional_nested,5,39,0.013998988984457521,0.8596544146325672,0.7385489458759964,0.05298202160493826,0.8172606678476976,1,2,2
stratified_proportional_nested,5,40,0.046952180473819216,0.952417984616157,0.8441622892989752,0.09566720679012346,0.7666667099375601,1,2,2
stratified_proportional_nested,5,41,0.011604662743322766,0.8521338063968386,0.7288792981454687,0.07152831790123455,0.6465513205188507,1,2,2
stratified_proportional_nested,5,42,0.035757854232684474,0.8940431683163778,0.7722522721128167,0.09591720679012344,0.7229609135958284,1,2,2
stratified_proportional_nested,5,43,0.007244379055379509,0.9841652507700289,0.9379580992210835,0.04650979938271605,0.9125682109390526,1,2,2
stratified_proportional_nested,5,44,0.02816920175041497,0.9152457730985843,0.7722522721128167,0.09021350308641975,0.8103181712635381,1,2,2
stratified_proportional_nested,5,45,0.06584579749509581,0.6833822134208244,0.5085133809309825,0.08800054012345677,0.6221609439605336,1,2,2
stratified_proportional_nested,5,46,0.0073493435943866,0.8682018740230752,0.7288792981454687,0.0893153549382716,0.8271426699267255,1,2,2
stratified_proportional_nested,5,47,0.03353090387807455,0.8959784003426069,0.7503664793768668,0.095222762345679,0.8506576988581901,1,2,2
stratified_proportional_nested,5,48,0.03142877621850007,0.9333390787439302,0.7693218186208295,0.06910239197530864,0.6733917698647217,1,2,2
stratified_proportional_nested,5,49,0.011772038629847596,0.9453630365819632,0.8441622892989752,0.049204243827160495,0.8931147099493568,1,2,2
stratified_proportional_nested,5,50,0.03888976912630149,0.9049520175371384,0.7503664793768668,0.09396350308641975,0.8163517214389819,1,2,2
stratified_proportional_nested,5,51,0.05500891806247169,0.9128314653704567,0.8172825052418669,0.10217646604938273,0.8258957532028456,1,2,2
stratified_proportional_nested,5,52,0.021732322317790858,0.7760442837613131,0.5627748595326502,0.09050054012345676,0.6202600897302236,1,2,2
stratified_proportional_nested,5,53,0.038180549268145465,0.7346323549426022,0.5737985964123903,0.08484313271604937,0.5859946845740122,1,2,2
stratified_proportional_nested,5,54,0.023471329409989434,0.9416651944009833,0.858116330321033,0.07885239197530863,0.7208541270457353,1,2,2
stratified_proportional_nested,5,55,0.003408918062471709,0.9117120056348833,0.8037727730153806,0.0905838734567901,0.7107086532354968,1,2,2
stratified_proportional_nested,5,56,0.047204662743322766,0.9223133080259864,0.8037727730153806,0.10342646604938271,0.7566119466378716,1,2,2
stratified_proportional_nested,5,57,0.006115301041195114,0.9579006334477178,0.8616404368553291,0.07015794753086418,0.7367566523950524,1,2,2
stratified_proportional_nested,5,58,0.005267074090840501,0.9098043419588446,0.7945521577046601,0.1416394290123457,0.9124651271117258,1,2,2
stratified_proportional_nested,5,59,0.010696861324883058,0.8546422913727825,0.6870429186215167,0.07241720679012344,0.6817538575127667,1,2,2
stratified_proportional_nested,5,60,0.08189969820431568,0.8972766929114169,0.7720537892620319,0.11532461419753086,0.828335377704879,1,2,2
stratified_proportional_nested,5,61,0.041732322317790865,0.8526368275743421,0.7077760731311632,0.09490794753086419,0.6057745897100624,1,2,2
stratified_proportional_nested,5,62,0.013800407424173843,0.9052687305110301,0.8000946913656627,0.05683387345679012,0.8937949506616681,1,2,2
stratified_proportional_nested,5,63,0.03951104572204618,0.8811072600919976,0.753181916595446,0.10056535493827161,0.7233488459558026,1,2,2
stratified_proportional_nested,5,64,0.04450111664403198,0.9449231965748868,0.8172825052418669,0.09225979938271604,0.6820888004137647,1,2,2
stratified_proportional_nested,5,65,0.00989969820431568,0.9347806145306725,0.8128970193249391,0.0865653549382716,0.6987138365768951,1,2,2
stratified_proportional_nested,5,66,0.01244721593481213,0.9244416715306428,0.8219277191853159,0.08834313271604938,0.9064412526127881,1,2,2
stratified_proportional_nested,5,67,0.020972038629847593,0.8511396590310907,0.6870429186215167,0.09271350308641974,0.6849403272915745,1,2,2
stratified_proportional_nested,5,68,0.020952180473819224,0.8637831106535336,0.7627700713964738,0.06059313271604938,0.7088619579411706,1,2,2
stratified_proportional_nested,5,69,0.059454308133393696,0.9329146104170898,0.8352932739179446,0.11044498456790124,0.6100987963441296,1,2,2
stratified_proportional_nested,5,70,0.016342251395805037,0.9103817221537509,0.7598954384920844,0.08400979938271604,0.9374700587550744,1,2,2
stratified_proportional_nested,5,71,0.02660040742417384,0.9579006334477178,0.8924133096001623,0.062389429012345676,0.8944889135264263,1,2,2
stratified_proportional_nested,5,72,0.006912464161762485,0.898251143452805,0.8000946913656627,0.1165468364197531,0.7177778964420821,1,2,2
stratified_proportional_nested,5,73,0.037255726573110014,0.9631065323170955,0.8839599998785472,0.0900190586419753,0.8282105362049392,1,2,2
stratified_proportional_nested,5,74,0.017230194658216392,0.929171492201958,0.8263342440128466,0.08011165123456788,0.6240788285447034,1,2,2
stratified_proportional_nested,5,75,0.02978054926814547,0.9752433670693017,0.9216805029374059,0.06362091049382715,0.9021833589265524,1,2,2
stratified_proportional_nested,5,76,0.02485856345254263,0.8140400987541044,0.6462303276414968,0.0629079475308642,0.6295945573086843,1,2,2
stratified_proportional_nested,5,77,0.05440182586389014,0.7965213110534634,0.6356417261637282,0.0935190586419753,0.4893062983862057,1,2,2
stratified_proportional_nested,5,78,0.03381459182133696,0.9787961779869996,0.937436866561092,0.09050054012345678,0.9078213373420807,1,2,2
stratified_proportional_nested,5,79,0.00502593933906745,0.9277256664964789,0.8441622892989752,0.10139868827160492,0.6851380581733592,1,2,2
stratified_proportional_nested,5,80,0.0077294854383582355,0.9841652507700289,0.9379580992210835,0.05159313271604939,0.8712748980379766,1,2,2
stratified_proportional_nested,5,81,0.025953598913535544,0.912286317569255,0.7693218186208295,0.06357461419753087,0.7190895382123103,1,2,2
stratified_proportional_nested,5,82,0.01636494643126603,0.9136157704280913,0.8128970193249391,0.06791720679012346,0.8517641494139863,1,2,2
stratified_proportional_nested,5,83,0.03180608118303909,0.833626497322632,0.6870429186215167,0.09612091049382715,0.7272466292846402,1,2,2
stratified_proportional_nested,5,84,0.02630820884261355,0.9543918399186052,0.8616404368553291,0.08909313271604936,0.8197227053268967,1,2,2
stratified_proportional_nested,5,85,0.028211754941904334,0.8878712299892332,0.753181916595446,0.11750054012345677,0.8286267184023963,1,2,2
stratified_proportional_nested,5,86,0.011953598913535536,0.8536487121374444,0.6878359394287946,0.08985239197530864,0.8205393299557865,1,2,2
stratified_proportional_nested,5,87,0.012986223027010718,0.9314716462190886,0.7909115788387002,0.09888942901234565,0.678734715815823,1,2,2
stratified_proportional_nested,5,88,0.007269910970273126,0.9052687305110301,0.7693218186208295,0.05305609567901235,0.8952223564275896,1,2,2
stratified_proportional_nested,5,89,0.0709153010411951,0.8704487045263685,0.753181916595446,0.11655609567901233,0.6716414321786814,1,2,2
stratified_proportional_nested,5,90,0.008586223027010715,0.8783410302571225,0.7503664793768668,0.10132461419753085,0.612864327543507,1,2,2
stratified_proportional_nested,5,91,0.034716719480911436,0.9362644043561713,0.8263342440128466,0.08733387345679011,0.8940579440334016,1,2,2
stratified_proportional_nested,5,92,0.03678480458729441,0.9560765576286495,0.8529438595319315,0.08970424382716048,0.8706835941489657,1,2,2
stratified_proportional_nested,5,93,0.018356435792968164,0.9788975131335582,0.9149761402251629,0.09784313271604937,0.5289164580749895,1,2,2
stratified_proportional_nested,5,94,0.03516778331069866,0.865773028606769,0.7092112703076887,0.08738016975308642,0.8178018320050717,1,2,2
stratified_proportional_nested,5,95,0.01834792515467029,0.8380489500927585,0.6565706694547585,0.09219498456790122,0.6348694759941346,1,2,2
stratified_proportional_nested,5,96,0.0483507620341029,0.810681689916636,0.6674238124719145,0.08370424382716048,0.5306820941417015,1,2,2
stratified_proportional_nested,5,97,0.010137996076656107,0.9087775240401426,0.8000946913656627,0.07722276234567899,0.6693335456710673,1,2,2
stratified_proportional_nested,5,98,0.02247558472913838,0.9467691081767673,0.8263342440128466,0.09505609567901234,0.7221387023524409,1,2,2
stratified_proportional_nested,5,99,0.015766364870982343,0.7859697505212043,0.6462303276414968,0.058204243827160496,0.6944567539630094,1,2,2
stratified_proportional_nested,5,100,0.04025147125396107,0.9117120056348833,0.7722522721128167,0.086722762345679,0.8755218761390822,1,2,2
stratified_proportional_nested,5,101,0.013145088275237674,0.9250223740164876,0.7988894471393801,0.04817646604938272,0.88734946379489,1,2,2
stratified_proportional_nested,5,102,0.04303161309793271,0.896634455017288,0.7434844114105212,0.11214868827160492,0.7316096953144924,1,2,2
stratified_proportional_nested,5,103,0.008898279764599367,0.9736514943497644,0.9149761402251629,0.10650979938271604,0.8371811020653094,1,2,2
stratified_proportional_nested,5,104,0.011516719480911425,0.9666215196613185,0.8839599998785472,0.05844498456790123,0.8710771750154892,1,2,2
stratified_proportional_nested,5,105,0.01580040742417384,0.9401641582973383,0.8441622892989752,0.08115794753086418,0.6738088552360874,1,2,2
stratified_proportional_nested,5,106,0.034393315225592275,0.9065608223938976,0.8128970193249391,0.06691720679012346,0.676146134379607,1,2,2
stratified_proportional_nested,5,107,0.020932322317790863,0.9525615702844266,0.8529438595319315,0.10493572530864197,0.9157234522085801,1,2,2
stratified_proportional_nested,5,108,0.02207842160857101,0.8697398767769385,0.7191012094028307,0.08261165123456789,0.7328532065890713,1,2,2
stratified_proportional_nested,5,109,0.03441601026105327,0.8591762345488786,0.7288792981454687,0.09358387345679013,0.7448310526005028,1,2,2
stratified_proportional_nested,5,110,0.024064237211407876,0.9187795405622854,0.7722522721128167,0.09312091049382716,0.8561735285206514,1,2,2
stratified_proportional_nested,5,111,0.010648634374528447,0.9492133645984593,0.8397191227596315,0.0852875771604938,0.6907124097997467,1,2,2
stratified_proportional_nested,5,112,0.031329485438358236,0.9111762845610993,0.7627700713964738,0.08774128086419752,0.7572504850271943,1,2,2
stratified_proportional_nested,5,113,0.013794733665308583,0.9368478722730427,0.8308675641104959,0.06438942901234568,0.741357156153994,1,2,2
stratified_proportional_nested,5,114,0.011360691112117098,0.8822618233999672,0.7288792981454687,0.1151764660493827,0.7543875676838918,1,2,2
stratified_proportional_nested,5,115,0.021190478346159655,0.8631632081616797,0.7077760731311632,0.08536165123456789,0.6768175878486234,1,2,2
stratified_proportional_nested,5,116,0.018052889693677382,0.9664458574115355,0.8898984166292194,0.09053757716049382,0.9006838482454316,1,2,2
stratified_proportional_nested,5,117,0.05325856345254263,0.9281456432794079,0.7895420339517228,0.09613942901234568,0.7239593477504891,1,2,2
stratified_proportional_nested,5,118,0.012396152105024897,0.9370629370629372,0.7878787878787877,0.11244498456790124,0.7467637585959275,1,2,2
stratified_proportional_nested,5,119,0.013979130828429151,0.912286317569255,0.8000946913656627,0.05420424382716049,0.8157359464119422,1,2,2
stratified_proportional_nested,5,120,0.00489260600573412,0.9296005160692783,0.8441622892989752,0.09042646604938272,0.5446933942648928,1,2,2
stratified_proportional_nested,5,121,0.02568409536743625,0.9287846944402185,0.8404606389858066,0.08298202160493827,0.941513417882055,1,2,2
stratified_proportional_nested,5,122,0.010285513807152553,0.8807071758072423,0.7385489458759964,0.1162690586419753,0.5899189350990296,1,2,2
stratified_proportional_nested,5,123,0.004875584729138374,0.9293808429533887,0.8037727730153806,0.08964868827160492,0.6624157057369183,1,2,2
stratified_proportional_nested,5,124,0.04593374075750717,0.690500778143958,0.5085133809309825,0.08366720679012345,0.6499356340384385,1,2,2
stratified_proportional_nested,5,125,0.01665998189225894,0.8717168613672982,0.7288792981454687,0.07363942901234566,0.7157188014629957,1,2,2
stratified_proportional_nested,5,126,0.032458563452542624,0.7823224926246457,0.6465081838352358,0.08105609567901233,0.6997717353067202,1,2,2
stratified_proportional_nested,5,127,0.011119556360344044,0.789478544050317,0.6154574548966636,0.09966720679012346,0.7650767463246231,1,2,2
stratified_proportional_nested,5,128,0.03389118756601781,0.9223133080259864,0.8037727730153806,0.09780609567901234,0.7660521420025712,1,2,2
stratified_proportional_nested,5,129,0.009669910970273128,0.8842159693363548,0.7693218186208295,0.05264868827160494,0.819003786641156,1,2,2
stratified_proportional_nested,5,130,0.03754508827523766,0.9021342216356465,0.7852322109186565,0.08957461419753086,0.818351065749374,1,2,2
stratified_proportional_nested,5,131,0.039139414516372414,0.8486480029615964,0.7211316222722355,0.07375054012345679,0.6708209584286288,1,2,2
stratified_proportional_nested,5,132,0.016520974800060356,0.8869756333889756,0.7092112703076887,0.08703757716049383,0.45251559265878916,1,2,2
stratified_proportional_nested,5,133,0.048813173381620646,0.9235287091052666,0.8172825052418669,0.08604683641975308,0.5261731133757245,1,2,2
stratified_proportional_nested,5,134,0.014305371963180933,0.878746836055744,0.7598954384920844,0.0720653549382716,0.7078972331128622,1,2,2
stratified_proportional_nested,5,135,0.022404662743322774,0.9823619317924353,0.937436866561092,0.0790190586419753,0.5971106819922315,1,2,2
stratified_proportional_nested,5,136,0.059397570544741214,0.914421033335119,0.8101040476588632,0.11552831790123456,0.686226802049058,1,2,2
stratified_proportional_nested,5,137,0.007854308133393698,0.8587054936793667,0.7092112703076887,0.09130609567901234,0.6753774628348884,1,2,2
stratified_proportional_nested,5,138,0.051318137920627734,0.8644842155943573,0.7434844114105212,0.0939542438271605,0.8729517339530266,1,2,2
stratified_proportional_nested,5,139,0.024501116644031994,0.9279566588748658,0.7909115788387002,0.0767042438271605,0.5245292830957399,1,2,2
stratified_proportional_nested,5,140,0.02403019465821639,0.8269015865060569,0.6461702685025609,0.07983387345679012,0.6690177220421579,1,2,2
stratified_proportional_nested,5,141,0.009743669835521355,0.9014308034611184,0.7909115788387002,0.08004683641975308,0.5828569050334771,1,2,2
stratified_proportional_nested,5,142,0.051298279764599365,0.8771739862544231,0.7211316222722355,0.10726905864197529,0.7864505147851879,1,2,2
stratified_proportional_nested,5,143,0.024279840048287312,0.9098043419588446,0.7945521577046601,0.06653757716049381,0.7718472745496593,1,2,2
stratified_proportional_nested,5,144,0.02329260600573412,0.8536487121374444,0.6878359394287946,0.0835838734567901,0.5194413134088264,1,2,2
stratified_proportional_nested,5,145,0.024447215934812135,0.918998002970077,0.813285009628883,0.10098202160493826,0.6770370287048069,1,2,2
stratified_proportional_nested,5,146,0.05627132940998942,0.7095838344090658,0.5929304449793936,0.08639868827160495,0.5535994354235116,1,2,2
stratified_proportional_nested,5,147,0.006339414516372415,0.8631632081616797,0.7077760731311632,0.09392646604938272,0.924882993924838,1,2,2
stratified_proportional_nested,5,148,0.023139414516372414,0.8148464979493788,0.6565706694547585,0.08711165123456788,0.5873442703826385,1,2,2
stratified_proportional_nested,5,149,0.020461400331975268,0.920670718462285,0.781631749350903,0.0983616512345679,0.7960370888955048,1,2,2
stratified_proportional_nested,5,150,0.03895218047381924,0.865773028606769,0.6776907694051248,0.09694498456790124,0.6724796378431364,1,2,2
stratified_proportional_nested,5,151,0.019210336502188022,0.9630004066674477,0.8754275592730113,0.08675054012345679,0.9118986897481789,1,2,2
stratified_proportional_nested,5,152,0.029763527991549726,0.9665278806845445,0.9066928292470475,0.0772042438271605,0.8312218294320256,1,2,2
stratified_proportional_nested,5,153,0.011712464161762486,0.9429491642106054,0.8641049122119826,0.06478757716049383,0.731735665171807,1,2,2
stratified_proportional_nested,5,154,0.01464579749509582,0.9594729326503506,0.8754275592730113,0.11889868827160494,0.8861862174102868,1,2,2
stratified_proportional_nested,5,155,0.008935159197223486,0.9453630365819632,0.8441622892989752,0.09163016975308641,0.6844352529333819,1,2,2
stratified_proportional_nested,5,156,0.006421684019918516,0.9929823694376383,0.9770084209183943,0.09017646604938273,0.5692097065546752,1,2,2
stratified_proportional_nested,5,157,0.025312464161762496,0.6000036934782409,0.4615930911724977,0.07513016975308642,0.5144617106675282,1,2,2
stratified_proportional_nested,5,158,0.037579130828429154,0.9152457730985843,0.8037727730153806,0.09797276234567899,0.8593810867699916,1,2,2
stratified_proportional_nested,5,159,0.006878421608571001,0.9415057416305618,0.8493327995650773,0.08438016975308642,0.9146858760577739,1,2,2
stratified_proportional_nested,5,160,0.02237629394899653,0.9081007934486928,0.7800897031134183,0.06213942901234568,0.8567101701723477,1,2,2
stratified_proportional_nested,5,161,0.05415218047381923,0.8079193214711217,0.7035264706814484,0.10924128086419753,0.7934736056001659,1,2,2
stratified_proportional_nested,5,162,0.013970620190131277,0.8496227317903609,0.6674238124719145,0.12469498456790123,0.46053964653228235,1,2,2
stratified_proportional_nested,5,163,0.02283303153764901,0.7732972157290547,0.6668470174522374,0.08591720679012343,0.628007255700736,1,2,2
stratified_proportional_nested,5,164,0.00890679040289724,0.9452052891167765,0.858116330321033,0.09693572530864197,0.6898256362984986,1,2,2
stratified_proportional_nested,5,165,0.018918137920627746,0.9040577198379657,0.7945521577046601,0.05019498456790123,0.8681083176463754,1,2,2
stratified_proportional_nested,5,166,0.017888350686585182,0.898251143452805,0.7385489458759964,0.08788016975308642,0.7422246338676007,1,2,2
stratified_proportional_nested,5,167,0.007218847140485894,0.9700553547016413,0.9066928292470475,0.05381535493827161,0.8617489011719232,1,2,2
stratified_proportional_nested,5,168,0.012041542175946884,0.88577681074419,0.7598954384920844,0.1027042438271605,0.7528765044708157,1,2,2
stratified_proportional_nested,5,169,0.04181175494190434,0.6749495855669096,0.583129266697433,0.0910838734567901,0.5780464286700475,1,2,2
stratified_proportional_nested,5,170,0.04834508827523767,0.8975769357800788,0.7722522721128167,0.08419498456790124,0.5604806841907164,1,2,2
stratified_proportional_nested,5,171,0.01509686132488306,0.9030333483768006,0.781631749350903,0.07625979938271603,0.6142380442032849,1,2,2
stratified_proportional_nested,5,172,0.03803303153764901,0.908178238171182,0.8037727730153806,0.09650054012345678,0.7731086989618418,1,2,2
stratified_proportional_nested,5,173,0.019337996076656105,0.9244416715306428,0.7909115788387002,0.059796836419753086,0.7157277221359882,1,2,2
stratified_proportional_nested,5,174,0.018606081183039094,0.904644470707481,0.7722522721128167,0.07860239197530862,0.6329691700184027,1,2,2
stratified_proportional_nested,5,175,0.04507984004828731,0.900206703842058,0.7758098206022831,0.09513942901234566,0.8061219146604085,1,2,2
stratified_proportional_nested,5,176,0.022302535083748302,0.8930622061925179,0.7434844114105212,0.07988942901234566,0.6744075532753183,1,2,2
stratified_proportional_nested,5,177,0.010016010261053266,0.9771103027358352,0.9379580992210835,0.05264868827160494,0.892007943701482,1,2,2
stratified_proportional_nested,5,178,0.005709627282329865,0.9492133645984593,0.8397191227596315,0.12198202160493826,0.8154423590534763,1,2,2
stratified_proportional_nested,5,179,0.029808918062471712,0.8445704238245623,0.6461702685025609,0.08444498456790123,0.7294006541722112,1,2,2
stratified_proportional_nested,5,180,0.012234449977365327,0.924198192479382,0.8128970193249391,0.09216720679012343,0.7556510432168543,1,2,2
stratified_proportional_nested,5,181,0.03597062019013128,0.9030333483768006,0.781631749350903,0.06850054012345679,0.712658327015304,1,2,2
stratified_proportional_nested,5,182,0.02577487550928022,0.8818685042742194,0.7503664793768668,0.08345424382716049,0.4648927687948709,1,2,2
stratified_proportional_nested,5,183,0.02445572657311001,0.9666215196613185,0.8839599998785472,0.08148202160493827,0.6898771164182079,1,2,2
stratified_proportional_nested,5,184,0.006086932246868873,0.9562186292818428,0.8702543635872545,0.051241280864197526,0.8347569831935777,1,2,2
stratified_proportional_nested,5,185,0.03951671948091142,0.9049520175371384,0.781631749350903,0.09185239197530864,0.7986720371665679,1,2,2
stratified_proportional_nested,5,186,0.020203244303606458,0.9395014409145289,0.8404606389858066,0.08970424382716048,0.8866569915430251,1,2,2
stratified_proportional_nested,5,187,0.014597570544741206,0.8998367601210819,0.7288792981454687,0.10879683641975309,0.7547294973601457,1,2,2
stratified_proportional_nested,5,188,0.04667984004828731,0.8662186627009184,0.7288792981454687,0.07234313271604938,0.7028725529026575,1,2,2
stratified_proportional_nested,5,189,0.08270537196318092,0.5854906208928634,0.4934637712198267,0.10685239197530864,0.3947221020624683,1,2,2
stratified_proportional_nested,5,190,0.011664237211407878,0.8682018740230752,0.7288792981454687,0.07901905864197531,0.68126457399058,1,2,2
stratified_proportional_nested,5,191,0.0659706201901313,0.6854225321234804,0.4807501753725432,0.10270424382716048,0.566472623646022,1,2,2
stratified_proportional_nested,5,192,0.01343728685679795,0.8077915499151851,0.6565706694547585,0.06920424382716049,0.6294232198538651,1,2,2
stratified_proportional_nested,5,193,0.013908208842613554,0.9614094269768303,0.8616404368553291,0.07600054012345679,0.5429466859472744,1,2,2
stratified_proportional_nested,5,194,0.019360691112117103,0.8905094008526766,0.7407317712102527,0.09113942901234566,0.6109312851662702,1,2,2
stratified_proportional_nested,5,195,0.0311848045872944,0.866476742519613,0.7211316222722355,0.07916720679012344,0.7393892409033439,1,2,2
stratified_proportional_nested,5,196,0.04152239323977667,0.9383080885477696,0.8128970193249391,0.08630609567901233,0.7141441206743883,1,2,2
stratified_proportional_nested,5,197,0.008781967707861783,0.8607036601716382,0.6878359394287946,0.09963942901234568,0.5336933333235369,1,2,2
stratified_proportional_nested,5,198,0.011173457069563906,0.9473742528603802,0.8308675641104959,0.05413016975308641,0.8583365819632222,1,2,2
stratified_proportional_nested,5,199,0.01664579749509582,0.9541172151992964,0.8668137748205085,0.06280609567901234,0.7770981893633495,1,2,2
stratified_proportional_nested,10,0,0.017177003168854676,0.8741258741258742,0.6969696969696969,0.027418750000000006,0.7975473646501193,3,4,3
stratified_proportional_nested,10,1,0.005798988984457523,0.8581449237144743,0.7175781594491396,0.030847762345679014,0.593230010004803,3,4,3
stratified_proportional_nested,10,2,0.016611045722046174,0.9632238939652261,0.8702543635872545,0.04328912037037037,0.8898351600939064,3,4,3
stratified_proportional_nested,10,3,0.00349544288516674,0.9790209790209792,0.9393939393939392,0.013517515432098767,0.9161539840385929,3,4,3
stratified_proportional_nested,10,4,0.009263527991549721,0.9457107322567676,0.8397191227596315,0.022116280864197525,0.8587925205883242,3,4,3
stratified_proportional_nested,10,5,0.003405371963180925,0.8677586082058318,0.7503664793768668,0.019940354938271603,0.7920978851093251,3,4,3
stratified_proportional_nested,10,6,0.009575584729138375,0.9789533946223928,0.9231861823449954,0.017378626543209885,0.8080261274222629,3,4,3
stratified_proportional_nested,10,7,0.0015117549419043303,0.9982502173821435,0.9923953268977463,0.006465046296296294,0.9179548611493363,3,4,3
stratified_proportional_nested,10,8,0.008795442885166748,0.9649182205059428,0.8924133096001623,0.019579243827160493,0.9344554823891537,3,4,3
stratified_proportional_nested,10,9,0.01094579749509582,0.8280752728705546,0.67700320038633,0.03396813271604938,0.7305667736882091,3,4,3
stratified_proportional_nested,10,10,0.015519556360344041,0.9562186292818428,0.8702543635872545,0.03964560185185185,0.8305737366292097,3,4,3
stratified_proportional_nested,10,11,0.005111754941904329,0.9754446010932804,0.9231861823449954,0.04638171296296296,0.9427209020091865,3,4,3
stratified_proportional_nested,10,12,0.00532948543835823,0.9562186292818428,0.8702543635872545,0.022340046296296295,0.7244829002155598,3,4,3
stratified_proportional_nested,10,13,0.002371329409989438,0.9930069930069931,0.9696969696969696,0.01976442901234568,0.8606817312037541,3,4,3
stratified_proportional_nested,10,14,0.012046506714953978,0.9562186292818428,0.9007896044148774,0.0391795524691358,0.8553087542162704,3,4,3
stratified_proportional_nested,10,15,0.008850052814244754,0.9562186292818428,0.8702543635872545,0.038869367283950594,0.7998156972276632,3,4,3
stratified_proportional_nested,10,16,0.00413870529651426,0.8210576858123295,0.6462303276414968,0.018915663580246916,0.7461437775917134,3,4,3
stratified_proportional_nested,10,17,0.0126606911121171,0.9790209790209792,0.9393939393939392,0.03135856481481481,0.9149136068429794,3,4,3
stratified_proportional_nested,10,18,0.002271329409989436,0.9176896735232337,0.8091838819320086,0.01404992283950617,0.768022007353049,3,4,3
stratified_proportional_nested,10,19,0.0006762939489965307,0.9894797752097304,0.9539590550898286,0.004386342592592593,0.9356387702933047,3,4,3
stratified_proportional_nested,10,20,0.002220265580202202,0.9492133645984593,0.8702543635872545,0.015543750000000002,0.773742484901654,3,4,3
stratified_proportional_nested,10,21,0.01786920175041497,0.9370629370629372,0.8484848484848484,0.02598973765432099,0.709556820856359,3,4,3
stratified_proportional_nested,10,22,0.0017415421759468845,0.9614094269768303,0.8924133096001623,0.010937268518518522,0.7551426487872588,3,4,3
stratified_proportional_nested,10,23,0.004098988984457523,0.9562186292818428,0.8702543635872545,0.020239737654320987,0.6719078541761396,3,4,3
stratified_proportional_nested,10,24,0.0032904783461596525,0.9632238939652261,0.8702543635872545,0.02113788580246913,0.7714798098291696,3,4,3
stratified_proportional_nested,10,25,0.010345088275237668,0.9860139860139862,0.9393939393939392,0.022858564814814807,0.9411744180172782,3,4,3
stratified_proportional_nested,10,26,0.009021684019918512,0.9418355625648663,0.8441622892989752,0.027282947530864198,0.8984783637409927,3,4,3
stratified_proportional_nested,10,27,0.006655726573110004,0.9300699300699302,0.7878787878787877,0.024261342592592588,0.8340151536343609,3,4,3
stratified_proportional_nested,10,28,0.005757854232684469,0.9036791441564668,0.8091838819320086,0.019069984567901235,0.8183685295179451,3,4,3
stratified_proportional_nested,10,29,0.007732322317790856,0.965034965034965,0.8787878787878787,0.01844652777777778,0.693808314021111,3,4,3
stratified_proportional_nested,10,30,0.01108835068658518,0.9508830463894927,0.8616404368553291,0.031157947530864195,0.8435166364105676,3,4,3
stratified_proportional_nested,10,31,0.006273457069563906,0.9422080999150758,0.8397191227596315,0.01789560185185185,0.7352111730518461,3,4,3
stratified_proportional_nested,10,32,0.0034429606156631946,0.9630004066674477,0.8754275592730113,0.020918749999999996,0.846673200103312,3,4,3
stratified_proportional_nested,10,33,0.0030379960766561058,0.980637776752932,0.9379580992210835,0.024178009259259253,0.7583561385822287,3,4,3
stratified_proportional_nested,10,34,0.011306790402897242,0.8591762345488786,0.697863157798853,0.02976751543209877,0.7379107018365963,3,4,3
stratified_proportional_nested,10,35,0.013737996076656106,0.9176896735232337,0.8091838819320086,0.026492824074074064,0.8325512270703802,3,4,3
stratified_proportional_nested,10,36,0.011706790402897238,0.9597212616235344,0.9007896044148774,0.022344675925925928,0.8094199539943485,3,4,3
stratified_proportional_nested,10,37,0.008413882601478798,0.9684270140350553,0.9231861823449954,0.017147145061728392,0.9303891662951368,3,4,3
stratified_proportional_nested,10,38,0.007411754941904329,0.8869756333889756,0.7407317712102527,0.034184182098765434,0.8216861822334983,3,4,3
stratified_proportional_nested,10,39,0.005210336502188021,0.9293808429533887,0.8037727730153806,0.018431095679012344,0.8057328359416335,3,4,3
stratified_proportional_nested,10,40,0.004228066998641922,0.9087775240401426,0.8000946913656627,0.01736319444444444,0.7790187484401011,3,4,3
stratified_proportional_nested,10,41,0.004315301041195113,0.8947423499236925,0.7693218186208295,0.021319984567901237,0.797152522284676,3,4,3
stratified_proportional_nested,10,42,0.015662818771691563,0.9632238939652261,0.8702543635872545,0.03158695987654321,0.8192692960995633,3,4,3
stratified_proportional_nested,10,43,0.029999698204315677,0.9352028352316922,0.8397191227596315,0.03830609567901235,0.8306781830449683,3,4,3
stratified_proportional_nested,10,44,0.0009493435943865994,0.9790209790209792,0.909090909090909,0.014361651234567905,0.8536911437086422,3,4,3
stratified_proportional_nested,10,45,0.0023734570695639035,0.9929823694376383,0.9770084209183943,0.012559182098765428,0.8499705787808116,3,4,3
stratified_proportional_nested,10,46,0.005213173381620639,0.9510489510489512,0.8484848484848484,0.04733078703703703,0.8983505269235282,3,4,3
stratified_proportional_nested,10,47,0.00562523011920929,0.9420166082517577,0.8529438595319315,0.021299922839506172,0.7765593013517499,3,4,3
stratified_proportional_nested,10,48,0.017042960615663197,0.9632238939652261,0.8702543635872545,0.035857021604938276,0.8523146523226391,3,4,3
stratified_proportional_nested,10,49,0.005629485438358235,0.8371291296643238,0.6870429186215167,0.01980300925925926,0.8181025791759159,3,4,3
stratified_proportional_nested,10,50,0.014740832956088731,0.9754446010932804,0.9231861823449954,0.05432152777777777,0.9343460088089369,3,4,3
stratified_proportional_nested,10,51,0.011475584729138373,0.9300699300699302,0.8181818181818181,0.022644058641975315,0.8675868573808511,3,4,3
stratified_proportional_nested,10,52,0.005226648558925607,0.9597212616235344,0.8702543635872545,0.011441898148148145,0.8080295326220205,3,4,3
stratified_proportional_nested,10,53,0.005793315225592274,0.9772344233319931,0.9313248452425005,0.017799922839506176,0.9109768907946308,3,4,3
stratified_proportional_nested,10,54,0.006455726573110003,0.9877423203570683,0.9618600860701234,0.044465046296296294,0.8706187402572794,3,4,3
stratified_proportional_nested,10,55,0.00444792515467029,0.9071817764981586,0.7481134002767627,0.017661033950617286,0.8540223646846217,3,4,3
stratified_proportional_nested,10,56,0.006894733665308586,0.9052687305110301,0.7693218186208295,0.022522145061728397,0.6020372620781994,3,4,3
stratified_proportional_nested,10,57,0.0072606911121170965,0.9510489510489512,0.8484848484848484,0.01993572530864197,0.8084920709652836,3,4,3
stratified_proportional_nested,10,58,0.00569402444545043,1.0,0.9999999999999998,0.018977391975308646,0.8327165732280267,3,4,3
stratified_proportional_nested,10,59,0.004459981892258944,0.9370629370629372,0.7878787878787877,0.029730478395061724,0.8257484892809029,3,4,3
stratified_proportional_nested,10,60,0.0025202655802022077,0.9580419580419581,0.8484848484848484,0.02204992283950617,0.7027845913138359,3,4,3
stratified_proportional_nested,10,61,0.011966364870982347,0.9370629370629372,0.8181818181818181,0.03689868827160494,0.8936827583737448,3,4,3
stratified_proportional_nested,10,62,0.005978421608570994,0.938705467573384,0.8091838819320086,0.026625540123456786,0.7607919759982238,3,4,3
stratified_proportional_nested,10,63,0.024159272672400783,0.9720279720279721,0.909090909090909,0.03928603395061727,0.9446854717546458,3,4,3
stratified_proportional_nested,10,64,0.0389316130979327,0.9383080885477696,0.8441622892989752,0.05461165123456788,0.857933609180944,3,4,3
stratified_proportional_nested,10,65,0.007840123736230572,0.9720279720279721,0.909090909090909,0.020444984567901236,0.9492686995436187,3,4,3
stratified_proportional_nested,10,66,0.005712464161762485,0.9211923058649254,0.8397191227596315,0.02082615740740741,0.6568771009593298,3,4,3
stratified_proportional_nested,10,67,0.0018294854383582298,0.9702291586486097,0.9007896044148774,0.02334158950617284,0.7870529929895521,3,4,3
stratified_proportional_nested,10,68,0.0018535989135355351,0.9562186292818428,0.9007896044148774,0.010708873456790122,0.9051361666071971,3,4,3
stratified_proportional_nested,10,69,0.010123811679492981,0.9370629370629372,0.8484848484848484,0.020457330246913583,0.7179623251987417,3,4,3
stratified_proportional_nested,10,70,0.022340123736230576,0.9614094269768303,0.8616404368553291,0.04216720679012346,0.8202912164729885,3,4,3
stratified_proportional_nested,10,71,0.01690395352346461,0.9422080999150758,0.8091838819320086,0.026080787037037034,0.7999668515090441,3,4,3
stratified_proportional_nested,10,72,0.008747925154670284,0.9543918399186052,0.8616404368553291,0.03430609567901234,0.9062021392563677,3,4,3
stratified_proportional_nested,10,73,0.0035493435943866024,0.9580419580419581,0.8484848484848484,0.0208616512345679,0.8200580034718289,3,4,3
stratified_proportional_nested,10,74,0.003799698204315679,0.9632238939652261,0.8702543635872545,0.053210416666666656,0.8915725597207093,3,4,3
stratified_proportional_nested,10,75,0.0035074996227553983,0.8581449237144743,0.6870429186215167,0.013522145061728393,0.8204894327916058,3,4,3
stratified_proportional_nested,10,76,0.00393515919722348,0.9632238939652261,0.8702543635872545,0.032435725308641965,0.9143070558530261,3,4,3
stratified_proportional_nested,10,77,0.006872747849705752,0.912286317569255,0.8000946913656627,0.050838503086419747,0.9226358997381171,3,4,3
stratified_proportional_nested,10,78,0.01067345706956391,0.9720279720279721,0.909090909090909,0.017389429012345674,0.745261378423359,3,4,3
stratified_proportional_nested,10,79,0.0024642372114078745,0.9702291586486097,0.9007896044148774,0.015286033950617284,0.7170465220074792,3,4,3
stratified_proportional_nested,10,80,0.00541530104119511,0.9352028352316922,0.7786486411043856,0.012233564814814817,0.8566451217861292,3,4,3
stratified_proportional_nested,10,81,0.006762109551833408,0.9579006334477178,0.8616404368553291,0.012458873456790129,0.8045410854692846,3,4,3
stratified_proportional_nested,10,82,0.005906081183039082,0.9193039046274801,0.8000946913656627,0.017582330246913584,0.8658831974311313,3,4,3
stratified_proportional_nested,10,83,0.005394733665308589,0.8581449237144743,0.7175781594491396,0.020407947530864196,0.7230272221100797,3,4,3
stratified_proportional_nested,10,84,0.0031443790553795058,0.9684270140350553,0.9231861823449954,0.012657947530864197,0.8782669037539983,3,4,3
stratified_proportional_nested,10,85,0.015648634374528448,0.8861659824480081,0.7786486411043856,0.028361651234567905,0.7540370349179503,3,4,3
stratified_proportional_nested,10,86,0.005184095367436245,0.9352028352316922,0.8091838819320086,0.01731381172839506,0.8688764421565313,3,4,3
stratified_proportional_nested,10,87,0.003464946431266033,0.9789533946223928,0.9231861823449954,0.018992824074074082,0.7215142843974188,3,4,3
stratified_proportional_nested,10,88,0.014520974800060359,0.8581449237144743,0.7175781594491396,0.03934467592592592,0.8280441253582316,3,4,3
stratified_proportional_nested,10,89,0.00572523011920929,0.9614094269768303,0.8924133096001623,0.016346219135802465,0.8609885526609541,3,4,3
stratified_proportional_nested,10,90,0.004738705296514258,0.9422080999150758,0.8091838819320086,0.02148356481481482,0.8245908718094436,3,4,3
stratified_proportional_nested,10,91,0.004213173381620641,0.9296005160692783,0.8219277191853159,0.011810725308641976,0.8760708403302878,3,4,3
stratified_proportional_nested,10,92,0.010005371963180925,0.9492133645984593,0.8702543635872545,0.040725848765432095,0.6548558787554298,3,4,3
stratified_proportional_nested,10,93,0.006245088275237672,0.9492133645984593,0.8397191227596315,0.013164120370370373,0.6867978798310129,3,4,3
stratified_proportional_nested,10,94,0.006055017353251848,0.9457107322567676,0.8702543635872545,0.019235108024691357,0.8876394379034203,3,4,3
stratified_proportional_nested,10,95,0.005418137920627734,0.8947423499236925,0.7077760731311632,0.05050362654320989,0.723016865144189,3,4,3
stratified_proportional_nested,10,96,0.003023811679492982,0.9562186292818428,0.8702543635872545,0.018295293209876547,0.7140059796886976,3,4,3
stratified_proportional_nested,10,97,0.001620265580202203,0.9859709816806179,0.9539590550898286,0.011872453703703703,0.883820480234725,3,4,3
stratified_proportional_nested,10,98,0.02530608118303909,0.9719358075641679,0.9231861823449954,0.05013788580246914,0.8858834670243455,3,4,3
stratified_proportional_nested,10,99,0.003946506714953973,0.9422080999150758,0.8091838819320086,0.02469189814814815,0.8395924229405257,3,4,3
stratified_proportional_nested,10,100,0.003123102459634828,0.9370629370629372,0.8181818181818181,0.021505169753086414,0.7727266963340883,3,4,3
stratified_proportional_nested,10,101,0.0031500528142447593,0.9790209790209792,0.909090909090909,0.008576157407407407,0.928959516365592,3,4,3
stratified_proportional_nested,10,102,0.00731033650218802,0.824566479341442,0.6462303276414968,0.022093132716049388,0.7882640042753982,3,4,3
stratified_proportional_nested,10,103,0.007793315225592272,0.9300699300699302,0.8181818181818181,0.026537577160493823,0.8385917578332704,3,4,3
stratified_proportional_nested,10,104,0.015792606005734115,0.9930069930069931,0.9696969696969696,0.023781404320987656,0.7617083687076388,3,4,3
stratified_proportional_nested,10,105,0.0045032443036064525,0.9790209790209792,0.909090909090909,0.020133256172839512,0.8181009887522414,3,4,3
stratified_proportional_nested,10,106,0.006062818771691563,0.898251143452805,0.7385489458759964,0.03910702160493828,0.8243737342928245,3,4,3
stratified_proportional_nested,10,107,0.007555726573110009,0.9071817764981586,0.7481134002767627,0.027110108024691357,0.6694900234608415,3,4,3
stratified_proportional_nested,10,108,0.004202535083748303,0.9141870411815418,0.8091838819320086,0.014352391975308645,0.7310459557817305,3,4,3
stratified_proportional_nested,10,109,0.005393315225592272,0.9702291586486097,0.9007896044148774,0.026015972222222225,0.8619905682035286,3,4,3
stratified_proportional_nested,10,110,0.022014591821336957,0.9230769230769231,0.7878787878787877,0.043415663580246906,0.8783541982453181,3,4,3
stratified_proportional_nested,10,111,0.012675584729138377,0.9632238939652261,0.8702543635872545,0.02065023148148148,0.9076125760901088,3,4,3
stratified_proportional_nested,10,112,0.01523515919722347,0.9632238939652261,0.9007896044148774,0.027262885802469133,0.7739795454517071,3,4,3
stratified_proportional_nested,10,113,0.01597274784970575,0.908178238171182,0.8037727730153806,0.05009313271604939,0.7108808233510225,3,4,3
stratified_proportional_nested,10,114,0.008520265580202203,0.9352028352316922,0.7786486411043856,0.04251442901234567,0.8025166695852904,3,4,3
stratified_proportional_nested,10,115,0.0026457974950958216,0.9492133645984593,0.8702543635872545,0.01887091049382716,0.7382247377243779,3,4,3
stratified_proportional_nested,10,116,0.0016025350837483036,0.9720279720279721,0.909090909090909,0.019159490740740744,0.763884777984741,3,4,3
stratified_proportional_nested,10,117,0.008707499622755402,0.9230769230769231,0.8181818181818181,0.01826288580246913,0.7617509435669841,3,4,3
stratified_proportional_nested,10,118,0.002477003168854684,0.9719358075641679,0.9231861823449954,0.009279861111111112,0.9117856544581985,3,4,3
stratified_proportional_nested,10,119,0.0030436698355213493,0.9488905105990603,0.8754275592730113,0.01352677469135803,0.6266878375756274,3,4,3
stratified_proportional_nested,10,120,0.007511754941904335,0.9440559440559443,0.8181818181818181,0.028358564814814805,0.7716993733430609,3,4,3
stratified_proportional_nested,10,121,0.0017947336653085849,0.9930069930069931,0.9696969696969696,0.018739737654320986,0.8987709956655824,3,4,3
stratified_proportional_nested,10,122,0.014925230119209298,0.8959784003426069,0.781631749350903,0.046833873456790125,0.8136183471213373,3,4,3
stratified_proportional_nested,10,123,0.006069201750414965,0.9230769230769231,0.7575757575757575,0.014670293209876548,0.8180035372528395,3,4,3
stratified_proportional_nested,10,124,0.007306081183039083,0.9580419580419581,0.8787878787878787,0.01773356481481482,0.8219904202358341,3,4,3
stratified_proportional_nested,10,125,0.015104662743322764,0.9071817764981586,0.8091838819320086,0.023414120370370373,0.5983316287546773,3,4,3
stratified_proportional_nested,10,126,0.006771329409989438,0.9492133645984593,0.8397191227596315,0.026313811728395056,0.8051291261547528,3,4,3
stratified_proportional_nested,10,127,0.002503244303606457,0.9370629370629372,0.8181818181818181,0.01774128086419753,0.8795104341115064,3,4,3
stratified_proportional_nested,10,128,0.01006849253055681,0.9438654593312678,0.8616404368553291,0.01739868827160494,0.8513650977641203,3,4,3
stratified_proportional_nested,10,129,0.009438705296514254,0.9842396880153765,0.9313248452425005,0.020201157407407404,0.9228769574575191,3,4,3
stratified_proportional_nested,10,130,0.03823941451637242,0.9211923058649254,0.7786486411043856,0.07204529320987654,0.8014316266226063,3,4,3
stratified_proportional_nested,10,131,0.004642960615663195,0.9176896735232337,0.8091838819320086,0.028667206790123457,0.7078124113176695,3,4,3
stratified_proportional_nested,10,132,0.0005401237362305729,0.9790209790209792,0.909090909090909,0.012704243827160495,0.6780459593844469,3,4,3
stratified_proportional_nested,10,133,0.00428125848800362,0.965034965034965,0.8787878787878787,0.01385239197530864,0.8622792152700431,3,4,3
stratified_proportional_nested,10,134,0.011796861324883055,0.9155156597651983,0.7598954384920844,0.020855478395061734,0.6919871142764316,3,4,3
stratified_proportional_nested,10,135,0.0029351591972234764,0.9492133645984593,0.8397191227596315,0.011934182098765433,0.7969276015447919,3,4,3
stratified_proportional_nested,10,136,0.016858563452542625,0.99124495269876,0.9618600860701234,0.025293750000000004,0.7671656569922846,3,4,3
stratified_proportional_nested,10,137,0.008277712388712836,0.9597212616235344,0.8702543635872545,0.017043750000000003,0.7322235743453936,3,4,3
stratified_proportional_nested,10,138,0.0030479251546702904,0.9597212616235344,0.8702543635872545,0.025948070987654327,0.854008990375895,3,4,3
stratified_proportional_nested,10,139,0.006584804587294401,0.9298302852148176,0.8308675641104959,0.014972762345679019,0.803641249669632,3,4,3
stratified_proportional_nested,10,140,0.007455726573110006,0.8951048951048951,0.7272727272727272,0.020011342592592598,0.6335545594990458,3,4,3
stratified_proportional_nested,10,141,0.0034309038780745422,0.9510489510489512,0.8484848484848484,0.02867183641975309,0.7866867033119682,3,4,3
stratified_proportional_nested,10,142,0.0060904783461596486,0.9562186292818428,0.8397191227596315,0.016762885802469138,0.6719577870866376,3,4,3
stratified_proportional_nested,10,143,0.004403244303606452,0.9418355625648663,0.8441622892989752,0.02341257716049383,0.7048261065196414,3,4,3
stratified_proportional_nested,10,144,0.004957854232684474,0.9562186292818428,0.9007896044148774,0.012907947530864194,0.8021634451204607,3,4,3
stratified_proportional_nested,10,145,0.01524721593481213,0.9020979020979022,0.7575757575757575,0.03189714506172839,0.7889009205993985,3,4,3
stratified_proportional_nested,10,146,0.006960691112117092,0.9366429442213183,0.8529438595319315,0.037324614197530866,0.789881481500771,3,4,3
stratified_proportional_nested,10,147,0.004808208842613549,0.9298302852148176,0.8000946913656627,0.014500540123456787,0.8638843673425627,3,4,3
stratified_proportional_nested,10,148,0.006289059906443334,0.9772344233319931,0.9313248452425005,0.01316412037037036,0.9222642754302882,3,4,3
stratified_proportional_nested,10,149,0.04724083295608872,0.9155156597651983,0.8219277191853159,0.05317029320987654,0.8393458751924833,3,4,3
stratified_proportional_nested,10,150,0.0010940244454504318,0.9614094269768303,0.8616404368553291,0.02044961419753086,0.808258626176538,3,4,3
stratified_proportional_nested,10,151,0.023340832956088724,0.9281975705483089,0.8397191227596315,0.03488788580246913,0.5766949682017721,3,4,3
stratified_proportional_nested,10,152,0.005146506714953975,0.8461538461538463,0.7272727272727272,0.014767515432098763,0.7309633061987717,3,4,3
stratified_proportional_nested,10,153,0.00688196770786178,0.9090909090909092,0.7878787878787877,0.024506712962962963,0.7465425960615723,3,4,3
stratified_proportional_nested,10,154,0.008065655651124182,0.9263214916857051,0.8000946913656627,0.015091589506172837,0.8224376650323587,3,4,3
stratified_proportional_nested,10,155,0.005716719480911421,0.9436853723733583,0.8529438595319315,0.010593132716049386,0.8482859389077356,3,4,3
stratified_proportional_nested,10,156,0.004928066998641917,0.9632238939652261,0.8702543635872545,0.020701157407407408,0.7546998595044131,3,4,3
stratified_proportional_nested,10,157,0.0005138826014787993,0.9807370556736849,0.9313248452425005,0.01366720679012346,0.662240004663832,3,4,3
stratified_proportional_nested,10,158,0.0037387052965142577,0.9720279720279721,0.909090909090909,0.021381712962962967,0.7644961905519071,3,4,3
stratified_proportional_nested,10,159,0.009491896785875954,0.8912335563945798,0.7385489458759964,0.027801466049382717,0.7329435255890383,3,4,3
stratified_proportional_nested,10,160,0.0040472159348121355,0.9771664816939875,0.9149761402251629,0.01522121913580247,0.7624309812503663,3,4,3
stratified_proportional_nested,10,161,0.02230537196318093,0.9562186292818428,0.8397191227596315,0.028482021604938273,0.7699115158912213,3,4,3
stratified_proportional_nested,10,162,0.004911754941904325,0.99124495269876,0.9618600860701234,0.02913016975308641,0.7765860341506046,3,4,3
stratified_proportional_nested,10,163,0.01271175494190433,0.9492133645984593,0.8397191227596315,0.05134313271604938,0.9034668837384912,3,4,3
stratified_proportional_nested,10,164,0.006098988984457519,0.9440559440559443,0.8484848484848484,0.016244367283950612,0.9411555859502435,3,4,3
stratified_proportional_nested,10,165,0.007141542175946887,0.9790209790209792,0.909090909090909,0.013895601851851852,0.8165327521767068,3,4,3
stratified_proportional_nested,10,166,0.006023811679492982,0.9842396880153765,0.9313248452425005,0.018693441358024688,0.8615993275714487,3,4,3
stratified_proportional_nested,10,167,0.005906790402897236,0.9492133645984593,0.8397191227596315,0.019039120370370366,0.7966691287613905,3,4,3
stratified_proportional_nested,10,168,0.01559402444545043,0.8471119499577373,0.7288792981454687,0.04752523148148149,0.8784349394665495,3,4,3
stratified_proportional_nested,10,169,0.0059259393390674485,0.965034965034965,0.8787878787878787,0.02547430555555555,0.878698419634755,3,4,3
stratified_proportional_nested,10,170,0.017963527991549714,0.9228126981565926,0.8308675641104959,0.03251134259259258,0.8511680284762244,3,4,3
stratified_proportional_nested,10,171,0.0062805492681454675,0.9296005160692783,0.8219277191853159,0.012475848765432099,0.7625405517189483,3,4,3
stratified_proportional_nested,10,172,0.008120265580202205,0.9930069930069931,0.9696969696969696,0.0174403549382716,0.9235204414687153,3,4,3
stratified_proportional_nested,10,173,0.012469201750414964,0.924198192479382,0.8128970193249391,0.02443726851851852,0.6805669910904127,3,4,3
stratified_proportional_nested,10,174,0.01890182586389014,0.9370629370629372,0.8181818181818181,0.03611010802469136,0.7651117845201716,3,4,3
stratified_proportional_nested,10,175,0.0035961521050248964,0.9632238939652261,0.8702543635872545,0.01000516975308642,0.9080111725770955,3,4,3
stratified_proportional_nested,10,176,0.020033031537649005,0.9492133645984593,0.8702543635872545,0.029613194444444435,0.7948457076894231,3,4,3
stratified_proportional_nested,10,177,0.003105371963180926,0.9492133645984593,0.8397191227596315,0.013702700617283951,0.7473969168730173,3,4,3
stratified_proportional_nested,10,178,0.023767074090840497,0.9577702286774382,0.8839599998785472,0.04827831790123457,0.8083761549626622,3,4,3
stratified_proportional_nested,10,179,0.017496861324883057,0.8732610908529584,0.7288792981454687,0.048162577160493825,0.812072132108096,3,4,3
stratified_proportional_nested,10,180,0.0030812584880036214,0.9790209790209792,0.909090909090909,0.035748996913580244,0.8348916373728841,3,4,3
stratified_proportional_nested,10,181,0.022296861324883063,0.9842396880153765,0.9313248452425005,0.05038171296296296,0.8869868122165364,3,4,3
stratified_proportional_nested,10,182,0.004673457069563905,0.938705467573384,0.8397191227596315,0.040008256172839506,0.8121034068400288,3,4,3
stratified_proportional_nested,10,183,0.004275584729138373,0.8943883753090783,0.8219277191853159,0.008366280864197531,0.7841337669387101,3,4,3
stratified_proportional_nested,10,184,0.004256435792968159,0.9790209790209792,0.909090909090909,0.030079243827160495,0.7583032771350952,3,4,3
stratified_proportional_nested,10,185,0.00821246416176249,0.9420166082517577,0.8219277191853159,0.02457461419753086,0.8587574020439432,3,4,3
stratified_proportional_nested,10,186,0.00850820884261355,0.9841964563824335,0.9459922805717786,0.01738171296296297,0.7254870900142966,3,4,3
stratified_proportional_nested,10,187,0.005446506714953975,0.8526368275743421,0.7385489458759964,0.01372739197530864,0.9087935128416916,3,4,3
stratified_proportional_nested,10,188,0.02204579749509582,0.8791607177646247,0.7481134002767627,0.05427060185185184,0.7923338131273695,3,4,3
stratified_proportional_nested,10,189,0.0019216840199185144,0.9842396880153765,0.9313248452425005,0.013640972222222221,0.9034126557319735,3,4,3
stratified_proportional_nested,10,190,0.004479840048287308,0.8881118881118882,0.7878787878787877,0.017275231481481485,0.7584261587052336,3,4,3
stratified_proportional_nested,10,191,0.003911754941904331,0.9296005160692783,0.8219277191853159,0.014739737654320994,0.7803961237234045,3,4,3
stratified_proportional_nested,10,192,0.00856565565112419,0.9317002028900006,0.8397191227596315,0.03316875000000001,0.6394800285087623,3,4,3
stratified_proportional_nested,10,193,0.015484804587294397,0.9527159969401509,0.8702543635872545,0.030665663580246905,0.820416374600018,3,4,3
stratified_proportional_nested,10,194,0.0057053719631809255,0.8959784003426069,0.8128970193249391,0.0333045524691358,0.847768538106625,3,4,3
stratified_proportional_nested,10,195,0.0027826769277199334,0.9527159969401509,0.8397191227596315,0.011156404320987655,0.8826322593904624,3,4,3
stratified_proportional_nested,10,196,0.009942960615663198,0.9352028352316922,0.8091838819320086,0.019310725308641977,0.8342112870678351,3,4,3
stratified_proportional_nested,10,197,0.0031344499773653246,0.9562186292818428,0.8702543635872545,0.013498996913580247,0.9458059989770852,3,4,3
stratified_proportional_nested,10,198,0.001815301041195111,0.9614094269768303,0.8924133096001623,0.02712862654320988,0.6643746635558271,3,4,3
stratified_proportional_nested,10,199,0.02105572657311001,0.9211923058649254,0.8091838819320086,0.04762862654320987,0.7803431163240732,3,4,3
stratified_proportional_nested,15,0,0.011939729725198264,0.9790209790209792,0.909090909090909,0.024430169753086418,0.7221767317328384,4,6,5
stratified_proportional_nested,15,1,0.0015189259426923512,0.9720279720279721,0.909090909090909,0.014609799382716055,0.8841921359588102,4,6,5
stratified_proportional_nested,15,2,0.0024248361081769874,0.9352028352316922,0.8091838819320086,0.011476157407407405,0.8218981354100312,4,6,5
stratified_proportional_nested,15,3,0.005969044146002044,0.9789533946223928,0.9231861823449954,0.01768078703703704,0.8403443640073243,4,6,5
stratified_proportional_nested,15,4,0.006566680079808196,0.9580419580419581,0.909090909090909,0.011848379629629627,0.9323305289147651,4,6,5
stratified_proportional_nested,15,5,0.0026653404422983403,0.9440559440559443,0.8787878787878787,0.008122453703703703,0.9517191900054107,4,6,5
stratified_proportional_nested,15,6,0.0032276729876096117,0.9720279720279721,0.909090909090909,0.01350918209876543,0.8764334491718286,4,6,5
stratified_proportional_nested,15,7,0.003906632798484318,0.9230769230769231,0.8484848484848484,0.0114366512345679,0.8653884490549316,4,6,5
stratified_proportional_nested,15,8,0.005222314437570209,0.9632238939652261,0.8702543635872545,0.02316998456790124,0.8776945772583055,4,6,5
stratified_proportional_nested,15,9,0.002110888117633251,0.9720279720279721,0.909090909090909,0.005887577160493829,0.916488215498926,4,6,5
stratified_proportional_nested,15,10,0.0022196351625505084,0.9597212616235344,0.8702543635872545,0.009027083333333335,0.9254723758450342,4,6,5
stratified_proportional_nested,15,11,0.0067948912697215055,0.9436853723733583,0.8529438595319315,0.009892515432098768,0.7935120158644945,4,6,5
stratified_proportional_nested,15,12,0.010486932246868872,0.9440559440559443,0.8181818181818181,0.020006404320987655,0.8348773957386975,4,6,5
stratified_proportional_nested,15,13,0.0013903207417467263,0.9842396880153765,0.9313248452425005,0.015546527777777779,0.886810506980649,4,6,5
stratified_proportional_nested,15,14,0.004563527991549719,0.9508830463894927,0.8308675641104959,0.025310108024691358,0.9485459457695744,4,6,5
stratified_proportional_nested,15,15,0.00971530104119511,0.9422080999150758,0.8091838819320086,0.01640516975308642,0.8282506913296155,4,6,5
stratified_proportional_nested,15,16,0.004251471253961071,0.8931712471313915,0.7481134002767627,0.03948665123456791,0.7456344622740456,4,6,5
stratified_proportional_nested,15,17,0.011048949583354293,0.9492133645984593,0.8397191227596315,0.015206404320987655,0.8045371854254416,4,6,5
stratified_proportional_nested,15,18,0.0037796036416679235,0.9580419580419581,0.8787878787878787,0.011876157407407406,0.8497608053936774,4,6,5
stratified_proportional_nested,15,19,0.005025939339067452,0.9859709816806179,0.9539590550898286,0.014905478395061724,0.793464688703377,4,6,5
stratified_proportional_nested,15,20,0.019717192294150192,0.8651501883978578,0.7786486411043856,0.02337831790123457,0.8057097256947752,4,6,5
stratified_proportional_nested,15,21,0.003533740757507164,0.9510489510489512,0.8484848484848484,0.010568750000000002,0.7997649236502081,4,6,5
stratified_proportional_nested,15,22,0.008691817983669496,0.8721554530812411,0.7481134002767627,0.01119745370370371,0.8116461248225901,4,6,5
stratified_proportional_nested,15,23,0.015903165501399995,0.9457107322567676,0.8397191227596315,0.018907330246913583,0.9187119213980082,4,6,5
stratified_proportional_nested,15,24,0.0031066327984843145,0.9457107322567676,0.8397191227596315,0.008375540123456787,0.8583915858982251,4,6,5
stratified_proportional_nested,15,25,0.007401983468303071,0.9580419580419581,0.909090909090909,0.02861288580246914,0.8782525751233102,4,6,5
stratified_proportional_nested,15,26,0.0014691229482085072,0.9510489510489512,0.8787878787878787,0.01276195987654321,0.9124530531499463,4,6,5
stratified_proportional_nested,15,27,0.012990951159398424,0.8881118881118882,0.7272727272727272,0.038818441358024695,0.7348380322772553,4,6,5
stratified_proportional_nested,15,28,0.011427200174370834,0.99124495269876,0.9618600860701234,0.018456712962962966,0.8041845761465855,4,6,5
stratified_proportional_nested,15,29,0.0018990677866639858,0.9632238939652261,0.8702543635872545,0.007981095679012349,0.9137263199661373,4,6,5
stratified_proportional_nested,15,30,0.01779567929178612,0.9263214916857051,0.8308675641104959,0.028941589506172843,0.6766006680748956,4,6,5
stratified_proportional_nested,15,31,0.009204977952148618,0.9632238939652261,0.8702543635872545,0.019166898148148148,0.8777405992101338,4,6,5
stratified_proportional_nested,15,32,0.004760218298878325,0.9632238939652261,0.9007896044148774,0.025343441358024688,0.9034759253069072,4,6,5
stratified_proportional_nested,15,33,0.0017632127827238748,0.9510489510489512,0.8787878787878787,0.01922368827160494,0.8054081954156219,4,6,5
stratified_proportional_nested,15,34,0.0057004862263802985,0.965034965034965,0.8787878787878787,0.017718749999999995,0.845824904112654,4,6,5
stratified_proportional_nested,15,35,0.01261742870076958,0.9824621881515054,0.9231861823449954,0.03928449074074074,0.895303655427668,4,6,5
stratified_proportional_nested,15,36,0.016084410576262087,0.9718550849815182,0.9149761402251629,0.040610108024691366,0.8443358291367223,4,6,5
stratified_proportional_nested,15,37,0.006828933822912998,0.9193039046274801,0.8000946913656627,0.02091226851851852,0.8808457050896553,4,6,5
stratified_proportional_nested,15,38,0.0026167982831178816,0.9648126568294783,0.9149761402251629,0.008387577160493825,0.9418080905016746,4,6,5
stratified_proportional_nested,15,39,0.0016446942642053578,0.9930069930069931,0.9696969696969696,0.00509405864197531,0.9152566262816547,4,6,5
stratified_proportional_nested,15,40,0.0038874050601076407,0.9106844088398501,0.8091838819320086,0.015405787037037037,0.9431765463439765,4,6,5
stratified_proportional_nested,15,41,0.008787011049075331,0.9860139860139862,0.9393939393939392,0.022049922839506176,0.752656682565001,4,6,5
stratified_proportional_nested,15,42,0.016243591033314887,0.99124495269876,0.9618600860701234,0.020331712962962965,0.8756605169383875,4,6,5
stratified_proportional_nested,15,43,0.002498910182251059,0.9368478722730427,0.8308675641104959,0.021281404320987657,0.765929126679425,4,6,5
stratified_proportional_nested,15,44,0.0014073420183424703,0.9702291586486097,0.9007896044148774,0.015319058641975308,0.9032269796027136,4,6,5
stratified_proportional_nested,15,45,0.0020718022232282074,0.9562186292818428,0.8397191227596315,0.00871010802469136,0.9111896670145829,4,6,5
stratified_proportional_nested,15,46,0.003190478346159648,0.965034965034965,0.8787878787878787,0.007975540123456791,0.898790470047291,4,6,5
stratified_proportional_nested,15,47,0.025843275824489045,0.9737317909903013,0.9007896044148774,0.05342060185185186,0.7327481459510893,4,6,5
stratified_proportional_nested,15,48,0.003953598913535533,0.9614094269768303,0.8616404368553291,0.017335725308641976,0.9512503403465539,4,6,5
stratified_proportional_nested,15,49,0.0031258605368609913,0.9597212616235344,0.8702543635872545,0.015778009259259252,0.7819315683209291,4,6,5
stratified_proportional_nested,15,50,0.005160848716530021,0.9527159969401509,0.8702543635872545,0.04356195987654321,0.8596133062383875,4,6,5
stratified_proportional_nested,15,51,0.003946033901715209,0.9720279720279721,0.8787878787878787,0.02185393518518519,0.5966291886627629,4,6,5
stratified_proportional_nested,15,52,0.005057145012826318,0.9230769230769231,0.7878787878787877,0.021707638888888894,0.8209779670338375,4,6,5
stratified_proportional_nested,15,53,0.0032840953674362467,0.9842396880153765,0.9313248452425005,0.015694058641975307,0.9478160228731193,4,6,5
stratified_proportional_nested,15,54,0.0019006438307932194,1.0,0.9999999999999998,0.008036033950617279,0.9311277005543263,4,6,5
stratified_proportional_nested,15,55,0.0020733782673574403,0.9510489510489512,0.8484848484848484,0.021369367283950613,0.9236610656348714,4,6,5
stratified_proportional_nested,15,56,0.004751077242928759,0.9790209790209792,0.909090909090909,0.011586033950617287,0.8673992685229198,4,6,5
stratified_proportional_nested,15,57,0.006230667471455155,0.9160839160839163,0.7878787878787877,0.016063194444444446,0.8004393051264858,4,6,5
stratified_proportional_nested,15,58,0.010092290796908269,0.9510489510489512,0.8484848484848484,0.018163503086419754,0.8801330759499587,4,6,5
stratified_proportional_nested,15,59,0.002396152105024897,0.9684270140350553,0.8924133096001623,0.009254243827160493,0.8843044147665534,4,6,5
stratified_proportional_nested,15,60,0.015924599701557598,0.9317002028900006,0.8091838819320086,0.02965393518518518,0.9117837504927132,4,6,5
stratified_proportional_nested,15,61,0.005391581577050109,0.9510489510489512,0.8484848484848484,0.0181545524691358,0.8050265490031226,4,6,5
stratified_proportional_nested,15,62,0.003702377479335378,0.9492133645984593,0.8397191227596315,0.025091589506172837,0.85824747553152,4,6,5
stratified_proportional_nested,15,63,0.0023548597488389257,0.9632238939652261,0.9007896044148774,0.006694058641975308,0.9219743625842636,4,6,5
stratified_proportional_nested,15,64,0.0028907147527790344,0.9370629370629372,0.8484848484848484,0.011824305555555553,0.7515172213504394,4,6,5
stratified_proportional_nested,15,65,0.014247373539225056,0.9720279720279721,0.909090909090909,0.023077700617283953,0.891830958136626,4,6,5
stratified_proportional_nested,15,66,0.002624048086112368,0.9510489510489512,0.8787878787878787,0.011335725308641973,0.9388016105900335,4,6,5
stratified_proportional_nested,15,67,0.003131849504552087,0.9579006334477178,0.8616404368553291,0.011086342592592594,0.8881057177776391,4,6,5
stratified_proportional_nested,15,68,0.0032421725935985798,0.965034965034965,0.8787878787878787,0.010360725308641974,0.9418034484635606,4,6,5
stratified_proportional_nested,15,69,0.0021212900088862087,0.9772344233319931,0.9313248452425005,0.012840663580246913,0.7980517546176538,4,6,5
stratified_proportional_nested,15,70,0.001997412940328287,0.9894797752097304,0.9539590550898286,0.007378935185185185,0.9170013740626749,4,6,5
stratified_proportional_nested,15,71,0.007819319953724663,0.9230769230769231,0.8181818181818181,0.023092206790123457,0.7528853634863873,4,6,5
stratified_proportional_nested,15,72,0.0031082088426135483,0.8811188811188813,0.7575757575757575,0.01345979938271605,0.7943594647680574,4,6,5
stratified_proportional_nested,15,73,0.009244063846553656,0.8546422913727825,0.7175781594491396,0.013145293209876549,0.6731946510832049,4,6,5
stratified_proportional_nested,15,74,0.0014678621129051196,0.9562186292818428,0.8702543635872545,0.023800848765432103,0.9042570708238281,4,6,5
stratified_proportional_nested,15,75,0.017873851080596213,0.9508830463894927,0.8308675641104959,0.026231404320987656,0.8061520607027125,4,6,5
stratified_proportional_nested,15,76,0.010508681655852323,0.9106844088398501,0.8091838819320086,0.020865663580246916,0.8336351031202295,4,6,5
stratified_proportional_nested,15,77,0.003442645406837346,0.9560765576286495,0.8839599998785472,0.0086508487654321,0.82010323047741,4,6,5
stratified_proportional_nested,15,78,0.003013330986033566,0.9860139860139862,0.9393939393939392,0.008453626543209877,0.9311206672735798,4,6,5
stratified_proportional_nested,15,79,0.007510415304394479,0.965034965034965,0.8787878787878787,0.014140046296296296,0.9420709285816286,4,6,5
stratified_proportional_nested,15,80,0.0032327163288231662,0.9580419580419581,0.8484848484848484,0.01991844135802469,0.8043838626367713,4,6,5
stratified_proportional_nested,15,81,0.007847688748050906,0.9860139860139862,0.9393939393939392,0.019894367283950616,0.8985534680793456,4,6,5
stratified_proportional_nested,15,82,0.001959272672400785,0.99124495269876,0.9618600860701234,0.01809128086419753,0.7894246384572706,4,6,5
stratified_proportional_nested,15,83,0.0034647100246466473,0.9930069930069931,0.9696969696969696,0.008304243827160496,0.9369318928777565,4,6,5
stratified_proportional_nested,15,84,0.021646900725986278,0.9648126568294783,0.8839599998785472,0.03721597222222222,0.9014330481814574,4,6,5
stratified_proportional_nested,15,85,0.0014587210569555528,0.9632238939652261,0.8702543635872545,0.012753317901234566,0.932700550587113,4,6,5
stratified_proportional_nested,15,86,0.0010962309072313605,0.9772344233319931,0.9313248452425005,0.008138503086419753,0.905051245318882,4,6,5
stratified_proportional_nested,15,87,0.012196940127089516,0.9772344233319931,0.9007896044148774,0.02953541666666666,0.9176847462062883,4,6,5
stratified_proportional_nested,15,88,0.012763370387136803,0.9230769230769231,0.8484848484848484,0.018670601851851848,0.9504854306840557,4,6,5
stratified_proportional_nested,15,89,0.004812858172794794,0.9352028352316922,0.8091838819320086,0.010369675925925925,0.8327081517496513,4,6,5
stratified_proportional_nested,15,90,0.015004189930083997,0.9579006334477178,0.8924133096001623,0.023343132716049386,0.879649339730756,4,6,5
stratified_proportional_nested,15,91,0.015386223027010712,0.898251143452805,0.8000946913656627,0.02173078703703704,0.8448389662562893,4,6,5
stratified_proportional_nested,15,92,0.005727594185403147,0.9772344233319931,0.9007896044148774,0.016710416666666665,0.7470898161571636,4,6,5
stratified_proportional_nested,15,93,0.0019296430427711531,0.9790209790209792,0.9393939393939392,0.005141589506172837,0.898975928045545,4,6,5
stratified_proportional_nested,15,94,0.0033483979679090636,0.9772344233319931,0.9007896044148774,0.01781103395061728,0.7240219871980585,4,6,5
stratified_proportional_nested,15,95,0.005861557936388178,0.9543918399186052,0.8616404368553291,0.032863811728395066,0.8169646698925952,4,6,5
stratified_proportional_nested,15,96,0.007244379055379508,0.9492133645984593,0.8397191227596315,0.014868132716049379,0.7498514902029639,4,6,5
stratified_proportional_nested,15,97,0.002186853444662407,0.9597212616235344,0.8702543635872545,0.021688194444444447,0.8224005510759289,4,6,5
stratified_proportional_nested,15,98,0.0035554901664906166,0.912286317569255,0.8000946913656627,0.05252893518518519,0.8263638487560431,4,6,5
stratified_proportional_nested,15,99,0.00236967456365374,0.9422080999150758,0.8091838819320086,0.02159652777777778,0.9282872071302372,4,6,5
stratified_proportional_nested,15,100,0.008880943279177777,0.9772344233319931,0.9007896044148774,0.018479552469135806,0.8645248278663634,4,6,5
stratified_proportional_nested,15,101,0.008165734453330643,0.9720279720279721,0.909090909090909,0.019207330246913578,0.9315798709482744,4,6,5
stratified_proportional_nested,15,102,0.003595521687373203,0.9930069930069931,0.9696969696969696,0.01221689814814815,0.9365055334912826,4,6,5
stratified_proportional_nested,15,103,0.0037840165652297825,0.9720279720279721,0.909090909090909,0.022624305555555557,0.9263704540312842,4,6,5
stratified_proportional_nested,15,104,0.0030448518686182796,0.9580419580419581,0.8787878787878787,0.018615046296296293,0.832782476354908,4,6,5
stratified_proportional_nested,15,105,0.002864237211407878,0.9317002028900006,0.7786486411043856,0.007987268518518519,0.8034900248153874,4,6,5
stratified_proportional_nested,15,106,0.0027696745636537393,0.9510489510489512,0.8787878787878787,0.006769367283950618,0.8956039886806609,4,6,5
stratified_proportional_nested,15,107,0.0023674681018728072,0.9562186292818428,0.8397191227596315,0.03448912037037037,0.917708004752436,4,6,5
stratified_proportional_nested,15,108,0.011872275036466982,0.9614094269768303,0.8924133096001623,0.028350540123456783,0.8242518584742822,4,6,5
stratified_proportional_nested,15,109,0.002013173381620643,0.965034965034965,0.8787878787878787,0.019019367283950612,0.7674512637361369,4,6,5
stratified_proportional_nested,15,110,0.0045900055329208805,0.9790209790209792,0.9393939393939392,0.014181404320987656,0.7067458811801451,4,6,5
stratified_proportional_nested,15,111,0.005380864476971316,0.9281975705483089,0.8702543635872545,0.03603171296296297,0.8665664453092755,4,6,5
stratified_proportional_nested,15,112,0.005923023657428368,0.9263214916857051,0.8000946913656627,0.01162152777777778,0.7241798000896408,4,6,5
stratified_proportional_nested,15,113,0.005709942491155705,0.9754446010932804,0.9231861823449954,0.012751157407407407,0.8342640718581643,4,6,5
stratified_proportional_nested,15,114,0.007731376691313317,0.9422080999150758,0.8091838819320086,0.013809490740740735,0.8880810448476847,4,6,5
stratified_proportional_nested,15,115,0.002999777006522141,0.965034965034965,0.8787878787878787,0.02058233024691358,0.6810437190175108,4,6,5
stratified_proportional_nested,15,116,0.013756908606206928,0.9017599369819175,0.7385489458759964,0.020774305555555563,0.6787754577259958,4,6,5
stratified_proportional_nested,15,117,0.0025102576999815576,0.9720279720279721,0.909090909090909,0.01304097222222222,0.8137547949491561,4,6,5
stratified_proportional_nested,15,118,0.013035395603842865,0.9541172151992964,0.8668137748205085,0.019685108024691363,0.8573082503415437,4,6,5
stratified_proportional_nested,15,119,0.015763843200375573,0.9666215196613185,0.8839599998785472,0.04324189814814814,0.821632860773395,4,6,5
stratified_proportional_nested,15,120,0.003349974012038292,0.9580419580419581,0.8484848484848484,0.01628078703703704,0.8046418642579135,4,6,5
stratified_proportional_nested,15,121,0.0034029290947806116,0.9580419580419581,0.8484848484848484,0.01349992283950617,0.802022379587696,4,6,5
stratified_proportional_nested,15,122,0.0047416209781533485,0.9457107322567676,0.8397191227596315,0.009087268518518517,0.8465228063870859,4,6,5
stratified_proportional_nested,15,123,0.001652574484851536,0.9859709816806179,0.9539590550898286,0.008735416666666662,0.937393612841706,4,6,5
stratified_proportional_nested,15,124,0.014236341230320408,0.9508830463894927,0.8616404368553291,0.019872453703703705,0.8302543954987384,4,6,5
stratified_proportional_nested,15,125,0.0016056083698003133,0.9702291586486097,0.9007896044148774,0.01565516975308642,0.9403265449490732,4,6,5
stratified_proportional_nested,15,126,0.005314985832369258,0.9737317909903013,0.9313248452425005,0.011168441358024694,0.9465836893472233,4,6,5
stratified_proportional_nested,15,127,0.008647688748050901,0.9580419580419581,0.8787878787878787,0.028748688271604938,0.8152558567098018,4,6,5
stratified_proportional_nested,15,128,0.006091975588082419,0.9720279720279721,0.909090909090909,0.010196836419753082,0.9494949342432758,4,6,5
stratified_proportional_nested,15,129,0.005391896785875958,0.9860139860139862,0.9393939393939392,0.01730362654320988,0.9124336258972985,4,6,5
stratified_proportional_nested,15,130,0.0025594302768137066,0.9790209790209792,0.9393939393939392,0.009539429012345679,0.9401531252974208,4,6,5
stratified_proportional_nested,15,131,0.0011980433579799816,0.9860139860139862,0.9393939393939392,0.019582947530864193,0.7711896079977955,4,6,5
stratified_proportional_nested,15,132,0.011337050450178562,0.9230769230769231,0.8181818181818181,0.018229861111111113,0.8375322398801098,4,6,5
stratified_proportional_nested,15,133,0.0018946548631021242,0.9281975705483089,0.8091838819320086,0.022471219135802467,0.8047746074957645,4,6,5
stratified_proportional_nested,15,134,0.006960375903291248,0.9230769230769231,0.8181818181818181,0.019147145061728394,0.8494121629068064,4,6,5
stratified_proportional_nested,15,135,0.006979918850493771,0.938705467573384,0.8397191227596315,0.027468441358024693,0.8525529911145165,4,6,5
stratified_proportional_nested,15,136,0.0136837801586104,0.9543918399186052,0.8616404368553291,0.03438078703703703,0.810817145528213,4,6,5
stratified_proportional_nested,15,137,0.004793000016766426,0.9614094269768303,0.8924133096001623,0.015348996913580248,0.9106013401899746,4,6,5
stratified_proportional_nested,15,138,0.00382940663615177,0.9510489510489512,0.8787878787878787,0.014142515432098768,0.866117902174846,4,6,5
stratified_proportional_nested,15,139,0.004710415304394478,0.965034965034965,0.8787878787878787,0.020991898148148152,0.7594629860417222,4,6,5
stratified_proportional_nested,15,140,0.0012469007259862854,0.9720279720279721,0.909090909090909,0.018335416666666663,0.9224810485671199,4,6,5
stratified_proportional_nested,15,141,0.0031261757456868358,0.9440559440559443,0.8484848484848484,0.00900671296296296,0.8120586515113031,4,6,5
stratified_proportional_nested,15,142,0.008955332562077698,0.9790209790209792,0.909090909090909,0.02190887345679013,0.7117638549767108,4,6,5
stratified_proportional_nested,15,143,0.003580391663732543,0.9580419580419581,0.8787878787878787,0.011616280864197527,0.8877415550121525,4,6,5
stratified_proportional_nested,15,144,0.008826096943480374,0.9230769230769231,0.7878787878787877,0.022472453703703706,0.7727359117094045,4,6,5
stratified_proportional_nested,15,145,0.010830509867042233,0.938705467573384,0.8397191227596315,0.016977391975308644,0.8773424695620068,4,6,5
stratified_proportional_nested,15,146,0.0011504468252770646,0.9440559440559443,0.8484848484848484,0.00595702160493827,0.9724483669854243,4,6,5
stratified_proportional_nested,15,147,0.007310888117633253,0.9720279720279721,0.909090909090909,0.021456712962962966,0.9184225532407778,4,6,5
stratified_proportional_nested,15,148,0.0016081300404070873,0.965034965034965,0.8787878787878787,0.010563503086419753,0.9484610013675949,4,6,5
stratified_proportional_nested,15,149,0.002649895209831833,0.9720279720279721,0.909090909090909,0.029330169753086426,0.9137086384135609,4,6,5
stratified_proportional_nested,15,150,0.0020034019080193825,0.9562186292818428,0.9007896044148774,0.02144961419753086,0.8017089649195973,4,6,5
stratified_proportional_nested,15,151,0.002179918850493773,0.9894797752097304,0.9539590550898286,0.011290972222222221,0.8373457569507318,4,6,5
stratified_proportional_nested,15,152,0.010170147376892508,0.9352028352316922,0.8091838819320086,0.01840671296296296,0.8406523336770623,4,6,5
stratified_proportional_nested,15,153,0.004067389299666348,0.9141870411815418,0.7786486411043856,0.01591597222222222,0.9159059955053924,4,6,5
stratified_proportional_nested,15,154,0.0020037171168452287,0.9720279720279721,0.909090909090909,0.010116589506172837,0.9257071222836569,4,6,5
stratified_proportional_nested,15,155,0.002377554784299916,0.9527159969401509,0.8702543635872545,0.01326134259259259,0.9389827414429641,4,6,5
stratified_proportional_nested,15,156,0.005972511443086363,0.9772344233319931,0.9313248452425005,0.011367824074074074,0.9146035969177125,4,6,5
stratified_proportional_nested,15,157,0.007299225391076907,0.9370629370629372,0.8484848484848484,0.01869652777777778,0.8243115528676396,4,6,5
stratified_proportional_nested,15,158,0.008243591033314889,0.9508830463894927,0.8308675641104959,0.013278009259259262,0.8160142038717503,4,6,5
stratified_proportional_nested,15,159,0.0047438274399342764,0.9720279720279721,0.8787878787878787,0.03708572530864197,0.8322315978929163,4,6,5
stratified_proportional_nested,15,160,0.0037307462736616177,0.9422080999150758,0.8397191227596315,0.01113942901234568,0.9078991138117276,4,6,5
stratified_proportional_nested,15,161,0.00886045470549771,0.9667265263069179,0.8702543635872545,0.013154861111111112,0.9362030265495132,4,6,5
stratified_proportional_nested,15,162,0.0023848045872944053,0.9720279720279721,0.909090909090909,0.0215116512345679,0.8432148090240427,4,6,5
stratified_proportional_nested,15,163,0.008188429488791645,0.9580419580419581,0.8787878787878787,0.01884868827160494,0.8897330151108317,4,6,5
stratified_proportional_nested,15,164,0.006226254547893294,0.965034965034965,0.8787878787878787,0.0245292438271605,0.9170470968581005,4,6,5
stratified_proportional_nested,15,165,0.00400024981976091,0.9702291586486097,0.9007896044148774,0.015194675925925926,0.9300753884657841,4,6,5
stratified_proportional_nested,15,166,0.019851471253961066,0.9422080999150758,0.8397191227596315,0.024539120370370374,0.8235898596440836,4,6,5
stratified_proportional_nested,15,167,0.001864710024646649,0.9702291586486097,0.9007896044148774,0.030511959876543204,0.7342195490270997,4,6,5
stratified_proportional_nested,15,168,0.005364473618027259,0.9737317909903013,0.9007896044148774,0.010477083333333331,0.9187165133665093,4,6,5
stratified_proportional_nested,15,169,0.0019734570695639072,0.9211923058649254,0.7481134002767627,0.0166329475308642,0.9040228813068322,4,6,5
stratified_proportional_nested,15,170,0.00098338614757809,0.9788975131335582,0.9149761402251629,0.006478009259259257,0.8703507897475089,4,6,5
stratified_proportional_nested,15,171,0.0010971765337089005,0.9720279720279721,0.909090909090909,0.01193479938271605,0.8724907198025441,4,6,5
stratified_proportional_nested,15,172,0.0020185319316600447,0.965034965034965,0.8787878787878787,0.019548996913580252,0.6824095009236091,4,6,5
stratified_proportional_nested,15,173,0.011284725785087941,0.8826633501063164,0.7481134002767627,0.04385609567901236,0.8355550881109176,4,6,5
stratified_proportional_nested,15,174,0.007129643042771156,0.8931712471313915,0.7786486411043856,0.016024614197530863,0.7973490463868355,4,6,5
stratified_proportional_nested,15,175,0.004780391663732543,0.9737317909903013,0.9007896044148774,0.01343449074074074,0.7127328339245516,4,6,5
stratified_proportional_nested,15,176,0.0027605335077041733,0.9720279720279721,0.909090909090909,0.005915354938271604,0.8441332283837467,4,6,5
stratified_proportional_nested,15,177,0.009076687960028836,0.9492133645984593,0.8702543635872545,0.030912268518518523,0.890743169727375,4,6,5
stratified_proportional_nested,15,178,0.0024245208993511386,0.9667265263069179,0.9007896044148774,0.012654861111111112,0.9502704528977898,4,6,5
stratified_proportional_nested,15,179,0.005153283704709687,0.9090909090909092,0.7878787878787877,0.011321219135802472,0.7783919592211146,4,6,5
stratified_proportional_nested,15,180,0.01246581325553711,0.965034965034965,0.8787878787878787,0.018405169753086422,0.8623102011861753,4,6,5
stratified_proportional_nested,15,181,0.006710415304394478,0.9720279720279721,0.909090909090909,0.017308564814814815,0.7735173901359232,4,6,5
stratified_proportional_nested,15,182,0.0017030078969870752,0.9720279720279721,0.909090909090909,0.012317824074074071,0.86298937074602,4,6,5
stratified_proportional_nested,15,183,0.009891187566017803,0.9737317909903013,0.9007896044148774,0.01942091049382716,0.936775613878285,4,6,5
stratified_proportional_nested,15,184,0.02183791727444964,0.9300699300699302,0.8181818181818181,0.03478479938271605,0.8844924264450261,4,6,5
stratified_proportional_nested,15,185,0.006184962191707327,0.9877114437266564,0.9459922805717786,0.008766898148148149,0.8001129571510265,4,6,5
stratified_proportional_nested,15,186,0.005654465737806615,0.9667265263069179,0.8702543635872545,0.014392206790123456,0.8077824015695638,4,6,5
stratified_proportional_nested,15,187,0.003647846352463825,0.9684270140350553,0.8924133096001623,0.008051466049382717,0.8207424596104994,4,6,5
stratified_proportional_nested,15,188,0.001340517747262881,0.9720279720279721,0.8787878787878787,0.007043132716049381,0.8443758462919165,4,6,5
stratified_proportional_nested,15,189,0.00773768086783025,0.99124495269876,0.9618600860701234,0.01427121913580247,0.8411516391946764,4,6,5
stratified_proportional_nested,15,190,0.013007342018342466,0.9720279720279721,0.909090909090909,0.03101597222222222,0.8586475098877625,4,6,5
stratified_proportional_nested,15,191,0.002939887329611186,0.9492133645984593,0.8397191227596315,0.029204552469135805,0.8938985414293076,4,6,5
stratified_proportional_nested,15,192,0.006310730513220327,0.9860139860139862,0.9393939393939392,0.015847453703703704,0.8323810842454478,4,6,5
stratified_proportional_nested,15,193,0.003778973224016232,0.9860139860139862,0.9393939393939392,0.011652700617283948,0.9266587470869027,4,6,5
stratified_proportional_nested,15,194,0.011152653287057999,0.9842396880153765,0.9313248452425005,0.027037885802469134,0.8923594273339113,4,6,5
stratified_proportional_nested,15,195,0.010973929882802673,0.9492133645984593,0.8702543635872545,0.017474305555555555,0.8591448138924279,4,6,5
stratified_proportional_nested,15,196,0.002380076454906693,0.9860139860139862,0.9393939393939392,0.021304552469135804,0.9418015702810628,4,6,5
stratified_proportional_nested,15,197,0.0011813372902100808,0.9877423203570683,0.9618600860701234,0.009475848765432102,0.9276801830950419,4,6,5
stratified_proportional_nested,15,198,0.0022237328772865203,0.9440559440559443,0.8181818181818181,0.007730169753086419,0.8428638827978173,4,6,5
stratified_proportional_nested,15,199,0.007124914910383448,0.9597212616235344,0.9007896044148774,0.011748996913580246,0.9236338133072892,4,6,5
stratified_proportional_nested,20,0,0.001952003168854687,0.99124495269876,0.9618600860701234,0.008355066872427982,0.9136028892903232,5,9,6
stratified_proportional_nested,20,1,0.0036530669986419195,0.9300699300699302,0.7878787878787877,0.014037508573388202,0.8921769171362776,5,9,6
stratified_proportional_nested,20,2,0.0006903010411951124,0.9860139860139862,0.9393939393939392,0.0053980024005486965,0.8044079699528995,5,9,6
stratified_proportional_nested,20,3,0.006213882601478804,0.9790209790209792,0.909090909090909,0.010355204046639229,0.8532354782829383,5,9,6
stratified_proportional_nested,20,4,0.0035220386298475946,0.9806814690382103,0.9459922805717786,0.015196767832647465,0.7251706856899097,5,9,6
stratified_proportional_nested,20,5,0.002735336502188018,0.900176511814775,0.7786486411043856,0.01060527263374486,0.7606735861239967,5,9,6
stratified_proportional_nested,20,6,0.0040472159348121355,0.9860139860139862,0.9393939393939392,0.007718029835390943,0.8741870815130616,5,9,6
stratified_proportional_nested,20,7,0.0021961521050249014,0.9370629370629372,0.8181818181818181,0.011423379629629625,0.84871968052006,5,9,6
stratified_proportional_nested,20,8,0.0013963294099894382,0.9842396880153765,0.9313248452425005,0.004679072359396433,0.892590624064154,5,9,6
stratified_proportional_nested,20,9,0.003685159197223476,0.9982502173821435,0.9923953268977463,0.009121322016460908,0.7937398786879052,5,9,6
stratified_proportional_nested,20,10,0.002907499622755397,0.9842396880153765,0.9313248452425005,0.012445464677640595,0.8786399934002622,5,9,6
stratified_proportional_nested,20,11,0.0024805492681454675,0.9702291586486097,0.9007896044148774,0.008029552469135802,0.9235327354214758,5,9,6
stratified_proportional_nested,20,12,0.0034511166440319894,0.9160839160839163,0.8181818181818181,0.007368647119341561,0.9431604074747568,5,9,6
stratified_proportional_nested,20,13,0.002339237211407877,0.9982502173821435,0.9923953268977463,0.007748894032921808,0.9097716593712791,5,9,6
stratified_proportional_nested,20,14,0.00887398898445752,0.9790209790209792,0.909090909090909,0.025296905006858713,0.7599188530953306,5,9,6
stratified_proportional_nested,20,15,0.0022371095518334103,0.9930069930069931,0.9696969696969696,0.01797674039780521,0.9106801189103368,5,9,6
stratified_proportional_nested,20,16,0.0073509393390674485,0.9790209790209792,0.909090909090909,0.020164120370370374,0.8408781181125796,5,9,6
stratified_proportional_nested,20,17,0.005483208842613552,0.9842396880153765,0.9313248452425005,0.010234627914951989,0.9025029562366463,5,9,6
stratified_proportional_nested,20,18,0.003947038629847589,0.9510489510489512,0.8787878787878787,0.01125273491083676,0.9426881435014146,5,9,6
stratified_proportional_nested,20,19,0.003866542175946884,0.9860139860139862,0.9393939393939392,0.014784559327846362,0.9671613274575397,5,9,6
stratified_proportional_nested,20,20,0.002747747849705749,0.9737317909903013,0.9007896044148774,0.008193475651577504,0.9508338274840339,5,9,6
stratified_proportional_nested,20,21,0.0045564357929681575,0.9440559440559443,0.8484848484848484,0.015867412551440332,0.9256076343818641,5,9,6
stratified_proportional_nested,20,22,0.005161932246868873,0.965034965034965,0.8787878787878787,0.014317755486968451,0.8465650902962406,5,9,6
stratified_proportional_nested,20,23,0.0026186698355213523,0.9580419580419581,0.8787878787878787,0.010238057270233194,0.9235606192070195,5,9,6
stratified_proportional_nested,20,24,0.013214946431266035,0.9562186292818428,0.8702543635872545,0.03904765946502057,0.8709543466604085,5,9,6
stratified_proportional_nested,20,25,0.001764946431266032,0.9440559440559443,0.8787878787878787,0.012833942043895747,0.8365610456192818,5,9,6
stratified_proportional_nested,20,26,0.002973811679492982,0.9510489510489512,0.8484848484848484,0.010385108024691355,0.9038363755378603,5,9,6
stratified_proportional_nested,20,27,0.0032541308284291543,0.9772344233319931,0.9313248452425005,0.014856850137174214,0.8564334061304718,5,9,6
stratified_proportional_nested,20,28,0.003155017353251848,0.9211923058649254,0.8397191227596315,0.009653557956104246,0.9017324785438231,5,9,6
stratified_proportional_nested,20,29,0.0028457974950958204,0.9580419580419581,0.8787878787878787,0.012126808984910841,0.7711921703551204,5,9,6
stratified_proportional_nested,20,30,0.009698811679492983,0.9860139860139862,0.9393939393939392,0.031023379629629626,0.9054682413824727,5,9,6
stratified_proportional_nested,20,31,0.0060025350837483,0.9720279720279721,0.909090909090909,0.014481404320987655,0.8181232611714888,5,9,6
stratified_proportional_nested,20,32,0.004350762034102912,0.9580419580419581,0.8484848484848484,0.012505135459533606,0.7906787166928612,5,9,6
stratified_proportional_nested,20,33,0.0008239889844575236,0.965034965034965,0.8787878787878787,0.005109113511659809,0.9142376896954995,5,9,6
stratified_proportional_nested,20,34,0.004533031537649009,0.9422080999150758,0.8397191227596315,0.01236288580246913,0.8269878725733925,5,9,6
stratified_proportional_nested,20,35,0.003967783310698654,0.8811188811188813,0.7272727272727272,0.013763708847736625,0.7257298907111464,5,9,6
stratified_proportional_nested,20,36,0.0018124641617624862,0.9720279720279721,0.909090909090909,0.006899511316872427,0.8989385670695764,5,9,6
stratified_proportional_nested,20,37,0.0009674287007695788,0.9930069930069931,0.9696969696969696,0.025676740397805212,0.759833973802902,5,9,6
stratified_proportional_nested,20,38,0.0037202655802022044,0.9930069930069931,0.9696969696969696,0.008216383744855968,0.9460616525406059,5,9,6
stratified_proportional_nested,20,39,0.0012427833106986577,0.9667265263069179,0.9007896044148774,0.0072458762002743475,0.9303012793462959,5,9,6
stratified_proportional_nested,20,40,0.001960336502188021,0.99124495269876,0.9618600860701234,0.007472625171467765,0.94189115761094,5,9,6
stratified_proportional_nested,20,41,0.0020858684170816343,0.9720279720279721,0.909090909090909,0.01143545096021948,0.8499443996978252,5,9,6
stratified_proportional_nested,20,42,0.0027479251546702905,0.9930069930069931,0.9696969696969696,0.022268647119341557,0.8328773565624591,5,9,6
stratified_proportional_nested,20,43,0.002987641466727026,0.9580419580419581,0.8484848484848484,0.014398139574759945,0.9176512470061482,5,9,6
stratified_proportional_nested,20,44,0.0017080315376490143,0.9790209790209792,0.909090909090909,0.008160691015089165,0.8165238534733108,5,9,6
stratified_proportional_nested,20,45,0.0025023577787837625,0.9230769230769231,0.7878787878787877,0.020946424897119342,0.9270210038823575,5,9,6
stratified_proportional_nested,20,46,0.0035023577787837647,0.9860139860139862,0.9393939393939392,0.00933188443072702,0.9172723631091874,5,9,6
stratified_proportional_nested,20,47,0.0008278896936773786,0.9527159969401509,0.8702543635872545,0.0035888117283950616,0.9616142978152807,5,9,6
stratified_proportional_nested,20,48,0.012852889693677386,0.9754446010932804,0.9231861823449954,0.026218715706447192,0.843564321431462,5,9,6
stratified_proportional_nested,20,49,0.0031025350837482987,0.9860139860139862,0.9393939393939392,0.013625985939643348,0.888000642604149,5,9,6
stratified_proportional_nested,20,50,0.002282676927719933,0.99124495269876,0.9618600860701234,0.015344230109739364,0.8482119104813158,5,9,6
stratified_proportional_nested,20,51,0.003384981892258941,0.9790209790209792,0.9393939393939392,0.008030238340192042,0.9689788382103178,5,9,6
stratified_proportional_nested,20,52,0.0015417194809114229,0.9580419580419581,0.8787878787878787,0.010058907750342932,0.9450217844300622,5,9,6
stratified_proportional_nested,20,53,0.0028106911121170953,0.965034965034965,0.8787878787878787,0.005910348079561041,0.8469102279871675,5,9,6
stratified_proportional_nested,20,54,0.0017183152255922745,0.965034965034965,0.8787878787878787,0.014347522290809324,0.9266117546938766,5,9,6
stratified_proportional_nested,20,55,0.002286400331975249,0.9300699300699302,0.8181818181818181,0.008242172496570646,0.8876569897638896,5,9,6
stratified_proportional_nested,20,56,0.002100584729138372,0.9562186292818428,0.8702543635872545,0.015484284979423868,0.8771050401784878,5,9,6
stratified_proportional_nested,20,57,0.0018495208993511418,0.9789533946223928,0.9231861823449954,0.024381541495198902,0.86001586624658,5,9,6
stratified_proportional_nested,20,58,0.010477889693677378,0.9440559440559443,0.8787878787878787,0.014459456447187928,0.876623187044113,5,9,6
stratified_proportional_nested,20,59,0.0018541308284291532,0.9720279720279721,0.909090909090909,0.013021184842249657,0.9502311052796876,5,9,6
stratified_proportional_nested,20,60,0.009439237211407875,0.9580419580419581,0.8484848484848484,0.014029003772290808,0.858331639619954,5,9,6
stratified_proportional_nested,20,61,0.009346861324883052,0.9807370556736849,0.9313248452425005,0.02176425754458161,0.826381217403647,5,9,6
stratified_proportional_nested,20,62,0.001541719480911423,0.9930069930069931,0.9696969696969696,0.008155889917695473,0.9315908818631805,5,9,6
stratified_proportional_nested,20,63,0.002934095367436248,0.9772344233319931,0.9313248452425005,0.006503626543209874,0.9325617131497214,5,9,6
stratified_proportional_nested,20,64,0.00744597480006036,0.9160839160839163,0.8181818181818181,0.017922007887517147,0.7299159489099555,5,9,6
stratified_proportional_nested,20,65,0.01284065565112419,0.9580419580419581,0.8787878787878787,0.03084669924554183,0.915036101339358,5,9,6
stratified_proportional_nested,20,66,0.002350230119209294,0.9702291586486097,0.9007896044148774,0.008430101165980794,0.8525922113770168,5,9,6
stratified_proportional_nested,20,67,0.0013140599064433384,0.9702291586486097,0.9007896044148774,0.005370567558299039,0.9178253278868601,5,9,6
stratified_proportional_nested,20,68,0.0030257620341029123,0.9702291586486097,0.9007896044148774,0.007164531893004113,0.9224407193095144,5,9,6
stratified_proportional_nested,20,69,0.0039220386298475934,0.9737317909903013,0.9007896044148774,0.006995533264746227,0.8324262488114967,5,9,6
stratified_proportional_nested,20,70,0.003898457069563902,0.9930069930069931,0.9696969696969696,0.008398002400548693,0.9293276582780798,5,9,6
stratified_proportional_nested,20,71,0.005455194658216385,0.9720279720279721,0.909090909090909,0.010744230109739366,0.9501219495001312,5,9,6
stratified_proportional_nested,20,72,0.006817960615663193,0.9580419580419581,0.909090909090909,0.01772049897119341,0.8256542986020935,5,9,6
stratified_proportional_nested,20,73,0.0019915421759468814,0.9842396880153765,0.9313248452425005,0.020580718449931416,0.7814454792327773,5,9,6
stratified_proportional_nested,20,74,0.004550230119209294,0.9440559440559443,0.8484848484848484,0.009593064128943762,0.8618856626705736,5,9,6
stratified_proportional_nested,20,75,0.0017145918213369532,0.9580419580419581,0.8787878787878787,0.009934902263374486,0.9331961748661435,5,9,6
stratified_proportional_nested,20,76,0.002299698204315676,0.9860139860139862,0.9393939393939392,0.024165080589849106,0.8188854826926164,5,9,6
stratified_proportional_nested,20,77,0.003190301041195113,0.9720279720279721,0.909090909090909,0.01607509430727024,0.8954044285688024,5,9,6
stratified_proportional_nested,20,78,0.001810691112117098,0.965034965034965,0.8787878787878787,0.010268372770919066,0.8371228767433866,5,9,6
stratified_proportional_nested,20,79,0.003025762034102913,0.9702291586486097,0.9007896044148774,0.016848619684499317,0.9547831314964675,5,9,6
stratified_proportional_nested,20,80,0.004169201750414971,0.9580419580419581,0.8484848484848484,0.02828442215363512,0.8149481674194666,5,9,6
stratified_proportional_nested,20,81,0.008504308133393696,0.9141870411815418,0.8091838819320086,0.01987838648834019,0.8553573473020641,5,9,6
stratified_proportional_nested,20,82,0.0012087407575071662,0.9632238939652261,0.8702543635872545,0.006848482510288062,0.9049050440640157,5,9,6
stratified_proportional_nested,20,83,0.002330549268145465,0.9877423203570683,0.9618600860701234,0.005778386488340192,0.9606805699514142,5,9,6
stratified_proportional_nested,20,84,0.0016445563603440475,0.9790209790209792,0.909090909090909,0.015999099794238678,0.878152699583619,5,9,6
stratified_proportional_nested,20,85,0.009931081183039085,0.99124495269876,0.9618600860701234,0.02782502572016461,0.7300069780368545,5,9,6
stratified_proportional_nested,20,86,0.007073102459634827,0.9790209790209792,0.9393939393939392,0.03137866083676269,0.9499522792430689,5,9,6
stratified_proportional_nested,20,87,0.004016719480911423,0.9580419580419581,0.8787878787878787,0.010328180727023318,0.9479308400578607,5,9,6
stratified_proportional_nested,20,88,0.0008367549419043319,0.9632238939652261,0.8702543635872545,0.004314737654320988,0.860681968922829,5,9,6
stratified_proportional_nested,20,89,0.0021674287007695824,0.9930069930069931,0.9696969696969696,0.0052413494513031565,0.8721393446904792,5,9,6
stratified_proportional_nested,20,90,0.0022317904028972403,0.9737317909903013,0.9007896044148774,0.021927494855967077,0.8074965295728406,5,9,6
stratified_proportional_nested,20,91,0.0031587407575071644,0.9366429442213183,0.8219277191853159,0.021715972222222223,0.8927325668652638,5,9,6
stratified_proportional_nested,20,92,0.006578598913535537,0.9860139860139862,0.9393939393939392,0.026364120370370375,0.7977170395667081,5,9,6
stratified_proportional_nested,20,93,0.002708740757507167,0.9860139860139862,0.9393939393939392,0.010849854252400546,0.9005695464533449,5,9,6
stratified_proportional_nested,20,94,0.001307854232684473,0.9930069930069931,0.9696969696969696,0.006368784293552812,0.7780779389268103,5,9,6
stratified_proportional_nested,20,95,0.0013975705447412097,0.9860139860139862,0.9393939393939392,0.0047329818244170084,0.8829544009051186,5,9,6
stratified_proportional_nested,20,96,0.002500407424173834,0.965034965034965,0.8787878787878787,0.008780581275720161,0.8882169317040695,5,9,6
stratified_proportional_nested,20,97,0.0024124641617624862,0.9300699300699302,0.7878787878787877,0.01093613683127572,0.8125317664620906,5,9,6
stratified_proportional_nested,20,98,0.004732676927719932,0.9702291586486097,0.9007896044148774,0.01571473765432099,0.874911613566861,5,9,6
stratified_proportional_nested,20,99,0.021131258488003624,0.9492133645984593,0.8397191227596315,0.031032158779149513,0.888295468204998,5,9,6
stratified_proportional_nested,20,100,0.004908208842613551,0.9720279720279721,0.909090909090909,0.01595136316872428,0.9468237151143786,5,9,6
stratified_proportional_nested,20,101,0.001922570544741209,1.0,0.9999999999999998,0.006531472908093275,0.8828821392012393,5,9,6
stratified_proportional_nested,20,102,0.012598457069563905,0.9510489510489512,0.8484848484848484,0.01660897633744856,0.8204645433107259,5,9,6
stratified_proportional_nested,20,103,0.012018315225592269,0.9510489510489512,0.8181818181818181,0.02669443587105624,0.8463918244610603,5,9,6
stratified_proportional_nested,20,104,0.0018489889844575226,0.9720279720279721,0.909090909090909,0.008381953017832648,0.7801947906686051,5,9,6
stratified_proportional_nested,20,105,0.00230324430360646,0.9790209790209792,0.9393939393939392,0.007892515432098764,0.9251301224721137,5,9,6
stratified_proportional_nested,20,106,0.009661223027010715,0.9754446010932804,0.9231861823449954,0.020382776063100138,0.93450678304939,5,9,6
stratified_proportional_nested,20,107,0.0009170740908405014,0.9772344233319931,0.9007896044148774,0.011779072359396436,0.7089984340240338,5,9,6
stratified_proportional_nested,20,108,0.0020833861475780873,0.9790209790209792,0.9393939393939392,0.009432021604938272,0.9128866815981107,5,9,6
stratified_proportional_nested,20,109,0.003857676927719936,0.9790209790209792,0.9393939393939392,0.011027083333333335,0.9356798540144459,5,9,6
stratified_proportional_nested,20,110,0.004930371963180928,0.9842396880153765,0.9313248452425005,0.020755889917695478,0.8253396653687788,5,9,6
stratified_proportional_nested,20,111,0.0031271804738192232,0.9580419580419581,0.8787878787878787,0.010022282235939643,0.9235685444543584,5,9,6
stratified_proportional_nested,20,112,0.002216364870982347,0.9510489510489512,0.8787878787878787,0.01865822187928669,0.8572836419724935,5,9,6
stratified_proportional_nested,20,113,0.0006975705447412102,0.9859709816806179,0.9539590550898286,0.005175094307270231,0.9142714353791579,5,9,6
stratified_proportional_nested,20,114,0.012522393239776676,0.9665278806845445,0.9066928292470475,0.027751363168724275,0.9472202835710316,5,9,6
stratified_proportional_nested,20,115,0.0016369322468688691,0.9492133645984593,0.8397191227596315,0.01071432613168724,0.847649335433696,5,9,6
stratified_proportional_nested,20,116,0.0025686698355213504,0.9807370556736849,0.9313248452425005,0.029631472908093277,0.8301074712539229,5,9,6
stratified_proportional_nested,20,117,0.0026702655802022033,0.9230769230769231,0.8181818181818181,0.016028317901234566,0.9216758634498278,5,9,6
stratified_proportional_nested,20,118,0.001598279764599366,0.9020979020979022,0.7878787878787877,0.0118815414951989,0.8426380328756152,5,9,6
stratified_proportional_nested,20,119,0.001088350686585181,0.9930069930069931,0.9696969696969696,0.011692103909465021,0.7193935685983593,5,9,6
stratified_proportional_nested,20,120,0.0009165421759468853,0.9790209790209792,0.909090909090909,0.006350402949245541,0.8321175878411742,5,9,6
stratified_proportional_nested,20,121,0.0008475705447412099,0.99124495269876,0.9618600860701234,0.010854381001371744,0.8112834201147724,5,9,6
stratified_proportional_nested,20,122,0.0015615776369397917,0.9562186292818428,0.8702543635872545,0.008750814471879283,0.9314412756574427,5,9,6
stratified_proportional_nested,20,123,0.008529308133393693,0.965034965034965,0.8787878787878787,0.0154181670096022,0.9460038649291515,5,9,6
stratified_proportional_nested,20,124,0.006864059906443337,0.9543918399186052,0.8616404368553291,0.02677001886145405,0.9510770562995412,5,9,6
stratified_proportional_nested,20,125,0.003718137920627735,0.9930069930069931,0.9696969696969696,0.010869470164609055,0.9162223076182322,5,9,6
stratified_proportional_nested,20,126,0.0014718613248830535,0.9860139860139862,0.9393939393939392,0.015917892661179697,0.8698414821076025,5,9,6
stratified_proportional_nested,20,127,0.0025695563603440465,0.965034965034965,0.8787878787878787,0.015572076474622776,0.9575725128712076,5,9,6
stratified_proportional_nested,20,128,0.0018129960766561026,0.9860139860139862,0.9393939393939392,0.0048167952674897105,0.9349945985913894,5,9,6
stratified_proportional_nested,20,129,0.0026785989135355366,0.9860139860139862,0.9393939393939392,0.01729416152263374,0.9636735361954961,5,9,6
stratified_proportional_nested,20,130,0.0033844499773653222,0.965034965034965,0.8787878787878787,0.008810622427983536,0.8399338425823495,5,9,6
stratified_proportional_nested,20,131,0.004077889693677378,0.9667265263069179,0.9007896044148774,0.014002529149519891,0.8299753100546372,5,9,6
stratified_proportional_nested,20,132,0.005756258488003624,0.965034965034965,0.8787878787878787,0.01757728909465021,0.7920432972901635,5,9,6
stratified_proportional_nested,20,133,0.0023603365021880192,0.9246949382066171,0.8091838819320086,0.011008564814814813,0.8071347407891695,5,9,6
stratified_proportional_nested,20,134,0.0017465067149539765,0.9790209790209792,0.909090909090909,0.008304861111111115,0.9145892681339438,5,9,6
stratified_proportional_nested,20,135,0.01001937905537951,0.9422080999150758,0.8091838819320086,0.028519675925925924,0.7039360438988732,5,9,6
stratified_proportional_nested,20,136,0.0012764712539610672,0.9720279720279721,0.909090909090909,0.00798881172839506,0.7901536979866312,5,9,6
stratified_proportional_nested,20,137,0.007498811679492976,0.9790209790209792,0.9393939393939392,0.012002666323731136,0.949465398134644,5,9,6
stratified_proportional_nested,20,138,0.0021855138071525597,0.9930069930069931,0.9696969696969696,0.005560279492455421,0.932944894750147,5,9,6
stratified_proportional_nested,20,139,0.0033679606156631985,0.965034965034965,0.8787878787878787,0.009425711591220846,0.9169658237048156,5,9,6
stratified_proportional_nested,20,140,0.0035328542326844748,0.9860139860139862,0.9393939393939392,0.005028866598079561,0.9470009506341796,5,9,6
stratified_proportional_nested,20,141,0.0049594499773653235,0.9772344233319931,0.9313248452425005,0.0244693329903978,0.777329285145108,5,9,6
stratified_proportional_nested,20,142,0.0028653010411951118,0.8671328671328673,0.7272727272727272,0.010335588134430728,0.7789266057767655,5,9,6
stratified_proportional_nested,20,143,0.0013161875660178078,0.9580419580419581,0.8484848484848484,0.007942721193415637,0.8177461405667029,5,9,6
stratified_proportional_nested,20,144,0.004990832956088732,0.9930069930069931,0.9696969696969696,0.008189634773662547,0.9619491293521422,5,9,6
stratified_proportional_nested,20,145,0.006744910970273122,0.9106844088398501,0.8091838819320086,0.014348756858710563,0.861841716231066,5,9,6
stratified_proportional_nested,20,146,0.001442074090840504,0.9790209790209792,0.9393939393939392,0.0053003343621399164,0.9272799795404422,5,9,6
stratified_proportional_nested,20,147,0.002500407424173837,0.9440559440559443,0.8181818181818181,0.011180581275720162,0.8023023479460454,5,9,6
stratified_proportional_nested,20,148,0.0026621095518334086,0.8896686147896997,0.7481134002767627,0.011257261659807958,0.9026604966761624,5,9,6
stratified_proportional_nested,20,149,0.004759272672400785,0.9370629370629372,0.8484848484848484,0.02493929183813443,0.8052200613103686,5,9,6
stratified_proportional_nested,20,150,0.0043110457220461775,0.9789533946223928,0.9231861823449954,0.009190869341563788,0.8234368524389599,5,9,6
stratified_proportional_nested,20,151,0.004632499622755395,0.9492133645984593,0.8397191227596315,0.014217892661179695,0.7923780161291208,5,9,6
stratified_proportional_nested,20,152,0.0010894145163724159,0.9720279720279721,0.909090909090909,0.007117343964334703,0.8560653996714042,5,9,6
stratified_proportional_nested,20,153,0.013912818771691565,0.938705467573384,0.8397191227596315,0.019317069615912206,0.7799541718922596,5,9,6
stratified_proportional_nested,20,154,0.002539059906443337,0.9562186292818428,0.8702543635872545,0.004773311042524006,0.8706202082811343,5,9,6
stratified_proportional_nested,20,155,0.0014257620341029114,0.9737317909903013,0.9007896044148774,0.00768373628257887,0.758740704298071,5,9,6
stratified_proportional_nested,20,156,0.0028957974950958175,0.9230769230769231,0.7878787878787877,0.011437097050754455,0.7935231826999637,5,9,6
stratified_proportional_nested,20,157,0.0022582088426135517,0.9860139860139862,0.9393939393939392,0.011590457818930042,0.9123270273576742,5,9,6
stratified_proportional_nested,20,158,0.0014754074241738338,0.9790209790209792,0.909090909090909,0.006171390603566529,0.9197661178691177,5,9,6
stratified_proportional_nested,20,159,0.005603066998641922,0.9597212616235344,0.8702543635872545,0.01406521776406036,0.8825434364438243,5,9,6
stratified_proportional_nested,20,160,0.006237996076656102,0.9580419580419581,0.8484848484848484,0.021950951646090535,0.9217620723267692,5,9,6
stratified_proportional_nested,20,161,0.001961577636939792,0.9473742528603802,0.8616404368553291,0.012036959876543213,0.8924822309056042,5,9,6
stratified_proportional_nested,20,162,0.0014300173532518507,0.9860139860139862,0.9393939393939392,0.007434216392318242,0.9084825219461211,5,9,6
stratified_proportional_nested,20,163,0.0018695563603440483,0.9510489510489512,0.8787878787878787,0.007752872085048009,0.7701427174299069,5,9,6
stratified_proportional_nested,20,164,0.0012954428851667443,0.8791607177646247,0.7481134002767627,0.00616549211248285,0.8449384099898293,5,9,6
stratified_proportional_nested,20,165,0.003255726573110001,0.9510489510489512,0.8787878787878787,0.010782776063100137,0.7085914434006938,5,9,6
stratified_proportional_nested,20,166,0.005825762034102912,0.9457107322567676,0.8397191227596315,0.02916439471879286,0.7070681067029106,5,9,6
stratified_proportional_nested,20,167,0.0034108684170816358,0.965034965034965,0.8787878787878787,0.023922968106995877,0.9323866735278945,5,9,6
stratified_proportional_nested,20,168,0.0018968613248830544,0.9860139860139862,0.9393939393939392,0.009035862482853223,0.9538662249083693,5,9,6
stratified_proportional_nested,20,169,0.004854840048287308,0.9790209790209792,0.909090909090909,0.012722830932784637,0.9226334949178124,5,9,6
stratified_proportional_nested,20,170,0.0024051946582163896,0.9090909090909092,0.7575757575757575,0.004745053155006858,0.9281549883804209,5,9,6
stratified_proportional_nested,20,171,0.0028427833106986562,0.9860139860139862,0.9393939393939392,0.01820637002743484,0.9512515284361479,5,9,6
stratified_proportional_nested,20,172,0.002183740757507167,0.9160839160839163,0.7575757575757575,0.0071373713991769545,0.8066078606736934,5,9,6
stratified_proportional_nested,20,173,0.002214414516372413,0.9860139860139862,0.9393939393939392,0.02683243312757201,0.8376986164428755,5,9,6
stratified_proportional_nested,20,174,0.002377003168854686,0.9930069930069931,0.9696969696969696,0.020591966735253774,0.865548266986123,5,9,6
stratified_proportional_nested,20,175,0.004694733665308583,0.9440559440559443,0.8181818181818181,0.012233667695473252,0.9214484138868925,5,9,6
stratified_proportional_nested,20,176,0.0065872868567979454,0.9370629370629372,0.8484848484848484,0.016056438614540466,0.826409857430526,5,9,6
stratified_proportional_nested,20,177,0.006015655651124191,0.965034965034965,0.8787878787878787,0.016239840534979424,0.8691661883222329,5,9,6
stratified_proportional_nested,20,178,0.0018800173532518508,0.9281975705483089,0.8091838819320086,0.007592789780521262,0.801730220911031,5,9,6
stratified_proportional_nested,20,179,0.011596506714953977,0.9527159969401509,0.8397191227596315,0.025675643004115224,0.6597345744968526,5,9,6
stratified_proportional_nested,20,180,0.0020525350837483033,0.9579006334477178,0.8924133096001623,0.008011856995884772,0.8905943336251833,5,9,6
stratified_proportional_nested,20,181,0.0018874641617624892,0.9720279720279721,0.909090909090909,0.01721995027434842,0.909508487102863,5,9,6
stratified_proportional_nested,20,182,0.0012285989135355376,0.9720279720279721,0.909090909090909,0.00608099279835391,0.9136891447685175,5,9,6
stratified_proportional_nested,20,183,0.021105549268145455,0.9052687305110301,0.8000946913656627,0.04496947016460905,0.8835895502796306,5,9,6
stratified_proportional_nested,20,184,0.005259981892258942,0.9720279720279721,0.909090909090909,0.006985519547325098,0.9233565475889102,5,9,6
stratified_proportional_nested,20,185,0.001878421608570998,0.9790209790209792,0.9393939393939392,0.01025918209876543,0.9482186166215077,5,9,6
stratified_proportional_nested,20,186,0.0011601591972234824,0.9667265263069179,0.8702543635872545,0.00521830418381344,0.8184638577793651,5,9,6
stratified_proportional_nested,20,187,0.0014527123887128415,0.9440559440559443,0.8484848484848484,0.005257124485596708,0.8806232694150955,5,9,6
stratified_proportional_nested,20,188,0.004068669835521353,0.9720279720279721,0.909090909090909,0.010608016117969826,0.9302961911164834,5,9,6
stratified_proportional_nested,20,189,0.002559627282329864,0.9211923058649254,0.8091838819320086,0.009180581275720162,0.8817134252657185,5,9,6
stratified_proportional_nested,20,190,0.010859095367436242,0.9300699300699302,0.7878787878787877,0.019376191700960218,0.9340955552529114,5,9,6
stratified_proportional_nested,20,191,0.004261223027010716,0.9842396880153765,0.9313248452425005,0.021533530521262,0.8497238372199947,5,9,6
stratified_proportional_nested,20,192,0.0030530669986419245,0.9720279720279721,0.8787878787878787,0.017654792524005487,0.729704272814803,5,9,6
stratified_proportional_nested,20,193,0.001907499622755395,0.9632238939652261,0.9007896044148774,0.009239977709190673,0.9688925504374318,5,9,6
stratified_proportional_nested,20,194,0.002917251395805039,0.9719358075641679,0.9231861823449954,0.020109525034293554,0.8917538866340043,5,9,6
stratified_proportional_nested,20,195,0.0044138826014788,0.9807370556736849,0.9313248452425005,0.021771527777777775,0.9543805921044298,5,9,6
stratified_proportional_nested,20,196,0.0037089180624717034,0.9720279720279721,0.909090909090909,0.011695670438957475,0.907444347471659,5,9,6
stratified_proportional_nested,20,197,0.0027371095518334103,0.9440559440559443,0.8181818181818181,0.0054949845679012335,0.8644859828287909,5,9,6
stratified_proportional_nested,20,198,0.001163705296514261,0.9580419580419581,0.8787878787878787,0.006939977709190672,0.9016655767678491,5,9,6
stratified_proportional_nested,20,199,0.014505371963180925,0.9842396880153765,0.9313248452425005,0.04330691872427983,0.854332481196746,5,9,6
stratified_proportional_nested,25,0,0.0033386769277199357,0.9230769230769231,0.7878787878787877,0.006306535685134169,0.869186768420063,6,11,8
stratified_proportional_nested,25,1,0.0018071024596348292,0.9860139860139862,0.9393939393939392,0.009148707402305885,0.87349997892338,6,11,8
stratified_proportional_nested,25,2,0.0005566060057341195,0.9842396880153765,0.9313248452425005,0.006280747500255077,0.7652387555886145,6,11,8
stratified_proportional_nested,25,3,0.005818336502188023,0.9300699300699302,0.8181818181818181,0.011603144449545959,0.8573929267246364,6,11,8
stratified_proportional_nested,25,4,0.003668435792968161,0.9720279720279721,0.8787878787878787,0.006558907892051834,0.7993998253500019,6,11,8
stratified_proportional_nested,25,5,0.0013840669986419178,0.9790209790209792,0.9393939393939392,0.003498458065503519,0.8801909427970549,6,11,8
stratified_proportional_nested,25,6,0.0032076130979326978,0.99124495269876,0.9618600860701234,0.013310613712886438,0.936014685775251,6,11,8
stratified_proportional_nested,25,7,0.008169201750414964,0.9440559440559443,0.8181818181818181,0.01004729555657586,0.9303910336516857,6,11,8
stratified_proportional_nested,25,8,0.015471215934812136,0.9772344233319931,0.9313248452425005,0.018965591521273344,0.9097483725046916,6,11,8
stratified_proportional_nested,25,9,0.0032825067149539733,0.9246949382066171,0.8091838819320086,0.0075370383124170985,0.9260516943181947,6,11,8
stratified_proportional_nested,25,10,0.0010088045872944024,0.9720279720279721,0.909090909090909,0.004525999897969593,0.9633544138242299,6,11,8
stratified_proportional_nested,25,11,0.001573343594386602,0.9422080999150758,0.8091838819320086,0.0027921621518212426,0.9294097068753974,6,11,8
stratified_proportional_nested,25,12,0.0016405208993511406,0.9720279720279721,0.909090909090909,0.005746417457402305,0.9377098541969383,6,11,8
stratified_proportional_nested,25,13,0.0025711308284291534,0.9667265263069179,0.9007896044148774,0.008666247066625854,0.90289713223367,6,11,8
stratified_proportional_nested,25,14,0.0042966343745284435,0.9649182205059428,0.8924133096001623,0.016726763850627487,0.9348599952079372,6,11,8
stratified_proportional_nested,25,15,0.004233201750414973,0.9632238939652261,0.9007896044148774,0.010927693602693599,0.9097061701089281,6,11,8
stratified_proportional_nested,25,16,0.0027065067149539767,0.9702291586486097,0.9007896044148774,0.00516439457708397,0.9331566902450327,6,11,8
stratified_proportional_nested,25,17,0.003039215934812134,0.9842396880153765,0.9313248452425005,0.008861998775635142,0.8853856069193142,6,11,8
stratified_proportional_nested,25,18,0.000836662743322771,0.9930069930069931,0.9696969696969696,0.006259885470870319,0.8389744377435838,6,11,8
stratified_proportional_nested,25,19,0.003602506714953976,0.9859709816806179,0.9539590550898286,0.01372352438526681,0.9373115297436061,6,11,8
stratified_proportional_nested,25,20,0.0007916130979327002,0.9440559440559443,0.8181818181818181,0.0034354638557290065,0.9513853265607771,6,11,8
stratified_proportional_nested,25,21,0.002729428700769579,0.9580419580419581,0.8787878787878787,0.006284111315171917,0.9577197689542802,6,11,8
stratified_proportional_nested,25,22,0.00108006699864192,0.9790209790209792,0.909090909090909,0.014252676385062746,0.8718913616999252,6,11,8
stratified_proportional_nested,25,23,0.0017377691263014926,1.0,0.9999999999999998,0.00867592720130599,0.6520564447973746,6,11,8
stratified_proportional_nested,25,24,0.006325003168854684,0.9720279720279721,0.909090909090909,0.012026545122946639,0.8369993688361833,6,11,8
stratified_proportional_nested,25,25,0.0014958400482873082,0.9720279720279721,0.909090909090909,0.005467842567084991,0.9304044813576368,6,11,8
stratified_proportional_nested,25,26,0.0029208613248830526,0.9877423203570683,0.9618600860701234,0.005849751938577695,0.9469172338534092,6,11,8
stratified_proportional_nested,25,27,0.0016222513958050414,0.9510489510489512,0.8787878787878787,0.0046432200795837155,0.9044759692269287,6,11,8
stratified_proportional_nested,25,28,0.010782535083748301,0.9790209790209792,0.909090909090909,0.01356108241505969,0.831466991616753,6,11,8
stratified_proportional_nested,25,29,0.0002838116794929841,0.9720279720279721,0.909090909090909,0.007088238445056626,0.9379564702544602,6,11,8
stratified_proportional_nested,25,30,0.0010632726724007844,0.9370629370629372,0.8181818181818181,0.00420345627997143,0.8755205307749229,6,11,8
stratified_proportional_nested,25,31,0.00427564146672703,0.9492133645984593,0.8397191227596315,0.008403448627691048,0.9465774552030832,6,11,8
stratified_proportional_nested,25,32,0.0010047194809114227,0.9772344233319931,0.9313248452425005,0.027525457861442712,0.9339471471996238,6,11,8
stratified_proportional_nested,25,33,0.0009915563603440482,0.9860139860139862,0.9393939393939392,0.00830215156616672,0.888779377944779,6,11,8
stratified_proportional_nested,25,34,0.005519669835521348,0.9473742528603802,0.8308675641104959,0.008793399270482607,0.9595123307766494,6,11,8
stratified_proportional_nested,25,35,0.0007145634525426276,0.9930069930069931,0.9696969696969696,0.003374089378634834,0.9309086424763807,6,11,8
stratified_proportional_nested,25,36,0.0006420528142447559,0.9930069930069931,0.9696969696969696,0.0016051340424446485,0.9599539376585419,6,11,8
stratified_proportional_nested,25,37,0.002739301041195111,0.9632238939652261,0.8702543635872545,0.0062325891490664235,0.8633423637653191,6,11,8
stratified_proportional_nested,25,38,0.005259698204315678,0.9543918399186052,0.8616404368553291,0.0087913427201306,0.8420362826041637,6,11,8
stratified_proportional_nested,25,39,0.0061254003319752524,0.9580419580419581,0.8484848484848484,0.016436286475869814,0.8868737786696936,6,11,8
stratified_proportional_nested,25,40,0.00661470529651426,0.9492133645984593,0.8702543635872545,0.021815731175390273,0.8203041963889576,6,11,8
stratified_proportional_nested,25,41,0.001717230119209296,0.9930069930069931,0.9696969696969696,0.013366908988878684,0.9085564651835639,6,11,8
stratified_proportional_nested,25,42,0.0017420811830390819,0.9860139860139862,0.9393939393939392,0.004566914090398939,0.938598305466405,6,11,8
stratified_proportional_nested,25,43,0.0009075847291383759,0.9510489510489512,0.8484848484848484,0.004303254769921436,0.8896513631839232,6,11,8
stratified_proportional_nested,25,44,0.0011491733816206412,0.9720279720279721,0.909090909090909,0.006631674701561068,0.8945433636275352,6,11,8
stratified_proportional_nested,25,45,0.0013207478497057493,0.9300699300699302,0.8181818181818181,0.004770780405060708,0.914955998195328,6,11,8
stratified_proportional_nested,25,46,0.0026352443036064574,0.9790209790209792,0.909090909090909,0.009215419344964797,0.8420479501499676,6,11,8
stratified_proportional_nested,25,47,0.0018721237362305737,0.9720279720279721,0.909090909090909,0.0035047233700642774,0.9189693905025522,6,11,8
stratified_proportional_nested,25,48,0.003085627282329863,0.9440559440559443,0.8484848484848484,0.007082100678502192,0.8575342575727728,6,11,8
stratified_proportional_nested,25,49,0.0021847478497057497,0.9790209790209792,0.909090909090909,0.007131454698500153,0.8212950477073367,6,11,8
stratified_proportional_nested,25,50,0.0017586485589256098,0.9510489510489512,0.8787878787878787,0.014079336292215083,0.8172808078808682,6,11,8
stratified_proportional_nested,25,51,0.00415093224686887,0.99124495269876,0.9618600860701234,0.009488739669421488,0.833881928382636,6,11,8
stratified_proportional_nested,25,52,0.0009199535234646136,0.9860139860139862,0.9393939393939392,0.003620843536373838,0.9416780048345154,6,11,8
stratified_proportional_nested,25,53,0.0008476698355213513,0.9930069930069931,0.9696969696969696,0.005918019844913784,0.9587802267071321,6,11,8
stratified_proportional_nested,25,54,0.003664577636939793,0.9720279720279721,0.909090909090909,0.007799613559840831,0.8909081569884961,6,11,8
stratified_proportional_nested,25,55,0.0016265634525426296,0.9930069930069931,0.9696969696969696,0.004079326726864607,0.9502338209780569,6,11,8
stratified_proportional_nested,25,56,0.0022151591972234793,0.965034965034965,0.8787878787878787,0.008891951076420773,0.8347487225974097,6,11,8
stratified_proportional_nested,25,57,0.0006335421759468843,0.9632238939652261,0.8702543635872545,0.015224034537292116,0.8976752358850874,6,11,8
stratified_proportional_nested,25,58,0.0008658258638901466,0.9543918399186052,0.8616404368553291,0.006624433731251913,0.8716757513875363,6,11,8
stratified_proportional_nested,25,59,0.002562506714953974,0.9860139860139862,0.9393939393939392,0.010028550658096111,0.950919145938668,6,11,8
stratified_proportional_nested,25,60,0.004777769126301493,0.9667265263069179,0.8702543635872545,0.010874688807264566,0.8237990490845565,6,11,8
stratified_proportional_nested,25,61,0.00455603862984759,0.8811188811188813,0.7272727272727272,0.009229818385878991,0.9172308297783687,6,11,8
stratified_proportional_nested,25,62,0.0014587336653085886,0.965034965034965,0.8787878787878787,0.006765098586878887,0.929752797132141,6,11,8
stratified_proportional_nested,25,63,0.0005040669986419192,0.9667265263069179,0.9007896044148774,0.010591844582185492,0.9549307503872434,6,11,8
stratified_proportional_nested,25,64,0.0016259960766561068,0.9510489510489512,0.8484848484848484,0.00956552073767983,0.9180254687243529,6,11,8
stratified_proportional_nested,25,65,0.002592464161762488,0.9930069930069931,0.9696969696969696,0.006978702428323641,0.8957112105828425,6,11,8
stratified_proportional_nested,25,66,0.0027733435943865983,0.9580419580419581,0.8484848484848484,0.009192924829099074,0.8813702822977963,6,11,8
stratified_proportional_nested,25,67,0.001635527991549721,0.9720279720279721,0.909090909090909,0.0063648556269768385,0.9471743775891849,6,11,8
stratified_proportional_nested,25,68,0.004913712388712841,0.9211923058649254,0.7786486411043856,0.010546705693296602,0.9382437525085175,6,11,8
stratified_proportional_nested,25,69,0.0010067620341029124,0.9982502173821435,0.9923953268977463,0.007304791602897665,0.9035336275516009,6,11,8
stratified_proportional_nested,25,70,0.0030897123887128415,0.9720279720279721,0.909090909090909,0.007909519436792165,0.9321738655815222,6,11,8
stratified_proportional_nested,25,71,0.0007914996227553933,0.9790209790209792,0.9393939393939392,0.00349952300785634,0.9736676051133589,6,11,8
stratified_proportional_nested,25,72,0.0018055138071525548,0.9720279720279721,0.909090909090909,0.013822449239873481,0.8751094496758237,6,11,8
stratified_proportional_nested,25,73,0.003781684019918513,0.9860139860139862,0.9393939393939392,0.009201163784307726,0.946623365627981,6,11,8
stratified_proportional_nested,25,74,0.0031683506865851827,0.9860139860139862,0.9393939393939392,0.0065154652586470775,0.9124616803487452,6,11,8
stratified_proportional_nested,25,75,0.0019289748000603593,0.9860139860139862,0.9393939393939392,0.00447319597490052,0.932517114003062,6,11,8
stratified_proportional_nested,25,76,0.0008560669986419205,0.9720279720279721,0.909090909090909,0.005309389348025711,0.9344402558061878,6,11,8
stratified_proportional_nested,25,77,0.0050328613248830515,0.9580419580419581,0.8787878787878787,0.013791227935924903,0.9635481589048468,6,11,8
stratified_proportional_nested,25,78,0.001965059906443338,0.9807370556736849,0.9313248452425005,0.00878739860728497,0.9024750419299341,6,11,8
stratified_proportional_nested,25,79,0.0037864499773653235,0.9772344233319931,0.9313248452425005,0.009754599020508112,0.948867026057885,6,11,8
stratified_proportional_nested,25,80,0.0009664783461596499,0.9720279720279721,0.909090909090909,0.006636135343332313,0.879424885464804,6,11,8
stratified_proportional_nested,25,81,0.0011985350837483044,0.9860139860139862,0.9393939393939392,0.010660782063054793,0.7889847334227432,6,11,8
stratified_proportional_nested,25,82,0.0018943648709823441,0.9684270140350553,0.8924133096001623,0.009087629451076424,0.8088991039197421,6,11,8
stratified_proportional_nested,25,83,0.00822662019013128,0.9632238939652261,0.8702543635872545,0.013834938399142946,0.9513132383696606,6,11,8
stratified_proportional_nested,25,84,0.002053457069563908,0.9580419580419581,0.8787878787878787,0.005728734312825221,0.9201233520306388,6,11,8
stratified_proportional_nested,25,85,0.0019374854383582335,0.9930069930069931,0.9696969696969696,0.011923682532394654,0.919255747391171,6,11,8
stratified_proportional_nested,25,86,0.001334932246868872,0.9790209790209792,0.909090909090909,0.004054597107438016,0.8411952322029999,6,11,8
stratified_proportional_nested,25,87,0.0012145350837483027,0.9720279720279721,0.909090909090909,0.007943961075400472,0.8554299087124,6,11,8
stratified_proportional_nested,25,88,0.0033241521050248976,0.9824621881515054,0.9231861823449954,0.01099999808692991,0.8703851258414933,6,11,8
stratified_proportional_nested,25,89,0.004268379055379509,0.9720279720279721,0.909090909090909,0.017016080629527603,0.8627880552650039,6,11,8
stratified_proportional_nested,25,90,0.0029105350837483035,0.9632238939652261,0.8702543635872545,0.009257682251811035,0.8314510601101318,6,11,8
stratified_proportional_nested,25,91,0.005426620190131281,0.9860139860139862,0.9393939393939392,0.014521838970513215,0.897650990439217,6,11,8
stratified_proportional_nested,25,92,0.002004776218500077,0.9824621881515054,0.9231861823449954,0.005175091827364556,0.8455701201677481,6,11,8
stratified_proportional_nested,25,93,0.00334321593481213,0.9720279720279721,0.909090909090909,0.01328120344862769,0.9469261548066132,6,11,8
stratified_proportional_nested,25,94,0.001327329409989437,0.9772344233319931,0.9007896044148774,0.008312944469952047,0.9519134158109251,6,11,8
stratified_proportional_nested,25,95,0.0005028187716915659,0.9930069930069931,0.9696969696969696,0.004575124349556166,0.9741735134721847,6,11,8
stratified_proportional_nested,25,96,0.001290563452542628,0.9562186292818428,0.8702543635872545,0.005524836113661872,0.8465483547991903,6,11,8
stratified_proportional_nested,25,97,0.0010024499773653233,0.9860139860139862,0.9393939393939392,0.0074588893990409156,0.9436293996200966,6,11,8
stratified_proportional_nested,25,98,0.0015234145163724162,0.965034965034965,0.8787878787878787,0.0040820305325987155,0.8722661888370394,6,11,8
stratified_proportional_nested,25,99,0.0015480386298475943,0.9090909090909092,0.7575757575757575,0.004973307570656056,0.9022072869192316,6,11,8
stratified_proportional_nested,25,100,0.0064148755092802165,0.9160839160839163,0.7878787878787877,0.010653531527395163,0.8998272454914787,6,11,8
stratified_proportional_nested,25,101,0.0019408896936773832,0.9860139860139862,0.9393939393939392,0.006660772497704313,0.8944728291966668,6,11,8
stratified_proportional_nested,25,102,0.0012012584880036208,0.9720279720279721,0.909090909090909,0.004169518416488114,0.8133069508675396,6,11,8
stratified_proportional_nested,25,103,0.0009976840199185154,0.9580419580419581,0.8787878787878787,0.005163450795837159,0.8245245888576598,6,11,8
stratified_proportional_nested,25,104,0.001171187566017805,0.99124495269876,0.9618600860701234,0.007733456407509438,0.8664567211532438,6,11,8
stratified_proportional_nested,25,105,0.0010002939489965324,0.9737317909903013,0.9007896044148774,0.00501960705540251,0.9544406948011911,6,11,8
stratified_proportional_nested,25,106,0.0007629038780745436,0.9807370556736849,0.9313248452425005,0.0139748125191307,0.9087662890114846,6,11,8
stratified_proportional_nested,25,107,0.0017917833106986562,0.9790209790209792,0.9393939393939392,0.004742620013263952,0.9266256343151215,6,11,8
stratified_proportional_nested,25,108,0.005080861324883055,0.9510489510489512,0.8484848484848484,0.008054657687991023,0.7854573209227628,6,11,8
stratified_proportional_nested,25,109,0.0015955847291383735,0.9580419580419581,0.8484848484848484,0.005716098484848486,0.7455873038507633,6,11,8
stratified_proportional_nested,25,110,0.010888293948996526,0.9720279720279721,0.909090909090909,0.023312880700948894,0.843119055361294,6,11,8
stratified_proportional_nested,25,111,0.00114406699864192,0.9667265263069179,0.9007896044148774,0.005615046933986327,0.8906215276161271,6,11,8
stratified_proportional_nested,25,112,0.004761996076656103,0.9790209790209792,0.9393939393939392,0.02056548566472809,0.8437188576023837,6,11,8
stratified_proportional_nested,25,113,0.0010519251546702876,0.9720279720279721,0.909090909090909,0.0045355397408427724,0.8455005550165472,6,11,8
stratified_proportional_nested,25,114,0.004984974800060359,0.9790209790209792,0.909090909090909,0.00816588358330783,0.8961744106633995,6,11,8
stratified_proportional_nested,25,115,0.0019782230270107147,0.9790209790209792,0.909090909090909,0.011493060019385777,0.7718810399673092,6,11,8
stratified_proportional_nested,25,116,0.005475981892258938,0.9702291586486097,0.9007896044148774,0.00947906591164167,0.9161045132778423,6,11,8
stratified_proportional_nested,25,117,0.0024737691263014947,0.99124495269876,0.9618600860701234,0.009567032063054792,0.9402157170494688,6,11,8
stratified_proportional_nested,25,118,0.004905315225592282,0.9720279720279721,0.909090909090909,0.0074420926436077955,0.911042405821706,6,11,8
stratified_proportional_nested,25,119,0.0009138258638901469,0.9860139860139862,0.9393939393939392,0.012268640955004592,0.7933593274731123,6,11,8
stratified_proportional_nested,25,120,0.00045425139580503986,0.9790209790209792,0.909090909090909,0.004613848076726866,0.8964674442763833,6,11,8
stratified_proportional_nested,25,121,0.0008373435943865984,0.9930069930069931,0.9696969696969696,0.008959316651362105,0.9244884220786834,6,11,8
stratified_proportional_nested,25,122,0.0016300811830390848,0.938705467573384,0.8397191227596315,0.01054411986021835,0.9343993611217815,6,11,8
stratified_proportional_nested,25,123,0.005015840048287308,0.9790209790209792,0.9393939393939392,0.009238414447505358,0.9152202880888428,6,11,8
stratified_proportional_nested,25,124,0.0013806627433227698,0.9667265263069179,0.8702543635872545,0.005557020329558209,0.8621576695251255,6,11,8
stratified_proportional_nested,25,125,0.0029563790553795107,0.9772344233319931,0.9313248452425005,0.009320494719926535,0.9462735278356101,6,11,8
stratified_proportional_nested,25,126,0.00468165565112419,0.9300699300699302,0.7878787878787877,0.013841363126211618,0.8235239413639809,6,11,8
stratified_proportional_nested,25,127,0.0018543081333936954,0.99124495269876,0.9618600860701234,0.007019068207325785,0.8750879006784785,6,11,8
stratified_proportional_nested,25,128,0.0014113010411951107,0.9860139860139862,0.9393939393939392,0.004529124579124581,0.8141714370559576,6,11,8
stratified_proportional_nested,25,129,0.002537655651124191,0.9790209790209792,0.9393939393939392,0.017401449469441894,0.8983890965052788,6,11,8
stratified_proportional_nested,25,130,0.001097088275237664,0.9790209790209792,0.909090909090909,0.014310183272115092,0.8939195625185521,6,11,8
stratified_proportional_nested,25,131,0.0015665350837483028,0.9860139860139862,0.9393939393939392,0.0038795384399551076,0.8520855829173964,6,11,8
stratified_proportional_nested,25,132,0.006589854232684469,0.965034965034965,0.8787878787878787,0.009394093714927053,0.9382580035093545,6,11,8
stratified_proportional_nested,25,133,0.0029731733816206435,0.9440559440559443,0.8181818181818181,0.005460761019283747,0.8683676400906674,6,11,8
stratified_proportional_nested,25,134,0.001664577636939791,0.9860139860139862,0.9393939393939392,0.004040587057443117,0.9168760889959718,6,11,8
stratified_proportional_nested,25,135,0.005190591821336953,0.9492133645984593,0.8397191227596315,0.00693401311090705,0.9271806253248954,6,11,8
stratified_proportional_nested,25,136,0.0016029606156631989,0.9930069930069931,0.9696969696969696,0.006476910519334759,0.8567921883622184,6,11,8
stratified_proportional_nested,25,137,0.00395393933906745,0.9580419580419581,0.8484848484848484,0.02227241607999184,0.8649988238362737,6,11,8
stratified_proportional_nested,25,138,0.0005904216085709989,0.9790209790209792,0.909090909090909,0.007021274614835221,0.9448110484478686,6,11,8
stratified_proportional_nested,25,139,0.0010750740908405012,0.9860139860139862,0.9393939393939392,0.004294174063871034,0.9223333223005551,6,11,8
stratified_proportional_nested,25,140,0.0009799818922589384,0.9720279720279721,0.909090909090909,0.008157724339353129,0.9782933420263888,6,11,8
stratified_proportional_nested,25,141,0.006314449977365325,0.9440559440559443,0.8181818181818181,0.012600628762371184,0.8370161386141198,6,11,8
stratified_proportional_nested,25,142,0.004080577636939794,0.9737317909903013,0.9007896044148774,0.00933995383124171,0.8596777185377448,6,11,8
stratified_proportional_nested,25,143,0.0016004641617624873,0.9580419580419581,0.8787878787878787,0.003136275635139272,0.9177283473122203,6,11,8
stratified_proportional_nested,25,144,0.0030888045872944025,0.965034965034965,0.8787878787878787,0.0048805364248546085,0.89728161044414,6,11,8
stratified_proportional_nested,25,145,0.0032483506865851794,0.965034965034965,0.8787878787878787,0.00680414434751556,0.8887205963983688,6,11,8
stratified_proportional_nested,25,146,0.009221003168854687,0.9860139860139862,0.9393939393939392,0.014826533644526074,0.9043593230635013,6,11,8
stratified_proportional_nested,25,147,0.007517740757507166,0.9510489510489512,0.8484848484848484,0.009023723344556677,0.8589145264090842,6,11,8
stratified_proportional_nested,25,148,0.0016606060057341174,0.9230769230769231,0.7878787878787877,0.00573261465666769,0.8552578011930078,6,11,8
stratified_proportional_nested,25,149,0.001154279764599366,0.9790209790209792,0.9393939393939392,0.008661062646668709,0.9258329545796541,6,11,8
stratified_proportional_nested,25,150,0.003580492530556812,0.9930069930069931,0.9696969696969696,0.005534863789409246,0.8895556189849784,6,11,8
stratified_proportional_nested,25,151,0.0026665634525426273,0.9877423203570683,0.9618600860701234,0.008720090424446486,0.8199613133111786,6,11,8
stratified_proportional_nested,25,152,0.006425088275237665,0.99124495269876,0.9618600860701234,0.009812574609733697,0.934202401689245,6,11,8
stratified_proportional_nested,25,153,0.006342705296514262,0.9788975131335582,0.9149761402251629,0.026829355422916035,0.8676833525110926,6,11,8
stratified_proportional_nested,25,154,0.0038901662894220614,0.99124495269876,0.9618600860701234,0.008482244796449344,0.9325132177252226,6,11,8
stratified_proportional_nested,25,155,0.0020422230270107176,0.9510489510489512,0.8484848484848484,0.00761512664524028,0.8107545578760322,6,11,8
stratified_proportional_nested,25,156,0.0019464499773653244,1.0,0.9999999999999998,0.004897677532904805,0.9865562105324858,6,11,8
stratified_proportional_nested,25,157,0.0010982230270107122,0.9860139860139862,0.9393939393939392,0.008365885496377921,0.939272218663458,6,11,8
stratified_proportional_nested,25,158,0.007751953523464611,0.9860139860139862,0.9393939393939392,0.012382471814100604,0.9329321784236023,6,11,8
stratified_proportional_nested,25,159,0.0025147336653085876,0.9860139860139862,0.9393939393939392,0.004309494566880929,0.879886581198693,6,11,8
stratified_proportional_nested,25,160,0.005345145012826315,1.0,0.9999999999999998,0.009575688705234162,0.8991360191905056,6,11,8
stratified_proportional_nested,25,161,0.002410449977365325,0.9580419580419581,0.8787878787878787,0.008254225971839608,0.8677868348136261,6,11,8
stratified_proportional_nested,25,162,0.0030636130979326977,0.9580419580419581,0.8484848484848484,0.004740375344352617,0.9115628437762905,6,11,8
stratified_proportional_nested,25,163,0.0010459109702731248,0.9580419580419581,0.8787878787878787,0.007152779053157842,0.7578806745441669,6,11,8
stratified_proportional_nested,25,164,0.0015108187716915652,0.9860139860139862,0.9393939393939392,0.006636616799306191,0.8977952323940775,6,11,8
stratified_proportional_nested,25,165,0.001944747849705746,0.9510489510489512,0.8787878787878787,0.015846745230078566,0.7651848548031611,6,11,8
stratified_proportional_nested,25,166,0.006681996076656104,0.9860139860139862,0.9393939393939392,0.010635701714110804,0.9382182560454223,6,11,8
stratified_proportional_nested,25,167,0.006617201750414966,0.99124495269876,0.9618600860701234,0.007811331114172026,0.9547066115418875,6,11,8
stratified_proportional_nested,25,168,0.0008570882752376645,0.9720279720279721,0.8787878787878787,0.004709230563207835,0.819856506229578,6,11,8
stratified_proportional_nested,25,169,0.0014186769277199356,0.9790209790209792,0.909090909090909,0.004703720921334556,0.8316662639455424,6,11,8
stratified_proportional_nested,25,170,0.0016777407575071662,0.9300699300699302,0.8181818181818181,0.006157520278543005,0.807762710900886,6,11,8
stratified_proportional_nested,25,171,0.0006791591972234802,0.99124495269876,0.9618600860701234,0.0037510885368839887,0.9099916510836037,6,11,8
stratified_proportional_nested,25,172,0.0015995563603440459,0.9860139860139862,0.9393939393939392,0.004538715437200288,0.9060895704813493,6,11,8
stratified_proportional_nested,25,173,0.0009728329560887302,0.9440559440559443,0.8484848484848484,0.004285664090398937,0.8455010613191721,6,11,8
stratified_proportional_nested,25,174,0.0010799535234646137,0.9580419580419581,0.8787878787878787,0.009065520737679831,0.9425399669531568,6,11,8
stratified_proportional_nested,25,175,0.00272693224686887,0.9720279720279721,0.909090909090909,0.005294942480359149,0.8669253408443861,6,11,8
stratified_proportional_nested,25,176,0.003634279764599367,0.9877423203570683,0.9618600860701234,0.010663906744209776,0.945081265177619,6,11,8
stratified_proportional_nested,25,177,0.001103783310698657,0.9790209790209792,0.9393939393939392,0.005099618023671055,0.927198484285678,6,11,8
stratified_proportional_nested,25,178,0.0013402655802022022,0.9702291586486097,0.9007896044148774,0.004824961738598102,0.9693164758295462,6,11,8
stratified_proportional_nested,25,179,0.002051754941904328,0.9720279720279721,0.909090909090909,0.01143848969492909,0.948894639946048,6,11,8
stratified_proportional_nested,25,180,0.0021904216085709967,0.9720279720279721,0.909090909090909,0.008550248061422301,0.953027569170071,6,11,8
stratified_proportional_nested,25,181,0.001740265580202207,0.9720279720279721,0.909090909090909,0.005664136312621159,0.8775538786007492,6,11,8
stratified_proportional_nested,25,182,0.005693854232684468,0.9720279720279721,0.8787878787878787,0.013192666564636267,0.776241534371298,6,11,8
stratified_proportional_nested,25,183,0.0019097974950958206,0.9790209790209792,0.909090909090909,0.004944825145393327,0.9430541396565503,6,11,8
stratified_proportional_nested,25,184,0.0017113294099894369,0.9807370556736849,0.9313248452425005,0.005897964493419037,0.8303334119985215,6,11,8
stratified_proportional_nested,25,185,0.002205513807152556,0.9720279720279721,0.909090909090909,0.015545529155188245,0.9469890084238449,6,11,8
stratified_proportional_nested,25,186,0.0009866769277199333,0.9930069930069931,0.9696969696969696,0.005670363355780022,0.9273216777161885,6,11,8
stratified_proportional_nested,25,187,0.0011546201901312821,0.9790209790209792,0.909090909090909,0.011540335169880627,0.860595083521407,6,11,8
stratified_proportional_nested,25,188,0.0008983932397766702,0.965034965034965,0.8787878787878787,0.0073014341648811355,0.9483285938761631,6,11,8
stratified_proportional_nested,25,189,0.0031709606156631927,0.9720279720279721,0.909090909090909,0.011787784409754108,0.9127975934932783,6,11,8
stratified_proportional_nested,25,190,0.0021745350837483065,0.9702291586486097,0.9007896044148774,0.004522428833792468,0.8979746230544539,6,11,8
stratified_proportional_nested,25,191,0.000931414516372415,0.9457107322567676,0.8702543635872545,0.006503540455055604,0.9678402603779764,6,11,8
stratified_proportional_nested,25,192,0.0009137123887128406,0.99124495269876,0.9618600860701234,0.004890535404550554,0.9434278490248063,6,11,8
stratified_proportional_nested,25,193,0.001007102459634829,0.9930069930069931,0.9696969696969696,0.007399144219977553,0.9357597926504244,6,11,8
stratified_proportional_nested,25,194,0.003382251395805041,0.9930069930069931,0.9696969696969696,0.010474943245587188,0.8849053137637132,6,11,8
stratified_proportional_nested,25,195,0.002021910970273125,0.965034965034965,0.8787878787878787,0.008404669804101624,0.903217112396895,6,11,8
stratified_proportional_nested,25,196,0.0007934287007695797,0.9720279720279721,0.8787878787878787,0.0025133768237934908,0.8711764098733156,6,11,8
stratified_proportional_nested,25,197,0.001785428700769581,0.9720279720279721,0.8787878787878787,0.005941907713498621,0.873893029178634,6,11,8
stratified_proportional_nested,25,198,0.0010287762185000767,0.9982502173821435,0.9923953268977463,0.004246895724926027,0.8552074367269608,6,11,8
stratified_proportional_nested,25,199,0.0016818258638901472,0.9211923058649254,0.8091838819320086,0.01053807137026834,0.8880551723043565,6,11,8
stratified_proportional_nested,30,0,0.0008247573059705238,0.9930069930069931,0.9696969696969696,0.005138124994926991,0.9133295761749068,8,13,9
stratified_proportional_nested,30,1,0.005189847928507953,0.9720279720279721,0.909090909090909,0.016542331839838966,0.8722826426074746,8,13,9
stratified_proportional_nested,30,2,0.003140596549469342,0.9562186292818428,0.8702543635872545,0.005774632612559963,0.959596038895984,8,13,9
stratified_proportional_nested,30,3,0.0013211324044732848,0.9720279720279721,0.909090909090909,0.004172354627803345,0.8528391949269625,8,13,9
stratified_proportional_nested,30,4,0.004086774642455948,0.9737317909903013,0.9007896044148774,0.0072533267282733115,0.9401150363838023,8,13,9
stratified_proportional_nested,30,5,0.0011923695991147315,0.9930069930069931,0.9696969696969696,0.016957729746511798,0.9124048992132859,8,13,9
stratified_proportional_nested,30,6,0.01204311822007612,0.8671328671328673,0.7575757575757575,0.015037103848588891,0.8957831266050689,8,13,9
stratified_proportional_nested,30,7,0.002279918850493765,0.9930069930069931,0.9696969696969696,0.004559381468088731,0.9443934009112874,8,13,9
stratified_proportional_nested,30,8,0.00907085659675066,0.965034965034965,0.8787878787878787,0.010716063434955883,0.9553254485205102,8,13,9
stratified_proportional_nested,30,9,0.0010475311436379795,0.9789533946223928,0.9231861823449954,0.009375571068822494,0.9454797083301049,8,13,9
stratified_proportional_nested,30,10,0.005046191506128129,0.9842396880153765,0.9313248452425005,0.010118374749393269,0.9268099408296129,8,13,9
stratified_proportional_nested,30,11,0.004198752577838139,0.99124495269876,0.9618600860701234,0.02395399702518648,0.907163207212582,8,13,9
stratified_proportional_nested,30,12,0.0009662860687758828,0.9790209790209792,0.9393939393939392,0.007270747700911517,0.9374004478030932,8,13,9
stratified_proportional_nested,30,13,0.000891896785875963,0.9790209790209792,0.909090909090909,0.008878602446408713,0.8824205102744268,8,13,9
stratified_proportional_nested,30,14,0.0010379172744496381,0.9790209790209792,0.9393939393939392,0.0037897047812111896,0.9386921192363143,8,13,9
stratified_proportional_nested,30,15,0.000847609945844442,0.9807370556736849,0.9313248452425005,0.00399489360881811,0.9502608330578517,8,13,9
stratified_proportional_nested,30,16,0.0006544657378066155,0.9790209790209792,0.909090909090909,0.0024221859501952106,0.9549658456594242,8,13,9
stratified_proportional_nested,30,17,0.0006039535234646145,0.9720279720279721,0.909090909090909,0.00592285609491806,0.9578874432516753,8,13,9
stratified_proportional_nested,30,18,0.0027195563603440447,0.9860139860139862,0.9393939393939392,0.005489245318625662,0.8364804924262832,8,13,9
stratified_proportional_nested,30,19,0.006708445249232933,0.9281975705483089,0.8091838819320086,0.012296662669134178,0.9419688349388261,8,13,9
stratified_proportional_nested,30,20,0.003182046510068242,0.9772344233319931,0.9007896044148774,0.017488960469070867,0.8434764637448611,8,13,9
stratified_proportional_nested,30,21,0.004006238787452004,0.9930069930069931,0.9696969696969696,0.009353406577462847,0.95119797217979,8,13,9
stratified_proportional_nested,30,22,0.000621290008886207,0.9720279720279721,0.909090909090909,0.0043010597012199565,0.9637461900427023,8,13,9
stratified_proportional_nested,30,23,0.0025916603792565775,0.9860139860139862,0.9393939393939392,0.00497023547901397,0.9432478790386156,8,13,9
stratified_proportional_nested,30,24,0.0008388629009271832,0.9790209790209792,0.909090909090909,0.003189674140226134,0.9348659031971507,8,13,9
stratified_proportional_nested,30,25,0.0006225508441895946,0.9860139860139862,0.9393939393939392,0.006302308930122319,0.8599803099897768,8,13,9
stratified_proportional_nested,30,26,0.0021915027748436546,0.9930069930069931,0.9696969696969696,0.012812471438949357,0.8969286768567523,8,13,9
stratified_proportional_nested,30,27,0.0005667588820146519,0.9930069930069931,0.9696969696969696,0.0037996438239137668,0.9690093983357778,8,13,9
stratified_proportional_nested,30,28,0.009735710812668713,0.9632238939652261,0.9007896044148774,0.020336953535279746,0.9372715451157747,8,13,9
stratified_proportional_nested,30,29,0.003471723421021747,0.9842396880153765,0.9313248452425005,0.009075661774255075,0.8878259284514064,8,13,9
stratified_proportional_nested,30,30,0.0015022198749224582,0.9300699300699302,0.8181818181818181,0.0052293141390897776,0.8701666483989224,8,13,9
stratified_proportional_nested,30,31,0.0021733782673574423,0.965034965034965,0.8787878787878787,0.0074897744336490735,0.9239045235994009,8,13,9
stratified_proportional_nested,30,32,0.0012812584880036197,0.9930069930069931,0.9696969696969696,0.0139755507260493,0.8798199426122744,8,13,9
stratified_proportional_nested,30,33,0.002650368023070606,0.9510489510489512,0.8787878787878787,0.004828373552162726,0.9467130870728719,8,13,9
stratified_proportional_nested,30,34,0.002597334138121824,0.9841964563824335,0.9459922805717786,0.01608975561277912,0.9543759142528129,8,13,9
stratified_proportional_nested,30,35,0.0005740874872156012,0.9930069930069931,0.9696969696969696,0.002858384469281905,0.8864004678927845,8,13,9
stratified_proportional_nested,30,36,0.0005353956038428641,0.9720279720279721,0.909090909090909,0.0018317318852931373,0.9643371321522354,8,13,9
stratified_proportional_nested,30,37,0.0006995405999027536,0.9930069930069931,0.9696969696969696,0.002710289587746852,0.9090860512485041,8,13,9
stratified_proportional_nested,30,38,0.0007110457220461766,0.9737317909903013,0.9007896044148774,0.004930119124438924,0.9425153905717418,8,13,9
stratified_proportional_nested,30,39,0.0003711718055765155,0.9772344233319931,0.9313248452425005,0.002968448003668802,0.9508930513403336,8,13,9
stratified_proportional_nested,30,40,0.0008760575423771428,0.9930069930069931,0.9696969696969696,0.0025688573449079155,0.8960116429210986,8,13,9
stratified_proportional_nested,30,41,0.003187011049075331,0.9702291586486097,0.9007896044148774,0.006555479561854206,0.8036821306603761,8,13,9
stratified_proportional_nested,30,42,0.001081258488003622,0.9440559440559443,0.8787878787878787,0.0039184271028644265,0.9069230489735635,8,13,9
stratified_proportional_nested,30,43,0.0007840953674362475,0.965034965034965,0.8787878787878787,0.009589607227214065,0.8028617508559943,8,13,9
stratified_proportional_nested,30,44,0.0005908723571919599,1.0,0.9999999999999998,0.0038683034735919335,0.872360478084467,8,13,9
stratified_proportional_nested,30,45,0.0011799188504937742,0.9580419580419581,0.909090909090909,0.015259909467049783,0.8731524654437811,8,13,9
stratified_proportional_nested,30,46,0.0015188471404858925,0.9982502173821435,0.9923953268977463,0.0051880368259997894,0.9532608643490651,8,13,9
stratified_proportional_nested,30,47,0.001763764398169108,0.965034965034965,0.8787878787878787,0.0034003337026485177,0.9320987793382883,8,13,9
stratified_proportional_nested,30,48,0.001936498834733331,0.9492133645984593,0.8702543635872545,0.00476231762526278,0.906403906750158,8,13,9
stratified_proportional_nested,30,49,0.0031717234210217452,0.9930069930069931,0.9696969696969696,0.013254953642827574,0.963761682497733,8,13,9
stratified_proportional_nested,30,50,0.003000486226380295,0.9860139860139862,0.9393939393939392,0.005945122807444743,0.9279476367521989,8,13,9
stratified_proportional_nested,30,51,0.006332716328823159,0.9580419580419581,0.8787878787878787,0.010142526085421382,0.9451789323581142,8,13,9
stratified_proportional_nested,30,52,0.0015305098670422316,0.9510489510489512,0.8484848484848484,0.0068820259677275335,0.9282291720300494,8,13,9
stratified_proportional_nested,30,53,0.0028491859899736766,0.9720279720279721,0.909090909090909,0.013791493271158514,0.960157761707122,8,13,9
stratified_proportional_nested,30,54,0.0033336619553007082,0.965034965034965,0.8787878787878787,0.009265900185469274,0.9239462121661428,8,13,9
stratified_proportional_nested,30,55,0.0016104941066009415,0.9580419580419581,0.909090909090909,0.004883430684410027,0.926419059632289,8,13,9
stratified_proportional_nested,30,56,0.0013254665258286833,0.965034965034965,0.8787878787878787,0.0062236412447950916,0.8917616931207751,8,13,9
stratified_proportional_nested,30,57,0.0006519440671998375,0.9720279720279721,0.909090909090909,0.0029145820143505322,0.8892730649495837,8,13,9
stratified_proportional_nested,30,58,0.0009732994651509829,0.9790209790209792,0.9393939393939392,0.004548014372854116,0.898524836190913,8,13,9
stratified_proportional_nested,30,59,0.0028537565179484626,0.9510489510489512,0.8787878787878787,0.005300560516960091,0.7967505022078001,8,13,9
stratified_proportional_nested,30,60,0.0008990677866639868,0.9860139860139862,0.9393939393939392,0.006791962271004291,0.9713526294825069,8,13,9
stratified_proportional_nested,30,61,0.001956672199587548,0.9860139860139862,0.9393939393939392,0.00521681525515215,0.8710346062422089,8,13,9
stratified_proportional_nested,30,62,0.0024038747212581538,0.9492133645984593,0.8397191227596315,0.01018759217660571,0.9204033444880421,8,13,9
stratified_proportional_nested,30,63,0.0033758211357577585,0.965034965034965,0.8787878787878787,0.013640998348227691,0.9022567855593776,8,13,9
stratified_proportional_nested,30,64,0.0007711718055765145,0.9982502173821435,0.9923953268977463,0.012906382253390797,0.9187333657102172,8,13,9
stratified_proportional_nested,30,65,0.004231455493519776,0.9790209790209792,0.909090909090909,0.005486946991095852,0.9137849354598022,8,13,9
stratified_proportional_nested,30,66,0.0015772395754740734,0.9352028352316922,0.8397191227596315,0.003590109455280392,0.9415150141413661,8,13,9
stratified_proportional_nested,30,67,0.0011169558875308064,0.9300699300699302,0.7878787878787877,0.004007419126062286,0.9077541528335699,8,13,9
stratified_proportional_nested,30,68,0.0010815736968294697,0.9860139860139862,0.9393939393939392,0.0028574908584345915,0.9701974311773229,8,13,9
stratified_proportional_nested,30,69,0.0005696745636537407,0.9720279720279721,0.909090909090909,0.00586325836438016,0.8905210039521272,8,13,9
stratified_proportional_nested,30,70,0.0009941820498633551,0.9860139860139862,0.9393939393939392,0.005435993163610685,0.9096650975856441,8,13,9
stratified_proportional_nested,30,71,0.002869595761447278,0.9720279720279721,0.909090909090909,0.006660989561773036,0.9578354961753647,8,13,9
stratified_proportional_nested,30,72,0.0006522592760256856,0.9667265263069179,0.9007896044148774,0.0037717219726300932,0.9666617402675964,8,13,9
stratified_proportional_nested,30,73,0.00249489126972151,0.9860139860139862,0.9393939393939392,0.005310751180996907,0.7871690547450919,8,13,9
stratified_proportional_nested,30,74,0.0034955216873732054,0.9508830463894927,0.8616404368553291,0.011554377703914742,0.9231158226454742,8,13,9
stratified_proportional_nested,30,75,0.0004022986771289174,0.9702291586486097,0.9007896044148774,0.007766255296223243,0.9514602234706174,8,13,9
stratified_proportional_nested,30,76,0.003939020505340109,0.9720279720279721,0.909090909090909,0.016248783086176246,0.9484782620870281,8,13,9
stratified_proportional_nested,30,77,0.0007579330348909349,0.965034965034965,0.909090909090909,0.002742933651106729,0.9660459583526885,8,13,9
stratified_proportional_nested,30,78,0.0062334255486813225,0.9492133645984593,0.8397191227596315,0.010955355070169884,0.9353183275453308,8,13,9
stratified_proportional_nested,30,79,0.0018054507653873896,0.9440559440559443,0.8787878787878787,0.006391796079171432,0.920773640040761,8,13,9
stratified_proportional_nested,30,80,0.004788114279965796,0.9860139860139862,0.9393939393939392,0.01151446553802323,0.9016682163641522,8,13,9
stratified_proportional_nested,30,81,0.0012662860687758842,0.9790209790209792,0.909090909090909,0.004335336005795407,0.9425768054071395,8,13,9
stratified_proportional_nested,30,82,0.005511045722046176,0.9930069930069931,0.9696969696969696,0.011755644333244048,0.959090413124967,8,13,9
stratified_proportional_nested,30,83,0.0025648676290595724,0.9440559440559443,0.8484848484848484,0.005676223559467861,0.8741925148260017,8,13,9
stratified_proportional_nested,30,84,0.0005178227118018878,0.9772344233319931,0.9313248452425005,0.0027816678638972075,0.9321079953006574,8,13,9
stratified_proportional_nested,30,85,0.004331297889106854,0.9720279720279721,0.909090909090909,0.012619842117758783,0.8744508118683272,8,13,9
stratified_proportional_nested,30,86,0.0009036383146387689,0.9790209790209792,0.909090909090909,0.005662192118976305,0.8641655626448773,8,13,9
stratified_proportional_nested,30,87,0.003334134768539474,0.9930069930069931,0.9696969696969696,0.017120933829676707,0.9548381127888804,8,13,9
stratified_proportional_nested,30,88,0.0007239692839059079,0.9702291586486097,0.9007896044148774,0.009738222853304763,0.9643821558741418,8,13,9
stratified_proportional_nested,30,89,0.0023341347685394763,0.9510489510489512,0.8787878787878787,0.012564300259332308,0.9056300324596145,8,13,9
stratified_proportional_nested,30,90,0.0011942608520698187,0.9982502173821435,0.9923953268977463,0.00283368169698298,0.9080377681747058,8,13,9
stratified_proportional_nested,30,91,0.0010192411515181985,0.9860139860139862,0.9393939393939392,0.007252666729571999,0.9531249177870645,8,13,9
stratified_proportional_nested,30,92,0.004975269520312523,0.9667265263069179,0.9007896044148774,0.012184416218212516,0.8675954203720546,8,13,9
stratified_proportional_nested,30,93,0.0008513136495481451,0.9860139860139862,0.9393939393939392,0.007804778979066731,0.9190603267900617,8,13,9
stratified_proportional_nested,30,94,0.007774717904867293,0.9352028352316922,0.8702543635872545,0.01032020575117085,0.8770292637115772,8,13,9
stratified_proportional_nested,30,95,0.0011347651861911728,0.9860139860139862,0.9393939393939392,0.0048838649341320295,0.910563609344606,8,13,9
stratified_proportional_nested,30,96,0.0008535201113290747,0.9510489510489512,0.8484848484848484,0.008645750237416905,0.9500963093122753,8,13,9
stratified_proportional_nested,30,97,0.0015816524990359346,0.9317002028900006,0.8091838819320086,0.006412967782323195,0.8232761085384723,8,13,9
stratified_proportional_nested,30,98,0.0004370504501785633,0.9860139860139862,0.9393939393939392,0.007406778962833094,0.9317938878637265,8,13,9
stratified_proportional_nested,30,99,0.004749816407625371,0.9632238939652261,0.8702543635872545,0.016845082781389763,0.8544069141171194,8,13,9
stratified_proportional_nested,30,100,0.0016548597488389271,0.9422080999150758,0.8397191227596315,0.011080093049163561,0.9559380662847944,8,13,9
stratified_proportional_nested,30,101,0.0014692805526214288,0.9860139860139862,0.9393939393939392,0.006763704586407577,0.8753318322803035,8,13,9
stratified_proportional_nested,30,102,0.0015093908757104772,0.9702291586486097,0.9007896044148774,0.01715069211085949,0.8721796095371125,8,13,9
stratified_proportional_nested,30,103,0.0009377596700367192,0.9930069930069931,0.9696969696969696,0.0051637759129390184,0.966645225805148,8,13,9
stratified_proportional_nested,30,104,0.001232164713377932,0.9720279720279721,0.909090909090909,0.01543543208861941,0.9313984052156153,8,13,9
stratified_proportional_nested,30,105,0.0007823617188940863,0.9702291586486097,0.9007896044148774,0.0038800723512796183,0.9631075607940716,8,13,9
stratified_proportional_nested,30,106,0.0008201079757892805,0.9720279720279721,0.909090909090909,0.004554283599564941,0.9450916580160698,8,13,9
stratified_proportional_nested,30,107,0.0008086816558523198,0.9860139860139862,0.9393939393939392,0.006471159020624832,0.8651085690212609,8,13,9
stratified_proportional_nested,30,108,0.0008195563603440465,0.965034965034965,0.8787878787878787,0.002534808564865544,0.9666901918460744,8,13,9
stratified_proportional_nested,30,109,0.002362739969485103,1.0,0.9999999999999998,0.006416904185030967,0.9322208943532536,8,13,9
stratified_proportional_nested,30,110,0.0009966249182636678,0.965034965034965,0.8787878787878787,0.003934060092856388,0.9690334752037849,8,13,9
stratified_proportional_nested,30,111,0.005873141860738053,0.9790209790209792,0.9393939393939392,0.007267268376474216,0.9688611160599846,8,13,9
stratified_proportional_nested,30,112,0.0008855138071525583,0.9720279720279721,0.909090909090909,0.005225186483875943,0.9841749019760551,8,13,9
stratified_proportional_nested,30,113,0.0024451670774441265,0.9720279720279721,0.909090909090909,0.00629093574727478,0.9701655524433518,8,13,9
stratified_proportional_nested,30,114,0.0009680985195245037,0.965034965034965,0.8787878787878787,0.01375540285793135,0.9585097180240479,8,13,9
stratified_proportional_nested,30,115,0.002655805375316466,0.9632238939652261,0.8702543635872545,0.006525229959578251,0.8348415224054238,8,13,9
stratified_proportional_nested,30,116,0.0012331103398554738,0.9860139860139862,0.9393939393939392,0.004167778772087889,0.8657765319586023,8,13,9
stratified_proportional_nested,30,117,0.003217586305182507,0.9720279720279721,0.8787878787878787,0.017209466238098717,0.7969736166859173,8,13,9
stratified_proportional_nested,30,118,0.0005115185352849448,0.9720279720279721,0.909090909090909,0.003036678476635741,0.9525523169605831,8,13,9
stratified_proportional_nested,30,119,0.0014483979679090556,0.9790209790209792,0.9393939393939392,0.008119523532682362,0.9618713400395142,8,13,9
stratified_proportional_nested,30,120,0.0010197139647569694,0.9930069930069931,0.9696969696969696,0.009062804482106475,0.8773944979831573,8,13,9
stratified_proportional_nested,30,121,0.01738559260935901,0.9457107322567676,0.8397191227596315,0.022212907514955235,0.8402970828317109,8,13,9
stratified_proportional_nested,30,122,0.0011479251546702878,0.9930069930069931,0.9696969696969696,0.007053099812501521,0.9268681364265653,8,13,9
stratified_proportional_nested,30,123,0.003312227755143102,0.9720279720279721,0.909090909090909,0.013804639724921063,0.883592766018018,8,13,9
stratified_proportional_nested,30,124,0.009318768338279432,0.9930069930069931,0.9696969696969696,0.01140701967719418,0.8135637229573999,8,13,9
stratified_proportional_nested,30,125,0.001319162349311736,0.9860139860139862,0.9393939393939392,0.005340621829368268,0.9209160335740391,8,13,9
stratified_proportional_nested,30,126,0.0021010378418255264,0.9930069930069931,0.9696969696969696,0.011233928549687099,0.9197767277669393,8,13,9
stratified_proportional_nested,30,127,0.007850210418657683,0.9370629370629372,0.8181818181818181,0.01883834607673639,0.8289344963811359,8,13,9
stratified_proportional_nested,30,128,0.00271270056838187,0.9720279720279721,0.909090909090909,0.0168022285229016,0.924478960060099,8,13,9
stratified_proportional_nested,30,129,0.0021882718843787238,0.9930069930069931,0.9696969696969696,0.005498159613152489,0.9602142232150559,8,13,9
stratified_proportional_nested,30,130,0.0002897691263014929,1.0,0.9999999999999998,0.005199792006558388,0.9327276363875593,8,13,9
stratified_proportional_nested,30,131,0.0016454034840635108,0.9720279720279721,0.909090909090909,0.006178746621374829,0.8623174738845157,8,13,9
stratified_proportional_nested,30,132,0.007209312073504014,0.9580419580419581,0.8787878787878787,0.012417219218999848,0.9602026181083326,8,13,9
stratified_proportional_nested,30,133,0.0018892963130627252,0.9720279720279721,0.909090909090909,0.004748865015300201,0.9113849578160268,8,13,9
stratified_proportional_nested,30,134,0.0014240480861123694,0.9860139860139862,0.9393939393939392,0.0033759543347862426,0.9465999411272267,8,13,9
stratified_proportional_nested,30,135,0.0028243632949382165,0.9860139860139862,0.9393939393939392,0.006698664276263991,0.9625666764875106,8,13,9
stratified_proportional_nested,30,136,0.00290379591905169,0.9877423203570683,0.9618600860701234,0.004512662082694133,0.9672748361366367,8,13,9
stratified_proportional_nested,30,137,0.0011709353989571277,0.9510489510489512,0.8484848484848484,0.007323305107101404,0.9625614400612238,8,13,9
stratified_proportional_nested,30,138,0.003481810103448852,0.9737317909903013,0.9007896044148774,0.00998979295013839,0.863560933237376,8,13,9
stratified_proportional_nested,30,139,0.0029963885116442847,0.9580419580419581,0.8484848484848484,0.011983160749506902,0.9235238971863796,8,13,9
stratified_proportional_nested,30,140,0.0014513924517546041,0.9160839160839163,0.7878787878787877,0.007290124319201954,0.9555762407457372,8,13,9
stratified_proportional_nested,30,141,0.001253677715742,0.9860139860139862,0.9393939393939392,0.006122002459395623,0.9538835410540482,8,13,9
stratified_proportional_nested,30,142,0.0012819677078617807,0.9860139860139862,0.9393939393939392,0.003757904359542537,0.9567258210230026,8,13,9
stratified_proportional_nested,30,143,0.0014865382358365611,0.965034965034965,0.8787878787878787,0.009806856884278537,0.9255925277000522,8,13,9
stratified_proportional_nested,30,144,0.0017161678654661905,0.99124495269876,0.9618600860701234,0.004319070918661375,0.9009459143249655,8,13,9
stratified_proportional_nested,30,145,0.0022001710175544487,0.9720279720279721,0.909090909090909,0.007771881011517763,0.9725422471336095,8,13,9
stratified_proportional_nested,30,146,0.0028706201901312796,0.9807370556736849,0.9313248452425005,0.007928366652868077,0.959557822599776,8,13,9
stratified_proportional_nested,30,147,0.003585592609359022,0.9807370556736849,0.9313248452425005,0.005149517201564923,0.8519497769034778,8,13,9
stratified_proportional_nested,30,148,0.004786459433630102,0.965034965034965,0.909090909090909,0.008562986603193155,0.9192085360135237,8,13,9
stratified_proportional_nested,30,149,0.0012726690474992887,0.9230769230769231,0.7878787878787877,0.002810850104706943,0.943695161921251,8,13,9
stratified_proportional_nested,30,150,0.005945639890682901,0.9440559440559443,0.8181818181818181,0.009304260010064855,0.8869924830007686,8,13,9
stratified_proportional_nested,30,151,0.001028224603054844,0.9860139860139862,0.9393939393939392,0.007592234539492375,0.9153293057236014,8,13,9
stratified_proportional_nested,30,152,0.001627357778783765,0.9510489510489512,0.8787878787878787,0.007799213886250923,0.9525623617685488,8,13,9
stratified_proportional_nested,30,153,0.00184311822007612,0.9510489510489512,0.8181818181818181,0.005974964286004174,0.9608062047887396,8,13,9
stratified_proportional_nested,30,154,0.0037198715691698935,0.965034965034965,0.8787878787878787,0.01104001524947038,0.9291547685225162,8,13,9
stratified_proportional_nested,30,155,0.0028414633737404225,0.965034965034965,0.8787878787878787,0.012953157695554421,0.8638725502890031,8,13,9
stratified_proportional_nested,30,156,0.0009887446976174932,0.9632238939652261,0.8702543635872545,0.005315875429176712,0.9366255807315791,8,13,9
stratified_proportional_nested,30,157,0.005162188354039873,0.9422080999150758,0.8702543635872545,0.012179794959050657,0.958960144081511,8,13,9
stratified_proportional_nested,30,158,0.001379524839461461,0.9930069930069931,0.9696969696969696,0.0031673736921778227,0.9450422337102277,8,13,9
stratified_proportional_nested,30,159,0.0017280669986419169,0.9580419580419581,0.909090909090909,0.010583813848913564,0.8882604455365001,8,13,9
stratified_proportional_nested,30,160,0.0021004862263802955,0.9510489510489512,0.8484848484848484,0.010585804498340111,0.8979501496720009,8,13,9
stratified_proportional_nested,30,161,0.007226018141273916,0.99124495269876,0.9618600860701234,0.010009273057848557,0.9477798402436551,8,13,9
stratified_proportional_nested,30,162,0.002605765974213237,0.9790209790209792,0.9393939393939392,0.007166549074276992,0.9478637975649683,8,13,9
stratified_proportional_nested,30,163,0.0032335043508877827,0.9790209790209792,0.909090909090909,0.008501014957264958,0.9052308258026214,8,13,9
stratified_proportional_nested,30,164,0.003347531143637981,0.9930069930069931,0.9696969696969696,0.00677476654004432,0.9364160762271965,8,13,9
stratified_proportional_nested,30,165,0.00204674312157336,0.9930069930069931,0.9696969696969696,0.006837751266223488,0.9003277882411144,8,13,9
stratified_proportional_nested,30,166,0.012991581577050113,0.9176896735232337,0.7786486411043856,0.018322490127921042,0.839291591707689,8,13,9
stratified_proportional_nested,30,167,0.003347137132605671,0.9982502173821435,0.9923953268977463,0.007177950665984853,0.9543565125341801,8,13,9
stratified_proportional_nested,30,168,0.001198752577838137,0.9930069930069931,0.9696969696969696,0.003896014287627536,0.7658139621155297,8,13,9
stratified_proportional_nested,30,169,0.0017797612460808486,0.9580419580419581,0.8787878787878787,0.0077388884323179195,0.8474280007563922,8,13,9
stratified_proportional_nested,30,170,0.002397018929295978,0.9930069930069931,0.9696969696969696,0.004562687295557668,0.9119758510387935,8,13,9
stratified_proportional_nested,30,171,0.001653441309122614,0.9860139860139862,0.9393939393939392,0.0055980796625027356,0.9288615689044928,8,13,9
stratified_proportional_nested,30,172,0.00023578961487517438,0.9930069930069931,0.9696969696969696,0.006694003954919195,0.9129649154677365,8,13,9
stratified_proportional_nested,30,173,0.0037472947370185967,0.9790209790209792,0.9393939393939392,0.007272606452058021,0.8548827579379564,8,13,9
stratified_proportional_nested,30,174,0.001390163137333803,0.965034965034965,0.8787878787878787,0.003344623166613907,0.9486198012513802,8,13,9
stratified_proportional_nested,30,175,0.001235159197223479,0.99124495269876,0.9618600860701234,0.0068817228553339676,0.959564907202008,8,13,9
stratified_proportional_nested,30,176,0.0016481615612896734,0.9790209790209792,0.9393939393939392,0.0037391370098457007,0.9614124924167721,8,13,9
stratified_proportional_nested,30,177,0.0033056083698003113,0.9860139860139862,0.9393939393939392,0.00715869757550669,0.9428610534618748,8,13,9
stratified_proportional_nested,30,178,0.0009948124675150459,0.9702291586486097,0.9007896044148774,0.0024605744373016446,0.9426769675368113,8,13,9
stratified_proportional_nested,30,179,0.0019607699143235568,0.9632238939652261,0.9007896044148774,0.004366096206605465,0.9637417305367721,8,13,9
stratified_proportional_nested,30,180,0.0008584846503361682,0.9720279720279721,0.909090909090909,0.00433909485312619,0.9531796862153014,8,13,9
stratified_proportional_nested,30,181,0.0013259393390674518,0.9930069930069931,0.9696969696969696,0.004337395901818981,0.9619112636250224,8,13,9
stratified_proportional_nested,30,182,0.001270462585718359,1.0,0.9999999999999998,0.005824839439209099,0.793591572092593,8,13,9
stratified_proportional_nested,30,183,0.0007680985195245039,0.9720279720279721,0.909090909090909,0.0030932273277002632,0.9349420769545578,8,13,9
stratified_proportional_nested,30,184,0.0020576178260650877,0.9754446010932804,0.9231861823449954,0.003910986264316034,0.8645146360659349,8,13,9
stratified_proportional_nested,30,185,0.001169910970273122,0.9370629370629372,0.8181818181818181,0.0037043813057523883,0.9364576707420844,8,13,9
stratified_proportional_nested,30,186,0.002616167865466191,0.9930069930069931,0.9696969696969696,0.004994827406027548,0.9736751136284619,8,13,9
stratified_proportional_nested,30,187,0.0009058447764196992,0.9860139860139862,0.9393939393939392,0.003247498346198488,0.9542710807118554,8,13,9
stratified_proportional_nested,30,188,0.0006925272035276574,0.9720279720279721,0.8787878787878787,0.002671569072085454,0.9374086555198861,8,13,9
stratified_proportional_nested,30,189,0.00084579749509582,0.9580419580419581,0.8787878787878787,0.0017719781596740288,0.9501509855843708,8,13,9
stratified_proportional_nested,30,190,0.0020641584092014184,0.99124495269876,0.9618600860701234,0.005443275724223017,0.9643494617268394,8,13,9
stratified_proportional_nested,30,191,0.006020895997853898,0.9648126568294783,0.8839599998785472,0.008440757481676284,0.9666750507550098,8,13,9
stratified_proportional_nested,30,192,0.0006755847291383763,0.9718550849815182,0.9149761402251629,0.005873865522601275,0.8747219433487561,8,13,9
stratified_proportional_nested,30,193,0.0016767667622352965,0.9930069930069931,0.9696969696969696,0.0052002960101784875,0.905685581200995,8,13,9
stratified_proportional_nested,30,194,0.0009269637677514541,0.9702291586486097,0.9007896044148774,0.006181792710692279,0.9456398380168695,8,13,9
stratified_proportional_nested,30,195,0.001046427912747514,0.9702291586486097,0.9007896044148774,0.005295467467796529,0.9632238939652261,8,13,9
stratified_proportional_nested,30,196,0.0004887446976174903,0.9860139860139862,0.9393939393939392,0.0032883794571472637,0.8254329046538094,8,13,9
stratified_proportional_nested,30,197,0.0021026138859547646,0.9772344233319931,0.9313248452425005,0.014981309100575484,0.9552143877131293,8,13,9
stratified_proportional_nested,30,198,0.0029520228694063008,1.0,0.9999999999999998,0.00612004985754986,0.9331086972277189,8,13,9
stratified_proportional_nested,30,199,0.0015320071089650084,0.9720279720279721,0.909090909090909,0.00782494419688152,0.9152204215242482,8,13,9
stratified_proportional_nested,35,0,0.0015446830067472868,0.965034965034965,0.909090909090909,0.006870832837352198,0.9777818456436765,9,15,11
stratified_proportional_nested,35,1,0.00034271455979404016,0.9860139860139862,0.9393939393939392,0.005487438852611412,0.9577213898020093,9,15,11
stratified_proportional_nested,35,2,0.0017251432759613598,0.9859399412855984,0.9459922805717786,0.0027660158685621663,0.8891008624873397,9,15,11
stratified_proportional_nested,35,3,0.001217515544017517,0.9720279720279721,0.909090909090909,0.0024823872138897396,0.9063764635556696,9,15,11
stratified_proportional_nested,35,4,0.0013219590235369826,0.9720279720279721,0.8787878787878787,0.004404964275187338,0.8790964740163295,9,15,11
stratified_proportional_nested,35,5,0.0019564357929681623,0.9790209790209792,0.9393939393939392,0.003902219657291206,0.9478725722846449,9,15,11
stratified_proportional_nested,35,6,0.00028817700008930777,0.9860139860139862,0.9393939393939392,0.002609471751748688,0.9454446245310946,9,15,11
stratified_proportional_nested,35,7,0.0015793045149250257,0.9422080999150758,0.8702543635872545,0.0038143794142321084,0.9748635145741567,9,15,11
stratified_proportional_nested,35,8,0.0008057627577966473,0.965034965034965,0.8787878787878787,0.002910172360530106,0.9028860335309762,9,15,11
stratified_proportional_nested,35,9,0.002588133578465342,0.9440559440559443,0.8181818181818181,0.010881214997902707,0.9171502389123414,9,15,11
stratified_proportional_nested,35,10,0.0038659451286173186,0.965034965034965,0.8787878787878787,0.006194738561257923,0.8966745184288669,9,15,11
stratified_proportional_nested,35,11,0.0014970350113789313,0.9790209790209792,0.909090909090909,0.005113976960967704,0.8865269448416274,9,15,11
stratified_proportional_nested,35,12,0.001200031103432772,0.9877423203570683,0.9618600860701234,0.005422523707898288,0.9637122243523594,9,15,11
stratified_proportional_nested,35,13,0.0034455080176026974,0.9702291586486097,0.9007896044148774,0.005034608642542147,0.8999142523361744,9,15,11
stratified_proportional_nested,35,14,0.001884471688177311,0.9790209790209792,0.909090909090909,0.005072312278225578,0.9648876355498094,9,15,11
stratified_proportional_nested,35,15,0.0013584331876707234,0.9930069930069931,0.9696969696969696,0.0055008490488498915,0.9478320478902235,9,15,11
stratified_proportional_nested,35,16,0.0028942270796956204,0.9930069930069931,0.9696969696969696,0.004858454281875999,0.9500512388156559,9,15,11
stratified_proportional_nested,35,17,0.00027966636179143397,0.9720279720279721,0.909090909090909,0.0016967145501025974,0.9450202634813986,9,15,11
stratified_proportional_nested,35,18,0.0017826914015945897,0.9964973622679555,0.9847319278346618,0.00444686476153227,0.8964549545360079,9,15,11
stratified_proportional_nested,35,19,0.00165659500558938,0.9720279720279721,0.909090909090909,0.005371344123048671,0.9224479825324557,9,15,11
stratified_proportional_nested,35,20,0.00156141480584991,0.9790209790209792,0.909090909090909,0.0034776042552347257,0.96011689639547,9,15,11
stratified_proportional_nested,35,21,0.0009653806475057193,0.99124495269876,0.9618600860701234,0.006029143213844392,0.8862313077064328,9,15,11
stratified_proportional_nested,35,22,0.0013687964819245944,0.9492133645984593,0.8397191227596315,0.00502401108446984,0.978268469835216,9,15,11
stratified_proportional_nested,35,23,0.000686208553136058,0.99124495269876,0.9618600860701234,0.00437351283599179,0.8890839089378137,9,15,11
stratified_proportional_nested,35,24,0.0011296301771047995,0.9790209790209792,0.909090909090909,0.004736967812241381,0.9690293821450296,9,15,11
stratified_proportional_nested,35,25,0.0019241301047354213,0.9772344233319931,0.9313248452425005,0.003714775065469506,0.9529111608843412,9,15,11
stratified_proportional_nested,35,26,0.0024713004622401277,0.9930069930069931,0.9696969696969696,0.005776288063009443,0.8518537303920694,9,15,11
stratified_proportional_nested,35,27,0.0015224511352752935,0.9860139860139862,0.9393939393939392,0.013414133407588798,0.9299350280037079,9,15,11
stratified_proportional_nested,35,28,0.0033918967858759612,0.9492133645984593,0.8397191227596315,0.008747737688331123,0.8649922809398478,9,15,11
stratified_proportional_nested,35,29,0.0009501541313673517,0.9422080999150758,0.8091838819320086,0.006485406180208368,0.8387247695452409,9,15,11
stratified_proportional_nested,35,30,0.0015067614551479269,0.9790209790209792,0.909090909090909,0.004040049130474214,0.9525656441463576,9,15,11
stratified_proportional_nested,35,31,0.0007381987109012922,0.965034965034965,0.8787878787878787,0.0027219103917967553,0.9590186001897859,9,15,11
stratified_proportional_nested,35,32,0.0014650766961379397,0.9860139860139862,0.9393939393939392,0.014654292575020688,0.8505011219372599,9,15,11
stratified_proportional_nested,35,33,0.0072517317837048805,0.9860139860139862,0.9393939393939392,0.015366995360450745,0.910653900812548,9,15,11
stratified_proportional_nested,35,34,0.0007306144005814189,0.9807370556736849,0.9313248452425005,0.004458729763969664,0.8959635913035576,9,15,11
stratified_proportional_nested,35,35,0.0012517317837048797,0.9982502173821435,0.9923953268977463,0.002544714187327824,0.9711377799994598,9,15,11
stratified_proportional_nested,35,36,0.0005650911700125946,0.9720279720279721,0.909090909090909,0.0030317030433402487,0.8796724066816063,9,15,11
stratified_proportional_nested,35,37,0.0018395447812443227,0.9930069930069931,0.9696969696969696,0.010612392088675761,0.9494995055166155,9,15,11
stratified_proportional_nested,35,38,0.0015917520471294005,0.9790209790209792,0.9393939393939392,0.0036877290724302513,0.9342514146856565,9,15,11
stratified_proportional_nested,35,39,0.0035157931529334265,0.9930069930069931,0.9696969696969696,0.008827969864186193,0.9554869988910943,9,15,11
stratified_proportional_nested,35,40,0.0008707215072538736,0.9930069930069931,0.9696969696969696,0.003190318377376459,0.7933294957982692,9,15,11
stratified_proportional_nested,35,41,0.0001859335495175884,0.9807370556736849,0.9313248452425005,0.0028287475626069918,0.9345315143162346,9,15,11
stratified_proportional_nested,35,42,0.002241050064208575,0.9300699300699302,0.8484848484848484,0.004137925764377785,0.9013675404451318,9,15,11
stratified_proportional_nested,35,43,0.0031216405982945465,0.9860139860139862,0.9393939393939392,0.007591572217687539,0.9140759478359958,9,15,11
stratified_proportional_nested,35,44,0.003535535517964545,0.9790209790209792,0.9393939393939392,0.005546796741262228,0.9724187802841863,9,15,11
stratified_proportional_nested,35,45,0.0010584187137960667,0.9860139860139862,0.9393939393939392,0.004898420725209446,0.9310299654148625,9,15,11
stratified_proportional_nested,35,46,0.001347027774441601,0.9930069930069931,0.9696969696969696,0.0067310013008876615,0.9555173590802958,9,15,11
stratified_proportional_nested,35,47,0.002428573584254891,0.9790209790209792,0.9393939393939392,0.004574052463467448,0.9204867148915628,9,15,11
stratified_proportional_nested,35,48,0.001523956418239548,0.9930069930069931,0.9696969696969696,0.0031984218588806124,0.9818504603778399,9,15,11
stratified_proportional_nested,35,49,0.0007128983780021722,0.9580419580419581,0.909090909090909,0.004384952711741434,0.9590276754304888,9,15,11
stratified_proportional_nested,35,50,0.0010384447667704485,1.0,0.9999999999999998,0.0033018206050403013,0.9653547925436894,9,15,11
stratified_proportional_nested,35,51,0.0010958771014064307,0.9790209790209792,0.9393939393939392,0.014755773149565235,0.9152875354072507,9,15,11
stratified_proportional_nested,35,52,0.0017191800396029863,0.9982502173821435,0.9923953268977463,0.0038636204213855756,0.9419338059637399,9,15,11
stratified_proportional_nested,35,53,0.0013909704578979637,0.9720279720279721,0.909090909090909,0.002749503948009839,0.9099680588684959,9,15,11
stratified_proportional_nested,35,54,0.0023643095807811603,0.9790209790209792,0.909090909090909,0.006904969943543175,0.94609238081915,9,15,11
stratified_proportional_nested,35,55,0.0013238116794929858,1.0,0.9999999999999998,0.0032521964170322756,0.947275035456152,9,15,11
stratified_proportional_nested,35,56,0.001074803139906937,0.9860139860139862,0.9393939393939392,0.0077069912792345424,0.971370609960957,9,15,11
stratified_proportional_nested,35,57,0.0004458843383437566,0.9790209790209792,0.9393939393939392,0.006128362114410098,0.9513602469293296,9,15,11
stratified_proportional_nested,35,58,0.0003772781724731554,0.99124495269876,0.9618600860701234,0.0035261219801834293,0.9383341882258751,9,15,11
stratified_proportional_nested,35,59,0.0005066167164013643,0.9860139860139862,0.9393939393939392,0.0023831649123105345,0.9526005687241713,9,15,11
stratified_proportional_nested,35,60,0.0010573765948208187,0.9580419580419581,0.8787878787878787,0.006935762719790499,0.8812274421600002,9,15,11
stratified_proportional_nested,35,61,0.0011891467496912788,0.9930069930069931,0.9696969696969696,0.003139606998718949,0.951973260820561,9,15,11
stratified_proportional_nested,35,62,0.001100450845797803,0.9720279720279721,0.909090909090909,0.0037765952878957925,0.9806673539287888,9,15,11
stratified_proportional_nested,35,63,0.001163499043800408,0.9720279720279721,0.909090909090909,0.004571435950413223,0.8735648833122315,9,15,11
stratified_proportional_nested,35,64,0.006376409739993777,0.9930069930069931,0.9696969696969696,0.011838414376650912,0.9570333983373066,9,15,11
stratified_proportional_nested,35,65,0.0031493146466372896,0.9440559440559443,0.8181818181818181,0.004655080476481992,0.8703093308953335,9,15,11
stratified_proportional_nested,35,66,0.003047650151051818,0.9789533946223928,0.9231861823449954,0.004420260900248273,0.9256320916883962,9,15,11
stratified_proportional_nested,35,67,0.0011864835567545302,0.9370629370629372,0.8181818181818181,0.0037346539893888388,0.8725944019209022,9,15,11
stratified_proportional_nested,35,68,0.0011070509326410515,0.9370629370629372,0.8181818181818181,0.004225776210477389,0.9614114211707167,9,15,11
stratified_proportional_nested,35,69,0.001275989997628746,0.9790209790209792,0.909090909090909,0.0033349986254237094,0.8864284834537962,9,15,11
stratified_proportional_nested,35,70,0.0012138681276041437,0.9720279720279721,0.909090909090909,0.0068291420801732255,0.9637435360361506,9,15,11
stratified_proportional_nested,35,71,0.0010639187861654399,1.0,0.9999999999999998,0.0040606377325442975,0.9653513654975673,9,15,11
stratified_proportional_nested,35,72,0.0015008561142881777,0.9790209790209792,0.9393939393939392,0.007768208388599801,0.949142650437737,9,15,11
stratified_proportional_nested,35,73,0.001839081617255321,0.9807370556736849,0.9313248452425005,0.005587563556439821,0.9584269072800796,9,15,11
stratified_proportional_nested,35,74,0.0008347105071091356,0.9440559440559443,0.8484848484848484,0.0027435612437506393,0.9443977338038035,9,15,11
stratified_proportional_nested,35,75,0.0021048798514426144,0.9929823694376383,0.9770084209183943,0.004700277678581549,0.9449956403310201,9,15,11
stratified_proportional_nested,35,76,0.0007610674328581611,0.9790209790209792,0.909090909090909,0.002517638718838214,0.9748493184960095,9,15,11
stratified_proportional_nested,35,77,0.00059374944183196,0.9790209790209792,0.9393939393939392,0.007257624434581507,0.9607529876865802,9,15,11
stratified_proportional_nested,35,78,0.0015038666802166768,0.9720279720279721,0.909090909090909,0.010882700107131925,0.9322409557542702,9,15,11
stratified_proportional_nested,35,79,0.002905979865916491,0.9930069930069931,0.9696969696969696,0.003924642539310047,0.9406455652981084,9,15,11
stratified_proportional_nested,35,80,0.002523927470490236,0.9790209790209792,0.9393939393939392,0.006283993625933862,0.9357415992780261,9,15,11
stratified_proportional_nested,35,81,0.0009408329560887295,0.9930069930069931,0.9696969696969696,0.004947264947454341,0.8942273993955201,9,15,11
stratified_proportional_nested,35,82,0.0011040403667125533,0.9807370556736849,0.9313248452425005,0.006112753729778144,0.9087241818864724,9,15,11
stratified_proportional_nested,35,83,0.008616154999799832,0.9790209790209792,0.9393939393939392,0.011610844627532335,0.9807646345825703,9,15,11
stratified_proportional_nested,35,84,0.002760951641860908,0.9632238939652261,0.8702543635872545,0.004773356389370698,0.9501444079873057,9,15,11
stratified_proportional_nested,35,85,0.0018446974806219435,0.9930069930069931,0.9696969696969696,0.0034152682124273053,0.9690237403133298,9,15,11
stratified_proportional_nested,35,86,0.002615286567320456,0.9667265263069179,0.9007896044148774,0.006054009157228851,0.9114546502929283,9,15,11
stratified_proportional_nested,35,87,0.0009877283099749648,0.9930069930069931,0.9696969696969696,0.0032194287856114456,0.8948618837718015,9,15,11
stratified_proportional_nested,35,88,0.0010829085097144326,0.9720279720279721,0.909090909090909,0.0034372546310467212,0.915835038899008,9,15,11
stratified_proportional_nested,35,89,0.004795167881548269,0.9860139860139862,0.9393939393939392,0.0074509879235678915,0.9754426499576015,9,15,11
stratified_proportional_nested,35,90,0.002721814284790425,0.9720279720279721,0.8787878787878787,0.01092927245235747,0.8976257507867968,9,15,11
stratified_proportional_nested,35,91,0.001428544636505576,0.9930069930069931,0.9696969696969696,0.004323513402827377,0.9643580870310724,9,15,11
stratified_proportional_nested,35,92,0.00047819002657649765,1.0,0.9999999999999998,0.002503187812468116,0.898726726862324,9,15,11
stratified_proportional_nested,35,93,0.0007062403956603022,0.9860139860139862,0.9393939393939392,0.006065266511920553,0.95025266511281,9,15,11
stratified_proportional_nested,35,94,0.0026123338968905775,0.9860139860139862,0.9393939393939392,0.003660859932093098,0.9437235732074724,9,15,11
stratified_proportional_nested,35,95,0.0032845006359266227,0.9860139860139862,0.9393939393939392,0.005691438444489789,0.9543770318261622,9,15,11
stratified_proportional_nested,35,96,0.0036281683157645107,0.9877423203570683,0.9618600860701234,0.0057759876401500985,0.9608117757803037,9,15,11
stratified_proportional_nested,35,97,0.001198062656479522,0.965034965034965,0.8787878787878787,0.005605500501649492,0.9182102935555584,9,15,11
stratified_proportional_nested,35,98,0.0013430908805351033,0.9510489510489512,0.8484848484848484,0.009493138951240801,0.9642511950704716,9,15,11
stratified_proportional_nested,35,99,0.001294516557188742,0.9440559440559443,0.8181818181818181,0.004912270785860853,0.9369331749244324,9,15,11
stratified_proportional_nested,35,100,0.0006220024451609548,0.9930069930069931,0.9696969696969696,0.008530298424763914,0.9584933388027835,9,15,11
stratified_proportional_nested,35,101,0.00027376102093168696,0.99124495269876,0.9618600860701234,0.001347673069074585,0.9671842809746417,9,15,11
stratified_proportional_nested,35,102,0.0011493725421359137,0.9580419580419581,0.8787878787878787,0.002095341674318947,0.9379723720087095,9,15,11
stratified_proportional_nested,35,103,0.004965380647505721,0.9702291586486097,0.9007896044148774,0.01115104007244159,0.9103880094995574,9,15,11
stratified_proportional_nested,35,104,0.0010695925450306856,0.9720279720279721,0.909090909090909,0.002997307460123118,0.9277282211738097,9,15,11
stratified_proportional_nested,35,105,0.0009122325797679874,0.9790209790209792,0.909090909090909,0.004953512609257559,0.8905349915568018,9,15,11
stratified_proportional_nested,35,106,0.0006434237796521975,0.9492133645984593,0.8397191227596315,0.0016897175316577678,0.912112798246154,9,15,11
stratified_proportional_nested,35,107,0.0022310920384450744,0.9930069930069931,0.9696969696969696,0.004825031388520445,0.9441719367660611,9,15,11
stratified_proportional_nested,35,108,0.0009026219269962396,0.965034965034965,0.8787878787878787,0.005158612995839425,0.9164254702410104,9,15,11
stratified_proportional_nested,35,109,0.0019923888976142753,0.9790209790209792,0.9393939393939392,0.0063626522662086635,0.8979930211127817,9,15,11
stratified_proportional_nested,35,110,0.0017870914594900892,0.9790209790209792,0.9393939393939392,0.003087782354975116,0.9116012439554063,9,15,11
stratified_proportional_nested,35,111,0.0006072969885102096,0.9930069930069931,0.9696969696969696,0.0042694146147218524,0.803985810116588,9,15,11
stratified_proportional_nested,35,112,0.005854308133393692,0.9580419580419581,0.8787878787878787,0.011090716295956196,0.9232554037712798,9,15,11
stratified_proportional_nested,35,113,0.0007061825001616783,0.9790209790209792,0.909090909090909,0.002082657027627565,0.9612362579192572,9,15,11
stratified_proportional_nested,35,114,0.003659373989523381,0.9720279720279721,0.909090909090909,0.005222735704406577,0.9450639427227635,9,15,11
stratified_proportional_nested,35,115,0.000395225777046899,0.9720279720279721,0.909090909090909,0.0016552970076749555,0.9588433407548962,9,15,11
stratified_proportional_nested,35,116,0.001586136183762777,0.9930069930069931,0.9696969696969696,0.0065675962061694385,0.9561673346517742,9,15,11
stratified_proportional_nested,35,117,0.0007798255744126541,0.9720279720279721,0.909090909090909,0.010285005994286297,0.9059570466933969,9,15,11
stratified_proportional_nested,35,118,0.0012956165716626169,0.9790209790209792,0.909090909090909,0.003934500943781248,0.9718708216290178,9,15,11
stratified_proportional_nested,35,119,0.0013330170637743564,0.9720279720279721,0.909090909090909,0.00535313623043,0.8572160357931192,9,15,11
stratified_proportional_nested,35,120,0.0010529186414266942,0.9930069930069931,0.9696969696969696,0.0018265142304073265,0.9688966176326117,9,15,11
stratified_proportional_nested,35,121,0.0005380539721547304,0.9790209790209792,0.9393939393939392,0.002633807137026835,0.8916353709606369,9,15,11
stratified_proportional_nested,35,122,0.0032633108834298785,0.938705467573384,0.8397191227596315,0.006547478077633804,0.8273529219980342,9,15,11
stratified_proportional_nested,35,123,0.00364588433834376,0.9457107322567676,0.8397191227596315,0.0060239487325556345,0.9636153452587722,9,15,11
stratified_proportional_nested,35,124,0.0008440316823877563,0.9790209790209792,0.9393939393939392,0.007374160162228344,0.954236611342143,9,15,11
stratified_proportional_nested,35,125,0.0002212498036788285,0.9982502173821435,0.9923953268977463,0.0029106178932988697,0.8402601909278967,9,15,11
stratified_proportional_nested,35,126,0.00032592486519279507,0.9790209790209792,0.9393939393939392,0.007994074229953862,0.8058332953645432,9,15,11
stratified_proportional_nested,35,127,0.0008913323047643691,0.9790209790209792,0.9393939393939392,0.003424649341337053,0.907498801359226,9,15,11
stratified_proportional_nested,35,128,0.0013566384272133507,0.965034965034965,0.8787878787878787,0.004545256082145813,0.8703417230327775,9,15,11
stratified_proportional_nested,35,129,0.0008135207546123907,0.9877423203570683,0.9618600860701234,0.0037802638477933102,0.8304560134447087,9,15,11
stratified_proportional_nested,35,130,0.004137880285658853,0.9860139860139862,0.9393939393939392,0.00685258753358501,0.9382361181988849,9,15,11
stratified_proportional_nested,35,131,0.0008395158334950094,0.9930069930069931,0.9696969696969696,0.0033797548294391736,0.9542386138881856,9,15,11
stratified_proportional_nested,35,132,0.0007635569392990325,0.9930069930069931,0.9696969696969696,0.0019001257666451277,0.9556710354118542,9,15,11
stratified_proportional_nested,35,133,0.002007210145262269,0.9930069930069931,0.9696969696969696,0.004863867561700053,0.9170006197382677,9,15,11
stratified_proportional_nested,35,134,0.0028344789251146373,0.9510489510489512,0.8484848484848484,0.007258614129510593,0.8963196405507202,9,15,11
stratified_proportional_nested,35,135,0.0008957323626598689,0.9930069930069931,0.9696969696969696,0.0038690155624709517,0.9280262223285055,9,15,11
stratified_proportional_nested,35,136,0.0011407461128407914,0.9930069930069931,0.9696969696969696,0.006716902966250608,0.8544614987683644,9,15,11
stratified_proportional_nested,35,137,0.0006423816606769463,0.9930069930069931,0.9696969696969696,0.009589124621637248,0.7912043861821995,9,15,11
stratified_proportional_nested,35,138,0.0009840808935615891,0.9720279720279721,0.909090909090909,0.0032288167165481964,0.9042967777036521,9,15,11
stratified_proportional_nested,35,139,0.0007368092189342914,0.9720279720279721,0.909090909090909,0.0023374790979378535,0.9173956030382567,9,15,11
stratified_proportional_nested,35,140,0.001506587768652052,0.9702291586486097,0.9007896044148774,0.002880916842385698,0.9092517953111954,9,15,11
stratified_proportional_nested,35,141,0.00055385944327935,1.0,0.9999999999999998,0.003879792240587694,0.9193473193473194,9,15,11
stratified_proportional_nested,35,142,0.00204258429492213,1.0,0.9999999999999998,0.007304780620458229,0.8507506441932123,9,15,11
stratified_proportional_nested,35,143,0.00040738383175814363,0.9720279720279721,0.909090909090909,0.005219062609824395,0.9753090027615777,9,15,11
stratified_proportional_nested,35,144,0.0007994521484465223,0.9580419580419581,0.909090909090909,0.004293617360473421,0.9347821753388935,9,15,11
stratified_proportional_nested,35,145,0.0017485909529044736,0.9510489510489512,0.8484848484848484,0.005678045253318825,0.8738645151079116,9,15,11
stratified_proportional_nested,35,146,0.000778030813955278,0.9720279720279721,0.909090909090909,0.00228567826128853,0.9018927817605707,9,15,11
stratified_proportional_nested,35,147,0.001325953812942107,0.9842396880153765,0.9313248452425005,0.003984349598680406,0.9035140778405463,9,15,11
stratified_proportional_nested,35,148,0.0021318591538018556,0.9860139860139862,0.9393939393939392,0.003714827214343207,0.9106014920708225,9,15,11
stratified_proportional_nested,35,149,0.0006135497023617064,0.9684270140350553,0.8924133096001623,0.0021495765029645505,0.8180040829882134,9,15,11
stratified_proportional_nested,35,150,0.00043418944762151274,0.9860139860139862,0.9393939393939392,0.002995307664183928,0.909319416140827,9,15,11
stratified_proportional_nested,35,151,0.0011549884055025359,0.9930069930069931,0.9696969696969696,0.008628472080513325,0.92377227446043,9,15,11
stratified_proportional_nested,35,152,0.0021021008675086157,0.9790209790209792,0.9393939393939392,0.008380471309616935,0.7985083374756873,9,15,11
stratified_proportional_nested,35,153,0.0008831690394582459,0.9702291586486097,0.9007896044148774,0.0023546213396592173,0.9363738246308335,9,15,11
stratified_proportional_nested,35,154,0.0018347394548584516,1.0,0.9999999999999998,0.006241140855808364,0.9695807076981565,9,15,11
stratified_proportional_nested,35,155,0.0008752952516452496,0.9754446010932804,0.9231861823449954,0.00610010195955061,0.9014032691878322,9,15,11
stratified_proportional_nested,35,156,0.003128761744625419,0.965034965034965,0.8787878787878787,0.005256245890442019,0.8386698091392164,9,15,11
stratified_proportional_nested,35,157,0.0008516159927076313,0.9790209790209792,0.909090909090909,0.0027349487438923462,0.895342983639721,9,15,11
stratified_proportional_nested,35,158,0.0010067180335239583,0.9860139860139862,0.9393939393939392,0.0039019271701300324,0.9491046159508407,9,15,11
stratified_proportional_nested,35,159,0.002687771731598935,0.9440559440559443,0.8787878787878787,0.004368157373397273,0.8067097809971026,9,15,11
stratified_proportional_nested,35,160,0.001777365015721093,0.9790209790209792,0.909090909090909,0.007123132489315148,0.9166680210476837,9,15,11
stratified_proportional_nested,35,161,0.0009751649867733465,0.9790209790209792,0.909090909090909,0.0031510740825766055,0.9442754820996789,9,15,11
stratified_proportional_nested,35,162,0.0007160826304265489,0.9930069930069931,0.9696969696969696,0.005657199307893754,0.9330973761764163,9,15,11
stratified_proportional_nested,35,163,0.0032307736132026407,0.9790209790209792,0.909090909090909,0.005988549850355404,0.9233052547587809,9,15,11
stratified_proportional_nested,35,164,0.006365930654742659,0.965034965034965,0.8787878787878787,0.008423271930868734,0.9426836571511261,9,15,11
stratified_proportional_nested,35,165,0.003914403660966418,0.9930069930069931,0.9696969696969696,0.01370099982711515,0.9318673134614506,9,15,11
stratified_proportional_nested,35,166,0.0008717636262291251,0.9492133645984593,0.8397191227596315,0.004576187166275549,0.8363644616371385,9,15,11
stratified_proportional_nested,35,167,0.0013848914305423388,0.9790209790209792,0.909090909090909,0.008717843913319506,0.9252803939798673,9,15,11
stratified_proportional_nested,35,168,0.0014237972056183278,0.9790209790209792,0.9393939393939392,0.005075745034520288,0.9124945196127409,9,15,11
stratified_proportional_nested,35,169,0.0013224221875259845,0.9737317909903013,0.9313248452425005,0.003730377781745628,0.8075830022860595,9,15,11
stratified_proportional_nested,35,170,0.0009135062807377369,0.9790209790209792,0.909090909090909,0.005055065738756816,0.950254221064164,9,15,11
stratified_proportional_nested,35,171,0.0012234208848772641,0.9860139860139862,0.9393939393939392,0.0028752620906029995,0.9198923098892658,9,15,11
stratified_proportional_nested,35,172,0.0016094101742100183,0.9930069930069931,0.9696969696969696,0.004683081020644154,0.9307071485507771,9,15,11
stratified_proportional_nested,35,173,0.0020258524958195133,0.9790209790209792,0.9393939393939392,0.005676208706027729,0.9631778407882962,9,15,11
stratified_proportional_nested,35,174,0.0005987863502123355,0.9790209790209792,0.909090909090909,0.003006833698942285,0.9701725800864676,9,15,11
stratified_proportional_nested,35,175,0.0016750057741521248,0.965034965034965,0.8787878787878787,0.003906928927320337,0.9238497237394547,9,15,11
stratified_proportional_nested,35,176,0.0016021153413832727,0.965034965034965,0.8787878787878787,0.003751776958700359,0.9301997140736648,9,15,11
stratified_proportional_nested,35,177,0.0012692741197882506,0.9807370556736849,0.9313248452425005,0.0027691198602183445,0.9182301939229843,9,15,11
stratified_proportional_nested,35,178,0.00048369009894587184,0.9860139860139862,0.9393939393939392,0.002423960069267309,0.9262056132404076,9,15,11
stratified_proportional_nested,35,179,0.0009566384272133472,0.9860139860139862,0.9393939393939392,0.005097526258658413,0.9262384063408323,9,15,11
stratified_proportional_nested,35,180,0.0026581871318015686,0.965034965034965,0.8787878787878787,0.005799543059665114,0.9474456197929174,9,15,11
stratified_proportional_nested,35,181,0.0019641358942852852,0.9790209790209792,0.9393939393939392,0.0051539343349318095,0.870109086280765,9,15,11
stratified_proportional_nested,35,182,0.0013973389627467108,0.9720279720279721,0.909090909090909,0.002308495660873608,0.9736413589675968,9,15,11
stratified_proportional_nested,35,183,0.000695182355422931,0.9930069930069931,0.9696969696969696,0.0038258918449364577,0.9683744723012077,9,15,11
stratified_proportional_nested,35,184,0.0015442777382569147,0.9702291586486097,0.9007896044148774,0.0033659693880443045,0.9584608587148961,9,15,11
stratified_proportional_nested,35,185,0.0006183550287475775,0.9720279720279721,0.909090909090909,0.002699545327007448,0.934361390938797,9,15,11
stratified_proportional_nested,35,186,0.0015079772606190504,0.9930069930069931,0.9696969696969696,0.006317260072668322,0.8942454729544105,9,15,11
stratified_proportional_nested,35,187,0.0007021298152579287,0.9510489510489512,0.8484848484848484,0.0038204128121846963,0.8719736542440987,9,15,11
stratified_proportional_nested,35,188,0.005484529583675935,0.9930069930069931,0.9696969696969696,0.009549822509607866,0.9383567841437235,9,15,11
stratified_proportional_nested,35,189,0.000842294817429008,0.9790209790209792,0.909090909090909,0.005372214782505188,0.9126267602743372,9,15,11
stratified_proportional_nested,35,190,0.0021032008819824887,0.965034965034965,0.8787878787878787,0.0036275220640750935,0.9683433630522108,9,15,11
stratified_proportional_nested,35,191,0.005827965681519331,0.9720279720279721,0.909090909090909,0.006851453862417668,0.9315542163968106,9,15,11
stratified_proportional_nested,35,192,0.0012404421614730077,0.9580419580419581,0.8787878787878787,0.004110561209740504,0.9538132480806611,9,15,11
stratified_proportional_nested,35,193,0.0022293551734863235,0.9720279720279721,0.909090909090909,0.006106991279234545,0.907163207212582,9,15,11
stratified_proportional_nested,35,194,0.0023710254586216564,0.9860139860139862,0.9393939393939392,0.006667106460225149,0.952532490495661,9,15,11
stratified_proportional_nested,35,195,0.001637663177539012,0.965034965034965,0.8787878787878787,0.004537335121699598,0.9496417914612257,9,15,11
stratified_proportional_nested,35,196,0.003201594281895646,0.9930069930069931,0.9696969696969696,0.009016314590914757,0.9532172410817927,9,15,11
stratified_proportional_nested,35,197,0.0003948784040551495,0.9930069930069931,0.9696969696969696,0.0015549387675860748,0.980097451113756,9,15,11
stratified_proportional_nested,35,198,0.001102824561241428,0.965034965034965,0.8787878787878787,0.003272544680814884,0.8780300753275557,9,15,11
stratified_proportional_nested,35,199,0.0025819966556110898,0.965034965034965,0.8787878787878787,0.006734063346710652,0.9054449218891604,9,15,11
stratified_proportional_nested,40,0,0.001381657424173833,0.9930069930069931,0.9696969696969696,0.003369940793962065,0.9690216343134676,10,17,13
stratified_proportional_nested,40,1,0.002297260261053271,0.9842396880153765,0.9313248452425005,0.004332190937473854,0.9227234861807023,10,17,13
stratified_proportional_nested,40,2,0.0010644145163724178,0.9860139860139862,0.9393939393939392,0.003545550842289708,0.9707899076980748,10,17,13
stratified_proportional_nested,40,3,0.0015100705447412086,0.9702291586486097,0.9007896044148774,0.004023445173630937,0.9473507357056232,10,17,13
stratified_proportional_nested,40,4,0.0014234127433227712,0.9790209790209792,0.909090909090909,0.005923761278724789,0.9232386277233742,10,17,13
stratified_proportional_nested,40,5,0.000945974800060359,0.9772344233319931,0.9007896044148774,0.0046147269367519325,0.9544031059133878,10,17,13
stratified_proportional_nested,40,6,0.001381790402897238,0.9772344233319931,0.9313248452425005,0.003626319238908517,0.9636579505864672,10,17,13
stratified_proportional_nested,40,7,0.0029082974950958226,0.965034965034965,0.8787878787878787,0.0040926153532083575,0.9561495046168335,10,17,13
stratified_proportional_nested,40,8,0.0011156556511241883,0.9860139860139862,0.9393939393939392,0.003435199566380805,0.9707033884466263,10,17,13
stratified_proportional_nested,40,9,0.001596462388712844,0.9790209790209792,0.9393939393939392,0.007950919851478251,0.8844362964359528,10,17,13
stratified_proportional_nested,40,10,0.0002126857929681605,0.9790209790209792,0.9393939393939392,0.0009296155359631322,0.9590420102082783,10,17,13
stratified_proportional_nested,40,11,0.0015003630979326978,0.9720279720279721,0.909090909090909,0.003309681009188039,0.9501951803029608,10,17,13
stratified_proportional_nested,40,12,0.0010714180624717066,0.9370629370629372,0.8484848484848484,0.007490784696360397,0.911763896806697,10,17,13
stratified_proportional_nested,40,13,0.0017967283461596496,0.9790209790209792,0.909090909090909,0.009541805923971991,0.8800649502359311,10,17,13
stratified_proportional_nested,40,14,0.0003366219631809262,0.99124495269876,0.9618600860701234,0.002205795271112788,0.968370519444553,10,17,13
stratified_proportional_nested,40,15,0.0029397248000603573,0.9860139860139862,0.9393939393939392,0.004368813098423938,0.935578713908599,10,17,13
stratified_proportional_nested,40,16,0.0006978808284291549,0.99124495269876,0.9618600860701234,0.0054936385145322895,0.9057566146960861,10,17,13
stratified_proportional_nested,40,17,0.0015050616794929832,0.9860139860139862,0.9393939393939392,0.0034185770717705555,0.9438646603130595,10,17,13
stratified_proportional_nested,40,18,0.002647171608570998,0.9930069930069931,0.9696969696969696,0.004177327233861147,0.9571540352989828,10,17,13
stratified_proportional_nested,40,19,0.0004894588426135503,0.9930069930069931,0.9696969696969696,0.007177029480076569,0.9731069839492754,10,17,13
stratified_proportional_nested,40,20,0.0019045740908405035,0.9930069930069931,0.9696969696969696,0.004466829337057689,0.9572400137424677,10,17,13
stratified_proportional_nested,40,21,0.0010413648709823471,0.9720279720279721,0.909090909090909,0.002491402953486509,0.9287990527666484,10,17,13
stratified_proportional_nested,40,22,0.0019987230270107135,0.9930069930069931,0.9696969696969696,0.005589942166518667,0.9250530016516488,10,17,13
stratified_proportional_nested,40,23,0.0009234127433227682,0.9930069930069931,0.9696969696969696,0.003775061795063902,0.9497098236561999,10,17,13
stratified_proportional_nested,40,24,0.003856568771691566,0.9790209790209792,0.909090909090909,0.006648280523712493,0.8708356024215865,10,17,13
stratified_proportional_nested,40,25,0.0022791751546702905,0.9930069930069931,0.9696969696969696,0.00329776073425206,0.9318433333455699,10,17,13
stratified_proportional_nested,40,26,0.0006440687716915668,0.99124495269876,0.9618600860701234,0.006970645726900162,0.8899528087835961,10,17,13
stratified_proportional_nested,40,27,0.0042373755092802185,0.965034965034965,0.8787878787878787,0.0063461779338271,0.9754317075880291,10,17,13
stratified_proportional_nested,40,28,0.008864370190131282,0.9580419580419581,0.8787878787878787,0.009760319551335765,0.9281105489504294,10,17,13
stratified_proportional_nested,40,29,0.0011257177078617812,0.9930069930069931,0.9696969696969696,0.004642212382722872,0.9047350445630021,10,17,13
stratified_proportional_nested,40,30,0.0012781113248830516,0.965034965034965,0.8787878787878787,0.002225534834184799,0.9594033143475764,10,17,13
stratified_proportional_nested,40,31,0.0009649021050248998,1.0,0.9999999999999998,0.005110287095301178,0.9695586835845145,10,17,13
stratified_proportional_nested,40,32,0.00274841274332277,0.965034965034965,0.8787878787878787,0.0060896408107209065,0.9541558820442297,10,17,13
stratified_proportional_nested,40,33,0.0015494765731100047,0.9930069930069931,0.9696969696969696,0.0024480162117766356,0.9461795998785029,10,17,13
stratified_proportional_nested,40,34,0.0010120208993511374,0.9930069930069931,0.9696969696969696,0.0036802925627780364,0.8241788926000044,10,17,13
stratified_proportional_nested,40,35,0.0023907886298475934,0.9860139860139862,0.9393939393939392,0.005334602314678948,0.9807119276757672,10,17,13
stratified_proportional_nested,40,36,0.0020831201901312817,0.9790209790209792,0.9393939393939392,0.00548189739235731,0.9701887401414165,10,17,13
stratified_proportional_nested,40,37,0.0012680049419043313,0.9510489510489512,0.8787878787878787,0.002951478808092574,0.9719859133051933,10,17,13
stratified_proportional_nested,40,38,0.0009929162894220596,0.9720279720279721,0.909090909090909,0.003968982734286943,0.9227973017470252,10,17,13
stratified_proportional_nested,40,39,0.0010257177078617772,0.9930069930069931,0.9696969696969696,0.005535059884101118,0.9595996830197864,10,17,13
stratified_proportional_nested,40,40,0.003416187566017809,0.9860139860139862,0.9393939393939392,0.006652042162954573,0.9597450487839443,10,17,13
stratified_proportional_nested,40,41,0.0012024464312660348,0.965034965034965,0.8787878787878787,0.00235534615694262,0.8892509899899333,10,17,13
stratified_proportional_nested,40,42,0.0010488116794929844,1.0,0.9999999999999998,0.0025802413383589624,0.9700456522041195,10,17,13
stratified_proportional_nested,40,43,0.0011907443036064567,1.0,0.9999999999999998,0.009058192316097004,0.9582976637246735,10,17,13
stratified_proportional_nested,40,44,0.0010166751546702906,0.9720279720279721,0.909090909090909,0.004583877589626303,0.9509262667157404,10,17,13
stratified_proportional_nested,40,45,0.0034411875660178078,0.9930069930069931,0.9696969696969696,0.00585912076343216,0.9824620437102398,10,17,13
stratified_proportional_nested,40,46,0.001237375509280217,0.9562186292818428,0.8702543635872545,0.004097283448547199,0.946775100479894,10,17,13
stratified_proportional_nested,40,47,0.006080194658216389,0.9772344233319931,0.9313248452425005,0.007721463080565536,0.945810923644539,10,17,13
stratified_proportional_nested,40,48,0.0005033772823298659,0.9930069930069931,0.9696969696969696,0.0020281788256097306,0.8855127497640168,10,17,13
stratified_proportional_nested,40,49,0.0017250528142447542,0.9580419580419581,0.8787878787878787,0.0037431274836512833,0.9765934627288754,10,17,13
stratified_proportional_nested,40,50,0.0013847159348121323,0.9930069930069931,0.9696969696969696,0.005713928427302906,0.938282508184472,10,17,13
stratified_proportional_nested,40,51,0.0019024907575071696,0.9860139860139862,0.9393939393939392,0.0035086955742127195,0.9355621925772409,10,17,13
stratified_proportional_nested,40,52,0.0012942017504149667,0.9982502173821435,0.9923953268977463,0.002442468353154517,0.9389847655922391,10,17,13
stratified_proportional_nested,40,53,0.003375584729138375,0.9667265263069179,0.8702543635872545,0.007583763462682261,0.891946755461919,10,17,13
stratified_proportional_nested,40,54,0.0006899907575071664,0.9860139860139862,0.9393939393939392,0.0018751185172925695,0.9544872314106279,10,17,13
stratified_proportional_nested,40,55,0.0006353808284291549,0.9860139860139862,0.9393939393939392,0.0020700054406197375,0.9336393417992878,10,17,13
stratified_proportional_nested,40,56,0.0018313914667270265,0.9370629370629372,0.8484848484848484,0.00316557632937668,0.9677819307919702,10,17,13
stratified_proportional_nested,40,57,0.001247171608570996,0.9860139860139862,0.9393939393939392,0.0029281481137078437,0.9590924506199981,10,17,13
stratified_proportional_nested,40,58,0.0009093169986419187,0.9720279720279721,0.909090909090909,0.0033899442518947227,0.8823001622381192,10,17,13
stratified_proportional_nested,40,59,0.0008934482043156804,0.9702291586486097,0.9007896044148774,0.0025470513272344304,0.9730465674784531,10,17,13
stratified_proportional_nested,40,60,0.0005237673532518497,0.9842396880153765,0.9313248452425005,0.005679281079560002,0.9244094915999802,10,17,13
stratified_proportional_nested,40,61,0.0008090953674362475,0.9580419580419581,0.8787878787878787,0.0027017888466379044,0.8786482032056812,10,17,13
stratified_proportional_nested,40,62,0.005487907424173836,0.9930069930069931,0.9696969696969696,0.008087693600309498,0.9087651571978334,10,17,13
stratified_proportional_nested,40,63,0.00046299607665610385,0.9842396880153765,0.9313248452425005,0.0023215657568992436,0.9706417026326029,10,17,13
stratified_proportional_nested,40,64,0.0015003187716915644,0.9860139860139862,0.9393939393939392,0.007469234609798335,0.9340627865394503,10,17,13
stratified_proportional_nested,40,65,0.0023206201901312825,0.9860139860139862,0.9393939393939392,0.005866488131619332,0.8545989556188399,10,17,13
stratified_proportional_nested,40,66,0.0010008506865851832,0.9720279720279721,0.909090909090909,0.002950496861382651,0.9701190385369935,10,17,13
stratified_proportional_nested,40,67,0.0006901680624717056,0.9930069930069931,0.9696969696969696,0.003969630300425592,0.980731781212857,10,17,13
stratified_proportional_nested,40,68,0.002015522672400784,0.9860139860139862,0.9393939393939392,0.004271624412840253,0.9298686532278205,10,17,13
stratified_proportional_nested,40,69,0.0003345386298475928,0.9720279720279721,0.909090909090909,0.002997162875895352,0.9361266247072848,10,17,13
stratified_proportional_nested,40,70,0.0013609127433227687,0.9440559440559443,0.8181818181818181,0.006194980169653558,0.9778093029525574,10,17,13
stratified_proportional_nested,40,71,0.004888882601478799,0.9790209790209792,0.9393939393939392,0.006565978655291381,0.967145260321478,10,17,13
stratified_proportional_nested,40,72,0.002840965934812133,0.9720279720279721,0.8787878787878787,0.005580636536079154,0.9335243411564372,10,17,13
stratified_proportional_nested,40,73,0.0055365333106986575,0.9370629370629372,0.7878787878787877,0.008180162700723762,0.926840717967644,10,17,13
stratified_proportional_nested,40,74,0.0018739446582163842,0.9720279720279721,0.909090909090909,0.004498894685918354,0.9449930053710749,10,17,13
stratified_proportional_nested,40,75,0.0005343613248830542,0.9720279720279721,0.909090909090909,0.005163754544855934,0.9631166561478398,10,17,13
stratified_proportional_nested,40,76,0.0007735900482873079,0.9370629370629372,0.8484848484848484,0.0052794568578033866,0.9543808735781458,10,17,13
stratified_proportional_nested,40,77,0.0010868435943866006,0.9982502173821435,0.9923953268977463,0.004249304367523135,0.9465544492682708,10,17,13
stratified_proportional_nested,40,78,0.00030302267240078345,0.9860139860139862,0.9393939393939392,0.0038051981710746454,0.9524914440851865,10,17,13
stratified_proportional_nested,40,79,0.001644334729138376,0.9842396880153765,0.9313248452425005,0.00405590924639312,0.9612643712594854,10,17,13
stratified_proportional_nested,40,80,0.0004890155802022048,0.9580419580419581,0.8787878787878787,0.003875903945746348,0.9156197629830792,10,17,13
stratified_proportional_nested,40,81,0.0012141928851667468,0.9842396880153765,0.9313248452425005,0.00268207305685291,0.9731140794893873,10,17,13
stratified_proportional_nested,40,82,0.0007521804738192236,0.9632238939652261,0.9007896044148774,0.005160091790354743,0.9345212834217205,10,17,13
stratified_proportional_nested,40,83,0.0014086077787837613,0.9860139860139862,0.9393939393939392,0.003117339533788274,0.9789852265217248,10,17,13
stratified_proportional_nested,40,84,0.0005244765731100065,0.9510489510489512,0.8787878787878787,0.0018287426733787967,0.9017103729968726,10,17,13
stratified_proportional_nested,40,85,0.0005870208993511403,0.9860139860139862,0.9393939393939392,0.002489219299346508,0.9351790572656612,10,17,13
stratified_proportional_nested,40,86,0.004159760261053267,0.9580419580419581,0.8787878787878787,0.005604545031294542,0.8936019472189073,10,17,13
stratified_proportional_nested,40,87,0.0008124198355213523,0.9860139860139862,0.9393939393939392,0.0034200390341321695,0.8309046644309426,10,17,13
stratified_proportional_nested,40,88,0.0043767372114078785,0.9930069930069931,0.9696969696969696,0.006214710708734641,0.9694324690446546,10,17,13
stratified_proportional_nested,40,89,0.000938262034102912,0.9982502173821435,0.9923953268977463,0.0032748851826700925,0.935740678959101,10,17,13
stratified_proportional_nested,40,90,0.001571772672400788,0.9930069930069931,0.9696969696969696,0.0038149899216303046,0.926065659809079,10,17,13
stratified_proportional_nested,40,91,0.0010652567149539757,0.9790209790209792,0.909090909090909,0.0018655675707972524,0.9515246472970494,10,17,13
stratified_proportional_nested,40,92,0.0010977478497057503,0.9860139860139862,0.9393939393939392,0.0032997425619059675,0.9499533916255443,10,17,13
stratified_proportional_nested,40,93,0.0014522691263014946,0.9860139860139862,0.9393939393939392,0.005089662726127435,0.9244160658792557,10,17,13
stratified_proportional_nested,40,94,0.0005267815376490131,0.9702291586486097,0.9007896044148774,0.0025346175947980353,0.9425502386616392,10,17,13
stratified_proportional_nested,40,95,0.0012313028142447574,1.0,0.9999999999999998,0.003365693944586124,0.9695498952803213,10,17,13
stratified_proportional_nested,40,96,0.0006301503319752537,0.9790209790209792,0.9393939393939392,0.0037808283148442635,0.9183291636311118,10,17,13
stratified_proportional_nested,40,97,0.00073666628942206,0.9860139860139862,0.9393939393939392,0.002843643936510029,0.9466142638947681,10,17,13
stratified_proportional_nested,40,98,0.002093625509280218,0.965034965034965,0.8787878787878787,0.004129154440359633,0.9531834829683437,10,17,13
stratified_proportional_nested,40,99,0.0014537318922589412,0.965034965034965,0.8787878787878787,0.0029928127056149194,0.9690196544165376,10,17,13
stratified_proportional_nested,40,100,0.0011758063603440462,0.9964973622679555,0.9847319278346618,0.0031553521476592856,0.9166802889103932,10,17,13
stratified_proportional_nested,40,101,0.0009472159348121329,0.9860139860139862,0.9393939393939392,0.007262212314474201,0.9713752079381083,10,17,13
stratified_proportional_nested,40,102,0.0012093169986419187,0.9930069930069931,0.9696969696969696,0.005653156587917812,0.8618833813585307,10,17,13
stratified_proportional_nested,40,103,0.00039331522559227396,0.9877423203570683,0.9618600860701234,0.0074993857730211,0.9210869033360448,10,17,13
stratified_proportional_nested,40,104,0.001132721253961069,0.965034965034965,0.909090909090909,0.0032294842710195158,0.9548224464161889,10,17,13
stratified_proportional_nested,40,105,0.0012078985589256094,0.9860139860139862,0.9393939393939392,0.008088973452467707,0.9507683649489865,10,17,13
stratified_proportional_nested,40,106,0.00038830636034404756,0.9790209790209792,0.9393939393939392,0.002916333472547982,0.9641915141275503,10,17,13
stratified_proportional_nested,40,107,0.006634095367436247,0.9860139860139862,0.9393939393939392,0.008638278946409882,0.7839389551083569,10,17,13
stratified_proportional_nested,40,108,0.0012926946582163862,0.9860139860139862,0.9393939393939392,0.006948933208501459,0.9022797356430581,10,17,13
stratified_proportional_nested,40,109,0.0037921184170816376,0.9860139860139862,0.9393939393939392,0.007317274128812037,0.9682900571545755,10,17,13
stratified_proportional_nested,40,110,0.0009009393390674511,0.99124495269876,0.9618600860701234,0.0027773664389309626,0.8813208071407735,10,17,13
stratified_proportional_nested,40,111,0.0003611787007695806,0.9930069930069931,0.9696969696969696,0.005931357810782328,0.9451468784994499,10,17,13
stratified_proportional_nested,40,112,0.0013566130979326997,0.9790209790209792,0.9393939393939392,0.004462502826316484,0.9573319250669529,10,17,13
stratified_proportional_nested,40,113,0.00028759714048588953,1.0,0.9999999999999998,0.0034150260934258576,0.9577916098094089,10,17,13
stratified_proportional_nested,40,114,0.00146640919722348,0.9527159969401509,0.8702543635872545,0.0028539754203043845,0.9302878151835773,10,17,13
stratified_proportional_nested,40,115,0.002854618417081629,0.9860139860139862,0.9393939393939392,0.007648982157964834,0.9606126319851684,10,17,13
stratified_proportional_nested,40,116,0.002892606005734122,0.9982502173821435,0.9923953268977463,0.010623060668202516,0.8331097020891661,10,17,13
stratified_proportional_nested,40,117,0.000674343594386599,0.9580419580419581,0.8484848484848484,0.0016297539670171864,0.9334233018443546,10,17,13
stratified_proportional_nested,40,118,0.00024832409084050104,1.0,0.9999999999999998,0.0026935114203407826,0.958838475751009,10,17,13
stratified_proportional_nested,40,119,0.0011739003319752564,0.9510489510489512,0.8484848484848484,0.004530535983037421,0.824384354673246,10,17,13
stratified_proportional_nested,40,120,0.0007470829560887279,0.9772344233319931,0.9313248452425005,0.003189544314683499,0.8736473275357083,10,17,13
stratified_proportional_nested,40,121,0.0007527123887128409,0.99124495269876,0.9618600860701234,0.004338647716728078,0.9743032632811245,10,17,13
stratified_proportional_nested,40,122,0.0010336964312660328,0.9790209790209792,0.909090909090909,0.0021068611636878647,0.9772118557106996,10,17,13
stratified_proportional_nested,40,123,0.008189414516372416,0.965034965034965,0.8787878787878787,0.01556888620033361,0.9136091963911825,10,17,13
stratified_proportional_nested,40,124,0.0018310811830390837,0.9772344233319931,0.9313248452425005,0.00845387710430242,0.8820908991492834,10,17,13
stratified_proportional_nested,40,125,0.0019785102610532664,0.9632238939652261,0.9007896044148774,0.005084957359431117,0.9453294927652985,10,17,13
stratified_proportional_nested,40,126,0.0017014269277199374,0.965034965034965,0.8787878787878787,0.004088959575237967,0.8687267973959424,10,17,13
stratified_proportional_nested,40,127,0.0033191130979327026,0.9720279720279721,0.8787878787878787,0.007944186740938915,0.958230389740839,10,17,13
stratified_proportional_nested,40,128,0.0008365776369397921,0.9860139860139862,0.9393939393939392,0.003511698477814506,0.969521134994312,10,17,13
stratified_proportional_nested,40,129,0.0010561698355213524,0.965034965034965,0.8787878787878787,0.0023100504999088753,0.8998522241204746,10,17,13
stratified_proportional_nested,40,130,0.0006742549419043314,0.9930069930069931,0.9696969696969696,0.0035674994252577227,0.9332376036431788,10,17,13
stratified_proportional_nested,40,131,0.0012205758638901482,0.9720279720279721,0.909090909090909,0.003038282320927494,0.9403400276565753,10,17,13
stratified_proportional_nested,40,132,0.0007411875660178072,0.965034965034965,0.909090909090909,0.0021755537163170684,0.956760182331616,10,17,13
stratified_proportional_nested,40,133,0.0006283329560887265,0.9860139860139862,0.9393939393939392,0.0038987843126512055,0.9701252772877237,10,17,13
stratified_proportional_nested,40,134,0.0005406999773653237,0.9790209790209792,0.909090909090909,0.003661453351338343,0.934711431906799,10,17,13
stratified_proportional_nested,40,135,0.001944113097932702,0.9860139860139862,0.9393939393939392,0.006110322812105595,0.9251610810603862,10,17,13
stratified_proportional_nested,40,136,0.0007311698355213532,0.9930069930069931,0.9696969696969696,0.0021695144293488477,0.9265638125848193,10,17,13
stratified_proportional_nested,40,137,0.0014406556511241885,0.9860139860139862,0.9393939393939392,0.008067591864290805,0.864258872462993,10,17,13
stratified_proportional_nested,40,138,0.00038702089935113807,0.965034965034965,0.909090909090909,0.005244275502126957,0.9320764443449411,10,17,13
stratified_proportional_nested,40,139,0.0006438471404858921,0.9860139860139862,0.9393939393939392,0.0024012806215355895,0.9666968382030457,10,17,13
stratified_proportional_nested,40,140,0.0009724375660178076,0.965034965034965,0.8787878787878787,0.0025754293141564666,0.8734787339006834,10,17,13
stratified_proportional_nested,40,141,0.0007662318922589413,0.9930069930069931,0.9696969696969696,0.0026630200374937966,0.9801496748865172,10,17,13
stratified_proportional_nested,40,142,0.0002857797645993675,0.99124495269876,0.9618600860701234,0.001514264893250233,0.9806534680800715,10,17,13
stratified_proportional_nested,40,143,0.0013148134525426314,0.9860139860139862,0.9393939393939392,0.0024370447829452115,0.9481638980534567,10,17,13
stratified_proportional_nested,40,144,0.0021127301192092967,0.9580419580419581,0.8787878787878787,0.0049313064346995445,0.976574575172929,10,17,13
stratified_proportional_nested,40,145,0.0006997868567979459,0.9790209790209792,0.9393939393939392,0.007165997840751078,0.874076289633985,10,17,13
stratified_proportional_nested,40,146,0.0004590953674362453,0.9790209790209792,0.9393939393939392,0.0027596654636574554,0.9123232023041402,10,17,13
stratified_proportional_nested,40,147,0.004508873736230573,0.99124495269876,0.9618600860701234,0.008436887735170383,0.9182961584398465,10,17,13
stratified_proportional_nested,40,148,0.0007566130979326987,0.9790209790209792,0.9393939393939392,0.0075713814854879305,0.935597833402292,10,17,13
stratified_proportional_nested,40,149,0.0004303276369397929,0.9720279720279721,0.909090909090909,0.0018984211159744592,0.9115310560555061,10,17,13
stratified_proportional_nested,40,150,0.00041977799154972213,1.0,0.9999999999999998,0.0030347758179666384,0.9352046653289677,10,17,13
stratified_proportional_nested,40,151,0.0013243435943866,0.9930069930069931,0.9696969696969696,0.00463384683980849,0.9420418972499073,10,17,13
stratified_proportional_nested,40,152,0.001304529764599368,0.9930069930069931,0.9696969696969696,0.0047788352640755925,0.9229383516448663,10,17,13
stratified_proportional_nested,40,153,0.0010025794099894384,0.9930069930069931,0.9696969696969696,0.0036366036690359065,0.9432355782630785,10,17,13
stratified_proportional_nested,40,154,0.005041231892258941,0.965034965034965,0.8787878787878787,0.006627033082089753,0.9325076234105945,10,17,13
stratified_proportional_nested,40,155,0.0011503187716915646,0.99124495269876,0.9618600860701234,0.00612669111833283,0.9801430303799883,10,17,13
stratified_proportional_nested,40,156,0.00022456522559227473,0.9877423203570683,0.9618600860701234,0.002483499188662327,0.9281267112072134,10,17,13
stratified_proportional_nested,40,157,0.0004428276369397919,0.9440559440559443,0.8484848484848484,0.002222275505160232,0.8889313181156444,10,17,13
stratified_proportional_nested,40,158,0.0008676060057341183,0.9860139860139862,0.9393939393939392,0.004215991508791059,0.9567609595669094,10,17,13
stratified_proportional_nested,40,159,0.00019845706956390596,0.99124495269876,0.9618600860701234,0.0014191477823226337,0.9162920540413856,10,17,13
stratified_proportional_nested,40,160,0.001373102459634831,0.9790209790209792,0.909090909090909,0.008831178695937256,0.974255533319738,10,17,13
stratified_proportional_nested,40,161,0.0008646361475780885,0.9790209790209792,0.9393939393939392,0.0037258077151204397,0.9567593369239548,10,17,13
stratified_proportional_nested,40,162,0.0007176946582163885,0.9790209790209792,0.9393939393939392,0.003775453997425758,0.9063848207539881,10,17,13
stratified_proportional_nested,40,163,0.003763838275237665,0.9860139860139862,0.9393939393939392,0.008303153744223192,0.9682955312948315,10,17,13
stratified_proportional_nested,40,164,0.0013195120341029114,0.9860139860139862,0.9393939393939392,0.0034908730025573023,0.9119567385729713,10,17,13
stratified_proportional_nested,40,165,0.000267517353251848,0.9720279720279721,0.909090909090909,0.0021698544593934284,0.917330650599364,10,17,13
stratified_proportional_nested,40,166,0.004923191112117096,0.9790209790209792,0.9393939393939392,0.008571011805187455,0.9713115441032706,10,17,13
stratified_proportional_nested,40,167,0.0006622425305568154,0.9720279720279721,0.909090909090909,0.004323789753586907,0.9748967262803956,10,17,13
stratified_proportional_nested,40,168,0.0014185368567979474,0.965034965034965,0.909090909090909,0.0037507834678843235,0.9579318303039095,10,17,13
stratified_proportional_nested,40,169,0.00039686132488305506,1.0,0.9999999999999998,0.002806528413501508,0.9624456945273739,10,17,13
stratified_proportional_nested,40,170,0.0015712407575071696,0.9930069930069931,0.9696969696969696,0.0035774989930161365,0.9605213763570463,10,17,13
stratified_proportional_nested,40,171,0.0002882620341029123,0.9790209790209792,0.909090909090909,0.005730446425614888,0.9292717648449699,10,17,13
stratified_proportional_nested,40,172,0.00122048721140788,0.9860139860139862,0.9393939393939392,0.002839087655243608,0.9712755659317486,10,17,13
stratified_proportional_nested,40,173,0.0008037762185000777,0.9720279720279721,0.909090909090909,0.0018756340222531099,0.9566987142636908,10,17,13
stratified_proportional_nested,40,174,0.0022913205447412086,0.9580419580419581,0.8787878787878787,0.008893121303354977,0.9749003306170644,10,17,13
stratified_proportional_nested,40,175,0.0006131290553795064,0.99124495269876,0.9618600860701234,0.002517781557679857,0.9052563061923647,10,17,13
stratified_proportional_nested,40,176,0.0005590953674362449,1.0,0.9999999999999998,0.0043870185830387895,0.9519653710639769,10,17,13
stratified_proportional_nested,40,177,0.0014410989135355374,0.9860139860139862,0.9393939393939392,0.0039960649822768325,0.9508094988701679,10,17,13
stratified_proportional_nested,40,178,0.0018923843745284458,0.9457107322567676,0.8397191227596315,0.00543206983399901,0.9372914962750375,10,17,13
stratified_proportional_nested,40,179,0.001529396785875965,0.9930069930069931,0.9696969696969696,0.004332870201328523,0.9700944259740162,10,17,13
stratified_proportional_nested,40,180,0.004640212388712842,0.9580419580419581,0.8787878787878787,0.013522756051634922,0.9166144490530362,10,17,13
stratified_proportional_nested,40,181,0.0034004074241738326,0.9772344233319931,0.9313248452425005,0.004614023710030608,0.9361614304949454,10,17,13
stratified_proportional_nested,40,182,0.0019295297645993672,0.9790209790209792,0.9393939393939392,0.005640401555905394,0.9291306853523823,10,17,13
stratified_proportional_nested,40,183,0.0005703099064433377,0.9772344233319931,0.9313248452425005,0.002515277021039043,0.9754271956915682,10,17,13
stratified_proportional_nested,40,184,0.0022825439489965287,0.9772344233319931,0.9313248452425005,0.004404115140499998,0.974229715840457,10,17,13
stratified_proportional_nested,40,185,0.0004876857929681589,0.99124495269876,0.9618600860701234,0.004005558827384196,0.9620282105204015,10,17,13
stratified_proportional_nested,40,186,0.0011487673532518494,0.9930069930069931,0.9696969696969696,0.003452060438431988,0.8737253555174102,10,17,13
stratified_proportional_nested,40,187,0.0020746982043156796,0.9930069930069931,0.9696969696969696,0.004548719135170537,0.92301235823457,10,17,13
stratified_proportional_nested,40,188,0.003446019126301492,0.9492133645984593,0.8702543635872545,0.005281682067800757,0.9425334666274693,10,17,13
stratified_proportional_nested,40,189,0.00036556699864191857,0.9860139860139862,0.9393939393939392,0.002011065509308235,0.9653597721597779,10,17,13
stratified_proportional_nested,40,190,0.0010176946582163902,0.9790209790209792,0.909090909090909,0.0028172590761885185,0.9736999034755339,10,17,13
stratified_proportional_nested,40,191,0.001043315225592273,0.9720279720279721,0.909090909090909,0.0019875677194276914,0.9742604806797899,10,17,13
stratified_proportional_nested,40,192,0.0018315687716915646,0.9930069930069931,0.9696969696969696,0.005370101140422652,0.9830173963029173,10,17,13
stratified_proportional_nested,40,193,0.0008839180624717084,0.9842396880153765,0.9313248452425005,0.0028475938662518158,0.9373944347474891,10,17,13
stratified_proportional_nested,40,194,0.0024068790553795063,0.9790209790209792,0.9393939393939392,0.008365914425708918,0.9461318583994057,10,17,13
stratified_proportional_nested,40,195,0.0007696006865851828,0.9440559440559443,0.8484848484848484,0.004180170056413844,0.8748490402226148,10,17,13
stratified_proportional_nested,40,196,0.0007709304738192244,0.9790209790209792,0.9393939393939392,0.003644411468645676,0.9570247930901341,10,17,13
stratified_proportional_nested,40,197,0.0009218613248830539,0.9720279720279721,0.909090909090909,0.002006776762831572,0.9660565768235311,10,17,13
stratified_proportional_nested,40,198,0.0008773134525426294,0.9790209790209792,0.909090909090909,0.0041219661870175355,0.874734714380974,10,17,13
stratified_proportional_nested,40,199,0.003528997849705748,0.9860139860139862,0.9393939393939392,0.007484763267794389,0.9530724753461114,10,17,13
stratified_proportional_nested,45,0,0.0008462703083345919,0.9930069930069931,0.9696969696969696,0.002015068577702959,0.9080860942438242,12,19,14
stratified_proportional_nested,45,1,0.0020030516759906645,0.9860139860139862,0.9393939393939392,0.0035159622767235547,0.9277383993593391,12,19,14
stratified_proportional_nested,45,2,0.0006274453367909443,0.9930069930069931,0.9696969696969696,0.0028140417834826557,0.968991323395926,12,19,14
stratified_proportional_nested,45,3,0.00519222950630325,0.9860139860139862,0.9393939393939392,0.007251350943321827,0.9742710073819708,12,19,14
stratified_proportional_nested,45,4,0.0010348352325969157,0.9860139860139862,0.9393939393939392,0.0030785415353686394,0.9620306791394176,12,19,14
stratified_proportional_nested,45,5,0.0007030254085885103,0.9720279720279721,0.909090909090909,0.0025838736312725563,0.9492532011977213,12,19,14
stratified_proportional_nested,45,6,0.00045429062179225786,0.9930069930069931,0.9696969696969696,0.0011956579828504706,0.9573036193894509,12,19,14
stratified_proportional_nested,45,7,0.0013408329560887318,0.9790209790209792,0.9393939393939392,0.0030951127426963403,0.8933828655746687,12,19,14
stratified_proportional_nested,45,8,0.0022259743622703265,0.9860139860139862,0.9393939393939392,0.004619701330568136,0.9350976734058648,12,19,14
stratified_proportional_nested,45,9,0.0003744026960414482,0.9860139860139862,0.9393939393939392,0.0015087395764194669,0.9760143742274235,12,19,14
stratified_proportional_nested,45,10,0.0007904082997539034,0.9807370556736849,0.9313248452425005,0.003651785596510071,0.9467371895667757,12,19,14
stratified_proportional_nested,45,11,0.002457722895673703,0.965034965034965,0.8787878787878787,0.0038414441623063483,0.9759131418541372,12,19,14
stratified_proportional_nested,45,12,0.0010107742922239185,0.9930069930069931,0.9696969696969696,0.0016276027675356597,0.9518492898476,12,19,14
stratified_proportional_nested,45,13,0.0005168770853243498,0.9790209790209792,0.9393939393939392,0.0031334520293702806,0.9028233877576689,12,19,14
stratified_proportional_nested,45,14,0.0005181729438306066,0.9860139860139862,0.9393939393939392,0.0016089120348560064,0.9483154815901543,12,19,14
stratified_proportional_nested,45,15,0.0012011954462384522,0.9930069930069931,0.9696969696969696,0.003552196869052332,0.9246058864268681,12,19,14
stratified_proportional_nested,45,16,0.0006590712889842717,0.9894797752097304,0.9539590550898286,0.0051348021744349725,0.91792781551063,12,19,14
stratified_proportional_nested,45,17,0.0011051968471665668,0.9580419580419581,0.8787878787878787,0.002839796524693799,0.9724682658282271,12,19,14
stratified_proportional_nested,45,18,0.0008417523151641134,0.9860139860139862,0.9393939393939392,0.002455884659958168,0.9391675604535695,12,19,14
stratified_proportional_nested,45,19,0.00042700754675504345,0.9790209790209792,0.9393939393939392,0.0021061570444839486,0.9748657485575528,12,19,14
stratified_proportional_nested,45,20,0.0018290914273259237,0.9720279720279721,0.909090909090909,0.0036663120442082648,0.9841726048141802,12,19,14
stratified_proportional_nested,45,21,0.0014730805701330344,0.9930069930069931,0.9696969696969696,0.0027288712373735786,0.9636389011763624,12,19,14
stratified_proportional_nested,45,22,0.0021555427012949283,0.9580419580419581,0.8787878787878787,0.005423366194482307,0.9760785934008208,12,19,14
stratified_proportional_nested,45,23,0.0004301946582163886,0.9790209790209792,0.909090909090909,0.0014887410106650643,0.9847817214531395,12,19,14
stratified_proportional_nested,45,24,0.0027905483925653955,0.9860139860139862,0.9393939393939392,0.00696092824915952,0.9192316965157484,12,19,14
stratified_proportional_nested,45,25,0.0018441163813579708,0.9632238939652261,0.8702543635872545,0.003886663291304005,0.9176570461299357,12,19,14
stratified_proportional_nested,45,26,0.00043380204811219305,0.9930069930069931,0.9696969696969696,0.001976153062794832,0.9670554007317133,12,19,14
stratified_proportional_nested,45,27,0.0010100738281664816,0.9720279720279721,0.909090909090909,0.001805007432079223,0.9625867753490107,12,19,14
stratified_proportional_nested,45,28,0.001926631047324172,0.9860139860139862,0.9393939393939392,0.0028563671213329886,0.9608677871835768,12,19,14
stratified_proportional_nested,45,29,0.0014182342344356315,0.9790209790209792,0.909090909090909,0.0036787273417112827,0.9017150231705036,12,19,14
stratified_proportional_nested,45,30,0.00256398329318706,0.9860139860139862,0.9393939393939392,0.004514710278027288,0.9795695115597876,12,19,14
stratified_proportional_nested,45,31,0.001772879186716519,0.9930069930069931,0.9696969696969696,0.0033754811483945185,0.9514017111611993,12,19,14
stratified_proportional_nested,45,32,0.0009529159610795363,0.9930069930069931,0.9696969696969696,0.0041604745599378564,0.9830443791033868,12,19,14
stratified_proportional_nested,45,33,0.001016027772654702,0.9860139860139862,0.9393939393939392,0.0025255298464415,0.9836357599065128,12,19,14
stratified_proportional_nested,45,34,0.0035373831706058483,0.9807370556736849,0.9313248452425005,0.004643234910410252,0.9426441366696398,12,19,14
stratified_proportional_nested,45,35,0.00024015875943344468,0.9930069930069931,0.9696969696969696,0.0032541708411588707,0.9560032077743817,12,19,14
stratified_proportional_nested,45,36,0.0018457624718929483,0.9440559440559443,0.8484848484848484,0.00302729587038468,0.9093661404823693,12,19,14
stratified_proportional_nested,45,37,0.000494357165877713,0.9930069930069931,0.9696969696969696,0.0014503307968822092,0.9743149723583255,12,19,14
stratified_proportional_nested,45,38,0.0006056609046046195,0.9720279720279721,0.909090909090909,0.0026074602537742297,0.9543807751928838,12,19,14
stratified_proportional_nested,45,39,0.001413366009236439,0.9930069930069931,0.9696969696969696,0.0037984063254418426,0.935982597402448,12,19,14
stratified_proportional_nested,45,40,0.0020094258989133483,0.9720279720279721,0.909090909090909,0.007802392725583103,0.9760840642098804,12,19,14
stratified_proportional_nested,45,41,0.00034232144221078294,1.0,0.9999999999999998,0.002889632807827143,0.8663684905339627,12,19,14
stratified_proportional_nested,45,42,0.0037330928282540417,0.965034965034965,0.8787878787878787,0.005501048826989502,0.8407547394609574,12,19,14
stratified_proportional_nested,45,43,0.0009695169592408149,0.9790209790209792,0.909090909090909,0.0035869870085615055,0.9624874358873701,12,19,14
stratified_proportional_nested,45,44,0.0003139526478845447,0.9790209790209792,0.9393939393939392,0.0015055985436649268,0.9357235898871847,12,19,14
stratified_proportional_nested,45,45,0.0005793234560449492,0.9807370556736849,0.9313248452425005,0.001308527353436501,0.9643170251203362,12,19,14
stratified_proportional_nested,45,46,0.0010070618327194998,0.9720279720279721,0.909090909090909,0.004488463060149676,0.9435488928792481,12,19,14
stratified_proportional_nested,45,47,0.0003928949471578125,0.9930069930069931,0.9696969696969696,0.0009075598308986057,0.9877216991046,12,19,14
stratified_proportional_nested,45,48,0.0005025876185526079,0.9860139860139862,0.9393939393939392,0.0014345428411951641,0.9590665974354482,12,19,14
stratified_proportional_nested,45,49,0.000766312336178038,0.9860139860139862,0.9393939393939392,0.0055286991453501475,0.9766664836778833,12,19,14
stratified_proportional_nested,45,50,0.0005043037554933327,0.9930069930069931,0.9696969696969696,0.0014205674090196254,0.963672324793922,12,19,14
stratified_proportional_nested,45,51,0.0020946023282978174,0.9860139860139862,0.9393939393939392,0.003057328920847091,0.9742017668265383,12,19,14
stratified_proportional_nested,45,52,0.0007513574285517343,0.9860139860139862,0.9393939393939392,0.0029384997538052875,0.9403744113847957,12,19,14
stratified_proportional_nested,45,53,0.0005058447764196972,0.9930069930069931,0.9696969696969696,0.0028598679368638815,0.88116322273664,12,19,14
stratified_proportional_nested,45,54,0.001293551632211659,0.9580419580419581,0.8484848484848484,0.004051696976882474,0.9454852847385483,12,19,14
stratified_proportional_nested,45,55,0.0005138300666744929,0.9720279720279721,0.909090909090909,0.0015008273215411112,0.9455055227210135,12,19,14
stratified_proportional_nested,45,56,0.0023434421847026844,0.9860139860139862,0.9393939393939392,0.0037427931906834754,0.9324273697164124,12,19,14
stratified_proportional_nested,45,57,0.0018456924254872025,0.9790209790209792,0.9393939393939392,0.006218093021295931,0.9336035862152102,12,19,14
stratified_proportional_nested,45,58,0.0005061249620426744,0.9930069930069931,0.9696969696969696,0.002291052414348319,0.9683931878345898,12,19,14
stratified_proportional_nested,45,59,0.0002978069513605956,0.9860139860139862,0.9393939393939392,0.0054761537607245616,0.9502285583672455,12,19,14
stratified_proportional_nested,45,60,0.0003357020568679932,0.9930069930069931,0.9696969696969696,0.0023765436591688077,0.9535806661573263,12,19,14
stratified_proportional_nested,45,61,0.0003946110840985352,0.9842396880153765,0.9313248452425005,0.0008658735349582531,0.9683781857653999,12,19,14
stratified_proportional_nested,45,62,0.000699558111504191,0.9720279720279721,0.8787878787878787,0.0022515413036559655,0.8984029783606252,12,19,14
stratified_proportional_nested,45,63,0.0004906447063732915,0.99124495269876,0.9618600860701234,0.0017570589616271268,0.9584505775420751,12,19,14
stratified_proportional_nested,45,64,0.00034134079253037193,1.0,0.9999999999999998,0.0012007938732587528,0.9647552832861459,12,19,14
stratified_proportional_nested,45,65,0.001817288607958091,0.9720279720279721,0.909090909090909,0.0035728098746936974,0.8921601119352457,12,19,14
stratified_proportional_nested,45,66,0.0003654367561062406,0.9930069930069931,0.9696969696969696,0.002986921944062327,0.8921102027229576,12,19,14
stratified_proportional_nested,45,67,0.0008099162237535593,0.9772344233319931,0.9007896044148774,0.004192550188999371,0.8768202782181419,12,19,14
stratified_proportional_nested,45,68,0.0004635367473504379,0.9772344233319931,0.9313248452425005,0.001944880925336175,0.9020620911668195,12,19,14
stratified_proportional_nested,45,69,0.0009959945006119788,0.99124495269876,0.9618600860701234,0.00276597632255939,0.9514242847551825,12,19,14
stratified_proportional_nested,45,70,0.0013047940803335388,0.9720279720279721,0.909090909090909,0.005850043529004913,0.9217532315543838,12,19,14
stratified_proportional_nested,45,71,0.0017920719018903238,0.9790209790209792,0.909090909090909,0.003524587990269464,0.867560945800045,12,19,14
stratified_proportional_nested,45,72,0.0013376808678302562,0.9720279720279721,0.909090909090909,0.003720689232654175,0.9276337167909912,12,19,14
stratified_proportional_nested,45,73,0.0007007839236047067,0.9790209790209792,0.9393939393939392,0.0018907003785919808,0.9625677608786886,12,19,14
stratified_proportional_nested,45,74,0.0018270951047622268,0.9930069930069931,0.9696969696969696,0.0037011349864148,0.8510363198830895,12,19,14
stratified_proportional_nested,45,75,0.0006100388049636075,0.9930069930069931,0.9696969696969696,0.0013423632485209125,0.9647249051243106,12,19,14
stratified_proportional_nested,45,76,0.0007069480073101614,0.9860139860139862,0.9393939393939392,0.002357874998516899,0.9813059908406604,12,19,14
stratified_proportional_nested,45,77,0.0010691579714113804,0.9720279720279721,0.909090909090909,0.002446401714220109,0.9204074483464386,12,19,14
stratified_proportional_nested,45,78,0.0005858377717791228,0.9702291586486097,0.9007896044148774,0.0022032359293876584,0.9420926483723243,12,19,14
stratified_proportional_nested,45,79,0.00138191517305747,0.9510489510489512,0.8484848484848484,0.0024874530685876466,0.9219885353397702,12,19,14
stratified_proportional_nested,45,80,0.0002647100246466472,0.9930069930069931,0.9696969696969696,0.0025499559039271814,0.974282298380473,12,19,14
stratified_proportional_nested,45,81,0.0011065977752814451,0.965034965034965,0.8787878787878787,0.0037460788693747735,0.9631315607511933,12,19,14
stratified_proportional_nested,45,82,0.0011187858498808677,0.9860139860139862,0.9393939393939392,0.0019099634136510873,0.9731386667165572,12,19,14
stratified_proportional_nested,45,83,0.0008861617364056898,0.9720279720279721,0.8787878787878787,0.00169825585179183,0.9020744244366159,12,19,14
stratified_proportional_nested,45,84,0.0017131646258199244,0.9860139860139862,0.9393939393939392,0.0025837687673304667,0.8877742630365549,12,19,14
stratified_proportional_nested,45,85,0.0004944272122834573,0.9580419580419581,0.8484848484848484,0.001847244307336149,0.9529766509199313,12,19,14
stratified_proportional_nested,45,86,0.0007738073015926246,0.9860139860139862,0.9393939393939392,0.0033754911811344,0.9208291970442635,12,19,14
stratified_proportional_nested,45,87,0.0007279619290333038,0.965034965034965,0.8787878787878787,0.002109280105547913,0.9572730490157272,12,19,14
stratified_proportional_nested,45,88,0.0008267273611320706,0.9807370556736849,0.9313248452425005,0.0052199090344560925,0.970824677211605,12,19,14
stratified_proportional_nested,45,89,0.0006833773917773732,0.9930069930069931,0.9696969696969696,0.0027746727887317866,0.9403105891867137,12,19,14
stratified_proportional_nested,45,90,0.0021147406699491616,0.9930069930069931,0.9696969696969696,0.003920156590131692,0.9830874651199885,12,19,14
stratified_proportional_nested,45,91,9.666869726725835e-05,0.9860139860139862,0.9393939393939392,0.0032730697313808066,0.94094948434312,12,19,14
stratified_proportional_nested,45,92,0.0002529422284816897,1.0,0.9999999999999998,0.0031924177568329066,0.934243027737649,12,19,14
stratified_proportional_nested,45,93,0.0005101176071700713,0.99124495269876,0.9618600860701234,0.0013525972538907841,0.9642429437726553,12,19,14
stratified_proportional_nested,45,94,0.004100346133568813,0.99124495269876,0.9618600860701234,0.005775289933096456,0.9436536287497014,12,19,14
stratified_proportional_nested,45,95,0.0003680985195245032,0.9860139860139862,0.9393939393939392,0.0014511578436134896,0.9690257273722227,12,19,14
stratified_proportional_nested,45,96,0.00035983304364673547,0.9860139860139862,0.9393939393939392,0.0021917246253687693,0.9484899942645004,12,19,14
stratified_proportional_nested,45,97,0.0002556740383056965,0.9842396880153765,0.9313248452425005,0.0014270053745823765,0.980117880639487,12,19,14
stratified_proportional_nested,45,98,0.0008110019430425853,0.9772344233319931,0.9313248452425005,0.002923916250351582,0.9175222688733627,12,19,14
stratified_proportional_nested,45,99,0.0006849884591094788,0.9790209790209792,0.9393939393939392,0.004616103939010712,0.9655824391422468,12,19,14
stratified_proportional_nested,45,100,0.00010570468360821038,0.9930069930069931,0.9696969696969696,0.0022617522773447116,0.8951897947550096,12,19,14
stratified_proportional_nested,45,101,0.0007886571396103093,0.9790209790209792,0.9393939393939392,0.0031736779945896465,0.9778032242832896,12,19,14
stratified_proportional_nested,45,102,0.0005266835821284777,0.9790209790209792,0.9393939393939392,0.0022393738584486835,0.9765653900535503,12,19,14
stratified_proportional_nested,45,103,0.00019098618260129243,0.9930069930069931,0.9696969696969696,0.00196196807721755,0.9806875769410127,12,19,14
stratified_proportional_nested,45,104,0.0018525569732500977,0.9702291586486097,0.9007896044148774,0.00427707462665994,0.8805340723672477,12,19,14
stratified_proportional_nested,45,105,0.00109602076801413,0.9807370556736849,0.9313248452425005,0.0035151794612889795,0.9181644683388391,12,19,14
stratified_proportional_nested,45,106,0.001320519498423025,0.9930069930069931,0.9696969696969696,0.0025297319941108686,0.9690242289976165,12,19,14
stratified_proportional_nested,45,107,0.0015503767788713225,1.0,0.9999999999999998,0.0039000005539817236,0.8238314026070802,12,19,14
stratified_proportional_nested,45,108,0.00016142659937740667,0.965034965034965,0.8787878787878787,0.003931020040877746,0.9202361868568768,12,19,14
stratified_proportional_nested,45,109,0.0009686764023718917,0.9982502173821435,0.9923953268977463,0.003032696974090754,0.9718729270429755,12,19,14
stratified_proportional_nested,45,110,0.0020642372114078786,0.9562186292818428,0.8702543635872545,0.003364457610016408,0.9672934149445159,12,19,14
stratified_proportional_nested,45,111,0.0040112821286655605,0.965034965034965,0.8787878787878787,0.008064571948354598,0.947930333018602,12,19,14
stratified_proportional_nested,45,112,0.00188589906238415,0.9720279720279721,0.909090909090909,0.0030387866727177187,0.9620203045933523,12,19,14
stratified_proportional_nested,45,113,0.0007113259076691483,0.99124495269876,0.9618600860701234,0.0033255061517271298,0.9772124235891985,12,19,14
stratified_proportional_nested,45,114,0.0006751119158996014,0.9860139860139862,0.9393939393939392,0.0033622664596258127,0.867057121826126,12,19,14
stratified_proportional_nested,45,115,0.0003607436469214042,0.9790209790209792,0.9393939393939392,0.002712704218601363,0.97953143691945,12,19,14
stratified_proportional_nested,45,116,0.0011156337616223969,0.9580419580419581,0.8484848484848484,0.004405934090831367,0.9350395126890407,12,19,14
stratified_proportional_nested,45,117,0.0007221130541536979,0.9860139860139862,0.9393939393939392,0.0044710113272250504,0.9754614774955868,12,19,14
stratified_proportional_nested,45,118,0.0012509634175194254,1.0,0.9999999999999998,0.002155477644787267,0.9314903931306714,12,19,14
stratified_proportional_nested,45,119,0.000200057192145116,0.9930069930069931,0.9696969696969696,0.00350281528713876,0.9471561887740734,12,19,14
stratified_proportional_nested,45,120,0.0008279531732325855,0.9790209790209792,0.9393939393939392,0.0029859104693996177,0.9403522853469517,12,19,14
stratified_proportional_nested,45,121,0.0025929825051649908,1.0,0.9999999999999998,0.005517709456563995,0.9643432789401306,12,19,14
stratified_proportional_nested,45,122,0.0005236365634786249,0.9790209790209792,0.909090909090909,0.0033268491430120824,0.8188827951615831,12,19,14
stratified_proportional_nested,45,123,0.0018198803249706095,0.99124495269876,0.9618600860701234,0.004623462299406271,0.9455537237491116,12,19,14
stratified_proportional_nested,45,124,0.0007338108039129133,0.9807370556736849,0.9313248452425005,0.007003473696598778,0.9554437496509539,12,19,14
stratified_proportional_nested,45,125,0.0008629763761044884,0.9790209790209792,0.909090909090909,0.002974964750186522,0.95896139001047,12,19,14
stratified_proportional_nested,45,126,0.0006310527266867512,0.9807370556736849,0.9313248452425005,0.004203165700208472,0.9419075873389651,12,19,14
stratified_proportional_nested,45,127,0.0008711367823736431,0.9580419580419581,0.8484848484848484,0.002689682134010883,0.9262156723791274,12,19,14
stratified_proportional_nested,45,128,0.0006469182375877234,0.9632238939652261,0.8702543635872545,0.0023004571047152817,0.9147247293414654,12,19,14
stratified_proportional_nested,45,129,0.0005211148928718467,0.9370629370629372,0.8181818181818181,0.001955083785591797,0.9251681842492779,12,19,14
stratified_proportional_nested,45,130,0.0011077185177733415,0.9930069930069931,0.9696969696969696,0.0014281014732249722,0.9696387124231262,12,19,14
stratified_proportional_nested,45,131,0.0003593076956036574,0.9930069930069931,0.9696969696969696,0.0024686937643119237,0.886599915374386,12,19,14
stratified_proportional_nested,45,132,0.0011659621041493204,0.9930069930069931,0.9696969696969696,0.002204326531833623,0.9614136892614947,12,19,14
stratified_proportional_nested,45,133,0.0002142065661053642,0.9860139860139862,0.9393939393939392,0.0025343348406870695,0.9854046538257065,12,19,14
stratified_proportional_nested,45,134,0.0001579943254959597,0.9860139860139862,0.9393939393939392,0.0017149452709677299,0.9464775962753418,12,19,14
stratified_proportional_nested,45,135,0.0007701298652910744,0.9930069930069931,0.9696969696969696,0.002431722419910819,0.9625610398822926,12,19,14
stratified_proportional_nested,45,136,0.00035149752136322303,1.0,0.9999999999999998,0.0011214115201328297,0.9690712795975954,12,19,14
stratified_proportional_nested,45,137,0.0005938580852367894,0.9860139860139862,0.9393939393939392,0.002524440116407699,0.875837570659738,12,19,14
stratified_proportional_nested,45,138,0.00044560486748002574,0.9772344233319931,0.9313248452425005,0.003784882017596202,0.9205025968120929,12,19,14
stratified_proportional_nested,45,139,0.003852662042858715,0.9720279720279721,0.909090909090909,0.005401147950459549,0.8868869477267759,12,19,14
stratified_proportional_nested,45,140,0.00048038290793182473,0.9790209790209792,0.9393939393939392,0.0017070188830123206,0.9572502366874306,12,19,14
stratified_proportional_nested,45,141,0.002588009210357182,0.9473742528603802,0.8616404368553291,0.003903165490829552,0.9455885638969049,12,19,14
stratified_proportional_nested,45,142,0.00038245803270198735,0.9930069930069931,0.9696969696969696,0.0032031986773882627,0.9442548457340817,12,19,14
stratified_proportional_nested,45,143,0.0007354568944478914,0.965034965034965,0.8787878787878787,0.0016676771075209605,0.9356336379895748,12,19,14
stratified_proportional_nested,45,144,0.00024958000100598583,0.9720279720279721,0.909090909090909,0.002190022549237199,0.9266936056544609,12,19,14
stratified_proportional_nested,45,145,0.0006122102435416634,0.9720279720279721,0.909090909090909,0.002408420203774546,0.9455952932411357,12,19,14
stratified_proportional_nested,45,146,0.000496248418832796,0.9720279720279721,0.909090909090909,0.0017916987845204768,0.9695675956127815,12,19,14
stratified_proportional_nested,45,147,0.0005356845452665575,0.9720279720279721,0.909090909090909,0.010090056765242264,0.9163245288522393,12,19,14
stratified_proportional_nested,45,148,0.0012250112241913467,1.0,0.9999999999999998,0.005495697189053111,0.9643535763848826,12,19,14
stratified_proportional_nested,45,149,0.00030586228802113337,0.9930069930069931,0.9696969696969696,0.0016134316533117814,0.9448170146494866,12,19,14
stratified_proportional_nested,45,150,0.0030200904641878436,0.9562186292818428,0.9007896044148774,0.007585054877342343,0.9632433010805274,12,19,14
stratified_proportional_nested,45,151,0.0009741400220199097,0.9648126568294783,0.8839599998785472,0.007988604565402646,0.9324862467460915,12,19,14
stratified_proportional_nested,45,152,0.000616027772654704,0.9580419580419581,0.8484848484848484,0.008075658387649716,0.9689807375146452,12,19,14
stratified_proportional_nested,45,153,0.0005316919001391618,0.9720279720279721,0.909090909090909,0.002052392987306749,0.9395099251159218,12,19,14
stratified_proportional_nested,45,154,0.0010256941766473473,0.9790209790209792,0.9393939393939392,0.00633906997984379,0.9374452888289583,12,19,14
stratified_proportional_nested,45,155,0.0018253789678215019,0.9842396880153765,0.9313248452425005,0.0035690988950725453,0.9285873724107191,12,19,14
stratified_proportional_nested,45,156,0.000571022956964307,0.9790209790209792,0.9393939393939392,0.004289890186863705,0.966870542310128,12,19,14
stratified_proportional_nested,45,157,0.0005421638377978596,0.9790209790209792,0.9393939393939392,0.006810213987872773,0.9759238825563031,12,19,14
stratified_proportional_nested,45,158,0.000590005532920881,0.9720279720279721,0.909090909090909,0.0021852507164248683,0.9321540880533932,12,19,14
stratified_proportional_nested,45,159,0.0011920193670860143,0.9877423203570683,0.9618600860701234,0.0033865458646267564,0.9186207201986306,12,19,14
stratified_proportional_nested,45,160,0.001958677277951962,0.9790209790209792,0.9393939393939392,0.0030538158915459084,0.9584113639303075,12,19,14
stratified_proportional_nested,45,161,0.0005790082472191014,1.0,0.9999999999999998,0.002992937487655369,0.946500114558733,12,19,14
stratified_proportional_nested,45,162,0.0019659270809464506,0.938705467573384,0.8397191227596315,0.007175808250611211,0.8674252396229525,12,19,14
stratified_proportional_nested,45,163,0.0010165881439006565,1.0,0.9999999999999998,0.0031906095953822163,0.9357194975375652,12,19,14
stratified_proportional_nested,45,164,0.0009333029674712712,0.9230769230769231,0.7878787878787877,0.0038029557803936193,0.8905060194697882,12,19,14
stratified_proportional_nested,45,165,0.0012308951222738222,1.0,0.9999999999999998,0.003633121472401413,0.9253132538937185,12,19,14
stratified_proportional_nested,45,166,0.0014182692576385064,0.99124495269876,0.9618600860701234,0.004482344397438877,0.944419474998513,12,19,14
stratified_proportional_nested,45,167,0.0005582745111189356,0.9790209790209792,0.9393939393939392,0.0020665207426460875,0.960808784098588,12,19,14
stratified_proportional_nested,45,168,0.0002753220551168344,1.0,0.9999999999999998,0.001586302339495356,0.9074437578013059,12,19,14
stratified_proportional_nested,45,169,0.0007523380782321486,0.9842396880153765,0.9313248452425005,0.003860989335459225,0.8857860706337563,12,19,14
stratified_proportional_nested,45,170,0.0008220342519472375,0.9772344233319931,0.9313248452425005,0.004212172047181447,0.9653284273533081,12,19,14
stratified_proportional_nested,45,171,0.0004575477796593432,0.9790209790209792,0.909090909090909,0.002436057348711518,0.933363004995056,12,19,14
stratified_proportional_nested,45,172,0.0005130595562113088,0.9790209790209792,0.909090909090909,0.0034040015234061195,0.9579765263975791,12,19,14
stratified_proportional_nested,45,173,0.0006870898512817943,0.9860139860139862,0.9393939393939392,0.00369859330081679,0.8910644037016032,12,19,14
stratified_proportional_nested,45,174,0.0005652091052875736,0.9842396880153765,0.9313248452425005,0.0018852510304932476,0.9262078063726414,12,19,14
stratified_proportional_nested,45,175,0.0003169996665344004,0.9860139860139862,0.9393939393939392,0.0016776351689234217,0.9830258438239277,12,19,14
stratified_proportional_nested,45,176,0.0010580556161009862,0.9860139860139862,0.9393939393939392,0.0023040372225118636,0.9325304161653972,12,19,14
stratified_proportional_nested,45,177,0.0005976756143498278,0.9860139860139862,0.9393939393939392,0.0021679015791707056,0.8865536170734595,12,19,14
stratified_proportional_nested,45,178,0.00033661266014266446,0.9860139860139862,0.9393939393939392,0.0010998773344877099,0.9267433845103658,12,19,14
stratified_proportional_nested,45,179,0.00291509090197788,0.99124495269876,0.9618600860701234,0.005883501931346048,0.9701809937616334,12,19,14
stratified_proportional_nested,45,180,0.0013531611234996385,0.9860139860139862,0.9393939393939392,0.0028593314906243616,0.8237141731397811,12,19,14
stratified_proportional_nested,45,181,0.0004844455994649657,0.9580419580419581,0.8787878787878787,0.0032859165239400375,0.9526662963035754,12,19,14
stratified_proportional_nested,45,182,0.0013531961467025105,0.9860139860139862,0.9393939393939392,0.004740513315975821,0.9583065653618755,12,19,14
stratified_proportional_nested,45,183,0.0025443002531730444,0.9877423203570683,0.9618600860701234,0.0038118086700669796,0.9572094831784091,12,19,14
stratified_proportional_nested,45,184,0.0006174287007695792,0.9790209790209792,0.9393939393939392,0.003727823034158776,0.9613612588366234,12,19,14
stratified_proportional_nested,45,185,0.0006793497234471021,0.9790209790209792,0.9393939393939392,0.003939690596408873,0.9619436856882834,12,19,14
stratified_proportional_nested,45,186,0.0005745252772514992,0.99124495269876,0.9618600860701234,0.002125652402902272,0.9696044191045404,12,19,14
stratified_proportional_nested,45,187,0.0007712856309858488,0.9930069930069931,0.9696969696969696,0.002997761490715093,0.9842299674488476,12,19,14
stratified_proportional_nested,45,188,0.0009419887217835011,0.9720279720279721,0.909090909090909,0.002962417892929205,0.9665913166915048,12,19,14
stratified_proportional_nested,45,189,0.0016900142887215977,0.9720279720279721,0.909090909090909,0.0032855794238799466,0.8848070077391602,12,19,14
stratified_proportional_nested,45,190,0.0009923520875132982,0.9790209790209792,0.909090909090909,0.002271471908502808,0.965985417957123,12,19,14
stratified_proportional_nested,45,191,0.0016466205403633135,0.9300699300699302,0.8181818181818181,0.002651918552123834,0.9397647850064789,12,19,14
stratified_proportional_nested,45,192,0.0002670916024419383,0.9860139860139862,0.9393939393939392,0.0010582751390799479,0.9789652679431291,12,19,14
stratified_proportional_nested,45,193,0.0006793147002442326,0.9720279720279721,0.909090909090909,0.0026180992328705363,0.9648199460945456,12,19,14
stratified_proportional_nested,45,194,0.000418461885254301,0.9930069930069931,0.9696969696969696,0.0021978253163889958,0.933592061244673,12,19,14
stratified_proportional_nested,45,195,0.0004284785212756637,0.9860139860139862,0.9393939393939392,0.0027013006574847028,0.9443491274544585,12,19,14
stratified_proportional_nested,45,196,0.0011210623580675376,0.9772344233319931,0.9313248452425005,0.002647532325487905,0.9543098973139187,12,19,14
stratified_proportional_nested,45,197,0.0008572325708334976,1.0,0.9999999999999998,0.004340358794333371,0.9660596044284552,12,19,14
stratified_proportional_nested,45,198,0.0010047503013299486,0.9860139860139862,0.9393939393939392,0.0025595697987310247,0.9454438018972574,12,19,14
stratified_proportional_nested,45,199,0.001191283879825704,0.9860139860139862,0.9393939393939392,0.0029096941000161217,0.959074507974945,12,19,14
stratified_proportional_nested,50,0,0.0006308187716915666,0.9860139860139862,0.9393939393939392,0.001615256561204364,0.9725554776903556,13,21,16
stratified_proportional_nested,50,1,0.0003449464312660318,0.9930069930069931,0.9696969696969696,0.001356679794013814,0.9800946985198499,13,21,16
stratified_proportional_nested,50,2,0.0008784783461596497,0.9790209790209792,0.9393939393939392,0.0018719180714144093,0.92632246557537,13,21,16
stratified_proportional_nested,50,3,0.0015284357929681617,0.9930069930069931,0.9696969696969696,0.005806078184889998,0.9830362064131285,13,21,16
stratified_proportional_nested,50,4,0.006460379055379506,0.9580419580419581,0.8484848484848484,0.007353267228845296,0.8836435710835433,13,21,16
stratified_proportional_nested,50,5,0.0010083506865851835,0.9860139860139862,0.9393939393939392,0.004298627063141717,0.9051488025195057,13,21,16
stratified_proportional_nested,50,6,0.00057439323977667,0.9720279720279721,0.909090909090909,0.0011050995925709765,0.9624642760730421,13,21,16
stratified_proportional_nested,50,7,0.0007370882752376645,1.0,0.9999999999999998,0.0022996063379877494,0.9577059071475166,13,21,16
stratified_proportional_nested,50,8,0.0004183932397766716,0.9860139860139862,0.9393939393939392,0.0012919668341257174,0.9877412836644827,13,21,16
stratified_proportional_nested,50,9,0.0006244074241738346,0.9842396880153765,0.9313248452425005,0.0012943163809464174,0.9477077403655785,13,21,16
stratified_proportional_nested,50,10,0.0007461095518334105,1.0,0.9999999999999998,0.0015171227344762145,0.9452317720269848,13,21,16
stratified_proportional_nested,50,11,0.0001762088426135508,0.9930069930069931,0.9696969696969696,0.0007031646191788128,0.974059012910249,13,21,16
stratified_proportional_nested,50,12,0.0003329464312660333,0.9737317909903013,0.9007896044148774,0.005810553349106462,0.9361659742036353,13,21,16
stratified_proportional_nested,50,13,0.0001736840199185155,0.9930069930069931,0.9696969696969696,0.0014932798413853806,0.9432109767120046,13,21,16
stratified_proportional_nested,50,14,0.0003415421759468841,0.9930069930069931,0.9696969696969696,0.004063587659203501,0.9110009153199775,13,21,16
stratified_proportional_nested,50,15,0.0007715279915497195,0.9720279720279721,0.909090909090909,0.001579965349058756,0.973686124767177,13,21,16
stratified_proportional_nested,50,16,0.00048418047381922373,0.9982502173821435,0.9923953268977463,0.0019765060762141806,0.9222769306252433,13,21,16
stratified_proportional_nested,50,17,0.0007278967858759621,1.0,0.9999999999999998,0.001121903186269029,0.9783412041872589,13,21,16
stratified_proportional_nested,50,18,0.0003892017504149702,0.9860139860139862,0.9393939393939392,0.002008235685381976,0.9577470063024696,13,21,16
stratified_proportional_nested,50,19,0.0009523506865851823,0.9790209790209792,0.909090909090909,0.0014146735317236692,0.9673087146771359,13,21,16
stratified_proportional_nested,50,20,0.0001136272823298633,0.9860139860139862,0.9393939393939392,0.001060382437820625,0.9565751674906608,13,21,16
stratified_proportional_nested,50,21,0.0005482939489965294,0.9930069930069931,0.9696969696969696,0.0034290157885968303,0.9794900116597508,13,21,16
stratified_proportional_nested,50,22,0.0006367478497057473,0.9790209790209792,0.9393939393939392,0.0020390815501907544,0.9824570691257938,13,21,16
stratified_proportional_nested,50,23,0.0005014003319752509,0.9702291586486097,0.9007896044148774,0.0016027803052242173,0.9619262875457687,13,21,16
stratified_proportional_nested,50,24,0.0004434996227553947,0.9930069930069931,0.9696969696969696,0.0012555441179868834,0.9877249257533879,13,21,16
stratified_proportional_nested,50,25,0.00044585423268447296,0.9930069930069931,0.9696969696969696,0.001525860675877846,0.9261948948498396,13,21,16
stratified_proportional_nested,50,26,0.0005748755092802165,0.9930069930069931,0.9696969696969696,0.001164003851595427,0.9771505670141251,13,21,16
stratified_proportional_nested,50,27,0.00024083295608872863,1.0,0.9999999999999998,0.002417340348779221,0.9089062977417707,13,21,16
stratified_proportional_nested,50,28,0.0007614570695639032,1.0,0.9999999999999998,0.0041963021595061425,0.9115497173547217,13,21,16
stratified_proportional_nested,50,29,0.00015342870076957913,0.9877423203570683,0.9618600860701234,0.0006106408616481876,0.986571700183171,13,21,16
stratified_proportional_nested,50,30,0.0009139960766561026,0.9790209790209792,0.909090909090909,0.002424273518716055,0.9660363902844448,13,21,16
stratified_proportional_nested,50,31,0.0018144783461596524,0.9720279720279721,0.909090909090909,0.0036390597955158386,0.8854881441999396,13,21,16
stratified_proportional_nested,50,32,0.00042772657311000305,0.9930069930069931,0.9696969696969696,0.0011776761488071013,0.9701532408681626,13,21,16
stratified_proportional_nested,50,33,0.0008021946582163869,0.9720279720279721,0.909090909090909,0.0015725817578839544,0.926525140552919,13,21,16
stratified_proportional_nested,50,34,0.00023915919722348002,0.9930069930069931,0.9696969696969696,0.002003432023011922,0.951912073812784,13,21,16
stratified_proportional_nested,50,35,0.0005534287007695778,0.9860139860139862,0.9393939393939392,0.002828957724882633,0.9279146987985301,13,21,16
stratified_proportional_nested,50,36,0.002305485438358231,0.9790209790209792,0.9393939393939392,0.008412561623104206,0.9642664656142527,13,21,16
stratified_proportional_nested,50,37,0.00043660600573411785,0.9684270140350553,0.8924133096001623,0.0009648367628335581,0.9514140047747843,13,21,16
stratified_proportional_nested,50,38,0.003234223027010716,0.9877423203570683,0.9618600860701234,0.004397554403226336,0.9602142196151718,13,21,16
stratified_proportional_nested,50,39,0.002082421608570998,0.9860139860139862,0.9393939393939392,0.0033406498202228495,0.9219803193334974,13,21,16
stratified_proportional_nested,50,40,0.00032474784970574865,0.9930069930069931,0.9696969696969696,0.003201603915179922,0.9610085568686034,13,21,16
stratified_proportional_nested,50,41,0.00012284714048589154,0.9930069930069931,0.9696969696969696,0.0021086498395106452,0.9806734494684269,13,21,16
stratified_proportional_nested,50,42,0.0008153010411951113,0.9860139860139862,0.9393939393939392,0.0038863841615158017,0.9673020701706069,13,21,16
stratified_proportional_nested,50,43,0.003150535083748301,0.9754446010932804,0.9231861823449954,0.0043700521404047045,0.9789820857772596,13,21,16
stratified_proportional_nested,50,44,0.0008269322468688703,0.9790209790209792,0.9393939393939392,0.0025255060413657032,0.9713695661064082,13,21,16
stratified_proportional_nested,50,45,0.0002835847291383745,1.0,0.9999999999999998,0.0014958529449200248,0.9637271206025648,13,21,16
stratified_proportional_nested,50,46,0.0007788755092802178,0.9860139860139862,0.9393939393939392,0.002156165553006211,0.9515064783841529,13,21,16
stratified_proportional_nested,50,47,0.0004358116794929842,0.9930069930069931,0.9696969696969696,0.00209352801100168,0.9701334558346812,13,21,16
stratified_proportional_nested,50,48,0.0006522372114078755,0.9877423203570683,0.9618600860701234,0.00307547907339574,0.9754907677704018,13,21,16
stratified_proportional_nested,50,49,0.00027890387807454417,0.9790209790209792,0.9393939393939392,0.0015869847899438107,0.9217669071751979,13,21,16
stratified_proportional_nested,50,50,0.0032241237362305754,0.9580419580419581,0.8787878787878787,0.00681116154356768,0.9479658315798778,13,21,16
stratified_proportional_nested,50,51,0.00043283295608872676,0.9860139860139862,0.9393939393939392,0.0036994152863314925,0.9677950839012449,13,21,16
stratified_proportional_nested,50,52,0.0007169180624717061,0.9930069930069931,0.9696969696969696,0.003033259408436833,0.8952856592484967,13,21,16
stratified_proportional_nested,50,53,0.0005091450128263171,0.9772344233319931,0.9313248452425005,0.0028938407807512674,0.9661585866528082,13,21,16
stratified_proportional_nested,50,54,0.0025450599064433354,0.9860139860139862,0.9393939393939392,0.007928041987943545,0.9806811388042797,13,21,16
stratified_proportional_nested,50,55,0.0007008613248830558,0.9930069930069931,0.9696969696969696,0.0028162351651706036,0.9161626178141921,13,21,16
stratified_proportional_nested,50,56,0.0008305918213369557,0.9930069930069931,0.9696969696969696,0.0035476943072867972,0.8917201379998255,13,21,16
stratified_proportional_nested,50,57,0.0007405776369397899,0.965034965034965,0.909090909090909,0.0030626702543827063,0.9379754470741064,13,21,16
stratified_proportional_nested,50,58,0.0005979393390674532,0.9930069930069931,0.9696969696969696,0.002385513846399833,0.8911217858727359,13,21,16
stratified_proportional_nested,50,59,0.0005479535234646156,0.9807370556736849,0.9313248452425005,0.002147356190860084,0.970162969533619,13,21,16
stratified_proportional_nested,50,60,0.00017779749509581918,0.9860139860139862,0.9393939393939392,0.0013673196796250824,0.9807380421144045,13,21,16
stratified_proportional_nested,50,61,0.00039544288516674147,0.9930069930069931,0.9696969696969696,0.002758421633227036,0.9678293700004806,13,21,16
stratified_proportional_nested,50,62,0.0008354145163724148,1.0,0.9999999999999998,0.002899480899772796,0.9724939611027853,13,21,16
stratified_proportional_nested,50,63,0.000767442885166744,0.9860139860139862,0.9393939393939392,0.005166242691603268,0.9262036270863702,13,21,16
stratified_proportional_nested,50,64,0.0003149038780745441,0.9860139860139862,0.9393939393939392,0.0015435705513029245,0.9502423568024906,13,21,16
stratified_proportional_nested,50,65,0.0004827052965142595,0.9790209790209792,0.909090909090909,0.0015525307216355758,0.9435958768518993,13,21,16
stratified_proportional_nested,50,66,0.0011770599064433352,0.9720279720279721,0.909090909090909,0.00359015572191511,0.9590842735368342,13,21,16
stratified_proportional_nested,50,67,0.0002442655802022044,0.9860139860139862,0.9393939393939392,0.0018707307888912728,0.9730826461302816,13,21,16
stratified_proportional_nested,50,68,0.0022772017504149675,0.9790209790209792,0.9393939393939392,0.00327632833499935,0.9649910425389109,13,21,16
stratified_proportional_nested,50,69,0.0003793577787837632,0.9930069930069931,0.9696969696969696,0.0016013460667249578,0.9824070794739619,13,21,16
stratified_proportional_nested,50,70,0.0010094854383582313,0.99124495269876,0.9618600860701234,0.0038599226708544462,0.9742836862974765,13,21,16
stratified_proportional_nested,50,71,0.00169237905537951,0.99124495269876,0.9618600860701234,0.003871815622479542,0.9801282140798752,13,21,16
stratified_proportional_nested,50,72,0.00043768401991851636,0.9860139860139862,0.9393939393939392,0.004359209465070271,0.9601229321396193,13,21,16
stratified_proportional_nested,50,73,0.000387641466727027,0.9930069930069931,0.9696969696969696,0.0022449625267047415,0.9544288612240349,13,21,16
stratified_proportional_nested,50,74,0.0009043506865851814,0.9930069930069931,0.9696969696969696,0.0015618951203371998,0.9836028997834259,13,21,16
stratified_proportional_nested,50,75,0.0005291733816206416,0.9772344233319931,0.9313248452425005,0.0027162549281711363,0.9736978694732817,13,21,16
stratified_proportional_nested,50,76,0.0008063081333936906,0.9527159969401509,0.8702543635872545,0.0030102628488388543,0.9450757692135556,13,21,16
stratified_proportional_nested,50,77,0.0005433294099894379,0.9930069930069931,0.9696969696969696,0.0022916961061764177,0.9141026563838577,13,21,16
stratified_proportional_nested,50,78,0.0010492301192092939,0.9702291586486097,0.9007896044148774,0.0023663451801386776,0.9442791756669736,13,21,16
stratified_proportional_nested,50,79,0.0006694854383582321,0.9842396880153765,0.9313248452425005,0.001282653927777552,0.937216151898876,13,21,16
stratified_proportional_nested,50,80,0.001889627282329863,0.9562186292818428,0.8702543635872545,0.0033168528404677686,0.9348760660170786,13,21,16
stratified_proportional_nested,50,81,0.0005195847291383747,0.9930069930069931,0.9696969696969696,0.001435979287890917,0.94018985086479,13,21,16
stratified_proportional_nested,50,82,0.00045830813339369273,0.9930069930069931,0.9696969696969696,0.003207764280514966,0.9402484881672882,13,21,16
stratified_proportional_nested,50,83,0.001767896785875964,0.9720279720279721,0.909090909090909,0.004351573234076669,0.9312255354889855,13,21,16
stratified_proportional_nested,50,84,0.0002313294099894361,0.9860139860139862,0.9393939393939392,0.0025475451879469722,0.9366878336566891,13,21,16
stratified_proportional_nested,50,85,0.002015669835521353,0.9807370556736849,0.9313248452425005,0.004218272575850415,0.8935534141741819,13,21,16
stratified_proportional_nested,50,86,0.00045862019013128227,0.9860139860139862,0.9393939393939392,0.0026332624856319907,0.9613960769831863,13,21,16
stratified_proportional_nested,50,87,0.00044452089935113995,0.9720279720279721,0.909090909090909,0.002533468149888709,0.9859694284054749,13,21,16
stratified_proportional_nested,50,88,0.0025387620341029136,0.9720279720279721,0.8787878787878787,0.004181881365437914,0.9477424337493453,13,21,16
stratified_proportional_nested,50,89,0.00026778331069865594,0.99124495269876,0.9618600860701234,0.0017320821471805907,0.9731063695805527,13,21,16
stratified_proportional_nested,50,90,0.0009887478497057484,1.0,0.9999999999999998,0.0024483222065124527,0.9842432421379792,13,21,16
stratified_proportional_nested,50,91,0.0005065918213369572,0.9982502173821435,0.9923953268977463,0.003198164456583642,0.978334804740462,13,21,16
stratified_proportional_nested,50,92,0.00032279040289724003,1.0,0.9999999999999998,0.0027790065546819203,0.8945328998791403,13,21,16
stratified_proportional_nested,50,93,0.0001769464312660322,0.9790209790209792,0.9393939393939392,0.0019712790840366377,0.9695942080569404,13,21,16
stratified_proportional_nested,50,94,0.0003846060057341178,0.9720279720279721,0.909090909090909,0.0008471505405800273,0.965818423851034,13,21,16
stratified_proportional_nested,50,95,0.0004689748000603602,1.0,0.9999999999999998,0.0011716699926464125,0.9789589226972734,13,21,16
stratified_proportional_nested,50,96,0.0004154145163724167,0.9860139860139862,0.9393939393939392,0.002597303550090866,0.9719543614280456,13,21,16
stratified_proportional_nested,50,97,0.0016249464312660337,0.9930069930069931,0.9696969696969696,0.005672514870236941,0.9824712200386694,13,21,16
stratified_proportional_nested,50,98,0.0003842372114078783,0.9930069930069931,0.9696969696969696,0.001241188734698351,0.9471125153536599,13,21,16
stratified_proportional_nested,50,99,0.0008872159348121333,0.9860139860139862,0.9393939393939392,0.0019383290676559916,0.9296912144832081,13,21,16
stratified_proportional_nested,50,100,0.002243868417081637,0.9790209790209792,0.909090909090909,0.00433774562120487,0.9693543626161926,13,21,16
stratified_proportional_nested,50,101,0.0010727194809114226,0.9860139860139862,0.9393939393939392,0.00391220741953915,0.9678546167550538,13,21,16
stratified_proportional_nested,50,102,0.004014818771691567,0.9790209790209792,0.9393939393939392,0.0062485453159732,0.9252274906294503,13,21,16
stratified_proportional_nested,50,103,0.00044679040289724044,0.9930069930069931,0.9696969696969696,0.003675456363648901,0.9501086449386434,13,21,16
stratified_proportional_nested,50,104,0.0014411450128263177,0.9790209790209792,0.909090909090909,0.0026031931991238304,0.8938555668378548,13,21,16
stratified_proportional_nested,50,105,0.00036976912630149513,0.9790209790209792,0.909090909090909,0.0009900582090714863,0.9765265134519122,13,21,16
stratified_proportional_nested,50,106,0.00039827976459936584,0.9930069930069931,0.9696969696969696,0.0026100364059441455,0.9842104174989501,13,21,16
stratified_proportional_nested,50,107,0.00020066274332277006,0.965034965034965,0.8787878787878787,0.003282516758484021,0.961949893633585,13,21,16
stratified_proportional_nested,50,108,0.0009350173532518486,0.9860139860139862,0.9393939393939392,0.0031785446935458377,0.9225706909383738,13,21,16
stratified_proportional_nested,50,109,0.0007167478497057478,1.0,0.9999999999999998,0.0028405421533340496,0.9807089163427573,13,21,16
stratified_proportional_nested,50,110,0.0017784783461596515,0.9632238939652261,0.8702543635872545,0.0035660987995351535,0.8782090709503355,13,21,16
stratified_proportional_nested,50,111,0.001418081183039084,0.9930069930069931,0.9696969696969696,0.0026511111376667697,0.9713777450619557,13,21,16
stratified_proportional_nested,50,112,0.00018877621850007476,0.9930069930069931,0.9696969696969696,0.002179258539927039,0.9671673913169472,13,21,16
stratified_proportional_nested,50,113,0.0004923223177908555,0.9930069930069931,0.9696969696969696,0.0038440580409788284,0.9619375494688337,13,21,16
stratified_proportional_nested,50,114,0.00035720175041496923,0.9720279720279721,0.909090909090909,0.00101042291656417,0.9608509386780121,13,21,16
stratified_proportional_nested,50,115,0.0008459960766561049,0.9860139860139862,0.9393939393939392,0.003776252138895224,0.9558018845276138,13,21,16
stratified_proportional_nested,50,116,0.0009007194809114239,0.9790209790209792,0.9393939393939392,0.002177612391932448,0.9519875351473462,13,21,16
stratified_proportional_nested,50,117,0.001072095367436246,0.9860139860139862,0.9393939393939392,0.003935734253705864,0.9378748548369429,13,21,16
stratified_proportional_nested,50,118,0.0017524925305568116,0.9720279720279721,0.909090909090909,0.005355799345817661,0.9807011127886657,13,21,16
stratified_proportional_nested,50,119,0.00017042160857099882,0.9930069930069931,0.9696969696969696,0.0012259569797401758,0.9807174976957111,13,21,16
stratified_proportional_nested,50,120,0.0005804074241738359,0.9720279720279721,0.909090909090909,0.0018481587704115181,0.9335750512159927,13,21,16
stratified_proportional_nested,50,121,0.0004809748000603598,0.9440559440559443,0.8484848484848484,0.0019657680627861484,0.9723376675494227,13,21,16
stratified_proportional_nested,50,122,0.0012971450128263157,0.9860139860139862,0.9393939393939392,0.004633079228294429,0.9935645369472176,13,21,16
stratified_proportional_nested,50,123,0.0012042655802022024,0.9790209790209792,0.909090909090909,0.004556061016889771,0.9626139941929418,13,21,16
stratified_proportional_nested,50,124,0.002096804587294402,0.9720279720279721,0.909090909090909,0.004702806863212079,0.9528950750771367,13,21,16
stratified_proportional_nested,50,125,0.0011383932397766724,0.9860139860139862,0.9393939393939392,0.001994031273341026,0.9479195662279074,13,21,16
stratified_proportional_nested,50,126,0.00046784004828730766,0.9720279720279721,0.909090909090909,0.0012270430479336153,0.9625677608786886,13,21,16
stratified_proportional_nested,50,127,0.002886166289422056,0.9790209790209792,0.9393939393939392,0.006737818565405562,0.956676831215216,13,21,16
stratified_proportional_nested,50,128,0.0005469606156631952,0.9807370556736849,0.9313248452425005,0.0023170125820709607,0.9526903660852187,13,21,16
stratified_proportional_nested,50,129,0.0006276130979326991,0.9790209790209792,0.909090909090909,0.0017585869072590684,0.9671695632326851,13,21,16
stratified_proportional_nested,50,130,0.0006589606156631968,0.9930069930069931,0.9696969696969696,0.003309386938399071,0.9017819590414012,13,21,16
stratified_proportional_nested,50,131,0.0008004357929681595,0.9720279720279721,0.909090909090909,0.0027339177022441675,0.9514568291557443,13,21,16
stratified_proportional_nested,50,132,0.0003312726724007844,0.99124495269876,0.9618600860701234,0.0026342583927061944,0.9696571330977077,13,21,16
stratified_proportional_nested,50,133,0.0011830457220461763,0.9580419580419581,0.8484848484848484,0.002301907024726394,0.9530346148961955,13,21,16
stratified_proportional_nested,50,134,0.000702166289422062,0.9930069930069931,0.9696969696969696,0.00192086838447301,0.985941956189198,13,21,16
stratified_proportional_nested,50,135,0.0003698542326844719,0.9982502173821435,0.9923953268977463,0.0014525982149379574,0.991210886508255,13,21,16
stratified_proportional_nested,50,136,0.001001371963180926,0.99124495269876,0.9618600860701234,0.007804828589747317,0.9187563538039146,13,21,16
stratified_proportional_nested,50,137,0.00045206699864191866,0.965034965034965,0.909090909090909,0.0017583876117014858,0.8905349915568017,13,21,16
stratified_proportional_nested,50,138,0.0004979393390674502,0.9580419580419581,0.8787878787878787,0.0018494855516719068,0.958978570648649,13,21,16
stratified_proportional_nested,50,139,0.001057457069563904,0.9877423203570683,0.9618600860701234,0.003423797788072055,0.98010556369913,13,21,16
stratified_proportional_nested,50,140,0.00019235068658518238,0.9982502173821435,0.9923953268977463,0.0015188282716384817,0.9707141350970688,13,21,16
stratified_proportional_nested,50,141,0.0029517265731100087,0.9510489510489512,0.8484848484848484,0.008831209039061604,0.8853072554783855,13,21,16
stratified_proportional_nested,50,142,0.0010008896936773814,0.9860139860139862,0.9393939393939392,0.00345276741408266,0.9320658235877396,13,21,16
stratified_proportional_nested,50,143,0.0004971450128263183,0.9860139860139862,0.9393939393939392,0.001653614753895202,0.9760576420840738,13,21,16
stratified_proportional_nested,50,144,0.0013064216085709969,0.9807370556736849,0.9313248452425005,0.006668471375236484,0.9515003316340569,13,21,16
stratified_proportional_nested,50,145,0.0002785918213369554,0.9790209790209792,0.909090909090909,0.001300873881494304,0.9847692236580929,13,21,16
stratified_proportional_nested,50,146,0.0007332584880036203,0.9860139860139862,0.9393939393939392,0.006229229731696535,0.9571169713533753,13,21,16
stratified_proportional_nested,50,147,0.0011584783461596473,0.9720279720279721,0.909090909090909,0.003038267793968343,0.9624920236518401,13,21,16
stratified_proportional_nested,50,148,0.0008045776369397904,0.9790209790209792,0.9393939393939392,0.002290160082633755,0.9813044158969345,13,21,16
stratified_proportional_nested,50,149,0.0007695989135355377,0.9930069930069931,0.9696969696969696,0.0015118700951233007,0.9608128879569846,13,21,16
stratified_proportional_nested,50,150,0.0004797265731100039,0.9720279720279721,0.909090909090909,0.002887121616809116,0.9543520009665892,13,21,16
stratified_proportional_nested,50,151,0.0008994996227553945,0.9720279720279721,0.909090909090909,0.0043837625123740055,0.9346492164312453,13,21,16
stratified_proportional_nested,50,152,0.001484832956088731,0.9720279720279721,0.909090909090909,0.0027365197724114852,0.9285720494269264,13,21,16
stratified_proportional_nested,50,153,0.0005316414667270238,0.9930069930069931,0.9696969696969696,0.004767268417886547,0.9514356003202388,13,21,16
stratified_proportional_nested,50,154,0.0005532017504149691,0.9720279720279721,0.909090909090909,0.0029078729420762388,0.8876109996990643,13,21,16
stratified_proportional_nested,50,155,0.0007018826014787981,0.9860139860139862,0.9393939393939392,0.0024543703858378777,0.8945911530082888,13,21,16
stratified_proportional_nested,50,156,0.0004901095518334088,0.9877423203570683,0.9618600860701234,0.0018705514450191643,0.9684556826179095,13,21,16
stratified_proportional_nested,50,157,0.0036987620341029114,0.9860139860139862,0.9393939393939392,0.00502056406827469,0.937469344135477,13,21,16
stratified_proportional_nested,50,158,0.0007104216085710002,0.9790209790209792,0.909090909090909,0.0025654627099853744,0.9462980790261786,13,21,16
stratified_proportional_nested,50,159,0.000392946431266031,0.9790209790209792,0.9393939393939392,0.0033219261825374463,0.9748865169917803,13,21,16
stratified_proportional_nested,50,160,0.00031184004828730994,0.9930069930069931,0.9696969696969696,0.003269840741057546,0.9133172133796021,13,21,16
stratified_proportional_nested,50,161,0.0006209748000603584,0.9860139860139862,0.9393939393939392,0.0014746476809549157,0.9471190976860159,13,21,16
stratified_proportional_nested,50,162,0.001165627282329861,1.0,0.9999999999999998,0.004581986584081364,0.9777765460361416,13,21,16
stratified_proportional_nested,50,163,0.0002536272823298605,0.9860139860139862,0.9393939393939392,0.0015867880800687583,0.9748798868091776,13,21,16
stratified_proportional_nested,50,164,0.0005109606156631965,0.9930069930069931,0.9696969696969696,0.002014490241773894,0.8811371375073133,13,21,16
stratified_proportional_nested,50,165,0.0006000953674362441,0.9930069930069931,0.9696969696969696,0.0032431669332482066,0.9666702314487533,13,21,16
stratified_proportional_nested,50,166,0.0005829606156631945,0.9790209790209792,0.9393939393939392,0.0013710458810962487,0.9731249959258692,13,21,16
stratified_proportional_nested,50,167,0.001356265580202204,0.9790209790209792,0.909090909090909,0.0024648758508992023,0.9730053677142155,13,21,16
stratified_proportional_nested,50,168,0.00036832231779085556,0.9720279720279721,0.909090909090909,0.002771571156678756,0.8881927018652105,13,21,16
stratified_proportional_nested,50,169,0.0016503932397766744,0.9720279720279721,0.909090909090909,0.0028060360219586407,0.8690255663989016,13,21,16
stratified_proportional_nested,50,170,0.0004901095518334085,0.9720279720279721,0.909090909090909,0.001498737902732865,0.8992431781999987,13,21,16
stratified_proportional_nested,50,171,0.0005972017504149682,0.9860139860139862,0.9393939393939392,0.007087410181308991,0.9806246300866146,13,21,16
stratified_proportional_nested,50,172,0.00042681877169156485,1.0,0.9999999999999998,0.0026321935388499023,0.9812664408411029,13,21,16
stratified_proportional_nested,50,173,0.0006575989135355367,0.9720279720279721,0.909090909090909,0.0016570011128218532,0.9567778152344371,13,21,16
stratified_proportional_nested,50,174,0.0006977407575071666,0.9720279720279721,0.909090909090909,0.0022249183040792477,0.9449744365510652,13,21,16
stratified_proportional_nested,50,175,0.0004907336653085871,0.9930069930069931,0.9696969696969696,0.00154852410172923,0.9655214321133841,13,21,16
stratified_proportional_nested,50,176,0.0013346485589256086,0.9860139860139862,0.9393939393939392,0.0058329491917575695,0.9602140076686781,13,21,16
stratified_proportional_nested,50,177,0.0005261379206277337,0.9860139860139862,0.9393939393939392,0.0014607422996044783,0.9801266724688936,13,21,16
stratified_proportional_nested,50,178,0.0012285776369397926,0.9720279720279721,0.909090909090909,0.002294954485465017,0.9483971497559095,13,21,16
stratified_proportional_nested,50,179,0.00152293224686887,0.9720279720279721,0.909090909090909,0.002622021522010075,0.9637508690140271,13,21,16
stratified_proportional_nested,50,180,7.362728232986189e-05,0.9930069930069931,0.9696969696969696,0.0015764239190635707,0.9631643916183648,13,21,16
stratified_proportional_nested,50,181,0.000937003168854685,0.9720279720279721,0.909090909090909,0.0015568049247421968,0.9363415602235315,13,21,16
stratified_proportional_nested,50,182,0.0005387052965142601,0.9720279720279721,0.909090909090909,0.007719284975386167,0.9567900800867766,13,21,16
stratified_proportional_nested,50,183,0.0011109038780745418,0.9720279720279721,0.909090909090909,0.001912487861268769,0.934271947032122,13,21,16
stratified_proportional_nested,50,184,0.00019646416176248615,1.0,0.9999999999999998,0.0015180734270477854,0.9777437857892167,13,21,16
stratified_proportional_nested,50,185,0.0006532301192092932,0.9720279720279721,0.909090909090909,0.002415267667992025,0.9437803888644498,13,21,16
stratified_proportional_nested,50,186,0.0004204641617624866,0.9930069930069931,0.9696969696969696,0.004499082870053566,0.8810542311469148,13,21,16
stratified_proportional_nested,50,187,0.0004146201901312806,0.9930069930069931,0.9696969696969696,0.002669996042741006,0.9637467579243784,13,21,16
stratified_proportional_nested,50,188,0.00044857763693979114,0.965034965034965,0.8787878787878787,0.0022898838339028347,0.9530693599475134,13,21,16
stratified_proportional_nested,50,189,0.00037030813339369325,0.9720279720279721,0.909090909090909,0.001681711618873936,0.9742324884347507,13,21,16
stratified_proportional_nested,50,190,0.0019737691263014934,0.9860139860139862,0.9393939393939392,0.003013778247300456,0.9176090546231336,13,21,16
stratified_proportional_nested,50,191,0.001076350686585182,0.9720279720279721,0.909090909090909,0.0033364560644551476,0.9537640036145044,13,21,16
stratified_proportional_nested,50,192,0.0013140811830390827,0.9860139860139862,0.9393939393939392,0.0024101358219432846,0.9724766246609517,13,21,16
stratified_proportional_nested,50,193,0.0007127194809114223,0.9720279720279721,0.909090909090909,0.001193892664451272,0.9449822345407543,13,21,16
stratified_proportional_nested,50,194,0.0005107620341029126,0.9860139860139862,0.9393939393939392,0.0023212548368569427,0.968447605431764,13,21,16
stratified_proportional_nested,50,195,0.0003038684170816338,0.9790209790209792,0.9393939393939392,0.0020412434253780413,0.9836425263329848,13,21,16
stratified_proportional_nested,50,196,0.0011664216085709971,0.9720279720279721,0.909090909090909,0.004893195012362825,0.9524849896555198,13,21,16
stratified_proportional_nested,50,197,0.0008660811830390826,0.9930069930069931,0.9696969696969696,0.00526871616715939,0.9249206871953004,13,21,16
stratified_proportional_nested,50,198,0.00036866274332277173,0.9930069930069931,0.9696969696969696,0.0015982833024728626,0.9349758279458191,13,21,16
stratified_proportional_nested,50,199,0.0003748755092802171,0.9930069930069931,0.9696969696969696,0.002418957075899611,0.9479808436248375,13,21,16
stratified_proportional_nested,55,0,0.0016300539865089876,0.9982502173821435,0.9923953268977463,0.0034961655522775547,0.9676764397129908,14,24,17
stratified_proportional_nested,55,1,0.00019114653676981336,1.0,0.9999999999999998,0.0010761388542345042,0.9801578538420644,14,24,17
stratified_proportional_nested,55,2,0.0004626663773418815,0.9930069930069931,0.9696969696969696,0.0021649977093233823,0.9478225833729558,14,24,17
stratified_proportional_nested,55,3,0.00031416394489360526,0.9930069930069931,0.9696969696969696,0.0024845994334552982,0.9267141216127964,14,24,17
stratified_proportional_nested,55,4,0.00032809044392648917,0.9860139860139862,0.9393939393939392,0.0018793727567279622,0.9292141613691296,14,24,17
stratified_proportional_nested,55,5,0.0007906190178670548,1.0,0.9999999999999998,0.001673555625954085,0.9818753292711556,14,24,17
stratified_proportional_nested,55,6,0.0012227156124394714,1.0,0.9999999999999998,0.001978409294000825,0.9754215528850875,14,24,17
stratified_proportional_nested,55,7,0.0010864281732506757,0.9790209790209792,0.9393939393939392,0.0027213858691624783,0.9311754235656302,14,24,17
stratified_proportional_nested,55,8,0.00027329881389307744,0.9438654593312678,0.8616404368553291,0.0024691306642482705,0.9655625076677709,14,24,17
stratified_proportional_nested,55,9,0.0002701102551919469,0.9982502173821435,0.9923953268977463,0.001717023557789129,0.9576787459020784,14,24,17
stratified_proportional_nested,55,10,0.00039165061038800805,1.0,0.9999999999999998,0.001133289873683679,0.9689197944991128,14,24,17
stratified_proportional_nested,55,11,0.000245774049811253,1.0,0.9999999999999998,0.001819961110805978,0.9882989079532128,14,24,17
stratified_proportional_nested,55,12,0.0004599232790475232,0.9930069930069931,0.9696969696969696,0.0015299684252786082,0.939034142251244,14,24,17
stratified_proportional_nested,55,13,0.00019562458612213738,0.9842396880153765,0.9313248452425005,0.0015179014797640205,0.961319957839004,14,24,17
stratified_proportional_nested,55,14,0.0004450120780628219,0.9860139860139862,0.9393939393939392,0.0020730743386679286,0.9748880514407987,14,24,17
stratified_proportional_nested,55,15,0.00025447225038566327,0.9930069930069931,0.9696969696969696,0.0012661081698474598,0.9020327633405053,14,24,17
stratified_proportional_nested,55,16,0.0006454223705427484,0.99124495269876,0.9618600860701234,0.001220705531668004,0.9736846002186293,14,24,17
stratified_proportional_nested,55,17,0.001589892214045471,0.9860139860139862,0.9393939393939392,0.0074427590044732475,0.9590200166211762,14,24,17
stratified_proportional_nested,55,18,0.0018443907780217926,0.9860139860139862,0.9393939393939392,0.004585515426214059,0.9456523784176826,14,24,17
stratified_proportional_nested,55,19,0.00025707467697261565,1.0,0.9999999999999998,0.0018260049226662353,0.9714181492452226,14,24,17
stratified_proportional_nested,55,20,0.0009584169195140869,0.9860139860139862,0.9393939393939392,0.003162654261050824,0.9749003306170644,14,24,17
stratified_proportional_nested,55,21,0.00022980781102102836,1.0,0.9999999999999998,0.0019704907126249205,0.9772108819782167,14,24,17
stratified_proportional_nested,55,22,0.00034811271694682523,1.0,0.9999999999999998,0.003201125940572307,0.9330384720399262,14,24,17
stratified_proportional_nested,55,23,0.00031889989237616774,0.9930069930069931,0.9696969696969696,0.0035720553036029216,0.9753718007484796,14,24,17
stratified_proportional_nested,55,24,0.00019775810701774666,0.9790209790209792,0.9393939393939392,0.0014340081184979446,0.9649531754794912,14,24,17
stratified_proportional_nested,55,25,0.0003903142291676801,0.9930069930069931,0.9696969696969696,0.0016096885213780507,0.9836097367856903,14,24,17
stratified_proportional_nested,55,26,0.0005858244571730721,0.9790209790209792,0.909090909090909,0.002808260924195387,0.9220964145175582,14,24,17
stratified_proportional_nested,55,27,0.0005334945820192105,0.9860139860139862,0.9393939393939392,0.0020238944815398926,0.969645358839838,14,24,17
stratified_proportional_nested,55,28,0.000400536373238956,0.9930069930069931,0.9696969696969696,0.0024939567984056366,0.9578550410174754,14,24,17
stratified_proportional_nested,55,29,0.0020960759078500596,0.9720279720279721,0.909090909090909,0.004051139202957871,0.9778156376752344,14,24,17
stratified_proportional_nested,55,30,0.0007278091005116797,0.9790209790209792,0.909090909090909,0.0014754159397963984,0.9017304423394948,14,24,17
stratified_proportional_nested,55,31,0.0006614823904712385,0.9930069930069931,0.9696969696969696,0.003631514081667526,0.9818871889875921,14,24,17
stratified_proportional_nested,55,32,0.0012383067266766206,0.9860139860139862,0.9393939393939392,0.002504058960185381,0.9514839737229622,14,24,17
stratified_proportional_nested,55,33,0.0002931569699214463,0.9860139860139862,0.9393939393939392,0.0010636498717133919,0.9724939377760133,14,24,17
stratified_proportional_nested,55,34,0.0007263086022993854,0.965034965034965,0.8787878787878787,0.0029619625737005045,0.9584958900748376,14,24,17
stratified_proportional_nested,55,35,0.00107632325560224,0.9790209790209792,0.909090909090909,0.0026659388537550095,0.9589600544015222,14,24,17
stratified_proportional_nested,55,36,9.359070768593751e-05,1.0,0.9999999999999998,0.0009385060233243623,0.9561114213790926,14,24,17
stratified_proportional_nested,55,37,0.000586269917579846,0.9930069930069931,0.9696969696969696,0.002097667890685688,0.9889052350665218,14,24,17
stratified_proportional_nested,55,38,0.00037774755663969083,0.9930069930069931,0.9696969696969696,0.0012371483288304425,0.9414863270954257,14,24,17
stratified_proportional_nested,55,39,0.0009437401713750551,0.9930069930069931,0.9696969696969696,0.0016321595740692784,0.962004285678009,14,24,17
stratified_proportional_nested,55,40,0.00023062839598087879,0.9720279720279721,0.909090909090909,0.0013236409051638094,0.9661585866528082,14,24,17
stratified_proportional_nested,55,41,0.0005822138833497335,1.0,0.9999999999999998,0.002824638635410591,0.9372411100306479,14,24,17
stratified_proportional_nested,55,42,0.00028309894284214097,0.9860139860139862,0.9393939393939392,0.0010884181668310022,0.9577530532069786,14,24,17
stratified_proportional_nested,55,43,0.0007349599123046584,0.9930069930069931,0.9696969696969696,0.0016888981736485446,0.9547477673314125,14,24,17
stratified_proportional_nested,55,44,0.0008125638042218985,0.99124495269876,0.9618600860701234,0.004037915721844294,0.9684343541765043,14,24,17
stratified_proportional_nested,55,45,0.00018301102302501547,1.0,0.9999999999999998,0.0006589506826695816,0.9783269493631185,14,24,17
stratified_proportional_nested,55,46,0.0012410967155401082,1.0,0.9999999999999998,0.0021449663307588837,0.9824473368604533,14,24,17
stratified_proportional_nested,55,47,0.0004446603987943147,0.9720279720279721,0.909090909090909,0.0018209428760610985,0.9660977081036188,14,24,17
stratified_proportional_nested,55,48,0.00024664152534023624,0.9772344233319931,0.9313248452425005,0.0017293438998693157,0.9719799636351256,14,24,17
stratified_proportional_nested,55,49,0.0008930045755717619,0.9720279720279721,0.909090909090909,0.0030158025465087993,0.9882515327753333,14,24,17
stratified_proportional_nested,55,50,0.00020795680580445457,0.9860139860139862,0.9393939393939392,0.0018267030505012456,0.9345294911763183,14,24,17
stratified_proportional_nested,55,51,0.0005977815523023122,0.9860139860139862,0.9393939393939392,0.0034590445491922274,0.9813126425091524,14,24,17
stratified_proportional_nested,55,52,0.0003096390049721469,0.9860139860139862,0.9393939393939392,0.005163604259786703,0.9724763069057869,14,24,17
stratified_proportional_nested,55,53,0.0004220591444715897,0.9930069930069931,0.9696969696969696,0.0010859513304232364,0.9871277137079608,14,24,17
stratified_proportional_nested,55,54,0.0025209044642066597,0.9720279720279721,0.909090909090909,0.0034632439958554224,0.9285545757014727,14,24,17
stratified_proportional_nested,55,55,0.0009456861299941274,0.99124495269876,0.9618600860701234,0.002019233003658979,0.9654617709123768,14,24,17
stratified_proportional_nested,55,56,0.00033671830864719624,0.9702291586486097,0.9007896044148774,0.0012655506756079338,0.9853964748701592,14,24,17
stratified_proportional_nested,55,57,0.0006695241230777657,0.9930069930069931,0.9696969696969696,0.0014526687145446412,0.9772113635005407,14,24,17
stratified_proportional_nested,55,58,0.0009676778069181032,1.0,0.9999999999999998,0.0019843003214357648,0.9654422321964624,14,24,17
stratified_proportional_nested,55,59,0.00048737770727564646,0.9930069930069931,0.9696969696969696,0.0016026341473408528,0.9735777132643252,14,24,17
stratified_proportional_nested,55,60,0.00031149118245295016,0.9860139860139862,0.9393939393939392,0.001751641735125422,0.9859474042918327,14,24,17
stratified_proportional_nested,55,61,0.00034518205637593347,0.9860139860139862,0.9393939393939392,0.0014112144694479085,0.9426620030400725,14,24,17
stratified_proportional_nested,55,62,0.0004114853211318117,1.0,0.9999999999999998,0.002030004932256126,0.9772456586537102,14,24,17
stratified_proportional_nested,55,63,0.00029175025284741853,0.9930069930069931,0.9696969696969696,0.0016265687211703848,0.9355896256854991,14,24,17
stratified_proportional_nested,55,64,0.0005146445732272316,0.9930069930069931,0.9696969696969696,0.0019218332322035563,0.9601942331036663,14,24,17
stratified_proportional_nested,55,65,0.0008150490043860142,0.9772344233319931,0.9007896044148774,0.0020074277368899635,0.9297724244079951,14,24,17
stratified_proportional_nested,55,66,0.0005409032919424329,0.99124495269876,0.9618600860701234,0.0021053387150066997,0.9689954272543222,14,24,17
stratified_proportional_nested,55,67,0.00040646803023444065,0.9930069930069931,0.9696969696969696,0.004386218359892976,0.9620266545854936,14,24,17
stratified_proportional_nested,55,68,0.0005494608208094371,0.9860139860139862,0.9393939393939392,0.002529337835352005,0.9150427663706161,14,24,17
stratified_proportional_nested,55,69,0.0006179679423146208,0.9790209790209792,0.9393939393939392,0.0016167520766476524,0.9737266469150342,14,24,17
stratified_proportional_nested,55,70,0.0010463367366408663,0.9860139860139862,0.9393939393939392,0.0021728395715584713,0.9708124177244443,14,24,17
stratified_proportional_nested,55,71,0.00042695920894612275,0.965034965034965,0.8787878787878787,0.0009142818456358588,0.970104236858467,14,24,17
stratified_proportional_nested,55,72,0.002024145774798066,0.99124495269876,0.9618600860701234,0.005636776290036712,0.9777147407706507,14,24,17
stratified_proportional_nested,55,73,0.000267929843727202,0.9982502173821435,0.9923953268977463,0.0013786397838002303,0.9713443139173618,14,24,17
stratified_proportional_nested,55,74,0.0014920315962622238,0.965034965034965,0.8787878787878787,0.0021593319081445223,0.932010392208814,14,24,17
stratified_proportional_nested,55,75,0.00049225432646561,0.99124495269876,0.9618600860701234,0.0012893798151068713,0.9806099150613942,14,24,17
stratified_proportional_nested,55,76,0.0003744652168002916,0.9860139860139862,0.9393939393939392,0.004178549371818444,0.9725959116820819,14,24,17
stratified_proportional_nested,55,77,0.00028835068658518404,1.0,0.9999999999999998,0.0012805611187830248,0.9765890969989849,14,24,17
stratified_proportional_nested,55,78,0.00026427237933472766,0.9930069930069931,0.9696969696969696,0.0008644158207945489,0.9701974240153599,14,24,17
stratified_proportional_nested,55,79,0.0006296671393136267,0.9720279720279721,0.909090909090909,0.0014796903347395597,0.9736319822444076,14,24,17
stratified_proportional_nested,55,80,0.0003730116091571299,1.0,0.9999999999999998,0.0025617249187256607,0.9789902647328069,14,24,17
stratified_proportional_nested,55,81,0.0003622267782562441,0.9720279720279721,0.909090909090909,0.004205935162736118,0.9684103094780522,14,24,17
stratified_proportional_nested,55,82,0.0002288465543537783,1.0,0.9999999999999998,0.0017264694112939293,0.9741829806478529,14,24,17
stratified_proportional_nested,55,83,0.00029503259268681806,0.9930069930069931,0.9696969696969696,0.0008180616582144842,0.973718467959487,14,24,17
stratified_proportional_nested,55,84,8.599443548618366e-05,0.9982502173821435,0.9923953268977463,0.0010143014831204813,0.9642275780877007,14,24,17
stratified_proportional_nested,55,85,0.00022680681459643533,0.9720279720279721,0.909090909090909,0.0024129846491973703,0.966134540380636,14,24,17
stratified_proportional_nested,55,86,0.0006878348903247045,0.9860139860139862,0.9393939393939392,0.0025919554205124317,0.9742458010543974,14,24,17
stratified_proportional_nested,55,87,0.001949238090606051,0.99124495269876,0.9618600860701234,0.00526574326353635,0.9473878621856896,14,24,17
stratified_proportional_nested,55,88,0.0007475265848326476,0.9930069930069931,0.9696969696969696,0.0021633501003887404,0.9742085956451761,14,24,17
stratified_proportional_nested,55,89,0.0018060108471853846,0.9982502173821435,0.9923953268977463,0.0027604123457661924,0.9836491987015776,14,24,17
stratified_proportional_nested,55,90,0.0003738321941169813,0.9930069930069931,0.9696969696969696,0.0016210905222655524,0.9431986705334836,14,24,17
stratified_proportional_nested,55,91,0.00021921054239668202,0.99124495269876,0.9618600860701234,0.0010182951285089197,0.9765447068487091,14,24,17
stratified_proportional_nested,55,92,0.00047361532523473485,0.9860139860139862,0.9393939393939392,0.0015319194507868502,0.9695420164151048,14,24,17
stratified_proportional_nested,55,93,0.00027794098023737067,1.0,0.9999999999999998,0.0008925505768756296,0.9889149602045496,14,24,17
stratified_proportional_nested,55,94,0.0011158520053824391,0.9720279720279721,0.909090909090909,0.0018446090418738296,0.9749130769917277,14,24,17
stratified_proportional_nested,55,95,0.0003362962935249862,0.9860139860139862,0.9393939393939392,0.0010973253517093105,0.9696099243644314,14,24,17
stratified_proportional_nested,55,96,0.0009765870150536188,0.9860139860139862,0.9393939393939392,0.0019924762497591625,0.9571994801071129,14,24,17
stratified_proportional_nested,55,97,0.0008256228277257971,0.9930069930069931,0.9696969696969696,0.0026912359006783537,0.957817687288402,14,24,17
stratified_proportional_nested,55,98,0.004849888697252786,0.9702291586486097,0.9007896044148774,0.006541527678609569,0.966103359007465,14,24,17
stratified_proportional_nested,55,99,0.0013354405406382833,0.965034965034965,0.8787878787878787,0.0027443426553628004,0.9772338772338774,14,24,17
stratified_proportional_nested,55,100,0.0008221998161789939,0.9930069930069931,0.9696969696969696,0.0017860416334289704,0.9800992900991851,14,24,17
stratified_proportional_nested,55,101,0.00211956808298633,0.9720279720279721,0.909090909090909,0.00403989009547174,0.9824806772175195,14,24,17
stratified_proportional_nested,55,102,0.0002891712715450317,0.9860139860139862,0.9393939393939392,0.0022058622577571336,0.9713833725697295,14,24,17
stratified_proportional_nested,55,103,0.0010639207000662206,1.0,0.9999999999999998,0.005883057509496175,0.9561787013691193,14,24,17
stratified_proportional_nested,55,104,0.00028769421861730293,0.9860139860139862,0.9393939393939392,0.0028524271200855065,0.910868550766213,14,24,17
stratified_proportional_nested,55,105,0.0005059932632219565,0.9930069930069931,0.9696969696969696,0.001450351229816545,0.9836333816352312,14,24,17
stratified_proportional_nested,55,106,0.000798590414619882,0.9790209790209792,0.909090909090909,0.006167921455074405,0.9682891652320634,14,24,17
stratified_proportional_nested,55,107,0.00045403851262117135,0.9860139860139862,0.9393939393939392,0.0021175006059068508,0.939451968386325,14,24,17
stratified_proportional_nested,55,108,0.0012916681943514338,0.9720279720279721,0.8787878787878787,0.0023257632955142847,0.9800999370574695,14,24,17
stratified_proportional_nested,55,109,0.0008347899339915483,0.9860139860139862,0.9393939393939392,0.0014191822262674132,0.975200062190528,14,24,17
stratified_proportional_nested,55,110,0.0008062101321041993,0.9930069930069931,0.9696969696969696,0.0023827700851582465,0.979557744463881,14,24,17
stratified_proportional_nested,55,111,0.000608449156780364,0.9930069930069931,0.9696969696969696,0.007333192029535124,0.9310982507708099,14,24,17
stratified_proportional_nested,55,112,0.00018922402343530954,0.9930069930069931,0.9696969696969696,0.000976569887214144,0.9572107154288299,14,24,17
stratified_proportional_nested,55,113,0.00044616089700661165,0.9930069930069931,0.9696969696969696,0.0015014075455890418,0.9714079380842238,14,24,17
stratified_proportional_nested,55,114,0.0010384591210263047,0.9877423203570683,0.9618600860701234,0.002516254170513522,0.9642046713074744,14,24,17
stratified_proportional_nested,55,115,0.001166071804925255,0.9720279720279721,0.909090909090909,0.003218026219202278,0.9238802774258831,14,24,17
stratified_proportional_nested,55,116,0.0006505568878629522,0.9930069930069931,0.9696969696969696,0.0021065801974384526,0.9696448754073312,14,24,17
stratified_proportional_nested,55,117,0.00039711336169215213,0.9860139860139862,0.9393939393939392,0.0015541843480311515,0.9624150578689833,14,24,17
stratified_proportional_nested,55,118,0.0005324629894982576,0.9790209790209792,0.909090909090909,0.0012636640549465977,0.9589712897232392,14,24,17
stratified_proportional_nested,55,119,0.0002805902973934606,0.9790209790209792,0.909090909090909,0.003479015010143491,0.9531960639603948,14,24,17
stratified_proportional_nested,55,120,0.0002810357578002347,0.9860139860139862,0.9393939393939392,0.0009620898304855701,0.9772087328553778,14,24,17
stratified_proportional_nested,55,121,0.0011442676902778148,0.9860139860139862,0.9393939393939392,0.004339217233734452,0.9671765564467069,14,24,17
stratified_proportional_nested,55,122,0.0010636393566514164,0.9930069930069931,0.9696969696969696,0.002388901731716652,0.9483299674764357,14,24,17
stratified_proportional_nested,55,123,0.002085314522233739,0.9930069930069931,0.9696969696969696,0.0034940968053888202,0.9515023853253975,14,24,17
stratified_proportional_nested,55,124,0.000363539714192007,0.9860139860139862,0.9393939393939392,0.0019037012517425268,0.967317958973121,14,24,17
stratified_proportional_nested,55,125,0.0011754030281829807,0.9720279720279721,0.909090909090909,0.0017179769892706534,0.9584102287976394,14,24,17
stratified_proportional_nested,55,126,0.0007388752748273704,0.9930069930069931,0.9696969696969696,0.004031582932737365,0.9561976035660247,14,24,17
stratified_proportional_nested,55,127,0.00040016124868587935,0.9597212616235344,0.8702543635872545,0.0036489389165252155,0.9706602578832083,14,24,17
stratified_proportional_nested,55,128,0.0011333890782386602,0.9860139860139862,0.9393939393939392,0.003306289193237208,0.9366029493631244,14,24,17
stratified_proportional_nested,55,129,0.0005945461030320505,0.9702291586486097,0.9007896044148774,0.002411658601349036,0.9777961008493651,14,24,17
stratified_proportional_nested,55,130,0.00159047834615965,0.99124495269876,0.9618600860701234,0.006858866460527565,0.9381434561940512,14,24,17
stratified_proportional_nested,55,131,0.0026351064453332064,0.9842396880153765,0.9313248452425005,0.0038933375201932624,0.9807152489703405,14,24,17
stratified_proportional_nested,55,132,0.0009115966862335029,0.9510489510489512,0.8787878787878787,0.006998935369354714,0.958517875493706,14,24,17
stratified_proportional_nested,55,133,0.0027242688625420453,0.965034965034965,0.909090909090909,0.003742528285824132,0.9197339474558154,14,24,17
stratified_proportional_nested,55,134,0.00022521253524586916,0.9930069930069931,0.9696969696969696,0.0019308130496207192,0.9579318303039095,14,24,17
stratified_proportional_nested,55,135,0.0008753502762927031,0.9790209790209792,0.9393939393939392,0.002534792304721452,0.9741604845467445,14,24,17
stratified_proportional_nested,55,136,0.004333365632954097,0.9930069930069931,0.9696969696969696,0.005238835496072066,0.9737220704237725,14,24,17
stratified_proportional_nested,55,137,0.0008435584704196571,0.9580419580419581,0.909090909090909,0.0028129440065786672,0.9655047050651829,14,24,17
stratified_proportional_nested,55,138,0.0007499180038584957,0.9877423203570683,0.9618600860701234,0.001918009916384854,0.9737118377768842,14,24,17
stratified_proportional_nested,55,139,0.0002623264207156551,0.9860139860139862,0.9393939393939392,0.003532334949230237,0.988281151875273,14,24,17
stratified_proportional_nested,55,140,0.0016090470115368279,0.9860139860139862,0.9393939393939392,0.00457943437178793,0.9612942421511006,14,24,17
stratified_proportional_nested,55,141,0.00038002174924270236,0.9860139860139862,0.9393939393939392,0.0031801848299232546,0.9807370556736847,14,24,17
stratified_proportional_nested,55,142,0.00041683084601311653,0.9860139860139862,0.9393939393939392,0.0020056878252390276,0.9535599117925501,14,24,17
stratified_proportional_nested,55,143,0.00022521253524587074,0.9860139860139862,0.9393939393939392,0.0011078636628943524,0.9906606694574815,14,24,17
stratified_proportional_nested,55,144,0.0012439101496881633,0.9790209790209792,0.9393939393939392,0.0021379070527993323,0.9701042368584671,14,24,17
stratified_proportional_nested,55,145,0.00042775634862140583,0.9930069930069931,0.9696969696969696,0.0010098312854553574,0.9836665389659714,14,24,17
stratified_proportional_nested,55,146,0.0007114911824529514,0.9860139860139862,0.9393939393939392,0.0018602273807126334,0.9395921396487111,14,24,17
stratified_proportional_nested,55,147,0.00024035818907624414,0.9930069930069931,0.9696969696969696,0.001373356488564925,0.984212060764808,14,24,17
stratified_proportional_nested,55,148,0.0006863109468278414,0.9440559440559443,0.8484848484848484,0.0022488192281269804,0.9562186292818425,14,24,17
stratified_proportional_nested,55,149,0.0003290751458783064,0.9860139860139862,0.9393939393939392,0.001755790344460225,0.9754600841536637,14,24,17
stratified_proportional_nested,55,150,0.0005168953205456745,0.9790209790209792,0.9393939393939392,0.0012848334976692216,0.9736861050402892,14,24,17
stratified_proportional_nested,55,151,0.0003178682998552127,1.0,0.9999999999999998,0.0011556200748273164,0.9677290735187144,14,24,17
stratified_proportional_nested,55,152,0.00031444528830841214,0.9860139860139862,0.9393939393939392,0.0010243790708004334,0.9618886614811034,14,24,17
stratified_proportional_nested,55,153,0.0009617695952071835,0.9860139860139862,0.9393939393939392,0.002744179545456528,0.9330960721161764,14,24,17
stratified_proportional_nested,55,154,0.00036157031028836393,0.9790209790209792,0.909090909090909,0.0018305816171784617,0.9807154142674155,14,24,17
stratified_proportional_nested,55,155,0.00039852007876617915,0.9930069930069931,0.9696969696969696,0.0016859967407442274,0.9813064957590564,14,24,17
stratified_proportional_nested,55,156,0.00027355671202331807,0.9702291586486097,0.9007896044148774,0.0026547137210003826,0.9614525825052141,14,24,17
stratified_proportional_nested,55,157,0.0005762822263542445,0.9930069930069931,0.9696969696969696,0.003344404575555713,0.9970857367963788,14,24,17
stratified_proportional_nested,55,158,0.0006381308870423638,0.9772344233319931,0.9313248452425005,0.0009439145592877663,0.9654419312590544,14,24,17
stratified_proportional_nested,55,159,0.002748370615077062,0.9982502173821435,0.9923953268977463,0.0058505558105595165,0.9682513188626584,14,24,17
stratified_proportional_nested,55,160,0.0002559961938825271,0.9860139860139862,0.9393939393939392,0.0015979754755932876,0.9597384767166902,14,24,17
stratified_proportional_nested,55,161,0.00047680388393586557,1.0,0.9999999999999998,0.002035205977815963,0.976568159169553,14,24,17
stratified_proportional_nested,55,162,0.0013614648065078117,0.9930069930069931,0.9696969696969696,0.00417678829156935,0.9251809521524557,14,24,17
stratified_proportional_nested,55,163,0.0016737091063730022,0.9842396880153765,0.9313248452425005,0.005408462034051095,0.8216407974617419,14,24,17
stratified_proportional_nested,55,164,0.0012613768866906845,1.0,0.9999999999999998,0.0017215220074958098,0.9813029076186973,14,24,17
stratified_proportional_nested,55,165,0.0016622209169351056,0.9790209790209792,0.909090909090909,0.004576199254211491,0.8891018272506425,14,24,17
stratified_proportional_nested,55,166,0.0008265371938239152,0.9790209790209792,0.909090909090909,0.0020685881760111454,0.9149791305132418,14,24,17
stratified_proportional_nested,55,167,0.0006096683115778559,0.9930069930069931,0.9696969696969696,0.0012558657831324247,0.9742792007370434,14,24,17
stratified_proportional_nested,55,168,0.0009216781585973726,0.9860139860139862,0.9393939393939392,0.0026434157649988105,0.931188442215726,14,24,17
stratified_proportional_nested,55,169,0.00016917830513040125,1.0,0.9999999999999998,0.0017202824866329972,0.9783412841409079,14,24,17
stratified_proportional_nested,55,170,0.00033774990116814877,0.9930069930069931,0.9696969696969696,0.0009224160361312283,0.9601890709534017,14,24,17
stratified_proportional_nested,55,171,0.0008260213975634362,0.965034965034965,0.8787878787878787,0.0016881180413341804,0.9818621098793966,14,24,17
stratified_proportional_nested,55,172,0.0002479779065605634,1.0,0.9999999999999998,0.001992344116295757,0.9649531754794913,14,24,17
stratified_proportional_nested,55,173,0.00022462640313169322,0.9790209790209792,0.909090909090909,0.0006615091951813415,0.97780231464442,14,24,17
stratified_proportional_nested,55,174,0.0004801800049135359,0.9860139860139862,0.9393939393939392,0.001554084607699289,0.9660997637051426,14,24,17
stratified_proportional_nested,55,175,0.00015893271577456175,1.0,0.9999999999999998,0.001204084749368157,0.9719543325271416,14,24,17
stratified_proportional_nested,55,176,0.0004649171246603246,0.9790209790209792,0.909090909090909,0.0018600839682278135,0.9201542302979749,14,24,17
stratified_proportional_nested,55,177,0.00043537606610572415,0.9720279720279721,0.909090909090909,0.0022063583439911917,0.9589491323200935,14,24,17
stratified_proportional_nested,55,178,0.00035793629118045957,1.0,0.9999999999999998,0.001283941910097373,0.9754435590371253,14,24,17
stratified_proportional_nested,55,179,0.002067730558808382,1.0,0.9999999999999998,0.003951703023257233,0.957792510287625,14,24,17
stratified_proportional_nested,55,180,0.0009696706561063108,0.9930069930069931,0.9696969696969696,0.0037074644236779696,0.8944168989282318,14,24,17
stratified_proportional_nested,55,181,0.00019203745758336559,0.9930069930069931,0.9696969696969696,0.0018928482994504982,0.9530728204560529,14,24,17
stratified_proportional_nested,55,182,0.00018626991757984875,0.9930069930069931,0.9696969696969696,0.001066480797111873,0.9702366040186351,14,24,17
stratified_proportional_nested,55,183,0.001122276013353838,0.9860139860139862,0.9393939393939392,0.0029458792340465597,0.9514232887450493,14,24,17
stratified_proportional_nested,55,184,0.0005621212744756934,0.9860139860139862,0.9393939393939392,0.0017062781921047298,0.9051324050475243,14,24,17
stratified_proportional_nested,55,185,0.0005072124180194483,0.9930069930069931,0.9696969696969696,0.0014580093311834538,0.9355133958593255,14,24,17
stratified_proportional_nested,55,186,0.0006932507510597151,0.9930069930069931,0.9696969696969696,0.002079333432719492,0.9146889786389955,14,24,17
stratified_proportional_nested,55,187,0.0006066907604378301,0.9930069930069931,0.9696969696969696,0.0012289717738947414,0.971984049531918,14,24,17
stratified_proportional_nested,55,188,0.002127961494861368,0.9790209790209792,0.9393939393939392,0.003436154810508083,0.9877197527357747,14,24,17
stratified_proportional_nested,55,189,0.0009105650937125499,0.9877423203570683,0.9618600860701234,0.0012408108232399714,0.9894550507032468,14,24,17
stratified_proportional_nested,55,190,0.00022094549345465025,0.9930069930069931,0.9696969696969696,0.0010392937512695708,0.9625909989372813,14,24,17
stratified_proportional_nested,55,191,0.0015245267606722836,0.9720279720279721,0.909090909090909,0.0027636034915055328,0.9706807124146836,14,24,17
stratified_proportional_nested,55,192,0.0008231141822771113,0.9720279720279721,0.909090909090909,0.004889208907964057,0.9730583693644655,14,24,17
stratified_proportional_nested,55,193,0.00035134816621709073,0.965034965034965,0.8787878787878787,0.0013088584126461043,0.9282806278668829,14,24,17
stratified_proportional_nested,55,194,0.0002515650350993379,0.9930069930069931,0.9696969696969696,0.001441700111417116,0.941419079653992,14,24,17
stratified_proportional_nested,55,195,0.0006353877887480091,0.9720279720279721,0.909090909090909,0.0012955622172616335,0.9836594906708903,14,24,17
stratified_proportional_nested,55,196,0.000577126256598662,0.9930069930069931,0.9696969696969696,0.0038848161377840894,0.9584424003518223,14,24,17
stratified_proportional_nested,55,197,0.0005026874780979868,0.9860139860139862,0.9393939393939392,0.0012385521855801148,0.9801568583291985,14,24,17
stratified_proportional_nested,55,198,0.00028469322219270887,0.9930069930069931,0.9696969696969696,0.002066430531907751,0.8850718849746123,14,24,17
stratified_proportional_nested,55,199,0.0009304232497409186,0.9860139860139862,0.9393939393939392,0.0021443752174072246,0.9161635086823665,14,24,17
stratified_proportional_nested,60,0,0.0005179409151115829,0.9790209790209792,0.9393939393939392,0.0011622215005618478,0.980686395563889,15,26,19
stratified_proportional_nested,60,1,3.933571416595441e-05,1.0,0.9999999999999998,0.000426451965243339,0.9695607319484871,15,26,19
stratified_proportional_nested,60,2,0.0002835240514393991,0.9930069930069931,0.9696969696969696,0.0037418951026553637,0.9423966826771197,15,26,19
stratified_proportional_nested,60,3,0.001002338078232148,0.9720279720279721,0.8787878787878787,0.0024749545945862267,0.9138864282521652,15,26,19
stratified_proportional_nested,60,4,0.00038041136428415876,0.9860139860139862,0.9393939393939392,0.0014855862277656263,0.9631397684679861,15,26,19
stratified_proportional_nested,60,5,0.0002638432003755678,0.9772344233319931,0.9313248452425005,0.002186842407535906,0.9613607189256955,15,26,19
stratified_proportional_nested,60,6,0.0007712112066797474,0.9860139860139862,0.9393939393939392,0.002600117123733415,0.9830552029218463,15,26,19
stratified_proportional_nested,60,7,0.0002154192445048017,0.9930069930069931,0.9696969696969696,0.0016708455570408657,0.9836016795441956,15,26,19
stratified_proportional_nested,60,8,0.0007431379206277359,0.9772344233319931,0.9007896044148774,0.0029746411213059255,0.8789482686365235,15,26,19
stratified_proportional_nested,60,9,0.0001348833895008632,0.9860139860139862,0.9393939393939392,0.0033796333618759736,0.9303515275374047,15,26,19
stratified_proportional_nested,60,10,0.0003867352413527154,0.9930069930069931,0.9696969696969696,0.0014561503663495085,0.9754713123134175,15,26,19
stratified_proportional_nested,60,11,0.0009397691263014928,1.0,0.9999999999999998,0.004084652101268605,0.957344198953639,15,26,19
stratified_proportional_nested,60,12,0.0002806280703519284,0.9860139860139862,0.9393939393939392,0.0012024968272744227,0.9759634847317002,15,26,19
stratified_proportional_nested,60,13,0.0005674681018728096,0.9860139860139862,0.9393939393939392,0.0014943660799185872,0.9526226762394193,15,26,19
stratified_proportional_nested,60,14,0.00046035620273963447,0.9930069930069931,0.9696969696969696,0.0019110968840561672,0.9713628909284453,15,26,19
stratified_proportional_nested,60,15,0.0017787171168452268,0.9720279720279721,0.909090909090909,0.0025618383856642088,0.9667111495847629,15,26,19
stratified_proportional_nested,60,16,0.0003662860687758814,0.9860139860139862,0.9393939393939392,0.0018959681305369032,0.9556046292888399,15,26,19
stratified_proportional_nested,60,17,0.0007001513170028331,0.9930069930069931,0.9696969696969696,0.0009188037919015789,0.9564818561245071,15,26,19
stratified_proportional_nested,60,18,0.00018693224686886805,0.9720279720279721,0.909090909090909,0.0009498057246259346,0.9772113707003033,15,26,19
stratified_proportional_nested,60,19,0.0003114200325268664,0.9772344233319931,0.9313248452425005,0.0010457184507183619,0.9795334617608732,15,26,19
stratified_proportional_nested,60,20,0.0014848833895008604,1.0,0.9999999999999998,0.005812264248757876,0.9777879798666307,15,26,19
stratified_proportional_nested,60,21,0.002113409788240028,0.9720279720279721,0.909090909090909,0.003154409416977338,0.9064608807069762,15,26,19
stratified_proportional_nested,60,22,6.136093087202129e-05,1.0,0.9999999999999998,0.0027211564806062798,0.9690486696438502,15,26,19
stratified_proportional_nested,60,23,0.0004989692839059053,0.9982502173821435,0.9923953268977463,0.0012265276270208261,0.9777063064649258,15,26,19
stratified_proportional_nested,60,24,0.00038425297184917174,0.9790209790209792,0.909090909090909,0.002406762550870353,0.9389587055875755,15,26,19
stratified_proportional_nested,60,25,0.00036585265664034497,0.9930069930069931,0.9696969696969696,0.0007296349402709058,0.9765249173631642,15,26,19
stratified_proportional_nested,60,26,0.000659843988397633,0.9860139860139862,0.9393939393939392,0.0033085957857563616,0.9848254174930542,15,26,19
stratified_proportional_nested,60,27,0.0001235161712187513,0.9790209790209792,0.9393939393939392,0.0007093288287864432,0.9795541634854846,15,26,19
stratified_proportional_nested,60,28,0.0004313963918649271,0.9930069930069931,0.9696969696969696,0.0016160677657050804,0.9702654071075125,15,26,19
stratified_proportional_nested,60,29,0.00013435147460724532,0.9807370556736849,0.9313248452425005,0.0008901974984362764,0.972559072129703,15,26,19
stratified_proportional_nested,60,30,0.0002569283067585463,0.99124495269876,0.9618600860701234,0.003032928392825669,0.9590200220178446,15,26,19
stratified_proportional_nested,60,31,0.00034181798366950106,0.9930069930069931,0.9696969696969696,0.001486559864725484,0.9695745483453363,15,26,19
stratified_proportional_nested,60,32,0.00034372893717619945,0.9860139860139862,0.9393939393939392,0.001656485997866334,0.9865633111422474,15,26,19
stratified_proportional_nested,60,33,0.0015374838623141024,0.9930069930069931,0.9696969696969696,0.002017317105763994,0.9818974306688268,15,26,19
stratified_proportional_nested,60,34,0.0003458762973022839,0.9720279720279721,0.909090909090909,0.0009625197767319897,0.9532809209823768,15,26,19
stratified_proportional_nested,60,35,0.0005554113642841561,0.9877423203570683,0.9618600860701234,0.0018209843040259803,0.9684323076471267,15,26,19
stratified_proportional_nested,60,36,0.00018330734537162722,1.0,0.9999999999999998,0.0022033120986096164,0.9848003633050976,15,26,19
stratified_proportional_nested,60,37,0.0001662663682242669,0.9860139860139862,0.9393939393939392,0.001135416863966033,0.9696080378785342,15,26,19
stratified_proportional_nested,60,38,0.0004767470616836855,1.0,0.9999999999999998,0.0011147184100443383,0.9748454647641654,15,26,19
stratified_proportional_nested,60,39,0.00021039560384286505,0.9930069930069931,0.9696969696969696,0.0010307961431616334,0.970181066104265,15,26,19
stratified_proportional_nested,60,40,0.00019837826735744207,0.9930069930069931,0.9696969696969696,0.0024181232305029265,0.9900635336027529,15,26,19
stratified_proportional_nested,60,41,0.0017864003319752566,0.9930069930069931,0.9696969696969696,0.002667565632140087,0.9654599640454592,15,26,19
stratified_proportional_nested,60,42,0.001692014989185652,0.965034965034965,0.909090909090909,0.003917749333026964,0.9783927374738312,15,26,19
stratified_proportional_nested,60,43,0.0017826375266167017,0.9860139860139862,0.9393939393939392,0.0023899513396525786,0.981904599787582,15,26,19
stratified_proportional_nested,60,44,0.0003158132555371119,0.9930069930069931,0.9696969696969696,0.0006926645398300874,0.9795695115597876,15,26,19
stratified_proportional_nested,60,45,0.00030992279060409507,0.9930069930069931,0.9696969696969696,0.0015089841417346027,0.9813203165463036,15,26,19
stratified_proportional_nested,60,46,0.00041744840132119346,0.9982502173821435,0.9923953268977463,0.0020254961560518593,0.9783722865039813,15,26,19
stratified_proportional_nested,60,47,0.0008646509229917995,0.9790209790209792,0.909090909090909,0.0014788851014999,0.9731017858758021,15,26,19
stratified_proportional_nested,60,48,0.0001876414667270269,1.0,0.9999999999999998,0.0006641353044147093,0.9754368974303688,15,26,19
stratified_proportional_nested,60,49,0.0004005650285867584,0.965034965034965,0.8787878787878787,0.0013590065124473626,0.9655129290160906,15,26,19
stratified_proportional_nested,60,50,0.0004566327984843149,1.0,0.9999999999999998,0.0036902034680068464,0.9505898546800337,15,26,19
stratified_proportional_nested,60,51,0.0002253877236222203,0.9790209790209792,0.909090909090909,0.0014917504164534325,0.9453357149823742,15,26,19
stratified_proportional_nested,60,52,0.0008713885116442829,0.9790209790209792,0.909090909090909,0.0022674078735903983,0.9725918257852898,15,26,19
stratified_proportional_nested,60,53,0.0003843908757104775,0.9860139860139862,0.9393939393939392,0.0008651993854276501,0.9476435443004911,15,26,19
stratified_proportional_nested,60,54,0.00014719623426051658,0.9930069930069931,0.9696969696969696,0.0007764009810635101,0.9713074330766066,15,26,19
stratified_proportional_nested,60,55,0.0008325193233070098,0.9720279720279721,0.909090909090909,0.0024248525554011555,0.9636985259601428,15,26,19
stratified_proportional_nested,60,56,0.000276707660580452,0.9930069930069931,0.9696969696969696,0.0014866505516085563,0.9748551665407822,15,26,19
stratified_proportional_nested,60,57,0.0001825587244102396,0.9790209790209792,0.9393939393939392,0.0011437588127050273,0.9865675999624526,15,26,19
stratified_proportional_nested,60,58,0.00019575809399259068,0.9930069930069931,0.9696969696969696,0.0005692685988547735,0.9882294672214426,15,26,19
stratified_proportional_nested,60,59,0.00032302365742836536,0.9720279720279721,0.909090909090909,0.0011739550658787642,0.9532273900059063,15,26,19
stratified_proportional_nested,60,60,0.00026417810975303083,1.0,0.9999999999999998,0.0010082789937995381,0.9759817313521962,15,26,19
stratified_proportional_nested,60,61,0.00023238141944570282,0.9930069930069931,0.9696969696969696,0.0014996786031265571,0.9486034433402856,15,26,19
stratified_proportional_nested,60,62,0.0028983191657025935,0.9580419580419581,0.8484848484848484,0.0035264672028251652,0.9513421344474655,15,26,19
stratified_proportional_nested,60,63,0.0005020425699579172,0.9930069930069931,0.9696969696969696,0.0008323738298376943,0.9801040409158658,15,26,19
stratified_proportional_nested,60,64,0.0007342923729523992,0.9930069930069931,0.9696969696969696,0.0018105056132681496,0.9626196288626785,15,26,19
stratified_proportional_nested,60,65,0.00025773602937477865,1.0,0.9999999999999998,0.0041407478220173545,0.9795607064505303,15,26,19
stratified_proportional_nested,60,66,0.0018256832318964524,0.9930069930069931,0.9696969696969696,0.0033909608547433496,0.9742612487207598,15,26,19
stratified_proportional_nested,60,67,0.0010747967070737557,0.9930069930069931,0.9696969696969696,0.00164737972150031,0.9602604565293146,15,26,19
stratified_proportional_nested,60,68,0.000466778582566271,0.965034965034965,0.8787878787878787,0.0018079726030605873,0.9304287978582043,15,26,19
stratified_proportional_nested,60,69,0.0006559235786261585,0.9930069930069931,0.9696969696969696,0.0013742671732403782,0.9208682292497259,15,26,19
stratified_proportional_nested,60,70,0.0010063766913133172,0.9860139860139862,0.9393939393939392,0.0030470573748074795,0.9235695983321274,15,26,19
stratified_proportional_nested,60,71,0.0018056871720067745,1.0,0.9999999999999998,0.002991750669401338,0.9513649463817636,15,26,19
stratified_proportional_nested,60,72,0.00018850829099810557,0.9930069930069931,0.9696969696969696,0.00110347557378197,0.954996340955109,15,26,19
stratified_proportional_nested,60,73,0.00031049410660094267,0.9930069930069931,0.9696969696969696,0.001702018624200154,0.969473415142864,15,26,19
stratified_proportional_nested,60,74,0.00023444997736532522,0.9860139860139862,0.9393939393939392,0.0008672911229551436,0.9894982210771684,15,26,19
stratified_proportional_nested,60,75,0.0004934728300051975,0.9860139860139862,0.9393939393939392,0.0019057820033737177,0.9443969755890914,15,26,19
stratified_proportional_nested,60,76,0.0010365185352849465,0.9790209790209792,0.9393939393939392,0.0018414640288348472,0.9871662089093743,15,26,19
stratified_proportional_nested,60,77,0.00021981246751504716,1.0,0.9999999999999998,0.0009369843517825443,0.9784019674458904,15,26,19
stratified_proportional_nested,60,78,0.0006666603792565767,1.0,0.9999999999999998,0.0013592984851557028,0.9672215578239003,15,26,19
stratified_proportional_nested,60,79,0.0004056280703519266,0.965034965034965,0.8787878787878787,0.001509185579328612,0.9655395124121103,15,26,19
stratified_proportional_nested,60,80,0.0007998952098318353,0.9930069930069931,0.9696969696969696,0.0014662729873997533,0.9713634030844037,15,26,19
stratified_proportional_nested,60,81,0.0010323814194457017,0.9964973622679555,0.9847319278346618,0.002287060994997906,0.9871483165492609,15,26,19
stratified_proportional_nested,60,82,0.00038896140368525943,0.9790209790209792,0.9393939393939392,0.001971026131491631,0.9883040935672515,15,26,19
stratified_proportional_nested,60,83,0.0002484570695639036,0.9930069930069931,0.9696969696969696,0.001621459026537067,0.9282233951376804,15,26,19
stratified_proportional_nested,60,84,0.001185494106600939,0.9860139860139862,0.9393939393939392,0.0027785722656483193,0.9666684928585078,15,26,19
stratified_proportional_nested,60,85,0.003297708448602513,0.9930069930069931,0.9696969696969696,0.006372585727333491,0.9573199322305371,15,26,19
stratified_proportional_nested,60,86,7.639245175460693e-05,1.0,0.9999999999999998,0.0004900792301135907,0.9836369860096997,15,26,19
stratified_proportional_nested,60,87,0.0002981812618412896,0.99124495269876,0.9618600860701234,0.001156917324634758,0.9742375933376047,15,26,19
stratified_proportional_nested,60,88,0.0010877399694851028,0.9720279720279721,0.909090909090909,0.001950391410324201,0.9460584318461543,15,26,19
stratified_proportional_nested,60,89,0.00022406778666398463,0.9930069930069931,0.9696969696969696,0.0016005591451392824,0.9754033164710593,15,26,19
stratified_proportional_nested,60,90,0.000137444461210873,0.9930069930069931,0.9696969696969696,0.0010031526402500008,0.9719554052825945,15,26,19
stratified_proportional_nested,60,91,0.0006173104974598842,0.9930069930069931,0.9696969696969696,0.0016075441700162025,0.9748986086806397,15,26,19
stratified_proportional_nested,60,92,0.0005556280703519267,0.9877423203570683,0.9618600860701234,0.0018878064628291026,0.963145341224834,15,26,19
stratified_proportional_nested,60,93,0.00048062807035192603,0.9930069930069931,0.9696969696969696,0.0018197295205281403,0.9391060923856444,15,26,19
stratified_proportional_nested,60,94,0.00024668401991851687,1.0,0.9999999999999998,0.0013797118465520885,0.9847921555883047,15,26,19
stratified_proportional_nested,60,95,0.0005386264943077986,0.9860139860139862,0.9393939393939392,0.0009421743267892676,0.9801367247903384,15,26,19
stratified_proportional_nested,60,96,8.045076538738843e-05,0.9860139860139862,0.9393939393939392,0.0007077540864240025,0.9918287184897748,15,26,19
stratified_proportional_nested,60,97,0.00022621514679006737,0.965034965034965,0.8787878787878787,0.0008289350334164422,0.9777745613681277,15,26,19
stratified_proportional_nested,60,98,0.0003806674714551584,0.9860139860139862,0.9393939393939392,0.002411796143363993,0.9836220303992752,15,26,19
stratified_proportional_nested,60,99,0.00025811033985547366,0.9720279720279721,0.909090909090909,0.0009410090767320505,0.9707429093233634,15,26,19
stratified_proportional_nested,60,100,0.0002937683382794294,0.9860139860139862,0.9393939393939392,0.0008279581182517283,0.9731331820433796,15,26,19
stratified_proportional_nested,60,101,0.0005298400482873093,0.9790209790209792,0.909090909090909,0.003297325651356032,0.9865617150534994,15,26,19
stratified_proportional_nested,60,102,0.00031145943363009975,0.9720279720279721,0.909090909090909,0.0009353611344834985,0.9700424713811925,15,26,19
stratified_proportional_nested,60,103,0.000491660379256579,0.9930069930069931,0.9696969696969696,0.0017171600959401045,0.9484185830607422,15,26,19
stratified_proportional_nested,60,104,0.00012595903961906845,0.9930069930069931,0.9696969696969696,0.0014270179210049763,0.9708165054180208,15,26,19
stratified_proportional_nested,60,105,0.0003287368173968449,0.9930069930069931,0.9696969696969696,0.0007065339871429621,0.9654846051574419,15,26,19
stratified_proportional_nested,60,106,0.00013482428784601902,0.9860139860139862,0.9393939393939392,0.001366513965810349,0.9660900503005768,15,26,19
stratified_proportional_nested,60,107,0.0017547612460808472,0.9790209790209792,0.9393939393939392,0.004735058821264787,0.9859662735662403,15,26,19
stratified_proportional_nested,60,108,0.0001953443824086664,1.0,0.9999999999999998,0.0006314889573568284,0.9705413530267482,15,26,19
stratified_proportional_nested,60,109,0.0002488904816994458,0.9930069930069931,0.9696969696969696,0.0014689433685558242,0.9789657494654529,15,26,19
stratified_proportional_nested,60,110,0.000515360142849958,0.9930069930069931,0.9696969696969696,0.0018198222006407068,0.9660894076907024,15,26,19
stratified_proportional_nested,60,111,0.0012683940277987379,0.9859399412855984,0.9459922805717786,0.002068860856949056,0.9410136927610223,15,26,19
stratified_proportional_nested,60,112,0.00047274784970574905,0.9790209790209792,0.909090909090909,0.0016823255066698332,0.9218416463592888,15,26,19
stratified_proportional_nested,60,113,0.0003265303556159145,0.9720279720279721,0.909090909090909,0.0013944117117207363,0.9299637646407185,15,26,19
stratified_proportional_nested,60,114,9.422145096658462e-05,0.9930069930069931,0.9696969696969696,0.0011270673470257068,0.9485530378455037,15,26,19
stratified_proportional_nested,60,115,0.001157085911171468,0.9790209790209792,0.9393939393939392,0.002030270051989902,0.9701046748550133,15,26,19
stratified_proportional_nested,60,116,0.00019770844860251806,0.9860139860139862,0.9393939393939392,0.0007229877627344594,0.9754907677704018,15,26,19
stratified_proportional_nested,60,117,0.00021800001676642656,1.0,0.9999999999999998,0.0013324248342533563,0.9783844352946859,15,26,19
stratified_proportional_nested,60,118,0.0009651828378854185,0.9930069930069931,0.9696969696969696,0.0020606378341973025,0.9636677520226394,15,26,19
stratified_proportional_nested,60,119,0.0008567313012423885,0.9720279720279721,0.909090909090909,0.001895706875822207,0.9573237551457522,15,26,19
stratified_proportional_nested,60,120,0.0006646312224401881,0.9860139860139862,0.9393939393939392,0.0020385876064328893,0.9579274526642948,15,26,19
stratified_proportional_nested,60,121,0.0008435713327632753,0.9860139860139862,0.9393939393939392,0.0024694587549721975,0.9665624269777292,15,26,19
stratified_proportional_nested,60,122,0.00048671554080109724,0.9790209790209792,0.9393939393939392,0.005308710128327558,0.9713967027625068,15,26,19
stratified_proportional_nested,60,123,0.0003780472980903033,0.9860139860139862,0.9393939393939392,0.0017517128708899254,0.9350520742002332,15,26,19
stratified_proportional_nested,60,124,0.00037227503646698035,0.965034965034965,0.8787878787878787,0.001283402589205114,0.9708174866069603,15,26,19
stratified_proportional_nested,60,125,0.00022148701440236044,0.9859709816806179,0.9539590550898286,0.0015261038178641516,0.971341797747455,15,26,19
stratified_proportional_nested,60,126,0.00024274390959542713,0.9930069930069931,0.9696969696969696,0.0016319050263075938,0.9771931958971373,15,26,19
stratified_proportional_nested,60,127,0.0007326769277199345,0.9580419580419581,0.8787878787878787,0.0014825821071430677,0.9449468229656751,15,26,19
stratified_proportional_nested,60,128,0.00019447755813758558,0.9930069930069931,0.9696969696969696,0.0018628456748134108,0.980721707599382,15,26,19
stratified_proportional_nested,60,129,0.0005991268883188323,0.9860139860139862,0.9393939393939392,0.0010875720509461362,0.9672461450510704,15,26,19
stratified_proportional_nested,60,130,0.0006066327984843166,0.9930069930069931,0.9696969696969696,0.0014614519419721328,0.9667336757318427,15,26,19
stratified_proportional_nested,60,131,0.0002524956826450721,0.9982502173821435,0.9923953268977463,0.000779834425107083,0.9670801443244228,15,26,19
stratified_proportional_nested,60,132,0.0009860260214945582,0.9720279720279721,0.909090909090909,0.002155970044846653,0.9731321310268681,15,26,19
stratified_proportional_nested,60,133,0.0002879172744496416,0.9930069930069931,0.9696969696969696,0.0005968281028259554,0.9701547762163626,15,26,19
stratified_proportional_nested,60,134,0.0012148676290595723,0.9842396880153765,0.9313248452425005,0.0022743110849967716,0.963704014870283,15,26,19
stratified_proportional_nested,60,135,0.00032920963063561476,1.0,0.9999999999999998,0.0009071701005356632,0.9836436233542655,15,26,19
stratified_proportional_nested,60,136,0.0004355138071525583,0.9860139860139862,0.9393939393939392,0.0014382314557819748,0.9363703793455896,15,26,19
stratified_proportional_nested,60,137,0.0005974326408799024,0.9860139860139862,0.9393939393939392,0.0014128163733280394,0.9690421662396913,15,26,19
stratified_proportional_nested,60,138,0.00042487550928021757,0.9790209790209792,0.9393939393939392,0.0014474535316991288,0.9514757947674148,15,26,19
stratified_proportional_nested,60,139,0.0003035989135355365,0.9930069930069931,0.9696969696969696,0.0009711396545116087,0.9760668792180959,15,26,19
stratified_proportional_nested,60,140,0.0010093908757104746,0.9860139860139862,0.9393939393939392,0.003372973638123418,0.9783707520549626,15,26,19
stratified_proportional_nested,60,141,0.0019026138859547642,1.0,0.9999999999999998,0.0033642370906518757,0.9467243852806856,15,26,19
stratified_proportional_nested,60,142,0.0003448124675150482,0.965034965034965,0.8787878787878787,0.001507376384611538,0.883084935158104,15,26,19
stratified_proportional_nested,60,143,0.0008183349261438859,0.9790209790209792,0.9393939393939392,0.003584754626113656,0.9784091150740308,15,26,19
stratified_proportional_nested,60,144,0.0003601788977750939,0.9982502173821435,0.9923953268977463,0.002464800405637379,0.9682549482473058,15,26,19
stratified_proportional_nested,60,145,0.00020614028469392886,1.0,0.9999999999999998,0.001970595229675687,0.9824127535256096,15,26,19
stratified_proportional_nested,60,146,0.001362602065623797,0.9860139860139862,0.9393939393939392,0.002975886221957942,0.9970836884670674,15,26,19
stratified_proportional_nested,60,147,0.000638508290998106,0.9790209790209792,0.909090909090909,0.0019430096821881572,0.921074119241383,15,26,19
stratified_proportional_nested,60,148,0.00028356345254262774,0.9930069930069931,0.9696969696969696,0.0009102681457744859,0.9888749852744826,15,26,19
stratified_proportional_nested,60,149,0.0016457580939925878,0.9860139860139862,0.9393939393939392,0.0025865641547219618,0.973665133737529,15,26,19
stratified_proportional_nested,60,150,0.00038531680163640235,0.9930069930069931,0.9696969696969696,0.0016527736635800945,0.9753958130170903,15,26,19
stratified_proportional_nested,60,151,0.0010451079757892773,0.9930069930069931,0.9696969696969696,0.0014688760945308814,0.9707678701596825,15,26,19
stratified_proportional_nested,60,152,0.00017519071810606345,1.0,0.9999999999999998,0.0006593060533570333,0.9682374572199604,15,26,19
stratified_proportional_nested,60,153,9.461546199889384e-05,0.9930069930069931,0.9696969696969696,0.001585022781247211,0.9741522286232714,15,26,19
stratified_proportional_nested,60,154,0.0003470977315024402,0.9860139860139862,0.9393939393939392,0.0004965040259694532,0.9888821526610118,15,26,19
stratified_proportional_nested,60,155,7.775178981607227e-05,1.0,0.9999999999999998,0.0007433514148084608,0.9788997834837486,15,26,19
stratified_proportional_nested,60,156,0.0006886067937561823,0.9860139860139862,0.9393939393939392,0.0026909211722759385,0.9882849317324914,15,26,19
stratified_proportional_nested,60,157,0.0007328936337877064,0.9790209790209792,0.9393939393939392,0.0015709996529048847,0.923891066217808,15,26,19
stratified_proportional_nested,60,158,0.00037172342102174445,0.99124495269876,0.9618600860701234,0.0011966180346494116,0.9777854212190943,15,26,19
stratified_proportional_nested,60,159,0.0003442805526214289,0.9860139860139862,0.9393939393939392,0.0012356482910637146,0.9712761216160573,15,26,19
stratified_proportional_nested,60,160,0.00020308669919353453,0.9930069930069931,0.9696969696969696,0.0012910065674888282,0.9889129082216738,15,26,19
stratified_proportional_nested,60,161,0.00025915446909109127,0.9510489510489512,0.8787878787878787,0.0023142657749443568,0.9579601684864842,15,26,19
stratified_proportional_nested,60,162,0.0003906950522274213,0.9720279720279721,0.909090909090909,0.00090739016521343,0.9819015094036557,15,26,19
stratified_proportional_nested,60,163,0.00038112058414231377,0.9930069930069931,0.9696969696969696,0.0019711469292933727,0.9818994700362412,15,26,19
stratified_proportional_nested,60,164,0.00035170766058045393,0.9790209790209792,0.909090909090909,0.003498534185858835,0.9507783456777537,15,26,19
stratified_proportional_nested,60,165,0.0001777123887128413,0.9860139860139862,0.9393939393939392,0.0013903586363699823,0.9385258770795538,15,26,19
stratified_proportional_nested,60,166,0.0007234767701155211,0.9860139860139862,0.9393939393939392,0.002412170718740343,0.9748639375267755,15,26,19
stratified_proportional_nested,60,167,0.0006662269671210381,0.9842396880153765,0.9313248452425005,0.0013443573481568896,0.962521113614668,15,26,19
stratified_proportional_nested,60,168,0.0010812190869003934,0.9930069930069931,0.9696969696969696,0.0023853664059178483,0.9608225645722288,15,26,19
stratified_proportional_nested,60,169,0.002398988984457522,1.0,0.9999999999999998,0.0043798624314991775,0.9428773225674604,15,26,19
stratified_proportional_nested,60,170,0.0002847651861911697,1.0,0.9999999999999998,0.0024009435045406176,0.9225712641897165,15,26,19
stratified_proportional_nested,60,171,0.0005080709387522423,0.9720279720279721,0.909090909090909,0.0012497129433342066,0.9824801722991235,15,26,19
stratified_proportional_nested,60,172,0.0006340953674362457,0.9930069930069931,0.9696969696969696,0.0012339000365560314,0.965386687711975,15,26,19
stratified_proportional_nested,60,173,0.0002690047448988146,1.0,0.9999999999999998,0.0008280545015216337,0.9754518980361534,15,26,19
stratified_proportional_nested,60,174,0.0014801355565615393,0.9930069930069931,0.9696969696969696,0.003283540759469005,0.9883179000305727,15,26,19
stratified_proportional_nested,60,175,0.0002075587244102422,0.9930069930069931,0.9696969696969696,0.0011206132092128065,0.9588566316183963,15,26,19
stratified_proportional_nested,60,176,0.0003738510805962143,0.9930069930069931,0.9696969696969696,0.0013032135804593899,0.9654722756206485,15,26,19
stratified_proportional_nested,60,177,0.0014471765337089025,0.9790209790209792,0.909090909090909,0.002203902914091404,0.9737551540481565,15,26,19
stratified_proportional_nested,60,178,0.0004850409939137889,1.0,0.9999999999999998,0.0017064796741686967,0.958489705453545,15,26,19
stratified_proportional_nested,60,179,0.0005245011987995243,0.9720279720279721,0.909090909090909,0.0015424611494782488,0.9635243182659409,15,26,19
stratified_proportional_nested,60,180,0.0003460536022668217,1.0,0.9999999999999998,0.0010942315824582851,0.9724079993415918,15,26,19
stratified_proportional_nested,60,181,0.0006259787401706834,0.9930069930069931,0.9696969696969696,0.0021510192978510157,0.9661013124780874,15,26,19
stratified_proportional_nested,60,182,0.0007240086850091389,0.9930069930069931,0.9696969696969696,0.001942965719842184,0.926213799289027,15,26,19
stratified_proportional_nested,60,183,0.0009746982043156773,0.9720279720279721,0.909090909090909,0.0036515102798534674,0.9725381540748542,15,26,19
stratified_proportional_nested,60,184,0.0008850803950170197,1.0,0.9999999999999998,0.0065916660532679945,0.978294729628504,15,26,19
stratified_proportional_nested,60,185,0.00041427661251110655,0.9930069930069931,0.9696969696969696,0.0017315416717003302,0.9766460181310553,15,26,19
stratified_proportional_nested,60,186,0.0003521213721643774,0.9790209790209792,0.9393939393939392,0.0012163872996171982,0.9664993061027486,15,26,19
stratified_proportional_nested,60,187,0.00038543500494609556,0.9790209790209792,0.9393939393939392,0.0013476394484096558,0.9725595635871476,15,26,19
stratified_proportional_nested,60,188,0.000438173381620642,0.9790209790209792,0.909090909090909,0.0008678295377488325,0.9854000683756973,15,26,19
stratified_proportional_nested,60,189,0.00014914658887044604,0.9930069930069931,0.9696969696969696,0.0013401819876707125,0.9205087770384508,15,26,19
stratified_proportional_nested,60,190,0.0001962112066797425,0.9930069930069931,0.9696969696969696,0.0013712604826671007,0.9859894491473439,15,26,19
stratified_proportional_nested,60,191,0.0002921725935985796,0.9877423203570683,0.9618600860701234,0.002026318165919256,0.9912237197155042,15,26,19
stratified_proportional_nested,60,192,0.0006593711751588627,0.9930069930069931,0.9696969696969696,0.0037641881502911236,0.926710524387279,15,26,19
stratified_proportional_nested,60,193,0.0005380945794141812,0.9930069930069931,0.9696969696969696,0.0016486853171734036,0.9473009432581714,15,26,19
stratified_proportional_nested,60,194,0.00023630182921717438,0.9720279720279721,0.909090909090909,0.0010173137870874746,0.9825133930397089,15,26,19
stratified_proportional_nested,60,195,0.00014083295608872777,0.9930069930069931,0.9696969696969696,0.0025261639587581615,0.9754728610863624,15,26,19
stratified_proportional_nested,60,196,0.0002786777157419977,1.0,0.9999999999999998,0.0009341614228036383,0.990668841251066,15,26,19
stratified_proportional_nested,60,197,0.0005236737756316756,1.0,0.9999999999999998,0.0008783673980807125,0.965346940749313,15,26,19
stratified_proportional_nested,60,198,0.0004665224753952696,1.0,0.9999999999999998,0.001189232380761875,0.9678853310432259,15,26,19
stratified_proportional_nested,60,199,0.0013641978103046475,0.9860139860139862,0.9393939393939392,0.0033499877661745513,0.9672066651735788,15,26,19
stratified_proportional_nested,65,0,0.0013199844101992684,0.9720279720279721,0.909090909090909,0.0023909171075837733,0.985422553347783,16,28,21
stratified_proportional_nested,65,1,0.0002017838982180648,0.9860139860139862,0.9393939393939392,0.0029221415186444946,0.9818416024831779,16,28,21
stratified_proportional_nested,65,2,0.00018612230939772046,1.0,0.9999999999999998,0.0011840325018896436,0.9555964503332924,16,28,21
stratified_proportional_nested,65,3,0.0004525371820319072,0.9930069930069931,0.9696969696969696,0.0013493882275132263,0.9824740327109907,16,28,21
stratified_proportional_nested,65,4,0.0006152296995525738,0.9930069930069931,0.9696969696969696,0.0011772474962207092,0.970232220379958,16,28,21
stratified_proportional_nested,65,5,0.0008162788413545824,0.9860139860139862,0.9393939393939392,0.00238795272738725,0.9278406338100226,16,28,21
stratified_proportional_nested,65,6,0.0001544130475738938,0.9930069930069931,0.9696969696969696,0.0009360323759133285,0.9250483758124283,16,28,21
stratified_proportional_nested,65,7,0.00013188587480122144,0.9930069930069931,0.9696969696969696,0.0011092832734945829,0.9813212670638093,16,28,21
stratified_proportional_nested,65,8,9.727258846944205e-05,0.9860139860139862,0.9393939393939392,0.0014443350025195262,0.9456034525076004,16,28,21
stratified_proportional_nested,65,9,0.0005613457766015506,1.0,0.9999999999999998,0.0009528049414210117,0.9807237398048335,16,28,21
stratified_proportional_nested,65,10,0.00026219767974477765,0.9860139860139862,0.9393939393939392,0.0010174937799193745,0.9730771986486323,16,28,21
stratified_proportional_nested,65,11,0.0001853333547626129,0.9930069930069931,0.9696969696969696,0.000599439405391786,0.991215718105542,16,28,21
stratified_proportional_nested,65,12,0.0007752532003289387,0.9930069930069931,0.9696969696969696,0.0012373165469891656,0.9730796750191156,16,28,21
stratified_proportional_nested,65,13,0.00011523389611978252,0.9930069930069931,0.9696969696969696,0.0015456435815066763,0.9643438432912118,16,28,21
stratified_proportional_nested,65,14,0.0001468592265994494,0.9930069930069931,0.9696969696969696,0.0012334349017384717,0.9579289871133133,16,28,21
stratified_proportional_nested,65,15,9.173311975484936e-05,0.9930069930069931,0.9696969696969696,0.00047709278155706704,0.9689805328072166,16,28,21
stratified_proportional_nested,65,16,0.0005032317139048345,0.9720279720279721,0.909090909090909,0.0028086230788611746,0.9795561956909363,16,28,21
stratified_proportional_nested,65,17,0.00020609796930791453,0.9930069930069931,0.9696969696969696,0.0014357134983623077,0.8974670999213048,16,28,21
stratified_proportional_nested,65,18,0.0005237109618799908,0.9720279720279721,0.909090909090909,0.0013269211388258996,0.9468035339490511,16,28,21
stratified_proportional_nested,65,19,0.0007719127328313537,0.9930069930069931,0.9696969696969696,0.0028702451814058946,0.9350478140034278,16,28,21
stratified_proportional_nested,65,20,0.000835448760360834,1.0,0.9999999999999998,0.001539484520660117,0.9894802702607436,16,28,21
stratified_proportional_nested,65,21,0.00013646852619238203,1.0,0.9999999999999998,0.0006948310342655579,0.966139124033861,16,28,21
stratified_proportional_nested,65,22,0.00016309154856008614,0.9860139860139862,0.9393939393939392,0.0008510534769463345,0.9813029076186973,16,28,21
stratified_proportional_nested,65,23,0.0007690422808610685,0.9720279720279721,0.909090909090909,0.001959190365961199,0.9859746256852677,16,28,21
stratified_proportional_nested,65,24,0.0010184358768995057,0.99124495269876,0.9618600860701234,0.0015549835443436624,0.9303981029550082,16,28,21
stratified_proportional_nested,65,25,0.0013037017294321356,0.9860139860139862,0.9393939393939392,0.0019481516912320483,0.9221130929289897,16,28,21
stratified_proportional_nested,65,26,9.230385289514016e-05,0.9930069930069931,0.9696969696969696,0.0005570523116654073,0.9689078529543286,16,28,21
stratified_proportional_nested,65,27,0.00019901416386077227,0.9860139860139862,0.9393939393939392,0.001339650651927436,0.9707633028161657,16,28,21
stratified_proportional_nested,65,28,0.0006958037899466334,0.9860139860139862,0.9393939393939392,0.004828007684555302,0.9637047845168931,16,28,21
stratified_proportional_nested,65,29,0.00012053835707072439,0.9930069930069931,0.9696969696969696,0.0006572034832451498,0.9841389141779917,16,28,21
stratified_proportional_nested,65,30,0.0002736962738947635,0.9772344233319931,0.9313248452425005,0.0008395128653313182,0.9444475043300762,16,28,21
stratified_proportional_nested,65,31,0.00044622554495103906,0.9930069930069931,0.9696969696969696,0.001405719324766943,0.9278373675140529,16,28,21
stratified_proportional_nested,65,32,0.0004911120278080618,0.9982502173821435,0.9923953268977463,0.0020778502141597373,0.9813325742366802,16,28,21
stratified_proportional_nested,65,33,0.0003264387305652083,0.9860139860139862,0.9393939393939392,0.001094223198538674,0.9537599177177124,16,28,21
stratified_proportional_nested,65,34,0.00037642823914718556,0.9930069930069931,0.9696969696969696,0.0012618209089191234,0.9728308234708525,16,28,21
stratified_proportional_nested,65,35,0.00025492922534047993,0.9930069930069931,0.9696969696969696,0.0012951042454018645,0.9877412836644827,16,28,21
stratified_proportional_nested,65,36,0.0017660627181433648,1.0,0.9999999999999998,0.004063992819349963,0.9789795793248462,16,28,21
stratified_proportional_nested,65,37,0.00040337020062270005,1.0,0.9999999999999998,0.001886937043335852,0.9695648178452791,16,28,21
stratified_proportional_nested,65,38,0.00032469295860666937,1.0,0.9999999999999998,0.0008577085695389264,0.9684589125290355,16,28,21
stratified_proportional_nested,65,39,0.00034680047465853787,0.965034965034965,0.8787878787878787,0.0006370905769715289,0.9736861230018935,16,28,21
stratified_proportional_nested,65,40,0.0005688324525006638,0.9930069930069931,0.9696969696969696,0.000883419548374904,0.986565055676642,16,28,21
stratified_proportional_nested,65,41,0.00016861423100584624,1.0,0.9999999999999998,0.0013238032249937007,0.9458712061112217,16,28,21
stratified_proportional_nested,65,42,0.00023290564063277038,0.9860139860139862,0.9393939393939392,0.0008022337175610985,0.981905602462411,16,28,21
stratified_proportional_nested,65,43,0.0001334469978026067,0.9790209790209792,0.9393939393939392,0.00057720064877803,0.9807508281192492,16,28,21
stratified_proportional_nested,65,44,0.00038260558607739744,0.9790209790209792,0.909090909090909,0.0008050937736205588,0.9731014383379838,16,28,21
stratified_proportional_nested,65,45,0.00018801915777574913,1.0,0.9999999999999998,0.00037797500944822433,0.9777879870663932,16,28,21
stratified_proportional_nested,65,46,0.000990218158992752,0.9930069930069931,0.9696969696969696,0.0040908710474930705,0.9731386667165572,16,28,21
stratified_proportional_nested,65,47,0.00040825500485283797,0.9930069930069931,0.9696969696969696,0.0010189818751574712,0.9729339384133581,16,28,21
stratified_proportional_nested,65,48,0.0003684883339896059,0.9930069930069931,0.9696969696969696,0.0011483969513731405,0.9695545291209654,16,28,21
stratified_proportional_nested,65,49,0.00047430897270713587,0.965034965034965,0.8787878787878787,0.0025983548280423285,0.9682788236296428,16,28,21
stratified_proportional_nested,65,50,0.00012819289565816036,0.9930069930069931,0.9696969696969696,0.0019007826278659597,0.9696003566794199,16,28,21
stratified_proportional_nested,65,51,0.0004329979651113471,0.9860139860139862,0.9393939393939392,0.0010835604843789349,0.9636903541665585,16,28,21
stratified_proportional_nested,65,52,0.00022958195940401554,1.0,0.9999999999999998,0.0013136050485008817,0.9853898303636303,16,28,21
stratified_proportional_nested,65,53,0.00030715130767712794,0.9790209790209792,0.9393939393939392,0.0007420406588561341,0.9743114350747087,16,28,21
stratified_proportional_nested,65,54,0.00042824745103186326,0.9930069930069931,0.9696969696969696,0.0014622039556563364,0.9964973478808838,16,28,21
stratified_proportional_nested,65,55,0.0009594657144923546,0.9860139860139862,0.9393939393939392,0.0014334045886873266,0.9859899135710327,16,28,21
stratified_proportional_nested,65,56,0.00021449110372396242,1.0,0.9999999999999998,0.0008789690413202304,0.9707487773927621,16,28,21
stratified_proportional_nested,65,57,0.0004488442028888466,0.9790209790209792,0.9393939393939392,0.0010130373677248673,0.9848182655987391,16,28,21
stratified_proportional_nested,65,58,0.00038661750432826693,0.9930069930069931,0.9696969696969696,0.001559426177878559,0.9532347121148302,16,28,21
stratified_proportional_nested,65,59,0.00018011282515582993,0.9930069930069931,0.9696969696969696,0.001756557460947341,0.983626367185885,16,28,21
stratified_proportional_nested,65,60,0.00014623813465266326,0.9930069930069931,0.9696969696969696,0.0004623338687326779,0.991245962535552,16,28,21
stratified_proportional_nested,65,61,0.00025518101937296037,0.9860139860139862,0.9393939393939392,0.0010361835474930706,0.994752686136065,16,28,21
stratified_proportional_nested,65,62,0.00037305419911193446,0.9930069930069931,0.9696969696969696,0.0023187956664147136,0.9783947840032088,16,28,21
stratified_proportional_nested,65,63,0.0010223302912685521,0.9930069930069931,0.9696969696969696,0.003656984993071302,0.9841580015063448,16,28,21
stratified_proportional_nested,65,64,0.0007495702090158301,0.9790209790209792,0.9393939393939392,0.0016524026045603428,0.9626559543111165,16,28,21
stratified_proportional_nested,65,65,0.0001209412275226945,0.9930069930069931,0.9696969696969696,0.0006172355284706474,0.9724652603568339,16,28,21
stratified_proportional_nested,65,66,0.00028541308953956634,0.9790209790209792,0.909090909090909,0.0008072137188208627,0.9222926362092757,16,28,21
stratified_proportional_nested,65,67,7.382217091100403e-05,1.0,0.9999999999999998,0.0015939279415469881,0.9696070011859487,16,28,21
stratified_proportional_nested,65,68,0.00012737036848538678,0.9860139860139862,0.9393939393939392,0.002165767904383976,0.9842309367909322,16,28,21
stratified_proportional_nested,65,69,0.0001466913639111293,0.9930069930069931,0.9696969696969696,0.0007905986237087426,0.964298048338506,16,28,21
stratified_proportional_nested,65,70,0.00037443067315616675,0.9860139860139862,0.9393939393939392,0.0028034029352481736,0.9825052140841616,16,28,21
stratified_proportional_nested,65,71,0.00030245115240414277,0.9720279720279721,0.909090909090909,0.001951696743512218,0.9684936748806026,16,28,21
stratified_proportional_nested,65,72,0.0008829706874244964,0.9930069930069931,0.9696969696969696,0.0024919068090199043,0.9865594210069052,16,28,21
stratified_proportional_nested,65,73,0.0003342611318409643,0.9860139860139862,0.9393939393939392,0.002014078640715545,0.9812669627904266,16,28,21
stratified_proportional_nested,65,74,0.0003135133035644944,0.9930069930069931,0.9696969696969696,0.0009909993858654566,0.9649380488769639,16,28,21
stratified_proportional_nested,65,75,0.0010347521302043004,0.9982502173821435,0.9923953268977463,0.0027635274943310657,0.9689508193063746,16,28,21
stratified_proportional_nested,65,76,0.00041745388017282696,0.9720279720279721,0.909090909090909,0.0013238445609725369,0.9801204563494516,16,28,21
stratified_proportional_nested,65,77,0.0002974824168298424,0.9930069930069931,0.9696969696969696,0.000641145439657344,0.9848132283214664,16,28,21
stratified_proportional_nested,65,78,0.00014978003737623467,0.9930069930069931,0.9696969696969696,0.00131391408415218,0.9683226798473696,16,28,21
stratified_proportional_nested,65,79,0.0007051369554172799,0.9930069930069931,0.9696969696969696,0.0035901762093726365,0.9853958455296473,16,28,21
stratified_proportional_nested,65,80,0.0002503297876804855,0.9930069930069931,0.9696969696969696,0.0010961423689846296,0.968760143844645,16,28,21
stratified_proportional_nested,65,81,0.0003152758617918623,0.9772344233319931,0.9313248452425005,0.0005762184271856885,0.9718958201762815,16,28,21
stratified_proportional_nested,65,82,0.0009114905581702255,0.9930069930069931,0.9696969696969696,0.0018991429673721348,0.9789509260033767,16,28,21
stratified_proportional_nested,65,83,0.0011240215078533863,0.9930069930069931,0.9696969696969696,0.002085690271478962,0.9789707965675915,16,28,21
stratified_proportional_nested,65,84,0.000519061165413499,0.9930069930069931,0.9696969696969696,0.0014666446208112865,0.9385258770795538,16,28,21
stratified_proportional_nested,65,85,0.00021580043269286576,1.0,0.9999999999999998,0.0004979221781305118,0.9801137714159229,16,28,21
stratified_proportional_nested,65,86,0.00020420112092988795,1.0,0.9999999999999998,0.0005531824766943816,0.9748655016708492,16,28,21
stratified_proportional_nested,65,87,0.00030268616016779155,1.0,0.9999999999999998,0.0012893959435626105,0.9641840828150495,16,28,21
stratified_proportional_nested,65,88,0.0001147135217859879,1.0,0.9999999999999998,0.0007196227796674232,0.9689078529543286,16,28,21
stratified_proportional_nested,65,89,0.00034649832181956084,0.9860139860139862,0.9393939393939392,0.0015710258408919119,0.991226488935863,16,28,21
stratified_proportional_nested,65,90,0.00021387001177717346,0.9930069930069931,0.9696969696969696,0.0026217568972033245,0.9777895448736844,16,28,21
stratified_proportional_nested,65,91,0.00030830956022654174,1.0,0.9999999999999998,0.0015303984788359777,0.9952977224280654,16,28,21
stratified_proportional_nested,65,92,0.0005727100806008761,0.9930069930069931,0.9696969696969696,0.0011487237024439404,0.9819240069028833,16,28,21
stratified_proportional_nested,65,93,0.00014345161402653576,0.9930069930069931,0.9696969696969696,0.0004420182193247667,0.9918225789016422,16,28,21
stratified_proportional_nested,65,94,0.0005152674686574458,0.9930069930069931,0.9696969696969696,0.0017385704050138587,0.9600097482330808,16,28,21
stratified_proportional_nested,65,95,0.00022936373790919906,1.0,0.9999999999999998,0.0007862012629125714,0.969573025562072,16,28,21
stratified_proportional_nested,65,96,0.0003824712959267391,0.9877423203570683,0.9618600860701234,0.000846266376921139,0.9865496275467452,16,28,21
stratified_proportional_nested,65,97,0.0005612114864508935,0.99124495269876,0.9618600860701234,0.0015891703672209622,0.9835687554491365,16,28,21
stratified_proportional_nested,65,98,0.00022944766925336068,0.9930069930069931,0.9696969696969696,0.00295697200176367,0.977764848829675,16,28,21
stratified_proportional_nested,65,99,0.0001372910533651538,0.9720279720279721,0.909090909090909,0.0008355859473418999,0.9708420234736025,16,28,21
stratified_proportional_nested,65,100,0.00031885133705309755,0.9930069930069931,0.9696969696969696,0.001233688822751323,0.9713726564903347,16,28,21
stratified_proportional_nested,65,101,0.0009619332960106742,0.9860139860139862,0.9393939393939392,0.003024680335097001,0.9173382598330052,16,28,21
stratified_proportional_nested,65,102,0.00020960629949382044,1.0,0.9999999999999998,0.0007827939972285212,0.9830309164666234,16,28,21
stratified_proportional_nested,65,103,0.0005749594406243799,0.9930069930069931,0.9696969696969696,0.001807886904761905,0.9602359196626725,16,28,21
stratified_proportional_nested,65,104,0.000340203471007525,0.9930069930069931,0.9696969696969696,0.0014596824609473423,0.9812282523719841,16,28,21
stratified_proportional_nested,65,105,0.00010620288348811486,1.0,0.9999999999999998,0.0015030832703451745,0.9771178323438988,16,28,21
stratified_proportional_nested,65,106,0.0004134755344596199,0.9930069930069931,0.9696969696969696,0.0010363626700680274,0.9515484528262537,16,28,21
stratified_proportional_nested,65,107,0.000265806727543677,0.9860139860139862,0.9393939393939392,0.0027639999055177624,0.9719640891565379,16,28,21
stratified_proportional_nested,65,108,0.0025166271564328485,0.9772344233319931,0.9313248452425005,0.004131323223733938,0.9795525346569461,16,28,21
stratified_proportional_nested,65,109,0.0001058839443803059,0.9930069930069931,0.9696969696969696,0.0014716817050894424,0.9555652689601216,16,28,21
stratified_proportional_nested,65,110,0.00023928442278896606,0.9860139860139862,0.9393939393939392,0.0010323432382212145,0.9876916586552983,16,28,21
stratified_proportional_nested,65,111,0.00027191692939856064,0.9790209790209792,0.909090909090909,0.0007965037635424543,0.9269328100230414,16,28,21
stratified_proportional_nested,65,112,0.0003938859587325659,0.9860139860139862,0.9393939393939392,0.004211703987150415,0.9594902543389031,16,28,21
stratified_proportional_nested,65,113,0.0002295483868663536,0.9860139860139862,0.9393939393939392,0.0007861658320735699,0.9666247186682976,16,28,21
stratified_proportional_nested,65,114,0.0004569351844659147,0.9860139860139862,0.9393939393939392,0.0017754854024943304,0.9748691839825957,16,28,21
stratified_proportional_nested,65,115,0.0005278235977438524,0.99124495269876,0.9618600860701234,0.001077651407785335,0.9801803315638676,16,28,21
stratified_proportional_nested,65,116,0.0005983594993763208,0.99124495269876,0.9618600860701234,0.0007530773652053409,0.9794787763380338,16,28,21
stratified_proportional_nested,65,117,0.001080343636352273,0.9982502173821435,0.9923953268977463,0.0016070668776769967,0.9865241956376073,16,28,21
stratified_proportional_nested,65,118,0.0001719714847722645,0.9860139860139862,0.9393939393939392,0.0009411777210884343,0.93942985024466,16,28,21
stratified_proportional_nested,65,119,0.0002473586180972063,0.9930069930069931,0.9696969696969696,0.0006697420634920637,0.9631987895145789,16,28,21
stratified_proportional_nested,65,120,0.00070700023125764,0.9930069930069931,0.9696969696969696,0.0024356682256235825,0.9754549544023229,16,28,21
stratified_proportional_nested,65,121,0.000560607180772937,0.9930069930069931,0.9696969696969696,0.003496146699420508,0.9806729057199509,16,28,21
stratified_proportional_nested,65,122,0.0002172104792747618,0.9930069930069931,0.9696969696969696,0.0006935200932224739,0.9824652750773032,16,28,21
stratified_proportional_nested,65,123,0.0008715392383498383,0.9720279720279721,0.909090909090909,0.002038405848450491,0.9123731083222713,16,28,21
stratified_proportional_nested,65,124,0.0011962528226378917,0.9930069930069931,0.9696969696969696,0.003399652777777777,0.9719015656079805,16,28,21
stratified_proportional_nested,65,125,0.00032561620339243276,1.0,0.9999999999999998,0.0007877602198286718,0.9678582498907732,16,28,21
stratified_proportional_nested,65,126,0.0003305513664290693,0.9860139860139862,0.9393939393939392,0.002424060689090449,0.9011650006204546,16,28,21
stratified_proportional_nested,65,127,0.00034685083346503386,0.9930069930069931,0.9696969696969696,0.000931595647518266,0.9818877029403347,16,28,21
stratified_proportional_nested,65,128,0.00023768972724991678,0.9930069930069931,0.9696969696969696,0.0006245421548248928,0.9690401125483508,16,28,21
stratified_proportional_nested,65,129,0.000128192895658159,0.9860139860139862,0.9393939393939392,0.002174895282186947,0.9205169099905942,16,28,21
stratified_proportional_nested,65,130,0.001645084078670459,1.0,0.9999999999999998,0.0026947109630889375,0.9812171646257094,16,28,21
stratified_proportional_nested,65,131,0.0007374673091878938,0.9720279720279721,0.8787878787878787,0.0019341978458049895,0.9371613768380623,16,28,21
stratified_proportional_nested,65,132,0.00032383685889623206,0.9930069930069931,0.9696969696969696,0.0015375358245149915,0.9830592888186386,16,28,21
stratified_proportional_nested,65,133,0.0002347353439354682,0.9860139860139862,0.9393939393939392,0.0013727902966742247,0.9748864440981492,16,28,21
stratified_proportional_nested,65,134,0.0008196696676586643,0.9930069930069931,0.9696969696969696,0.0019594797178130513,0.9906396246194523,16,28,21
stratified_proportional_nested,65,135,0.00029677739353889274,1.0,0.9999999999999998,0.0006862725182665659,0.9754907677704018,16,28,21
stratified_proportional_nested,65,136,0.0005344541739325319,0.9982502173821435,0.9923953268977463,0.002187939736079616,0.9352823686077919,16,28,21
stratified_proportional_nested,65,137,0.0008281635196877053,0.9930069930069931,0.9696969696969696,0.002337038611740992,0.9759420369321852,16,28,21
stratified_proportional_nested,65,138,0.0004898866301833188,0.99124495269876,0.9618600860701234,0.002669364134542705,0.9770510626401855,16,28,21
stratified_proportional_nested,65,139,0.0005516768857542625,0.9790209790209792,0.9393939393939392,0.0007926772329302093,0.96668455902678,16,28,21
stratified_proportional_nested,65,140,0.0001618157921288477,0.9930069930069931,0.9696969696969696,0.001502929736709499,0.9877105046887179,16,28,21
stratified_proportional_nested,65,141,0.0003705362587871209,0.9860139860139862,0.9393939393939392,0.0006532371976568401,0.980144586314896,16,28,21
stratified_proportional_nested,65,142,0.0006997821356598399,0.9930069930069931,0.9696969696969696,0.0027625373992189455,0.9877596791430582,16,28,21
stratified_proportional_nested,65,143,0.0010048389991455082,0.9982502173821435,0.9923953268977463,0.005513742047745025,0.9859986647954769,16,28,21
stratified_proportional_nested,65,144,0.00015654490371557045,1.0,0.9999999999999998,0.0006738874716553283,0.985402109539896,16,28,21
stratified_proportional_nested,65,145,0.0003072352390212877,0.9720279720279721,0.909090909090909,0.0009192598104056439,0.9550050176670893,16,28,21
stratified_proportional_nested,65,146,0.0004180917583884451,1.0,0.9999999999999998,0.001174090214789621,0.9670332063132611,16,28,21
stratified_proportional_nested,65,147,0.00029718026399086554,0.9930069930069931,0.9696969696969696,0.0009367862654320993,0.9853491393000459,16,28,21
stratified_proportional_nested,65,148,0.0004426836422274662,0.9930069930069931,0.9696969696969696,0.0013383141219450734,0.9377374882857564,16,28,21
stratified_proportional_nested,65,149,0.0002129467669914106,0.9930069930069931,0.9696969696969696,0.0006880381550768461,0.9812116911268022,16,28,21
stratified_proportional_nested,65,150,0.00012906578163742832,0.9930069930069931,0.9696969696969696,0.0012386471718316952,0.9912500358327692,16,28,21
stratified_proportional_nested,65,151,0.00026661246844762016,0.9860139860139862,0.9393939393939392,0.0012646376606198029,0.9461359802194064,16,28,21
stratified_proportional_nested,65,152,8.854372867675036e-05,0.9860139860139862,0.9393939393939392,0.0008962592907533375,0.9723274158169511,16,28,21
stratified_proportional_nested,65,153,0.00011556962149642464,1.0,0.9999999999999998,0.0007351395187704708,0.9605814020041065,16,28,21
stratified_proportional_nested,65,154,0.0005580892404481224,0.9860139860139862,0.9393939393939392,0.0020925185815066764,0.974315050066136,16,28,21
stratified_proportional_nested,65,155,0.0016714720932745099,0.9860139860139862,0.9393939393939392,0.0021390333679768194,0.975976143996342,16,28,21
stratified_proportional_nested,65,156,0.0002762645730260731,0.9930069930069931,0.9696969696969696,0.0008774356733434104,0.9613114794575656,16,28,21
stratified_proportional_nested,65,157,0.0002808136518795709,0.9930069930069931,0.9696969696969696,0.00309887251196775,0.9560123758906603,16,28,21
stratified_proportional_nested,65,158,0.0001846786902781601,0.9790209790209792,0.9393939393939392,0.0011015928130511453,0.9865757860799631,16,28,21
stratified_proportional_nested,65,159,0.00028427162325898235,0.9930069930069931,0.9696969696969696,0.0009083904163517255,0.9924196462375822,16,28,21
stratified_proportional_nested,65,160,0.0001922157249837711,0.9930069930069931,0.9696969696969696,0.0017260534769463337,0.9228642702326914,16,28,21
stratified_proportional_nested,65,161,0.00030070538044560337,1.0,0.9999999999999998,0.001266108040438397,0.9765921425655133,16,28,21
stratified_proportional_nested,65,162,0.0007472369176481742,1.0,0.9999999999999998,0.0019839821113630638,0.9753518570054013,16,28,21
stratified_proportional_nested,65,163,0.0001306772634453101,0.9930069930069931,0.9696969696969696,0.000820303445452256,0.9830833792231962,16,28,21
stratified_proportional_nested,65,164,0.00012956936970239175,0.9930069930069931,0.9696969696969696,0.0009055756330309889,0.9591215801742118,16,28,21
stratified_proportional_nested,65,165,0.00020824661171842316,0.9860139860139862,0.9393939393939392,0.0006897408037288985,0.9660744611555682,16,28,21
stratified_proportional_nested,65,166,0.00030404584794319257,0.9930069930069931,0.9696969696969696,0.00140410722159234,0.977148163070834,16,28,21
stratified_proportional_nested,65,167,0.0003282348613302411,0.9930069930069931,0.9696969696969696,0.002845532171201813,0.9641769068273716,16,28,21
stratified_proportional_nested,65,168,0.00012408025979429748,0.9930069930069931,0.9696969696969696,0.0007084679705215416,0.9634752548565025,16,28,21
stratified_proportional_nested,65,169,0.0002631544970682068,0.9930069930069931,0.9696969696969696,0.0006776057413706221,0.9900748374432586,16,28,21
stratified_proportional_nested,65,170,0.00048646223134157047,0.9930069930069931,0.9696969696969696,0.0013507149155958674,0.969581448573424,16,28,21
stratified_proportional_nested,65,171,0.00040635815647481005,0.9930069930069931,0.9696969696969696,0.0017527801398337119,0.9346686235465467,16,28,21
stratified_proportional_nested,65,172,0.0005685974447370138,0.9930069930069931,0.9696969696969696,0.003313335380448476,0.9760555846101665,16,28,21
stratified_proportional_nested,65,173,0.001244144047615861,0.9860139860139862,0.9393939393939392,0.0018994657816830442,0.9818851514925612,16,28,21
stratified_proportional_nested,65,174,0.0003143022581996024,0.9930069930069931,0.9696969696969696,0.0008889900636180392,0.975494853667194,16,28,21
stratified_proportional_nested,65,175,0.00017348224896715283,1.0,0.9999999999999998,0.0008711368575207863,0.9830239127995434,16,28,21
stratified_proportional_nested,65,176,0.0004623739355675153,0.9930069930069931,0.9696969696969696,0.0008553032092466611,0.9770247469560657,16,28,21
stratified_proportional_nested,65,177,0.00036620540142843946,1.0,0.9999999999999998,0.0008499000062988159,0.9941633017991732,16,28,21
stratified_proportional_nested,65,178,0.0008324272319710542,0.9720279720279721,0.909090909090909,0.0017516325743260261,0.9670770625309878,16,28,21
stratified_proportional_nested,65,179,0.0006082298254495914,1.0,0.9999999999999998,0.0033083671894683793,0.9765992246680644,16,28,21
stratified_proportional_nested,65,180,0.0005241474048696268,0.9930069930069931,0.9696969696969696,0.00422059122260015,0.9707655114672824,16,28,21
stratified_proportional_nested,65,181,0.0005099462214376734,0.9860139860139862,0.9393939393939392,0.002177214033761654,0.9595694199847222,16,28,21
stratified_proportional_nested,65,182,0.0005191786692953243,0.9720279720279721,0.909090909090909,0.0009398470962459045,0.942716129795193,16,28,21
stratified_proportional_nested,65,183,0.0011567883046136364,0.9930069930069931,0.9696969696969696,0.0029626921138825903,0.9589141428912091,16,28,21
stratified_proportional_nested,65,184,0.00023535643588225722,0.9860139860139862,0.9393939393939392,0.0006287131519274372,0.9748154787863306,16,28,21
stratified_proportional_nested,65,185,0.0009926857405110725,0.9860139860139862,0.9393939393939392,0.002747310011967749,0.9606978735647584,16,28,21
stratified_proportional_nested,65,186,0.0008835246342959547,0.9930069930069931,0.9696969696969696,0.0013115205341395816,0.9672686490110665,16,28,21
stratified_proportional_nested,65,187,0.0008324608045087203,0.9510489510489512,0.8787878787878787,0.0023186027651801457,0.9742990042208522,16,28,21
stratified_proportional_nested,65,188,0.0007962024638313968,0.9930069930069931,0.9696969696969696,0.002187215372260015,0.9353570504851758,16,28,21
stratified_proportional_nested,65,189,0.00018791844016275536,0.9930069930069931,0.9696969696969696,0.0013812287414965978,0.9749228281162919,16,28,21
stratified_proportional_nested,65,190,0.00017042714803971158,0.9930069930069931,0.9696969696969696,0.0005645538076341645,0.9813023936659547,16,28,21
stratified_proportional_nested,65,191,0.0003460450925610939,0.9860139860139862,0.9393939393939392,0.0016070826247165536,0.972410169150428,16,28,21
stratified_proportional_nested,65,192,0.000397847518176941,1.0,0.9999999999999998,0.0012103280895691606,0.9924237321343742,16,28,21
stratified_proportional_nested,65,193,0.00018593766044056853,0.9930069930069931,0.9696969696969696,0.0017906911375661385,0.9199111659426741,16,28,21
stratified_proportional_nested,65,194,0.00031688734359974514,0.9790209790209792,0.9393939393939392,0.001515381708238851,0.9819117492125069,16,28,21
stratified_proportional_nested,65,195,0.0004534939993553361,1.0,0.9999999999999998,0.0012740248645754595,0.973687609861949,16,28,21
stratified_proportional_nested,65,196,0.0001280921780451669,0.9930069930069931,0.9696969696969696,0.0014988768424036283,0.9484061663619018,16,28,21
stratified_proportional_nested,65,197,0.0002891564274891231,0.9877423203570683,0.9618600860701234,0.000651081821617536,0.9519120738127841,16,28,21
stratified_proportional_nested,65,198,0.00020378146420908395,0.9790209790209792,0.9393939393939392,0.0007851324326026713,0.9784034678771523,16,28,21
stratified_proportional_nested,65,199,0.0008514292882889872,0.9930069930069931,0.9696969696969696,0.0021848237906273624,0.9411417793083522,16,28,21
stratified_proportional_nested,70,0,0.0005825466628480289,0.9982502173821435,0.9923953268977463,0.0015689072968744684,0.9883112555240438,18,30,22
stratified_proportional_nested,70,1,0.00015899766878231484,1.0,0.9999999999999998,0.0017765318023104226,0.9859368488681963,18,30,22
stratified_proportional_nested,70,2,0.00010367851984614454,1.0,0.9999999999999998,0.00047210595007312223,0.9848270347847876,18,30,22
stratified_proportional_nested,70,3,0.0001450014319897269,1.0,0.9999999999999998,0.0009377642162364383,0.9830874651199885,18,30,22
stratified_proportional_nested,70,4,0.0003451316968616346,1.0,0.9999999999999998,0.0006151474764479812,0.9924119533050058,18,30,22
stratified_proportional_nested,70,5,0.0005282985806364168,0.9860139860139862,0.9393939393939392,0.001578858095545807,0.9801152959644707,18,30,22
stratified_proportional_nested,70,6,0.00018416773680952743,1.0,0.9999999999999998,0.0006142456410343614,0.9769358306290373,18,30,22
stratified_proportional_nested,70,7,9.373496795730519e-05,0.99124495269876,0.9618600860701234,0.0009824461647904416,0.9801158341101149,18,30,22
stratified_proportional_nested,70,8,0.0003522383693178492,0.9930069930069931,0.9696969696969696,0.0015428464640796287,0.9760944581269815,18,30,22
stratified_proportional_nested,70,9,0.0004556397298620672,1.0,0.9999999999999998,0.0018174284228366705,0.9707949512743356,18,30,22
stratified_proportional_nested,70,10,0.00014560933472528912,0.9860139860139862,0.9393939393939392,0.0006362331933249436,0.9847921555883047,18,30,22
stratified_proportional_nested,70,11,0.00031990373333579515,0.9860139860139862,0.9393939393939392,0.0012916612108741737,0.9790046211098843,18,30,22
stratified_proportional_nested,70,12,0.0002782045004511556,0.9982502173821435,0.9923953268977463,0.0008910433600879724,0.9877274772011614,18,30,22
stratified_proportional_nested,70,13,0.0007003495286752119,0.9930069930069931,0.9696969696969696,0.0020555067368409115,0.9643494779609486,18,30,22
stratified_proportional_nested,70,14,0.0010269090886694213,0.9842396880153765,0.9313248452425005,0.0017629203794397401,0.9772538304472942,18,30,22
stratified_proportional_nested,70,15,0.00023815528927732138,0.9790209790209792,0.9393939393939392,0.0018665345231212236,0.9789570160939508,18,30,22
stratified_proportional_nested,70,16,0.0006076588353766152,0.9860139860139862,0.9393939393939392,0.0011847480840957274,0.9818970839938794,18,30,22
stratified_proportional_nested,70,17,0.00025238310806441154,0.9860139860139862,0.9393939393939392,0.001253221255767552,0.9714161098778081,18,30,22
stratified_proportional_nested,70,18,7.65255309910293e-05,0.9982502173821435,0.9923953268977463,0.0005163157245859261,0.9701726659450681,18,30,22
stratified_proportional_nested,70,19,0.0009800282086578412,0.9860139860139862,0.9393939393939392,0.0015389199939915433,0.956119149540274,18,30,22
stratified_proportional_nested,70,20,9.20415246225253e-05,1.0,0.9999999999999998,0.0008783309384529928,0.9871123870889861,18,30,22
stratified_proportional_nested,70,21,0.00035012518361804044,0.9930069930069931,0.9696969696969696,0.0008556184034508948,0.9894869551942723,18,30,22
stratified_proportional_nested,70,22,0.00022619986881126423,1.0,0.9999999999999998,0.0005565247735491852,0.9347504471242662,18,30,22
stratified_proportional_nested,70,23,0.00046347009605109574,0.9930069930069931,0.9696969696969696,0.0010588380295661443,0.9712686199466086,18,30,22
stratified_proportional_nested,70,24,0.00022659066342698263,1.0,0.9999999999999998,0.0006767642048997268,0.992995757685276,18,30,22
stratified_proportional_nested,70,25,0.0003662635538597509,0.9930069930069931,0.9696969696969696,0.0009747377676881046,0.9835922316610715,18,30,22
stratified_proportional_nested,70,26,0.0001288341139987003,1.0,0.9999999999999998,0.00038035850933578207,0.9877617274723697,18,30,22
stratified_proportional_nested,70,27,0.00029379286345593015,0.9930069930069931,0.9696969696969696,0.0009796119868720873,0.9596818386292071,18,30,22
stratified_proportional_nested,70,28,0.0004834585169513693,0.9930069930069931,0.9696969696969696,0.0009969038731875435,0.9871198419055159,18,30,22
stratified_proportional_nested,70,29,0.0001063851344068627,0.9930069930069931,0.9696969696969696,0.0005021618400616715,0.9894931253435844,18,30,22
stratified_proportional_nested,70,30,0.00037273337583109225,0.9930069930069931,0.9696969696969696,0.0010414911601990722,0.9778186725555148,18,30,22
stratified_proportional_nested,70,31,0.0001804479510228704,0.9930069930069931,0.9696969696969696,0.001046986064347175,0.9777434515784909,18,30,22
stratified_proportional_nested,70,32,0.0007284867410069516,0.9720279720279721,0.909090909090909,0.001701942474690791,0.9835926400074738,18,30,22
stratified_proportional_nested,70,33,0.00026150164909784733,1.0,0.9999999999999998,0.0008521845134850178,0.9941499154883382,18,30,22
stratified_proportional_nested,70,34,0.000277929496832684,0.9860139860139862,0.9393939393939392,0.001033467602512215,0.9877494697819932,18,30,22
stratified_proportional_nested,70,35,0.0010044745829522392,1.0,0.9999999999999998,0.0011327737957578024,0.9806954735820691,18,30,22
stratified_proportional_nested,70,36,0.0001657280204974708,0.9930069930069931,0.9696969696969696,0.0011417241296239622,0.9517884236011928,18,30,22
stratified_proportional_nested,70,37,0.00026818857918903103,0.9930069930069931,0.9696969696969696,0.0017919100516954063,0.9696062176750573,18,30,22
stratified_proportional_nested,70,38,0.00012855911038023055,0.9930069930069931,0.9696969696969696,0.000708526269995125,0.9725202473908148,18,30,22
stratified_proportional_nested,70,39,0.00023708422255276008,0.9930069930069931,0.9696969696969696,0.0007263028007346191,0.9754230577067475,18,30,22
stratified_proportional_nested,70,40,6.183454821493947e-05,0.9860139860139862,0.9393939393939392,0.0009360999869627811,0.9848270347847876,18,30,22
stratified_proportional_nested,70,41,0.0003435395706494455,0.9860139860139862,0.9393939393939392,0.0029639355819700945,0.9631468873348702,18,30,22
stratified_proportional_nested,70,42,7.471629665899942e-05,0.9930069930069931,0.9696969696969696,0.0005288121818635286,0.9854046538257065,18,30,22
stratified_proportional_nested,70,43,0.00014271455979403996,0.9930069930069931,0.9696969696969696,0.00039255284324728824,0.9941597208207772,18,30,22
stratified_proportional_nested,70,44,0.000254177868521786,0.9790209790209792,0.9393939393939392,0.0014201821101021434,0.9830654725391569,18,30,22
stratified_proportional_nested,70,45,0.0006464198717060377,0.9860139860139862,0.9393939393939392,0.0009739175565985332,0.9608447847659533,18,30,22
stratified_proportional_nested,70,46,6.45990582742815e-05,0.9930069930069931,0.9696969696969696,0.0005625417332698481,0.9976689976689977,18,30,22
stratified_proportional_nested,70,47,0.000790478346159653,0.9930069930069931,0.9696969696969696,0.0013534598935482781,0.9702444798671187,18,30,22
stratified_proportional_nested,70,48,0.0007185576629927672,0.9930069930069931,0.9696969696969696,0.0011781393480257117,0.9743149723583255,18,30,22
stratified_proportional_nested,70,49,0.0001493580682612563,0.9930069930069931,0.9696969696969696,0.001332776063100137,0.9754830794093242,18,30,22
stratified_proportional_nested,70,50,0.0001822282376055896,0.9930069930069931,0.9696969696969696,0.0004405241386933306,0.9748242279696072,18,30,22
stratified_proportional_nested,70,51,0.0003231458812587955,0.9982502173821435,0.9923953268977463,0.0006733133098663408,0.9747101466741684,18,30,22
stratified_proportional_nested,70,52,0.00017947820142090204,0.9772344233319931,0.9313248452425005,0.0008515632616853151,0.982473482794096,18,30,22
stratified_proportional_nested,70,53,0.00017394918130221807,0.9860139860139862,0.9393939393939392,0.0008463024606332687,0.9707692966847442,18,30,22
stratified_proportional_nested,70,54,0.00025471340188406617,0.9720279720279721,0.909090909090909,0.0007571613299096462,0.9654216437040374,18,30,22
stratified_proportional_nested,70,55,0.00044443695087813435,0.9860139860139862,0.9393939393939392,0.0011969764281422536,0.9352989172920392,18,30,22
stratified_proportional_nested,70,56,0.0002761636841246235,1.0,0.9999999999999998,0.0012426917179652864,0.9883204514783462,18,30,22
stratified_proportional_nested,70,57,6.904253779375065e-05,0.9930069930069931,0.9696969696969696,0.0005518687860649143,0.9935836093730831,18,30,22
stratified_proportional_nested,70,58,0.00039228758049168,0.9930069930069931,0.9696969696969696,0.0022489291767279983,0.9760212112296879,18,30,22
stratified_proportional_nested,70,59,0.00011816686837704634,0.9930069930069931,0.9696969696969696,0.0006737446717455137,0.9871667138277703,18,30,22
stratified_proportional_nested,70,60,0.0001439882607637909,0.9860139860139862,0.9393939393939392,0.0010802865212166544,0.9547331378919873,18,30,22
stratified_proportional_nested,70,61,0.0001346526116105105,0.9790209790209792,0.9393939393939392,0.0007289708958269561,0.9689490299391782,18,30,22
stratified_proportional_nested,70,62,0.00016611881511318944,0.9860139860139862,0.9393939393939392,0.0008132270374905057,0.978971905287695,18,30,22
stratified_proportional_nested,70,63,0.00037513603902402786,0.9790209790209792,0.9393939393939392,0.002023548546633565,0.9655132603197999,18,30,22
stratified_proportional_nested,70,64,0.00031920898735229787,1.0,0.9999999999999998,0.0008859424066705203,0.9935810381637715,18,30,22
stratified_proportional_nested,70,65,0.00017651105711637344,0.9790209790209792,0.9393939393939392,0.0005715685899398012,0.9888799444968756,18,30,22
stratified_proportional_nested,70,66,0.0006777413364621541,0.9930069930069931,0.9696969696969696,0.0014789720294981245,0.9789302269990667,18,30,22
stratified_proportional_nested,70,67,0.0001403408443504151,0.9807370556736849,0.9313248452425005,0.0005914373108186245,0.9683606046332044,18,30,22
stratified_proportional_nested,70,68,0.00022686566704545222,0.9930069930069931,0.9696969696969696,0.001530847121608906,0.9736630226347791,18,30,22
stratified_proportional_nested,70,69,0.0005872796198606181,0.9930069930069931,0.9696969696969696,0.0012690115946218626,0.9585367848525744,18,30,22
stratified_proportional_nested,70,70,0.0002986126637164594,0.9790209790209792,0.9393939393939392,0.0010132712506660325,0.9889170138958905,18,30,22
stratified_proportional_nested,70,71,0.00031315890774598733,1.0,0.9999999999999998,0.0018877336071149201,0.9935836093730832,18,30,22
stratified_proportional_nested,70,72,8.832173883586843e-05,0.9860139860139862,0.9393939393939392,0.00045964066875262157,0.9935377911230391,18,30,22
stratified_proportional_nested,70,73,0.0016131010122473622,0.9860139860139862,0.9393939393939392,0.0027716575831264367,0.9730874582599648,18,30,22
stratified_proportional_nested,70,74,0.0004059364442925214,0.9860139860139862,0.9393939393939392,0.0006657590920427621,0.9754907677704018,18,30,22
stratified_proportional_nested,70,75,0.00044471195449660006,0.9930069930069931,0.9696969696969696,0.0009188897249713743,0.9766490819122398,18,30,22
stratified_proportional_nested,70,76,0.00014311982828441464,0.9860139860139862,0.9393939393939392,0.0011867354096520765,0.9842212242524795,18,30,22
stratified_proportional_nested,70,77,0.0003132602248685796,0.9860139860139862,0.9393939393939392,0.001302402178349148,0.9760334689200644,18,30,22
stratified_proportional_nested,70,78,0.00013385654850441782,0.9930069930069931,0.9696969696969696,0.0004998718243036422,0.9561648877438352,18,30,22
stratified_proportional_nested,70,79,0.0001512686197158822,1.0,0.9999999999999998,0.0006852304611774307,0.9783660620771774,18,30,22
stratified_proportional_nested,70,80,0.00016415036815993952,0.9982502173821435,0.9923953268977463,0.0012179975257626777,0.9924058397742609,18,30,22
stratified_proportional_nested,70,81,0.0004484606880325701,0.9790209790209792,0.9393939393939392,0.0016921543578319695,0.973065945365311,18,30,22
stratified_proportional_nested,70,82,0.00019519682929758627,0.9860139860139862,0.9393939393939392,0.0009403937665090865,0.9772124235891985,18,30,22
stratified_proportional_nested,70,83,0.00012181428479042282,0.9860139860139862,0.9393939393939392,0.0005834216888299377,0.9812669113156091,18,30,22
stratified_proportional_nested,70,84,0.00015760817681531738,0.9860139860139862,0.9393939393939392,0.00043440571540319053,0.9859812701917966,18,30,22
stratified_proportional_nested,70,85,0.000469925444147783,0.9860139860139862,0.9393939393939392,0.0007921005084515191,0.9788820763979148,18,30,22
stratified_proportional_nested,70,86,0.00023071571770401294,0.965034965034965,0.8787878787878787,0.0022357445810518187,0.9818933304481084,18,30,22
stratified_proportional_nested,70,87,9.286653547793005e-05,0.9860139860139862,0.9393939393939392,0.0009179431095466444,0.9842570288397622,18,30,22
stratified_proportional_nested,70,88,0.00014584091671978979,0.9842396880153765,0.9313248452425005,0.0009166819003729778,0.9818580239826044,18,30,22
stratified_proportional_nested,70,89,0.0002041127360858341,1.0,0.9999999999999998,0.0006028312728859866,0.9894931253435844,18,30,22
stratified_proportional_nested,70,90,0.00033722896129932065,0.99124495269876,0.9618600860701234,0.002496534863222573,0.9819204187625242,18,30,22
stratified_proportional_nested,70,91,8.994281279736812e-05,0.9877423203570683,0.9618600860701234,0.000575928122413812,0.9894951629110652,18,30,22
stratified_proportional_nested,70,92,0.00056465695377291,0.9860139860139862,0.9393939393939392,0.0011964453032003537,0.9812787344546878,18,30,22
stratified_proportional_nested,70,93,0.0005845585314252434,1.0,0.9999999999999998,0.0010346364174857452,0.989506400032716,18,30,22
stratified_proportional_nested,70,94,0.0001243906344792338,1.0,0.9999999999999998,0.0010149145070230928,0.978985711751016,18,30,22
stratified_proportional_nested,70,95,0.00034592775996772655,0.9860139860139862,0.9393939393939392,0.0006740927087938872,0.9614002167647913,18,30,22
stratified_proportional_nested,70,96,0.0004854414377792786,0.9930069930069931,0.9696969696969696,0.0007093260750036844,0.9894802702607436,18,30,22
stratified_proportional_nested,70,97,0.0001543515550176607,0.9930069930069931,0.9696969696969696,0.0006125003542722399,0.9865906023800761,18,30,22
stratified_proportional_nested,70,98,0.0002767136913615626,0.9930069930069931,0.9696969696969696,0.0009052760347583578,0.9842186431773472,18,30,22
stratified_proportional_nested,70,99,0.00011906424860573398,1.0,0.9999999999999998,0.0005636289239193285,0.9572871372865741,18,30,22
stratified_proportional_nested,70,100,0.00025426471176972603,1.0,0.9999999999999998,0.0007403620237164001,0.994752686136065,18,30,22
stratified_proportional_nested,70,101,0.0007125944266343939,1.0,0.9999999999999998,0.0009194593947329638,0.9959161461531041,18,30,22
stratified_proportional_nested,70,102,0.0002715175703599688,1.0,0.9999999999999998,0.0007733835974787145,0.9854072321292738,18,30,22
stratified_proportional_nested,70,103,0.0009342328692454812,1.0,0.9999999999999998,0.0013675672975546713,0.9485789064736435,18,30,22
stratified_proportional_nested,70,104,0.00018193876011246413,0.9982502173821435,0.9923953268977463,0.001967024835901098,0.9556119233133792,18,30,22
stratified_proportional_nested,70,105,0.0010028679828653962,0.9930069930069931,0.9696969696969696,0.0018446648726320443,0.9596813480347373,18,30,22
stratified_proportional_nested,70,106,0.0008572608038235678,0.99124495269876,0.9618600860701234,0.002012350142842566,0.9731152753593402,18,30,22
stratified_proportional_nested,70,107,0.00022867490137748082,0.9930069930069931,0.9696969696969696,0.0013742661604824902,0.9643658287100804,18,30,22
stratified_proportional_nested,70,108,0.0008014205953997714,0.9930069930069931,0.9696969696969696,0.0017058196300830976,0.9854128327812539,18,30,22
stratified_proportional_nested,70,109,0.00021718264490042406,0.9860139860139862,0.9393939393939392,0.0009300841609132853,0.9673220448699132,18,30,22
stratified_proportional_nested,70,110,0.0002433224625296022,0.9930069930069931,0.9696969696969696,0.00041649824564386875,0.9912239258223349,18,30,22
stratified_proportional_nested,70,111,0.00045150020171038003,0.9860139860139862,0.9393939393939392,0.000925924721400311,0.988289534266761,18,30,22
stratified_proportional_nested,70,112,0.00013552104408988687,0.9930069930069931,0.9696969696969696,0.0011535891320613545,0.9876521596038513,18,30,22
stratified_proportional_nested,70,113,0.0004522238954431945,0.9930069930069931,0.9696969696969696,0.0013678677204140175,0.986565372622457,18,30,22
stratified_proportional_nested,70,114,0.0009151852501978599,0.9930069930069931,0.9696969696969696,0.0018491224676620303,0.9871702948061664,18,30,22
stratified_proportional_nested,70,115,0.0005503422917378836,1.0,0.9999999999999998,0.0012074249084560536,0.9865578865578866,18,30,22
stratified_proportional_nested,70,116,0.000853280488293095,0.9930069930069931,0.9696969696969696,0.0021846347169789944,0.9877423203570683,18,30,22
stratified_proportional_nested,70,117,0.0006025495576229599,0.9860139860139862,0.9393939393939392,0.001157468554795996,0.9625323668979892,18,30,22
stratified_proportional_nested,70,118,7.337022631596797e-05,0.9860139860139862,0.9393939393939392,0.0003940918018569529,0.9947547344653765,18,30,22
stratified_proportional_nested,70,119,0.0003171971187750792,0.9860139860139862,0.9393939393939392,0.0009946739420013842,0.9795582350583508,18,30,22
stratified_proportional_nested,70,120,0.0003380539721547288,0.9860139860139862,0.9393939393939392,0.0007609840690859208,0.9800997787704596,18,30,22
stratified_proportional_nested,70,121,0.000891578360633527,0.9930069930069931,0.9696969696969696,0.001877616725617567,0.995915129154349,18,30,22
stratified_proportional_nested,70,122,9.194020749993106e-05,0.9930069930069931,0.9696969696969696,0.0009888559415705868,0.9456155695367379,18,30,22
stratified_proportional_nested,70,123,0.00027646763549240384,0.9720279720279721,0.909090909090909,0.0005975585682866833,0.9806438313923351,18,30,22
stratified_proportional_nested,70,124,0.00023346575388869794,1.0,0.9999999999999998,0.0016337419509347116,0.9842227470357438,18,30,22
stratified_proportional_nested,70,125,9.590604915574234e-05,0.9930069930069931,0.9696969696969696,0.00045852116847487244,0.9801609442259908,18,30,22
stratified_proportional_nested,70,126,0.0004333933845154169,0.9930069930069931,0.9696969696969696,0.0009130745587184976,0.9760102818099056,18,30,22
stratified_proportional_nested,70,127,0.0017379960766560974,0.9930069930069931,0.9696969696969696,0.00332360012867168,0.9772620022408787,18,30,22
stratified_proportional_nested,70,128,0.0014335815448859512,0.9860139860139862,0.9393939393939392,0.0020716468132503506,0.9643438432912118,18,30,22
stratified_proportional_nested,70,129,0.0004631082491846881,0.9860139860139862,0.9393939393939392,0.001975068799668968,0.9941592087404181,18,30,22
stratified_proportional_nested,70,130,0.00022868937525213735,0.9930069930069931,0.9696969696969696,0.0017310846257184646,0.9842268842268842,18,30,22
stratified_proportional_nested,70,131,0.00011252205726111217,0.9860139860139862,0.9393939393939392,0.0006206100709678148,0.9794753136394988,18,30,22
stratified_proportional_nested,70,132,0.00014362641389738213,0.9860139860139862,0.9393939393939392,0.0006844453938940474,0.9532654480022903,18,30,22
stratified_proportional_nested,70,133,0.0005741518155474064,0.9860139860139862,0.9393939393939392,0.0011817138132163387,0.9743088888787151,18,30,22
stratified_proportional_nested,70,134,0.00023682369280894765,0.9930069930069931,0.9696969696969696,0.0009664166213198206,0.98833320951562,18,30,22
stratified_proportional_nested,70,135,0.00022585249581951461,1.0,0.9999999999999998,0.0007032620679295756,0.9854164209216131,18,30,22
stratified_proportional_nested,70,136,0.0006272564616611717,0.9930069930069931,0.9696969696969696,0.0010342827120815353,0.9023379067206839,18,30,22
stratified_proportional_nested,70,137,0.00013688158830757206,0.9807370556736849,0.9313248452425005,0.000752240630207803,0.986582423424529,18,30,22
stratified_proportional_nested,70,138,0.000497975813231585,0.9982502173821435,0.9923953268977463,0.0015554988011427396,0.9777842864715165,18,30,22
stratified_proportional_nested,70,139,0.00018031768615096454,1.0,0.9999999999999998,0.0010083834274280403,0.9953272649346744,18,30,22
stratified_proportional_nested,70,140,0.0006567252704612858,0.99124495269876,0.9618600860701234,0.0014486060804453067,0.9618530804840472,18,30,22
stratified_proportional_nested,70,141,0.00044751988617991494,0.9930069930069931,0.9696969696969696,0.0009339953264406127,0.9882963286748648,18,30,22
stratified_proportional_nested,70,142,0.0004129562735007998,0.9930069930069931,0.9696969696969696,0.001400798600482944,0.9483914138952402,18,30,22
stratified_proportional_nested,70,143,0.0006535989135355392,0.9860139860139862,0.9393939393939392,0.000985587000759559,0.9813110865742445,18,30,22
stratified_proportional_nested,70,144,0.0012912454615164328,0.9860139860139862,0.9393939393939392,0.0029378237339727237,0.9865635140656605,18,30,22
stratified_proportional_nested,70,145,0.0003752373561466242,0.9720279720279721,0.909090909090909,0.0012876718220363008,0.9964963416976564,18,30,22
stratified_proportional_nested,70,146,9.597841852902269e-05,0.9930069930069931,0.9696969696969696,0.0012410909742770011,0.9906194420226258,18,30,22
stratified_proportional_nested,70,147,0.00025087782510016066,0.9860139860139862,0.9393939393939392,0.002378027114580145,0.9772148473924153,18,30,22
stratified_proportional_nested,70,148,0.00021043781931061428,0.965034965034965,0.8787878787878787,0.0008475648034781028,0.9683646165189397,18,30,22
stratified_proportional_nested,70,149,0.00045759370294065974,1.0,0.9999999999999998,0.0009395882931446902,0.9765921425655133,18,30,22
stratified_proportional_nested,70,150,0.0002464053978313827,1.0,0.9999999999999998,0.0010584565492183342,0.9865367016028334,18,30,22
stratified_proportional_nested,70,151,0.00015726080382356643,0.9860139860139862,0.9393939393939392,0.0007526141748574414,0.9766664836778833,18,30,22
stratified_proportional_nested,70,152,0.0003692596459135948,1.0,0.9999999999999998,0.00123359797469646,0.9854143672302724,18,30,22
stratified_proportional_nested,70,153,0.0002898993911734017,1.0,0.9999999999999998,0.000678409728599123,0.9906437266810645,18,30,22
stratified_proportional_nested,70,154,0.00033942899024707153,0.9720279720279721,0.909090909090909,0.0009626154218957241,0.930937315600343,18,30,22
stratified_proportional_nested,70,155,0.0003199616288344223,0.9930069930069931,0.9696969696969696,0.0007064187752950378,0.9876588140644712,18,30,22
stratified_proportional_nested,70,156,0.00096588723311869,0.9860139860139862,0.9393939393939392,0.0022483804798830048,0.9707740403814499,18,30,22
stratified_proportional_nested,70,157,0.0003071377758889883,0.9860139860139862,0.9393939393939392,0.0010259315234273138,0.9332422258825154,18,30,22
stratified_proportional_nested,70,158,0.00032714067066391775,0.9720279720279721,0.909090909090909,0.0012852973477763038,0.9795403426982375,18,30,22
stratified_proportional_nested,70,159,0.00028206902498437164,0.9720279720279721,0.909090909090909,0.0032030665096532095,0.9748469642206579,18,30,22
stratified_proportional_nested,70,160,0.00019628236989680553,0.9930069930069931,0.9696969696969696,0.0008103656514641361,0.9742352836858874,18,30,22
stratified_proportional_nested,70,161,0.00039788896998364955,0.9860139860139862,0.9393939393939392,0.0008818050737453093,0.9935810381637715,18,30,22
stratified_proportional_nested,70,162,0.0003853690684059962,0.9930069930069931,0.9696969696969696,0.0008100374536611915,0.9801122486326587,18,30,22
stratified_proportional_nested,70,163,7.251626771124909e-05,1.0,0.9999999999999998,0.0002963608446983869,0.9941633017991732,18,30,22
stratified_proportional_nested,70,164,0.0004895375443069947,0.9930069930069931,0.9696969696969696,0.0009462537127730731,0.9859945788986848,18,30,22
stratified_proportional_nested,70,165,0.00021013386794283253,0.99124495269876,0.9618600860701234,0.0014160289057805892,0.9725391567496833,18,30,22
stratified_proportional_nested,70,166,0.0002946034004366827,1.0,0.9999999999999998,0.001136500739720436,0.9912305927942594,18,30,22
stratified_proportional_nested,70,167,0.00026024242200275446,0.9860139860139862,0.9393939393939392,0.001962072393406568,0.9754483098957941,18,30,22
stratified_proportional_nested,70,168,0.0008463185545834446,1.0,0.9999999999999998,0.00211945259270596,0.9467979163839385,18,30,22
stratified_proportional_nested,70,169,0.0004476646249264773,1.0,0.9999999999999998,0.0008448264207733892,0.9742514276960582,18,30,22
stratified_proportional_nested,70,170,0.0001956744671612439,1.0,0.9999999999999998,0.000648917840016325,0.9801200279623647,18,30,22
stratified_proportional_nested,70,171,0.0001786676644401541,0.9790209790209792,0.9393939393939392,0.0004444075292770575,0.9923577492140953,18,30,22
stratified_proportional_nested,70,172,0.0009426277165461004,0.9930069930069931,0.9696969696969696,0.0017476260217211394,0.9760724655461499,18,30,22
stratified_proportional_nested,70,173,0.00018768488835099165,0.9790209790209792,0.9393939393939392,0.0011907882840753224,0.9860068365890613,18,30,22
stratified_proportional_nested,70,174,0.0002850940647875253,0.9720279720279721,0.909090909090909,0.0010502759780747998,0.9749044236758198,18,30,22
stratified_proportional_nested,70,175,0.00029835213397264856,0.9860139860139862,0.9393939393939392,0.000711360447913478,0.981289523246613,18,30,22
stratified_proportional_nested,70,176,8.302430071168354e-05,0.9930069930069931,0.9696969696969696,0.0005640585852917497,0.9871442163285428,18,30,22
stratified_proportional_nested,70,177,0.000345421174354756,0.9982502173821435,0.9923953268977463,0.0008708832857191439,0.9589636506781071,18,30,22
stratified_proportional_nested,70,178,0.0002036350982221781,0.9720279720279721,0.909090909090909,0.001500599074357493,0.9842299674488476,18,30,22
stratified_proportional_nested,70,179,0.0003801005780311238,0.9930069930069931,0.9696969696969696,0.0012979315461007375,0.9847205791741224,18,30,22
stratified_proportional_nested,70,180,0.00015662395333869116,1.0,0.9999999999999998,0.0009956585354102187,0.9918138357052739,18,30,22
stratified_proportional_nested,70,181,0.00028350193857533797,0.9930069930069931,0.9696969696969696,0.0008559295961863301,0.9941302597741121,18,30,22
stratified_proportional_nested,70,182,0.00016523590875915735,0.9930069930069931,0.9696969696969696,0.0005869604433787934,0.9800372833172036,18,30,22
stratified_proportional_nested,70,183,0.0005709241414990604,0.9930069930069931,0.9696969696969696,0.0010089729364350574,0.988311185401978,18,30,22
stratified_proportional_nested,70,184,0.00020289693061471004,0.9930069930069931,0.9696969696969696,0.0008152999552199892,0.9912480162268927,18,30,22
stratified_proportional_nested,70,185,0.00016292008881415852,0.99124495269876,0.9618600860701234,0.0005274806850774855,0.9912067887920367,18,30,22
stratified_proportional_nested,70,186,7.590315438081131e-05,0.9930069930069931,0.9696969696969696,0.002577307800224466,0.982353332678414,18,30,22
stratified_proportional_nested,70,187,0.000739703993865541,0.9860139860139862,0.9393939393939392,0.0010641390759446312,0.9577919298086169,18,30,22
stratified_proportional_nested,70,188,0.0001879743658441197,0.9930069930069931,0.9696969696969696,0.0008245705511909211,0.9912480162268927,18,30,22
stratified_proportional_nested,70,189,0.0005742241849206856,0.9720279720279721,0.909090909090909,0.0018220180905576526,0.9813325742366802,18,30,22
stratified_proportional_nested,70,190,0.00011127730404067553,0.9720279720279721,0.909090909090909,0.0005604750507317849,0.9871508608350714,18,30,22
stratified_proportional_nested,70,191,0.0009649609051406876,0.9930069930069931,0.9696969696969696,0.0027612323430715696,0.9824919465569931,18,30,22
stratified_proportional_nested,70,192,0.00019296785260052493,0.9930069930069931,0.9696969696969696,0.0012415365070457662,0.9789550424582041,18,30,22
stratified_proportional_nested,70,193,0.0001348697197303558,0.9930069930069931,0.9696969696969696,0.0008097829444841226,0.9824878606602009,18,30,22
stratified_proportional_nested,70,194,0.00029408234094905646,1.0,0.9999999999999998,0.0014962514454307388,0.9717447491785326,18,30,22
stratified_proportional_nested,70,195,0.0004391684605032596,0.9930069930069931,0.9696969696969696,0.0011167725940663651,0.991811272591746,18,30,22
stratified_proportional_nested,70,196,0.00010421405320842671,0.9930069930069931,0.9696969696969696,0.001194753298983097,0.9355416814143455,18,30,22
stratified_proportional_nested,70,197,0.00013214863129498028,1.0,0.9999999999999998,0.0005079900435329739,0.9694137468475302,18,30,22
stratified_proportional_nested,70,198,0.00017196626047431092,0.9930069930069931,0.9696969696969696,0.0009807518932308497,0.9848055453255676,18,30,22
stratified_proportional_nested,70,199,0.00044562380859994457,0.9860139860139862,0.9393939393939392,0.0033662856822999922,0.9731386667165572,18,30,22
stratified_proportional_nested,75,0,0.00019530104119511104,0.9930069930069931,0.9696969696969696,0.00047680178302725567,0.993558379615464,19,32,24
stratified_proportional_nested,75,1,0.00024535620273963456,0.9930069930069931,0.9696969696969696,0.0005109430305478604,0.9889067398881819,19,32,24
stratified_proportional_nested,75,2,0.00016966825947722312,0.9930069930069931,0.9696969696969696,0.0007837208056538763,0.9789054578974333,19,32,24
stratified_proportional_nested,75,3,0.0007396666834330927,0.9930069930069931,0.9696969696969696,0.0010783024317311313,0.9530698486187882,19,32,24
stratified_proportional_nested,75,4,0.0004455390238586277,0.9930069930069931,0.9696969696969696,0.0014165717790303005,0.9970651773581798,19,32,24
stratified_proportional_nested,75,5,0.0002151213721643787,1.0,0.9999999999999998,0.0011683793597816418,0.9947383765542818,19,32,24
stratified_proportional_nested,75,6,0.0001577533658602022,1.0,0.9999999999999998,0.0005985393609358431,0.9912526070420808,19,32,24
stratified_proportional_nested,75,7,0.00034053665979243185,0.9930069930069931,0.9696969696969696,0.0010464245676019969,0.9918282135713788,19,32,24
stratified_proportional_nested,75,8,0.00019193461093506593,0.9860139860139862,0.9393939393939392,0.0005471782049391266,0.9853484002258938,19,32,24
stratified_proportional_nested,75,9,9.679197894136764e-05,0.9930069930069931,0.9696969696969696,0.0008980124493433874,0.9912239258223349,19,32,24
stratified_proportional_nested,75,10,0.00010653823583656146,0.9930069930069931,0.9696969696969696,0.00037754134017731943,0.9719461535715941,19,32,24
stratified_proportional_nested,75,11,0.00023835856680582857,0.9930069930069931,0.9696969696969696,0.0008673411530470914,0.9259868456591983,19,32,24
stratified_proportional_nested,75,12,8.512925238502497e-05,1.0,0.9999999999999998,0.000789384874833282,0.9355084350948584,19,32,24
stratified_proportional_nested,75,13,0.0003678211357577582,0.9860139860139862,0.9393939393939392,0.0008547543474915357,0.934135139075726,19,32,24
stratified_proportional_nested,75,14,0.0001419424911557094,0.9860139860139862,0.9393939393939392,0.0008045698355904379,0.9865537493667459,19,32,24
stratified_proportional_nested,75,15,0.00010721908690039029,0.9930069930069931,0.9696969696969696,0.0002598610336300054,0.9836502678607943,19,32,24
stratified_proportional_nested,75,16,0.0005980370538034657,1.0,0.9999999999999998,0.0025545739100278713,0.9772093403672352,19,32,24
stratified_proportional_nested,75,17,0.00017307251479637214,1.0,0.9999999999999998,0.0004811540169411101,0.9729664911125773,19,32,24
stratified_proportional_nested,75,18,0.0005992222389886482,0.9930069930069931,0.9696969696969696,0.0009286657112444857,0.9859904930018927,19,32,24
stratified_proportional_nested,75,19,0.00033568244387438637,0.9860139860139862,0.9393939393939392,0.0010501970291072473,0.9789974860088857,19,32,24
stratified_proportional_nested,75,20,0.0013108881176332541,0.9860139860139862,0.9393939393939392,0.002564417617279675,0.9947429556360081,19,32,24
stratified_proportional_nested,75,21,0.000746210418657682,0.9982502173821435,0.9923953268977463,0.00274311910342071,0.9701831126336428,19,32,24
stratified_proportional_nested,75,22,0.00017995667555287305,1.0,0.9999999999999998,0.0005992207271040668,0.9912280117191271,19,32,24
stratified_proportional_nested,75,23,0.00010264225474908966,1.0,0.9999999999999998,0.000989715545488356,0.9719870772502351,19,32,24
stratified_proportional_nested,75,24,0.00013341924450480441,0.9790209790209792,0.909090909090909,0.0005062584294099037,0.9871508608350714,19,32,24
stratified_proportional_nested,75,25,0.0002821599852455429,1.0,0.9999999999999998,0.001080770872875415,0.9772354116828957,19,32,24
stratified_proportional_nested,75,26,0.0006777974950958236,0.9930069930069931,0.9696969696969696,0.0010111372008694984,0.963008287403336,19,32,24
stratified_proportional_nested,75,27,8.883610817698744e-05,1.0,0.9999999999999998,0.00034449818694213635,0.9870399266442188,19,32,24
stratified_proportional_nested,75,28,0.000355212782723875,1.0,0.9999999999999998,0.0015250166050023942,0.9906100077557118,19,32,24
stratified_proportional_nested,75,29,0.00013426400415807266,0.9930069930069931,0.9696969696969696,0.000756350738795698,0.980742649163702,19,32,24
stratified_proportional_nested,75,30,0.0001619519474204844,0.99124495269876,0.9618600860701234,0.0012594650116702583,0.9842468374403014,19,32,24
stratified_proportional_nested,75,31,0.0001867399694851018,0.9790209790209792,0.9393939393939392,0.0005689306244870223,0.9819240069028833,19,32,24
stratified_proportional_nested,75,32,0.00027301892929597864,0.9930069930069931,0.9696969696969696,0.0009585811659997945,0.9929998435820684,19,32,24
stratified_proportional_nested,75,33,0.0004225035628657164,0.9930069930069931,0.9696969696969696,0.0013476888054230352,0.9772067960814246,19,32,24
stratified_proportional_nested,75,34,0.00030735147460724807,0.9930069930069931,0.9696969696969696,0.0007013066253291609,0.9859664467297203,19,32,24
stratified_proportional_nested,75,35,0.0002830930033700507,0.9982502173821435,0.9923953268977463,0.0027286990014021404,0.9519901162224783,19,32,24
stratified_proportional_nested,75,36,0.000489151317002834,0.9930069930069931,0.9696969696969696,0.000915608809120756,0.9964994070257228,19,32,24
stratified_proportional_nested,75,37,0.00019840269604144646,0.9860139860139862,0.9393939393939392,0.0005078306947009335,0.952139885492457,19,32,24
stratified_proportional_nested,75,38,6.285029257414934e-05,0.9930069930069931,0.9696969696969696,0.0007698232335376686,0.9760781145398129,19,32,24
stratified_proportional_nested,75,39,7.358000100598552e-05,1.0,0.9999999999999998,0.0008704597675353101,0.9871702948061664,19,32,24
stratified_proportional_nested,75,40,0.0001493435943865994,1.0,0.9999999999999998,0.0007661287206961123,0.9982471484841063,19,32,24
stratified_proportional_nested,75,41,0.00029251144308636335,0.9930069930069931,0.9696969696969696,0.0007554721297792485,0.9941673876959656,19,32,24
stratified_proportional_nested,75,42,9.593461093506392e-05,1.0,0.9999999999999998,0.00024260746094952295,0.9918261652420673,19,32,24
stratified_proportional_nested,75,43,5.241057626209216e-05,1.0,0.9999999999999998,0.0003410412605588048,0.9894818631660738,19,32,24
stratified_proportional_nested,75,44,0.00011581798366950034,1.0,0.9999999999999998,0.0011256186064729317,0.9912362491309862,19,32,24
stratified_proportional_nested,75,45,0.00015842160857099723,0.9720279720279721,0.909090909090909,0.000799794661712151,0.9830506490770808,19,32,24
stratified_proportional_nested,75,46,9.974233355129719e-05,0.9982502173821435,0.9923953268977463,0.00019149738381040335,0.995326216508627,19,32,24
stratified_proportional_nested,75,47,0.00012608118303908237,1.0,0.9999999999999998,0.0005260867793722854,0.9865536203356514,19,32,24
stratified_proportional_nested,75,48,9.657763693979176e-05,0.99124495269876,0.9618600860701234,0.001167106799421189,0.9398916497260417,19,32,24
stratified_proportional_nested,75,49,6.118598997367607e-05,0.9860139860139862,0.9393939393939392,0.0008566251822141852,0.9659296279018436,19,32,24
stratified_proportional_nested,75,50,0.00022900316885468387,1.0,0.9999999999999998,0.0014032430918915222,0.9824960324537853,19,32,24
stratified_proportional_nested,75,51,0.0001193104974598858,1.0,0.9999999999999998,0.00043350734520878226,0.9994146907980698,19,32,24
stratified_proportional_nested,75,52,0.0006192821286655607,0.9790209790209792,0.909090909090909,0.0008065557564720761,0.9801328120570263,19,32,24
stratified_proportional_nested,75,53,5.312925238502384e-05,0.9930069930069931,0.9696969696969696,0.001341118274105708,0.9654216437040374,19,32,24
stratified_proportional_nested,75,54,0.0001755815770501139,0.9860139860139862,0.9393939393939392,0.0011395496424113404,0.9854307251413671,19,32,24
stratified_proportional_nested,75,55,6.327897657730097e-05,0.9860139860139862,0.9393939393939392,0.0003238572872849771,0.9818810584338058,19,32,24
stratified_proportional_nested,75,56,0.00020938457153395887,0.9930069930069931,0.9696969696969696,0.0006906041468956256,0.965455878148667,19,32,24
stratified_proportional_nested,75,57,0.0004790772429287605,1.0,0.9999999999999998,0.001613722585047536,0.9883049422872562,19,32,24
stratified_proportional_nested,75,58,0.00011199765270023389,0.9930069930069931,0.9696969696969696,0.0005518880542303618,0.9894931253435844,19,32,24
stratified_proportional_nested,75,59,0.0002202529718491688,0.9930069930069931,0.9696969696969696,0.0006359674771724632,0.980736004657173,19,32,24
stratified_proportional_nested,75,60,0.0003508376842211148,1.0,0.9999999999999998,0.000690643755771007,0.9912541414910994,19,32,24
stratified_proportional_nested,75,61,7.82324832754891e-05,0.9930069930069931,0.9696969696969696,0.00035294997285489557,0.9813213102623851,19,32,24
stratified_proportional_nested,75,62,0.00022359418540314992,1.0,0.9999999999999998,0.0010895939001530383,0.9912377907419675,19,32,24
stratified_proportional_nested,75,63,0.0001670961554583087,0.9930069930069931,0.9696969696969696,0.0005198278423275542,0.9871753977017136,19,32,24
stratified_proportional_nested,75,64,0.00046668323189645177,0.9930069930069931,0.9696969696969696,0.0008051414591241753,0.9877376909526246,19,32,24
stratified_proportional_nested,75,65,0.00020242476065925554,0.9930069930069931,0.9696969696969696,0.000637835640132861,0.9970857367963788,19,32,24
stratified_proportional_nested,75,66,8.138457153396137e-05,1.0,0.9999999999999998,0.0015171996298006226,0.9900526837456396,19,32,24
stratified_proportional_nested,75,67,0.00011499844072229867,0.9982502173821435,0.9923953268977463,0.000817958436997709,0.9812336672213421,19,32,24
stratified_proportional_nested,75,68,0.00037852562748352564,0.9860139860139862,0.9393939393939392,0.0009049638403696864,0.9555393599049822,19,32,24
stratified_proportional_nested,75,69,0.00010768559596264418,0.9860139860139862,0.9393939393939392,0.0004590913390017432,0.9636927615869616,19,32,24
stratified_proportional_nested,75,70,0.0003520102610532684,0.9930069930069931,0.9696969696969696,0.0013736561970991077,0.9929854836775677,19,32,24
stratified_proportional_nested,75,71,0.00021449095451268364,0.9930069930069931,0.9696969696969696,0.0006631357591865873,0.9754549544023229,19,32,24
stratified_proportional_nested,75,72,0.00018908512314940492,0.9930069930069931,0.9696969696969696,0.0005068935740911732,0.9918292234081708,19,32,24
stratified_proportional_nested,75,73,0.00010869426420535573,1.0,0.9999999999999998,0.001357451023926165,0.9900538006333054,19,32,24
stratified_proportional_nested,75,74,0.0015207667622353,0.9930069930069931,0.9696969696969696,0.0032016176852493086,0.9783804797834547,19,32,24
stratified_proportional_nested,75,75,8.755005616753061e-05,1.0,0.9999999999999998,0.0005340611881647347,0.9800973559823373,19,32,24
stratified_proportional_nested,75,76,0.0005586233422195373,0.9930069930069931,0.9696969696969696,0.001075708217378852,0.9842452868705723,19,32,24
stratified_proportional_nested,75,77,0.00020967456365374008,0.9982502173821435,0.9923953268977463,0.0007129611862410653,0.9699836025895959,19,32,24
stratified_proportional_nested,75,78,0.000295562664520566,1.0,0.9999999999999998,0.0014068098277033962,0.9906595459589785,19,32,24
stratified_proportional_nested,75,79,0.0002375642405646935,0.9930069930069931,0.9696969696969696,0.00218246709457611,0.9795623281171061,19,32,24
stratified_proportional_nested,75,80,0.0004818384722431772,0.9930069930069931,0.9696969696969696,0.002169947751017407,0.9924237321343742,19,32,24
stratified_proportional_nested,75,81,0.0002789070301628009,0.9930069930069931,0.9696969696969696,0.0017959234785917039,0.9877361681693605,19,32,24
stratified_proportional_nested,75,82,0.00047153744781449665,0.99124495269876,0.9618600860701234,0.0008039751681072808,0.9859945788986848,19,32,24
stratified_proportional_nested,75,83,0.00012396297972939012,1.0,0.9999999999999998,0.0003594361432791286,0.9935590140501294,19,32,24
stratified_proportional_nested,75,84,0.0002661725935985798,0.9930069930069931,0.9696969696969696,0.0006612894378825962,0.9729660082512895,19,32,24
stratified_proportional_nested,75,85,4.749331857887749e-05,0.9982502173821435,0.9923953268977463,0.0005363688560155259,0.9748618389093751,19,32,24
stratified_proportional_nested,75,86,0.00036258866924869515,0.9860139860139862,0.9393939393939392,0.0007517958517150569,0.9706248038216737,19,32,24
stratified_proportional_nested,75,87,0.000534188354039871,0.9860139860139862,0.9393939393939392,0.003781237001876646,0.9871506579116583,19,32,24
stratified_proportional_nested,75,88,0.00010165880321244655,1.0,0.9999999999999998,0.0009434966635033002,0.9748577350509785,19,32,24
stratified_proportional_nested,75,89,0.00036250041077745906,0.9930069930069931,0.9696969696969696,0.0006483675265466293,0.9813029076186973,19,32,24
stratified_proportional_nested,75,90,0.00015216786546619037,0.9860139860139862,0.9393939393939392,0.0006472109206678973,0.9801348514244409,19,32,24
stratified_proportional_nested,75,91,0.00039230655734956394,0.9930069930069931,0.9696969696969696,0.00086158283745426,0.9848173142182586,19,32,24
stratified_proportional_nested,75,92,0.00018377700652214056,1.0,0.9999999999999998,0.0005295116446085976,0.9812910280682731,19,32,24
stratified_proportional_nested,75,93,0.0006159283067585468,1.0,0.9999999999999998,0.0008343513682628846,0.9772149678750089,19,32,24
stratified_proportional_nested,75,94,5.367141156548132e-05,0.9930069930069931,0.9696969696969696,0.0006305244963193808,0.9765346509755121,19,32,24
stratified_proportional_nested,75,95,0.00040201498918565636,0.9860139860139862,0.9393939393939392,0.0019467306981207895,0.9853631174506702,19,32,24
stratified_proportional_nested,75,96,0.0004129338229130009,0.9930069930069931,0.9696969696969696,0.0012928067343370615,0.9876852407983292,19,32,24
stratified_proportional_nested,75,97,0.00022099686467816774,0.9930069930069931,0.9696969696969696,0.0007871464724188642,0.9789637263321476,19,32,24
stratified_proportional_nested,75,98,0.00011968874805090347,0.9860139860139862,0.9393939393939392,0.0006877290635366432,0.9670892997072524,19,32,24
stratified_proportional_nested,75,99,0.0001506674714551584,1.0,0.9999999999999998,0.00030816749705037393,0.9889134257555311,19,32,24
stratified_proportional_nested,75,100,0.000344873933236087,1.0,0.9999999999999998,0.0008143606419496601,0.9918230603861661,19,32,24
stratified_proportional_nested,75,101,0.00011870529651426038,0.9860139860139862,0.9393939393939392,0.0005853182790217505,0.9924237321343742,19,32,24
stratified_proportional_nested,75,102,0.0001431150679878617,1.0,0.9999999999999998,0.0006226444675284701,0.9883204514783465,19,32,24
stratified_proportional_nested,75,103,0.00019820096239290432,0.9930069930069931,0.9696969696969696,0.0008246328998666261,0.9929937111558985,19,32,24
stratified_proportional_nested,75,104,8.679355498549675e-05,0.9930069930069931,0.9696969696969696,0.000502335881660169,0.9976618284666485,19,32,24
stratified_proportional_nested,75,105,0.00022080773938266163,0.9860139860139862,0.9393939393939392,0.0006324770869669301,0.9653221716476796,19,32,24
stratified_proportional_nested,75,106,0.000433977164126553,1.0,0.9999999999999998,0.0008598495984875691,0.9848213929530877,19,32,24
stratified_proportional_nested,75,107,0.00022290072598628527,0.9930069930069931,0.9696969696969696,0.0008676288350475363,0.9900927298033718,19,32,24
stratified_proportional_nested,75,108,0.0005622671562463339,0.9790209790209792,0.9393939393939392,0.0024442016079733926,0.944382594157758,19,32,24
stratified_proportional_nested,75,109,0.0002993199537246609,0.9930069930069931,0.9696969696969696,0.0018025862525007695,0.9912521021236849,19,32,24
stratified_proportional_nested,75,110,0.0001343900876884129,0.9930069930069931,0.9696969696969696,0.000539637757130399,0.9631673653384761,19,32,24
stratified_proportional_nested,75,111,0.00033332468185704947,0.9860139860139862,0.9393939393939392,0.0009827767117446394,0.9812460839201824,19,32,24
stratified_proportional_nested,75,112,0.0001721142799657973,1.0,0.9999999999999998,0.0011746182586094866,0.9789173955886019,19,32,24
stratified_proportional_nested,75,113,0.00014099686467816954,0.99124495269876,0.9618600860701234,0.0010107566083367543,0.9818004254983282,19,32,24
stratified_proportional_nested,75,114,0.0002262671562463316,0.9930069930069931,0.9696969696969696,0.001530447496131289,0.9889170138958904,19,32,24
stratified_proportional_nested,75,115,0.0003026485589256079,0.9930069930069931,0.9696969696969696,0.000571389380493143,0.980731918760381,19,32,24
stratified_proportional_nested,75,116,0.00010231443757020977,0.9930069930069931,0.9696969696969696,0.00033587674412639774,0.9865819256680958,19,32,24
stratified_proportional_nested,75,117,0.0009195122311084313,1.0,0.9999999999999998,0.0016363928885169807,0.9853656859608666,19,32,24
stratified_proportional_nested,75,118,7.383216806666266e-05,0.9930069930069931,0.9696969696969696,0.00041613768445846627,0.9735858850579096,19,32,24
stratified_proportional_nested,75,119,0.00023446258571835745,0.9860139860139862,0.9393939393939392,0.000525195813455422,0.9701465559346337,19,32,24
stratified_proportional_nested,75,120,3.9184413929547535e-05,1.0,0.9999999999999998,0.0008009029086941268,0.9666763800712328,19,32,24
stratified_proportional_nested,75,121,0.00033096691983971446,0.9510489510489512,0.8787878787878787,0.0007129670641180191,0.98010556369913,19,32,24
stratified_proportional_nested,75,122,5.5310497459885314e-05,1.0,0.9999999999999998,0.00030194302573868884,0.9976689976689977,19,32,24
stratified_proportional_nested,75,123,0.00040398189225894173,1.0,0.9999999999999998,0.0015205349910015046,0.9800824992552242,19,32,24
stratified_proportional_nested,75,124,0.00013237275120298993,0.9964973622679555,0.9847319278346618,0.0006558518673480731,0.9771384208363236,19,32,24
stratified_proportional_nested,75,125,0.0003477612460808487,0.9860139860139862,0.9393939393939392,0.002061815855199036,0.954684493408017,19,32,24
stratified_proportional_nested,75,126,0.0004120890632597285,1.0,0.9999999999999998,0.0006411418123311451,0.9848035005929744,19,32,24
stratified_proportional_nested,75,127,0.0002837990711399509,1.0,0.9999999999999998,0.002165636461860059,0.9403621322085302,19,32,24
stratified_proportional_nested,75,128,0.00012708985128179307,0.9720279720279721,0.909090909090909,0.001237954586988305,0.9742365530073408,19,32,24
stratified_proportional_nested,75,129,0.00010686605301544122,0.9930069930069931,0.9696969696969696,0.001188159484435383,0.9894793117183002,19,32,24
stratified_proportional_nested,75,130,9.483768422111602e-05,1.0,0.9999999999999998,0.0008391206642642176,0.9753423529681657,19,32,24
stratified_proportional_nested,75,131,0.0001485618764985008,0.9930069930069931,0.9696969696969696,0.00049256464595944,0.9830915510167806,19,32,24
stratified_proportional_nested,75,132,0.000918276612511109,0.9790209790209792,0.909090909090909,0.002680078472329093,0.9819117348885807,19,32,24
stratified_proportional_nested,75,133,0.00023694643126603322,0.9930069930069931,0.9696969696969696,0.00042859397442802856,0.9731597654393994,19,32,24
stratified_proportional_nested,75,134,0.00013403705380346355,1.0,0.9999999999999998,0.0006546973320850861,0.9918322994681711,19,32,24
stratified_proportional_nested,75,135,0.00012809851952450379,0.9860139860139862,0.9393939393939392,0.0012814109335992272,0.9736936298755889,19,32,24
stratified_proportional_nested,75,136,0.00020650986704223498,1.0,0.9999999999999998,0.0006688212692580612,0.9560883030503741,19,32,24
stratified_proportional_nested,75,137,0.00015934201834247127,1.0,0.9999999999999998,0.0016813806224564836,0.9953215506209832,19,32,24
stratified_proportional_nested,75,138,0.0002525429639689473,1.0,0.9999999999999998,0.0010694267039430938,0.9818917087815328,19,32,24
stratified_proportional_nested,75,139,0.0002334917425347489,1.0,0.9999999999999998,0.0007117727195974822,0.973115273562556,19,32,24
stratified_proportional_nested,75,140,0.0002979456432439682,0.9930069930069931,0.9696969696969696,0.0011064258019561576,0.9859761672962494,19,32,24
stratified_proportional_nested,75,141,9.931364954814534e-05,0.9930069930069931,0.9696969696969696,0.0003138885415597957,0.9888801114968073,19,32,24
stratified_proportional_nested,75,142,0.00011469584024948495,1.0,0.9999999999999998,0.0004925444073603844,0.992995757685276,19,32,24
stratified_proportional_nested,75,143,0.0001330788189728883,1.0,0.9999999999999998,0.0005461263321406578,0.977788377764977,19,32,24
stratified_proportional_nested,75,144,0.00019079985916201298,0.9860139860139862,0.9393939393939392,0.0006372543982550188,0.9549738291319554,19,32,24
stratified_proportional_nested,75,145,0.00017376597421323392,0.9930069930069931,0.9696969696969696,0.0009390260705216996,0.9748946959473276,19,32,24
stratified_proportional_nested,75,146,9.290860620693204e-05,1.0,0.9999999999999998,0.00039382199063387006,0.978342465099029,19,32,24
stratified_proportional_nested,75,147,0.00011245155340945278,1.0,0.9999999999999998,0.0011142652199608429,0.9848003633050976,19,32,24
stratified_proportional_nested,75,148,0.000824483074292036,1.0,0.9999999999999998,0.0017248021693640776,0.9771519394080556,19,32,24
stratified_proportional_nested,75,149,0.00019433019801150272,1.0,0.9999999999999998,0.0007104476591087847,0.9408445857969712,19,32,24
stratified_proportional_nested,75,150,0.00016794091511157904,0.9790209790209792,0.9393939393939392,0.0010981819459406315,0.983048609709666,19,32,24
stratified_proportional_nested,75,151,0.00014588890565531758,1.0,0.9999999999999998,0.0005335639732097053,0.9847742173714549,19,32,24
stratified_proportional_nested,75,152,8.465013496973698e-05,0.9860139860139862,0.9393939393939392,0.00026567031308778727,0.981885151492561,19,32,24
stratified_proportional_nested,75,153,8.553271968210926e-05,1.0,0.9999999999999998,0.0009199335238834167,0.9836292957762387,19,32,24
stratified_proportional_nested,75,154,0.00013050671495397703,0.9860139860139862,0.9393939393939392,0.0007044886941708555,0.9748603520493194,19,32,24
stratified_proportional_nested,75,155,0.0001390299616048818,0.9720279720279721,0.909090909090909,0.0004876350442230085,0.9871249814741555,19,32,24
stratified_proportional_nested,75,156,0.00011472105695555272,1.0,0.9999999999999998,0.00033720527790602256,0.9918184930048498,19,32,24
stratified_proportional_nested,75,157,9.462334221953861e-05,1.0,0.9999999999999998,0.0002579611434928696,0.9935459255843107,19,32,24
stratified_proportional_nested,75,158,9.111822007611932e-05,1.0,0.9999999999999998,0.0004963920789730173,0.9941684046947206,19,32,24
stratified_proportional_nested,75,159,0.00012998977247958836,1.0,0.9999999999999998,0.0005099785911690775,0.9853862052528486,19,32,24
stratified_proportional_nested,75,160,6.409851952450444e-05,1.0,0.9999999999999998,0.00045192253332221885,0.9737062031071474,19,32,24
stratified_proportional_nested,75,161,0.00010210009556863412,0.9930069930069931,0.9696969696969696,0.0003828882043834,0.9784213745611915,19,32,24
stratified_proportional_nested,75,162,0.0003643286219673731,0.9930069930069931,0.9696969696969696,0.0008356670107896452,0.9824127535256095,19,32,24
stratified_proportional_nested,75,163,0.0003044263367033858,1.0,0.9999999999999998,0.0009160271402953044,0.994738869739216,19,32,24
stratified_proportional_nested,75,164,0.00017263122244018644,0.9930069930069931,0.9696969696969696,0.0015103385443384278,0.9912027921616301,19,32,24
stratified_proportional_nested,75,165,0.00047985896081686254,0.9930069930069931,0.9696969696969696,0.0007299739663486205,0.9924058397742609,19,32,24
stratified_proportional_nested,75,166,0.00016108197106114763,0.9790209790209792,0.909090909090909,0.0004271420052323792,0.9783619081375389,19,32,24
stratified_proportional_nested,75,167,0.00014055557232198096,0.9930069930069931,0.9696969696969696,0.00033127262982627145,0.9783864953647088,19,32,24
stratified_proportional_nested,75,168,0.0002472852807538192,0.9930069930069931,0.9696969696969696,0.0008947293210945249,0.9789693538399212,19,32,24
stratified_proportional_nested,75,169,8.333886625421179e-05,0.9930069930069931,0.9696969696969696,0.001102280696410861,0.9859945788986848,19,32,24
stratified_proportional_nested,75,170,0.00010821514679006779,0.9930069930069931,0.9696969696969696,0.00044473776386324003,0.991822578901642,19,32,24
stratified_proportional_nested,75,171,3.299371258990999e-05,0.9930069930069931,0.9696969696969696,0.00015625617177080116,0.9888945163966626,19,32,24
stratified_proportional_nested,75,172,0.0004932364233858134,0.9860139860139862,0.9393939393939392,0.0012593936756181395,0.981343802396434,19,32,24
stratified_proportional_nested,75,173,0.00012314343678218877,1.0,0.9999999999999998,0.0014823694015893773,0.9871240483722444,19,32,24
stratified_proportional_nested,75,174,0.0001765272035276548,0.9930069930069931,0.9696969696969696,0.0012436531886948121,0.9836635765676826,19,32,24
stratified_proportional_nested,75,175,0.0004442025384370345,1.0,0.9999999999999998,0.000632610675079512,0.9853697718576587,19,32,24
stratified_proportional_nested,75,176,9.675415388226646e-05,1.0,0.9999999999999998,0.0004739510127047637,0.992996262603672,19,32,24
stratified_proportional_nested,75,177,0.0006965839411163093,0.9930069930069931,0.9696969696969696,0.001837291709414863,0.98238957684312,19,32,24
stratified_proportional_nested,75,178,0.0007768613248830555,0.9860139860139862,0.9393939393939392,0.0013914793894916377,0.9743150518629201,19,32,24
stratified_proportional_nested,75,179,0.00018406699864191838,0.9930069930069931,0.9696969696969696,0.0007098860546834924,0.9666193184041677,19,32,24
stratified_proportional_nested,75,180,8.018677799574092e-05,0.9860139860139862,0.9393939393939392,0.0007438185707781883,0.9918220434220668,19,32,24
stratified_proportional_nested,75,181,0.0008540874872156015,0.9930069930069931,0.9696969696969696,0.0009682266284925271,0.9900414201301085,19,32,24
stratified_proportional_nested,75,182,0.0008785350837483041,0.99124495269876,0.9618600860701234,0.002234259606588352,0.9859976281028914,19,32,24
stratified_proportional_nested,75,183,0.00013088496554499197,1.0,0.9999999999999998,0.000995990112342259,0.985381651408083,19,32,24
stratified_proportional_nested,75,184,0.00011054769210133728,0.9930069930069931,0.9696969696969696,0.001198378641077596,0.9964994070257228,19,32,24
stratified_proportional_nested,75,185,0.00016990781818486576,0.9930069930069931,0.9696969696969696,0.00080103449298502,0.971371114879353,19,32,24
stratified_proportional_nested,75,186,0.00023990939422899524,0.9930069930069931,0.9696969696969696,0.001480970867638761,0.9824620437102397,19,32,24
stratified_proportional_nested,75,187,0.00017643894505641863,1.0,0.9999999999999998,0.0005544422589429227,0.9830261958450542,19,32,24
stratified_proportional_nested,75,188,0.0002067368173968456,0.9930069930069931,0.9696969696969696,0.0006797832426002869,0.9947403996875872,19,32,24
stratified_proportional_nested,75,189,0.00017222775514309926,0.9860139860139862,0.9393939393939392,0.0011197420654004652,0.9736728000784574,19,32,24
stratified_proportional_nested,75,190,0.00037102365742836614,0.9860139860139862,0.9393939393939392,0.001624071322158956,0.9929545302504202,19,32,24
stratified_proportional_nested,75,191,0.00016804178193585183,1.0,0.9999999999999998,0.0005037048926379049,0.9889001439044366,19,32,24
stratified_proportional_nested,75,192,0.0004854948946230074,0.9860139860139862,0.9393939393939392,0.0008963319108871107,0.9865447841300322,19,32,24
stratified_proportional_nested,75,193,0.0010567793705883362,1.0,0.9999999999999998,0.002666544727437501,0.9371407883456374,19,32,24
stratified_proportional_nested,75,194,0.00037771869288935654,1.0,0.9999999999999998,0.001123752914892617,0.9789627164953555,19,32,24
stratified_proportional_nested,75,195,0.0002554681018728117,0.9930069930069931,0.9696969696969696,0.000592684928696009,0.9877438351122563,19,32,24
stratified_proportional_nested,75,196,0.0001718116794929836,0.9860139860139862,0.9393939393939392,0.0006244315425045309,0.9356101449774813,19,32,24
stratified_proportional_nested,75,197,0.00024947913418171575,0.9930069930069931,0.9696969696969696,0.0013359389293928056,0.9941436649046653,19,32,24
stratified_proportional_nested,75,198,0.00020806069446540094,0.9860139860139862,0.9393939393939392,0.0005199198845371228,0.9795766609847124,19,32,24
stratified_proportional_nested,75,199,0.00014712452425263772,0.9860139860139862,0.9393939393939392,0.0016973120735867444,0.9906396246194523,19,32,24
stratified_proportional_nested,80,0,0.00027077533197525394,0.9930069930069931,0.9696969696969696,0.0007549844958609709,0.9830424701215333,20,34,26
stratified_proportional_nested,80,1,6.632054474121068e-05,1.0,0.9999999999999998,0.00022242855280462897,0.9970857367963788,20,34,26
stratified_proportional_nested,80,2,7.751292062773526e-05,0.9930069930069931,0.9696969696969696,0.00031269579943333397,0.9970857367963788,20,34,26
stratified_proportional_nested,80,3,5.446327523766399e-05,0.9930069930069931,0.9696969696969696,0.00044411003701605635,0.9830249531298071,20,34,26
stratified_proportional_nested,80,4,0.0001391042326844725,0.9930069930069931,0.9696969696969696,0.0005249244256558384,0.9947547344653765,20,34,26
stratified_proportional_nested,80,5,0.00033428375396106887,1.0,0.9999999999999998,0.0004185370325503186,0.9906759906759909,20,34,26
stratified_proportional_nested,80,6,0.00010769909084050103,0.9930069930069931,0.9696969696969696,0.0022743202922130027,0.9836246294360117,20,34,26
stratified_proportional_nested,80,7,0.00022381167949298494,1.0,0.9999999999999998,0.0015662939641507417,0.9848116795485217,20,34,26
stratified_proportional_nested,80,8,0.00012228242417383379,0.9720279720279721,0.909090909090909,0.0003892252711052066,0.9894900421216212,20,34,26
stratified_proportional_nested,80,9,0.00014877843481213374,0.9930069930069931,0.9696969696969696,0.0007865705684305409,0.9882790054247094,20,34,26
stratified_proportional_nested,80,10,0.00013979128942206203,0.9790209790209792,0.9393939393939392,0.0007195385817951473,0.9865496275467452,20,34,26
stratified_proportional_nested,80,11,0.0003404118567979485,0.9930069930069931,0.9696969696969696,0.0005659858214018227,0.9918158259267642,20,34,26
stratified_proportional_nested,80,12,0.00010103907311000494,0.9930069930069931,0.9696969696969696,0.00048317470414833155,0.9766245450455978,20,34,26
stratified_proportional_nested,80,13,0.000497249179492985,1.0,0.9999999999999998,0.0008470728824396417,0.9929621020443872,20,34,26
stratified_proportional_nested,80,14,0.00010488437452844533,1.0,0.9999999999999998,0.0009386704473270656,0.9964994070257229,20,34,26
stratified_proportional_nested,80,15,0.00012525228232986168,0.9930069930069931,0.9696969696969696,0.0013938322649256682,0.9748346706070729,20,34,26
stratified_proportional_nested,80,16,4.545396672702486e-05,0.9930069930069931,0.9696969696969696,0.0004702427943306088,0.9929824561403509,20,34,26
stratified_proportional_nested,80,17,0.00026596593481213385,1.0,0.9999999999999998,0.0005326634836876822,0.9877376909526246,20,34,26
stratified_proportional_nested,80,18,0.00034962063339369305,0.9930069930069931,0.9696969696969696,0.0007467334780078766,0.9953287975837593,20,34,26
stratified_proportional_nested,80,19,0.00047954084615965063,0.9930069930069931,0.9696969696969696,0.0009217434688549714,0.987142681879524,20,34,26
stratified_proportional_nested,80,20,0.00018723144899652878,0.9930069930069931,0.9696969696969696,0.0006861047333360132,0.9865860115648881,20,34,26
stratified_proportional_nested,80,21,0.00019760378942206157,0.9930069930069931,0.9696969696969696,0.0006231744918191328,0.9772149750369721,20,34,26
stratified_proportional_nested,80,22,0.00031000405537950676,0.9860139860139862,0.9393939393939392,0.0006101207770818938,0.9766044361790982,20,34,26
stratified_proportional_nested,80,23,0.00011045839935114012,1.0,0.9999999999999998,0.00028663929105050113,0.9854128327812539,20,34,26
stratified_proportional_nested,80,24,7.910866530858622e-05,1.0,0.9999999999999998,0.00020014016728760295,0.992983981576964,20,34,26
stratified_proportional_nested,80,25,0.00011731788516674295,0.99124495269876,0.9618600860701234,0.00028299287831438897,0.995326216508627,20,34,26
stratified_proportional_nested,80,26,0.00012026558020220364,1.0,0.9999999999999998,0.0003457728210916699,0.9982471484841063,20,34,26
stratified_proportional_nested,80,27,0.00020454084615964912,1.0,0.9999999999999998,0.00038156507820412937,0.9941684046947206,20,34,26
stratified_proportional_nested,80,28,0.00035004173268447184,1.0,0.9999999999999998,0.0005510351727740377,0.9964994070257228,20,34,26
stratified_proportional_nested,80,29,0.0001201104383582325,0.9930069930069931,0.9696969696969696,0.00044835796699595334,0.9941684046947206,20,34,26
stratified_proportional_nested,80,30,0.00013907098800362093,1.0,0.9999999999999998,0.0005145839178705609,0.9900748374432586,20,34,26
stratified_proportional_nested,80,31,0.0004489557397766712,1.0,0.9999999999999998,0.0008683782216848267,0.9964994070257228,20,34,26
stratified_proportional_nested,80,32,0.00010003065112418895,0.9930069930069931,0.9696969696969696,0.0013019883602523794,0.9912362491309862,20,34,26
stratified_proportional_nested,80,33,9.064456956390572e-05,1.0,0.9999999999999998,0.000582475705053005,0.9729912602142107,20,34,26
stratified_proportional_nested,80,34,0.000127169392258941,0.9930069930069931,0.9696969696969696,0.000569097031852666,0.9865573816394907,20,34,26
stratified_proportional_nested,80,35,0.00015056256601780462,0.9860139860139862,0.9393939393939392,0.00045442538758293753,0.9719681678913669,20,34,26
stratified_proportional_nested,80,36,0.00022335733552135257,0.9860139860139862,0.9393939393939392,0.0020897518096008685,0.9818891456680049,20,34,26
stratified_proportional_nested,80,37,0.00045056256601780646,1.0,0.9999999999999998,0.0007854946850083701,0.9918276682669432,20,34,26
stratified_proportional_nested,80,38,0.0001759947468688712,1.0,0.9999999999999998,0.0006523524669114012,0.9752503055358828,20,34,26
stratified_proportional_nested,80,39,8.423942771993379e-05,1.0,0.9999999999999998,0.00032628486811955485,0.9888846226666539,20,34,26
stratified_proportional_nested,80,40,0.0005202323355213532,0.9860139860139862,0.9393939393939392,0.0010979488920460218,0.9953379953379954,20,34,26
stratified_proportional_nested,80,41,0.0007000749773653252,0.9930069930069931,0.9696969696969696,0.0015131390745505508,0.9900748374432586,20,34,26
stratified_proportional_nested,80,42,5.093933906745105e-05,0.9860139860139862,0.9393939393939392,0.00043466371952475673,0.9906514538093486,20,34,26
stratified_proportional_nested,80,43,0.0004911099950958205,1.0,0.9999999999999998,0.0010068608414024749,0.9970857367963788,20,34,26
stratified_proportional_nested,80,44,0.00036814900218801893,0.9930069930069931,0.9696969696969696,0.0006814545153573409,0.9830607936402984,20,34,26
stratified_proportional_nested,80,45,0.0005986454560887301,0.9860139860139862,0.9393939393939392,0.0009772134671184225,0.9848024835942192,20,34,26
stratified_proportional_nested,80,46,0.00010982675041496991,1.0,0.9999999999999998,0.0004481007453386789,0.9789637263321476,20,34,26
stratified_proportional_nested,80,47,4.333738871284052e-05,0.9930069930069931,0.9696969696969696,0.00023678248055355243,0.9900748374432586,20,34,26
stratified_proportional_nested,80,48,0.00035027444545043107,1.0,0.9999999999999998,0.0005129925105298841,0.9924119533050058,20,34,26
stratified_proportional_nested,80,49,0.0001230692149539754,1.0,0.9999999999999998,0.00039824006741704857,0.9924237321343742,20,34,26
stratified_proportional_nested,80,50,0.0003870208993511392,1.0,0.9999999999999998,0.0006485332523322723,0.9813029076186973,20,34,26
stratified_proportional_nested,80,51,0.00014913304474121073,0.9930069930069931,0.9696969696969696,0.0009042810985179676,0.9783373209103686,20,34,26
stratified_proportional_nested,80,52,0.00028697657311000654,0.9930069930069931,0.9696969696969696,0.000473031378147938,0.9964994070257228,20,34,26
stratified_proportional_nested,80,53,0.00016635378942206073,0.9930069930069931,0.9696969696969696,0.000625414356322771,0.9825042042473696,20,34,26
stratified_proportional_nested,80,54,0.00017829971140787793,0.9930069930069931,0.9696969696969696,0.00041485406885936925,0.9818713450292398,20,34,26
stratified_proportional_nested,80,55,0.00045133827523766444,0.9930069930069931,0.9696969696969696,0.0005563439525105523,0.9935810579253096,20,34,26
stratified_proportional_nested,80,56,7.8033753961069e-05,1.0,0.9999999999999998,0.000909765789203616,0.9894931253435844,20,34,26
stratified_proportional_nested,80,57,6.843712275539535e-05,0.9930069930069931,0.9696969696969696,0.00023639160524918204,0.9923825842037504,20,34,26
stratified_proportional_nested,80,58,0.00032103020786177844,0.9930069930069931,0.9696969696969696,0.001611884000451453,0.981915835109299,20,34,26
stratified_proportional_nested,80,59,0.00015575981779085605,0.9930069930069931,0.9696969696969696,0.0005554816874281646,0.9842130165356865,20,34,26
stratified_proportional_nested,80,60,0.00015369864757808872,0.9930069930069931,0.9696969696969696,0.00058837894967065,0.9690278405340479,20,34,26
stratified_proportional_nested,80,61,0.0002146250660178071,0.9860139860139862,0.9393939393939392,0.0011162145492390144,0.9941663455498816,20,34,26
stratified_proportional_nested,80,62,0.00036923499509582174,0.9930069930069931,0.9696969696969696,0.0011673212203949274,0.9912362491309862,20,34,26
stratified_proportional_nested,80,63,8.326425041496995e-05,0.9860139860139862,0.9393939393939392,0.0019258104450672765,0.9870153373404186,20,34,26
stratified_proportional_nested,80,64,0.0005574331333936937,0.9930069930069931,0.9696969696969696,0.000867134882565523,0.9836384260744725,20,34,26
stratified_proportional_nested,80,65,0.00019627400218801827,0.9930069930069931,0.9696969696969696,0.000413358342363643,0.9924053348558649,20,34,26
stratified_proportional_nested,80,66,7.220485325184861e-05,0.99124495269876,0.9618600860701234,0.00026951296958561163,0.9871369743161562,20,34,26
stratified_proportional_nested,80,67,0.00015561575750716884,0.9930069930069931,0.9696969696969696,0.0006991746571325797,0.9918225789016422,20,34,26
stratified_proportional_nested,80,68,0.0008672181511241894,0.9930069930069931,0.9696969696969696,0.0012193687373945328,0.9766327240011452,20,34,26
stratified_proportional_nested,80,69,0.0002789978497057505,1.0,0.9999999999999998,0.0008820754455563921,0.9941684046947206,20,34,26
stratified_proportional_nested,80,70,0.00015009714048589136,0.9860139860139862,0.9393939393939392,0.00039171682154059403,0.9777936307704765,20,34,26
stratified_proportional_nested,80,71,0.00023917072204617502,0.9860139860139862,0.9393939393939392,0.0007588976850682775,0.9912479964494683,20,34,26
stratified_proportional_nested,80,72,0.00015846371850007572,0.9860139860139862,0.9393939393939392,0.00042578071897952555,0.9824406519269245,20,34,26
stratified_proportional_nested,80,73,7.210511920929592e-05,0.9930069930069931,0.9696969696969696,0.0003386651959710026,0.9976689976689977,20,34,26
stratified_proportional_nested,80,74,0.00015690121850007725,0.9930069930069931,0.9696969696969696,0.000992519615489516,0.9730797976853687,20,34,26
stratified_proportional_nested,80,75,0.00017080857665610516,0.9860139860139862,0.9393939393939392,0.0005672237006274584,0.9912280117191271,20,34,26
stratified_proportional_nested,80,76,0.0004150240021880195,0.9930069930069931,0.9696969696969696,0.0006264040378820562,0.9798970626602123,20,34,26
stratified_proportional_nested,80,77,0.0002694898709823447,0.9860139860139862,0.9393939393939392,0.0007757119394856729,0.995328779622155,20,34,26
stratified_proportional_nested,80,78,0.00017577311566319696,1.0,0.9999999999999998,0.0003602213680395521,0.9883112555240438,20,34,26
stratified_proportional_nested,80,79,0.00015598144899653027,0.9720279720279721,0.909090909090909,0.0005910765352601701,0.9982430428257761,20,34,26
stratified_proportional_nested,80,80,0.0001207531688546848,1.0,0.9999999999999998,0.0004720069655983734,0.9900666584877111,20,34,26
stratified_proportional_nested,80,81,0.0006730802965142597,0.9860139860139862,0.9393939393939392,0.001053373277447782,0.9929977952527569,20,34,26
stratified_proportional_nested,80,82,5.42416440319908e-05,1.0,0.9999999999999998,0.00039394572834096836,0.9830547421358359,20,34,26
stratified_proportional_nested,80,83,0.00010679040289723943,1.0,0.9999999999999998,0.00024838981637568673,0.9924058397742609,20,34,26
stratified_proportional_nested,80,84,0.00016861442771993424,0.9930069930069931,0.9696969696969696,0.0005164557514166024,0.9724487577612013,20,34,26
stratified_proportional_nested,80,85,0.00017535201637241713,1.0,0.9999999999999998,0.00033007572158434993,0.9900804721129953,20,34,26
stratified_proportional_nested,80,86,8.891584615965035e-05,1.0,0.9999999999999998,0.0005851118099648617,0.9853484002258938,20,34,26
stratified_proportional_nested,80,87,0.0004521139844575232,0.9930069930069931,0.9696969696969696,0.0012504850505710005,0.9647212910983521,20,34,26
stratified_proportional_nested,80,88,0.00015236886034404696,0.9930069930069931,0.9696969696969696,0.0007751917519079922,0.9906606694574815,20,34,26
stratified_proportional_nested,80,89,0.00048341939225894284,0.9860139860139862,0.9393939393939392,0.0006583700280527307,0.9900845580097876,20,34,26
stratified_proportional_nested,80,90,0.00011065786743624529,1.0,0.9999999999999998,0.0003783753059499446,0.9988314299254509,20,34,26
stratified_proportional_nested,80,91,0.00046728464048589256,0.99124495269876,0.9618600860701234,0.002043907338463611,0.9894816602426607,20,34,26
stratified_proportional_nested,80,92,0.00012134049154972021,0.9860139860139862,0.9393939393939392,0.0002996113348782807,0.987142681879524,20,34,26
stratified_proportional_nested,80,93,0.0001969943036064571,0.9930069930069931,0.9696969696969696,0.0007080310975700704,0.9877576415755774,20,34,26
stratified_proportional_nested,80,94,4.957630715255748e-05,1.0,0.9999999999999998,0.0002806923104096163,0.9847692236580929,20,34,26
stratified_proportional_nested,80,95,0.00025370972913837416,1.0,0.9999999999999998,0.0009879364328719974,0.9947547344653765,20,34,26
stratified_proportional_nested,80,96,0.00032782320431567693,0.9930069930069931,0.9696969696969696,0.0006016446334047919,0.988312272522799,20,34,26
stratified_proportional_nested,80,97,0.0001526680624717081,1.0,0.9999999999999998,0.0007519916589381363,0.970064739320213,20,34,26
stratified_proportional_nested,80,98,0.00012178375396106819,1.0,0.9999999999999998,0.00026682846499133855,0.995313922895042,20,34,26
stratified_proportional_nested,80,99,0.00018470485325184833,0.9930069930069931,0.9696969696969696,0.0010063314023383001,0.9959079492013133,20,34,26
stratified_proportional_nested,80,100,0.0001558817149539764,0.9877423203570683,0.9618600860701234,0.0003764793009996409,0.9830833792231962,20,34,26
stratified_proportional_nested,80,101,0.0001283994454504294,0.9930069930069931,0.9696969696969696,0.00031323403499286285,0.9912526070420808,20,34,26
stratified_proportional_nested,80,102,8.371859438659994e-05,0.9930069930069931,0.9696969696969696,0.000688376636799026,0.9900660942468905,20,34,26
stratified_proportional_nested,80,103,0.0003563803851667432,0.9930069930069931,0.9696969696969696,0.0006480589619857421,0.9964983900269678,20,34,26
stratified_proportional_nested,80,104,0.00044396903764901114,0.9930069930069931,0.9696969696969696,0.0006554699714063351,0.9888965629260403,20,34,26
stratified_proportional_nested,80,105,0.00014103242417383533,1.0,0.9999999999999998,0.00027659945657627796,0.9976689976689977,20,34,26
stratified_proportional_nested,80,106,0.0001885501546702886,0.9930069930069931,0.9696969696969696,0.00040458948772042087,0.9810839402085768,20,34,26
stratified_proportional_nested,80,107,0.0008053498000603603,0.9930069930069931,0.9696969696969696,0.0012228021005297864,0.9900927298033718,20,34,26
stratified_proportional_nested,80,108,0.00011341717594688348,0.9930069930069931,0.9696969696969696,0.00023852452787718063,0.9953143705748794,20,34,26
stratified_proportional_nested,80,109,0.00031153331069865594,0.9930069930069931,0.9696969696969696,0.0005898336321740416,0.9848182655987389,20,34,26
stratified_proportional_nested,80,110,9.236221140787755e-05,0.9930069930069931,0.9696969696969696,0.0004166683460263222,0.988312272522799,20,34,26
stratified_proportional_nested,80,111,0.000362896342613551,0.9930069930069931,0.9696969696969696,0.0008141477709478557,0.991245962535552,20,34,26
stratified_proportional_nested,80,112,0.0004098932397766709,0.9860139860139862,0.9393939393939392,0.000592174656374261,0.9801578538420644,20,34,26
stratified_proportional_nested,80,113,0.0001561365908405019,0.9877423203570683,0.9618600860701234,0.00032244316939496995,0.9894679766471586,20,34,26
stratified_proportional_nested,80,114,0.0004003963426135507,0.9930069930069931,0.9696969696969696,0.001436757266461263,0.9748223769934876,20,34,26
stratified_proportional_nested,80,115,0.00020096150218801856,0.9860139860139862,0.9393939393939392,0.002253515689674304,0.984232308811245,20,34,26
stratified_proportional_nested,80,116,0.00023142471140787788,0.9930069930069931,0.9696969696969696,0.00043191202790561766,0.9918184930048498,20,34,26
stratified_proportional_nested,80,117,0.00028992426814546633,0.9930069930069931,0.9696969696969696,0.000465450069335594,0.9740797949329595,20,34,26
stratified_proportional_nested,80,118,0.0001225040553795077,0.9930069930069931,0.9696969696969696,0.0004544707539910937,0.9988334782547623,20,34,26
stratified_proportional_nested,80,119,0.00013872745963482917,0.9930069930069931,0.9696969696969696,0.00039867183505004015,0.97780231464442,20,34,26
stratified_proportional_nested,80,120,0.00012156212275539592,0.9930069930069931,0.9696969696969696,0.0007719760830748092,0.9965004275944486,20,34,26
stratified_proportional_nested,80,121,0.0002472824241738357,0.9930069930069931,0.9696969696969696,0.0007627888830371963,0.995326216508627,20,34,26
stratified_proportional_nested,80,122,0.00011424829296816136,0.9930069930069931,0.9696969696969696,0.0003594914485047347,0.9918138536668781,20,34,26
stratified_proportional_nested,80,123,0.00011633162630149451,1.0,0.9999999999999998,0.0004358857878083099,0.9801439673231492,20,34,26
stratified_proportional_nested,80,124,0.00025874075750716895,0.9930069930069931,0.9696969696969696,0.0008077785774878978,0.9970836884670676,20,34,26
stratified_proportional_nested,80,125,4.886708729440196e-05,0.9930069930069931,0.9696969696969696,0.00039313798636340876,0.9970739579670104,20,34,26
stratified_proportional_nested,80,126,0.00017070884261355095,0.9860139860139862,0.9393939393939392,0.0005571443767139577,0.9929921695449169,20,34,26
stratified_proportional_nested,80,127,8.654439225894107e-05,0.9982502173821435,0.9923953268977463,0.0015081945720947368,0.9818210139907532,20,34,26
stratified_proportional_nested,80,128,0.00016492426814546687,0.9930069930069931,0.9696969696969696,0.0007089462174564421,0.9964973478808838,20,34,26
stratified_proportional_nested,80,129,0.0003351037894220626,0.9930069930069931,0.9696969696969696,0.0015751116165936283,0.9865778397713036,20,34,26
stratified_proportional_nested,80,130,0.00011626513693979223,1.0,0.9999999999999998,0.000771921578927945,0.9854128327812539,20,34,26
stratified_proportional_nested,80,131,0.0007614114135355387,0.9930069930069931,0.9696969696969696,0.0012424780596321497,0.9953379953379954,20,34,26
stratified_proportional_nested,80,132,0.0005702212539610682,0.9930069930069931,0.9696969696969696,0.0008824197032269738,0.9923996596914207,20,34,26
stratified_proportional_nested,80,133,0.0003608019277199352,0.9930069930069931,0.9696969696969696,0.0015076622135040867,0.9836554047740981,20,34,26
stratified_proportional_nested,80,134,7.180591708163601e-05,1.0,0.9999999999999998,0.0005123532290215587,0.9970739579670104,20,34,26
stratified_proportional_nested,80,135,0.0002575107043156797,0.99124495269876,0.9618600860701234,0.00047622564343962156,0.9894679766471586,20,34,26
stratified_proportional_nested,80,136,0.00012578419722348013,0.9930069930069931,0.9696969696969696,0.0013755664371109984,0.980711467790531,20,34,26
stratified_proportional_nested,80,137,0.0005858019277199338,0.9860139860139862,0.9393939393939392,0.0010932298756155335,0.993006993006993,20,34,26
stratified_proportional_nested,80,138,0.0001174397823298624,1.0,0.9999999999999998,0.0004830313250656384,0.9776532648762153,20,34,26
stratified_proportional_nested,80,139,7.255946318092688e-05,1.0,0.9999999999999998,0.00018143487490650508,0.9935810579253096,20,34,26
stratified_proportional_nested,80,140,0.00010105015467028887,1.0,0.9999999999999998,0.0010094221002719579,0.9964994070257228,20,34,26
stratified_proportional_nested,80,141,0.00012417737098234516,1.0,0.9999999999999998,0.00036770271150705463,0.9830818304502517,20,34,26
stratified_proportional_nested,80,142,0.00019969820431567744,0.9807370556736849,0.9313248452425005,0.0004910739948929766,0.9812921772153761,20,34,26
stratified_proportional_nested,80,143,0.0003742216972234794,0.9930069930069931,0.9696969696969696,0.0006008309575844627,0.9894679766471586,20,34,26
stratified_proportional_nested,80,144,0.0012397580447412121,0.9930069930069931,0.9696969696969696,0.0024437441483084054,0.9724352391894694,20,34,26
stratified_proportional_nested,80,145,7.845485325184802e-05,1.0,0.9999999999999998,0.00047297325302992466,0.9941633017991732,20,34,26
stratified_proportional_nested,80,146,0.00015878508374830177,1.0,0.9999999999999998,0.001164074270920935,0.9947547344653765,20,34,26
stratified_proportional_nested,80,147,6.567781424475666e-05,0.9930069930069931,0.9696969696969696,0.00034734528942618245,0.9970790922898501,20,34,26
stratified_proportional_nested,80,148,7.343490644333882e-05,0.9930069930069931,0.9696969696969696,0.0004456819745275733,0.9918225789016422,20,34,26
stratified_proportional_nested,80,149,0.00013046061566319533,0.9860139860139862,0.9393939393939392,0.00033757063895416777,0.9848259061643289,20,34,26
stratified_proportional_nested,80,150,0.0003659659348121326,0.9860139860139862,0.9393939393939392,0.0007385552776949943,0.9976597819531573,20,34,26
stratified_proportional_nested,80,151,0.0007213072468688712,0.9930069930069931,0.9696969696969696,0.0008224221070968251,0.9929952141776246,20,34,26
stratified_proportional_nested,80,152,0.0005349043213369554,0.9930069930069931,0.9696969696969696,0.0012057200079952054,0.9848229488879955,20,34,26
stratified_proportional_nested,80,153,0.00013778552701071452,1.0,0.9999999999999998,0.0006621379802968613,0.9877438351122563,20,34,26
stratified_proportional_nested,80,154,4.3581183039082556e-05,1.0,0.9999999999999998,0.00026689235333044635,0.9859894491473439,20,34,26
stratified_proportional_nested,80,155,8.943667949298269e-05,0.9930069930069931,0.9696969696969696,0.00037938786977193066,0.9865573816394907,20,34,26
stratified_proportional_nested,80,156,7.798942771993377e-05,0.9930069930069931,0.9696969696969696,0.000696607407546433,0.9848167859037904,20,34,26
stratified_proportional_nested,80,157,0.0006427389844575229,0.9860139860139862,0.9393939393939392,0.00079921471531078,0.9889170138958905,20,34,26
stratified_proportional_nested,80,158,0.00032549607665610425,1.0,0.9999999999999998,0.000893112165616269,0.9941653393666541,20,34,26
stratified_proportional_nested,80,159,0.00041439235325184956,1.0,0.9999999999999998,0.0007166576726925182,0.9929921695449169,20,34,26
stratified_proportional_nested,80,160,0.0003758506865851833,0.9930069930069931,0.9696969696969696,0.0010181107816848874,0.9970857367963788,20,34,26
stratified_proportional_nested,80,161,0.0003631733816206442,0.9860139860139862,0.9393939393939392,0.0008225809748362082,0.9906400305150506,20,34,26
stratified_proportional_nested,80,162,4.269465821638808e-05,0.9930069930069931,0.9696969696969696,0.00038396394315290053,0.9836584468163417,20,34,26
stratified_proportional_nested,80,163,0.00010985999509582107,1.0,0.9999999999999998,0.0005340870561719417,0.9970857367963788,20,34,26
stratified_proportional_nested,80,164,0.0001175062716915644,1.0,0.9999999999999998,0.0004646073499142216,0.9859812701917967,20,34,26
stratified_proportional_nested,80,165,8.192338162064239e-05,1.0,0.9999999999999998,0.00016369475143707688,0.9959161461531041,20,34,26
stratified_proportional_nested,80,166,0.00022962949864192077,0.9772344233319931,0.9313248452425005,0.0017620404605293927,0.9865778397713036,20,34,26
stratified_proportional_nested,80,167,7.260378942206194e-05,1.0,0.9999999999999998,0.00029613484237463904,0.9994167391273812,20,34,26
stratified_proportional_nested,80,168,0.0003541308284291554,0.9860139860139862,0.9393939393939392,0.0009978340826152683,0.9730558840785135,20,34,26
stratified_proportional_nested,80,169,5.210290289723852e-05,0.9930069930069931,0.9696969696969696,0.00022762633366117915,0.9883260861480831,20,34,26
stratified_proportional_nested,80,170,0.0001874198355213536,0.9930069930069931,0.9696969696969696,0.0005027772200976663,0.9888551979686095,20,34,26
stratified_proportional_nested,80,171,0.00022684802701071393,0.9930069930069931,0.9696969696969696,0.0005397800948833459,0.9871753977017136,20,34,26
stratified_proportional_nested,80,172,0.00012303597027312605,0.9930069930069931,0.9696969696969696,0.0010006346289079633,0.9965024759237601,20,34,26
stratified_proportional_nested,80,173,7.141806247170744e-05,0.9930069930069931,0.9696969696969696,0.00018959244895441752,0.9941673876959656,20,34,26
stratified_proportional_nested,80,174,0.00033849474686887035,0.9930069930069931,0.9696969696969696,0.0004948161453479303,0.9970816508995867,20,34,26
stratified_proportional_nested,80,175,0.00019542072204617556,0.9930069930069931,0.9696969696969696,0.0004899366118351786,0.9918404712617553,20,34,26
stratified_proportional_nested,80,176,7.737994190433048e-05,0.9930069930069931,0.9696969696969696,0.0014358988119296647,0.9877576415755774,20,34,26
stratified_proportional_nested,80,177,2.422169722347962e-05,0.9930069930069931,0.9696969696969696,0.0004769425767690125,0.9877494697819932,20,34,26
stratified_proportional_nested,80,178,0.00010420839935113977,0.9930069930069931,0.9696969696969696,0.0002596404960187011,0.9894802702607436,20,34,26
stratified_proportional_nested,80,179,0.0001946006865851821,0.9930069930069931,0.9696969696969696,0.0009208147750662836,0.9965024759237601,20,34,26
stratified_proportional_nested,80,180,0.00015764368303908044,0.9860139860139862,0.9393939393939392,0.0005257903117093735,0.974326258536785,20,34,26
stratified_proportional_nested,80,181,0.00018741983552135312,1.0,0.9999999999999998,0.00045047170416425574,0.9935590140501294,20,34,26
stratified_proportional_nested,80,182,8.214501282631666e-05,0.9930069930069931,0.9696969696969696,0.0003381903179275861,0.9748326366048202,20,34,26
stratified_proportional_nested,80,183,0.00013098144899653037,0.9930069930069931,0.9696969696969696,0.00047491197027340546,0.9900906814740607,20,34,26
stratified_proportional_nested,80,184,0.0003518147823298645,1.0,0.9999999999999998,0.0008543617456973639,0.9964994070257228,20,34,26
stratified_proportional_nested,80,185,4.678375396106919e-05,1.0,0.9999999999999998,0.00026473958171400715,0.9795238256097755,20,34,26
stratified_proportional_nested,80,186,0.0001076326014787987,0.9930069930069931,0.9696969696969696,0.0005682375156750768,0.9941633017991732,20,34,26
stratified_proportional_nested,80,187,0.0003340288780745433,0.9930069930069931,0.9696969696969696,0.0006846655015733842,0.9719543614280458,20,34,26
stratified_proportional_nested,80,188,0.0001158994454504315,0.9930069930069931,0.9696969696969696,0.0003146546500347182,0.9894818631660737,20,34,26
stratified_proportional_nested,80,189,0.00020431921495397707,0.9930069930069931,0.9696969696969696,0.00047498545134236304,0.981915835109299,20,34,26
stratified_proportional_nested,80,190,0.00020460733552135307,1.0,0.9999999999999998,0.001459190737277753,0.9842468374403014,20,34,26
stratified_proportional_nested,80,191,5.9571874528445004e-05,1.0,0.9999999999999998,0.0003224706015690617,0.9924058397742609,20,34,26
stratified_proportional_nested,80,192,0.00012923056247170597,0.9930069930069931,0.9696969696969696,0.00024704488152662635,0.9941684046947206,20,34,26
stratified_proportional_nested,80,193,5.7798824883054384e-05,0.9930069930069931,0.9696969696969696,0.0007748819029423015,0.9964973478808838,20,34,26
stratified_proportional_nested,80,194,7.778995963482714e-05,1.0,0.9999999999999998,0.00030832557162685357,0.9900515818727481,20,34,26
stratified_proportional_nested,80,195,0.00019845706956390558,0.9930069930069931,0.9696969696969696,0.0003809467831620915,0.9900681929367297,20,34,26
stratified_proportional_nested,80,196,0.00021601026105326767,0.9930069930069931,0.9696969696969696,0.0005638250495245208,0.9941684046947206,20,34,26
stratified_proportional_nested,80,197,0.0007545962539610708,1.0,0.9999999999999998,0.0012679868534733894,0.9935831044546871,20,34,26
stratified_proportional_nested,80,198,0.0005964845518334078,1.0,0.9999999999999998,0.000777504566657592,0.9836472186565878,20,34,26
stratified_proportional_nested,80,199,8.063792062773451e-05,1.0,0.9999999999999998,0.00029318416796402376,0.9964994070257228,20,34,26
stratified_proportional_nested,85,0,9.974237717881605e-05,0.9860139860139862,0.9393939393939392,0.00024775270947408973,0.9941684046947206,22,36,27
stratified_proportional_nested,85,1,5.827878298018537e-05,0.9860139860139862,0.9393939393939392,0.0001529097796143247,0.9924155603407899,22,36,27
stratified_proportional_nested,85,2,0.0005334806284242455,1.0,0.9999999999999998,0.0008649094369937057,0.9970857367963788,22,36,27
stratified_proportional_nested,85,3,5.4224695763320704e-05,1.0,0.9999999999999998,0.00017554588628522442,0.9900927298033718,22,36,27
stratified_proportional_nested,85,4,5.34197680350329e-05,0.9930069930069931,0.9696969696969696,0.00032174018366732505,0.988312272522799,22,36,27
stratified_proportional_nested,85,5,5.598179409702197e-05,0.9930069930069931,0.9696969696969696,0.000174641153711954,0.9941663455498816,22,36,27
stratified_proportional_nested,85,6,6.230342162162396e-05,0.9930069930069931,0.9696969696969696,0.0001656117777727392,0.9912521021236849,22,36,27
stratified_proportional_nested,85,7,2.4432553624864308e-05,1.0,0.9999999999999998,0.00033531573844190716,0.9970739579670104,22,36,27
stratified_proportional_nested,85,8,9.192868849933981e-05,0.9930069930069931,0.9696969696969696,0.0007012570759975359,0.9976689976689977,22,36,27
stratified_proportional_nested,85,9,6.929255018919669e-05,1.0,0.9999999999999998,0.00015439016521367796,0.9976689976689977,22,36,27
stratified_proportional_nested,85,10,3.6496653357373016e-05,0.9930069930069931,0.9696969696969696,0.00023870081756585684,0.9947465626717923,22,36,27
stratified_proportional_nested,85,11,3.743900777097825e-05,1.0,0.9999999999999998,0.00013207495046486817,0.9953379953379954,22,36,27
stratified_proportional_nested,85,12,0.00038488311682887,1.0,0.9999999999999998,0.0007278457586842356,0.9994146907980698,22,36,27
stratified_proportional_nested,85,13,0.0001805492681454655,0.9860139860139862,0.9393939393939392,0.0003147015028070954,0.98833320951562,22,36,27
stratified_proportional_nested,85,14,0.00010815485355860461,1.0,0.9999999999999998,0.0010318850290534727,1.0,22,36,27
stratified_proportional_nested,85,15,0.00023356652010256892,1.0,0.9999999999999998,0.0003671245044912271,0.9976689976689977,22,36,27
stratified_proportional_nested,85,16,0.00015527257423886653,0.9930069930069931,0.9696969696969696,0.0003219848676942763,0.9889216047110786,22,36,27
stratified_proportional_nested,85,17,0.00020832909096320292,0.9930069930069931,0.9696969696969696,0.0007285966583782701,0.9924114744439977,22,36,27
stratified_proportional_nested,85,18,0.00013080080806055552,1.0,0.9999999999999998,0.00023848022405121186,0.9924114744439977,22,36,27
stratified_proportional_nested,85,19,8.205359954010121e-05,0.9930069930069931,0.9696969696969696,0.000725148251123279,0.9976689976689977,22,36,27
stratified_proportional_nested,85,20,0.0001234190318206489,0.9772344233319931,0.9313248452425005,0.0002334927007322255,0.9982450893392674,22,36,27
stratified_proportional_nested,85,21,0.00017295153568577424,0.9930069930069931,0.9696969696969696,0.0005321311301693829,0.9883199465599505,22,36,27
stratified_proportional_nested,85,22,3.9333532789996404e-05,1.0,0.9999999999999998,7.787208504801079e-05,0.9912480162268927,22,36,27
stratified_proportional_nested,85,23,3.655555050822314e-05,1.0,0.9999999999999998,0.0001968836245608594,0.9994146907980698,22,36,27
stratified_proportional_nested,85,24,5.283079652653e-05,0.9930069930069931,0.9696969696969696,0.00012528630707876843,0.9965004275944486,22,36,27
stratified_proportional_nested,85,25,8.414444839528734e-05,0.9930069930069931,0.9696969696969696,0.0002050884121801628,0.9917989789781609,22,36,27
stratified_proportional_nested,85,26,4.989575517582143e-05,0.9930069930069931,0.9696969696969696,0.00025946746899094416,0.9947465626717923,22,36,27
stratified_proportional_nested,85,27,7.682156930623081e-05,1.0,0.9999999999999998,0.00039555083664932186,0.9900886439065798,22,36,27
stratified_proportional_nested,85,28,3.2226609920724704e-05,0.9930069930069931,0.9696969696969696,0.0006294986827370847,0.9929751187428452,22,36,27
stratified_proportional_nested,85,29,4.696071382511423e-05,1.0,0.9999999999999998,0.0007377946679036276,0.9900927298033718,22,36,27
stratified_proportional_nested,85,30,4.581221938353288e-05,0.9930069930069931,0.9696969696969696,0.0001215906965275651,0.9947506485685844,22,36,27
stratified_proportional_nested,85,31,5.009207901198936e-05,1.0,0.9999999999999998,0.00010642532539511574,0.9976689976689977,22,36,27
stratified_proportional_nested,85,32,3.4170215898785056e-05,0.9860139860139862,0.9393939393939392,0.000344727413491442,0.9818795239847873,22,36,27
stratified_proportional_nested,85,33,8.411499981986312e-05,0.9860139860139862,0.9393939393939392,0.0005810312487010011,0.9970836884670674,22,36,27
stratified_proportional_nested,85,34,8.153334137425571e-05,0.9930069930069931,0.9696969696969696,0.0001896922130016967,0.9964973478808838,22,36,27
stratified_proportional_nested,85,35,7.638965686666018e-05,0.9930069930069931,0.9696969696969696,0.00043899563505109653,0.9853917959713008,22,36,27
stratified_proportional_nested,85,36,6.756490043092126e-05,0.9860139860139862,0.9393939393939392,0.00048495135763420395,0.9958893819464661,22,36,27
stratified_proportional_nested,85,37,0.00011268011798227201,1.0,0.9999999999999998,0.0006811150458947875,0.9970857367963788,22,36,27
stratified_proportional_nested,85,38,3.061675446414814e-05,1.0,0.9999999999999998,0.0001539655108889112,0.9889216047110785,22,36,27
stratified_proportional_nested,85,39,3.624143237035442e-05,0.9930069930069931,0.9696969696969696,0.000232580410351173,0.991215718105542,22,36,27
stratified_proportional_nested,85,40,3.506348935334744e-05,0.9930069930069931,0.9696969696969696,0.00023520312710595135,0.9953313508314666,22,36,27
stratified_proportional_nested,85,41,0.0001262068302942302,1.0,0.9999999999999998,0.0002614051019611254,1.0,22,36,27
stratified_proportional_nested,85,42,0.00010906775939678483,0.9930069930069931,0.9696969696969696,0.000197855747586855,0.9947547344653765,22,36,27
stratified_proportional_nested,85,43,4.5674792698215584e-05,0.9930069930069931,0.9696969696969696,0.0007510589354701768,0.9994167391273812,22,36,27
stratified_proportional_nested,85,44,0.0001496478963326608,0.9930069930069931,0.9696969696969696,0.0006250690201050279,0.9947547344653765,22,36,27
stratified_proportional_nested,85,45,0.0001175293167356148,0.9930069930069931,0.9696969696969696,0.0007023430385032513,0.9953379953379954,22,36,27
stratified_proportional_nested,85,46,0.00014600608917174907,0.9930069930069931,0.9696969696969696,0.000706949522346548,0.9924237321343742,22,36,27
stratified_proportional_nested,85,47,8.244624721243754e-05,0.9930069930069931,0.9696969696969696,0.0006660688676892374,0.9924237321343742,22,36,27
stratified_proportional_nested,85,48,0.00011080522534687031,0.9930069930069931,0.9696969696969696,0.0007468865532113748,0.9988334782547623,22,36,27
stratified_proportional_nested,85,49,5.3341238500567084e-05,1.0,0.9999999999999998,0.00012252786469256732,0.9964746672356677,22,36,27
stratified_proportional_nested,85,50,4.924788651646848e-05,0.9930069930069931,0.9696969696969696,0.0003611015615060693,0.9859812701917966,22,36,27
stratified_proportional_nested,85,51,7.987440495863854e-05,0.9930069930069931,0.9696969696969696,0.00011744712841093315,0.9964973478808838,22,36,27
stratified_proportional_nested,85,52,4.7157037661281865e-05,1.0,0.9999999999999998,0.0007827918085330171,0.9964994070257229,22,36,27
stratified_proportional_nested,85,53,0.00010208844702101984,1.0,0.9999999999999998,0.00043053781832541675,0.9929824561403509,22,36,27
stratified_proportional_nested,85,54,3.644757239833102e-05,0.9930069930069931,0.9696969696969696,0.0002518276275033655,0.9900845580097876,22,36,27
stratified_proportional_nested,85,55,0.00010237311658346402,1.0,0.9999999999999998,0.00020049594177212963,0.9941714735927577,22,36,27
stratified_proportional_nested,85,56,4.0992469205614815e-05,1.0,0.9999999999999998,0.00026524021704764264,0.9924155603407899,22,36,27
stratified_proportional_nested,85,57,0.00018289533798767095,0.9860139860139862,0.9393939393939392,0.0005168790017017659,0.9941663455498816,22,36,27
stratified_proportional_nested,85,58,2.934064952905786e-05,0.9930069930069931,0.9696969696969696,0.00038016408473058307,0.9929952141776246,22,36,27
stratified_proportional_nested,85,59,0.00025786159482832897,1.0,0.9999999999999998,0.0007406143600237314,0.9970857367963788,22,36,27
stratified_proportional_nested,85,60,3.007686391468752e-05,1.0,0.9999999999999998,0.00019469863084013833,0.9982456140350878,22,36,27
stratified_proportional_nested,85,61,1.9701149173220912e-05,1.0,0.9999999999999998,0.00013383308550022005,0.9976689976689977,22,36,27
stratified_proportional_nested,85,62,3.741937538736092e-05,1.0,0.9999999999999998,7.400988781693976e-05,0.9883449883449883,22,36,27
stratified_proportional_nested,85,63,0.000512051881706535,0.9930069930069931,0.9696969696969696,0.0010382483882974902,0.9935790185578949,22,36,27
stratified_proportional_nested,85,64,6.521883058871641e-05,1.0,0.9999999999999998,0.00024213253466199604,0.9994167391273812,22,36,27
stratified_proportional_nested,85,65,0.00011280772847577968,0.9930069930069931,0.9696969696969696,0.00036062919851967743,0.9906432748538011,22,36,27
stratified_proportional_nested,85,66,0.0004172176526456997,0.9860139860139862,0.9393939393939392,0.0008217036542630443,0.9883449883449883,22,36,27
stratified_proportional_nested,85,67,6.17635310721627e-05,1.0,0.9999999999999998,0.00017351299344612104,0.9976689976689977,22,36,27
stratified_proportional_nested,85,68,0.00011759803007827332,1.0,0.9999999999999998,0.00032781099276843803,0.9924058397742609,22,36,27
stratified_proportional_nested,85,69,2.385339830816979e-05,1.0,0.9999999999999998,9.247880822188687e-05,0.9970836884670676,22,36,27
stratified_proportional_nested,85,70,0.00015626400961151347,0.9930069930069931,0.9696969696969696,0.00040399841884363054,0.9906514538093486,22,36,27
stratified_proportional_nested,85,71,6.155739104418707e-05,1.0,0.9999999999999998,0.00021984172533414965,0.9976689976689977,22,36,27
stratified_proportional_nested,85,72,0.00015939537479838813,0.9930069930069931,0.9696969696969696,0.00035990128715764655,0.981319265529792,22,36,27
stratified_proportional_nested,85,73,0.00012750256761293773,1.0,0.9999999999999998,0.0006344721926208084,0.9900748374432586,22,36,27
stratified_proportional_nested,85,74,0.0002704361365348743,1.0,0.9999999999999998,0.00035842578264248717,0.9947547344653765,22,36,27
stratified_proportional_nested,85,75,0.00036198194133990136,0.9930069930069931,0.9696969696969696,0.0008036042791677843,0.9970857367963788,22,36,27
stratified_proportional_nested,85,76,0.00012060178477163886,0.9930069930069931,0.9696969696969696,0.00042771812620531296,0.9929824561403509,22,36,27
stratified_proportional_nested,85,77,7.017600745195165e-05,1.0,0.9999999999999998,0.00021792723815030178,0.9964973478808838,22,36,27
stratified_proportional_nested,85,78,3.491624647622179e-05,1.0,0.9999999999999998,9.67960484631829e-05,0.9994167391273812,22,36,27
stratified_proportional_nested,85,79,0.00019440973097890974,0.9930069930069931,0.9696969696969696,0.0005385516453347538,0.9924058397742609,22,36,27
stratified_proportional_nested,85,80,0.00013055540326534597,1.0,0.9999999999999998,0.00023022505104669356,0.9976689976689977,22,36,27
stratified_proportional_nested,85,81,0.00026098314382339656,1.0,0.9999999999999998,0.00037682998931829804,0.9976572188396293,22,36,27
stratified_proportional_nested,85,82,0.00013289165691574213,1.0,0.9999999999999998,0.00036680865110765953,0.995326216508627,22,36,27
stratified_proportional_nested,85,83,0.0002773565517597885,0.9860139860139862,0.9393939393939392,0.0005760960002191758,0.993558379615464,22,36,27
stratified_proportional_nested,85,84,1.1465364245983486e-05,1.0,0.9999999999999998,0.00011165028984192827,0.9988304093567252,22,36,27
stratified_proportional_nested,85,85,0.00012110241055386844,0.9860139860139862,0.9393939393939392,0.0004900199699325209,0.9970836884670674,22,36,27
stratified_proportional_nested,85,86,6.972446262876615e-05,1.0,0.9999999999999998,0.0001708838210638617,0.9900804721129953,22,36,27
stratified_proportional_nested,85,87,4.344651715771098e-05,0.9930069930069931,0.9696969696969696,0.0002178031641392102,0.9965024759237601,22,36,27
stratified_proportional_nested,85,88,8.42131617379455e-05,0.9790209790209792,0.9393939393939392,0.0001643340358945483,0.9982430428257761,22,36,27
stratified_proportional_nested,85,89,0.00012680561799454078,0.9790209790209792,0.9393939393939392,0.0003565520761297975,0.9906432748538011,22,36,27
stratified_proportional_nested,85,90,5.622719889223177e-05,1.0,0.9999999999999998,0.00015765561053860736,0.9994146907980698,22,36,27
stratified_proportional_nested,85,91,0.00012841547345111815,0.9930069930069931,0.9696969696969696,0.00022769475998291942,0.9871506579116582,22,36,27
stratified_proportional_nested,85,92,4.968961514784621e-05,1.0,0.9999999999999998,0.0001420733003435023,0.9924058397742609,22,36,27
stratified_proportional_nested,85,93,0.00024940985368130704,0.9930069930069931,0.9696969696969696,0.0007470539271628868,0.9947547344653765,22,36,27
stratified_proportional_nested,85,94,9.587479760631166e-05,1.0,0.9999999999999998,0.00026750173357215984,1.0,22,36,27
stratified_proportional_nested,85,95,8.079712698862733e-05,0.9930069930069931,0.9696969696969696,0.0008085310251158545,0.9988304093567252,22,36,27
stratified_proportional_nested,85,96,1.4979560913385785e-05,1.0,0.9999999999999998,0.00014044600985538126,0.9871753977017136,22,36,27
stratified_proportional_nested,85,97,8.053208980980096e-05,0.9930069930069931,0.9696969696969696,0.0005473846757259583,0.993558379615464,22,36,27
stratified_proportional_nested,85,98,0.0001132396409153496,1.0,0.9999999999999998,0.0001758943327148526,0.9953313508314666,22,36,27
stratified_proportional_nested,85,99,8.900346334044021e-05,0.9930069930069931,0.9696969696969696,0.000245285872504821,0.995328779622155,22,36,27
stratified_proportional_nested,85,100,0.00018102044535226806,1.0,0.9999999999999998,0.00028983867701834373,0.9970857367963788,22,36,27
stratified_proportional_nested,85,101,4.651898519373682e-05,0.9930069930069931,0.9696969696969696,0.00048153947978349333,0.9935810579253096,22,36,27
stratified_proportional_nested,85,102,0.00011778453772263391,1.0,0.9999999999999998,0.000686488489773656,0.9947547344653765,22,36,27
stratified_proportional_nested,85,103,0.000138535967205566,0.9860139860139862,0.9393939393939392,0.0006290889865735538,0.9965024759237601,22,36,27
stratified_proportional_nested,85,104,8.493955993176618e-05,0.9930069930069931,0.9696969696969696,0.00023155160376681105,0.9894679766471586,22,36,27
stratified_proportional_nested,85,105,0.00027731728699255235,0.9930069930069931,0.9696969696969696,0.0004139740952989178,0.9964983900269678,22,36,27
stratified_proportional_nested,85,106,0.0001928293240977589,1.0,0.9999999999999998,0.000495371370205359,0.9994167391273812,22,36,27
stratified_proportional_nested,85,107,0.00028451255558810195,1.0,0.9999999999999998,0.000751687650605065,0.9941633017991732,22,36,27
stratified_proportional_nested,85,108,7.305215165180902e-05,1.0,0.9999999999999998,0.00023455961126415706,0.9982450893392674,22,36,27
stratified_proportional_nested,85,109,5.851437158358643e-05,1.0,0.9999999999999998,0.000167963200718999,0.9924237321343744,22,36,27
stratified_proportional_nested,85,110,8.171984901861504e-05,0.9930069930069931,0.9696969696969696,0.00015248496783522975,0.993006993006993,22,36,27
stratified_proportional_nested,85,111,9.8947265642336e-05,0.9930069930069931,0.9696969696969696,0.0001614952918006601,0.9959120404947738,22,36,27
stratified_proportional_nested,85,112,9.239004951433338e-05,1.0,0.9999999999999998,0.0006774976901449964,0.9853939234223855,22,36,27
stratified_proportional_nested,85,113,0.00018887339879897897,0.9860139860139862,0.9393939393939392,0.0006134386561084089,0.9988314299254509,22,36,27
stratified_proportional_nested,85,114,0.00013131125003459142,1.0,0.9999999999999998,0.0005920169946755242,0.9982471484841063,22,36,27
stratified_proportional_nested,85,115,5.751312001913095e-05,0.9930069930069931,0.9696969696969696,0.0002706914433649368,0.9970739579670104,22,36,27
stratified_proportional_nested,85,116,0.00029174708895088374,0.9930069930069931,0.9696969696969696,0.0004470749315703489,0.9836584468163415,22,36,27
stratified_proportional_nested,85,117,9.337166869517306e-05,1.0,0.9999999999999998,0.00020222967138651786,0.9947506485685844,22,36,27
stratified_proportional_nested,85,118,0.0003371666084482959,1.0,0.9999999999999998,0.0007177483700327882,0.9964994070257228,22,36,27
stratified_proportional_nested,85,119,5.3174363239823904e-05,1.0,0.9999999999999998,0.00014903120713305871,0.9994167391273812,22,36,27
stratified_proportional_nested,85,120,3.532852653217476e-05,0.9930069930069931,0.9696969696969696,0.0001855869062869623,0.9912156249976561,22,36,27
stratified_proportional_nested,85,121,0.00010509220171438829,1.0,0.9999999999999998,0.0002691211513438413,0.9906759906759909,22,36,27
stratified_proportional_nested,85,122,0.00016571700232299167,0.9982502173821435,0.9923953268977463,0.0010095710739392932,0.9994167391273812,22,36,27
stratified_proportional_nested,85,123,8.543036952218629e-05,1.0,0.9999999999999998,0.00038063109426979643,0.995328779622155,22,36,27
stratified_proportional_nested,85,124,0.0002368353119747622,0.9930069930069931,0.9696969696969696,0.0005434028132050014,0.9912273772844618,22,36,27
stratified_proportional_nested,85,125,5.179028019484025e-05,0.9930069930069931,0.9696969696969696,0.0006955191253475014,0.9924237321343742,22,36,27
stratified_proportional_nested,85,126,2.6709910124409272e-05,1.0,0.9999999999999998,9.254619867461229e-05,0.9982450893392674,22,36,27
stratified_proportional_nested,85,127,6.997968361578352e-05,1.0,0.9999999999999998,0.0002637946288549545,0.9988334782547623,22,36,27
stratified_proportional_nested,85,128,0.00014997183066233768,0.9860139860139862,0.9393939393939392,0.000531616726877202,0.9924058397742609,22,36,27
stratified_proportional_nested,85,129,5.500999110799175e-05,0.9930069930069931,0.9696969696969696,0.000154209407644219,0.9941535812326444,22,36,27
stratified_proportional_nested,85,130,0.00012005207803036985,0.9860139860139862,0.9393939393939392,0.00033261035816451015,0.9795485216537849,22,36,27
stratified_proportional_nested,85,131,0.00012828786295760762,0.9930069930069931,0.9696969696969696,0.000443676752246243,0.9906432748538011,22,36,27
stratified_proportional_nested,85,132,0.00021650597873959176,0.9930069930069931,0.9696969696969696,0.00046000996213538324,0.9877227983023031,22,36,27
stratified_proportional_nested,85,133,5.7768341006149215e-05,0.9930069930069931,0.9696969696969696,0.0002770474022555012,0.9929824561403509,22,36,27
stratified_proportional_nested,85,134,0.0002757270639195956,0.9930069930069931,0.9696969696969696,0.0007202293778916484,0.9941684046947206,22,36,27
stratified_proportional_nested,85,135,0.00021339424593633098,0.9860139860139862,0.9393939393939392,0.0007953316287327702,0.9860068365890613,22,36,27
stratified_proportional_nested,85,136,0.00021600535295736298,1.0,0.9999999999999998,0.0006829870204098598,0.9970857367963788,22,36,27
stratified_proportional_nested,85,137,0.00027655162403149975,0.9930069930069931,0.9696969696969696,0.0005079269358379905,0.9830629282533462,22,36,27
stratified_proportional_nested,85,138,0.000151827090914122,1.0,0.9999999999999998,0.0004996985300693679,0.9924058397742609,22,36,27
stratified_proportional_nested,85,139,0.00023113210453408776,1.0,0.9999999999999998,0.0003936435923645987,0.9877494500045687,22,36,27
stratified_proportional_nested,85,140,0.0003488675090838953,1.0,0.9999999999999998,0.0009266998690609796,0.9947547344653765,22,36,27
stratified_proportional_nested,85,141,5.3998923351728424e-05,0.9930069930069931,0.9696969696969696,0.0003867360709602571,0.9830607936402984,22,36,27
stratified_proportional_nested,85,142,5.7002678045095453e-05,0.9930069930069931,0.9696969696969696,0.00018734378168768363,0.9964994070257229,22,36,27
stratified_proportional_nested,85,143,9.496189176813206e-05,1.0,0.9999999999999998,0.00020821199115484586,0.995915129154349,22,36,27
stratified_proportional_nested,85,144,0.00023199592941322678,0.9930069930069931,0.9696969696969696,0.00033307327389117523,0.9970857367963788,22,36,27
stratified_proportional_nested,85,145,7.599700919432425e-05,0.9930069930069931,0.9696969696969696,0.0005885155253117281,0.9877227983023031,22,36,27
stratified_proportional_nested,85,146,0.0001541437121809012,1.0,0.9999999999999998,0.0005253424867832836,0.9924058397742609,22,36,27
stratified_proportional_nested,85,147,0.00036337584057669086,0.9930069930069931,0.9696969696969696,0.0005924973878326852,0.9923848029643078,22,36,27
stratified_proportional_nested,85,148,0.0001981202514824796,0.9930069930069931,0.9696969696969696,0.0007882674402712745,0.9894931253435844,22,36,27
stratified_proportional_nested,85,149,0.00013025110131928636,1.0,0.9999999999999998,0.0006634737054419998,0.9900927298033718,22,36,27
stratified_proportional_nested,85,150,6.506177151978161e-05,0.9930069930069931,0.9696969696969696,0.00015722890930756577,0.9935831044546871,22,36,27
stratified_proportional_nested,85,151,8.727581358216375e-05,1.0,0.9999999999999998,0.0003457371681020196,0.9970739579670104,22,36,27
stratified_proportional_nested,85,152,0.00019338884703083744,0.9930069930069931,0.9696969696969696,0.0003352393730924402,0.9964994070257228,22,36,27
stratified_proportional_nested,85,153,7.041159605535297e-05,0.9930069930069931,0.9696969696969696,0.0001783181846523596,0.9959120404947738,22,36,27
stratified_proportional_nested,85,154,0.00015145407562540327,1.0,0.9999999999999998,0.00030772848040197466,0.9976572188396293,22,36,27
stratified_proportional_nested,85,155,0.00010717323437776467,0.9930069930069931,0.9696969696969696,0.00039965330918613685,0.9900455927768538,22,36,27
stratified_proportional_nested,85,156,5.313509847259013e-05,0.9930069930069931,0.9696969696969696,0.0003662170951943674,0.9877227983023031,22,36,27
stratified_proportional_nested,85,157,1.6618864945387214e-05,1.0,0.9999999999999998,0.0001651532707672809,0.9988283502118862,22,36,27
stratified_proportional_nested,85,158,0.0001531719091918712,0.9930069930069931,0.9696969696969696,0.00024572532753649464,0.9900927298033718,22,36,27
stratified_proportional_nested,85,159,3.394444348719225e-05,1.0,0.9999999999999998,0.00019805177822620782,0.9889216047110786,22,36,27
stratified_proportional_nested,85,160,7.605590634517475e-05,0.9930069930069931,0.9696969696969696,0.00037286056568931633,0.9859812701917966,22,36,27
stratified_proportional_nested,85,161,0.0002504405538211874,0.9930069930069931,0.9696969696969696,0.00032067579240465494,0.9894972112403767,22,36,27
stratified_proportional_nested,85,162,6.636732503029743e-05,1.0,0.9999999999999998,0.0003982160660728755,0.9941663455498816,22,36,27
stratified_proportional_nested,85,163,8.108179655107021e-05,0.9790209790209792,0.9393939393939392,0.00030876704915472255,0.9982450893392674,22,36,27
stratified_proportional_nested,85,164,2.390247926721092e-05,1.0,0.9999999999999998,0.00022415849321245893,0.9947547344653765,22,36,27
stratified_proportional_nested,85,165,3.3335839595071654e-05,1.0,0.9999999999999998,0.0001802192882182594,0.9970857367963788,22,36,27
stratified_proportional_nested,85,166,0.00010602473993618467,1.0,0.9999999999999998,0.0002663573555104603,0.9918353432188792,22,36,27
stratified_proportional_nested,85,167,0.00019565638733857527,0.9930069930069931,0.9696969696969696,0.000351719487870348,0.995326216508627,22,36,27
stratified_proportional_nested,85,168,5.535355782128624e-05,1.0,0.9999999999999998,0.00030969083370177623,0.9970739579670104,22,36,27
stratified_proportional_nested,85,169,5.215347929175161e-05,1.0,0.9999999999999998,0.0001880065069575917,0.9888846226666539,22,36,27
stratified_proportional_nested,85,170,0.00011552681360670384,1.0,0.9999999999999998,0.0006566461708366877,0.9982471484841063,22,36,27
stratified_proportional_nested,85,171,4.636192612480284e-05,1.0,0.9999999999999998,0.00033041922372496584,0.9988304093567252,22,36,27
stratified_proportional_nested,85,172,4.093357205476342e-05,0.99124495269876,0.9618600860701234,0.0004323592500009451,0.9947506485685844,22,36,27
stratified_proportional_nested,85,173,5.2114214524517693e-05,0.9930069930069931,0.9696969696969696,0.00017636512115795674,0.9918282135713788,22,36,27
stratified_proportional_nested,85,174,7.13146857017245e-05,1.0,0.9999999999999998,0.00015095451175931886,0.9982471484841063,22,36,27
stratified_proportional_nested,85,175,0.00017120425354388036,1.0,0.9999999999999998,0.00022705313359306983,0.9889088223248815,22,36,27
stratified_proportional_nested,85,176,0.00015303448250655337,0.9860139860139862,0.9393939393939392,0.0003573007714632293,0.9900538006333054,22,36,27
stratified_proportional_nested,85,177,3.391499491176616e-05,0.9860139860139862,0.9393939393939392,0.00012358186396953675,0.9895043408878769,22,36,27
stratified_proportional_nested,85,178,0.0001033743681479185,0.9930069930069931,0.9696969696969696,0.00035881926101015123,0.9900600139811825,22,36,27
stratified_proportional_nested,85,179,0.00016512803081448807,0.9930069930069931,0.9696969696969696,0.0004202604593761534,0.9947547344653765,22,36,27
stratified_proportional_nested,85,180,0.00017153800406536517,0.9930069930069931,0.9696969696969696,0.0007020763108702683,0.9964983900269678,22,36,27
stratified_proportional_nested,85,181,0.00015322099015091425,1.0,0.9999999999999998,0.00025085833865528965,0.9953379953379954,22,36,27
stratified_proportional_nested,85,182,3.336528817049735e-05,0.9877423203570683,0.9618600860701234,0.0002557073021649336,0.9964973478808838,22,36,27
stratified_proportional_nested,85,183,3.0469511587022496e-05,1.0,0.9999999999999998,9.523567606480077e-05,0.9964994070257228,22,36,27
stratified_proportional_nested,85,184,4.581221938353278e-05,0.9930069930069931,0.9696969696969696,0.00028077560585276643,0.9976689976689977,22,36,27
stratified_proportional_nested,85,185,8.2681835815839e-05,1.0,0.9999999999999998,0.00031435809491598825,0.9947526861360653,22,36,27
stratified_proportional_nested,85,186,3.729176489385259e-05,0.9930069930069931,0.9696969696969696,0.00012277554035176536,0.9935563181352544,22,36,27
stratified_proportional_nested,85,187,4.987612279220541e-05,1.0,0.9999999999999998,0.0006882222193880444,0.9994167391273812,22,36,27
stratified_proportional_nested,85,188,6.533662489041579e-05,1.0,0.9999999999999998,0.0001245056485165911,0.9953379953379954,22,36,27
stratified_proportional_nested,85,189,9.399008877910082e-05,1.0,0.9999999999999998,0.00026617596812368555,0.9964994070257229,22,36,27
stratified_proportional_nested,85,190,0.00038247814983581287,0.9790209790209792,0.9393939393939392,0.0006065399521464804,0.9906514538093486,22,36,27
stratified_proportional_nested,85,191,0.00013216525872192158,0.9930069930069931,0.9696969696969696,0.00023313071323032038,0.9912500358327692,22,36,27
stratified_proportional_nested,85,192,0.00015208231190114006,0.9930069930069931,0.9696969696969696,0.0003649343147776555,0.9964983900269678,22,36,27
stratified_proportional_nested,85,193,2.3843582116360064e-05,0.9930069930069931,0.9696969696969696,0.0005786560501510929,0.9941535812326444,22,36,27
stratified_proportional_nested,85,194,4.841351021275534e-05,0.9930069930069931,0.9696969696969696,0.0001398331976077017,0.9964973478808838,22,36,27
stratified_proportional_nested,85,195,7.73123788966494e-05,0.9860139860139862,0.9393939393939392,0.00021765074834893404,0.9970857367963788,22,36,27
stratified_proportional_nested,85,196,2.999833438022009e-05,1.0,0.9999999999999998,0.00018396638633497904,0.9924216838050629,22,36,27
stratified_proportional_nested,85,197,4.9365680818168605e-05,0.9860139860139862,0.9393939393939392,0.0001889258827834398,0.9883260861480831,22,36,27
stratified_proportional_nested,85,198,2.3568728745725418e-05,0.9930069930069931,0.9696969696969696,0.0001065015332902538,0.9924237321343744,22,36,27
stratified_proportional_nested,85,199,0.00018650769657315718,1.0,0.9999999999999998,0.0002828656546132236,0.993006993006993,22,36,27
stratified_proportional_nested,90,0,2.1149916074718683e-05,0.9930069930069931,0.9696969696969696,0.00022668694231959706,0.9953379953379954,23,38,29
stratified_proportional_nested,90,1,5.6348234960980695e-05,1.0,0.9999999999999998,0.00019005067909691793,0.9988334782547623,23,38,29
stratified_proportional_nested,90,2,3.571956846943046e-05,0.9930069930069931,0.9696969696969696,0.0003407442326691266,0.9953379953379954,23,38,29
stratified_proportional_nested,90,3,1.953884874261151e-05,1.0,0.9999999999999998,0.0003525753067628414,0.9976689976689977,23,38,29
stratified_proportional_nested,90,4,6.890405319055812e-05,0.9930069930069931,0.9696969696969696,0.00019803420206145227,0.9970857367963788,23,38,29
stratified_proportional_nested,90,5,4.828414249972499e-05,1.0,0.9999999999999998,0.00020252938269608076,0.9976689976689977,23,38,29
stratified_proportional_nested,90,6,0.0001267623843349411,0.9930069930069931,0.9696969696969696,0.00020903758771857752,0.9988334782547623,23,38,29
stratified_proportional_nested,90,7,0.0001002848429637832,1.0,0.9999999999999998,0.00019213570821643967,0.991822578901642,23,38,29
stratified_proportional_nested,90,8,0.0002940857360554565,1.0,0.9999999999999998,0.0003303765425864043,0.9924058397742609,23,38,29
stratified_proportional_nested,90,9,0.0001596229044295044,0.9860139860139862,0.9393939393939392,0.00029665374328777846,0.9976689976689977,23,38,29
stratified_proportional_nested,90,10,0.0002929649935635555,0.9930069930069931,0.9696969696969696,0.0003486351633460493,0.9976689976689977,23,38,29
stratified_proportional_nested,90,11,0.00013258499181239574,0.9930069930069931,0.9696969696969696,0.0002801101914256672,0.9976689976689977,23,38,29
stratified_proportional_nested,90,12,0.00011214895293663911,0.9930069930069931,0.9696969696969696,0.00022636954644071586,0.9965024759237601,23,38,29
stratified_proportional_nested,90,13,4.8240363496135365e-05,0.9860139860139862,0.9393939393939392,0.0002830002280672552,0.9964994070257228,23,38,29
stratified_proportional_nested,90,14,2.5930583266732812e-05,0.9930069930069931,0.9696969696969696,8.915393503331182e-05,0.9959079671975566,23,38,29
stratified_proportional_nested,90,15,4.613897132382152e-05,1.0,0.9999999999999998,0.00029922601559401066,0.9976689976689977,23,38,29
stratified_proportional_nested,90,16,7.427135903067767e-05,1.0,0.9999999999999998,0.00022154831434211138,1.0,23,38,29
stratified_proportional_nested,90,17,8.226540508618909e-05,1.0,0.9999999999999998,0.00022891150361721037,0.9994167391273812,23,38,29
stratified_proportional_nested,90,18,2.0125487390715363e-05,1.0,0.9999999999999998,0.00021000587248121738,0.9970857367963788,23,38,29
stratified_proportional_nested,90,19,3.590344028450709e-05,0.9930069930069931,0.9696969696969696,9.791278116505859e-05,0.9964912280701754,23,38,29
stratified_proportional_nested,90,20,3.6577636939792025e-05,1.0,0.9999999999999998,0.00014945252401280586,0.9924058397742609,23,38,29
stratified_proportional_nested,90,21,7.741469148842978e-05,0.9930069930069931,0.9696969696969696,0.00027955283831101015,0.9906759906759909,23,38,29
stratified_proportional_nested,90,22,2.7646720207456575e-05,0.9930069930069931,0.9696969696969696,0.00013580260659016877,0.9964912280701754,23,38,29
stratified_proportional_nested,90,23,2.8802485902229527e-05,0.9930069930069931,0.9696969696969696,0.000217412129019929,1.0,23,38,29
stratified_proportional_nested,90,24,0.00017310683753518684,1.0,0.9999999999999998,0.0002920793000034825,0.9976689976689977,23,38,29
stratified_proportional_nested,90,25,9.182673947021837e-05,0.9930069930069931,0.9696969696969696,0.00020483778528149142,0.993006993006993,23,38,29
stratified_proportional_nested,90,26,7.496306728739719e-05,1.0,0.9999999999999998,0.00025058822250638034,0.9964912280701754,23,38,29
stratified_proportional_nested,90,27,2.3146238638417155e-05,1.0,0.9999999999999998,0.0001910975217663146,0.9924058397742609,23,38,29
stratified_proportional_nested,90,28,1.8838384685173596e-05,1.0,0.9999999999999998,0.0002237217627533852,1.0,23,38,29
stratified_proportional_nested,90,29,0.00027530454351539955,1.0,0.9999999999999998,0.0004014367388056526,0.9994167391273812,23,38,29
stratified_proportional_nested,90,30,4.9650047411730053e-05,1.0,0.9999999999999998,0.00019898983206511733,1.0,23,38,29
stratified_proportional_nested,90,31,2.741031358807097e-05,1.0,0.9999999999999998,0.00022699258725614432,0.9941535812326444,23,38,29
stratified_proportional_nested,90,32,4.2347709612937434e-05,0.9930069930069931,0.9696969696969696,0.0001408230848567827,0.9959079671975566,23,38,29
stratified_proportional_nested,90,33,4.662054036331026e-05,0.9930069930069931,0.9696969696969696,0.00027600075099318245,0.9970857367963788,23,38,29
stratified_proportional_nested,90,34,7.601376337355418e-05,1.0,0.9999999999999998,0.00022189669434915564,1.0,23,38,29
stratified_proportional_nested,90,35,5.038553467203964e-05,1.0,0.9999999999999998,0.00020161495565044013,0.9947547344653765,23,38,29
stratified_proportional_nested,90,36,2.3303843051340388e-05,0.9930069930069931,0.9696969696969696,0.00015736935105143627,0.9964912280701754,23,38,29
stratified_proportional_nested,90,37,7.999765270023343e-05,1.0,0.9999999999999998,0.00019380213065486567,0.9994167391273812,23,38,29
stratified_proportional_nested,90,38,0.00014320577808329897,1.0,0.9999999999999998,0.00023021959841560988,0.9988334782547623,23,38,29
stratified_proportional_nested,90,39,9.627468623495031e-05,1.0,0.9999999999999998,0.0002053939839068822,0.9964994070257228,23,38,29
stratified_proportional_nested,90,40,2.7173906968685866e-05,0.9930069930069931,0.9696969696969696,0.00019870778350551872,0.9900927298033718,23,38,29
stratified_proportional_nested,90,41,0.00014002742242267494,1.0,0.9999999999999998,0.0002520059007917734,0.9976689976689977,23,38,29
stratified_proportional_nested,90,42,9.05221251632399e-05,0.9930069930069931,0.9696969696969696,0.00022002727793329508,0.9964912280701754,23,38,29
stratified_proportional_nested,90,43,5.529753887482337e-05,0.9930069930069931,0.9696969696969696,0.00014261884456918296,0.9918292234081708,23,38,29
stratified_proportional_nested,90,44,5.2994763285996184e-05,0.9860139860139862,0.9393939393939392,0.00029611511601784947,0.9976689976689977,23,38,29
stratified_proportional_nested,90,45,6.095378613863589e-05,0.9930069930069931,0.9696969696969696,0.00021576422418576966,0.9976689976689977,23,38,29
stratified_proportional_nested,90,46,0.00012477481757196151,1.0,0.9999999999999998,0.00023486459024729453,0.9964994070257228,23,38,29
stratified_proportional_nested,90,47,0.00017785248152432957,1.0,0.9999999999999998,0.00028661885391994044,0.9988334782547623,23,38,29
stratified_proportional_nested,90,48,3.990484121262249e-05,1.0,0.9999999999999998,0.00021319271237231713,0.9970857367963788,23,38,29
stratified_proportional_nested,90,49,2.996700739772031e-05,1.0,0.9999999999999998,0.00025989747636841843,0.9959161461531041,23,38,29
stratified_proportional_nested,90,50,3.983479480687893e-05,1.0,0.9999999999999998,0.00024004712911593058,0.9988334782547623,23,38,29
stratified_proportional_nested,90,51,9.361292281668549e-05,0.9930069930069931,0.9696969696969696,0.00028618898490058263,0.9970857367963788,23,38,29
stratified_proportional_nested,90,52,0.00017338702315816205,0.9930069930069931,0.9696969696969696,0.00026662578383270923,0.9953379953379954,23,38,29
stratified_proportional_nested,90,53,3.7567042420922774e-05,0.9930069930069931,0.9696969696969696,9.946479991481396e-05,0.9889027025141731,23,38,29
stratified_proportional_nested,90,54,6.972709845804805e-05,1.0,0.9999999999999998,0.0003312451972026208,0.9953379953379954,23,38,29
stratified_proportional_nested,90,55,5.6864827203340964e-05,0.9930069930069931,0.9696969696969696,0.0002060240095985685,0.9906759906759907,23,38,29
stratified_proportional_nested,90,56,3.0649959853722035e-05,0.9930069930069931,0.9696969696969696,0.00012581846805161166,0.9959079671975566,23,38,29
stratified_proportional_nested,90,57,3.7251833595077005e-05,1.0,0.9999999999999998,0.0002072362183125641,1.0,23,38,29
stratified_proportional_nested,90,58,6.809851952450416e-05,1.0,0.9999999999999998,0.00018182755766748006,0.9947368421052633,23,38,29
stratified_proportional_nested,90,59,3.016839081423349e-05,0.9930069930069931,0.9696969696969696,0.00017138297018236273,0.9912541414910994,23,38,29
stratified_proportional_nested,90,60,2.9931984194848214e-05,1.0,0.9999999999999998,0.0001966171374858343,0.9994167391273812,23,38,29
stratified_proportional_nested,90,61,2.7436580990225293e-05,0.9930069930069931,0.9696969696969696,0.00024897103746414015,0.9964994070257228,23,38,29
stratified_proportional_nested,90,62,9.694012708951634e-05,1.0,0.9999999999999998,0.00021390417247949727,0.9982502173821435,23,38,29
stratified_proportional_nested,90,63,3.964216719108313e-05,1.0,0.9999999999999998,0.0002090249329596027,0.9976689976689977,23,38,29
stratified_proportional_nested,90,64,0.00010171203848081217,0.9860139860139862,0.9393939393939392,0.00019796204172597783,0.9941602257391731,23,38,29
stratified_proportional_nested,90,65,5.668095538826415e-05,1.0,0.9999999999999998,0.00026252241448597734,0.9976689976689977,23,38,29
stratified_proportional_nested,90,66,3.092138967597951e-05,0.9930069930069931,0.9696969696969696,0.00016614128087599758,0.9959079671975566,23,38,29
stratified_proportional_nested,90,67,5.2005357804864426e-05,0.9930069930069931,0.9696969696969696,0.00024790469681145176,0.9976689976689977,23,38,29
stratified_proportional_nested,90,68,9.644980224930918e-05,0.9930069930069931,0.9696969696969696,0.00023064592982618512,0.9964912280701754,23,38,29
stratified_proportional_nested,90,69,3.549191765076363e-05,1.0,0.9999999999999998,0.00020922002942332115,0.9976689976689977,23,38,29
stratified_proportional_nested,90,70,4.65417381568478e-05,0.9930069930069931,0.9696969696969696,0.00019792523228423379,0.9970857367963788,23,38,29
stratified_proportional_nested,90,71,2.425822532959973e-05,0.9930069930069931,0.9696969696969696,0.00011708560631678352,0.9941602257391732,23,38,29
stratified_proportional_nested,90,72,0.000120519498423025,0.9930069930069931,0.9696969696969696,0.0002883985106258,0.9947547344653765,23,38,29
stratified_proportional_nested,90,73,8.308845035367849e-05,1.0,0.9999999999999998,0.0002136543928893993,0.9970857367963788,23,38,29
stratified_proportional_nested,90,74,8.485712209870966e-05,1.0,0.9999999999999998,0.00026006011839487247,0.9953379953379954,23,38,29
stratified_proportional_nested,90,75,8.338614757808974e-05,0.9930069930069931,0.9696969696969696,0.0002555454514227369,0.9906759906759909,23,38,29
stratified_proportional_nested,90,76,6.281877169156532e-05,1.0,0.9999999999999998,0.00017142203827209604,0.9988304093567252,23,38,29
stratified_proportional_nested,90,77,6.623353397157589e-05,1.0,0.9999999999999998,0.00036310115288129113,0.9976689976689977,23,38,29
stratified_proportional_nested,90,78,0.00024772377125377546,0.9860139860139862,0.9393939393939392,0.00029031016958772294,0.9964994070257228,23,38,29
stratified_proportional_nested,90,79,0.00013346057188419255,0.9930069930069931,0.9696969696969696,0.00024529844764108514,0.989509468930753,23,38,29
stratified_proportional_nested,90,80,0.00010395352346461504,1.0,0.9999999999999998,0.0002656772313527057,0.9976689976689977,23,38,29
stratified_proportional_nested,90,81,0.00010894432987386072,1.0,0.9999999999999998,0.0002298194955598575,0.9970857367963788,23,38,29
stratified_proportional_nested,90,82,4.6033901715204896e-05,0.9930069930069931,0.9696969696969696,0.00010756314829530895,0.9894982210771684,23,38,29
stratified_proportional_nested,90,83,8.82806401794384e-05,1.0,0.9999999999999998,0.0002119295413023931,0.9970857367963788,23,38,29
stratified_proportional_nested,90,84,3.7348147402973964e-05,1.0,0.9999999999999998,0.00026332972821926156,0.9970857367963788,23,38,29
stratified_proportional_nested,90,85,2.5422746825090947e-05,0.9930069930069931,0.9696969696969696,0.00022260876441870448,0.9976689976689977,23,38,29
stratified_proportional_nested,90,86,6.125148336304688e-05,1.0,0.9999999999999998,0.00014996888765626734,0.9941535812326444,23,38,29
stratified_proportional_nested,90,87,3.674399715343332e-05,0.9930069930069931,0.9696969696969696,0.00021135227487657036,0.9924237321343742,23,38,29
stratified_proportional_nested,90,88,2.9108938927358788e-05,0.9930069930069931,0.9696969696969696,0.00022585318279725466,0.9947547344653765,23,38,29
stratified_proportional_nested,90,89,3.586841708163594e-05,1.0,0.9999999999999998,0.00011622238757220088,0.9941602257391731,23,38,29
stratified_proportional_nested,90,90,0.00011385633407664531,1.0,0.9999999999999998,0.00029301531579662186,0.9970857367963788,23,38,29
stratified_proportional_nested,90,91,3.6428788327586794e-05,1.0,0.9999999999999998,0.0001908592147151216,0.9994167391273812,23,38,29
stratified_proportional_nested,90,92,6.045470549771088e-05,0.9930069930069931,0.9696969696969696,0.00011872042745812824,0.9959079671975566,23,38,29
stratified_proportional_nested,90,93,4.9623780009575934e-05,0.9930069930069931,0.9696969696969696,0.0001988322177889722,0.9976689976689977,23,38,29
stratified_proportional_nested,90,94,0.00018528615633389063,0.9930069930069931,0.9696969696969696,0.0002946657824727306,0.9970857367963788,23,38,29
stratified_proportional_nested,90,95,7.378978999118816e-05,0.9930069930069931,0.9696969696969696,0.00023913276698689042,0.9976689976689977,23,38,29
stratified_proportional_nested,90,96,0.00015287218207594497,1.0,0.9999999999999998,0.00029301531579662175,0.9970857367963788,23,38,29
stratified_proportional_nested,90,97,3.3005270246857925e-05,1.0,0.9999999999999998,0.0002600513698741125,0.9959161461531041,23,38,29
stratified_proportional_nested,90,98,1.6448051089165934e-05,0.9930069930069931,0.9696969696969696,0.00016678842863800876,0.9959161461531041,23,38,29
stratified_proportional_nested,90,99,9.180922786878257e-05,1.0,0.9999999999999998,0.00017036372306379467,0.9964994070257229,23,38,29
stratified_proportional_nested,90,100,3.1867016153520455e-05,0.9860139860139862,0.9393939393939392,0.00021985728142106015,0.9941602257391731,23,38,29
stratified_proportional_nested,90,101,9.459357249709878e-05,0.9860139860139862,0.9393939393939392,0.00028280332777531317,0.9976689976689977,23,38,29
stratified_proportional_nested,90,102,3.6577636939792066e-05,1.0,0.9999999999999998,0.00019491165416422464,0.9976689976689977,23,38,29
stratified_proportional_nested,90,103,6.623353397157583e-05,1.0,0.9999999999999998,0.00036310115288129113,0.9976689976689977,23,38,29
stratified_proportional_nested,90,104,2.874119529720298e-05,0.9860139860139862,0.9393939393939392,0.00016670293422535606,0.9941602257391731,23,38,29
stratified_proportional_nested,90,105,5.164636997542835e-05,1.0,0.9999999999999998,0.00014596765650822178,0.9941535812326444,23,38,29
stratified_proportional_nested,90,106,0.00014412513715868786,1.0,0.9999999999999998,0.00030793033108997075,0.9976689976689977,23,38,29
stratified_proportional_nested,90,107,9.70627082995673e-05,0.9930069930069931,0.9696969696969696,0.00023128148386395092,0.9924237321343742,23,38,29
stratified_proportional_nested,90,108,5.260075225368787e-05,1.0,0.9999999999999998,0.000170174085763278,0.9964994070257228,23,38,29
stratified_proportional_nested,90,109,0.00024246153502227268,1.0,0.9999999999999998,0.00033463417666261926,0.9970857367963788,23,38,29
stratified_proportional_nested,90,110,0.00021175494190433153,0.9930069930069931,0.9696969696969696,0.0003203533431646636,0.9976689976689977,23,38,29
stratified_proportional_nested,90,111,0.00020267517655979048,1.0,0.9999999999999998,0.00028679009560866425,0.9877438351122563,23,38,29
stratified_proportional_nested,90,112,4.0290096444213823e-05,1.0,0.9999999999999998,0.00020906985668807818,0.9976689976689977,23,38,29
stratified_proportional_nested,90,113,4.1603466551909195e-05,0.9930069930069931,0.9696969696969696,0.00010068286426755169,0.9941602257391732,23,38,29
stratified_proportional_nested,90,114,9.360416701596742e-05,0.9930069930069931,0.9696969696969696,0.00021051851535422786,0.9988334782547623,23,38,29
stratified_proportional_nested,90,115,0.00021685957372291056,1.0,0.9999999999999998,0.00029778921873575614,0.993006993006993,23,38,29
stratified_proportional_nested,90,116,6.997226087815114e-05,0.9930069930069931,0.9696969696969696,0.0002007916304049704,1.0,23,38,29
stratified_proportional_nested,90,117,0.0003475048762358263,1.0,0.9999999999999998,0.0003988044462023128,0.9976689976689977,23,38,29
stratified_proportional_nested,90,118,3.389836192009066e-05,0.9930069930069931,0.9696969696969696,9.471304056985498e-05,0.9964912280701754,23,38,29
stratified_proportional_nested,90,119,4.053525886431708e-05,1.0,0.9999999999999998,0.0001908334762633321,1.0,23,38,29
stratified_proportional_nested,90,120,0.00022705132575863516,1.0,0.9999999999999998,0.00033469846865649125,0.9976689976689977,23,38,29
stratified_proportional_nested,90,121,0.00010895308567457895,0.9930069930069931,0.9696969696969696,0.00021214772680195931,0.9994167391273812,23,38,29
stratified_proportional_nested,90,122,4.451914819099626e-05,0.9930069930069931,0.9696969696969696,0.0001893804219477624,0.9970857367963788,23,38,29
stratified_proportional_nested,90,123,4.536846086063986e-05,1.0,0.9999999999999998,0.00019576700243406595,0.9970857367963788,23,38,29
stratified_proportional_nested,90,124,6.692524222829615e-05,1.0,0.9999999999999998,0.00020047755882100023,0.9994167391273812,23,38,29
stratified_proportional_nested,90,125,0.00010158070147004328,0.9930069930069931,0.9696969696969696,0.00029423380908319934,0.9953379953379954,23,38,29
stratified_proportional_nested,90,126,0.0001469707723920289,0.9930069930069931,0.9696969696969696,0.0003019284843679023,0.9906759906759909,23,38,29
stratified_proportional_nested,90,127,3.35743972935255e-05,0.9930069930069931,0.9696969696969696,9.714331363658838e-05,0.9964912280701754,23,38,29
stratified_proportional_nested,90,128,3.5378092241429805e-05,1.0,0.9999999999999998,0.00020237176841993558,0.9976689976689977,23,38,29
stratified_proportional_nested,90,129,6.458744343659614e-05,0.9860139860139862,0.9393939393939392,0.00030227085624561157,0.9953379953379954,23,38,29
stratified_proportional_nested,90,130,2.8487277076381912e-05,0.9930069930069931,0.9696969696969696,0.0001657543817453524,0.9941602257391731,23,38,29
stratified_proportional_nested,90,131,1.832179244281311e-05,1.0,0.9999999999999998,0.0002188551779924655,1.0,23,38,29
stratified_proportional_nested,90,132,8.903363904118448e-05,0.9930069930069931,0.9696969696969696,0.0002136606774619811,0.9988334782547623,23,38,29
stratified_proportional_nested,90,133,0.00026221462144202537,0.9930069930069931,0.9696969696969696,0.00031702590694751353,0.9900804721129953,23,38,29
stratified_proportional_nested,90,134,3.9659678792519535e-05,1.0,0.9999999999999998,0.0001512580431231102,0.9947368421052633,23,38,29
stratified_proportional_nested,90,135,6.12952623666373e-05,1.0,0.9999999999999998,0.00020131797137239974,0.9988304093567252,23,38,29
stratified_proportional_nested,90,136,8.554007455471146e-05,1.0,0.9999999999999998,0.00023159198520788135,1.0,23,38,29
stratified_proportional_nested,90,137,0.0002609625419393551,1.0,0.9999999999999998,0.0003535504231040137,0.9976689976689977,23,38,29
stratified_proportional_nested,90,138,9.444472388489275e-05,0.9930069930069931,0.9696969696969696,0.00020263835247329924,0.9976689976689977,23,38,29
stratified_proportional_nested,90,139,1.9328709525380024e-05,1.0,0.9999999999999998,0.00031057503446733806,0.9947547344653765,23,38,29
stratified_proportional_nested,90,140,9.196683228170641e-05,1.0,0.9999999999999998,0.00023876758251658084,0.993006993006993,23,38,29
stratified_proportional_nested,90,141,1.5922703046086806e-05,0.9930069930069931,0.9696969696969696,0.00015161075386297375,0.9924058397742609,23,38,29
stratified_proportional_nested,90,142,0.00013232231779085544,1.0,0.9999999999999998,0.0002282832748354591,1.0,23,38,29
stratified_proportional_nested,90,143,0.00014554357687499887,0.9930069930069931,0.9696969696969696,0.0002953880103759048,0.9976689976689977,23,38,29
stratified_proportional_nested,90,144,0.0001033843964179462,0.9930069930069931,0.9696969696969696,0.00020488079206773923,0.9895064000327158,23,38,29
stratified_proportional_nested,90,145,5.2933472680970336e-05,0.9930069930069931,0.9696969696969696,0.00031912219511911127,0.9976689976689977,23,38,29
stratified_proportional_nested,90,146,8.040917533397844e-05,1.0,0.9999999999999998,0.0002063633907004883,0.9988334782547623,23,38,29
stratified_proportional_nested,90,147,0.00018338614757809038,0.9930069930069931,0.9696969696969696,0.0002252255262732046,0.9941535812326444,23,38,29
stratified_proportional_nested,90,148,3.31015840547548e-05,0.9930069930069931,0.9696969696969696,0.00014120836758714996,0.9935769648665543,23,38,29
stratified_proportional_nested,90,149,7.817644615089366e-05,0.9930069930069931,0.9696969696969696,0.00017836495378936363,0.9877438351122563,23,38,29
stratified_proportional_nested,90,150,5.3966657165691945e-05,1.0,0.9999999999999998,0.0003055879885379607,0.9964994070257228,23,38,29
stratified_proportional_nested,90,151,0.0001515062771639416,1.0,0.9999999999999998,0.0002833503769651691,0.9964994070257228,23,38,29
stratified_proportional_nested,90,152,0.00028371011220465595,1.0,0.9999999999999998,0.000334315900258666,0.9976689976689977,23,38,29
stratified_proportional_nested,90,153,2.3032413229083173e-05,0.9860139860139862,0.9393939393939392,0.00015162137066733822,0.9941602257391731,23,38,29
stratified_proportional_nested,90,154,4.6620540363310146e-05,0.9930069930069931,0.9696969696969696,0.00027600075099318245,0.9970857367963788,23,38,29
stratified_proportional_nested,90,155,3.215595757721388e-05,1.0,0.9999999999999998,0.00024605797474312296,1.0,23,38,29
stratified_proportional_nested,90,156,4.520210064699694e-05,0.9930069930069931,0.9696969696969696,0.00020722313461974954,0.9994167391273812,23,38,29
stratified_proportional_nested,90,157,5.166388157686345e-05,0.9930069930069931,0.9696969696969696,0.0001234591031102726,0.9964912280701754,23,38,29
stratified_proportional_nested,90,158,5.233807823214786e-05,0.9930069930069931,0.9696969696969696,0.00021371868488327152,0.9976689976689977,23,38,29
stratified_proportional_nested,90,159,9.166913505729473e-05,0.9930069930069931,0.9696969696969696,0.0002497619082723453,0.9900927298033718,23,38,29
stratified_proportional_nested,90,160,3.10614824874671e-05,0.9930069930069931,0.9696969696969696,0.0002138604329312736,0.9924058397742609,23,38,29
stratified_proportional_nested,90,161,2.9380368749616233e-05,1.0,0.9999999999999998,0.00023765638801012318,0.9941684046947206,23,38,29
stratified_proportional_nested,90,162,4.10518511066779e-05,1.0,0.9999999999999998,0.0002236637553320952,0.9994167391273812,23,38,29
stratified_proportional_nested,90,163,1.988032497061206e-05,1.0,0.9999999999999998,0.00016397319667442673,0.9941535812326444,23,38,29
stratified_proportional_nested,90,164,2.1053602266820562e-05,0.9930069930069931,0.9696969696969696,0.00014121053295355996,0.9964912280701754,23,38,29
stratified_proportional_nested,90,165,0.00017493679988524308,1.0,0.9999999999999998,0.0002799375720752452,0.9976689976689977,23,38,29
stratified_proportional_nested,90,166,4.39325095428915e-05,1.0,0.9999999999999998,0.0002947757586878578,0.9970857367963788,23,38,29
stratified_proportional_nested,90,167,7.359716237539179e-05,0.9930069930069931,0.9696969696969696,0.00012145848753624982,0.9959079671975566,23,38,29
stratified_proportional_nested,90,168,4.9667559013165324e-05,1.0,0.9999999999999998,0.00017336341485430675,0.9947368421052633,23,38,29
stratified_proportional_nested,90,169,0.00014528965865417785,0.9930069930069931,0.9696969696969696,0.00024011800149683837,0.9924058397742609,23,38,29
stratified_proportional_nested,90,170,5.4570807415231836e-05,1.0,0.9999999999999998,0.00022183240235528346,0.9994167391273812,23,38,29
stratified_proportional_nested,90,171,7.710823846330071e-05,0.9930069930069931,0.9696969696969696,0.00018332367682526163,0.9964912280701754,23,38,29
stratified_proportional_nested,90,172,4.9168478372240645e-05,1.0,0.9999999999999998,0.00023844024621126714,1.0,23,38,29
stratified_proportional_nested,90,173,4.961502420885752e-05,0.9930069930069931,0.9696969696969696,0.00020171499143913486,0.9924114744439977,23,38,29
stratified_proportional_nested,90,174,7.40261966105739e-05,1.0,0.9999999999999998,0.00023460339796148048,0.9970857367963788,23,38,29
stratified_proportional_nested,90,175,2.4109376717394254e-05,1.0,0.9999999999999998,0.00021801541674020515,0.9988304093567252,23,38,29
stratified_proportional_nested,90,176,0.00019714151050603034,0.9860139860139862,0.9393939393939392,0.0003085804899790681,0.9976689976689977,23,38,29
stratified_proportional_nested,90,177,6.120770435945714e-05,0.9930069930069931,0.9696969696969696,0.00027873780463339543,0.9970857367963788,23,38,29
stratified_proportional_nested,90,178,2.2892320417595814e-05,1.0,0.9999999999999998,0.000287775769545188,0.9988334782547623,23,38,29
stratified_proportional_nested,90,179,5.6891094605495145e-05,0.9930069930069931,0.9696969696969696,0.00019444997364714248,1.0,23,38,29
stratified_proportional_nested,90,180,0.0001297481123797712,1.0,0.9999999999999998,0.00022411915127659555,0.9947547344653765,23,38,29
stratified_proportional_nested,90,181,0.00010337564061722923,0.9930069930069931,0.9696969696969696,0.00021588584872196304,0.9994167391273812,23,38,29
stratified_proportional_nested,90,182,4.834543310475165e-05,1.0,0.9999999999999998,0.0001955719059703474,0.9994167391273812,23,38,29
stratified_proportional_nested,90,183,0.00015563901510282473,0.9930069930069931,0.9696969696969696,0.00029555455864057375,0.9900927298033718,23,38,29
stratified_proportional_nested,90,184,4.147212954114023e-05,1.0,0.9999999999999998,0.00023801940711402284,0.9964994070257228,23,38,29
stratified_proportional_nested,90,185,7.854418978104967e-05,1.0,0.9999999999999998,0.0003026336599025005,0.9970857367963788,23,38,29
stratified_proportional_nested,90,186,0.00010620376424913407,0.9860139860139862,0.9393939393939392,0.0002790329368858088,0.9900804721129953,23,38,29
stratified_proportional_nested,90,187,4.4808089614689254e-05,0.9930069930069931,0.9696969696969696,0.0003454930012382962,0.9970857367963788,23,38,29
stratified_proportional_nested,90,188,5.750400065575391e-05,0.9930069930069931,0.9696969696969696,0.00020171499143913486,0.9994167391273812,23,38,29
stratified_proportional_nested,90,189,4.126199032390944e-05,1.0,0.9999999999999998,0.000265860578834272,0.9924058397742609,23,38,29
stratified_proportional_nested,90,190,4.894082755357385e-05,0.9930069930069931,0.9696969696969696,0.00021046798193213919,0.993006993006993,23,38,29
stratified_proportional_nested,90,191,0.0001379785650546684,1.0,0.9999999999999998,0.0002488553464550786,0.9924058397742609,23,38,29
stratified_proportional_nested,90,192,0.00027952483946146314,0.9860139860139862,0.9393939393939392,0.0003352040664641403,0.9883449883449883,23,38,29
stratified_proportional_nested,90,193,2.798819643545798e-05,1.0,0.9999999999999998,0.00025923541877389075,0.9970857367963788,23,38,29
stratified_proportional_nested,90,194,8.066309355479916e-05,0.9860139860139862,0.9393939393939392,0.00026542601639085935,0.9965024759237601,23,38,29
stratified_proportional_nested,90,195,0.00011532730859726469,0.9860139860139862,0.9393939393939392,0.0002794176706500438,0.9953379953379954,23,38,29
stratified_proportional_nested,90,196,0.00018723869989399988,1.0,0.9999999999999998,0.00030207249648321854,0.9994167391273812,23,38,29
stratified_proportional_nested,90,197,9.583689619905107e-05,0.9860139860139862,0.9393939393939392,0.00023367735949230895,0.9964994070257228,23,38,29
stratified_proportional_nested,90,198,7.033124870758793e-05,0.9860139860139862,0.9393939393939392,0.0002410642477656239,0.9964994070257228,23,38,29
stratified_proportional_nested,90,199,3.923064455733823e-05,0.9930069930069931,0.9696969696969696,0.00022048999913381012,1.0,23,38,29
