sampler,budget,repeat,global_mse,global_spearman,global_kendall,mean_per_env_mse,mean_per_env_spearman,coverage__resistor,coverage__retro,coverage__spectra,coverage__wetlab
random,5,0,0.02086366666666666,0.7873571651059467,0.6668470174522374,0.07109621913580248,0.6326810406303214,0,1,3,1
random,5,1,0.04129033333333334,0.9666215196613185,0.8839599998785472,0.03960833333333333,0.9647185175903997,0,0,5,0
random,5,2,0.032236999999999995,0.9455315955959807,0.8219277191853159,0.014046759259259254,0.9575596886805987,2,0,3,0
random,5,3,0.005237000000000001,0.9422080999150758,0.8397191227596315,0.08359868827160494,0.88052023833147,1,1,3,0
random,5,4,0.032543666666666665,0.9771103027358352,0.9066928292470475,0.08475054012345679,0.6218493545605842,0,1,2,2
random,5,5,0.00802366666666667,0.8666720016907923,0.7385489458759964,0.04521350308641975,0.8351003141206998,0,2,1,2
random,5,6,0.072037,0.9204246261062242,0.8263342440128466,0.1117193672839506,0.7022051940898993,1,2,0,2
random,5,7,0.006756999999999999,0.9160839160839163,0.7878787878787877,0.020330092592592598,0.8663419668143091,0,0,3,2
random,5,8,0.010370333333333336,0.8881118881118882,0.6666666666666666,0.08203049768518518,0.6585789140402856,1,1,1,2
random,5,9,0.010077,0.9366429442213183,0.8219277191853159,0.0635931327160494,0.7491664291311094,0,1,2,2
random,5,10,0.008383666666666666,0.8995058743597039,0.781631749350903,0.06283387345679013,0.716284383217911,0,1,2,2
random,5,11,0.004743666666666668,0.9805806756909201,0.9454836825347087,0.11651905864197531,0.7586760202550605,0,1,2,2
random,5,12,0.013797000000000005,0.8889234523084132,0.7503664793768668,0.047435532407407395,0.9361422097708912,0,1,0,4
random,5,13,0.01805033333333333,0.8943883753090783,0.7598954384920844,0.07805609567901232,0.7373592018611533,0,1,2,2
random,5,14,0.03425033333333334,0.912286317569255,0.7693218186208295,0.05167993827160494,0.8497577516298792,1,0,2,2
random,5,15,0.019156999999999997,0.8092327491875514,0.6776907694051248,0.09391720679012344,0.5257275299934873,0,1,3,1
random,5,16,0.014183666666666664,0.8541419246461831,0.7288792981454687,0.09746041666666667,0.714997274638831,0,1,3,1
random,5,17,0.09945033333333335,0.9470496802718942,0.8668137748205085,0.13831979166666664,0.6551400543226878,0,3,0,2
random,5,18,0.028197000000000003,0.8928067854326359,0.7909115788387002,0.05230609567901235,0.7609559896971572,0,2,1,2
random,5,19,0.09194366666666665,0.8254289200006695,0.6878359394287946,0.1517042438271605,0.670683210700394,0,1,2,2
random,5,20,0.15823700000000002,0.904644470707481,0.7722522721128167,0.13472210648148145,0.8532417228163884,0,3,2,0
random,5,21,0.04267699999999999,0.7684257828756417,0.6462303276414968,0.08662771990740743,0.7334441686436566,1,2,1,1
random,5,22,0.01783700000000001,0.9366429442213183,0.8219277191853159,0.01722361111111111,0.955389027477131,0,0,1,4
random,5,23,0.021383666666666676,0.9473742528603802,0.8616404368553291,0.09046905864197534,0.7901517232101112,1,1,3,0
random,5,24,0.0054103333333333364,0.9228126981565926,0.8000946913656627,0.09374128086419753,0.914819819419939,0,1,2,2
random,5,25,0.015397000000000001,0.9894548898363074,0.9613752775282004,0.11290486111111113,0.6740965772296581,0,1,3,1
random,5,26,0.005063666666666667,0.9595915449728726,0.8839599998785472,0.06337077546296295,0.7408635882394107,1,2,1,1
random,5,27,0.011903666666666667,0.8928067854326359,0.7909115788387002,0.08125979938271606,0.7314886768168268,0,1,2,2
random,5,28,0.023810333333333333,0.9453630365819632,0.8441622892989752,0.036677314814814815,0.9236648780075081,0,0,2,3
random,5,29,0.041663666666666675,0.9702291586486097,0.9007896044148774,0.0483929012345679,0.8488370831366977,2,0,1,2
random,5,30,0.012943666666666666,0.9453630365819632,0.8754275592730113,0.07654438657407406,0.737547545014708,1,1,2,1
random,5,31,0.029237000000000003,0.8631632081616797,0.7077760731311632,0.08655918209876544,0.5593035799661239,0,1,1,3
random,5,32,0.02465033333333333,0.8912335563945798,0.7693218186208295,0.10393969907407409,0.7547879746689767,0,1,4,0
random,5,33,0.009143666666666666,0.8456192405161171,0.7385489458759964,0.08698883101851854,0.7022343272793482,1,1,2,1
random,5,34,0.005583666666666663,0.9385016209075346,0.8529438595319315,0.03757461419753085,0.8150924785510272,0,2,2,1
random,5,35,0.032797,0.9433573165103848,0.858116330321033,0.11021350308641975,0.5873355935770097,0,2,2,1
random,5,36,0.017703666666666663,0.9645071826879194,0.9051114573693302,0.09664868827160493,0.7855734042280241,0,1,2,2
random,5,37,0.019317000000000004,0.8391608391608393,0.6969696969696969,0.07949577546296296,0.719543039171328,1,1,2,1
random,5,38,0.008036999999999997,0.8995058743597039,0.7503664793768668,0.03632461419753086,0.5314809379989051,0,2,2,1
random,5,39,0.03154366666666668,0.8771983822781297,0.7385489458759964,0.07525979938271606,0.7111981585767783,0,2,2,1
random,5,40,0.021943666666666663,0.9649182205059428,0.8924133096001623,0.039676331018518515,0.8124966556053325,1,2,1,1
random,5,41,0.016330333333333346,0.8966738794730833,0.7481134002767627,0.03305956790123457,0.8954184433442336,2,0,1,2
random,5,42,0.017903666666666665,0.9577702286774382,0.8839599998785472,0.05265549768518518,0.9177095756847728,1,1,2,1
random,5,43,0.013303666666666667,0.8783410302571225,0.7503664793768668,0.051120910493827165,0.6602229386869839,0,2,1,2
random,5,44,0.05838366666666666,0.9841964563824335,0.9459922805717786,0.11460173611111113,0.7644887776802851,0,2,3,0
random,5,45,0.014983666666666668,0.9455315955959807,0.8529438595319315,0.045361651234567896,0.9232765534633337,0,1,2,2
random,5,46,0.01066366666666667,0.8732610908529584,0.7191012094028307,0.043611651234567894,0.5829254193694321,0,2,2,1
random,5,47,0.026490333333333334,0.6456180093567035,0.43082021842766455,0.14209313271604937,0.35424378443666976,0,1,2,2
random,5,48,0.018263666666666668,0.9036791441564668,0.7786486411043856,0.12692955246913581,0.7377739151828009,0,1,1,3
random,5,49,0.017623666666666666,0.9507278005253983,0.8754275592730113,0.042176466049382716,0.7201678541282638,0,2,2,1
random,5,50,0.006410333333333335,0.8721554530812411,0.7481134002767627,0.016203587962962965,0.8965088390820993,0,3,2,0
random,5,51,0.031677000000000004,0.9488905105990603,0.8754275592730113,0.09000054012345678,0.5274735642977852,0,2,2,1
random,5,52,0.067117,0.8390024476429815,0.699205898780101,0.11066412037037036,0.6794204002148468,0,1,3,1
random,5,53,0.008983666666666668,0.9147355669226661,0.7945521577046601,0.09936782407407407,0.6719400858707893,0,1,1,3
random,5,54,0.01465033333333333,0.9492133645984593,0.8702543635872545,0.03996105324074074,0.7956244614028669,1,2,1,1
random,5,55,0.030103666666666657,0.8471119499577373,0.697863157798853,0.08057910879629629,0.6995044287597368,1,2,1,1
random,5,56,0.01173033333333333,0.898251143452805,0.7693218186208295,0.1337011574074074,0.720417287603779,0,1,3,1
random,5,57,0.049476999999999986,0.7244223300587249,0.583129266697433,0.11217633101851852,0.6512008298970577,1,1,2,1
random,5,58,0.024583666666666667,0.9455315955959807,0.8219277191853159,0.05400833333333334,0.8488277892410228,0,0,4,1
random,5,59,0.01382366666666667,0.86930679607047,0.7407317712102527,0.10675671296296295,0.6937708359033218,0,1,3,1
random,5,60,0.008077,0.9543918399186052,0.8616404368553291,0.018452777777777773,0.8496320737673704,0,0,4,1
random,5,61,0.013383666666666664,0.8588691885909221,0.7705289916987292,0.015898032407407406,0.6533850615665421,0,2,3,0
random,5,62,0.01738366666666667,0.9277256664964789,0.8128970193249391,0.08621350308641977,0.6894243740681985,0,1,3,1
random,5,63,0.009237,0.8596544146325672,0.7077760731311632,0.08453757716049383,0.6165330848575391,0,1,2,2
random,5,64,0.005023666666666667,0.9138967094979737,0.7909115788387002,0.03891805555555555,0.8100551537154048,0,0,1,4
random,5,65,0.02162366666666667,0.9347806145306725,0.8128970193249391,0.04548202160493827,0.8236743305628837,0,2,1,2
random,5,66,0.009330333333333336,0.912286317569255,0.7693218186208295,0.030958796296296297,0.939696084341967,1,0,4,0
random,5,67,0.022357000000000002,0.9059772230784653,0.7852322109186565,0.08500979938271604,0.8630127328114948,0,1,2,2
random,5,68,0.012943666666666664,0.8889234523084132,0.781631749350903,0.03532399691358024,0.8121584487372644,2,2,1,0
random,5,69,0.009197000000000006,0.9682522850541008,0.8983342757230725,0.03652916666666667,0.8052099546137039,0,0,4,1
random,5,70,0.007877000000000004,0.9453630365819632,0.8441622892989752,0.049779166666666666,0.6644853920047649,0,0,4,1
random,5,71,0.010303666666666673,0.9014308034611184,0.7598954384920844,0.09435555555555555,0.9067664281552255,0,0,1,4
random,5,72,0.026663666666666672,0.9171432444451882,0.8128970193249391,0.0410287037037037,0.9231480906524906,1,0,3,1
random,5,73,0.010117,0.9435159128081931,0.8668137748205085,0.08150979938271606,0.8015975189374283,0,1,2,2
random,5,74,0.018570333333333335,0.9611847501266985,0.8983342757230725,0.09115794753086419,0.8965346335906633,0,1,2,2
random,5,75,0.013356999999999999,0.9377917007516801,0.8493327995650773,0.06741720679012345,0.7918236712687438,0,1,2,2
random,5,76,0.033503666666666675,0.9293808429533887,0.8668137748205085,0.09509621913580246,0.7509840127709245,0,1,3,1
random,5,77,0.029383666666666666,0.9520546923980934,0.8813830938882877,0.0802505401234568,0.7860718073272509,0,1,3,1
random,5,78,0.021450333333333335,0.9084732316131584,0.781631749350903,0.09503449074074073,0.4844606010906857,0,1,3,1
random,5,79,0.013197000000000006,0.803513718166767,0.6154574548966636,0.029904166666666662,0.7738950745505404,0,0,3,2
random,5,80,0.02957033333333332,0.9438654593312678,0.8308675641104959,0.08518327546296296,0.8100682568021522,1,1,1,2
random,5,81,0.04674366666666666,0.9033517474653049,0.7909115788387002,0.09718572530864199,0.4303696756170902,0,2,2,1
random,5,82,0.009783666666666661,0.8752318487115212,0.7598954384920844,0.010699421296296297,0.8697129099976078,0,3,0,2
random,5,83,0.008103666666666674,0.9771103027358352,0.9066928292470475,0.04006388888888888,0.8652130464764539,0,0,4,1
random,5,84,0.034677000000000006,0.7915949092223313,0.6259724369662708,0.06947494212962965,0.6902039723026985,1,1,2,1
random,5,85,0.008543666666666663,0.8877247628654673,0.7385489458759964,0.05039027777777778,0.8062648016029008,0,0,4,1
random,5,86,0.016983666666666668,0.7838421777617237,0.6668470174522374,0.10108605324074076,0.6330967406540241,1,1,1,2
random,5,87,0.05090366666666667,0.9719358075641679,0.8924133096001623,0.13306574074074073,0.8839361799126554,1,0,3,1
random,5,88,0.023836999999999994,0.9279566588748658,0.8219277191853159,0.10672276234567901,0.7331872093518186,0,2,2,1
random,5,89,0.00941033333333333,0.9371600188390511,0.8796756226598123,0.11548510802469136,0.6974796872014339,0,1,1,3
random,5,90,0.013903666666666663,0.8406317620060156,0.6870429186215167,0.09103757716049382,0.7098287022727178,0,1,2,2
random,5,91,0.043903666666666674,0.9718550849815182,0.9149761402251629,0.10297893518518515,0.7539882183306997,0,1,3,1
random,5,92,0.022743666666666666,0.8877247628654673,0.8000946913656627,0.04498202160493827,0.8431170013173631,0,2,2,1
random,5,93,0.030476999999999994,0.9277256664964789,0.8128970193249391,0.05896350308641976,0.6664029581744368,0,1,2,2
random,5,94,0.042890333333333336,0.8511494585056104,0.699205898780101,0.05202916666666666,0.7253509764963919,0,0,1,4
random,5,95,0.012717,0.9277256664964789,0.8128970193249391,0.04018510802469135,0.834578981760321,1,2,2,0
random,5,96,0.01777033333333334,0.9737317909903013,0.9007896044148774,0.02603179012345679,0.8609715866945002,2,0,2,1
random,5,97,0.022663666666666662,0.898251143452805,0.7693218186208295,0.03661944444444445,0.8256713430968601,0,0,1,4
random,5,98,0.026490333333333334,0.7674160007252881,0.6249807393026041,0.031917206790123456,0.654267486790438,0,2,1,2
random,5,99,0.08311700000000001,0.9632238939652261,0.8702543635872545,0.12880827546296297,0.7437323545667608,1,1,1,2
random,5,100,0.016970333333333334,0.9472065864493784,0.8441622892989752,0.06691658950617282,0.7347552282069896,2,1,2,0
random,5,101,0.03686366666666666,0.7915639118690458,0.6146497675999969,0.030782754629629625,0.5908787297115995,0,3,0,2
random,5,102,0.050543666666666674,0.8752318487115212,0.7288792981454687,0.12464189814814813,0.714010942870677,1,1,3,0
random,5,103,0.008557,0.9014308034611184,0.781631749350903,0.11863942901234566,0.6892306416420985,0,1,3,1
random,5,104,0.022677,0.9087775240401426,0.8000946913656627,0.06319021990740742,0.8147463510558077,1,2,1,1
random,5,105,0.074597,0.6214102908862907,0.4934637712198267,0.08505127314814817,0.3788566118857841,0,3,0,2
random,5,106,0.019317000000000004,0.8680564644191273,0.7434844114105212,0.04528796296296297,0.8304543093179105,1,0,3,1
random,5,107,0.01042366666666667,0.946534522249429,0.8641049122119826,0.059571527777777765,0.8065077006465756,0,1,3,1
random,5,108,0.02385033333333333,0.9719358075641679,0.8924133096001623,0.08287091049382715,0.6969129377223013,0,1,2,2
random,5,109,0.020943666666666666,0.9770661415589149,0.9216805029374059,0.017163425925925926,0.9133001656882869,0,0,3,2
random,5,110,0.011943666666666663,0.8196159679558652,0.6565076777938937,0.08940416666666669,0.8339340024404661,0,0,1,4
random,5,111,0.007703666666666665,0.9666215196613185,0.8839599998785472,0.06368327546296296,0.5556810507283195,1,2,1,1
random,5,112,0.03589033333333333,0.9771103027358352,0.9379580992210835,0.07033078703703703,0.7474691582101326,0,3,1,1
random,5,113,0.014116999999999998,0.9543918399186052,0.8616404368553291,0.1015468364197531,0.7608697016984141,0,1,2,2
random,5,114,0.034117,0.8551717262156656,0.7407317712102527,0.06483387345679012,0.7720644922809616,0,1,2,2
random,5,115,0.012476999999999995,0.9352028352316922,0.8397191227596315,0.05076905864197531,0.8011601616921281,0,1,2,2
random,5,116,0.047237,0.8807397341660266,0.7211316222722355,0.0935190586419753,0.8084166132190107,0,1,2,2
random,5,117,0.015103666666666668,0.9277256664964789,0.781631749350903,0.004241666666666667,0.9559454586332539,0,0,5,0
random,5,118,0.028903666666666664,0.9492133645984593,0.8397191227596315,0.08160856481481482,0.8068753520992803,0,1,3,1
random,5,119,0.034570333333333335,0.8891687936282516,0.7662817146030789,0.09360856481481482,0.5661771491592195,0,1,3,1
random,5,120,0.020290333333333334,0.8642311341887351,0.6878359394287946,0.041383333333333334,0.8657506277100073,0,0,4,1
random,5,121,0.005530333333333335,0.9293808429533887,0.8037727730153806,0.10729992283950618,0.7344875605923553,0,1,3,1
random,5,122,0.09873033333333332,0.7298290540554041,0.5539117094069973,0.11673645833333332,0.7261349441488695,0,3,0,2
random,5,123,0.02225033333333333,0.9841652507700289,0.9379580992210835,0.018033796296296298,0.9317971884779619,0,0,2,3
random,5,124,0.037463666666666666,0.9632238939652261,0.8702543635872545,0.1125005401234568,0.7935289064796645,0,1,2,2
random,5,125,0.018677,0.839085133146592,0.7468943965979536,0.1416346064814815,0.6960976799289136,0,2,0,3
random,5,126,0.015730333333333332,0.9310449102536038,0.8263342440128466,0.07448414351851852,0.703135740156952,0,1,0,4
random,5,127,0.05825033333333334,0.7851802600013364,0.6249807393026041,0.09877523148148148,0.3214251760895589,0,1,3,1
random,5,128,0.021143666666666668,0.9562186292818428,0.8702543635872545,0.09627523148148148,0.7621153589486133,0,1,3,1
random,5,129,0.007957,0.9543918399186052,0.8924133096001623,0.05733695987654319,0.8942201318835162,0,1,3,1
random,5,130,0.022370333333333336,0.9807370556736849,0.9313248452425005,0.08034930555555554,0.8902735776757392,0,1,3,1
random,5,131,0.035090333333333334,0.8581449237144743,0.6870429186215167,0.05625138888888889,0.8666644124083187,0,0,4,1
random,5,132,0.008970333333333335,0.9438654593312678,0.8616404368553291,0.06114868827160494,0.8330310277957506,0,2,1,2
random,5,133,0.012037,0.8198340515786545,0.6776907694051248,0.07366805555555556,0.8988715193680459,0,0,4,1
random,5,134,0.011756999999999998,0.8461538461538463,0.6969696969696969,0.05810277777777778,0.7983846176364091,1,0,1,3
random,5,135,0.019476999999999998,0.7838421777617237,0.6668470174522374,0.05402349537037037,0.7422551697445858,0,2,0,3
random,5,136,0.006890333333333335,0.9649182205059428,0.8924133096001623,0.049008333333333334,0.7171172949414526,0,0,4,1
random,5,137,0.014743666666666667,0.866476742519613,0.6890813279490251,0.06020702160493827,0.8700014420758003,1,1,0,3
random,5,138,0.02242366666666667,0.9929823694376383,0.9770084209183943,0.020172685185185182,0.9021063720698259,0,0,3,2
random,5,139,0.037730333333333324,0.8602430159377403,0.699205898780101,0.07608605324074075,0.6308508546140188,1,1,1,2
random,5,140,0.013703666666666668,0.8036015004850497,0.6356417261637282,0.028379513888888888,0.7702148523307006,0,2,3,0
random,5,141,0.026517000000000002,0.9347806145306725,0.8128970193249391,0.06542646604938272,0.6448070721974976,0,2,2,1
random,5,142,0.02193033333333334,0.9425101670767125,0.8623037475285117,0.056991280864197524,0.863106483748792,0,1,2,2
random,5,143,0.023703666666666668,0.8506269373019603,0.697863157798853,0.09853692129629628,0.7041896142084372,0,2,3,0
random,5,144,0.02874366666666667,0.8912335563945798,0.8000946913656627,0.11344716435185186,0.7293295803651259,1,1,1,2
random,5,145,0.009410333333333338,0.9068667348095281,0.7909115788387002,0.10073202160493827,0.7488057768745119,0,1,2,2
random,5,146,0.05818366666666666,0.8021652142601492,0.6461702685025609,0.09141720679012345,0.43986547934289316,0,1,2,2
random,5,147,0.013757000000000004,0.9296005160692783,0.8128970193249391,0.08044716435185184,0.5745465272165491,1,1,1,2
random,5,148,0.027077000000000004,0.9462734878747086,0.8710327732246503,0.09318263888888889,0.769052981088628,0,1,3,1
random,5,149,0.04523699999999999,0.8736895887490173,0.7385489458759964,0.11840794753086419,0.707171046380488,0,2,1,2
random,5,150,0.010837000000000001,0.9149856678935311,0.7945521577046601,0.11205081018518517,0.9362644043561713,0,1,4,0
random,5,151,0.006770333333333334,0.9754446010932804,0.9231861823449954,0.01639529320987654,0.8505596337490599,1,2,0,2
random,5,152,0.034997,0.9239647208220174,0.7945521577046601,0.09381226851851852,0.4732339562277231,0,1,3,1
random,5,153,0.00938366666666667,0.8441343943477072,0.7175781594491396,0.09323202160493828,0.6983226285554779,0,1,3,1
random,5,154,0.031077000000000004,0.9614094269768303,0.8616404368553291,0.08720424382716051,0.9109893593239932,0,2,1,2
random,5,155,0.014263666666666674,0.8853959782913163,0.7503664793768668,0.0973801697530864,0.7280609261890049,0,1,3,1
random,5,156,0.025050333333333324,0.9349866335633118,0.8219277191853159,0.015090740740740741,0.9448958531638045,1,0,4,0
random,5,157,0.011703666666666675,0.8571761861545412,0.7503664793768668,0.05040416666666666,0.9014823151226874,0,0,3,2
random,5,158,0.022757000000000003,0.8591762345488786,0.6668470174522374,0.04258425925925926,0.6970345555425411,1,0,3,1
random,5,159,0.032330333333333315,0.900176511814775,0.7786486411043856,0.0847036265432099,0.8067219659681141,1,1,3,0
random,5,160,0.012263666666666664,0.8576569119904063,0.7288792981454687,0.08393572530864196,0.7211446004039033,0,1,1,3
random,5,161,0.026263666666666675,0.9347806145306725,0.8128970193249391,0.06761249999999999,0.7970139821236351,0,0,4,1
random,5,162,0.00897033333333333,0.9209266841864199,0.7909115788387002,0.08999577546296297,0.5317689748754855,1,1,2,1
random,5,163,0.004130333333333333,0.9754446010932804,0.9231861823449954,0.0964079475308642,0.7371249781292418,0,1,2,2
random,5,164,0.015650333333333325,0.9211923058649254,0.8091838819320086,0.06742993827160493,0.8466152392703137,1,0,3,1
random,5,165,0.027170333333333338,0.9312531405135757,0.8128970193249391,0.08427831790123456,0.9363619511100851,0,1,2,2
random,5,166,0.017090333333333336,0.7662672410406088,0.6358308771056217,0.11087771990740743,0.6597399453321435,1,1,1,2
random,5,167,0.09667700000000001,0.8280752728705546,0.67700320038633,0.15044432870370372,0.591492604504146,0,2,3,0
random,5,168,0.012970333333333335,0.8380489500927585,0.697863157798853,0.07237091049382714,0.6282831464803841,0,1,2,2
random,5,169,0.015650333333333336,0.7385573999135294,0.583129266697433,0.10457461419753088,0.6603439314495368,0,2,1,2
random,5,170,0.014997000000000002,0.9100882964109945,0.781631749350903,0.08454066358024692,0.6264228823164353,0,1,3,1
random,5,171,0.01529033333333333,0.9595915449728726,0.8839599998785472,0.03367067901234568,0.8667225292573759,1,0,2,2
random,5,172,0.024717,0.7578994022883041,0.5539117094069973,0.10814868827160491,0.6631755863068681,0,1,2,2
random,5,173,0.04633033333333333,0.8365669879250683,0.6668470174522374,0.08044189814814814,0.5244019032400423,0,1,1,3
random,5,174,0.010410333333333334,0.8070225116958795,0.7077760731311632,0.02231932870370371,0.7139736706135532,0,2,3,0
random,5,175,0.027597000000000007,0.943073689739299,0.8404606389858066,0.09575671296296295,0.8942740978387311,0,1,3,1
random,5,176,0.021570333333333334,0.9520546923980934,0.8493327995650773,0.01054166666666667,0.9805806756909201,0,0,5,0
random,5,177,0.006823666666666668,0.9438654593312678,0.8308675641104959,0.09622442129629627,0.6310822389440833,0,1,4,0
random,5,178,0.022783666666666657,0.9347806145306725,0.8441622892989752,0.09405827546296296,0.7555604933114085,1,1,2,1
random,5,179,0.045957,0.8239640937886785,0.6668470174522374,0.08870733024691359,0.5791150138478381,0,1,1,3
random,5,180,0.02601033333333333,0.736846641113629,0.5846845821518305,0.04880609567901234,0.6565782187547886,0,2,2,1
random,5,181,0.01678366666666667,0.8861659824480081,0.7175781594491396,0.03477253086419752,0.8880658989720868,2,0,2,1
random,5,182,0.012250333333333334,0.8456192405161171,0.7077760731311632,0.08024436728395061,0.7638233335229296,0,1,3,1
random,5,183,0.02101033333333334,0.8631632081616797,0.7077760731311632,0.0906449074074074,0.7877133971865486,0,0,2,3
random,5,184,0.015316999999999996,0.8811072600919976,0.753181916595446,0.07991938657407406,0.6898279298374792,1,1,1,2
random,5,185,0.11758366666666666,0.6968415978724879,0.5592589407158036,0.133222762345679,0.3933735199441368,0,1,2,2
random,5,186,0.027197000000000002,0.6678475954023656,0.5117663157191589,0.03858387345679013,0.5239969385460995,0,2,1,2
random,5,187,0.007837000000000002,0.9333390787439302,0.8000946913656627,0.031213503086419753,0.6397115257022222,0,2,2,1
random,5,188,0.016516999999999997,0.9071817764981586,0.7786486411043856,0.10723883101851851,0.6893783847867758,1,1,1,2
random,5,189,0.020370333333333338,0.8662186627009184,0.697863157798853,0.06854438657407408,0.7570586612760533,1,1,2,1
random,5,190,0.012570333333333336,0.8435969626135144,0.697863157798853,0.1351826388888889,0.7088374405332893,0,1,3,1
random,5,191,0.006450333333333331,0.8662186627009184,0.7288792981454687,0.038417206790123455,0.7501856883253781,0,2,2,1
random,5,192,0.03349033333333333,0.9211923058649254,0.7786486411043856,0.054769058641975295,0.9216045371064897,0,2,2,1
random,5,193,0.01969033333333332,0.9030333483768006,0.781631749350903,0.09179438657407404,0.7284388964439117,1,1,1,2
random,5,194,0.009850333333333332,0.8073282343980361,0.6465081838352358,0.04231469907407407,0.8835125494152372,0,4,1,0
random,5,195,0.016956999999999986,0.7333378475845165,0.5539117094069973,0.07498510802469137,0.634528638369339,0,1,3,1
random,5,196,0.06845033333333335,0.9473742528603802,0.8616404368553291,0.10177770061728397,0.7785601782921286,1,1,3,0
random,5,197,0.04353033333333333,0.9052687305110301,0.8000946913656627,0.06527770061728395,0.8541701629714927,1,2,2,0
random,5,198,0.010783666666666662,0.8940431683163778,0.7722522721128167,0.11194498456790125,0.6778492220161104,0,1,2,2
random,5,199,0.013650333333333329,0.9614094269768303,0.8924133096001623,0.06903757716049384,0.7580332961640156,0,1,2,2
random,10,0,0.008097000000000002,0.9737317909903013,0.9007896044148774,0.03654785879629629,0.8167791525719558,2,2,4,2
random,10,1,0.01707699999999999,0.9841964563824335,0.9459922805717786,0.08208697916666667,0.8012946362295145,1,1,5,3
random,10,2,0.012410333333333337,0.9017599369819175,0.7693218186208295,0.012756712962962964,0.7281291545700882,0,2,2,6
random,10,3,0.010470333333333337,0.9632238939652261,0.8702543635872545,0.06950966435185185,0.78209222859888,2,2,4,2
random,10,4,0.014397000000000005,0.8861659824480081,0.7481134002767627,0.05855133101851852,0.7304755461213952,1,2,6,1
random,10,5,0.008436999999999998,0.9440559440559443,0.8181818181818181,0.0832258487654321,0.7829938463681332,0,3,4,3
random,10,6,0.004897000000000001,0.9492133645984593,0.8397191227596315,0.05145410879629629,0.7047968428263056,1,2,5,2
random,10,7,0.00656366666666667,0.9157951110983675,0.8000946913656627,0.027815219907407405,0.9017155145258557,2,2,3,3
random,10,8,0.004923666666666665,0.9246949382066171,0.7786486411043856,0.05478634259259258,0.7862345580611332,0,3,5,2
random,10,9,0.006363666666666668,0.9930069930069931,0.9696969696969696,0.05882924382716048,0.967665401177292,0,4,4,2
random,10,10,0.0058569999999999985,0.9702291586486097,0.9007896044148774,0.0330941550925926,0.8790906668604639,1,4,3,2
random,10,11,0.004497000000000001,0.9595915449728726,0.8839599998785472,0.03871568287037037,0.8208288420659933,1,2,4,3
random,10,12,0.005723666666666669,0.9422080999150758,0.8397191227596315,0.05132216435185184,0.7348964900598057,1,2,1,6
random,10,13,0.0036769999999999993,0.8881118881118882,0.7272727272727272,0.058938831018518524,0.7411355323934199,2,1,5,2
random,10,14,0.028430333333333332,0.9100882964109945,0.781631749350903,0.058620910493827165,0.8042830487577062,0,1,3,6
random,10,15,0.003410333333333335,0.9193039046274801,0.8000946913656627,0.027933275462962967,0.7978718710320013,1,2,3,4
random,10,16,0.0048303333333333314,0.9719358075641679,0.9231861823449954,0.017093132716049387,0.8459355899589805,0,2,4,4
random,10,17,0.011523666666666666,0.9020979020979022,0.7878787878787877,0.03478744212962963,0.8016441941768231,1,4,4,1
random,10,18,0.010516999999999993,0.8791607177646247,0.7175781594491396,0.051175659800957424,0.8021603823501042,1,2,7,0
random,10,19,0.004656999999999996,0.9473742528603802,0.8616404368553291,0.028705497685185183,0.767509119589907,1,2,2,5
random,10,20,0.0046103333333333335,0.9403566658021552,0.8616404368553291,0.0870698900856639,0.8300479417555446,0,1,7,2
random,10,21,0.01675033333333333,0.9368478722730427,0.8308675641104959,0.1172690586419753,0.7244372140433821,0,2,4,4
random,10,22,0.007210333333333332,0.965034965034965,0.8787878787878787,0.07446350308641975,0.536570981599608,0,1,5,4
random,10,23,0.002970333333333334,0.9860139860139862,0.9393939393939392,0.02706290509259259,0.8068172691904122,1,3,3,3
random,10,24,0.03234366666666665,0.9440559440559443,0.8787878787878787,0.03891938657407407,0.8121420571455127,2,4,2,2
random,10,25,0.003356999999999997,0.9930069930069931,0.9696969696969696,0.04191257716049382,0.844698812742779,0,4,4,2
random,10,26,0.008243666666666665,0.9438654593312678,0.8616404368553291,0.025767515432098768,0.8088212612268046,0,3,4,3
random,10,27,0.0053103333333333344,0.8896686147896997,0.7481134002767627,0.020611930744520026,0.7816693997237529,0,3,0,7
random,10,28,0.008423666666666664,0.9211923058649254,0.7786486411043856,0.06583258101851852,0.8513088240260265,1,1,4,4
random,10,29,0.007643666666666664,0.8924509263255099,0.7503664793768668,0.00947276234567901,0.8061723050514376,0,4,4,2
random,10,30,0.0029569999999999996,0.9368478722730427,0.8000946913656627,0.01754554398148148,0.8585873846225859,1,3,2,4
random,10,31,0.008650333333333341,0.9333390787439302,0.8308675641104959,0.05614961419753089,0.730136931305338,0,1,4,5
random,10,32,0.010343666666666676,0.9422080999150758,0.8091838819320086,0.08605918209876541,0.7510439343483002,0,1,6,3
random,10,33,0.008916999999999996,0.9440559440559443,0.8181818181818181,0.06725086805555555,0.9172902512641518,1,1,3,5
random,10,34,0.010823666666666664,0.9176896735232337,0.7786486411043856,0.0306427662037037,0.7971041195820242,1,4,3,2
random,10,35,0.0077036666666666686,0.8947423499236925,0.7385489458759964,0.022911284722222227,0.821554618614482,1,4,3,2
random,10,36,0.013343666666666665,0.9281975705483089,0.8091838819320086,0.03077214506172839,0.8461428557155483,0,2,6,2
random,10,37,0.007263666666666668,0.9684270140350553,0.8924133096001623,0.02339714506172839,0.9250942531909322,0,3,4,3
random,10,38,0.007483666666666662,0.9614094269768303,0.8924133096001623,0.022763136574074076,0.8410346342822193,2,2,4,2
random,10,39,0.0023036666666666674,0.8861659824480081,0.7786486411043856,0.022174922839506176,0.7555790779714182,0,3,4,3
random,10,40,0.023037000000000002,0.9281975705483089,0.8091838819320086,0.05501905864197531,0.856868921011209,0,2,6,2
random,10,41,0.0034969999999999997,0.9211923058649254,0.8091838819320086,0.039356712962962954,0.8415955178978693,0,5,3,2
random,10,42,0.009657,0.9300699300699302,0.8181818181818181,0.05812770061728396,0.7734579779822405,0,2,3,5
random,10,43,0.004523666666666666,0.9370629370629372,0.8181818181818181,0.06279785879629632,0.7881340752652188,1,1,4,4
random,10,44,0.004217,0.9859709816806179,0.9539590550898286,0.04240318287037037,0.7901349643716475,1,3,4,2
random,10,45,0.011963666666666662,0.9788975131335582,0.9379580992210835,0.02153603395061729,0.8044831419961186,0,4,3,3
random,10,46,0.019543666666666664,0.9352028352316922,0.7786486411043856,0.021199614197530862,0.8622804663805274,0,2,4,4
random,10,47,0.008596999999999999,0.9492133645984593,0.8397191227596315,0.04660856481481481,0.8643151415586304,0,3,4,3
random,10,48,0.014490333333333329,0.9630004066674477,0.8754275592730113,0.03703234953703704,0.900300850729734,1,3,5,1
random,10,49,0.0049970000000000014,0.9370629370629372,0.8181818181818181,0.0224295524691358,0.892156335246022,0,3,1,6
random,10,50,0.0019303333333333319,0.9562186292818428,0.9007896044148774,0.041198553240740746,0.870688404730749,1,5,2,2
random,10,51,0.006657000000000002,0.9579006334477178,0.8616404368553291,0.06541846064814814,0.9291054580828617,1,1,5,3
random,10,52,0.04533699999999999,0.9071817764981586,0.7481134002767627,0.08545271990740741,0.7104489058004251,2,5,2,1
random,10,53,0.014710333333333327,0.9562186292818428,0.8702543635872545,0.04556844135802468,0.888638070469424,0,4,3,3
random,10,54,0.0035169999999999993,0.8651501883978578,0.7481134002767627,0.03388119212962963,0.771442612222802,1,4,4,1
random,10,55,0.019450333333333333,0.9422080999150758,0.8091838819320086,0.022629012345679014,0.9578512340392901,2,0,4,4
random,10,56,0.015957,0.9492133645984593,0.8702543635872545,0.030106095679012356,0.8425503584192215,0,5,2,3
random,10,57,0.008263666666666664,0.9090909090909092,0.7878787878787877,0.02428975694444445,0.7546481868013197,1,4,2,3
random,10,58,0.007543666666666667,0.9490465829402037,0.8529438595319315,0.023612268518518525,0.7549637288059637,0,3,5,2
random,10,59,0.020977,0.9527159969401509,0.8397191227596315,0.029579243827160494,0.8691921842576144,0,4,4,2
random,10,60,0.005677000000000002,0.8951048951048951,0.8181818181818181,0.06864716435185184,0.7511098984817758,1,1,5,3
random,10,61,0.006683666666666672,0.9440559440559443,0.8181818181818181,0.06896257716049381,0.8771243450958736,0,5,4,1
random,10,62,0.005690333333333335,0.9562186292818428,0.8702543635872545,0.02180827546296296,0.9023948945268863,1,4,2,3
random,10,63,0.021057000000000003,0.9859399412855984,0.9459922805717786,0.07925054012345677,0.5969201090056547,0,2,6,2
random,10,64,0.011896999999999998,0.9579006334477178,0.8616404368553291,0.07355054012345678,0.49897605197267875,0,2,5,3
random,10,65,0.0064570000000000035,0.9510489510489512,0.8484848484848484,0.027124614197530855,0.7927015472396844,0,2,5,3
random,10,66,0.008783666666666667,0.8651501883978578,0.6870429186215167,0.02019498456790123,0.8221362432926745,0,3,3,4
random,10,67,0.023237000000000004,0.8717168613672982,0.7598954384920844,0.07383263888888889,0.6234568092095394,0,2,3,5
random,10,68,0.009816999999999998,0.9473742528603802,0.8308675641104959,0.06427368827160494,0.8658595656004818,0,2,4,4
random,10,69,0.008476999999999997,0.9562186292818428,0.9007896044148774,0.050417206790123466,0.8328765841205777,0,4,2,4
random,10,70,0.011550333333333334,0.9403566658021552,0.8308675641104959,0.09790734953703703,0.8539985985721289,1,3,5,1
random,10,71,0.013017000000000006,0.8943883753090783,0.7909115788387002,0.03543572530864198,0.7319850050015996,0,3,3,4
random,10,72,0.0024369999999999956,0.9508830463894927,0.8308675641104959,0.07442309027777778,0.7738664532194454,1,1,3,5
random,10,73,0.010650333333333322,0.9631065323170955,0.8839599998785472,0.08722031250000001,0.7692818489144845,1,1,6,2
random,10,74,0.006496999999999999,0.9665278806845445,0.8754275592730113,0.02337646604938272,0.7693540228188925,0,3,2,5
random,10,75,0.01385033333333333,0.9366429442213183,0.7909115788387002,0.05845133101851852,0.666575566265804,1,2,5,2
random,10,76,0.005730333333333331,0.9632238939652261,0.9007896044148774,0.06537368827160495,0.8251150681278725,0,1,5,4
random,10,77,0.012023666666666662,0.9103817221537509,0.7598954384920844,0.06707563657407407,0.6587006414161022,1,2,4,3
random,10,78,0.033050333333333334,0.9370629370629372,0.7878787878787877,0.04047739197530865,0.7972340982035871,0,4,3,3
random,10,79,0.010716999999999999,0.8791607177646247,0.6870429186215167,0.03098304398148148,0.7995083472263196,1,4,3,2
random,10,80,0.008710333333333332,0.8966738794730833,0.7786486411043856,0.024520601851851846,0.731878233661909,0,3,4,3
random,10,81,0.004876999999999999,0.9440559440559443,0.8787878787878787,0.0940190586419753,0.506667907973786,0,1,5,4
random,10,82,0.024743666666666667,0.9228126981565926,0.8000946913656627,0.03147276234567901,0.818422491832421,0,4,4,2
random,10,83,0.003070333333333334,0.9562186292818428,0.8702543635872545,0.008167824074074072,0.8214316718235422,0,2,5,3
random,10,84,0.03749033333333333,0.8721554530812411,0.7481134002767627,0.05031226851851853,0.6631006990588988,0,3,1,6
random,10,85,0.005097000000000001,0.9071817764981586,0.7786486411043856,0.019980169753086415,0.8551694543924265,0,5,3,2
random,10,86,0.019897,0.9492133645984593,0.8702543635872545,0.07960547839506173,0.8100442966861806,0,2,6,2
random,10,87,0.003230333333333333,0.9347806145306725,0.8128970193249391,0.07718572530864198,0.8256534510224126,0,2,4,4
random,10,88,0.005250333333333333,0.9527159969401509,0.8397191227596315,0.022958873456790124,0.7139079582589253,0,3,3,4
random,10,89,0.018650333333333328,0.9877423203570683,0.9618600860701234,0.015610108024691363,0.8292280200289727,1,5,4,0
random,10,90,0.0060770000000000025,0.9492133645984593,0.8397191227596315,0.016845312499999997,0.8812673137922242,2,4,3,1
random,10,91,0.02254366666666667,1.0,0.9999999999999998,0.04557679398148148,0.9427954952553919,1,3,3,3
random,10,92,0.020377,0.8951048951048951,0.7575757575757575,0.08234415509259259,0.8292583099376905,1,3,2,4
random,10,93,0.010530333333333334,0.9510489510489512,0.8484848484848484,0.05455248842592593,0.8321442096578866,2,1,3,4
random,10,94,0.0018170000000000007,0.9702291586486097,0.9007896044148774,0.018599942129629628,0.8729594831730847,1,4,2,3
random,10,95,0.01965033333333333,0.9681248023461679,0.8898984166292194,0.01542770061728395,0.8016532310847672,1,5,4,0
random,10,96,0.005917000000000001,0.9562186292818428,0.8702543635872545,0.037917206790123455,0.8100287909155988,0,3,6,1
random,10,97,0.009283666666666666,0.9349866335633118,0.7909115788387002,0.07948047839506171,0.6116565255007578,0,3,3,4
random,10,98,0.055210333333333333,0.8752318487115212,0.7288792981454687,0.08999128086419754,0.49567795418423694,0,2,5,3
random,10,99,0.017123666666666666,0.9772344233319931,0.9313248452425005,0.06978744212962965,0.8403040256076295,2,1,4,3
random,10,100,0.010183666666666669,0.9720279720279721,0.909090909090909,0.07953790509259259,0.8188272779592874,1,1,5,3
random,10,101,0.018216999999999997,0.7964961311085419,0.6462303276414968,0.04356535493827161,0.645077758900684,0,5,2,3
random,10,102,0.02819699999999999,0.9296005160692783,0.8529438595319315,0.06297841435185186,0.7284341548347265,1,4,4,1
random,10,103,0.005730333333333335,0.8666720016907923,0.7385489458759964,0.041463503086419766,0.6707559670131621,0,3,4,3
random,10,104,0.009457000000000005,0.9508830463894927,0.8308675641104959,0.01604305555555556,0.9390597330234804,0,0,6,4
random,10,105,0.004216999999999999,0.9141870411815418,0.8091838819320086,0.04232309027777778,0.7095479495714143,1,3,5,1
random,10,106,0.0025236666666666675,0.9702291586486097,0.9007896044148774,0.07174623842592594,0.7889852608736782,1,1,5,3
random,10,107,0.007517,0.938705467573384,0.8091838819320086,0.04694189814814816,0.7278919807088937,0,6,3,1
random,10,108,0.012596999999999997,0.9473742528603802,0.8616404368553291,0.1214110339506173,0.738591382241896,0,3,2,5
random,10,109,0.006370333333333332,0.9020979020979022,0.7878787878787877,0.033910725308641976,0.8617830372784357,0,4,1,5
random,10,110,0.012137000000000002,0.9422080999150758,0.8397191227596315,0.038200636574074076,0.8036948065913486,2,2,4,2
random,10,111,0.031163666666666673,0.9141870411815418,0.7786486411043856,0.05013942901234569,0.7073593328143386,0,2,5,3
random,10,112,0.009363666666666663,0.9052687305110301,0.8000946913656627,0.06413188657407408,0.8335403368761009,1,2,2,5
random,10,113,0.010643666666666668,0.9014308034611184,0.7909115788387002,0.017247839506172837,0.9129262559750059,1,0,6,3
random,10,114,0.024290333333333334,0.9510489510489512,0.8484848484848484,0.09481419753086417,0.5895746443938603,0,1,8,1
random,10,115,0.00532366666666667,0.9772344233319931,0.9007896044148774,0.01807770061728395,0.7505666271090239,0,2,6,2
random,10,116,0.004783666666666666,0.8736895887490173,0.7385489458759964,0.07596967592592595,0.6694925018875962,0,2,6,2
random,10,117,0.008476999999999997,0.9771664816939875,0.9149761402251629,0.03348072916666667,0.758071102321928,1,3,2,4
random,10,118,0.008870333333333333,0.9841964563824335,0.9459922805717786,0.04857100694444445,0.6908069865119052,2,3,4,1
random,10,119,0.002143666666666668,0.9702291586486097,0.9007896044148774,0.052113831018518526,0.8775092865730006,1,3,4,2
random,10,120,0.016523666666666666,0.8301238649809404,0.6870429186215167,0.0794505401234568,0.770883906743198,0,1,4,5
random,10,121,0.032523666666666666,0.8951048951048951,0.7878787878787877,0.028428645833333335,0.7959763451698123,2,3,3,2
random,10,122,0.014910333333333331,0.9211923058649254,0.8091838819320086,0.101672762345679,0.7519787934522725,0,2,3,5
random,10,123,0.004810333333333331,0.9300699300699302,0.7878787878787877,0.017863194444444445,0.8852596550837096,0,4,3,3
random,10,124,0.003370333333333335,0.8931712471313915,0.7481134002767627,0.02802831790123457,0.7260963362515614,0,3,4,3
random,10,125,0.0026036666666666643,0.9508830463894927,0.8616404368553291,0.04594498456790123,0.8391345764036613,0,2,2,6
random,10,126,0.027063666666666663,0.9160839160839163,0.7878787878787877,0.04682461419753087,0.7133798575151511,0,4,2,4
random,10,127,0.0037303333333333338,0.9211923058649254,0.7786486411043856,0.03256869212962963,0.8803699219604068,2,2,4,2
random,10,128,0.008110333333333334,0.9579006334477178,0.8616404368553291,0.018387962962962967,0.8996433679079139,0,0,6,4
random,10,129,0.010530333333333338,0.9230769230769231,0.8181818181818181,0.04378327546296296,0.8106901070002399,1,2,5,2
random,10,130,0.0029103333333333355,0.9492133645984593,0.8397191227596315,0.019793055555555553,0.8031448854748258,0,0,6,4
random,10,131,0.024063666666666664,0.9036791441564668,0.8091838819320086,0.04380133101851852,0.7037006528201326,1,5,2,2
random,10,132,0.006196999999999998,0.8721554530812411,0.7481134002767627,0.023085416666666667,0.832972444544728,0,3,3,4
random,10,133,0.035417000000000004,0.9894797752097304,0.9539590550898286,0.04900424382716049,0.8806879334080935,0,2,5,3
random,10,134,0.008736999999999997,0.9473742528603802,0.8616404368553291,0.05232633101851851,0.7886636442637266,1,5,2,2
random,10,135,0.004817000000000002,0.9228126981565926,0.8000946913656627,0.05949230324074074,0.8582548638571346,1,1,4,4
random,10,136,0.0007236666666666664,0.9632238939652261,0.8702543635872545,0.04469044942050895,0.575529797650567,0,2,7,1
random,10,137,0.0073903333333333356,0.9702291586486097,0.9007896044148774,0.009765277777777774,0.9595072654658638,0,0,5,5
random,10,138,0.0037570000000000017,0.9403566658021552,0.8308675641104959,0.026338503086419756,0.9332867358033629,0,4,2,4
random,10,139,0.008990333333333335,0.9580419580419581,0.8787878787878787,0.028836342592592584,0.8792605961063713,0,2,5,3
random,10,140,0.010630333333333332,0.9488905105990603,0.8441622892989752,0.013540663580246914,0.7458451169191381,0,2,6,2
random,10,141,0.01170366666666666,0.9281975705483089,0.8091838819320086,0.02403819444444445,0.8308613947423883,0,5,2,3
random,10,142,0.012363666666666667,0.8651501883978578,0.7481134002767627,0.048292071759259265,0.7314125007906023,1,2,3,4
random,10,143,0.007743666666666666,0.9772344233319931,0.9313248452425005,0.07669947916666667,0.8142337728771836,1,2,6,1
random,10,144,0.0031036666666666678,1.0,0.9999999999999998,0.03304901620370371,0.9267134315689334,1,3,3,3
random,10,145,0.021770333333333333,0.9525615702844266,0.8839599998785472,0.06668327546296296,0.7964655777250661,1,2,3,4
random,10,146,0.021476999999999996,0.9842396880153765,0.9313248452425005,0.0620490162037037,0.8265402439033884,3,1,3,3
random,10,147,0.005690333333333329,0.8807071758072423,0.8000946913656627,0.02549930555555556,0.769955174678414,0,3,2,5
random,10,148,0.003343666666666669,0.8924509263255099,0.7503664793768668,0.019336053240740746,0.674285221465907,1,2,5,2
random,10,149,0.03247033333333334,0.9296005160692783,0.8219277191853159,0.07512309027777779,0.8270333264523345,1,1,6,2
random,10,150,0.004170333333333332,0.9790209790209792,0.909090909090909,0.018234201388888892,0.8539054281905691,2,3,2,3
random,10,151,0.005316999999999999,0.8881118881118882,0.7575757575757575,0.02839971064814815,0.7364653514325962,2,4,3,1
random,10,152,0.0034970000000000005,0.9859399412855984,0.9459922805717786,0.03793572530864197,0.8151697067369011,0,2,4,4
random,10,153,0.005217,0.9366429442213183,0.8219277191853159,0.03843096064814814,0.8894079682591152,1,4,2,3
random,10,154,0.007710333333333336,0.9492133645984593,0.8397191227596315,0.10056535493827161,0.9336686070270218,0,1,6,3
random,10,155,0.00870366666666666,0.8995058743597039,0.8128970193249391,0.04569128086419752,0.8491438518457577,0,3,5,2
random,10,156,0.013316999999999997,0.9422080999150758,0.8397191227596315,0.024357330246913583,0.7535217087246758,0,2,5,3
random,10,157,0.003250333333333333,0.9666215196613185,0.8839599998785472,0.01702916666666667,0.9445955674686312,0,0,6,4
random,10,158,0.0051503333333333306,0.965034965034965,0.8787878787878787,0.023384664351851856,0.8954337035940964,2,2,2,4
random,10,159,0.03647033333333333,0.8561456211034547,0.7077760731311632,0.057917206790123466,0.7980632110038791,0,6,3,1
random,10,160,0.012323666666666665,0.8912335563945798,0.7385489458759964,0.08260486111111111,0.5702459442948834,0,2,5,3
random,10,161,0.012377000000000006,0.965034965034965,0.8787878787878787,0.08155827546296296,0.8205848694052537,2,2,4,2
random,10,162,0.0032503333333333347,0.9580419580419581,0.8484848484848484,0.06005827546296295,0.8341805390194511,2,1,5,2
random,10,163,0.015143666666666672,0.9580419580419581,0.909090909090909,0.07813512731481481,0.825994969279818,1,1,5,3
random,10,164,0.006763666666666664,0.8892917980884131,0.7909115788387002,0.06638942901234568,0.864028883428606,0,4,4,2
random,10,165,0.004403666666666666,0.9492133645984593,0.8702543635872545,0.08579992283950617,0.77428863151109,0,2,6,2
random,10,166,0.007117000000000003,0.9510489510489512,0.8484848484848484,0.04871105324074076,0.7918219323053952,1,1,4,4
random,10,167,0.020403666666666664,0.9580419580419581,0.8787878787878787,0.09347893518518517,0.7258231287006797,0,3,6,1
random,10,168,0.014457000000000003,0.9141870411815418,0.7786486411043856,0.05865416824137062,0.8875276100674966,0,1,7,2
random,10,169,0.006210333333333336,0.9141870411815418,0.7786486411043856,0.054079243827160485,0.734223033259728,0,4,2,4
random,10,170,0.006710333333333332,0.9580419580419581,0.8484848484848484,0.07365331790123457,0.7413371571726634,0,4,4,2
random,10,171,0.03378366666666667,0.8280752728705546,0.67700320038633,0.07760115740740742,0.6520266352820839,0,3,5,2
random,10,172,0.014563666666666662,0.9366429442213183,0.8529438595319315,0.0424332561728395,0.6867342025969722,0,5,2,3
random,10,173,0.013317,0.9314716462190886,0.8219277191853159,0.05998634259259259,0.7186165403695125,0,2,5,3
random,10,174,0.005696999999999998,0.9684270140350553,0.8924133096001623,0.032707581018518526,0.8229144433935034,1,2,3,4
random,10,175,0.01806366666666667,0.9457107322567676,0.8397191227596315,0.029105478395061734,0.9158893594739811,0,4,3,3
random,10,176,0.0072303333333333325,0.9752433670693017,0.9216805029374059,0.0519974537037037,0.913273061299563,0,2,6,2
random,10,177,0.006583666666666668,0.9492133645984593,0.8397191227596315,0.030519058641975308,0.7736757314289077,0,3,3,4
random,10,178,0.022243666666666672,0.9160839160839163,0.8181818181818181,0.07696195987654321,0.7259658359357832,0,3,3,4
random,10,179,0.018210333333333332,0.9579006334477178,0.8616404368553291,0.10156984953703704,0.8088536451354961,2,1,6,1
random,10,180,0.004750333333333328,0.9788975131335582,0.9149761402251629,0.0282203125,0.8252314036924839,1,4,2,3
random,10,181,0.006843666666666669,0.9597212616235344,0.8702543635872545,0.015655590986394553,0.8216000854954822,0,3,7,0
random,10,182,0.006783666666666666,0.9649182205059428,0.8924133096001623,0.009915663580246913,0.8573365288373352,0,3,4,3
random,10,183,0.03142366666666666,0.8671328671328673,0.7878787878787877,0.03602831790123457,0.6457872954545342,0,6,3,1
random,10,184,0.015210333333333334,0.9457107322567676,0.8397191227596315,0.03631226851851852,0.904950713479503,0,2,2,6
random,10,185,0.009103666666666664,0.8736895887490173,0.7693218186208295,0.048156655092592586,0.7508267236772393,2,3,1,4
random,10,186,0.0031436666666666666,0.9842396880153765,0.9313248452425005,0.03474346064814815,0.7314116561630843,1,2,6,1
random,10,187,0.004790333333333335,0.8301238649809404,0.6870429186215167,0.049165914351851865,0.7762009133425705,1,1,4,4
random,10,188,0.0046370000000000005,0.9263214916857051,0.8000946913656627,0.026796219135802473,0.7659023500888686,0,2,3,5
random,10,189,0.016817,0.9527159969401509,0.8702543635872545,0.026059182098765437,0.8450963130085548,0,3,3,4
random,10,190,0.0025969999999999986,0.9667265263069179,0.8702543635872545,0.020495438082640458,0.6631307101759353,0,2,7,1
random,10,191,0.006023666666666668,0.9370629370629372,0.7878787878787877,0.07136614583333334,0.8593914111420429,1,2,1,6
random,10,192,0.005037000000000002,0.9473742528603802,0.8308675641104959,0.061506192129629635,0.7156318483866702,1,1,4,4
random,10,193,0.005803666666666669,0.9366429442213183,0.8219277191853159,0.010048379629629631,0.8403529608650482,0,4,3,3
random,10,194,0.020017,0.8441343943477072,0.6565076777938937,0.0737314236111111,0.9178635503969481,1,1,3,5
random,10,195,0.013783666666666661,0.9141870411815418,0.8091838819320086,0.06489160879629631,0.7854400322032051,1,2,3,4
random,10,196,0.015976999999999998,0.8931712471313915,0.7786486411043856,0.05772461419753086,0.6815040134207476,0,3,5,2
random,10,197,0.002457000000000002,0.9632238939652261,0.8702543635872545,0.10479211230788614,0.7611472072703259,0,1,7,2
random,10,198,0.021203666666666662,0.920670718462285,0.8128970193249391,0.048587885802469144,0.9306760764971412,1,4,5,0
random,10,199,0.007716999999999997,0.9947414184151023,0.9770084209183943,0.10264868827160493,0.6120236587487523,0,1,8,1
random,15,0,0.005716999999999999,0.8671328671328673,0.7575757575757575,0.01996813271604938,0.8073420771690848,0,5,6,4
random,15,1,0.0010710740740740724,0.9860139860139862,0.9393939393939392,0.017693507889266817,0.8064955169726555,1,2,5,7
random,15,2,0.015102185185185179,0.9230769230769231,0.8181818181818181,0.018684182098765434,0.9147003683271526,0,6,4,5
random,15,3,0.012512555555555556,0.9510489510489512,0.8484848484848484,0.07242818287037038,0.8398188116780404,2,2,6,5
random,15,4,0.0033362592592592606,1.0,0.9999999999999998,0.01693759802532124,0.8648160470994549,2,7,4,2
random,15,5,0.016490333333333333,0.9702291586486097,0.9007896044148774,0.08124664351851851,0.800969741143789,2,4,8,1
random,15,6,0.00856885185185185,0.9702291586486097,0.9007896044148774,0.02917633101851852,0.8242314264921896,1,2,4,8
random,15,7,0.008416259259259267,0.9510489510489512,0.8484848484848484,0.00902802343159486,0.9549408244929851,3,0,5,7
random,15,8,0.004422185185185181,0.9020979020979022,0.7878787878787877,0.01671658950617284,0.7540732071820262,0,3,6,6
random,15,9,0.012776259259259258,0.9790209790209792,0.909090909090909,0.04411496480536659,0.7923767991075275,2,3,7,3
random,15,10,0.006176259259259252,0.9492133645984593,0.8397191227596315,0.008893132716049386,0.9020126291886313,0,5,6,4
random,15,11,0.0028651481481481484,0.9702291586486097,0.9007896044148774,0.055925694444444445,0.9453276785474602,0,3,4,8
random,15,12,0.004463666666666667,0.9090909090909092,0.7272727272727272,0.03575396707294029,0.7781125757697112,2,1,5,7
random,15,13,0.019028111111111103,0.9930069930069931,0.9696969696969696,0.05494299768518517,0.904119861763404,2,4,4,5
random,15,14,0.005097740740740738,0.9298302852148176,0.8308675641104959,0.02273626543209876,0.7772486972186261,0,4,8,3
random,15,15,0.0033584814814814827,0.99124495269876,0.9618600860701234,0.05928512731481482,0.6305573208983485,1,3,10,1
random,15,16,0.006279962962962959,0.9772344233319931,0.9007896044148774,0.05530202546296295,0.9084593645832266,1,5,5,4
random,15,17,0.004576259259259258,0.9230769230769231,0.7878787878787877,0.009752429768203579,0.7567960734624828,0,4,4,7
random,15,18,0.004832555555555554,0.9597212616235344,0.9007896044148774,0.032293364197530865,0.7661185064629016,0,3,8,4
random,15,19,0.009682925925925925,0.9720279720279721,0.909090909090909,0.02632121952947846,0.9318200890078048,1,4,7,3
random,15,20,0.007829592592592591,0.9317002028900006,0.8091838819320086,0.01080212742504409,0.8806820821224027,0,2,7,6
random,15,21,0.004976259259259259,0.965034965034965,0.8787878787878787,0.012162300406273622,0.8658867377410329,2,2,4,7
random,15,22,0.0034132962962962962,0.938705467573384,0.8397191227596315,0.028835185185185186,0.8455829633682065,1,2,4,8
random,15,23,0.010408851851851846,0.9720279720279721,0.8787878787878787,0.12311072530864198,0.8232260784048183,0,4,10,1
random,15,24,0.006260703703703706,0.9790209790209792,0.909090909090909,0.013814158163265306,0.8768427370635484,0,2,6,7
random,15,25,0.014291814814814813,0.9930069930069931,0.9696969696969696,0.02148396990740741,0.7380472414185979,3,3,4,5
random,15,26,0.005453296296296296,0.9562186292818428,0.8702543635872545,0.03314305437452759,0.9427319343519882,1,2,7,5
random,15,27,0.01414811111111111,0.9789533946223928,0.9231861823449954,0.04544768518518519,0.8254315359841282,0,3,8,4
random,15,28,0.0072503333333333335,0.9300699300699302,0.7878787878787877,0.015705272633744858,0.7975901438274812,0,4,9,2
random,15,29,0.012524407407407415,0.9300699300699302,0.7878787878787877,0.05089906764403292,0.6887205646560308,1,4,9,1
random,15,30,0.007909592592592593,0.9632238939652261,0.9007896044148774,0.03226140046296296,0.8855129770723477,1,4,8,2
random,15,31,0.008897740740740739,0.9352028352316922,0.8091838819320086,0.011458564814814816,0.7413097096629032,0,6,5,4
random,15,32,0.030552555555555555,0.9720279720279721,0.909090909090909,0.04712105890967498,0.8599178127920095,1,4,7,3
random,15,33,0.003623666666666669,0.9281975705483089,0.7786486411043856,0.01358777872260015,0.850503493947007,0,6,2,7
random,15,34,0.006848851851851852,0.8826633501063164,0.7481134002767627,0.023464525462962967,0.7928488256085309,1,6,4,4
random,15,35,0.0026903333333333362,0.9807370556736849,0.9313248452425005,0.019228655281557067,0.8770071394974679,1,2,7,5
random,15,36,0.008712555555555558,0.9684270140350553,0.8924133096001623,0.03697146990740741,0.7741105985993156,1,4,5,5
random,15,37,0.0032962592592592614,0.9370629370629372,0.8181818181818181,0.08288085562414266,0.7640820344195962,0,1,5,9
random,15,38,0.005607370370370371,0.9457107322567676,0.8702543635872545,0.027935725308641978,0.7892633453767548,0,3,6,6
random,15,39,0.010451814814814811,0.9157951110983675,0.8000946913656627,0.027399474442554805,0.8473444550199749,1,3,7,4
random,15,40,0.0035051481481481474,0.9580419580419581,0.8787878787878787,0.029803414351851854,0.8545655538011896,1,5,4,5
random,15,41,0.003648851851851855,0.9860139860139862,0.9393939393939392,0.010980729166666668,0.8378843803960165,2,3,8,2
random,15,42,0.03347107407407408,0.9352028352316922,0.8091838819320086,0.07484733796296296,0.8116568323605684,1,4,8,2
random,15,43,0.0023866296296296287,0.9877423203570683,0.9618600860701234,0.030449922839506177,0.8537020946243135,0,4,5,6
random,15,44,0.004417740740740744,0.9580419580419581,0.8484848484848484,0.02180549768518519,0.7685647389205346,1,3,5,6
random,15,45,0.0036651481481481465,0.99124495269876,0.9618600860701234,0.06313379629629629,0.7030974508678548,1,2,8,4
random,15,46,0.004546629629629633,0.9930069930069931,0.9696969696969696,0.012199219340513986,0.8826371971240995,2,2,4,7
random,15,47,0.011425148148148155,0.9352028352316922,0.8397191227596315,0.020704080057949107,0.8848779914882755,0,3,7,5
random,15,48,0.007004407407407407,0.9370629370629372,0.8181818181818181,0.026693692129629635,0.8857381435930033,1,5,5,4
random,15,49,0.0036962592592592585,0.965034965034965,0.8787878787878787,0.02180464695137314,0.9140993739654341,0,2,7,6
random,15,50,0.02035107407407407,0.9560765576286495,0.8529438595319315,0.0272616512345679,0.7524428190075066,0,5,5,5
random,15,51,0.008506629629629626,0.9580419580419581,0.8484848484848484,0.024524710648148148,0.8425129655059482,1,4,4,6
random,15,52,0.006094777777777775,0.99124495269876,0.9618600860701234,0.02562019675925926,0.9022781027695783,2,3,8,2
random,15,53,0.0030903333333333334,0.9562186292818428,0.8397191227596315,0.06243559027777777,0.8071939890511278,2,2,5,6
random,15,54,0.0030118148148148127,0.9842396880153765,0.9313248452425005,0.010582349537037036,0.9236834269475845,2,2,5,6
random,15,55,0.0012192222222222214,0.9860139860139862,0.9393939393939392,0.054933913218065004,0.9020474227381214,2,2,7,4
random,15,56,0.0047851481481481495,0.9071817764981586,0.7481134002767627,0.03947355324074074,0.8343230878144582,1,6,3,5
random,15,57,0.006269592592592593,0.9772344233319931,0.9007896044148774,0.028553412383471907,0.8663574086345628,0,5,7,3
random,15,58,0.004521444444444445,0.9106844088398501,0.7481134002767627,0.017546836419753086,0.802777444962504,0,4,6,5
random,15,59,0.012191074074074076,0.9090909090909092,0.7878787878787877,0.07168761574074074,0.8200134445087557,2,1,8,4
random,15,60,0.009786629629629626,0.9510489510489512,0.8787878787878787,0.04188096064814815,0.8500819170382361,1,5,6,3
random,15,61,0.0054414444444444475,0.9860139860139862,0.9393939393939392,0.07175040509259259,0.8515688246887765,1,3,6,5
random,15,62,0.009992555555555557,0.9772344233319931,0.9007896044148774,0.030416493055555556,0.6862629596815364,1,3,8,3
random,15,63,0.012005888888888885,0.9510489510489512,0.8484848484848484,0.023911053240740738,0.9060671045568518,1,5,4,5
random,15,64,0.00610811111111111,0.9842396880153765,0.9313248452425005,0.06397563657407407,0.796329358472934,1,1,5,8
random,15,65,0.006188111111111113,0.965034965034965,0.8787878787878787,0.07390408045162511,0.8382893947338294,1,1,6,7
random,15,66,0.005962925925925927,0.9317002028900006,0.8091838819320086,0.007281558641975309,0.7301694474604344,0,2,8,5
random,15,67,0.0060221851851851825,0.9230769230769231,0.7878787878787877,0.0443150781840514,0.7868366374587706,2,4,7,2
random,15,68,0.0030429259259259264,0.9632238939652261,0.8702543635872545,0.015591589506172841,0.8416616851469345,0,4,8,3
random,15,69,0.0038903333333333307,0.9492133645984593,0.8397191227596315,0.06750262345679012,0.6731643850583499,0,2,5,8
random,15,70,0.0031036666666666678,0.9614094269768303,0.8924133096001623,0.05999809027777777,0.6878448203098649,1,2,6,6
random,15,71,0.004589592592592592,0.9772344233319931,0.9007896044148774,0.021642534722222224,0.8348856330610699,2,2,6,5
random,15,72,0.003739222222222222,0.9281975705483089,0.8397191227596315,0.03741610939643346,0.9004744366842377,0,5,9,1
random,15,73,0.0035807037037037088,0.9597212616235344,0.8702543635872545,0.029661279998110354,0.8814922290185244,1,5,7,2
random,15,74,0.015459222222222216,0.9370629370629372,0.8181818181818181,0.029886720521541954,0.7777395386853502,0,7,3,5
random,15,75,0.004717000000000001,0.9860139860139862,0.9393939393939392,0.019158275462962962,0.9144473529420024,2,5,5,3
random,15,76,0.005334777777777776,0.9790209790209792,0.909090909090909,0.03641288580246913,0.8198555610706139,0,2,10,3
random,15,77,0.0050384814814814815,0.9370629370629372,0.8484848484848484,0.025695775462962964,0.8896586653995321,2,4,5,4
random,15,78,0.002829592592592594,0.9667265263069179,0.9007896044148774,0.06775168060279668,0.7057398509709379,1,1,7,6
random,15,79,0.00297625925925926,0.9211923058649254,0.8091838819320086,0.012945173532375912,0.8568458502748606,0,4,4,7
random,15,80,0.005140703703703704,0.965034965034965,0.8787878787878787,0.07972834349017385,0.8419640951616945,1,1,6,7
random,15,81,0.0022429259259259256,0.9720279720279721,0.909090909090909,0.01941383101851852,0.8513531407669916,1,5,3,6
random,15,82,0.0030740370370370396,0.9720279720279721,0.909090909090909,0.027494618055555555,0.9283679179279537,2,4,3,6
random,15,83,0.009574777777777781,0.9667265263069179,0.9007896044148774,0.04650133101851852,0.7719041572197586,2,2,6,5
random,15,84,0.008468111111111109,0.8811188811188813,0.7575757575757575,0.07372344993495561,0.8237945849214281,1,1,11,2
random,15,85,0.0032281111111111104,0.9176896735232337,0.7481134002767627,0.046024839248971196,0.7340317509001193,1,2,9,3
random,15,86,0.0039392222222222216,0.9737317909903013,0.9007896044148774,0.023561747685185187,0.9226917080849069,1,3,7,4
random,15,87,0.0030829259259259247,0.965034965034965,0.8787878787878787,0.009691394242882343,0.786237877549139,0,4,7,4
random,15,88,0.034786629629629626,0.8951048951048951,0.7878787878787877,0.06574901620370371,0.7757546299510055,1,5,3,6
random,15,89,0.0010666296296296303,0.9860139860139862,0.9393939393939392,0.012307118055555552,0.8182626372833333,2,3,6,4
random,15,90,0.005829592592592594,0.9684270140350553,0.9231861823449954,0.03508142361111111,0.9510940429240204,1,1,7,6
random,15,91,0.003319962962962964,0.9860139860139862,0.9393939393939392,0.0254203125,0.7910824788959231,1,5,6,3
random,15,92,0.005645888888888889,0.99124495269876,0.9618600860701234,0.008306404320987655,0.919273228298243,0,5,6,4
random,15,93,0.006231074074074073,0.9982502173821435,0.9923953268977463,0.021945775462962967,0.7334614561566384,2,2,6,5
random,15,94,0.010318481481481482,0.9403566658021552,0.8308675641104959,0.024025231481481477,0.7922261818796289,0,6,6,3
random,15,95,0.01245922222222222,0.8861659824480081,0.7481134002767627,0.03291771069538926,0.8240255720416894,0,5,3,7
random,15,96,0.012048851851851854,0.9507278005253983,0.8839599998785472,0.0746822466563786,0.8393011155950535,2,1,9,3
random,15,97,0.02500144444444444,0.99124495269876,0.9618600860701234,0.08151002895112743,0.674179399328178,0,2,11,2
random,15,98,0.004635518518518517,0.9403566658021552,0.8308675641104959,0.038950405092592594,0.7086831989627915,1,5,6,3
random,15,99,0.006164407407407404,0.9772344233319931,0.9313248452425005,0.0388453125,0.8397465531533099,2,6,5,2
random,15,100,0.015561444444444447,0.8881118881118882,0.7575757575757575,0.033111651234567906,0.8618264745787818,0,4,5,6
random,15,101,0.00903107407407407,0.9930069930069931,0.9696969696969696,0.031554803240740746,0.9065725714318915,1,5,5,4
random,15,102,0.006634037037037038,0.9720279720279721,0.8787878787878787,0.060287442129629616,0.8735158547048467,1,2,9,3
random,15,103,0.004472555555555559,0.9440559440559443,0.8181818181818181,0.01600400591563786,0.7592628423198419,2,2,9,2
random,15,104,0.00824885185185185,0.9807370556736849,0.9313248452425005,0.06934634130658435,0.8382189291601845,1,3,9,2
random,15,105,0.003580703703703702,0.9807370556736849,0.9313248452425005,0.016480478395061726,0.8771331371363313,0,4,8,3
random,15,106,0.006494777777777777,0.9720279720279721,0.909090909090909,0.029664756944444443,0.8148352977609825,1,2,6,6
random,15,107,0.005826629629629632,0.9860139860139862,0.9393939393939392,0.017255034722222225,0.8369866071014418,3,2,6,4
random,15,108,0.01167551851851852,0.9649182205059428,0.8924133096001623,0.024321006944444452,0.7758924064043462,2,3,4,6
random,15,109,0.006737740740740739,0.9422080999150758,0.8397191227596315,0.0284416087962963,0.8424580951466932,1,4,5,5
random,15,110,0.00969774074074074,0.9317002028900006,0.8397191227596315,0.03780633857709751,0.6644924633670914,1,6,7,1
random,15,111,0.007111074074074075,0.9860139860139862,0.9393939393939392,0.021920053854875287,0.8236720780265593,0,3,7,5
random,15,112,0.027647370370370364,0.9300699300699302,0.8181818181818181,0.028427700617283957,0.8715692174576705,0,4,5,6
random,15,113,0.010201444444444445,0.9720279720279721,0.909090909090909,0.07269690500685871,0.6525313186689842,0,1,9,5
random,15,114,0.005334777777777779,0.9300699300699302,0.8181818181818181,0.014998090277777779,0.8265673604084998,2,4,3,6
random,15,115,0.00653033333333333,0.9562186292818428,0.8702543635872545,0.0602938721707819,0.8133505176959929,1,2,9,3
random,15,116,0.008717,0.9580419580419581,0.8484848484848484,0.023388368055555553,0.8438999951340402,3,3,5,4
random,15,117,0.008595518518518518,0.99124495269876,0.9618600860701234,0.01648072916666667,0.8949578578214125,2,4,6,3
random,15,118,0.003719962962962965,0.9807370556736849,0.9313248452425005,0.013197164351851849,0.8291967198661253,2,2,6,5
random,15,119,0.0070532962962963,0.900176511814775,0.7481134002767627,0.02573049768518519,0.8093578350245411,1,5,6,3
random,15,120,0.01200588888888888,0.9790209790209792,0.9393939393939392,0.022071013374485592,0.7792117509682667,0,2,9,4
random,15,121,0.006634037037037038,0.9580419580419581,0.8484848484848484,0.03061244212962963,0.874773502292834,1,5,6,3
random,15,122,0.003900703703703702,0.9842396880153765,0.9313248452425005,0.012664525462962962,0.9237030915235194,2,4,4,5
random,15,123,0.009229592592592595,0.8951048951048951,0.7575757575757575,0.01989647463151928,0.8960418546327464,1,7,4,3
random,15,124,0.012453296296296294,0.9771103027358352,0.9379580992210835,0.024929571759259264,0.9088726050218663,2,5,3,5
random,15,125,0.008133296296296293,0.9720279720279721,0.909090909090909,0.042427488425925926,0.836543655809408,1,4,4,6
random,15,126,0.001834037037037036,0.9790209790209792,0.9393939393939392,0.031976453845427064,0.9316875820192435,1,7,4,3
random,15,127,0.0030755185185185213,0.965034965034965,0.8787878787878787,0.01189560185185185,0.8558044294147208,0,4,8,3
random,15,128,0.003706629629629631,0.965034965034965,0.8787878787878787,0.01027471064814815,0.9417626317449889,2,4,3,6
random,15,129,0.003493296296296295,0.9807370556736849,0.9313248452425005,0.027692818168934246,0.8048172278900502,1,3,7,4
random,15,130,0.013977740740740733,0.9842396880153765,0.9313248452425005,0.037500678697404886,0.8651836712920318,0,5,7,3
random,15,131,0.0007999629629629629,0.9860139860139862,0.9393939393939392,0.013754520975056687,0.9020393519857167,0,5,3,7
random,15,132,0.00591255555555556,0.9352028352316922,0.7786486411043856,0.013696742112482854,0.9195827564545612,2,0,9,4
random,15,133,0.004539222222222224,0.9702291586486097,0.9007896044148774,0.01892170138888889,0.9283557182034129,1,3,6,5
random,15,134,0.005801444444444447,0.9510489510489512,0.8484848484848484,0.03894914847883598,0.9223501492975155,2,3,7,3
random,15,135,0.00786514814814814,0.9720279720279721,0.909090909090909,0.04148119212962963,0.8789715419924333,1,4,5,5
random,15,136,0.0036962592592592537,0.9860139860139862,0.9393939393939392,0.057408275462962954,0.8313385142046412,3,1,5,6
random,15,137,0.0016295925925925922,0.9492133645984593,0.8397191227596315,0.027241435185185188,0.8921565138930797,1,4,8,2
random,15,138,0.007617740740740744,0.9440559440559443,0.8484848484848484,0.01923221726190476,0.8885382007201451,1,4,7,3
random,15,139,0.006831074074074074,0.9790209790209792,0.909090909090909,0.04846676941609977,0.7793389854035734,1,3,7,4
random,15,140,0.002574777777777781,0.9772344233319931,0.9007896044148774,0.02057003850151172,0.8020935805638236,1,2,7,5
random,15,141,0.0076147777777777785,0.9230769230769231,0.7878787878787877,0.05581665809327845,0.8459235633566746,0,5,1,9
random,15,142,0.005158481481481482,0.9580419580419581,0.8484848484848484,0.08082538580246912,0.7464645355821876,0,1,6,8
random,15,143,0.006602925925925924,0.9352028352316922,0.8397191227596315,0.010785590277777778,0.8527487018601022,2,2,6,5
random,15,144,0.014093296296296296,0.9860139860139862,0.9393939393939392,0.019201157407407413,0.7715144027288486,0,3,6,6
random,15,145,0.0022147777777777778,0.9300699300699302,0.8181818181818181,0.015888136574074077,0.8654582484601978,1,4,2,8
random,15,146,0.0024755185185185184,0.9702291586486097,0.9007896044148774,0.013815354938271601,0.7097435189611628,0,4,7,4
random,15,147,0.002020703703703704,0.9667265263069179,0.9007896044148774,0.015323090277777783,0.9393232397920296,2,2,6,5
random,15,148,0.005743666666666664,0.9562186292818428,0.8702543635872545,0.031479571759259264,0.7080065668733855,1,3,4,7
random,15,149,0.022217740740740743,0.8861659824480081,0.7786486411043856,0.026692534722222223,0.7339317910940673,1,6,4,4
random,15,150,0.005077000000000001,0.9720279720279721,0.909090909090909,0.015774332719198793,0.9336756317331791,2,2,4,7
random,15,151,0.0023777407407407384,0.9860139860139862,0.9393939393939392,0.012745081018518518,0.9217515060670718,2,4,4,5
random,15,152,0.003629592592592589,0.9720279720279721,0.909090909090909,0.024179166666666665,0.7450362991523561,0,3,8,4
random,15,153,0.0053718148148148145,0.9772344233319931,0.9007896044148774,0.018245066846182916,0.8900064822455164,2,4,2,7
random,15,154,0.0015984814814814822,0.9790209790209792,0.909090909090909,0.013863414902998236,0.9372710151228367,0,3,7,5
random,15,155,0.001971814814814814,0.9492133645984593,0.8702543635872545,0.011839429012345677,0.8405495020002087,0,5,5,5
random,15,156,0.0037007037037037043,0.965034965034965,0.8787878787878787,0.02137864583333333,0.8878057393597849,1,3,6,5
random,15,157,0.004681444444444439,0.9246949382066171,0.7786486411043856,0.015488831018518516,0.807791790454525,2,3,4,6
random,15,158,0.030337740740740738,0.9298302852148176,0.8308675641104959,0.04134454994960946,0.9095293904743241,0,7,4,4
random,15,159,0.01135551851851852,0.965034965034965,0.8787878787878787,0.03643674768518518,0.822676997114335,1,4,6,4
random,15,160,0.006743666666666666,0.9440559440559443,0.8181818181818181,0.0196026065287226,0.747717981844943,1,5,7,2
random,15,161,0.0055347777777777765,0.9492133645984593,0.8702543635872545,0.013219984567901228,0.9162726966076047,0,5,4,6
random,15,162,0.007722925925925926,0.9772344233319931,0.9007896044148774,0.026089100292894938,0.8198988649431135,1,4,7,3
random,15,163,0.006204407407407402,0.9632238939652261,0.8702543635872545,0.00898850308641975,0.8760476535752314,0,6,4,5
random,15,164,0.004019222222222226,0.9370629370629372,0.8181818181818181,0.028986226851851846,0.8801504071981714,1,3,8,3
random,15,165,0.004801444444444442,0.9440559440559443,0.8181818181818181,0.025904340277777774,0.8699147212426412,1,4,6,4
random,15,166,0.004656259259259262,0.8741258741258742,0.7272727272727272,0.015180709876543214,0.6809974079761929,0,3,8,4
random,15,167,0.006813296296296294,0.9510489510489512,0.8484848484848484,0.03461660879629629,0.872649662214817,2,3,5,5
random,15,168,0.004056259259259259,0.9632238939652261,0.8702543635872545,0.020453414351851856,0.8284810241648641,1,4,5,5
random,15,169,0.017170333333333333,0.900176511814775,0.7786486411043856,0.04545480324074074,0.8882373052492502,1,5,4,5
random,15,170,0.00947107407407407,0.8301238649809404,0.6565076777938937,0.013710196208112877,0.8453321378850309,0,4,4,7
random,15,171,0.013151074074074077,0.9720279720279721,0.909090909090909,0.03478188657407408,0.9460144020312267,2,2,6,5
random,15,172,0.00881922222222222,0.9543918399186052,0.8616404368553291,0.052345350292894936,0.8049219959689503,1,2,7,5
random,15,173,0.006474037037037035,0.965034965034965,0.8787878787878787,0.03312540509259259,0.9428833565745598,1,3,6,5
random,15,174,0.0067614444444444475,0.9580419580419581,0.8484848484848484,0.024639932917611494,0.9113128643969127,0,5,7,3
random,15,175,0.003116999999999997,0.965034965034965,0.8787878787878787,0.014529243827160495,0.8984380918988265,0,6,4,5
random,15,176,0.0028058888888888877,0.9300699300699302,0.8181818181818181,0.019016608796296297,0.7711151849098676,1,4,6,4
random,15,177,0.01828588888888888,0.8631632081616797,0.7385489458759964,0.01636031588561351,0.6323798277606824,0,3,5,7
random,15,178,0.0031658888888888913,0.9930069930069931,0.9696969696969696,0.03579313271604938,0.8359033804617461,0,4,10,1
random,15,179,0.002604407407407409,0.9473742528603802,0.8616404368553291,0.08064612268518517,0.8270014152291318,1,1,8,5
random,15,180,0.01117033333333333,0.9368478722730427,0.8616404368553291,0.030930497685185188,0.761770055092012,1,6,5,3
random,15,181,0.001351074074074074,0.9702291586486097,0.9007896044148774,0.047646238425925934,0.8875573950744355,1,3,5,6
random,15,182,0.003928851851851854,0.9440559440559443,0.8181818181818181,0.031161053240740744,0.9296203923626306,3,3,5,4
random,15,183,0.007324407407407414,0.9230769230769231,0.8484848484848484,0.019833995627572015,0.7876718073978222,1,3,9,2
random,15,184,0.0028132962962962977,0.9317002028900006,0.8091838819320086,0.013245293209876547,0.8908120418038994,0,5,4,6
random,15,185,0.04208292592592593,0.9176896735232337,0.7786486411043856,0.0839116512345679,0.9459209071876702,0,2,5,8
random,15,186,0.00574811111111111,0.9440559440559443,0.8484848484848484,0.01651105324074074,0.8601157947164965,1,5,5,4
random,15,187,0.00509774074074074,0.9527159969401509,0.8397191227596315,0.027497334419879067,0.7772504480071216,2,3,7,3
random,15,188,0.0034473703703703693,0.9422080999150758,0.8397191227596315,0.025550868055555554,0.8258490198334482,1,3,6,5
random,15,189,0.004755518518518518,0.8811188811188813,0.7272727272727272,0.010528442696523053,0.7211137612011628,2,4,7,2
random,15,190,0.023635518518518524,0.9457107322567676,0.8397191227596315,0.02719807098765432,0.8890241022165938,0,3,6,6
random,15,191,0.0028607037037037034,0.9720279720279721,0.909090909090909,0.0128666087962963,0.9120388928489793,2,5,4,4
random,15,192,0.005533296296296296,0.9772344233319931,0.9313248452425005,0.0473400462962963,0.9290685055604743,0,3,8,4
random,15,193,0.013739222222222224,0.9580419580419581,0.8484848484848484,0.023303780864197533,0.7513362464163716,0,4,8,3
random,15,194,0.0012132962962962957,0.9860139860139862,0.9393939393939392,0.013203009259259255,0.8016007798250083,0,2,10,3
random,15,195,0.006668111111111115,0.9860139860139862,0.9393939393939392,0.029458275462962966,0.9148325095188286,2,4,4,5
random,15,196,0.003940703703703704,0.9352028352316922,0.7786486411043856,0.07049637030738219,0.8445410902889625,0,3,5,7
random,15,197,0.00990218518518519,0.9720279720279721,0.909090909090909,0.031680169753086414,0.8553611931591595,0,5,5,5
random,15,198,0.021296259259259254,0.965034965034965,0.8787878787878787,0.0427341049382716,0.7460867347741827,0,5,8,2
random,15,199,0.011420703703703699,0.99124495269876,0.9618600860701234,0.03542492283950617,0.8685179065508634,0,4,6,5
random,20,0,0.0018853333333333328,0.9790209790209792,0.909090909090909,0.008009799382716051,0.7589899299970787,0,4,8,8
random,20,1,0.002706999999999998,0.9790209790209792,0.909090909090909,0.021508152636054424,0.7629034094009032,1,6,7,6
random,20,2,0.0024003333333333355,0.9370629370629372,0.8484848484848484,0.03228331640526581,0.9337393444284344,2,2,9,7
random,20,3,0.003275333333333335,0.965034965034965,0.8787878787878787,0.038000250771604946,0.9399698614251217,2,4,5,9
random,20,4,0.0008853333333333342,0.9580419580419581,0.8787878787878787,0.006864262093726379,0.9337887924764808,2,3,7,8
random,20,5,0.0027503333333333308,0.9580419580419581,0.8787878787878787,0.02077082506613757,0.8480830653694356,1,4,8,7
random,20,6,0.017097,0.9754446010932804,0.9231861823449954,0.040552083333333336,0.8573558315331281,1,6,5,8
random,20,7,0.009877000000000002,0.9790209790209792,0.909090909090909,0.03564438657407407,0.8379334178571682,1,5,10,4
random,20,8,0.001695333333333335,0.99124495269876,0.9618600860701234,0.039019386574074076,0.804845064982256,1,3,10,6
random,20,9,0.0010720000000000013,0.965034965034965,0.8787878787878787,0.020904976851851855,0.8770737506331998,1,5,6,8
random,20,10,0.0032603333333333325,0.9580419580419581,0.8484848484848484,0.032827719907407404,0.8032339094767742,1,2,7,10
random,20,11,0.002552000000000005,0.9772344233319931,0.9007896044148774,0.016903079989711935,0.9221162550100591,2,5,9,4
random,20,12,0.00250033333333333,0.9562186292818428,0.8397191227596315,0.014311134731670444,0.9082968319723032,0,4,9,7
random,20,13,0.006618666666666665,0.9300699300699302,0.8181818181818181,0.018740888631687245,0.9296893437158151,1,5,9,5
random,20,14,0.0029136666666666703,0.9860139860139862,0.9393939393939392,0.07555617532519589,0.8052634948995442,0,2,11,7
random,20,15,0.0066970000000000016,0.9720279720279721,0.909090909090909,0.012423501800411524,0.8990788912347571,1,6,9,4
random,20,16,0.005722000000000001,0.9772344233319931,0.9313248452425005,0.024147412761400863,0.9117876033467843,0,7,5,8
random,20,17,0.0020036666666666653,0.9790209790209792,0.909090909090909,0.011141589506172842,0.7160235889885979,0,6,10,4
random,20,18,0.010406999999999998,0.9860139860139862,0.9393939393939392,0.010324477023319617,0.7918486387373335,0,5,9,6
random,20,19,0.006412,0.9403566658021552,0.8616404368553291,0.01822183602607709,0.809742772136781,2,7,8,3
random,20,20,0.01027866666666667,0.9632238939652261,0.8702543635872545,0.02445504417044596,0.8328972725176775,1,5,7,7
random,20,21,0.0028186666666666677,0.9562186292818428,0.8702543635872545,0.018785486347316707,0.9302839398662215,2,5,7,6
random,20,22,0.0008969999999999994,0.9930069930069931,0.9696969696969696,0.019630439814814816,0.8991108833577995,1,5,6,8
random,20,23,0.0026469999999999983,0.9684270140350553,0.8924133096001623,0.009599628369866465,0.8471750328524057,0,8,7,5
random,20,24,0.002068666666666667,0.9807370556736849,0.9313248452425005,0.013915914351851851,0.9283402725298203,2,6,8,4
random,20,25,0.002423666666666671,0.9982502173821435,0.9923953268977463,0.011621932870370366,0.8705272942808604,2,3,12,3
random,20,26,0.008786999999999998,0.9580419580419581,0.8484848484848484,0.02844292052469136,0.7944108297163103,1,4,6,9
random,20,27,0.010468666666666663,0.9562186292818428,0.9007896044148774,0.02175358796296296,0.8835170417179627,2,5,5,8
random,20,28,0.004805333333333337,0.9246949382066171,0.8397191227596315,0.01950039564436886,0.8500856789628489,1,2,7,10
random,20,29,0.0027136666666666663,0.9580419580419581,0.8787878787878787,0.05741542566872428,0.8799002206428745,2,4,9,5
random,20,30,0.00814533333333333,0.9580419580419581,0.8484848484848484,0.027306997984378936,0.814181970855372,0,5,7,8
random,20,31,0.004150333333333331,0.9720279720279721,0.909090909090909,0.04634253472222223,0.8554169517375607,1,5,9,5
random,20,32,0.008542,0.9580419580419581,0.8484848484848484,0.014548193158436213,0.8709445419334231,3,5,9,3
random,20,33,0.002737000000000001,0.9422080999150758,0.8397191227596315,0.03402391975308642,0.9592376673659695,0,2,8,10
random,20,34,0.0024103333333333333,0.9930069930069931,0.9696969696969696,0.013756835133744861,0.9161353508921555,2,3,9,6
random,20,35,0.003413666666666662,0.9790209790209792,0.909090909090909,0.015693885818216173,0.8721321857949808,2,7,6,5
random,20,36,0.041862,0.9860139860139862,0.9393939393939392,0.03199809027777778,0.9524558559770517,2,8,6,4
random,20,37,0.0018253333333333327,0.965034965034965,0.8787878787878787,0.01183690358087679,0.8798781516259933,1,7,5,7
random,20,38,0.0014203333333333344,0.9614094269768303,0.8924133096001623,0.0264228587962963,0.8050916381782686,1,3,12,4
random,20,39,0.014263666666666668,0.965034965034965,0.8787878787878787,0.06605666257243638,0.6171456313383475,0,1,7,12
random,20,40,0.0036420000000000024,0.9790209790209792,0.9393939393939392,0.014004326886287114,0.9357694653653016,1,4,11,4
random,20,41,0.005705333333333334,0.9090909090909092,0.7878787878787877,0.020599365787981862,0.9441573933993768,2,7,6,5
random,20,42,0.002860333333333335,0.9632238939652261,0.8702543635872545,0.008209246661627612,0.7666059111933635,0,5,8,7
random,20,43,0.0010903333333333331,0.9930069930069931,0.9696969696969696,0.016725456532921814,0.8370644080001948,1,4,9,6
random,20,44,0.0015386666666666667,0.9702291586486097,0.9007896044148774,0.024789344837261505,0.8574755208964847,0,5,11,4
random,20,45,0.00501866666666667,0.9790209790209792,0.9393939393939392,0.021615856481481486,0.8875389587899921,2,6,8,4
random,20,46,0.003275333333333332,0.9510489510489512,0.8484848484848484,0.03062482638888889,0.9461202903560979,4,3,8,5
random,20,47,0.0034253333333333345,0.9510489510489512,0.8181818181818181,0.021505497685185188,0.9270597712438543,1,5,10,4
random,20,48,0.0022403333333333338,0.9632238939652261,0.8702543635872545,0.01644960199357521,0.8498381684008679,1,5,7,7
random,20,49,0.002733666666666666,0.9370629370629372,0.8181818181818181,0.013416666666666665,0.8426574031477668,3,4,8,5
random,20,50,0.0016936666666666645,0.9860139860139862,0.9393939393939392,0.01765451506991686,0.887291063245927,2,5,7,6
random,20,51,0.00432366666666667,0.9300699300699302,0.8181818181818181,0.008386628277726764,0.9100141971662051,0,4,11,5
random,20,52,0.006016999999999998,0.9930069930069931,0.9696969696969696,0.024399942129629634,0.863594234311005,2,4,10,4
random,20,53,0.0032053333333333326,0.9860139860139862,0.9393939393939392,0.005040914351851854,0.8643369917332732,4,4,6,6
random,20,54,0.0013403333333333349,0.9492133645984593,0.8397191227596315,0.012243727954144615,0.9142822295225924,0,7,8,5
random,20,55,0.0011403333333333335,0.9790209790209792,0.909090909090909,0.01190358796296296,0.8515423302124168,2,5,8,5
random,20,56,0.005538666666666667,0.9842396880153765,0.9313248452425005,0.03403520383761861,0.9169671107189626,1,4,11,4
random,20,57,0.008026999999999994,0.9562186292818428,0.8702543635872545,0.02181550335411943,0.8881651656066598,1,7,6,6
random,20,58,0.0016586666666666679,0.9930069930069931,0.9696969696969696,0.03633746784979423,0.8328017194441094,1,4,9,6
random,20,59,0.009533666666666663,0.9860139860139862,0.9393939393939392,0.039276512240698745,0.7214759583963425,0,4,9,7
random,20,60,0.0012719999999999997,0.9930069930069931,0.9696969696969696,0.020671175831443688,0.9050141658120008,1,7,8,4
random,20,61,0.002355333333333334,0.9562186292818428,0.8702543635872545,0.02551210776748971,0.9600695347775147,2,4,5,9
random,20,62,0.012977,0.965034965034965,0.8787878787878787,0.06264953124902393,0.6854131412354306,1,1,11,7
random,20,63,0.0067803333333333335,0.8931712471313915,0.7481134002767627,0.022280148100907025,0.8994010103295923,2,5,6,7
random,20,64,0.0015736666666666666,0.9982502173821435,0.9923953268977463,0.004467129629629628,0.9469961567433258,2,4,8,6
random,20,65,0.00404366666666667,0.9510489510489512,0.8787878787878787,0.020326746740362816,0.934170121754237,1,7,6,6
random,20,66,0.017533666666666663,0.9300699300699302,0.7878787878787877,0.05212792566872429,0.8877372163492392,1,5,5,9
random,20,67,0.012940333333333326,0.9772344233319931,0.9313248452425005,0.026959843868102795,0.915904417767093,2,5,7,6
random,20,68,0.009846999999999996,0.9860139860139862,0.9393939393939392,0.020594367283950626,0.6502392951163701,0,4,10,6
random,20,69,0.0029253333333333336,0.9580419580419581,0.8484848484848484,0.005873379629629627,0.8760875442903417,0,3,10,7
random,20,70,0.004927000000000002,0.9790209790209792,0.9393939393939392,0.01062193287037037,0.9458992219407646,2,8,4,6
random,20,71,0.002665333333333334,0.9580419580419581,0.8484848484848484,0.0169947833994709,0.9350215810343868,1,6,7,6
random,20,72,0.0023353333333333334,0.9246949382066171,0.8091838819320086,0.0650405986952862,0.72846669813351,1,2,11,6
random,20,73,0.004390333333333334,0.9440559440559443,0.8181818181818181,0.049624119084362144,0.8470081437910983,1,1,9,9
random,20,74,0.001977,0.9720279720279721,0.909090909090909,0.013842920524691358,0.935070477229308,2,4,9,5
random,20,75,0.0016953333333333351,0.9370629370629372,0.8484848484848484,0.018110744598765435,0.830646522290959,1,6,9,4
random,20,76,0.0009736666666666668,0.9790209790209792,0.9393939393939392,0.014035185185185187,0.9713704600428371,2,5,5,8
random,20,77,0.02344533333333332,0.9492133645984593,0.8397191227596315,0.04127480985449735,0.8547705468009769,2,6,7,5
random,20,78,0.0014303333333333323,0.965034965034965,0.8787878787878787,0.00973243457105064,0.9462359128289556,2,6,7,5
random,20,79,0.005602000000000004,0.9736514943497644,0.9149761402251629,0.0277778101904342,0.9387723753204584,1,3,9,7
random,20,80,0.004863666666666667,0.9020979020979022,0.7878787878787877,0.013606095679012338,0.7919362950246155,0,5,3,12
random,20,81,0.0028403333333333336,0.9580419580419581,0.8787878787878787,0.014372395833333333,0.8229555455512307,1,6,8,5
random,20,82,0.0026670000000000023,0.9842396880153765,0.9313248452425005,0.020149717078189303,0.8557849762311522,0,5,9,6
random,20,83,0.003791999999999999,0.9370629370629372,0.8181818181818181,0.009602391975308646,0.6946897742706853,0,5,10,5
random,20,84,0.003148666666666668,0.938705467573384,0.8397191227596315,0.015827256944444448,0.8677512865435228,1,3,10,6
random,20,85,0.002115333333333333,0.9789533946223928,0.9231861823449954,0.021229280972604844,0.8140447834490329,2,5,11,2
random,20,86,0.0047903333333333305,0.9281975705483089,0.8091838819320086,0.012481485945311704,0.9078426837474568,0,3,11,6
random,20,87,0.0015103333333333325,0.9510489510489512,0.8484848484848484,0.019371122685185187,0.866429660345664,1,6,5,8
random,20,88,0.002392000000000002,0.9860139860139862,0.9393939393939392,0.018722887560267368,0.8576050825870429,1,2,13,4
random,20,89,0.006653666666666663,0.9702291586486097,0.9007896044148774,0.02701964739905757,0.9635092666077903,0,2,11,7
random,20,90,0.0052053333333333335,1.0,0.9999999999999998,0.02983032407407408,0.8671454707361241,1,6,8,5
random,20,91,0.0024553333333333324,0.9580419580419581,0.8787878787878787,0.008737239124044675,0.9313504462055189,0,9,4,7
random,20,92,0.002015333333333334,0.9720279720279721,0.909090909090909,0.015767226080246912,0.8656530849698186,3,5,9,3
random,20,93,0.004762000000000001,0.9790209790209792,0.9393939393939392,0.012247550154320986,0.9344649947863395,2,4,5,9
random,20,94,0.005327000000000005,0.9422080999150758,0.8397191227596315,0.04251936728395062,0.9101728151564267,0,4,10,6
random,20,95,0.009458666666666666,0.9580419580419581,0.8484848484848484,0.02556990804509744,0.8490000922231227,0,5,11,4
random,20,96,0.001648666666666669,0.9720279720279721,0.909090909090909,0.031032481812169315,0.8867320629481137,1,4,8,7
random,20,97,0.0007869999999999996,0.9860139860139862,0.9393939393939392,0.01686113827475435,0.8616632398624119,1,7,8,4
random,20,98,0.0016036666666666654,0.9964973622679555,0.9847319278346618,0.05751830590745635,0.7547668481031495,0,2,11,7
random,20,99,0.001791999999999999,0.9860139860139862,0.9393939393939392,0.02230625,0.8748743556545453,1,3,8,8
random,20,100,0.008176999999999999,0.8931712471313915,0.8091838819320086,0.019767855961829176,0.8839604121808873,2,7,5,6
random,20,101,0.003827,0.9702291586486097,0.9007896044148774,0.01332447916666667,0.9115269770494081,2,6,6,6
random,20,102,0.003507000000000003,0.8951048951048951,0.7575757575757575,0.010695622323003279,0.9131740796215047,0,5,8,7
random,20,103,0.009903666666666667,0.9720279720279721,0.8787878787878787,0.07596658950617284,0.7706742472089934,0,6,8,6
random,20,104,0.002465333333333333,0.9510489510489512,0.8484848484848484,0.014034983623078858,0.9165749145419221,0,5,8,7
random,20,105,0.004596999999999995,0.965034965034965,0.8787878787878787,0.014669039351851852,0.8358986621171198,1,8,5,6
random,20,106,0.0029653333333333337,0.9754446010932804,0.9231861823449954,0.009141537934618294,0.8743110675938873,2,7,7,4
random,20,107,0.004821999999999997,0.9632238939652261,0.8702543635872545,0.024108944187242805,0.8598355660466321,1,4,9,6
random,20,108,0.009055333333333332,0.9230769230769231,0.7878787878787877,0.010643449231544469,0.9400767648340472,0,5,7,8
random,20,109,0.015263666666666661,0.9772344233319931,0.9313248452425005,0.06010220970332577,0.7598190680805603,1,4,7,8
random,20,110,0.0022070000000000006,0.9702291586486097,0.9007896044148774,0.042291438728269085,0.8878004730639584,1,5,7,7
random,20,111,0.008160333333333335,0.9510489510489512,0.8484848484848484,0.03211704497627793,0.8775996688604963,3,3,11,3
random,20,112,0.0012536666666666653,0.9790209790209792,0.9393939393939392,0.03061856352880659,0.9454809467247588,1,5,5,9
random,20,113,0.0016569999999999998,0.9930069930069931,0.9696969696969696,0.01977447916666667,0.8925051562351137,2,5,10,3
random,20,114,0.0011253333333333343,0.9300699300699302,0.8181818181818181,0.006051774691358022,0.8453728853922448,0,4,10,6
random,20,115,0.0025570000000000002,0.9211923058649254,0.7786486411043856,0.012287439986282579,0.8176850204371983,0,5,9,6
random,20,116,0.0020836666666666677,0.9702291586486097,0.9007896044148774,0.015511818468778698,0.8298089105759421,1,3,11,5
random,20,117,0.0022120000000000026,0.9930069930069931,0.9696969696969696,0.006102054159014389,0.8678601927340343,2,2,5,11
random,20,118,0.004900333333333333,0.9894797752097304,0.9539590550898286,0.025310532885674926,0.8609428911561228,3,3,11,3
random,20,119,0.007572,0.9160839160839163,0.7878787878787877,0.015686325445816187,0.8327071581200801,0,8,3,9
random,20,120,0.0023486666666666673,0.9370629370629372,0.8484848484848484,0.029366665485638703,0.8916621333600905,1,7,7,5
random,20,121,0.006423666666666661,0.9352028352316922,0.8091838819320086,0.015322743055555555,0.8107599974160999,1,3,8,8
random,20,122,0.0022069999999999985,0.9440559440559443,0.8484848484848484,0.019312442129629626,0.9113586083286502,1,5,8,6
random,20,123,0.0030869999999999973,0.9860139860139862,0.9393939393939392,0.01765609567901234,0.7814144014079795,0,5,12,3
random,20,124,0.0019836666666666666,0.9630004066674477,0.8754275592730113,0.01947309027777778,0.8617065802812938,2,5,3,10
random,20,125,0.001800333333333332,0.9790209790209792,0.909090909090909,0.013520910493827164,0.8999912731215581,0,5,9,6
random,20,126,0.004300333333333331,0.9492133645984593,0.8397191227596315,0.01592054398148148,0.8072422073282236,2,3,12,3
random,20,127,0.0015119999999999992,0.9106844088398501,0.8397191227596315,0.02328651620370371,0.8329895604693793,1,6,10,3
random,20,128,0.0051553333333333356,0.9510489510489512,0.8484848484848484,0.0038556116722783386,0.967245017461322,4,0,11,5
random,20,129,0.006013666666666666,0.9720279720279721,0.909090909090909,0.018549402006172843,0.8692288803943558,3,4,9,4
random,20,130,0.006492,0.99124495269876,0.9618600860701234,0.026981230869299048,0.8854815124533476,0,3,11,6
random,20,131,0.002772000000000003,0.99124495269876,0.9618600860701234,0.02256740612139918,0.9233266215389997,1,4,9,6
random,20,132,0.0009720000000000002,0.9508830463894927,0.8616404368553291,0.015561876286008233,0.8690590513591839,1,6,9,4
random,20,133,0.012170333333333332,0.9562186292818428,0.8702543635872545,0.03734737011316873,0.8618703931030531,3,2,6,9
random,20,134,0.0037786666666666667,0.900176511814775,0.7481134002767627,0.012760706018518517,0.8138753577186457,2,5,8,5
random,20,135,0.0021403333333333318,0.9772344233319931,0.9313248452425005,0.07719224108367627,0.8488678846547487,0,6,9,5
random,20,136,0.002250333333333332,0.9649182205059428,0.8924133096001623,0.02492658822016462,0.895924551286961,1,5,9,5
random,20,137,0.0021436666666666705,0.9510489510489512,0.8484848484848484,0.021405611063869994,0.9332467069522177,1,5,7,7
random,20,138,0.026403666666666662,0.9492133645984593,0.8397191227596315,0.06408859756865709,0.7636811707643477,0,3,10,7
random,20,139,0.0007853333333333315,0.9930069930069931,0.9696969696969696,0.005084422153635119,0.9059753504349306,0,5,9,6
random,20,140,0.007423666666666669,0.9457107322567676,0.8702543635872545,0.048114525462962965,0.8873159645887208,2,4,10,4
random,20,141,0.0010686666666666668,0.9860139860139862,0.9393939393939392,0.026818865740740744,0.940885791393871,1,5,6,8
random,20,142,0.020308666666666666,0.9720279720279721,0.909090909090909,0.034620137707860925,0.8850525272093185,1,8,7,4
random,20,143,0.008155333333333337,0.99124495269876,0.9618600860701234,0.02027689686213992,0.9449020641322221,3,4,9,4
random,20,144,0.007172000000000002,0.9842396880153765,0.9313248452425005,0.045060204475308646,0.7845245362138824,1,4,9,6
random,20,145,0.017342,0.9230769230769231,0.8181818181818181,0.022929914651045602,0.8543713232072133,0,5,8,7
random,20,146,0.002412000000000003,0.9842396880153765,0.9313248452425005,0.027446135545267484,0.8334004124374288,2,3,6,9
random,20,147,0.0023903333333333346,0.9300699300699302,0.8181818181818181,0.01975959362139918,0.9491226293767054,0,5,9,6
random,20,148,0.0007803333333333299,0.9789533946223928,0.9231861823449954,0.017071469907407412,0.8417509567997115,1,4,10,5
random,20,149,0.007308666666666666,0.9492133645984593,0.8397191227596315,0.02079387947565858,0.8791852641402177,0,7,9,4
random,20,150,0.004523666666666667,0.9580419580419581,0.8484848484848484,0.007986053240740743,0.8636478030959001,2,6,10,2
random,20,151,0.0015869999999999988,0.9860139860139862,0.9393939393939392,0.019105857767489708,0.9101226760589134,1,6,9,4
random,20,152,0.0019120000000000029,0.9894797752097304,0.9539590550898286,0.011973553240740745,0.8732399523218737,1,6,10,3
random,20,153,0.001998666666666669,0.9860139860139862,0.9393939393939392,0.016200636574074074,0.8358088704891432,1,4,9,6
random,20,154,0.001993666666666665,0.9720279720279721,0.909090909090909,0.010279930791761151,0.823727395403143,2,6,7,5
random,20,155,0.006602000000000001,0.9860139860139862,0.9393939393939392,0.02080704089506173,0.9271246725941277,1,5,9,5
random,20,156,0.0013036666666666667,0.9860139860139862,0.9393939393939392,0.007363112953514739,0.8253182303745752,2,7,5,6
random,20,157,0.009057,0.9300699300699302,0.8181818181818181,0.024128973194718385,0.8147067717794416,1,4,13,2
random,20,158,0.004020333333333334,0.9720279720279721,0.909090909090909,0.04340678894242883,0.8470613600656618,3,1,7,9
random,20,159,0.008330333333333337,0.9772344233319931,0.9313248452425005,0.025874247685185182,0.9339043640016529,1,5,10,4
random,20,160,0.00038866666666666645,1.0,0.9999999999999998,0.019095575256851714,0.8485574538469131,0,7,4,9
random,20,161,0.001986999999999999,0.965034965034965,0.8787878787878787,0.020456087105624143,0.8675730052055718,0,3,9,8
random,20,162,0.0016603333333333355,0.9510489510489512,0.8787878787878787,0.008272275762156715,0.873056001019081,0,5,8,7
random,20,163,0.012600333333333337,0.9510489510489512,0.8787878787878787,0.025622529289493576,0.8626217910662036,1,8,4,7
random,20,164,0.003985333333333329,0.9492133645984593,0.8397191227596315,0.017703045871126227,0.8636939505672949,1,8,4,7
random,20,165,0.0020520000000000004,0.9577702286774382,0.8839599998785472,0.013950069680650035,0.8772268313684439,2,7,7,4
random,20,166,0.004145333333333333,0.9510489510489512,0.8484848484848484,0.015455611063869992,0.7863510863040745,1,7,5,7
random,20,167,0.0014470000000000015,0.9562186292818428,0.9007896044148774,0.014644159816704461,0.935352768993994,1,5,7,7
random,20,168,0.002452000000000001,0.9510489510489512,0.8484848484848484,0.02009550146447468,0.9430220141352068,1,6,7,6
random,20,169,0.0024803333333333344,0.9597212616235344,0.8702543635872545,0.018917620937263794,0.9193616275031653,2,3,7,8
random,20,170,0.004360333333333329,0.8877247628654673,0.7693218186208295,0.03782026880196522,0.8217709121811279,2,8,7,3
random,20,171,0.006710333333333326,0.9211923058649254,0.8091838819320086,0.014379716238347192,0.8827175439224172,0,5,7,8
random,20,172,0.00615866666666667,0.9860139860139862,0.9393939393939392,0.014457375257201643,0.9033132170828861,2,4,9,5
random,20,173,0.004918666666666666,0.9930069930069931,0.9696969696969696,0.014023676067649284,0.8891665572204293,2,7,6,5
random,20,174,0.003393666666666668,0.9806814690382103,0.9149761402251629,0.019973411517384732,0.9306545192362211,1,5,7,7
random,20,175,0.004035333333333333,0.9860139860139862,0.9393939393939392,0.009868795010288065,0.8042666258945866,2,5,9,4
random,20,176,0.0055403333333333285,0.9964973622679555,0.9847319278346618,0.026394849537037038,0.9261956627197342,1,6,10,3
random,20,177,0.0022236666666666676,0.9720279720279721,0.909090909090909,0.014510543036659107,0.9295721448906333,1,5,7,7
random,20,178,0.004951999999999996,0.965034965034965,0.8787878787878787,0.02194688090513983,0.863640325119112,2,4,7,7
random,20,179,0.006155333333333333,0.9860139860139862,0.9393939393939392,0.020532995559334848,0.9349137598316564,1,8,4,7
random,20,180,0.0011803333333333338,0.9790209790209792,0.909090909090909,0.018471084104938276,0.9021762721604558,1,4,9,6
random,20,181,0.002628666666666668,0.9492133645984593,0.8397191227596315,0.03837789351851852,0.9286842092184964,1,1,10,8
random,20,182,0.013352000000000001,0.9842396880153765,0.9313248452425005,0.03022355324074074,0.9478609746075259,2,2,10,6
random,20,183,0.0033636666666666715,0.9860139860139862,0.9393939393939392,0.011400383834089192,0.8313000538150777,2,3,8,7
random,20,184,0.007766999999999999,0.9702291586486097,0.9007896044148774,0.02607048850244873,0.8872780772176434,1,3,11,5
random,20,185,0.017425333333333334,0.9790209790209792,0.909090909090909,0.032766608796296295,0.9337498445028957,2,7,4,7
random,20,186,0.0025319999999999965,0.965034965034965,0.909090909090909,0.013955065428949358,0.8958453015006239,1,8,7,4
random,20,187,0.0008536666666666684,0.9702291586486097,0.9007896044148774,0.006131785399344923,0.8485339719046506,0,5,8,7
random,20,188,0.005228666666666666,0.9436853723733583,0.8529438595319315,0.022773842592592596,0.8861852236198982,1,5,6,8
random,20,189,0.001325333333333334,0.9842396880153765,0.9313248452425005,0.008917206790123457,0.9318930173513286,0,6,9,5
random,20,190,0.0018519999999999988,0.9230769230769231,0.7878787878787877,0.029261884684429324,0.8198989496668223,2,5,7,6
random,20,191,0.012880333333333325,0.9930069930069931,0.9696969696969696,0.030377977109053496,0.9065650308678868,1,4,6,9
random,20,192,0.006165333333333334,0.9246949382066171,0.8091838819320086,0.016660624713039487,0.8313886986466553,1,2,11,6
random,20,193,0.0018453333333333351,0.9580419580419581,0.8484848484848484,0.01717545653292181,0.9065634042424217,1,5,9,5
random,20,194,0.008743666666666665,0.9580419580419581,0.8787878787878787,0.06068188657407407,0.5883470517905973,1,3,10,6
random,20,195,0.005002,0.9860139860139862,0.9393939393939392,0.007913496656378602,0.8860244556532542,2,5,9,4
random,20,196,0.005156999999999999,0.9930069930069931,0.9696969696969696,0.022080803776400367,0.8995683652099827,1,3,11,5
random,20,197,0.004588666666666664,0.9790209790209792,0.909090909090909,0.019311588246409682,0.8960158740942412,1,7,8,4
random,20,198,0.009413666666666666,0.9579006334477178,0.8616404368553291,0.03725588151927438,0.8195908031226994,0,3,10,7
random,20,199,0.026562000000000002,0.9632238939652261,0.8702543635872545,0.038980965372260014,0.9249248837464779,2,4,7,7
random,25,0,0.0009249999999999996,0.9877423203570683,0.9618600860701234,0.01757458021017049,0.8221340384564632,1,7,9,8
random,25,1,0.005743666666666667,0.9370629370629372,0.8181818181818181,0.008164834583205797,0.8942067506861133,0,11,7,7
random,25,2,0.005535666666666667,0.9440559440559443,0.8181818181818181,0.012454392243008316,0.8805316180749326,2,7,12,4
random,25,3,0.000669,0.9790209790209792,0.9393939393939392,0.01231892361111111,0.8177957468963368,3,5,10,7
random,25,4,0.005151666666666666,0.9720279720279721,0.909090909090909,0.017680270927815572,0.8870875533028381,1,7,12,5
random,25,5,0.0011836666666666662,0.9510489510489512,0.8484848484848484,0.009807947530864199,0.8439761494093801,0,10,10,5
random,25,6,0.001058333333333332,0.965034965034965,0.8787878787878787,0.010736548353909468,0.8579126655583541,0,6,9,10
random,25,7,0.004610333333333335,0.9632238939652261,0.9007896044148774,0.0242806925547997,0.9308789452209417,2,7,8,8
random,25,8,0.0007836666666666674,0.9720279720279721,0.909090909090909,0.012362357095616025,0.9012898752304522,1,5,12,7
random,25,9,0.005812999999999999,0.9492133645984593,0.8397191227596315,0.007711141030486267,0.8635812738870011,0,4,14,7
random,25,10,0.0025783333333333327,0.9720279720279721,0.909090909090909,0.006740591143864952,0.9771343096005042,0,8,7,10
random,25,11,0.009199666666666663,0.9492133645984593,0.8397191227596315,0.012217688299599676,0.9161669546092847,0,9,9,7
random,25,12,0.005826333333333332,0.9772344233319931,0.9313248452425005,0.014271940481439488,0.9311007777254474,1,9,8,7
random,25,13,0.003069,0.9877423203570683,0.9618600860701234,0.005058198696145124,0.9626893188344134,3,7,7,8
random,25,14,0.002805,0.9632238939652261,0.8702543635872545,0.019104108796296294,0.823905643799022,1,4,10,10
random,25,15,0.0031836666666666667,0.9300699300699302,0.8484848484848484,0.017056603917967553,0.841555668780656,2,4,11,8
random,25,16,0.007453000000000002,0.9440559440559443,0.8484848484848484,0.012068602371504157,0.8147993253769518,3,7,10,5
random,25,17,0.0015356666666666676,0.9720279720279721,0.909090909090909,0.02191857159489371,0.8382665270091174,2,6,13,4
random,25,18,0.008146333333333334,0.9440559440559443,0.8484848484848484,0.019813368055555555,0.8726091939591357,1,6,8,10
random,25,19,0.00046899999999999915,0.9930069930069931,0.9696969696969696,0.005540389231824416,0.9305870557127842,0,6,10,9
random,25,20,0.0019249999999999994,0.9720279720279721,0.909090909090909,0.01854618698559671,0.9130615073361875,1,5,10,9
random,25,21,0.0018529999999999955,0.9790209790209792,0.9393939393939392,0.01709212962962963,0.9214831218090782,1,8,8,8
random,25,22,0.009034333333333335,0.99124495269876,0.9618600860701234,0.0380150462962963,0.9414359862271812,0,3,12,10
random,25,23,0.005058333333333332,0.9807370556736849,0.9313248452425005,0.02074832175925926,0.8939115762169961,2,5,12,6
random,25,24,0.0013969999999999961,0.9790209790209792,0.9393939393939392,0.009598688271604932,0.9082096922672919,0,5,10,10
random,25,25,0.006541000000000002,0.9702291586486097,0.9007896044148774,0.03850148382987263,0.906910163354988,1,7,11,6
random,25,26,0.004367666666666664,0.9614094269768303,0.8616404368553291,0.016070232714999584,0.8211380173768896,1,7,9,8
random,25,27,0.002386333333333332,0.9720279720279721,0.909090909090909,0.02146199454931192,0.8328745520480009,1,6,11,7
random,25,28,0.0015543333333333353,0.9790209790209792,0.9393939393939392,0.01222414847883598,0.943417913853832,1,5,12,7
random,25,29,0.004626333333333332,0.9790209790209792,0.9393939393939392,0.009950266713855727,0.8242553974084219,1,4,9,11
random,25,30,0.0024556666666666646,0.9790209790209792,0.9393939393939392,0.008247833076131687,0.8858078715307646,1,6,9,9
random,25,31,0.0021089999999999993,0.9281975705483089,0.8091838819320086,0.013932094434996224,0.9507132013474237,3,5,10,7
random,25,32,0.005023666666666667,0.9702291586486097,0.9007896044148774,0.017739924125514398,0.8801902734798059,2,9,6,8
random,25,33,0.0012716666666666664,0.99124495269876,0.9618600860701234,0.00583119212962963,0.9304564024347818,2,5,10,8
random,25,34,0.01813033333333333,0.9860139860139862,0.9393939393939392,0.030795140463592843,0.9123416112458876,0,7,8,10
random,25,35,0.0047196666666666645,0.9807370556736849,0.9313248452425005,0.019845851824457594,0.8624434688554531,1,3,13,8
random,25,36,0.010202333333333334,0.9702291586486097,0.9007896044148774,0.057198732363315706,0.9054502486700459,0,6,12,7
random,25,37,0.0069463333333333295,0.9720279720279721,0.909090909090909,0.009828381283068784,0.8462495212315684,3,5,10,7
random,25,38,0.004234333333333334,0.9790209790209792,0.909090909090909,0.029147393707699896,0.7723327571522565,1,4,11,9
random,25,39,0.0020583333333333335,0.9720279720279721,0.909090909090909,0.01737874871399177,0.9093116514023996,1,9,9,6
random,25,40,0.002223666666666665,0.9772344233319931,0.9313248452425005,0.010643479544595614,0.934656265665963,1,5,12,7
random,25,41,0.0034583333333333363,0.9527159969401509,0.8702543635872545,0.014931494836182335,0.8507354307878754,1,5,13,6
random,25,42,0.0012583333333333363,0.9790209790209792,0.909090909090909,0.009173102875409421,0.9506195617033304,2,7,7,9
random,25,43,0.003756999999999997,0.9790209790209792,0.909090909090909,0.005188716074890319,0.7386519045175808,0,6,8,11
random,25,44,0.004101000000000002,0.9877423203570683,0.9618600860701234,0.018624942129629632,0.9490710720737874,1,3,15,6
random,25,45,0.003013000000000002,0.9702291586486097,0.9007896044148774,0.00591395384542706,0.8632696496703189,3,2,6,14
random,25,46,0.002421000000000003,0.9580419580419581,0.8787878787878787,0.0171499516787125,0.873742412982783,0,7,7,11
random,25,47,0.003127666666666667,0.965034965034965,0.8787878787878787,0.015637716128117915,0.897065683755495,2,7,10,6
random,25,48,0.0019409999999999998,0.9877423203570683,0.9618600860701234,0.010745312500000001,0.9122312602771838,3,5,12,5
random,25,49,0.005876999999999998,0.9370629370629372,0.8181818181818181,0.020315612139917696,0.9210867852947343,0,8,9,8
random,25,50,0.0023596666666666675,0.9702291586486097,0.9007896044148774,0.044342766203703705,0.7888820104109006,1,2,12,10
random,25,51,0.0010956666666666673,0.9702291586486097,0.9007896044148774,0.013637847222222223,0.951370548864334,1,8,12,4
random,25,52,0.0009196666666666653,0.9790209790209792,0.9393939393939392,0.007021303236055671,0.8817666175247618,2,5,11,7
random,25,53,0.0026663333333333335,0.9667265263069179,0.9007896044148774,0.012034818672839507,0.8694296768152203,1,5,9,10
random,25,54,0.011751666666666667,0.965034965034965,0.8787878787878787,0.02965462962962963,0.9241547069171927,1,8,6,10
random,25,55,0.0007569999999999994,0.9930069930069931,0.9696969696969696,0.013614834317501613,0.8630817799357549,2,3,11,9
random,25,56,0.007140999999999997,0.9790209790209792,0.9393939393939392,0.020521292884437728,0.945126410331217,1,8,9,7
random,25,57,0.0013116666666666665,0.9300699300699302,0.8181818181818181,0.020128587962962966,0.9299300451631047,1,8,8,8
random,25,58,0.004141000000000002,0.9772344233319931,0.9313248452425005,0.025735185185185187,0.9451419784412779,1,6,10,8
random,25,59,0.000829,0.9930069930069931,0.9696969696969696,0.016865991512345677,0.89710253590188,2,5,9,9
random,25,60,0.010828999999999998,0.9580419580419581,0.8787878787878787,0.01537430083144369,0.8383431380021262,2,8,7,8
random,25,61,0.0021543333333333367,0.965034965034965,0.8787878787878787,0.00689253472222222,0.9133143997517776,2,5,9,9
random,25,62,0.0027543333333333348,0.9860139860139862,0.9393939393939392,0.01149045138888889,0.8693550042072548,2,4,15,4
random,25,63,0.0026903333333333315,0.9982502173821435,0.9923953268977463,0.018161370674813136,0.9005886190826722,1,8,9,7
random,25,64,0.0015943333333333324,0.9842396880153765,0.9313248452425005,0.012663728137860082,0.8994726041585935,1,9,6,9
random,25,65,0.004052999999999999,0.9580419580419581,0.8787878787878787,0.0054914135330057946,0.8379896537867269,3,6,9,7
random,25,66,0.0021330000000000043,0.9720279720279721,0.909090909090909,0.009596926440329213,0.9700892446526925,3,9,8,5
random,25,67,0.006933000000000004,0.965034965034965,0.8787878787878787,0.02817459490740741,0.9507814562764489,3,6,8,8
random,25,68,0.0008583333333333341,0.9930069930069931,0.9696969696969696,0.021170647911942553,0.8460948957849023,1,5,12,7
random,25,69,0.026516999999999995,0.9807370556736849,0.9313248452425005,0.03832906615582898,0.9052725825804414,0,5,7,13
random,25,70,0.0011863333333333322,0.9930069930069931,0.9696969696969696,0.007299804937704767,0.8882083704202571,0,5,9,11
random,25,71,0.0053409999999999985,0.9807370556736849,0.9313248452425005,0.01621244212962963,0.9124542216486391,1,10,9,5
random,25,72,0.0020983333333333327,0.9860139860139862,0.9393939393939392,0.00981465406378601,0.9468443579716246,2,5,9,9
random,25,73,0.002322333333333334,0.965034965034965,0.8787878787878787,0.013956423611111116,0.9102195572044304,3,6,12,4
random,25,74,0.006898333333333335,0.900176511814775,0.7786486411043856,0.011635519547325104,0.9408059006255979,0,10,9,6
random,25,75,0.008509000000000001,0.9141870411815418,0.8091838819320086,0.02937542871315193,0.8400332757479381,1,5,12,7
random,25,76,0.008695666666666668,0.9702291586486097,0.9007896044148774,0.01102627708490804,0.8822735434727164,0,8,10,7
random,25,77,0.0012343333333333323,0.965034965034965,0.8787878787878787,0.024653856973804206,0.9101932200119424,2,5,7,11
random,25,78,0.01557033333333332,0.9737317909903013,0.9007896044148774,0.03589739583333333,0.8482693542497848,4,3,12,6
random,25,79,0.005615666666666671,0.9667265263069179,0.9007896044148774,0.025295766559829055,0.8584293821847496,1,3,13,8
random,25,80,0.004578333333333332,0.9702291586486097,0.9007896044148774,0.029902111551117237,0.8230500093875521,2,2,10,11
random,25,81,0.0031996666666666645,0.9440559440559443,0.8181818181818181,0.023051678240740746,0.9363410673181313,1,8,10,6
random,25,82,0.0021676666666666693,0.9720279720279721,0.909090909090909,0.02071882030532598,0.9181039155873745,2,6,11,6
random,25,83,0.002431666666666666,0.9930069930069931,0.9696969696969696,0.020841317531374352,0.8694628780141292,1,5,11,8
random,25,84,0.0033996666666666676,0.9632238939652261,0.8702543635872545,0.021053473178757273,0.8429117237892647,1,5,11,8
random,25,85,0.0015303333333333325,0.9860139860139862,0.9393939393939392,0.014836437074829933,0.9036983409542103,1,7,9,8
random,25,86,0.003154333333333335,0.9702291586486097,0.9007896044148774,0.006692591892724167,0.9705030257206366,2,0,14,9
random,25,87,0.008263666666666667,0.9632238939652261,0.8702543635872545,0.01009994212962963,0.918047469147246,3,4,12,6
random,25,88,0.0007889999999999999,0.965034965034965,0.8787878787878787,0.013676262781347107,0.9389291782206014,3,9,6,7
random,25,89,0.006029000000000002,0.9790209790209792,0.9393939393939392,0.02771138392857143,0.8551812821971081,3,3,14,5
random,25,90,0.0012076666666666661,0.9790209790209792,0.9393939393939392,0.006708126243495564,0.8347206402027533,2,6,11,6
random,25,91,0.006711666666666665,0.9580419580419581,0.8484848484848484,0.012134260833963214,0.8542074637337151,0,7,10,8
random,25,92,0.0008609999999999988,0.9562186292818428,0.8702543635872545,0.02127712159473523,0.8121594175739565,1,5,11,8
random,25,93,0.004442333333333333,0.9720279720279721,0.909090909090909,0.01908358410493827,0.8889512635547167,1,5,9,10
random,25,94,0.0024156666666666675,0.965034965034965,0.8787878787878787,0.007632400977366253,0.9031983058827137,1,5,10,9
random,25,95,0.005484999999999997,0.9860139860139862,0.9393939393939392,0.025035706018518518,0.9351434375620695,1,8,12,4
random,25,96,0.002325,0.9842396880153765,0.9313248452425005,0.007855481150793651,0.9334267729138265,4,8,7,6
random,25,97,0.0034503333333333326,0.9930069930069931,0.9696969696969696,0.012040307752462783,0.9734445152360729,2,5,11,7
random,25,98,0.0014930000000000004,0.9580419580419581,0.8484848484848484,0.025980566555708608,0.9083934909725051,2,6,11,6
random,25,99,0.012423666666666664,0.9842396880153765,0.9313248452425005,0.059012879372427975,0.7820564295046455,1,3,12,9
random,25,100,0.0018396666666666668,0.9930069930069931,0.9696969696969696,0.02686352867535903,0.9329213255348577,1,7,12,5
random,25,101,0.003831666666666669,0.965034965034965,0.909090909090909,0.01236753472222222,0.9651143570706595,2,9,10,4
random,25,102,0.0032049999999999978,0.99124495269876,0.9618600860701234,0.010401294581618656,0.8234794490169152,0,6,10,9
random,25,103,0.00659966666666666,0.9649182205059428,0.8924133096001623,0.020509184076905943,0.8843662875143486,0,7,7,11
random,25,104,0.010743666666666667,0.9790209790209792,0.909090909090909,0.029144137508398425,0.8179115545040246,1,7,9,8
random,25,105,0.004853000000000002,0.9720279720279721,0.8787878787878787,0.01703396990740741,0.9336842818212979,3,5,12,5
random,25,106,0.005239666666666666,0.9492133645984593,0.8702543635872545,0.013812491732804232,0.9141206962091292,2,8,8,7
random,25,107,0.0017863333333333325,0.9160839160839163,0.7575757575757575,0.020889654063786005,0.8653311126174325,1,5,10,9
random,25,108,0.009335666666666667,0.9982502173821435,0.9923953268977463,0.025052684870244396,0.846605807796237,0,7,10,8
random,25,109,0.0019330000000000005,0.9930069930069931,0.9696969696969696,0.02422870336127548,0.8511798830704408,1,5,6,13
random,25,110,0.0024236666666666677,0.9790209790209792,0.9393939393939392,0.01607431854686319,0.9487161478954605,2,6,10,7
random,25,111,0.0017543333333333358,0.9860139860139862,0.9393939393939392,0.023982761059670784,0.7817041363445947,1,5,9,10
random,25,112,0.004207666666666664,0.9403566658021552,0.8616404368553291,0.012879089899848825,0.9268508706105697,1,4,14,6
random,25,113,0.001314333333333334,0.9790209790209792,0.909090909090909,0.008859198265509145,0.8347447749676883,3,7,11,4
random,25,114,0.002167666666666665,0.9562186292818428,0.9007896044148774,0.007847443599353321,0.948427988450618,2,7,9,7
random,25,115,0.0015223333333333337,0.965034965034965,0.8787878787878787,0.016055555555555556,0.8869708491386818,1,8,10,6
random,25,116,0.004117000000000005,0.9720279720279721,0.909090909090909,0.020406798912447954,0.9375737362536728,2,4,13,6
random,25,117,0.0015089999999999997,0.9720279720279721,0.909090909090909,0.016178903034979424,0.9146704099337414,1,9,7,8
random,25,118,0.0016849999999999966,0.9860139860139862,0.9393939393939392,0.017936980123201714,0.8865582090009312,1,8,11,5
random,25,119,0.0032289999999999992,0.9790209790209792,0.909090909090909,0.023450344299476247,0.867797261964401,1,4,11,9
random,25,120,0.001778333333333336,0.9667265263069179,0.9007896044148774,0.004481294091710756,0.911240674912428,0,7,10,8
random,25,121,0.001221,0.9860139860139862,0.9393939393939392,0.0184947337962963,0.8582220330045737,2,5,10,8
random,25,122,0.016034333333333334,0.9790209790209792,0.909090909090909,0.02025876414609054,0.9383346302852817,2,6,9,8
random,25,123,0.0014583333333333334,0.9579006334477178,0.8924133096001623,0.03355480324074074,0.9324405910555842,1,10,10,4
random,25,124,0.0028983333333333383,0.9440559440559443,0.8484848484848484,0.023369618055555555,0.9448736086841389,1,6,12,6
random,25,125,0.007106333333333332,1.0,0.9999999999999998,0.010344386574074074,0.9629144717129697,2,5,9,9
random,25,126,0.0011543333333333323,0.9860139860139862,0.9393939393939392,0.01761207411741097,0.9372442054633144,1,6,11,7
random,25,127,0.005247666666666671,0.9300699300699302,0.8181818181818181,0.02365023974867725,0.9062763869485101,2,4,14,5
random,25,128,0.004815666666666665,0.9720279720279721,0.909090909090909,0.009963078703703703,0.8891314322934687,4,4,9,8
random,25,129,0.001458333333333334,0.9930069930069931,0.9696969696969696,0.03975073578042327,0.8823524570873412,3,7,12,3
random,25,130,0.003882333333333338,0.9807370556736849,0.9313248452425005,0.013814107116612077,0.9225114256150311,3,6,7,9
random,25,131,0.0009863333333333352,0.9790209790209792,0.9393939393939392,0.006330324074074073,0.9515901724132678,2,5,10,8
random,25,132,0.0016076666666666659,0.9790209790209792,0.9393939393939392,0.02086730324074074,0.9024629358936772,3,6,8,8
random,25,133,0.009282333333333332,0.99124495269876,0.9618600860701234,0.0204261854657688,0.8272424969196405,0,8,11,6
random,25,134,0.011023666666666675,0.9632238939652261,0.9007896044148774,0.030116145833333337,0.9238208435988378,1,8,12,4
random,25,135,0.01377566666666666,0.9860139860139862,0.9393939393939392,0.015647659465020575,0.9451405158920153,0,6,10,9
random,25,136,0.0034583333333333285,0.9737317909903013,0.9007896044148774,0.009890144321617536,0.8723804607363441,3,7,7,8
random,25,137,0.0009863333333333343,0.9790209790209792,0.909090909090909,0.009915914351851855,0.8592453355395796,1,4,12,8
random,25,138,0.0017036666666666665,0.965034965034965,0.8787878787878787,0.018161284722222223,0.8860258316771424,1,6,12,6
random,25,139,0.006170333333333332,0.9702291586486097,0.9007896044148774,0.01706317935353154,0.8647933063909555,1,7,9,8
random,25,140,0.002554333333333334,0.9860139860139862,0.9393939393939392,0.02085445601851852,0.9247911337762041,1,6,10,8
random,25,141,0.0009116666666666664,0.9877423203570683,0.9618600860701234,0.008593897890946504,0.9005087314402517,2,6,9,8
random,25,142,0.0024583333333333336,0.9300699300699302,0.8484848484848484,0.009194180812757202,0.8762554750996819,2,9,9,5
random,25,143,0.004031666666666667,0.9720279720279721,0.909090909090909,0.014685590277777777,0.9289237731859082,3,6,6,10
random,25,144,0.006394333333333334,0.9457107322567676,0.8397191227596315,0.024271752829218108,0.8926952246012575,1,9,9,6
random,25,145,0.003293000000000001,0.9141870411815418,0.7786486411043856,0.01423274622903952,0.9336766255894718,0,7,11,7
random,25,146,0.0014263333333333326,0.9842396880153765,0.9313248452425005,0.010827893518518514,0.8982763534137941,2,5,8,10
random,25,147,0.005983666666666665,0.9527159969401509,0.8702543635872545,0.007142556374401611,0.8880047093182108,0,7,10,8
random,25,148,0.005445000000000001,1.0,0.9999999999999998,0.03179938232237339,0.8997397396336564,1,7,9,8
random,25,149,0.002306333333333331,0.9772344233319931,0.9313248452425005,0.036190740740740746,0.8575971685833369,2,5,10,8
random,25,150,0.006007666666666667,0.965034965034965,0.8787878787878787,0.014944480793860753,0.8524217288087886,1,8,9,7
random,25,151,0.007975666666666669,0.9720279720279721,0.909090909090909,0.018907060185185183,0.886245180676007,2,10,8,5
random,25,152,0.0013276666666666654,0.9930069930069931,0.9696969696969696,0.005440845852229782,0.9558478216516103,3,7,8,7
random,25,153,0.011074333333333337,0.9790209790209792,0.909090909090909,0.018464654063786005,0.9406800357754974,1,9,9,6
random,25,154,0.007877000000000004,0.9842396880153765,0.9313248452425005,0.026005960648148148,0.9487309201815441,1,5,10,9
random,25,155,0.0019329999999999974,0.9790209790209792,0.9393939393939392,0.02183154151869655,0.9473022169678599,1,7,11,6
random,25,156,0.005826333333333333,0.9090909090909092,0.7272727272727272,0.04701287830961126,0.8586559189818416,3,2,9,11
random,25,157,0.0020209999999999994,0.9720279720279721,0.909090909090909,0.006751948302469135,0.9500089892090338,1,9,6,9
random,25,158,0.005884999999999998,0.9457107322567676,0.8702543635872545,0.037359945573155806,0.9282867709779874,1,5,11,8
random,25,159,0.009700999999999998,0.9720279720279721,0.8787878787878787,0.015625529625430415,0.9400338174424457,0,7,9,9
random,25,160,0.0018609999999999998,0.9772344233319931,0.9313248452425005,0.008307947530864194,0.8687713459229638,0,5,10,10
random,25,161,0.006106333333333328,0.9543918399186052,0.8616404368553291,0.011303756915394121,0.9223082768106625,0,9,5,11
random,25,162,0.0034156666666666697,0.965034965034965,0.8787878787878787,0.02205673225308642,0.9525385153447161,1,6,9,9
random,25,163,0.004108999999999997,0.9860139860139862,0.9393939393939392,0.014089024182203747,0.9282128396640862,2,7,9,7
random,25,164,0.0014316666666666677,0.9842396880153765,0.9313248452425005,0.013298276748971195,0.9045890200756109,2,6,9,8
random,25,165,0.0010689999999999983,0.9772344233319931,0.9313248452425005,0.00692488425925926,0.9219632121661272,3,6,8,8
random,25,166,0.004101,0.965034965034965,0.8787878787878787,0.021573611111111116,0.921127572043934,1,4,8,12
random,25,167,0.006415666666666669,0.9562186292818428,0.8397191227596315,0.023396496104755037,0.8582873944952488,1,11,6,7
random,25,168,0.0045943333333333366,0.965034965034965,0.8787878787878787,0.016184664351851855,0.852550421365067,2,5,6,12
random,25,169,0.004933000000000001,0.9860139860139862,0.9393939393939392,0.02906412037037037,0.8666163552998958,0,5,15,5
random,25,170,0.0028076666666666636,0.9562186292818428,0.8702543635872545,0.019853414351851853,0.8870224474675469,3,6,8,8
random,25,171,0.0014103333333333335,0.99124495269876,0.9618600860701234,0.009167817856596268,0.8162889849387625,2,6,11,6
random,25,172,0.0011356666666666646,0.9790209790209792,0.9393939393939392,0.012448894032921811,0.8912892686000763,0,6,10,9
random,25,173,0.003069000000000004,0.9632238939652261,0.8702543635872545,0.014814156982237342,0.8232820450434424,1,4,14,6
random,25,174,0.005525000000000005,0.9930069930069931,0.9696969696969696,0.006244357080910111,0.9547518818691353,0,4,11,10
random,25,175,0.003300999999999999,0.9440559440559443,0.8181818181818181,0.011517868559460819,0.8843478659211191,2,7,7,9
random,25,176,0.0010583333333333332,0.9720279720279721,0.909090909090909,0.01468018707482993,0.9349405653066379,3,7,7,8
random,25,177,0.003394333333333336,0.9649182205059428,0.8924133096001623,0.014513110853909463,0.9580918372954437,2,5,9,9
random,25,178,0.005450333333333338,0.9929823694376383,0.9770084209183943,0.03292723122427984,0.936931843074357,3,4,9,9
random,25,179,0.0015649999999999996,0.9860139860139862,0.9393939393939392,0.015348784722222224,0.8540205407680553,1,6,12,6
random,25,180,0.009461000000000002,0.9720279720279721,0.909090909090909,0.02367170138888889,0.9485882893174857,3,4,12,6
random,25,181,0.0006876666666666672,0.9807370556736849,0.9313248452425005,0.010913888888888891,0.8907903796316436,2,6,8,9
random,25,182,0.003946333333333332,0.9580419580419581,0.8787878787878787,0.01394854615457294,0.9437797849596621,2,8,7,8
random,25,183,0.001287666666666667,0.9790209790209792,0.909090909090909,0.0045074009773662565,0.9094159059443608,2,4,10,9
random,25,184,0.0008236666666666669,0.99124495269876,0.9618600860701234,0.019265583390725434,0.8452936279522532,1,3,10,11
random,25,185,0.0005703333333333335,0.9720279720279721,0.909090909090909,0.020876338192531374,0.9439739992831464,1,5,11,8
random,25,186,0.006399666666666662,0.9317002028900006,0.8091838819320086,0.01360915690350214,0.8852405209833213,0,8,10,7
random,25,187,0.004831666666666666,0.99124495269876,0.9618600860701234,0.030180183463422106,0.887339039547932,2,4,8,11
random,25,188,0.0012343333333333327,0.965034965034965,0.8787878787878787,0.015276614465230539,0.8726994105170306,1,5,14,5
random,25,189,0.011751666666666674,0.965034965034965,0.8787878787878787,0.014576911776791586,0.9438286942609312,3,5,13,4
random,25,190,0.0033410000000000015,0.965034965034965,0.8787878787878787,0.015459818672839507,0.8314739943947784,3,5,9,8
random,25,191,0.0010370000000000008,0.9772344233319931,0.9313248452425005,0.008154911501637689,0.88362755580251,0,5,14,6
random,25,192,0.0021863333333333327,0.9720279720279721,0.909090909090909,0.008211464745660877,0.8903231528373482,0,5,9,11
random,25,193,0.007695666666666669,0.9842396880153765,0.9313248452425005,0.021712744079113132,0.9179657930791503,1,9,8,7
random,25,194,0.0022983333333333363,0.9580419580419581,0.8484848484848484,0.0354634637090603,0.9302582536204863,2,1,11,11
random,25,195,0.003322333333333332,0.965034965034965,0.909090909090909,0.042522232159558554,0.9025883394681659,1,4,9,11
random,25,196,0.0021303333333333326,0.9370629370629372,0.8181818181818181,0.006002126200274349,0.9277063058392447,0,9,8,8
random,25,197,0.004173,0.9860139860139862,0.9393939393939392,0.025291956018518517,0.9554835269359181,4,5,8,8
random,25,198,0.009375666666666666,0.9440559440559443,0.8181818181818181,0.019416951714110803,0.8565795958742456,0,8,11,6
random,25,199,0.0050209999999999986,0.9877423203570683,0.9618600860701234,0.02272136947122743,0.9413003172914448,1,8,11,5
random,30,0,0.001531814814814815,0.9580419580419581,0.8787878787878787,0.005375989376084072,0.9578495273265983,2,11,8,9
random,30,1,0.003846629629629629,0.9877423203570683,0.9618600860701234,0.018716155281557068,0.9514420184675201,1,8,14,7
random,30,2,0.0006592222222222221,0.9930069930069931,0.9696969696969696,0.025471817129629634,0.9434965956518071,2,5,15,8
random,30,3,0.0013932962962962961,0.965034965034965,0.8787878787878787,0.007324670739380337,0.8828449936241173,2,8,11,9
random,30,4,0.0004962592592592602,0.9982502173821435,0.9923953268977463,0.0152311311814288,0.9520009050144034,0,7,11,12
random,30,5,0.0009132962962962971,0.9300699300699302,0.8181818181818181,0.010202242772108844,0.8677776749805404,1,7,12,10
random,30,6,0.00042070370370370455,0.9790209790209792,0.9393939393939392,0.00802139274691358,0.9038264379188539,1,9,10,10
random,30,7,0.0046258888888888895,0.9720279720279721,0.909090909090909,0.01011930351494745,0.9035210936670618,0,8,11,11
random,30,8,0.0013747777777777795,0.9141870411815418,0.7786486411043856,0.011781333590534978,0.9556762724556235,1,8,12,9
random,30,9,0.0011192222222222252,0.9632238939652261,0.8702543635872545,0.008043409207818928,0.9510837306124977,2,9,10,9
random,30,10,0.0023251481481481495,0.965034965034965,0.8787878787878787,0.01582319775132275,0.9441785902627038,2,6,14,8
random,30,11,0.007097740740740739,0.9842396880153765,0.9313248452425005,0.028332464174397932,0.8870771643105231,0,9,13,8
random,30,12,0.0030858888888888863,0.9440559440559443,0.8484848484848484,0.008268543816809963,0.8910285199195157,3,7,9,11
random,30,13,0.002846629629629631,0.9702291586486097,0.9007896044148774,0.017006484485133925,0.876808868827685,1,6,17,6
random,30,14,0.00278588888888889,0.9230769230769231,0.7878787878787877,0.017199318415637863,0.8595439582718818,1,8,12,9
random,30,15,0.0009629259259259265,0.9860139860139862,0.9393939393939392,0.020336364176890838,0.8868648017238989,1,5,11,13
random,30,16,0.0023577407407407414,0.9440559440559443,0.8484848484848484,0.010934586579696155,0.909491017791275,2,7,10,11
random,30,17,0.001422925925925927,0.9597212616235344,0.8702543635872545,0.008250432486850756,0.8814674718537445,3,6,13,8
random,30,18,0.0005918148148148143,0.9930069930069931,0.9696969696969696,0.004085560139693737,0.9407705506397394,0,7,14,9
random,30,19,0.0007710740740740717,0.9930069930069931,0.9696969696969696,0.021349682303476947,0.9153076156210579,1,7,12,10
random,30,20,0.002399222222222222,0.9860139860139862,0.9393939393939392,0.023212777541572187,0.8168944695781672,1,3,12,14
random,30,21,0.0029332962962962937,0.965034965034965,0.909090909090909,0.009101099537037034,0.946751767727047,2,6,10,12
random,30,22,0.0010044074074074068,0.9790209790209792,0.909090909090909,0.01723842927379859,0.8663505565279032,1,6,12,11
random,30,23,0.0020244074074074097,0.9930069930069931,0.9696969696969696,0.014780291923868314,0.9354270487296996,1,5,15,9
random,30,24,0.0015088518518518506,0.9930069930069931,0.9696969696969696,0.016060220222348206,0.938883281826132,4,9,7,10
random,30,25,0.0042244074074074085,0.9720279720279721,0.909090909090909,0.006722707975686073,0.9270092815380678,2,6,13,9
random,30,26,0.001265888888888887,0.9790209790209792,0.909090909090909,0.013413575916477705,0.8974027907930033,3,6,14,7
random,30,27,0.0024392222222222202,0.9720279720279721,0.8787878787878787,0.010100466506046861,0.82754752138551,2,4,14,10
random,30,28,0.0026229259259259257,0.9211923058649254,0.8091838819320086,0.005372316113403327,0.8440694418623931,3,9,11,7
random,30,29,0.0015784814814814847,0.9789533946223928,0.9231861823449954,0.009567458199418425,0.930792834586539,2,6,11,11
random,30,30,0.0009481111111111106,1.0,0.9999999999999998,0.011148996126228269,0.8585552105158873,1,7,14,8
random,30,31,0.0014132962962962955,0.9860139860139862,0.9393939393939392,0.003756488655494338,0.9234125468123688,2,11,6,11
random,30,32,0.003356259259259258,0.9790209790209792,0.909090909090909,0.011979011112594716,0.8380639626379248,1,7,11,11
random,30,33,0.00333774074074074,0.9930069930069931,0.9696969696969696,0.006359489465360677,0.9261814821515061,0,8,11,11
random,30,34,0.012415518518518512,0.9790209790209792,0.9393939393939392,0.007737242745213075,0.9462781266421483,5,9,11,5
random,30,35,0.007195518518518521,0.9930069930069931,0.9696969696969696,0.02217271234882842,0.8567521444388122,1,7,15,7
random,30,36,0.0009370000000000004,0.9790209790209792,0.9393939393939392,0.008864139660493826,0.9506105494897799,2,9,10,9
random,30,37,0.0003829259259259246,0.9930069930069931,0.9696969696969696,0.012775405092592597,0.8954947237804463,2,6,12,10
random,30,38,0.0032955185185185184,0.9720279720279721,0.909090909090909,0.017805035997602282,0.8476766207308631,1,9,9,11
random,30,39,0.0005244074074074091,0.9842396880153765,0.9313248452425005,0.031945832040030035,0.8829618353415705,1,5,13,11
random,30,40,0.0012273703703703709,0.9510489510489512,0.8787878787878787,0.0061518850138126665,0.9350422501738157,0,7,13,10
random,30,41,0.003585148148148148,1.0,0.9999999999999998,0.012654158536118761,0.9026669596187964,3,5,11,11
random,30,42,0.0020681111111111117,0.9860139860139862,0.9393939393939392,0.017987905092592592,0.9652808814728286,3,5,12,10
random,30,43,0.00116662962962963,0.9930069930069931,0.9696969696969696,0.01728526942252904,0.9161330367638578,1,8,13,8
random,30,44,0.00407403703703704,0.965034965034965,0.8787878787878787,0.02706668276079334,0.8830180994791598,2,5,10,13
random,30,45,0.004542925925925926,0.9860139860139862,0.9393939393939392,0.056488662229938265,0.919675980498823,1,4,16,9
random,30,46,0.0007110740740740749,0.9930069930069931,0.9696969696969696,0.008919687107255787,0.9120891399101126,2,8,13,7
random,30,47,0.0013814444444444438,0.9580419580419581,0.8787878787878787,0.02667959174021359,0.8391248129016017,2,8,9,11
random,30,48,0.0038881111111111117,0.9860139860139862,0.9393939393939392,0.006672267232510287,0.9568657685088655,2,9,10,9
random,30,49,0.002139222222222224,0.9860139860139862,0.9393939393939392,0.02455405714340373,0.9246469478688932,2,5,12,11
random,30,50,0.0019081111111111115,0.9702291586486097,0.9007896044148774,0.005674475340526477,0.9231205625948149,3,11,11,5
random,30,51,0.00022662962962963134,0.9930069930069931,0.9696969696969696,0.007581875928193268,0.9413090704445107,0,9,11,10
random,30,52,0.004731814814814816,0.9720279720279721,0.909090909090909,0.007679181543270756,0.9321711431350036,2,9,13,6
random,30,53,0.0007518148148148154,0.9790209790209792,0.909090909090909,0.02147274541761149,0.9127063634475059,2,8,14,6
random,30,54,0.01920737037037037,0.99124495269876,0.9618600860701234,0.038905275290786655,0.9095334870885466,1,8,11,10
random,30,55,0.004991814814814811,0.9860139860139862,0.9393939393939392,0.009063731418493324,0.8326675173060964,0,7,15,8
random,30,56,0.00031033333333333233,0.9982502173821435,0.9923953268977463,0.005507349537037036,0.8544067871886817,2,6,11,11
random,30,57,0.0018199629629629599,0.9790209790209792,0.9393939393939392,0.00679721579218107,0.9592763329510077,1,10,9,10
random,30,58,0.002562185185185181,0.9790209790209792,0.9393939393939392,0.009698815428949358,0.9613388831692486,5,8,10,7
random,30,59,0.004490333333333336,0.9860139860139862,0.9393939393939392,0.019896852560468633,0.9177977626024856,1,5,14,10
random,30,60,0.001234777777777777,0.9790209790209792,0.909090909090909,0.008309445730452673,0.93726308163444,3,8,9,10
random,30,61,0.0014488518518518524,0.965034965034965,0.8787878787878787,0.005692768194858292,0.9374609962541411,3,7,11,9
random,30,62,0.003050333333333332,0.9090909090909092,0.7878787878787877,0.015617506414822126,0.8314271090729598,2,6,13,9
random,30,63,0.008271074074074078,0.9580419580419581,0.8484848484848484,0.013947661750076529,0.8895027084562571,3,6,11,10
random,30,64,0.002637,0.965034965034965,0.8787878787878787,0.012327280565003781,0.9494144504619527,2,5,16,7
random,30,65,0.0012495925925925919,0.9737317909903013,0.9007896044148774,0.018301841222600153,0.916847562498135,1,5,14,10
random,30,66,0.002530333333333331,0.9580419580419581,0.8787878787878787,0.01628288424012856,0.8667325527355394,3,8,11,8
random,30,67,0.0004947777777777777,0.9860139860139862,0.9393939393939392,0.017054958018299368,0.8730273199601881,1,6,13,10
random,30,68,0.001105148148148149,0.9860139860139862,0.9393939393939392,0.01089165460480708,0.925322386409345,2,8,13,7
random,30,69,0.0010570000000000002,0.9720279720279721,0.909090909090909,0.014772189153439155,0.9070435802755581,1,7,14,8
random,30,70,0.001122925925925925,0.9860139860139862,0.9393939393939392,0.008382980850168354,0.9657382375236769,3,6,11,10
random,30,71,0.0028147777777777806,0.9720279720279721,0.8787878787878787,0.012431373871288643,0.9352831208247097,3,6,11,10
random,30,72,0.0020251481481481487,0.9860139860139862,0.9393939393939392,0.005596781698790628,0.9349126683382347,2,4,14,10
random,30,73,0.005011074074074076,0.9807370556736849,0.9313248452425005,0.032773087062757195,0.8594676157326071,2,3,16,9
random,30,74,0.0006407037037037026,0.9930069930069931,0.9696969696969696,0.004225430812757202,0.8711275158102849,3,8,10,9
random,30,75,0.00245922222222222,0.9860139860139862,0.9393939393939392,0.01621204346707819,0.9317336018119493,3,9,10,8
random,30,76,0.002339222222222219,0.965034965034965,0.8787878787878787,0.012340800973167046,0.8972348316790548,1,10,12,7
random,30,77,0.0017962592592592622,0.9930069930069931,0.9696969696969696,0.005454321101797062,0.8940286329373188,3,4,10,13
random,30,78,0.003459962962962958,0.9860139860139862,0.9393939393939392,0.004453134448223736,0.8624367810757616,3,8,12,7
random,30,79,0.003135518518518515,0.9860139860139862,0.9393939393939392,0.02155139988904194,0.9551174980138399,3,6,10,11
random,30,80,0.004458481481481481,0.9930069930069931,0.9696969696969696,0.012975814702156242,0.8644302667333484,2,11,9,8
random,30,81,0.0005977407407407406,0.9788975131335582,0.9149761402251629,0.012441643046107337,0.849362871881164,2,6,14,8
random,30,82,0.0009592222222222217,0.9930069930069931,0.9696969696969696,0.01846280706727136,0.9183414520381973,1,7,14,8
random,30,83,0.003680703703703703,0.9580419580419581,0.8787878787878787,0.004006531974503585,0.9418566240379667,0,10,7,13
random,30,84,0.0014244074074074074,0.9510489510489512,0.8484848484848484,0.02705873459978574,0.9486016713173508,2,5,12,11
random,30,85,0.001621444444444445,0.9720279720279721,0.909090909090909,0.007103148133977257,0.8360265755460196,0,10,11,9
random,30,86,0.0028244074074074074,1.0,0.9999999999999998,0.010441742280409859,0.9771085086746674,2,7,13,8
random,30,87,0.002513296296296298,0.9580419580419581,0.8484848484848484,0.009272264443972033,0.8255765203141848,1,6,16,7
random,30,88,0.0039836666666666675,0.9824621881515054,0.9231861823449954,0.011798921721466364,0.8871792471676901,2,7,14,7
random,30,89,0.0034058888888888893,0.9737317909903013,0.9007896044148774,0.03435265872689751,0.8947201932709398,2,6,13,9
random,30,90,0.001200703703703702,0.9790209790209792,0.9393939393939392,0.015299016203703707,0.9439713938658534,2,6,12,10
random,30,91,0.008122185185185185,0.9930069930069931,0.9696969696969696,0.02357687429138322,0.9195370778757423,1,7,12,10
random,30,92,0.001065888888888889,0.9930069930069931,0.9696969696969696,0.02358489583333334,0.9684120044770552,1,5,12,12
random,30,93,0.006074037037037037,0.9790209790209792,0.9393939393939392,0.012701472186607016,0.9547331601117239,3,9,11,7
random,30,94,0.0025414444444444412,0.9720279720279721,0.909090909090909,0.016919386574074075,0.8777999259311676,1,10,9,10
random,30,95,0.0021851481481481483,0.9860139860139862,0.9393939393939392,0.01043516510770975,0.834738734933171,3,7,12,8
random,30,96,0.0011895925925925939,0.9860139860139862,0.9393939393939392,0.015673241710255217,0.9457276002267743,1,7,13,9
random,30,97,0.01114737037037037,0.9702291586486097,0.9007896044148774,0.010474278486264416,0.8850052182837085,0,7,12,11
random,30,98,0.0035340370370370356,0.9720279720279721,0.909090909090909,0.004054340277777778,0.895741678289945,4,6,10,10
random,30,99,0.0005681111111111111,0.9930069930069931,0.9696969696969696,0.013557349537037036,0.9128729845134708,1,5,12,12
random,30,100,0.0012266296296296272,0.9964973622679555,0.9847319278346618,0.011783098853190392,0.9634363241711745,3,9,7,11
random,30,101,0.003224407407407408,0.9580419580419581,0.8484848484848484,0.018245082045803204,0.9076945131132383,1,8,13,8
random,30,102,0.001867370370370371,0.9720279720279721,0.909090909090909,0.02447106835789872,0.9200095371899666,1,9,14,6
random,30,103,0.0012088518518518522,0.9790209790209792,0.909090909090909,0.006989454237891737,0.9361991444849704,3,8,13,6
random,30,104,0.002268111111111109,0.9720279720279721,0.909090909090909,0.019245015176209378,0.8893756968164361,1,6,16,7
random,30,105,0.0015384814814814825,0.9790209790209792,0.9393939393939392,0.01232542255749101,0.9639034555597783,3,7,11,9
random,30,106,0.0033725555555555553,0.9860139860139862,0.9393939393939392,0.022627294737339383,0.8378615569965644,2,6,15,7
random,30,107,0.0017607037037037033,0.9720279720279721,0.909090909090909,0.011034334713823804,0.920724256468008,1,6,14,9
random,30,108,0.005926629629629629,0.9930069930069931,0.9696969696969696,0.02207736957786128,0.8487852353265638,1,5,13,11
random,30,109,0.001468111111111112,0.9632238939652261,0.8702543635872545,0.01143804618151209,0.9473898331291514,1,8,11,10
random,30,110,0.002936999999999999,0.9580419580419581,0.8484848484848484,0.00724410343970003,0.9185198845497953,3,5,11,11
random,30,111,0.0010481111111111106,0.9702291586486097,0.9007896044148774,0.012100868055555556,0.9023994327903875,3,5,12,10
random,30,112,0.0023081111111111093,0.9860139860139862,0.9393939393939392,0.009077410740530784,0.9240810585918942,2,9,12,7
random,30,113,0.0016125555555555554,0.9300699300699302,0.8181818181818181,0.010872753630581912,0.8741738367086238,2,11,9,8
random,30,114,0.003176259259259259,0.965034965034965,0.8787878787878787,0.016850788556300237,0.9356366869385565,1,9,13,7
random,30,115,0.00214588888888889,0.965034965034965,0.8787878787878787,0.008087946737294382,0.9370587514462075,0,11,9,10
random,30,116,0.0018866296296296305,0.9771664816939875,0.9149761402251629,0.0028960740258930488,0.9396851430743706,0,9,11,10
random,30,117,0.0009125555555555544,0.9790209790209792,0.9393939393939392,0.0040567237679047735,0.9546907379501081,2,7,11,10
random,30,118,0.0007147777777777782,0.9930069930069931,0.9696969696969696,0.0048740033436214004,0.9572364069853719,3,10,9,8
random,30,119,0.0030636666666666646,0.9842396880153765,0.9313248452425005,0.02556533564814815,0.8687127667073784,1,6,15,8
random,30,120,0.001499962962962964,0.9842396880153765,0.9313248452425005,0.005380900415721841,0.9059779553792384,0,6,14,10
random,30,121,0.003383666666666668,0.9790209790209792,0.9393939393939392,0.01869525078367954,0.8929786844063454,1,5,11,13
random,30,122,0.0015910740740740744,0.9877423203570683,0.9618600860701234,0.02107447916666667,0.9111561696787215,1,8,9,12
random,30,123,0.005037000000000001,0.9860139860139862,0.9393939393939392,0.01754351851851852,0.9689435848107065,1,8,9,12
random,30,124,0.00045107407407407374,0.99124495269876,0.9618600860701234,0.010162827932098766,0.9176355307613664,3,9,10,8
random,30,125,0.0026347777777777745,0.9930069930069931,0.9696969696969696,0.004965777877509027,0.9089046352175424,4,7,10,9
random,30,126,0.0027125555555555544,0.9930069930069931,0.9696969696969696,0.019873325312103722,0.9262751157767116,1,11,11,7
random,30,127,0.0022377407407407394,0.9702291586486097,0.9007896044148774,0.0048892682613168705,0.8338154467338319,4,5,9,12
random,30,128,0.001974777777777778,0.9790209790209792,0.9393939393939392,0.015353853295156959,0.9169467800004046,1,11,9,9
random,30,129,0.0020132962962962964,0.9510489510489512,0.8484848484848484,0.012837705114508,0.9043386333421672,4,5,13,8
random,30,130,0.0028384814814814835,0.9580419580419581,0.8484848484848484,0.0053873157596371875,0.9420440390960895,3,8,7,12
random,30,131,0.0006525555555555559,0.9807370556736849,0.9313248452425005,0.008355290710034012,0.9408619683161763,1,7,16,6
random,30,132,0.002453296296296295,0.9930069930069931,0.9696969696969696,0.011059604119425548,0.9323048848270413,1,7,14,8
random,30,133,0.001531814814814814,0.9860139860139862,0.9393939393939392,0.018533521116780045,0.9389736237850994,2,7,15,6
random,30,134,0.0019621851851851853,0.9930069930069931,0.9696969696969696,0.015457067271352987,0.922504934314434,1,7,14,8
random,30,135,0.001938481481481482,0.9440559440559443,0.8484848484848484,0.010215148167278849,0.8681257984627856,1,8,11,10
random,30,136,0.001987370370370371,0.965034965034965,0.8787878787878787,0.006306878656089513,0.9256466114185854,2,8,9,11
random,30,137,0.006513296296296302,0.9720279720279721,0.909090909090909,0.010621000514403293,0.9281018292546988,1,9,8,12
random,30,138,0.0004681111111111112,0.9930069930069931,0.9696969696969696,0.0040480632259478405,0.9067074365225146,4,5,13,8
random,30,139,0.0027918148148148125,0.965034965034965,0.8787878787878787,0.015575341414688006,0.9379508955797622,1,4,14,11
random,30,140,0.0011955185185185176,0.99124495269876,0.9618600860701234,0.0033645721853921636,0.9006085000678841,2,6,13,9
random,30,141,0.0007214444444444442,0.965034965034965,0.8787878787878787,0.008097520477207977,0.938236925842381,1,6,13,10
random,30,142,0.0011384814814814814,0.9790209790209792,0.9393939393939392,0.004941670209750566,0.9611172716351282,3,5,8,14
random,30,143,0.00235922222222222,0.9281975705483089,0.8702543635872545,0.011083069701646093,0.884068425926585,1,5,9,15
random,30,144,0.0017325555555555568,0.9579006334477178,0.8924133096001623,0.0142750382614019,0.9337267345234324,1,8,11,10
random,30,145,0.00216588888888889,0.9440559440559443,0.8181818181818181,0.023674167375283446,0.9219958679134508,2,9,14,5
random,30,146,0.0054051481481481485,0.965034965034965,0.909090909090909,0.041238859363189724,0.9199038594149453,1,5,14,10
random,30,147,0.0008658888888888891,0.9930069930069931,0.9696969696969696,0.004135539535505195,0.9116449377075593,2,8,13,7
random,30,148,0.001152555555555556,0.9982502173821435,0.9923953268977463,0.008847164351851853,0.9012213977328896,2,9,10,9
random,30,149,0.0010488518518518518,0.9790209790209792,0.909090909090909,0.013843014613252706,0.9646059378565326,0,8,14,8
random,30,150,0.002638481481481481,0.9580419580419581,0.8484848484848484,0.02316795404027624,0.8800529857908705,1,5,17,7
random,30,151,0.004435518518518516,0.9790209790209792,0.909090909090909,0.0515731222967582,0.825503729484904,3,4,14,9
random,30,152,0.006843666666666667,0.9860139860139862,0.9393939393939392,0.024959664351851853,0.9019616116717342,1,6,15,8
random,30,153,0.0028266296296296308,0.9772344233319931,0.9313248452425005,0.011250983796296297,0.9475873259435695,2,8,12,8
random,30,154,0.0022540370370370375,0.9403566658021552,0.8000946913656627,0.02012584915910809,0.8659174583987491,2,5,9,14
random,30,155,0.0018547777777777762,0.99124495269876,0.9618600860701234,0.008605883487654323,0.8270911476900618,4,5,12,9
random,30,156,0.0017703333333333314,0.9720279720279721,0.909090909090909,0.007625983796296297,0.9511488625382245,2,8,12,8
random,30,157,0.0037510740740740733,0.9860139860139862,0.9393939393939392,0.015929803240740743,0.9527180517010505,2,12,10,6
random,30,158,0.0024192222222222276,0.99124495269876,0.9618600860701234,0.025146483298898074,0.8492919861790686,2,2,15,11
random,30,159,0.009475518518518515,0.965034965034965,0.8787878787878787,0.0189943287037037,0.9208381533484049,2,8,12,8
random,30,160,0.0019962592592592597,0.965034965034965,0.8787878787878787,0.01203040164125797,0.9493199581080836,2,7,11,10
random,30,161,0.002435518518518522,0.965034965034965,0.8787878787878787,0.016242020318930045,0.8974547366850851,1,5,15,9
random,30,162,0.0009688518518518527,0.965034965034965,0.8787878787878787,0.013714859825102881,0.9451556201992803,1,10,10,9
random,30,163,0.0008873703703703692,0.9860139860139862,0.9393939393939392,0.004490997417485512,0.9189062615195255,0,7,19,4
random,30,164,0.0014147777777777802,0.9702291586486097,0.9007896044148774,0.01985527906378601,0.9394726499668359,1,8,12,9
random,30,165,0.005331814814814814,0.9632238939652261,0.9007896044148774,0.025199221965020575,0.8904986972915581,1,8,9,12
random,30,166,0.0044762592592592606,0.9860139860139862,0.9393939393939392,0.016920197546611237,0.946304466683103,2,7,12,9
random,30,167,0.002916259259259259,0.9930069930069931,0.9696969696969696,0.02027765209102466,0.9426571595283852,1,4,14,11
random,30,168,0.0011058888888888882,0.965034965034965,0.8787878787878787,0.006701793981481482,0.9277804467089085,3,9,6,12
random,30,169,0.0035770000000000008,0.9281975705483089,0.8091838819320086,0.004375540123456793,0.812230815853915,0,6,12,12
random,30,170,0.004485148148148147,0.9720279720279721,0.909090909090909,0.021336773405349795,0.9649875430550952,1,10,10,9
random,30,171,0.002833296296296297,0.9842396880153765,0.9313248452425005,0.009163960222327374,0.9454990363638617,3,7,11,9
random,30,172,0.0016584814814814793,1.0,0.9999999999999998,0.016218654336734695,0.9153506571799419,1,10,12,7
random,30,173,0.00031329629629629746,0.99124495269876,0.9618600860701234,0.017518229166666663,0.906529102886742,1,6,15,8
random,30,174,0.0037962592592592583,0.9580419580419581,0.8484848484848484,0.013168044255424066,0.7997991674319505,1,6,13,10
random,30,175,0.0014918148148148156,0.9580419580419581,0.8484848484848484,0.013806429616025578,0.9221123981574676,2,11,8,9
random,30,176,0.008303666666666662,0.9930069930069931,0.9696969696969696,0.009343021830645837,0.9476796460692113,2,5,14,9
random,30,177,0.0024258888888888867,0.9702291586486097,0.9007896044148774,0.026142766203703705,0.8758911839203828,2,4,12,12
random,30,178,0.0006644074074074064,0.9860139860139862,0.9393939393939392,0.005178239951059319,0.9222922104698829,3,7,13,7
random,30,179,0.0043058888888888895,0.9860139860139862,0.9393939393939392,0.012315024774257728,0.8597231605783597,3,6,11,10
random,30,180,0.0038273703703703694,0.9720279720279721,0.909090909090909,0.021784116511044276,0.81765044122599,2,3,14,11
random,30,181,0.004782185185185186,0.9580419580419581,0.8484848484848484,0.014905461396159773,0.8923742462303622,1,5,17,7
random,30,182,0.0021073703703703723,0.9772344233319931,0.9313248452425005,0.016281151420271155,0.964609911720036,1,7,13,9
random,30,183,0.0013755185185185216,0.9720279720279721,0.8787878787878787,0.00810928819444444,0.6936246084286964,3,5,16,6
random,30,184,0.0011540370370370372,0.9790209790209792,0.9393939393939392,0.020474633487654326,0.8722510361408358,1,9,10,10
random,30,185,0.005025148148148146,0.9982502173821435,0.9923953268977463,0.01520980591903887,0.9260408539929057,3,5,11,11
random,30,186,0.006242925925925926,0.9510489510489512,0.8484848484848484,0.018797323238549202,0.9049112325622025,1,6,10,13
random,30,187,0.0008288518518518533,0.9860139860139862,0.9393939393939392,0.007389036779835392,0.9432169861406576,3,6,9,12
random,30,188,0.0011807037037037031,0.99124495269876,0.9618600860701234,0.01170871255357099,0.8911794411173277,2,9,13,6
random,30,189,0.0034866296296296308,0.9772344233319931,0.9313248452425005,0.004435591393735332,0.904217577778228,0,11,11,8
random,30,190,0.006699222222222222,0.9790209790209792,0.909090909090909,0.007349820269440237,0.9099740310337244,0,7,10,13
random,30,191,0.0012540370370370392,0.9720279720279721,0.909090909090909,0.006935117866591083,0.9493018763316,3,7,14,6
random,30,192,0.0015229259259259258,0.965034965034965,0.909090909090909,0.008730411502678817,0.8563774421722173,0,7,12,11
random,30,193,0.002745888888888886,0.9790209790209792,0.909090909090909,0.018301793981481483,0.8804163484982407,3,6,15,6
random,30,194,0.0013007037037037034,0.9720279720279721,0.909090909090909,0.008756626157407408,0.9356286803171774,2,6,16,6
random,30,195,0.00646662962962963,0.9877423203570683,0.9618600860701234,0.011621501136505346,0.919996264034225,0,11,10,9
random,30,196,0.001966629629629628,0.965034965034965,0.8787878787878787,0.018063641624579126,0.9091462310227553,1,6,11,12
random,30,197,0.00307996296296296,0.9510489510489512,0.8484848484848484,0.009811354177294835,0.9245728660193172,2,8,11,9
random,30,198,0.00297551851851852,0.9790209790209792,0.909090909090909,0.018975456532921816,0.9371798467262302,1,10,10,9
random,30,199,0.0032184814814814797,0.9790209790209792,0.9393939393939392,0.009115046296296295,0.9182682872371705,2,8,10,10
random,35,0,0.002080265306122447,0.9580419580419581,0.8484848484848484,0.02601603009259259,0.8177032855601833,1,6,16,12
random,35,1,0.0016658435374149643,0.9807370556736849,0.9313248452425005,0.008246846121886184,0.9054273946973264,4,13,9,9
random,35,2,0.001174687074829934,0.9440559440559443,0.8484848484848484,0.0069910874651743175,0.886431469050464,2,11,14,8
random,35,3,0.0009964557823129263,0.9807370556736849,0.9313248452425005,0.009080910356040564,0.9125698675528586,3,7,16,9
random,35,4,0.002263394557823131,0.9720279720279721,0.909090909090909,0.010802822788065845,0.8928305921214039,1,9,15,10
random,35,5,0.0015831224489795909,0.9702291586486097,0.9007896044148774,0.015581984599395315,0.8880738251997453,1,12,14,8
random,35,6,0.007501489795918374,0.9930069930069931,0.9696969696969696,0.017595690428949363,0.9628844157759715,3,7,15,10
random,35,7,0.0010549591836734684,0.9930069930069931,0.9696969696969696,0.011836348497732425,0.8128333186809983,1,8,12,14
random,35,8,0.010208428571428566,0.9772344233319931,0.9313248452425005,0.01516833162084278,0.9404101881356868,2,10,16,7
random,35,9,0.000989380952380953,0.9860139860139862,0.9393939393939392,0.003914759044049717,0.9536901861156926,4,7,15,9
random,35,10,0.0014277482993197285,0.9930069930069931,0.9696969696969696,0.007336168981481481,0.9396759067898368,3,8,14,10
random,35,11,0.0036802653061224506,0.9790209790209792,0.9393939393939392,0.012944566761204809,0.9687108327594398,3,13,14,5
random,35,12,0.0007390408163265302,0.9790209790209792,0.9393939393939392,0.007259048704422081,0.9172226761792945,2,8,11,14
random,35,13,0.002872374149659863,0.9930069930069931,0.9696969696969696,0.006420526266061979,0.9567270295831716,5,8,15,7
random,35,14,0.0005235306122449004,0.9930069930069931,0.9696969696969696,0.0026613811728395053,0.9211563350589689,3,8,15,9
random,35,15,0.005150197278911564,0.9807370556736849,0.9313248452425005,0.014112442129629631,0.8768727970118467,2,6,15,12
random,35,16,0.005247068027210887,0.9370629370629372,0.8181818181818181,0.006526901161516548,0.9039995620288146,4,10,13,8
random,35,17,0.0013496530612244911,0.9720279720279721,0.909090909090909,0.016906262991307635,0.8975084487619542,1,10,14,10
random,35,18,0.0013564557823129264,0.9702291586486097,0.9007896044148774,0.006268426467585125,0.8439898598950926,3,8,13,11
random,35,19,0.001642986394557823,0.9807370556736849,0.9313248452425005,0.005679520737453431,0.9669736011058669,2,8,13,12
random,35,20,0.003392646258503407,0.9930069930069931,0.9696969696969696,0.01214197048611111,0.914741233387164,3,8,16,8
random,35,21,0.0020119659863945577,0.9667265263069179,0.8702543635872545,0.007156898052494644,0.8461131975308214,2,11,12,10
random,35,22,0.0025360476190476196,0.9930069930069931,0.9696969696969696,0.015402631906183043,0.885566152966757,2,10,12,11
random,35,23,0.004593734693877553,0.9702291586486097,0.9007896044148774,0.017647884516460904,0.9276559000307699,1,10,15,9
random,35,24,0.000681081632653061,0.9860139860139862,0.9393939393939392,0.007333224678760394,0.9348488773735782,3,8,14,10
random,35,25,0.0008372721088435365,0.9667265263069179,0.9007896044148774,0.00424557537144794,0.8387444821498845,4,6,11,14
random,35,26,0.0016350952380952378,0.9860139860139862,0.9393939393939392,0.00424709038735481,0.8585695719089458,3,6,13,13
random,35,27,0.00369904081632653,0.9352028352316922,0.8091838819320086,0.005450329506802722,0.8732064604418763,2,7,12,14
random,35,28,0.0007091088435374162,0.9790209790209792,0.9393939393939392,0.012309104807046277,0.9722371287038041,2,10,14,9
random,35,29,0.00324897278911565,0.9510489510489512,0.8787878787878787,0.015010749421296302,0.8436797871655877,1,6,16,12
random,35,30,0.0012130544217687077,0.9930069930069931,0.9696969696969696,0.019555266203703705,0.9386861456277277,1,10,12,12
random,35,31,0.006773326530612248,0.965034965034965,0.8787878787878787,0.013178763628643434,0.9416463310543387,2,10,10,13
random,35,32,0.0009553673469387741,0.9772344233319931,0.9313248452425005,0.012495492016250942,0.9343167164884787,2,7,14,12
random,35,33,0.0027978163265306127,0.9790209790209792,0.9393939393939392,0.016128804976851853,0.8057168828442427,3,4,16,12
random,35,34,0.002867476190476191,0.9440559440559443,0.8484848484848484,0.009055960648148148,0.8729763529353181,3,10,10,12
random,35,35,0.0008933265306122429,0.965034965034965,0.8787878787878787,0.018249129582388512,0.8859276861211439,1,6,14,14
random,35,36,0.0016952312925170073,0.9580419580419581,0.8787878787878787,0.018015135007846985,0.9147320755463997,1,11,10,13
random,35,37,0.004839993197278917,0.9842396880153765,0.9313248452425005,0.02140499164126435,0.8791998997138547,3,7,17,8
random,35,38,0.0006244829931972799,0.9930069930069931,0.9696969696969696,0.003832108771363485,0.9313319025840889,3,7,16,9
random,35,39,0.0033423061224489774,0.9300699300699302,0.8181818181818181,0.02164212700434656,0.9205804611600559,1,9,13,12
random,35,40,0.0019267959183673494,0.9440559440559443,0.8484848484848484,0.007548403250188966,0.8129092002195499,3,8,14,10
random,35,41,0.003091149659863953,0.9930069930069931,0.9696969696969696,0.015353367863188673,0.9340147493931845,2,6,19,8
random,35,42,0.0010598571428571434,1.0,0.9999999999999998,0.003479150953015802,0.9472409666341385,4,9,13,9
random,35,43,0.001624755102040818,0.9562186292818428,0.9007896044148774,0.004322592401285582,0.9693849885663981,2,6,16,11
random,35,44,0.001579585034013604,0.9772344233319931,0.9007896044148774,0.012244995984504913,0.9133668987195759,2,7,14,12
random,35,45,0.005181489795918367,0.965034965034965,0.8787878787878787,0.033647370395807896,0.8743966392340468,3,7,13,12
random,35,46,0.0007218979591836731,0.9790209790209792,0.9393939393939392,0.006607609953703703,0.9452433420369145,1,6,16,12
random,35,47,0.003271013605442174,0.965034965034965,0.8787878787878787,0.010666604970156104,0.8770283178071199,3,10,11,11
random,35,48,0.004279448979591841,0.9790209790209792,0.909090909090909,0.010364524862232475,0.9659387847519872,2,8,17,8
random,35,49,0.0014247551020408148,0.965034965034965,0.8787878787878787,0.021205189043209876,0.8091432961867634,1,9,15,10
random,35,50,0.003818224489795923,0.9720279720279721,0.8787878787878787,0.00640301997599451,0.8477530841911193,0,9,16,10
random,35,51,0.001607884353741496,0.9720279720279721,0.909090909090909,0.01223130787037037,0.9128890561497636,3,8,16,8
random,35,52,0.0031469319727891183,0.9860139860139862,0.9393939393939392,0.02204149436780885,0.9486010105288967,1,9,18,7
random,35,53,0.0011406734693877572,1.0,0.9999999999999998,0.004757899736499435,0.9665609194356792,2,9,13,11
random,35,54,0.0011414897959183673,0.9457107322567676,0.8397191227596315,0.0055927404835390965,0.8554010290599585,2,6,18,9
random,35,55,0.003458224489795917,0.9860139860139862,0.9393939393939392,0.010586400462962962,0.9309655673512027,2,10,15,8
random,35,56,0.0018165918367346974,0.9860139860139862,0.9393939393939392,0.005962299679487177,0.959601498695356,3,6,13,13
random,35,57,0.0016432585034013604,0.9930069930069931,0.9696969696969696,0.015263846142508888,0.9614737096338268,1,11,16,7
random,35,58,0.0028764557823129275,0.9790209790209792,0.909090909090909,0.01316502361962371,0.9509781232316743,1,11,10,13
random,35,59,0.004003802721088435,0.9790209790209792,0.909090909090909,0.010194013100278884,0.9519656833711045,3,11,12,9
random,35,60,0.0006206734693877557,0.9964973622679555,0.9847319278346618,0.0033862458231302918,0.9612299882147967,4,9,11,11
random,35,61,0.001478904761904763,0.99124495269876,0.9618600860701234,0.006318455387205386,0.9717628344956668,4,4,11,16
random,35,62,0.00048108163265306184,0.9860139860139862,0.9393939393939392,0.004056886574074073,0.9595305344270771,2,10,15,8
random,35,63,0.007528700680272112,0.965034965034965,0.8787878787878787,0.00689674104765534,0.8571071659234929,0,7,19,9
random,35,64,0.0009050272108843527,0.9790209790209792,0.909090909090909,0.014175960518403604,0.8359802772698172,1,6,17,11
random,35,65,0.0022348231292516983,0.9930069930069931,0.9696969696969696,0.010532639938691527,0.9090331505657767,2,8,18,7
random,35,66,0.00047863265306122396,0.9930069930069931,0.9696969696969696,0.004354976851851851,0.9067012339542776,2,8,15,10
random,35,67,0.0005077482993197277,0.965034965034965,0.8787878787878787,0.004015452569916853,0.9433932715324712,3,8,14,10
random,35,68,0.0009091088435374118,0.9860139860139862,0.9393939393939392,0.014287844151821952,0.8542279963882816,0,6,17,12
random,35,69,0.0010163197278911568,0.965034965034965,0.8787878787878787,0.012090305995561677,0.9281984043172548,2,10,12,11
random,35,70,0.002247612244897963,0.9580419580419581,0.8484848484848484,0.005558943924792138,0.8969908030584614,3,8,10,14
random,35,71,0.004875095238095233,0.9842396880153765,0.9313248452425005,0.01816141332304527,0.8987376006523519,2,9,12,12
random,35,72,0.0015208095238095213,0.9930069930069931,0.9696969696969696,0.016337153256045303,0.9086640747274075,1,12,11,11
random,35,73,0.0032503333333333342,0.9894797752097304,0.9539590550898286,0.02719317533591922,0.8894554941234977,3,4,17,11
random,35,74,0.002820945578231293,0.9860139860139862,0.9393939393939392,0.007648244598765433,0.917671626608242,3,9,15,8
random,35,75,0.0007545510204081618,0.9772344233319931,0.9313248452425005,0.011193690216559539,0.9341992318570922,2,11,10,12
random,35,76,0.001619857142857141,0.9930069930069931,0.9696969696969696,0.015716125765618462,0.9070120359619542,2,7,11,15
random,35,77,0.006073734693877547,0.9720279720279721,0.909090909090909,0.00593371617184523,0.9669765720667887,2,15,7,11
random,35,78,0.002159448979591836,0.965034965034965,0.8787878787878787,0.016214027229892614,0.935177614441065,1,8,13,13
random,35,79,0.0015602653061224465,0.9930069930069931,0.9696969696969696,0.006108842356386999,0.9243606962401725,4,7,14,10
random,35,80,0.0010266598639455797,0.9930069930069931,0.9696969696969696,0.006782349537037038,0.843675150374898,2,8,15,10
random,35,81,0.0008851632653061212,0.9632238939652261,0.9007896044148774,0.00903975103930461,0.9530621477982856,1,12,14,8
random,35,82,0.0032266598639455815,0.9807370556736849,0.9313248452425005,0.01515156632614019,0.9599723923433847,2,10,12,11
random,35,83,0.0019251632653061249,0.965034965034965,0.8787878787878787,0.008196243150037794,0.9309851916487492,2,7,14,12
random,35,84,0.0031790408163265317,0.9860139860139862,0.9393939393939392,0.02117404602221972,0.9449782974871787,2,8,14,11
random,35,85,0.001324346938775511,0.9860139860139862,0.9393939393939392,0.004683184151928744,0.9276292554703083,2,10,17,6
random,35,86,0.013155367346938776,0.9720279720279721,0.909090909090909,0.024894112575585787,0.9612520143233397,2,7,12,14
random,35,87,0.0022046190476190477,0.9720279720279721,0.909090909090909,0.004927986822981412,0.9760597029373774,0,11,14,10
random,35,88,0.006128700680272109,0.9930069930069931,0.9696969696969696,0.018377126289680922,0.928023449807751,1,13,11,10
random,35,89,0.002618224489795916,0.99124495269876,0.9618600860701234,0.00556061127383052,0.9060416620484829,3,9,14,9
random,35,90,0.001882714285714286,0.9737317909903013,0.9007896044148774,0.0069687961561176875,0.959137441023002,2,11,13,9
random,35,91,0.0009069319727891149,0.9930069930069931,0.9696969696969696,0.01403978966536392,0.9425516302072952,1,9,12,13
random,35,92,0.0009428503401360558,0.9790209790209792,0.9393939393939392,0.0033163130144032936,0.9602506046206017,0,9,16,10
random,35,93,0.0018772721088435359,0.9790209790209792,0.9393939393939392,0.010394007506026738,0.9315102960132698,1,8,13,13
random,35,94,0.0030013537414965985,0.9510489510489512,0.8484848484848484,0.010169741407365413,0.9509722120695274,2,9,14,10
random,35,95,0.0009036666666666664,1.0,0.9999999999999998,0.0062293402777777755,0.9721504900347231,2,8,15,10
random,35,96,0.003587748299319729,0.9930069930069931,0.9696969696969696,0.017144992441421016,0.9312295250363866,1,8,14,12
random,35,97,0.001583938775510202,0.9580419580419581,0.8787878787878787,0.015555034722222222,0.9432692619987859,1,10,12,12
random,35,98,0.001799993197278912,0.965034965034965,0.8787878787878787,0.007238078703703706,0.873567574726921,3,6,16,10
random,35,99,0.0014650272108843543,0.9860139860139862,0.9393939393939392,0.027983482274082476,0.7401707723329777,1,4,21,9
random,35,100,0.002256319727891155,0.9737317909903013,0.9007896044148774,0.00945735381433208,0.9204599542040324,1,14,9,11
random,35,101,0.002440265306122446,0.9930069930069931,0.9696969696969696,0.005109202073745342,0.9691065729583405,4,8,13,10
random,35,102,0.005427748299319724,0.9860139860139862,0.9393939393939392,0.013942109552154193,0.9078799067790277,3,6,14,12
random,35,103,0.0009725102040816339,0.9860139860139862,0.9393939393939392,0.006476809970783184,0.9292732818883372,3,7,13,12
random,35,104,0.0016242108843537403,0.9877423203570683,0.9618600860701234,0.013167115193758867,0.9290699825582043,2,11,14,8
random,35,105,0.004954006802721087,0.9930069930069931,0.9696969696969696,0.006266293855505168,0.9254905262429486,4,9,15,7
random,35,106,0.0007872040816326514,0.9860139860139862,0.9393939393939392,0.008801210872420862,0.9467480416597103,3,12,17,3
random,35,107,0.0023439387755102062,0.9720279720279721,0.909090909090909,0.013924386751228271,0.9322668643831244,2,3,16,14
random,35,108,0.001031013605442177,0.965034965034965,0.8787878787878787,0.01026981572645128,0.9410974113994526,2,7,15,11
random,35,109,0.0018263877551020376,0.9930069930069931,0.9696969696969696,0.022021006944444442,0.8756738199441225,4,4,15,12
random,35,110,0.0007891088435374125,0.9930069930069931,0.9696969696969696,0.004738548096707819,0.9525018055724177,3,8,9,15
random,35,111,0.0022691088435374176,0.9510489510489512,0.8484848484848484,0.007181886574074076,0.9675381119831746,3,12,10,10
random,35,112,0.006074278911564625,0.9720279720279721,0.909090909090909,0.019774942129629627,0.9078799411632243,3,10,12,10
random,35,113,0.001341489795918367,0.9930069930069931,0.9696969696969696,0.014483913749178172,0.7860520081324885,3,6,13,13
random,35,114,0.0043088367346938794,0.965034965034965,0.8787878787878787,0.013978703703703702,0.887924637608776,2,8,10,15
random,35,115,0.00287672789115646,0.9930069930069931,0.9696969696969696,0.004058975646617692,0.9561621353375809,4,10,11,10
random,35,116,0.0005235306122448988,1.0,0.9999999999999998,0.003927440200617283,0.9568657521664331,2,8,16,9
random,35,117,0.0011338707482993202,0.9930069930069931,0.9696969696969696,0.005677835648148146,0.9487370666807649,2,8,15,10
random,35,118,0.0022865238095238116,0.965034965034965,0.8787878787878787,0.005184257944836948,0.9514962528992279,0,10,14,11
random,35,119,0.001486251700680272,0.99124495269876,0.9618600860701234,0.005135127314814816,0.9292967880776993,3,5,15,12
random,35,120,0.0005178163265306129,0.9790209790209792,0.909090909090909,0.018402702689776552,0.7927461765477312,1,8,15,11
random,35,121,0.0019140068027210886,0.9860139860139862,0.9393939393939392,0.010347685185185184,0.9428057126537758,2,10,15,8
random,35,122,0.0036010816326530574,0.9580419580419581,0.8787878787878787,0.028206376369992445,0.95615145795463,2,7,12,14
random,35,123,0.0009784965986394565,0.9720279720279721,0.909090909090909,0.014235217179646006,0.8030721846826043,1,8,17,9
random,35,124,0.0021956394557823135,0.9370629370629372,0.8484848484848484,0.013930549650415723,0.8541296404913885,4,5,12,14
random,35,125,0.01023890476190476,0.965034965034965,0.8787878787878787,0.014988465622130392,0.9253948696286016,2,10,12,11
random,35,126,0.0010979523809523815,0.9790209790209792,0.9393939393939392,0.0031040454144620807,0.9537460435566011,0,7,20,8
random,35,127,0.0013790408163265315,0.9632238939652261,0.8702543635872545,0.004183236558512293,0.9223758997980958,2,7,17,9
random,35,128,0.0006473401360544212,0.9720279720279721,0.909090909090909,0.003241017232510287,0.9123412445781408,2,9,12,12
random,35,129,0.004352374149659864,0.9580419580419581,0.8787878787878787,0.007602440877455447,0.8846777759099336,0,11,13,11
random,35,130,0.0006745510204081629,0.9930069930069931,0.9696969696969696,0.00685827546296296,0.9635911538456601,3,10,12,10
random,35,131,0.0015088367346938784,0.9790209790209792,0.909090909090909,0.010550752314814815,0.9235730005888938,3,8,12,12
random,35,132,0.0008682925170068017,0.9790209790209792,0.909090909090909,0.010232923458065505,0.8591526075226579,3,6,11,15
random,35,133,0.0015624421768707481,0.9492133645984593,0.8702543635872545,0.01387816827770815,0.9313420912250044,2,9,13,11
random,35,134,0.0014772721088435383,0.9842396880153765,0.9313248452425005,0.002841280864197531,0.9069417563746863,0,10,15,10
random,35,135,0.0028326462585034026,0.9720279720279721,0.909090909090909,0.012452317898610062,0.8601577930650965,3,7,16,9
random,35,136,0.0010059795918367345,0.9982502173821435,0.9923953268977463,0.012993027909428693,0.910366326290006,1,11,13,10
random,35,137,0.00033768027210884347,1.0,0.9999999999999998,0.006222061471193413,0.9550993370352452,2,9,15,9
random,35,138,0.001918088435374152,0.9982502173821435,0.9923953268977463,0.006247067901234568,0.9841373183015035,0,8,15,12
random,35,139,0.00559727210884354,0.9860139860139862,0.9393939393939392,0.02023950264513384,0.9509911472364602,1,6,17,11
random,35,140,0.000679721088435374,0.9860139860139862,0.9393939393939392,0.008885641718106995,0.9159215905836258,1,9,15,10
random,35,141,0.0005393129251700679,0.9790209790209792,0.9393939393939392,0.012083527988215487,0.9488992741248051,2,11,11,11
random,35,142,0.0027945510204081653,0.9597212616235344,0.8702543635872545,0.006629061182107267,0.9468655780742528,3,11,9,12
random,35,143,0.0010043469387755104,0.9562186292818428,0.8397191227596315,0.008098776378743221,0.8849845186801706,0,8,17,10
random,35,144,0.0009893809523809517,0.9720279720279721,0.909090909090909,0.004359152966742253,0.9484078669578722,3,8,10,14
random,35,145,0.003678360544217684,0.9790209790209792,0.9393939393939392,0.007681423611111113,0.9665032507770472,3,10,12,10
random,35,146,0.0009221700680272091,0.9860139860139862,0.9393939393939392,0.008205774850071984,0.8986004816436283,0,9,15,11
random,35,147,0.0011534625850340126,0.9860139860139862,0.9393939393939392,0.01854207175925926,0.8775802286663672,1,10,12,12
random,35,148,0.0006527823129251702,0.9930069930069931,0.9696969696969696,0.006022685185185185,0.9316587899533969,3,8,12,12
random,35,149,0.0023406734693877554,0.9860139860139862,0.9393939393939392,0.011181712278106512,0.8766991079861214,2,8,13,12
random,35,150,0.0018397210884353763,0.9930069930069931,0.9696969696969696,0.011209590620568706,0.9639282493735597,2,8,11,14
random,35,151,0.003914551020408159,0.9930069930069931,0.9696969696969696,0.018843444658846447,0.9267452248733639,4,4,14,13
random,35,152,0.0014770000000000033,0.965034965034965,0.8787878787878787,0.016226912084278157,0.9176502355904657,1,12,15,7
random,35,153,0.0019608095238095274,0.9720279720279721,0.8787878787878787,0.006847112911522632,0.8774834762105561,3,5,18,9
random,35,154,0.0004451632653061223,0.9860139860139862,0.9393939393939392,0.008373990483539094,0.9600286632295512,2,9,12,12
random,35,155,0.0011831224489795918,0.9877423203570683,0.9618600860701234,0.026585809653722606,0.8056025504134997,1,4,16,14
random,35,156,0.0010040748299319725,0.9597212616235344,0.8702543635872545,0.018517254844217988,0.8413465056036113,1,9,13,12
random,35,157,0.0010514217687074836,0.9790209790209792,0.9393939393939392,0.015378407046716343,0.8651170303871729,1,9,12,13
random,35,158,0.0022141428571428577,0.9772344233319931,0.9313248452425005,0.006019978290050406,0.9546899810384115,2,10,10,13
random,35,159,0.0009942789115646262,0.9877423203570683,0.9618600860701234,0.009362709800020404,0.9518980520175448,0,12,11,12
random,35,160,0.0035251632653061243,0.9510489510489512,0.8484848484848484,0.019110212237015124,0.9178607386356327,1,6,15,13
random,35,161,0.0015061156462585028,0.965034965034965,0.8787878787878787,0.007095961934156378,0.8719679415597745,3,9,15,8
random,35,162,0.0004971360544217679,0.9790209790209792,0.909090909090909,0.006394586011631466,0.9260087250155344,4,8,12,11
random,35,163,0.0020282925170068034,0.965034965034965,0.8787878787878787,0.015270956287832153,0.9138957506501214,1,5,19,10
random,35,164,0.00044298639455782194,0.9930069930069931,0.9696969696969696,0.01257926416708659,0.8435146422605717,2,10,14,9
random,35,165,0.0010650272108843535,0.9580419580419581,0.8484848484848484,0.008213660950491307,0.9093173793138254,1,5,14,15
random,35,166,0.002058496598639456,0.9440559440559443,0.8484848484848484,0.024621177012471657,0.9556451208208215,3,6,14,12
random,35,167,0.005151013605442172,0.9930069930069931,0.9696969696969696,0.013800367255955877,0.8145903024151169,0,9,14,12
random,35,168,0.0008231224489795914,0.9930069930069931,0.9696969696969696,0.0037698783502151992,0.9560050595662885,2,7,15,11
random,35,169,0.0008571360544217674,1.0,0.9999999999999998,0.0057701365679864594,0.8998680264968532,3,10,13,9
random,35,170,0.0010201292517006827,0.9632238939652261,0.8702543635872545,0.01688628472222222,0.8791487241248428,2,4,20,9
random,35,171,0.0048057074829931995,0.9930069930069931,0.9696969696969696,0.017105516949943587,0.9559922530603456,0,9,13,13
random,35,172,0.0033866598639455815,0.9860139860139862,0.9393939393939392,0.0064490984204380155,0.9589153121662715,3,8,11,13
random,35,173,0.004397272108843537,0.9772344233319931,0.9313248452425005,0.015709895833333334,0.972293298135046,3,12,6,14
random,35,174,0.006016047619047618,0.9860139860139862,0.9393939393939392,0.0148361825714369,0.9523638308826511,0,11,14,10
random,35,175,0.0026726462585034004,0.9790209790209792,0.909090909090909,0.02095806970164609,0.8373687410935728,1,10,18,6
random,35,176,0.0017316938775510191,0.99124495269876,0.9618600860701234,0.0035159556831718015,0.9517470571915103,0,8,13,14
random,35,177,0.002321353741496599,0.99124495269876,0.9618600860701234,0.012565219907407405,0.8951293768909575,2,12,15,6
random,35,178,0.002749108843537415,0.9930069930069931,0.9696969696969696,0.018191197273662554,0.8357895776382329,1,6,18,10
random,35,179,0.004456591836734692,1.0,0.9999999999999998,0.008744489454732508,0.881289573048713,2,9,15,9
random,35,180,0.0014187687074829934,0.9930069930069931,0.9696969696969696,0.0042349729938271595,0.9297925656612586,2,6,18,9
random,35,181,0.003174959183673469,0.9720279720279721,0.909090909090909,0.008550343602670964,0.9162557053878573,1,10,11,13
random,35,182,0.0016391768707482999,0.9790209790209792,0.9393939393939392,0.007094386574074076,0.9528933509943966,5,10,10,10
random,35,183,0.013024210884353751,0.9860139860139862,0.9393939393939392,0.019391840277777777,0.954369772575269,3,10,12,10
random,35,184,0.002214414965986395,0.9930069930069931,0.9696969696969696,0.013881393001989595,0.9362912166603451,2,11,11,11
random,35,185,0.0020220340136054443,0.9720279720279721,0.909090909090909,0.010559837962962962,0.9413556471274637,2,8,15,10
random,35,186,0.0013589047619047628,0.99124495269876,0.9618600860701234,0.008178788212815992,0.9365015309531068,2,8,18,7
random,35,187,0.0023042108843537444,0.9790209790209792,0.909090909090909,0.018855729166666668,0.904680171174929,3,6,16,10
random,35,188,0.005418496598639456,0.9982502173821435,0.9923953268977463,0.023964696118009988,0.9368772937219332,1,7,13,14
random,35,189,0.004371693877551021,0.9281975705483089,0.8091838819320086,0.02627289913294378,0.90719990052217,1,7,14,13
random,35,190,0.0006778163265306128,0.9632238939652261,0.8702543635872545,0.006567799961419752,0.8992372376243976,2,9,16,8
random,35,191,0.004785843537414967,0.965034965034965,0.8787878787878787,0.0134703125,0.96661390549727,3,10,10,12
random,35,192,0.000596727891156463,0.9964973622679555,0.9847319278346618,0.011589943365166578,0.9684568052134703,3,7,13,12
random,35,193,0.0010797210884353754,0.965034965034965,0.8787878787878787,0.005667470421810702,0.9359895601182884,3,9,15,8
random,35,194,0.0010397210884353742,0.9860139860139862,0.9393939393939392,0.02119759087791495,0.8972667238614792,0,5,18,12
random,35,195,0.003342578231292519,0.9440559440559443,0.8181818181818181,0.008284870113168724,0.8524903231128208,2,6,18,9
random,35,196,0.0007806734693877543,0.9790209790209792,0.9393939393939392,0.005103414351851854,0.9674674678135649,2,10,15,8
random,35,197,0.003494959183673469,0.9860139860139862,0.9393939393939392,0.005148296039094651,0.9349071890291742,2,12,9,12
random,35,198,0.00502230612244898,0.9930069930069931,0.9696969696969696,0.012733077050264548,0.9503588268833644,1,7,15,12
random,35,199,0.001992102040816326,0.9790209790209792,0.9393939393939392,0.007085294762217838,0.9102890991891004,2,12,8,13
random,40,0,0.000738666666666666,0.9720279720279721,0.909090909090909,0.005704597284512846,0.8920169143626697,2,11,17,10
random,40,1,0.0007274166666666674,0.9982502173821435,0.9923953268977463,0.004166325777943812,0.9552040774097529,2,6,19,13
random,40,2,0.0007924166666666664,0.9720279720279721,0.909090909090909,0.013339915848829204,0.9632133151945149,1,11,16,12
random,40,3,0.0014315833333333335,0.9720279720279721,0.909090909090909,0.008350349584278157,0.8702150039016155,4,8,14,14
random,40,4,0.0010982500000000014,0.9737317909903013,0.9007896044148774,0.0061392442416590195,0.8832474353445637,3,11,15,11
random,40,5,0.0024440833333333315,0.9510489510489512,0.8181818181818181,0.011166160428859269,0.9009468384827879,2,9,12,17
random,40,6,0.0006340833333333353,0.9790209790209792,0.909090909090909,0.008486853741008571,0.97231994741367,3,10,11,16
random,40,7,0.0010190833333333339,0.9720279720279721,0.909090909090909,0.005559308719402793,0.9334582372554229,2,9,17,12
random,40,8,0.001408666666666668,0.9930069930069931,0.9696969696969696,0.0064026640912467825,0.8777048508548639,2,9,23,6
random,40,9,0.00035616666666666614,1.0,0.9999999999999998,0.006442254424918114,0.9569171575107259,2,9,14,15
random,40,10,0.0010828333333333321,0.9860139860139862,0.9393939393939392,0.006379224313756969,0.9510839249929229,2,11,13,14
random,40,11,0.0040215833333333345,0.9790209790209792,0.9393939393939392,0.0060458326772066875,0.9526174501482918,3,7,18,12
random,40,12,0.0009682500000000007,0.965034965034965,0.8787878787878787,0.006658281893004118,0.9542061302164271,3,9,20,8
random,40,13,0.0025824166666666656,0.9930069930069931,0.9696969696969696,0.007366893325617283,0.9113326485446285,3,9,16,12
random,40,14,0.004784500000000003,0.9860139860139862,0.9393939393939392,0.008528311408304855,0.9611500820141027,4,11,13,12
random,40,15,0.0014840833333333349,0.9737317909903013,0.9007896044148774,0.005862309064976361,0.9324531070079984,3,11,18,8
random,40,16,0.002332416666666667,1.0,0.9999999999999998,0.00749094142270558,0.9362797436117822,2,16,13,9
random,40,17,0.002709499999999998,0.9930069930069931,0.9696969696969696,0.01577494115856058,0.9219934468497387,1,9,17,13
random,40,18,0.0016078333333333333,0.9964973622679555,0.9847319278346618,0.004760346234597579,0.9748717060568458,0,10,19,11
random,40,19,0.0011257500000000015,0.9930069930069931,0.9696969696969696,0.005083388841647768,0.9542356738497787,4,10,14,12
random,40,20,0.0017586666666666647,0.9930069930069931,0.9696969696969696,0.0062696922743408,0.9668660629653748,3,7,17,13
random,40,21,0.006606166666666671,0.965034965034965,0.8787878787878787,0.005497140039447733,0.9037403764946564,4,13,15,8
random,40,22,0.0008899166666666656,0.9860139860139862,0.9393939393939392,0.005677636940192744,0.9510161785130359,2,7,16,15
random,40,23,0.0005249166666666666,1.0,0.9999999999999998,0.006136688380012245,0.9052181438733197,3,5,22,10
random,40,24,0.0008449166666666673,0.99124495269876,0.9618600860701234,0.010712946133314433,0.9783411216949154,2,7,16,15
random,40,25,0.0007149166666666665,0.9930069930069931,0.9696969696969696,0.0069486799005441845,0.8633467555692176,2,10,17,11
random,40,26,0.00024658333333333406,1.0,0.9999999999999998,0.004783449416502303,0.976216436405029,3,12,12,13
random,40,27,0.00313866666666667,0.9720279720279721,0.909090909090909,0.013931954009794922,0.9056536057117397,1,8,20,11
random,40,28,0.0012582500000000011,0.9300699300699302,0.8181818181818181,0.015768980300453518,0.9226066838532698,1,10,15,14
random,40,29,0.001054916666666668,0.9790209790209792,0.9393939393939392,0.002849257273175542,0.9468917407100801,3,12,12,13
random,40,30,0.0014240833333333325,0.9720279720279721,0.8787878787878787,0.015456521624294726,0.8744749171160243,1,7,19,13
random,40,31,0.001237833333333329,0.9930069930069931,0.9696969696969696,0.003081409438775509,0.946345769536799,3,7,20,10
random,40,32,0.00043450000000000015,0.9860139860139862,0.9393939393939392,0.011579775486583524,0.9390748114276956,5,7,16,12
random,40,33,0.001739916666666668,0.9860139860139862,0.9393939393939392,0.0044257908950617285,0.9602742788797614,3,8,20,9
random,40,34,0.0014565833333333364,0.9720279720279721,0.909090909090909,0.010876298921453594,0.9377641495624512,1,8,22,9
random,40,35,0.0018999166666666667,0.9860139860139862,0.9393939393939392,0.007298669938016526,0.971427851302588,2,11,15,12
random,40,36,0.0017774166666666641,0.9790209790209792,0.909090909090909,0.004421017825030608,0.9534441845969007,3,10,16,11
random,40,37,0.00043533333333333206,0.9930069930069931,0.9696969696969696,0.003303235598657365,0.9661857812395358,4,11,13,12
random,40,38,0.0006299166666666652,0.9930069930069931,0.9696969696969696,0.017699760661266346,0.9372890545876649,1,11,21,7
random,40,39,0.0013190833333333333,0.99124495269876,0.9618600860701234,0.003799776822403026,0.9446418569167936,3,8,16,13
random,40,40,0.0006457500000000004,0.9930069930069931,0.9696969696969696,0.0038666566593764428,0.9468759993733401,5,8,13,14
random,40,41,0.0030828333333333333,0.9720279720279721,0.909090909090909,0.011883323521402025,0.9363875656114717,1,12,17,10
random,40,42,0.004237833333333335,1.0,0.9999999999999998,0.017702559111880047,0.9630197043158949,0,8,17,15
random,40,43,0.0006890833333333329,0.9737317909903013,0.9313248452425005,0.012007835234788362,0.9348207496190055,2,8,14,16
random,40,44,0.001054500000000003,0.9860139860139862,0.9393939393939392,0.006447280092592593,0.9559430128396891,2,8,15,15
random,40,45,0.0011574166666666636,0.9789533946223928,0.9231861823449954,0.01022488425925926,0.915550697667648,2,8,15,15
random,40,46,0.0033461666666666653,0.9720279720279721,0.909090909090909,0.01844498682020379,0.9502087084680151,2,11,13,14
random,40,47,0.004443666666666663,0.9772344233319931,0.9313248452425005,0.004657042469765684,0.9662239421304241,4,14,12,10
random,40,48,0.0005236666666666667,0.9860139860139862,0.9393939393939392,0.008799158599078703,0.8664453768954131,2,9,17,12
random,40,49,0.002497416666666666,0.9790209790209792,0.909090909090909,0.007217773387477122,0.9537808456155263,3,12,14,11
random,40,50,0.0013057500000000003,0.9860139860139862,0.9393939393939392,0.010939573714842027,0.8753162805534054,3,6,22,9
random,40,51,0.0010969999999999999,0.9982502173821435,0.9923953268977463,0.005816616448576679,0.8833005277681258,3,6,20,11
random,40,52,0.001407416666666668,0.9720279720279721,0.909090909090909,0.008244300490257832,0.9505220388046417,1,7,18,14
random,40,53,0.002455333333333333,0.9720279720279721,0.8787878787878787,0.01711984953703704,0.9460738387606471,1,12,15,12
random,40,54,0.0005440833333333336,0.9790209790209792,0.9393939393939392,0.01544669882399713,0.9148194994776501,1,10,19,10
random,40,55,0.004742416666666668,0.9930069930069931,0.9696969696969696,0.015264315288126724,0.8647244169993589,3,6,18,13
random,40,56,0.001295333333333336,0.9860139860139862,0.9393939393939392,0.004935590277777778,0.9668985362856052,2,8,18,12
random,40,57,0.0016145000000000011,0.9720279720279721,0.909090909090909,0.006292501081314879,0.9042375230396683,3,10,17,10
random,40,58,0.0009415833333333343,0.9702291586486097,0.9007896044148774,0.01274119939929599,0.9250106654118605,2,6,22,10
random,40,59,0.0020503333333333337,1.0,0.9999999999999998,0.013200868055555558,0.9409135536640653,2,7,21,10
random,40,60,0.0029069999999999977,0.9860139860139862,0.9393939393939392,0.003997838325144875,0.9265212190111394,3,14,14,9
random,40,61,0.0021457500000000023,0.9930069930069931,0.9696969696969696,0.014372332702020202,0.9117471790263879,1,10,18,11
random,40,62,0.0008628333333333332,0.9930069930069931,0.9696969696969696,0.003912964734504914,0.9682599749305733,2,8,16,14
random,40,63,0.0009545000000000012,0.9790209790209792,0.909090909090909,0.004280265628913466,0.9567232541401122,4,7,16,13
random,40,64,0.0031145000000000014,0.9930069930069931,0.9696969696969696,0.024769450502499745,0.8753859565556703,3,8,18,11
random,40,65,0.0004219999999999992,0.99124495269876,0.9618600860701234,0.008737111327374087,0.9654511822414811,1,10,17,12
random,40,66,0.001413249999999999,0.9720279720279721,0.909090909090909,0.012767532809152129,0.9354482812807863,2,11,15,12
random,40,67,0.001156583333333333,0.9860139860139862,0.9393939393939392,0.008305497685185185,0.9244915710484753,4,8,20,8
random,40,68,0.001360333333333336,0.9860139860139862,0.9393939393939392,0.010446982047525161,0.9725741476470653,2,10,17,11
random,40,69,0.007822416666666663,0.9860139860139862,0.9393939393939392,0.012584510030864197,0.9328068961454801,1,9,18,12
random,40,70,0.0010528333333333334,0.9930069930069931,0.9696969696969696,0.007560202477810651,0.8234094706895889,3,8,13,16
random,40,71,0.0008220000000000007,0.9790209790209792,0.909090909090909,0.01603626764022603,0.9311814555788268,3,6,17,14
random,40,72,0.0009736666666666655,1.0,0.9999999999999998,0.008795132983749053,0.9373185959103105,4,12,14,10
random,40,73,0.0018161666666666682,0.9930069930069931,0.9696969696969696,0.017127464805366595,0.8827768532122958,1,5,20,14
random,40,74,0.002382833333333331,0.9860139860139862,0.9393939393939392,0.008667282415513873,0.9717776770330036,3,13,14,10
random,40,75,0.001858666666666667,0.9667265263069179,0.9007896044148774,0.0025098643392542203,0.9678463946009304,0,14,10,16
random,40,76,0.000751583333333332,0.9860139860139862,0.9393939393939392,0.008475219496493533,0.9599108489785282,2,9,16,13
random,40,77,0.001393666666666668,0.9720279720279721,0.909090909090909,0.018457438875862646,0.9131925548372238,1,13,14,12
random,40,78,0.0010265833333333336,0.9930069930069931,0.9696969696969696,0.0032735257739393456,0.9771396253888099,3,7,17,13
random,40,79,0.0004595000000000001,0.9930069930069931,0.9696969696969696,0.0037766839591951893,0.9603167801865298,0,10,19,11
random,40,80,0.0009674166666666668,0.9720279720279721,0.909090909090909,0.023164107992053033,0.9500626476808469,1,8,17,14
random,40,81,0.0006411666666666664,0.9790209790209792,0.9393939393939392,0.008233275462962963,0.9511690305570739,3,10,15,12
random,40,82,0.0014394999999999992,0.9860139860139862,0.9393939393939392,0.007118460648148146,0.9485906281826164,3,12,15,10
random,40,83,0.0013603333333333347,0.9982502173821435,0.9923953268977463,0.012932581018518517,0.9384909165817342,2,6,20,12
random,40,84,0.0005582499999999994,0.9930069930069931,0.9696969696969696,0.010805849690082643,0.9413206109183841,2,11,12,15
random,40,85,0.00041491666666666733,0.9720279720279721,0.909090909090909,0.0062061857842249345,0.9475154475736239,3,10,13,14
random,40,86,0.002299499999999999,0.9860139860139862,0.9393939393939392,0.0034835432927762477,0.9161177955224187,2,12,15,11
random,40,87,0.0013553333333333325,0.9720279720279721,0.909090909090909,0.013257237220578571,0.9336122188660123,2,10,13,15
random,40,88,0.00044908333333333427,0.9930069930069931,0.9696969696969696,0.006916336465141614,0.9731029999673096,3,10,17,10
random,40,89,0.0006411666666666675,0.9790209790209792,0.909090909090909,0.016526320117728536,0.8822169962621198,1,8,19,12
random,40,90,0.004204916666666672,0.9930069930069931,0.9696969696969696,0.0038239004629629612,0.9688765239081626,4,10,16,10
random,40,91,0.0008449166666666692,0.9860139860139862,0.9393939393939392,0.0037451871998045875,0.9549664158410929,2,9,16,13
random,40,92,0.0018849166666666686,0.9720279720279721,0.909090909090909,0.00807672596121144,0.9356573942394982,2,9,18,11
random,40,93,0.0004740833333333329,1.0,0.9999999999999998,0.005411188005900757,0.9237209642957904,2,11,18,9
random,40,94,0.0004690833333333327,0.9790209790209792,0.9393939393939392,0.002699136738439624,0.9700498405241116,2,10,13,15
random,40,95,0.0001774166666666672,0.9930069930069931,0.9696969696969696,0.013441505915637862,0.943948850058823,1,9,15,15
random,40,96,0.003553666666666668,0.9860139860139862,0.9393939393939392,0.005404939496374683,0.9302040075928372,0,7,18,15
random,40,97,0.0032657500000000013,1.0,0.9999999999999998,0.004719493705999387,0.9503082024711971,3,11,15,11
random,40,98,0.007075750000000002,0.9842396880153765,0.9313248452425005,0.016340389975434612,0.9030813496202242,2,10,14,14
random,40,99,0.0014178333333333317,0.9930069930069931,0.9696969696969696,0.003605631238777778,0.9517424626714329,2,11,14,13
random,40,100,0.0005753333333333334,0.9930069930069931,0.9696969696969696,0.00995448075895792,0.9301070425051455,3,8,16,13
random,40,101,0.002373666666666667,0.965034965034965,0.8787878787878787,0.0073007735733182175,0.9616641088955244,4,7,15,14
random,40,102,0.0017844999999999977,0.9982502173821435,0.9923953268977463,0.007172315523431597,0.920825857972694,2,12,14,12
random,40,103,0.0013699166666666669,0.9860139860139862,0.9393939393939392,0.010864279513888894,0.9229355289657151,2,10,16,12
random,40,104,0.0008149166666666666,0.9860139860139862,0.9393939393939392,0.0068352494855967085,0.9445477878424605,2,8,18,12
random,40,105,0.0018828333333333318,0.9860139860139862,0.9393939393939392,0.017995312500000003,0.8605370867942007,2,6,20,12
random,40,106,0.0009478333333333345,0.9842396880153765,0.9313248452425005,0.005632166419658616,0.9637770342039805,2,11,14,13
random,40,107,0.003929083333333334,0.9790209790209792,0.909090909090909,0.017757839509380154,0.8863092513732368,1,11,15,13
random,40,108,0.001693666666666666,0.9860139860139862,0.9393939393939392,0.013264165380658438,0.9315655272985899,1,12,18,9
random,40,109,0.0015307499999999998,0.9562186292818428,0.8702543635872545,0.009797625401744723,0.9319745505530448,2,11,12,15
random,40,110,0.0005528333333333348,0.9860139860139862,0.9393939393939392,0.005608405671296297,0.8626308628184745,4,8,16,12
random,40,111,0.0030374166666666644,0.9790209790209792,0.909090909090909,0.005783565842099497,0.8625254921782176,3,8,16,13
random,40,112,0.0008124166666666654,0.9790209790209792,0.909090909090909,0.005694051441470643,0.9564479376191289,2,9,16,13
random,40,113,0.002602416666666666,0.9860139860139862,0.9393939393939392,0.0047381364850769625,0.9449271286330224,5,9,17,9
random,40,114,0.0009411666666666635,0.9930069930069931,0.9696969696969696,0.006107870027942143,0.9424032038978376,2,10,15,13
random,40,115,0.00043658333333333353,0.9772344233319931,0.9313248452425005,0.0155986165013391,0.9609067086686693,1,7,15,17
random,40,116,0.0003528333333333337,0.9860139860139862,0.9393939393939392,0.00789349582561783,0.9340103695072296,2,7,17,14
random,40,117,0.00162325,1.0,0.9999999999999998,0.016585908564814816,0.9397425985007769,1,11,16,12
random,40,118,0.001909083333333337,0.965034965034965,0.8787878787878787,0.017541287400520356,0.9613258188657021,2,9,18,11
random,40,119,0.003213249999999999,0.9860139860139862,0.9393939393939392,0.006501919386307743,0.9692029605068191,3,9,13,15
random,40,120,0.0005194999999999991,1.0,0.9999999999999998,0.0031476735496137965,0.9609644829233843,4,9,14,13
random,40,121,0.0013478333333333328,0.9720279720279721,0.909090909090909,0.009135151391175057,0.884634324167636,2,11,14,13
random,40,122,0.0011915833333333331,0.9790209790209792,0.909090909090909,0.004825045010288067,0.8809842248810146,3,10,18,9
random,40,123,0.0023694999999999988,0.9860139860139862,0.9393939393939392,0.01633571320951129,0.9615001683464084,1,13,16,10
random,40,124,0.001302416666666668,0.9510489510489512,0.8787878787878787,0.003971421109777478,0.963912093662325,3,9,17,11
random,40,125,0.0032528333333333367,0.9790209790209792,0.909090909090909,0.014251403878705328,0.944979433332565,3,7,19,11
random,40,126,0.0012957500000000024,0.9790209790209792,0.909090909090909,0.015820149381492732,0.8200081757841754,2,6,21,11
random,40,127,0.0026349166666666656,0.9860139860139862,0.9393939393939392,0.0040121077674897115,0.9682957394760513,3,12,16,9
random,40,128,0.004067833333333331,0.9790209790209792,0.9393939393939392,0.010099074074074075,0.9632616630893578,1,15,8,16
random,40,129,0.0004120000000000004,0.9930069930069931,0.9696969696969696,0.004532810356652949,0.9701708837724615,0,10,18,12
random,40,130,0.0014069999999999966,0.9930069930069931,0.9696969696969696,0.018228131430041157,0.9371294675114933,1,6,18,15
random,40,131,0.001151166666666667,0.9772344233319931,0.9313248452425005,0.009644367972883603,0.9083714304146934,2,8,16,14
random,40,132,0.0012703333333333325,0.9860139860139862,0.9393939393939392,0.005510098379629629,0.9022682377746555,4,10,16,10
random,40,133,0.0011749166666666642,0.9790209790209792,0.9393939393939392,0.006318783987360378,0.9519446148379458,3,14,14,9
random,40,134,0.00021949999999999888,1.0,0.9999999999999998,0.002550399613740961,0.9668907639038757,2,10,15,13
random,40,135,0.0016982499999999982,0.9790209790209792,0.9393939393939392,0.011306276361313511,0.958816642930827,1,11,15,13
random,40,136,0.0010840833333333334,0.9580419580419581,0.8787878787878787,0.00408016975308642,0.8731264997262244,0,10,15,15
random,40,137,0.0012094999999999996,0.9790209790209792,0.909090909090909,0.006991481401444872,0.9188110640348488,3,12,14,11
random,40,138,0.0014436666666666686,0.9720279720279721,0.909090909090909,0.011081597878348875,0.9513909989172226,2,9,15,14
random,40,139,0.002488666666666665,1.0,0.9999999999999998,0.004860092324337399,0.9444133780202176,2,8,17,13
random,40,140,0.0024861666666666656,0.9877423203570683,0.9618600860701234,0.00597637347961867,0.9597613079347798,2,12,13,13
random,40,141,0.0006715833333333332,1.0,0.9999999999999998,0.0038578124999999984,0.9534051884907245,2,10,15,13
random,40,142,0.0022420000000000005,0.965034965034965,0.8787878787878787,0.005278562532038959,0.9116483193388515,4,10,17,9
random,40,143,0.0006561666666666674,0.9790209790209792,0.9393939393939392,0.0027770564649470908,0.9390978156015981,2,8,16,14
random,40,144,0.0017949166666666677,0.9930069930069931,0.9696969696969696,0.0044991424663299645,0.916062996793109,2,4,22,12
random,40,145,0.005190749999999992,0.9720279720279721,0.909090909090909,0.03517026123766501,0.9075620204932173,2,6,17,15
random,40,146,0.0018144999999999995,0.9930069930069931,0.9696969696969696,0.005790367598682723,0.9030417151860513,4,11,13,12
random,40,147,0.0017665833333333318,0.99124495269876,0.9618600860701234,0.009077058418739669,0.9657299832825277,4,8,17,11
random,40,148,0.0023878333333333343,0.9702291586486097,0.9007896044148774,0.011166574892442948,0.9741180654966209,3,8,18,11
random,40,149,0.0010536666666666672,0.9877423203570683,0.9618600860701234,0.00597822848625788,0.8731510497917854,4,9,19,8
random,40,150,0.0015578333333333353,0.9790209790209792,0.9393939393939392,0.0058262862745635195,0.9312178738818204,3,13,15,9
random,40,151,0.00021033333333333394,0.9860139860139862,0.9393939393939392,0.016843021714404716,0.9623947832332729,1,12,17,10
random,40,152,0.005284916666666666,0.9860139860139862,0.9393939393939392,0.01720799652377291,0.9077386041421297,3,8,17,12
random,40,153,0.0033203333333333353,0.9720279720279721,0.909090909090909,0.02466429900329048,0.9587799861355842,1,11,16,12
random,40,154,0.00026700000000000134,0.9790209790209792,0.909090909090909,0.004400094482237339,0.9479818097710153,4,8,14,14
random,40,155,0.0007628333333333331,0.9930069930069931,0.9696969696969696,0.008401656579570852,0.9516434662852554,2,14,13,11
random,40,156,0.0009274166666666666,0.9930069930069931,0.9696969696969696,0.014235034847849567,0.9277494325874308,2,7,19,12
random,40,157,0.0015994999999999983,0.99124495269876,0.9618600860701234,0.005647289369284561,0.9287975966055125,3,13,13,11
random,40,158,0.004104916666666669,0.9930069930069931,0.9696969696969696,0.018504784344293274,0.9151226548836437,1,7,20,12
random,40,159,0.0006011666666666661,0.9930069930069931,0.9696969696969696,0.006491992630385488,0.9678740668730298,3,8,15,14
random,40,160,0.007391583333333338,0.9860139860139862,0.9393939393939392,0.027014467592592593,0.9408277481267591,1,8,16,15
random,40,161,0.0005961666666666668,0.9930069930069931,0.9696969696969696,0.015531416262492652,0.7473123788651994,1,7,18,14
random,40,162,0.005380333333333334,0.9842396880153765,0.9313248452425005,0.011959159035642621,0.9496797896556626,3,8,18,11
random,40,163,0.0011969999999999986,0.9860139860139862,0.9393939393939392,0.008764279685103002,0.9186090351711036,1,10,13,16
random,40,164,0.0009353333333333317,0.9510489510489512,0.8484848484848484,0.0023523576817558304,0.9696099064028271,0,12,18,10
random,40,165,0.0017949166666666677,0.9790209790209792,0.9393939393939392,0.0037287404227635884,0.9139799132055036,3,13,11,13
random,40,166,0.0017720000000000001,0.9930069930069931,0.9696969696969696,0.006597934745479389,0.961617396608997,3,10,13,14
random,40,167,0.0018790833333333324,0.9160839160839163,0.8181818181818181,0.011723648435787859,0.9475557732827825,4,8,15,13
random,40,168,0.0033394999999999987,0.9440559440559443,0.8484848484848484,0.020030242060736385,0.8979367575053536,4,6,17,13
random,40,169,0.0006165833333333314,0.9982502173821435,0.9923953268977463,0.006415760915821792,0.9400755542027093,3,11,14,12
random,40,170,0.0013865833333333336,1.0,0.9999999999999998,0.0074062008513463475,0.9185665031760566,4,9,17,10
random,40,171,0.0009299166666666666,0.9492133645984593,0.8702543635872545,0.008264508604032751,0.9144542399191422,2,11,16,11
random,40,172,0.0004382500000000014,1.0,0.9999999999999998,0.006858929713632475,0.9701048124884785,4,9,14,13
random,40,173,0.004332000000000002,0.9790209790209792,0.9393939393939392,0.014032450810185183,0.9009962158784846,4,8,16,12
random,40,174,0.0030082500000000005,0.9720279720279721,0.909090909090909,0.023624528476331366,0.9411127574516247,2,10,13,15
random,40,175,0.0016907500000000004,0.9930069930069931,0.9696969696969696,0.003774649529950868,0.9352103688320317,2,7,16,15
random,40,176,0.0005924166666666659,0.9930069930069931,0.9696969696969696,0.005102757116054756,0.9560763502289762,4,12,11,13
random,40,177,0.0009278333333333323,0.9790209790209792,0.909090909090909,0.015253822734309485,0.8909397030064058,1,9,17,13
random,40,178,0.009604500000000002,0.9860139860139862,0.9393939393939392,0.011310146445515767,0.9260103735808076,2,12,15,11
random,40,179,0.0016970000000000008,0.9790209790209792,0.9393939393939392,0.00450344007201646,0.9369109808405125,3,10,18,9
random,40,180,0.002186583333333337,0.9860139860139862,0.9393939393939392,0.007863199466253438,0.9767436335700792,3,11,16,10
random,40,181,0.0011095000000000002,1.0,0.9999999999999998,0.004513747427983539,0.9635788813947301,2,12,18,8
random,40,182,0.0009728333333333337,0.9930069930069931,0.9696969696969696,0.004679130842151677,0.9225053143007067,2,9,15,14
random,40,183,0.0008024166666666675,0.9860139860139862,0.9393939393939392,0.0068072235234494845,0.970511261939685,4,10,13,13
random,40,184,0.0005499166666666661,0.9860139860139862,0.9393939393939392,0.004865378692225282,0.9166320433424691,3,11,16,10
random,40,185,0.0012103333333333304,0.9790209790209792,0.909090909090909,0.006776125257201646,0.8599908467373095,4,9,15,12
random,40,186,0.002338666666666668,0.9790209790209792,0.9393939393939392,0.009637393838708324,0.937623371822718,3,9,14,14
random,40,187,0.001834500000000002,1.0,0.9999999999999998,0.007534182492441422,0.9386109292779945,4,12,14,10
random,40,188,0.0034174166666666663,0.9930069930069931,0.9696969696969696,0.017469343529996937,0.9598572786521242,1,11,20,8
random,40,189,0.0009028333333333318,0.9860139860139862,0.9393939393939392,0.010891853509845936,0.8503531341195736,3,8,18,11
random,40,190,0.0055182500000000015,0.9930069930069931,0.9696969696969696,0.025526595267800874,0.9234383413173032,4,7,19,10
random,40,191,0.0006253333333333344,0.965034965034965,0.8787878787878787,0.014732786779835392,0.9016373581155077,1,9,18,12
random,40,192,0.0010278333333333348,0.9930069930069931,0.9696969696969696,0.008721668472777947,0.9617531543235068,2,10,19,9
random,40,193,0.0009578333333333328,0.9842396880153765,0.9313248452425005,0.01428566586356765,0.9275149398079611,1,10,15,14
random,40,194,0.001899500000000001,0.9720279720279721,0.909090909090909,0.017383631896386007,0.9474235586276163,1,12,17,10
random,40,195,0.0026970000000000015,0.9930069930069931,0.9696969696969696,0.0045789200143267934,0.9670386834412469,2,11,13,14
random,40,196,0.001556166666666669,0.9860139860139862,0.9393939393939392,0.017160864444635753,0.8974432840430799,1,12,16,11
random,40,197,0.001083250000000001,0.9667265263069179,0.9007896044148774,0.009814544476616106,0.8861564425740832,2,8,17,13
random,40,198,0.0017682499999999992,0.9790209790209792,0.909090909090909,0.006722989004629629,0.9099655034532348,4,10,16,10
random,40,199,0.0023382500000000022,0.965034965034965,0.8787878787878787,0.023097844623960695,0.8916213899598413,2,10,14,14
random,45,0,0.0002909917695473244,1.0,0.9999999999999998,0.004609611480105767,0.955967640317003,3,11,19,12
random,45,1,0.0006243251028806572,0.9930069930069931,0.9696969696969696,0.00657487410055519,0.9372023897190879,2,12,18,13
random,45,2,0.0018727201646090523,0.9930069930069931,0.9696969696969696,0.0038126726694334857,0.97403002989356,4,12,16,13
random,45,3,0.001384325102880661,0.9737317909903013,0.9007896044148774,0.014015107578525237,0.9355061264675568,1,9,21,14
random,45,4,0.005689016460905346,0.9860139860139862,0.9393939393939392,0.011895263789584706,0.9205378603965206,3,13,16,13
random,45,5,0.0008230082304526762,0.9930069930069931,0.9696969696969696,0.00565658808479532,0.9099384689120479,3,8,19,15
random,45,6,0.0011438312757201656,0.9860139860139862,0.9393939393939392,0.004167662897918579,0.9216653714793863,2,11,20,12
random,45,7,0.0010361769547325107,1.0,0.9999999999999998,0.017863599537037034,0.9428982275466534,1,12,20,12
random,45,8,0.0006957654320987649,0.9790209790209792,0.9393939393939392,0.011199512710656251,0.971837658810173,3,13,14,15
random,45,9,0.0008885226337448582,1.0,0.9999999999999998,0.010489351851851852,0.9685724376365568,2,12,16,15
random,45,10,0.000644407407407407,0.9790209790209792,0.909090909090909,0.003706528973130294,0.9397691410685853,4,11,17,13
random,45,11,0.0008718971193415639,0.99124495269876,0.9618600860701234,0.011339403329622095,0.8692907418362954,2,10,19,14
random,45,12,0.0013288518518518543,0.965034965034965,0.8787878787878787,0.014717428297518926,0.9046836263118195,1,8,17,19
random,45,13,0.0008709094650205747,0.9790209790209792,0.9393939393939392,0.00712256036585145,0.9657678885738071,5,13,16,11
random,45,14,0.00028753497942386866,0.9930069930069931,0.9696969696969696,0.005217158564814813,0.9293159632711494,3,10,16,16
random,45,15,0.0009777407407407387,0.9930069930069931,0.9696969696969696,0.003261305162839222,0.9192354350714097,4,8,19,14
random,45,16,0.0026228436213991744,0.9930069930069931,0.9696969696969696,0.004421982599334936,0.9550677487257195,3,13,14,15
random,45,17,0.0005927201646090525,0.9930069930069931,0.9696969696969696,0.0032915417729591826,0.9350959468978077,3,12,16,14
random,45,18,0.0006083580246913574,0.9930069930069931,0.9696969696969696,0.003580625488932492,0.9543644675933726,2,8,19,16
random,45,19,0.002663172839506175,0.9580419580419581,0.8787878787878787,0.007159016033722712,0.9570735095137494,3,13,19,10
random,45,20,0.0008807860082304534,0.9807370556736849,0.9313248452425005,0.004987124522165317,0.919077543712519,3,9,19,14
random,45,21,0.00035090946502057727,0.99124495269876,0.9618600860701234,0.003904643262160203,0.954776974762807,2,10,19,14
random,45,22,0.0007341193415637847,0.9860139860139862,0.9393939393939392,0.006112493676334092,0.961453233854568,3,12,17,13
random,45,23,0.0017479465020576116,0.9842396880153765,0.9313248452425005,0.004272582884752356,0.9360369590197545,3,13,16,13
random,45,24,0.001207699588477367,0.9860139860139862,0.9393939393939392,0.003689183049912794,0.9449190551437976,3,8,19,15
random,45,25,0.001362102880658437,0.9720279720279721,0.909090909090909,0.010854361273830517,0.945864406301942,2,9,20,14
random,45,26,0.0008740370370370342,0.9790209790209792,0.9393939393939392,0.0091984792762437,0.9306479792173088,2,12,18,13
random,45,27,0.0007038312757201654,0.9860139860139862,0.9393939393939392,0.007644961749226703,0.8426860358471167,3,13,17,12
random,45,28,0.001782185185185186,0.9720279720279721,0.909090909090909,0.01082818287037037,0.9657699181517434,3,12,15,15
random,45,29,0.0012946131687242778,0.9860139860139862,0.9393939393939392,0.004877102623456791,0.9384237834090463,4,8,18,15
random,45,30,0.0006880288065843626,0.9930069930069931,0.9696969696969696,0.0030178581266588735,0.967446869534547,3,13,20,9
random,45,31,0.0026504979423868304,0.9860139860139862,0.9393939393939392,0.010875367887587993,0.9486602055276238,1,13,17,14
random,45,32,0.0010271234567901216,0.9860139860139862,0.9393939393939392,0.0031392079323694574,0.9618288351242938,5,11,14,15
random,45,33,0.0005681934156378596,0.9930069930069931,0.9696969696969696,0.005474113481273507,0.9719022648074974,3,13,14,15
random,45,34,0.005719139917695471,1.0,0.9999999999999998,0.006397142008410039,0.8909518794630921,4,12,16,13
random,45,35,0.00046679423868312874,1.0,0.9999999999999998,0.012355729166666664,0.920313515874215,3,10,20,12
random,45,36,0.0065253950617283965,0.9790209790209792,0.909090909090909,0.014014884927218313,0.9466562172762325,3,6,19,17
random,45,37,0.0014170823045267485,0.9930069930069931,0.9696969696969696,0.004505058342781558,0.8979202257675014,4,8,21,12
random,45,38,0.005801773662551437,0.965034965034965,0.8787878787878787,0.017466557355967083,0.8990024412778219,3,9,18,15
random,45,39,0.00267848148148148,1.0,0.9999999999999998,0.012288393775720165,0.9579663094965095,4,8,18,15
random,45,40,0.007745806584362142,0.9860139860139862,0.9393939393939392,0.015840274234693873,0.9317198637757745,3,8,20,14
random,45,41,0.0014845720164609081,0.9720279720279721,0.8787878787878787,0.0048413394764957275,0.9150954659536316,4,13,16,12
random,45,42,0.0019512386831275722,0.9842396880153765,0.9313248452425005,0.013210115451449664,0.946402020945121,3,9,23,10
random,45,43,0.0008793045267489713,0.9842396880153765,0.9313248452425005,0.0036166905824829925,0.9626360124695416,3,12,16,14
random,45,44,0.0007388930041152281,1.0,0.9999999999999998,0.014148130243704638,0.9496777016859244,1,12,23,9
random,45,45,0.0011288518518518529,0.9702291586486097,0.9007896044148774,0.01415254028928417,0.9257341022852377,1,9,16,19
random,45,46,0.0012524732510288074,0.9860139860139862,0.9393939393939392,0.008196448356437722,0.9430402118197055,2,8,23,12
random,45,47,0.004109592592592594,0.9790209790209792,0.909090909090909,0.017753135746400958,0.9270433872862966,3,9,17,16
random,45,48,0.0005971646090534981,0.965034965034965,0.8787878787878787,0.004171264057093425,0.9499245699457546,3,10,17,15
random,45,49,0.0029555185185185236,0.9790209790209792,0.9393939393939392,0.007819838094551546,0.9594890846473436,2,12,17,14
random,45,50,0.0006959300411522621,0.9860139860139862,0.9393939393939392,0.0025874488344354435,0.906670680819814,4,13,19,9
random,45,51,0.0005018559670781898,0.9842396880153765,0.9313248452425005,0.002301243917705971,0.9410939127344978,3,12,16,14
random,45,52,0.0027356008230452707,1.0,0.9999999999999998,0.003306468490173846,0.9718069394002309,6,8,21,10
random,45,53,0.00020621810699588428,1.0,0.9999999999999998,0.0033440057938856006,0.9618382081917016,5,13,15,12
random,45,54,0.0004376584362139945,0.9860139860139862,0.9393939393939392,0.004366653859725198,0.9598853439211041,3,9,22,11
random,45,55,0.0024944485596707835,0.9632238939652261,0.9007896044148774,0.0032821017331434014,0.9718435055858583,0,13,16,16
random,45,56,0.001936588477366259,0.9982502173821435,0.9923953268977463,0.005531067946099269,0.97093596150627,3,11,18,13
random,45,57,0.0021581522633744845,0.9930069930069931,0.9696969696969696,0.008893150022248296,0.9813110865742445,0,11,18,16
random,45,58,0.0009314855967078192,0.965034965034965,0.8787878787878787,0.010881069302721088,0.9573674134263928,3,7,20,15
random,45,59,0.003278316872427982,0.9930069930069931,0.9696969696969696,0.005709673414111229,0.9693097146489574,5,11,17,12
random,45,60,0.0012040781893004097,0.9930069930069931,0.9696969696969696,0.002526054884907359,0.9472763634885175,4,11,16,14
random,45,61,0.0008095102880658437,0.99124495269876,0.9618600860701234,0.005320760404856388,0.9771023014577184,3,14,16,12
random,45,62,0.0004295925925925951,0.9860139860139862,0.9393939393939392,0.0027063207304526752,0.9092669308833301,2,10,18,15
random,45,63,0.0008577407407407406,1.0,0.9999999999999998,0.014119542765022678,0.9649837338122195,1,7,21,16
random,45,64,0.00252127983539095,0.9860139860139862,0.9393939393939392,0.004086351712638547,0.9723307085417859,3,11,17,14
random,45,65,0.0008750246913580244,0.9790209790209792,0.9393939393939392,0.004095672382515098,0.9582164556134989,4,10,17,14
random,45,66,0.0029387283950617266,0.9720279720279721,0.909090909090909,0.005929674639917694,0.9744988801921259,3,12,18,12
random,45,67,0.0013950246913580213,0.9930069930069931,0.9696969696969696,0.00982494212962963,0.9583494482464909,1,12,20,12
random,45,68,0.0021028436213991735,0.9930069930069931,0.9696969696969696,0.004529974911425231,0.9731892149445636,2,12,18,13
random,45,69,0.00046794650205761495,0.9790209790209792,0.909090909090909,0.011056853956633488,0.9529941311996135,2,8,17,18
random,45,70,0.0015337901234567944,0.9790209790209792,0.909090909090909,0.00686536514440341,0.848401204610801,4,6,19,16
random,45,71,0.0010904979423868287,0.9790209790209792,0.9393939393939392,0.006081653682631002,0.9281141464808654,3,13,18,11
random,45,72,0.0005856419753086414,0.9790209790209792,0.9393939393939392,0.00543811735069845,0.9600509294419073,4,12,17,12
random,45,73,0.0018139547325102898,0.9790209790209792,0.909090909090909,0.012576382458847738,0.9352773037586036,1,9,20,15
random,45,74,0.0010402921810699582,0.9842396880153765,0.9313248452425005,0.00841465301398337,0.943226271981634,2,10,21,12
random,45,75,0.0012075349794238674,0.9842396880153765,0.9313248452425005,0.007904211766478455,0.9468906328290227,2,13,17,13
random,45,76,0.0006918148148148149,0.9860139860139862,0.9393939393939392,0.002422711609465871,0.9516821151031014,3,11,15,16
random,45,77,0.0020501687242798347,0.9720279720279721,0.909090909090909,0.005167621527777778,0.9566084840559381,3,16,10,16
random,45,78,0.0010267942386831292,0.9930069930069931,0.9696969696969696,0.010445928715245714,0.9623327975551742,4,10,19,12
random,45,79,0.0003482757201646099,0.9930069930069931,0.9696969696969696,0.0020768997078859093,0.9470220636813161,5,11,14,15
random,45,80,0.00013790534979423962,0.9860139860139862,0.9393939393939392,0.004359780092592594,0.9213260928151892,3,10,16,16
random,45,81,0.0008666296296296304,0.9982502173821435,0.9923953268977463,0.0077229094340904424,0.9657327661653174,3,11,21,10
random,45,82,0.0008389753086419761,0.9877423203570683,0.9618600860701234,0.005542722806821728,0.9267013740665343,3,13,18,11
random,45,83,0.0010742016460905362,0.99124495269876,0.9618600860701234,0.003370407868008314,0.9780491977152774,3,12,16,14
random,45,84,0.0008979053497942415,0.9790209790209792,0.909090909090909,0.0019547019347862615,0.9476079673147031,3,10,18,14
random,45,85,0.0010384814814814803,0.9860139860139862,0.9393939393939392,0.002494984567901235,0.9570828555592069,0,10,20,15
random,45,86,0.0009311563786008233,0.9930069930069931,0.9696969696969696,0.004393778935185185,0.9677713309589162,4,10,15,16
random,45,87,0.002317658436213998,0.9702291586486097,0.9007896044148774,0.009014617362467864,0.9310024054600169,4,14,17,10
random,45,88,0.0004521440329218112,0.9790209790209792,0.909090909090909,0.009762339996087326,0.9605800526400261,1,13,22,9
random,45,89,0.000773296296296295,0.9930069930069931,0.9696969696969696,0.002885989996674945,0.9784710717486946,3,9,19,14
random,45,90,0.0007084403292181072,1.0,0.9999999999999998,0.008974882824456683,0.9713148061071742,2,12,20,11
random,45,91,0.0003676995884773656,1.0,0.9999999999999998,0.003818868033864819,0.971686252009482,3,14,17,11
random,45,92,0.0011596337448559653,0.965034965034965,0.8787878787878787,0.007260487397119343,0.9511047600256674,4,9,20,12
random,45,93,0.0003570000000000001,0.99124495269876,0.9618600860701234,0.0069612126345636295,0.9575710155570054,1,12,15,17
random,45,94,0.0035112386831275713,1.0,0.9999999999999998,0.008534486436333024,0.945748797683003,4,10,20,11
random,45,95,0.001319633744855968,0.9860139860139862,0.9393939393939392,0.0212290262069788,0.9257361962924603,1,9,18,17
random,45,96,0.0020664650205761306,0.9930069930069931,0.9696969696969696,0.009339439588071258,0.9092321145320934,1,9,16,19
random,45,97,0.01178514814814815,0.9772344233319931,0.9313248452425005,0.016493547453703704,0.9443809117164383,2,15,16,12
random,45,98,0.0008834197530864186,0.9860139860139862,0.9393939393939392,0.017489959490740743,0.8972913786913098,1,8,20,16
random,45,99,0.0006017736625514397,0.9790209790209792,0.909090909090909,0.004811977242433308,0.9691560628919869,5,10,13,17
random,45,100,0.0023011975308641994,0.965034965034965,0.8787878787878787,0.013555016606619693,0.9510125370607042,1,11,21,12
random,45,101,0.0011318148148148118,0.9720279720279721,0.909090909090909,0.010073743822488143,0.9321203178693742,2,10,16,17
random,45,102,0.0007881111111111101,0.9790209790209792,0.9393939393939392,0.01718088831018519,0.9539805159404936,1,12,16,16
random,45,103,0.0011235843621399185,0.99124495269876,0.9618600860701234,0.013979162362258955,0.9465839121301971,1,12,22,10
random,45,104,0.0016687695473251026,0.9790209790209792,0.9393939393939392,0.0099330306641098,0.9682834756761555,3,9,19,14
random,45,105,0.0006070411522633726,0.9790209790209792,0.9393939393939392,0.003032138934481556,0.9347788240402649,2,11,14,18
random,45,106,0.0003584814814814793,0.9930069930069931,0.9696969696969696,0.0030855464897289408,0.9266633968879406,4,10,22,9
random,45,107,0.0033946954732510318,0.9930069930069931,0.9696969696969696,0.015886933828857534,0.9412452754014525,1,8,22,14
random,45,108,0.002384160493827162,0.9702291586486097,0.9007896044148774,0.009846691902425481,0.9666337229732165,4,11,17,13
random,45,109,0.0007038312757201648,0.9930069930069931,0.9696969696969696,0.01627267875514403,0.9402656863350187,3,9,15,18
random,45,110,0.0009858065843621415,0.9720279720279721,0.909090909090909,0.005451994073708815,0.9304390305050924,0,13,16,16
random,45,111,0.00175930452674897,0.9790209790209792,0.909090909090909,0.017856731728185103,0.8957747338380376,1,12,18,14
random,45,112,0.0010493456790123463,1.0,0.9999999999999998,0.00467247299382716,0.966409273335386,3,12,12,18
random,45,113,0.0022534609053497952,0.9860139860139862,0.9393939393939392,0.004880600565843624,0.9399632080537176,3,9,18,15
random,45,114,0.0028175761316872466,0.9930069930069931,0.9696969696969696,0.004918758625430009,0.9738547257860903,3,7,19,16
random,45,115,0.0005016913580246915,0.9860139860139862,0.9393939393939392,0.01307311401946819,0.9408849757724382,1,13,18,13
random,45,116,0.0009739547325102888,0.9982502173821435,0.9923953268977463,0.0034687284779614334,0.9625649388223115,4,11,15,15
random,45,117,0.0005555185185185194,0.9930069930069931,0.9696969696969696,0.004345058464418527,0.9648320811173106,4,9,19,13
random,45,118,0.0009035020576131689,0.9930069930069931,0.9696969696969696,0.003930860328312008,0.9675658588147904,3,11,18,13
random,45,119,0.0033016913580246883,0.9580419580419581,0.8787878787878787,0.014529385083893157,0.9141522672342057,3,12,19,11
random,45,120,0.0012025967078189304,1.0,0.9999999999999998,0.004764249062232537,0.8566550547335059,2,6,23,14
random,45,121,0.0005948600823045269,0.9720279720279721,0.909090909090909,0.0025667773149336995,0.9631632740450154,0,13,19,13
random,45,122,0.0036756831275720184,0.9860139860139862,0.9393939393939392,0.00946153382513136,0.9744359717471673,3,10,15,17
random,45,123,0.0008998806584362152,0.99124495269876,0.9618600860701234,0.004217551866106612,0.9446499481106491,2,11,18,14
random,45,124,0.0024355185185185187,0.99124495269876,0.9618600860701234,0.020081490251256745,0.9469795103587019,1,14,17,13
random,45,125,0.00038794650205761257,0.9930069930069931,0.9696969696969696,0.008396111148201244,0.9546660667346629,2,11,21,11
random,45,126,0.00042992181069958927,0.9790209790209792,0.909090909090909,0.009006051060582745,0.9592218285491493,4,10,19,12
random,45,127,0.003567041152263376,0.9860139860139862,0.9393939393939392,0.008485297219352615,0.9616328702271586,3,11,16,15
random,45,128,0.0004900041152263363,0.9982502173821435,0.9923953268977463,0.004372061471193417,0.958988475363376,3,12,18,12
random,45,129,0.0007352716049382708,0.9860139860139862,0.9393939393939392,0.0052802946216919285,0.9451181252215365,3,13,17,12
random,45,130,0.0004370000000000007,0.9930069930069931,0.9696969696969696,0.0049235532407407405,0.9429451194571559,3,15,15,12
random,45,131,0.001887370370370369,0.9510489510489512,0.8484848484848484,0.01448693751601948,0.9034214869278123,1,17,17,10
random,45,132,0.004679304526748974,0.965034965034965,0.8787878787878787,0.005976995177088659,0.9244599585741501,2,12,13,18
random,45,133,0.0017612798353909443,1.0,0.9999999999999998,0.004205870693865781,0.9774639482720361,2,12,17,14
random,45,134,0.0002987283950617279,0.9930069930069931,0.9696969696969696,0.003526556946267427,0.9607237900252364,3,11,19,12
random,45,135,0.0010108271604938274,1.0,0.9999999999999998,0.010356707432415102,0.9191049584784485,2,8,19,16
random,45,136,0.0015023497942386833,0.9790209790209792,0.909090909090909,0.007318484293429734,0.9147569828243284,2,11,15,17
random,45,137,0.003251979423868317,0.99124495269876,0.9618600860701234,0.007523916931923584,0.9021302876023441,2,10,19,14
random,45,138,0.0014822674897119368,0.965034965034965,0.909090909090909,0.005806550601895539,0.9607764839756396,2,11,15,17
random,45,139,0.0026342016460905384,0.9930069930069931,0.9696969696969696,0.020264703004923723,0.9193923565596198,1,11,20,13
random,45,140,0.0007334609053497937,0.9930069930069931,0.9696969696969696,0.017069152626799842,0.9501704433792292,1,14,17,13
random,45,141,0.00013428395061728318,0.9930069930069931,0.9696969696969696,0.004063366685842648,0.9702164663850881,5,12,15,13
random,45,142,0.0037316502057613207,0.9930069930069931,0.9696969696969696,0.0062864971273212285,0.9454688386434378,3,8,19,15
random,45,143,0.0008462181069958863,0.9930069930069931,0.9696969696969696,0.010643779263248509,0.9643530706602589,4,9,18,14
random,45,144,0.0010661358024691332,0.9860139860139862,0.9393939393939392,0.0024918409154678104,0.979797888829934,4,12,18,11
random,45,145,0.0009704979423868298,0.9930069930069931,0.9696969696969696,0.0072297003600823055,0.9352117941681493,3,12,18,12
random,45,146,0.0007174938271604919,0.9720279720279721,0.909090909090909,0.005782059136161517,0.9416186765285128,4,11,17,13
random,45,147,0.0011178230452674883,0.9930069930069931,0.9696969696969696,0.00392360974687659,0.9372081414477642,3,9,19,14
random,45,148,0.0021306625514403254,0.9790209790209792,0.9393939393939392,0.004681401592499743,0.8980337910455901,2,12,17,14
random,45,149,0.0031321440329218097,0.9930069930069931,0.9696969696969696,0.01909682421579743,0.8831086120030113,2,7,21,15
random,45,150,0.0007540370370370387,1.0,0.9999999999999998,0.003919196329881304,0.9510181342578821,4,11,18,12
random,45,151,0.0006006213991769556,0.9860139860139862,0.9393939393939392,0.0048508155886880224,0.9626983519625679,3,9,19,14
random,45,152,0.0008900041152263374,0.9860139860139862,0.9393939393939392,0.005386940905264767,0.9433375589788262,3,10,22,10
random,45,153,0.001027123456790122,0.9860139860139862,0.9393939393939392,0.004883226489372266,0.8664191440788764,3,7,23,12
random,45,154,0.0007319794238683122,0.9720279720279721,0.909090909090909,0.00963754911942679,0.96864158822496,2,13,18,12
random,45,155,0.0006258065843621417,0.9720279720279721,0.909090909090909,0.004705476689132445,0.9553801669075629,3,10,14,18
random,45,156,0.0027691810699588485,0.9860139860139862,0.9393939393939392,0.005922960795257077,0.967788765437251,3,13,18,11
random,45,157,0.0007523909465020576,0.9930069930069931,0.9696969696969696,0.002582346318922625,0.9806458084978911,3,12,17,13
random,45,158,0.0028528024691358,0.9562186292818428,0.9007896044148774,0.010527907228854197,0.9402596461128011,0,10,24,11
random,45,159,0.0006345308641975309,0.9982502173821435,0.9923953268977463,0.017970900389476782,0.953966255087752,1,9,21,14
random,45,160,0.0011943662551440314,0.9860139860139862,0.9393939393939392,0.003391711152053414,0.9558563153590793,3,9,21,12
random,45,161,0.0009204567901234564,0.9720279720279721,0.909090909090909,0.01463084972993827,0.9150699098249316,1,10,18,16
random,45,162,0.0016379876543209848,0.9860139860139862,0.9393939393939392,0.013250014017044728,0.9362455281455594,5,8,15,17
random,45,163,0.002818728395061728,0.9860139860139862,0.9393939393939392,0.012500049346344752,0.9374300160042449,3,11,19,12
random,45,164,0.0029892633744855995,0.9930069930069931,0.9696969696969696,0.004040590733831236,0.9520018878552391,0,14,19,12
random,45,165,0.0006661358024691346,0.9790209790209792,0.9393939393939392,0.00831459297839506,0.9576446953759483,2,9,18,16
random,45,166,0.0005341193415637865,1.0,0.9999999999999998,0.0044177083333333325,0.9515975259258295,2,8,20,15
random,45,167,0.0004486872427983553,0.9702291586486097,0.9007896044148774,0.0021288773148148143,0.9291863085870197,3,12,15,15
random,45,168,0.0005257242798353899,0.99124495269876,0.9618600860701234,0.010137697231670446,0.9479303271224898,1,10,20,14
random,45,169,0.0019347777777777792,1.0,0.9999999999999998,0.004544101849150341,0.9695913039952617,3,12,17,13
random,45,170,0.001092308641975309,0.9720279720279721,0.909090909090909,0.004427504219554356,0.9657458164323118,4,14,14,13
random,45,171,0.0027224320987654306,0.965034965034965,0.8787878787878787,0.009224450231481484,0.9366753615249723,2,12,15,16
random,45,172,0.0004567530864197529,0.9860139860139862,0.9393939393939392,0.002506443709551538,0.977597385786241,4,14,14,13
random,45,173,0.002035518518518522,0.9930069930069931,0.9696969696969696,0.0039748927628775205,0.9289565554269908,4,11,21,9
random,45,174,0.0005709917695473263,0.9720279720279721,0.909090909090909,0.008016779670746293,0.9273955612693301,2,9,17,17
random,45,175,0.001234860082304528,0.9510489510489512,0.8787878787878787,0.012294466949588478,0.9412438101849906,2,9,18,16
random,45,176,0.0017081111111111097,0.9860139860139862,0.9393939393939392,0.008408948152199868,0.9077443621327488,2,11,18,14
random,45,177,0.0006086872427983526,0.9860139860139862,0.9393939393939392,0.005835601491413559,0.9480153906821216,3,10,17,15
random,45,178,0.0025660534979423887,0.9860139860139862,0.9393939393939392,0.00429716435185185,0.9117699372851871,3,10,20,12
random,45,179,0.0012865473251028805,0.9440559440559443,0.8484848484848484,0.0035501965348312303,0.9333279299634666,3,8,15,19
random,45,180,0.0015197983539094661,0.9790209790209792,0.909090909090909,0.010306716506046863,0.8860388033207584,4,8,21,12
random,45,181,0.00572177366255144,0.9930069930069931,0.9696969696969696,0.006991701311290736,0.9693695924462553,3,14,17,11
random,45,182,0.000708440329218107,0.9860139860139862,0.9393939393939392,0.0054385092881754195,0.9393455518686628,2,12,18,13
random,45,183,0.00022350205761316924,0.9720279720279721,0.909090909090909,0.004529978525788186,0.9510932281509571,3,11,15,16
random,45,184,0.0007486049382716049,0.9720279720279721,0.909090909090909,0.005113157832577476,0.8794031942842826,3,12,16,14
random,45,185,0.00024440740740740716,0.9860139860139862,0.9393939393939392,0.0015119293338477372,0.9709256319071888,5,9,15,16
random,45,186,0.0007112386831275722,0.9860139860139862,0.9393939393939392,0.011784327334340212,0.9533805493750637,2,14,13,16
random,45,187,0.002721609053497942,0.9580419580419581,0.8484848484848484,0.017623447210674395,0.9398370111120653,1,9,21,14
random,45,188,0.0010926378600823064,0.9860139860139862,0.9393939393939392,0.004154847445865081,0.9461785522530384,4,7,19,15
random,45,189,0.0004233374485596705,1.0,0.9999999999999998,0.0034285445601851833,0.9333064265527622,2,12,15,16
random,45,190,0.0009984814814814815,0.9930069930069931,0.9696969696969696,0.0020766752483670193,0.930326407529758,0,10,19,16
random,45,191,0.0011680288065843627,1.0,0.9999999999999998,0.010283796296296294,0.9345283502381707,1,5,24,15
random,45,192,0.004015106995884778,0.9982502173821435,0.9923953268977463,0.006027535681021257,0.9703638554944725,3,13,16,13
random,45,193,0.0009634197530864196,0.9720279720279721,0.909090909090909,0.014560941961661212,0.9473551863894469,1,12,18,14
random,45,194,0.007078152263374483,0.9790209790209792,0.909090909090909,0.009426639537673424,0.9732359900343907,4,11,16,14
random,45,195,0.0011602921810699603,0.9860139860139862,0.9393939393939392,0.006588343233003262,0.949262954344079,3,13,14,15
random,45,196,0.005351238683127572,0.9877423203570683,0.9618600860701234,0.0049384808039225755,0.9612113717290356,0,10,19,16
random,45,197,0.0022304156378600824,0.9580419580419581,0.8484848484848484,0.01173871544899189,0.9580570037496092,4,12,16,13
random,45,198,0.0006463827160493836,0.9930069930069931,0.9696969696969696,0.0040425540123456795,0.9679486772547703,4,9,16,16
random,45,199,0.0003950246913580243,0.9930069930069931,0.9696969696969696,0.0035984586135773475,0.9707642719804853,3,11,18,13
random,50,0,0.000754333333333333,0.9860139860139862,0.9393939393939392,0.007579619224004526,0.9477186564015089,2,14,21,13
random,50,1,0.0031090000000000002,0.9790209790209792,0.9393939393939392,0.003355535659587314,0.9643144260835997,0,9,22,19
random,50,2,0.00031433333333333384,0.9930069930069931,0.9696969696969696,0.010140356452785432,0.9740415389264783,3,11,20,16
random,50,3,0.0007249999999999968,0.9930069930069931,0.9696969696969696,0.0031126994102343235,0.9486237701157644,4,13,16,17
random,50,4,0.0010290000000000032,0.9860139860139862,0.9393939393939392,0.002471418873302643,0.9731699372501674,2,13,23,12
random,50,5,0.0005623333333333341,1.0,0.9999999999999998,0.0051483217592592605,0.9581967041643886,3,8,24,15
random,50,6,0.000706333333333331,0.9930069930069931,0.9696969696969696,0.005211558816994181,0.9815379981251923,4,13,18,15
random,50,7,0.0005049999999999995,0.99124495269876,0.9618600860701234,0.003596932269639882,0.9606225046911805,2,15,17,16
random,50,8,0.002238333333333332,1.0,0.9999999999999998,0.015221691940665152,0.9192943246819977,4,10,21,15
random,50,9,0.000715666666666667,0.9930069930069931,0.9696969696969696,0.0063855180924797935,0.9278581309069133,3,8,22,17
random,50,10,0.000954333333333334,0.9860139860139862,0.9393939393939392,0.00890871770901819,0.9495925063355678,1,13,20,16
random,50,11,0.000897000000000002,0.9930069930069931,0.9696969696969696,0.002678282076719576,0.9533278568976875,4,12,20,14
random,50,12,0.002502333333333337,0.9930069930069931,0.9696969696969696,0.010487517111349183,0.9099501533486812,3,9,22,16
random,50,13,0.0015383333333333327,0.99124495269876,0.9618600860701234,0.0046024884259259265,0.9293816573850022,3,12,20,15
random,50,14,0.0002756666666666673,0.9930069930069931,0.9696969696969696,0.004504682170733306,0.9797886813441383,3,14,22,11
random,50,15,0.0013756666666666628,0.9720279720279721,0.909090909090909,0.006446787143166089,0.9586817589295291,2,17,15,16
random,50,16,0.000711666666666665,0.9930069930069931,0.9696969696969696,0.005076771248051965,0.9714583007952272,3,13,18,16
random,50,17,0.0015663333333333354,0.9860139860139862,0.9393939393939392,0.0029746737847844884,0.9340426576496892,4,11,19,16
random,50,18,0.0003663333333333346,0.9720279720279721,0.909090909090909,0.002973416851633185,0.9696854752801372,2,11,23,14
random,50,19,0.0011703333333333325,0.9930069930069931,0.9696969696969696,0.017168121138328784,0.9681577100417555,3,8,23,16
random,50,20,0.0012063333333333331,0.9930069930069931,0.9696969696969696,0.007883378343621397,0.9629124267669082,2,18,15,15
random,50,21,0.00047033333333333324,0.9720279720279721,0.909090909090909,0.012611234651605917,0.962807786059043,1,13,18,18
random,50,22,0.0004156666666666666,0.9930069930069931,0.9696969696969696,0.0049996685606060595,0.9413827195679872,4,12,22,12
random,50,23,0.002429,0.9930069930069931,0.9696969696969696,0.016410784335745554,0.8621236628219703,2,11,18,19
random,50,24,0.000967666666666665,0.9790209790209792,0.909090909090909,0.00431787136426593,0.9526110006101747,4,12,19,15
random,50,25,0.0010836666666666664,0.9930069930069931,0.9696969696969696,0.003558037840680935,0.9723092767684106,3,12,18,17
random,50,26,0.0026756666666666686,0.9930069930069931,0.9696969696969696,0.01122803143622645,0.9709340536135904,2,15,16,17
random,50,27,0.0003663333333333328,0.9930069930069931,0.9696969696969696,0.004562615445483747,0.9754007000864744,3,10,21,16
random,50,28,0.0012689999999999993,0.9720279720279721,0.909090909090909,0.0051749837802768164,0.9729916564838864,3,17,15,15
random,50,29,0.0004063333333333345,0.9930069930069931,0.9696969696969696,0.0031181303507399295,0.9414209763501815,3,14,22,11
random,50,30,0.0008170000000000014,0.9930069930069931,0.9696969696969696,0.0026447448378595357,0.9591451501758402,0,13,21,16
random,50,31,0.0010423333333333346,0.9930069930069931,0.9696969696969696,0.003584276428087307,0.928483025074893,4,11,21,14
random,50,32,0.0005863333333333351,0.9930069930069931,0.9696969696969696,0.008682481588542719,0.9417669865363187,2,13,21,14
random,50,33,0.0009329999999999995,0.9930069930069931,0.9696969696969696,0.003592008037328949,0.9242043460461646,4,9,20,17
random,50,34,0.0007650000000000006,0.9422080999150758,0.8397191227596315,0.008016324944730507,0.9444839303810552,1,14,16,19
random,50,35,0.0008329999999999999,1.0,0.9999999999999998,0.006473972251138382,0.973666695719761,3,9,25,13
random,50,36,0.0005129999999999989,1.0,0.9999999999999998,0.005030949466818284,0.9686909961160433,3,14,20,13
random,50,37,0.0005236666666666657,0.9930069930069931,0.9696969696969696,0.0060516356045427246,0.9766810639234208,2,18,17,13
random,50,38,0.0004290000000000005,0.9930069930069931,0.9696969696969696,0.00494738502782039,0.9480109121053067,2,9,26,13
random,50,39,0.001021000000000002,0.9930069930069931,0.9696969696969696,0.012697654786236596,0.949222520191449,2,11,20,17
random,50,40,0.004767666666666667,0.9930069930069931,0.9696969696969696,0.013234989068930041,0.9718855419111622,4,12,18,16
random,50,41,0.0013396666666666693,0.9930069930069931,0.9696969696969696,0.007200438380012242,0.9637640029600505,2,11,25,12
random,50,42,0.0003530000000000017,0.9790209790209792,0.909090909090909,0.008925947351980008,0.9341592379203323,3,10,20,17
random,50,43,0.0037009999999999994,0.9790209790209792,0.909090909090909,0.025304711141141224,0.9363129283033106,2,12,23,13
random,50,44,0.0014356666666666643,0.9930069930069931,0.9696969696969696,0.004920242163223313,0.9372186946763365,3,14,18,15
random,50,45,0.00030366666666666644,0.99124495269876,0.9618600860701234,0.007645151961534539,0.9647414209577101,3,9,22,16
random,50,46,0.0007209999999999994,0.9860139860139862,0.9393939393939392,0.003173802164082378,0.9758554470882834,4,11,16,19
random,50,47,0.0007649999999999982,0.9720279720279721,0.909090909090909,0.003809499795288486,0.9626235559538441,2,16,18,14
random,50,48,0.0018569999999999978,0.9930069930069931,0.9696969696969696,0.004777738580228277,0.9681589239524779,3,13,20,14
random,50,49,0.0034676666666666705,0.9930069930069931,0.9696969696969696,0.01004645702848112,0.8865162417626113,2,13,23,12
random,50,50,0.002267666666666668,1.0,0.9999999999999998,0.005273824749534977,0.9749478178535911,4,11,22,13
random,50,51,0.001981000000000001,0.9930069930069931,0.9696969696969696,0.008009089317916709,0.9216345100297624,2,10,21,17
random,50,52,0.0012916666666666651,0.9790209790209792,0.9393939393939392,0.013335744205089445,0.9545731510132663,3,8,18,21
random,50,53,0.002749000000000001,0.9860139860139862,0.9393939393939392,0.00624960121088212,0.9713836276935824,3,13,20,14
random,50,54,0.0002623333333333327,0.9930069930069931,0.9696969696969696,0.002586811613610855,0.9527051895472948,0,12,22,16
random,50,55,0.002941000000000002,0.9790209790209792,0.909090909090909,0.0064467578003423575,0.9662267192936956,4,17,15,14
random,50,56,0.00025033333333333336,0.9930069930069931,0.9696969696969696,0.0013793859332948855,0.9718809778453634,4,12,17,17
random,50,57,0.001907666666666667,0.9720279720279721,0.909090909090909,0.004695666450063012,0.947064622921795,3,8,23,16
random,50,58,0.001774333333333335,0.9930069930069931,0.9696969696969696,0.004662027631109072,0.9151480050888129,4,9,22,15
random,50,59,0.0004356666666666656,0.9790209790209792,0.9393939393939392,0.008438429954883907,0.9499110298053604,4,11,18,17
random,50,60,0.0007369999999999998,0.9860139860139862,0.9393939393939392,0.002303653797951688,0.9164794330555014,3,11,21,15
random,50,61,0.0003930000000000014,0.9860139860139862,0.9393939393939392,0.003788208693263448,0.9521694660282122,3,13,18,16
random,50,62,0.0015076666666666648,0.9930069930069931,0.9696969696969696,0.010997678755144034,0.9474660498170144,2,15,15,18
random,50,63,0.0011916666666666686,0.9807370556736849,0.9313248452425005,0.0039044688786008222,0.938889665793821,2,12,18,18
random,50,64,0.0010303333333333343,0.9930069930069931,0.9696969696969696,0.0030912475867647025,0.9608008587461703,4,13,14,19
random,50,65,0.00454233333333333,0.9790209790209792,0.9393939393939392,0.006159055466322332,0.960851690291069,3,14,15,18
random,50,66,0.0022370000000000007,0.9930069930069931,0.9696969696969696,0.004081514224406993,0.9618457617088987,4,13,19,14
random,50,67,0.0007009999999999985,0.99124495269876,0.9618600860701234,0.0016785196390647762,0.9267658549998345,5,14,17,14
random,50,68,0.0007650000000000015,0.9860139860139862,0.9393939393939392,0.0056723078362673155,0.9350933459599042,4,12,21,13
random,50,69,0.0022076666666666638,0.9510489510489512,0.8484848484848484,0.010972674332306885,0.9218730324853509,1,15,21,13
random,50,70,0.001154333333333333,1.0,0.9999999999999998,0.005782616727712307,0.9564800922327146,3,11,23,13
random,50,71,0.0008329999999999988,0.9790209790209792,0.9393939393939392,0.005154861111111113,0.9573044055074984,0,15,20,15
random,50,72,0.0018516666666666655,0.9720279720279721,0.909090909090909,0.005555015825774756,0.9559688667855112,3,12,21,14
random,50,73,0.0005463333333333337,0.9860139860139862,0.9393939393939392,0.004934993321823677,0.9525876659071009,3,11,22,14
random,50,74,0.0011970000000000043,0.9790209790209792,0.909090909090909,0.006217492205215419,0.9449878258963204,4,15,21,10
random,50,75,0.00047700000000000043,0.9930069930069931,0.9696969696969696,0.004274529371004366,0.9504743450815345,2,8,23,17
random,50,76,0.0013876666666666673,0.9580419580419581,0.8787878787878787,0.002922395833333334,0.9565013848929201,5,10,20,15
random,50,77,0.0006769999999999995,0.9930069930069931,0.9696969696969696,0.015070192035147395,0.9305125464371513,1,12,21,16
random,50,78,0.0022996666666666656,0.9790209790209792,0.9393939393939392,0.01175613420878237,0.9355006914995888,2,12,19,17
random,50,79,0.0013263333333333384,0.9580419580419581,0.909090909090909,0.007462576361494631,0.946881442346231,2,15,20,13
random,50,80,0.0006169999999999987,0.99124495269876,0.9618600860701234,0.0023147191515495084,0.9745216316980361,5,15,16,14
random,50,81,0.0034050000000000013,0.9790209790209792,0.9393939393939392,0.015400180935362743,0.902837298377037,3,11,19,17
random,50,82,0.0008516666666666656,0.9930069930069931,0.9696969696969696,0.004280323731645849,0.9689825723252421,2,13,20,15
random,50,83,0.000380999999999999,0.9930069930069931,0.9696969696969696,0.007155783860590258,0.8650327201014524,4,9,23,14
random,50,84,0.00026900000000000095,0.9860139860139862,0.9393939393939392,0.003013656929139884,0.9277507515534013,4,11,20,15
random,50,85,0.0011009999999999998,0.9860139860139862,0.9393939393939392,0.011222125771604937,0.9302487189571531,4,8,20,18
random,50,86,0.004232999999999998,1.0,0.9999999999999998,0.005542126904432135,0.9385087378614143,4,12,19,15
random,50,87,0.00021033333333333223,0.9930069930069931,0.9696969696969696,0.0033513046650019054,0.896863041995465,4,10,22,14
random,50,88,0.0012369999999999992,1.0,0.9999999999999998,0.0031941632834757844,0.9756444459250565,4,8,25,13
random,50,89,0.0003383333333333322,0.9930069930069931,0.9696969696969696,0.01117588252314815,0.9317081058739227,2,16,20,12
random,50,90,0.0012556666666666658,0.9790209790209792,0.909090909090909,0.00830213407612357,0.9193140088664566,2,8,27,13
random,50,91,0.0002836666666666647,1.0,0.9999999999999998,0.00228214292546679,0.9657811770403006,4,12,22,12
random,50,92,0.0002690000000000001,0.9930069930069931,0.9696969696969696,0.0013197844619874087,0.9753899965928703,4,14,17,15
random,50,93,0.000861000000000001,0.9930069930069931,0.9696969696969696,0.0028695481884274164,0.9585296166767058,2,14,19,15
random,50,94,0.002059666666666664,0.9720279720279721,0.909090909090909,0.009253136239286808,0.8962882091023444,3,11,16,20
random,50,95,0.0017489999999999977,0.9930069930069931,0.9696969696969696,0.0032979716674318956,0.9526363658565249,3,15,22,10
random,50,96,0.00039299999999999833,0.9720279720279721,0.909090909090909,0.0034717179442272815,0.981587030761339,4,13,16,17
random,50,97,0.0007609999999999992,0.9930069930069931,0.9696969696969696,0.003201413315119567,0.9903627581374101,5,13,19,13
random,50,98,0.001227666666666666,0.9930069930069931,0.9696969696969696,0.004527764206172666,0.9708446719249969,4,14,17,15
random,50,99,0.0011556666666666696,0.99124495269876,0.9618600860701234,0.004180711505521291,0.9744244172525596,2,11,20,17
random,50,100,0.0010223333333333332,1.0,0.9999999999999998,0.008667026585214047,0.9731326598613281,4,10,19,17
random,50,101,0.002921000000000002,0.9930069930069931,0.9696969696969696,0.010710003853874045,0.9613098344995038,2,11,24,13
random,50,102,0.0012890000000000004,0.9860139860139862,0.9393939393939392,0.004671310763888889,0.9705624754552296,3,16,15,16
random,50,103,0.002599666666666667,1.0,0.9999999999999998,0.0043645023148148115,0.9780323294965539,5,8,25,12
random,50,104,0.0020210000000000007,0.9930069930069931,0.9696969696969696,0.012011474277210882,0.9483432374279982,1,12,21,16
random,50,105,0.0014036666666666657,0.9860139860139862,0.9393939393939392,0.0131723429628107,0.9405723244470228,2,11,21,16
random,50,106,0.003348999999999996,1.0,0.9999999999999998,0.013156886574074073,0.9423749559832705,3,15,16,16
random,50,107,0.0014890000000000005,0.99124495269876,0.9618600860701234,0.008889538260862242,0.907887419212632,3,15,19,13
random,50,108,0.000653,0.9860139860139862,0.9393939393939392,0.004597440579817122,0.9311047844908238,3,7,23,17
random,50,109,0.0008810000000000019,0.9790209790209792,0.909090909090909,0.004162281783121879,0.8540314702111672,4,10,22,14
random,50,110,0.0006170000000000017,0.9930069930069931,0.9696969696969696,0.00782918330322325,0.9187567785451886,2,10,21,17
random,50,111,0.0012276666666666697,0.9720279720279721,0.8787878787878787,0.005327145214618625,0.939718876414618,3,7,21,19
random,50,112,0.0003810000000000003,0.99124495269876,0.9618600860701234,0.008846686921296294,0.9429211571551117,2,8,24,16
random,50,113,0.0003729999999999994,0.9860139860139862,0.9393939393939392,0.004568899697734927,0.9684169760947362,3,11,20,16
random,50,114,0.002307666666666668,0.9860139860139862,0.9393939393939392,0.010540927715040263,0.9714793685446064,4,8,21,17
random,50,115,0.0014116666666666652,0.9860139860139862,0.9393939393939392,0.0071166938303099,0.9432904680235645,2,14,20,14
random,50,116,0.0004223333333333332,0.99124495269876,0.9618600860701234,0.001663500330687831,0.9797986908708454,5,10,21,14
random,50,117,0.00023966666666666724,0.9930069930069931,0.9696969696969696,0.0038694585679772365,0.9753373714168099,3,11,21,15
random,50,118,0.000826333333333333,0.9790209790209792,0.9393939393939392,0.007212047451556379,0.9689620903967507,2,12,22,14
random,50,119,0.0022476666666666673,0.965034965034965,0.8787878787878787,0.005996399045729404,0.9285278562285859,4,12,14,20
random,50,120,0.0021276666666666688,0.9930069930069931,0.9696969696969696,0.019627436773033365,0.9283252206663315,2,11,22,15
random,50,121,0.0009089999999999993,0.9860139860139862,0.9393939393939392,0.0036426970989268097,0.9189699343801452,4,11,21,14
random,50,122,0.0006636666666666656,0.9860139860139862,0.9393939393939392,0.0030634837962962972,0.9551350663029448,2,10,22,16
random,50,123,0.0017556666666666664,0.9720279720279721,0.909090909090909,0.017885749444008375,0.9275442939453562,1,13,21,15
random,50,124,0.005407666666666669,0.9860139860139862,0.9393939393939392,0.011942087469221298,0.9688286408576919,3,12,19,16
random,50,125,0.0005396666666666687,0.9930069930069931,0.9696969696969696,0.009244015238825282,0.9091767287503996,3,11,23,13
random,50,126,0.0004476666666666682,1.0,0.9999999999999998,0.0054651638305402515,0.9727532425010198,3,11,20,16
random,50,127,0.0005396666666666654,0.9930069930069931,0.9696969696969696,0.002963368055555555,0.967946270318842,3,15,20,12
random,50,128,0.001805,0.9860139860139862,0.9393939393939392,0.021357513699924415,0.928407417990202,1,8,21,20
random,50,129,0.0006503333333333337,0.9930069930069931,0.9696969696969696,0.0019411036290543496,0.9762667209684955,5,13,16,16
random,50,130,0.0026276666666666653,0.9790209790209792,0.9393939393939392,0.00787151242441421,0.9316448350588747,4,12,20,14
random,50,131,0.0006356666666666693,0.9790209790209792,0.909090909090909,0.0047681573117539025,0.9649070369717344,3,11,25,11
random,50,132,0.0006836666666666672,0.9790209790209792,0.909090909090909,0.0021099666169268434,0.8910468098728802,3,12,24,11
random,50,133,0.000661,0.9842396880153765,0.9313248452425005,0.004245269097222221,0.958142207600762,4,15,16,15
random,50,134,0.0012343333333333323,0.9930069930069931,0.9696969696969696,0.007185960327758557,0.9514830626328967,3,17,15,15
random,50,135,0.0032569999999999995,0.9842396880153765,0.9313248452425005,0.009052126440854121,0.8723409808180944,3,10,21,16
random,50,136,0.001598333333333332,0.9720279720279721,0.909090909090909,0.0034961297713529864,0.9626577156777241,4,10,21,15
random,50,137,0.0007689999999999994,0.9790209790209792,0.9393939393939392,0.0020179264440078897,0.9749607686836174,3,14,19,14
random,50,138,0.0003609999999999995,0.9860139860139862,0.9393939393939392,0.0053751478909465,0.9765503712042864,2,15,18,15
random,50,139,0.0014396666666666637,0.9860139860139862,0.9393939393939392,0.001715371977531778,0.9627108602809329,4,13,17,16
random,50,140,0.000889,0.9790209790209792,0.909090909090909,0.003567556771710136,0.964552359301502,3,9,17,21
random,50,141,0.0017876666666666685,0.9790209790209792,0.909090909090909,0.0031879302180629105,0.9648882648793704,3,14,19,14
random,50,142,0.0011063333333333329,1.0,0.9999999999999998,0.004037750771604938,0.9432805450909733,2,15,18,15
random,50,143,0.0002849999999999996,0.9930069930069931,0.9696969696969696,0.0023208864097085244,0.9776254641421043,4,13,20,13
random,50,144,0.0005956666666666672,0.9790209790209792,0.909090909090909,0.0033133680555555555,0.9710003732714563,3,12,20,15
random,50,145,0.0007476666666666689,0.9860139860139862,0.9393939393939392,0.004906010251322753,0.9513944993636825,3,10,21,16
random,50,146,0.0018196666666666665,1.0,0.9999999999999998,0.0036644272370015365,0.9731370936457928,2,11,24,13
random,50,147,0.0013796666666666642,1.0,0.9999999999999998,0.01894530945470475,0.9549642379553626,2,11,21,16
random,50,148,0.0006983333333333335,0.9860139860139862,0.9393939393939392,0.004097112717041236,0.9652394603874322,5,10,23,12
random,50,149,0.0022969999999999996,1.0,0.9999999999999998,0.0027922790644035384,0.982855016250769,5,14,14,17
random,50,150,0.0006756666666666659,0.9632238939652261,0.8702543635872545,0.0027625871361033334,0.9521210579692602,4,11,16,19
random,50,151,0.000403666666666667,0.9930069930069931,0.9696969696969696,0.005971207365934756,0.9723476788059556,3,12,18,17
random,50,152,0.0002996666666666661,0.9930069930069931,0.9696969696969696,0.004601232442414148,0.8977750472452701,3,9,21,17
random,50,153,0.0003036666666666675,1.0,0.9999999999999998,0.0016903963209058132,0.9600796288469935,3,14,17,16
random,50,154,0.0017450000000000007,0.9772344233319931,0.9313248452425005,0.00605498900805391,0.9868373259434811,3,18,16,13
random,50,155,0.0012663333333333318,0.965034965034965,0.909090909090909,0.0033863849583951238,0.9132665841704419,4,14,17,15
random,50,156,0.0029489999999999968,1.0,0.9999999999999998,0.003220651061350467,0.9715184614135595,4,14,18,14
random,50,157,0.002772999999999996,0.9982502173821435,0.9923953268977463,0.0035788881606239097,0.9077601552314273,4,11,19,16
random,50,158,0.0003716666666666653,0.9790209790209792,0.9393939393939392,0.0035767377186213985,0.9701396196306092,4,12,18,16
random,50,159,0.0010356666666666663,0.9860139860139862,0.9393939393939392,0.005652062763925842,0.903604317050969,3,15,19,13
random,50,160,0.0007636666666666665,0.9930069930069931,0.9696969696969696,0.007259933823056634,0.960090025612797,4,11,22,13
random,50,161,0.0015156666666666678,0.9860139860139862,0.9393939393939392,0.005240284220515194,0.9375992498866274,4,10,19,17
random,50,162,0.0007929999999999995,0.9790209790209792,0.9393939393939392,0.002259408000459137,0.9114791858373491,4,11,15,20
random,50,163,0.002383666666666669,1.0,0.9999999999999998,0.0059436664094650185,0.9661585033079861,2,15,18,15
random,50,164,0.0010396666666666699,0.9790209790209792,0.909090909090909,0.0024065345293209886,0.9525411772697454,4,12,18,16
random,50,165,0.0009810000000000003,0.9790209790209792,0.9393939393939392,0.010461497663450897,0.9413085762721407,1,13,25,11
random,50,166,0.00036499999999999884,0.9964973622679555,0.9847319278346618,0.003149403875112138,0.9700420342523035,3,15,17,15
random,50,167,0.0022383333333333344,0.9930069930069931,0.9696969696969696,0.00452841435185185,0.9612943944077994,3,15,20,12
random,50,168,0.0008596666666666684,0.9860139860139862,0.9393939393939392,0.0034860863095238104,0.9272377379735203,4,12,20,14
random,50,169,0.0006050000000000012,0.9930069930069931,0.9696969696969696,0.011167978788737716,0.9647441114703702,4,10,21,15
random,50,170,0.0008116666666666654,0.9930069930069931,0.9696969696969696,0.0065900284303857005,0.9480687178648196,3,14,19,14
random,50,171,0.0010396666666666683,0.9930069930069931,0.9696969696969696,0.0037927102464034284,0.9726920954519437,3,12,24,11
random,50,172,0.0017410000000000006,0.9930069930069931,0.9696969696969696,0.00718783856367991,0.9771383900110774,3,13,21,13
random,50,173,0.00048766666666666744,0.9790209790209792,0.909090909090909,0.0030108217592592595,0.9246382969879683,3,12,20,15
random,50,174,0.0018076666666666692,0.965034965034965,0.8787878787878787,0.009598483681512091,0.8505850118685675,4,10,25,11
random,50,175,0.002317000000000001,0.99124495269876,0.9618600860701234,0.01202567877384742,0.976629009875082,2,13,16,19
random,50,176,0.00043699999999999994,0.9930069930069931,0.9696969696969696,0.0045432291666666685,0.9250324636964484,2,12,24,12
random,50,177,0.0005810000000000025,0.9720279720279721,0.909090909090909,0.005345376539945367,0.9678879989547754,4,9,23,14
random,50,178,0.0005943333333333328,0.9860139860139862,0.9393939393939392,0.002079822678522538,0.9466909804184187,3,13,19,15
random,50,179,0.0016583333333333337,0.9772344233319931,0.9313248452425005,0.011459321314863515,0.9522835558022051,1,13,18,18
random,50,180,0.0009570000000000029,0.9842396880153765,0.9313248452425005,0.0021546740236097752,0.9815965980122809,5,10,22,13
random,50,181,0.0005663333333333329,0.965034965034965,0.8787878787878787,0.0028449972722385973,0.9103899136169274,5,10,17,18
random,50,182,0.0014903333333333342,0.9930069930069931,0.9696969696969696,0.009214829282407406,0.967479873240153,4,10,20,16
random,50,183,0.0006783333333333347,0.9772344233319931,0.9313248452425005,0.011921830820515976,0.9603264702888124,2,12,19,17
random,50,184,0.0002663333333333341,0.9930069930069931,0.9696969696969696,0.0016220936019871444,0.916683008119447,4,13,21,12
random,50,185,0.00047033333333333215,0.9790209790209792,0.9393939393939392,0.0036068361398057156,0.9923970965778928,0,14,18,18
random,50,186,0.00040633333333333385,0.9860139860139862,0.9393939393939392,0.008112192052682876,0.9695584544355667,2,10,19,19
random,50,187,0.002385000000000003,0.9860139860139862,0.9393939393939392,0.010793386637062233,0.9075901083972917,4,7,21,18
random,50,188,0.0009290000000000014,0.9790209790209792,0.9393939393939392,0.007042307007925516,0.975248488894105,3,12,19,16
random,50,189,0.0005583333333333334,1.0,0.9999999999999998,0.006271252123055007,0.9337411656609673,1,13,18,18
random,50,190,0.0006609999999999998,0.9930069930069931,0.9696969696969696,0.0036715862420109817,0.9758395046628376,3,14,23,10
random,50,191,0.0010823333333333314,0.9860139860139862,0.9393939393939392,0.0041836612654321,0.918491470524645,2,12,18,18
random,50,192,0.001035666666666668,0.9807370556736849,0.9313248452425005,0.0060802154685403575,0.9670521846629763,3,14,16,17
random,50,193,0.0023063333333333343,0.9720279720279721,0.909090909090909,0.003060076473853884,0.9383301855080148,3,9,21,17
random,50,194,0.00034099999999999886,0.9930069930069931,0.9696969696969696,0.00380341228304162,0.964868342338181,2,13,23,12
random,50,195,0.001143666666666665,0.9860139860139862,0.9393939393939392,0.005373823281323599,0.9644238321525588,2,13,23,12
random,50,196,0.01021433333333333,1.0,0.9999999999999998,0.03057891450938179,0.9423334455707643,2,10,23,15
random,50,197,0.0013809999999999985,0.9720279720279721,0.909090909090909,0.012944599159108084,0.9209271883325283,2,14,20,14
random,50,198,0.0010130000000000007,1.0,0.9999999999999998,0.0057993548271726685,0.9683210612776925,4,13,18,15
random,50,199,0.0023996666666666667,0.9860139860139862,0.9393939393939392,0.013068913351544066,0.9274190747355112,2,10,19,19
random,55,0,0.00020184848484848487,0.9930069930069931,0.9696969696969696,0.0035823856619563296,0.9757924666524459,4,10,23,18
random,55,1,0.0008656501377410441,1.0,0.9999999999999998,0.0033707741695911146,0.9203250856797047,3,13,22,17
random,55,2,0.0006503333333333347,0.9860139860139862,0.9393939393939392,0.008234074034025375,0.9503480160226089,3,15,20,17
random,55,3,0.001576614325068868,0.9930069930069931,0.9696969696969696,0.00316785330451625,0.9876691789645533,3,16,21,15
random,55,4,0.0007060909090909089,0.9930069930069931,0.9696969696969696,0.003431171662840266,0.962594780925155,3,12,21,19
random,55,5,0.00043997520661156873,0.9930069930069931,0.9696969696969696,0.005805455239620527,0.9426130283792387,5,12,23,15
random,55,6,0.0005006914600550966,0.9860139860139862,0.9393939393939392,0.0017048487207999572,0.9723216970841857,4,13,24,14
random,55,7,0.0014496721763085387,0.9982502173821435,0.9923953268977463,0.007320401338192533,0.9573291074497494,4,11,24,16
random,55,8,0.0006998099173553706,1.0,0.9999999999999998,0.002862158978174603,0.9735465159413685,3,15,21,16
random,55,9,0.0006702782369145989,0.9930069930069931,0.9696969696969696,0.012271640542328046,0.9528078442820254,2,14,25,14
random,55,10,0.0007140247933884295,0.9982502173821435,0.9923953268977463,0.007619643586878652,0.9730288444641787,4,15,19,17
random,55,11,0.0020526473829201044,0.9930069930069931,0.9696969696969696,0.0054012105536659135,0.9775955360977207,4,14,21,16
random,55,12,0.0003197548209366381,0.9860139860139862,0.9393939393939392,0.003400114170960598,0.9554259200238288,3,13,17,22
random,55,13,0.00044680716253443423,0.9860139860139862,0.9393939393939392,0.003873907861690149,0.9485364683360523,3,15,23,14
random,55,14,0.0008051542699724507,0.9720279720279721,0.909090909090909,0.002565425387187719,0.9757687907162463,2,17,19,17
random,55,15,0.0027172203856749328,0.9930069930069931,0.9696969696969696,0.004904397947904651,0.9736017456973881,3,15,20,17
random,55,16,0.0007140247933884301,0.9930069930069931,0.9696969696969696,0.005702029171976412,0.9841785907639269,4,14,22,15
random,55,17,0.0011035564738292021,0.9930069930069931,0.9696969696969696,0.0023037336808761667,0.984632607212066,4,12,19,20
random,55,18,0.0002543002754820929,0.99124495269876,0.9618600860701234,0.001815054231430183,0.9779744783121436,5,15,19,16
random,55,19,0.002353033057851242,1.0,0.9999999999999998,0.006061559566625856,0.9832512533776809,4,9,20,22
random,55,20,0.00040096694214875853,0.9930069930069931,0.9696969696969696,0.005227586150314337,0.9630514582876335,4,16,18,17
random,55,21,0.0010701680440771382,0.9790209790209792,0.909090909090909,0.004554084350040725,0.9138903203087749,4,12,22,17
random,55,22,0.0004977162534435272,0.9930069930069931,0.9696969696969696,0.004733379990067923,0.895249080658924,4,10,24,17
random,55,23,0.0020451542699724506,0.9860139860139862,0.9393939393939392,0.010523597071553804,0.9687215641359453,2,12,26,15
random,55,24,0.0008684049586776856,0.9860139860139862,0.9393939393939392,0.0014529277828382013,0.984179767497505,4,13,21,17
random,55,25,0.0008983774104683175,0.9930069930069931,0.9696969696969696,0.013306508862297214,0.9431109227188179,1,16,22,16
random,55,26,0.0018898925619834674,0.99124495269876,0.9618600860701234,0.00373595532024447,0.9409183991726974,4,13,24,14
random,55,27,0.004598983471074377,0.9702291586486097,0.9007896044148774,0.009189380469067969,0.9391193921929,3,12,26,14
random,55,28,0.00022785399449035866,1.0,0.9999999999999998,0.004531636266587502,0.9712749030299858,3,13,25,14
random,55,29,0.0004685151515151519,0.9964973622679555,0.9847319278346618,0.0025257129123674466,0.9568850443646854,3,13,25,14
random,55,30,0.0004457052341597799,0.9860139860139862,0.9393939393939392,0.0066815012319612135,0.9718140645372018,2,14,22,17
random,55,31,0.000570002754820935,0.9720279720279721,0.909090909090909,0.00402501264803307,0.9678567685401004,3,14,21,17
random,55,32,0.00023446556473829267,1.0,0.9999999999999998,0.003135778649149134,0.9638528576773588,2,13,18,22
random,55,33,0.00022432782369145954,1.0,0.9999999999999998,0.0023822774943310665,0.9714024419756203,2,15,24,14
random,55,34,0.0024982672176308562,0.9790209790209792,0.909090909090909,0.009163721973523109,0.9824209676935467,4,11,20,20
random,55,35,0.0006502231404958694,1.0,0.9999999999999998,0.003174331912878788,0.9647280173091919,3,11,25,16
random,55,36,0.0004070275482093667,0.9930069930069931,0.9696969696969696,0.0018397569444444438,0.9137577207802302,5,15,20,15
random,55,37,0.0005556776859504154,0.9930069930069931,0.9696969696969696,0.004963194089281283,0.9727751145128223,4,13,16,22
random,55,38,0.0004158429752066106,0.9930069930069931,0.9696969696969696,0.0022557993524257728,0.987268173212938,4,11,24,16
random,55,39,0.0007025647382920132,0.9930069930069931,0.9696969696969696,0.0023984236111111094,0.9054444212193301,3,12,25,15
random,55,40,0.0002221239669421484,0.9930069930069931,0.9696969696969696,0.000897727338274334,0.9805760927240093,5,11,23,16
random,55,41,0.0015951267217630856,0.9930069930069931,0.9696969696969696,0.00508248260200192,0.8897991745171536,2,9,23,21
random,55,42,0.00047038842975206827,0.99124495269876,0.9618600860701234,0.0018595119411742075,0.9732621124945956,5,16,19,15
random,55,43,0.0008239972451790633,0.99124495269876,0.9618600860701234,0.0032032754629629633,0.9415651770156821,5,15,25,10
random,55,44,0.0008271928374655654,0.9930069930069931,0.9696969696969696,0.006494930371840093,0.9549706914655329,4,12,21,18
random,55,45,0.0009895068870523413,0.9930069930069931,0.9696969696969696,0.002166139026698779,0.9802834576230615,4,13,24,14
random,55,46,0.001048349862258955,0.9860139860139862,0.9393939393939392,0.0023386102759260716,0.953453713165272,4,11,21,19
random,55,47,0.0008093415977961415,0.9930069930069931,0.9696969696969696,0.0019444616191750703,0.9639238114976765,5,13,20,17
random,55,48,0.0005625096418732796,0.9860139860139862,0.9393939393939392,0.012140719715173652,0.9217958808779902,2,18,18,17
random,55,49,0.0012324820936639106,1.0,0.9999999999999998,0.005377019557823131,0.971416764844666,3,15,21,16
random,55,50,0.00045529201101928216,0.9930069930069931,0.9696969696969696,0.0030590779097361058,0.9360509052876929,3,13,21,18
random,55,51,0.0008686253443526175,0.9930069930069931,0.9696969696969696,0.007577067252796427,0.9780693125922888,4,13,21,17
random,55,52,0.0009651542699724516,0.9930069930069931,0.9696969696969696,0.003379256277572586,0.9789730614959311,4,12,20,19
random,55,53,0.0002501129476584029,0.9860139860139862,0.9393939393939392,0.003187638326853797,0.9662006233888957,5,13,22,15
random,55,54,0.0012463663911845724,1.0,0.9999999999999998,0.010290980575371821,0.9566888499375973,2,14,23,16
random,55,55,0.00047843250688705256,0.99124495269876,0.9618600860701234,0.01347705891376306,0.9520118602835695,3,9,23,20
random,55,56,0.0010940798898071643,0.9632238939652261,0.8702543635872545,0.004012085164744568,0.9639827247309589,3,14,19,19
random,55,57,0.0012145206611570251,0.9930069930069931,0.9696969696969696,0.002733333333333333,0.988135658813279,4,12,24,15
random,55,58,0.0006309393939393954,0.9860139860139862,0.9393939393939392,0.006466621912220074,0.919978194951672,4,10,22,19
random,55,59,0.0009951267217630842,1.0,0.9999999999999998,0.002945917867118151,0.9590619393077469,4,11,24,16
random,55,60,0.0005641625344352626,0.99124495269876,0.9618600860701234,0.0029852605070639247,0.9586687868973894,4,13,19,19
random,55,61,0.0036938595041322315,0.9860139860139862,0.9393939393939392,0.004596310763888889,0.9586076764098709,3,16,20,16
random,55,62,0.0018439421487603319,0.99124495269876,0.9618600860701234,0.0036900850353697684,0.9802531162215802,4,15,19,17
random,55,63,0.003929011019283749,0.9720279720279721,0.909090909090909,0.005884197439133692,0.9512846745881445,2,16,18,19
random,55,64,0.0003896170798898063,0.99124495269876,0.9618600860701234,0.004057163756674492,0.958917731741111,4,11,22,18
random,55,65,0.00025595316804407747,0.9930069930069931,0.9696969696969696,0.005633942352632459,0.9800790567382331,2,14,22,17
random,55,66,0.0005319862258953176,0.9930069930069931,0.9696969696969696,0.00780626902313213,0.9139487332529816,3,15,20,17
random,55,67,0.0019599752066115695,0.9930069930069931,0.9696969696969696,0.014511360712106729,0.9713539054869241,2,14,23,16
random,55,68,0.00041969972451790606,0.9930069930069931,0.9696969696969696,0.0018791260617355152,0.9819459630882559,3,18,17,17
random,55,69,0.000710278236914599,1.0,0.9999999999999998,0.0014788429076265596,0.967093149227267,5,12,25,13
random,55,70,0.0006928677685950411,0.9860139860139862,0.9393939393939392,0.0017259343538665196,0.9710107996048226,3,15,23,14
random,55,71,0.0007438870523415989,0.9860139860139862,0.9393939393939392,0.0032906516652226403,0.9662011997329962,4,12,23,16
random,55,72,0.001654741046831956,0.9790209790209792,0.9393939393939392,0.004087767256219938,0.9678991146003237,3,13,19,20
random,55,73,0.0006377713498622563,0.9930069930069931,0.9696969696969696,0.002065622784897179,0.971755585472921,3,13,16,23
random,55,74,0.0023190936639118434,0.9930069930069931,0.9696969696969696,0.009113848746565137,0.9635001605215535,3,13,22,17
random,55,75,0.0008976060606060631,0.9982502173821435,0.9923953268977463,0.002980881224017384,0.9495790588582693,4,14,21,16
random,55,76,0.0013217382920110224,0.9860139860139862,0.9393939393939392,0.008983921995408943,0.9547729592215506,4,13,24,14
random,55,77,0.0003049889807162542,0.9860139860139862,0.9393939393939392,0.003930313458799036,0.9792593723455385,2,16,24,13
random,55,78,0.002003721763085402,0.9720279720279721,0.909090909090909,0.005655952626318302,0.9404560191727367,3,12,21,19
random,55,79,0.0007469724517906346,0.9860139860139862,0.9393939393939392,0.012474190709362756,0.9047866286937372,1,10,29,15
random,55,80,0.000786531680440772,0.9930069930069931,0.9696969696969696,0.006089557623052617,0.9699022658101104,3,12,23,17
random,55,81,0.0006270826446280999,0.9930069930069931,0.9696969696969696,0.003630578703703703,0.9778756269939827,2,12,25,16
random,55,82,0.0004882396694214862,1.0,0.9999999999999998,0.0028614612029384764,0.9710396689745446,4,16,24,11
random,55,83,0.0006449338842975209,1.0,0.9999999999999998,0.0030888671029062516,0.9850221401888113,3,13,25,14
random,55,84,0.0002736942148760329,1.0,0.9999999999999998,0.003876994624200703,0.9431105534804289,5,11,23,16
random,55,85,0.0003348512396694216,0.9790209790209792,0.909090909090909,0.0022993248456790122,0.9908078201418187,4,15,18,18
random,55,86,0.001270608815426998,0.9860139860139862,0.9393939393939392,0.0033710936831470215,0.9387584639386248,2,12,23,18
random,55,87,0.0006756776859504135,0.9860139860139862,0.9393939393939392,0.011686997013311502,0.9299271867520466,2,14,18,21
random,55,88,0.002518763085399452,0.99124495269876,0.9618600860701234,0.007080930812757202,0.8740197076731776,1,9,25,20
random,55,89,0.0009469724517906318,0.9930069930069931,0.9696969696969696,0.005068243989706379,0.9624514464749663,5,11,18,21
random,55,90,0.0004701680440771364,0.9930069930069931,0.9696969696969696,0.0026934037789952577,0.988176232359792,4,17,17,17
random,55,91,0.0015460909090909095,0.9790209790209792,0.909090909090909,0.0032991566678919,0.9411315606856947,5,12,23,15
random,55,92,0.0005339696969696975,0.9930069930069931,0.9696969696969696,0.013097177211934158,0.9491823794761486,1,12,24,18
random,55,93,0.0004015179063360885,0.9720279720279721,0.909090909090909,0.0016152822788743674,0.9762822505796925,3,13,17,22
random,55,94,0.0002740247933884293,0.9860139860139862,0.9393939393939392,0.0046087690284278265,0.9682671734331126,4,12,22,17
random,55,95,0.0006728126721763076,0.9930069930069931,0.9696969696969696,0.0017302891844424967,0.9467082456458494,5,9,26,15
random,55,96,0.00026355647382920024,0.9930069930069931,0.9696969696969696,0.002596798175969735,0.974078967248281,4,17,20,14
random,55,97,0.0012963939393939405,0.9930069930069931,0.9696969696969696,0.011852204794610495,0.9593191239956942,3,8,27,17
random,55,98,0.0011010220385674911,0.9930069930069931,0.9696969696969696,0.001531329791404555,0.9758293350848712,5,14,23,13
random,55,99,0.0001179917355371895,0.9930069930069931,0.9696969696969696,0.004718595198167164,0.9624325847510703,3,16,23,13
random,55,100,0.00029914876033057867,0.9930069930069931,0.9696969696969696,0.0018081645162174005,0.9573860490992122,3,15,24,13
random,55,101,0.003012647382920112,0.9720279720279721,0.909090909090909,0.01399345939869493,0.9371657597568877,3,11,24,17
random,55,102,0.0004844931129476589,0.9860139860139862,0.9393939393939392,0.01428113636868879,0.943115098262578,1,12,23,19
random,55,103,0.0007827851239669437,0.9930069930069931,0.9696969696969696,0.002106458237149892,0.9789248101651358,5,12,19,19
random,55,104,0.0005453195592286499,0.9580419580419581,0.8787878787878787,0.004978510731585649,0.9353434554930469,2,14,20,19
random,55,105,0.0004341349862258961,0.9982502173821435,0.9923953268977463,0.0016354181014692382,0.9719627634299655,6,15,22,12
random,55,106,0.0004477988980716233,0.99124495269876,0.9618600860701234,0.006246935232426303,0.9678696458500897,2,14,24,15
random,55,107,0.0010562837465564721,0.9790209790209792,0.9393939393939392,0.001725395674630656,0.9395628472933512,5,16,19,15
random,55,108,0.0019233911845730034,0.9860139860139862,0.9393939393939392,0.006831030806930618,0.9541698005103246,3,14,21,17
random,55,109,0.0025030055096418717,0.9720279720279721,0.909090909090909,0.01529791175987356,0.8858856750811803,1,15,17,22
random,55,110,0.0010948512396694208,0.965034965034965,0.909090909090909,0.004618547404178961,0.9327555707365858,3,11,26,15
random,55,111,0.0008833911845730031,0.9930069930069931,0.9696969696969696,0.002261838032188868,0.9788935732480212,3,12,21,19
random,55,112,0.00038102203856749334,0.9860139860139862,0.9393939393939392,0.0054964215534979415,0.9544817926841384,2,10,25,18
random,55,113,0.001265429752066117,0.9772344233319931,0.9313248452425005,0.016407645418292233,0.9416947451118075,1,13,22,19
random,55,114,0.0005484049586776858,0.9842396880153765,0.9313248452425005,0.0024716564631817248,0.9802591614701444,3,17,23,12
random,55,115,0.0009201955922864979,0.9930069930069931,0.9696969696969696,0.0034023419784580504,0.9767357738956557,5,15,21,14
random,55,116,0.0003808016528925617,0.9982502173821435,0.9923953268977463,0.0031566051318403176,0.9157362553922821,2,16,20,17
random,55,117,0.0012707190082644657,0.9790209790209792,0.909090909090909,0.0032632126186103463,0.9407998325555855,5,11,24,15
random,55,118,0.0007821239669421496,0.9930069930069931,0.9696969696969696,0.004273910173637354,0.9744852234177513,4,9,28,14
random,55,119,0.0005920413223140478,0.9790209790209792,0.9393939393939392,0.0028959103954081626,0.9832843412642256,3,16,15,21
random,55,120,0.002745099173553722,0.9860139860139862,0.9393939393939392,0.006381733926209373,0.9734297717668099,2,16,21,16
random,55,121,0.0003966694214876028,0.9860139860139862,0.9393939393939392,0.003613252314814813,0.9439521223359958,4,12,24,15
random,55,122,0.000714134986225893,0.9930069930069931,0.9696969696969696,0.0010682296880106805,0.9828699609682059,5,17,20,13
random,55,123,0.00022146280991735496,1.0,0.9999999999999998,0.013053081477655343,0.9549950428352543,2,11,22,20
random,55,124,0.00044493388429752106,0.9790209790209792,0.9393939393939392,0.0021566149181206002,0.9837690842367328,3,15,22,15
random,55,125,0.0008319311294765862,0.9790209790209792,0.909090909090909,0.010220160278617621,0.9526491546841986,2,18,21,14
random,55,126,0.0024201404958677664,0.9930069930069931,0.9696969696969696,0.0028470864179827105,0.9490027874256873,6,15,21,13
random,55,127,0.0010652093663911842,0.9930069930069931,0.9696969696969696,0.008418330873070614,0.9523974622881818,2,14,22,17
random,55,128,0.0009003608815427009,0.9860139860139862,0.9393939393939392,0.0033439034822866347,0.9313449804177975,2,15,23,15
random,55,129,0.002582013774104683,0.9860139860139862,0.9393939393939392,0.0032878543276079323,0.9551295050218183,4,9,26,16
random,55,130,0.0013870826446280996,0.9790209790209792,0.909090909090909,0.002268147941366089,0.9762997039458123,4,14,17,20
random,55,131,0.0002588181818181821,1.0,0.9999999999999998,0.007560960100262984,0.946784386815139,3,13,26,13
random,55,132,0.00085903856749311,1.0,0.9999999999999998,0.011500537235445273,0.9506025933925639,2,16,23,14
random,55,133,0.0005387079889807166,0.9860139860139862,0.9393939393939392,0.007493001314087726,0.963956626210763,3,14,21,17
random,55,134,0.00048239944903581255,1.0,0.9999999999999998,0.004950694444444443,0.985521178344571,4,12,24,15
random,55,135,0.0008725922865013792,1.0,0.9999999999999998,0.01003365642467549,0.8780654963527144,2,12,27,14
random,55,136,0.0009543553719008276,0.9982502173821435,0.9923953268977463,0.0038768877219161313,0.980209968024325,4,11,20,20
random,55,137,0.0007270275482093661,0.9930069930069931,0.9696969696969696,0.004725454853101373,0.9591770954827445,2,16,20,17
random,55,138,0.000585429752066116,0.9860139860139862,0.9393939393939392,0.004613224741965964,0.955499208539676,3,13,21,18
random,55,139,0.0004236666666666671,0.9930069930069931,0.9696969696969696,0.0068092800925925925,0.887819259533658,2,12,25,16
random,55,140,0.0009457603305785112,0.9772344233319931,0.9313248452425005,0.002908994020061729,0.9753757315011068,3,18,18,16
random,55,141,0.010520195592286488,1.0,0.9999999999999998,0.015510880944865317,0.9453354091310052,6,11,22,16
random,55,142,0.0024341349862258958,0.9930069930069931,0.9696969696969696,0.005930173482525817,0.968884974251833,5,10,26,14
random,55,143,0.003315236914600546,0.9930069930069931,0.9696969696969696,0.004369101919767863,0.9758360932607377,4,13,23,15
random,55,144,0.000517330578512396,0.9860139860139862,0.9393939393939392,0.0041037760416666675,0.9542302397803197,3,12,24,16
random,55,145,0.0002825096418732791,0.9930069930069931,0.9696969696969696,0.002202001267695955,0.9793773539828634,5,13,23,14
random,55,146,0.0015612975206611588,0.9860139860139862,0.9393939393939392,0.0032758680555555553,0.9708737055448423,3,16,24,12
random,55,147,0.0024122066115702515,1.0,0.9999999999999998,0.005531940990290106,0.8990705715306202,3,12,22,18
random,55,148,0.0002611322314049587,1.0,0.9999999999999998,0.0043910687440865005,0.9516885998393749,3,15,19,18
random,55,149,0.001640636363636366,0.9860139860139862,0.9393939393939392,0.003920361807917612,0.9765062767301104,3,15,21,16
random,55,150,0.0010233360881542724,0.9930069930069931,0.9696969696969696,0.0032546810043461824,0.9600516147552904,3,15,21,16
random,55,151,0.00121374931129477,0.9860139860139862,0.9393939393939392,0.0029229264101473928,0.9528092547741097,3,15,21,16
random,55,152,0.0005408016528925631,0.9930069930069931,0.9696969696969696,0.009126273148148149,0.9278701763449935,4,12,24,15
random,55,153,0.0013444380165289246,0.9930069930069931,0.9696969696969696,0.011920698908795593,0.9567502400661259,2,14,19,20
random,55,154,0.0013834462809917342,0.9790209790209792,0.9393939393939392,0.009038603170633697,0.9524982918900304,3,15,18,19
random,55,155,0.0010030606060606045,0.9860139860139862,0.9393939393939392,0.00275572859297737,0.9771931245568729,3,16,19,17
random,55,156,0.0009183223140495854,0.9860139860139862,0.9393939393939392,0.0014325080403669566,0.9484562850099886,4,14,23,14
random,55,157,0.0016843829201101947,0.9860139860139862,0.9393939393939392,0.00560723062435107,0.9613455523478072,4,14,18,19
random,55,158,0.0003517107438016538,0.9790209790209792,0.9393939393939392,0.006978517445073631,0.9426735276826617,2,11,24,18
random,55,159,0.0016954022038567487,1.0,0.9999999999999998,0.0034019340671453784,0.9731638513361917,0,14,25,16
random,55,160,0.0010551818181818195,0.9860139860139862,0.9393939393939392,0.004306332004711813,0.9762196914683432,2,13,25,15
random,55,161,0.00028846005509641787,0.9930069930069931,0.9696969696969696,0.00304288399694028,0.9665623721379071,2,16,20,17
random,55,162,0.0005759531680440787,0.9860139860139862,0.9393939393939392,0.0012663998855715118,0.9547811616287246,5,14,18,18
random,55,163,0.0005253746556473835,1.0,0.9999999999999998,0.0014280724442554803,0.9710070387199357,5,14,20,16
random,55,164,0.0004971652892561991,0.9930069930069931,0.9696969696969696,0.008373242335128496,0.9684175540446494,1,16,24,14
random,55,165,0.00020768870523415992,1.0,0.9999999999999998,0.002926041666666669,0.9699866534403558,3,12,24,16
random,55,166,0.0028551818181818196,1.0,0.9999999999999998,0.005356553175607769,0.9744357415956773,2,13,23,17
random,55,167,0.0012885702479338813,0.9860139860139862,0.9393939393939392,0.003223225846504585,0.9898916773491655,4,16,23,12
random,55,168,0.0008471377410468323,0.9790209790209792,0.909090909090909,0.002074630633503401,0.9565661587188461,3,15,21,16
random,55,169,0.0009873030303030289,0.9930069930069931,0.9696969696969696,0.0037603155245497294,0.9784136257850529,3,12,26,14
random,55,170,0.00026620110192837474,0.9930069930069931,0.9696969696969696,0.0016405215967105796,0.9697748036134626,4,14,20,17
random,55,171,0.0006959531680440773,1.0,0.9999999999999998,0.00655305776237813,0.9394653281914274,3,11,26,15
random,55,172,0.0011070826446281008,1.0,0.9999999999999998,0.002969452083503454,0.9384877563069656,3,12,19,21
random,55,173,0.0019104986225895314,0.9930069930069931,0.9696969696969696,0.003934728652263375,0.9600033273575805,3,10,24,18
random,55,174,0.0010567245179063363,0.9930069930069931,0.9696969696969696,0.0017670254772890422,0.9705735431055514,5,13,21,16
random,55,175,0.0005988732782369132,0.9860139860139862,0.9393939393939392,0.0016785300925925926,0.9798636952343613,4,16,20,15
random,55,176,0.0006497823691460053,0.9930069930069931,0.9696969696969696,0.002109376148335151,0.9754194465407622,4,14,17,20
random,55,177,0.001580691460055098,0.9860139860139862,0.9393939393939392,0.004141911061371289,0.9134092157557839,3,15,22,15
random,55,178,0.001075126721763083,1.0,0.9999999999999998,0.003915532453668646,0.96308975707684,4,15,17,19
random,55,179,0.00048118732782369066,0.9930069930069931,0.9696969696969696,0.0018306895821052472,0.9788165389841799,3,17,19,16
random,55,180,0.0005495068870523414,0.9790209790209792,0.909090909090909,0.0018921193457948464,0.979798631740566,3,16,19,17
random,55,181,0.0008971652892561993,0.965034965034965,0.8787878787878787,0.002665658156628126,0.9175307646150169,4,14,22,15
random,55,182,0.000727027548209368,0.9790209790209792,0.909090909090909,0.0019175535109483297,0.9718635068637905,4,12,23,16
random,55,183,0.002019699724517905,0.9720279720279721,0.909090909090909,0.018320258934037343,0.9196292043956582,1,10,22,22
random,55,184,0.0006113250688705229,1.0,0.9999999999999998,0.009855271896864158,0.9808435762862652,3,13,21,18
random,55,185,0.0003073030303030303,1.0,0.9999999999999998,0.006085584503863274,0.9784366484224807,3,14,20,18
random,55,186,0.0005545757575757549,0.965034965034965,0.8787878787878787,0.001278889368360815,0.9714523728714459,4,16,18,17
random,55,187,0.000250994490358128,0.9930069930069931,0.9696969696969696,0.007889670754975132,0.978911318452962,3,13,20,19
random,55,188,0.0009039972451790633,0.9930069930069931,0.9696969696969696,0.0019873482196524077,0.9429719746224472,5,14,19,17
random,55,189,0.00029661432506887124,0.9860139860139862,0.9393939393939392,0.011552553294132364,0.9594569321196948,5,10,21,19
random,55,190,0.001384217630853997,0.9720279720279721,0.8787878787878787,0.0027349889360779494,0.9793667899505785,4,11,22,18
random,55,191,0.0022752369146005506,1.0,0.9999999999999998,0.003878404918289912,0.9463868730457715,0,13,25,17
random,55,192,0.0002605812672176313,0.9930069930069931,0.9696969696969696,0.004326273148148149,0.9665294552764265,4,12,24,15
random,55,193,0.0006159531680440755,1.0,0.9999999999999998,0.00241929857284971,0.9682275077269097,3,15,22,15
random,55,194,0.0006260909090909082,0.965034965034965,0.8787878787878787,0.004301278675109532,0.9578432321018896,3,15,26,11
random,55,195,0.001589396694214875,0.9930069930069931,0.9696969696969696,0.0045036062638872465,0.9373620087744146,4,15,17,19
random,55,196,0.0005450991735537204,0.9860139860139862,0.9393939393939392,0.00607320421552908,0.9438639128917403,2,13,26,14
random,55,197,0.00110113223140496,0.9930069930069931,0.9696969696969696,0.006034728043502083,0.9632691111694468,3,15,24,13
random,55,198,0.0003255950413223135,0.9860139860139862,0.9393939393939392,0.003538471091510239,0.9357557757196087,4,14,24,13
random,55,199,0.0005789283746556475,0.965034965034965,0.8787878787878787,0.00408829705722158,0.894548624606895,3,10,25,17
random,60,0,0.0015086666666666653,0.9930069930069931,0.9696969696969696,0.009156341038051212,0.9793144346271979,2,16,23,19
random,60,1,0.0006405185185185172,0.9720279720279721,0.909090909090909,0.004290284877922239,0.973997407844611,4,16,26,14
random,60,2,0.00041737037037037046,1.0,0.9999999999999998,0.003405166856775391,0.9876133821617356,4,17,25,14
random,60,3,0.0007081111111111109,0.9930069930069931,0.9696969696969696,0.001950277299510255,0.9837324998857561,4,11,25,20
random,60,4,0.00021514814814814715,1.0,0.9999999999999998,0.0014418460646823301,0.9619307076305086,4,15,22,19
random,60,5,0.0010245925925925939,0.965034965034965,0.8787878787878787,0.008707843660968662,0.9451305983607843,3,15,26,16
random,60,6,0.0007995925925925921,0.9790209790209792,0.9393939393939392,0.007912052446307254,0.9529688600861013,3,13,24,20
random,60,7,0.0005112592592592584,0.9930069930069931,0.9696969696969696,0.0035039623378929764,0.9811112495802903,3,14,27,16
random,60,8,0.0011999629629629639,0.9930069930069931,0.9696969696969696,0.0024817851813590448,0.9748523056058389,3,15,22,20
random,60,9,0.00035607407407407435,0.9860139860139862,0.9393939393939392,0.0031120115793230874,0.9744882430024804,4,14,24,18
random,60,10,0.0002268148148148146,1.0,0.9999999999999998,0.004386204282407407,0.9339092572345729,4,15,25,16
random,60,11,0.0002338518518518514,0.9930069930069931,0.9696969696969696,0.0019958500726966646,0.9493624257267912,3,15,22,20
random,60,12,0.0005927407407407414,0.9930069930069931,0.9696969696969696,0.0034534191400416377,0.9555242604216923,4,14,25,17
random,60,13,0.00036996296296296424,0.9860139860139862,0.9393939393939392,0.001985538660924213,0.9607753123847077,4,13,21,22
random,60,14,0.0020421851851851846,0.9930069930069931,0.9696969696969696,0.006267901120425159,0.9784616150078171,3,13,24,20
random,60,15,0.00037496296296296393,0.9860139860139862,0.9393939393939392,0.00337684985742663,0.9762223210609856,3,15,25,17
random,60,16,0.0005877407407407413,1.0,0.9999999999999998,0.005044878906630973,0.9665250423697567,5,9,27,19
random,60,17,0.0004007037037037048,1.0,0.9999999999999998,0.0067758350968387,0.9577732134372529,2,16,26,16
random,60,18,0.0004032962962962967,0.9930069930069931,0.9696969696969696,0.013925403779843172,0.9735456277525917,2,15,23,20
random,60,19,0.0020579259259259236,0.99124495269876,0.9618600860701234,0.00414002218782721,0.9622574690679424,4,13,25,18
random,60,20,0.0005158888888888886,0.9930069930069931,0.9696969696969696,0.002800707219441139,0.9586994259301403,4,15,23,18
random,60,21,0.00042088888888888824,0.9930069930069931,0.9696969696969696,0.0023141303072172817,0.9710733520168737,5,15,23,17
random,60,22,0.0009803333333333318,0.9930069930069931,0.9696969696969696,0.004102787422839505,0.9727821011712059,2,16,24,18
random,60,23,0.0002892222222222219,0.9860139860139862,0.9393939393939392,0.0038830291454276843,0.9623165311928185,4,14,22,20
random,60,24,0.0008938518518518524,0.9510489510489512,0.8787878787878787,0.00341236799120079,0.9400745804864753,2,14,26,18
random,60,25,0.0019075555555555545,0.9930069930069931,0.9696969696969696,0.006825419873813724,0.9683687699534056,3,18,25,14
random,60,26,0.0007245925925925931,0.9860139860139862,0.9393939393939392,0.0023676847683902743,0.962510452253928,6,15,19,20
random,60,27,0.0005742222222222215,0.99124495269876,0.9618600860701234,0.001851088374523401,0.989449371550122,5,15,21,19
random,60,28,0.0004403333333333327,0.9860139860139862,0.9393939393939392,0.0036114454601284952,0.976243976541284,5,16,25,14
random,60,29,0.0008384814814814825,1.0,0.9999999999999998,0.0040651608336833974,0.973847875918582,5,12,23,20
random,60,30,0.0006190370370370372,0.9930069930069931,0.9696969696969696,0.0043216685723788,0.9881812535162885,5,13,22,20
random,60,31,0.0012055185185185164,1.0,0.9999999999999998,0.004670118843385377,0.9771704566776978,3,16,22,19
random,60,32,0.00018033333333333348,0.9930069930069931,0.9696969696969696,0.00490984582190215,0.9845225903492199,2,16,27,15
random,60,33,0.0006586666666666675,0.99124495269876,0.9618600860701234,0.00582826011117369,0.9717664132805608,2,17,22,19
random,60,34,0.003482925925925927,0.9930069930069931,0.9696969696969696,0.011389956362871137,0.9481660138362515,4,11,25,20
random,60,35,0.0006568148148148118,0.9860139860139862,0.9393939393939392,0.0038007706207482976,0.9660452121734668,3,16,21,20
random,60,36,0.0006179259259259262,0.9720279720279721,0.909090909090909,0.0033194875279542488,0.9589433387160001,3,11,25,21
random,60,37,0.0009505185185185219,0.9930069930069931,0.9696969696969696,0.010951355888429753,0.921616919536136,4,10,24,22
random,60,38,0.0005658888888888908,0.9982502173821435,0.9923953268977463,0.008168331187638444,0.9508941191615731,1,13,24,22
random,60,39,0.000749962962962961,0.9930069930069931,0.9696969696969696,0.00280304712790466,0.9608284001819278,4,11,26,19
random,60,40,0.000877370370370372,0.9860139860139862,0.9393939393939392,0.0018926420242936432,0.9457393876714683,3,16,23,18
random,60,41,0.0019395925925925924,0.9930069930069931,0.9696969696969696,0.002879102338443547,0.9623243936036927,3,16,24,17
random,60,42,0.0037103333333333393,0.9930069930069931,0.9696969696969696,0.004794848443854127,0.9797464407818977,3,14,21,22
random,60,43,0.0006073703703703723,0.9860139860139862,0.9393939393939392,0.00556438355914261,0.9601480627880737,4,14,25,17
random,60,44,0.0010021851851851843,0.9720279720279721,0.909090909090909,0.006664546400003129,0.9574409619976553,5,15,26,14
random,60,45,0.0012316296296296318,1.0,0.9999999999999998,0.015554674598568456,0.9504396446265534,1,14,29,16
random,60,46,0.0004542222222222234,0.9930069930069931,0.9696969696969696,0.0015612600304686552,0.9767455555980714,4,12,27,17
random,60,47,0.00013625925925925972,0.9930069930069931,0.9696969696969696,0.005377934242112482,0.9510736425677154,3,12,27,18
random,60,48,0.00254051851851852,0.9790209790209792,0.909090909090909,0.006114597664181195,0.9439709317403643,4,10,23,23
random,60,49,0.0003921851851851829,0.9860139860139862,0.9393939393939392,0.0032140283829672576,0.9607088320821611,2,13,24,21
random,60,50,0.0001910740740740753,0.9930069930069931,0.9696969696969696,0.003783729262783546,0.9541734388380315,3,15,25,17
random,60,51,0.0011199629629629639,0.9842396880153765,0.9313248452425005,0.0029979204928068585,0.9644082714023138,3,11,24,22
random,60,52,0.001622740740740744,0.9930069930069931,0.9696969696969696,0.002623656360555398,0.9600855456042885,4,15,28,13
random,60,53,0.0006340370370370394,0.9930069930069931,0.9696969696969696,0.003652597022176499,0.9692104135133319,3,12,27,18
random,60,54,0.00024033333333333385,1.0,0.9999999999999998,0.001483985537216579,0.9855550718826586,5,20,19,16
random,60,55,0.00037514814814814827,0.9842396880153765,0.9313248452425005,0.002290683212798598,0.9520081593930907,5,13,26,16
random,60,56,0.004759962962962963,0.9860139860139862,0.9393939393939392,0.006368280092592594,0.9718874499888364,4,16,25,15
random,60,57,0.002264962962962964,0.9930069930069931,0.9696969696969696,0.003648898662981279,0.8928484830910196,5,11,25,19
random,60,58,0.00028811111111111024,0.99124495269876,0.9618600860701234,0.0030231440972222218,0.9710506085505177,3,16,25,16
random,60,59,0.0007447777777777761,0.9720279720279721,0.909090909090909,0.00235736972162003,0.9647118204795893,3,19,23,15
random,60,60,0.0004675555555555565,0.9860139860139862,0.9393939393939392,0.011472716441748933,0.9532326252673171,2,10,25,23
random,60,61,0.00034385185185185343,0.9720279720279721,0.909090909090909,0.0009267656368102796,0.9807385596859282,5,14,21,20
random,60,62,0.0006716296296296274,0.9930069930069931,0.9696969696969696,0.0028229721366893803,0.9705477928419346,3,17,22,18
random,60,63,0.002093666666666667,1.0,0.9999999999999998,0.010522626055168122,0.9815544138275296,3,13,28,16
random,60,64,0.00046292592592592755,0.9930069930069931,0.9696969696969696,0.002254019038170823,0.9802718656007209,4,14,24,18
random,60,65,0.00048755555555555575,0.9930069930069931,0.9696969696969696,0.0018085053464713475,0.979235426650942,3,13,25,19
random,60,66,0.0005971851851851842,0.9930069930069931,0.9696969696969696,0.001892795138888889,0.985530852339147,5,15,24,16
random,60,67,0.0024408888888888935,0.9930069930069931,0.9696969696969696,0.004119820950577096,0.9640491698387271,3,18,22,17
random,60,68,0.0006458888888888878,0.9930069930069931,0.9696969696969696,0.003236173663663363,0.9899295459353947,5,15,26,14
random,60,69,0.0011551481481481508,0.9790209790209792,0.909090909090909,0.0030965838188204632,0.9631132224331306,4,13,25,18
random,60,70,0.0003773703703703745,0.9860139860139862,0.9393939393939392,0.0015556740758422684,0.9589647649508706,4,12,21,23
random,60,71,0.0005292222222222223,0.99124495269876,0.9618600860701234,0.007783100670823885,0.9767306044301426,3,15,28,14
random,60,72,0.0003140370370370359,0.9930069930069931,0.9696969696969696,0.00155052947871123,0.953222572083821,4,11,26,19
random,60,73,0.0019984814814814843,0.9720279720279721,0.909090909090909,0.007842501128537837,0.9532090979186709,3,9,28,20
random,60,74,0.0005631111111111116,1.0,0.9999999999999998,0.00211456288397712,0.9798391422533023,5,14,24,17
random,60,75,0.0004353333333333333,0.9860139860139862,0.9393939393939392,0.0036097556916749973,0.9587155164799018,4,15,22,19
random,60,76,0.0003225555555555573,0.9930069930069931,0.9696969696969696,0.0034250568765693164,0.9726987291787249,4,12,27,17
random,60,77,0.0006279259259259264,0.9930069930069931,0.9696969696969696,0.006462514872809867,0.9761213655123131,2,12,27,19
random,60,78,0.0006868148148148128,0.9930069930069931,0.9696969696969696,0.002375783802386887,0.9609875409329861,4,14,22,20
random,60,79,0.0003012592592592588,0.99124495269876,0.9618600860701234,0.006203499521732476,0.9181040824688012,2,11,25,22
random,60,80,0.0004171851851851841,0.9930069930069931,0.9696969696969696,0.0011750181232350813,0.9762686919100261,4,15,23,18
random,60,81,0.0004668148148148155,0.9860139860139862,0.9393939393939392,0.002126279578189301,0.9639265391784371,2,20,20,18
random,60,82,0.0006388518518518503,0.99124495269876,0.9618600860701234,0.004987732387672581,0.983244059423443,3,16,22,19
random,60,83,0.000787000000000002,0.9930069930069931,0.9696969696969696,0.0021489678150865125,0.9748479568466203,2,11,29,18
random,60,84,0.0015012592592592569,1.0,0.9999999999999998,0.0024117842136277406,0.9850788959233449,4,16,19,21
random,60,85,0.00035033333333333254,0.9790209790209792,0.9393939393939392,0.012564161706349207,0.9764951824498461,1,14,30,15
random,60,86,0.0002532962962962967,0.9930069930069931,0.9696969696969696,0.010931700102880663,0.9242196322920623,2,16,24,18
random,60,87,0.001353296296296297,0.9860139860139862,0.9393939393939392,0.004812259307317699,0.9461681806750959,3,16,24,17
random,60,88,0.0010984814814814794,0.9860139860139862,0.9393939393939392,0.009771117370559338,0.9601780576377317,2,14,28,16
random,60,89,0.000793111111111112,0.9860139860139862,0.9393939393939392,0.008004578167051135,0.9555908455059521,3,16,17,24
random,60,90,0.0005112592592592602,1.0,0.9999999999999998,0.0022268377868824313,0.974432219384632,2,15,22,21
random,60,91,0.00035774074074074023,0.9877423203570683,0.9618600860701234,0.0025713578947686383,0.97014341030034,4,15,19,22
random,60,92,0.0009190370370370377,0.99124495269876,0.9618600860701234,0.01023225820458032,0.9608082530749735,2,13,25,20
random,60,93,0.0008584814814814786,0.9859709816806179,0.9539590550898286,0.0024955117850446102,0.976715146862865,4,14,19,23
random,60,94,0.0008718148148148153,0.9860139860139862,0.9393939393939392,0.0038555810185185186,0.9758350829756448,3,12,25,20
random,60,95,0.00032996296296296316,0.9807370556736849,0.9313248452425005,0.0040631246271465435,0.9233501915735944,4,14,22,20
random,60,96,0.0008344074074074091,1.0,0.9999999999999998,0.003675941246574037,0.9362357677032267,3,14,24,19
random,60,97,0.0002781111111111125,1.0,0.9999999999999998,0.0027237096873618336,0.9842069763880965,5,15,22,18
random,60,98,0.00016588888888888917,0.9930069930069931,0.9696969696969696,0.001277964144455977,0.9713185002523135,4,15,22,19
random,60,99,0.0006464444444444429,1.0,0.9999999999999998,0.01337801634542706,0.9345104462252403,2,14,24,20
random,60,100,0.002306629629629627,0.99124495269876,0.9618600860701234,0.0057014524159993505,0.9824294488472037,4,17,20,19
random,60,101,0.0013727407407407397,0.9930069930069931,0.9696969696969696,0.0019512743291761154,0.9501568922810547,6,12,21,21
random,60,102,0.0010621851851851862,0.9930069930069931,0.9696969696969696,0.0036914907078992943,0.9784972749140216,4,16,23,17
random,60,103,0.0014207037037036999,0.9720279720279721,0.909090909090909,0.011210602842665104,0.9710763055992817,4,12,21,23
random,60,104,0.00042088888888888856,0.9842396880153765,0.9313248452425005,0.0014545428240740745,0.9850868160666983,4,16,24,16
random,60,105,0.0004194074074074074,0.965034965034965,0.8787878787878787,0.007422622459931686,0.9453227425282864,2,17,21,20
random,60,106,0.0012216296296296309,0.9702291586486097,0.9007896044148774,0.011697694374431146,0.9439046136793738,1,12,23,24
random,60,107,0.0014251481481481504,0.9930069930069931,0.9696969696969696,0.0047062265648913386,0.98489338569882,3,15,22,20
random,60,108,0.0007569999999999995,0.99124495269876,0.9618600860701234,0.00887951162679685,0.9749896592212045,3,18,20,19
random,60,109,0.00045607407407407483,0.9860139860139862,0.9393939393939392,0.0024707264720061402,0.9385296469386045,6,14,23,17
random,60,110,0.0009647777777777772,0.9860139860139862,0.9393939393939392,0.004815594842667527,0.9580529511083303,5,16,22,17
random,60,111,0.0005782962962962988,0.9790209790209792,0.909090909090909,0.004245018297351621,0.9863277357447541,3,12,28,17
random,60,112,0.0006390370370370362,0.9842396880153765,0.9313248452425005,0.0025649613593083567,0.9787489753522092,3,19,21,17
random,60,113,0.0010155185185185193,0.9930069930069931,0.9696969696969696,0.004428228905183422,0.9224985862695604,3,8,29,20
random,60,114,0.0004440370370370379,0.9930069930069931,0.9696969696969696,0.0019565775262719463,0.973598627171554,3,15,25,17
random,60,115,0.0015957037037037053,0.9930069930069931,0.9696969696969696,0.0063123883564056614,0.9868153927093037,3,9,27,21
random,60,116,0.0002429259259259266,0.9930069930069931,0.9696969696969696,0.0026632560433562844,0.9907732088262969,5,17,23,15
random,60,117,0.00046662962962963297,0.9790209790209792,0.909090909090909,0.0026248004062736194,0.9784721225053049,4,15,21,20
random,60,118,0.0005631111111111103,0.99124495269876,0.9618600860701234,0.0006593646833733495,0.9735687230321877,6,16,21,17
random,60,119,0.0004066296296296301,0.9930069930069931,0.9696969696969696,0.005690741892435257,0.9727920739669155,3,16,23,18
random,60,120,0.0005120000000000002,0.9930069930069931,0.9696969696969696,0.0017120422755431662,0.9406033301801935,5,15,23,17
random,60,121,0.0003620000000000002,0.9860139860139862,0.9393939393939392,0.001955588692662558,0.9802532065835255,4,14,22,20
random,60,122,0.00031051851851851976,0.9860139860139862,0.9393939393939392,0.004840678441515496,0.951431978905031,4,12,28,16
random,60,123,0.00023922222222222349,0.9982502173821435,0.9923953268977463,0.0014305000472411191,0.9626772680209301,4,12,28,16
random,60,124,0.0003105185185185189,1.0,0.9999999999999998,0.0008619855310951533,0.9908013471245287,5,16,21,18
random,60,125,0.0005731111111111114,0.9930069930069931,0.9696969696969696,0.004246089855264,0.9634812137435139,2,17,25,16
random,60,126,0.00040107407407407366,0.9930069930069931,0.9696969696969696,0.0029825904667422514,0.9700967562332379,2,20,24,14
random,60,127,0.000899592592592591,0.9790209790209792,0.9393939393939392,0.007904231545120344,0.9406345489804528,3,14,22,21
random,60,128,0.0004757037037037067,1.0,0.9999999999999998,0.0020051015327172,0.9639287437390803,4,13,27,16
random,60,129,0.0006266296296296298,0.9930069930069931,0.9696969696969696,0.0018812013888888895,0.974955403468625,5,12,25,18
random,60,130,0.0004890370370370358,0.9982502173821435,0.9923953268977463,0.007340016774815072,0.9726945845948072,3,18,22,17
random,60,131,0.0007499629629629644,1.0,0.9999999999999998,0.0014006307725789558,0.9563946399415244,4,13,25,18
random,60,132,0.001488481481481483,0.9930069930069931,0.9696969696969696,0.00444893217136702,0.9810990093536651,3,14,26,17
random,60,133,0.0007253333333333338,0.9720279720279721,0.8787878787878787,0.0022040784524090945,0.9881648011014696,5,9,29,17
random,60,134,0.002315888888888894,0.9930069930069931,0.9696969696969696,0.005824158329441798,0.930780786714606,2,12,29,17
random,60,135,0.0010297777777777777,0.99124495269876,0.9618600860701234,0.006857619134255011,0.9504046321308242,5,14,24,17
random,60,136,0.0005032962962962985,0.9860139860139862,0.9393939393939392,0.0020641516700651494,0.955567874908955,5,16,20,19
random,60,137,0.0011762592592592578,0.9790209790209792,0.9393939393939392,0.005572489611367425,0.9727951249183063,3,15,25,17
random,60,138,0.00027459259259259337,0.99124495269876,0.9618600860701234,0.001884512598812426,0.9688034090399038,5,14,23,18
random,60,139,0.00036218518518518387,1.0,0.9999999999999998,0.0018068275749923482,0.9841663435259637,4,11,25,20
random,60,140,0.0006394074074074068,0.9930069930069931,0.9696969696969696,0.004337054674372045,0.975241193097736,3,14,22,21
random,60,141,0.0006570000000000009,0.99124495269876,0.9618600860701234,0.01307049582054519,0.9638909385541624,2,14,23,21
random,60,142,0.0005516296296296287,0.9930069930069931,0.9696969696969696,0.002488302866582348,0.9789546250994293,5,18,23,14
random,60,143,0.0010729259259259283,0.9930069930069931,0.9696969696969696,0.0021620660968635816,0.9814632958763345,2,17,20,21
random,60,144,0.0001720000000000004,0.9860139860139862,0.9393939393939392,0.005774478871409674,0.9529027351620251,2,16,28,14
random,60,145,0.0026208888888888883,0.9930069930069931,0.9696969696969696,0.0037525866900699947,0.989059568393567,4,19,21,16
random,60,146,0.0003171851851851873,0.9860139860139862,0.9393939393939392,0.007914776716058192,0.9722605671310409,3,14,23,20
random,60,147,0.0008581111111111125,0.99124495269876,0.9618600860701234,0.003709978777059441,0.9348815984311518,3,13,26,18
random,60,148,0.0008903333333333341,1.0,0.9999999999999998,0.0025463570521698973,0.9542575907330215,3,10,28,19
random,60,149,0.0009040370370370364,0.9930069930069931,0.9696969696969696,0.0015138624939620832,0.9673811541338255,5,14,26,15
random,60,150,0.0004888518518518524,0.99124495269876,0.9618600860701234,0.004112707948730302,0.9740041349177944,3,12,22,23
random,60,151,0.001042555555555552,0.9930069930069931,0.9696969696969696,0.007210174911998777,0.9700927946942484,4,11,25,20
random,60,152,0.0002194074074074071,0.9877423203570683,0.9618600860701234,0.0019097697832704142,0.9811043974158216,5,15,22,18
random,60,153,0.0006479259259259264,0.9930069930069931,0.9696969696969696,0.005749839113690906,0.9533288166338649,2,13,27,18
random,60,154,0.002198666666666669,0.9720279720279721,0.909090909090909,0.005246467764060357,0.9561026629202188,0,18,24,18
random,60,155,0.0007242222222222246,0.9720279720279721,0.909090909090909,0.0014909398423721349,0.958738581363805,5,18,21,16
random,60,156,0.002170703703703696,0.9860139860139862,0.9393939393939392,0.0029487944924522368,0.9578217020172416,5,11,23,21
random,60,157,0.0012023703703703708,0.965034965034965,0.8787878787878787,0.0034795232221389474,0.9750417140959359,5,17,22,16
random,60,158,0.0011651481481481437,0.9860139860139862,0.9393939393939392,0.0032972222397128804,0.9696883528082959,4,17,25,14
random,60,159,0.00030866666666666694,0.9860139860139862,0.9393939393939392,0.006129677417391092,0.9780415227643363,5,13,24,18
random,60,160,0.0009714444444444453,0.9860139860139862,0.9393939393939392,0.0025662670849255277,0.9622811404613133,5,13,23,19
random,60,161,0.0009214444444444452,0.9930069930069931,0.9696969696969696,0.0018634649753785561,0.9696214565578487,3,13,25,19
random,60,162,0.0007581111111111129,0.9702291586486097,0.9007896044148774,0.0016185061016344507,0.9415422818472501,6,14,27,13
random,60,163,0.0006914444444444436,0.9790209790209792,0.909090909090909,0.008232720379818596,0.9655110904276464,2,14,24,20
random,60,164,0.00045496296296296403,0.9930069930069931,0.9696969696969696,0.0022954557110940648,0.9451241752542603,4,12,26,18
random,60,165,0.001206629629629629,0.9930069930069931,0.9696969696969696,0.0015918691574638075,0.9753791904335694,5,11,26,18
random,60,166,0.0011825555555555563,0.9930069930069931,0.9696969696969696,0.004405472226787931,0.961376282709166,4,13,25,18
random,60,167,0.0006992222222222221,0.9930069930069931,0.9696969696969696,0.005008186646918938,0.9607295128863522,3,15,23,19
random,60,168,0.000586629629629629,0.9930069930069931,0.9696969696969696,0.0013299445953644188,0.9692807379284749,5,15,22,18
random,60,169,0.0008001481481481456,0.9807370556736849,0.9313248452425005,0.0034081024525823398,0.9578290335549984,5,10,28,17
random,60,170,0.00103496296296296,1.0,0.9999999999999998,0.007958325689634059,0.9617165365922811,3,17,23,17
random,60,171,0.00023218518518518458,0.9982502173821435,0.9923953268977463,0.0017213659769463336,0.9382457667790632,4,15,21,20
random,60,172,0.0003923703703703696,0.9930069930069931,0.9696969696969696,0.004155228673259426,0.9719795918313024,4,14,24,18
random,60,173,0.001247555555555555,0.9930069930069931,0.9696969696969696,0.0018900764867268687,0.9877415008168242,5,17,22,16
random,60,174,0.0002397777777777782,0.9860139860139862,0.9393939393939392,0.0022233768427687493,0.9670508064088275,3,12,29,16
random,60,175,0.0003507037037037031,0.9860139860139862,0.9393939393939392,0.003042106144644668,0.9714296523049504,4,17,23,16
random,60,176,0.00043551851851852014,0.9860139860139862,0.9393939393939392,0.0024266953429419756,0.9653767355134987,5,16,22,17
random,60,177,0.00033366666666666874,1.0,0.9999999999999998,0.003690749816008275,0.9744991936923654,3,19,24,14
random,60,178,0.00027885185185185115,0.9930069930069931,0.9696969696969696,0.002900019290123458,0.9217358281599388,3,15,24,18
random,60,179,0.0013227407407407424,0.9720279720279721,0.8787878787878787,0.004203309693927269,0.9539034434525191,3,14,26,17
random,60,180,0.0009629259259259256,0.99124495269876,0.9618600860701234,0.005477616922118126,0.9776431802087178,3,16,26,15
random,60,181,0.0005518148148148161,0.9860139860139862,0.9393939393939392,0.002766960716459738,0.9682380139045399,3,16,23,18
random,60,182,0.0006688518518518496,0.9930069930069931,0.9696969696969696,0.0037585620678009762,0.9699411951460377,4,17,25,14
random,60,183,0.000550888888888888,1.0,0.9999999999999998,0.0018136718749999997,0.9863494705534788,5,15,24,16
random,60,184,0.0002445925925925933,1.0,0.9999999999999998,0.003680966811856233,0.9859528148933687,3,13,24,20
random,60,185,0.0005492222222222225,0.9860139860139862,0.9393939393939392,0.004463156324621353,0.97710095715317,5,14,24,17
random,60,186,0.0012555185185185202,0.965034965034965,0.8787878787878787,0.007953349985827661,0.9798456077664827,4,12,28,16
random,60,187,0.0012868148148148172,0.9790209790209792,0.909090909090909,0.012759266221966544,0.9272483410019248,1,15,26,18
random,60,188,0.0015414444444444423,0.9930069930069931,0.9696969696969696,0.0044372303666438,0.9718908568341909,3,17,23,17
random,60,189,0.0007762592592592611,0.9580419580419581,0.8484848484848484,0.001965052035506581,0.9780391248492822,2,16,22,20
random,60,190,0.0010501481481481458,0.9860139860139862,0.9393939393939392,0.003943583475056691,0.968351703558278,5,14,21,20
random,60,191,0.0004507037037037021,0.965034965034965,0.8787878787878787,0.004071543415333478,0.954204823656655,4,12,26,18
random,60,192,0.0006021851851851857,0.9300699300699302,0.8181818181818181,0.0036562330794245802,0.9758760263578368,3,16,24,17
random,60,193,0.00030570370370370566,0.9860139860139862,0.9393939393939392,0.0022684574331275718,0.9718055430051301,2,16,24,18
random,60,194,0.0012732962962962965,0.9930069930069931,0.9696969696969696,0.003273607484215599,0.9776683192203,4,13,26,17
random,60,195,0.0005218148148148143,0.9860139860139862,0.9393939393939392,0.014505009579716639,0.9464726303971034,1,14,26,19
random,60,196,0.003203111111111115,0.9930069930069931,0.9696969696969696,0.00507131548057112,0.9739845881390176,2,17,26,15
random,60,197,0.00046959259259259203,0.9860139860139862,0.9393939393939392,0.0015019739583333337,0.9541723848484036,4,15,25,16
random,60,198,0.0013912592592592598,0.9860139860139862,0.9393939393939392,0.004181012301040711,0.9629458857226856,6,12,22,20
random,60,199,0.0006732962962962959,1.0,0.9999999999999998,0.001503359138794407,0.9810645178083217,4,12,28,16
random,65,0,0.00029238461538461726,0.9790209790209792,0.909090909090909,0.0020692369093231163,0.9722907613454107,5,16,29,15
random,65,1,0.0018017337278106503,0.9930069930069931,0.9696969696969696,0.0013510841370396752,0.9872768900313076,4,22,21,18
random,65,2,0.00024299605522682405,1.0,0.9999999999999998,0.002086707005380594,0.9483674029709402,4,17,25,19
random,65,3,0.0008332130177514813,0.9930069930069931,0.9696969696969696,0.003752079642717998,0.9838068376531114,4,18,30,13
random,65,4,0.00020473175542406316,0.9930069930069931,0.9696969696969696,0.006119304285246315,0.9537056360815073,4,19,25,17
random,65,5,0.00021916962524654843,0.9930069930069931,0.9696969696969696,0.00166266988373912,0.9731773331824618,5,16,27,17
random,65,6,0.0001818520710059168,0.9930069930069931,0.9696969696969696,0.0005860941830435876,0.9851134177445964,6,20,21,18
random,65,7,0.001290648915187379,0.9930069930069931,0.9696969696969696,0.0042799897181639525,0.9815297942286209,5,18,25,17
random,65,8,0.0002575917159763307,1.0,0.9999999999999998,0.0013228183453301442,0.9868520340295748,5,17,25,18
random,65,9,0.000308637080867849,0.9930069930069931,0.9696969696969696,0.0019780891378258845,0.9815638440902159,3,19,25,18
random,65,10,0.0003289921104536497,0.9930069930069931,0.9696969696969696,0.001071641121520929,0.9754188603835463,4,15,26,20
random,65,11,0.0006909644970414211,0.9720279720279721,0.909090909090909,0.013109215260274453,0.9729779840287338,1,16,25,23
random,65,12,0.0009359349112426054,0.9790209790209792,0.909090909090909,0.005725402454027683,0.9565721797263088,4,13,31,17
random,65,13,0.00021814398422090892,0.9860139860139862,0.9393939393939392,0.0035016807568438025,0.9604008529584503,3,15,24,23
random,65,14,0.003068321499013813,1.0,0.9999999999999998,0.007432288766509234,0.9685051852753082,3,15,26,21
random,65,15,0.0011785384615384642,0.99124495269876,0.9618600860701234,0.004735251203949693,0.978416599770852,3,15,26,21
random,65,16,0.0005077692307692356,0.9930069930069931,0.9696969696969696,0.0014458430354664323,0.9723774732814094,6,15,26,18
random,65,17,0.0017416153846153872,0.9860139860139862,0.9393939393939392,0.01256446136667973,0.9261145116578803,2,15,27,21
random,65,18,0.0009338047337278105,0.9930069930069931,0.9696969696969696,0.0016247524942751587,0.9772105211671208,6,13,25,21
random,65,19,0.00028930769230769206,1.0,0.9999999999999998,0.001725329971176667,0.9527555763529817,4,14,24,23
random,65,20,0.0004797613412228789,0.9930069930069931,0.9696969696969696,0.0009348462301587308,0.937841660201669,6,14,24,21
random,65,21,0.0007633905325443798,0.9860139860139862,0.9393939393939392,0.0018338351042896496,0.9775991198229486,5,14,24,22
random,65,22,0.00016165483234713944,0.9930069930069931,0.9696969696969696,0.002432225737719158,0.9646991324991465,3,15,29,18
random,65,23,0.0005238639053254437,0.9790209790209792,0.909090909090909,0.0015162845838664857,0.9101695503603255,5,9,29,22
random,65,24,8.275936883629172e-05,1.0,0.9999999999999998,0.0012471048075451481,0.9744851785798861,5,16,22,22
random,65,25,0.004479524654832347,0.9877423203570683,0.9618600860701234,0.01689568634721452,0.9090968939315751,3,13,31,18
random,65,26,0.001538617357001969,1.0,0.9999999999999998,0.0020180158822016465,0.9610546446787016,6,16,25,18
random,65,27,0.0008602741617357002,0.9930069930069931,0.9696969696969696,0.0034459459628341945,0.9591259614065076,4,14,28,19
random,65,28,0.0003973944773175526,0.9930069930069931,0.9696969696969696,0.0030425831187449763,0.9749875234949921,3,18,26,18
random,65,29,0.00031771005917159695,1.0,0.9999999999999998,0.0007009669734667169,0.9850987552821732,6,14,26,19
random,65,30,0.0016586962524654828,0.9860139860139862,0.9393939393939392,0.0014916982228506213,0.9793689480482455,5,19,25,16
random,65,31,0.001145402366863908,0.9860139860139862,0.9393939393939392,0.004184994267393514,0.9699282121724146,3,12,31,19
random,65,32,0.0005419309664694253,0.9930069930069931,0.9696969696969696,0.0021628613060147807,0.9766311780028947,3,17,27,18
random,65,33,0.0008835483234714022,0.9702291586486097,0.9007896044148774,0.01804594508412388,0.9311191196280254,1,17,26,21
random,65,34,0.00010271992110453626,0.9860139860139862,0.9393939393939392,0.0013674719670083687,0.9780515126804881,4,13,28,20
random,65,35,0.0012092287968441821,1.0,0.9999999999999998,0.005541279654459146,0.9543243710217517,4,14,29,18
random,65,36,0.002431161735700196,0.9930069930069931,0.9696969696969696,0.0015867415879750595,0.9710787019950345,6,17,28,14
random,65,37,0.0007145542406311661,1.0,0.9999999999999998,0.002322603778115453,0.9820189296455955,5,14,26,20
random,65,38,0.0015669408284023712,0.9860139860139862,0.9393939393939392,0.004592719367099674,0.9625438937382854,2,13,28,22
random,65,39,0.0011290710059171556,1.0,0.9999999999999998,0.003952944426181606,0.9587274556953768,5,16,26,18
random,65,40,0.001276842209072981,0.9930069930069931,0.9696969696969696,0.0031957809418145956,0.9854999539352758,3,16,26,20
random,65,41,0.0004578284023668599,1.0,0.9999999999999998,0.001335171523170311,0.980658789767793,4,14,27,20
random,65,42,0.0008811025641025663,0.9790209790209792,0.9393939393939392,0.008581706114398423,0.9595441264100378,3,16,26,20
random,65,43,0.0007211814595660752,0.9720279720279721,0.909090909090909,0.004133215527165807,0.9850835527486623,4,20,22,19
random,65,44,0.0002735285996055224,0.9930069930069931,0.9696969696969696,0.002941378252180818,0.9806809790138409,4,17,26,18
random,65,45,0.0002773155818540436,0.9860139860139862,0.9393939393939392,0.0033580617975434773,0.9421799376155211,4,14,29,18
random,65,46,0.0002801558185404346,0.9930069930069931,0.9696969696969696,0.0027139158635676487,0.9846735946466281,4,15,25,21
random,65,47,0.0021206291913215005,0.9930069930069931,0.9696969696969696,0.005107823548974305,0.982421979483538,3,15,23,24
random,65,48,0.0002721873767258381,0.9860139860139862,0.9393939393939392,0.0010400724979669287,0.9877315666789351,6,18,22,19
random,65,49,0.00044638856015779296,0.9720279720279721,0.909090909090909,0.0022859377153730057,0.9762945412358741,5,17,25,18
random,65,50,0.0007558954635108489,1.0,0.9999999999999998,0.004530686649659866,0.9779711442078098,3,14,28,20
random,65,51,0.00022090532544378672,0.9930069930069931,0.9696969696969696,0.00271094566103493,0.9837690842367328,5,17,25,18
random,65,52,0.0006458362919132159,0.9930069930069931,0.9696969696969696,0.002571369148609097,0.9498784872357866,5,12,26,22
random,65,53,0.0005093471400394483,1.0,0.9999999999999998,0.0012818659279555445,0.9647454916358436,6,14,27,18
random,65,54,0.0012572761341222878,1.0,0.9999999999999998,0.004205513074535753,0.9723744902422604,4,14,28,19
random,65,55,0.0002521479289940825,1.0,0.9999999999999998,0.0009744262232751571,0.9753777882732484,6,17,27,15
random,65,56,0.0009704122287968437,0.9860139860139862,0.9393939393939392,0.00313365339191232,0.9719226886392001,5,12,28,20
random,65,57,0.0002500177514792902,0.9860139860139862,0.9393939393939392,0.0015422808661383271,0.9390468890272414,5,15,23,22
random,65,58,0.0006418915187376752,1.0,0.9999999999999998,0.0021372248204837487,0.9824321353281371,3,20,21,21
random,65,59,0.0001933708086785006,1.0,0.9999999999999998,0.002154469299888916,0.971815861548038,4,17,26,18
random,65,60,0.0002555404339250487,0.9930069930069931,0.9696969696969696,0.0031317669967153433,0.9763549165287769,5,17,26,17
random,65,61,0.0005861913214990103,1.0,0.9999999999999998,0.0008499957458473581,0.982903864611675,6,17,21,21
random,65,62,0.0005933708086784987,0.9930069930069931,0.9696969696969696,0.0067898516514448915,0.9827092285646095,3,17,24,21
random,65,63,0.0003450867850098624,0.9930069930069931,0.9696969696969696,0.0016306500573140187,0.9503416541220067,5,14,24,22
random,65,64,0.0008650867850098615,1.0,0.9999999999999998,0.002607219328703704,0.9732562199461778,5,16,24,20
random,65,65,0.00023005719921104567,0.9860139860139862,0.9393939393939392,0.003388026016259338,0.9448427848016759,5,13,27,20
random,65,66,0.000543351084812624,0.9982502173821435,0.9923953268977463,0.002476852580548598,0.9499408138240265,5,17,26,17
random,65,67,0.0004897810650887599,0.9930069930069931,0.9696969696969696,0.0016563068584890353,0.9859736902103546,5,17,26,17
random,65,68,0.0011009053254437903,0.9860139860139862,0.9393939393939392,0.0045277221093715575,0.9682603888596597,4,12,29,20
random,65,69,0.00043960355029585917,0.9930069930069931,0.9696969696969696,0.0026422063256833946,0.9693235707430611,6,16,21,22
random,65,70,0.0014426015779092727,0.9860139860139862,0.9393939393939392,0.0025267460753497666,0.9837518485953284,5,13,27,20
random,65,71,0.0012428382642998047,0.9720279720279721,0.909090909090909,0.00895880981840005,0.9571200421003409,2,14,26,23
random,65,72,0.0012343964497041405,0.9860139860139862,0.9393939393939392,0.0024143649713111548,0.9693350509139984,5,15,26,19
random,65,73,0.00035944575936883513,1.0,0.9999999999999998,0.004639236709758109,0.9734245397235076,3,17,23,22
random,65,74,0.00031960355029585864,0.9860139860139862,0.9393939393939392,0.0019589588628089326,0.9736720224332045,5,12,25,23
random,65,75,0.0004239822485207092,0.9930069930069931,0.9696969696969696,0.0019516439314000067,0.9780169534987706,5,11,26,23
random,65,76,0.0010945936883629199,0.9930069930069931,0.9696969696969696,0.0014813657471529696,0.966302869212435,6,15,25,19
random,65,77,0.0006364477317554242,0.9930069930069931,0.9696969696969696,0.0023964652893992545,0.9801985910435721,3,18,29,15
random,65,78,0.00036970216962524654,1.0,0.9999999999999998,0.0021110782083794957,0.9748385544212504,5,17,26,17
random,65,79,0.00035557988165680525,0.9860139860139862,0.9393939393939392,0.00405792181069959,0.974018531780752,4,16,27,18
random,65,80,0.002047808678500986,0.9860139860139862,0.9393939393939392,0.004728259968180113,0.9494560432897092,4,16,22,23
random,65,81,0.0015836666666666657,1.0,0.9999999999999998,0.0027784689999113513,0.98104301296535,4,14,27,20
random,65,82,0.00010769033530571996,0.9930069930069931,0.9696969696969696,0.0016807213934742873,0.980657531904021,3,15,28,19
random,65,83,0.0004419704142011841,0.9930069930069931,0.9696969696969696,0.003900266430016685,0.9789514480650859,3,15,29,18
random,65,84,0.002694435897435898,1.0,0.9999999999999998,0.004816689580243863,0.9736721824136495,5,17,28,15
random,65,85,0.00029948520710059166,0.9930069930069931,0.9696969696969696,0.004402110953282828,0.9784424646539437,3,16,24,22
random,65,86,0.0002139625246548324,0.9930069930069931,0.9696969696969696,0.003802483555835584,0.9863176053865158,4,13,30,18
random,65,87,0.00046366666666666697,0.9930069930069931,0.9696969696969696,0.0007861269322007962,0.9587298745916973,4,11,25,25
random,65,88,0.0002837850098619348,0.9790209790209792,0.909090909090909,0.0010523854163987587,0.9855204007722581,5,16,23,21
random,65,89,0.0002997218934911242,1.0,0.9999999999999998,0.0010545167584940312,0.9898769534784944,4,15,24,22
random,65,90,0.001034159763313609,0.9930069930069931,0.9696969696969696,0.004274136190910652,0.9625391466653397,3,15,28,19
random,65,91,0.0005244161735700192,0.9930069930069931,0.9696969696969696,0.0036028113582106482,0.9703731746098614,3,14,26,22
random,65,92,0.00012189151873767162,0.9930069930069931,0.9696969696969696,0.0009672713805110979,0.9600670339610069,6,17,22,20
random,65,93,0.00041285798816567904,0.9860139860139862,0.9393939393939392,0.0034431622507289862,0.9842115770553119,4,17,27,17
random,65,94,0.00027818343195266205,0.9930069930069931,0.9696969696969696,0.013102843645012812,0.9703998108526244,2,13,27,23
random,65,95,0.0006506489151873774,0.9860139860139862,0.9393939393939392,0.0018995555577831164,0.9846101211225138,5,17,26,17
random,65,96,0.00026216765285995994,0.9930069930069931,0.9696969696969696,0.006956303183348639,0.9464812753993495,2,16,25,22
random,65,97,0.00015920907297830474,0.9930069930069931,0.9696969696969696,0.002112184623602893,0.9536935240523344,4,15,26,20
random,65,98,0.00020023471400394436,1.0,0.9999999999999998,0.002495816531033753,0.9734920677644173,4,14,24,23
random,65,99,0.0002616153846153852,0.9790209790209792,0.909090909090909,0.00219548981023709,0.9859561361993333,4,19,26,16
random,65,100,0.0004853629191321498,0.9772344233319931,0.9313248452425005,0.0035987847222222215,0.9334754792257807,3,14,28,20
random,65,101,0.00017790729783037502,0.9702291586486097,0.9007896044148774,0.0024250209619539487,0.9771092894527411,3,16,27,19
random,65,102,0.0009945542406311634,0.9860139860139862,0.9393939393939392,0.001647306932340838,0.9890353743219226,5,17,25,18
random,65,103,0.00026342998027613314,0.99124495269876,0.9618600860701234,0.0008504450720042266,0.9833708795034033,5,15,29,16
random,65,104,0.0006034694280078882,0.99124495269876,0.9618600860701234,0.0010460615669879065,0.9758436066077804,5,16,28,16
random,65,105,0.00023329191321499,0.9930069930069931,0.9696969696969696,0.0011951803498914794,0.9696478079676303,6,16,23,20
random,65,106,0.0003394852071005921,0.9982502173821435,0.9923953268977463,0.002943484044017263,0.9395782924523084,4,12,29,20
random,65,107,0.00026390335305719964,0.9790209790209792,0.909090909090909,0.0015039468360873755,0.9740911342286983,5,15,28,17
random,65,108,0.001904455621301777,1.0,0.9999999999999998,0.00418448145290352,0.984203422405257,3,15,27,20
random,65,109,0.0015973944773175531,0.9930069930069931,0.9696969696969696,0.002232276488209663,0.9816272690955836,6,17,25,17
random,65,110,0.002823508875739639,0.9930069930069931,0.9696969696969696,0.00929385405722337,0.9815146961399169,3,16,27,19
random,65,111,0.0006145936883629173,0.9860139860139862,0.9393939393939392,0.003779105747691234,0.968411428630882,3,17,21,24
random,65,112,0.0006526213017751486,0.9790209790209792,0.9393939393939392,0.008440608067896128,0.9454738424811961,3,19,23,20
random,65,113,0.0005244950690335318,0.9982502173821435,0.9923953268977463,0.0019229230495762138,0.963475710254182,5,17,26,17
random,65,114,0.0005749881656804761,0.9790209790209792,0.9393939393939392,0.011748994290022689,0.9653091127825584,4,13,27,21
random,65,115,0.00031984023668639135,0.9930069930069931,0.9696969696969696,0.0006475533503177734,0.9763334401175442,6,13,26,20
random,65,116,0.00045112228796844204,0.9860139860139862,0.9393939393939392,0.003945226644871237,0.9744494668367522,3,14,29,19
random,65,117,0.001517000000000002,1.0,0.9999999999999998,0.003764366112032508,0.9275934206306535,5,14,24,22
random,65,118,0.00014232544378698213,1.0,0.9999999999999998,0.002715847070037165,0.9693192743422544,4,17,27,17
random,65,119,0.00040765088757396513,0.9860139860139862,0.9393939393939392,0.001121184056220681,0.9684201104235274,6,12,24,23
random,65,120,0.001701773175542403,0.9930069930069931,0.9696969696969696,0.0021727300083526635,0.978481712789993,5,17,21,22
random,65,121,0.00022271992110453633,0.9930069930069931,0.9696969696969696,0.0008220546474762741,0.9846855426424239,6,18,20,21
random,65,122,0.0009408264299802772,1.0,0.9999999999999998,0.0022888110761056504,0.9793739035855218,5,15,26,19
random,65,123,0.00017483037475345107,1.0,0.9999999999999998,0.004070601186019188,0.9863984252947917,5,16,26,18
random,65,124,0.00047187179487179746,1.0,0.9999999999999998,0.003526118827160495,0.940973848678649,2,16,27,20
random,65,125,0.0015213392504930968,0.9930069930069931,0.9696969696969696,0.003146171144111238,0.9794169401004564,4,17,24,20
random,65,126,0.00012646745562130073,1.0,0.9999999999999998,0.0075513392193443185,0.9515828417536482,3,16,27,19
random,65,127,0.0012335285996055228,0.9930069930069931,0.9696969696969696,0.0027912343128252224,0.9692938705006456,5,16,22,22
random,65,128,0.0002938047337278117,0.9860139860139862,0.9393939393939392,0.0035840699465064744,0.977199436088756,5,17,24,19
random,65,129,0.0005424043392504928,0.9930069930069931,0.9696969696969696,0.0030362025280913332,0.9798125130639467,4,17,25,19
random,65,130,0.00021483037475344982,1.0,0.9999999999999998,0.0019290919510919482,0.9802629883911756,4,17,26,18
random,65,131,0.0007490315581854017,0.9930069930069931,0.9696969696969696,0.0013929119513031553,0.9684182124152227,5,15,27,18
random,65,132,0.00043565877712031586,1.0,0.9999999999999998,0.0028702262302812065,0.9709701830356874,4,16,27,18
random,65,133,0.0011890315581854045,0.9720279720279721,0.909090909090909,0.001972021123037884,0.9784901558366839,5,19,23,18
random,65,134,0.002988873767258387,0.9772344233319931,0.9313248452425005,0.0055912747264309755,0.9323675375706123,3,16,24,22
random,65,135,0.0024508856015779106,1.0,0.9999999999999998,0.005575904403887357,0.9797933701039524,4,15,24,22
random,65,136,0.0003118717948717954,0.9860139860139862,0.9393939393939392,0.0017218776346008483,0.953430278902626,5,14,26,20
random,65,137,0.0007311222879684402,0.9930069930069931,0.9696969696969696,0.001450420741213152,0.9476963287632231,5,14,30,16
random,65,138,0.00011715779092702197,1.0,0.9999999999999998,0.0016388599271332845,0.9785590072428174,5,18,22,20
random,65,139,0.00022658579881656778,0.9790209790209792,0.909090909090909,0.0022573217592592584,0.9732666603980616,5,15,25,20
random,65,140,0.0009372761341222888,0.9860139860139862,0.9393939393939392,0.003511672846650665,0.9662025245727651,4,18,27,16
random,65,141,0.0023257573964497063,0.99124495269876,0.9618600860701234,0.00989517648182796,0.9543506365189339,4,11,27,23
random,65,142,0.0004923846153846157,0.9982502173821435,0.9923953268977463,0.0020425732850483155,0.9859055187770196,3,17,23,22
random,65,143,0.00151053057199211,0.9930069930069931,0.9696969696969696,0.002795153082112051,0.971513483405135,5,15,26,19
random,65,144,0.00034855818540433864,1.0,0.9999999999999998,0.0010216128325521807,0.981570118516572,4,18,26,17
random,65,145,0.00011873570019723812,0.9982502173821435,0.9923953268977463,0.0018605185412642429,0.9559323771752899,2,15,27,21
random,65,146,0.0005621282051282053,0.9860139860139862,0.9393939393939392,0.004931023405349795,0.9723195201034037,4,18,25,18
random,65,147,0.0002030749506903362,0.9930069930069931,0.9696969696969696,0.003826645913202157,0.9744959960720315,3,16,29,17
random,65,148,0.00027423865877712134,1.0,0.9999999999999998,0.0013015514161175675,0.984211049098574,4,19,25,17
random,65,149,0.00037412031558185224,0.9860139860139862,0.9393939393939392,0.010938009599838696,0.9444232659865865,2,17,24,22
random,65,150,0.0007399585798816571,1.0,0.9999999999999998,0.003303298611111112,0.9820097647582863,6,15,24,20
random,65,151,0.0003191301775147945,1.0,0.9999999999999998,0.003027602737768632,0.9818643317752438,3,15,27,20
random,65,152,0.00018895266272189444,0.9860139860139862,0.9393939393939392,0.0027037836854200115,0.9647813707879338,3,14,29,19
random,65,153,0.001148873767258381,0.9860139860139862,0.9393939393939392,0.004010697357646762,0.9637739810764872,4,15,28,18
random,65,154,0.0006100966469428014,1.0,0.9999999999999998,0.0032411058241883857,0.9658607822175388,5,15,27,18
random,65,155,0.0013714378698224854,0.9860139860139862,0.9393939393939392,0.0047335811422297685,0.9505990850521631,4,17,26,18
random,65,156,0.0012503333333333348,0.9860139860139862,0.9393939393939392,0.0035226930610344066,0.94221225726904,3,15,26,21
random,65,157,0.00017388362919132125,0.9930069930069931,0.9696969696969696,0.0010944364428052615,0.9397701769604331,4,14,26,21
random,65,158,0.0021939230769230764,0.9930069930069931,0.9696969696969696,0.00485017361111111,0.9781154434861096,5,12,24,24
random,65,159,0.0031178678500986177,0.9930069930069931,0.9696969696969696,0.006328646167361445,0.9303094207888478,4,18,21,22
random,65,160,0.000500274161735702,0.9860139860139862,0.9393939393939392,0.0011847780939298787,0.9679586853197546,4,14,26,21
random,65,161,0.00046295660749507073,0.9930069930069931,0.9696969696969696,0.002550180785123966,0.9679866117441496,4,15,24,22
random,65,162,0.00017467258382643052,1.0,0.9999999999999998,0.00692966194138353,0.9520055347800667,2,16,25,22
random,65,163,0.0018775522682445724,1.0,0.9999999999999998,0.002017231045179171,0.9916735310104894,5,19,23,18
random,65,164,0.0009936074950690351,0.9790209790209792,0.909090909090909,0.001958368895397666,0.9885844321798334,5,9,30,21
random,65,165,0.0008405502958579906,1.0,0.9999999999999998,0.0038085492124833985,0.9484860404059073,2,17,27,19
random,65,166,0.0007313589743589742,0.9860139860139862,0.9393939393939392,0.0031221203081712792,0.9850546549061768,3,18,27,17
random,65,167,0.0007047712031558183,0.9842396880153765,0.9313248452425005,0.0028387256423811347,0.9622036241351433,3,17,25,20
random,65,168,0.0002631143984220923,0.9930069930069931,0.9696969696969696,0.010984732589023266,0.9524416325288789,2,15,27,21
random,65,169,0.0012508856015779103,1.0,0.9999999999999998,0.005286856044501133,0.9647627324187752,4,16,24,21
random,65,170,0.001770964497041415,0.9982502173821435,0.9923953268977463,0.003437668174914899,0.9543387157453171,5,17,26,17
random,65,171,0.000667690335305721,0.9930069930069931,0.9696969696969696,0.0029613425925925905,0.9604557096321087,2,15,24,24
random,65,172,0.0009628382642998067,0.9860139860139862,0.9393939393939392,0.0019852575231481475,0.9582158965062082,5,16,24,20
random,65,173,0.00038303550295858,0.9930069930069931,0.9696969696969696,0.002754701967592593,0.9872638778705268,5,16,24,20
random,65,174,0.00043234516765286115,0.9790209790209792,0.909090909090909,0.004428392499714848,0.9451872036584242,3,16,29,17
random,65,175,0.0005479270216962525,0.9930069930069931,0.9696969696969696,0.0016752444312278336,0.9868096454954004,4,17,23,21
random,65,176,0.0011529763313609467,1.0,0.9999999999999998,0.009081576554232803,0.9715100678351225,1,20,28,16
random,65,177,0.00023344970414201002,0.9930069930069931,0.9696969696969696,0.0014342737268518513,0.9524818714834038,5,16,24,20
random,65,178,0.00044851873767258357,0.9930069930069931,0.9696969696969696,0.0011111832157283867,0.9872864289355513,5,18,23,19
random,65,179,0.00018256213017751478,0.9930069930069931,0.9696969696969696,0.002743156828703704,0.9754472523095968,5,16,24,20
random,65,180,0.000363232741617356,0.9860139860139862,0.9393939393939392,0.0035318153490028494,0.9730288183162628,4,15,26,20
random,65,181,0.001541536489151874,1.0,0.9999999999999998,0.0018824907407407406,0.9622410729574745,4,12,24,25
random,65,182,0.00015542209072978304,0.9930069930069931,0.9696969696969696,0.0011722109573715999,0.9391230974178836,6,14,23,22
random,65,183,0.00017696055226824618,0.9860139860139862,0.9393939393939392,0.0018698958627568676,0.9762514125901054,3,17,28,17
random,65,184,0.0006127001972386599,0.9790209790209792,0.9393939393939392,0.002200642037293525,0.9819118563506747,2,19,25,19
random,65,185,0.0006164871794871798,0.9930069930069931,0.9696969696969696,0.002929391981155949,0.9898945788486724,6,17,29,13
random,65,186,0.0008677692307692322,0.9930069930069931,0.9696969696969696,0.002065278368291761,0.9802949798148035,6,15,28,16
random,65,187,0.0008650867850098575,1.0,0.9999999999999998,0.004485096496840752,0.9780636510597457,4,15,29,17
random,65,188,0.0008561715976331351,1.0,0.9999999999999998,0.0017257812500000003,0.9766335772958132,5,16,24,20
random,65,189,0.0007222071005917184,0.9790209790209792,0.9393939393939392,0.002765963135139273,0.9872014842682308,3,16,24,22
random,65,190,8.291715976331379e-05,0.9860139860139862,0.9393939393939392,0.0038196758081704774,0.9934174794661244,3,16,27,19
random,65,191,0.002655698224852073,0.9982502173821435,0.9923953268977463,0.007706012088477366,0.9495180262464935,5,15,27,18
random,65,192,0.0015581045364891528,0.9930069930069931,0.9696969696969696,0.0018652380715728837,0.9855527917552636,6,15,23,21
random,65,193,0.0011198402366863892,1.0,0.9999999999999998,0.003825787745653818,0.9489592231111788,5,12,28,20
random,65,194,0.0005876903353057209,0.9930069930069931,0.9696969696969696,0.0035976715325018896,0.980716235138517,4,15,25,21
random,65,195,0.0005197613412228815,0.9860139860139862,0.9393939393939392,0.0017993918474687712,0.9696617231951072,3,16,26,20
random,65,196,0.00022461341222879662,1.0,0.9999999999999998,0.0022022618575207875,0.9727498311428856,4,15,25,21
random,65,197,0.0003233116370808662,0.9930069930069931,0.9696969696969696,0.0030464966501306417,0.9801039884080891,2,17,28,18
random,65,198,9.932741617356991e-05,1.0,0.9999999999999998,0.003295536107961703,0.9747943218777322,4,15,28,18
random,65,199,0.00037025443786982106,0.9720279720279721,0.909090909090909,0.0034891032765445354,0.9756715148601882,4,14,28,19
random,70,0,0.00035727210884353624,0.9930069930069931,0.9696969696969696,0.0012340522297335785,0.9556118338082454,5,18,30,17
random,70,1,0.0007008095238095247,0.9930069930069931,0.9696969696969696,0.007909578650817962,0.9674344978417251,3,19,25,23
random,70,2,0.00041727210884353656,0.9930069930069931,0.9696969696969696,0.0016346105975977901,0.9797802024487274,5,17,30,18
random,70,3,0.0005383605442176882,0.9930069930069931,0.9696969696969696,0.0072630882749587155,0.9793045885179804,3,18,27,22
random,70,4,0.0026487006802721155,0.9930069930069931,0.9696969696969696,0.004744639803001368,0.9739373868887289,5,17,29,19
random,70,5,0.0005922380952380957,1.0,0.9999999999999998,0.003962789938715061,0.9850929960400707,4,19,30,17
random,70,6,0.0006921020408163246,0.9930069930069931,0.9696969696969696,0.001288174097490586,0.9859256679886358,4,19,27,20
random,70,7,0.00033196598639455673,0.9930069930069931,0.9696969696969696,0.004041356569493379,0.9712197674343075,4,17,29,20
random,70,8,0.00047563945578231237,0.9860139860139862,0.9393939393939392,0.0008651584095456434,0.9591506273013146,6,12,29,23
random,70,9,0.00032720408163265327,0.9930069930069931,0.9696969696969696,0.002382755810657596,0.9737026131762975,6,15,28,21
random,70,10,0.0005851632653061241,0.9860139860139862,0.9393939393939392,0.0021736082561410078,0.9591687594913362,5,15,29,21
random,70,11,0.00017563945578231337,0.9930069930069931,0.9696969696969696,0.0013985309866600445,0.9754596428542022,5,15,28,22
random,70,12,0.0014625782312925164,1.0,0.9999999999999998,0.0013744191788319542,0.9824275888389034,6,14,26,24
random,70,13,0.00025944897959183773,0.9930069930069931,0.9696969696969696,0.0076298022629925615,0.9732463693669602,3,19,26,22
random,70,14,8.938095238095291e-05,0.9930069930069931,0.9696969696969696,0.0021892326176540387,0.9687559649463742,3,16,29,22
random,70,15,0.0005394489795918384,1.0,0.9999999999999998,0.005978761574074075,0.987262031263967,4,15,27,24
random,70,16,0.0007455714285714291,0.9930069930069931,0.9696969696969696,0.0025045358785668126,0.9552298235826284,5,18,25,22
random,70,17,0.00021972108843537283,1.0,0.9999999999999998,0.0009560590745808901,0.9740583494149951,4,15,29,22
random,70,18,0.0005476122448979577,0.9930069930069931,0.9696969696969696,0.0028034230541631854,0.9801829919563745,3,20,28,19
random,70,19,0.0002967278911564615,1.0,0.9999999999999998,0.001319361498854697,0.9859517664371763,5,19,25,21
random,70,20,0.00022380272108843524,0.9930069930069931,0.9696969696969696,0.0030873943028772548,0.9538438880237132,2,15,33,20
random,70,21,0.002825299319727895,0.9930069930069931,0.9696969696969696,0.010332876109580653,0.9872571080008142,3,10,33,24
random,70,22,0.00021223809523809455,0.9860139860139862,0.9393939393939392,0.0040068669483654205,0.9567430526747275,4,18,29,19
random,70,23,0.0003659795918367345,0.9930069930069931,0.9696969696969696,0.0020139736398462034,0.9890577217430547,6,14,28,22
random,70,24,0.0002561836734693874,0.9930069930069931,0.9696969696969696,0.0029243549904273127,0.9835741301928601,3,19,27,21
random,70,25,0.0004184965986394529,0.9930069930069931,0.9696969696969696,0.0033533839075753752,0.9789308219626004,4,18,28,20
random,70,26,0.0002730544217687088,0.9930069930069931,0.9696969696969696,0.0021105713813303097,0.9837531370123894,4,15,30,21
random,70,27,0.0009059795918367345,1.0,0.9999999999999998,0.004747099547082514,0.9938401151120718,4,17,27,22
random,70,28,8.856462585033956e-05,0.9930069930069931,0.9696969696969696,0.001352374133549218,0.9964950226199317,5,20,23,22
random,70,29,0.0002363197278911559,1.0,0.9999999999999998,0.0009735116333908997,0.9828574867097285,4,18,25,23
random,70,30,0.0008496530612244909,0.99124495269876,0.9618600860701234,0.0014790364032566457,0.971797268766614,4,19,24,23
random,70,31,0.0003922380952380954,1.0,0.9999999999999998,0.0018715071560074913,0.9754207202952755,5,15,33,17
random,70,32,0.0003228503401360562,1.0,0.9999999999999998,0.0007817861428708613,0.9691763542724503,5,12,31,22
random,70,33,0.0003142789115646257,0.9720279720279721,0.909090909090909,0.0011992182339146523,0.9485293967869628,6,15,29,20
random,70,34,0.0033557755102040857,0.9860139860139862,0.9393939393939392,0.004311380902706922,0.9492184190146782,5,16,27,22
random,70,35,0.0006199931972789136,0.9720279720279721,0.909090909090909,0.005617627622945853,0.9627369721292127,4,17,27,22
random,70,36,0.00015128571428571578,0.9930069930069931,0.9696969696969696,0.0012712834856910705,0.9899187082803433,5,19,27,19
random,70,37,0.0004703333333333349,0.9930069930069931,0.9696969696969696,0.002659967219912657,0.9836766872946737,3,18,28,21
random,70,38,0.00019400680272108834,0.9930069930069931,0.9696969696969696,0.0008372012983778642,0.9815969767010779,6,14,27,23
random,70,39,0.00021659183673469369,0.99124495269876,0.9618600860701234,0.0023433147789064072,0.9568489651698935,4,17,26,23
random,70,40,0.0002038027210884365,1.0,0.9999999999999998,0.0016492539956331693,0.9881835931831928,5,18,28,19
random,70,41,0.0008929183673469378,0.9860139860139862,0.9393939393939392,0.0010241003519463351,0.9190390443486951,6,16,28,20
random,70,42,0.0002487006802721096,1.0,0.9999999999999998,0.0013328125,0.9820342587931113,5,21,24,20
random,70,43,0.00021196598639455682,1.0,0.9999999999999998,0.0019055191761727947,0.9760465365638231,4,15,32,19
random,70,44,0.002662714285714286,0.9930069930069931,0.9696969696969696,0.007345466771778154,0.9623935317754675,4,14,32,20
random,70,45,0.00043740816326530755,1.0,0.9999999999999998,0.0014320049908129163,0.9731047938148629,5,18,29,18
random,70,46,7.958503401360479e-05,1.0,0.9999999999999998,0.0009984097422698769,0.9828429547061395,5,17,26,22
random,70,47,0.0006529183673469382,0.9982502173821435,0.9923953268977463,0.0029752268574056067,0.9776071841814589,4,18,31,17
random,70,48,0.0005967278911564603,1.0,0.9999999999999998,0.0017233389357013682,0.9788581487699043,5,18,30,17
random,70,49,0.001449653061224492,0.9930069930069931,0.9696969696969696,0.0023738089284152586,0.9526445775078517,5,15,28,22
random,70,50,9.305442176870733e-05,0.9930069930069931,0.9696969696969696,0.001194129912493848,0.9793881027043487,5,19,29,17
random,70,51,0.000352102040816328,0.9930069930069931,0.9696969696969696,0.0030848548604333658,0.9881373183929034,3,17,26,24
random,70,52,0.00017944897959183692,0.9860139860139862,0.9393939393939392,0.0034976490592108157,0.9741837919812415,6,15,29,20
random,70,53,0.0007170000000000042,0.9790209790209792,0.909090909090909,0.0017510080117653936,0.9807101009218564,5,16,26,23
random,70,54,0.00020502721088435275,0.9790209790209792,0.9393939393939392,0.0013265696740128552,0.9894437439740176,4,20,22,24
random,70,55,0.00042040136054421925,0.9860139860139862,0.9393939393939392,0.0014488480645526197,0.9711414444401113,5,17,28,20
random,70,56,0.0003852993197278924,0.9930069930069931,0.9696969696969696,0.009108005952661816,0.9779917908515233,3,14,29,24
random,70,57,0.0004899251700680267,0.9930069930069931,0.9696969696969696,0.0017865629199210558,0.974103657067078,4,18,27,21
random,70,58,0.00028679591836734653,0.9930069930069931,0.9696969696969696,0.0021651617048828757,0.9705424656371375,4,18,29,19
random,70,59,0.0003527823129251708,0.9930069930069931,0.9696969696969696,0.0028718031030999513,0.9863028966264907,2,21,27,20
random,70,60,0.0008501972789115622,0.9930069930069931,0.9696969696969696,0.001393853305785124,0.9902903331571132,4,22,24,20
random,70,61,0.0003050272108843522,1.0,0.9999999999999998,0.001067493091513906,0.9736260973599472,4,19,26,21
random,70,62,0.000209380952380952,1.0,0.9999999999999998,0.003623154525699168,0.9703768003722135,4,20,25,21
random,70,63,0.0002586326530612246,1.0,0.9999999999999998,0.011090798357062578,0.9518206795540076,2,15,34,19
random,70,64,0.00023074149659863964,0.9860139860139862,0.9393939393939392,0.007745589873430895,0.9669837723252913,3,19,27,21
random,70,65,0.0004470680272108854,0.9790209790209792,0.909090909090909,0.0058346860277557165,0.9793943060766999,4,17,27,22
random,70,66,0.0017964557823129275,0.9930069930069931,0.9696969696969696,0.004482940557759049,0.9653071848530224,2,17,30,21
random,70,67,0.000253054421768708,0.99124495269876,0.9618600860701234,0.002324016784777577,0.9569174992831776,3,18,29,20
random,70,68,0.00032856462585034073,0.9720279720279721,0.909090909090909,0.0025210779502427613,0.9889867853167664,2,17,28,23
random,70,69,0.0015511496598639427,0.9860139860139862,0.9393939393939392,0.0018546837645918074,0.9894717105830007,6,19,26,19
random,70,70,0.00014339455782312908,1.0,0.9999999999999998,0.0012011418615453216,0.9921135989508417,5,19,26,20
random,70,71,0.00018434693877551062,0.9790209790209792,0.909090909090909,0.0013873997650988878,0.9758332517602895,5,15,27,23
random,70,72,0.00021019727891156587,0.9860139860139862,0.9393939393939392,0.0013685839999580081,0.9745787016553614,4,20,28,18
random,70,73,0.00025904081632652893,0.9930069930069931,0.9696969696969696,0.003985580696360289,0.9797965347528301,4,13,31,22
random,70,74,0.00042407482993197376,0.9930069930069931,0.9696969696969696,0.0007872066093947333,0.9819109447005888,6,13,28,23
random,70,75,0.0008369999999999978,0.9860139860139862,0.9393939393939392,0.0021100513790907305,0.984179093423075,5,14,27,24
random,70,76,0.0008082925170068035,0.9930069930069931,0.9696969696969696,0.003702096690781963,0.9793557776284005,4,15,28,23
random,70,77,0.0001043469387755099,0.9930069930069931,0.9696969696969696,0.000918236111111112,0.9745512728675189,5,16,25,24
random,70,78,0.00036325850340135894,0.9930069930069931,0.9696969696969696,0.004338037857586834,0.9481786717013143,3,17,27,23
random,70,79,0.0009644829931972783,0.9930069930069931,0.9696969696969696,0.0008098190717777004,0.993434471901664,6,22,23,19
random,70,80,0.0004667959183673464,0.9790209790209792,0.9393939393939392,0.003328091175058147,0.9734317878721477,3,19,31,17
random,70,81,0.00016597959183673385,1.0,0.9999999999999998,0.0017249121477407332,0.9666305922134973,4,19,22,25
random,70,82,0.00023319047619047698,1.0,0.9999999999999998,0.0033816006778225683,0.9846808446298427,4,18,27,21
random,70,83,0.00238285034013606,0.9720279720279721,0.909090909090909,0.00539014613340192,0.9551546488107705,2,16,27,25
random,70,84,0.0002496530612244899,1.0,0.9999999999999998,0.004931212779592424,0.9589402747840117,2,17,28,23
random,70,85,6.720408163265298e-05,0.9930069930069931,0.9696969696969696,0.003218315175753929,0.9575302888715207,3,16,28,23
random,70,86,0.0005338707482993211,0.9790209790209792,0.909090909090909,0.0038260811146353965,0.9607093824173978,2,17,34,17
random,70,87,0.00025577551020408105,0.9930069930069931,0.9696969696969696,0.0018943819435913358,0.9753669345542247,3,17,24,26
random,70,88,0.0006399931972789082,0.9930069930069931,0.9696969696969696,0.0035909464260850533,0.9488804836256397,4,19,28,19
random,70,89,0.0007817619047619039,1.0,0.9999999999999998,0.001688563078703704,0.9938669341762316,5,16,25,24
random,70,90,0.00028217006802721065,1.0,0.9999999999999998,0.0009631108539094662,0.9811361658367899,4,18,24,24
random,70,91,0.0004685646258503412,1.0,0.9999999999999998,0.0013615537013416472,0.9708931195951708,5,16,28,21
random,70,92,0.0015416258503401364,0.9930069930069931,0.9696969696969696,0.0012244779878687851,0.9864107938253543,6,17,28,19
random,70,93,0.00012325850340136048,1.0,0.9999999999999998,0.002039180091002285,0.9837630779718313,3,20,29,18
random,70,94,0.0002467959183673491,1.0,0.9999999999999998,0.0017004652777777777,0.9758833271991167,5,16,25,24
random,70,95,0.0007797210884353741,0.9930069930069931,0.9696969696969696,0.0021419411640374534,0.9574476779298887,4,16,29,21
random,70,96,0.0008889727891156451,0.9930069930069931,0.9696969696969696,0.014941405892775496,0.9564368576123337,1,18,27,24
random,70,97,0.00039033333333333276,0.9860139860139862,0.9393939393939392,0.0020495933513318887,0.9480483281668897,3,16,29,22
random,70,98,0.0001082925170068023,0.9930069930069931,0.9696969696969696,0.001713576063595373,0.9740313774183553,5,20,28,17
random,70,99,0.00042584353741496596,0.9860139860139862,0.9393939393939392,0.0013311590608465612,0.9757366111007029,5,14,30,21
random,70,100,0.0005338707482993211,0.9930069930069931,0.9696969696969696,0.0026401141317946063,0.9774205494993514,3,19,28,20
random,70,101,0.00031985714285714343,0.99124495269876,0.9618600860701234,0.0008599077087821894,0.9772186755310188,6,19,25,20
random,70,102,0.0008854353741496617,0.9790209790209792,0.909090909090909,0.00193458354247654,0.9561076850919392,5,17,30,18
random,70,103,0.0005020340136054412,1.0,0.9999999999999998,0.004443357767489713,0.9811843411333392,4,18,30,18
random,70,104,0.001327204081632656,0.9860139860139862,0.9393939393939392,0.0025813722516306336,0.9399007783144793,4,17,29,20
random,70,105,0.0016051632653061197,0.9930069930069931,0.9696969696969696,0.002410225635393047,0.9683677508445336,5,16,28,21
random,70,106,0.0002942789115646253,0.9930069930069931,0.9696969696969696,0.0016576163442822837,0.9656411786769106,4,18,26,22
random,70,107,0.00014720408163265382,1.0,0.9999999999999998,0.0030631723994576183,0.985043376945089,3,17,27,23
random,70,108,0.000895095238095239,0.9860139860139862,0.9393939393939392,0.0016135468030900732,0.9819773942504499,5,15,26,24
random,70,109,0.00046026530612244885,1.0,0.9999999999999998,0.001691578124999999,0.9714607168610383,5,16,24,25
random,70,110,0.00015849659863945563,0.9930069930069931,0.9696969696969696,0.0006504328073822121,0.9705057058642599,6,18,25,21
random,70,111,0.001073190476190476,0.9930069930069931,0.9696969696969696,0.001957296190323771,0.9872793192398455,5,19,26,20
random,70,112,0.0016327823129251688,1.0,0.9999999999999998,0.0028855893155558393,0.9797470816791944,4,15,29,22
random,70,113,0.0008172721088435365,0.9720279720279721,0.909090909090909,0.002078285751028806,0.9697037372198765,3,20,27,20
random,70,114,0.001407884353741498,1.0,0.9999999999999998,0.004597020529882822,0.963179530767512,4,15,28,23
random,70,115,0.00013006122448979592,0.9930069930069931,0.9696969696969696,0.0036125591097711587,0.9837163117369611,5,17,27,21
random,70,116,0.000294823129251702,0.9930069930069931,0.9696969696969696,0.001610686510655525,0.9886186884278081,5,19,28,18
random,70,117,0.00046625170068027334,0.9860139860139862,0.9393939393939392,0.0010415152412109978,0.980654104043631,5,11,34,20
random,70,118,0.00033618367346938534,0.9982502173821435,0.9923953268977463,0.0017445109386898328,0.9655850985683898,3,19,27,21
random,70,119,0.0009774081632653083,0.9790209790209792,0.909090909090909,0.003962385735544217,0.9556137696145947,5,16,28,21
random,70,120,0.00035319047619047504,1.0,0.9999999999999998,0.0016252707761774121,0.9881407457323027,5,20,27,18
random,70,121,0.0004545510204081605,0.9930069930069931,0.9696969696969696,0.0011382939715666792,0.9505264683383463,6,16,27,21
random,70,122,0.00017631972789115447,0.9982502173821435,0.9923953268977463,0.0011033295818492542,0.9792827813395366,5,15,29,21
random,70,123,0.00016421088435374182,0.9930069930069931,0.9696969696969696,0.001505641661430916,0.9793766091196047,5,17,29,19
random,70,124,0.0008971360544217673,0.9807370556736849,0.9313248452425005,0.001958149794414659,0.9872940209272296,5,17,25,23
random,70,125,0.00010067346938775374,0.9982502173821435,0.9923953268977463,0.0018598632603711775,0.9793635658377067,5,19,28,18
random,70,126,0.0012635306122448999,0.9860139860139862,0.9393939393939392,0.003923726968410278,0.9850728324194178,4,17,27,22
random,70,127,0.00041985714285714245,0.9930069930069931,0.9696969696969696,0.003037837773998487,0.9789710760506098,4,21,24,21
random,70,128,0.0002957755102040825,1.0,0.9999999999999998,0.004007230936801181,0.9626228351078108,3,18,29,20
random,70,129,0.0004481564625850344,0.9930069930069931,0.9696969696969696,0.004373984718635604,0.9631507454995968,4,16,29,21
random,70,130,0.00023264625850340174,0.9930069930069931,0.9696969696969696,0.0026066692261224552,0.9920921049096071,4,17,30,19
random,70,131,0.0003927823129251698,0.9930069930069931,0.9696969696969696,0.0020920222336534046,0.9673785360191202,2,16,27,25
random,70,132,0.0003647551020408163,0.9860139860139862,0.9393939393939392,0.005507166356655007,0.9807053523342882,3,19,28,20
random,70,133,0.0003431224489795919,0.9860139860139862,0.9393939393939392,0.0010717335243862753,0.9864065238957731,5,16,26,23
random,70,134,0.00020285034013605544,0.99124495269876,0.9618600860701234,0.003130739956649986,0.981546745957202,3,20,26,21
random,70,135,0.0005771360544217695,0.9930069930069931,0.9696969696969696,0.007439297807621671,0.9797804636329273,3,15,30,22
random,70,136,0.0003721020408163267,0.9860139860139862,0.9393939393939392,0.00251363878476227,0.9763119946668649,5,17,24,24
random,70,137,0.0012081564625850312,0.9930069930069931,0.9696969696969696,0.004377658571662442,0.9718734631239667,5,19,27,19
random,70,138,0.0005227142857142875,0.9930069930069931,0.9696969696969696,0.0030143887835307305,0.9687751179972582,3,15,29,23
random,70,139,0.00017114965986394655,1.0,0.9999999999999998,0.0008176669973544973,0.9811475076935321,5,14,30,21
random,70,140,0.00018897278911564677,1.0,0.9999999999999998,0.0018112985837205999,0.9864093828804634,4,20,27,19
random,70,141,0.0011436666666666628,0.9930069930069931,0.9696969696969696,0.0028043347989261465,0.9833075188728434,4,20,26,20
random,70,142,0.0001549591836734695,0.99124495269876,0.9618600860701234,0.002803297289504039,0.972707282451541,4,17,24,25
random,70,143,0.0004442108843537422,0.9860139860139862,0.9393939393939392,0.004149172582304527,0.9717496729811292,3,18,24,25
random,70,144,7.836054421768691e-05,0.9930069930069931,0.9696969696969696,0.0017757254573640146,0.9731293754522212,4,18,27,21
random,70,145,0.00042448299319727784,0.9930069930069931,0.9696969696969696,0.0021472032726489285,0.9811518199121154,4,17,28,21
random,70,146,0.0008368639455782321,1.0,0.9999999999999998,0.0023489996025080474,0.9778656535245649,3,17,28,22
random,70,147,0.000373734693877555,0.9930069930069931,0.9696969696969696,0.008326337426310393,0.9630515366607582,3,17,30,20
random,70,148,0.00047441496598639573,0.9860139860139862,0.9393939393939392,0.0016427835500519652,0.9675735454755383,4,14,32,20
random,70,149,0.0003376802721088424,0.9930069930069931,0.9696969696969696,0.0018377316672325713,0.9807300911738357,5,18,28,19
random,70,150,0.0008810816326530587,1.0,0.9999999999999998,0.0009556142268999109,0.9851207081694932,6,15,32,17
random,70,151,0.00031074149659863934,0.9720279720279721,0.909090909090909,0.0011970323117864294,0.9807008793640752,5,16,26,23
random,70,152,0.0008036666666666665,0.9930069930069931,0.9696969696969696,0.0038510542764600094,0.9495497764389056,4,17,30,19
random,70,153,0.001350061224489796,0.9930069930069931,0.9696969696969696,0.003037448938773075,0.9821411106240483,4,17,26,23
random,70,154,0.0004493809523809544,0.9930069930069931,0.9696969696969696,0.0028449949303642487,0.9656692195313621,3,15,30,22
random,70,155,0.0010716938775510185,0.9930069930069931,0.9696969696969696,0.0029883622835765278,0.9789780395043555,5,17,25,23
random,70,156,0.00030080952380952356,0.9930069930069931,0.9696969696969696,0.007668527975794437,0.9542784107788909,3,19,29,19
random,70,157,0.00027182993197279024,0.9860139860139862,0.9393939393939392,0.000937570227370323,0.9788473226337763,4,17,29,20
random,70,158,0.00025455102040816425,0.9930069930069931,0.9696969696969696,0.0016469939888748872,0.9788919130318288,3,15,31,21
random,70,159,0.0017923741496598646,0.9860139860139862,0.9393939393939392,0.003277956782972622,0.9678961506138557,3,15,29,23
random,70,160,0.00012461904761904797,0.9930069930069931,0.9696969696969696,0.0009262256406964132,0.9864199978360814,5,18,26,21
random,70,161,0.0015131904761904772,0.9930069930069931,0.9696969696969696,0.004153401822784251,0.9502924257404425,3,17,31,19
random,70,162,0.001054142857142861,0.9720279720279721,0.8787878787878787,0.0031733393431803278,0.9612396228031903,4,15,31,20
random,70,163,0.00032502721088435244,1.0,0.9999999999999998,0.0019465254157218445,0.9864065218726,5,20,24,21
random,70,164,0.000355911564625851,0.9860139860139862,0.9393939393939392,0.002036270254629628,0.9771531119808002,4,16,30,20
random,70,165,0.0009242108843537364,1.0,0.9999999999999998,0.0017876141738721874,0.9829438105753896,4,18,26,22
random,70,166,0.0006835306122448974,0.9930069930069931,0.9696969696969696,0.004092419132534399,0.9744429594372276,5,17,27,21
random,70,167,0.00013523129251700677,0.9860139860139862,0.9393939393939392,0.0016790960772804795,0.9802218715695619,3,16,29,22
random,70,168,0.0004897891156462606,0.9860139860139862,0.9393939393939392,0.0015670689014631919,0.9841940096162356,5,18,27,20
random,70,169,0.0007673401360544209,1.0,0.9999999999999998,0.0017913316855421458,0.9911782559038842,5,19,26,20
random,70,170,0.00015087755102040804,0.9930069930069931,0.9696969696969696,0.002411778055930227,0.9682592359152788,4,16,29,21
random,70,171,0.00020734013605442126,1.0,0.9999999999999998,0.0029843953027681985,0.9797169583954366,3,17,29,21
random,70,172,0.0003470680272108851,0.9930069930069931,0.9696969696969696,0.0024277892050155927,0.9534875290634868,5,19,26,20
random,70,173,0.00038285034013605285,0.9930069930069931,0.9696969696969696,0.0014381321765747385,0.9842116062828684,6,19,26,19
random,70,174,0.00015876870748299338,1.0,0.9999999999999998,0.002380209277355996,0.9644928697514195,6,19,27,18
random,70,175,0.0005193129251700677,0.9930069930069931,0.9696969696969696,0.0037808787595092447,0.9789126080647077,4,17,31,18
random,70,176,0.00032094557823129254,0.9930069930069931,0.9696969696969696,0.0019023611946284195,0.99036534720259,4,20,27,19
random,70,177,0.00014924489795918445,0.9930069930069931,0.9696969696969696,0.001032648041855631,0.9423173484118471,6,16,28,20
random,70,178,0.0007383605442176874,0.9860139860139862,0.9393939393939392,0.002153545597363292,0.9715476244571903,6,19,25,20
random,70,179,0.0002578163265306113,0.9930069930069931,0.9696969696969696,0.0016784458351065915,0.9569010163055143,5,19,27,19
random,70,180,0.00025836054421768785,0.9930069930069931,0.9696969696969696,0.0017899016203703703,0.9789403713580843,4,16,30,20
random,70,181,0.0006165918367346961,0.9860139860139862,0.9393939393939392,0.001266363086572566,0.9318888330699202,4,14,26,26
random,70,182,0.0003569999999999991,0.9860139860139862,0.9393939393939392,0.0019065159230718701,0.9960491410752792,5,20,23,22
random,70,183,0.0003257074829931987,0.9930069930069931,0.9696969696969696,0.004445677092201512,0.9750061342166605,6,15,26,23
random,70,184,0.00019196598639455823,1.0,0.9999999999999998,0.0015633042845104859,0.9956067061920612,5,14,28,23
random,70,185,0.0001579523809523816,0.9930069930069931,0.9696969696969696,0.0012311734348396895,0.9815252494098139,4,17,29,20
random,70,186,0.00019740816326530635,1.0,0.9999999999999998,0.0014467851323380454,0.9877168883266914,5,16,29,20
random,70,187,0.00037713605442176915,0.9930069930069931,0.9696969696969696,0.003526906345067873,0.9617581535481124,4,14,30,22
random,70,188,0.000403802721088434,0.9930069930069931,0.9696969696969696,0.0007093711783904387,0.9943131577603486,5,19,27,19
random,70,189,0.0022057074829932004,0.9860139860139862,0.9393939393939392,0.0033421873635256566,0.9921229084302825,6,18,25,21
random,70,190,0.0014623061224489778,0.9930069930069931,0.9696969696969696,0.005419822502127081,0.9735121376333219,2,16,31,21
random,70,191,0.0002783605442176857,0.9930069930069931,0.9696969696969696,0.000960331501427731,0.9912418451590947,4,21,27,18
random,70,192,0.00012543537414966076,0.9860139860139862,0.9393939393939392,0.003125297607597209,0.9663831571301824,4,15,32,19
random,70,193,0.00030665986394557776,0.9790209790209792,0.9393939393939392,0.0022340469084787275,0.9793663475471857,4,20,24,22
random,70,194,0.0001839387755102034,1.0,0.9999999999999998,0.0013665276172517787,0.9801931813023559,4,18,29,19
random,70,195,0.0003306054421768716,1.0,0.9999999999999998,0.001337938268538879,0.9872836560147489,4,15,28,23
random,70,196,0.0004689727891156442,0.9930069930069931,0.9696969696969696,0.002092147345049131,0.9551490237526294,2,20,28,20
random,70,197,0.00013006122448979486,0.9930069930069931,0.9696969696969696,0.0036941684840832555,0.9854285381336577,2,15,33,20
random,70,198,0.0002303333333333336,0.9930069930069931,0.9696969696969696,0.001087032693587077,0.9489838413188525,5,15,28,22
random,70,199,0.0010229863945578233,0.9860139860139862,0.9393939393939392,0.015057069113756618,0.899810236687177,1,14,30,25
random,75,0,0.00043611111111111145,0.9930069930069931,0.9696969696969696,0.0011992283466770732,0.9864104151365574,5,19,28,23
random,75,1,0.0005327037037037049,0.9930069930069931,0.9696969696969696,0.010458012682994004,0.9545917504934763,2,21,29,23
random,75,2,0.0005682592592592596,1.0,0.9999999999999998,0.0011196910138380441,0.9960552943918601,5,17,30,23
random,75,3,0.00027611111111111147,0.9930069930069931,0.9696969696969696,0.0010877098536435316,0.991212956154289,5,21,29,20
random,75,4,0.0002835185185185194,0.9930069930069931,0.9696969696969696,0.0023045007499182353,0.9691783373564405,3,19,29,24
random,75,5,0.00039877777777777844,1.0,0.9999999999999998,0.00319793092686421,0.9903592183574017,4,16,34,21
random,75,6,0.00035433333333333286,0.9930069930069931,0.9696969696969696,0.0010453375970777953,0.9758160291989549,5,14,31,25
random,75,7,6.129629629629643e-05,0.9982502173821435,0.9923953268977463,0.0005217517794154691,0.9886172116659966,6,18,30,21
random,75,8,0.0013969999999999983,0.9930069930069931,0.9696969696969696,0.0024422301533995744,0.9736875098980923,5,16,31,23
random,75,9,0.00016055555555555493,0.9860139860139862,0.9393939393939392,0.0010551813372726762,0.9907708573066281,4,19,29,23
random,75,10,0.0007501851851851866,1.0,0.9999999999999998,0.006014812246603114,0.9868249760544944,3,16,30,26
random,75,11,0.0006390740740740739,1.0,0.9999999999999998,0.0010493598800755278,0.9807059750167952,5,16,29,25
random,75,12,0.00014692592592592635,0.9930069930069931,0.9696969696969696,0.0009991608796296294,0.969593120725899,5,16,30,24
random,75,13,0.0009516666666666662,0.9930069930069931,0.9696969696969696,0.002967188262877719,0.9748475129283967,5,17,29,24
random,75,14,0.0008615925925925909,0.9930069930069931,0.9696969696969696,0.007013324652777777,0.9683860959668282,4,15,32,24
random,75,15,0.00017151851851851887,0.9930069930069931,0.9696969696969696,0.0020436643016581617,0.9886114033743837,4,18,32,21
random,75,16,0.00030396296296296166,1.0,0.9999999999999998,0.0016589983926619408,0.9925634131358684,5,18,33,19
random,75,17,0.0001792222222222224,1.0,0.9999999999999998,0.001462117483996343,0.9969371096148281,5,18,27,25
random,75,18,0.00037003703703703694,0.9860139860139862,0.9393939393939392,0.001807910104926429,0.9849686807307809,3,23,27,22
random,75,19,0.0005140370370370378,0.9930069930069931,0.9696969696969696,0.0008615475816928697,0.9863503191237462,6,20,29,20
random,75,20,0.00015107407407407317,0.9930069930069931,0.9696969696969696,0.0006447467099192406,0.9846330264715872,4,19,26,26
random,75,21,0.00023966666666666638,0.9930069930069931,0.9696969696969696,0.0007434369472164001,0.9842024885904084,4,20,28,23
random,75,22,0.0002710740740740736,0.9930069930069931,0.9696969696969696,0.0022379013283091017,0.9658117290191701,6,19,27,23
random,75,23,0.00010811111111111111,1.0,0.9999999999999998,0.0012747785208047557,0.9824413879188489,4,20,27,24
random,75,24,5.2703703703703815e-05,1.0,0.9999999999999998,0.003402381607019223,0.9453389538096244,4,18,30,23
random,75,25,0.00021418518518518631,0.9930069930069931,0.9696969696969696,0.0008932067954592302,0.9850547092676704,4,21,28,22
random,75,26,0.00048529629629629704,1.0,0.9999999999999998,0.0015003035516270894,0.9016170112187352,6,13,31,25
random,75,27,0.00025833333333333367,0.9930069930069931,0.9696969696969696,0.0009373093268650196,0.9859752340289036,6,20,31,18
random,75,28,0.00030988888888888814,0.9930069930069931,0.9696969696969696,0.0015536911434363362,0.9688868297024414,4,20,25,26
random,75,29,0.00042188888888888924,0.9860139860139862,0.9393939393939392,0.0029557673020597116,0.9864003681081784,6,16,28,25
random,75,30,0.0009427777777777769,0.9930069930069931,0.9696969696969696,0.0012592621170553278,0.9920972254325137,4,24,27,20
random,75,31,0.0013821851851851831,1.0,0.9999999999999998,0.0022657369489844084,0.9934248471813352,5,17,30,23
random,75,32,0.00013151851851851874,1.0,0.9999999999999998,0.0013241647522051537,0.9810645778500173,4,19,31,21
random,75,33,0.00036292592592592626,0.9930069930069931,0.9696969696969696,0.0011725457611000435,0.9701992288284841,6,17,30,22
random,75,34,0.00045388888888888763,0.9930069930069931,0.9696969696969696,0.0027416819655765754,0.9827207194784914,2,21,33,19
random,75,35,0.0005824814814814828,1.0,0.9999999999999998,0.004568969768564092,0.9973706793554042,4,19,30,22
random,75,36,0.0014304814814814772,0.9790209790209792,0.909090909090909,0.001893038492636665,0.9868473752292231,5,18,33,19
random,75,37,0.00026988888888888955,0.9930069930069931,0.9696969696969696,0.002185188533057851,0.9907300134211856,5,18,30,22
random,75,38,0.0008601111111111122,0.9930069930069931,0.9696969696969696,0.002029727712410637,0.9784916550259443,5,18,29,23
random,75,39,0.00046662962962962907,0.9930069930069931,0.9696969696969696,0.0012062194830410643,0.9858791252736556,4,20,28,23
random,75,40,0.00016974074074074005,1.0,0.9999999999999998,0.0011590077003023431,0.994731339057134,6,21,28,20
random,75,41,0.00021774074074074016,0.99124495269876,0.9618600860701234,0.0006000530478395059,0.9873155934685189,5,16,27,27
random,75,42,0.00023018518518518505,0.9860139860139862,0.9393939393939392,0.0013881365740740742,0.9907593419215102,5,20,30,20
random,75,43,0.0017175925925925933,0.9860139860139862,0.9393939393939392,0.004917145201054277,0.9789472196746452,5,17,28,25
random,75,44,0.0004980370370370387,0.9860139860139862,0.9393939393939392,0.0017066521040094967,0.9670797245857097,5,17,32,21
random,75,45,5.388888888888907e-05,1.0,0.9999999999999998,0.0010217296897779243,0.9846493579659858,5,19,27,24
random,75,46,0.0003472222222222215,0.99124495269876,0.9618600860701234,0.0009337330169843676,0.9837279886023947,5,18,29,23
random,75,47,0.00040707407407407185,0.99124495269876,0.9618600860701234,0.0017429752066115702,0.9524398139673957,4,16,33,22
random,75,48,0.0006755185185185197,0.9930069930069931,0.9696969696969696,0.0014808127867942085,0.98021742416158,4,18,27,26
random,75,49,0.00039137037037037173,0.9930069930069931,0.9696969696969696,0.002131897971277418,0.9828496216382694,4,15,29,27
random,75,50,0.0015030740740740766,0.9860139860139862,0.9393939393939392,0.006915406178883936,0.9613052207188555,2,17,30,26
random,75,51,0.0001184814814814822,0.9860139860139862,0.9393939393939392,0.0004841447649193225,0.9934236747909437,6,19,26,24
random,75,52,0.00018248148148148109,1.0,0.9999999999999998,0.0014184298029593823,0.9842220373715166,5,18,29,23
random,75,53,0.00026307407407407405,0.9930069930069931,0.9696969696969696,0.0016773389647860948,0.9943147346781865,5,17,30,23
random,75,54,0.0002159629629629636,0.99124495269876,0.9618600860701234,0.000818117509482208,0.9890092313617643,5,19,29,22
random,75,55,0.0006364074074074032,0.9982502173821435,0.9923953268977463,0.0011868524129774157,0.9618217991044558,4,19,31,21
random,75,56,0.0001552222222222223,0.9930069930069931,0.9696969696969696,0.0021477369451425627,0.9806873102654317,4,17,28,26
random,75,57,0.0005795185185185197,0.9930069930069931,0.9696969696969696,0.002214174027955159,0.9881386850534103,4,18,29,24
random,75,58,0.00011255555555555456,1.0,0.9999999999999998,0.0012450747503045066,0.9736770475606102,5,19,29,22
random,75,59,7.285185185185185e-05,1.0,0.9999999999999998,0.004437389664102525,0.9784802717355375,4,18,32,21
random,75,60,0.0007389259259259281,1.0,0.9999999999999998,0.0014568062370266185,0.9986853613630797,6,19,28,22
random,75,61,0.0008473703703703703,0.9930069930069931,0.9696969696969696,0.003218545986625147,0.9763177486698286,3,18,31,23
random,75,62,0.0005264814814814805,0.9930069930069931,0.9696969696969696,0.0015349528971085752,0.9942892520622376,4,19,27,25
random,75,63,0.0005644074074074072,0.9930069930069931,0.9696969696969696,0.00334431812804846,0.9791323753069319,3,22,26,24
random,75,64,0.00014692592592592538,0.9930069930069931,0.9696969696969696,0.002548629750305297,0.9813456241146832,3,17,33,22
random,75,65,0.00019344444444444517,0.9930069930069931,0.9696969696969696,0.0011685758227763096,0.9784726804738098,5,20,28,22
random,75,66,0.0002109259259259242,1.0,0.9999999999999998,0.0024860038716142266,0.9862579249287735,5,18,31,21
random,75,67,0.000769740740740742,0.9930069930069931,0.9696969696969696,0.001826143932282059,0.9749552960287671,5,17,29,24
random,75,68,0.00037211111111111315,1.0,0.9999999999999998,0.0021178445042951016,0.9903240013790677,3,21,28,23
random,75,69,0.0010014444444444426,0.9930069930069931,0.9696969696969696,0.0016517313329721302,0.9890715076090419,6,19,27,23
random,75,70,0.0004769999999999987,0.9930069930069931,0.9696969696969696,0.0013032545855533484,0.9855031024393286,5,17,30,23
random,75,71,0.0008847037037037057,0.9860139860139862,0.9393939393939392,0.0031587793530996307,0.9938464011636221,3,18,29,25
random,75,72,0.00013655555555555404,0.9930069930069931,0.9696969696969696,0.0010281437069521735,0.9609718340939111,4,17,29,25
random,75,73,0.000593444444444446,0.9930069930069931,0.9696969696969696,0.0012128063291288727,0.9785266758583988,6,16,32,21
random,75,74,0.0005943333333333335,1.0,0.9999999999999998,0.0034521869910292915,0.9859552065370601,4,19,32,20
random,75,75,7.433333333333352e-05,0.9982502173821435,0.9923953268977463,0.001106173668947952,0.9873140639429581,6,19,31,19
random,75,76,0.0006633703703703693,0.9860139860139862,0.9393939393939392,0.0016316800364071945,0.9452663288042413,4,17,31,23
random,75,77,0.0008929999999999998,0.9790209790209792,0.9393939393939392,0.0015791679426219699,0.987202928418646,3,18,31,23
random,75,78,0.0008589259259259232,1.0,0.9999999999999998,0.0026999048601819933,0.9885122687887222,4,19,28,24
random,75,79,0.0001587777777777784,1.0,0.9999999999999998,0.0018181209490740731,0.9145136690443345,4,16,30,25
random,75,80,0.0006512222222222239,0.9860139860139862,0.9393939393939392,0.0017194734671562412,0.9811257434965993,4,21,31,19
random,75,81,0.0008408518518518535,1.0,0.9999999999999998,0.005660112966789102,0.9727520882899567,4,16,33,22
random,75,82,0.00014396296296296222,0.9930069930069931,0.9696969696969696,0.0013563050502980506,0.9775748846912614,5,19,30,21
random,75,83,0.00019907407407407298,0.9930069930069931,0.9696969696969696,0.001141898747835055,0.9789291953487813,5,19,31,20
random,75,84,0.0008248518518518523,0.9982502173821435,0.9923953268977463,0.002966486247276688,0.9710205391942716,4,17,30,24
random,75,85,0.0013584814814814816,0.9790209790209792,0.9393939393939392,0.0021754370125380814,0.9728080682833822,5,17,27,26
random,75,86,0.0013673703703703712,0.9930069930069931,0.9696969696969696,0.0019435640887002917,0.982851290208152,5,15,32,23
random,75,87,0.0005667777777777777,0.9860139860139862,0.9393939393939392,0.001601571028061577,0.9876827608641239,4,20,29,22
random,75,88,0.00065122222222222,1.0,0.9999999999999998,0.0027621393737806126,0.9886007118589005,5,18,29,23
random,75,89,0.00011729629629629589,0.9930069930069931,0.9696969696969696,0.005840668669209981,0.9661171734710077,2,17,31,25
random,75,90,9.388888888888938e-05,1.0,0.9999999999999998,0.0007274944758410161,0.9868692858427923,5,19,31,20
random,75,91,0.00015759259259259223,0.99124495269876,0.9618600860701234,0.0010063469771672032,0.9727551796549572,4,19,29,23
random,75,92,0.0001045555555555564,0.9930069930069931,0.9696969696969696,0.0009707264540211587,0.9824335816615387,5,16,31,23
random,75,93,0.0002663333333333329,1.0,0.9999999999999998,0.002533179012345681,0.9775459777296113,3,18,30,24
random,75,94,0.00017803703703703536,1.0,0.9999999999999998,0.0009909778843791117,0.9889945808084264,5,19,27,24
random,75,95,0.0003922592592592617,0.9860139860139862,0.9393939393939392,0.0029769449554836254,0.9789381986501077,3,18,29,25
random,75,96,0.00019848148148148196,0.9930069930069931,0.9696969696969696,0.006911666092319282,0.9656870236129125,3,20,29,23
random,75,97,0.0002278148148148152,1.0,0.9999999999999998,0.0032025602922931646,0.9644441241155464,4,19,27,25
random,75,98,0.00012203703703703784,0.9930069930069931,0.9696969696969696,0.0020216990180058946,0.985930568528432,3,17,30,25
random,75,99,0.0003060370370370375,0.9930069930069931,0.9696969696969696,0.001101488327027164,0.9863772825256952,5,18,29,23
random,75,100,0.00031077777777777755,0.9930069930069931,0.9696969696969696,0.0013983375387882843,0.943479657021606,5,18,29,23
random,75,101,0.00023166666666666802,0.9930069930069931,0.9696969696969696,0.002470613585483392,0.9934344068746322,4,19,31,21
random,75,102,0.0003232222222222202,0.9930069930069931,0.9696969696969696,0.0016047328162175918,0.9868470070304249,5,18,29,23
random,75,103,6.218518518518529e-05,1.0,0.9999999999999998,0.0012435636527618112,0.9921274603576327,4,19,28,24
random,75,104,0.0003119629629629641,0.9860139860139862,0.9393939393939392,0.0009464699074074077,0.9846771336698407,5,20,25,25
random,75,105,0.0004115185185185201,0.9860139860139862,0.9393939393939392,0.0036103129288178413,0.9801061226648018,4,19,32,20
random,75,106,0.001034333333333332,1.0,0.9999999999999998,0.0014041028121600833,0.9789696237560122,6,17,30,22
random,75,107,0.0008411481481481459,0.9930069930069931,0.9696969696969696,0.000870140342007576,0.9820577757635162,5,22,27,21
random,75,108,0.0001365555555555551,1.0,0.9999999999999998,0.0016455306958962994,0.9527803527223848,5,19,27,24
random,75,109,0.00025211111111111197,0.9982502173821435,0.9923953268977463,0.0025368972990615487,0.9894882176680428,4,16,31,24
random,75,110,0.0007472222222222251,1.0,0.9999999999999998,0.0038620089968131608,0.97849101601477,4,19,26,26
random,75,111,0.00010455555555555523,1.0,0.9999999999999998,0.001339824678565231,0.9829047130007992,5,19,27,24
random,75,112,0.0005229259259259259,0.9860139860139862,0.9393939393939392,0.0018527868258184825,0.9762365753357085,2,21,30,22
random,75,113,0.0006737407407407438,0.9930069930069931,0.9696969696969696,0.0014117993537274293,0.9921136677702229,5,19,32,19
random,75,114,0.000970333333333334,1.0,0.9999999999999998,0.001933198113523942,0.9872929701877071,6,20,27,22
random,75,115,0.0004618888888888889,0.9930069930069931,0.9696969696969696,0.0032218039351905236,0.9876820596898302,3,19,29,24
random,75,116,0.0005430740740740757,1.0,0.9999999999999998,0.0007100652874046067,0.9908040545340041,6,16,30,23
random,75,117,0.00035996296296296443,0.99124495269876,0.9618600860701234,0.0013997742131959213,0.9876612815825085,5,17,29,24
random,75,118,0.00022070370370370297,0.9930069930069931,0.9696969696969696,0.0016705525386629008,0.9555515109514654,4,18,30,23
random,75,119,0.00023551851851851902,0.9930069930069931,0.9696969696969696,0.0010866955723261526,0.9903115985232256,5,14,32,24
random,75,120,0.00041714814814814853,0.9930069930069931,0.9696969696969696,0.002834724476313298,0.9872326069593784,4,17,31,23
random,75,121,0.00011848148148148107,1.0,0.9999999999999998,0.0016330959467120178,0.9863637881805936,5,21,28,21
random,75,122,0.0003424814814814837,0.9860139860139862,0.9393939393939392,0.0007997265374942847,0.9806966623659874,5,18,27,25
random,75,123,7.640740740740707e-05,0.99124495269876,0.9618600860701234,0.0008441330429159034,0.98017739321225,6,19,28,22
random,75,124,0.0001955185185185191,0.9930069930069931,0.9696969696969696,0.0025847987024798322,0.9798032595765709,5,19,34,17
random,75,125,0.0002186296296296287,1.0,0.9999999999999998,0.0013180851184668644,0.9925456825366124,5,16,32,22
random,75,126,0.00016233333333333337,0.9930069930069931,0.9696969696969696,0.002026345635784323,0.9723491248690714,4,19,28,24
random,75,127,0.0006977407407407397,1.0,0.9999999999999998,0.0013080293046468477,0.9789172237917789,5,16,32,22
random,75,128,0.0001184814814814815,0.9930069930069931,0.9696969696969696,0.0009065114395005178,0.9881589454763646,5,18,31,21
random,75,129,0.000564407407407406,0.9860139860139862,0.9393939393939392,0.002704922660955723,0.9767831595768017,6,20,32,17
random,75,130,0.00023314814814814772,1.0,0.9999999999999998,0.0002975909824063061,0.9920857993807782,6,20,29,20
random,75,131,0.0006100370370370397,0.9930069930069931,0.9696969696969696,0.001791715736579335,0.9695777653422313,5,21,30,19
random,75,132,0.0019999629629629677,0.9930069930069931,0.9696969696969696,0.0031209564374504177,0.9652701261573824,3,17,31,24
random,75,133,9.714814814814738e-05,1.0,0.9999999999999998,0.0013581175697302236,0.9934210087893454,4,20,27,24
random,75,134,0.00013448148148148187,0.9860139860139862,0.9393939393939392,0.0024445520833333333,0.969729073091847,4,16,30,25
random,75,135,0.00020470370370370437,1.0,0.9999999999999998,0.001950877864318862,0.9845951066896793,3,18,31,23
random,75,136,0.0001398148148148139,1.0,0.9999999999999998,0.0013542512288523094,0.9770418073884246,5,18,27,25
random,75,137,0.00010544444444444429,0.9930069930069931,0.9696969696969696,0.000931834689562278,0.9758089024561281,3,19,30,23
random,75,138,0.0004248518518518511,0.9860139860139862,0.9393939393939392,0.0021097862152732296,0.968700766570178,5,17,34,19
random,75,139,0.00015285185185185085,0.9930069930069931,0.9696969696969696,0.0013070192243402503,0.9789657710710342,6,17,31,21
random,75,140,0.00022751851851851782,0.9930069930069931,0.9696969696969696,0.0014535170948875291,0.9842086228070689,4,18,29,24
random,75,141,0.00028914814814814813,0.9860139860139862,0.9393939393939392,0.0010019893924004784,0.9855052008748948,4,18,32,21
random,75,142,0.00023107407407407335,0.9982502173821435,0.9923953268977463,0.0020097551716386124,0.9929846577166374,5,20,29,21
random,75,143,0.00019374074074074223,1.0,0.9999999999999998,0.0026242246571831335,0.9855075229773017,4,17,30,24
random,75,144,0.00033181481481481457,0.9930069930069931,0.9696969696969696,0.0037955573729721473,0.9802087246686209,4,19,30,22
random,75,145,0.000181592592592593,1.0,0.9999999999999998,0.0008699298469387754,0.9767289117807055,4,20,30,21
random,75,146,0.00013537037037037052,1.0,0.9999999999999998,0.0014526216757103398,0.9837279886023949,5,17,29,24
random,75,147,0.00028174074074074104,1.0,0.9999999999999998,0.0021332341475897567,0.9824071252821246,3,21,33,18
random,75,148,0.0007655925925925938,0.9930069930069931,0.9696969696969696,0.003445617346051206,0.9810538105672092,4,17,33,21
random,75,149,0.000299814814814815,0.9930069930069931,0.9696969696969696,0.0003964021909694216,0.9846582452051149,6,17,29,23
random,75,150,0.00014722222222222312,0.9930069930069931,0.9696969696969696,0.0008890291555942364,0.9855382055339978,5,19,29,22
random,75,151,0.00018633333333333414,0.9930069930069931,0.9696969696969696,0.0018651579516121787,0.9802583471945734,4,19,26,26
random,75,152,0.00035848148148148084,0.9930069930069931,0.9696969696969696,0.0005401880196523052,0.9899395086736661,5,21,24,25
random,75,153,0.00015699999999999983,1.0,0.9999999999999998,0.0009218203386593811,0.9868274245225992,5,18,29,23
random,75,154,0.00044855555555555474,1.0,0.9999999999999998,0.0010240578617810752,0.979368530996864,4,22,28,21
random,75,155,0.00022751851851851798,0.9930069930069931,0.9696969696969696,0.0023045027085574973,0.9907566269136958,4,19,30,22
random,75,156,0.00019611111111111194,1.0,0.9999999999999998,0.0023643373842592596,0.9907765664539656,3,20,32,20
random,75,157,0.00010485185185185228,0.9930069930069931,0.9696969696969696,0.0009978294886687734,0.9797636465165713,5,18,31,21
random,75,158,0.0004882592592592596,1.0,0.9999999999999998,0.002979414492957309,0.9811432715601726,5,20,29,21
random,75,159,0.0002230740740740738,0.9930069930069931,0.9696969696969696,0.0007864406179138319,0.9771674438839553,5,21,28,21
random,75,160,0.0006227777777777784,0.9860139860139862,0.9393939393939392,0.0015890362360318085,0.9778748658548877,5,19,30,21
random,75,161,9.862962962962934e-05,1.0,0.9999999999999998,0.0007175791075982719,0.9872436722683191,5,19,26,25
random,75,162,0.0006085555555555554,0.9930069930069931,0.9696969696969696,0.0019871100040257652,0.9841323200345508,4,23,28,20
random,75,163,0.0007872222222222246,1.0,0.9999999999999998,0.002232965275369021,0.9837118026354679,5,15,31,24
random,75,164,0.00014781481481481438,1.0,0.9999999999999998,0.0004623695089545905,0.9767727886148939,6,17,29,23
random,75,165,0.00039492592592592666,1.0,0.9999999999999998,0.0008393938611991898,0.9816015760207054,6,16,29,24
random,75,166,0.0006832222222222189,0.9930069930069931,0.9696969696969696,0.002032565304285295,0.983322046233215,4,18,32,21
random,75,167,0.0007738888888888869,1.0,0.9999999999999998,0.001149557083042609,0.9925511447025473,6,17,27,25
random,75,168,0.00017981481481481426,0.9982502173821435,0.9923953268977463,0.0014964380364486426,0.9934298305612319,5,18,33,19
random,75,169,0.00019374074074074017,0.9930069930069931,0.9696969696969696,0.0008979045214581402,0.9872052591018193,6,16,29,24
random,75,170,0.00013655555555555488,1.0,0.9999999999999998,0.0008096192383203283,0.9921321016980648,5,17,32,21
random,75,171,0.00028914814814814987,0.9982502173821435,0.9923953268977463,0.0012836156696824311,0.9512950884471543,4,16,31,24
random,75,172,0.0003250000000000013,0.9930069930069931,0.9696969696969696,0.0030599966272203257,0.9921051331038313,3,19,33,20
random,75,173,0.0005149259259259265,0.99124495269876,0.9618600860701234,0.0015081923506955063,0.9767228259980119,4,18,33,20
random,75,174,0.0002903333333333334,1.0,0.9999999999999998,0.0015299767665431512,0.9872657724347503,4,21,31,19
random,75,175,0.0001673703703703698,0.9930069930069931,0.9696969696969696,0.0008021593179676872,0.9947437390082946,6,18,29,22
random,75,176,0.000815962962962961,0.9930069930069931,0.9696969696969696,0.0014326970762837793,0.9837592712290499,4,20,28,23
random,75,177,0.0009187777777777785,0.9860139860139862,0.9393939393939392,0.0024150891441091066,0.9496158963224524,4,17,29,25
random,75,178,0.00023166666666666705,1.0,0.9999999999999998,0.001961656248243098,0.991665425131562,4,21,28,22
random,75,179,0.0004106296296296287,0.9930069930069931,0.9696969696969696,0.001472002724237843,0.9837822900435247,4,18,28,25
random,75,180,0.00012233333333333361,0.9982502173821435,0.9923953268977463,0.0019790302356404816,0.9960452491081216,5,18,29,23
random,75,181,0.0005795185185185182,0.9930069930069931,0.9696969696969696,0.001457681559874636,0.9846886245837225,6,19,28,22
random,75,182,0.0004986296296296313,0.99124495269876,0.9618600860701234,0.0022068255903612867,0.9859902374097278,6,16,31,22
random,75,183,0.00019196296296296257,1.0,0.9999999999999998,0.0012393503017526445,0.986001652476227,6,16,32,21
random,75,184,0.00014366666666666727,0.9930069930069931,0.9696969696969696,0.002708044534422369,0.9766691813223547,4,17,33,21
random,75,185,0.00043759259259259267,0.9930069930069931,0.9696969696969696,0.002533231850575898,0.9635108741251617,3,14,31,27
random,75,186,0.0002654444444444435,0.9860139860139862,0.9393939393939392,0.001688230700878364,0.9406048307724504,4,17,33,21
random,75,187,0.0006091481481481497,1.0,0.9999999999999998,0.0027361773724274615,0.9881526975360354,5,19,31,20
random,75,188,0.00031374074074074133,1.0,0.9999999999999998,0.0012815177531077067,0.9684416676007915,5,19,30,21
random,75,189,0.0006918148148148148,0.9860139860139862,0.9393939393939392,0.0103917336911445,0.983285726388608,3,17,31,24
random,75,190,0.00018159259259259205,0.9930069930069931,0.9696969696969696,0.0010937328766467114,0.9951723370838061,6,20,26,23
random,75,191,0.0002358148148148163,0.9930069930069931,0.9696969696969696,0.0007783642541984116,0.9824937339132243,6,17,28,24
random,75,192,0.0006669259259259262,0.9930069930069931,0.9696969696969696,0.0025925090020576143,0.9832905410489065,3,18,30,24
random,75,193,0.00047107407407407514,0.9930069930069931,0.9696969696969696,0.0037062918435280447,0.9890422075710431,4,21,28,22
random,75,194,0.00034248148148148175,0.9860139860139862,0.9393939393939392,0.007876999742798353,0.9678541503390605,3,18,30,24
random,75,195,0.0003635185185185174,1.0,0.9999999999999998,0.0007003146801579971,0.9956263035210404,6,20,30,19
random,75,196,4.4407407407407076e-05,0.9860139860139862,0.9393939393939392,0.0015362847222222219,0.9886017599835792,5,20,30,20
random,75,197,0.00019581481481481544,0.9930069930069931,0.9696969696969696,0.0018021105138283351,0.9731360967596617,2,20,29,24
random,75,198,0.00026396296296296216,0.9930069930069931,0.9696969696969696,0.0013280363811283412,0.991669310379659,5,18,34,18
random,75,199,0.00017596296296296208,0.9982502173821435,0.9923953268977463,0.0025768289330735266,0.9770597835452024,3,17,33,22
random,80,0,0.00044502083333333416,0.9930069930069931,0.9696969696969696,0.0016796584932992813,0.9784809176963529,5,17,30,28
random,80,1,0.00032970833333333143,0.9860139860139862,0.9393939393939392,0.0010918846015208826,0.9815472745795756,5,19,33,23
random,80,2,0.00025950000000000045,1.0,0.9999999999999998,0.0007086012217502501,0.9929504514453684,5,21,31,23
random,80,3,9.449999999999984e-05,1.0,0.9999999999999998,0.0018616867658593503,0.989475917093043,6,20,32,22
random,80,4,0.00046762499999999967,0.9930069930069931,0.9696969696969696,0.0006591556235887798,0.9850964980496832,6,19,33,22
random,80,5,0.00010460416666666717,1.0,0.9999999999999998,0.0014164051258725924,0.9837385833460167,4,16,38,22
random,80,6,0.0001992916666666663,0.9930069930069931,0.9696969696969696,0.0006352076637588001,0.9890534903692799,6,22,30,22
random,80,7,6.845833333333348e-05,0.9930069930069931,0.9696969696969696,0.0004542520374819449,0.9890477320623772,5,21,31,23
random,80,8,0.0004138749999999995,0.9720279720279721,0.909090909090909,0.0010277860449735446,0.9679357430568118,6,16,30,28
random,80,9,0.00020054166666666763,1.0,0.9999999999999998,0.0011181240670536143,0.9964927616196204,6,18,29,27
random,80,10,0.00029470833333333454,0.9930069930069931,0.9696969696969696,0.0009488758587559086,0.9837341228190555,5,18,33,24
random,80,11,0.0003822083333333353,0.9860139860139862,0.9393939393939392,0.0019294705245517735,0.9824629573612078,5,19,35,21
random,80,12,0.00011939583333333236,0.9930069930069931,0.9696969696969696,0.0010617769713084071,0.9850877192982457,6,20,29,25
random,80,13,0.00019897916666666813,1.0,0.9999999999999998,0.0017855132572842925,0.9943043236383222,4,19,32,25
random,80,14,0.0003125208333333325,1.0,0.9999999999999998,0.0002909852535255633,0.993861171872608,6,20,31,23
random,80,15,0.0003561666666666646,1.0,0.9999999999999998,0.0012290332105064253,0.9881655301040158,5,21,30,24
random,80,16,0.00016095833333333432,0.9860139860139862,0.9393939393939392,0.0022516770672223177,0.9908074326183635,4,20,33,23
random,80,17,0.001062520833333334,1.0,0.9999999999999998,0.0025764553268631868,0.9845806455762108,4,19,34,23
random,80,18,5.137499999999989e-05,1.0,0.9999999999999998,0.000954757753988406,0.9951873283410153,5,19,32,24
random,80,19,0.0006984583333333348,1.0,0.9999999999999998,0.0009162461586259629,0.9833456017666546,6,18,29,27
random,80,20,0.00027887499999999847,1.0,0.9999999999999998,0.0011096860113258668,0.9793508084973387,5,15,34,26
random,80,21,9.377083333333313e-05,1.0,0.9999999999999998,0.0013645400083689223,0.9894512851359523,5,18,35,22
random,80,22,0.0002137708333333337,1.0,0.9999999999999998,0.0018668599238896712,0.9832582377667036,4,18,34,24
random,80,23,0.0009777291666666678,0.9930069930069931,0.9696969696969696,0.0020164914316421006,0.9832538093301371,4,16,32,28
random,80,24,9.189583333333299e-05,1.0,0.9999999999999998,0.0007752407169466009,0.9934287203976845,6,19,33,22
random,80,25,0.00011043749999999882,1.0,0.9999999999999998,0.0006907107660557326,0.9951857934439821,6,22,28,24
random,80,26,0.000250020833333333,1.0,0.9999999999999998,0.0008450266472968252,0.987232511688098,5,16,31,28
random,80,27,8.79374999999999e-05,1.0,0.9999999999999998,0.0006499185786776227,0.996498134434803,6,17,33,24
random,80,28,0.00023022916666666642,1.0,0.9999999999999998,0.0009229245538105626,0.9969359587780642,5,21,32,22
random,80,29,5.762499999999989e-05,0.9930069930069931,0.9696969696969696,0.0008350859300331713,0.970183073963665,5,21,33,21
random,80,30,0.00010804166666666665,0.9930069930069931,0.9696969696969696,0.0007384189276031807,0.9850596926475671,4,21,33,22
random,80,31,0.00013231250000000032,0.9982502173821435,0.9923953268977463,0.0008140184242144959,0.9754320721123773,4,16,34,26
random,80,32,0.0003820000000000006,0.9982502173821435,0.9923953268977463,0.002318571768525726,0.982444253720905,3,20,34,23
random,80,33,0.0003543958333333333,0.9860139860139862,0.9393939393939392,0.0012144859893544753,0.9450924657385805,5,17,35,23
random,80,34,6.36666666666665e-05,1.0,0.9999999999999998,0.0008272637930089856,0.9873002552411315,4,20,30,26
random,80,35,0.00031377083333333197,1.0,0.9999999999999998,0.0008238662131519268,0.98286728468409,5,21,30,24
random,80,36,0.00046897916666666594,0.9930069930069931,0.9696969696969696,0.003062179395862289,0.9850959004517794,3,21,31,25
random,80,37,0.0005347083333333342,0.9930069930069931,0.9696969696969696,0.0013147227687757199,0.9947406420264917,5,18,32,25
random,80,38,0.00012054166666666702,1.0,0.9999999999999998,0.0018081484446033126,0.9775336611823051,3,17,34,26
random,80,39,0.00013512499999999845,0.9930069930069931,0.9696969696969696,0.0008829858699845681,0.9824538006839729,5,18,32,25
random,80,40,0.00018252083333333293,0.9930069930069931,0.9696969696969696,0.0022004846408920056,0.9811874513690877,4,22,31,23
random,80,41,0.0005014791666666682,0.9860139860139862,0.9393939393939392,0.0008659613715277766,0.9784811186177598,4,20,32,24
random,80,42,0.00021793749999999908,0.9860139860139862,0.9393939393939392,0.0011298025770225446,0.9732538860438162,5,21,33,21
random,80,43,0.0003255416666666669,0.9930069930069931,0.9696969696969696,0.0028666544119281697,0.9843771305516871,3,17,35,25
random,80,44,0.0005597083333333351,0.9860139860139862,0.9393939393939392,0.001322273061993407,0.951890567372856,6,19,31,24
random,80,45,8.481249999999955e-05,0.99124495269876,0.9618600860701234,0.0006150200934583541,0.9829281151450944,5,21,32,22
random,80,46,0.00011189583333333357,0.9930069930069931,0.9696969696969696,0.0009945491850321406,0.9899410381992269,5,20,33,22
random,80,47,0.00031179166666666665,0.9860139860139862,0.9393939393939392,0.0011404077486334007,0.9666850693166483,6,19,33,22
random,80,48,7.81458333333328e-05,0.9860139860139862,0.9393939393939392,0.0005121273148148144,0.9881912095331372,5,20,30,25
random,80,49,0.0003018958333333346,0.9930069930069931,0.9696969696969696,0.0007146561828303891,0.9903631456263036,5,19,34,22
random,80,50,0.00017231250000000024,0.9860139860139862,0.9393939393939392,0.0007690230907560457,0.9885844321798334,5,20,33,22
random,80,51,0.00025991666666666616,0.9930069930069931,0.9696969696969696,0.0006112658257747541,0.9938611502733201,5,21,30,24
random,80,52,0.00014866666666666576,1.0,0.9999999999999998,0.0010286327420030057,0.9837854271215334,5,22,30,23
random,80,53,0.00023387500000000066,0.9930069930069931,0.9696969696969696,0.0006475131286154553,0.9912200324500575,4,22,31,23
random,80,54,0.0002975208333333319,1.0,0.9999999999999998,0.0007758792305236271,0.9908078763341922,6,20,29,25
random,80,55,0.00019543749999999932,0.9930069930069931,0.9696969696969696,0.0007589439763516977,0.9693235707430612,6,19,30,25
random,80,56,0.000188041666666667,1.0,0.9999999999999998,0.0008707905028897153,0.9894327896375208,3,19,32,26
random,80,57,0.0004162708333333355,0.9930069930069931,0.9696969696969696,0.0017974625039072162,0.9956101024473452,4,21,29,26
random,80,58,0.0005777291666666675,1.0,0.9999999999999998,0.001872301931903962,0.9797645987515837,4,18,32,26
random,80,59,0.0006608541666666654,1.0,0.9999999999999998,0.0012042916505915647,0.985117643746899,6,18,32,24
random,80,60,0.0002565833333333338,1.0,0.9999999999999998,0.001092672082305013,0.9924960858838235,5,20,32,23
random,80,61,0.0006840833333333363,0.9860139860139862,0.9393939393939392,0.0025890842013888884,0.9838006101194202,4,20,32,24
random,80,62,0.0009032499999999982,1.0,0.9999999999999998,0.0021791271735136465,0.9855166208454761,5,16,33,26
random,80,63,5.7520833333333015e-05,1.0,0.9999999999999998,0.00019451583640707,1.0,6,20,31,23
random,80,64,0.0005528333333333326,1.0,0.9999999999999998,0.0009008603117699099,0.9899410381992269,5,21,32,22
random,80,65,0.00027043750000000077,0.9860139860139862,0.9393939393939392,0.0008287291666666664,0.9754641840973927,5,20,30,25
random,80,66,0.00014272916666666568,0.9930069930069931,0.9696969696969696,0.002313100732065227,0.9788718071737899,3,20,31,26
random,80,67,0.0003830416666666669,0.9930069930069931,0.9696969696969696,0.0013346544700311518,0.9850393662227785,5,17,35,23
random,80,68,0.0003863750000000006,0.9860139860139862,0.9393939393939392,0.0006372591968612259,0.9829281151450944,6,18,30,26
random,80,69,0.00036866666666666564,1.0,0.9999999999999998,0.0020624247167137385,0.9863719387835763,4,20,33,23
random,80,70,0.00020304166666666756,1.0,0.9999999999999998,0.0017671751304953345,0.9608804068557288,5,18,34,23
random,80,71,0.00030741666666666537,1.0,0.9999999999999998,0.0005668983634700528,0.9921198440076883,5,19,30,26
random,80,72,0.0001748124999999991,1.0,0.9999999999999998,0.00043882335634841976,0.9925499938657834,6,21,30,23
random,80,73,0.00016449999999999974,1.0,0.9999999999999998,0.0008454861111111114,0.9916708347059477,6,20,30,24
random,80,74,8.033333333333299e-05,0.9982502173821435,0.9923953268977463,0.0004867911562277918,0.9898981087597128,4,20,34,22
random,80,75,0.00014137500000000117,0.9930069930069931,0.9696969696969696,0.0008383374384849928,0.990321699141858,4,19,33,24
random,80,76,0.00040825,0.9930069930069931,0.9696969696969696,0.0011710859083112156,0.9824123972151382,4,20,33,23
random,80,77,0.0003285624999999984,1.0,0.9999999999999998,0.0006443823748635252,0.9921102026955577,6,18,35,21
random,80,78,0.00012158333333333304,0.9930069930069931,0.9696969696969696,0.001008510487528346,0.9899298839533373,5,21,30,24
random,80,79,0.00035731249999999896,1.0,0.9999999999999998,0.0009121492965422795,0.9907670746096364,5,19,29,27
random,80,80,0.00026200000000000035,1.0,0.9999999999999998,0.001904245312313706,0.9903118962058071,4,18,35,23
random,80,81,0.00019293750000000073,1.0,0.9999999999999998,0.0012296990764786599,0.9877106170176717,4,19,32,25
random,80,82,0.00033127083333333256,1.0,0.9999999999999998,0.0004260416666666667,0.9837976282709121,6,20,30,24
random,80,83,0.00010981249999999955,0.9860139860139862,0.9393939393939392,0.0006491172536125295,0.9741515698864887,6,17,34,23
random,80,84,0.00021866666666666484,0.9930069930069931,0.9696969696969696,0.0006652539313590444,0.9789719052876948,6,16,33,25
random,80,85,0.00042366666666666665,1.0,0.9999999999999998,0.0008913389057313746,0.9956263035210404,6,21,30,23
random,80,86,9.418750000000058e-05,1.0,0.9999999999999998,0.0024618709593469228,0.9881092703588625,4,20,30,26
random,80,87,0.0003263750000000003,1.0,0.9999999999999998,0.0009516512820693018,0.990348973684262,4,22,33,21
random,80,88,0.00015158333333333267,1.0,0.9999999999999998,0.0003315607302246846,0.9779762544402154,6,19,30,25
random,80,89,0.0001760624999999995,1.0,0.9999999999999998,0.0010233482757850962,0.9824368090490923,4,19,34,23
random,80,90,0.000674499999999999,0.9930069930069931,0.9696969696969696,0.0034642682613168726,0.9774236139219458,4,20,36,20
random,80,91,0.00027220833333333486,0.9930069930069931,0.9696969696969696,0.0019786933697089944,0.9793815604929056,4,16,32,28
random,80,92,0.0001158541666666669,0.99124495269876,0.9618600860701234,0.0021427678861123934,0.9925371407371979,4,19,32,25
random,80,93,9.116666666666659e-05,1.0,0.9999999999999998,0.0005298546592250764,0.9881551210613327,5,18,29,28
random,80,94,7.866666666666608e-05,1.0,0.9999999999999998,0.0007966046712802768,0.9718446334635458,5,17,34,24
random,80,95,0.0006207500000000001,0.9930069930069931,0.9696969696969696,0.0046570535254376886,0.9638945308603853,4,18,35,23
random,80,96,0.0003543958333333344,0.9930069930069931,0.9696969696969696,0.0019996653821985023,0.9846717514593019,6,20,31,23
random,80,97,0.0002831458333333343,1.0,0.9999999999999998,0.0029378697255121483,0.9761189366733463,4,17,32,27
random,80,98,4.51249999999999e-05,1.0,0.9999999999999998,0.0007114773341049384,0.9876907649543794,5,18,32,25
random,80,99,0.000361479166666667,0.9860139860139862,0.9393939393939392,0.0012373115684084232,0.9806869190237105,5,19,33,23
random,80,100,0.00012970833333333348,0.9930069930069931,0.9696969696969696,0.000743412192239628,0.9868194906507978,4,19,29,28
random,80,101,0.0001769999999999994,1.0,0.9999999999999998,0.0011109698413484816,0.9907441003655026,3,24,29,24
random,80,102,0.00023741666666666678,0.9930069930069931,0.9696969696969696,0.001429984876118083,0.9916413984764572,5,18,33,24
random,80,103,0.00013179166666666613,1.0,0.9999999999999998,0.002752869577889544,0.9899156438577492,4,20,31,25
random,80,104,0.0003892916666666645,1.0,0.9999999999999998,0.002189197828322498,0.9797683648361526,4,19,35,22
random,80,105,0.00028314583333333214,0.9930069930069931,0.9696969696969696,0.0017715343829617623,0.9798062925978197,5,19,34,22
random,80,106,0.0001968958333333332,1.0,0.9999999999999998,0.001302171129585901,0.9789274443972954,5,21,33,21
random,80,107,9.679166666666659e-05,0.9930069930069931,0.9696969696969696,0.0005755811396691006,0.9916505865102672,4,19,34,23
random,80,108,0.00017220833333333365,1.0,0.9999999999999998,0.000642449324922051,0.9920936846103261,5,18,31,26
random,80,109,0.000235124999999998,1.0,0.9999999999999998,0.0006346040702160487,0.9916661649191285,6,18,32,24
random,80,110,0.00021679166666666635,0.9930069930069931,0.9696969696969696,0.0019046872521170297,0.9908121023364949,5,19,33,23
random,80,111,0.0006844999999999985,0.9930069930069931,0.9696969696969696,0.0012822490245480594,0.9683277672115188,5,19,34,22
random,80,112,0.0001422083333333332,1.0,0.9999999999999998,0.0011397320745332104,0.9868672855342281,5,20,33,22
random,80,113,0.00016449999999999942,0.9930069930069931,0.9696969696969696,0.0008115978977750994,0.989474326122002,6,22,32,20
random,80,114,0.00034116666666666654,0.9930069930069931,0.9696969696969696,0.0006752775415721845,0.9868194739215161,6,15,35,24
random,80,115,0.0005252291666666653,1.0,0.9999999999999998,0.0007995490016741743,0.9837822900435247,6,19,33,22
random,80,116,0.0006701250000000019,0.9860139860139862,0.9393939393939392,0.003560195831317187,0.9754068588884846,4,17,36,23
random,80,117,4.262499999999984e-05,0.9860139860139862,0.9393939393939392,0.0013145616319444448,0.9823784537378712,4,20,32,24
random,80,118,0.0003460625000000004,0.9790209790209792,0.909090909090909,0.0016307854352140903,0.9675185978310257,4,20,31,25
random,80,119,4.564583333333376e-05,1.0,0.9999999999999998,0.0009238746840602623,0.9898686646524489,3,18,34,25
random,80,120,0.0004161666666666658,0.9860139860139862,0.9393939393939392,0.0007364659265907043,0.9780701754385965,5,19,35,21
random,80,121,0.0001299166666666665,0.9842396880153765,0.9313248452425005,0.0023057091586634656,0.9855534841058258,4,21,34,21
random,80,122,0.00048595833333333255,1.0,0.9999999999999998,0.004478355595710507,0.9872606367246147,6,16,30,28
random,80,123,9.38750000000003e-05,0.9930069930069931,0.9696969696969696,0.002987653876210686,0.9686539710005391,4,18,35,23
random,80,124,0.0003426249999999983,0.9930069930069931,0.9696969696969696,0.0009254621286819748,0.9863657604930648,6,18,33,23
random,80,125,0.00010075000000000038,1.0,0.9999999999999998,0.0009227463650674566,0.9920934855710544,4,19,32,25
random,80,126,0.0003293958333333335,1.0,0.9999999999999998,0.005936786119676628,0.9703838200988092,4,17,35,24
random,80,127,0.00019293750000000018,0.9930069930069931,0.9696969696969696,0.0018224993924021466,0.978903048510089,5,16,33,26
random,80,128,0.0001919999999999978,0.9930069930069931,0.9696969696969696,0.0012108622516930397,0.986853995007682,4,19,33,24
random,80,129,0.00018783333333333269,0.9930069930069931,0.9696969696969696,0.0030442769970414198,0.968241078327134,4,20,30,26
random,80,130,0.0001312708333333332,1.0,0.9999999999999998,0.0024007208233077955,0.9827917030917895,4,18,32,26
random,80,131,9.75208333333332e-05,0.9930069930069931,0.9696969696969696,0.0012140268438112628,0.9833692757869889,5,20,32,23
random,80,132,0.0005000208333333327,0.9930069930069931,0.9696969696969696,0.0035375940393518523,0.9694678445550688,4,20,32,24
random,80,133,0.000448875000000002,0.9930069930069931,0.9696969696969696,0.0015076661209912439,0.983332063113544,6,19,33,22
random,80,134,0.000156166666666667,0.9930069930069931,0.9696969696969696,0.0008083811503251432,0.9820282321210703,6,21,33,20
random,80,135,0.00029658333333333256,0.9982502173821435,0.9923953268977463,0.0027795003979800693,0.9829023884087449,6,18,31,25
random,80,136,6.179166666666624e-05,0.9930069930069931,0.9696969696969696,0.0016078978266460902,0.9881262219479966,5,18,32,25
random,80,137,0.0001518958333333325,0.9930069930069931,0.9696969696969696,0.0018404057197041906,0.9775381881617138,2,19,34,25
random,80,138,0.00030231250000000104,1.0,0.9999999999999998,0.0013066630917638387,0.9925139492403936,4,21,29,26
random,80,139,6.345833333333325e-05,1.0,0.9999999999999998,0.0008284582457603205,0.9929477886324557,5,21,29,25
random,80,140,7.168749999999981e-05,0.9930069930069931,0.9696969696969696,0.0013148167782288593,0.9767427093480074,4,19,33,24
random,80,141,0.0008023125000000008,1.0,0.9999999999999998,0.00231288470491373,0.9858947676936773,3,23,32,22
random,80,142,0.0001622083333333337,0.9860139860139862,0.9393939393939392,0.0006952198719252875,0.9550822507012062,6,19,34,21
random,80,143,0.00019574999999999798,0.9930069930069931,0.9696969696969696,0.0003612548158611474,0.9951842639184212,6,21,33,20
random,80,144,0.00018710416666666775,0.9930069930069931,0.9696969696969696,0.0010648881883253667,0.9842299797052937,5,19,34,22
random,80,145,0.0003335624999999999,0.9860139860139862,0.9393939393939392,0.0016373494349665356,0.9629059878397171,5,19,34,22
random,80,146,0.00016970833333333234,1.0,0.9999999999999998,0.0012952049902543112,0.9819237670947865,5,19,29,27
random,80,147,0.0004331458333333345,1.0,0.9999999999999998,0.0008282431482624236,1.0,6,19,32,23
random,80,148,0.0003179374999999994,0.9720279720279721,0.909090909090909,0.010366537331934383,0.9698989254207687,2,24,31,23
random,80,149,0.0002780416666666677,1.0,0.9999999999999998,0.000829371154391163,0.9899206711425139,5,18,34,23
random,80,150,0.00016481249999999995,1.0,0.9999999999999998,0.002725578703703704,0.9824310107147158,4,20,32,24
random,80,151,0.00042335416666666633,1.0,0.9999999999999998,0.0019719092366724095,0.9890554240969553,5,19,29,27
random,80,152,0.00021481249999999889,1.0,0.9999999999999998,0.00038510053183348636,0.9938611502733201,6,22,30,22
random,80,153,0.00025147916666666765,0.9860139860139862,0.9393939393939392,0.0015652851371230634,0.9763226958383118,4,18,31,27
random,80,154,1.9083333333333778e-05,0.9930069930069931,0.9696969696969696,0.00036821602159638894,0.9916413984764572,5,19,32,24
random,80,155,0.00029095833333333507,1.0,0.9999999999999998,0.0008072036060193009,0.9938148570612741,6,20,31,23
random,80,156,0.00032700000000000074,0.9930069930069931,0.9696969696969696,0.0031603085791104026,0.9733085513185942,4,20,33,23
random,80,157,0.0004790833333333314,0.9860139860139862,0.9393939393939392,0.0009085655833148376,0.981580480917866,6,19,31,24
random,80,158,0.00010095833333333414,0.9930069930069931,0.9696969696969696,0.002017239074362624,0.9697042952337417,4,19,32,25
random,80,159,0.001239395833333329,0.9930069930069931,0.9696969696969696,0.001781447525905786,0.9793665605567562,5,20,34,21
random,80,160,0.0002653333333333332,1.0,0.9999999999999998,0.0009019749696103836,0.9881340794039963,4,16,34,26
random,80,161,0.00017575000000000156,1.0,0.9999999999999998,0.0005626103046417407,0.9679989505759747,6,20,29,25
random,80,162,0.00010533333333333434,1.0,0.9999999999999998,0.0007277941574207785,0.9832345731885739,5,19,31,25
random,80,163,0.00022345833333333278,0.9930069930069931,0.9696969696969696,0.002032032211643917,0.9599307962709162,4,18,31,27
random,80,164,0.00031408333333333326,1.0,0.9999999999999998,0.0033108550928434757,0.98902426447065,5,19,31,25
random,80,165,0.0009073125000000002,0.9930069930069931,0.9696969696969696,0.0038235380995428523,0.9780631783756282,5,17,31,27
random,80,166,0.0002981458333333347,0.9930069930069931,0.9696969696969696,0.0016896989731408328,0.9789532425295863,4,19,30,27
random,80,167,0.0001191874999999993,1.0,0.9999999999999998,0.0005590673849577984,0.9908090379139007,6,18,31,25
random,80,168,0.00043314583333333145,0.9860139860139862,0.9393939393939392,0.0029103939451597632,0.990761447033532,4,17,35,24
random,80,169,0.0007040833333333336,1.0,0.9999999999999998,0.0007950013001987472,0.9859894491473439,6,19,33,22
random,80,170,0.0008870000000000023,0.9930069930069931,0.9696969696969696,0.001658863565633791,0.9881291107085695,4,20,31,25
random,80,171,0.000110645833333334,0.9860139860139862,0.9393939393939392,0.001607464627761981,0.9863694215706049,5,18,31,26
random,80,172,0.00047450000000000004,0.9860139860139862,0.9393939393939392,0.001177123498044764,0.983785248997405,5,21,33,21
random,80,173,0.0006780416666666639,1.0,0.9999999999999998,0.005192407233863045,0.9864184209182433,4,18,34,24
random,80,174,0.0002236666666666674,0.9982502173821435,0.9923953268977463,0.0021698198486466563,0.9554733242273592,4,19,31,26
random,80,175,8.908333333333385e-05,1.0,0.9999999999999998,0.0017809259804298747,0.9824813600111895,4,19,32,25
random,80,176,0.00014502083333333454,0.9930069930069931,0.9696969696969696,0.0010378687956109013,0.9728061546975519,5,19,31,25
random,80,177,0.0001037708333333335,0.9930069930069931,0.9696969696969696,0.0013816648195736424,0.9741960496716179,4,19,33,24
random,80,178,0.00017981250000000026,1.0,0.9999999999999998,0.0009462964427845906,0.9846358368879756,4,19,37,20
random,80,179,0.000873458333333336,0.9930069930069931,0.9696969696969696,0.0015336692969671537,0.9828201146516935,4,21,34,21
random,80,180,0.00017387500000000045,1.0,0.9999999999999998,0.0015887206627758412,0.9622615057971096,3,20,34,23
random,80,181,0.0005280416666666664,0.9930069930069931,0.9696969696969696,0.0012243730498397699,0.9890638505882431,5,21,33,21
random,80,182,0.00013481250000000036,0.9930069930069931,0.9696969696969696,0.0009004865835222974,0.987735308523727,5,21,30,24
random,80,183,0.0008034583333333343,0.9930069930069931,0.9696969696969696,0.0034566155386382036,0.9572874401535595,4,13,35,28
random,80,184,0.0008380416666666691,0.9860139860139862,0.9393939393939392,0.0022623400312042994,0.9859275867644848,4,18,33,25
random,80,185,0.000816687499999998,0.9930069930069931,0.9696969696969696,0.0028591530801454572,0.9561004679679048,6,16,34,24
random,80,186,6.356250000000007e-05,1.0,0.9999999999999998,0.0008729914493575213,0.9863998109238841,4,21,30,25
random,80,187,0.00013272916666666639,1.0,0.9999999999999998,0.00033236227407993616,0.9890534903692799,6,19,29,26
random,80,188,0.0002147083333333328,0.9930069930069931,0.9696969696969696,0.001721515889457756,0.9925603540847465,5,19,31,25
random,80,189,0.0003134583333333329,0.9930069930069931,0.9696969696969696,0.0023652078797266963,0.9627200283727761,5,17,35,23
random,80,190,0.001977833333333333,0.9930069930069931,0.9696969696969696,0.006143929385025615,0.9863242275289248,4,18,30,28
random,80,191,0.00038783333333333167,0.9930069930069931,0.9696969696969696,0.0019648267998027625,0.9837019086526565,4,20,30,26
random,80,192,0.0004333541666666702,0.9860139860139862,0.9393939393939392,0.0008154774920627776,0.9908212956042771,6,21,30,23
random,80,193,0.000538145833333332,0.9930069930069931,0.9696969696969696,0.0004814083065503524,0.9881805287605986,6,22,30,22
random,80,194,0.0001709583333333331,0.9860139860139862,0.9393939393939392,0.0007187571740128564,0.9877073025892678,5,20,33,22
random,80,195,0.0005865833333333365,0.9930069930069931,0.9696969696969696,0.0028067492262001527,0.9893781107791655,4,19,31,26
random,80,196,0.0006374166666666662,0.9860139860139862,0.9393939393939392,0.0010446598978675603,0.9814967103453103,5,18,28,29
random,80,197,5.668750000000012e-05,1.0,0.9999999999999998,0.0025211633440413205,0.9850055611918798,2,18,35,25
random,80,198,0.00014877083333333382,0.9930069930069931,0.9696969696969696,0.0010354397829303132,0.9881498570114611,4,18,36,22
random,80,199,0.00021345833333333245,0.9930069930069931,0.9696969696969696,0.0006591310035262959,0.9881781890936945,5,22,28,25
random,85,0,8.724221453287125e-05,0.9930069930069931,0.9696969696969696,0.00030781244656475536,0.9929981588849668,6,19,36,24
random,85,1,7.575432525951568e-05,1.0,0.9999999999999998,0.000672709013058851,0.9868666421298,6,21,33,25
random,85,2,7.340138408304476e-05,1.0,0.9999999999999998,0.0004105017006802718,0.9886271623113728,6,20,35,24
random,85,3,0.00019630795847750814,1.0,0.9999999999999998,0.001625197896543738,0.9956085662003615,5,21,33,26
random,85,4,0.00036428950403690906,1.0,0.9999999999999998,0.0008413863802980033,0.9956201693043798,5,21,32,27
random,85,5,5.82226066897345e-05,1.0,0.9999999999999998,0.0030527811318972037,0.98510220542227,4,21,35,25
random,85,6,0.00016299769319492451,1.0,0.9999999999999998,0.0016093846141532829,0.98510220542227,4,20,33,28
random,85,7,0.0010376459054209925,0.9860139860139862,0.9393939393939392,0.003638229705234055,0.9881640289535027,6,18,35,26
random,85,8,0.00019709227220299967,0.9930069930069931,0.9696969696969696,0.0003564498830577986,0.9754049988801841,6,20,34,25
random,85,9,6.897231833910013e-05,1.0,0.9999999999999998,0.0002831544612794608,0.9912338257033022,6,22,33,24
random,85,10,8.858016147635469e-05,0.9982502173821435,0.9923953268977463,0.0005489000945149308,0.9925337630167196,6,20,34,25
random,85,11,0.00031358592848904115,1.0,0.9999999999999998,0.0017403879986952328,0.9828538156272428,6,19,34,26
random,85,12,0.00019621568627451003,0.9790209790209792,0.909090909090909,0.00042871865658027943,0.9815865989350607,6,21,34,24
random,85,13,0.00014445098039215682,1.0,0.9999999999999998,0.0005942365893786345,0.9885525500059036,5,22,33,25
random,85,14,9.41626297577855e-05,0.9930069930069931,0.9696969696969696,0.0007054433578987148,0.9881912095331371,5,21,35,24
random,85,15,0.0002672191464821234,0.9930069930069931,0.9696969696969696,0.0010466120520113004,0.990761447033532,4,22,36,23
random,85,16,6.45893886966547e-05,1.0,0.9999999999999998,0.0006836686980347693,0.9942579505300353,4,21,35,25
random,85,17,0.0006394913494809706,1.0,0.9999999999999998,0.0027353614102474054,0.9876384432671284,5,19,34,27
random,85,18,0.00015377047289503952,1.0,0.9999999999999998,0.003358793366182131,0.9877073025892678,5,17,37,26
random,85,19,8.43356401384081e-05,1.0,0.9999999999999998,0.0007548477507322374,0.9943043798306956,5,20,32,28
random,85,20,5.63310265282585e-05,1.0,0.9999999999999998,0.00045458108259643687,0.9960660508490324,6,20,34,25
random,85,21,0.00023432410611303454,1.0,0.9999999999999998,0.0010566892501044586,0.9929800259309776,5,20,34,26
random,85,22,0.00021328604382929583,0.9930069930069931,0.9696969696969696,0.0018683451542103548,0.9934167413024079,4,23,34,24
random,85,23,0.0004869653979238746,1.0,0.9999999999999998,0.0006559020638506381,0.9877254324622746,6,18,37,24
random,85,24,0.00021443944636678208,0.9982502173821435,0.9923953268977463,0.0004282401201173038,0.9872153129497343,6,20,31,28
random,85,25,0.00011598500576701314,1.0,0.9999999999999998,0.0005676150321239608,0.9859649122807018,6,21,30,28
random,85,26,0.00038615801614763835,1.0,0.9999999999999998,0.0010276298868312757,0.9929677263892563,5,20,36,24
random,85,27,0.00013120991926182242,0.9860139860139862,0.9393939393939392,0.0006061567682628601,0.9925169957397255,6,21,34,24
random,85,28,0.0006722941176470561,0.9930069930069931,0.9696969696969696,0.0007985000944822374,0.981153770147278,6,20,35,24
random,85,29,0.0007879573241061145,0.9930069930069931,0.9696969696969696,0.0011385540694027142,0.9907375413354209,4,20,34,27
random,85,30,0.0003008985005767026,1.0,0.9999999999999998,0.0027831092625014626,0.9903457937158444,4,18,34,29
random,85,31,0.0003528016147635524,1.0,0.9999999999999998,0.0007886873256980582,0.9898767753697761,5,22,36,22
random,85,32,6.952595155709338e-05,1.0,0.9999999999999998,0.0014585691641035505,0.9925680111055455,6,20,34,25
random,85,33,0.00022329757785467246,1.0,0.9999999999999998,0.0008057266441640035,0.9969209085411327,5,19,37,24
random,85,34,0.00041932987312571953,1.0,0.9999999999999998,0.00029181588613406794,0.99562247634938,6,22,33,24
random,85,35,4.511995386389811e-05,1.0,0.9999999999999998,0.0016968466553287983,0.9907548061763153,5,21,35,24
random,85,36,6.666551326412883e-05,1.0,0.9999999999999998,0.0023147007303085596,0.9947233139659127,4,20,35,26
random,85,37,0.00021545444059976852,0.9930069930069931,0.9696969696969696,0.0008339831939720327,0.9947371904230298,5,20,32,28
random,85,38,0.00023381660899653893,0.9930069930069931,0.9696969696969696,0.003154564389644746,0.9960525665519158,4,21,35,25
random,85,39,0.00022717301038062244,1.0,0.9999999999999998,0.0005008077493150035,0.9986842105263158,5,20,32,28
random,85,40,5.983737024221443e-05,1.0,0.9999999999999998,0.00034126401402576273,0.9757535388686973,6,19,34,26
random,85,41,0.00010569665513264232,1.0,0.9999999999999998,0.0003240573948358038,0.9969340451922338,6,21,33,25
random,85,42,8.839561707035764e-05,1.0,0.9999999999999998,0.00021138548142047182,0.9886271623113729,6,21,37,21
random,85,43,0.00010103690888119944,1.0,0.9999999999999998,0.0008178105841114712,0.9982517482517483,5,21,33,26
random,85,44,0.00017088696655132542,1.0,0.9999999999999998,0.0007352831787254952,0.9894370280417842,5,22,34,24
random,85,45,0.00019695386389850106,0.9930069930069931,0.9696969696969696,0.0006225719610201453,0.9969359587780642,6,18,35,26
random,85,46,0.00042947981545559446,1.0,0.9999999999999998,0.0010269616322584065,0.9868643185773127,5,17,36,27
random,85,47,5.845328719723099e-05,1.0,0.9999999999999998,0.0008343362485215033,0.9934329463999871,6,22,30,27
random,85,48,0.000317968858131488,1.0,0.9999999999999998,0.0019274211461595713,0.9775293281168038,5,20,37,23
random,85,49,0.00013859169550173,1.0,0.9999999999999998,0.000774556814885456,0.9912287475976364,5,18,37,25
random,85,50,0.00016562745098039087,1.0,0.9999999999999998,0.00029589971871441266,0.9956151859244833,6,21,35,23
random,85,51,0.00018412802768166174,1.0,0.9999999999999998,0.0005878608539094648,0.9916708347059477,6,18,36,25
random,85,52,0.0006593298731257198,1.0,0.9999999999999998,0.0010534224224083707,0.9947094596507925,5,19,37,24
random,85,53,5.1809688581314605e-05,1.0,0.9999999999999998,0.0005930818429172497,0.9877534036402115,6,22,36,21
random,85,54,0.00019187889273356254,1.0,0.9999999999999998,0.0002486297182647709,0.9890549895238103,6,20,33,26
random,85,55,0.0005236897347174189,0.9930069930069931,0.9696969696969696,0.0007151169483804553,0.9916398031106884,4,20,32,29
random,85,56,0.0001850046136101484,0.9930069930069931,0.9696969696969696,0.0017575445026519335,0.9955689198838834,4,23,30,28
random,85,57,0.0003105409457900814,0.99124495269876,0.9618600860701234,0.0002991595121823148,0.9965034965034967,6,24,32,23
random,85,58,0.0004775536332179931,1.0,0.9999999999999998,0.0010148820941573591,0.9916352158070043,4,20,34,27
random,85,59,0.0002621441753171871,1.0,0.9999999999999998,0.001002181950782421,0.9820217644904795,5,18,33,29
random,85,60,7.838408304498274e-05,1.0,0.9999999999999998,0.0008918323131594226,0.98898085870763,3,21,33,28
random,85,61,0.00018938754325259488,1.0,0.9999999999999998,0.0025488425925925934,0.9969359587780642,5,20,36,24
random,85,62,0.00019123298731257097,0.9860139860139862,0.9393939393939392,0.0007102384446662044,0.9855339835555793,6,21,33,25
random,85,63,8.673471741637753e-05,1.0,0.9999999999999998,0.0004749705426825181,0.9774977557901119,6,20,33,26
random,85,64,0.00014915686274509816,0.9860139860139862,0.9393939393939392,0.0006558340487022733,0.9749473288236439,5,19,35,26
random,85,65,5.919146482122253e-05,0.9982502173821435,0.9923953268977463,0.0007862870375274292,0.9895016553884632,5,21,34,25
random,85,66,0.00033554671280276943,0.9930069930069931,0.9696969696969696,0.000819296005302186,0.996064514602049,4,20,35,26
random,85,67,0.0005154313725490204,0.9860139860139862,0.9393939393939392,0.0023728333117628447,0.9609771156869913,4,21,34,26
random,85,68,0.00035658477508650617,0.9930069930069931,0.9696969696969696,0.0017836590804622496,0.9942790813299123,6,17,34,28
random,85,69,0.00017780738177624092,1.0,0.9999999999999998,0.0007768920395153551,0.9833466525061769,5,22,31,27
random,85,70,9.148673587081892e-05,1.0,0.9999999999999998,0.00015438751889644724,0.9969371096148281,6,21,30,28
random,85,71,0.00024738062283736903,0.9930069930069931,0.9696969696969696,0.00157446012788677,0.9889634257822948,3,19,36,27
random,85,72,0.0001314405997693195,1.0,0.9999999999999998,0.0021414522415068747,0.9881205692206252,4,22,33,26
random,85,73,4.21211072664363e-05,0.9982502173821435,0.9923953268977463,0.00023185232426303803,0.9991212626589147,6,20,35,24
random,85,74,0.00021568512110726698,0.9930069930069931,0.9696969696969696,0.001848044430433378,0.986854373696479,6,17,33,29
random,85,75,0.0001079111880046135,1.0,0.9999999999999998,0.00044821487166991523,0.9868535082353276,5,19,36,25
random,85,76,7.921453287197253e-05,0.9930069930069931,0.9696969696969696,0.0008365238187003977,0.9938741758589008,4,19,36,26
random,85,77,0.00010500461361014953,0.9930069930069931,0.9696969696969696,0.0007640004430389161,0.9894487341860327,4,21,34,26
random,85,78,0.00018426643598615905,1.0,0.9999999999999998,0.0008740812185642427,0.996937109614828,6,20,32,27
random,85,79,0.00013960668973471709,0.9860139860139862,0.9393939393939392,0.00054755398720922,0.9868294466676465,4,21,33,27
random,85,80,0.0001444971164936565,1.0,0.9999999999999998,0.0007044218728553806,0.9898833687217228,5,20,34,26
random,85,81,4.3551326412918494e-05,1.0,0.9999999999999998,0.0011222387580322461,0.9951703551193531,5,22,34,24
random,85,82,0.0001406678200692042,1.0,0.9999999999999998,0.0008401352755866207,0.9943086058329983,5,23,30,27
random,85,83,0.00031091003460207567,1.0,0.9999999999999998,0.0008635080292405032,0.9925214605745487,5,18,35,27
random,85,84,0.00020876470588235271,0.9930069930069931,0.9696969696969696,0.0016036394295372465,0.9758656553959288,3,21,36,25
random,85,85,0.00020839561707035835,0.9930069930069931,0.9696969696969696,0.00046388458448117485,0.9855473434819721,6,22,33,24
random,85,86,0.00022080622837370258,1.0,0.9999999999999998,0.0008251801805988722,0.9894324165749246,5,19,34,27
random,85,87,8.475086505190313e-05,0.9930069930069931,0.9696969696969696,0.000997952214200858,0.9942970392344826,5,18,34,28
random,85,88,0.00016894925028834967,0.9930069930069931,0.9696969696969696,0.000473955949599174,0.9934283255094215,5,23,32,25
random,85,89,0.00011224798154555893,1.0,0.9999999999999998,0.0003244574550190809,0.9951754385964913,6,20,33,26
random,85,90,0.00018744982698961905,0.9930069930069931,0.9696969696969696,0.00021871818370648946,0.9934360121701695,6,21,31,27
random,85,91,0.00014588119953863818,0.9930069930069931,0.9696969696969696,0.0009063346250518464,0.9802823535127396,4,22,33,26
random,85,92,0.00012871856978085344,1.0,0.9999999999999998,0.0012777305347415177,0.9745686885621964,5,19,34,27
random,85,93,8.410495963091039e-05,1.0,0.9999999999999998,0.000766787474094314,0.9907416999189113,5,22,37,21
random,85,94,6.209803921568609e-05,1.0,0.9999999999999998,0.0010150041358879646,0.9867203708701041,4,19,38,24
random,85,95,0.00018781891580161572,1.0,0.9999999999999998,0.001459650118610345,0.9925695473525289,6,21,33,25
random,85,96,0.0001667808535178788,0.9930069930069931,0.9696969696969696,0.0008268505658436222,0.9880775210424507,4,20,36,25
random,85,97,0.00013591580161476354,1.0,0.9999999999999998,0.00046608900774898726,0.9912441845746771,5,22,35,23
random,85,98,0.00017656170703575654,0.9982502173821435,0.9923953268977463,0.0016113876028806572,0.978938824313819,5,20,36,24
random,85,99,0.00023843021914648252,1.0,0.9999999999999998,0.0030896724353321565,0.9881665953761809,3,18,36,28
random,85,100,0.00015626182237600997,0.9930069930069931,0.9696969696969696,0.0008505592029821704,0.9811437140331879,5,22,32,26
random,85,101,0.00011478546712802647,0.9930069930069931,0.9696969696969696,0.0007810328796699212,0.9723444160298915,5,19,38,23
random,85,102,0.0001373921568627456,1.0,0.9999999999999998,0.0007847542191551839,0.9938584544438094,6,18,34,27
random,85,103,0.0001969077277970008,1.0,0.9999999999999998,0.0008078276307957415,0.9982517482517483,5,22,34,24
random,85,104,0.000224404844290657,1.0,0.9999999999999998,0.0009386032428192601,0.9921321016980648,6,23,32,24
random,85,105,8.581199538638933e-05,0.9930069930069931,0.9696969696969696,0.0010340115640986647,0.9832735767333058,5,21,33,26
random,85,106,0.0001611983852364483,0.9930069930069931,0.9696969696969696,0.0004512200452731084,0.9912491165384125,5,23,30,27
random,85,107,0.00045679238754325397,0.9930069930069931,0.9696969696969696,0.0014685522013066618,0.9925107094912067,3,19,37,26
random,85,108,0.00011031026528258329,0.9930069930069931,0.9696969696969696,0.0006054197491861115,0.9973745552692921,5,21,32,27
random,85,109,0.00024535063437139626,0.9930069930069931,0.9696969696969696,0.0008952027136017797,0.9600730280835315,5,21,34,25
random,85,110,8.60888119953868e-05,0.9930069930069931,0.9696969696969696,0.0006507445633772324,0.9863779701997448,5,20,34,26
random,85,111,7.377047289504053e-05,0.9930069930069931,0.9696969696969696,0.00029926733332641945,0.9921156180053856,6,19,33,27
random,85,112,6.0852364475201864e-05,1.0,0.9999999999999998,0.0005435952853363566,0.9964725861395123,6,20,35,24
random,85,113,0.00059866089965398,1.0,0.9999999999999998,0.0015037267985852385,0.9717927165755124,5,18,36,26
random,85,114,0.0002279111880046135,1.0,0.9999999999999998,0.0006967594213832065,0.9837441043492214,5,19,38,23
random,85,115,0.00022288235294117627,1.0,0.9999999999999998,0.0007623304516250942,0.9969317055253295,5,20,35,25
random,85,116,0.00029785351787774025,0.9982502173821435,0.9923953268977463,0.001341374802055809,0.9929612079025407,3,22,35,25
random,85,117,8.02756632064591e-05,0.9930069930069931,0.9696969696969696,0.00076086051018648,0.9868827051128773,5,21,37,22
random,85,118,9.16712802768173e-05,0.9860139860139862,0.9393939393939392,0.0007034367032915576,0.9798281994151521,5,20,34,26
random,85,119,7.473933102652908e-05,0.9930069930069931,0.9696969696969696,0.0027428213183421516,0.989448194135631,4,18,35,28
random,85,120,0.000661636678200695,1.0,0.9999999999999998,0.000655073436428327,0.988185128080226,6,20,32,27
random,85,121,0.00032470472895040274,0.9982502173821435,0.9923953268977463,0.00042585388321995466,0.9886148938780518,6,20,35,24
random,85,122,9.50392156862747e-05,0.9930069930069931,0.9696969696969696,0.003784021375982475,0.976112807828158,4,19,36,26
random,85,123,0.000431048442906575,0.9860139860139862,0.9393939393939392,0.0009091688460995455,0.9929550790573525,5,21,31,28
random,85,124,0.0009099411764705899,0.9930069930069931,0.9696969696969696,0.00330188554526749,0.9842239509573469,6,18,36,25
random,85,125,0.00019261707035755427,0.9930069930069931,0.9696969696969696,0.00039837783541800013,0.9833412833237327,6,18,37,24
random,85,126,0.0008029054209919266,0.9930069930069931,0.9696969696969696,0.0026845802539028634,0.9877092249244137,6,19,34,26
random,85,127,7.981430219146513e-05,1.0,0.9999999999999998,0.0009973324514991181,0.9806864003707219,4,21,36,24
random,85,128,0.00012954901960784266,1.0,0.9999999999999998,0.000724502390571396,0.9920624727724919,5,23,32,25
random,85,129,0.00015086389850057816,1.0,0.9999999999999998,0.0007119671557141766,0.9912180033184039,5,19,33,28
random,85,130,0.0003158465974625148,0.9930069930069931,0.9696969696969696,0.0013089368386243385,0.9916785564111907,6,20,35,24
random,85,131,0.00015123298731257182,0.9930069930069931,0.9696969696969696,0.00042778694138353226,0.9877476824257619,5,22,33,25
random,85,132,7.644636678200718e-05,0.9930069930069931,0.9696969696969696,0.0002520535843125131,0.9881701631701633,6,21,33,25
random,85,133,0.00048350519031141595,1.0,0.9999999999999998,0.0007391531511522908,0.9907956079008711,6,21,35,23
random,85,134,0.00047353979238754385,0.9930069930069931,0.9696969696969696,0.001266384873393802,0.9766776813492571,5,20,35,25
random,85,135,7.160207612456734e-05,0.9982502173821435,0.9923953268977463,0.0006580158257747541,0.9907590268071457,5,20,35,25
random,85,136,0.00018338985005767147,0.9860139860139862,0.9393939393939392,0.0010221339532399951,0.9745723639519077,4,21,34,26
random,85,137,0.000152570934256056,1.0,0.9999999999999998,0.000827686312024567,0.9868658954951507,5,21,37,22
random,85,138,7.658477508650558e-05,1.0,0.9999999999999998,0.0020601229045136165,0.9921001796807567,4,20,34,27
random,85,139,0.0001601833910034616,0.9930069930069931,0.9696969696969696,0.0004916594760021186,0.9763219236903449,6,19,34,26
random,85,140,7.492387543252594e-05,0.9930069930069931,0.9696969696969696,0.0007256625566893423,0.9903065572820188,5,21,35,24
random,85,141,0.00013374740484429118,1.0,0.9999999999999998,0.0010571582803897358,0.9724179204739196,4,20,35,26
random,85,142,8.622722029988458e-05,1.0,0.9999999999999998,0.0030736527296204527,0.9634100201325846,4,20,34,27
random,85,143,0.0002200219146482127,1.0,0.9999999999999998,0.0010223281722194862,0.9876964759904244,5,19,34,27
random,85,144,0.0005182918108419846,1.0,0.9999999999999998,0.0010293992065780568,0.9881774589665322,6,21,34,24
random,85,145,0.00010048327566320658,0.9860139860139862,0.9393939393939392,0.0019013465082963479,0.9912114199073054,5,21,31,28
random,85,146,0.0004894567474048431,1.0,0.9999999999999998,0.004157527155791526,0.9826672062394041,4,19,38,24
random,85,147,0.0008645432525951588,0.9982502173821435,0.9923953268977463,0.0027236431038112734,0.9876380634158513,4,17,37,27
random,85,148,0.00039976816608996627,0.9930069930069931,0.9696969696969696,0.002837600840893445,0.9934221033711015,5,18,37,25
random,85,149,3.861476355247987e-05,0.9930069930069931,0.9696969696969696,0.0009529670803267102,0.9890019154169969,5,19,36,25
random,85,150,0.00020613494809688495,0.9930069930069931,0.9696969696969696,0.0007802700708714617,0.9912403386087598,6,21,32,26
random,85,151,0.00014828027681660817,1.0,0.9999999999999998,0.0012796697055224091,0.9647421398120843,5,17,36,27
random,85,152,0.00026740369088812025,0.9860139860139862,0.9393939393939392,0.000677256838192794,0.9859671289637566,6,21,34,24
random,85,153,0.0002005063437139575,0.9930069930069931,0.9696969696969696,0.00042240934934335237,0.9925495706851679,6,20,33,26
random,85,154,0.0004125940023068056,1.0,0.9999999999999998,0.0005792725519730388,0.994300903001134,6,21,33,25
random,85,155,0.000411394463667818,1.0,0.9999999999999998,0.0006571257950422289,0.9912587412587412,6,22,34,23
random,85,156,0.0001746701268742798,0.9930069930069931,0.9696969696969696,0.0013773964819063502,0.9908032682144685,6,17,36,26
random,85,157,8.20749711649368e-05,0.9930069930069931,0.9696969696969696,0.0006274699231544471,0.981996837461647,4,21,36,24
random,85,158,0.0001656274509803932,1.0,0.9999999999999998,0.0006474191809109817,0.9921298000245369,6,21,32,26
random,85,159,0.0006319711649365596,0.99124495269876,0.9618600860701234,0.0007446779895681924,0.9846020673754945,6,20,37,22
random,85,160,7.663091118800404e-05,1.0,0.9999999999999998,0.0007429010843428452,0.9898633560996911,5,22,32,26
random,85,161,6.675778546712813e-05,0.9930069930069931,0.9696969696969696,0.0007232780487926164,0.9855196828514059,6,19,35,25
random,85,162,8.249019607843003e-05,1.0,0.9999999999999998,0.0006889285315834882,0.9885757496308161,4,22,32,27
random,85,163,0.00031603114186850895,0.9930069930069931,0.9696969696969696,0.0005818197586860507,0.9899349039825663,6,22,34,23
random,85,164,5.0748558246828595e-05,0.9930069930069931,0.9696969696969696,0.0006561252572016457,0.9850627922694131,4,20,36,25
random,85,165,0.0001642895040369091,1.0,0.9999999999999998,0.000861570676796095,0.9797848461836447,5,18,35,27
random,85,166,0.0003014521337946939,0.9930069930069931,0.9696969696969696,0.0012151630551853587,0.9903629934337439,6,19,33,27
random,85,167,0.00011663091118800326,1.0,0.9999999999999998,0.0006337120980532444,0.988119330353742,5,20,34,26
random,85,168,0.00036036793540945595,1.0,0.9999999999999998,0.001024239187248388,0.9982471475845327,5,22,34,24
random,85,169,0.00016622722029988512,0.9930069930069931,0.9696969696969696,0.0008475052210766387,0.9903305710342802,4,19,36,26
random,85,170,0.0002021672433679348,1.0,0.9999999999999998,0.0007137558731251913,0.9934394552815607,5,22,33,25
random,85,171,4.47970011534022e-05,1.0,0.9999999999999998,0.0008687024176954733,0.9818118794284494,6,18,36,25
random,85,172,0.00025190196078431345,1.0,0.9999999999999998,0.0005672168867090261,0.983351735983315,6,18,35,26
random,85,173,3.870703575547862e-05,1.0,0.9999999999999998,0.0008727494855967081,0.9978127663503007,5,20,36,24
random,85,174,0.00016373587081891633,1.0,0.9999999999999998,0.001880339943877251,0.9789434357806786,5,19,35,26
random,85,175,8.78419838523645e-05,1.0,0.9999999999999998,0.0004176729392737486,0.996493520294022,6,21,34,24
random,85,176,0.0001397912341407151,1.0,0.9999999999999998,0.001390205921607981,0.986339932450388,5,19,35,26
random,85,177,0.00019783044982698902,0.9930069930069931,0.9696969696969696,0.0010558826012431112,0.9969340451922338,6,20,34,25
random,85,178,9.088696655132595e-05,1.0,0.9999999999999998,0.0008027765967498109,0.9673653378921055,5,21,35,24
random,85,179,5.545444059976901e-05,0.9930069930069931,0.9696969696969696,0.0007587007345955078,0.9881174035596569,5,19,34,27
random,85,180,0.00013540830449826935,0.9860139860139862,0.9393939393939392,0.00030729056233826926,0.988982141524211,6,19,36,24
random,85,181,0.0001446816608996541,1.0,0.9999999999999998,0.0005136316872427981,0.9960599220038442,5,20,36,24
random,85,182,0.0004596528258362189,0.9930069930069931,0.9696969696969696,0.001008822016460905,0.9872813738051116,5,20,36,24
random,85,183,0.0001593068050749706,0.9982502173821435,0.9923953268977463,0.0003938594733756165,0.9829008001890809,6,18,33,28
random,85,184,4.798039215686298e-05,0.9930069930069931,0.9696969696969696,0.001055239564185306,0.9894912928335815,4,20,35,26
random,85,185,9.171741637831674e-05,0.9860139860139862,0.9393939393939392,0.001996570247543463,0.9854674131405816,4,21,35,25
random,85,186,0.00023054094579008131,1.0,0.9999999999999998,0.0005590012925257926,0.9859590508410161,6,19,33,27
random,85,187,7.003344867358698e-05,0.9930069930069931,0.9696969696969696,0.0005827688019652312,0.9921067697082298,6,20,35,24
random,85,188,0.00013148673587081946,1.0,0.9999999999999998,0.000761640605864305,0.9907978729250664,5,20,34,26
random,85,189,0.00028295155709342465,1.0,0.9999999999999998,0.0014456089835840032,0.9969340451922338,5,21,32,27
random,85,190,0.0002078881199538647,1.0,0.9999999999999998,0.000699020759310361,0.9903519279325049,5,18,37,25
random,85,191,9.983737024221377e-05,0.9930069930069931,0.9696969696969696,0.0006227271723501379,0.9885947845309315,5,20,33,27
random,85,192,0.00023529296424452232,0.9930069930069931,0.9696969696969696,0.0004960459218564085,0.9833663275760531,6,16,37,26
random,85,193,0.00046288235294117733,0.9930069930069931,0.9696969696969696,0.000984805692640045,0.9903570114096432,6,20,33,26
random,85,194,0.00015644636678200706,1.0,0.9999999999999998,0.0035299425234220903,0.9601463333759637,4,16,39,26
random,85,195,0.0002898719723183399,0.9860139860139862,0.9393939393939392,0.00103076179654542,0.9785102892798037,6,19,37,23
random,85,196,0.0002293875432525941,1.0,0.9999999999999998,0.0009762961746047859,0.9881538983122496,5,23,33,24
random,85,197,5.637716262975697e-05,1.0,0.9999999999999998,0.0004243015711186438,0.9956263035210404,6,21,34,24
random,85,198,9.1117647058823e-05,0.9930069930069931,0.9696969696969696,0.0009980288416693633,0.9964938717831677,4,21,33,27
random,85,199,0.00021074855824682815,0.9930069930069931,0.9696969696969696,0.001041722039117449,0.9807071258535592,5,19,36,25
random,90,0,0.0002858065843621377,0.9930069930069931,0.9696969696969696,0.002097818693982204,0.9828726483149017,5,19,39,27
random,90,1,0.0005139547325102887,0.9930069930069931,0.9696969696969696,0.0017490435372689178,0.9903631456263036,6,20,35,29
random,90,2,7.642386831275718e-05,1.0,0.9999999999999998,0.000814357608775748,0.9920982634800828,5,22,36,27
random,90,3,0.00022169135802469189,0.9930069930069931,0.9696969696969696,0.0011187440948601665,0.9943177991007807,6,21,35,28
random,90,4,3.329629629629586e-05,0.9930069930069931,0.9696969696969696,0.0006849509609858634,0.9943043798306956,5,22,35,28
random,90,5,0.00012942798353909464,1.0,0.9999999999999998,0.0003472943261611191,0.9991228070175439,6,22,36,26
random,90,6,3.3378600823045095e-05,1.0,0.9999999999999998,8.162002154383043e-05,0.9947552447552449,6,24,34,26
random,90,7,0.0001927201646090537,0.9860139860139862,0.9393939393939392,0.0007215017110895943,0.9842193042454424,5,21,38,26
random,90,8,0.0002771646090534964,1.0,0.9999999999999998,0.0007859604587779242,0.9898744736962484,5,21,38,26
random,90,9,3.387242798353861e-05,1.0,0.9999999999999998,9.962432153786573e-05,0.9925507660137504,6,22,37,25
random,90,10,0.00036062139917695537,1.0,0.9999999999999998,0.0011801118246710764,0.9929650603876581,5,21,35,29
random,90,11,8.671193415637909e-05,0.9930069930069931,0.9696969696969696,0.00043733924897119324,0.9741684685206826,6,20,36,28
random,90,12,2.7946502057612745e-05,1.0,0.9999999999999998,0.0006890148832594267,0.9933898194349785,5,20,38,27
random,90,13,0.0001219382716049386,0.9982502173821435,0.9923953268977463,0.0009507900481443405,0.9929835068798734,5,22,37,26
random,90,14,8.951028806584379e-05,0.9982502173821435,0.9923953268977463,0.0002341200291845131,0.9965034965034966,6,21,36,27
random,90,15,4.5065843621399276e-05,1.0,0.9999999999999998,0.00070644331418737,0.9894774314267905,5,23,34,28
random,90,16,0.00013181481481481448,1.0,0.9999999999999998,0.0002870251712408688,0.9868647339154423,6,23,36,25
random,90,17,4.3172839506173135e-05,0.9930069930069931,0.9696969696969696,0.0003411973761701162,0.9916259571071386,6,19,36,29
random,90,18,0.0002779053497942377,1.0,0.9999999999999998,0.0005170195758131057,0.9921298000245369,6,21,37,26
random,90,19,5.411934156378565e-05,1.0,0.9999999999999998,0.0017860182588875786,0.985064854057897,4,22,36,28
random,90,20,0.00019700000000000075,1.0,0.9999999999999998,0.001992714773888252,0.9973745552692921,6,19,37,28
random,90,21,4.9427983539094514e-05,0.9930069930069931,0.9696969696969696,0.00020630312659810967,0.9908121023364949,6,20,35,29
random,90,22,6.0703703703703115e-05,1.0,0.9999999999999998,0.00028263944325157444,0.9956263035210404,6,22,36,26
random,90,23,0.00016704115226337426,0.9982502173821435,0.9923953268977463,0.000942344384764856,0.9880945982509624,5,21,37,27
random,90,24,7.428395061728437e-05,1.0,0.9999999999999998,0.0001920532348040604,0.9934117187482421,6,22,36,26
random,90,25,0.00012638271604938203,1.0,0.9999999999999998,0.000924058239189462,0.9951842165261442,4,22,36,28
random,90,26,0.00010465432098765352,0.9860139860139862,0.9393939393939392,0.0008273022609249467,0.9903715922594365,6,21,36,27
random,90,27,0.00015461316872428097,1.0,0.9999999999999998,0.0005389424997027391,0.9784291414639982,6,20,37,27
random,90,28,7.839917695473318e-05,1.0,0.9999999999999998,0.0008372819877004464,0.9973737925202258,5,22,37,26
random,90,29,6.473662551440308e-05,0.9930069930069931,0.9696969696969696,0.00029061704163813826,0.9894795791465054,6,21,38,25
random,90,30,3.8563786008230694e-05,0.9930069930069931,0.9696969696969696,0.0003396825472740876,0.9895104895104896,5,22,36,27
random,90,31,0.00010555967078189168,1.0,0.9999999999999998,0.0006940310307712871,0.994293934284864,5,23,35,27
random,90,32,0.00032778189300411653,0.9930069930069931,0.9696969696969696,0.0011550802695212722,0.980671301903469,6,20,37,27
random,90,33,0.00016086831275720074,0.9930069930069931,0.9696969696969696,0.000163709253258393,0.9965034965034966,6,23,37,24
random,90,34,3.090946502057606e-05,0.9930069930069931,0.9696969696969696,0.00020062374315295425,0.9956067061920612,6,21,36,27
random,90,35,0.0001276172839506166,1.0,0.9999999999999998,0.00013323752834467083,0.9978143025972842,6,24,35,25
random,90,36,0.00018893415637860137,0.9930069930069931,0.9696969696969696,0.0013096552231413577,0.9965034965034967,6,21,37,26
random,90,37,7.90576131687244e-05,1.0,0.9999999999999998,0.00026214421897016737,0.9908105391471049,6,21,36,27
random,90,38,0.00010243209876543284,0.9860139860139862,0.9393939393939392,0.000266297004913076,0.9973745552692921,6,21,35,28
random,90,39,0.0002948600823045257,0.9930069930069931,0.9696969696969696,0.0003594483238700712,0.9908182311816831,6,22,35,27
random,90,40,5.930452674897181e-05,1.0,0.9999999999999998,9.4551862827164e-05,0.9938772890237224,6,22,36,26
random,90,41,7.272016460905335e-05,1.0,0.9999999999999998,0.00038163619614512486,0.9960526315789474,6,21,35,28
random,90,42,0.0010883580246913596,0.9930069930069931,0.9696969696969696,0.0034174919581935314,0.9951857786228286,6,19,38,27
random,90,43,0.0001410329218106999,1.0,0.9999999999999998,0.0005672734344605334,0.9934117187482421,6,19,37,28
random,90,44,5.5683127572015914e-05,0.9930069930069931,0.9696969696969696,0.00043781576487481164,0.9921298000245369,6,21,37,26
random,90,45,0.00010177366255144137,1.0,0.9999999999999998,0.00024633768090403266,0.9969340451922338,6,19,38,27
random,90,46,0.0003037489711934165,0.9860139860139862,0.9393939393939392,0.0006166975046191319,0.9877254324622746,5,21,36,28
random,90,47,9.329629629629579e-05,1.0,0.9999999999999998,0.0007086311768738715,0.9956105445840511,5,22,35,28
random,90,48,8.243209876543192e-05,1.0,0.9999999999999998,0.00048559841693927446,0.9978096612568521,5,23,36,26
random,90,49,4.9592592592592966e-05,1.0,0.9999999999999998,0.0008019574123267307,0.9881851280802261,5,22,35,28
random,90,50,7.337860082304498e-05,0.9930069930069931,0.9696969696969696,0.0005241665004479167,0.9925603540847465,6,21,36,27
random,90,51,0.0001727201646090538,0.9930069930069931,0.9696969696969696,0.0008486217157093022,0.9872694840605873,5,20,36,29
random,90,52,2.4160493827160244e-05,1.0,0.9999999999999998,0.0007109821737294377,0.9991228070175439,5,22,36,27
random,90,53,5.008641975308631e-05,1.0,0.9999999999999998,0.0004604004330570922,0.9960629864264383,5,21,37,27
random,90,54,0.00015477777777777807,1.0,0.9999999999999998,0.0001828724982049089,0.9938711601785342,6,22,36,26
random,90,55,5.263786008230425e-05,1.0,0.9999999999999998,0.0007933029314634045,0.9960629864264383,6,22,37,25
random,90,56,0.0003034197530864186,1.0,0.9999999999999998,0.0006787788210507806,0.9968951570535083,5,24,37,24
random,90,57,0.0001808683127572032,1.0,0.9999999999999998,0.0004088383904659263,0.9899425730962601,6,21,36,27
random,90,58,8.136213991769569e-05,0.9982502173821435,0.9923953268977463,0.0007503889828557561,0.9969186068676049,5,20,38,27
random,90,59,0.0001079465020576134,0.9860139860139862,0.9393939393939392,0.0005212212321788236,0.9925649060120969,5,24,34,27
random,90,60,0.00012004526748971135,1.0,0.9999999999999998,0.0015405143184691336,0.9969359587780642,5,21,37,27
random,90,61,5.732921810699647e-05,0.9930069930069931,0.9696969696969696,0.0006704547671822887,0.9850530517903504,5,22,34,29
random,90,62,0.0001408683127572024,1.0,0.9999999999999998,0.0017804104708122573,0.9894294617285825,4,21,39,26
random,90,63,0.00010728806584362102,0.9860139860139862,0.9393939393939392,0.0005548585465871567,0.9753996233402873,5,21,38,26
random,90,64,0.00010440740740740674,1.0,0.9999999999999998,0.0001435051020408166,0.9960660508490324,6,24,35,25
random,90,65,0.00016202057613168733,0.9982502173821435,0.9923953268977463,0.0005997578892668182,0.998239414713989,6,21,35,28
random,90,66,4.251440329218097e-05,1.0,0.9999999999999998,0.0003511139565318796,0.9986807200226476,5,21,35,29
random,90,67,0.00011782304526749053,1.0,0.9999999999999998,0.00027829730603282175,0.9956240045249907,6,22,34,28
random,90,68,5.066255144032926e-05,0.9930069930069931,0.9696969696969696,0.0002663472888536494,0.9921236658078764,6,23,38,23
random,90,69,0.00019683539094650227,0.99124495269876,0.9618600860701234,0.000366177874158648,0.9798245614035088,6,20,35,29
random,90,70,0.0001402098765432109,0.9982502173821435,0.9923953268977463,0.00036746859002395794,0.9881651797902666,6,20,37,27
random,90,71,0.00039798765432098827,1.0,0.9999999999999998,0.002095339639791195,0.9911939093080995,3,23,37,27
random,90,72,0.0001427613168724284,1.0,0.9999999999999998,0.00028890806236760836,0.9943043798306956,6,21,36,27
random,90,73,0.00017107407407407414,1.0,0.9999999999999998,0.00033406760094746194,0.9864368763319743,6,20,38,26
random,90,74,0.000276506172839506,0.9930069930069931,0.9696969696969696,0.0007163344797309197,0.9964927454201544,5,24,32,29
random,90,75,0.00023724691358024592,1.0,0.9999999999999998,0.00021582989530653844,0.9982517482517483,6,24,34,26
random,90,76,0.00014539506172839582,0.9982502173821435,0.9923953268977463,0.0011915756097375856,0.9947243343912606,6,19,35,30
random,90,77,0.00039436625514403274,0.9930069930069931,0.9696969696969696,0.0007359626554403832,0.998239414713989,6,21,34,29
random,90,78,5.658847736625389e-05,1.0,0.9999999999999998,0.000816216971199084,0.9908121023364949,5,22,36,27
random,90,79,0.00015502469135802448,0.9860139860139862,0.9393939393939392,0.0009296137244636888,0.9929969895978673,5,23,35,27
random,90,80,8.506584362139902e-05,1.0,0.9999999999999998,0.0002527962982592236,0.9964946623814703,6,21,38,25
random,90,81,8.440740740740735e-05,1.0,0.9999999999999998,0.0016703820046204741,0.9876544387241031,4,20,37,29
random,90,82,3.7493827160493266e-05,1.0,0.9999999999999998,0.00010962949724749286,0.9960660508490324,6,22,35,27
random,90,83,0.00010613580246913583,1.0,0.9999999999999998,0.0004215218726379443,0.9684119918871772,6,21,35,28
random,90,84,9.502469135802469e-05,0.9930069930069931,0.9696969696969696,0.0009602301954732509,0.989448194135631,5,21,36,28
random,90,85,7.04979423868312e-05,1.0,0.9999999999999998,0.0001807372635291209,0.991172100416082,6,20,38,26
random,90,86,7.831687242798343e-05,0.9860139860139862,0.9393939393939392,0.0007325090498860292,0.9846422088139974,4,23,38,25
random,90,87,7.206172839506136e-05,1.0,0.9999999999999998,0.00044249783244331754,0.9973587449432114,5,22,37,26
random,90,88,8.54773662551451e-05,1.0,0.9999999999999998,0.0007698297450279077,0.9916434900218728,5,22,36,27
random,90,89,0.0001943662551440322,1.0,0.9999999999999998,0.0005372264766301927,0.9947552447552448,6,22,37,25
random,90,90,0.00013872839506172895,0.9982502173821435,0.9923953268977463,0.0028238174435985634,0.9822362855809303,4,23,38,25
random,90,91,5.148559670781904e-05,1.0,0.9999999999999998,0.0012909292269478961,0.9916250271180278,5,22,35,28
random,90,92,0.00011774074074074101,1.0,0.9999999999999998,0.0007682882885646814,0.9982517482517483,5,23,34,28
random,90,93,0.0001280288065843625,1.0,0.9999999999999998,0.00041031104375242856,0.9916862201534122,6,22,36,26
random,90,94,4.8687242798353224e-05,1.0,0.9999999999999998,0.0003839951026706979,0.9982432743681835,5,21,36,28
random,90,95,8.325514403292151e-05,0.9930069930069931,0.9696969696969696,0.001275355498266073,0.9915873261543735,3,23,37,27
random,90,96,2.8440329218107235e-05,0.9930069930069931,0.9696969696969696,0.000330361210842362,0.9934050915940276,5,21,36,28
random,90,97,7.12386831275724e-05,0.9930069930069931,0.9696969696969696,0.00022150373438126984,0.9829096963806958,6,21,36,27
random,90,98,7.601234567901242e-05,1.0,0.9999999999999998,0.0005900753038745348,0.9933709771927517,5,23,35,27
random,90,99,4.646502057613138e-05,0.9930069930069931,0.9696969696969696,0.0001572439992597956,0.9925634185073408,6,21,39,24
random,90,100,6.621810699588427e-05,1.0,0.9999999999999998,0.00010152644954608038,0.9947552447552448,6,22,35,27
random,90,101,0.00012029218106995966,0.9982502173821435,0.9923953268977463,0.0005159402663647687,0.987306405572209,6,20,38,26
random,90,102,6.119753086419732e-05,0.9930069930069931,0.9696969696969696,0.00022848637997723153,0.9873113728376888,6,21,36,27
random,90,103,6.975720164609011e-05,0.9930069930069931,0.9696969696969696,0.0008580626493504778,0.9829033074273806,4,22,38,26
random,90,104,5.5189300411522884e-05,1.0,0.9999999999999998,0.000618874495964594,0.993398653557005,5,22,35,28
random,90,105,0.00015667078189300352,1.0,0.9999999999999998,0.0008295632004836006,0.9956151859244833,6,20,37,27
random,90,106,0.00014276131687242805,0.99124495269876,0.9618600860701234,0.00018746013085198208,0.9956147843148018,6,22,36,26
random,90,107,4.572427983539124e-05,0.9930069930069931,0.9696969696969696,0.00030495061230642704,0.9965034965034967,6,23,35,26
random,90,108,5.2226337448559985e-05,1.0,0.9999999999999998,0.0005182671808010012,0.9929464115149612,4,22,36,28
random,90,109,0.00010020987654320979,1.0,0.9999999999999998,0.00026906533446712004,0.988137450368689,6,21,35,28
random,90,110,0.00019658847736625482,1.0,0.9999999999999998,0.0005654830137007717,0.9969340451922338,6,20,38,26
random,90,111,4.555967078189369e-05,1.0,0.9999999999999998,0.00014914742903334157,0.9873140356506014,6,20,36,28
random,90,112,0.00022391358024691398,1.0,0.9999999999999998,0.0004998096825420548,0.9982517482517483,6,22,36,26
random,90,113,5.107407407407462e-05,0.9930069930069931,0.9696969696969696,0.00021888686801881232,0.9868193463998586,6,20,36,28
random,90,114,0.00019016872427983551,0.9930069930069931,0.9696969696969696,0.00023122024052935324,0.985107975492362,6,22,35,27
random,90,115,0.00012514814814814802,1.0,0.9999999999999998,0.0001498062462642382,0.9960526315789474,6,22,34,28
random,90,116,8.193415637859616e-06,1.0,0.9999999999999998,0.0005800741891978777,0.993417409935351,5,22,39,24
random,90,117,0.00014942798353909583,1.0,0.9999999999999998,0.0009858696342301691,0.9947094596507924,5,22,34,29
random,90,118,0.00016341975308642033,1.0,0.9999999999999998,0.0010255552222362017,0.9951803893544837,5,22,37,26
random,90,119,0.00014975720164609092,1.0,0.9999999999999998,0.00031281323486184634,0.9768015729697279,6,21,36,27
random,90,120,0.00020794650205761375,1.0,0.9999999999999998,0.0011612415407919988,0.982356534369923,5,21,37,27
random,90,121,0.00013757613168724326,1.0,0.9999999999999998,0.00030289285714285726,0.99781123817469,6,24,35,25
random,90,122,0.00014152674897119404,1.0,0.9999999999999998,0.0006387967315727084,0.9868177175277367,5,23,34,28
random,90,123,0.0001230905349794245,0.9930069930069931,0.9696969696969696,0.0007492114090552564,0.9881393429757735,5,21,37,27
random,90,124,8.383127572016495e-05,0.9930069930069931,0.9696969696969696,0.00037073462203750647,0.9934205329633462,5,21,39,25
random,90,125,2.6465020576131783e-05,0.9930069930069931,0.9696969696969696,9.882438143295743e-05,0.9956201476287017,6,21,36,27
random,90,126,5.88930041152256e-05,0.9930069930069931,0.9696969696969696,0.0004297109053497946,0.9978096612568521,5,24,36,25
random,90,127,6.18559670781894e-05,0.9930069930069931,0.9696969696969696,0.001080718256739581,0.9863718359830842,5,21,38,26
random,90,128,0.00016662962962962928,1.0,0.9999999999999998,0.0011292013009497428,0.9938669341762315,6,21,38,25
random,90,129,0.0003570823045267476,0.9930069930069931,0.9696969696969696,0.0004886855389873417,0.9850877192982457,6,21,34,29
random,90,130,0.000424489711934155,0.9930069930069931,0.9696969696969696,0.0015546294955073535,0.9956201693043798,6,20,37,27
random,90,131,0.00014523045267489742,1.0,0.9999999999999998,0.00017796922951800501,0.9973737925202258,6,24,34,26
random,90,132,0.0003104156378600815,1.0,0.9999999999999998,0.0003301812542513227,0.9943086058329983,6,24,34,26
random,90,133,6.992181069958782e-05,0.9930069930069931,0.9696969696969696,0.000304340234569504,0.9912342043920992,6,22,37,25
random,90,134,9.872839506172939e-05,0.9930069930069931,0.9696969696969696,0.00023507384424314385,0.9771991166728009,6,19,37,28
random,90,135,4.852263374485581e-05,0.9930069930069931,0.9696969696969696,0.0006146311069448695,0.9951469053052566,5,22,36,27
random,90,136,8.975720164609116e-05,1.0,0.9999999999999998,0.00036005664443030993,0.9969355652561988,6,22,34,28
random,90,137,3.560082304526765e-05,1.0,0.9999999999999998,0.0007260455825466962,0.9899021500605014,5,23,36,26
random,90,138,4.9510288065844194e-05,0.9930069930069931,0.9696969696969696,0.00016062752408125798,0.9921198440076883,6,21,33,30
random,90,139,0.00014045679012345723,0.9930069930069931,0.9696969696969696,0.0008661971471840235,0.9951533433422793,6,21,37,26
random,90,140,0.00013214403292181043,0.9930069930069931,0.9696969696969696,0.00021973820707539804,0.9960645146020489,6,19,39,26
random,90,141,0.0002621851851851846,0.9930069930069931,0.9696969696969696,0.0006304731631504886,0.9676136753062227,6,20,38,26
random,90,142,3.4777777777778105e-05,1.0,0.9999999999999998,0.0007371888148561124,0.9938765074141594,4,22,36,28
random,90,143,3.403703703703684e-05,0.9982502173821435,0.9923953268977463,0.00016986732464993365,0.9916816315767294,6,21,34,29
random,90,144,0.00020448971193415722,1.0,0.9999999999999998,0.0005764332580995229,0.9886052691577232,5,20,37,28
random,90,145,6.572427983539169e-05,0.9930069930069931,0.9696969696969696,0.0003621203651213575,0.9871291233189139,6,20,36,28
random,90,146,4.457201646090535e-05,1.0,0.9999999999999998,0.0004519108913206132,0.9938561586191388,5,22,36,27
random,90,147,0.00033206172839505963,1.0,0.9999999999999998,0.0010858011383143558,0.9916816315767294,5,21,35,29
random,90,148,5.214403292181091e-05,1.0,0.9999999999999998,0.0007915615412860984,0.9929612079025407,5,23,35,27
random,90,149,7.732921810699554e-05,0.9930069930069931,0.9696969696969696,0.000264241953074833,0.9965034965034967,6,23,33,28
random,90,150,0.00013099176954732425,1.0,0.9999999999999998,0.00022688598996509847,0.9960526315789474,6,22,36,26
random,90,151,8.827572016460944e-05,0.9930069930069931,0.9696969696969696,0.000399554865906113,0.9772048722006644,6,20,37,27
random,90,152,0.00030267901234567974,0.9982502173821435,0.9923953268977463,0.0006240945986073355,0.9881851280802261,6,22,35,27
random,90,153,5.593004115226325e-05,1.0,0.9999999999999998,0.00015854959727149562,0.9978143025972841,6,22,37,25
random,90,154,2.9757201646090826e-05,1.0,0.9999999999999998,0.0007413388591134175,0.9973583541955969,5,23,37,25
random,90,155,0.00030506584362139717,0.9930069930069931,0.9696969696969696,0.0003284604173800997,0.988137450368689,6,22,34,28
random,90,156,0.00021469547325102942,0.9930069930069931,0.9696969696969696,0.0009082493086303461,0.9855178778247925,4,22,38,26
random,90,157,0.0001090987654320995,1.0,0.9999999999999998,0.00262757708730258,0.9956101024473452,4,22,37,27
random,90,158,4.383127572016434e-05,1.0,0.9999999999999998,0.0005514371492579044,0.9973745552692921,6,22,36,26
random,90,159,0.0001129670781892998,0.9930069930069931,0.9696969696969696,0.0007516696296135291,0.9964795908053855,4,22,37,27
random,90,160,9.033333333333355e-05,1.0,0.9999999999999998,0.0005227286899210462,0.9978143025972841,6,22,36,26
random,90,161,5.650617283950568e-05,0.9930069930069931,0.9696969696969696,0.00031535955151442617,0.9912222465061487,6,19,38,27
random,90,162,5.0991769547325095e-05,0.9930069930069931,0.9696969696969696,0.0005742702103796998,0.9833394675499939,6,20,35,29
random,90,163,0.0001083580246913582,1.0,0.9999999999999998,0.0002810341343327451,0.9951796592273215,6,20,36,28
random,90,164,0.00010588888888888837,0.9930069930069931,0.9696969696969696,0.00023249149659864,0.9982517482517483,6,24,35,25
random,90,165,6.745267489711931e-05,1.0,0.9999999999999998,0.0009028866987779018,0.9960560474399067,5,22,36,27
random,90,166,0.00014160905349794138,0.9930069930069931,0.9696969696969696,0.0010214415627362067,0.9867786006693031,4,21,35,30
random,90,167,0.00010572427983539149,1.0,0.9999999999999998,0.0003040193925779905,0.9930069930069931,6,23,34,27
random,90,168,9.041563786008164e-05,1.0,0.9999999999999998,0.0008860815854119428,0.9881851280802261,6,21,35,28
random,90,169,0.00018811111111111163,1.0,0.9999999999999998,0.001053415730594447,0.9903527307371172,6,19,37,28
random,90,170,3.9057613168724856e-05,1.0,0.9999999999999998,0.0004948152792850365,0.9894959341740137,5,22,34,29
random,90,171,5.839917695473296e-05,1.0,0.9999999999999998,0.000688258794938478,0.9877337736266938,5,23,37,25
random,90,172,0.00018416049382715975,1.0,0.9999999999999998,0.0006315956845499437,0.9916504018087531,5,24,34,27
random,90,173,0.00018909876543209895,1.0,0.9999999999999998,0.0004779571685874294,0.9960526315789474,6,22,35,27
random,90,174,0.00011461316872427924,0.9930069930069931,0.9696969696969696,0.00018192876647867424,0.9964954487010058,6,22,37,25
random,90,175,6.029218106995992e-05,1.0,0.9999999999999998,0.00016272557634164735,0.9903435105269285,6,21,35,28
random,90,176,0.00017716460905349693,1.0,0.9999999999999998,0.0001967114520132218,0.9960660508490324,6,24,34,26
random,90,177,0.00044860493827160556,1.0,0.9999999999999998,0.0024825794438145623,0.9995625543455359,6,20,36,28
random,90,178,0.00010506584362139924,1.0,0.9999999999999998,0.00019772356137836184,0.9965034965034966,6,20,37,27
random,90,179,1.313168724279839e-05,1.0,0.9999999999999998,0.0006357783018645106,1.0,4,22,37,27
random,90,180,9.469547325102887e-05,1.0,0.9999999999999998,0.000576720147926479,0.9916846959993236,6,23,35,26
random,90,181,9.222633744856045e-05,0.9982502173821435,0.9923953268977463,0.00014707653061224487,0.9960660508490324,6,24,35,25
random,90,182,2.753497942386839e-05,0.9930069930069931,0.9696969696969696,8.563328978174573e-05,0.9982517482517483,6,22,36,26
random,90,183,0.00033576543209876407,1.0,0.9999999999999998,0.0014058861403741937,0.9991251086910717,5,22,38,25
random,90,184,0.00010251440329218069,1.0,0.9999999999999998,0.0005971616124260366,0.9863858276557446,4,21,39,26
random,90,185,0.0001635843621399167,0.99124495269876,0.9618600860701234,0.0005983183352271189,0.9924999184269561,5,24,37,24
random,90,186,0.0003478641975308658,1.0,0.9999999999999998,0.0011915401417058123,0.9960526315789474,6,21,37,26
random,90,187,0.00010193827160493877,1.0,0.9999999999999998,0.00028618079176114897,0.9916816315767294,6,21,35,28
random,90,188,0.0005071234567901234,0.9860139860139862,0.9393939393939392,0.0005153643675767199,0.9781123790635154,6,22,35,27
random,90,189,8.177366255143977e-05,1.0,0.9999999999999998,0.0004558037244987838,0.9733050694732244,6,20,35,29
random,90,190,3.839917695473256e-05,1.0,0.9999999999999998,0.00036067688649533904,0.9938584544438094,5,21,36,28
random,90,191,0.0005400452674897109,1.0,0.9999999999999998,0.0010870012843825767,0.9986842105263158,6,21,37,26
random,90,192,0.0003393868312757205,1.0,0.9999999999999998,0.0012904702853363563,0.9973745552692921,6,21,35,28
random,90,193,0.00031263786008230496,1.0,0.9999999999999998,0.0003188080080963239,0.9907956079008711,6,22,36,26
random,90,194,0.00022292592592592449,1.0,0.9999999999999998,0.00042271587254833555,0.99474413253016,6,22,37,25
random,90,195,0.00019856378600822903,0.9982502173821435,0.9923953268977463,0.000912957798586233,0.9746066822992295,6,21,39,24
random,90,196,3.189711934156437e-05,0.99124495269876,0.9618600860701234,0.0009784783923092737,0.9842107558934996,5,20,36,29
random,90,197,7.107407407407487e-05,1.0,0.9999999999999998,0.0002396530139833712,0.9986853613630797,6,21,35,28
random,90,198,7.593004115226246e-05,1.0,0.9999999999999998,0.0013619512896820708,0.9933932914883112,5,21,37,27
random,90,199,2.638271604938247e-05,1.0,0.9999999999999998,0.00021488313219864694,0.9934264240991733,6,23,35,26
random,95,0,2.7877192982455988e-05,1.0,0.9999999999999998,8.563730457654584e-05,0.9991228070175439,6,21,39,29
random,95,1,2.7544783010156655e-05,1.0,0.9999999999999998,0.00012520495705181593,0.9943086058329983,6,23,37,29
random,95,2,5.266020313942764e-05,0.9930069930069931,0.9696969696969696,0.00011271433055742469,0.9912149486311059,6,22,39,28
random,95,3,0.00023807109879962998,1.0,0.9999999999999998,0.00022660778798505902,0.9982517482517483,6,23,39,27
random,95,4,0.00024386980609418206,1.0,0.9999999999999998,0.00027595202380943125,1.0,6,23,37,29
random,95,5,2.4109879963065487e-05,0.9930069930069931,0.9696969696969696,5.0030891343632835e-05,0.9930069930069931,6,24,37,28
random,95,6,8.501477377654731e-05,1.0,0.9999999999999998,0.0001420382598388138,0.9991228070175439,6,23,36,30
random,95,7,4.516251154201316e-05,0.9930069930069931,0.9696969696969696,0.0006386183312935412,0.9942992963535575,5,23,38,29
random,95,8,7.936380424746079e-05,1.0,0.9999999999999998,0.0006174094144429075,0.9938311158315725,5,23,39,28
random,95,9,1.849584487534624e-05,1.0,0.9999999999999998,0.0003379665255060476,1.0,5,23,38,29
random,95,10,4.361126500461663e-05,1.0,0.9999999999999998,0.0002000271636432353,0.9969359587780642,6,21,40,28
random,95,11,2.946537396121891e-05,1.0,0.9999999999999998,0.0005893339284205116,0.9924999184269561,5,23,39,28
random,95,12,3.400831024930759e-05,0.9982502173821435,0.9923953268977463,0.0005735002683067554,0.9898683394795877,5,22,38,30
random,95,13,0.00012808033240997098,0.9930069930069931,0.9696969696969696,0.0003227604230023687,0.9916816315767294,6,22,39,28
random,95,14,4.176454293628784e-05,0.9982502173821435,0.9923953268977463,0.0002651159902014874,0.9956201693043798,5,23,37,30
random,95,15,6.314958448753444e-05,1.0,0.9999999999999998,0.0006118626446859858,0.9968951570535083,5,23,39,28
random,95,16,2.0822714681440274e-05,1.0,0.9999999999999998,0.00014055315127929846,0.9995625543455359,6,23,36,30
random,95,17,5.8606648199445814e-05,1.0,0.9999999999999998,0.00010825962476541622,0.99781123817469,6,24,37,28
random,95,18,0.00014071191135734011,1.0,0.9999999999999998,0.0008384743336970413,0.9969355800892671,6,21,39,29
random,95,19,2.2927977839335405e-05,1.0,0.9999999999999998,0.0006115384728179617,0.9977957998500611,5,23,37,30
random,95,20,2.8098799630655687e-05,1.0,0.9999999999999998,0.0005872739163504247,0.985069465779485,5,23,39,28
random,95,21,4.686149584487516e-05,1.0,0.9999999999999998,0.00011972113541476936,0.9899333798284777,6,21,38,30
random,95,22,8.63074792243775e-05,1.0,0.9999999999999998,0.0006987438576620135,0.9982517482517483,5,24,37,29
random,95,23,2.780332409972327e-05,1.0,0.9999999999999998,0.00012327066746209412,1.0,6,21,39,29
random,95,24,6.230009233610298e-05,1.0,0.9999999999999998,0.0005204506948137839,0.9942481701752078,5,24,37,29
random,95,25,6.185687903970427e-05,1.0,0.9999999999999998,0.0006075647165549936,0.9921001796807567,5,23,38,29
random,95,26,9.077654662973266e-05,1.0,0.9999999999999998,0.00015569731465119038,0.9973745552692921,6,23,38,28
random,95,27,4.080424746075737e-05,1.0,0.9999999999999998,0.00013311188842188632,0.9991228070175439,6,22,38,29
random,95,28,5.173684210526367e-05,1.0,0.9999999999999998,0.0005033458662064434,0.9841563811564357,6,20,39,30
random,95,29,7.079501385041572e-05,0.9982502173821435,0.9923953268977463,0.0001711251741372622,0.9899333798284777,6,22,38,29
random,95,30,6.569806094182722e-05,1.0,0.9999999999999998,0.0004389004368311804,0.9982517482517483,6,22,37,30
random,95,31,3.7036934441366945e-05,1.0,0.9999999999999998,0.0006460289564961046,0.9982517482517483,5,24,37,29
random,95,32,6.887442289935363e-05,0.9982502173821435,0.9923953268977463,0.00043592568972033324,0.9973745552692921,6,21,40,28
random,95,33,1.3768236380424914e-05,0.9982502173821435,0.9923953268977463,0.00011613914333808018,0.9982517482517483,6,24,36,29
random,95,34,6.946537396121875e-05,1.0,0.9999999999999998,0.0006013702990112628,0.9978143025972841,4,22,40,29
random,95,35,2.2817174515235303e-05,0.9930069930069931,0.9696969696969696,0.0003054796691617025,0.9912441859222654,5,23,37,30
random,95,36,3.68522622345335e-05,0.9930069930069931,0.9696969696969696,9.770671184469455e-05,0.9969170364598496,6,23,36,30
random,95,37,1.299261311172653e-05,1.0,0.9999999999999998,0.0001694671903043197,1.0,6,23,37,29
random,95,38,7.61874422899342e-05,1.0,0.9999999999999998,0.0005436590345270812,0.9982517482517483,6,22,38,29
random,95,39,1.0739612188365781e-05,1.0,0.9999999999999998,0.0006341181779181956,0.9947094596507924,5,23,39,28
random,95,40,4.918836565096949e-05,1.0,0.9999999999999998,0.00017822773747248432,1.0,6,23,38,28
random,95,41,0.000159659279778393,1.0,0.9999999999999998,0.0007296088230050867,0.9916415676867267,5,22,38,30
random,95,42,5.1699907663896755e-05,1.0,0.9999999999999998,0.00030170137927848956,0.998242914129722,6,22,39,28
random,95,43,2.1302862419205633e-05,1.0,0.9999999999999998,0.0002621544593522236,1.0,5,24,38,28
random,95,44,6.603047091412698e-05,1.0,0.9999999999999998,8.756503267228788e-05,0.9912587412587412,6,24,38,27
random,95,45,3.260480147737782e-05,1.0,0.9999999999999998,6.868109281041188e-05,0.9991228070175439,6,23,36,30
random,95,46,5.912373037857813e-05,1.0,0.9999999999999998,0.00014515478084265097,0.9908078763341922,6,23,37,29
random,95,47,4.401754385964897e-05,1.0,0.9999999999999998,9.890952514431464e-05,0.9886026254447308,6,21,38,30
random,95,48,0.00019120129270544726,0.9930069930069931,0.9696969696969696,0.0008573536461757609,0.9986842105263158,6,20,39,30
random,95,49,1.7461680517082143e-05,1.0,0.9999999999999998,0.0005413160865094292,0.9977957998500611,5,24,37,29
random,95,50,0.00011075807940904942,1.0,0.9999999999999998,0.0004479672616426665,0.9943043798306956,5,23,39,28
random,95,51,9.214312096029559e-05,1.0,0.9999999999999998,0.00034681825044493436,0.9964938717831677,5,22,38,30
random,95,52,3.157063711911325e-05,1.0,0.9999999999999998,4.229325160792336e-05,0.9982517482517483,6,24,37,28
random,95,53,6.263250230840312e-05,1.0,0.9999999999999998,0.00012164902736224077,0.9916912035333089,6,23,38,28
random,95,54,0.00017181071098799536,1.0,0.9999999999999998,0.0004880940013916413,1.0,6,22,39,28
random,95,55,6.433148661126472e-05,1.0,0.9999999999999998,0.00020197824471519517,0.984943425916198,6,22,39,28
random,95,56,0.00010414681440443136,0.9982502173821435,0.9923953268977463,0.00016976311896384062,0.9916816315767294,6,23,37,29
random,95,57,5.192151431209692e-05,1.0,0.9999999999999998,0.0002239711934156379,0.9982517482517483,5,24,36,30
random,95,58,2.1819944598337292e-05,1.0,0.9999999999999998,0.00010266957045803182,1.0,6,24,39,26
random,95,59,3.962234533702643e-05,1.0,0.9999999999999998,0.00013173366307653994,0.9982517482517483,6,23,36,30
random,95,60,5.724007386888218e-05,1.0,0.9999999999999998,0.00024426098648594935,0.99781123817469,6,22,39,28
random,95,61,5.354662973222556e-05,1.0,0.9999999999999998,0.00022243356703955498,0.9991212626589147,6,23,39,27
random,95,62,6.241089566020305e-05,1.0,0.9999999999999998,0.0005817723735045263,0.9938107245207437,5,23,37,30
random,95,63,9.262326869806148e-05,1.0,0.9999999999999998,0.0002030173453511662,0.9969355800892671,6,23,38,28
random,95,64,3.2235457063712594e-05,1.0,0.9999999999999998,0.0006265005833858856,0.9973583541955968,5,21,39,30
random,95,65,2.9834718374884402e-05,1.0,0.9999999999999998,0.00033889434529018133,0.9916816315767294,5,23,38,29
random,95,66,3.9216066481995004e-05,0.9930069930069931,0.9696969696969696,7.321716877629726e-05,0.9951877070298125,6,22,39,28
random,95,67,2.3001846722068306e-05,1.0,0.9999999999999998,6.845378886884682e-05,1.0,6,24,37,28
random,95,68,0.00010614127423822838,1.0,0.9999999999999998,0.0007286305165495176,0.9960475481018093,5,23,39,28
random,95,69,1.9382271468144054e-05,1.0,0.9999999999999998,0.0005444955646896979,1.0,5,23,40,27
random,95,70,8.298337950138523e-05,1.0,0.9999999999999998,0.00020871948530909698,1.0,6,23,37,29
random,95,71,6.913296398892056e-05,1.0,0.9999999999999998,0.00033924811768351544,0.9995579130051038,5,24,38,28
random,95,72,0.00015592890120036854,1.0,0.9999999999999998,0.0004960430785962788,0.9960660508490324,6,22,38,29
random,95,73,3.9585410895660685e-05,1.0,0.9999999999999998,0.0005420978563786237,0.9907516666787044,5,24,38,28
random,95,74,3.341735918744243e-05,1.0,0.9999999999999998,2.9237256604437868e-05,0.9965034965034967,6,24,38,27
random,95,75,5.295567867035953e-05,1.0,0.9999999999999998,3.4396258503401296e-05,0.9982517482517483,6,24,35,30
random,95,76,9.258633425669455e-05,0.9930069930069931,0.9696969696969696,0.00014476682573601792,0.9943086058329983,6,23,39,27
random,95,77,0.000138052631578947,1.0,0.9999999999999998,0.00020826812411310023,1.0,6,23,38,28
random,95,78,2.089658356417348e-05,1.0,0.9999999999999998,0.00013108078033937507,0.9921298000245369,6,23,37,29
random,95,79,0.0001028910433979688,0.9930069930069931,0.9696969696969696,9.80017006802721e-05,0.993006993006993,6,24,35,30
random,95,80,5.147830101569748e-05,1.0,0.9999999999999998,0.0001330759894219661,0.9908078763341922,6,22,37,30
random,95,81,3.223545706371175e-05,1.0,0.9999999999999998,0.0003968144665338272,0.9956105445840511,5,23,39,28
random,95,82,5.5762696214219216e-05,1.0,0.9999999999999998,0.0006759500240101447,0.9973684210526316,6,21,39,29
random,95,83,8.645521698984253e-05,1.0,0.9999999999999998,0.00016823107974780138,1.0,6,23,38,28
random,95,84,0.00013439612188365636,0.9930069930069931,0.9696969696969696,0.00017158507889921147,0.9991228070175439,6,21,38,30
random,95,85,2.115512465374011e-05,0.9930069930069931,0.9696969696969696,0.000577213646646857,0.9934159691544409,5,23,39,28
random,95,86,0.00020242936288088654,1.0,0.9999999999999998,0.0007758179011088165,0.9991228070175439,6,21,39,29
random,95,87,2.8098799630655057e-05,1.0,0.9999999999999998,0.00020419174000255115,0.9982517482517483,6,24,37,28
random,95,88,3.7664819944598415e-05,1.0,0.9999999999999998,0.00011321514455802159,0.9982517482517483,6,23,36,30
random,95,89,5.4137580794090156e-05,1.0,0.9999999999999998,0.0001538875084769393,1.0,6,22,38,29
random,95,90,8.372206832871528e-05,1.0,0.9999999999999998,0.00013175475529974897,0.9982517482517483,6,22,37,30
random,95,91,5.2918744228993994e-05,1.0,0.9999999999999998,0.0005929622657831094,0.9934159691544409,5,23,38,29
random,95,92,3.38975069252079e-05,1.0,0.9999999999999998,0.0003782238505030925,0.9960552943918601,6,22,38,29
random,95,93,0.00013675992613111776,1.0,0.9999999999999998,0.0003566376146030861,0.9942622009886454,4,22,39,30
random,95,94,2.647368421052645e-05,0.9930069930069931,0.9696969696969696,0.0006795664862931235,0.9938711601785342,5,23,38,29
random,95,95,3.3491228070175526e-05,0.9930069930069931,0.9696969696969696,0.00010701498826458913,0.9925603540847465,6,23,37,29
random,95,96,8.224469067405309e-05,1.0,0.9999999999999998,0.00011147743855272811,0.9982517482517483,6,24,37,28
random,95,97,0.00020242936288088732,1.0,0.9999999999999998,0.0006416281557062654,0.9982517482517483,6,22,39,28
random,95,98,4.058264081255694e-05,1.0,0.9999999999999998,0.00015014678864967083,0.9995625543455359,6,21,39,29
random,95,99,0.00011596583564173626,1.0,0.9999999999999998,0.00015081906536593966,0.9912441859222654,6,23,38,28
random,95,100,0.00014946537396121743,1.0,0.9999999999999998,0.00015434192546738188,0.9991212626589147,6,23,39,27
random,95,101,1.3694367497691488e-05,1.0,0.9999999999999998,0.0005289714773042591,0.9968951570535083,5,22,39,29
random,95,102,7.958541089565897e-05,1.0,0.9999999999999998,0.0004394522755577782,0.9982421235314195,5,23,39,28
random,95,103,6.658448753462614e-05,0.9930069930069931,0.9696969696969696,0.0006662119388911884,0.99781123817469,5,24,39,27
random,95,104,3.463619575253943e-05,1.0,0.9999999999999998,0.00035479972382920517,0.9982517482517483,5,24,38,28
random,95,105,7.810803324099736e-05,1.0,0.9999999999999998,0.0006666419861265527,0.99781123817469,5,24,38,28
random,95,106,8.279870729455131e-05,0.9982502173821435,0.9923953268977463,0.00012274589484897856,0.9982479157086156,6,23,38,28
random,95,107,3.2050784856878795e-05,0.9982502173821435,0.9923953268977463,0.00011600501167184101,0.9982517482517483,6,24,38,27
random,95,108,0.00010303878116343512,1.0,0.9999999999999998,0.0005860621858046305,0.9933717426192961,5,21,39,30
random,95,109,8.623361034164307e-05,1.0,0.9999999999999998,0.0006177923400816163,0.9881538983122495,5,24,38,28
random,95,110,1.8754385964912544e-05,1.0,0.9999999999999998,5.8745014319338745e-05,0.9982517482517483,6,24,37,28
random,95,111,4.940997229916847e-05,1.0,0.9999999999999998,7.432454172319044e-05,0.9991251086910717,6,24,37,28
random,95,112,1.838504155124643e-05,0.9982502173821435,0.9923953268977463,0.00010881824828658896,0.9930069930069931,6,24,38,27
random,95,113,2.632594644506032e-05,0.9930069930069931,0.9696969696969696,0.00019726500784375455,0.9881851280802261,6,23,37,29
random,95,114,7.869898430286195e-05,1.0,0.9999999999999998,0.00023016244795090923,0.9947552447552448,6,24,39,26
random,95,115,3.855124653739592e-05,1.0,0.9999999999999998,0.00043200829438328386,0.9828650344933675,5,21,40,29
random,95,116,7.969621421976055e-05,0.9930069930069931,0.9696969696969696,0.00013058907321218107,0.9920703580114596,6,21,39,29
random,95,117,7.253093259464406e-05,1.0,0.9999999999999998,0.0002629093320261527,0.9951827236499158,6,22,39,28
random,95,118,3.925300092336098e-05,0.9982502173821435,0.9923953268977463,0.0005443100005109636,0.9942635781061399,5,23,38,29
random,95,119,3.965927977839304e-05,1.0,0.9999999999999998,5.3285911588692636e-05,1.0,6,24,36,29
random,95,120,0.00017827423822714905,1.0,0.9999999999999998,0.00029235250133094974,0.9995625543455359,6,23,37,29
random,95,121,5.387903970452434e-05,1.0,0.9999999999999998,0.00015344768522812963,0.9986838170044505,6,23,38,28
random,95,122,3.5891966759002726e-05,1.0,0.9999999999999998,8.825692014130327e-05,0.9912587412587412,6,24,38,27
random,95,123,3.7812557710064366e-05,1.0,0.9999999999999998,0.0006016713580627262,0.9968951570535083,5,23,38,29
random,95,124,0.0001054764542936278,0.9930069930069931,0.9696969696969696,0.0007927851001511715,0.9890412219359588,6,21,40,28
random,95,125,3.685226223453345e-05,0.9930069930069931,0.9696969696969696,0.0001375703053259868,0.9956201693043798,6,22,40,27
random,95,126,3.3565096952907984e-05,0.9930069930069931,0.9696969696969696,0.00013217318650010976,0.9965034965034966,6,24,39,26
random,95,127,2.802493074792228e-05,1.0,0.9999999999999998,0.00021509716969446207,0.9947552447552448,6,23,37,29
random,95,128,0.00018403601108033286,0.9930069930069931,0.9696969696969696,0.0004420177878588827,0.9965034965034967,6,23,39,27
random,95,129,8.054570637119092e-05,1.0,0.9999999999999998,0.00016683314039080761,1.0,6,23,38,28
random,95,130,0.0002266214219759919,1.0,0.9999999999999998,0.00021499925586746893,1.0,6,23,38,28
random,95,131,1.9419205909510534e-05,1.0,0.9999999999999998,0.00017001729774744322,0.9965034965034966,6,23,37,29
random,95,132,3.459926131117237e-05,1.0,0.9999999999999998,0.0006527741370882606,0.9982421235314195,5,22,40,28
random,95,133,0.00014610433979686123,1.0,0.9999999999999998,0.0006210187483215855,0.9960475481018093,5,23,37,30
random,95,134,8.21338873499552e-05,1.0,0.9999999999999998,0.0001951793763685597,0.9965034965034967,6,23,38,28
random,95,135,0.00012748938134810747,0.9930069930069931,0.9696969696969696,0.0003515789439238352,0.9864095883183672,6,22,38,29
random,95,136,8.601200369344368e-05,1.0,0.9999999999999998,0.00015172695180129374,0.9969355652561988,6,23,37,29
random,95,137,9.616897506925196e-05,1.0,0.9999999999999998,0.00011941943951202025,0.9986842105263158,6,23,39,27
random,95,138,3.5707294552169665e-05,1.0,0.9999999999999998,0.0005565190713595884,0.9903346123350689,5,23,37,30
random,95,139,4.586426592797762e-05,1.0,0.9999999999999998,7.13138779982408e-05,0.9982517482517483,6,24,37,28
random,95,140,1.3842105263157991e-05,0.9982502173821435,0.9923953268977463,0.00010875648485771654,0.9938584544438094,6,21,38,30
random,95,141,6.551338873499522e-05,1.0,0.9999999999999998,0.00024270951436130027,0.9995625543455359,6,21,40,28
random,95,142,7.748014773776572e-05,0.9930069930069931,0.9696969696969696,0.00018402970871048304,0.9973730109106629,6,23,40,26
random,95,143,0.00011179224376731398,0.9982502173821435,0.9923953268977463,0.00015095671029551362,0.9930069930069931,6,24,37,28
random,95,144,8.545798707294582e-05,0.9930069930069931,0.9696969696969696,0.000622776050741699,0.999118931103656,5,22,39,29
random,95,145,7.29372114496773e-05,1.0,0.9999999999999998,0.00018094919749112235,0.9956263035210404,6,23,38,28
random,95,146,0.00014961311172668592,1.0,0.9999999999999998,0.0004262189273247422,0.9982517482517483,6,23,40,26
random,95,147,4.209695290858695e-05,1.0,0.9999999999999998,0.00022455657607516543,1.0,6,23,37,29
random,95,148,1.605817174515208e-05,1.0,0.9999999999999998,0.00016236913714623495,1.0,6,23,37,29
random,95,149,3.8957525392428206e-05,1.0,0.9999999999999998,0.00045497894726924295,0.9986807200226476,5,22,39,29
random,95,150,0.00011504247460757107,1.0,0.9999999999999998,0.00012458131048864645,1.0,6,24,37,28
random,95,151,8.734164358264047e-05,1.0,0.9999999999999998,0.00022540265992321284,0.9964698282815421,6,22,40,27
random,95,152,3.659372114496767e-05,0.9930069930069931,0.9696969696969696,0.00032605847522025047,0.9991212626589147,6,22,39,28
random,95,153,2.495937211449695e-05,1.0,0.9999999999999998,0.0003597453314011475,0.9912441859222654,6,22,38,29
random,95,154,2.968698060941836e-05,1.0,0.9999999999999998,0.00010098871251422427,0.9947225248420296,6,22,38,29
random,95,155,3.253093259464411e-05,0.9964973622679555,0.9847319278346618,0.00036397489983561854,0.9916816315767294,6,22,37,30
random,95,156,6.857894736842094e-05,1.0,0.9999999999999998,0.0001337904786561101,0.9982517482517483,6,23,37,29
random,95,157,0.00018588273314866253,1.0,0.9999999999999998,0.0007316902326695984,0.9969186068676049,5,22,38,30
random,95,158,7.105355493998168e-05,1.0,0.9999999999999998,0.0007278556201906445,1.0,5,23,37,30
random,95,159,3.611357340720256e-05,1.0,0.9999999999999998,6.980116752527769e-05,0.9921112451819956,6,22,38,29
random,95,160,0.0001650517082179131,1.0,0.9999999999999998,0.0001573327801400114,1.0,6,24,38,27
random,95,161,9.151523545706379e-05,1.0,0.9999999999999998,0.00018943056523899638,1.0,6,22,40,27
random,95,162,3.0462603878116102e-05,0.9930069930069931,0.9696969696969696,0.000471586675432829,0.9924999184269561,5,24,40,26
random,95,163,9.83111726685128e-05,1.0,0.9999999999999998,0.00024128741345743113,0.9977988830186348,6,22,39,28
random,95,164,6.518097876269606e-05,1.0,0.9999999999999998,9.548089800718223e-05,0.9956201693043798,6,21,39,29
random,95,165,0.00021524561403508873,1.0,0.9999999999999998,0.0002195480066190062,0.9973730109106629,6,23,37,29
random,95,166,0.00015596583564173676,1.0,0.9999999999999998,0.00016644996956724153,0.9986842105263158,6,23,39,27
random,95,167,0.0001004903047091408,1.0,0.9999999999999998,0.00024710164286551853,0.9776327297841324,6,21,38,30
random,95,168,6.392520775623285e-05,1.0,0.9999999999999998,5.068575891917816e-05,0.9982517482517483,6,24,36,29
random,95,169,2.0379501385041533e-05,1.0,0.9999999999999998,0.0006851963653705051,1.0,5,23,37,30
random,95,170,8.556879039704502e-05,1.0,0.9999999999999998,0.000147339776819782,0.993006993006993,6,23,37,29
random,95,171,3.5596491228070776e-05,1.0,0.9999999999999998,0.00011269641354988235,1.0,6,23,37,29
random,95,172,3.6704524469066897e-05,1.0,0.9999999999999998,0.00021566156124289653,0.9995625543455359,6,23,37,29
random,95,173,3.519021237303839e-05,1.0,0.9999999999999998,0.0001390117984445528,0.9969309753981674,6,22,39,28
random,95,174,5.9160664819945185e-05,1.0,0.9999999999999998,0.00020734953703703706,0.9995625543455359,6,21,40,28
random,95,175,2.0748845798707393e-05,1.0,0.9999999999999998,0.00017192613797042367,0.9995625543455359,6,23,39,27
random,95,176,5.336195752539197e-05,1.0,0.9999999999999998,0.00048730065343286253,0.9964854421712814,6,20,40,29
random,95,177,1.8791320406278644e-05,1.0,0.9999999999999998,0.0001494568591944408,1.0,6,23,37,29
random,95,178,3.123822714681406e-05,1.0,0.9999999999999998,0.0001654164754506017,0.9982517482517483,6,23,40,26
random,95,179,4.6935364727608254e-05,1.0,0.9999999999999998,6.705703484549643e-05,0.9982517482517483,6,24,39,26
random,95,180,5.339889196675915e-05,1.0,0.9999999999999998,0.0005787893504987455,0.9977957998500611,5,24,37,29
random,95,181,0.00018230009233610416,1.0,0.9999999999999998,0.00025195846536316254,0.9991228070175439,6,23,37,29
random,95,182,0.00022894829178208683,1.0,0.9999999999999998,0.0015652835487842418,0.9964664310954063,3,24,38,30
random,95,183,1.387903970452444e-05,1.0,0.9999999999999998,4.999368872839157e-05,1.0,6,22,39,28
random,95,184,5.029639889196638e-05,1.0,0.9999999999999998,7.577777777777775e-05,0.9995625543455359,6,24,40,25
random,95,185,4.272483841181923e-05,1.0,0.9999999999999998,0.000272892180069326,1.0,5,24,37,29
random,95,186,2.296491228070151e-05,1.0,0.9999999999999998,4.221568972857113e-05,0.9982517482517483,6,24,36,29
random,95,187,8.098891966759046e-05,1.0,0.9999999999999998,0.00016809203024388978,0.9978143025972841,6,23,37,29
random,95,188,3.951154201292718e-05,1.0,0.9999999999999998,3.898809523809524e-05,0.99781123817469,6,24,35,30
random,95,189,2.6769159741458993e-05,1.0,0.9999999999999998,5.358684668946928e-05,0.9978143025972842,6,24,36,29
random,95,190,2.2595567867035465e-05,0.9982502173821435,0.9923953268977463,0.0001594921196464502,0.9991228070175439,6,22,37,30
random,95,191,5.0591874422899225e-05,1.0,0.9999999999999998,7.7828178290591e-05,0.9943086058329983,6,24,36,29
random,95,192,4.102585410895644e-05,0.9982502173821435,0.9923953268977463,0.0002471239849707588,0.9969309753981674,6,22,38,29
random,95,193,3.7443213296398854e-05,1.0,0.9999999999999998,0.00024732086173063535,0.992540350474979,6,22,38,29
random,95,194,4.859741458910467e-05,1.0,0.9999999999999998,0.00011445393245621237,0.9956263035210404,6,23,39,27
random,95,195,3.500554016620517e-05,0.9860139860139862,0.9393939393939392,0.0005101062939146726,0.9881089701347788,5,21,39,30
random,95,196,6.477469990766476e-05,1.0,0.9999999999999998,0.00016961255535763643,0.9960583871068109,6,23,37,29
random,95,197,4.597506925207807e-05,0.9982502173821435,0.9923953268977463,0.00024518705872452737,0.9951842490853529,6,23,38,28
random,95,198,6.019482917820817e-05,1.0,0.9999999999999998,0.000950140817671628,0.9978035461401118,5,22,39,29
random,95,199,9.221698984302806e-05,1.0,0.9999999999999998,9.332812842428213e-05,0.9995625543455359,6,24,39,26
random,100,0,7.836127461225566e-33,1.0,0.9999999999999998,0.0,1.0,6,24,40,30
random,100,1,2.7163636923961638e-33,1.0,0.9999999999999998,0.0,1.0,6,24,40,30
random,100,2,6.487976500154501e-33,1.0,0.9999999999999998,0.0,1.0,6,24,40,30
random,100,3,1.0404034053741881e-32,1.0,0.9999999999999998,0.0,1.0,6,24,40,30
random,100,4,9.055883092670816e-33,1.0,0.9999999999999998,0.0,1.0,6,24,40,30
random,100,5,2.442721146131144e-32,1.0,0.9999999999999998,0.0,1.0,6,24,40,30
random,100,6,7.12995314828358e-33,1.0,0.9999999999999998,0.0,1.0,6,24,40,30
random,100,7,8.413906444541737e-33,1.0,0.9999999999999998,0.0,1.0,6,24,40,30
random,100,8,7.527176199313447e-33,1.0,0.9999999999999998,0.0,1.0,6,24,40,30
random,100,9,1.3758362040216316e-32,1.0,0.9999999999999998,0.0,1.0,6,24,40,30
random,100,10,1.521885891470997e-32,1.0,0.9999999999999998,0.0,1.0,6,24,40,30
random,100,11,1.85691745471336e-32,1.0,0.9999999999999998,0.0,1.0,6,24,40,30
random,100,12,6.500013562306921e-33,1.0,0.9999999999999998,0.0,1.0,6,24,40,30
random,100,13,6.80896482421904e-33,1.0,0.9999999999999998,0.0,1.0,6,24,40,30
random,100,14,2.138584709079993e-33,1.0,0.9999999999999998,0.0,1.0,6,24,40,30
random,100,15,5.460813863147975e-33,1.0,0.9999999999999998,0.0,1.0,6,24,40,30
random,100,16,9.581501473326498e-33,1.0,0.9999999999999998,0.0,1.0,6,24,40,30
random,100,17,9.886440381187811e-33,1.0,0.9999999999999998,0.0,1.0,6,24,40,30
random,100,18,1.0147243394490249e-32,1.0,0.9999999999999998,0.0,1.0,6,24,40,30
random,100,19,1.0468231718554788e-32,1.0,0.9999999999999998,0.0,1.0,6,24,40,30
random,100,20,1.421978275605909e-32,1.0,0.9999999999999998,0.0,1.0,6,24,40,30
random,100,21,1.8316396241932775e-32,1.0,0.9999999999999998,0.0,1.0,6,24,40,30
random,100,22,1.553984723877451e-32,1.0,0.9999999999999998,0.0,1.0,6,24,40,30
random,100,23,1.253459405472026e-32,1.0,0.9999999999999998,0.0,1.0,6,24,40,30
random,100,24,4.4497006423446764e-33,1.0,0.9999999999999998,0.0,1.0,6,24,40,30
random,100,25,1.3882745015791324e-32,1.0,0.9999999999999998,0.0,1.0,6,24,40,30
random,100,26,1.0404034053741881e-32,1.0,0.9999999999999998,0.0,1.0,6,24,40,30
random,100,27,9.328723168125674e-33,1.0,0.9999999999999998,0.0,1.0,6,24,40,30
random,100,28,1.2715149987006562e-32,1.0,0.9999999999999998,0.0,1.0,6,24,40,30
random,100,29,1.242224814129767e-32,1.0,0.9999999999999998,0.0,1.0,6,24,40,30
random,100,30,1.4476573415310724e-32,1.0,0.9999999999999998,0.0,1.0,6,24,40,30
random,100,31,1.6246021551716497e-32,1.0,0.9999999999999998,0.0,1.0,6,24,40,30
random,100,32,8.811129495571604e-33,1.0,0.9999999999999998,0.0,1.0,6,24,40,30
random,100,33,5.8459998520254224e-33,1.0,0.9999999999999998,0.0,1.0,6,24,40,30
random,100,34,6.500013562306921e-33,1.0,0.9999999999999998,0.0,1.0,6,24,40,30
random,100,35,1.0548478799570923e-32,1.0,0.9999999999999998,0.0,1.0,6,24,40,30
random,100,36,1.0484281134758015e-32,1.0,0.9999999999999998,0.0,1.0,6,24,40,30
random,100,37,1.574848964941646e-32,1.0,0.9999999999999998,0.0,1.0,6,24,40,30
random,100,38,1.7269171834672216e-32,1.0,0.9999999999999998,0.0,1.0,6,24,40,30
random,100,39,3.611118645726067e-33,1.0,0.9999999999999998,0.0,1.0,6,24,40,30
random,100,40,9.842304486628936e-33,1.0,0.9999999999999998,0.0,1.0,6,24,40,30
random,100,41,1.003489748106766e-32,1.0,0.9999999999999998,0.0,1.0,6,24,40,30
random,100,42,7.334583204874724e-33,1.0,0.9999999999999998,0.0,1.0,6,24,40,30
random,100,43,1.9648497786800612e-32,1.0,0.9999999999999998,0.0,1.0,6,24,40,30
random,100,44,1.0404034053741881e-32,1.0,0.9999999999999998,0.0,1.0,6,24,40,30
random,100,45,1.4909907652797852e-32,1.0,0.9999999999999998,0.0,1.0,6,24,40,30
random,100,46,2.3953753683316246e-33,1.0,0.9999999999999998,0.0,1.0,6,24,40,30
random,100,47,1.6053428557277773e-32,1.0,0.9999999999999998,0.0,1.0,6,24,40,30
random,100,48,1.36901520213526e-32,1.0,0.9999999999999998,0.0,1.0,6,24,40,30
random,100,49,1.9199114133110257e-32,1.0,0.9999999999999998,0.0,1.0,6,24,40,30
random,100,50,1.3770399102368736e-32,1.0,0.9999999999999998,0.0,1.0,6,24,40,30
random,100,51,6.500013562306921e-33,1.0,0.9999999999999998,0.0,1.0,6,24,40,30
random,100,52,1.8878125809045717e-32,1.0,0.9999999999999998,0.0,1.0,6,24,40,30
random,100,53,7.35063262107795e-33,1.0,0.9999999999999998,0.0,1.0,6,24,40,30
random,100,54,8.55835119037078e-33,1.0,0.9999999999999998,0.0,1.0,6,24,40,30
random,100,55,1.1366999025935499e-32,1.0,0.9999999999999998,0.0,1.0,6,24,40,30
random,100,56,8.301560531119147e-33,1.0,0.9999999999999998,0.0,1.0,6,24,40,30
random,100,57,2.0109918502643389e-32,1.0,0.9999999999999998,0.0,1.0,6,24,40,30
random,100,58,7.836127461225566e-33,1.0,0.9999999999999998,0.0,1.0,6,24,40,30
random,100,59,9.521316162564397e-33,1.0,0.9999999999999998,0.0,1.0,6,24,40,30
random,100,60,1.1443233752900826e-32,1.0,0.9999999999999998,0.0,1.0,6,24,40,30
random,100,61,5.2682208687092516e-33,1.0,0.9999999999999998,0.0,1.0,6,24,40,30
random,100,62,1.4829660571781716e-32,1.0,0.9999999999999998,0.0,1.0,6,24,40,30
random,100,63,6.949397215997276e-33,1.0,0.9999999999999998,0.0,1.0,6,24,40,30
random,100,64,1.3180583056900145e-32,1.0,0.9999999999999998,0.0,1.0,6,24,40,30
random,100,65,3.9802552184002877e-33,1.0,0.9999999999999998,0.0,1.0,6,24,40,30
random,100,66,2.0370721515945825e-32,1.0,0.9999999999999998,0.0,1.0,6,24,40,30
random,100,67,7.001557818657763e-33,1.0,0.9999999999999998,0.0,1.0,6,24,40,30
random,100,68,2.2665788033007282e-32,1.0,0.9999999999999998,0.0,1.0,6,24,40,30
random,100,69,7.531188553364253e-33,1.0,0.9999999999999998,0.0,1.0,6,24,40,30
random,100,70,1.4464536353158304e-32,1.0,0.9999999999999998,0.0,1.0,6,24,40,30
random,100,71,8.044769871867517e-33,1.0,0.9999999999999998,0.0,1.0,6,24,40,30
random,100,72,1.6583059291984263e-32,1.0,0.9999999999999998,0.0,1.0,6,24,40,30
random,100,73,9.854341548781356e-33,1.0,0.9999999999999998,0.0,1.0,6,24,40,30
random,100,74,2.7609008223601185e-32,1.0,0.9999999999999998,0.0,1.0,6,24,40,30
random,100,75,1.7353431269739157e-32,1.0,0.9999999999999998,0.0,1.0,6,24,40,30
random,100,76,1.369416437540341e-32,1.0,0.9999999999999998,0.0,1.0,6,24,40,30
random,100,77,1.342132429994855e-32,1.0,0.9999999999999998,0.0,1.0,6,24,40,30
random,100,78,9.376871416735355e-33,1.0,0.9999999999999998,0.0,1.0,6,24,40,30
random,100,79,1.036792286728462e-32,1.0,0.9999999999999998,0.0,1.0,6,24,40,30
random,100,80,2.04148574105047e-32,1.0,0.9999999999999998,0.0,1.0,6,24,40,30
random,100,81,2.2425046789958877e-32,1.0,0.9999999999999998,0.0,1.0,6,24,40,30
random,100,82,1.5744477295365653e-32,1.0,0.9999999999999998,0.0,1.0,6,24,40,30
random,100,83,1.2153420419893619e-32,1.0,0.9999999999999998,0.0,1.0,6,24,40,30
random,100,84,7.013594880810183e-33,1.0,0.9999999999999998,0.0,1.0,6,24,40,30
random,100,85,8.55835119037078e-33,1.0,0.9999999999999998,0.0,1.0,6,24,40,30
random,100,86,5.2682208687092516e-33,1.0,0.9999999999999998,0.0,1.0,6,24,40,30
random,100,87,2.1317637071936217e-32,1.0,0.9999999999999998,0.0,1.0,6,24,40,30
random,100,88,1.4524721663920405e-32,1.0,0.9999999999999998,0.0,1.0,6,24,40,30
random,100,89,8.863290098232092e-33,1.0,0.9999999999999998,0.0,1.0,6,24,40,30
random,100,90,1.3806510288825997e-32,1.0,0.9999999999999998,0.0,1.0,6,24,40,30
random,100,91,2.3721037148369456e-32,1.0,0.9999999999999998,0.0,1.0,6,24,40,30
random,100,92,1.454077108012363e-32,1.0,0.9999999999999998,0.0,1.0,6,24,40,30
random,100,93,9.120080757483723e-33,1.0,0.9999999999999998,0.0,1.0,6,24,40,30
random,100,94,4.1929099830930445e-33,1.0,0.9999999999999998,0.0,1.0,6,24,40,30
random,100,95,2.2681837449210508e-32,1.0,0.9999999999999998,0.0,1.0,6,24,40,30
random,100,96,8.542301774167552e-33,1.0,0.9999999999999998,0.0,1.0,6,24,40,30
random,100,97,9.842304486628936e-33,1.0,0.9999999999999998,0.0,1.0,6,24,40,30
random,100,98,1.1431196690748406e-32,1.0,0.9999999999999998,0.0,1.0,6,24,40,30
random,100,99,1.8107753831290823e-32,1.0,0.9999999999999998,0.0,1.0,6,24,40,30
random,100,100,1.0596627048180604e-32,1.0,0.9999999999999998,0.0,1.0,6,24,40,30
random,100,101,8.365758195932056e-33,1.0,0.9999999999999998,0.0,1.0,6,24,40,30
random,100,102,8.746931830758696e-33,1.0,0.9999999999999998,0.0,1.0,6,24,40,30
random,100,103,2.3002825773275048e-32,1.0,0.9999999999999998,0.0,1.0,6,24,40,30
random,100,104,1.6001267954617284e-32,1.0,0.9999999999999998,0.0,1.0,6,24,40,30
random,100,105,5.986432243803658e-33,1.0,0.9999999999999998,0.0,1.0,6,24,40,30
random,100,106,1.5182747728252708e-32,1.0,0.9999999999999998,0.0,1.0,6,24,40,30
random,100,107,7.01760723486099e-33,1.0,0.9999999999999998,0.0,1.0,6,24,40,30
random,100,108,5.990444597854465e-33,1.0,0.9999999999999998,0.0,1.0,6,24,40,30
random,100,109,3.679328664589782e-33,1.0,0.9999999999999998,0.0,1.0,6,24,40,30
random,100,110,1.0275638724116064e-32,1.0,0.9999999999999998,0.0,1.0,6,24,40,30
random,100,111,7.527176199313447e-33,1.0,0.9999999999999998,0.0,1.0,6,24,40,30
random,100,112,7.013594880810183e-33,1.0,0.9999999999999998,0.0,1.0,6,24,40,30
random,100,113,8.349708779728828e-33,1.0,0.9999999999999998,0.0,1.0,6,24,40,30
random,100,114,1.2679038800549302e-32,1.0,0.9999999999999998,0.0,1.0,6,24,40,30
random,100,115,3.0333396624098965e-33,1.0,0.9999999999999998,0.0,1.0,6,24,40,30
random,100,116,5.9743951816512377e-33,1.0,0.9999999999999998,0.0,1.0,6,24,40,30
random,100,117,1.2394161662942025e-32,1.0,0.9999999999999998,0.0,1.0,6,24,40,30
random,100,118,1.85089892363715e-32,1.0,0.9999999999999998,0.0,1.0,6,24,40,30
random,100,119,1.2550643470923488e-32,1.0,0.9999999999999998,0.0,1.0,6,24,40,30
random,100,120,8.349708779728828e-33,1.0,0.9999999999999998,0.0,1.0,6,24,40,30
random,100,121,8.04075751781671e-33,1.0,0.9999999999999998,0.0,1.0,6,24,40,30
random,100,122,1.0163292810693476e-32,1.0,0.9999999999999998,0.0,1.0,6,24,40,30
random,100,123,3.4345750674905704e-33,1.0,0.9999999999999998,0.0,1.0,6,24,40,30
random,100,124,1.036792286728462e-32,1.0,0.9999999999999998,0.0,1.0,6,24,40,30
random,100,125,7.274397894112623e-33,1.0,0.9999999999999998,0.0,1.0,6,24,40,30
random,100,126,1.0351873451081393e-32,1.0,0.9999999999999998,0.0,1.0,6,24,40,30
random,100,127,8.734894768606275e-33,1.0,0.9999999999999998,0.0,1.0,6,24,40,30
random,100,128,1.7529974847974652e-32,1.0,0.9999999999999998,0.0,1.0,6,24,40,30
random,100,129,1.754602426417788e-32,1.0,0.9999999999999998,0.0,1.0,6,24,40,30
random,100,130,2.2473195038568558e-32,1.0,0.9999999999999998,0.0,1.0,6,24,40,30
random,100,131,3.165747346086519e-33,1.0,0.9999999999999998,0.0,1.0,6,24,40,30
random,100,132,2.0370721515945825e-32,1.0,0.9999999999999998,0.0,1.0,6,24,40,30
random,100,133,1.0159280456642669e-32,1.0,0.9999999999999998,0.0,1.0,6,24,40,30
random,100,134,6.002481660006885e-33,1.0,0.9999999999999998,0.0,1.0,6,24,40,30
random,100,135,1.0099095145880568e-32,1.0,0.9999999999999998,0.0,1.0,6,24,40,30
random,100,136,1.1250640758462102e-32,1.0,0.9999999999999998,0.0,1.0,6,24,40,30
random,100,137,1.695219586465848e-32,1.0,0.9999999999999998,0.0,1.0,6,24,40,30
random,100,138,1.2458359327754932e-32,1.0,0.9999999999999998,0.0,1.0,6,24,40,30
random,100,139,4.7546395502059885e-33,1.0,0.9999999999999998,0.0,1.0,6,24,40,30
random,100,140,1.1174406031496775e-32,1.0,0.9999999999999998,0.0,1.0,6,24,40,30
random,100,141,1.1700024412152458e-32,1.0,0.9999999999999998,0.0,1.0,6,24,40,30
random,100,142,8.811129495571604e-33,1.0,0.9999999999999998,0.0,1.0,6,24,40,30
random,100,143,1.2923792397648515e-32,1.0,0.9999999999999998,0.0,1.0,6,24,40,30
random,100,144,2.0627512175197458e-32,1.0,0.9999999999999998,0.0,1.0,6,24,40,30
random,100,145,1.1639839101390357e-32,1.0,0.9999999999999998,0.0,1.0,6,24,40,30
random,100,146,7.579336801973934e-33,1.0,0.9999999999999998,0.0,1.0,6,24,40,30
random,100,147,9.645699138139407e-33,1.0,0.9999999999999998,0.0,1.0,6,24,40,30
random,100,148,1.2470396389907352e-32,1.0,0.9999999999999998,0.0,1.0,6,24,40,30
random,100,149,1.1447246106951633e-32,1.0,0.9999999999999998,0.0,1.0,6,24,40,30
random,100,150,9.854341548781356e-33,1.0,0.9999999999999998,0.0,1.0,6,24,40,30
random,100,151,2.998432182167878e-32,1.0,0.9999999999999998,0.0,1.0,6,24,40,30
random,100,152,1.3180583056900145e-32,1.0,0.9999999999999998,0.0,1.0,6,24,40,30
random,100,153,7.531188553364253e-33,1.0,0.9999999999999998,0.0,1.0,6,24,40,30
random,100,154,2.966333349761424e-32,1.0,0.9999999999999998,0.0,1.0,6,24,40,30
random,100,155,8.285511114915921e-33,1.0,0.9999999999999998,0.0,1.0,6,24,40,30
random,100,156,7.322546142722303e-33,1.0,0.9999999999999998,0.0,1.0,6,24,40,30
random,100,157,6.937360153844856e-33,1.0,0.9999999999999998,0.0,1.0,6,24,40,30
random,100,158,1.0339836388928972e-32,1.0,0.9999999999999998,0.0,1.0,6,24,40,30
random,100,159,9.902489797391037e-33,1.0,0.9999999999999998,0.0,1.0,6,24,40,30
random,100,160,1.4990154733813985e-32,1.0,0.9999999999999998,0.0,1.0,6,24,40,30
random,100,161,8.815141849622411e-33,1.0,0.9999999999999998,0.0,1.0,6,24,40,30
random,100,162,7.575324447923128e-33,1.0,0.9999999999999998,0.0,1.0,6,24,40,30
random,100,163,1.574848964941646e-32,1.0,0.9999999999999998,0.0,1.0,6,24,40,30
random,100,164,6.247235257106096e-33,1.0,0.9999999999999998,0.0,1.0,6,24,40,30
random,100,165,1.1687987350000038e-32,1.0,0.9999999999999998,0.0,1.0,6,24,40,30
random,100,166,4.1246999642293303e-33,1.0,0.9999999999999998,0.0,1.0,6,24,40,30
random,100,167,8.5703882525232e-33,1.0,0.9999999999999998,0.0,1.0,6,24,40,30
random,100,168,1.632626863273263e-32,1.0,0.9999999999999998,0.0,1.0,6,24,40,30
random,100,169,9.132117819636143e-33,1.0,0.9999999999999998,0.0,1.0,6,24,40,30
random,100,170,1.7798802569378706e-32,1.0,0.9999999999999998,0.0,1.0,6,24,40,30
random,100,171,1.1459283169104053e-32,1.0,0.9999999999999998,0.0,1.0,6,24,40,30
random,100,172,1.003489748106766e-32,1.0,0.9999999999999998,0.0,1.0,6,24,40,30
random,100,173,2.2152206714504018e-32,1.0,0.9999999999999998,0.0,1.0,6,24,40,30
random,100,174,7.334583204874724e-33,1.0,0.9999999999999998,0.0,1.0,6,24,40,30
random,100,175,6.307420567868197e-33,1.0,0.9999999999999998,0.0,1.0,6,24,40,30
random,100,176,2.0948500499261996e-32,1.0,0.9999999999999998,0.0,1.0,6,24,40,30
random,100,177,2.067566042380714e-32,1.0,0.9999999999999998,0.0,1.0,6,24,40,30
random,100,178,6.616371829780316e-33,1.0,0.9999999999999998,0.0,1.0,6,24,40,30
random,100,179,9.82625507042571e-33,1.0,0.9999999999999998,0.0,1.0,6,24,40,30
random,100,180,7.322546142722303e-33,1.0,0.9999999999999998,0.0,1.0,6,24,40,30
random,100,181,1.971269545161352e-32,1.0,0.9999999999999998,0.0,1.0,6,24,40,30
random,100,182,1.3995090929213915e-32,1.0,0.9999999999999998,0.0,1.0,6,24,40,30
random,100,183,8.044769871867517e-33,1.0,0.9999999999999998,0.0,1.0,6,24,40,30
random,100,184,1.8829977560436036e-32,1.0,0.9999999999999998,0.0,1.0,6,24,40,30
random,100,185,1.4464536353158304e-32,1.0,0.9999999999999998,0.0,1.0,6,24,40,30
random,100,186,2.003368377567806e-32,1.0,0.9999999999999998,0.0,1.0,6,24,40,30
random,100,187,1.5664230214349517e-32,1.0,0.9999999999999998,0.0,1.0,6,24,40,30
random,100,188,1.4721327012409934e-32,1.0,0.9999999999999998,0.0,1.0,6,24,40,30
random,100,189,4.433651226141449e-33,1.0,0.9999999999999998,0.0,1.0,6,24,40,30
random,100,190,9.906502151441844e-33,1.0,0.9999999999999998,0.0,1.0,6,24,40,30
random,100,191,7.001557818657763e-33,1.0,0.9999999999999998,0.0,1.0,6,24,40,30
random,100,192,6.548161810916602e-33,1.0,0.9999999999999998,0.0,1.0,6,24,40,30
random,100,193,1.7867012588242418e-32,1.0,0.9999999999999998,0.0,1.0,6,24,40,30
random,100,194,1.5214846560659163e-32,1.0,0.9999999999999998,0.0,1.0,6,24,40,30
random,100,195,2.186732957689674e-33,1.0,0.9999999999999998,0.0,1.0,6,24,40,30
random,100,196,1.1395085504291145e-32,1.0,0.9999999999999998,0.0,1.0,6,24,40,30
random,100,197,1.2923792397648515e-32,1.0,0.9999999999999998,0.0,1.0,6,24,40,30
random,100,198,3.0213026002574762e-33,1.0,0.9999999999999998,0.0,1.0,6,24,40,30
random,100,199,2.9571049354445683e-33,1.0,0.9999999999999998,0.0,1.0,6,24,40,30
