sampler,budget,repeat,global_mse,global_spearman,global_kendall,mean_per_env_mse,mean_per_env_spearman,coverage__retro,coverage__spectra,coverage__wetlab
stratified_equal,5,0,0.012084095367436246,0.8728405635341712,0.7722522721128167,0.10463942901234567,0.6821266775506082,2,2,1
stratified_equal,5,1,0.01139473366530859,0.8581449237144743,0.6870429186215167,0.1116116512345679,0.3769019641954492,2,2,1
stratified_equal,5,2,0.04143728685679795,0.9577702286774382,0.8839599998785472,0.09803757716049383,0.7713562458294355,2,2,1
stratified_equal,5,3,0.03907132940998943,0.8210469908906033,0.6684585169941752,0.10388016975308643,0.6580734534193596,2,2,1
stratified_equal,5,4,0.01972948543835823,0.7389931858836108,0.5929304449793936,0.14541720679012346,0.6179476339390633,2,2,1
stratified_equal,5,5,0.03368693224686887,0.9521642971961908,0.8813830938882877,0.07430609567901235,0.923117086699995,2,2,1
stratified_equal,5,6,0.037025939339067455,0.9681248023461679,0.8898984166292194,0.09144498456790123,0.9005409722107632,2,2,1
stratified_equal,5,7,0.12197629394899655,0.7253700996601186,0.604814736759006,0.16735239197530868,0.6840049368229028,2,2,1
stratified_equal,5,8,0.024696861324883062,0.8791607177646247,0.7481134002767627,0.03963016975308641,0.8546614369100046,2,2,1
stratified_equal,5,9,0.01881033650218802,0.9438654593312678,0.8616404368553291,0.036157947530864196,0.805130560334851,2,2,1
stratified_equal,5,10,0.033780549268145464,0.9225580879172384,0.8219277191853159,0.08545424382716049,0.7206036438918574,2,2,1
stratified_equal,5,11,0.026977712388712844,0.9877423203570683,0.9618600860701234,0.05842646604938271,0.904140897614874,2,2,1
stratified_equal,5,12,0.028112464161762482,0.8662186627009184,0.7191012094028307,0.06764868827160495,0.7388927152665414,2,2,1
stratified_equal,5,13,0.004067074090840501,0.9684270140350553,0.9231861823449954,0.04267646604938271,0.5420455418608673,2,2,1
stratified_equal,5,14,0.016969201750414966,0.9734491798677136,0.9134333882114982,0.03892646604938271,0.777301977925459,2,2,1
stratified_equal,5,15,0.010733740757507174,0.8324838680348632,0.6565706694547585,0.03253757716049383,0.6671379220972495,2,2,1
stratified_equal,5,16,0.036484095367436256,0.9065608223938976,0.781631749350903,0.0653616512345679,0.7102662811477639,2,2,1
stratified_equal,5,17,0.01104579749509582,0.920670718462285,0.8441622892989752,0.05777831790123456,0.7533913581570939,2,2,1
stratified_equal,5,18,0.05191671948091142,0.817548892283217,0.7077760731311632,0.08293572530864197,0.7555693401773141,2,2,1
stratified_equal,5,19,0.021993315225592277,0.939982145344492,0.8352932739179446,0.04233387345679013,0.707447674915604,2,2,1
stratified_equal,5,20,0.01965572657311,0.8736895887490173,0.67700320038633,0.04232461419753086,0.6283587866542395,2,2,1
stratified_equal,5,21,0.011559272672400788,0.8269015865060569,0.7092112703076887,0.03754683641975309,0.5111978810009704,2,2,1
stratified_equal,5,22,0.022257145012826305,0.7993916674221753,0.6570310336258146,0.07799128086419753,0.6493673909054101,2,2,1
stratified_equal,5,23,0.014319556360344045,0.8546422913727825,0.6870429186215167,0.03876905864197531,0.7093872138156782,2,2,1
stratified_equal,5,24,0.008242960615663196,0.9103817221537509,0.7909115788387002,0.13748202160493828,0.7153792910278272,2,2,1
stratified_equal,5,25,0.010960691112117093,0.9277256664964789,0.8128970193249391,0.07083387345679011,0.6489593352830846,2,2,1
stratified_equal,5,26,0.014086932246868864,0.8245555204514131,0.7136990900824892,0.12994498456790124,0.6143777193083474,2,2,1
stratified_equal,5,27,0.06894366983552135,0.9574469552614677,0.8898984166292194,0.2006579475308642,0.7174047402426078,2,2,1
stratified_equal,5,28,0.012291187566017802,0.9141870411815418,0.8091838819320086,0.03575979938271604,0.7636102327601367,2,2,1
stratified_equal,5,29,0.004064237211407876,0.9152457730985843,0.8037727730153806,0.019565354938271606,0.7630529996302086,2,2,1
stratified_equal,5,30,0.01392239323977667,0.9157951110983675,0.7693218186208295,0.06253757716049381,0.7292113982962394,2,2,1
stratified_equal,5,31,0.014109627282329862,0.9226304061438718,0.813285009628883,0.05297276234567901,0.6453057989067505,2,2,1
stratified_equal,5,32,0.02071671948091142,0.7591722633231072,0.6141131705360953,0.1438153549382716,0.6119456002299363,2,2,1
stratified_equal,5,33,0.019048634374528445,0.6795106742881959,0.5343667144834019,0.10954683641975309,0.5860908761200855,2,2,1
stratified_equal,5,34,0.009201825863890145,0.8330520005808454,0.7288792981454687,0.07868572530864197,0.6121375718122006,2,2,1
stratified_equal,5,35,0.005783386147578093,0.9128314653704567,0.7852322109186565,0.023630169753086423,0.6963337619211432,2,2,1
stratified_equal,5,36,0.008801825863890146,0.9095300749336749,0.8172825052418669,0.05378757716049384,0.5394189404121006,2,2,1
stratified_equal,5,37,0.01688693224686887,0.9684270140350553,0.8924133096001623,0.04610239197530863,0.6368340446741031,2,2,1
stratified_equal,5,38,0.02201884714048589,0.8975769357800788,0.7722522721128167,0.04229683641975309,0.7165521506410165,2,2,1
stratified_equal,5,39,0.10002168401991852,0.7619343876929257,0.6253053994807223,0.13202831790123457,0.711739003735603,2,2,1
stratified_equal,5,40,0.008126648558925606,0.9736514943497644,0.9149761402251629,0.11470424382716049,0.8601810141180116,2,2,1
stratified_equal,5,41,0.010169201750414967,0.908178238171182,0.7722522721128167,0.041750540123456796,0.5364646744948688,2,2,1
stratified_equal,5,42,0.030983386147578087,0.8744033948009132,0.7945521577046601,0.07028757716049383,0.841980787168251,2,2,1
stratified_equal,5,43,0.07641033650218802,0.7581271430137272,0.6465081838352358,0.12077831790123456,0.7498019064191686,2,2,1
stratified_equal,5,44,0.007494024445450433,0.9155156597651983,0.7909115788387002,0.0625653549382716,0.8497262642562607,2,2,1
stratified_equal,5,45,0.08653799607665609,0.6513774277059432,0.4449492083146097,0.12354683641975307,0.7362539896338274,2,2,1
stratified_equal,5,46,0.015445797495095817,0.8391608391608393,0.6363636363636362,0.09091720679012344,0.5651735711729882,2,2,1
stratified_equal,5,47,0.029207499622755397,0.6749495855669096,0.5516087657948691,0.07598202160493828,0.6175156606113154,2,2,1
stratified_equal,5,48,0.045641542175946875,0.8280752728705546,0.7077760731311632,0.07688942901234569,0.7359165668439283,2,2,1
stratified_equal,5,49,0.03402735777878377,0.9007998435851042,0.7945521577046601,0.1529079475308642,0.7067374963331844,2,2,1
stratified_equal,5,50,0.005842960615663201,0.9842396880153765,0.9313248452425005,0.023185725308641974,0.6889386127274747,2,2,1
stratified_equal,5,51,0.0706429606156632,0.9543918399186052,0.8616404368553291,0.11928757716049383,0.746660379193545,2,2,1
stratified_equal,5,52,0.01250679040289724,0.9403566658021552,0.8616404368553291,0.052194984567901226,0.8886618181461842,2,2,1
stratified_equal,5,53,0.02834792515467029,0.9403566658021552,0.8308675641104959,0.06775054012345678,0.7747440410009335,2,2,1
stratified_equal,5,54,0.034381967707861776,0.817548892283217,0.6462303276414968,0.06625054012345678,0.7718990395448658,2,2,1
stratified_equal,5,55,0.01751671948091142,0.9141870411815418,0.8091838819320086,0.058472762345679,0.9156537235430021,2,2,1
stratified_equal,5,56,0.011494024445450437,0.9174116968421968,0.7909115788387002,0.08957461419753086,0.6603610500334737,2,2,1
stratified_equal,5,57,0.03477062019013128,0.8892917980884131,0.7909115788387002,0.06757461419753087,0.7609411580811511,2,2,1
stratified_equal,5,58,0.020671329409989437,0.9525615702844266,0.8839599998785472,0.0807690586419753,0.846663754116662,2,2,1
stratified_equal,5,59,0.019218847140485888,0.8947423499236925,0.7693218186208295,0.04825054012345678,0.6537574386658623,2,2,1
stratified_equal,5,60,0.00987416628942206,0.8140400987541044,0.6462303276414968,0.08293572530864197,0.7195816576984858,2,2,1
stratified_equal,5,61,0.003760691112117097,0.9056999695472499,0.7852322109186565,0.06034313271604937,0.7231504361919562,2,2,1
stratified_equal,5,62,0.006838705296514258,0.8631632081616797,0.7077760731311632,0.10052831790123457,0.784326196342734,2,2,1
stratified_equal,5,63,0.015355017353251852,0.9573626850383792,0.8727860481775684,0.04595424382716049,0.4920398627917601,2,2,1
stratified_equal,5,64,0.013522393239776666,0.8822618233999672,0.7288792981454687,0.06896350308641976,0.4808639149404918,2,2,1
stratified_equal,5,65,0.05029969820431567,0.7950976793327471,0.6461702685025609,0.09994498456790123,0.5049109043567849,2,2,1
stratified_equal,5,66,0.03249544288516675,0.8219014459835725,0.7191012094028307,0.08864868827160494,0.4021971447460227,2,2,1
stratified_equal,5,67,0.05748267692771993,0.8516379587519646,0.7092112703076887,0.11909313271604938,0.8210448231891512,2,2,1
stratified_equal,5,68,0.026884095367436255,0.8561456211034547,0.7385489458759964,0.05248202160493828,0.729221242154933,2,2,1
stratified_equal,5,69,0.014203244303606463,0.817548892283217,0.7077760731311632,0.035306095679012335,0.7265007855719218,2,2,1
stratified_equal,5,70,0.013550762034102909,0.898251143452805,0.7693218186208295,0.061639429012345676,0.7922063641930571,2,2,1
stratified_equal,5,71,0.024481258488003626,0.9449231965748868,0.8493327995650773,0.059278317901234556,0.844657014427705,2,2,1
stratified_equal,5,72,0.016248634374528444,0.9298302852148176,0.8000946913656627,0.10506535493827161,0.8278015928168813,2,2,1
stratified_equal,5,73,0.016705371963180917,0.8471119499577373,0.7288792981454687,0.08025054012345678,0.6826324518119006,2,2,1
stratified_equal,5,74,0.014155017353251852,0.9258470754896877,0.8037727730153806,0.035269058641975305,0.6388790332275023,2,2,1
stratified_equal,5,75,0.024353598913535543,0.9736514943497644,0.9149761402251629,0.07698202160493829,0.775788022759019,2,2,1
stratified_equal,5,76,0.009281258488003617,0.8877247628654673,0.7693218186208295,0.04212091049382716,0.800172608855291,2,2,1
stratified_equal,5,77,0.03188835068658519,0.8161133356141735,0.6565076777938937,0.0845005401234568,0.5827312855441367,2,2,1
stratified_equal,5,78,0.00823444997736532,0.9071817764981586,0.7786486411043856,0.05349128086419753,0.6135522581388395,2,2,1
stratified_equal,5,79,0.038555017353251834,0.9574469552614677,0.8898984166292194,0.1166116512345679,0.7265124813223895,2,2,1
stratified_equal,5,80,0.008342251395805038,0.908178238171182,0.8037727730153806,0.048620910493827156,0.8159125610900709,2,2,1
stratified_equal,5,81,0.02606423721140788,0.9209266841864199,0.8219277191853159,0.06749128086419752,0.6902998365415615,2,2,1
stratified_equal,5,82,0.007772038629847595,0.9964973622679555,0.9847319278346618,0.03700054012345678,0.7367111246741233,2,2,1
stratified_equal,5,83,0.006611754941904329,0.8931712471313915,0.7786486411043856,0.026889429012345673,0.7128846696245708,2,2,1
stratified_equal,5,84,0.01523303153764901,0.9859399412855984,0.9379580992210835,0.04565794753086419,0.83788518876692,2,2,1
stratified_equal,5,85,0.02248693224686887,0.8752318487115212,0.7598954384920844,0.062398688271604934,0.7381877086905702,2,2,1
stratified_equal,5,86,0.00536636487098234,0.9455315955959807,0.8529438595319315,0.07257461419753086,0.7484902156445029,2,2,1
stratified_equal,5,87,0.007959272672400784,0.9684270140350553,0.9231861823449954,0.0504264660493827,0.8599387139806868,2,2,1
stratified_equal,5,88,0.017213173381620647,0.83601134205196,0.6878359394287946,0.048815354938271605,0.6908157944243029,2,2,1
stratified_equal,5,89,0.009363527991549716,0.9403566658021552,0.8308675641104959,0.025704243827160484,0.7689318162138056,2,2,1
stratified_equal,5,90,0.018132322317790855,0.8947423499236925,0.8000946913656627,0.1124542438271605,0.7333573932515304,2,2,1
stratified_equal,5,91,0.0071337407575071685,0.9209266841864199,0.8219277191853159,0.02852831790123457,0.4507416757938724,2,2,1
stratified_equal,5,92,0.02292097480006036,0.5915639647713589,0.46897904961054176,0.12102831790123458,0.36170837477926937,2,2,1
stratified_equal,5,93,0.017627357778783753,0.8791607177646247,0.7786486411043856,0.06007461419753087,0.75106435155196,2,2,1
stratified_equal,5,94,0.009082676927719935,0.8682018740230752,0.7598954384920844,0.03391720679012346,0.7750715244197668,2,2,1
stratified_equal,5,95,0.012722393239776664,0.898251143452805,0.7693218186208295,0.07029683641975308,0.7945636822144401,2,2,1
stratified_equal,5,96,0.00432806699864192,0.9702291586486097,0.9007896044148774,0.034148688271604936,0.6903781959551368,2,2,1
stratified_equal,5,97,0.007045797495095821,0.9352028352316922,0.8091838819320086,0.046815354938271596,0.8613554637831808,2,2,1
stratified_equal,5,98,0.03235643579296817,0.9508830463894927,0.8616404368553291,0.0820653549382716,0.7575259012345376,2,2,1
stratified_equal,5,99,0.009928066998641918,0.975319819981503,0.9298547766256364,0.1753616512345679,0.7067673405833995,2,2,1
stratified_equal,5,100,0.028722393239776673,0.9521642971961908,0.8813830938882877,0.1157690586419753,0.6555457575331091,2,2,1
stratified_equal,5,101,0.025979130828429144,0.8210576858123295,0.6462303276414968,0.11215794753086417,0.7535582345266448,2,2,1
stratified_equal,5,102,0.02349969820431568,0.6018161016848389,0.47673129462279606,0.08618572530864198,0.562045146791968,2,2,1
stratified_equal,5,103,0.006401825863890144,0.9244416715306428,0.8529438595319315,0.029732021604938274,0.830305648113777,2,2,1
stratified_equal,5,104,0.09386281877169156,0.7823224926246457,0.6465081838352358,0.1252690586419753,0.6492279963161125,2,2,1
stratified_equal,5,105,0.008075584729138366,0.8506269373019603,0.7288792981454687,0.045037577160493815,0.8469126435207666,2,2,1
stratified_equal,5,106,0.028177712388712837,0.7403554346427417,0.5539117094069973,0.05901905864197529,0.6541316914529446,2,2,1
stratified_equal,5,107,0.027726648558925596,0.8049321018270617,0.697863157798853,0.0633616512345679,0.6354364555099927,2,2,1
stratified_equal,5,108,0.015581967707861777,0.9470496802718942,0.8668137748205085,0.05248202160493826,0.8222479218897248,2,2,1
stratified_equal,5,109,0.0511507620341029,0.5317033254790191,0.40644850966246954,0.1433801697530864,0.3991051199540847,2,2,1
stratified_equal,5,110,0.009658563452542629,0.8516379587519646,0.7407317712102527,0.042806095679012335,0.740814244982935,2,2,1
stratified_equal,5,111,0.009360691112117092,0.9168845313904311,0.8263342440128466,0.03991720679012345,0.6643869473991708,2,2,1
stratified_equal,5,112,0.05482168401991852,0.9611847501266985,0.8668137748205085,0.11041720679012346,0.8072418923199344,2,2,1
stratified_equal,5,113,0.005037286856797947,0.9789533946223928,0.9231861823449954,0.03123202160493827,0.836674008674542,2,2,1
stratified_equal,5,114,0.0177606911121171,0.8593452466964064,0.753181916595446,0.1295190586419753,0.6682717415209875,2,2,1
stratified_equal,5,115,0.0023422513958050394,0.9627519361329034,0.9134333882114982,0.1780931327160494,0.584045038333794,2,2,1
stratified_equal,5,116,0.0267025350837483,0.939982145344492,0.8352932739179446,0.0981579475308642,0.6284891040841919,2,2,1
stratified_equal,5,117,0.07762452089935114,0.9492133645984593,0.8397191227596315,0.14105609567901234,0.8874773210455406,2,2,1
stratified_equal,5,118,0.020328066998641908,0.9580419580419581,0.8787878787878787,0.056454243827160494,0.9164809020809842,2,2,1
stratified_equal,5,119,0.006387641466727025,0.8380489500927585,0.6668470174522374,0.032759799382716046,0.6996951931956633,2,2,1
stratified_equal,5,120,0.04107700316885468,0.9329146104170898,0.8352932739179446,0.06310239197530863,0.7957316826907226,2,2,1
stratified_equal,5,121,0.030728066998641914,0.9152457730985843,0.8037727730153806,0.1006579475308642,0.5942872110481976,2,2,1
stratified_equal,5,122,0.013854308133393688,0.9683338709054982,0.9066928292470475,0.047815354938271604,0.7262672351222309,2,2,1
stratified_equal,5,123,0.008257145012826315,0.9608759544047234,0.8967126447482837,0.07425054012345678,0.8481065036331189,2,2,1
stratified_equal,5,124,0.04496920175041497,0.8943883753090783,0.7909115788387002,0.08458387345679014,0.695706014543742,2,2,1
stratified_equal,5,125,0.024932322317790856,0.8421104469870047,0.7077760731311632,0.07209313271604939,0.6124156684045682,2,2,1
stratified_equal,5,126,0.0048443790553795085,0.9418355625648663,0.8441622892989752,0.023278317901234566,0.6321528798062901,2,2,1
stratified_equal,5,127,0.00681884714048589,0.9347806145306725,0.8441622892989752,0.048509799382716046,0.7639196069657407,2,2,1
stratified_equal,5,128,0.0053039535234646155,0.9457107322567676,0.8397191227596315,0.042676466049382716,0.7001522299376185,2,2,1
stratified_equal,5,129,0.0059138826014788,0.8921038683798789,0.7627700713964738,0.02811165123456789,0.6836618374688342,2,2,1
stratified_equal,5,130,0.08865998189225893,0.9736514943497644,0.9149761402251629,0.09970424382716048,0.8869008731405866,2,2,1
stratified_equal,5,131,0.017292606005734113,0.8450913782447986,0.6668470174522374,0.09749128086419755,0.647691149777151,2,2,1
stratified_equal,5,132,0.011630194658216395,0.908178238171182,0.7722522721128167,0.03512091049382716,0.6310453669089957,2,2,1
stratified_equal,5,133,0.005970620190131278,0.9420166082517577,0.8219277191853159,0.06663016975308642,0.8357955096309228,2,2,1
stratified_equal,5,134,0.010801825863890153,0.9103817221537509,0.7598954384920844,0.03472276234567901,0.660298997734296,2,2,1
stratified_equal,5,135,0.022753598913535535,0.9263214916857051,0.8000946913656627,0.0684079475308642,0.8249765995533772,2,2,1
stratified_equal,5,136,0.01861175494190433,0.8601398601398602,0.6969696969696969,0.09742646604938271,0.7436306438670558,2,2,1
stratified_equal,5,137,0.0208074996227554,0.8728405635341712,0.7092112703076887,0.046556095679012345,0.6726643330174299,2,2,1
stratified_equal,5,138,0.022390478346159648,0.9631065323170955,0.9149761402251629,0.04025054012345678,0.9024432246487711,2,2,1
stratified_equal,5,139,0.018901116644031987,0.9418355625648663,0.8441622892989752,0.046870910493827155,0.8948407508795956,2,2,1
stratified_equal,5,140,0.008435868417081632,0.9370629370629372,0.8484848484848484,0.1530468364197531,0.7118077985956731,2,2,1
stratified_equal,5,141,0.045071329409989445,0.8943883753090783,0.8219277191853159,0.0760468364197531,0.7468586251431772,2,2,1
stratified_equal,5,142,0.008881258488003625,0.9754446010932804,0.9231861823449954,0.051713503086419754,0.917071473877216,2,2,1
stratified_equal,5,143,0.021959272672400786,0.9293808429533887,0.8352932739179446,0.09674128086419753,0.4817259625318808,2,2,1
stratified_equal,5,144,0.0061550173532518475,0.9418355625648663,0.8441622892989752,0.10020424382716049,0.8856571484591109,2,2,1
stratified_equal,5,145,0.040898279764599366,0.9632238939652261,0.8702543635872545,0.05674128086419753,0.8181908888996313,2,2,1
stratified_equal,5,146,0.01733232231779085,0.9228126981565926,0.8000946913656627,0.049491280864197525,0.7976331918221252,2,2,1
stratified_equal,5,147,0.018189059906443327,0.9071817764981586,0.7786486411043856,0.0800005401234568,0.657087428354548,2,2,1
stratified_equal,5,148,0.013794733665308583,0.9225580879172384,0.8219277191853159,0.045398688271604946,0.7550872468642268,2,2,1
stratified_equal,5,149,0.0276670740908405,0.8227778098887566,0.6356417261637282,0.05207461419753085,0.8061425720234481,2,2,1
stratified_equal,5,150,0.0036897691263014973,0.9562186292818428,0.8702543635872545,0.024241280864197533,0.7099325879999019,2,2,1
stratified_equal,5,151,0.05710820884261356,0.9510489510489512,0.8484848484848484,0.09277831790123457,0.7928205633398857,2,2,1
stratified_equal,5,152,0.0030457974950958196,0.9700553547016413,0.9066928292470475,0.02077831790123456,0.6839435728845539,2,2,1
stratified_equal,5,153,0.059054308133393685,0.8021652142601492,0.7092112703076887,0.09821350308641974,0.4208999051038112,2,2,1
stratified_equal,5,154,0.004126648558925602,0.9614094269768303,0.8924133096001623,0.025611651234567896,0.7428305540272997,2,2,1
stratified_equal,5,155,0.02831104572204618,0.8642311341887351,0.7503664793768668,0.06088942901234568,0.7197564370336393,2,2,1
stratified_equal,5,156,0.010078421608570998,0.8892917980884131,0.7909115788387002,0.18786165123456788,0.5335806003390385,2,2,1
stratified_equal,5,157,0.03383161309793271,0.9787961779869996,0.937436866561092,0.10703757716049382,0.736499030527268,2,2,1
stratified_equal,5,158,0.004291187566017808,0.8979095893850985,0.7503664793768668,0.02657461419753086,0.7802579852315522,2,2,1
stratified_equal,5,159,0.004546506714953979,0.9630004066674477,0.8754275592730113,0.020926466049382707,0.7762823155627663,2,2,1
stratified_equal,5,160,0.14803870529651425,0.9138967094979737,0.7909115788387002,0.1862690586419753,0.8246789032587353,2,2,1
stratified_equal,5,161,0.00856920175041497,0.9457107322567676,0.8397191227596315,0.02797276234567901,0.7038194883826093,2,2,1
stratified_equal,5,162,0.012313882601478796,0.920670718462285,0.8128970193249391,0.04360239197530863,0.8401739094607245,2,2,1
stratified_equal,5,163,0.0571621095518334,0.6133086407957755,0.46472926768655176,0.08039868827160492,0.7369909828691558,2,2,1
stratified_equal,5,164,0.015425939339067449,0.8807071758072423,0.7693218186208295,0.16951905864197533,0.6483325863583418,2,2,1
stratified_equal,5,165,0.017329485438358234,0.7760442837613131,0.6253053994807223,0.03442646604938271,0.6797084888829169,2,2,1
stratified_equal,5,166,0.03957913082842915,0.8947423499236925,0.7693218186208295,0.13655609567901236,0.8270551759617746,2,2,1
stratified_equal,5,167,0.004194733665308587,0.9106844088398501,0.7786486411043856,0.03513942901234568,0.827403718752649,2,2,1
stratified_equal,5,168,0.01051246416176249,0.847637026689399,0.7175781594491396,0.10372276234567901,0.590894528815935,2,2,1
stratified_equal,5,169,0.011559272672400782,0.8301238649809404,0.6565076777938937,0.046954243827160486,0.697708833326022,2,2,1
stratified_equal,5,170,0.020302535083748307,0.7746670967243986,0.6358308771056217,0.05377831790123457,0.6676281221134502,2,2,1
stratified_equal,5,171,0.008711045722046168,0.9543918399186052,0.8616404368553291,0.056574614197530855,0.8592312022276659,2,2,1
stratified_equal,5,172,0.05020324430360646,0.7902097902097903,0.5757575757575757,0.1095005401234568,0.7405921768852322,2,2,1
stratified_equal,5,173,0.007505371963180923,0.90111070324378,0.8037727730153806,0.08600054012345677,0.9436131066937974,2,2,1
stratified_equal,5,174,0.010858563452542628,0.8767823049289785,0.7503664793768668,0.14363016975308643,0.6403027506028306,2,2,1
stratified_equal,5,175,0.02899189678587596,0.9413574486632834,0.8172825052418669,0.1158801697530864,0.5101416181406487,2,2,1
stratified_equal,5,176,0.02848409536743625,0.9263214916857051,0.8000946913656627,0.11027831790123456,0.6091704985799238,2,2,1
stratified_equal,5,177,0.007428776218500077,0.9368478722730427,0.8000946913656627,0.03220424382716049,0.7101973562827126,2,2,1
stratified_equal,5,178,0.011627357778783765,0.9333390787439302,0.8308675641104959,0.06633387345679011,0.80106805359258,2,2,1
stratified_equal,5,179,0.03926991097027311,0.8219014459835725,0.6565706694547585,0.09003757716049382,0.6653318254977209,2,2,1
stratified_equal,5,180,0.015213173381620647,0.8682018740230752,0.7598954384920844,0.08977831790123454,0.5621632094574965,2,2,1
stratified_equal,5,181,0.003536577636939793,0.9244416715306428,0.8219277191853159,0.02563016975308642,0.6023690101315159,2,2,1
stratified_equal,5,182,0.016146506714953986,0.8491280340452296,0.67700320038633,0.060463503086419755,0.6049452637098616,2,2,1
stratified_equal,5,183,0.006784804587294398,0.810531305224992,0.67700320038633,0.03571350308641975,0.6394797854832244,2,2,1
stratified_equal,5,184,0.006750762034102906,0.939982145344492,0.8352932739179446,0.0393616512345679,0.704469422295016,2,2,1
stratified_equal,5,185,0.008898279764599367,0.878746836055744,0.7288792981454687,0.019194984567901238,0.4943333451749301,2,2,1
stratified_equal,5,186,0.010294024445450424,0.9720279720279721,0.909090909090909,0.04613942901234568,0.7948893349877705,2,2,1
stratified_equal,5,187,0.043885513807152554,0.8354623529271882,0.7627700713964738,0.13363016975308642,0.6472284393072981,2,2,1
stratified_equal,5,188,0.012169201750414966,0.9258470754896877,0.8037727730153806,0.16772276234567904,0.7364060007847053,2,2,1
stratified_equal,5,189,0.052004662743322765,0.9498164474416482,0.8623037475285117,0.08753757716049383,0.7661008328733413,2,2,1
stratified_equal,5,190,0.03992806699864192,0.810531305224992,0.6462303276414968,0.08383387345679011,0.6869611221496444,2,2,1
stratified_equal,5,191,0.016898279764599372,0.8783410302571225,0.781631749350903,0.031898688271604934,0.5967499940636575,2,2,1
stratified_equal,5,192,0.02500040742417384,0.865773028606769,0.7722522721128167,0.09397276234567903,0.7396481996219489,2,2,1
stratified_equal,5,193,0.02667132940998944,0.8853959782913163,0.7503664793768668,0.08548202160493824,0.5388787826080729,2,2,1
stratified_equal,5,194,0.018895442885166744,0.8940431683163778,0.7722522721128167,0.12447276234567901,0.7180252723435987,2,2,1
stratified_equal,5,195,0.010484095367436249,0.8210576858123295,0.6462303276414968,0.06339868827160494,0.6033353701357055,2,2,1
stratified_equal,5,196,0.013709627282329858,0.9611847501266985,0.8983342757230725,0.07163942901234567,0.6641820984673675,2,2,1
stratified_equal,5,197,0.01261742870076958,0.8280752728705546,0.7077760731311632,0.04214868827160493,0.6477483052336518,2,2,1
stratified_equal,5,198,0.01649544288516675,0.8310065219407186,0.6878359394287946,0.03572276234567901,0.7616522275242046,2,2,1
stratified_equal,5,199,0.013667074090840501,0.9403566658021552,0.8616404368553291,0.03609313271604938,0.7491824370022465,2,2,1
stratified_equal,10,0,0.0029074996227553946,0.9317002028900006,0.8397191227596315,0.017483564814814816,0.7975748786758152,4,3,3
stratified_equal,10,1,0.05925927267240077,0.9300699300699302,0.8181818181818181,0.07658387345679012,0.8031824702670947,4,3,3
stratified_equal,10,2,0.020076293948996522,0.8791607177646247,0.7481134002767627,0.0349079475308642,0.7762876328972332,4,3,3
stratified_equal,10,3,0.03128125848800362,0.9422080999150758,0.8397191227596315,0.06594035493827159,0.7972874999342148,4,3,3
stratified_equal,10,4,0.008988350686585182,0.9333390787439302,0.8000946913656627,0.012349305555555558,0.8430492607370766,4,3,3
stratified_equal,10,5,0.003443669835521355,0.9720279720279721,0.909090909090909,0.013238194444444447,0.8320763604203086,4,3,3
stratified_equal,10,6,0.0042358684170816325,0.9141870411815418,0.8091838819320086,0.013316898148148149,0.8214364648653908,4,3,3
stratified_equal,10,7,0.037977712388712836,0.9597212616235344,0.8702543635872545,0.04320424382716049,0.8146202851123937,4,3,3
stratified_equal,10,8,0.0056153010411951094,0.900176511814775,0.7786486411043856,0.03219807098765432,0.8357058788951354,4,3,3
stratified_equal,10,9,0.002588350686585182,0.9333390787439302,0.8308675641104959,0.016977391975308637,0.8916211923956748,4,3,3
stratified_equal,10,10,0.013069201750414964,0.952417984616157,0.8441622892989752,0.038005169753086425,0.8035243828281325,4,3,3
stratified_equal,10,11,0.04778338614757809,0.8931712471313915,0.7481134002767627,0.06311010802469136,0.8929122209489534,4,3,3
stratified_equal,10,12,0.007283386147578087,0.8701807952199048,0.7385489458759964,0.03504837962962964,0.7742625680321041,4,3,3
stratified_equal,10,13,0.004544379055379508,0.9090909090909092,0.7575757575757575,0.02394807098765432,0.775731750682199,4,3,3
stratified_equal,10,14,0.0059826769277199305,0.9438654593312678,0.8308675641104959,0.016284490740740742,0.8552816029222541,4,3,3
stratified_equal,10,15,0.010178421608571001,0.8896686147896997,0.7481134002767627,0.01823202160493827,0.7477993826582215,4,3,3
stratified_equal,10,16,0.008216010261053263,0.9036791441564668,0.7786486411043856,0.035951157407407404,0.9598095203038612,4,3,3
stratified_equal,10,17,0.004557854232684474,0.9860139860139862,0.9393939393939392,0.017597762345679013,0.9110977901841514,4,3,3
stratified_equal,10,18,0.005222393239776672,0.9017599369819175,0.8000946913656627,0.01624282407407407,0.8810325453473561,4,3,3
stratified_equal,10,19,0.03578125848800362,0.9017599369819175,0.8000946913656627,0.03859313271604938,0.8804734073648599,4,3,3
stratified_equal,10,20,0.024637286856797933,0.9211923058649254,0.7786486411043856,0.03689714506172839,0.8430812100741413,4,3,3
stratified_equal,10,21,0.004216010261053268,0.965034965034965,0.8787878787878787,0.027880169753086423,0.8668860748640829,4,3,3
stratified_equal,10,22,0.018760691112117103,0.9842396880153765,0.9313248452425005,0.04045270061728395,0.8446245406187769,4,3,3
stratified_equal,10,23,0.005438705296514263,0.9632238939652261,0.8702543635872545,0.01405146604938271,0.8176801881341347,4,3,3
stratified_equal,10,24,0.016819556360344042,0.8966738794730833,0.7786486411043856,0.04537399691358024,0.8953223217907501,4,3,3
stratified_equal,10,25,0.0050635279915497225,0.9281975705483089,0.8091838819320086,0.023153317901234576,0.8489330101763323,4,3,3
stratified_equal,10,26,0.0040231024596348265,0.9632238939652261,0.8702543635872545,0.023147145061728394,0.8927113827027822,4,3,3
stratified_equal,10,27,0.008234449977365322,0.9020979020979022,0.7272727272727272,0.030739737654320993,0.6148436288810749,4,3,3
stratified_equal,10,28,0.04095359891353552,0.8400819752692913,0.7288792981454687,0.04842183641975306,0.7924049964237976,4,3,3
stratified_equal,10,29,0.0019287762185000756,0.9508830463894927,0.8616404368553291,0.00919652777777778,0.906769128568894,4,3,3
stratified_equal,10,30,0.006452889693677377,0.9418355625648663,0.8754275592730113,0.01610856481481481,0.771407002250268,4,3,3
stratified_equal,10,31,0.0034004074241738356,0.9790209790209792,0.9393939393939392,0.08392337962962963,0.6955354888319224,4,3,3
stratified_equal,10,32,0.004296152105024895,0.9020979020979022,0.7878787878787877,0.026486651234567907,0.818251268669051,4,3,3
stratified_equal,10,33,0.013371329409989434,0.8682018740230752,0.7288792981454687,0.03530146604938272,0.7641848766103498,4,3,3
stratified_equal,10,34,0.022873457069563896,0.965034965034965,0.8787878787878787,0.04895115740740741,0.931264434977256,4,3,3
stratified_equal,10,35,0.014647215934812134,0.9597212616235344,0.8702543635872545,0.0712119598765432,0.7286471776051652,4,3,3
stratified_equal,10,36,0.0016975705447412105,0.9702291586486097,0.9007896044148774,0.027046836419753088,0.9193258780246403,4,3,3
stratified_equal,10,37,0.004326648558925606,0.9649182205059428,0.8924133096001623,0.011614737654320991,0.7656767523990645,4,3,3
stratified_equal,10,38,0.025614591821336952,0.9614094269768303,0.8924133096001623,0.03811010802469136,0.8197593921141274,4,3,3
stratified_equal,10,39,0.006206790402897237,0.9667265263069179,0.9007896044148774,0.029082330246913587,0.883665597718677,4,3,3
stratified_equal,10,40,0.019715301041195118,0.9317002028900006,0.8397191227596315,0.03959313271604938,0.7132946414027946,4,3,3
stratified_equal,10,41,0.007861400331975252,0.9106844088398501,0.7481134002767627,0.05344189814814815,0.8606950034647478,4,3,3
stratified_equal,10,42,0.005383386147578088,0.938705467573384,0.8702543635872545,0.04719498456790123,0.7129503904577729,4,3,3
stratified_equal,10,43,0.012213882601478794,0.9807370556736849,0.9313248452425005,0.027806095679012346,0.773076708841506,4,3,3
stratified_equal,10,44,0.003294733665308585,0.9562186292818428,0.9007896044148774,0.035321527777777785,0.8780681871935875,4,3,3
stratified_equal,10,45,0.016679840048287303,0.9141870411815418,0.7786486411043856,0.04811319444444443,0.8151120457413321,4,3,3
stratified_equal,10,46,0.0077805492681454645,0.8966738794730833,0.7481134002767627,0.01702986111111111,0.780890538756963,4,3,3
stratified_equal,10,47,0.016179130828429155,0.7228114669971789,0.5539117094069973,0.028431095679012346,0.6038990266011476,4,3,3
stratified_equal,10,48,0.005240123736230573,0.8717168613672982,0.7288792981454687,0.012400231481481483,0.7329444315269775,4,3,3
stratified_equal,10,49,0.0043266485589256035,0.9141870411815418,0.8702543635872545,0.02961936728395062,0.72177729263547,4,3,3
stratified_equal,10,50,0.04217132940998942,0.9228126981565926,0.8308675641104959,0.04484467592592592,0.8270960368732364,4,3,3
stratified_equal,10,51,0.0362507620341029,0.9912201988042226,0.9692233691951196,0.07186010802469135,0.7630019267627638,4,3,3
stratified_equal,10,52,0.010888350686585177,0.9422080999150758,0.8397191227596315,0.04277060185185185,0.8552655317569212,4,3,3
stratified_equal,10,53,0.0027280669986419204,0.9859709816806179,0.9539590550898286,0.011758256172839508,0.8481423809539508,4,3,3
stratified_equal,10,54,0.005559981892258936,0.8931712471313915,0.7481134002767627,0.022511342592592586,0.8445189093929746,4,3,3
stratified_equal,10,55,0.015285513807152554,0.9211923058649254,0.8091838819320086,0.02528912037037036,0.9040027733169372,4,3,3
stratified_equal,10,56,0.01386352799154972,0.9211923058649254,0.8091838819320086,0.029836959876543213,0.6390344000522109,4,3,3
stratified_equal,10,57,0.0055996982043156765,0.9508830463894927,0.8616404368553291,0.0076579475308641955,0.8568455017066774,4,3,3
stratified_equal,10,58,0.013995442885166735,0.9352028352316922,0.7786486411043856,0.02582152777777778,0.8514184050558792,4,3,3
stratified_equal,10,59,0.0028273577787837636,0.9597212616235344,0.8702543635872545,0.009826157407407405,0.9024665671271971,4,3,3
stratified_equal,10,60,0.007284095367436243,0.9772344233319931,0.9313248452425005,0.023708873456790115,0.9243602272504213,4,3,3
stratified_equal,10,61,0.002894733665308586,0.9702291586486097,0.9007896044148774,0.013551466049382718,0.6899226317368917,4,3,3
stratified_equal,10,62,0.014617428700769578,0.9667265263069179,0.9007896044148774,0.033904861111111115,0.9262978549793246,4,3,3
stratified_equal,10,63,0.00731813792062773,0.8811188811188813,0.7272727272727272,0.01693881172839506,0.8779884956563361,4,3,3
stratified_equal,10,64,0.005501825863890149,0.9317002028900006,0.8397191227596315,0.024015972222222223,0.8605030778655838,4,3,3
stratified_equal,10,65,0.04234721593481212,0.8506269373019603,0.697863157798853,0.04883233024691358,0.7569645226652139,4,3,3
stratified_equal,10,66,0.00950749962275539,0.9492133645984593,0.8397191227596315,0.036727391975308644,0.8582507149572066,4,3,3
stratified_equal,10,67,0.006601116644031992,0.9370629370629372,0.8181818181818181,0.050002083333333336,0.8760935263915194,4,3,3
stratified_equal,10,68,0.004574166289422061,0.9720279720279721,0.909090909090909,0.01762708333333333,0.892035486848416,4,3,3
stratified_equal,10,69,0.008027357778783765,0.9718550849815182,0.8839599998785472,0.013583873456790121,0.79241196578534,4,3,3
stratified_equal,10,70,0.017239414516372408,0.9317002028900006,0.8091838819320086,0.0214295524691358,0.8760613967209627,4,3,3
stratified_equal,10,71,0.015707499622755392,0.9300699300699302,0.8181818181818181,0.03059621913580247,0.6780453798391232,4,3,3
stratified_equal,10,72,0.021062109551833408,0.8701807952199048,0.7077760731311632,0.028698070987654322,0.8143995470823575,4,3,3
stratified_equal,10,73,0.009938705296514258,0.9244416715306428,0.7598954384920844,0.021718132716049388,0.7620091340806985,4,3,3
stratified_equal,10,74,0.003502535083748301,0.9684270140350553,0.8924133096001623,0.018383256172839504,0.7387532129209688,4,3,3
stratified_equal,10,75,0.008200407424173833,0.9649182205059428,0.8924133096001623,0.048855478395061734,0.7292691631426541,4,3,3
stratified_equal,10,76,0.00854792515467029,0.9684270140350553,0.8924133096001623,0.023133256172839508,0.8233986702226338,4,3,3
stratified_equal,10,77,0.006072038629847589,0.9510489510489512,0.8484848484848484,0.016369367283950612,0.7898262407114712,4,3,3
stratified_equal,10,78,0.015521684019918512,0.9160839160839163,0.7575757575757575,0.02533695987654321,0.8720845597328819,4,3,3
stratified_equal,10,79,0.006355726573110002,0.9470496802718942,0.8668137748205085,0.030404861111111115,0.6294779721817673,4,3,3
stratified_equal,10,80,0.018611045722046176,0.9717860525178018,0.8983342757230725,0.061934182098765445,0.7269350597024543,4,3,3
stratified_equal,10,81,0.1023897691263015,0.8056054385890983,0.6565076777938937,0.10579374999999998,0.8641716074398641,4,3,3
stratified_equal,10,82,0.06070253508374831,0.7530659534637223,0.5649019553110248,0.09378912037037036,0.7358005103914897,4,3,3
stratified_equal,10,83,0.019836577636939783,0.9579006334477178,0.8616404368553291,0.03595424382716049,0.8737360415126428,4,3,3
stratified_equal,10,84,0.0016982797645993658,0.8896686147896997,0.7481134002767627,0.03829992283950618,0.6227793666458209,4,3,3
stratified_equal,10,85,0.03662452089935114,0.9090909090909092,0.8181818181818181,0.060972762345679006,0.8192122675588559,4,3,3
stratified_equal,10,86,0.007050052814244753,0.9370629370629372,0.8484848484848484,0.02359930555555556,0.8028920595666394,4,3,3
stratified_equal,10,87,0.010781967707861778,0.9193039046274801,0.8308675641104959,0.06789097222222222,0.6627414381975368,4,3,3
stratified_equal,10,88,0.006247925154670288,0.9300699300699302,0.8181818181818181,0.039411033950617284,0.7737776621154211,4,3,3
stratified_equal,10,89,0.01935288969367738,0.9788975131335582,0.9459922805717786,0.03600208333333334,0.844578567538604,4,3,3
stratified_equal,10,90,0.017514591821336946,0.9370629370629372,0.7878787878787877,0.036582330246913576,0.8701507207860623,4,3,3
stratified_equal,10,91,0.017291187566017798,0.8511396590310907,0.6870429186215167,0.026361651234567907,0.8299157982279742,4,3,3
stratified_equal,10,92,0.006233031537649008,0.9667265263069179,0.9007896044148774,0.051094675925925905,0.7460180755973709,4,3,3
stratified_equal,10,93,0.010496152105024895,0.9841652507700289,0.9379580992210835,0.04797430555555555,0.9163572355983174,4,3,3
stratified_equal,10,94,0.05526920175041497,0.9632238939652261,0.8702543635872545,0.10245887345679011,0.7565356422898265,4,3,3
stratified_equal,10,95,0.007843669835521346,0.9090909090909092,0.8181818181818181,0.04220733024691359,0.8035421850023622,4,3,3
stratified_equal,10,96,0.006613882601478799,0.9370629370629372,0.8181818181818181,0.029461959876543205,0.9142413652693037,4,3,3
stratified_equal,10,97,0.060568492530556815,0.9702291586486097,0.9007896044148774,0.07483233024691358,0.8508079591798899,4,3,3
stratified_equal,10,98,0.011785513807152556,0.7986001739057148,0.6259724369662708,0.023213503086419753,0.6856574987732073,4,3,3
stratified_equal,10,99,0.0034890599064433367,0.8791607177646247,0.7481134002767627,0.018304552469135805,0.7481573630744576,4,3,3
stratified_equal,10,100,0.009620974800060357,0.8861659824480081,0.7481134002767627,0.030225848765432096,0.817398811648797,4,3,3
stratified_equal,10,101,0.009798988984457519,0.9230769230769231,0.7878787878787877,0.017826157407407405,0.8058527946227452,4,3,3
stratified_equal,10,102,0.03449686132488305,0.8791607177646247,0.7481134002767627,0.05932770061728395,0.8494380804255862,4,3,3
stratified_equal,10,103,0.0036606911121170953,0.9438654593312678,0.8924133096001623,0.04495578703703703,0.7916032696804116,4,3,3
stratified_equal,10,104,0.004743669835521348,0.8546422913727825,0.7175781594491396,0.017843132716049384,0.767579037052054,4,3,3
stratified_equal,10,105,0.01076636487098235,0.9440559440559443,0.8181818181818181,0.020403317901234567,0.8944463701656896,4,3,3
stratified_equal,10,106,0.027084804587294398,0.9510489510489512,0.8787878787878787,0.051202700617283964,0.8997208742619769,4,3,3
stratified_equal,10,107,0.013608918062471713,0.99124495269876,0.9618600860701234,0.049924922839506176,0.8440725775574891,4,3,3
stratified_equal,10,108,0.00596920175041497,0.900176511814775,0.7786486411043856,0.048480478395061734,0.7327174546121134,4,3,3
stratified_equal,10,109,0.029786932246868864,0.9193039046274801,0.8308675641104959,0.055753626543209873,0.8183792726336642,4,3,3
stratified_equal,10,110,0.015245797495095819,0.9281975705483089,0.8091838819320086,0.02979837962962963,0.6762618714743374,4,3,3
stratified_equal,10,111,0.005515301041195109,0.9510489510489512,0.8181818181818181,0.021269058641975303,0.7631731645980402,4,3,3
stratified_equal,10,112,0.0021819677078617795,0.9352028352316922,0.8397191227596315,0.02360702160493827,0.7917335812724065,4,3,3
stratified_equal,10,113,0.007057854232684478,0.9912201988042226,0.9692233691951196,0.01711473765432098,0.845832340198751,4,3,3
stratified_equal,10,114,0.0085202655802022,0.9071817764981586,0.8397191227596315,0.04069807098765432,0.6825896972170852,4,3,3
stratified_equal,10,115,0.008052889693677378,0.9263214916857051,0.8308675641104959,0.029344675925925934,0.7379787309486895,4,3,3
stratified_equal,10,116,0.003464237211407881,0.8861659824480081,0.7481134002767627,0.011201157407407408,0.7327164483466623,4,3,3
stratified_equal,10,117,0.009630903878074543,0.9090909090909092,0.7878787878787877,0.021928009259259255,0.8939801772076494,4,3,3
stratified_equal,10,118,0.010366364870982336,0.9230769230769231,0.7878787878787877,0.013199614197530867,0.8984341166547648,4,3,3
stratified_equal,10,119,0.031997570544741206,0.9020979020979022,0.7878787878787877,0.05394189814814814,0.8668383491313002,4,3,3
stratified_equal,10,120,0.019313173381620644,0.8931712471313915,0.7481134002767627,0.07586010802469136,0.761950684902001,4,3,3
stratified_equal,10,121,0.00814721593481213,0.9036791441564668,0.7786486411043856,0.020103935185185186,0.8174744395015753,4,3,3
stratified_equal,10,122,0.009030903878074542,0.9440559440559443,0.8181818181818181,0.02078140432098766,0.8855712851007639,4,3,3
stratified_equal,10,123,0.04495288969367736,0.8943883753090783,0.7909115788387002,0.058650231481481484,0.8743153416394159,4,3,3
stratified_equal,10,124,0.005795442885166743,0.9160839160839163,0.7575757575757575,0.012579243827160492,0.8276067944009878,4,3,3
stratified_equal,10,125,0.007233740757507168,0.8321678321678322,0.6666666666666666,0.013593132716049382,0.6705836298588149,4,3,3
stratified_equal,10,126,0.0060436698355213515,0.9562186292818428,0.8702543635872545,0.025651774691358018,0.900604833797998,4,3,3
stratified_equal,10,127,0.005572747849705747,0.9300699300699302,0.7878787878787877,0.0246008487654321,0.7297427264947599,4,3,3
stratified_equal,10,128,0.013059981892258933,0.9300699300699302,0.7878787878787877,0.02114097222222223,0.8149021442692534,4,3,3
stratified_equal,10,129,0.0044493435943865995,0.9580419580419581,0.8787878787878787,0.013179552469135804,0.898638907832041,4,3,3
stratified_equal,10,130,0.01261175494190433,0.9718550849815182,0.9149761402251629,0.03435547839506173,0.7763107056632238,4,3,3
stratified_equal,10,131,0.016385513807152554,0.9160839160839163,0.7878787878787877,0.03746350308641975,0.7669980749618209,4,3,3
stratified_equal,10,132,0.014877712388712843,0.9473742528603802,0.8308675641104959,0.03580609567901235,0.6258996857194222,4,3,3
stratified_equal,10,133,0.03128267692771993,0.8771983822781297,0.7077760731311632,0.05111165123456791,0.748028434988319,4,3,3
stratified_equal,10,134,0.012091896785875966,0.9492133645984593,0.8397191227596315,0.01611319444444444,0.7625318503763721,4,3,3
stratified_equal,10,135,0.006040123736230572,0.9193039046274801,0.8308675641104959,0.01139097222222222,0.8642484746359118,4,3,3
stratified_equal,10,136,0.012421684019918515,0.9595915449728726,0.8839599998785472,0.03626597222222223,0.7682159767721249,4,3,3
stratified_equal,10,137,0.028315301041195114,0.7887519530284786,0.6253053994807223,0.03603449074074074,0.7884899820256522,4,3,3
stratified_equal,10,138,0.008355726573110003,0.9543918399186052,0.8616404368553291,0.02750516975308642,0.9377171653113222,4,3,3
stratified_equal,10,139,0.010147215934812123,0.8791607177646247,0.7481134002767627,0.05067029320987654,0.7793386642872425,4,3,3
stratified_equal,10,140,0.015654308133393687,0.9700553547016413,0.9066928292470475,0.03112554012345679,0.6988652246265702,4,3,3
stratified_equal,10,141,0.01701671948091141,0.8561456211034547,0.7077760731311632,0.06228912037037038,0.7612068488795757,4,3,3
stratified_equal,10,142,0.0025606911121170955,0.9720279720279721,0.909090909090909,0.013775231481481484,0.8275275247194379,4,3,3
stratified_equal,10,143,0.00411033650218802,0.9632238939652261,0.8702543635872545,0.005651774691358022,0.8366998488607483,4,3,3
stratified_equal,10,144,0.005171329409989436,0.9435159128081931,0.8668137748205085,0.016873996913580252,0.867033482003886,4,3,3
stratified_equal,10,145,0.027755017353251848,0.9300699300699302,0.7878787878787877,0.07361782407407406,0.8625925583616674,4,3,3
stratified_equal,10,146,0.0072890599064433384,0.9211923058649254,0.7481134002767627,0.0429835648148148,0.7224881626526725,4,3,3
stratified_equal,10,147,0.015345088275237666,0.8511396590310907,0.6870429186215167,0.028855478395061734,0.7816423298518708,4,3,3
stratified_equal,10,148,0.004886223027010711,0.9366429442213183,0.8219277191853159,0.03168726851851852,0.7825191420977363,4,3,3
stratified_equal,10,149,0.004818137920627733,0.9859709816806179,0.9539590550898286,0.02847739197530864,0.9520365141056665,4,3,3
stratified_equal,10,150,0.0055606911121170955,0.9930069930069931,0.9696969696969696,0.01979375,0.8653502451315093,4,3,3
stratified_equal,10,151,0.007731613097932695,0.9020979020979022,0.7878787878787877,0.035648688271604945,0.7897381449658383,4,3,3
stratified_equal,10,152,0.0035918967858759605,0.9720279720279721,0.909090909090909,0.018383256172839504,0.8689017447468667,4,3,3
stratified_equal,10,153,0.008772038629847588,0.8561456211034547,0.7385489458759964,0.03931689814814814,0.7240782385906565,4,3,3
stratified_equal,10,154,0.0036585634525426267,0.9352028352316922,0.8397191227596315,0.05310702160493827,0.8707730101778975,4,3,3
stratified_equal,10,155,0.014156435792968157,0.8266212326392487,0.6565076777938937,0.06024128086419753,0.7183148163762009,4,3,3
stratified_equal,10,156,0.011518137920627732,0.8596544146325672,0.7385489458759964,0.03946813271604938,0.7675393940139078,4,3,3
stratified_equal,10,157,0.012476293948996528,0.8756580854229328,0.7481134002767627,0.03277986111111112,0.7160941788385305,4,3,3
stratified_equal,10,158,0.004459272672400783,0.9160839160839163,0.7575757575757575,0.02902986111111111,0.8624805074495772,4,3,3
stratified_equal,10,159,0.015440123736230568,0.9438654593312678,0.8616404368553291,0.06914251543209878,0.9150853654980627,4,3,3
stratified_equal,10,160,0.01250537196318093,0.9789533946223928,0.9231861823449954,0.024265972222222223,0.7769729932293341,4,3,3
stratified_equal,10,161,0.02308267692771993,0.8912335563945798,0.8000946913656627,0.07426442901234566,0.6304112489923338,4,3,3
stratified_equal,10,162,0.004817428700769574,0.9510489510489512,0.8484848484848484,0.04471813271604938,0.8082127845714561,4,3,3
stratified_equal,10,163,0.005301825863890146,0.900176511814775,0.8091838819320086,0.045830787037037045,0.793321111966932,4,3,3
stratified_equal,10,164,0.027050762034102907,0.900176511814775,0.7786486411043856,0.03970270061728395,0.8559028763543465,4,3,3
stratified_equal,10,165,0.0022089180624717056,0.9300699300699302,0.8181818181818181,0.022654861111111108,0.8951596658033235,4,3,3
stratified_equal,10,166,0.002547215934812135,0.9720279720279721,0.909090909090909,0.009918749999999999,0.8771534405823568,4,3,3
stratified_equal,10,167,0.007242251395805039,0.9560765576286495,0.8529438595319315,0.01746350308641975,0.7747363265014595,4,3,3
stratified_equal,10,168,0.022764946431266034,0.9160839160839163,0.8181818181818181,0.04477831790123457,0.8860802501546446,4,3,3
stratified_equal,10,169,0.006054308133393687,0.8966738794730833,0.7786486411043856,0.02791103395061728,0.905494671317793,4,3,3
stratified_equal,10,170,0.008003953523464613,0.9508830463894927,0.8616404368553291,0.030926466049382716,0.7986517101183551,4,3,3
stratified_equal,10,171,0.004828066998641917,0.9071817764981586,0.7481134002767627,0.03754529320987655,0.7827873262744506,4,3,3
stratified_equal,10,172,0.011417428700769582,0.9244416715306428,0.7909115788387002,0.02784313271604939,0.8750504761381551,4,3,3
stratified_equal,10,173,0.005419556360344044,0.9422080999150758,0.8091838819320086,0.02444344135802469,0.9350439434043389,4,3,3
stratified_equal,10,174,0.0030791308284291528,0.9632238939652261,0.8702543635872545,0.007184182098765433,0.801127074260982,4,3,3
stratified_equal,10,175,0.0037408329560887268,0.9682522850541008,0.8983342757230725,0.03361473765432099,0.8534455052450176,4,3,3
stratified_equal,10,176,0.006218137920627736,0.9141870411815418,0.7481134002767627,0.010367824074074076,0.732650437690574,4,3,3
stratified_equal,10,177,0.009123811679492978,0.9160839160839163,0.8181818181818181,0.04111782407407407,0.9082957640746546,4,3,3
stratified_equal,10,178,0.003331613097932701,0.9559454586332539,0.8754275592730113,0.04225825617283951,0.7241402083652746,4,3,3
stratified_equal,10,179,0.05356565565112418,0.7592372663521628,0.6358308771056217,0.06989097222222221,0.6853595502989359,4,3,3
stratified_equal,10,180,0.022435159197223473,0.9258470754896877,0.8037727730153806,0.06426597222222223,0.818569034149251,4,3,3
stratified_equal,10,181,0.009087641466727022,0.900176511814775,0.7786486411043856,0.019194984567901235,0.7561415223352742,4,3,3
stratified_equal,10,182,0.017923811679492984,0.9157951110983675,0.8308675641104959,0.0236363425925926,0.8729908905503655,4,3,3
stratified_equal,10,183,0.01031671948091142,0.9071817764981586,0.7786486411043856,0.01527368827160494,0.7912305173164779,4,3,3
stratified_equal,10,184,0.003884804587294401,0.9510489510489512,0.8484848484848484,0.018250540123456793,0.9010129405072084,4,3,3
stratified_equal,10,185,0.004013173381620644,0.9702291586486097,0.9007896044148774,0.05122893518518518,0.7435440139102852,4,3,3
stratified_equal,10,186,0.006040123736230574,0.9580419580419581,0.8787878787878787,0.025969675925925927,0.9089107675927091,4,3,3
stratified_equal,10,187,0.008155726573109997,0.9457107322567676,0.8397191227596315,0.02234158950617285,0.8539934680935812,4,3,3
stratified_equal,10,188,0.00822097480006036,0.9228126981565926,0.8000946913656627,0.03572739197530864,0.8542814702582606,4,3,3
stratified_equal,10,189,0.0034457974950958177,0.9754446010932804,0.9231861823449954,0.02419961419753087,0.7084696757253425,4,3,3
stratified_equal,10,190,0.028414591821336946,0.8000049246376544,0.6462303276414968,0.03535702160493827,0.7306082762940145,4,3,3
stratified_equal,10,191,0.013286223027010713,0.9457107322567676,0.8397191227596315,0.04180300925925926,0.9021906623297268,4,3,3
stratified_equal,10,192,0.012220265580202202,0.9020979020979022,0.7272727272727272,0.03121195987654321,0.6502010548433782,4,3,3
stratified_equal,10,193,0.017474875509280216,0.9702291586486097,0.9007896044148774,0.12144652777777776,0.8471288056748593,4,3,3
stratified_equal,10,194,0.0066706201901312765,0.9277256664964789,0.8441622892989752,0.024346219135802465,0.6989259296323197,4,3,3
stratified_equal,10,195,0.0021245208993511404,0.9473742528603802,0.8308675641104959,0.022938811728395066,0.7104538402987631,4,3,3
stratified_equal,10,196,0.003211045722046175,0.99124495269876,0.9618600860701234,0.005201157407407408,0.9090998997792702,4,3,3
stratified_equal,10,197,0.030395442885166744,0.9036791441564668,0.7786486411043856,0.044469675925925926,0.7586813259037027,4,3,3
stratified_equal,10,198,0.016967074090840504,0.912286317569255,0.7693218186208295,0.0394866512345679,0.7246635949938618,4,3,3
stratified_equal,10,199,0.0022961521050248986,0.9422080999150758,0.8397191227596315,0.02066412037037037,0.9154998537659793,4,3,3
stratified_equal,15,0,0.004492921214559965,0.9370629370629372,0.8484848484848484,0.00950239197530864,0.896826553523341,5,5,5
stratified_equal,15,1,0.007891187566017805,0.9281975705483089,0.8397191227596315,0.018006095679012346,0.8698782691133872,5,5,5
stratified_equal,15,2,0.03695659339738109,0.9577702286774382,0.8839599998785472,0.03983572530864197,0.9444632148450619,5,5,5
stratified_equal,15,3,0.006807184413929543,0.9352028352316922,0.8091838819320086,0.0228616512345679,0.7118007300536267,5,5,5
stratified_equal,15,4,0.004165419244504803,0.965034965034965,0.8787878787878787,0.0175616512345679,0.9366388940092397,5,5,5
stratified_equal,15,5,0.0020982797645993636,0.9720279720279721,0.909090909090909,0.01708016975308642,0.8086560564844479,5,5,5
stratified_equal,15,6,0.0056686501349697315,0.9160839160839163,0.8181818181818181,0.01439868827160494,0.8803817355017443,5,5,5
stratified_equal,15,7,0.002944300253173045,0.9368478722730427,0.8308675641104959,0.010817206790123456,0.8562790863894311,5,5,5
stratified_equal,15,8,0.005875427124725449,0.99124495269876,0.9618600860701234,0.01308016975308642,0.8033062112525678,5,5,5
stratified_equal,15,9,0.0061480827590832095,0.9510489510489512,0.8181818181818181,0.041280169753086425,0.8669360912202716,5,5,5
stratified_equal,15,10,0.003196152105024892,0.8671328671328673,0.7575757575757575,0.009076466049382713,0.7689136435216571,5,5,5
stratified_equal,15,11,0.00402956424056469,0.9403566658021552,0.8616404368553291,0.0187542438271605,0.8141035708561946,5,5,5
stratified_equal,15,12,0.0012894539174756463,0.9580419580419581,0.8787878787878787,0.00797646604938272,0.9289591217676967,5,5,5
stratified_equal,15,13,0.010826412152306224,0.965034965034965,0.8787878787878787,0.01802091049382716,0.7635302765269597,5,5,5
stratified_equal,15,14,0.0057877990711399435,0.9440559440559443,0.8787878787878787,0.009557947530864199,0.9155742236957888,5,5,5
stratified_equal,15,15,0.003306159985245543,0.9440559440559443,0.8484848484848484,0.01102461419753086,0.7770141404610776,5,5,5
stratified_equal,15,16,0.004449422396593062,0.9667265263069179,0.9007896044148774,0.016820910493827165,0.9093500500828577,5,5,5
stratified_equal,15,17,0.004310730513220328,0.8924509263255099,0.781631749350903,0.013324614197530858,0.7843196109563059,5,5,5
stratified_equal,15,18,0.006562582365072178,0.9020979020979022,0.7272727272727272,0.01628016975308642,0.8911070089540551,5,5,5
stratified_equal,15,19,0.0033509196385158326,0.9508830463894927,0.8616404368553291,0.010717206790123454,0.908365262256202,5,5,5
stratified_equal,15,20,0.005267704508492195,0.9737317909903013,0.9007896044148774,0.009557947530864199,0.8498389440166073,5,5,5
stratified_equal,15,21,0.0031633703871367987,0.9860139860139862,0.9393939393939392,0.01361720679012346,0.9242450136582493,5,5,5
stratified_equal,15,22,0.026523496470667138,0.7740817475138726,0.5954371961386479,0.044294984567901236,0.6966459269966802,5,5,5
stratified_equal,15,23,0.0017900055329208794,0.9597212616235344,0.8702543635872545,0.012272762345679014,0.786375559713429,5,5,5
stratified_equal,15,24,0.0037531261002967634,0.9160839160839163,0.7878787878787877,0.019202391975308646,0.9217754573898752,5,5,5
stratified_equal,15,25,0.0026867746424559425,0.9370629370629372,0.8484848484848484,0.015991280864197533,0.9276001167989372,5,5,5
stratified_equal,15,26,0.002387011049075328,0.9370629370629372,0.8484848484848484,0.018354243827160496,0.8379907075129042,5,5,5
stratified_equal,15,27,0.004178658015190381,0.9720279720279721,0.909090909090909,0.013950540123456789,0.8692613334539169,5,5,5
stratified_equal,15,28,0.03416636487098234,0.9368478722730427,0.8308675641104959,0.06630239197530863,0.7541464017329372,5,5,5
stratified_equal,15,29,0.003231140284693928,0.9457107322567676,0.8702543635872545,0.028502391975308645,0.813850101016628,5,5,5
stratified_equal,15,30,0.014939256911959487,0.9492133645984593,0.8397191227596315,0.0515579475308642,0.8512859861592067,5,5,5
stratified_equal,15,31,0.0030111245242526365,0.9370629370629372,0.8484848484848484,0.005672762345679014,0.7663495516159545,5,5,5
stratified_equal,15,32,0.002750131616451211,0.9370629370629372,0.8484848484848484,0.015565354938271605,0.9342310119773001,5,5,5
stratified_equal,15,33,0.005923654075080058,0.9300699300699302,0.8181818181818181,0.02369498456790124,0.9383602864672987,5,5,5
stratified_equal,15,34,0.0013654192445048017,0.9930069930069931,0.9696969696969696,0.016357947530864198,0.9087041204785073,5,5,5
stratified_equal,15,35,0.01741616786546619,0.9160839160839163,0.8181818181818181,0.023057947530864195,0.8146897954734422,5,5,5
stratified_equal,15,36,0.0020944972586892,0.9702291586486097,0.9007896044148774,0.03689128086419754,0.8654712992670365,5,5,5
stratified_equal,15,37,0.0025351591972234766,0.9702291586486097,0.9007896044148774,0.011291280864197534,0.9524237725540005,5,5,5
stratified_equal,15,38,0.015794103247656895,0.9510489510489512,0.8787878787878787,0.03036905864197531,0.7962752704443113,5,5,5
stratified_equal,15,39,0.008677633586506377,0.9160839160839163,0.7878787878787877,0.014328317901234571,0.9202168015845328,5,5,5
stratified_equal,15,40,0.002497334138121822,0.965034965034965,0.8787878787878787,0.016287577160493828,0.8406545964936774,5,5,5
stratified_equal,15,41,0.0036774759820934525,0.9490465829402037,0.8529438595319315,0.029420910493827165,0.9273963680147261,5,5,5
stratified_equal,15,42,0.005198043357979976,0.938705467573384,0.8397191227596315,0.011872762345679013,0.9365059074204929,5,5,5
stratified_equal,15,43,0.001452101671612762,0.965034965034965,0.909090909090909,0.006554243827160494,0.8918505515109322,5,5,5
stratified_equal,15,44,0.008111833744110786,0.9580419580419581,0.8787878787878787,0.01716535493827161,0.8345859530988089,5,5,5
stratified_equal,15,45,0.0030776335865063797,0.99124495269876,0.9618600860701234,0.008587577160493827,0.7712121868085365,5,5,5
stratified_equal,15,46,0.004966364870982342,0.9300699300699302,0.7575757575757575,0.013591280864197532,0.8874166721171973,5,5,5
stratified_equal,15,47,0.0030035595124323056,0.9597212616235344,0.8702543635872545,0.01413202160493827,0.903817121613052,5,5,5
stratified_equal,15,48,0.0022785792129839193,0.9263214916857051,0.8000946913656627,0.011776466049382713,0.8199000897071098,5,5,5
stratified_equal,15,49,0.017796309709437814,0.9211923058649254,0.7786486411043856,0.027450540123456785,0.7440171126476716,5,5,5
stratified_equal,15,50,0.006470226179098972,0.9632238939652261,0.8702543635872545,0.037343132716049394,0.8145812898293462,5,5,5
stratified_equal,15,51,0.0045947336653085835,0.9842396880153765,0.9313248452425005,0.013106095679012346,0.840417543954445,5,5,5
stratified_equal,15,52,0.009649107187767212,0.9667265263069179,0.9007896044148774,0.02018757716049383,0.8245094281071933,5,5,5
stratified_equal,15,53,0.007349658803212449,0.9510489510489512,0.8484848484848484,0.04121720679012346,0.8472297027148429,5,5,5
stratified_equal,15,54,0.011008918062471708,0.9667265263069179,0.9007896044148774,0.019161651234567905,0.8928862836930471,5,5,5
stratified_equal,15,55,0.003512306557349559,0.9492133645984593,0.8397191227596315,0.01325424382716049,0.9231390920658118,5,5,5
stratified_equal,15,56,0.003384646982881478,0.9527159969401509,0.8397191227596315,0.01633942901234568,0.8358403189280258,5,5,5
stratified_equal,15,57,0.005462503562865717,0.9580419580419581,0.8787878787878787,0.017406095679012353,0.9121300527780546,5,5,5
stratified_equal,15,58,0.0032100212933621718,0.9510489510489512,0.8181818181818181,0.01202831790123457,0.9019756065982186,5,5,5
stratified_equal,15,59,0.0012506832318964509,0.9790209790209792,0.909090909090909,0.012961651234567897,0.7357366489327206,5,5,5
stratified_equal,15,60,0.007917349898563119,0.9790209790209792,0.909090909090909,0.015439429012345686,0.8607033281173474,5,5,5
stratified_equal,15,61,0.008471171805576518,0.9510489510489512,0.8787878787878787,0.03322461419753087,0.8270580002329528,5,5,5
stratified_equal,15,62,0.0073115185352849435,0.8686528207395494,0.7175781594491396,0.014746836419753093,0.6801477810204485,5,5,5
stratified_equal,15,63,0.004039335714165957,0.9352028352316922,0.8397191227596315,0.006287577160493825,0.8313544683409203,5,5,5
stratified_equal,15,64,0.005487720268933487,0.9859709816806179,0.9539590550898286,0.029146836419753085,0.9142456212617441,5,5,5
stratified_equal,15,65,0.034208287644820014,0.9440559440559443,0.8484848484848484,0.04188757716049383,0.8592795254101623,5,5,5
stratified_equal,15,66,0.011110100095568632,0.9228126981565926,0.8000946913656627,0.02195054012345679,0.7783159711370237,5,5,5
stratified_equal,15,67,0.005438232483275484,0.9700553547016413,0.9066928292470475,0.017202391975308647,0.9125224247571886,5,5,5
stratified_equal,15,68,0.002436498834733328,0.9403566658021552,0.8616404368553291,0.011209799382716051,0.9491135476862976,5,5,5
stratified_equal,15,69,0.006633819559713629,0.9702291586486097,0.9007896044148774,0.02296905864197531,0.8857589879134035,5,5,5
stratified_equal,15,70,0.004173614673976829,0.9737317909903013,0.9007896044148774,0.009465354938271602,0.8105727139661948,5,5,5
stratified_equal,15,71,0.002924757305970525,0.9510489510489512,0.8484848484848484,0.02257646604938271,0.8556775083846807,5,5,5
stratified_equal,15,72,0.012646112703921667,0.9300699300699302,0.8181818181818181,0.025824614197530866,0.7601958941129126,5,5,5
stratified_equal,15,73,0.007850525627483526,0.9597212616235344,0.8702543635872545,0.016554243827160493,0.7870188946623656,5,5,5
stratified_equal,15,74,0.011021841624331431,0.9436853723733583,0.8529438595319315,0.03514313271604939,0.7813183235373614,5,5,5
stratified_equal,15,75,0.019433189142061935,0.9492133645984593,0.8397191227596315,0.03783942901234568,0.8126031694327701,5,5,5
stratified_equal,15,76,0.006635080395017021,0.965034965034965,0.909090909090909,0.01417646604938272,0.8748696163288924,5,5,5
stratified_equal,15,77,0.0025906359505725716,0.9492133645984593,0.8397191227596315,0.008817206790123456,0.8619245248286104,5,5,5
stratified_equal,15,78,0.017697964555773514,0.8861659824480081,0.7481134002767627,0.048035725308641974,0.7637844751615229,5,5,5
stratified_equal,15,79,0.009467862112905118,0.9720279720279721,0.909090909090909,0.03880239197530863,0.952307652513192,5,5,5
stratified_equal,15,80,0.018944300253173046,0.9632238939652261,0.8702543635872545,0.020480169753086423,0.882596561882495,5,5,5
stratified_equal,15,81,0.025101274248444914,0.9508830463894927,0.8616404368553291,0.03621720679012346,0.7837079604674285,5,5,5
stratified_equal,15,82,0.0030328739332360893,0.9720279720279721,0.909090909090909,0.019454243827160492,0.7588243371447958,5,5,5
stratified_equal,15,83,0.002669438157034352,0.938705467573384,0.8397191227596315,0.012157947530864197,0.926763261698444,5,5,5
stratified_equal,15,84,0.01035265328705799,0.9090909090909092,0.8181818181818181,0.03883202160493828,0.773144244848112,5,5,5
stratified_equal,15,85,0.007207499622755399,0.9580419580419581,0.8484848484848484,0.01138016975308642,0.8259929809865496,5,5,5
stratified_equal,15,86,0.001859666683433094,0.9230769230769231,0.7575757575757575,0.005687577160493826,0.8414566484063487,5,5,5
stratified_equal,15,87,0.0015725114430863638,0.9702291586486097,0.9007896044148774,0.007628317901234569,0.8966568486514542,5,5,5
stratified_equal,15,88,0.005259824287846013,0.9860139860139862,0.9393939393939392,0.0252542438271605,0.9053234931948841,5,5,5
stratified_equal,15,89,0.0035381536810690285,0.9649182205059428,0.8924133096001623,0.02029868827160494,0.8699598077912459,5,5,5
stratified_equal,15,90,0.00931435541471757,0.9300699300699302,0.7878787878787877,0.01868387345679012,0.8107903887970022,5,5,5
stratified_equal,15,91,0.002511833744110795,0.9580419580419581,0.8484848484848484,0.022609799382716053,0.9301311028070595,5,5,5
stratified_equal,15,92,0.00998102208138424,0.9510489510489512,0.8181818181818181,0.042494984567901246,0.872790479734701,5,5,5
stratified_equal,15,93,0.005879209630635613,0.9020979020979022,0.7272727272727272,0.02734683641975309,0.895512559360768,5,5,5
stratified_equal,15,94,0.0073966249182636674,0.9720279720279721,0.909090909090909,0.03079868827160494,0.8222088875374126,5,5,5
stratified_equal,15,95,0.005559272672400784,0.9090909090909092,0.7575757575757575,0.012787577160493826,0.8483210803725686,5,5,5
stratified_equal,15,96,0.0009058447764196982,0.9492133645984593,0.8397191227596315,0.0043801697530864185,0.9179228536612398,5,5,5
stratified_equal,15,97,0.00047905202622269,0.9842396880153765,0.9313248452425005,0.005454243827160493,0.9013352569181589,5,5,5
stratified_equal,15,98,0.013073535871770368,0.9930069930069931,0.9696969696969696,0.026302391975308637,0.6734446228692335,5,5,5
stratified_equal,15,99,0.0018398085274047243,0.9370629370629372,0.8181818181818181,0.013120910493827158,0.8430913813533939,5,5,5
stratified_equal,15,100,0.004960060694465401,0.9440559440559443,0.8484848484848484,0.015372762345679017,0.8692484993333052,5,5,5
stratified_equal,15,101,0.002688665895411027,0.9457107322567676,0.8702543635872545,0.027109799382716057,0.914713983119139,5,5,5
stratified_equal,15,102,0.00425021041865768,0.99124495269876,0.9618600860701234,0.013843132716049387,0.8732641386177681,5,5,5
stratified_equal,15,103,0.007215064634575726,0.9702291586486097,0.9313248452425005,0.038854243827160496,0.7354930699191943,5,5,5
stratified_equal,15,104,0.013347452341431516,0.9720279720279721,0.909090909090909,0.022791280864197527,0.8657821820522265,5,5,5
stratified_equal,15,105,0.01835958788122664,0.9720279720279721,0.909090909090909,0.028017206790123466,0.9616510062856743,5,5,5
stratified_equal,15,106,0.006113409788240029,0.9141870411815418,0.7786486411043856,0.016932021604938275,0.8952532880298905,5,5,5
stratified_equal,15,107,0.010350131616451215,0.9597212616235344,0.9007896044148774,0.024761651234567902,0.8451649588655474,5,5,5
stratified_equal,15,108,0.004362424760659254,0.9510489510489512,0.8484848484848484,0.019832021604938268,0.9429049724251067,5,5,5
stratified_equal,15,109,0.007064079606994947,0.965034965034965,0.909090909090909,0.018313503086419755,0.8493844059397212,5,5,5
stratified_equal,15,110,0.003282834532132853,0.8959784003426069,0.781631749350903,0.014057947530864196,0.8745984776228072,5,5,5
stratified_equal,15,111,0.0030208959978538937,0.9510489510489512,0.8787878787878787,0.014802391975308643,0.7892028511614004,5,5,5
stratified_equal,15,112,0.014003086699193533,0.952417984616157,0.8754275592730113,0.03038016975308642,0.9131625081570626,5,5,5
stratified_equal,15,113,0.0018136461948594152,0.9473742528603802,0.8308675641104959,0.008576466049382713,0.7906302635843426,5,5,5
stratified_equal,15,114,0.007018374327247123,0.9772344233319931,0.9007896044148774,0.026272762345679015,0.9117168034771886,5,5,5
stratified_equal,15,115,0.0027854350049460984,0.9580419580419581,0.8484848484848484,0.028024614197530866,0.752534769792371,5,5,5
stratified_equal,15,116,0.0035192411515182023,0.938705467573384,0.8397191227596315,0.016850540123456787,0.8695010366547936,5,5,5
stratified_equal,15,117,0.0072364988347333285,0.9300699300699302,0.8181818181818181,0.02690239197530864,0.8485227402332289,5,5,5
stratified_equal,15,118,0.001004505138909847,0.9720279720279721,0.909090909090909,0.009087577160493828,0.9613331573443934,5,5,5
stratified_equal,15,119,0.001582598125513472,0.9772344233319931,0.9313248452425005,0.02783942901234568,0.8961721436356284,5,5,5
stratified_equal,15,120,0.008807814831581237,0.9543918399186052,0.8924133096001623,0.016761651234567895,0.8247710477309328,5,5,5
stratified_equal,15,121,0.0039245997015576,0.9580419580419581,0.909090909090909,0.030128317901234564,0.8992313115228193,5,5,5
stratified_equal,15,122,0.0018256241302416051,0.9422080999150758,0.8397191227596315,0.009498688271604938,0.8216019682507819,5,5,5
stratified_equal,15,123,0.0026227872508089787,0.9562186292818428,0.8702543635872545,0.032198688271604936,0.8442359035739596,5,5,5
stratified_equal,15,124,0.006028618614087146,0.9492133645984593,0.8397191227596315,0.01161350308641975,0.861466041353444,5,5,5
stratified_equal,15,125,0.007097176533708903,0.9090909090909092,0.7575757575757575,0.012632021604938273,0.9060110265589266,5,5,5
stratified_equal,15,126,0.003490557148366113,0.9141870411815418,0.8091838819320086,0.014487577160493828,0.8556105702423946,5,5,5
stratified_equal,15,127,0.003190793554985496,0.9440559440559443,0.8181818181818181,0.019428317901234563,0.8455428364102481,5,5,5
stratified_equal,15,128,0.002317034689737273,0.9667265263069179,0.9007896044148774,0.010661651234567903,0.9534595869151282,5,5,5
stratified_equal,15,129,0.006903638314638771,0.9702291586486097,0.9007896044148774,0.014943132716049383,0.7489440116491931,5,5,5
stratified_equal,15,130,0.003082676927719932,0.8811188811188813,0.6969696969696969,0.027969058641975315,0.844309212036126,5,5,5
stratified_equal,15,131,0.005646585517160436,0.8951048951048951,0.7575757575757575,0.03471720679012346,0.8244509786775036,5,5,5
stratified_equal,15,132,0.0037632127827238737,0.9720279720279721,0.909090909090909,0.008935725308641977,0.6777805727763234,5,5,5
stratified_equal,15,133,0.008988114279965792,0.9440559440559443,0.8181818181818181,0.02937646604938272,0.7884992681928189,5,5,5
stratified_equal,15,134,0.0015898479285079556,0.9510489510489512,0.8484848484848484,0.01378757716049383,0.8967940825389119,5,5,5
stratified_equal,15,135,0.00476084871653002,0.9614094269768303,0.8924133096001623,0.009806095679012345,0.6995788563002211,5,5,5
stratified_equal,15,136,0.007191739181463039,0.9141870411815418,0.7786486411043856,0.017369058641975306,0.7982720344803843,5,5,5
stratified_equal,15,137,0.0034095484801233995,0.9281975705483089,0.8397191227596315,0.039754243827160494,0.7297011414084286,5,5,5
stratified_equal,15,138,0.009946664319366897,0.9366429442213183,0.8529438595319315,0.018424614197530866,0.8663993416731808,5,5,5
stratified_equal,15,139,0.0021837013564039395,0.965034965034965,0.8787878787878787,0.01658016975308642,0.8362111106393172,5,5,5
stratified_equal,15,140,0.005941305769327498,0.9071817764981586,0.7786486411043856,0.008161651234567904,0.7724087614203907,5,5,5
stratified_equal,15,141,0.00740828764482001,0.9579006334477178,0.8616404368553291,0.057850540123456785,0.8152630695281919,5,5,5
stratified_equal,15,142,0.0023595878812266292,0.9440559440559443,0.8484848484848484,0.014046836419753087,0.9380012076494664,5,5,5
stratified_equal,15,143,0.0021496588032124454,0.965034965034965,0.8787878787878787,0.02913942901234569,0.9271669896816007,5,5,5
stratified_equal,15,144,0.014942724209043808,0.9737317909903013,0.9007896044148774,0.038661651234567905,0.9085680706452305,5,5,5
stratified_equal,15,145,0.0029802340593196165,0.99124495269876,0.9618600860701234,0.022376466049382714,0.9089837864431911,5,5,5
stratified_equal,15,146,0.0068342923729524,0.9492133645984593,0.8702543635872545,0.017709799382716048,0.8783583370843551,5,5,5
stratified_equal,15,147,0.001035395603842865,0.9720279720279721,0.909090909090909,0.01392091049382716,0.7796881835575764,5,5,5
stratified_equal,15,148,0.00785115604513522,0.965034965034965,0.8787878787878787,0.015420910493827161,0.7733029816692615,5,5,5
stratified_equal,15,149,0.004163843200375568,0.9141870411815418,0.8397191227596315,0.023543132716049384,0.9083705396010773,5,5,5
stratified_equal,15,150,0.03391010009556864,0.9090909090909092,0.7575757575757575,0.07472461419753085,0.4901222345875565,5,5,5
stratified_equal,15,151,0.0013134097882400257,0.965034965034965,0.8787878787878787,0.006920910493827161,0.9353054345762969,5,5,5
stratified_equal,15,152,0.002423575272873597,0.900176511814775,0.7481134002767627,0.01077276234567901,0.7874004525974824,5,5,5
stratified_equal,15,153,0.003843591033314891,0.9702291586486097,0.9007896044148774,0.009728317901234566,0.9235904491105842,5,5,5
stratified_equal,15,154,0.02152617574568684,0.9702291586486097,0.9007896044148774,0.04238016975308642,0.8937441550313198,5,5,5
stratified_equal,15,155,0.004768098519524505,0.9492133645984593,0.8397191227596315,0.056361651234567885,0.8615109849607006,5,5,5
stratified_equal,15,156,0.0199066327984843,0.9632238939652261,0.8702543635872545,0.06118387345679014,0.9121992804788351,5,5,5
stratified_equal,15,157,0.0050316130979327,0.9370629370629372,0.8181818181818181,0.013532021604938273,0.8153559835406264,5,5,5
stratified_equal,15,158,0.0063053719631809245,0.9492133645984593,0.8702543635872545,0.016594984567901233,0.8066471675195604,5,5,5
stratified_equal,15,159,0.006085356202739632,0.9562186292818428,0.8702543635872545,0.0222542438271605,0.9329886223680853,5,5,5
stratified_equal,15,160,0.011255726573109996,0.9300699300699302,0.8181818181818181,0.024335725308641976,0.8758236140798127,5,5,5
stratified_equal,15,161,0.0083901631373338,0.9597212616235344,0.8702543635872545,0.011557947530864199,0.8633761400129908,5,5,5
stratified_equal,15,162,0.005626727361132074,0.9720279720279721,0.909090909090909,0.01382091049382716,0.763362715387093,5,5,5
stratified_equal,15,163,0.040671014201163605,0.9684270140350553,0.8924133096001623,0.04387276234567902,0.9122570869438816,5,5,5
stratified_equal,15,164,0.004409390875710478,0.9543918399186052,0.8924133096001623,0.014057947530864194,0.8690135465001636,5,5,5
stratified_equal,15,165,0.004634449977365321,0.9300699300699302,0.8181818181818181,0.0243542438271605,0.8230979598513799,5,5,5
stratified_equal,15,166,0.004773141860738056,0.9141870411815418,0.8091838819320086,0.01253572530864198,0.8403531554601454,5,5,5
stratified_equal,15,167,0.0038309826802810035,0.9562186292818428,0.9007896044148774,0.022613503086419753,0.8196542774833522,5,5,5
stratified_equal,15,168,0.009601825863890141,0.9230769230769231,0.8181818181818181,0.023102391975308643,0.8926179578713417,5,5,5
stratified_equal,15,169,0.003769201750414968,0.9176896735232337,0.8091838819320086,0.023383873456790123,0.8371658832073666,5,5,5
stratified_equal,15,170,0.004631613097932697,0.8671328671328673,0.6969696969696969,0.023520910493827162,0.742370428521527,5,5,5
stratified_equal,15,171,0.005509784886742781,0.9720279720279721,0.909090909090909,0.019172762345679013,0.815234000385745,5,5,5
stratified_equal,15,172,0.004493551632211661,0.9702291586486097,0.9007896044148774,0.0151579475308642,0.8120472436703613,5,5,5
stratified_equal,15,173,0.009068492530556811,0.938705467573384,0.8397191227596315,0.03999498456790124,0.8093030857112148,5,5,5
stratified_equal,15,174,0.007254780946632465,0.9422080999150758,0.8397191227596315,0.016069058641975307,0.8254825582609887,5,5,5
stratified_equal,15,175,0.03244690072598629,0.9422080999150758,0.8397191227596315,0.040532021604938274,0.7977735542269578,5,5,5
stratified_equal,15,176,0.019708996864678176,0.9281975705483089,0.8091838819320086,0.028954243827160497,0.9485041288854353,5,5,5
stratified_equal,15,177,0.0026155374478144945,0.9860139860139862,0.9393939393939392,0.015080169753086422,0.8651727296821655,5,5,5
stratified_equal,15,178,0.002114355414717567,0.9720279720279721,0.909090909090909,0.013587577160493825,0.917015740193253,5,5,5
stratified_equal,15,179,0.0028910299616048823,0.9508830463894927,0.8616404368553291,0.011576466049382715,0.8297662518160056,5,5,5
stratified_equal,15,180,0.017734213570745942,0.9772344233319931,0.9313248452425005,0.029550540123456787,0.908272059776523,5,5,5
stratified_equal,15,181,0.008112464161762483,0.9632238939652261,0.9007896044148774,0.01512091049382716,0.8677671477164024,5,5,5
stratified_equal,15,182,0.0049313766913133125,0.9440559440559443,0.8181818181818181,0.014935725308641972,0.9548584383042505,5,5,5
stratified_equal,15,183,0.0011885870932045652,0.99124495269876,0.9618600860701234,0.007235725308641976,0.8508771615018232,5,5,5
stratified_equal,15,184,0.0076361836259074825,0.8881118881118882,0.7878787878787877,0.019039429012345684,0.8212923543274675,5,5,5
stratified_equal,15,185,0.002873378267357443,0.9510489510489512,0.8787878787878787,0.012339429012345677,0.8901615503502472,5,5,5
stratified_equal,15,186,0.002306632798484314,0.9772344233319931,0.9007896044148774,0.016132021604938276,0.9395009255021461,5,5,5
stratified_equal,15,187,0.013300801435206143,0.9527159969401509,0.8397191227596315,0.01964313271604938,0.8906481680873015,5,5,5
stratified_equal,15,188,0.005672432640879896,0.9632238939652261,0.8702543635872545,0.017432021604938272,0.8878583907454534,5,5,5
stratified_equal,15,189,0.014592211994701808,0.9160839160839163,0.7878787878787877,0.02054683641975309,0.6943882207610907,5,5,5
stratified_equal,15,190,0.004455411364284156,0.9300699300699302,0.8181818181818181,0.009194984567901233,0.9298149875405072,5,5,5
stratified_equal,15,191,0.01853043106483577,0.9370629370629372,0.8484848484848484,0.03146165123456791,0.9085691655095355,5,5,5
stratified_equal,15,192,0.0027372080545914885,0.99124495269876,0.9618600860701234,0.00873942901234568,0.9173171870709281,5,5,5
stratified_equal,15,193,0.004815064634575729,0.9510489510489512,0.8787878787878787,0.020176466049382714,0.8964668677592865,5,5,5
stratified_equal,15,194,0.015500959039619065,0.8951048951048951,0.7878787878787877,0.027020910493827165,0.8761461408915491,5,5,5
stratified_equal,15,195,0.0075844893784685515,0.9702291586486097,0.9007896044148774,0.012706095679012342,0.908077504829533,5,5,5
stratified_equal,15,196,0.019448949583354292,0.9580419580419581,0.8787878787878787,0.04339128086419752,0.9356073476038226,5,5,5
stratified_equal,15,197,0.01845257448485154,0.9842396880153765,0.9313248452425005,0.05563202160493829,0.9220411600066144,5,5,5
stratified_equal,15,198,0.005552022869406298,0.9860139860139862,0.9393939393939392,0.011494984567901234,0.8087272441847523,5,5,5
stratified_equal,15,199,0.02946155793638817,0.8511396590310907,0.7175781594491396,0.03427276234567901,0.7206667927067748,5,5,5
stratified_equal,20,0,0.0034849818922589337,0.9230769230769231,0.8181818181818181,0.011206322436381963,0.9096881823904738,7,7,6
stratified_equal,20,1,0.00514916628942206,0.9720279720279721,0.909090909090909,0.015476919564121948,0.8838401061112723,7,7,6
stratified_equal,20,2,0.002888705296514256,0.9720279720279721,0.909090909090909,0.02642867063492063,0.9186576657238508,7,7,6
stratified_equal,20,3,0.0035411875660178015,0.9333390787439302,0.8000946913656627,0.014359131708238854,0.9015322338132387,7,7,6
stratified_equal,20,4,0.0009697336653085868,0.9860139860139862,0.9393939393939392,0.007449708679768202,0.9699629351809173,7,7,6
stratified_equal,20,5,0.0023649464312660335,0.9790209790209792,0.909090909090909,0.01782360638699924,0.9302359502464016,7,7,6
stratified_equal,20,6,0.0014381733816206399,0.938705467573384,0.8397191227596315,0.0035577963592844535,0.9489916907701925,7,7,6
stratified_equal,20,7,0.0012348045872944025,0.965034965034965,0.8787878787878787,0.01561851694381456,0.8386890917974051,7,7,6
stratified_equal,20,8,0.0020264712539610663,0.965034965034965,0.8787878787878787,0.005596723041068279,0.8654505486836322,7,7,6
stratified_equal,20,9,0.02130927267240078,0.9790209790209792,0.9393939393939392,0.029465707671957678,0.9110631845536469,7,7,6
stratified_equal,20,10,0.013063882601478803,0.9860139860139862,0.9393939393939392,0.022292742189468376,0.9174499807923918,7,7,6
stratified_equal,20,11,0.0016667194809114243,0.9930069930069931,0.9696969696969696,0.018338219639707738,0.8753166857824742,7,7,6
stratified_equal,20,12,0.0035544854383582317,0.9860139860139862,0.9393939393939392,0.017143712207105064,0.9086385440933622,7,7,6
stratified_equal,20,13,0.002570442885166741,0.9510489510489512,0.8787878787878787,0.009603525762156716,0.8273189322000599,7,7,6
stratified_equal,20,14,0.002742783310698655,0.9440559440559443,0.8181818181818181,0.010298285147392292,0.8787268525831357,7,7,6
stratified_equal,20,15,0.003146329409989434,0.9930069930069931,0.9696969696969696,0.0059858638825900715,0.9519713982288543,7,7,6
stratified_equal,20,16,0.0015168967858759628,0.9860139860139862,0.9393939393939392,0.004763011778785589,0.9487833486742935,7,7,6
stratified_equal,20,17,0.0016151237362305709,0.9300699300699302,0.8181818181818181,0.009196370307382212,0.8541251478567157,7,7,6
stratified_equal,20,18,0.004568669835521353,0.9720279720279721,0.909090909090909,0.0073612733056185415,0.9501066561106151,7,7,6
stratified_equal,20,19,0.001255903878074543,0.9580419580419581,0.8484848484848484,0.005356234252960443,0.9195753506364781,7,7,6
stratified_equal,20,20,0.00754792515467029,0.9510489510489512,0.8484848484848484,0.02592526927437642,0.9370834499525161,7,7,6
stratified_equal,20,21,0.004176116644031994,0.9702291586486097,0.9007896044148774,0.010592061917359537,0.8501405038705987,7,7,6
stratified_equal,20,22,0.004961577636939788,0.9492133645984593,0.8702543635872545,0.02337462679516251,0.8806738264905665,7,7,6
stratified_equal,20,23,0.004723634374528444,0.9702291586486097,0.9007896044148774,0.01348410021415974,0.8386875353237357,7,7,6
stratified_equal,20,24,0.004904662743322769,0.9370629370629372,0.8484848484848484,0.011997075774754349,0.8581381532403357,7,7,6
stratified_equal,20,25,0.0017160102610532645,0.9720279720279721,0.909090909090909,0.006594329491055684,0.9706378398018763,7,7,6
stratified_equal,20,26,0.0019129960766561035,0.9702291586486097,0.9007896044148774,0.005365052595112119,0.9403774596063431,7,7,6
stratified_equal,20,27,0.0012780669986419211,0.9982502173821435,0.9923953268977463,0.0174571412824389,0.8844187801369644,7,7,6
stratified_equal,20,28,0.001889769126301493,0.9370629370629372,0.8484848484848484,0.013208464033761655,0.8887710641576295,7,7,6
stratified_equal,20,29,0.001079662743322771,0.9720279720279721,0.909090909090909,0.006543938964474679,0.9432815553933264,7,7,6
stratified_equal,20,30,0.00271547834615965,0.9370629370629372,0.8181818181818181,0.02010188807004283,0.9262354836956824,7,7,6
stratified_equal,20,31,0.009709804587294403,0.965034965034965,0.8787878787878787,0.023656435815066768,0.844029361680136,7,7,6
stratified_equal,20,32,0.00182239323977667,0.9702291586486097,0.9007896044148774,0.009467345364071554,0.9202811166519321,7,7,6
stratified_equal,20,33,0.0017411875660178046,0.965034965034965,0.8787878787878787,0.00716008912824389,0.9190532530080543,7,7,6
stratified_equal,20,34,0.0023229251546702874,0.9281975705483089,0.8397191227596315,0.007685662320483751,0.8972530778432968,7,7,6
stratified_equal,20,35,0.0023888826014787983,0.9807370556736849,0.9313248452425005,0.010538647959183675,0.8965482763665541,7,7,6
stratified_equal,20,36,0.0023881733816206456,0.9230769230769231,0.7878787878787877,0.005322850529100527,0.8753302958655983,7,7,6
stratified_equal,20,37,0.00265288969367738,0.9580419580419581,0.8484848484848484,0.0078093710632401074,0.9271087222045301,7,7,6
stratified_equal,20,38,0.0019305492681454654,0.9510489510489512,0.8484848484848484,0.005620532564877803,0.9494742556913424,7,7,6
stratified_equal,20,39,0.0036957974950958187,0.965034965034965,0.8787878787878787,0.00767558421516755,0.9387939132342682,7,7,6
stratified_equal,20,40,0.00286335068658518,0.9580419580419581,0.8484848484848484,0.005083873456790123,0.8669261923568609,7,7,6
stratified_equal,20,41,0.01099544288516674,0.965034965034965,0.8787878787878787,0.02185522644242882,0.9203062659838714,7,7,6
stratified_equal,20,42,0.0015504074241738351,0.9720279720279721,0.909090909090909,0.007134138007054672,0.9142256799168579,7,7,6
stratified_equal,20,43,0.0038193790553795065,0.9510489510489512,0.8484848484848484,0.010242603615520282,0.905816559594372,7,7,6
stratified_equal,20,44,0.003054662743322773,0.9422080999150758,0.8702543635872545,0.019444669627110098,0.9299330398739349,7,7,6
stratified_equal,20,45,0.008961577636939793,0.99124495269876,0.9618600860701234,0.011678985575711766,0.9334962662974323,7,7,6
stratified_equal,20,46,0.0030241662894220597,0.8601398601398602,0.6969696969696969,0.01216210474930713,0.9029296972580173,7,7,6
stratified_equal,20,47,0.003640832956088726,0.9510489510489512,0.8484848484848484,0.005693724804736709,0.8984255665120187,7,7,6
stratified_equal,20,48,0.01890998189225894,0.9422080999150758,0.8091838819320086,0.04891884448223733,0.8247326096188683,7,7,6
stratified_equal,20,49,0.01072629394899653,0.9930069930069931,0.9696969696969696,0.0223743748425296,0.9497697923369497,7,7,6
stratified_equal,20,50,0.01046884714048589,0.9510489510489512,0.8484848484848484,0.017651144809775764,0.8935079639674939,7,7,6
stratified_equal,20,51,0.0020420740908405036,0.9370629370629372,0.8181818181818181,0.006807733371126228,0.8596625813213571,7,7,6
stratified_equal,20,52,0.00345093933906745,0.9440559440559443,0.8181818181818181,0.008836329994960946,0.9314397189249698,7,7,6
stratified_equal,20,53,0.013124520899351129,0.8741258741258742,0.7878787878787877,0.01577535745779794,0.8954774244711889,7,7,6
stratified_equal,20,54,0.01104278331069866,0.9790209790209792,0.9393939393939392,0.012630610670194003,0.9204083737025773,7,7,6
stratified_equal,20,55,0.00923462728232986,0.965034965034965,0.8787878787878787,0.012064347127739983,0.9376241537605762,7,7,6
stratified_equal,20,56,0.004508386147578089,0.9300699300699302,0.8181818181818181,0.019357871945074333,0.894865716935838,7,7,6
stratified_equal,20,57,0.00483905990644334,0.9790209790209792,0.909090909090909,0.011359887566137565,0.9477309475613515,7,7,6
stratified_equal,20,58,0.0060236343745284455,0.9860139860139862,0.9393939393939392,0.013840487213403883,0.9457912448033081,7,7,6
stratified_equal,20,59,0.007330903878074544,0.9930069930069931,0.9696969696969696,0.010790474615772233,0.9591082243775081,7,7,6
stratified_equal,20,60,0.0030411875660178063,0.9527159969401509,0.8702543635872545,0.007097856827916352,0.891180216184889,7,7,6
stratified_equal,20,61,0.005021329409989436,0.9790209790209792,0.9393939393939392,0.011217408352229783,0.9273227809241189,7,7,6
stratified_equal,20,62,0.008735159197223482,0.9720279720279721,0.909090909090909,0.039625319664903,0.9530409501619559,7,7,6
stratified_equal,20,63,0.009285159197223483,0.9090909090909092,0.7878787878787877,0.021881933421516758,0.8220990338456312,7,7,6
stratified_equal,20,64,0.0018502301192092954,0.9790209790209792,0.9393939393939392,0.009244367283950616,0.866788969706056,7,7,6
stratified_equal,20,65,0.0011743435943866005,0.9720279720279721,0.909090909090909,0.0073583758503401354,0.9467312176172548,7,7,6
stratified_equal,20,66,0.0032931379206277353,0.9579006334477178,0.8924133096001623,0.013068504346182916,0.9530694263860854,7,7,6
stratified_equal,20,67,0.003523102459634825,0.9176896735232337,0.8091838819320086,0.008720431783824645,0.8688916342034982,7,7,6
stratified_equal,20,68,0.0016911875660178043,0.9720279720279721,0.909090909090909,0.007839731355505168,0.9149373342680004,7,7,6
stratified_equal,20,69,0.0014555492681454635,0.9510489510489512,0.8484848484848484,0.005311764613252709,0.9432401732618508,7,7,6
stratified_equal,20,70,0.02121423721140787,0.900176511814775,0.7786486411043856,0.023040411627614013,0.7976284895299659,7,7,6
stratified_equal,20,71,0.005304130828429155,0.9860139860139862,0.9393939393939392,0.012856990110859159,0.8341710189757778,7,7,6
stratified_equal,20,72,0.007214414516372416,0.9440559440559443,0.8181818181818181,0.024185284391534393,0.8549595413212171,7,7,6
stratified_equal,20,73,0.009382322317790853,0.9230769230769231,0.8181818181818181,0.019082613693625596,0.88634137693075,7,7,6
stratified_equal,20,74,0.0052443790553795035,0.9702291586486097,0.9007896044148774,0.011870973481985387,0.7774379081346877,7,7,6
stratified_equal,20,75,0.00276725139580504,0.9859709816806179,0.9539590550898286,0.010091180083144366,0.9071497707218615,7,7,6
stratified_equal,20,76,0.006054130828429154,0.9632238939652261,0.9007896044148774,0.03424021006550768,0.7873486421184518,7,7,6
stratified_equal,20,77,0.0023477478497057488,0.9580419580419581,0.8484848484848484,0.006600250377928947,0.8756249049395263,7,7,6
stratified_equal,20,78,0.0028922513958050417,0.9789533946223928,0.9231861823449954,0.00897754944570421,0.8782689958327382,7,7,6
stratified_equal,20,79,0.003097215934812129,0.9317002028900006,0.8091838819320086,0.006909144305870495,0.8910011037580626,7,7,6
stratified_equal,20,80,0.00362505281424475,0.9176896735232337,0.8397191227596315,0.008460416666666666,0.8637384683092598,7,7,6
stratified_equal,20,81,0.006613882601478793,0.9930069930069931,0.9696969696969696,0.028902089632149155,0.845480329410981,7,7,6
stratified_equal,20,82,0.0022243435943866,0.9580419580419581,0.8787878787878787,0.013539907722348192,0.9250786021705624,7,7,6
stratified_equal,20,83,0.0028819677078617783,0.9807370556736849,0.9313248452425005,0.01480546579743009,0.9267179249335017,7,7,6
stratified_equal,20,84,0.004731258488003623,0.9702291586486097,0.9007896044148774,0.010862785021415971,0.8986612466183442,7,7,6
stratified_equal,20,85,0.00320643579296816,0.9352028352316922,0.8091838819320086,0.011408766376921143,0.8956288364910852,7,7,6
stratified_equal,20,86,0.016837464161762496,0.9702291586486097,0.9007896044148774,0.03228316798941799,0.9397898761262299,7,7,6
stratified_equal,20,87,0.004718492530556813,0.9370629370629372,0.8484848484848484,0.009824740173847312,0.9133358693637885,7,7,6
stratified_equal,20,88,0.011804840048287303,0.9720279720279721,0.909090909090909,0.01660478552532123,0.7758800730209069,7,7,6
stratified_equal,20,89,0.00560732231779085,0.9300699300699302,0.7878787878787877,0.01561473765432099,0.9062427884997629,7,7,6
stratified_equal,20,90,0.0027167194809114264,0.9790209790209792,0.909090909090909,0.010611462270093222,0.8812552796717016,7,7,6
stratified_equal,20,91,0.004738882601478796,0.9790209790209792,0.909090909090909,0.013101258188460571,0.8880260721566602,7,7,6
stratified_equal,20,92,0.0012098045872944033,0.965034965034965,0.8787878787878787,0.0038707215293524813,0.9339440600031749,7,7,6
stratified_equal,20,93,0.0023785989135355367,0.9160839160839163,0.7575757575757575,0.017653034454522553,0.9050526335707586,7,7,6
stratified_equal,20,94,0.01312487550928021,0.9842396880153765,0.9313248452425005,0.020438874716553288,0.8102589268770807,7,7,6
stratified_equal,20,95,0.0022140599064433366,0.9720279720279721,0.909090909090909,0.003752051839254221,0.8647726897852929,7,7,6
stratified_equal,20,96,0.0020122868567979462,0.9702291586486097,0.9007896044148774,0.010020255416981606,0.919700465013959,7,7,6
stratified_equal,20,97,0.0015317904028972395,0.9527159969401509,0.8397191227596315,0.028751799886621313,0.9555511915014896,7,7,6
stratified_equal,20,98,0.01067930813339369,0.9720279720279721,0.909090909090909,0.033746634857646764,0.9300884310213613,7,7,6
stratified_equal,20,99,0.004364591821336957,0.9632238939652261,0.8702543635872545,0.019387350403124216,0.8616475560561659,7,7,6
stratified_equal,20,100,0.00436849253055681,0.9684270140350553,0.8924133096001623,0.011845022360796173,0.9322324202726375,7,7,6
stratified_equal,20,101,0.0032404783461596493,0.9720279720279721,0.909090909090909,0.009772963907785334,0.890236676785385,7,7,6
stratified_equal,20,102,0.012946152105024903,0.9930069930069931,0.9696969696969696,0.019539403817082395,0.9461723659303608,7,7,6
stratified_equal,20,103,0.000852180473819223,0.9440559440559443,0.8181818181818181,0.023730383912824383,0.9402630611596675,7,7,6
stratified_equal,20,104,0.0037924287007695782,0.8966738794730833,0.7786486411043856,0.010140184870244394,0.855481117586184,7,7,6
stratified_equal,20,105,0.002585513807152558,0.9841964563824335,0.9459922805717786,0.006433961640211643,0.8782863044228938,7,7,6
stratified_equal,20,106,0.016630726573110002,0.965034965034965,0.8787878787878787,0.019480320924666162,0.893743252510179,7,7,6
stratified_equal,20,107,0.008586045722046179,0.9510489510489512,0.8181818181818181,0.027973392227261275,0.9460289796096498,7,7,6
stratified_equal,20,108,0.007722038629847591,0.9632238939652261,0.8702543635872545,0.014796899407911313,0.8480084155851038,7,7,6
stratified_equal,20,109,0.0014074996227553937,0.9702291586486097,0.9007896044148774,0.014022774943310659,0.8927462785348378,7,7,6
stratified_equal,20,110,0.001913527991549719,0.9807370556736849,0.9313248452425005,0.012000603111615021,0.8444230665589053,7,7,6
stratified_equal,20,111,0.0018560811830390794,0.9842396880153765,0.9313248452425005,0.006472258440413205,0.9705333710034892,7,7,6
stratified_equal,20,112,0.0013246982043156766,0.9720279720279721,0.909090909090909,0.009554143046107336,0.925821993046644,7,7,6
stratified_equal,20,113,0.014342783310698652,0.9492133645984593,0.8702543635872545,0.026051749496094734,0.924866660070586,7,7,6
stratified_equal,20,114,0.005101116644031989,0.9720279720279721,0.909090909090909,0.011822094671201813,0.8177518466917774,7,7,6
stratified_equal,20,115,0.0018982797645993657,0.9281975705483089,0.8702543635872545,0.00662091049382716,0.7847758864858309,7,7,6
stratified_equal,20,116,0.0029518258638901434,0.9720279720279721,0.8787878787878787,0.005822094671201815,0.8812225217803155,7,7,6
stratified_equal,20,117,0.0023995208993511374,0.8811188811188813,0.7878787878787877,0.019507657785336353,0.7829931181411043,7,7,6
stratified_equal,20,118,0.006086577636939791,0.9300699300699302,0.8181818181818181,0.02000148494583019,0.8901251496669685,7,7,6
stratified_equal,20,119,0.004502889693677379,0.965034965034965,0.909090909090909,0.008592439846308893,0.8604527904595635,7,7,6
stratified_equal,20,120,0.004333208842613552,0.965034965034965,0.8787878787878787,0.009903097442680775,0.922304990943276,7,7,6
stratified_equal,20,121,0.006905903878074546,0.9562186292818428,0.8702543635872545,0.03239566484001008,0.8554662236893341,7,7,6
stratified_equal,20,122,0.0025810811830390802,0.9772344233319931,0.9313248452425005,0.017015720269589318,0.9363354240134947,7,7,6
stratified_equal,20,123,0.026636754941904327,0.8531468531468532,0.7272727272727272,0.041389240047871,0.7911128452293026,7,7,6
stratified_equal,20,124,0.0032105138071525604,0.9737317909903013,0.9313248452425005,0.009718290186444949,0.8049377412670456,7,7,6
stratified_equal,20,125,0.003819379055379506,0.9457107322567676,0.9007896044148774,0.007902593537414966,0.9219035212657224,7,7,6
stratified_equal,20,126,0.008442251395805045,0.9300699300699302,0.8181818181818181,0.010892893361048123,0.9543269326943734,7,7,6
stratified_equal,20,127,0.0014520031688546855,0.99124495269876,0.9618600860701234,0.010666891849332324,0.85913647934765,7,7,6
stratified_equal,20,128,0.0014420740908405007,0.9597212616235344,0.9007896044148774,0.007326503842277653,0.9296294701903074,7,7,6
stratified_equal,20,129,0.0043385279915497225,0.99124495269876,0.9618600860701234,0.01394340986394558,0.7302916044516884,7,7,6
stratified_equal,20,130,0.001080903878074542,0.9860139860139862,0.9393939393939392,0.004961172524565384,0.9500060992691771,7,7,6
stratified_equal,20,131,0.0035732797645993655,0.965034965034965,0.8787878787878787,0.010383823066263544,0.8836842977412922,7,7,6
stratified_equal,20,132,0.0008454428851667417,0.9790209790209792,0.909090909090909,0.003154798122952886,0.8974419557311042,7,7,6
stratified_equal,20,133,0.004164591821336955,0.9510489510489512,0.8484848484848484,0.026405616969009827,0.8287890836120888,7,7,6
stratified_equal,20,134,0.001854840048287309,0.9720279720279721,0.909090909090909,0.017896420697908793,0.9473795154032425,7,7,6
stratified_equal,20,135,0.002441542175946884,0.965034965034965,0.8787878787878787,0.0049344655454774495,0.8959015471460309,7,7,6
stratified_equal,20,136,0.004919733665308586,0.9702291586486097,0.9007896044148774,0.015367950050390525,0.8269423909223453,7,7,6
stratified_equal,20,137,0.002702180473819225,0.9632238939652261,0.9007896044148774,0.01026653911564626,0.8828752432611796,7,7,6
stratified_equal,20,138,0.007907676927719938,0.965034965034965,0.8787878787878787,0.011802946271101032,0.9262279469428729,7,7,6
stratified_equal,20,139,0.001166010261053269,0.9790209790209792,0.9393939393939392,0.007874248866213152,0.8763310363811945,7,7,6
stratified_equal,20,140,0.005506435792968156,0.9527159969401509,0.8702543635872545,0.008779136747291513,0.7978157960033387,7,7,6
stratified_equal,20,141,0.0033149464312660303,0.9597212616235344,0.8702543635872545,0.014359131708238854,0.9189406400985262,7,7,6
stratified_equal,20,142,0.008604130828429153,0.9510489510489512,0.8484848484848484,0.035102265998992195,0.9401527952185598,7,7,6
stratified_equal,20,143,0.001590655651124188,0.9702291586486097,0.9007896044148774,0.027171301020408167,0.8839631254174672,7,7,6
stratified_equal,20,144,0.0170379960766561,0.9300699300699302,0.8181818181818181,0.04288508282942807,0.9472103911940616,7,7,6
stratified_equal,20,145,0.003527003168854681,0.9930069930069931,0.9696969696969696,0.011112596056941296,0.9303265784446033,7,7,6
stratified_equal,20,146,0.008263882601478796,0.9580419580419581,0.8787878787878787,0.02010050233056185,0.9547966274617118,7,7,6
stratified_equal,20,147,0.019428244303606453,0.9632238939652261,0.9007896044148774,0.024663364512471652,0.9524776360122006,7,7,6
stratified_equal,20,148,0.0018406556511241883,0.9772344233319931,0.9313248452425005,0.0074481969639707745,0.9186499799527867,7,7,6
stratified_equal,20,149,0.001859804587294403,0.9632238939652261,0.8702543635872545,0.006563465293524819,0.9084061515824454,7,7,6
stratified_equal,20,150,0.005818669835521351,0.965034965034965,0.8787878787878787,0.00913741339128244,0.9520475576057755,7,7,6
stratified_equal,20,151,0.0010934925305568137,0.9860139860139862,0.9393939393939392,0.011349431531872012,0.8807845255876227,7,7,6
stratified_equal,20,152,0.0062349818922589435,0.9370629370629372,0.7878787878787877,0.011072157659360043,0.8069659728849073,7,7,6
stratified_equal,20,153,0.0017546627433227668,0.9720279720279721,0.909090909090909,0.0063247401738473165,0.934402326999544,7,7,6
stratified_equal,20,154,0.005560336502188013,0.9860139860139862,0.9393939393939392,0.020166513920382965,0.9116205642701036,7,7,6
stratified_equal,20,155,0.004725230119209292,0.9580419580419581,0.8787878787878787,0.0112056925547997,0.8968016810520293,7,7,6
stratified_equal,20,156,0.00477647125396107,0.9632238939652261,0.8702543635872545,0.011975029919375156,0.8729205253185374,7,7,6
stratified_equal,20,157,0.0017112230270107116,0.9720279720279721,0.909090909090909,0.009037640148652056,0.9296189805392774,7,7,6
stratified_equal,20,158,0.0030858684170816364,0.965034965034965,0.909090909090909,0.006941142290249436,0.7681376521163982,7,7,6
stratified_equal,20,159,0.0022851591972234786,0.9737317909903013,0.9007896044148774,0.010635775699168558,0.9254288780207794,7,7,6
stratified_equal,20,160,0.0033202655802021994,0.9422080999150758,0.8702543635872545,0.008827133723859916,0.9438793908344931,7,7,6
stratified_equal,20,161,0.012298634374528444,0.8531468531468532,0.7272727272727272,0.02082650384227765,0.8948745782545767,7,7,6
stratified_equal,20,162,0.004358208842613552,0.9562186292818428,0.8702543635872545,0.011735296989166042,0.8065199643786833,7,7,6
stratified_equal,20,163,0.0029131733816206364,0.9370629370629372,0.8181818181818181,0.0074571412824389035,0.8868027765551729,7,7,6
stratified_equal,20,164,0.004201825863890147,0.99124495269876,0.9618600860701234,0.008286065444696396,0.8613429895024646,7,7,6
stratified_equal,20,165,0.0036087407575071634,0.9440559440559443,0.8787878787878787,0.0060305854749307134,0.9323891763391315,7,7,6
stratified_equal,20,166,0.00730111664403199,0.9772344233319931,0.9007896044148774,0.014236304799697659,0.9654521515799894,7,7,6
stratified_equal,20,167,0.003932145012826311,0.9807370556736849,0.9313248452425005,0.008069764109347441,0.9572704115338789,7,7,6
stratified_equal,20,168,0.002335513807152559,0.9824621881515054,0.9231861823449954,0.007020003464348702,0.9322040313402741,7,7,6
stratified_equal,20,169,0.001885513807152556,0.9720279720279721,0.909090909090909,0.006847793839758128,0.9540793092810231,7,7,6
stratified_equal,20,170,0.004036577636939791,0.9930069930069931,0.9696969696969696,0.014373115079365081,0.7837297131194321,7,7,6
stratified_equal,20,171,0.006269556360344046,0.9317002028900006,0.8397191227596315,0.00989276738473167,0.8729314012098047,7,7,6
stratified_equal,20,172,0.0021005847291383725,0.9352028352316922,0.8397191227596315,0.009127335285966237,0.8957922122449501,7,7,6
stratified_equal,20,173,0.0012640599064433367,0.9807370556736849,0.9313248452425005,0.0077492803602922655,0.928905377431045,7,7,6
stratified_equal,20,174,0.0030160102610532653,0.9754446010932804,0.9231861823449954,0.028387980284706477,0.7981451824103738,7,7,6
stratified_equal,20,175,0.002273457069563906,0.9790209790209792,0.9393939393939392,0.007192716994205089,0.9060894092310884,7,7,6
stratified_equal,20,176,0.013831435792968154,0.965034965034965,0.8787878787878787,0.017904609158478208,0.8568191953528531,7,7,6
stratified_equal,20,177,0.001394556360344047,0.965034965034965,0.8787878787878787,0.006819827097505668,0.8594412436558061,7,7,6
stratified_equal,20,178,0.0026846272823298615,0.965034965034965,0.8787878787878787,0.01392136400856639,0.8119408333074963,7,7,6
stratified_equal,20,179,0.0019583861475780903,0.9492133645984593,0.8702543635872545,0.013557670382967998,0.9377436045939085,7,7,6
stratified_equal,20,180,0.0031727478497057507,0.9370629370629372,0.7878787878787877,0.006005390211640212,0.880490277054894,7,7,6
stratified_equal,20,181,0.0016663648709823444,0.9281975705483089,0.8091838819320086,0.013636027651801464,0.9147414043828457,7,7,6
stratified_equal,20,182,0.005209095367436245,0.9772344233319931,0.9313248452425005,0.009601384164777023,0.9453765415792739,7,7,6
stratified_equal,20,183,0.0025486343745284427,0.9632238939652261,0.9007896044148774,0.013231769652305365,0.8875368456553233,7,7,6
stratified_equal,20,184,0.004932676927719935,0.9580419580419581,0.8787878787878787,0.006626579428067522,0.9590764412752436,7,7,6
stratified_equal,20,185,0.0021982797645993648,0.9842396880153765,0.9313248452425005,0.013624437830687832,0.9114027197090704,7,7,6
stratified_equal,20,186,0.005155903878074544,0.9930069930069931,0.9696969696969696,0.022855856324011086,0.8775036182571473,7,7,6
stratified_equal,20,187,0.00639845706956391,0.9930069930069931,0.9696969696969696,0.009694102733686065,0.8923683956533148,7,7,6
stratified_equal,20,188,0.0038509393390674506,0.9510489510489512,0.8484848484848484,0.007767420949861425,0.8615542091746505,7,7,6
stratified_equal,20,189,0.0009722159348121303,0.9860139860139862,0.9393939393939392,0.012223959120685314,0.9239300312007949,7,7,6
stratified_equal,20,190,0.004947215934812132,0.9720279720279721,0.909090909090909,0.015296143550012594,0.940199042894434,7,7,6
stratified_equal,20,191,0.003185868417081635,0.9842396880153765,0.9313248452425005,0.00790473513479466,0.9406598885225868,7,7,6
stratified_equal,20,192,0.015208563452542631,0.8881118881118882,0.7575757575757575,0.016159333270345175,0.8896283546783469,7,7,6
stratified_equal,20,193,0.0013122868567979472,1.0,0.9999999999999998,0.02047830530360292,0.8643820119380186,7,7,6
stratified_equal,20,194,0.0035690244454504275,0.9422080999150758,0.8397191227596315,0.013077700617283953,0.9137788702701887,7,7,6
stratified_equal,20,195,0.004601293948996527,0.9580419580419581,0.8787878787878787,0.01733507023179642,0.8416228747154083,7,7,6
stratified_equal,20,196,0.006311932246868865,0.9300699300699302,0.8181818181818181,0.018627713214915593,0.8909113368176755,7,7,6
stratified_equal,20,197,0.0015390599064433383,0.9300699300699302,0.7878787878787877,0.006245753023431593,0.9301349464400624,7,7,6
stratified_equal,20,198,0.007987641466727024,0.9300699300699302,0.8181818181818181,0.01586480064247921,0.83745466080569,7,7,6
stratified_equal,20,199,0.005554308133393693,0.9824621881515054,0.9231861823449954,0.013193724804736707,0.808587538876696,7,7,6
stratified_equal,25,0,0.015859981892258936,0.9492133645984593,0.8397191227596315,0.024555024005486967,0.8703312795048688,9,8,8
stratified_equal,25,1,0.004517230119209293,0.9930069930069931,0.9696969696969696,0.0161116512345679,0.9589803573709171,9,8,8
stratified_equal,25,2,0.006206875509280216,0.9160839160839163,0.7575757575757575,0.0069834790809327855,0.9054322071789022,9,8,8
stratified_equal,25,3,0.01533073366530858,0.9720279720279721,0.909090909090909,0.016607450274348422,0.8990272119923448,9,8,8
stratified_equal,25,4,0.0020615138071525545,0.9020979020979022,0.7272727272727272,0.011682210219478737,0.9608162279768577,9,8,8
stratified_equal,25,5,0.006954790402897235,0.9772344233319931,0.9313248452425005,0.014443055555555556,0.9261930702352084,9,8,8
stratified_equal,25,6,0.00099076203410291,0.9930069930069931,0.9696969696969696,0.004638743141289436,0.9298239247475957,9,8,8
stratified_equal,25,7,0.0015327194809114228,0.965034965034965,0.8787878787878787,0.003846047668038407,0.946058527324225,9,8,8
stratified_equal,25,8,0.003029797495095823,0.9562186292818428,0.9007896044148774,0.016252169067215366,0.8885952371114693,9,8,8
stratified_equal,25,9,0.0010442088426135486,0.9930069930069931,0.9696969696969696,0.024476877572016466,0.9285817348378586,9,8,8
stratified_equal,25,10,0.0036466485589256065,0.9720279720279721,0.909090909090909,0.010623996913580245,0.954202376546668,9,8,8
stratified_equal,25,11,0.0029271024596348263,0.9403566658021552,0.8616404368553291,0.005624254115226337,0.9496581976695212,9,8,8
stratified_equal,25,12,0.002451641466727024,0.9860139860139862,0.9393939393939392,0.008172736625514404,0.9108716883478408,9,8,8
stratified_equal,25,13,0.00474452089935114,0.9160839160839163,0.8181818181818181,0.011795764746227712,0.8762568587281464,9,8,8
stratified_equal,25,14,0.011727329409989442,0.9300699300699302,0.8181818181818181,0.014447599451303158,0.931929832062519,9,8,8
stratified_equal,25,15,0.002410790402897237,0.9300699300699302,0.8181818181818181,0.006567884087791497,0.8646441312121306,9,8,8
stratified_equal,25,16,0.0010219677078617758,0.9510489510489512,0.8484848484848484,0.0034801354595336066,0.9485630202830938,9,8,8
stratified_equal,25,17,0.001258563452542628,0.9720279720279721,0.909090909090909,0.0167968792866941,0.9315673983179814,9,8,8
stratified_equal,25,18,0.0014254854383582323,0.9543918399186052,0.8924133096001623,0.011114008916323734,0.8715564688406289,9,8,8
stratified_equal,25,19,0.0021778258638901478,0.9930069930069931,0.9696969696969696,0.009604020919067214,0.9665654599887971,9,8,8
stratified_equal,25,20,0.0022730315376490104,0.965034965034965,0.8787878787878787,0.004840689300411522,0.9287771350847266,9,8,8
stratified_equal,25,21,0.002455953523464614,0.9720279720279721,0.909090909090909,0.0068494341563786025,0.9346497398578099,9,8,8
stratified_equal,25,22,0.010828038629847589,0.965034965034965,0.8787878787878787,0.0168613511659808,0.9179582460245399,9,8,8
stratified_equal,25,23,0.0014495421759468821,0.9737317909903013,0.9007896044148774,0.006107107338820301,0.8994383788532133,9,8,8
stratified_equal,25,24,0.0012624216085709962,0.9317002028900006,0.8397191227596315,0.00341814986282579,0.8949661185285999,9,8,8
stratified_equal,25,25,0.002373230119209294,0.9720279720279721,0.909090909090909,0.016895816186556927,0.9794491554534527,9,8,8
stratified_equal,25,26,0.007671386147578087,0.9632238939652261,0.9007896044148774,0.014305324074074073,0.8821072267797069,9,8,8
stratified_equal,25,27,0.0012204357929681614,0.99124495269876,0.9618600860701234,0.013742052469135804,0.8909338916767012,9,8,8
stratified_equal,25,28,0.006642733665308583,0.9352028352316922,0.8397191227596315,0.008935125171467767,0.9063165118425052,9,8,8
stratified_equal,25,29,0.0014481804738192248,0.9702291586486097,0.9007896044148774,0.005294693072702333,0.9376964577296953,9,8,8
stratified_equal,25,30,0.0012441521050249001,0.9440559440559443,0.8484848484848484,0.007504783950617284,0.9065141496911764,9,8,8
stratified_equal,25,31,0.0010613435943865985,0.9492133645984593,0.8397191227596315,0.004438640260630999,0.9331829508168176,9,8,8
stratified_equal,25,32,0.008529712388712843,0.9510489510489512,0.8484848484848484,0.020175394375857338,0.8703855932809779,9,8,8
stratified_equal,25,33,0.0035655138071525594,0.9632238939652261,0.8702543635872545,0.009150703017832645,0.9255814424027803,9,8,8
stratified_equal,25,34,0.0010075563603440501,0.9649182205059428,0.8924133096001623,0.01280150891632373,0.8584973880748259,9,8,8
stratified_equal,25,35,0.0014737123887128406,0.9930069930069931,0.9696969696969696,0.015509585048010971,0.9031725060751282,9,8,8
stratified_equal,25,36,0.004338279764599366,0.9860139860139862,0.9393939393939392,0.01086941015089163,0.8859969556797713,9,8,8
stratified_equal,25,37,0.0032059109702731216,0.965034965034965,0.8787878787878787,0.0099803926611797,0.9520727376653356,9,8,8
stratified_equal,25,38,0.007357059906443334,0.965034965034965,0.8787878787878787,0.01735625,0.8547595141937725,9,8,8
stratified_equal,25,39,0.00918650671495398,0.9440559440559443,0.8181818181818181,0.01756758401920439,0.9196071955147423,9,8,8
stratified_equal,25,40,0.002357230119209292,0.9632238939652261,0.8702543635872545,0.004344718792866942,0.929103976605984,9,8,8
stratified_equal,25,41,0.00299791097027312,0.9370629370629372,0.8181818181818181,0.0052816186556927285,0.875291763865106,9,8,8
stratified_equal,25,42,0.0025443506865851805,0.9230769230769231,0.8181818181818181,0.019542035322359392,0.9349592553243946,9,8,8
stratified_equal,25,43,0.0063049180624717,0.9281975705483089,0.8397191227596315,0.014833616255144032,0.9151912289922969,9,8,8
stratified_equal,25,44,0.0017840669986419193,0.9720279720279721,0.909090909090909,0.005150745884773662,0.9410578734153239,9,8,8
stratified_equal,25,45,0.0032595847291383723,0.9580419580419581,0.8787878787878787,0.007908461934156381,0.9588805360694755,9,8,8
stratified_equal,25,46,0.0018569180624717048,0.965034965034965,0.8787878787878787,0.008898473936899862,0.9636202527436514,9,8,8
stratified_equal,25,47,0.0007811733816206423,0.965034965034965,0.8787878787878787,0.004394058641975308,0.9275835457647753,9,8,8
stratified_equal,25,48,0.005434336502188018,0.9440559440559443,0.8181818181818181,0.012608564814814816,0.9168758578109023,9,8,8
stratified_equal,25,49,0.0017884925305568112,0.9860139860139862,0.9393939393939392,0.004102906378600824,0.9390623718237795,9,8,8
stratified_equal,25,50,0.0021878116794929823,0.9352028352316922,0.8091838819320086,0.009138528806584365,0.8297063506198888,9,8,8
stratified_equal,25,51,0.0022818826014788,0.965034965034965,0.8787878787878787,0.0042186899862825785,0.8610137255526732,9,8,8
stratified_equal,25,52,0.006957967707861776,0.8951048951048951,0.7575757575757575,0.006466375171467764,0.8088450419824111,9,8,8
stratified_equal,25,53,0.004918705296514258,0.9614094269768303,0.8924133096001623,0.009742052469135802,0.9251550599883043,9,8,8
stratified_equal,25,54,0.002282903878074539,0.9860139860139862,0.9393939393939392,0.007625925925925924,0.9483733129921882,9,8,8
stratified_equal,25,55,0.005141003168854686,0.9230769230769231,0.7878787878787877,0.006737294238683129,0.9432400140282636,9,8,8
stratified_equal,25,56,0.007273088275237667,0.9860139860139862,0.9393939393939392,0.03464302983539094,0.9383953368842022,9,8,8
stratified_equal,25,57,0.0031289748000603566,0.965034965034965,0.8787878787878787,0.004349477023319617,0.9307805518052762,9,8,8
stratified_equal,25,58,0.003000293948996532,0.8951048951048951,0.7575757575757575,0.014525145747599453,0.8880198647756434,9,8,8
stratified_equal,25,59,0.0009807762185000755,0.9860139860139862,0.9393939393939392,0.006277717764060356,0.8975274820195405,9,8,8
stratified_equal,25,60,0.004344407424173836,0.9720279720279721,0.909090909090909,0.006290406378600823,0.9005346936999143,9,8,8
stratified_equal,25,61,0.0012536840199185149,0.9440559440559443,0.8181818181818181,0.003613280178326472,0.9172857058035874,9,8,8
stratified_equal,25,62,0.0064886343745284465,0.9684270140350553,0.8924133096001623,0.01823815157750343,0.895526076265153,9,8,8
stratified_equal,25,63,0.0020862513958050397,0.9667265263069179,0.9007896044148774,0.006095876200274348,0.9765863547095758,9,8,8
stratified_equal,25,64,0.006091584729138372,0.9440559440559443,0.8181818181818181,0.020011471193415634,0.9024951143826961,9,8,8
stratified_equal,25,65,0.0017096272823298635,0.9667265263069179,0.9007896044148774,0.008762114197530866,0.8236395388965602,9,8,8
stratified_equal,25,66,0.0029752159348121316,0.9580419580419581,0.8484848484848484,0.004229363854595338,0.828887350855121,9,8,8
stratified_equal,25,67,0.0024998684170816346,0.9720279720279721,0.909090909090909,0.011736651234567906,0.9309614159962489,9,8,8
stratified_equal,25,68,0.0011952443036064556,0.99124495269876,0.9618600860701234,0.0035641975308641966,0.9470547769805256,9,8,8
stratified_equal,25,69,0.0070072159348121285,0.9859709816806179,0.9539590550898286,0.011913648834019209,0.9514761061237266,9,8,8
stratified_equal,25,70,0.002419414516372414,0.9930069930069931,0.9696969696969696,0.003288906035665295,0.9584133756634209,9,8,8
stratified_equal,25,71,0.007276265580202203,0.9160839160839163,0.7878787878787877,0.010998096707818927,0.9369123547898924,9,8,8
stratified_equal,25,72,0.0016360953674362452,0.9720279720279721,0.909090909090909,0.003573113854595336,0.9317191021340033,9,8,8
stratified_equal,25,73,0.015523301041195113,0.9160839160839163,0.7878787878787877,0.02016742112482853,0.9497316470705877,9,8,8
stratified_equal,25,74,0.00865022302701071,0.9720279720279721,0.909090909090909,0.012744367283950618,0.9405883224951146,9,8,8
stratified_equal,25,75,0.004716832956088727,0.9702291586486097,0.9007896044148774,0.025861951303155006,0.9297035586479594,9,8,8
stratified_equal,25,76,0.004068549268145463,0.9772344233319931,0.9313248452425005,0.00996033093278464,0.8004783285187687,9,8,8
stratified_equal,25,77,0.008483187566017803,0.965034965034965,0.8787878787878787,0.012765114883401917,0.959046142720798,9,8,8
stratified_equal,25,78,0.00292392515467029,0.9580419580419581,0.8787878787878787,0.00675619855967078,0.8860052497937215,9,8,8
stratified_equal,25,79,0.0010586201901312787,0.9580419580419581,0.8787878787878787,0.008325728737997255,0.9449760202549341,9,8,8
stratified_equal,25,80,0.028154223027010695,0.9772344233319931,0.9313248452425005,0.03648133573388202,0.9490390154745835,9,8,8
stratified_equal,25,81,0.010739187566017806,0.9930069930069931,0.9696969696969696,0.012757398834019204,0.9689604412039424,9,8,8
stratified_equal,25,82,0.011623159197223482,0.9160839160839163,0.7575757575757575,0.012756498628257886,0.9238561105536149,9,8,8
stratified_equal,25,83,0.008676549268145465,0.9370629370629372,0.7878787878787877,0.01265156035665295,0.885321070002818,9,8,8
stratified_equal,25,84,0.004021457069563907,0.9632238939652261,0.9007896044148774,0.006205744170096023,0.9074390881902584,9,8,8
stratified_equal,25,85,0.00912863437452844,0.9370629370629372,0.8181818181818181,0.026787662894375865,0.8522672987820354,9,8,8
stratified_equal,25,86,0.0022041521050248994,0.9720279720279721,0.909090909090909,0.003780804183813441,0.935851331365753,9,8,8
stratified_equal,25,87,0.003339811679492984,0.9790209790209792,0.9393939393939392,0.006936153978052125,0.9023598786068425,9,8,8
stratified_equal,25,88,0.01042270529651426,0.965034965034965,0.8787878787878787,0.016125840192043897,0.8752466728029694,9,8,8
stratified_equal,25,89,0.0008869322468688696,0.9580419580419581,0.8787878787878787,0.013721776406035663,0.9222423716335869,9,8,8
stratified_equal,25,90,0.0011336272823298608,0.9735828287187382,0.9066928292470475,0.0049613597393689994,0.934425996165261,9,8,8
stratified_equal,25,91,0.0022354712539610685,0.9263214916857051,0.8000946913656627,0.00880090877914952,0.9542748002984234,9,8,8
stratified_equal,25,92,0.00215138614757809,0.9492133645984593,0.8397191227596315,0.004048765432098765,0.8241397845680497,9,8,8
stratified_equal,25,93,0.007667074090840499,0.9720279720279721,0.909090909090909,0.01425281207133059,0.9477346912184679,9,8,8
stratified_equal,25,94,0.0028720669986419226,0.9317002028900006,0.8397191227596315,0.004591760973936899,0.932472606773497,9,8,8
stratified_equal,25,95,0.0020346201901312788,0.9352028352316922,0.8091838819320086,0.005503412208504799,0.891812699813697,9,8,8
stratified_equal,25,96,0.0020488045872944,0.9737317909903013,0.9007896044148774,0.005124339849108368,0.934306286699996,9,8,8
stratified_equal,25,97,0.0013839535234646157,0.9720279720279721,0.909090909090909,0.004701757544581618,0.8906190310057065,9,8,8
stratified_equal,25,98,0.0012640102610532655,0.9317002028900006,0.8397191227596315,0.004487251371742113,0.9602244846609892,9,8,8
stratified_equal,25,99,0.005335499622755394,0.9790209790209792,0.909090909090909,0.008784962277091905,0.7702680163611465,9,8,8
stratified_equal,25,100,0.0028068187716915635,0.965034965034965,0.8787878787878787,0.006945113168724278,0.8172194129053959,9,8,8
stratified_equal,25,101,0.0021803223177908537,0.9036791441564668,0.7786486411043856,0.02435629286694101,0.899143418921102,9,8,8
stratified_equal,25,102,0.0015878684170816365,0.9580419580419581,0.8787878787878787,0.002607964677640603,0.9517965230519315,9,8,8
stratified_equal,25,103,0.0016303081333936922,0.9440559440559443,0.8181818181818181,0.007071827846364885,0.960764486223732,9,8,8
stratified_equal,25,104,0.00157947125396107,0.9790209790209792,0.9393939393939392,0.005568398491083673,0.931790300692786,9,8,8
stratified_equal,25,105,0.005404492530556817,0.9632238939652261,0.8702543635872545,0.0062846622085048,0.9226962167472327,9,8,8
stratified_equal,25,106,0.007567442885166739,0.9667265263069179,0.9007896044148774,0.01265558984910837,0.9532828261828633,9,8,8
stratified_equal,25,107,0.006469910970273125,0.9300699300699302,0.8181818181818181,0.013722719478737997,0.9607671191998334,9,8,8
stratified_equal,25,108,0.0036680953674362447,0.9510489510489512,0.8484848484848484,0.007032304526748971,0.9555194721582415,9,8,8
stratified_equal,25,109,0.0035852584880036228,0.9492133645984593,0.8702543635872545,0.0088241426611797,0.92950547924749,9,8,8
stratified_equal,25,110,0.0008601521050248985,0.9842396880153765,0.9313248452425005,0.00356994170096022,0.907160651832856,9,8,8
stratified_equal,25,111,0.0020475563603440466,0.9370629370629372,0.8181818181818181,0.012616580932784638,0.8930804842461053,9,8,8
stratified_equal,25,112,0.0024970315376490085,0.9317002028900006,0.8091838819320086,0.005034190672153635,0.8606000956065912,9,8,8
stratified_equal,25,113,0.006927669835521352,0.9667265263069179,0.9007896044148774,0.01431689814814815,0.9347650008827221,9,8,8
stratified_equal,25,114,0.0019575705447412105,0.965034965034965,0.8787878787878787,0.005358307613168723,0.8550936697124819,9,8,8
stratified_equal,25,115,0.006092832956088731,0.9790209790209792,0.9393939393939392,0.012405932784636487,0.9105218569268737,9,8,8
stratified_equal,25,116,0.002649428700769578,0.9702291586486097,0.9007896044148774,0.0065287894375857325,0.8492408356822266,9,8,8
stratified_equal,25,117,0.005812662743322772,0.9300699300699302,0.8181818181818181,0.007977477709190673,0.8853408202646315,9,8,8
stratified_equal,25,118,0.001317910970273125,0.9772344233319931,0.9313248452425005,0.0076499314128943745,0.7931927286641086,9,8,8
stratified_equal,25,119,0.0010031308284291533,0.9702291586486097,0.9007896044148774,0.003929938271604936,0.9565232395164797,9,8,8
stratified_equal,25,120,0.004463215934812134,0.9492133645984593,0.8397191227596315,0.006819984567901235,0.8859410522547396,9,8,8
stratified_equal,25,121,0.00300778331069866,0.9930069930069931,0.9696969696969696,0.0067518261316872425,0.9137776533344799,9,8,8
stratified_equal,25,122,0.010832010261053264,0.9930069930069931,0.9696969696969696,0.024805667009602198,0.9181897153026229,9,8,8
stratified_equal,25,123,0.008331811679492984,0.965034965034965,0.8787878787878787,0.012448542524005492,0.8752874098810848,9,8,8
stratified_equal,25,124,0.003609088275237664,0.9580419580419581,0.8787878787878787,0.0069063185871056235,0.9607163681175028,9,8,8
stratified_equal,25,125,0.017992066998641917,0.9510489510489512,0.8787878787878787,0.02278890603566529,0.9584072763639773,9,8,8
stratified_equal,25,126,0.004951386147578086,0.9020979020979022,0.8181818181818181,0.0066984996570644715,0.896761472970616,9,8,8
stratified_equal,25,127,0.005531811679492983,0.9720279720279721,0.909090909090909,0.009502340534979422,0.8919883200235681,9,8,8
stratified_equal,25,128,0.002176123736230575,0.9702291586486097,0.9007896044148774,0.007068398491083675,0.9207537785962883,9,8,8
stratified_equal,25,129,0.001723244303606458,0.9440559440559443,0.8181818181818181,0.005326886145404664,0.9696366892898207,9,8,8
stratified_equal,25,130,0.0037684074241738307,0.9720279720279721,0.909090909090909,0.008489308984910836,0.7937204452786354,9,8,8
stratified_equal,25,131,0.003073598913535541,0.9720279720279721,0.909090909090909,0.009261899862825787,0.9497376928057877,9,8,8
stratified_equal,25,132,0.0018263932397766726,0.9754446010932804,0.9231861823449954,0.004745567558299037,0.9542949348618573,9,8,8
stratified_equal,25,133,0.0014577123887128415,0.965034965034965,0.8787878787878787,0.01265889060356653,0.8517293407082819,9,8,8
stratified_equal,25,134,0.0016274712539610687,0.99124495269876,0.9618600860701234,0.011134413580246914,0.9430982377804259,9,8,8
stratified_equal,25,135,0.0035843506865851815,0.9877423203570683,0.9618600860701234,0.012726234567901236,0.8897780032512937,9,8,8
stratified_equal,25,136,0.002424520899351138,0.9562186292818428,0.9007896044148774,0.006709602194787378,0.9349469375702579,9,8,8
stratified_equal,25,137,0.003343556360344045,0.9631065323170955,0.8839599998785472,0.008039849108367627,0.9247929354507023,9,8,8
stratified_equal,25,138,0.005964038629847595,0.9807370556736849,0.9313248452425005,0.007622153635116598,0.8384967182630784,9,8,8
stratified_equal,25,139,0.0036551591972234765,0.965034965034965,0.8787878787878787,0.016185210905349797,0.8606127385032654,9,8,8
stratified_equal,25,140,0.00370384004828731,0.9632238939652261,0.8702543635872545,0.005612079903978051,0.8900416819370552,9,8,8
stratified_equal,25,141,0.0019231875660178047,0.9859399412855984,0.9459922805717786,0.005102006172839507,0.9265718762722006,9,8,8
stratified_equal,25,142,0.004741457069563907,0.9510489510489512,0.8787878787878787,0.01794969993141289,0.944413144424122,9,8,8
stratified_equal,25,143,0.0010790457220461749,0.9141870411815418,0.7786486411043856,0.004366066529492454,0.9421350857736064,9,8,8
stratified_equal,25,144,0.0023591591972234784,0.9860139860139862,0.9393939393939392,0.005435125171467765,0.853638233032464,9,8,8
stratified_equal,25,145,0.0015834428851667422,0.9300699300699302,0.8181818181818181,0.0037242626886145394,0.9526738963951177,9,8,8
stratified_equal,25,146,0.006774364870982344,0.965034965034965,0.8787878787878787,0.008842532578875172,0.8988541881944433,9,8,8
stratified_equal,25,147,0.008733173381620642,0.9510489510489512,0.8484848484848484,0.013694684499314132,0.7964268777243863,9,8,8
stratified_equal,25,148,0.002981230119209296,0.9754446010932804,0.9231861823449954,0.006375711591220849,0.9095003493619588,9,8,8
stratified_equal,25,149,0.0020106769277199316,0.9790209790209792,0.909090909090909,0.005241195130315501,0.9311960245692862,9,8,8
stratified_equal,25,150,0.0034019960766560994,0.9440559440559443,0.8484848484848484,0.006691255144032922,0.9549705415482777,9,8,8
stratified_equal,25,151,0.0015630173532518463,0.99124495269876,0.9618600860701234,0.01659677640603566,0.8850522602654788,9,8,8
stratified_equal,25,152,0.0041271024596348255,0.9720279720279721,0.909090909090909,0.012900231481481485,0.7051498120400869,9,8,8
stratified_equal,25,153,0.004422137920627736,0.9580419580419581,0.8484848484848484,0.008454586762688615,0.9385585677031859,9,8,8
stratified_equal,25,154,0.007409598913535531,0.9790209790209792,0.9393939393939392,0.009854963991769545,0.9180321373031116,9,8,8
stratified_equal,25,155,0.007475187566017807,0.9352028352316922,0.8397191227596315,0.01328744855967078,0.8983711621716273,9,8,8
stratified_equal,25,156,0.0006196982043156784,0.9720279720279721,0.909090909090909,0.015263357338820298,0.9240597426988865,9,8,8
stratified_equal,25,157,0.0017837265731100048,0.9720279720279721,0.909090909090909,0.00942929526748971,0.9730933313146576,9,8,8
stratified_equal,25,158,0.006912237211407876,0.9702291586486097,0.9007896044148774,0.012449014060356653,0.8529696011411478,9,8,8
stratified_equal,25,159,0.0033132584880036214,0.9632238939652261,0.9007896044148774,0.0037464248971193423,0.9414287786428366,9,8,8
stratified_equal,25,160,0.0020987336653085866,0.9790209790209792,0.909090909090909,0.010871124828532237,0.8932610125214201,9,8,8
stratified_equal,25,161,0.020750875509280214,0.9632238939652261,0.8702543635872545,0.022720876200274343,0.8747081706507601,9,8,8
stratified_equal,25,162,0.005677740757507169,0.9580419580419581,0.8787878787878787,0.005784576474622771,0.9279943095106896,9,8,8
stratified_equal,25,163,0.0008371166440319902,0.9790209790209792,0.9393939393939392,0.018275788751714678,0.9185887723935365,9,8,8
stratified_equal,25,164,0.0014858542326844741,0.9510489510489512,0.8484848484848484,0.009620353223593966,0.940078581033633,9,8,8
stratified_equal,25,165,0.0006209464312660313,0.9842396880153765,0.9313248452425005,0.004273173868312754,0.9512574407179323,9,8,8
stratified_equal,25,166,0.01228449253055681,0.9440559440559443,0.8181818181818181,0.019875883058984915,0.8781243602453136,9,8,8
stratified_equal,25,167,0.004718535083748304,0.9718550849815182,0.9149761402251629,0.013951286008230451,0.9578110011523663,9,8,8
stratified_equal,25,168,0.0018520386298475956,0.9790209790209792,0.9393939393939392,0.004328172153635116,0.9508137588238408,9,8,8
stratified_equal,25,169,0.0053459393390674495,0.9842396880153765,0.9313248452425005,0.01942402263374485,0.963592642961934,9,8,8
stratified_equal,25,170,0.0004114712539610669,0.9930069930069931,0.9696969696969696,0.004611565500685871,0.9390310156515976,9,8,8
stratified_equal,25,171,0.00853584004828731,0.9632238939652261,0.8702543635872545,0.012968990054869683,0.925693693145729,9,8,8
stratified_equal,25,172,0.008593485438358226,0.9772344233319931,0.9007896044148774,0.011760613854595337,0.849496758586187,9,8,8
stratified_equal,25,173,0.0027168329560887275,0.9860139860139862,0.9393939393939392,0.008796450617283954,0.8748451656405326,9,8,8
stratified_equal,25,174,0.0013820244454504289,0.9702291586486097,0.9007896044148774,0.004072985253772292,0.8894800353145604,9,8,8
stratified_equal,25,175,0.0010027904028972372,0.9702291586486097,0.9007896044148774,0.016351834705075445,0.9179399866203898,9,8,8
stratified_equal,25,176,0.004479669835521353,0.9720279720279721,0.909090909090909,0.011713031550068588,0.9502844716399271,9,8,8
stratified_equal,25,177,0.014038932246868864,0.9457107322567676,0.8397191227596315,0.020868681412894375,0.7268453160319303,9,8,8
stratified_equal,25,178,0.0037923506865851857,0.9422080999150758,0.8091838819320086,0.009585459533607682,0.9143858780069934,9,8,8
stratified_equal,25,179,0.0017933719631809258,0.9860139860139862,0.9393939393939392,0.004792249657064473,0.9416119779582601,9,8,8
stratified_equal,25,180,0.0037124641617624844,0.9160839160839163,0.7575757575757575,0.005707673182441701,0.9423157075047138,9,8,8
stratified_equal,25,181,0.001744918062471708,0.9860139860139862,0.9393939393939392,0.004846990740740743,0.9182073860782043,9,8,8
stratified_equal,25,182,0.003734251395805039,0.9860139860139862,0.9393939393939392,0.020392172496570642,0.8836583823017824,9,8,8
stratified_equal,25,183,0.0059935421759468805,0.9230769230769231,0.7878787878787877,0.007052066186556928,0.9265515267850791,9,8,8
stratified_equal,25,184,0.00959728685679795,0.9422080999150758,0.8091838819320086,0.012450728737997255,0.8180446564086759,9,8,8
stratified_equal,25,185,0.0020364357929681595,0.9281975705483089,0.8091838819320086,0.004564969135802468,0.8436822684072066,9,8,8
stratified_equal,25,186,0.004464010261053268,0.9370629370629372,0.8181818181818181,0.007039763374485595,0.9280217197110908,9,8,8
stratified_equal,25,187,0.004271896785875965,0.9720279720279721,0.909090909090909,0.006517729766803842,0.8704145721109748,9,8,8
stratified_equal,25,188,0.0027446343745284427,0.9580419580419581,0.8787878787878787,0.004760699588477368,0.8976104789578585,9,8,8
stratified_equal,25,189,0.0027036698355213527,0.965034965034965,0.8787878787878787,0.010026989026063101,0.8307746015019565,9,8,8
stratified_equal,25,190,0.0015845776369397921,0.9930069930069931,0.9696969696969696,0.006965217764060357,0.9565662753414043,9,8,8
stratified_equal,25,191,0.001883357778783762,0.9860139860139862,0.9393939393939392,0.014802194787379973,0.9295642888254488,9,8,8
stratified_equal,25,192,0.008235130828429154,0.9562186292818428,0.8397191227596315,0.01658434499314129,0.9308010130282737,9,8,8
stratified_equal,25,193,0.01164971238871284,0.9160839160839163,0.7878787878787877,0.02095793038408779,0.9408423586831779,9,8,8
stratified_equal,25,194,0.0017752159348121334,0.9790209790209792,0.9393939393939392,0.014026088820301784,0.9235346378429394,9,8,8
stratified_equal,25,195,0.002588719480911422,0.9930069930069931,0.9696969696969696,0.013215517832647466,0.9652876047940852,9,8,8
stratified_equal,25,196,0.0010041521050248973,0.9790209790209792,0.9393939393939392,0.01322319101508916,0.9619886397876746,9,8,8
stratified_equal,25,197,0.003546676927719934,0.9930069930069931,0.9696969696969696,0.01864907407407408,0.9279672378971133,9,8,8
stratified_equal,25,198,0.004636946431266032,0.9440559440559443,0.8787878787878787,0.01453341906721537,0.941692295877377,9,8,8
stratified_equal,25,199,0.003886421608570997,0.9422080999150758,0.8702543635872545,0.007633942043895746,0.8632443423258208,9,8,8
stratified_equal,30,0,0.0014361836259074842,0.9720279720279721,0.909090909090909,0.008883873456790125,0.873965734342789,10,10,10
stratified_equal,30,1,0.0033109669198397116,0.9510489510489512,0.8787878787878787,0.004969058641975312,0.9045135213114586,10,10,10
stratified_equal,30,2,0.0004904783461596498,0.9720279720279721,0.909090909090909,0.007894984567901235,0.8672640252000097,10,10,10
stratified_equal,30,3,0.002079052026222689,0.9422080999150758,0.8091838819320086,0.008522762345679011,0.9414860941730522,10,10,10
stratified_equal,30,4,0.0021885082909981046,0.9720279720279721,0.909090909090909,0.005652391975308639,0.8999624333280075,10,10,10
stratified_equal,30,5,0.002451313649548144,0.9632238939652261,0.8702543635872545,0.01126905864197531,0.8898007678343149,10,10,10
stratified_equal,30,6,0.0034196351625505107,0.965034965034965,0.8787878787878787,0.010922762345679014,0.9210765608581329,10,10,10
stratified_equal,30,7,0.0011517076605804552,0.9790209790209792,0.9393939393939392,0.005620910493827159,0.9725672889186475,10,10,10
stratified_equal,30,8,0.00042672736113207,0.965034965034965,0.8787878787878787,0.008291280864197531,0.9466105337394853,10,10,10
stratified_equal,30,9,0.00191167613969787,0.9580419580419581,0.8787878787878787,0.0060672067901234574,0.9461610999515728,10,10,10
stratified_equal,30,10,0.017731219086900393,0.9720279720279721,0.909090909090909,0.025274614197530854,0.9637866895440689,10,10,10
stratified_equal,30,11,0.0031009590396190614,0.9720279720279721,0.909090909090909,0.010633873456790123,0.9289905663028963,10,10,10
stratified_equal,30,12,0.003949658803212444,0.9860139860139862,0.9393939393939392,0.008630169753086418,0.9419522532706012,10,10,10
stratified_equal,30,13,0.001988429488791641,0.9580419580419581,0.8787878787878787,0.009632021604938269,0.9637336109061886,10,10,10
stratified_equal,30,14,0.0040941820498633565,0.9930069930069931,0.9696969696969696,0.00805979938271605,0.935519191382706,10,10,10
stratified_equal,30,15,0.0033378384722431756,0.9580419580419581,0.8787878787878787,0.011822762345679014,0.8806694767896532,10,10,10
stratified_equal,30,16,0.010417113491943734,0.9930069930069931,0.9696969696969696,0.011337577160493823,0.9672893218857607,10,10,10
stratified_equal,30,17,0.00504414264876012,0.9597212616235344,0.8702543635872545,0.007539429012345677,0.8615723108868405,10,10,10
stratified_equal,30,18,0.0027781063997451504,0.9580419580419581,0.8787878787878787,0.020835725308641976,0.9730490914731682,10,10,10
stratified_equal,30,19,0.0046160890632597285,0.9860139860139862,0.9393939393939392,0.00841350308641975,0.905108981588362,10,10,10
stratified_equal,30,20,0.001247373539225055,0.9510489510489512,0.8484848484848484,0.0026153549382716035,0.9471418106038644,10,10,10
stratified_equal,30,21,0.0016777123887128413,0.965034965034965,0.8787878787878787,0.017882021604938275,0.9314914186893745,10,10,10
stratified_equal,30,22,0.0061561205841423145,0.9510489510489512,0.8484848484848484,0.007237577160493826,0.927545433550542,10,10,10
stratified_equal,30,23,0.0023522592760256834,0.9930069930069931,0.9696969696969696,0.004613503086419751,0.9587549142814821,10,10,10
stratified_equal,30,24,0.006095127676340898,0.9720279720279721,0.909090909090909,0.00885054012345679,0.9631690682128561,10,10,10
stratified_equal,30,25,0.0023223144375702073,0.9860139860139862,0.9393939393939392,0.004589429012345678,0.9635464599568301,10,10,10
stratified_equal,30,26,0.0008234964706671347,0.9702291586486097,0.9007896044148774,0.004102391975308639,0.9560855456049057,10,10,10
stratified_equal,30,27,0.007473535871770367,0.9527159969401509,0.8702543635872545,0.015589429012345675,0.9524591696755721,10,10,10
stratified_equal,30,28,0.0015831497409587033,0.9860139860139862,0.9393939393939392,0.006985725308641975,0.9485177480624577,10,10,10
stratified_equal,30,29,0.0038668376842211152,0.9720279720279721,0.909090909090909,0.023063503086419756,0.931037048358538,10,10,10
stratified_equal,30,30,0.0010264909545126826,0.965034965034965,0.909090909090909,0.010956095679012345,0.914287590370736,10,10,10
stratified_equal,30,31,0.0009694381570343535,0.9667265263069179,0.9007896044148774,0.00375239197530864,0.9204064209119678,10,10,10
stratified_equal,30,32,0.002583543751991012,0.9720279720279721,0.8787878787878787,0.005750540123456789,0.8419821743980146,10,10,10
stratified_equal,30,33,0.0018755059269319099,0.9580419580419581,0.909090909090909,0.005517206790123457,0.948515890414996,10,10,10
stratified_equal,30,34,0.0003300370538034633,0.9982502173821435,0.9923953268977463,0.007972762345679013,0.9427747952698402,10,10,10
stratified_equal,30,35,0.007949343594386597,0.9720279720279721,0.909090909090909,0.011461651234567901,0.9164728416093175,10,10,10
stratified_equal,30,36,0.00037337826735744424,1.0,0.9999999999999998,0.002622762345679011,0.9724814152796809,10,10,10
stratified_equal,30,37,0.008950289220864134,0.9597212616235344,0.8702543635872545,0.011696836419753083,0.9002830322410418,10,10,10
stratified_equal,30,38,0.001932401119997316,0.9580419580419581,0.8787878787878787,0.008870910493827159,0.8996821382330307,10,10,10
stratified_equal,30,39,0.0024478463524638277,0.9300699300699302,0.8181818181818181,0.016122762345679015,0.9312949597613809,10,10,10
stratified_equal,30,40,0.0009413845715339599,0.9720279720279721,0.909090909090909,0.0032912808641975297,0.8832826801339099,10,10,10
stratified_equal,30,41,0.0013382324832754908,0.9930069930069931,0.9696969696969696,0.005546836419753086,0.9475609535534034,10,10,10
stratified_equal,30,42,0.0008285398118806891,0.9842396880153765,0.9313248452425005,0.006994984567901233,0.9329543820903637,10,10,10
stratified_equal,30,43,0.0027994617976962954,0.9720279720279721,0.909090909090909,0.007930169753086422,0.8464826841906786,10,10,10
stratified_equal,30,44,0.0023710142011635882,0.9860139860139862,0.9393939393939392,0.008733873456790126,0.8760141083057964,10,10,10
stratified_equal,30,45,0.0031300370538034634,0.9370629370629372,0.7878787878787877,0.017794984567901236,0.9396773845105028,10,10,10
stratified_equal,30,46,0.0012884294887916456,0.9860139860139862,0.9393939393939392,0.005202391975308636,0.9171275883637212,10,10,10
stratified_equal,30,47,0.005183307345371628,0.9702291586486097,0.9007896044148774,0.01147461419753086,0.9079400015804877,10,10,10
stratified_equal,30,48,0.0011548597488389243,0.9790209790209792,0.909090909090909,0.00786720679012346,0.9543025360602361,10,10,10
stratified_equal,30,49,0.002122156833157286,0.9860139860139862,0.9393939393939392,0.012991280864197532,0.9205357136705495,10,10,10
stratified_equal,30,50,0.010128776218500076,0.9930069930069931,0.9696969696969696,0.02207461419753087,0.9619140951892805,10,10,10
stratified_equal,30,51,0.00402050198682159,0.9930069930069931,0.9696969696969696,0.006528317901234568,0.950815905105156,10,10,10
stratified_equal,30,52,0.0014661284643629566,0.9580419580419581,0.8484848484848484,0.007441280864197532,0.8735036850460287,10,10,10
stratified_equal,30,53,0.001298831380044598,0.9580419580419581,0.8787878787878787,0.005024614197530866,0.960788264806606,10,10,10
stratified_equal,30,54,0.0017748755092802163,0.9370629370629372,0.8181818181818181,0.003213503086419756,0.8422266781348714,10,10,10
stratified_equal,30,55,0.00412649095451268,0.9580419580419581,0.8484848484848484,0.009309799382716049,0.9423311529492927,10,10,10
stratified_equal,30,56,0.0034398873296111864,0.9702291586486097,0.9007896044148774,0.005567206790123455,0.9225143491542732,10,10,10
stratified_equal,30,57,0.0004077360293747799,0.9930069930069931,0.9696969696969696,0.0028338734567901237,0.9477080476601918,10,10,10
stratified_equal,30,58,0.003928382207467764,0.965034965034965,0.8787878787878787,0.00984128086419753,0.9232892544867837,10,10,10
stratified_equal,30,59,0.0030323223177908536,0.9580419580419581,0.8787878787878787,0.004087577160493827,0.9631507972698391,10,10,10
stratified_equal,30,60,0.004559587881226629,0.9492133645984593,0.8702543635872545,0.007033873456790125,0.9249125362639633,10,10,10
stratified_equal,30,61,0.004641620978153341,0.9440559440559443,0.8484848484848484,0.01712276234567901,0.9025281229348012,10,10,10
stratified_equal,30,62,0.0013036383146387666,0.9370629370629372,0.8181818181818181,0.004213503086419753,0.9450038480478128,10,10,10
stratified_equal,30,63,0.0038370504501785657,0.9720279720279721,0.909090909090909,0.015072762345679015,0.9558437724952428,10,10,10
stratified_equal,30,64,0.0015322435155843952,0.9580419580419581,0.8484848484848484,0.00464868827160494,0.9355610717013878,10,10,10
stratified_equal,30,65,0.0006461127039216681,0.9860139860139862,0.9393939393939392,0.00659128086419753,0.9608033212191591,10,10,10
stratified_equal,30,66,0.0010521804738192252,0.9580419580419581,0.8484848484848484,0.004428317901234568,0.9724532409099966,10,10,10
stratified_equal,30,67,0.002330903878074545,0.965034965034965,0.8787878787878787,0.004283873456790124,0.8989314759858554,10,10,10
stratified_equal,30,68,0.0026268061633385287,0.9860139860139862,0.9393939393939392,0.016619058641975305,0.9683119387411462,10,10,10
stratified_equal,30,69,0.0016176651073889629,0.965034965034965,0.8787878787878787,0.008096836419753086,0.9497369794313825,10,10,10
stratified_equal,30,70,0.00178251932330701,0.9790209790209792,0.9393939393939392,0.005769058641975307,0.9626170179066206,10,10,10
stratified_equal,30,71,0.0013265697567191445,0.9580419580419581,0.8787878787878787,0.004254243827160494,0.9155850895591676,10,10,10
stratified_equal,30,72,0.002057617826065087,0.9580419580419581,0.8787878787878787,0.004957947530864196,0.9422274497771103,10,10,10
stratified_equal,30,73,0.0004622671562463318,0.9930069930069931,0.9696969696969696,0.002998688271604936,0.9417687286451027,10,10,10
stratified_equal,30,74,0.002166286068775883,0.9352028352316922,0.8091838819320086,0.006798688271604938,0.9227317387479393,10,10,10
stratified_equal,30,75,0.0006977281491541325,0.9510489510489512,0.8787878787878787,0.0053227623456790114,0.9309798356476945,10,10,10
stratified_equal,30,76,0.001128539811880689,0.9510489510489512,0.8484848484848484,0.010330169753086418,0.9637666913352917,10,10,10
stratified_equal,30,77,0.0027491071877672126,0.9860139860139862,0.9393939393939392,0.02681165123456791,0.8219565835003239,10,10,10
stratified_equal,30,78,0.002579130828429151,0.9422080999150758,0.8397191227596315,0.0039968364197530875,0.8963338114036827,10,10,10
stratified_equal,30,79,0.002953204902503224,0.9702291586486097,0.9007896044148774,0.012972762345679012,0.9765305072635303,10,10,10
stratified_equal,30,80,0.002774717904867294,0.9597212616235344,0.8702543635872545,0.01638202160493827,0.8833075361791547,10,10,10
stratified_equal,30,81,0.0015849621917073242,0.9510489510489512,0.8787878787878787,0.007370910493827161,0.9409289546062655,10,10,10
stratified_equal,30,82,0.0021446942642053537,1.0,0.9999999999999998,0.0065690586419753115,0.9594779806169651,10,10,10
stratified_equal,30,83,0.0020546233422195385,0.965034965034965,0.8787878787878787,0.016920910493827157,0.9567486803906436,10,10,10
stratified_equal,30,84,0.0026851985983267095,0.9790209790209792,0.9393939393939392,0.01189868827160494,0.9613951859158695,10,10,10
stratified_equal,30,85,0.002325466525828679,0.9580419580419581,0.8484848484848484,0.005446836419753086,0.8999468103618055,10,10,10
stratified_equal,30,86,0.0036312190869003877,0.965034965034965,0.8787878787878787,0.005974614197530865,0.9572954381739861,10,10,10
stratified_equal,30,87,0.0036232600640477455,0.9510489510489512,0.8484848484848484,0.005424614197530864,0.9439178285220023,10,10,10
stratified_equal,30,88,0.004692842412353504,0.9720279720279721,0.909090909090909,0.009567206790123453,0.9494492664315045,10,10,10
stratified_equal,30,89,0.0008637643981691039,0.9790209790209792,0.9393939393939392,0.00677091049382716,0.9608840506017581,10,10,10
stratified_equal,30,90,0.0006970189292959776,0.9790209790209792,0.9393939393939392,0.004309799382716049,0.934921505165648,10,10,10
stratified_equal,30,91,0.0011665224753952693,0.9930069930069931,0.9696969696969696,0.007030169753086419,0.9573143594736893,10,10,10
stratified_equal,30,92,0.000723338866254212,0.9807370556736849,0.9313248452425005,0.006069058641975306,0.9309085855952395,10,10,10
stratified_equal,30,93,0.0018417785825662694,0.9702291586486097,0.9007896044148774,0.010217206790123457,0.9508772608940183,10,10,10
stratified_equal,30,94,0.004444536659792435,0.965034965034965,0.8787878787878787,0.008883873456790122,0.9157001771759057,10,10,10
stratified_equal,30,95,0.003777948795332225,0.9860139860139862,0.9393939393939392,0.00509128086419753,0.8997305910663721,10,10,10
stratified_equal,30,96,0.0005926848079405798,0.99124495269876,0.9618600860701234,0.007617206790123457,0.9346529919888155,10,10,10
stratified_equal,30,97,0.0013411481649145752,0.9440559440559443,0.8181818181818181,0.003928317901234569,0.9626170989007942,10,10,10
stratified_equal,30,98,0.0010942608520698148,0.9510489510489512,0.8484848484848484,0.002878317901234565,0.9350176378230893,10,10,10
stratified_equal,30,99,0.0070755847291383706,0.9860139860139862,0.9393939393939392,0.009880169753086419,0.9446842511881742,10,10,10
stratified_equal,30,100,0.0010550961554583078,0.9790209790209792,0.9393939393939392,0.003693132716049381,0.9443225243197593,10,10,10
stratified_equal,30,101,0.006439650922991802,0.9562186292818428,0.8702543635872545,0.009098688271604939,0.962460027722078,10,10,10
stratified_equal,30,102,0.001928303405261303,0.9562186292818428,0.8702543635872545,0.00868016975308642,0.8910159799600922,10,10,10
stratified_equal,30,103,0.0014913451704307266,0.9440559440559443,0.8484848484848484,0.003557947530864197,0.8779305358142914,10,10,10
stratified_equal,30,104,0.0026008802374126064,0.9510489510489512,0.8787878787878787,0.007165354938271605,0.908036147364424,10,10,10
stratified_equal,30,105,0.006003559512432304,0.99124495269876,0.9618600860701234,0.009069058641975306,0.9235797585269149,10,10,10
stratified_equal,30,106,0.0006716446188152829,1.0,0.9999999999999998,0.0018172067901234556,0.9672439606815639,10,10,10
stratified_equal,30,107,0.0007531261002967656,0.9790209790209792,0.909090909090909,0.005843132716049383,0.9373350058049471,10,10,10
stratified_equal,30,108,0.0031495800010059856,0.965034965034965,0.8787878787878787,0.00583016975308642,0.9277434270944492,10,10,10
stratified_equal,30,109,0.002717822711801888,0.9508830463894927,0.8616404368553291,0.01313942901234568,0.9361156690652174,10,10,10
stratified_equal,30,110,0.002618216722834198,0.9930069930069931,0.9696969696969696,0.0165116512345679,0.9471644646536296,10,10,10
stratified_equal,30,111,0.0006868534446624073,0.9860139860139862,0.9393939393939392,0.01060054012345679,0.9403459831674131,10,10,10
stratified_equal,30,112,0.002221053602266819,0.9720279720279721,0.909090909090909,0.0024468364197530856,0.9237902604816686,10,10,10
stratified_equal,30,113,0.002761715540801101,0.938705467573384,0.8091838819320086,0.00736905864197531,0.9374507074680158,10,10,10
stratified_equal,30,114,0.006414197810304645,0.9930069930069931,0.9696969696969696,0.00985979938271605,0.8985349649174935,10,10,10
stratified_equal,30,115,0.0011509984407222966,0.99124495269876,0.9618600860701234,0.006830169753086421,0.9561272533628609,10,10,10
stratified_equal,30,116,0.0009619519474204833,0.9352028352316922,0.8091838819320086,0.011317206790123454,0.9203878940662839,10,10,10
stratified_equal,30,117,0.005115852656640343,0.9720279720279721,0.909090909090909,0.011615354938271606,0.9209871792786689,10,10,10
stratified_equal,30,118,0.0008148282279563404,0.9860139860139862,0.9393939393939392,0.005861651234567901,0.9900620119184818,10,10,10
stratified_equal,30,119,0.006452889693677383,0.9370629370629372,0.8181818181818181,0.01177646604938272,0.8664859529095978,10,10,10
stratified_equal,30,120,0.0023918967858759617,0.8881118881118882,0.7878787878787877,0.00412091049382716,0.8812119884857884,10,10,10
stratified_equal,30,121,0.002294418456482738,0.9230769230769231,0.7878787878787877,0.004132021604938272,0.9067461468154252,10,10,10
stratified_equal,30,122,0.0026690441460020444,0.9720279720279721,0.909090909090909,0.009437577160493826,0.9283352119416817,10,10,10
stratified_equal,30,123,0.0010725902452928232,0.965034965034965,0.8787878787878787,0.009550540123456791,0.9649090746221439,10,10,10
stratified_equal,30,124,0.002885277400533169,0.9580419580419581,0.8787878787878787,0.0115116512345679,0.955474260229753,10,10,10
stratified_equal,30,125,0.0017330315376490105,0.9300699300699302,0.8181818181818181,0.00530979938271605,0.8639315676136784,10,10,10
stratified_equal,30,126,0.0016297218449776152,0.965034965034965,0.8787878787878787,0.004804243827160495,0.9489814830490587,10,10,10
stratified_equal,30,127,0.004857539023858622,0.9790209790209792,0.9393939393939392,0.0068190586419753065,0.9664772360994608,10,10,10
stratified_equal,30,128,0.0028840953674362443,0.9720279720279721,0.909090909090909,0.008122762345679012,0.7728825694627028,10,10,10
stratified_equal,30,129,0.011589532719682107,0.8966738794730833,0.7481134002767627,0.014594984567901237,0.87485895952346,10,10,10
stratified_equal,30,130,0.002753362506916152,0.9300699300699302,0.7878787878787877,0.004126466049382715,0.9275306473382664,10,10,10
stratified_equal,30,131,0.0006253089214157562,0.9580419580419581,0.8787878787878787,0.003215354938271604,0.963646407694419,10,10,10
stratified_equal,30,132,0.001823890481699446,0.9720279720279721,0.8787878787878787,0.004963503086419753,0.8879381997437582,10,10,10
stratified_equal,30,133,0.0025729054541186736,0.9370629370629372,0.8484848484848484,0.004374614197530863,0.8962203699545658,10,10,10
stratified_equal,30,134,0.0023197139647569676,0.9667265263069179,0.9007896044148774,0.008194984567901234,0.9292677164221858,10,10,10
stratified_equal,30,135,0.0060019046660966064,0.965034965034965,0.909090909090909,0.008454243827160495,0.955537878372278,10,10,10
stratified_equal,30,136,0.0015268061633385323,0.9720279720279721,0.909090909090909,0.005357947530864199,0.9182042098734385,10,10,10
stratified_equal,30,137,0.0020109669198397104,0.9720279720279721,0.909090909090909,0.00334128086419753,0.8642014033742421,10,10,10
stratified_equal,30,138,0.0005781852019516102,0.9580419580419581,0.8787878787878787,0.003237577160493827,0.9514242805131206,10,10,10
stratified_equal,30,139,0.003441226967121037,0.9930069930069931,0.9696969696969696,0.015811651234567906,0.9221309349244636,10,10,10
stratified_equal,30,140,0.0016541505289807672,0.9720279720279721,0.909090909090909,0.0036838734567901242,0.9233395813754274,10,10,10
stratified_equal,30,141,0.0067963885116442925,0.9510489510489512,0.8484848484848484,0.009035725308641978,0.9472469818627286,10,10,10
stratified_equal,30,142,0.006313961403685261,0.965034965034965,0.8787878787878787,0.008906095679012344,0.9602661127227402,10,10,10
stratified_equal,30,143,0.0018361836259074827,0.9492133645984593,0.8702543635872545,0.003011651234567902,0.9612735872045893,10,10,10
stratified_equal,30,144,0.0012390993075465668,0.9510489510489512,0.8787878787878787,0.003809799382716049,0.9736480567423711,10,10,10
stratified_equal,30,145,0.0012688077393826597,0.9720279720279721,0.909090909090909,0.003209799382716049,0.9460113222356251,10,10,10
stratified_equal,30,146,0.0007382324832754871,0.9754446010932804,0.9231861823449954,0.005839429012345678,0.9730055039456299,10,10,10
stratified_equal,30,147,0.0013720386298475926,0.965034965034965,0.8787878787878787,0.01189313271604938,0.9256129170780852,10,10,10
stratified_equal,30,148,0.0014399661318176477,0.9702291586486097,0.9007896044148774,0.0048357253086419765,0.9187073208355937,10,10,10
stratified_equal,30,149,0.002893394027798738,0.9790209790209792,0.9393939393939392,0.005519058641975307,0.9543356664775912,10,10,10
stratified_equal,30,150,0.0008370504501785617,0.965034965034965,0.8787878787878787,0.006798688271604937,0.958416017491364,10,10,10
stratified_equal,30,151,0.001676136344583603,0.9754446010932804,0.9231861823449954,0.004619058641975308,0.9472018004016677,10,10,10
stratified_equal,30,152,0.0011504468252770664,0.9720279720279721,0.909090909090909,0.0030005401234567907,0.9562584658811047,10,10,10
stratified_equal,30,153,0.0015927636101470387,0.9352028352316922,0.8397191227596315,0.005819058641975308,0.9332802559781586,10,10,10
stratified_equal,30,154,0.0017870898512817944,0.9510489510489512,0.8484848484848484,0.0035431327160493817,0.9454313635260009,10,10,10
stratified_equal,30,155,0.0009628975738980249,0.9790209790209792,0.9393939393939392,0.013419058641975309,0.920617365251386,10,10,10
stratified_equal,30,156,0.009662188354039866,0.9789533946223928,0.9231861823449954,0.018144984567901232,0.9496291426145489,10,10,10
stratified_equal,30,157,0.0015777123887128416,0.9160839160839163,0.7575757575757575,0.0034986882716049376,0.9742657082373102,10,10,10
stratified_equal,30,158,0.0018098636889492487,0.9300699300699302,0.8181818181818181,0.012985725308641975,0.939165523264191,10,10,10
stratified_equal,30,159,0.0023675469040792736,0.9580419580419581,0.8484848484848484,0.016406095679012345,0.9387524798910332,10,10,10
stratified_equal,30,160,0.0011650252334724951,0.9720279720279721,0.909090909090909,0.0033468364197530836,0.8766642294412338,10,10,10
stratified_equal,30,161,0.0021008014352061457,0.9492133645984593,0.8397191227596315,0.008152391975308643,0.9304132229976907,10,10,10
stratified_equal,30,162,0.004299382995489826,0.9510489510489512,0.8484848484848484,0.021926466049382715,0.923692089365825,10,10,10
stratified_equal,30,163,0.00264634911054105,0.9720279720279721,0.909090909090909,0.009056095679012346,0.9382634210683786,10,10,10
stratified_equal,30,164,0.008178342806364532,0.9580419580419581,0.8484848484848484,0.01253942901234567,0.9031129984224139,10,10,10
stratified_equal,30,165,0.002101904666096606,0.9702291586486097,0.9007896044148774,0.003185725308641975,0.9270069950094332,10,10,10
stratified_equal,30,166,0.0015757423335512981,0.9860139860139862,0.9393939393939392,0.003446836419753087,0.9420296089878782,10,10,10
stratified_equal,30,167,0.0018695957614472778,0.9720279720279721,0.909090909090909,0.01095424382716049,0.9423691639996957,10,10,10
stratified_equal,30,168,0.0008570662106198532,0.9440559440559443,0.8787878787878787,0.006587577160493826,0.9737317909903013,10,10,10
stratified_equal,30,169,0.0057051355565615434,0.9842396880153765,0.9313248452425005,0.01215054012345679,0.9684895889838105,10,10,10
stratified_equal,30,170,0.004111124524252634,0.965034965034965,0.8787878787878787,0.005646836419753086,0.9713397008045123,10,10,10
stratified_equal,30,171,0.0036684137283503507,0.9300699300699302,0.8181818181818181,0.010156095679012345,0.9338560744278602,10,10,10
stratified_equal,30,172,0.011798516171218755,0.9580419580419581,0.8484848484848484,0.013656095679012345,0.9121167341478932,10,10,10
stratified_equal,30,173,0.00788511979612025,0.8671328671328673,0.7272727272727272,0.014954243827160499,0.8372991138302911,10,10,10
stratified_equal,30,174,0.0017097060845363248,0.965034965034965,0.8787878787878787,0.005637577160493824,0.9700986050819277,10,10,10
stratified_equal,30,175,0.0024775547842999174,0.9457107322567676,0.8397191227596315,0.005050540123456788,0.8856021286906904,10,10,10
stratified_equal,30,176,0.0035532837047096834,0.9877423203570683,0.9618600860701234,0.009298688271604936,0.9478725013812253,10,10,10
stratified_equal,30,177,0.010818295525040662,0.9859709816806179,0.9539590550898286,0.015841280864197532,0.9407971066297968,10,10,10
stratified_equal,30,178,0.0031409905605016514,0.99124495269876,0.9618600860701234,0.013156095679012344,0.9154758007477852,10,10,10
stratified_equal,30,179,0.0007152222389886505,0.9930069930069931,0.9696969696969696,0.003109799382716051,0.9648909796957826,10,10,10
stratified_equal,30,180,0.00552168401991852,0.965034965034965,0.8787878787878787,0.0133116512345679,0.9455827278676342,10,10,10
stratified_equal,30,181,0.0033523380782321467,0.9597212616235344,0.8702543635872545,0.0067616512345679,0.9794447451845403,10,10,10
stratified_equal,30,182,0.0017606123099106381,0.965034965034965,0.8787878787878787,0.0038931327160493853,0.8766456420459545,10,10,10
stratified_equal,30,183,0.0016424090002179618,0.9580419580419581,0.909090909090909,0.004906095679012346,0.9648640703628314,10,10,10
stratified_equal,30,184,0.0027402813406434954,0.9614094269768303,0.8616404368553291,0.008557947530864198,0.9578775507229481,10,10,10
stratified_equal,30,185,0.0032576178260650887,0.9930069930069931,0.9696969696969696,0.007772762345679015,0.9407899181036724,10,10,10
stratified_equal,30,186,0.0020042687322904596,0.9211923058649254,0.7786486411043856,0.007307947530864196,0.9690501924271144,10,10,10
stratified_equal,30,187,0.0007532837047096885,0.9790209790209792,0.9393939393939392,0.0040616512345679,0.960783631767617,10,10,10
stratified_equal,30,188,0.0016431970222825821,0.9930069930069931,0.9696969696969696,0.004507947530864198,0.9427656562139507,10,10,10
stratified_equal,30,189,0.004830273460422844,0.9300699300699302,0.8181818181818181,0.011602391975308643,0.95444420910934,10,10,10
stratified_equal,30,190,0.004268571332763273,0.9090909090909092,0.7575757575757575,0.010739429012345677,0.834842936903093,10,10,10
stratified_equal,30,191,0.000985592609359019,0.9667265263069179,0.9007896044148774,0.004537577160493827,0.9670901971414243,10,10,10
stratified_equal,30,192,0.005957933034890933,0.9562186292818428,0.9007896044148774,0.011043132716049378,0.9427054065538351,10,10,10
stratified_equal,30,193,0.0019680985195245017,0.9632238939652261,0.9007896044148774,0.017737577160493827,0.9024786385541067,10,10,10
stratified_equal,30,194,0.0014253089214157557,0.9772344233319931,0.9313248452425005,0.0102116512345679,0.8216163211935171,10,10,10
stratified_equal,30,195,0.0011119125463172543,0.9930069930069931,0.9696969696969696,0.002676466049382715,0.8824625037157965,10,10,10
stratified_equal,30,196,0.003910257699981556,0.9580419580419581,0.8484848484848484,0.004957947530864195,0.9500635117982142,10,10,10
stratified_equal,30,197,0.004352180473819226,0.9790209790209792,0.9393939393939392,0.006220910493827162,0.9525786803105288,10,10,10
stratified_equal,30,198,0.0033693593548278877,0.9667265263069179,0.9007896044148774,0.007219058641975307,0.9045486365558012,10,10,10
stratified_equal,30,199,0.008006948007310158,0.9580419580419581,0.8484848484848484,0.009950540123456789,0.9291860141137162,10,10,10
stratified_equal,35,0,0.002068984642295123,0.9580419580419581,0.8484848484848484,0.00297516006019794,0.9182026883045556,12,12,11
stratified_equal,35,1,0.0011442777382569172,1.0,0.9999999999999998,0.0058017721405978955,0.980108101192876,12,12,11
stratified_equal,35,2,0.001184920378291651,0.9510489510489512,0.8484848484848484,0.0028164007499234776,0.9362534229811782,12,12,11
stratified_equal,35,3,0.001791491517385586,0.9370629370629372,0.7878787878787877,0.005156098229772473,0.9642784730419495,12,12,11
stratified_equal,35,4,0.0016614003319752513,0.965034965034965,0.8787878787878787,0.004820035583103766,0.968424495918497,12,12,11
stratified_equal,35,5,0.00490476406044536,0.9300699300699302,0.8181818181818181,0.005177039970411181,0.9015939739509043,12,12,11
stratified_equal,35,6,0.0007636148347976578,0.965034965034965,0.8787878787878787,0.00541614822467095,0.9449058904860511,12,12,11
stratified_equal,35,7,0.0012809111150118714,0.9720279720279721,0.909090909090909,0.002263230155086213,0.9619778419613808,12,12,11
stratified_equal,35,8,0.01964652118882863,0.9790209790209792,0.9393939393939392,0.02712145890725436,0.9777817880455753,12,12,11
stratified_equal,35,9,0.0047441040517610346,0.9930069930069931,0.9696969696969696,0.008989916207529845,0.9065625780647114,12,12,11
stratified_equal,35,10,0.004619165565728329,0.9422080999150758,0.8397191227596315,0.009685100372410976,0.9333776991072446,12,12,11
stratified_equal,35,11,0.0041631227230593424,0.9228126981565926,0.8000946913656627,0.019017018033874098,0.944896571143358,12,12,11
stratified_equal,35,12,0.0018885822685796823,0.9580419580419581,0.909090909090909,0.0032772593357820613,0.971352687080608,12,12,11
stratified_equal,35,13,0.0020186734539900156,0.9720279720279721,0.909090909090909,0.0030347203091521274,0.8798784779266194,12,12,11
stratified_equal,35,14,0.0028878585748468677,0.9580419580419581,0.8787878787878787,0.0040257416335067854,0.9637572750817563,12,12,11
stratified_equal,35,15,0.0013466225059512226,0.9370629370629372,0.7878787878787877,0.0042418165238240985,0.9403611809203153,12,12,11
stratified_equal,35,16,0.0018699978135210628,0.9790209790209792,0.9393939393939392,0.0041578199928578715,0.9448543173639425,12,12,11
stratified_equal,35,17,0.017164309580781148,0.9580419580419581,0.909090909090909,0.017335773773084377,0.9209593669772252,12,12,11
stratified_equal,35,18,0.003944856693243164,0.965034965034965,0.909090909090909,0.004403483700642791,0.937061727846629,12,12,11
stratified_equal,35,19,0.0004356368350871358,0.9790209790209792,0.9393939393939392,0.003649211177430875,0.9684464564915235,12,12,11
stratified_equal,35,20,0.002061689809468374,0.9790209790209792,0.909090909090909,0.006429271885521885,0.950367571357616,12,12,11
stratified_equal,35,21,0.0025860493405148394,0.9790209790209792,0.9393939393939392,0.00857651451382512,0.9561780554616129,12,12,11
stratified_equal,35,22,0.002563875364541467,0.9667265263069179,0.9007896044148774,0.012291875191307011,0.9362791782918033,12,12,11
stratified_equal,35,23,0.0013297170203527293,0.9772344233319931,0.9313248452425005,0.005080557468625652,0.9500952912114459,12,12,11
stratified_equal,35,24,0.0030437132571453185,0.9860139860139862,0.9393939393939392,0.009381024257728804,0.9520003866334633,12,12,11
stratified_equal,35,25,0.001786744086498339,0.9352028352316922,0.8397191227596315,0.007833988240995815,0.976055962925568,12,12,11
stratified_equal,35,26,0.005381012432134469,0.9860139860139862,0.9393939393939392,0.010396405341291706,0.9707012053850949,12,12,11
stratified_equal,35,27,0.0022534975964129426,0.9860139860139862,0.9393939393939392,0.006298583690439751,0.8926051985259932,12,12,11
stratified_equal,35,28,0.00025280285042944236,0.9860139860139862,0.9393939393939392,0.0028974128915416797,0.9684537684537685,12,12,11
stratified_equal,35,29,0.003785875654018961,0.9440559440559443,0.8484848484848484,0.004936260968268543,0.9684329098251868,12,12,11
stratified_equal,35,30,0.0029698964963984693,0.9737317909903013,0.9007896044148774,0.005171134960718295,0.9599910554407037,12,12,11
stratified_equal,35,31,0.0015613569103512836,0.9860139860139862,0.9393939393939392,0.009265219747984901,0.9273911298718285,12,12,11
stratified_equal,35,32,0.005595515254540021,1.0,0.9999999999999998,0.00838189151617182,0.9625607931775996,12,12,11
stratified_equal,35,33,0.006601217961154582,0.9737317909903013,0.9007896044148774,0.00870748329252117,0.8874091658554905,12,12,11
stratified_equal,35,34,0.002148938325896225,0.9860139860139862,0.9393939393939392,0.0024387989745944293,0.9695183054281515,12,12,11
stratified_equal,35,35,0.0025454645959787276,0.9930069930069931,0.9696969696969696,0.005386993036424855,0.9185007965450391,12,12,11
stratified_equal,35,36,0.004113853653729485,0.9720279720279721,0.8787878787878787,0.006833924471992655,0.9078296439543557,12,12,11
stratified_equal,35,37,0.0007831835133329013,0.9720279720279721,0.909090909090909,0.005129761631466175,0.92613735277277,12,12,11
stratified_equal,35,38,0.0010558134163579445,0.9860139860139862,0.9393939393939392,0.002905320247933885,0.8973767091599347,12,12,11
stratified_equal,35,39,0.000824463003852514,0.9440559440559443,0.8787878787878787,0.005086258417508419,0.9402071161616402,12,12,11
stratified_equal,35,40,0.004068579373804751,0.965034965034965,0.8787878787878787,0.010184679496990106,0.952659414428588,12,12,11
stratified_equal,35,41,0.005304821955943985,0.9720279720279721,0.909090909090909,0.011624596342209982,0.9596714358919173,12,12,11
stratified_equal,35,42,0.005515793152933422,0.9720279720279721,0.909090909090909,0.006248856621773289,0.9724329087880325,12,12,11
stratified_equal,35,43,0.0012531791711705056,0.9597212616235344,0.8702543635872545,0.0029688851902867053,0.9614268827721806,12,12,11
stratified_equal,35,44,0.001245826442845131,0.9860139860139862,0.9393939393939392,0.003932893964901541,0.9306995041987473,12,12,11
stratified_equal,35,45,0.002995138933798961,0.965034965034965,0.8787878787878787,0.00741919638302214,0.9883194416415543,12,12,11
stratified_equal,35,46,0.001498482398844555,0.965034965034965,0.909090909090909,0.006041747653300682,0.9338665073774942,12,12,11
stratified_equal,35,47,0.0030072390930115846,0.9667265263069179,0.9007896044148774,0.005365018237934903,0.952605175725787,12,12,11
stratified_equal,35,48,0.002218181342251702,0.965034965034965,0.8787878787878787,0.007884327492092646,0.896313344441047,12,12,11
stratified_equal,35,49,0.0017143747132171083,0.9860139860139862,0.9393939393939392,0.009031085475971841,0.9266094323662211,12,12,11
stratified_equal,35,50,0.0018174287007695755,0.9562186292818428,0.8702543635872545,0.0028206222579328644,0.94375363515105,12,12,11
stratified_equal,35,51,0.0009762650012472154,0.9930069930069931,0.9696969696969696,0.00564357399755127,0.9555902729117626,12,12,11
stratified_equal,35,52,0.003402202184631208,0.9720279720279721,0.909090909090909,0.007941910901948781,0.9824469837956618,12,12,11
stratified_equal,35,53,0.0021925915318594647,0.9930069930069931,0.9696969696969696,0.006699206075910624,0.9566928803956886,12,12,11
stratified_equal,35,54,0.0020765110571163707,0.9580419580419581,0.8787878787878787,0.004350631950821344,0.9289610476547624,12,12,11
stratified_equal,35,55,0.000992186263369086,0.9457107322567676,0.8397191227596315,0.01037751696255484,0.9602877309378184,12,12,11
stratified_equal,35,56,0.005322364292027357,0.9930069930069931,0.9696969696969696,0.0064565140036730905,0.9667265263069179,12,12,11
stratified_equal,35,57,0.00184498695811507,0.9720279720279721,0.909090909090909,0.0034645106366697283,0.934892161673377,12,12,11
stratified_equal,35,58,0.002622407713651326,1.0,0.9999999999999998,0.00692229555657586,0.8836075831904663,12,12,11
stratified_equal,35,59,0.004875932102130119,0.9930069930069931,0.9696969696969696,0.00907215271400877,0.9244773845061119,12,12,11
stratified_equal,35,60,0.005432655216907952,0.9720279720279721,0.909090909090909,0.006906289536781962,0.9454333688626866,12,12,11
stratified_equal,35,61,0.001604025892837894,0.9510489510489512,0.8484848484848484,0.016190431461075402,0.9418180508435355,12,12,11
stratified_equal,35,62,0.0009494014898852268,0.9702291586486097,0.9007896044148774,0.0036757135751453937,0.9011688981158468,12,12,11
stratified_equal,35,63,0.0010247814290949527,0.9720279720279721,0.909090909090909,0.008189066804407716,0.9602921983245275,12,12,11
stratified_equal,35,64,0.0028435106229001343,0.9718550849815182,0.9149761402251629,0.012433824992347721,0.900123362938228,12,12,11
stratified_equal,35,65,0.008268724112551317,0.9422080999150758,0.8091838819320086,0.018543954060810122,0.9567818264040852,12,12,11
stratified_equal,35,66,0.009161356910351285,0.965034965034965,0.8787878787878787,0.015344408096112643,0.9457035743277088,12,12,11
stratified_equal,35,67,0.001638589505517008,0.9720279720279721,0.909090909090909,0.010312038950107133,0.9514488760384645,12,12,11
stratified_equal,35,68,0.002594617874311334,0.965034965034965,0.909090909090909,0.011605478395061727,0.9742930359238159,12,12,11
stratified_equal,35,69,0.0018442343166329403,0.9860139860139862,0.9393939393939392,0.004109062213039485,0.9137407902087763,12,12,11
stratified_equal,35,70,0.000703924575715304,0.9720279720279721,0.909090909090909,0.004153611238649117,0.9578455370916984,12,12,11
stratified_equal,35,71,0.0012309472996985121,0.9580419580419581,0.8484848484848484,0.006467227196204469,0.9548601296369995,12,12,11
stratified_equal,35,72,0.0008770321166039971,0.9790209790209792,0.9393939393939392,0.0030494509488827684,0.961829433373201,12,12,11
stratified_equal,35,73,0.0016002626854272727,0.9860139860139862,0.9393939393939392,0.007407450132639526,0.9484289013610678,12,12,11
stratified_equal,35,74,0.0005190642486057362,0.9510489510489512,0.8787878787878787,0.0038960227272727254,0.9625888497766425,12,12,11
stratified_equal,35,75,0.0002856874936484325,0.9930069930069931,0.9696969696969696,0.005974152509947965,0.8999778787190896,12,12,11
stratified_equal,35,76,0.0007754834120157796,0.9720279720279721,0.909090909090909,0.0006331286348331807,0.9665705693445554,12,12,11
stratified_equal,35,77,0.005966567505227525,0.9790209790209792,0.9393939393939392,0.007630577874706664,0.937654776250179,12,12,11
stratified_equal,35,78,0.0028092364877141435,0.965034965034965,0.8787878787878787,0.006301950693806755,0.9724594958433411,12,12,11
stratified_equal,35,79,0.0012051838028103946,0.9930069930069931,0.9696969696969696,0.0014534530915212736,0.93625439649102,12,12,11
stratified_equal,35,80,0.004133596018760605,0.9790209790209792,0.9393939393939392,0.006847889883685339,0.9601145066251545,12,12,11
stratified_equal,35,81,0.002082937457463747,0.9632238939652261,0.9007896044148774,0.005635781425364761,0.9445670163231376,12,12,11
stratified_equal,35,82,0.002232713112406571,0.9580419580419581,0.8787878787878787,0.003983462784409753,0.937233864167697,12,12,11
stratified_equal,35,83,0.0013777702842114675,0.965034965034965,0.8787878787878787,0.007667959264360779,0.9619564679128603,12,12,11
stratified_equal,35,84,0.0007320038925484165,0.9930069930069931,0.9696969696969696,0.004533763774104684,0.9583943653884196,12,12,11
stratified_equal,35,85,0.0009065009254041108,0.9720279720279721,0.909090909090909,0.005439398403224161,0.8786885693449329,12,12,11
stratified_equal,35,86,0.003579188723927783,0.9614094269768303,0.8924133096001623,0.006639275966738086,0.9062488985810443,12,12,11
stratified_equal,35,87,0.002297787652861051,0.965034965034965,0.8787878787878787,0.005849930491786555,0.9665348470643159,12,12,11
stratified_equal,35,88,0.003556320001970911,0.9580419580419581,0.8787878787878787,0.008818607157432915,0.925946521967074,12,12,11
stratified_equal,35,89,0.000978696612189464,0.9580419580419581,0.8787878787878787,0.0036995376747270686,0.9678908380684058,12,12,11
stratified_equal,35,90,0.0004387052965142627,0.9964973622679555,0.9847319278346618,0.009774223931231505,0.9612619412542989,12,12,11
stratified_equal,35,91,0.004341498754322916,0.9790209790209792,0.9393939393939392,0.0066145973625140264,0.930322818490234,12,12,11
stratified_equal,35,92,0.0012101628156921443,0.9790209790209792,0.9393939393939392,0.0020281010866238145,0.958990178730568,12,12,11
stratified_equal,35,93,0.0025067904028972386,0.9860139860139862,0.9393939393939392,0.005972571038669523,0.8855858423227625,12,12,11
stratified_equal,35,94,0.0019669148782192826,0.9930069930069931,0.9696969696969696,0.007570022829303132,0.9549315475887431,12,12,11
stratified_equal,35,95,0.006505864074919241,0.965034965034965,0.8787878787878787,0.008475963549637788,0.9491921940292,12,12,11
stratified_equal,35,96,0.002494574452687369,0.9930069930069931,0.9696969696969696,0.006507031807978775,0.9300645507008465,12,12,11
stratified_equal,35,97,0.0023903625551623983,0.9720279720279721,0.909090909090909,0.0038305829762269174,0.8963392004013712,12,12,11
stratified_equal,35,98,0.0015284143716336686,0.9720279720279721,0.909090909090909,0.002947739388837873,0.9357328863404933,12,12,11
stratified_equal,35,99,0.001348011997918225,0.9580419580419581,0.8787878787878787,0.011173838766452402,0.9348212929329706,12,12,11
stratified_equal,35,100,0.0014648451141434395,0.9860139860139862,0.9393939393939392,0.00617767766044281,0.9078440226135926,12,12,11
stratified_equal,35,101,0.0010955876239133056,0.9580419580419581,0.8484848484848484,0.005226907330884603,0.913513742594441,12,12,11
stratified_equal,35,102,0.0020795216230448687,0.9090909090909092,0.7575757575757575,0.005191834379144986,0.9456526988083575,12,12,11
stratified_equal,35,103,0.0004936481247093664,1.0,0.9999999999999998,0.0020012798438934797,0.9622932099373823,12,12,11
stratified_equal,35,104,0.0017015219125223633,0.9632238939652261,0.9007896044148774,0.0032823225946332015,0.9084238257482649,12,12,11
stratified_equal,35,105,0.0033720965253462177,0.9580419580419581,0.8484848484848484,0.007286289026629937,0.8689302040686869,12,12,11
stratified_equal,35,106,0.007368391213434221,0.9370629370629372,0.8181818181818181,0.011452177711458013,0.910250750117052,12,12,11
stratified_equal,35,107,0.0017473751474333507,0.965034965034965,0.8787878787878787,0.009744647867564534,0.9586861266539008,12,12,11
stratified_equal,35,108,0.004036331581070641,0.9790209790209792,0.909090909090909,0.009618691332517089,0.8993864742072241,12,12,11
stratified_equal,35,109,0.0007329881160250427,0.9440559440559443,0.8484848484848484,0.007674221380471382,0.9404363121845201,12,12,11
stratified_equal,35,110,0.0021470277744415982,0.9720279720279721,0.909090909090909,0.003208860702989492,0.896441363946165,12,12,11
stratified_equal,35,111,0.0023773939634704018,0.9370629370629372,0.8181818181818181,0.004468247500255076,0.9747640830668809,12,12,11
stratified_equal,35,112,0.0014085706894799534,0.9807370556736849,0.9313248452425005,0.01079410710641771,0.9483713108497623,12,12,11
stratified_equal,35,113,0.000732524952036043,0.9930069930069931,0.9696969696969696,0.006569334124068973,0.9637682707796705,12,12,11
stratified_equal,35,114,0.0070808821672625555,0.9720279720279721,0.909090909090909,0.012881266579940827,0.9105441558788651,12,12,11
stratified_equal,35,115,0.00125370023065813,0.9930069930069931,0.9696969696969696,0.003927754183246607,0.9503082191638472,12,12,11
stratified_equal,35,116,0.0008325683736600106,0.9790209790209792,0.9393939393939392,0.003685342694622997,0.9312963214235781,12,12,11
stratified_equal,35,117,0.0036680583143171215,0.9562186292818428,0.8702543635872545,0.007917576650341806,0.9596567158499956,12,12,11
stratified_equal,35,118,0.0031249985372147973,0.9720279720279721,0.909090909090909,0.00537404792878278,0.9362804832558447,12,12,11
stratified_equal,35,119,0.004968622795428718,0.9790209790209792,0.9393939393939392,0.01164232412508928,0.9527680912297894,12,12,11
stratified_equal,35,120,0.0059426566642954105,0.9580419580419581,0.8787878787878787,0.010622517472706866,0.9661149382356156,12,12,11
stratified_equal,35,121,0.0030115233599098275,0.9492133645984593,0.8397191227596315,0.005891329328639935,0.9543094873297012,12,12,11
stratified_equal,35,122,0.001510756244553048,0.9300699300699302,0.8181818181818181,0.002847341470258138,0.9503053129064906,12,12,11
stratified_equal,35,123,0.0016709530892483736,0.9510489510489512,0.8484848484848484,0.0034568711100908048,0.9559224461696534,12,12,11
stratified_equal,35,124,0.0014884085820838049,0.9877423203570683,0.9618600860701234,0.004369545837159476,0.9590682585557886,12,12,11
stratified_equal,35,125,0.004260850324738313,0.9860139860139862,0.9393939393939392,0.006048545429037854,0.9538871816901566,12,12,11
stratified_equal,35,126,0.0013026219269962388,0.9720279720279721,0.909090909090909,0.00795934534741353,0.9572446334428654,12,12,11
stratified_equal,35,127,0.0010514712539610653,0.965034965034965,0.8787878787878787,0.0018287336751351896,0.9689702982879393,12,12,11
stratified_equal,35,128,0.0010569134308318167,0.9702291586486097,0.9007896044148774,0.007040982425262728,0.9577632040988381,12,12,11
stratified_equal,35,129,0.0011167194809114246,0.9440559440559443,0.8181818181818181,0.005500514615855524,0.9417286870643138,12,12,11
stratified_equal,35,130,0.0011312512510662915,0.9702291586486097,0.9313248452425005,0.00402181346291195,0.9180462837379325,12,12,11
stratified_equal,35,131,0.0009065588209027396,0.9597212616235344,0.8702543635872545,0.002314028543005815,0.9642523560560284,12,12,11
stratified_equal,35,132,0.0014409342732113204,0.9754446010932804,0.9231861823449954,0.002785204953576166,0.9608185271635811,12,12,11
stratified_equal,35,133,0.001592967852600523,0.9790209790209792,0.909090909090909,0.00919929535251505,0.9249412101234159,12,12,11
stratified_equal,35,134,0.0011875256757297753,0.9720279720279721,0.909090909090909,0.004937051703907762,0.9555026352399536,12,12,11
stratified_equal,35,135,0.011085050643163561,0.9894797752097304,0.9539590550898286,0.02339106149882665,0.9579412591276161,12,12,11
stratified_equal,35,136,0.0015434093057775423,0.9772344233319931,0.9313248452425005,0.006493257703295585,0.9610865564797356,12,12,11
stratified_equal,35,137,0.0012564213190935046,0.9702291586486097,0.9007896044148774,0.003714038746046323,0.9582532414379692,12,12,11
stratified_equal,35,138,0.002103085090985239,0.9580419580419581,0.8484848484848484,0.0036247493878175693,0.8976573224959354,12,12,11
stratified_equal,35,139,0.0013761492102499677,0.9720279720279721,0.909090909090909,0.003691783363942452,0.8982153066366667,12,12,11
stratified_equal,35,140,0.00035857792641728463,0.99124495269876,0.9618600860701234,0.0026578837618610337,0.971961441894461,12,12,11
stratified_equal,35,141,0.00467989794378594,0.9790209790209792,0.9393939393939392,0.012144071395775937,0.9297779971648429,12,12,11
stratified_equal,35,142,0.0013149536682033611,0.9720279720279721,0.909090909090909,0.0036398243801652893,0.9561000044696736,12,12,11
stratified_equal,35,143,0.0005433224625296008,0.9702291586486097,0.9007896044148774,0.004060215156616669,0.9583529361658273,12,12,11
stratified_equal,35,144,0.0009249695894654829,0.9300699300699302,0.8181818181818181,0.006057332797673707,0.966154500756016,12,12,11
stratified_equal,35,145,0.002780694006892027,0.9790209790209792,0.909090909090909,0.00487666245791246,0.9428607384397173,12,12,11
stratified_equal,35,146,0.0011650622222632836,0.9510489510489512,0.8484848484848484,0.0050811186358534835,0.9229398607673471,12,12,11
stratified_equal,35,147,0.0013370118531794782,0.9719358075641679,0.8924133096001623,0.00724950706560555,0.9022033030783945,12,12,11
stratified_equal,35,148,0.003945377752730788,0.9720279720279721,0.909090909090909,0.011087533797571674,0.9560903711097337,12,12,11
stratified_equal,35,149,0.0026770031688546827,0.9352028352316922,0.8397191227596315,0.0030485071676359544,0.9497340543426892,12,12,11
stratified_equal,35,150,0.0015854414377792754,0.9562186292818428,0.8702543635872545,0.0041820522140597885,0.9444557480529675,12,12,11
stratified_equal,35,151,0.0015512830935905343,0.9492133645984593,0.8397191227596315,0.009401647153351704,0.9670549742332469,12,12,11
stratified_equal,35,152,0.000785094064787526,0.9877423203570683,0.9618600860701234,0.004374711126415673,0.8724297813497749,12,12,11
stratified_equal,35,153,0.004080679533017371,0.9580419580419581,0.909090909090909,0.010716474721967148,0.9146441593895078,12,12,11
stratified_equal,35,154,0.00046157401847112634,0.9860139860139862,0.9393939393939392,0.00856754859198041,0.9380042971864443,12,12,11
stratified_equal,35,155,0.002335824995457665,0.965034965034965,0.8787878787878787,0.0021739918120599945,0.976639794236589,12,12,11
stratified_equal,35,156,0.005666610926851501,0.9720279720279721,0.909090909090909,0.012232200158147124,0.9724980613612976,12,12,11
stratified_equal,35,157,0.0015276038346529167,0.9790209790209792,0.9393939393939392,0.011058837746148353,0.9596427573334704,12,12,11
stratified_equal,35,158,0.0035061825001616764,0.9790209790209792,0.9393939393939392,0.014028190363228247,0.9456014508286724,12,12,11
stratified_equal,35,159,0.0019350723539755413,0.9807370556736849,0.9313248452425005,0.0037013614682175297,0.9177322324771992,12,12,11
stratified_equal,35,160,0.0007874098847325254,0.965034965034965,0.8787878787878787,0.00140081815631058,0.9525656877277439,12,12,11
stratified_equal,35,161,0.0035611253283567845,0.9930069930069931,0.9696969696969696,0.005503192913988368,0.9408214642341447,12,12,11
stratified_equal,35,162,0.0028247524813456407,0.965034965034965,0.8787878787878787,0.003471066090194878,0.8983168563008874,12,12,11
stratified_equal,35,163,0.0006222919226540776,0.9860139860139862,0.9393939393939392,0.004493780609121517,0.9772344233319931,12,12,11
stratified_equal,35,164,0.0027036350982221776,0.9440559440559443,0.8484848484848484,0.005368091903887358,0.8915258005508612,12,12,11
stratified_equal,35,165,0.0027124931095117966,0.9510489510489512,0.8787878787878787,0.008688837235996326,0.9460137516119071,12,12,11
stratified_equal,35,166,0.0012755268336397437,0.9720279720279721,0.8787878787878787,0.009016252805836142,0.9320234576792829,12,12,11
stratified_equal,35,167,0.002191723099380084,0.9930069930069931,0.9696969696969696,0.005225708473625139,0.9619655447857279,12,12,11
stratified_equal,35,168,0.0020469264573190044,0.9440559440559443,0.8181818181818181,0.0037961604683195587,0.9072468186652248,12,12,11
stratified_equal,35,169,0.0005234064110026083,1.0,0.9999999999999998,0.009188263314967858,0.9044961424970482,12,12,11
stratified_equal,35,170,0.002035578939588511,0.9930069930069931,0.9696969696969696,0.008071055887154371,0.9759673830038258,12,12,11
stratified_equal,35,171,0.0009475488339292249,0.9580419580419581,0.8787878787878787,0.0021381918936843186,0.9624503962654352,12,12,11
stratified_equal,35,172,0.0023882204217132775,0.9720279720279721,0.909090909090909,0.008842979670441793,0.9194988288310153,12,12,11
stratified_equal,35,173,0.00184568170409857,0.9160839160839163,0.7878787878787877,0.008121420645852464,0.9625866668463451,12,12,11
stratified_equal,35,174,0.0018254182795798266,0.9370629370629372,0.8181818181818181,0.0032855237985919823,0.8984722506599622,12,12,11
stratified_equal,35,175,0.0007743833975419032,0.9930069930069931,0.9696969696969696,0.0033496754157739,0.9718898282533566,12,12,11
stratified_equal,35,176,0.001399133723204082,0.9720279720279721,0.909090909090909,0.006410102923171107,0.9302192343403307,12,12,11
stratified_equal,35,177,0.004250023866495445,0.9720279720279721,0.909090909090909,0.017659516248342003,0.9690728355325032,12,12,11
stratified_equal,35,178,0.00412960122935548,0.9300699300699302,0.8181818181818181,0.00591565082644628,0.8923828174731007,12,12,11
stratified_equal,35,179,0.002088205947838619,1.0,0.9999999999999998,0.004840811524334249,0.9455704466424942,12,12,11
stratified_equal,35,180,0.0006746873489096852,0.9720279720279721,0.909090909090909,0.002385207504336291,0.9660888857098783,12,12,11
stratified_equal,35,181,0.010331077564570414,0.9702291586486097,0.9007896044148774,0.010490706943169066,0.9560805340122464,12,12,11
stratified_equal,35,182,0.003633263119643512,0.9510489510489512,0.8484848484848484,0.006062459825528007,0.9191925759663716,12,12,11
stratified_equal,35,183,0.0045555963082380985,0.9790209790209792,0.9393939393939392,0.011939576956433015,0.9514427083874705,12,12,11
stratified_equal,35,184,0.002633928917877696,0.9860139860139862,0.9393939393939392,0.004756470640750943,0.970720739930353,12,12,11
stratified_equal,35,185,0.000750356765612537,0.9580419580419581,0.8787878787878787,0.004055202912968062,0.9631613875213022,12,12,11
stratified_equal,35,186,0.0008768005346094961,0.9720279720279721,0.909090909090909,0.002982723063973064,0.9719385771918058,12,12,11
stratified_equal,35,187,0.002593459964338834,0.9632238939652261,0.8702543635872545,0.003574652458932764,0.8587646043454722,12,12,11
stratified_equal,35,188,0.0018691872765403139,0.965034965034965,0.8787878787878787,0.0070936683756759504,0.9631439595734421,12,12,11
stratified_equal,35,189,0.0032697951792758774,0.965034965034965,0.8787878787878787,0.006917245051525356,0.967818547974104,12,12,11
stratified_equal,35,190,0.003693879706703866,0.9790209790209792,0.9393939393939392,0.005302065478012448,0.9636913799934188,12,12,11
stratified_equal,35,191,0.010288234895587934,0.9860139860139862,0.9393939393939392,0.012077547571676358,0.9590800391489226,12,12,11
stratified_equal,35,192,0.00025060282148169365,0.9877423203570683,0.9618600860701234,0.007582547061524334,0.9496863360785911,12,12,11
stratified_equal,35,193,0.0016171681710257697,0.9930069930069931,0.9696969696969696,0.004152629196000407,0.9706745310613559,12,12,11
stratified_equal,35,194,0.003443307988654948,0.965034965034965,0.8787878787878787,0.00656108241505969,0.9765090109907663,12,12,11
stratified_equal,35,195,0.002186628295501086,0.9580419580419581,0.8787878787878787,0.0042009661003979204,0.9201278114831669,12,12,11
stratified_equal,35,196,0.0011075719921286719,0.9737317909903013,0.9007896044148774,0.002032871008060401,0.9700171806679722,12,12,11
stratified_equal,35,197,0.00189379286345593,0.9684270140350553,0.8924133096001623,0.004157335348433835,0.9334651787310565,12,12,11
stratified_equal,35,198,0.0007245353732257963,0.9930069930069931,0.9696969696969696,0.007243997423732269,0.9198061630062851,12,12,11
stratified_equal,35,199,0.0004268367192961373,0.9543918399186052,0.8616404368553291,0.0034542055657585933,0.9500202643118875,12,12,11
stratified_equal,40,0,0.0023142372114078728,0.9702291586486097,0.9007896044148774,0.002923674071316013,0.9608616241615721,14,13,13
stratified_equal,40,1,0.0011069677078617763,0.9702291586486097,0.9007896044148774,0.004539465687107629,0.921547788234825,14,13,13
stratified_equal,40,2,0.0016596272823298649,0.9720279720279721,0.909090909090909,0.0044844568985823565,0.9655436054708657,14,13,13
stratified_equal,40,3,0.001499565225592273,0.9737317909903013,0.9007896044148774,0.0025706448254296244,0.9655410755089812,14,13,13
stratified_equal,40,4,0.0014780669986419186,0.9860139860139862,0.9393939393939392,0.003734646981190021,0.9438135480343101,14,13,13
stratified_equal,40,5,0.0005334748000603615,0.9720279720279721,0.909090909090909,0.007826432281766528,0.9677650817956804,14,13,13
stratified_equal,40,6,0.0012972602610532658,0.9440559440559443,0.8484848484848484,0.003176532019228906,0.9385803034921797,14,13,13
stratified_equal,40,7,0.0020223932397766676,0.9737317909903013,0.9313248452425005,0.018339440640928736,0.9695175755923678,14,13,13
stratified_equal,40,8,0.0011590067149539755,0.9930069930069931,0.9696969696969696,0.0031608222507718826,0.9072163153681014,14,13,13
stratified_equal,40,9,0.0014285545872944007,0.9720279720279721,0.909090909090909,0.005029178863633992,0.9646713811152093,14,13,13
stratified_equal,40,10,0.0056343613248830485,0.965034965034965,0.8787878787878787,0.006588245356766417,0.8934431295500983,14,13,13
stratified_equal,40,11,0.0036824109702731267,1.0,0.9999999999999998,0.006150468339319072,0.9690322901334731,14,13,13
stratified_equal,40,12,0.0005150350837483015,0.99124495269876,0.9618600860701234,0.005230752523998861,0.9754488057798435,14,13,13
stratified_equal,40,13,0.0005131733816206429,0.9860139860139862,0.9393939393939392,0.0027190065369781477,0.948494697439866,14,13,13
stratified_equal,40,14,0.004006879055379507,0.9860139860139862,0.9393939393939392,0.007064523047329824,0.9854072321292738,14,13,13
stratified_equal,40,15,0.0009491662894220613,0.965034965034965,0.8787878787878787,0.002236769197597952,0.9653365991468924,14,13,13
stratified_equal,40,16,0.004089813452542631,0.9580419580419581,0.8787878787878787,0.006594722701155853,0.9489974029361022,14,13,13
stratified_equal,40,17,0.0013914535234646117,0.9720279720279721,0.909090909090909,0.003769688150846577,0.952025528164782,14,13,13
stratified_equal,40,18,0.0009528453674362488,0.9860139860139862,0.9393939393939392,0.0031008567787184998,0.9306868305249426,14,13,13
stratified_equal,40,19,0.0026074552965142574,0.9580419580419581,0.8787878787878787,0.005997965063189423,0.9227777714400826,14,13,13
stratified_equal,40,20,0.001358696431266032,0.9790209790209792,0.9393939393939392,0.01586451589127871,0.9273937146865036,14,13,13
stratified_equal,40,21,0.0017000084880036247,0.9772344233319931,0.9313248452425005,0.010750673181282151,0.9336063960224624,14,13,13
stratified_equal,40,22,0.0016606467858759596,0.9422080999150758,0.8397191227596315,0.0023910558958406963,0.931967714332456,14,13,13
stratified_equal,40,23,0.0004908772823298625,0.965034965034965,0.8787878787878787,0.011673160848275313,0.9179940611167677,14,13,13
stratified_equal,40,24,0.0006989889844575226,1.0,0.9999999999999998,0.00303861814230404,0.9719656379294825,14,13,13
stratified_equal,40,25,0.0019058595518334075,0.9860139860139862,0.9393939393939392,0.002559890622367729,0.9676533937628289,14,13,13
stratified_equal,40,26,0.00208626735325185,0.9580419580419581,0.909090909090909,0.0033613504567945964,0.9439608813339341,14,13,13
stratified_equal,40,27,0.0005273577787837632,0.9720279720279721,0.909090909090909,0.0035057897578273044,0.9719476475521708,14,13,13
stratified_equal,40,28,0.0008735013958050394,1.0,0.9999999999999998,0.0012227478099501915,0.9853606563242961,14,13,13
stratified_equal,40,29,0.0007836077787837624,1.0,0.9999999999999998,0.002208203136064858,0.976022818372473,14,13,13
stratified_equal,40,30,0.0018953985589256076,0.9440559440559443,0.8484848484848484,0.003821213955119633,0.9484067840137289,14,13,13
stratified_equal,40,31,0.0009327655802022025,0.9720279720279721,0.909090909090909,0.0021275935746860666,0.9735887943285088,14,13,13
stratified_equal,40,32,0.0009529340199185148,0.9790209790209792,0.909090909090909,0.004068464466106409,0.9695771473820728,14,13,13
stratified_equal,40,33,0.0007223489135355352,0.9720279720279721,0.909090909090909,0.0016368483614133801,0.9683932003995256,14,13,13
stratified_equal,40,34,0.0015852035234646125,0.9860139860139862,0.9393939393939392,0.0017958546989911457,0.9482579011403068,14,13,13
stratified_equal,40,35,0.0005551060057341155,0.9720279720279721,0.909090909090909,0.004373992068337304,0.9707359492629247,14,13,13
stratified_equal,40,36,0.0023050616794929825,0.9510489510489512,0.8484848484848484,0.005767961753515784,0.9395842453179356,14,13,13
stratified_equal,40,37,0.0005660102610532657,0.9842396880153765,0.9313248452425005,0.0017438480975339938,0.9719353359769816,14,13,13
stratified_equal,40,38,0.0011396361475780887,0.9790209790209792,0.9393939393939392,0.0032939460459835922,0.8886686456734271,14,13,13
stratified_equal,40,39,0.0042865776369397915,0.9702291586486097,0.9007896044148774,0.008022314645231314,0.9542218475095502,14,13,13
stratified_equal,40,40,0.00028635600573411797,0.9720279720279721,0.909090909090909,0.010717494821180722,0.9608888057374317,14,13,13
stratified_equal,40,41,0.0017288205447412112,0.9790209790209792,0.9393939393939392,0.014262828404975841,0.959063041558038,14,13,13
stratified_equal,40,42,0.003134272672400781,0.9720279720279721,0.909090909090909,0.0037910735623418765,0.959092350724112,14,13,13
stratified_equal,40,43,0.006070176927719936,0.965034965034965,0.8787878787878787,0.008514201472282974,0.8909075715259652,14,13,13
stratified_equal,40,44,0.003621506714953973,0.9720279720279721,0.909090909090909,0.003351591392090476,0.9435613359743589,14,13,13
stratified_equal,40,45,0.00720497302701071,0.9597212616235344,0.8702543635872545,0.007037451929599366,0.9520460474567641,14,13,13
stratified_equal,40,46,0.0025696450128263127,0.9790209790209792,0.9393939393939392,0.0034734880139871,0.9660598664886836,14,13,13
stratified_equal,40,47,0.0004468613248830529,0.9790209790209792,0.909090909090909,0.0026678754336492447,0.9690241183398888,14,13,13
stratified_equal,40,48,0.003058430473819223,0.9930069930069931,0.9696969696969696,0.0037040638077497057,0.9842309188293279,14,13,13
stratified_equal,40,49,0.0008802389844575234,0.9860139860139862,0.9393939393939392,0.0035137352108276995,0.9531925538977392,14,13,13
stratified_equal,40,50,0.003578554587294402,0.9930069930069931,0.9696969696969696,0.005127910006321179,0.9080820441305818,14,13,13
stratified_equal,40,51,0.004679574090840495,0.9702291586486097,0.9007896044148774,0.010698049370416586,0.9719635914001049,14,13,13
stratified_equal,40,52,0.0010024907575071653,0.9860139860139862,0.9393939393939392,0.0033079182357799563,0.9700960143733263,14,13,13
stratified_equal,40,53,0.0018263382752376621,0.9860139860139862,0.9393939393939392,0.002946098228355555,0.9701960911515143,14,13,13
stratified_equal,40,54,0.002967029764599363,0.965034965034965,0.8787878787878787,0.005227243822687963,0.9813105888178116,14,13,13
stratified_equal,40,55,0.009170620190131271,0.9632238939652261,0.8702543635872545,0.010394766979222106,0.95615575789062,14,13,13
stratified_equal,40,56,0.000923102459634828,1.0,0.9999999999999998,0.002538191015503286,0.9859991625519099,14,13,13
stratified_equal,40,57,0.0013700882752376642,0.9860139860139862,0.9393939393939392,0.004049194562221117,0.976611723117539,14,13,13
stratified_equal,40,58,0.0067571450128263155,0.9702291586486097,0.9007896044148774,0.011484992484282778,0.9313518065085784,14,13,13
stratified_equal,40,59,0.0011331645163724132,0.9510489510489512,0.8484848484848484,0.0016319565295984714,0.9626032709515838,14,13,13
stratified_equal,40,60,0.002751382601478798,0.9982502173821435,0.9923953268977463,0.005053632432043604,0.9500474624173836,14,13,13
stratified_equal,40,61,0.0034309038780745483,1.0,0.9999999999999998,0.012514365837831956,0.9818907861622979,14,13,13
stratified_equal,40,62,0.0018590510411951088,0.9841964563824335,0.9459922805717786,0.002698787338187522,0.9479870955729498,14,13,13
stratified_equal,40,63,0.003540965934812131,0.9720279720279721,0.909090909090909,0.009233964920068395,0.969633561185896,14,13,13
stratified_equal,40,64,0.0011347159348121302,0.9510489510489512,0.8484848484848484,0.0019982233519092504,0.9391579197615338,14,13,13
stratified_equal,40,65,0.0011998755092802152,0.9790209790209792,0.9393939393939392,0.006800259024824041,0.9754784867217526,14,13,13
stratified_equal,40,66,0.0020184925305568144,0.9720279720279721,0.909090909090909,0.005415557543968714,0.9689784773044844,14,13,13
stratified_equal,40,67,0.0009663648709823445,0.9860139860139862,0.9393939393939392,0.002509290632207298,0.9706993390545845,14,13,13
stratified_equal,40,68,0.0010035989135355368,0.9860139860139862,0.9393939393939392,0.005276233701348171,0.9655051046532194,14,13,13
stratified_equal,40,69,0.0019597602610532663,0.9860139860139862,0.9393939393939392,0.0031233055346837416,0.945627810917406,14,13,13
stratified_equal,40,70,0.0005318790553795089,0.9930069930069931,0.9696969696969696,0.0030110964169801154,0.983643365953086,14,13,13
stratified_equal,40,71,0.001484316998641917,0.9580419580419581,0.8787878787878787,0.0025241360838659365,0.981876797193892,14,13,13
stratified_equal,40,72,0.0019412762185000744,0.9860139860139862,0.9393939393939392,0.005056674871899233,0.9784110825918789,14,13,13
stratified_equal,40,73,0.0033235900482873107,0.9790209790209792,0.9393939393939392,0.004305687560472359,0.9164849672231603,14,13,13
stratified_equal,40,74,0.002024831183039084,0.9877423203570683,0.9618600860701234,0.0025150311269587825,0.9520285252116653,14,13,13
stratified_equal,40,75,0.0014918524596348288,0.9860139860139862,0.9393939393939392,0.00772660648688579,0.948368524078866,14,13,13
stratified_equal,40,76,0.00120532763693979,0.9772344233319931,0.9313248452425005,0.004117880353434383,0.9748675985985654,14,13,13
stratified_equal,40,77,0.004954441112117096,0.9440559440559443,0.8484848484848484,0.005189242955016765,0.9578753425099641,14,13,13
stratified_equal,40,78,0.0010086521050248975,0.9440559440559443,0.8484848484848484,0.002476291173383662,0.9777461028018979,14,13,13
stratified_equal,40,79,0.004697703523464609,0.9790209790209792,0.909090909090909,0.008999913968984483,0.964947937664031,14,13,13
stratified_equal,40,80,0.0020451769277199327,0.965034965034965,0.909090909090909,0.0040588898933450225,0.9660421225927921,14,13,13
stratified_equal,40,81,0.0012474375660178046,1.0,0.9999999999999998,0.003034344638030536,0.9824036609848523,14,13,13
stratified_equal,40,82,0.002179751395805037,0.9720279720279721,0.909090909090909,0.006262619314107408,0.9688935181765391,14,13,13
stratified_equal,40,83,0.0007730581333936919,0.9930069930069931,0.9696969696969696,0.0018985999390990227,0.9365905832292816,14,13,13
stratified_equal,40,84,0.0006121095518334082,0.9860139860139862,0.9393939393939392,0.0019157051375229023,0.9537763169549774,14,13,13
stratified_equal,40,85,0.0014891485589256048,0.9720279720279721,0.909090909090909,0.005407797701044041,0.9558538077930302,14,13,13
stratified_equal,40,86,0.0031914091972234833,0.965034965034965,0.8787878787878787,0.007302358878572247,0.9729807814765259,14,13,13
stratified_equal,40,87,0.001998324090840497,0.9930069930069931,0.9696969696969696,0.00514328433488232,0.9795633593720797,14,13,13
stratified_equal,40,88,0.0031474375660178054,0.9930069930069931,0.9696969696969696,0.0029660535477614228,0.9631031334105141,14,13,13
stratified_equal,40,89,0.0020469943036064593,0.9720279720279721,0.909090909090909,0.0023347791445089985,0.9161672772882706,14,13,13
stratified_equal,40,90,0.0011462850837483014,0.965034965034965,0.8787878787878787,0.0025089395384496112,0.9619806653270452,14,13,13
stratified_equal,40,91,0.0005258506865851813,0.9720279720279721,0.909090909090909,0.011699996039945678,0.9409817032560759,14,13,13
stratified_equal,40,92,0.0010681379206277349,0.9422080999150758,0.8397191227596315,0.004498726511753068,0.9349055711605755,14,13,13
stratified_equal,40,93,0.0003730138071525557,0.9370629370629372,0.8484848484848484,0.0033941721324734133,0.9700836483660421,14,13,13
stratified_equal,40,94,0.001167916289422059,0.9457107322567676,0.8397191227596315,0.005924336006043882,0.9549889298995348,14,13,13
stratified_equal,40,95,0.004597393239776677,0.9930069930069931,0.9696969696969696,0.009865803980478888,0.955424480881163,14,13,13
stratified_equal,40,96,0.0015016928851667394,0.9720279720279721,0.909090909090909,0.0017620691926781668,0.9407022816449349,14,13,13
stratified_equal,40,97,0.0033321893390674475,0.9930069930069931,0.9696969696969696,0.0031211262934935104,0.9602804404141656,14,13,13
stratified_equal,40,98,0.0007189801192092948,0.9720279720279721,0.909090909090909,0.00225811659257172,0.9508708420523885,14,13,13
stratified_equal,40,99,0.001240301041195112,0.9930069930069931,0.9696969696969696,0.002447603235355066,0.9696315380525907,14,13,13
stratified_equal,40,100,0.002816143239776671,0.9772344233319931,0.9313248452425005,0.0034364800484077036,0.9707471292040339,14,13,13
stratified_equal,40,101,0.0023801946582163837,0.9720279720279721,0.909090909090909,0.00959480432486385,0.9713422727531573,14,13,13
stratified_equal,40,102,0.0022387496227553906,0.9720279720279721,0.909090909090909,0.006771766760068039,0.983652283794337,14,13,13
stratified_equal,40,103,0.0013063028142447552,0.9580419580419581,0.8787878787878787,0.01070400790110039,0.9614270429637432,14,13,13
stratified_equal,40,104,0.0017366219631809246,0.9720279720279721,0.909090909090909,0.0032502728896730716,0.9630890259105094,14,13,13
stratified_equal,40,105,0.0010677389844575217,0.9860139860139862,0.9393939393939392,0.001980943724739512,0.9449930412942834,14,13,13
stratified_equal,40,106,0.000702934019918515,0.9860139860139862,0.9393939393939392,0.0060443709365183736,0.9701401189331288,14,13,13
stratified_equal,40,107,0.006881125509280221,0.9860139860139862,0.9393939393939392,0.0100261744402999,0.9607563460622268,14,13,13
stratified_equal,40,108,0.001449432246868868,0.9720279720279721,0.909090909090909,0.0019404404754450554,0.9268216909702022,14,13,13
stratified_equal,40,109,0.002770265580202207,0.9842396880153765,0.9313248452425005,0.0053725899295725315,0.9489864941984684,14,13,13
stratified_equal,40,110,0.0008438028142447549,0.9860139860139862,0.9393939393939392,0.004372238835814845,0.9783414319370326,14,13,13
stratified_equal,40,111,0.007813660970273124,0.99124495269876,0.9618600860701234,0.01060878098719216,0.9360473469036231,14,13,13
stratified_equal,40,112,0.0024547070695639015,0.9580419580419581,0.8787878787878787,0.003162346266032165,0.9783450467554622,14,13,13
stratified_equal,40,113,0.0017511609702731256,0.9790209790209792,0.9393939393939392,0.0033579312061225975,0.8973404952180402,14,13,13
stratified_equal,40,114,0.0014042194809114174,0.9720279720279721,0.909090909090909,0.003548158052942852,0.9830618878553751,14,13,13
stratified_equal,40,115,0.0006755404028972357,0.9720279720279721,0.909090909090909,0.002379192504856424,0.9432684002030145,14,13,13
stratified_equal,40,116,0.000868315225592275,0.9877423203570683,0.9618600860701234,0.0023333870689410973,0.9524481615875482,14,13,13
stratified_equal,40,117,0.0022808152255922747,0.9510489510489512,0.8787878787878787,0.007449189866062578,0.9519400596457785,14,13,13
stratified_equal,40,118,0.005277091821336957,0.9860139860139862,0.9393939393939392,0.006647404654936705,0.9801409891401902,14,13,13
stratified_equal,40,119,0.0003316574241738332,0.9790209790209792,0.9393939393939392,0.004473598709152739,0.9888903944370032,14,13,13
stratified_equal,40,120,0.003215965934812127,0.9597212616235344,0.8702543635872545,0.00956501838024274,0.9486452697794038,14,13,13
stratified_equal,40,121,0.0006072336653085846,0.9510489510489512,0.8484848484848484,0.0028167872666270085,0.9660770961155132,14,13,13
stratified_equal,40,122,0.0007123755092802167,0.9807370556736849,0.9313248452425005,0.002392785647570446,0.9612596460015922,14,13,13
stratified_equal,40,123,0.0007591396936773785,0.9370629370629372,0.8484848484848484,0.009487073329770218,0.9549930337579311,14,13,13
stratified_equal,40,124,0.006265123736230566,0.9720279720279721,0.909090909090909,0.009544604626312505,0.9637625982765364,14,13,13
stratified_equal,40,125,0.0021728365021880178,0.965034965034965,0.8787878787878787,0.008168905234129593,0.9503515843111172,14,13,13
stratified_equal,40,126,0.0020752301192092913,0.9807370556736849,0.9313248452425005,0.002536782167940593,0.9368243183937949,14,13,13
stratified_equal,40,127,0.0006019145163724148,0.9860139860139862,0.9393939393939392,0.001963516504015587,0.9836533582447206,14,13,13
stratified_equal,40,128,0.001980859551833405,0.9930069930069931,0.9696969696969696,0.0049746687624205935,0.9676714024881186,14,13,13
stratified_equal,40,129,0.004015434019918514,0.9720279720279721,0.909090909090909,0.006774704095422961,0.9514288974251058,14,13,13
stratified_equal,40,130,0.000536976573110006,0.9720279720279721,0.909090909090909,0.0022465148447062353,0.9584643885422558,14,13,13
stratified_equal,40,131,0.0027211077787837623,0.9807370556736849,0.9313248452425005,0.003295323585822671,0.9702346856195777,14,13,13
stratified_equal,40,132,0.002202402105024898,0.9772344233319931,0.9313248452425005,0.005859627413862764,0.9573339806306772,14,13,13
stratified_equal,40,133,0.00325541628942206,0.9930069930069931,0.9696969696969696,0.005724180138305595,0.9589595647813148,14,13,13
stratified_equal,40,134,0.0017295740908404985,0.9930069930069931,0.9696969696969696,0.00281500943517885,0.9766540960332685,14,13,13
stratified_equal,40,135,0.0013647691263014943,0.9860139860139862,0.9393939393939392,0.0033791052904834948,0.9432000810061844,14,13,13
stratified_equal,40,136,0.0009946893390674518,0.9790209790209792,0.9393939393939392,0.004938825891412889,0.9079244891708534,14,13,13
stratified_equal,40,137,0.0015215067149539768,0.965034965034965,0.8787878787878787,0.006044176381378763,0.9438917789190283,14,13,13
stratified_equal,40,138,0.003693891466727021,0.9580419580419581,0.8787878787878787,0.011982145717699746,0.9607442637693695,14,13,13
stratified_equal,40,139,0.0007008506865851819,0.965034965034965,0.8787878787878787,0.0036766773765171206,0.971364959057111,14,13,13
stratified_equal,40,140,0.003939414516372415,0.9333390787439302,0.8308675641104959,0.007931511065416742,0.9666382969512816,14,13,13
stratified_equal,40,141,0.0007909216085709953,0.9510489510489512,0.8484848484848484,0.0026184237660657073,0.97837275358898,14,13,13
stratified_equal,40,142,0.0010711521050248978,0.9580419580419581,0.8787878787878787,0.004556187365917217,0.9448480894995201,14,13,13
stratified_equal,40,143,0.0010407886298475929,0.9492133645984593,0.8702543635872545,0.0029589265681069705,0.9742857274616809,14,13,13
stratified_equal,40,144,0.000596994303606458,0.9790209790209792,0.9393939393939392,0.004305201172623335,0.9883255812296872,14,13,13
stratified_equal,40,145,0.0011878187716915644,0.9930069930069931,0.9696969696969696,0.00239787091639198,0.9806491134590246,14,13,13
stratified_equal,40,146,0.002190877282329862,0.965034965034965,0.8787878787878787,0.007884627749302656,0.8781711166931423,14,13,13
stratified_equal,40,147,0.0015980138071525546,0.9702291586486097,0.9007896044148774,0.0032194359000448755,0.9519818889239899,14,13,13
stratified_equal,40,148,0.0011549287007695784,0.9930069930069931,0.9696969696969696,0.01013695346591409,0.9311590271846644,14,13,13
stratified_equal,40,149,0.0017909216085709972,0.9667265263069179,0.9007896044148774,0.002621866497530418,0.96489707250941,14,13,13
stratified_equal,40,150,0.001625407424173832,0.9720279720279721,0.909090909090909,0.0021746938085994857,0.9611225219571221,14,13,13
stratified_equal,40,151,0.0032262052965142574,0.9580419580419581,0.8787878787878787,0.0035439561091804676,0.957190475539201,14,13,13
stratified_equal,40,152,0.000400407424173833,0.9790209790209792,0.909090909090909,0.0031383947393333854,0.9532981638244796,14,13,13
stratified_equal,40,153,0.0018865776369397912,0.9562186292818428,0.8702543635872545,0.0043473659675353805,0.9690891736661736,14,13,13
stratified_equal,40,154,0.003691586502188017,0.9510489510489512,0.8484848484848484,0.0031803101905894943,0.9677235826264209,14,13,13
stratified_equal,40,155,0.0004804162894220617,0.9772344233319931,0.9313248452425005,0.0028484304301383038,0.9241108036455051,14,13,13
stratified_equal,40,156,0.002691630828429152,0.9440559440559443,0.8484848484848484,0.012581292805857824,0.8753011405902326,14,13,13
stratified_equal,40,157,0.0020784659348121307,0.9510489510489512,0.8484848484848484,0.004230246009756082,0.9429023866201148,14,13,13
stratified_equal,40,158,0.005827579409989437,0.9457107322567676,0.8397191227596315,0.008436311210326779,0.9122196930140234,14,13,13
stratified_equal,40,159,0.0016598489135355359,0.965034965034965,0.909090909090909,0.0032001917132182707,0.9731034038731879,14,13,13
stratified_equal,40,160,0.0004444233816206424,1.0,0.9999999999999998,0.0018220760356520435,0.911115135778434,14,13,13
stratified_equal,40,161,0.0013103365021880174,0.9720279720279721,0.909090909090909,0.004252347026362595,0.9603412955672826,14,13,13
stratified_equal,40,162,0.0013832088426135503,0.9930069930069931,0.9696969696969696,0.00260571842094278,0.96252440756697,14,13,13
stratified_equal,40,163,0.0007866219631809264,0.9930069930069931,0.9696969696969696,0.0012250232105772399,0.9613617772175637,14,13,13
stratified_equal,40,164,0.0017726591972234776,0.9860139860139862,0.9393939393939392,0.006600504566827824,0.9923846647662922,14,13,13
stratified_equal,40,165,0.002932189339067448,0.9930069930069931,0.9696969696969696,0.006183812183102475,0.9707867507195003,14,13,13
stratified_equal,40,166,0.000900895012826316,0.9790209790209792,0.909090909090909,0.006413402901704181,0.9271034600508187,14,13,13
stratified_equal,40,167,0.0018254960766561036,0.9790209790209792,0.9393939393939392,0.007161487539898713,0.9618276674029955,14,13,13
stratified_equal,40,168,0.0005700439489965293,0.9860139860139862,0.9393939393939392,0.004830209334994131,0.9859801951743359,14,13,13
stratified_equal,40,169,0.0009720829560887269,0.9720279720279721,0.909090909090909,0.002789179445063143,0.9589260735742612,14,13,13
stratified_equal,40,170,0.00184402444545043,0.9580419580419581,0.8484848484848484,0.007179140623485861,0.9439670766951762,14,13,13
stratified_equal,40,171,0.0013692460766561033,0.9702291586486097,0.9007896044148774,0.0033859370830295736,0.9224163489578658,14,13,13
stratified_equal,40,172,0.003597348913535535,0.9860139860139862,0.9393939393939392,0.00915464568415576,0.9391661274783266,14,13,13
stratified_equal,40,173,0.0017019588426135507,0.9440559440559443,0.8484848484848484,0.005750309788061619,0.9578796641678539,14,13,13
stratified_equal,40,174,0.00028467160857099683,0.9754446010932804,0.9231861823449954,0.006563031457926148,0.9455697180201353,14,13,13
stratified_equal,40,175,0.005076382601478792,0.9510489510489512,0.8484848484848484,0.005177581946103008,0.9011868661694488,14,13,13
stratified_equal,40,176,0.006670974800060355,0.9720279720279721,0.909090909090909,0.008646891431896012,0.9607856311157188,14,13,13
stratified_equal,40,177,0.0026385279915497172,0.9720279720279721,0.909090909090909,0.0062712121661068565,0.9643246856949323,14,13,13
stratified_equal,40,178,0.0012370652255922713,0.9580419580419581,0.8787878787878787,0.0023566576526512424,0.972528388512965,14,13,13
stratified_equal,40,179,0.003335912743322768,0.9930069930069931,0.9696969696969696,0.0036144320313047395,0.9706124032941935,14,13,13
stratified_equal,40,180,0.0008718613248830521,0.9510489510489512,0.8484848484848484,0.002045236371449742,0.9671973856580403,14,13,13
stratified_equal,40,181,0.0014833861475780886,0.9300699300699302,0.8181818181818181,0.008418430027610427,0.9275058638650292,14,13,13
stratified_equal,40,182,0.0010223045872944036,0.9790209790209792,0.9393939393939392,0.0037606525181845683,0.963698123763243,14,13,13
stratified_equal,40,183,0.0011492549419043325,0.9860139860139862,0.9393939393939392,0.0029096817551258944,0.9473785943424337,14,13,13
stratified_equal,40,184,0.0006279783461596507,0.9720279720279721,0.909090909090909,0.004006930253473292,0.9396459238385125,14,13,13
stratified_equal,40,185,0.00035874075750716715,0.9860139860139862,0.9393939393939392,0.007102028582088102,0.9579622132190777,14,13,13
stratified_equal,40,186,0.0037481024596348264,0.9562186292818428,0.9007896044148774,0.005600246278108002,0.9268186448162821,14,13,13
stratified_equal,40,187,0.0014508063603440452,0.9720279720279721,0.909090909090909,0.0025646717590169974,0.9411764753661215,14,13,13
stratified_equal,40,188,0.004958519126301493,0.9807370556736849,0.9313248452425005,0.01278999456401013,0.9824744781967015,14,13,13
stratified_equal,40,189,0.0009122425305568117,0.9790209790209792,0.9393939393939392,0.0061100433593336495,0.9555650952320417,14,13,13
stratified_equal,40,190,0.0015486343745284429,0.9720279720279721,0.909090909090909,0.008239836236379278,0.948971108325959,14,13,13
stratified_equal,40,191,0.003016276218500072,0.9790209790209792,0.9393939393939392,0.00560797593144205,0.9392293790940522,14,13,13
stratified_equal,40,192,0.0013973489135355361,0.9370629370629372,0.8484848484848484,0.002601056924523041,0.9754577121291302,14,13,13
stratified_equal,40,193,0.0012210634525426283,0.99124495269876,0.9618600860701234,0.002615986236155649,0.918378671417647,14,13,13
stratified_equal,40,194,0.0007928276369397928,0.9930069930069931,0.9696969696969696,0.004804587317613873,0.9592919870542927,14,13,13
stratified_equal,40,195,0.0014416308284291525,0.9772344233319931,0.9313248452425005,0.0036380414093097244,0.9265428578894718,14,13,13
stratified_equal,40,196,0.0012209304738192216,0.965034965034965,0.909090909090909,0.002240363995148795,0.9637744103678033,14,13,13
stratified_equal,40,197,0.004685026218500076,0.9930069930069931,0.9696969696969696,0.008226155879292327,0.9584444680388541,14,13,13
stratified_equal,40,198,0.002975318771691568,0.9580419580419581,0.8484848484848484,0.0037326444050116217,0.9496521375571702,14,13,13
stratified_equal,40,199,0.0008664091972234786,0.9527159969401509,0.8702543635872545,0.0022345877201417484,0.9742842406016253,14,13,13
stratified_equal,45,0,0.002410231432579403,0.9370629370629372,0.8484848484848484,0.003353009259259259,0.9473992921668515,15,15,15
stratified_equal,45,1,0.0008436085449163266,0.9930069930069931,0.9696969696969696,0.0023320216049382714,0.9490360292947374,15,15,15
stratified_equal,45,2,0.0013824054978976757,0.9790209790209792,0.909090909090909,0.002145601851851852,0.9795746072933719,15,15,15
stratified_equal,45,3,0.0003588173707634492,0.9790209790209792,0.9393939393939392,0.0012307870370370365,0.9577384269837275,15,15,15
stratified_equal,45,4,0.0020892788014612875,0.965034965034965,0.8787878787878787,0.0025604166666666657,0.9280302197832508,15,15,15
stratified_equal,45,5,0.006209863688949248,0.9720279720279721,0.909090909090909,0.008545601851851851,0.9777348508111045,15,15,15
stratified_equal,45,6,0.001055849154320055,0.9860139860139862,0.9393939393939392,0.0026480709876543188,0.9830403084747407,15,15,15
stratified_equal,45,7,0.003985435004946098,0.9720279720279721,0.909090909090909,0.005754243827160493,0.9806955041086093,15,15,15
stratified_equal,45,8,0.001515983993651111,0.9702291586486097,0.9007896044148774,0.004464120370370372,0.9472223790072184,15,15,15
stratified_equal,45,9,0.0014107392690210433,0.9860139860139862,0.9393939393939392,0.0022332561728395065,0.9060517770067881,15,15,15
stratified_equal,45,10,0.002116001505252547,0.9440559440559443,0.8787878787878787,0.002893749999999999,0.9777557887730993,15,15,15
stratified_equal,45,11,0.0003494661755966513,0.9930069930069931,0.9696969696969696,0.0022604166666666658,0.9854021095398959,15,15,15
stratified_equal,45,12,0.0009701473768925099,0.9580419580419581,0.8787878787878787,0.004776466049382716,0.9654356538517717,15,15,15
stratified_equal,45,13,0.0005091719806925291,0.9562186292818428,0.8702543635872545,0.0040443672839506175,0.967831988764105,15,15,15
stratified_equal,45,14,0.0011874663507126634,0.9930069930069931,0.9696969696969696,0.0035295524691358027,0.9736486878569895,15,15,15
stratified_equal,45,15,0.002936805287758455,0.9580419580419581,0.8787878787878787,0.00251844135802469,0.97081995799914,15,15,15
stratified_equal,45,16,0.0009939281316425298,0.9860139860139862,0.9393939393939392,0.006769058641975307,0.8834471870600343,15,15,15
stratified_equal,45,17,0.001436726485551994,0.9772344233319931,0.9313248452425005,0.0017135030864197523,0.9818994681638578,15,15,15
stratified_equal,45,18,0.0004696307846501499,1.0,0.9999999999999998,0.0039851080246913586,0.9871027157971395,15,15,15
stratified_equal,45,19,0.0022644648622265457,0.9860139860139862,0.9393939393939392,0.003033256172839505,0.9696162239960447,15,15,15
stratified_equal,45,20,0.0016825893697127528,0.9860139860139862,0.9393939393939392,0.00656905864197531,0.9262481605976403,15,15,15
stratified_equal,45,21,0.0023689740995963037,0.9930069930069931,0.9696969696969696,0.005035725308641975,0.978971414693225,15,15,15
stratified_equal,45,22,0.0017671353814455294,0.99124495269876,0.9618600860701234,0.003987577160493828,0.9689805399691686,15,15,15
stratified_equal,45,23,0.0006512611147438374,0.9510489510489512,0.8484848484848484,0.00470979938271605,0.960247729957155,15,15,15
stratified_equal,45,24,0.0011392394003580553,0.99124495269876,0.9618600860701234,0.0026097993827160493,0.9437458392947788,15,15,15
stratified_equal,45,25,0.0010510159523237337,0.9790209790209792,0.9393939393939392,0.002104861111111111,0.9661059032932755,15,15,15
stratified_equal,45,26,0.002016535609096348,0.9720279720279721,0.909090909090909,0.004357947530864197,0.9742406602283351,15,15,15
stratified_equal,45,27,0.0027820727774703897,0.9440559440559443,0.8484848484848484,0.005224614197530866,0.9188499460383128,15,15,15
stratified_equal,45,28,0.000760533507704172,0.9720279720279721,0.909090909090909,0.0019665895061728392,0.9894951269878566,15,15,15
stratified_equal,45,29,0.0008394758069774394,0.965034965034965,0.8787878787878787,0.005504861111111109,0.9794796906426266,15,15,15
stratified_equal,45,30,0.0008792271422370521,0.9580419580419581,0.8787878787878787,0.0030048611111111114,0.9583938697553833,15,15,15
stratified_equal,45,31,0.0013727390939050309,0.9580419580419581,0.8787878787878787,0.0103900462962963,0.9719696931926401,15,15,15
stratified_equal,45,32,0.003909049399482479,0.9720279720279721,0.909090909090909,0.004211033950617284,0.949095296057367,15,15,15
stratified_equal,45,33,0.0008303697742307465,0.965034965034965,0.909090909090909,0.005213503086419751,0.9595838436303192,15,15,15
stratified_equal,45,34,0.000622612134794619,0.9632238939652261,0.9007896044148774,0.005276466049382717,0.9683782652696319,15,15,15
stratified_equal,45,35,0.0036390555285429785,0.9492133645984593,0.8397191227596315,0.005257947530864196,0.9271822789282126,15,15,15
stratified_equal,45,36,0.0012073245067410335,0.9930069930069931,0.9696969696969696,0.0029739969135802475,0.9813131169073125,15,15,15
stratified_equal,45,37,0.00046269619048151296,0.9790209790209792,0.9393939393939392,0.002978935185185182,0.9824694418958025,15,15,15
stratified_equal,45,38,0.0036583883365282634,0.9160839160839163,0.7575757575757575,0.004992515432098766,0.9701953324150229,15,15,15
stratified_equal,45,39,0.004128014463837614,0.965034965034965,0.8787878787878787,0.006050540123456791,0.9409924274470186,15,15,15
stratified_equal,45,40,0.001508769213859498,0.9510489510489512,0.8484848484848484,0.0024110339506172836,0.9456810298289692,15,15,15
stratified_equal,45,41,0.0030307725410637734,0.9930069930069931,0.9696969696969696,0.003314737654320988,0.9725325122431544,15,15,15
stratified_equal,45,42,0.0004457799834943821,0.9580419580419581,0.8787878787878787,0.001753009259259259,0.9854122919050102,15,15,15
stratified_equal,45,43,0.006617428700769575,0.9510489510489512,0.8484848484848484,0.010187577160493825,0.9595687799863063,15,15,15
stratified_equal,45,44,0.0021542468427886642,0.9860139860139862,0.9393939393939392,0.0024443672839506167,0.9637475986061709,15,15,15
stratified_equal,45,45,0.001329590507966848,0.9510489510489512,0.8484848484848484,0.002471527777777778,0.9618211353947359,15,15,15
stratified_equal,45,46,0.000691187566017804,0.9510489510489512,0.8484848484848484,0.0038369598765432083,0.9672861577452231,15,15,15
stratified_equal,45,47,0.000918137920627734,0.9790209790209792,0.9393939393939392,0.0018418981481481474,0.9712856800441246,15,15,15
stratified_equal,45,48,0.0021880092103571795,0.965034965034965,0.909090909090909,0.0025517746913580257,0.9701773312380645,15,15,15
stratified_equal,45,49,0.0014087079232544743,0.9667265263069179,0.9007896044148774,0.0033777006172839527,0.9900702466280705,15,15,15
stratified_equal,45,50,0.0016901894047359558,0.9790209790209792,0.909090909090909,0.0051999228395061756,0.9742305851755687,15,15,15
stratified_equal,45,51,0.0016624160048585382,0.9702291586486097,0.9007896044148774,0.0045851080246913575,0.8975356897363334,15,15,15
stratified_equal,45,52,0.0020356582778644082,0.9930069930069931,0.9696969696969696,0.0039060956790123447,0.985373888280991,15,15,15
stratified_equal,45,53,0.001848109026485362,0.9930069930069931,0.9696969696969696,0.008211033950617286,0.9830628903180955,15,15,15
stratified_equal,45,54,0.0019384688898948727,0.965034965034965,0.909090909090909,0.0055715277777777785,0.9760278961632166,15,15,15
stratified_equal,45,55,0.0008002848429637792,0.9702291586486097,0.9007896044148774,0.0041122685185185194,0.949067204945187,15,15,15
stratified_equal,45,56,0.0014143116357139766,0.9930069930069931,0.9696969696969696,0.0032604166666666684,0.9736517693514578,15,15,15
stratified_equal,45,57,0.00018573270217050707,0.9842396880153765,0.9313248452425005,0.0024283179012345676,0.9140446707383032,15,15,15
stratified_equal,45,58,0.0019294679267567898,0.9790209790209792,0.9393939393939392,0.005602391975308644,0.9578888152023898,15,15,15
stratified_equal,45,59,0.0006814511156194174,0.9807370556736849,0.9313248452425005,0.001853009259259259,0.9923991663668278,15,15,15
stratified_equal,45,60,0.0028260619202775047,0.9790209790209792,0.9393939393939392,0.005213503086419754,0.9091018043894281,15,15,15
stratified_equal,45,61,0.005440228805839189,0.9440559440559443,0.8484848484848484,0.005741898148148149,0.9561565512250167,15,15,15
stratified_equal,45,62,0.001465410488704086,0.9930069930069931,0.9696969696969696,0.002422145061728396,0.9852402215817007,15,15,15
stratified_equal,45,63,0.000205906067024722,1.0,0.9999999999999998,0.002366589506172839,0.9339400258043041,15,15,15
stratified_equal,45,64,0.0014329439796418313,0.9842396880153765,0.9313248452425005,0.004529552469135802,0.9883045309949895,15,15,15
stratified_equal,45,65,0.0040012654926441975,0.9510489510489512,0.8484848484848484,0.006136959876543207,0.9441676624082431,15,15,15
stratified_equal,45,66,0.001379288432842073,0.9930069930069931,0.9696969696969696,0.004786342592592596,0.9209382913807435,15,15,15
stratified_equal,45,67,0.002169516959240816,0.9510489510489512,0.8484848484848484,0.009227083333333332,0.9419057354697662,15,15,15
stratified_equal,45,68,0.0019437573935285328,0.9790209790209792,0.9393939393939392,0.003120910493827159,0.9277468763352403,15,15,15
stratified_equal,45,69,0.0008811534183950052,0.9860139860139862,0.9393939393939392,0.0026665895061728385,0.9673107378104412,15,15,15
stratified_equal,45,70,0.002188884790428978,0.965034965034965,0.8787878787878787,0.0028591820987654316,0.9573322078825178,15,15,15
stratified_equal,45,71,0.0019160540400568584,1.0,0.9999999999999998,0.005639429012345679,0.9263372771361199,15,15,15
stratified_equal,45,72,0.0013989714728560839,0.9790209790209792,0.909090909090909,0.003960416666666666,0.9466422064230328,15,15,15
stratified_equal,45,73,0.001923584028674313,0.9930069930069931,0.9696969696969696,0.004677700617283954,0.972441514343472,15,15,15
stratified_equal,45,74,0.0006346951397854255,0.9790209790209792,0.9393939393939392,0.004202391975308643,0.9766199092350494,15,15,15
stratified_equal,45,75,0.0005499389888354231,0.9930069930069931,0.9696969696969696,0.001225848765432098,0.9579376619529102,15,15,15
stratified_equal,45,76,0.000714898274362082,0.9300699300699302,0.8181818181818181,0.0021542438271604943,0.9567343796678052,15,15,15
stratified_equal,45,77,0.0018249937125899066,0.9772344233319931,0.9313248452425005,0.0044456018518518525,0.9488435539738433,15,15,15
stratified_equal,45,78,0.0013991115656675742,0.9720279720279721,0.909090909090909,0.0016925154320987657,0.9719163215066594,15,15,15
stratified_equal,45,79,0.0013385914711049253,0.9877423203570683,0.9618600860701234,0.0036542438271604943,0.9754815144022704,15,15,15
stratified_equal,45,80,0.0007465242265554116,0.9720279720279721,0.909090909090909,0.0036986882716049385,0.9760882951427764,15,15,15
stratified_equal,45,81,0.0010429255924603246,0.9790209790209792,0.909090909090909,0.0037591820987654344,0.9555770432179912,15,15,15
stratified_equal,45,82,0.0010979470441720813,0.9860139860139862,0.9393939393939392,0.003439429012345679,0.9350457728392234,15,15,15
stratified_equal,45,83,0.0012438186841335593,0.9510489510489512,0.8484848484848484,0.004006095679012347,0.9318811318832684,15,15,15
stratified_equal,45,84,0.002399654425312087,0.9720279720279721,0.909090909090909,0.00280733024691358,0.9618564258997558,15,15,15
stratified_equal,45,85,0.0007228135182111312,0.965034965034965,0.8787878787878787,0.0014641203703703698,0.9679016448219352,15,15,15
stratified_equal,45,86,0.0006215964619113338,0.9720279720279721,0.909090909090909,0.003927083333333334,0.9555984518673099,15,15,15
stratified_equal,45,87,0.0015603583916898112,1.0,0.9999999999999998,0.0034456018518518538,0.9390809440533908,15,15,15
stratified_equal,45,88,0.0009516551257761449,0.9982502173821435,0.9923953268977463,0.0035085648148148155,0.964880824992841,15,15,15
stratified_equal,45,89,0.001895810628796895,1.0,0.9999999999999998,0.0034369598765432124,0.9329861083578338,15,15,15
stratified_equal,45,90,0.002368483774756094,0.9580419580419581,0.8787878787878787,0.0053110339506172825,0.9795510477968904,15,15,15
stratified_equal,45,91,0.003860437193896275,0.9580419580419581,0.8787878787878787,0.009880169753086419,0.9824028081724356,15,15,15
stratified_equal,45,92,0.0003340559663330158,0.9684270140350553,0.8924133096001623,0.0050900462962962965,0.9583887206075365,15,15,15
stratified_equal,45,93,0.0017399223528140565,0.9580419580419581,0.909090909090909,0.007682638888888892,0.9631466865222115,15,15,15
stratified_equal,45,94,0.00046903539020132527,0.965034965034965,0.8787878787878787,0.0028739969135802464,0.9422960565920427,15,15,15
stratified_equal,45,95,0.0015622146214420228,0.9930069930069931,0.9696969696969696,0.0037888117283950604,0.973079604033707,15,15,15
stratified_equal,45,96,0.0012612602391637653,0.9702291586486097,0.9007896044148774,0.0020604166666666666,0.953076572791681,15,15,15
stratified_equal,45,97,0.0010057659742132323,0.9860139860139862,0.9393939393939392,0.0036925154320987656,0.9730711543356351,15,15,15
stratified_equal,45,98,0.0025724589082820547,0.9510489510489512,0.8484848484848484,0.009582638888888887,0.9459775986286938,15,15,15
stratified_equal,45,99,0.0005247573059705249,0.9860139860139862,0.9393939393939392,0.0015332561728395057,0.9678659310898876,15,15,15
stratified_equal,45,100,0.0016778612373250436,0.9543918399186052,0.8616404368553291,0.0025999228395061718,0.9772374670827014,15,15,15
stratified_equal,45,101,0.0020327163288231653,0.9510489510489512,0.8484848484848484,0.0026332561728395066,0.9431584925253677,15,15,15
stratified_equal,45,102,0.0010249236661841656,0.9930069930069931,0.9696969696969696,0.0021591820987654307,0.9818697205910992,15,15,15
stratified_equal,45,103,0.0011007489004018342,0.9930069930069931,0.9696969696969696,0.0025196759259259256,0.978832746681281,15,15,15
stratified_equal,45,104,0.0011572413266342147,0.9772344233319931,0.9313248452425005,0.0020739969135802473,0.9637026983313097,15,15,15
stratified_equal,45,105,0.001997938288371363,0.9702291586486097,0.9007896044148774,0.0024925154320987668,0.9690103199046437,15,15,15
stratified_equal,45,106,0.0007459638553094602,0.9702291586486097,0.9007896044148774,0.004001157407407407,0.9708205913148128,15,15,15
stratified_equal,45,107,0.0022767580064345806,0.9632238939652261,0.8702543635872545,0.005993749999999998,0.946310336716555,15,15,15
stratified_equal,45,108,0.0004830796945529614,0.9720279720279721,0.909090909090909,0.005696219135802466,0.9647997034642338,15,15,15
stratified_equal,45,109,0.00030239499093681475,0.9737317909903013,0.9007896044148774,0.001592515432098764,0.966691647110435,15,15,15
stratified_equal,45,110,0.00046665381240603744,0.9790209790209792,0.9393939393939392,0.001992515432098765,0.9701175832790913,15,15,15
stratified_equal,45,111,0.000521114892871848,0.9720279720279721,0.909090909090909,0.002477700617283948,0.9678801954387053,15,15,15
stratified_equal,45,112,0.0024519090439969614,0.9720279720279721,0.909090909090909,0.0022838734567901236,0.9900721703651728,15,15,15
stratified_equal,45,113,0.0023316043421319813,0.9860139860139862,0.9393939393939392,0.008076466049382716,0.984793678371569,15,15,15
stratified_equal,45,114,0.001194646107301406,0.9842396880153765,0.9313248452425005,0.0016653549382716056,0.944845208532333,15,15,15
stratified_equal,45,115,0.0011021498285167105,0.9860139860139862,0.9393939393939392,0.003567824074074074,0.950256259548782,15,15,15
stratified_equal,45,116,0.0012327863752289038,0.9720279720279721,0.909090909090909,0.00461473765432099,0.9752320178283475,15,15,15
stratified_equal,45,117,0.001507858610584828,0.9720279720279721,0.909090909090909,0.002765354938271607,0.967268133241504,15,15,15
stratified_equal,45,118,0.001694952560326535,0.9580419580419581,0.8787878787878787,0.006614737654320986,0.9537721933696931,15,15,15
stratified_equal,45,119,0.0014462878199360254,0.9281975705483089,0.8091838819320086,0.004185108024691357,0.88187409501501,15,15,15
stratified_equal,45,120,0.0009721086762533366,0.9860139860139862,0.9393939393939392,0.0020986882716049382,0.9736697201332435,15,15,15
stratified_equal,45,121,0.00039909405406613813,0.9492133645984593,0.8702543635872545,0.00333695987654321,0.9683981625715893,15,15,15
stratified_equal,45,122,0.0008566021531818012,1.0,0.9999999999999998,0.004945601851851853,0.9295604345832195,15,15,15
stratified_equal,45,123,0.0013660496621564976,0.9790209790209792,0.9393939393939392,0.0031962191358024684,0.9351194396075693,15,15,15
stratified_equal,45,124,0.0011607436469214018,0.9790209790209792,0.9393939393939392,0.0023690586419753087,0.9165535085873854,15,15,15
stratified_equal,45,125,0.0015520929158120429,0.9720279720279721,0.909090909090909,0.0021962191358024692,0.8786222157805873,15,15,15
stratified_equal,45,126,0.001675584729138371,0.9790209790209792,0.909090909090909,0.0020283179012345683,0.8952649104372367,15,15,15
stratified_equal,45,127,0.0008019659567016316,0.9720279720279721,0.909090909090909,0.0018530092592592585,0.9479690171340454,15,15,15
stratified_equal,45,128,0.0007148632511592128,0.9720279720279721,0.909090909090909,0.0018999228395061721,0.9731340169559172,15,15,15
stratified_equal,45,129,0.0033676957526914755,0.9790209790209792,0.909090909090909,0.0049517746913580254,0.9567437974245703,15,15,15
stratified_equal,45,130,0.0016917304256623246,0.9860139860139862,0.9393939393939392,0.004314737654320988,0.9408538625125514,15,15,15
stratified_equal,45,131,0.0007408154444872908,0.9930069930069931,0.9696969696969696,0.0012258487654320993,0.9601614359810555,15,15,15
stratified_equal,45,132,0.00033860898270636096,0.9790209790209792,0.9393939393939392,0.00145054012345679,0.9877258468156613,15,15,15
stratified_equal,45,133,0.005728014463837613,1.0,0.9999999999999998,0.008653009259259261,0.9074716132985352,15,15,15
stratified_equal,45,134,0.0003122365109438188,0.9930069930069931,0.9696969696969696,0.0032801697530864178,0.9672872753563831,15,15,15
stratified_equal,45,135,0.0020764252860073023,0.9580419580419581,0.8787878787878787,0.006325848765432099,0.9350955015977123,15,15,15
stratified_equal,45,136,0.002956103072540879,0.9720279720279721,0.8787878787878787,0.006409799382716048,0.9801137954308894,15,15,15
stratified_equal,45,137,0.0009363850093239958,0.9930069930069931,0.9696969696969696,0.0015456018518518525,0.9689478773915585,15,15,15
stratified_equal,45,138,0.0028305799134479763,0.9930069930069931,0.9696969696969696,0.004808564814814816,0.981343802396434,15,15,15
stratified_equal,45,139,0.0006883857097880531,0.9860139860139862,0.9393939393939392,0.005023379629629628,0.9532206511875648,15,15,15
stratified_equal,45,140,0.0016179015140083495,0.9982502173821435,0.9923953268977463,0.0041480709876543205,0.9712426250365308,15,15,15
stratified_equal,45,141,0.0004981746949907483,0.9720279720279721,0.909090909090909,0.0027986882716049357,0.9754866818736097,15,15,15
stratified_equal,45,142,0.0025531261002967663,0.9580419580419581,0.8787878787878787,0.007533256172839506,0.9607046855088783,15,15,15
stratified_equal,45,143,0.0019787455731975624,0.9720279720279721,0.909090909090909,0.002869058641975309,0.973687609861949,15,15,15
stratified_equal,45,144,0.00119891893805178,0.9597212616235344,0.8702543635872545,0.002994984567901235,0.9637769546536138,15,15,15
stratified_equal,45,145,0.0005190135006995325,0.9790209790209792,0.9393939393939392,0.0012406635802469142,0.9666356394887944,15,15,15
stratified_equal,45,146,0.002391564065448677,0.9580419580419581,0.8787878787878787,0.005112268518518519,0.898464411099226,15,15,15
stratified_equal,45,147,0.0019562256537509304,0.9720279720279721,0.909090909090909,0.002577700617283952,0.966756635177688,15,15,15
stratified_equal,45,148,0.0017276292086060182,0.9440559440559443,0.8787878787878787,0.008485108024691356,0.9754886475946734,15,15,15
stratified_equal,45,149,0.0012773358892819676,0.9772344233319931,0.9313248452425005,0.005432021604938271,0.9743155281334639,15,15,15
stratified_equal,45,150,0.0012784566317738681,0.9930069930069931,0.9696969696969696,0.004001157407407407,0.9659882420209353,15,15,15
stratified_equal,45,151,0.00029437467747914903,0.9930069930069931,0.9696969696969696,0.002177700617283951,0.9690155091248599,15,15,15
stratified_equal,45,152,0.001271732176822466,0.9790209790209792,0.9393939393939392,0.003011033950617284,0.9634940407412943,15,15,15
stratified_equal,45,153,0.00150232494453107,0.9473742528603802,0.8616404368553291,0.0023394290123456792,0.9666931978675636,15,15,15
stratified_equal,45,154,0.001008182575211398,0.9772344233319931,0.9313248452425005,0.0016962191358024688,0.9684476198312891,15,15,15
stratified_equal,45,155,0.00120319176880215,0.9370629370629372,0.8484848484848484,0.004744367283950617,0.9479057655183197,15,15,15
stratified_equal,45,156,0.0008215089039041544,0.9720279720279721,0.909090909090909,0.0010320216049382713,0.9589017621288787,15,15,15
stratified_equal,45,157,0.0012900142887215947,0.9842396880153765,0.9313248452425005,0.0036875771604938275,0.9918158947995819,15,15,15
stratified_equal,45,158,0.0034774934936948883,0.9720279720279721,0.909090909090909,0.0051505401234567885,0.9783583585517902,15,15,15
stratified_equal,45,159,0.0019492910595822904,0.9982502173821435,0.9923953268977463,0.003002391975308641,0.8784010764200233,15,15,15
stratified_equal,45,160,0.0009900405561237525,0.9580419580419581,0.8787878787878787,0.0017554783950617288,0.9760678747309616,15,15,15
stratified_equal,45,161,0.001401738305882966,0.9720279720279721,0.909090909090909,0.003099922839506173,0.961363267402023,15,15,15
stratified_equal,45,162,0.00044395877694504513,0.9877423203570683,0.9618600860701234,0.0013888117283950615,0.9565812588625131,15,15,15
stratified_equal,45,163,0.0011868359330609723,0.9720279720279721,0.909090909090909,0.0029209104938271607,0.9388717982870398,15,15,15
stratified_equal,45,164,0.00438396403042548,0.9370629370629372,0.8181818181818181,0.011112268518518516,0.9547258237548322,15,15,15
stratified_equal,45,165,0.001127646720207458,0.9772344233319931,0.9313248452425005,0.0034048611111111107,0.9771783411089285,15,15,15
stratified_equal,45,166,0.0011424615350222715,0.965034965034965,0.8787878787878787,0.004464120370370369,0.9689995292781184,15,15,15
stratified_equal,45,167,0.0012032618152078946,0.965034965034965,0.8787878787878787,0.0021900462962962963,0.9511939235475785,15,15,15
stratified_equal,45,168,0.0021531961467025104,0.9790209790209792,0.9393939393939392,0.003236959876543211,0.918704723599186,15,15,15
stratified_equal,45,169,0.0012768455644417602,0.9790209790209792,0.9393939393939392,0.0014912808641975312,0.9724954767240975,15,15,15
stratified_equal,45,170,0.0007824580327019836,0.9860139860139862,0.9393939393939392,0.007144367283950616,0.9616411314790462,15,15,15
stratified_equal,45,171,0.0018013530506513725,0.9720279720279721,0.909090909090909,0.0025851080246913575,0.9813018977819051,15,15,15
stratified_equal,45,172,0.002798008334777108,0.9720279720279721,0.909090909090909,0.008555478395061728,0.9589967544354043,15,15,15
stratified_equal,45,173,0.0018123853595560235,0.9720279720279721,0.909090909090909,0.004128317901234568,0.935575200665404,15,15,15
stratified_equal,45,174,0.0017102576999815549,0.9702291586486097,0.9007896044148774,0.0020591820987654317,0.9590903248932312,15,15,15
stratified_equal,45,175,0.0007440375791515044,0.965034965034965,0.8787878787878787,0.005262885802469135,0.9508492507533836,15,15,15
stratified_equal,45,176,0.0006864244104272271,0.9510489510489512,0.8484848484848484,0.0049912808641975285,0.9830320750129241,15,15,15
stratified_equal,45,177,0.0008821690912782905,0.9580419580419581,0.8787878787878787,0.003585108024691359,0.9847942232836346,15,15,15
stratified_equal,45,178,0.0005848921453015803,0.965034965034965,0.8787878787878787,0.003720910493827161,0.9853903118481545,15,15,15
stratified_equal,45,179,0.0010648501174581344,0.9930069930069931,0.9696969696969696,0.001383873456790123,0.9701539650396435,15,15,15
stratified_equal,45,180,0.0012172360731537827,0.9649182205059428,0.8924133096001623,0.008176466049382712,0.9749192328139697,15,15,15
stratified_equal,45,181,0.001996187128227772,0.9790209790209792,0.9393939393939392,0.004430787037037037,0.9317668562318334,15,15,15
stratified_equal,45,182,0.0029798488040880255,0.9580419580419581,0.8787878787878787,0.005708564814814815,0.9403064314435046,15,15,15
stratified_equal,45,183,0.000937400682207282,0.9720279720279721,0.909090909090909,0.0014505401234567907,0.9737246003856569,15,15,15
stratified_equal,45,184,0.0006652703958925956,0.9510489510489512,0.8787878787878787,0.0021085648148148153,0.9007452752026527,15,15,15
stratified_equal,45,185,0.0013318670161535197,0.9492133645984593,0.8702543635872545,0.005256712962962963,0.9497016303011273,15,15,15
stratified_equal,45,186,0.0008395808765860558,0.9720279720279721,0.909090909090909,0.0034579475308641992,0.9800812625233326,15,15,15
stratified_equal,45,187,0.0017537214947455889,0.9510489510489512,0.8484848484848484,0.01030609567901235,0.9689873819085912,15,15,15
stratified_equal,45,188,0.006849562489404551,0.9720279720279721,0.909090909090909,0.008524614197530866,0.984805035041993,15,15,15
stratified_equal,45,189,0.0005980958927842897,0.9230769230769231,0.7878787878787877,0.0035826388888888874,0.9660526173095544,15,15,15
stratified_equal,45,190,0.0002751469391024743,0.9860139860139862,0.9393939393939392,0.0033381944444444435,0.9848209023586177,15,15,15
stratified_equal,45,191,0.0026615929595910433,0.9790209790209792,0.9393939393939392,0.00511226851851852,0.9660732002542461,15,15,15
stratified_equal,45,192,0.0026193900001304053,0.9510489510489512,0.8484848484848484,0.0036196759259259255,0.9155624025092367,15,15,15
stratified_equal,45,193,0.006901817108089427,0.9510489510489512,0.8484848484848484,0.006815972222222222,0.9105801125830134,15,15,15
stratified_equal,45,194,0.0005585897199447824,0.9300699300699302,0.8181818181818181,0.0013357253086419753,0.974881837982656,15,15,15
stratified_equal,45,195,0.004120834707248873,0.9790209790209792,0.909090909090909,0.005007330246913578,0.9620556985740518,15,15,15
stratified_equal,45,196,0.0015878866291471297,0.9720279720279721,0.8787878787878787,0.0053579475308641955,0.9100665550936943,15,15,15
stratified_equal,45,197,0.0005157213196295716,0.9860139860139862,0.9393939393939392,0.0014567129629629628,0.970802149078743,15,15,15
stratified_equal,45,198,0.0004784566317738693,0.9772344233319931,0.9313248452425005,0.0029900462962962966,0.9559110236083054,15,15,15
stratified_equal,45,199,0.0006641146301978236,0.9930069930069931,0.9696969696969696,0.0019295524691358024,0.9451100173855828,15,15,15
stratified_equal,50,0,0.0012925208993511358,0.9790209790209792,0.9393939393939392,0.0018054118474731945,0.9643704032911593,17,17,16
stratified_equal,50,1,0.0020458826014787984,0.9860139860139862,0.9393939393939392,0.0029418107084881883,0.9807252885777782,17,17,16
stratified_equal,50,2,0.000888123736230569,0.9790209790209792,0.909090909090909,0.004562948011448587,0.9801823907087065,17,17,16
stratified_equal,50,3,0.0020017691263014945,0.9930069930069931,0.9696969696969696,0.0031954100853304277,0.9783645530341447,17,17,16
stratified_equal,50,4,0.001055981892258939,0.9720279720279721,0.909090909090909,0.003659801785638001,0.9625859374727463,17,17,16
stratified_equal,50,5,0.005074109551833405,0.9930069930069931,0.9696969696969696,0.005116130681575464,0.9719130049358461,17,17,16
stratified_equal,50,6,0.0006905350837483042,0.9440559440559443,0.8181818181818181,0.0034011823043487537,0.9244426872516125,17,17,16
stratified_equal,50,7,0.0013768045872943997,0.9860139860139862,0.9393939393939392,0.0036900846095518814,0.9865906023800761,17,17,16
stratified_equal,50,8,0.0007067336653085843,0.9790209790209792,0.909090909090909,0.002195187815049767,0.9105734418117212,17,17,16
stratified_equal,50,9,0.0013814003319752523,0.9930069930069931,0.9696969696969696,0.0019710642808321564,0.9824863118872562,17,17,16
stratified_equal,50,10,0.0005027620341029119,0.9930069930069931,0.9696969696969696,0.002467569030607887,0.9754958491800597,17,17,16
stratified_equal,50,11,0.0012901095518334088,0.9667265263069179,0.9007896044148774,0.0017475995477166904,0.9626130058420389,17,17,16
stratified_equal,50,12,0.002364747849705745,0.9580419580419581,0.8787878787878787,0.002510212885535479,0.9854051765874906,17,17,16
stratified_equal,50,13,0.00046418047381922384,0.9860139860139862,0.9393939393939392,0.0011197580925071556,0.9782644870279634,17,17,16
stratified_equal,50,14,0.0008453719631809276,0.9790209790209792,0.909090909090909,0.004084764540347729,0.9795418681129094,17,17,16
stratified_equal,50,15,0.0024784783461596505,0.9510489510489512,0.8787878787878787,0.0028514988893160766,0.9795695115597876,17,17,16
stratified_equal,50,16,0.0006752159348121326,1.0,0.9999999999999998,0.0040496468372207255,0.9789652607811661,17,17,16
stratified_equal,50,17,0.0006242088426135505,0.9580419580419581,0.8787878787878787,0.0017992343356187795,0.9643473863984112,17,17,16
stratified_equal,50,18,0.0025152726724007863,0.965034965034965,0.8787878787878787,0.006649364093404247,0.9031075483933441,17,17,16
stratified_equal,50,19,0.0008110740908405007,0.9772344233319931,0.9313248452425005,0.0022428778060788585,0.9883178882971109,17,17,16
stratified_equal,50,20,0.00016636487098234474,0.9930069930069931,0.9696969696969696,0.0021312380521380657,0.9859739399562538,17,17,16
stratified_equal,50,21,0.0011027904028972377,0.9860139860139862,0.9393939393939392,0.0015973728720791159,0.9608334072489667,17,17,16
stratified_equal,50,22,0.0010804357929681606,0.9790209790209792,0.909090909090909,0.0015669118314537145,0.983058330276195,17,17,16
stratified_equal,50,23,0.0007301095518334089,0.9790209790209792,0.9393939393939392,0.0035501764812678883,0.978367985455718,17,17,16
stratified_equal,50,24,0.003502194658216381,0.9930069930069931,0.9696969696969696,0.0035660868282498194,0.9771667132683387,17,17,16
stratified_equal,50,25,0.0008717265731100035,0.9580419580419581,0.8787878787878787,0.0017174088358110123,0.9655378655085741,17,17,16
stratified_equal,50,26,0.0007085492681454646,0.965034965034965,0.8787878787878787,0.0029578361954803716,0.9087021517878734,17,17,16
stratified_equal,50,27,0.0019920102610532656,0.9790209790209792,0.9393939393939392,0.0023399288201119235,0.9684300866369492,17,17,16
stratified_equal,50,28,0.0011508471404858905,0.9580419580419581,0.8787878787878787,0.0017562160253534968,0.9719136729714077,17,17,16
stratified_equal,50,29,0.0012260528142447548,0.99124495269876,0.9618600860701234,0.0023423617785894323,0.980169116019575,17,17,16
stratified_equal,50,30,0.0016507052965142608,0.9702291586486097,0.9007896044148774,0.003954409028044768,0.9747688930192039,17,17,16
stratified_equal,50,31,0.0006523790553795082,0.9930069930069931,0.9696969696969696,0.0027525555742449487,0.9613152415015342,17,17,16
stratified_equal,50,32,0.0009078116794929821,0.9790209790209792,0.9393939393939392,0.0022206768096672213,0.9643658358720434,17,17,16
stratified_equal,50,33,0.0006875563603440464,0.9720279720279721,0.909090909090909,0.0017364670105514974,0.9836635765676826,17,17,16
stratified_equal,50,34,0.000963187566017806,0.9720279720279721,0.909090909090909,0.002404602463261994,0.9431441486494078,17,17,16
stratified_equal,50,35,0.0008477265731100032,0.9860139860139862,0.9393939393939392,0.0021669855210602745,0.9760780911815402,17,17,16
stratified_equal,50,36,0.0031295138071525583,0.9929823694376383,0.9770084209183943,0.0031781130521380684,0.9253320921705389,17,17,16
stratified_equal,50,37,0.0005397265731100034,0.9790209790209792,0.909090909090909,0.0016459709673629797,0.9813126236137274,17,17,16
stratified_equal,50,38,0.001678308133393691,0.9580419580419581,0.8787878787878787,0.00244484039258405,0.9742303018257559,17,17,16
stratified_equal,50,39,0.0020695138071525547,0.965034965034965,0.8787878787878787,0.0019170746294160373,0.9618317969963645,17,17,16
stratified_equal,50,40,0.0011843790553795058,0.965034965034965,0.909090909090909,0.0035044338582382838,0.9660460448270634,17,17,16
stratified_equal,50,41,0.0015437265731100044,0.9720279720279721,0.909090909090909,0.004400549534901106,0.9830572656160385,17,17,16
stratified_equal,50,42,0.0010797265731100035,0.9790209790209792,0.909090909090909,0.0018539478672732704,0.8936219273709268,17,17,16
stratified_equal,50,43,0.0008843223177908564,0.9930069930069931,0.9696969696969696,0.0033426491280063217,0.9812776937774309,17,17,16
stratified_equal,50,44,0.0034052868567979477,0.9667265263069179,0.9007896044148774,0.004594769706629928,0.9719130049358461,17,17,16
stratified_equal,50,45,0.0014672159348121329,0.9790209790209792,0.909090909090909,0.004099757772117562,0.9578125296556103,17,17,16
stratified_equal,50,46,0.00278449253055681,0.9930069930069931,0.9696969696969696,0.0029044162368106296,0.9572780331893123,17,17,16
stratified_equal,50,47,0.00039924430360645913,0.9860139860139862,0.9393939393939392,0.004793891839143065,0.9766623977810912,17,17,16
stratified_equal,50,48,0.0007138826014787999,0.9930069930069931,0.9696969696969696,0.0022793741856764484,0.9596058334075548,17,17,16
stratified_equal,50,49,0.0009690882752376658,1.0,0.9999999999999998,0.005911597969797938,0.9684425402940146,17,17,16
stratified_equal,50,50,0.0006165492681454645,0.9790209790209792,0.9393939393939392,0.0019052973081934285,0.9794795052096074,17,17,16
stratified_equal,50,51,0.001250024445450429,0.9370629370629372,0.8484848484848484,0.0013570666597248922,0.949778852931623,17,17,16
stratified_equal,50,52,0.0005331450128263156,0.9842396880153765,0.9313248452425005,0.002134298773975821,0.97019129158919,17,17,16
stratified_equal,50,53,0.0013641521050248955,0.9860139860139862,0.9393939393939392,0.0013729059202657091,0.9778252675707838,17,17,16
stratified_equal,50,54,0.001678705296514257,0.9930069930069931,0.9696969696969696,0.002026824084753726,0.9690057032437295,17,17,16
stratified_equal,50,55,0.00106948543835823,0.9790209790209792,0.9393939393939392,0.0017619940514332095,0.9584848826728655,17,17,16
stratified_equal,50,56,0.0019099677078617749,0.9790209790209792,0.9393939393939392,0.004306361001644667,0.9443261755632083,17,17,16
stratified_equal,50,57,0.0010775989135355356,0.9720279720279721,0.909090909090909,0.0026605687182280307,0.9724435937841674,17,17,16
stratified_equal,50,58,0.0002704783461596496,0.99124495269876,0.9618600860701234,0.0015376102006706826,0.9766214886794282,17,17,16
stratified_equal,50,59,0.000945230119209297,0.9440559440559443,0.8484848484848484,0.0028790313688111416,0.9349991794600158,17,17,16
stratified_equal,50,60,0.002398762034102909,0.9860139860139862,0.9393939393939392,0.004686872703874576,0.9825133930397089,17,17,16
stratified_equal,50,61,0.0007322939489965265,0.9930069930069931,0.9696969696969696,0.002225575766799094,0.9701691163215035,17,17,16
stratified_equal,50,62,0.0006622230270107135,0.9930069930069931,0.9696969696969696,0.004262847088726558,0.9889001439044365,17,17,16
stratified_equal,50,63,0.0007905067149539747,0.9720279720279721,0.909090909090909,0.0019738777019522396,0.9683858449785049,17,17,16
stratified_equal,50,64,0.0017971166440319934,0.9720279720279721,0.909090909090909,0.003077663905976333,0.9795606628691441,17,17,16
stratified_equal,50,65,0.00040389678587596,0.9790209790209792,0.9393939393939392,0.002587559939553163,0.9725468451107607,17,17,16
stratified_equal,50,66,0.0028653435943865988,0.9720279720279721,0.909090909090909,0.006798993042205989,0.9276649394295622,17,17,16
stratified_equal,50,67,0.0004409748000603581,0.9562186292818428,0.8702543635872545,0.003205385215088214,0.9801634813498382,17,17,16
stratified_equal,50,68,0.004964095367436246,0.9579006334477178,0.8924133096001623,0.006491206774103978,0.9778104935999673,17,17,16
stratified_equal,50,69,0.001483130828429154,0.965034965034965,0.8787878787878787,0.002860509846640181,0.9689913054343217,17,17,16
stratified_equal,50,70,0.001080265580202204,0.99124495269876,0.9618600860701234,0.0016456706021188425,0.9717986205960978,17,17,16
stratified_equal,50,71,0.0036893435943866023,1.0,0.9999999999999998,0.0048428193349779975,0.9741547166345316,17,17,16
stratified_equal,50,72,0.0012245208993511415,0.9510489510489512,0.8787878787878787,0.0031595715056174974,0.9444235788569095,17,17,16
stratified_equal,50,73,0.0026455989135355383,0.9720279720279721,0.909090909090909,0.006086563728160111,0.967313873076329,17,17,16
stratified_equal,50,74,0.0017021946582163859,0.9737317909903013,0.9007896044148774,0.00139770607725661,0.9309291797299671,17,17,16
stratified_equal,50,75,0.000885598913535534,1.0,0.9999999999999998,0.0012022053483702847,0.9754702718051916,17,17,16
stratified_equal,50,76,0.0016024216085709963,0.9860139860139862,0.9393939393939392,0.0030235150609808216,0.9725555146607778,17,17,16
stratified_equal,50,77,0.0007165492681454641,1.0,0.9999999999999998,0.001702454651522918,0.9918261472804631,17,17,16
stratified_equal,50,78,0.0008903648709823438,0.9860139860139862,0.9393939393939392,0.0011249283795762308,0.9515123536834644,17,17,16
stratified_equal,50,79,0.001191754941904328,0.9790209790209792,0.9393939393939392,0.002596782153765645,0.9690107954164526,17,17,16
stratified_equal,50,80,0.0007517833106986554,0.9930069930069931,0.9696969696969696,0.0018108444535221502,0.9766128395441869,17,17,16
stratified_equal,50,81,0.0021351591972234795,0.9720279720279721,0.909090909090909,0.003133517824341065,0.9941694252634464,17,17,16
stratified_equal,50,82,0.0017404925305568102,0.9510489510489512,0.8484848484848484,0.006043482341193559,0.9269200398788823,17,17,16
stratified_equal,50,83,0.0019417691263014932,0.9790209790209792,0.9393939393939392,0.004057541437054124,0.9753875043372324,17,17,16
stratified_equal,50,84,0.004645173381620645,0.9790209790209792,0.9393939393939392,0.007379556006770903,0.9613305776092615,17,17,16
stratified_equal,50,85,0.0020005492681454654,0.9702291586486097,0.9007896044148774,0.004813566763851511,0.9666922473878575,17,17,16
stratified_equal,50,86,0.0019750740908404986,0.9720279720279721,0.909090909090909,0.002704470102311078,0.96724773273956,17,17,16
stratified_equal,50,87,0.0013225350837483007,0.9720279720279721,0.909090909090909,0.005391830933081294,0.970828763108397,17,17,16
stratified_equal,50,88,0.00032267692771993363,1.0,0.9999999999999998,0.001970138154662737,0.9812905887744504,17,17,16
stratified_equal,50,89,0.0015021662894220626,0.9772344233319931,0.9313248452425005,0.00191604838149857,0.9719326393968561,17,17,16
stratified_equal,50,90,0.0010724925305568135,0.9667265263069179,0.9007896044148774,0.00324163229153317,0.981904599787582,17,17,16
stratified_equal,50,91,0.0030929180624717062,0.9720279720279721,0.909090909090909,0.007048582543039001,0.9384319775027864,17,17,16
stratified_equal,50,92,0.0005739109702731238,0.9720279720279721,0.909090909090909,0.003720457543039001,0.9848035005929744,17,17,16
stratified_equal,50,93,0.000426052814244757,0.9930069930069931,0.9696969696969696,0.0012009217875603394,0.9718381435995261,17,17,16
stratified_equal,50,94,0.0024572301192092977,0.9510489510489512,0.8484848484848484,0.00402026911390918,0.8940427519714902,17,17,16
stratified_equal,50,95,0.0025871591972234788,0.9597212616235344,0.8702543635872545,0.0022537370108718863,0.9531913452671278,17,17,16
stratified_equal,50,96,0.0020955563603440477,0.9860139860139862,0.9393939393939392,0.0028145239277628247,0.9924216838050629,17,17,16
stratified_equal,50,97,0.0002745067149539768,0.965034965034965,0.8787878787878787,0.0012818411855482928,0.9626067492609193,17,17,16
stratified_equal,50,98,0.0007281804738192235,0.9720279720279721,0.909090909090909,0.002814778237002861,0.9848055309260424,17,17,16
stratified_equal,50,99,0.0011292868567979466,0.9580419580419581,0.8787878787878787,0.003485498833247899,0.9599491295027174,17,17,16
stratified_equal,50,100,0.000688747849705749,0.9720279720279721,0.909090909090909,0.0017087152644282126,0.981328488339888,17,17,16
stratified_equal,50,101,0.00437674784970575,0.965034965034965,0.909090909090909,0.006663440209961982,0.9620782726045883,17,17,16
stratified_equal,50,102,0.0015483790553795047,0.9580419580419581,0.8787878787878787,0.0017699497255329148,0.9748890790580944,17,17,16
stratified_equal,50,103,0.0016308471404858887,0.9930069930069931,0.9696969696969696,0.0013490949661454999,0.9612658114220839,17,17,16
stratified_equal,50,104,0.0003202372114078774,1.0,0.9999999999999998,0.0013909138178691955,0.9877030751957762,17,17,16
stratified_equal,50,105,0.0012783365021880164,0.9702291586486097,0.9007896044148774,0.005134486001644668,0.9532976660680467,17,17,16
stratified_equal,50,106,0.00221694643126603,0.9790209790209792,0.909090909090909,0.003674532698427956,0.9702035636034928,17,17,16
stratified_equal,50,107,0.0015692017504149666,0.9930069930069931,0.9696969696969696,0.0036049651042334165,0.9830048848916603,17,17,16
stratified_equal,50,108,0.0026611166440319877,0.965034965034965,0.909090909090909,0.0033171491199965823,0.9789738780226617,17,17,16
stratified_equal,50,109,0.0010433861475780877,0.965034965034965,0.8787878787878787,0.0032205035990431033,0.9801445557190611,17,17,16
stratified_equal,50,110,0.000866960615663197,0.9422080999150758,0.8397191227596315,0.002757488572771156,0.9824740236388444,17,17,16
stratified_equal,50,111,0.0017187620341029138,0.9440559440559443,0.8484848484848484,0.003704610272758342,0.9790015719056778,17,17,16
stratified_equal,50,112,0.0010124357929681578,0.99124495269876,0.9618600860701234,0.0029036242737835883,0.9725651363439956,17,17,16
stratified_equal,50,113,0.0027006911121170945,0.9790209790209792,0.909090909090909,0.003210527468067838,0.9719482056058038,17,17,16
stratified_equal,50,114,0.003810364870982346,0.9720279720279721,0.909090909090909,0.006695247888098593,0.987162123012582,17,17,16
stratified_equal,50,115,0.0011058826014787974,0.9492133645984593,0.8397191227596315,0.005643802330300314,0.9754805117242976,17,17,16
stratified_equal,50,116,0.0009729464312660312,0.9860139860139862,0.9393939393939392,0.001274457206629929,0.9725636936163253,17,17,16
stratified_equal,50,117,0.0016202655802022006,0.9720279720279721,0.909090909090909,0.004659724691892009,0.9841663676638664,17,17,16
stratified_equal,50,118,0.0012219960766561057,0.9860139860139862,0.9393939393939392,0.0033184707270707855,0.9824908865061347,17,17,16
stratified_equal,50,119,0.005331017353251846,0.9720279720279721,0.909090909090909,0.005900917982933916,0.9725734213448174,17,17,16
stratified_equal,50,120,0.003634535083748307,0.9720279720279721,0.909090909090909,0.005077404590648896,0.9532649502458571,17,17,16
stratified_equal,50,121,0.0004497123887128411,1.0,0.9999999999999998,0.0014590496710666827,0.9409138128732494,17,17,16
stratified_equal,50,122,0.0005270740908405001,0.965034965034965,0.8787878787878787,0.005744832182600708,0.9725402006042319,17,17,16
stratified_equal,50,123,0.0009862230270107127,0.9860139860139862,0.9393939393939392,0.0037464641670938545,0.9589370403078595,17,17,16
stratified_equal,50,124,0.0007306769277199316,0.9860139860139862,0.9393939393939392,0.0007874890533555471,0.9859456265951804,17,17,16
stratified_equal,50,125,0.0004994712539610673,1.0,0.9999999999999998,0.0014566607661583148,0.9765962446271254,17,17,16
stratified_equal,50,126,0.002990591821336949,0.9720279720279721,0.909090909090909,0.006873458592314923,0.9759840476213726,17,17,16
stratified_equal,50,127,0.0006558116794929825,0.9790209790209792,0.9393939393939392,0.0015803962284804982,0.9807298793929663,17,17,16
stratified_equal,50,128,0.0009652868567979443,0.9720279720279721,0.909090909090909,0.0012100789226365928,0.9707878611686972,17,17,16
stratified_equal,50,129,0.0025781379206277328,0.9790209790209792,0.9393939393939392,0.005356229641911232,0.9391239946792856,17,17,16
stratified_equal,50,130,0.000780520899351139,0.9790209790209792,0.909090909090909,0.006200059739309667,0.9824596961205584,17,17,16
stratified_equal,50,131,0.00037564146672702537,0.9860139860139862,0.9393939393939392,0.0013570065866760654,0.9725263059847741,17,17,16
stratified_equal,50,132,0.0015517265731100046,0.9702291586486097,0.9007896044148774,0.003981860408923917,0.9795592555136833,17,17,16
stratified_equal,50,133,0.0037981379206277316,0.965034965034965,0.8787878787878787,0.004657818373809222,0.9608693287945584,17,17,16
stratified_equal,50,134,0.0016713294099894355,0.9720279720279721,0.909090909090909,0.0024727222969797946,0.9900361811500069,17,17,16
stratified_equal,50,135,0.000922903878074544,0.9790209790209792,0.9393939393939392,0.001935459986009654,0.9725248435711817,17,17,16
stratified_equal,50,136,0.00039206699864191785,0.9720279720279721,0.909090909090909,0.0017041447066299278,0.9859781341816726,17,17,16
stratified_equal,50,137,0.0007477265731100018,0.9790209790209792,0.9393939393939392,0.0013842567228416422,0.9778016365625439,17,17,16
stratified_equal,50,138,0.0014923506865851819,0.9720279720279721,0.909090909090909,0.0018932756899055917,0.9561027194787305,17,17,16
stratified_equal,50,139,0.0017933152255922727,0.965034965034965,0.909090909090909,0.003551779430454099,0.964896158776286,17,17,16
stratified_equal,50,140,0.00023986841708163492,0.9964973622679555,0.9847319278346618,0.003302887778204963,0.972876959700549,17,17,16
stratified_equal,50,141,0.0003582513958050402,0.9720279720279721,0.909090909090909,0.0006126724763979668,0.9754764329926124,17,17,16
stratified_equal,50,142,0.00064993933906745,0.9720279720279721,0.909090909090909,0.0007687993266478707,0.968455302902787,17,17,16
stratified_equal,50,143,0.0003720953674362455,0.99124495269876,0.9618600860701234,0.002492764668503567,0.9665439301998623,17,17,16
stratified_equal,50,144,0.0018078967858759572,0.9982502173821435,0.9923953268977463,0.0024628242609680043,0.9521521431828334,17,17,16
stratified_equal,50,145,0.0014111875660178027,0.9860139860139862,0.9393939393939392,0.001942918055021573,0.9665991337705311,17,17,16
stratified_equal,50,146,0.0011672726724007816,0.9580419580419581,0.8787878787878787,0.0054743612899953,0.9619296119929852,17,17,16
stratified_equal,50,147,0.001986535083748306,0.9720279720279721,0.909090909090909,0.004551271813191507,0.9719388976580587,17,17,16
stratified_equal,50,148,0.0014615138071525562,0.9860139860139862,0.9393939393939392,0.0038739682120124733,0.9702097031916255,17,17,16
stratified_equal,50,149,0.0018721237362305737,0.965034965034965,0.909090909090909,0.0030934400898158833,0.9561044756634112,17,17,16
stratified_equal,50,150,0.0017768045872943994,0.9860139860139862,0.9393939393939392,0.005174492649728738,0.9819122398069767,17,17,16
stratified_equal,50,151,0.0011760953674362458,0.9790209790209792,0.9393939393939392,0.003682319166773463,0.9777432757698682,17,17,16
stratified_equal,50,152,0.0007619960766561042,0.9720279720279721,0.909090909090909,0.0023622169224443586,0.9683774493549654,17,17,16
stratified_equal,50,153,0.002668066998641916,0.9790209790209792,0.9393939393939392,0.003537686293199196,0.9357942678978955,17,17,16
stratified_equal,50,154,0.0019573152255922726,0.9930069930069931,0.9696969696969696,0.0025116306094878048,0.9748644559077158,17,17,16
stratified_equal,50,155,0.0016086627433227676,0.9720279720279721,0.909090909090909,0.0026166623280575833,0.962354298080028,17,17,16
stratified_equal,50,156,0.0031839818922589375,0.9440559440559443,0.8484848484848484,0.003588439008501004,0.9772010669187745,17,17,16
stratified_equal,50,157,0.0040845776369397855,0.9720279720279721,0.909090909090909,0.0038129470102311078,0.9649301711894843,17,17,16
stratified_equal,50,158,0.0013343081333936932,0.9860139860139862,0.9393939393939392,0.0016100162464223154,0.9566849283933818,17,17,16
stratified_equal,50,159,0.0006374287007695772,0.9720279720279721,0.909090909090909,0.0016112227134862653,0.984836216415164,17,17,16
stratified_equal,50,160,0.0022095705447412128,0.9720279720279721,0.909090909090909,0.00574854569823572,0.9906524833399711,17,17,16
stratified_equal,50,161,0.002256804587294398,0.9930069930069931,0.9696969696969696,0.0027475364710154216,0.9801496748865172,17,17,16
stratified_equal,50,162,0.001982137920627734,0.9790209790209792,0.9393939393939392,0.003298869892455892,0.9918220432824082,17,17,16
stratified_equal,50,163,0.0005000102610532657,0.9510489510489512,0.8484848484848484,0.003869974355482933,0.9683401060082293,17,17,16
stratified_equal,50,164,0.00030466274332277077,0.9790209790209792,0.9393939393939392,0.002037060532273911,0.9771279677213279,17,17,16
stratified_equal,50,165,0.0009026201901312806,0.9510489510489512,0.8484848484848484,0.005301480066427441,0.9841850560974917,17,17,16
stratified_equal,50,166,0.0008882655802022029,0.9860139860139862,0.9393939393939392,0.0027716527964671716,0.9606934543231964,17,17,16
stratified_equal,50,167,0.0005562939489965297,1.0,0.9999999999999998,0.0020959871870861635,0.9642694426680105,17,17,16
stratified_equal,50,168,0.0021094854383582294,0.9930069930069931,0.9696969696969696,0.0033487445400273395,0.9609368141302781,17,17,16
stratified_equal,50,169,0.002973967707861776,0.9860139860139862,0.9393939393939392,0.005589055758468966,0.9859950838170808,17,17,16
stratified_equal,50,170,0.001394279764599363,0.9930069930069931,0.9696969696969696,0.0015623773174847286,0.9701892450598125,17,17,16
stratified_equal,50,171,0.0007007194809114229,0.9440559440559443,0.8484848484848484,0.0017885132988380542,0.9531157755516224,17,17,16
stratified_equal,50,172,0.0015706485589256055,0.9930069930069931,0.9696969696969696,0.0023069817564825494,0.9653804667191879,17,17,16
stratified_equal,50,173,0.002752038629847592,0.9720279720279721,0.909090909090909,0.0045148715504720405,0.9690364119534739,17,17,16
stratified_equal,50,174,0.0012560102610532661,0.9772344233319931,0.9007896044148774,0.0017462178675936608,0.9211890577978581,17,17,16
stratified_equal,50,175,0.001096946431266035,0.9577702286774382,0.8839599998785472,0.0017111342058609928,0.991245969697515,17,17,16
stratified_equal,50,176,0.0019961804738192262,0.9667265263069179,0.9007896044148774,0.0034283853832927508,0.9742581126295867,17,17,16
stratified_equal,50,177,0.0005387052965142597,0.9790209790209792,0.9393939393939392,0.001371487195095903,0.9643580277810919,17,17,16
stratified_equal,50,178,0.001516918062471708,0.9790209790209792,0.9393939393939392,0.0023970152371950958,0.9854143743922356,17,17,16
stratified_equal,50,179,0.0014697974950958184,0.9720279720279721,0.909090909090909,0.0015706493763082575,0.9614411655407342,17,17,16
stratified_equal,50,180,0.003559811679492984,0.965034965034965,0.8787878787878787,0.004895991992930069,0.9736839500082458,17,17,16
stratified_equal,50,181,0.0014135421759468826,0.9790209790209792,0.9393939393939392,0.0031205570640565586,0.9853795003611928,17,17,16
stratified_equal,50,182,0.0024096272823298623,0.9860139860139862,0.9393939393939392,0.004163579379191763,0.9626518684143243,17,17,16
stratified_equal,50,183,0.0012445208993511361,0.9860139860139862,0.9393939393939392,0.005838318862403352,0.9848152559554192,17,17,16
stratified_equal,50,184,0.0017353577787837607,0.9720279720279721,0.909090909090909,0.0036556096880473303,0.9813146818765669,17,17,16
stratified_equal,50,185,0.0025327762185000735,0.9790209790209792,0.9393939393939392,0.003325177882972361,0.9848311206815797,17,17,16
stratified_equal,50,186,0.001382024445450429,1.0,0.9999999999999998,0.00242114357725661,0.9234075336188287,17,17,16
stratified_equal,50,187,0.0022018826014787974,0.9930069930069931,0.9696969696969696,0.0025668447498825245,0.9707405876375734,17,17,16
stratified_equal,50,188,0.0016413719631809228,0.9790209790209792,0.9393939393939392,0.0026448506050023497,0.9635637236679067,17,17,16
stratified_equal,50,189,0.0007828755092802176,0.9720279720279721,0.909090909090909,0.001880800520099107,0.9778038562554018,17,17,16
stratified_equal,50,190,0.0010646911121170958,0.9860139860139862,0.9393939393939392,0.001496447146396685,0.9502159118102558,17,17,16
stratified_equal,50,191,0.0035173719631809226,0.9562186292818428,0.8702543635872545,0.003749702104425649,0.9836170007627049,17,17,16
stratified_equal,50,192,0.0025500528142447525,0.9720279720279721,0.909090909090909,0.0027376754800504076,0.956745040017362,17,17,16
stratified_equal,50,193,0.0016429038780745437,1.0,0.9999999999999998,0.0027012281601093593,0.9824796745426906,17,17,16
stratified_equal,50,194,0.0015927762185000756,0.9790209790209792,0.909090909090909,0.001792220807168183,0.9824307793046776,17,17,16
stratified_equal,50,195,0.0018109606156631942,0.9720279720279721,0.909090909090909,0.0019593650545730273,0.9454730647948267,17,17,16
stratified_equal,50,196,0.0011363790553795066,0.9580419580419581,0.8787878787878787,0.004029601462044514,0.9520454976983888,17,17,16
stratified_equal,50,197,0.0020855989135355373,0.9580419580419581,0.8787878787878787,0.003719355202593018,0.9555877807832752,17,17,16
stratified_equal,50,198,0.00046531522559227386,0.965034965034965,0.909090909090909,0.004358241087829466,0.9813325742366802,17,17,16
stratified_equal,50,199,0.0008209464312660307,0.9720279720279721,0.909090909090909,0.0010303003118458701,0.9783804726214917,17,17,16
stratified_equal,55,0,0.0007029336535859403,0.965034965034965,0.8787878787878787,0.0018070874371601522,0.9894972112403767,19,18,18
stratified_equal,55,1,0.0014361849284232888,0.9510489510489512,0.8484848484848484,0.0033344082842204047,0.980686393971915,19,18,18
stratified_equal,55,2,0.0009636686632571234,0.9930069930069931,0.9696969696969696,0.001609696217069639,0.9731110878076716,19,18,18
stratified_equal,55,3,0.0012289989487034598,0.9860139860139862,0.9393939393939392,0.002491316962674174,0.9638269510061329,19,18,18
stratified_equal,55,4,0.002173562573344454,0.9930069930069931,0.9696969696969696,0.0020050590827567073,0.9673261307667054,19,18,18
stratified_equal,55,5,0.0008183782347945455,0.9720279720279721,0.909090909090909,0.0011787041549346634,0.9730894922622172,19,18,18
stratified_equal,55,6,0.00034445525255435023,0.9702291586486097,0.9007896044148774,0.0029636750291637697,0.9636462438325365,19,18,18
stratified_equal,55,7,0.0007966210107162381,0.9772344233319931,0.9313248452425005,0.0027252654900463223,0.9842596000490738,19,18,18
stratified_equal,55,8,0.0012424330967604326,0.9807370556736849,0.9313248452425005,0.0013088287136782829,0.9625815413523292,19,18,18
stratified_equal,55,9,0.002093496926547666,0.9877423203570683,0.9618600860701234,0.0029610312907295314,0.9736630405648826,19,18,18
stratified_equal,55,10,0.0015803734285112089,0.9860139860139862,0.9393939393939392,0.001653713559537788,0.9542958498134889,19,18,18
stratified_equal,55,11,0.0013643016859404332,0.9860139860139862,0.9393939393939392,0.0022567158128426975,0.9877412619255415,19,18,18
stratified_equal,55,12,0.000436431103911245,0.9930069930069931,0.9696969696969696,0.0006629015718036691,0.9795695115597876,19,18,18
stratified_equal,55,13,0.0011491912000369093,0.965034965034965,0.8787878787878787,0.0012734360572483853,0.9749207815869144,19,18,18
stratified_equal,55,14,0.0017738439167592614,0.9720279720279721,0.909090909090909,0.002187928265677189,0.9765421494747639,19,18,18
stratified_equal,55,15,0.002846676693267086,0.9720279720279721,0.909090909090909,0.004687250944260153,0.9760668792180959,19,18,18
stratified_equal,55,16,0.000828225254312745,0.9842396880153765,0.9313248452425005,0.0031450413755039533,0.9848311206815797,19,18,18
stratified_equal,55,17,0.0006136071193851325,0.9982502173821435,0.9923953268977463,0.0012438362563599822,0.9859884087493728,19,18,18
stratified_equal,55,18,0.0010137243458079692,0.99124495269876,0.9618600860701234,0.003018465866990412,0.9854163831984707,19,18,18
stratified_equal,55,19,0.0011447365959691557,0.9860139860139862,0.9393939393939392,0.00432801505401472,0.96613812110598,19,18,18
stratified_equal,55,20,0.0013640203425256297,0.9702291586486097,0.9007896044148774,0.002853340985260423,0.9795695115597876,19,18,18
stratified_equal,55,21,0.0010288699996383428,0.9667265263069179,0.9007896044148774,0.0018193181710231831,0.9965024759237601,19,18,18
stratified_equal,55,22,0.000579892800177585,0.9860139860139862,0.9393939393939392,0.0018229033197299075,0.966095668774004,19,18,18
stratified_equal,55,23,0.0010222584293904091,0.9930069930069931,0.9696969696969696,0.00209066567015872,0.9695976487124506,19,18,18
stratified_equal,55,24,0.0012045689621844999,0.9790209790209792,0.9393939393939392,0.003049861092111913,0.9777909768017135,19,18,18
stratified_equal,55,25,0.0020662535058806487,0.9790209790209792,0.9393939393939392,0.002595502866029055,0.9684014081163185,19,18,18
stratified_equal,55,26,0.001469946138199973,0.9720279720279721,0.909090909090909,0.0021063789570580117,0.9801430447039143,19,18,18
stratified_equal,55,27,0.0014438280911921782,0.965034965034965,0.909090909090909,0.001846507923615624,0.9485187919646939,19,18,18
stratified_equal,55,28,0.00040245888657345686,0.9860139860139862,0.9393939393939392,0.0010594528373402627,0.9906565602024168,19,18,18
stratified_equal,55,29,0.0023250191116481883,0.9930069930069931,0.9696969696969696,0.003816823576295078,0.9690616145347123,19,18,18
stratified_equal,55,30,0.0011443849167006484,0.9930069930069931,0.9696969696969696,0.0013570163801587575,0.9748345425441513,19,18,18
stratified_equal,55,31,0.000543716726090485,0.9877423203570683,0.9618600860701234,0.0031948715226717424,0.9742827384790641,19,18,18
stratified_equal,55,32,0.0006649522925871724,0.9702291586486097,0.9313248452425005,0.004116203442464728,0.9654611457750711,19,18,18
stratified_equal,55,33,0.0009528134965025372,0.9720279720279721,0.909090909090909,0.0029164401724747217,0.9918374023637183,19,18,18
stratified_equal,55,34,0.000832351624396562,0.9860139860139862,0.9393939393939392,0.0023820810724287426,0.9725918257852896,19,18,18
stratified_equal,55,35,0.0034863343921124044,0.9877423203570683,0.9618600860701234,0.003972996985777202,0.967778447435272,19,18,18
stratified_equal,55,36,0.001977794447208829,0.9790209790209792,0.9393939393939392,0.0036585602550072392,0.988898555498161,19,18,18
stratified_equal,55,37,0.002900811855332617,0.9790209790209792,0.9393939393939392,0.004767968087996686,0.9783926070882702,19,18,18
stratified_equal,55,38,0.002969529984398903,0.9580419580419581,0.8787878787878787,0.004497107918295848,0.9672346119419736,19,18,18
stratified_equal,55,39,0.0002681877418574399,0.9860139860139862,0.9393939393939392,0.0030282210053235747,0.9889098644709655,19,18,18
stratified_equal,55,40,0.0011987779768964175,0.9790209790209792,0.9393939393939392,0.002250078442939708,0.9746098945458751,19,18,18
stratified_equal,55,41,0.0036079919737313005,0.9790209790209792,0.9393939393939392,0.003948652363120275,0.9695566794717906,19,18,18
stratified_equal,55,42,0.001927574647666009,1.0,0.9999999999999998,0.0027199637637791694,0.9906509488909526,19,18,18
stratified_equal,55,43,0.0007370934332002668,0.9930069930069931,0.9696969696969696,0.0021840096810414595,0.9602374397121657,19,18,18
stratified_equal,55,44,0.0007727302657423229,0.9720279720279721,0.909090909090909,0.0013297382812945296,0.9842514210935264,19,18,18
stratified_equal,55,45,0.0013345261745401644,0.9860139860139862,0.9393939393939392,0.005349813784108311,0.992408915834261,19,18,18
stratified_equal,55,46,0.0009669510030965202,0.9702291586486097,0.9007896044148774,0.002109509074967038,0.9794124554451386,19,18,18
stratified_equal,55,47,0.0010264551353279267,0.9720279720279721,0.909090909090909,0.001251383687858372,0.9883224818114144,19,18,18
stratified_equal,55,48,0.0025710304826112042,0.9860139860139862,0.9393939393939392,0.0034999084001155153,0.982452963502114,19,18,18
stratified_equal,55,49,0.0004900973602854333,0.9492133645984593,0.8702543635872545,0.0012238994476933072,0.9684096050334591,19,18,18
stratified_equal,55,50,0.004399762678848239,0.9790209790209792,0.9393939393939392,0.005212991058027351,0.9836089967564045,19,18,18
stratified_equal,55,51,0.00037861503216867653,0.9790209790209792,0.9393939393939392,0.0010617431906873533,0.9848254860118429,19,18,18
stratified_equal,55,52,0.001882747263573635,0.9720279720279721,0.909090909090909,0.002084043499614317,0.983666625771889,19,18,18
stratified_equal,55,53,0.0007068255708240892,0.9860139860139862,0.9393939393939392,0.0009007762834908369,0.9760123945093402,19,18,18
stratified_equal,55,54,0.0019695885976103267,0.9930069930069931,0.9696969696969696,0.0025233933090523584,0.975479491268965,19,18,18
stratified_equal,55,55,0.0013461784809700357,1.0,0.9999999999999998,0.002798836085367197,0.9789054578974333,19,18,18
stratified_equal,55,56,0.0001619806027682899,0.9930069930069931,0.9696969696969696,0.0014130868139864497,0.9859787097096765,19,18,18
stratified_equal,55,57,0.00097534441497156,0.9720279720279721,0.909090909090909,0.0013275410240187874,0.9924032883264872,19,18,18
stratified_equal,55,58,0.000306942797246925,0.9982502173821435,0.9923953268977463,0.003798078017357667,0.990658622928104,19,18,18
stratified_equal,55,59,0.0015173056130255997,0.9930069930069931,0.9696969696969696,0.0014225997125421304,0.9848173142182586,19,18,18
stratified_equal,55,60,0.0004737794422267031,0.9720279720279721,0.909090909090909,0.0011727298570500327,0.9801039495732634,19,18,18
stratified_equal,55,61,0.0007970430258384494,0.9720279720279721,0.909090909090909,0.002362284857829,0.9813284883398881,19,18,18
stratified_equal,55,62,0.0013871139478242608,0.9930069930069931,0.9696969696969696,0.001103188991674552,0.986565055676642,19,18,18
stratified_equal,55,63,0.000964512693501539,0.9720279720279721,0.909090909090909,0.0028749373738928227,0.9631535489416269,19,18,18
stratified_equal,55,64,0.0009416300957640093,1.0,0.9999999999999998,0.0009652576623766477,0.9824872632677367,19,18,18
stratified_equal,55,65,0.0022372399662288077,0.9790209790209792,0.9393939393939392,0.0024577881275910157,0.9819158333125148,19,18,18
stratified_equal,55,66,0.0014409443211904182,0.9422080999150758,0.8702543635872545,0.002151665445968181,0.9789821145763101,19,18,18
stratified_equal,55,67,0.0015309038780745412,0.9667265263069179,0.9007896044148774,0.004014443736724309,0.9701437650880845,19,18,18
stratified_equal,55,68,0.001480754414385427,0.9580419580419581,0.8787878787878787,0.0017483457160607826,0.9859950838170808,19,18,18
stratified_equal,55,69,0.0007220181152235949,0.9982502173821435,0.9923953268977463,0.0018114800517918146,0.9549375233755887,19,18,18
stratified_equal,55,70,0.0009708898109038005,1.0,0.9999999999999998,0.0012485034094061236,0.9836594906708903,19,18,18
stratified_equal,55,71,0.0016354229566748575,0.9930069930069931,0.9696969696969696,0.001437118899832427,0.964772531457352,19,18,18
stratified_equal,55,72,0.0006324571281771161,0.9510489510489512,0.8484848484848484,0.0011104419356003164,0.9436288820431645,19,18,18
stratified_equal,55,73,0.0015423920675124438,0.9930069930069931,0.9696969696969696,0.002504168020359542,0.9853862034560644,19,18,18
stratified_equal,55,74,0.0011012221478125409,0.9720279720279721,0.909090909090909,0.0013763015163260105,0.9613274991919106,19,18,18
stratified_equal,55,75,0.0011814988021704332,0.9720279720279721,0.909090909090909,0.001513274336073018,0.9760102883306313,19,18,18
stratified_equal,55,76,0.002517669014936388,0.9790209790209792,0.9393939393939392,0.002322156651239318,0.9801122486326587,19,18,18
stratified_equal,55,77,0.0021776654981437026,0.9720279720279721,0.909090909090909,0.0019401245729930192,0.9824643193064245,19,18,18
stratified_equal,55,78,0.0009614179159386777,0.9860139860139862,0.9393939393939392,0.0013027622696822182,0.9836441192383149,19,18,18
stratified_equal,55,79,0.00041865957820935284,0.9930069930069931,0.9696969696969696,0.0032708730654066394,0.9824652750773032,19,18,18
stratified_equal,55,80,0.0013623557273213611,0.9930069930069931,0.9696969696969696,0.0015173230652166473,0.981894879221053,19,18,18
stratified_equal,55,81,0.0006241574974403467,0.9772344233319931,0.9313248452425005,0.0014471371770611282,0.9799303066778546,19,18,18
stratified_equal,55,82,0.0006675078286049911,0.9790209790209792,0.9393939393939392,0.0012198108202333868,0.9822555702192662,19,18,18
stratified_equal,55,83,0.0020730291931205496,0.965034965034965,0.8787878787878787,0.002398954260380212,0.9749289533804988,19,18,18
stratified_equal,55,84,0.0006497363029030991,0.9772344233319931,0.9313248452425005,0.003189542247567152,0.9813141769581709,19,18,18
stratified_equal,55,85,0.002401028724214863,0.9982502173821435,0.9923953268977463,0.0028467340140746057,0.9754907677704018,19,18,18
stratified_equal,55,86,0.0009455689035712881,0.9860139860139862,0.9393939393939392,0.0037158171887646356,0.9906534697428914,19,18,18
stratified_equal,55,87,0.0004380253832618121,0.9790209790209792,0.9393939393939392,0.0015818956402539823,0.9789979909272817,19,18,18
stratified_equal,55,88,0.0025239289059158184,0.965034965034965,0.909090909090909,0.0031436192855161505,0.9871672187461661,19,18,18
stratified_equal,55,89,0.0013598470818726785,0.9790209790209792,0.9393939393939392,0.003272707437996115,0.97778271065917,19,18,18
stratified_equal,55,90,0.0013966561786430886,0.9930069930069931,0.9696969696969696,0.002355263704121688,0.9935790185578949,19,18,18
stratified_equal,55,91,0.0012077575208856324,0.965034965034965,0.8787878787878787,0.0007605299018881399,0.9824781257697458,19,18,18
stratified_equal,55,92,0.0012941299492309822,0.9720279720279721,0.909090909090909,0.0028113071590878877,0.9673189095662259,19,18,18
stratified_equal,55,93,0.00044848198017875747,0.9860139860139862,0.9393939393939392,0.0009787147944856722,0.9748921444995541,19,18,18
stratified_equal,55,94,0.003141876271251964,0.9510489510489512,0.8787878787878787,0.006001477733889629,0.9825042042473696,19,18,18
stratified_equal,55,95,0.0007119600881442911,1.0,0.9999999999999998,0.0009778113826096543,0.98833320951562,19,18,18
stratified_equal,55,96,0.0017659663011447052,0.9860139860139862,0.9393939393939392,0.0035285116930565542,0.9847988405218334,19,18,18
stratified_equal,55,97,0.0003924946406324238,0.9930069930069931,0.9696969696969696,0.0017364921162826917,0.9573974087174569,19,18,18
stratified_equal,55,98,0.002335710161410805,0.965034965034965,0.8787878787878787,0.002377040585137309,0.9690134409961945,19,18,18
stratified_equal,55,99,0.0015377733464527136,0.9860139860139862,0.9393939393939392,0.0017504204285079174,0.9760668792180959,19,18,18
stratified_equal,55,100,0.0020617051206746266,0.9720279720279721,0.909090909090909,0.0029890674576032897,0.9783891123630496,19,18,18
stratified_equal,55,101,0.00035472428719475734,0.9930069930069931,0.9696969696969696,0.000953239719533836,0.9772277430109232,19,18,18
stratified_equal,55,102,0.0012239582125215245,0.9580419580419581,0.8787878787878787,0.001224193935265932,0.9854066886216223,19,18,18
stratified_equal,55,103,0.0013298840081958716,0.965034965034965,0.8787878787878787,0.0017642812935794092,0.9579473987157489,19,18,18
stratified_equal,55,104,0.0008975529607777814,0.9720279720279721,0.909090909090909,0.0008316752495544692,0.9836261396228393,19,18,18
stratified_equal,55,105,0.002575344414971556,0.9930069930069931,0.9696969696969696,0.002760811090022,0.9830546117502749,19,18,18
stratified_equal,55,106,0.002520271441523342,0.9580419580419581,0.8787878787878787,0.003094498758402396,0.9865717073451338,19,18,18
stratified_equal,55,107,0.00014685839422248274,0.99124495269876,0.9618600860701234,0.0021959079289353986,0.9947547344653765,19,18,18
stratified_equal,55,108,0.001213595396742849,0.9790209790209792,0.9393939393939392,0.0012604510552154695,0.9918096554595226,19,18,18
stratified_equal,55,109,0.00118276484753706,0.9860139860139862,0.9393939393939392,0.0019871209897442325,0.9813126236137273,19,18,18
stratified_equal,55,110,0.0010488922726586806,0.9790209790209792,0.9393939393939392,0.000902546058806318,0.9912398210750357,19,18,18
stratified_equal,55,111,0.001385472777904564,0.9860139860139862,0.9393939393939392,0.001981301535325209,0.9614270429637432,19,18,18
stratified_equal,55,112,0.0008160571516223985,0.9702291586486097,0.9007896044148774,0.0022126367229802894,0.9807201236591037,19,18,18
stratified_equal,55,113,0.0015223932397766687,1.0,0.9999999999999998,0.002556230573319806,0.9775813078668851,19,18,18
stratified_equal,55,114,0.0012032560262487388,0.9807370556736849,0.9313248452425005,0.0015834687738677435,0.9795848327782967,19,18,18
stratified_equal,55,115,0.0011231903794519554,0.9930069930069931,0.9696969696969696,0.0030293438579391944,0.9883081326340996,19,18,18
stratified_equal,55,116,0.0014994871967545726,0.9702291586486097,0.9007896044148774,0.0046358210646010745,0.97426033475717,19,18,18
stratified_equal,55,117,0.0018627484358378613,0.9720279720279721,0.909090909090909,0.0021867047173109292,0.9583629358069222,19,18,18
stratified_equal,55,118,0.0013041645310257173,1.0,0.9999999999999998,0.0016264050619563847,0.9848132211595034,19,18,18
stratified_equal,55,119,0.0020062570226733333,0.9720279720279721,0.909090909090909,0.003961387525696416,0.9614289078503577,19,18,18
stratified_equal,55,120,0.0022568167788423795,0.9580419580419581,0.8787878787878787,0.0035248628970357444,0.9912500555943072,19,18,18
stratified_equal,55,121,0.00158306963623643,0.9790209790209792,0.9393939393939392,0.0031521233266456165,0.9783659771943518,19,18,18
stratified_equal,55,122,0.000656980895834344,1.0,0.9999999999999998,0.002144547396349874,0.9830721439014792,19,18,18
stratified_equal,55,123,0.0013612069083775713,0.965034965034965,0.8787878787878787,0.001096968654172794,0.9807605486857782,19,18,18
stratified_equal,55,124,0.0011958942068946573,0.965034965034965,0.909090909090909,0.0027231736783207765,0.9661636609005031,19,18,18
stratified_equal,55,125,0.0008946223002068906,0.9930069930069931,0.9696969696969696,0.0016621321042752004,0.9865619211603303,19,18,18
stratified_equal,55,126,0.003233312881063813,0.9790209790209792,0.9393939393939392,0.0027786874356402168,0.9888929234913326,19,18,18
stratified_equal,55,127,0.001386504370425517,0.9720279720279721,0.909090909090909,0.0012600273730948555,0.9766260938185424,19,18,18
stratified_equal,55,128,0.0002520104955061109,0.9930069930069931,0.9696969696969696,0.002881058915563763,0.9783637455457069,19,18,18
stratified_equal,55,129,0.0016968964928099012,0.9860139860139862,0.9393939393939392,0.0017533928530716007,0.9824960324537853,19,18,18
stratified_equal,55,130,0.000743986346863006,0.9720279720279721,0.909090909090909,0.001185241779046924,0.9801301796150792,19,18,18
stratified_equal,55,131,0.0007001905552915885,0.99124495269876,0.9618600860701234,0.0018176481414984285,0.9748864440981492,19,18,18
stratified_equal,55,132,0.001484716667477273,0.9720279720279721,0.909090909090909,0.0027293351183080086,0.9626058152373943,19,18,18
stratified_equal,55,133,0.0026130209872709566,0.9790209790209792,0.9393939393939392,0.00774651419335104,0.9584930670628863,19,18,18
stratified_equal,55,134,0.0007913692669731989,0.9790209790209792,0.9393939393939392,0.0019482828287146281,0.9754660861942726,19,18,18
stratified_equal,55,135,0.0017714290524488477,0.9860139860139862,0.9393939393939392,0.0021963677095326573,0.9620118382853806,19,18,18
stratified_equal,55,136,0.0006450706912742367,0.9930069930069931,0.9696969696969696,0.0012755924662479256,0.978935502795054,19,18,18
stratified_equal,55,137,0.0014113329267821184,0.9790209790209792,0.9393939393939392,0.002085879772123615,0.9819040608514294,19,18,18
stratified_equal,55,138,0.0004992175759820499,0.9930069930069931,0.9696969696969696,0.0010238321905315594,0.9853816225071786,19,18,18
stratified_equal,55,139,0.0008781402651561904,0.9580419580419581,0.8787878787878787,0.001907778437999915,0.9895012971371688,19,18,18
stratified_equal,55,140,0.0011257928060389054,0.9720279720279721,0.909090909090909,0.001768733755685509,0.9924237321343742,19,18,18
stratified_equal,55,141,0.0010574966920948224,0.9790209790209792,0.9393939393939392,0.0017436111158609109,0.977733830130787,19,18,18
stratified_equal,55,142,0.0007118194164368866,0.9930069930069931,0.9696969696969696,0.0015963093819940802,0.980731918760381,19,18,18
stratified_equal,55,143,0.0008704267665336006,0.9720279720279721,0.909090909090909,0.0012721403119288367,0.9760074720026531,19,18,18
stratified_equal,55,144,0.0010876004374790313,0.9860139860139862,0.9393939393939392,0.0012699354549737991,0.9959099975306246,19,18,18
stratified_equal,55,145,0.0005961403823826132,0.9860139860139862,0.9393939393939392,0.0023358750223240587,0.9608427453985388,19,18,18
stratified_equal,55,146,0.0011545367249182197,0.965034965034965,0.8787878787878787,0.0038456026118197807,0.9801327958229171,19,18,18
stratified_equal,55,147,0.0007377967917372814,0.9790209790209792,0.9393939393939392,0.0007301473340325035,0.9836111572975805,19,18,18
stratified_equal,55,148,0.0007729647185879943,0.9790209790209792,0.909090909090909,0.0017292515218357782,0.9637672269251217,19,18,18
stratified_equal,55,149,0.00036726751443818097,0.9860139860139862,0.9393939393939392,0.002376172321778022,0.9757825685352017,19,18,18
stratified_equal,55,150,0.002029374073256533,0.965034965034965,0.909090909090909,0.00209789296516687,0.957283051389782,19,18,18
stratified_equal,55,151,0.0013386056540548466,0.99124495269876,0.9618600860701234,0.0015654603838218025,0.9549520131355712,19,18,18
stratified_equal,55,152,0.0010345906490727265,0.9667265263069179,0.9007896044148774,0.0025968071609878056,0.9760642865906025,19,18,18
stratified_equal,55,153,0.0014086132737723318,0.9860139860139862,0.9393939393939392,0.0029903717525620412,0.9906652602726699,19,18,18
stratified_equal,55,154,0.00021217695702653802,0.9720279720279721,0.909090909090909,0.0033097558745520932,0.9830818304502517,19,18,18
stratified_equal,55,155,0.003669113830597844,0.9720279720279721,0.909090909090909,0.004901761391919261,0.9836538560011535,19,18,18
stratified_equal,55,156,0.0008534758257915582,1.0,0.9999999999999998,0.002185169582093635,0.9354458028033982,19,18,18
stratified_equal,55,157,0.0007551463023169656,0.965034965034965,0.8787878787878787,0.0025355613455612163,0.9813181963705753,19,18,18
stratified_equal,55,158,0.0017389338880387866,0.9720279720279721,0.909090909090909,0.002140669659990349,0.9813141535620987,19,18,18
stratified_equal,55,159,0.00035031657369613534,0.9790209790209792,0.9393939393939392,0.0016294943315892062,0.9771632672569872,19,18,18
stratified_equal,55,160,0.001763012195289242,0.9877423203570683,0.9618600860701234,0.0018088391632373121,0.9608348402242095,19,18,18
stratified_equal,55,161,0.0019596243516692897,0.9860139860139862,0.9393939393939392,0.0020169421312920583,0.9865757932419261,19,18,18
stratified_equal,55,162,0.0006099027644235248,0.9930069930069931,0.9696969696969696,0.002199128293036034,0.9766623977810912,19,18,18
stratified_equal,55,163,0.0008220825897561558,0.9790209790209792,0.9393939393939392,0.004337175517443166,0.9888820197200059,19,18,18
stratified_equal,55,164,0.0007058174235877006,0.9842396880153765,0.9313248452425005,0.0011360870533763461,0.936826406893254,19,18,18
stratified_equal,55,165,0.0010673437116130208,0.965034965034965,0.909090909090909,0.002356331459062429,0.9807096728234423,19,18,18
stratified_equal,55,166,0.0005761649999314098,0.9737317909903013,0.9313248452425005,0.0017076123850073525,0.9818974235068637,19,18,18
stratified_equal,55,167,0.0013187240527419133,0.9720279720279721,0.909090909090909,0.004620232222450213,0.9619041882133087,19,18,18
stratified_equal,55,168,0.0011201893830273591,0.9860139860139862,0.9393939393939392,0.0026938636152054394,0.9466556396036561,19,18,18
stratified_equal,55,169,0.005977817892493389,0.9930069930069931,0.9696969696969696,0.007242459764447941,0.9702689952478716,19,18,18
stratified_equal,55,170,0.00134317748454544,0.9720279720279721,0.909090909090909,0.002563660209789148,0.9795521097941441,19,18,18
stratified_equal,55,171,0.0011837026589197443,0.965034965034965,0.8787878787878787,0.0010400993040593693,0.9795541563235218,19,18,18
stratified_equal,55,172,0.0006549880466461385,0.9720279720279721,0.909090909090909,0.0009511127592915575,0.968974670328859,19,18,18
stratified_equal,55,173,0.0006648819567334712,0.9790209790209792,0.9393939393939392,0.0022684478177520916,0.9830736514947042,19,18,18
stratified_equal,55,174,0.0006351298906177686,0.9930069930069931,0.9696969696969696,0.00104526043625959,0.9871379463548489,19,18,18
stratified_equal,55,175,0.0017199666528239718,0.9860139860139862,0.9393939393939392,0.003356959382564056,0.9707796750511868,19,18,18
stratified_equal,55,176,0.0012425034326141368,0.9790209790209792,0.909090909090909,0.0032227775450375993,0.9725077774996346,19,18,18
stratified_equal,55,177,0.0005344323934018979,1.0,0.9999999999999998,0.004563190929592772,0.9590911846626181,19,18,18
stratified_equal,55,178,0.0012130092646286685,0.9720279720279721,0.909090909090909,0.0011875207328750732,0.9836717483612668,19,18,18
stratified_equal,55,179,0.0005296026647810648,0.9790209790209792,0.9393939393939392,0.0010993283545934355,0.9854128327812539,19,18,18
stratified_equal,55,180,0.0012190347027624235,0.9562186292818428,0.8702543635872545,0.0013079623502388208,0.9678556446431233,19,18,18
stratified_equal,55,181,0.0035383594785668958,0.9790209790209792,0.9393939393939392,0.0038067407017923845,0.9649091251729877,19,18,18
stratified_equal,55,182,0.0010736504931615851,0.9702291586486097,0.9007896044148774,0.004941094482062857,0.9772036479939067,19,18,18
stratified_equal,55,183,0.004305840868872263,0.9930069930069931,0.9696969696969696,0.0049515459410112905,0.9310350468245207,19,18,18
stratified_equal,55,184,0.00087075500051754,0.9790209790209792,0.9393939393939392,0.0012785392418939911,0.9778324790188359,19,18,18
stratified_equal,55,185,0.001124198526688342,0.9720279720279721,0.909090909090909,0.0015577258102208085,0.9871753977017136,19,18,18
stratified_equal,55,186,0.0007364369652323887,0.9860139860139862,0.9393939393939392,0.0018801051558124248,0.9824898623044732,19,18,18
stratified_equal,55,187,0.0008272405523609272,0.9790209790209792,0.9393939393939392,0.0010302206709376868,0.9807421280111966,19,18,18
stratified_equal,55,188,0.0027832571985129673,0.9580419580419581,0.8787878787878787,0.0033511959757798223,0.9824678561524354,19,18,18
stratified_equal,55,189,0.000373738412978709,0.9720279720279721,0.909090909090909,0.0016732380856027873,0.9830853808674686,19,18,18
stratified_equal,55,190,0.0013611600178084382,0.9860139860139862,0.9393939393939392,0.0021322302161348792,0.983058828032628,19,18,18
stratified_equal,55,191,0.0007918147273799728,0.9580419580419581,0.8787878787878787,0.0017002330964133317,0.9759826628856407,19,18,18
stratified_equal,55,192,0.0008125872495064637,0.9720279720279721,0.909090909090909,0.001067917930113349,0.9544099301902795,19,18,18
stratified_equal,55,193,0.0005423334543010243,0.9930069930069931,0.9696969696969696,0.001260428256177589,0.9830173978948914,19,18,18
stratified_equal,55,194,0.0011458619696283767,0.9720279720279721,0.909090909090909,0.0030899066521892777,0.9848443953707112,19,18,18
stratified_equal,55,195,0.0011497069962973906,0.9930069930069931,0.9696969696969696,0.002964055963088358,0.9830674956724622,19,18,18
stratified_equal,55,196,0.0009610427913856007,0.9370629370629372,0.8484848484848484,0.0017777878236038443,0.9871662089093743,19,18,18
stratified_equal,55,197,0.0007380077992983859,0.9772344233319931,0.9313248452425005,0.0013355168874373518,0.9608550174128413,19,18,18
stratified_equal,55,198,0.0007872428968893819,0.965034965034965,0.8787878787878787,0.0009360938930877107,0.9813167212439815,19,18,18
stratified_equal,55,199,0.0008380722738309462,0.9860139860139862,0.9393939393939392,0.0008793850861993622,0.9778217701014041,19,18,18
stratified_equal,60,0,0.0007403601428499538,0.9790209790209792,0.909090909090909,0.0019310956790123464,0.9515412478976831,20,20,20
stratified_equal,60,1,0.0012061993863487748,0.9790209790209792,0.9393939393939392,0.0015560956790123452,0.9689654361021565,20,20,20
stratified_equal,60,2,0.0014327360293747793,0.9930069930069931,0.9696969696969696,0.0015968364197530864,0.9789934001120936,20,20,20
stratified_equal,60,3,0.0003985555723219816,0.9720279720279721,0.909090909090909,0.0014181327160493822,0.9865880311707645,20,20,20
stratified_equal,60,4,0.0005154980467112635,0.9720279720279721,0.909090909090909,0.0015449845679012355,0.9854082419660658,20,20,20
stratified_equal,60,5,0.0006765303556159136,0.9860139860139862,0.9393939393939392,0.0005301697530864198,0.9865747762431711,20,20,20
stratified_equal,60,6,0.0007743041932833683,0.9580419580419581,0.8787878787878787,0.0012773919753086421,0.9830818304502515,20,20,20
stratified_equal,60,7,0.0011683940277987344,0.9720279720279721,0.909090909090909,0.0012959104938271605,0.9900474300879342,20,20,20
stratified_equal,60,8,0.0010519046660966058,0.9790209790209792,0.9393939393939392,0.0009051697530864203,0.977846285482157,20,20,20
stratified_equal,60,9,0.0004253483225189877,0.99124495269876,0.9618600860701234,0.0013755401234567903,0.9836466176264453,20,20,20
stratified_equal,60,10,0.0015890993075465664,0.9930069930069931,0.9696969696969696,0.0018727623456790121,0.9712948211128296,20,20,20
stratified_equal,60,11,0.0027097454856395537,0.965034965034965,0.909090909090909,0.0028292438271604946,0.9661284151164292,20,20,20
stratified_equal,60,12,0.0006656753516758061,0.9667265263069179,0.9007896044148774,0.0020301697530864193,0.9801368960814351,20,20,20
stratified_equal,60,13,0.00041281877169156413,0.9720279720279721,0.909090909090909,0.002746836419753086,0.9806424178124257,20,20,20
stratified_equal,60,14,0.0013588392602652422,0.9790209790209792,0.909090909090909,0.0018885030864197537,0.9625815413523292,20,20,20
stratified_equal,60,15,0.000764572120785337,0.9930069930069931,0.9696969696969696,0.0017931327160493808,0.9661018173964834,20,20,20
stratified_equal,60,16,0.0009064751940713892,0.9720279720279721,0.909090909090909,0.0008764660493827157,0.9671447107732041,20,20,20
stratified_equal,60,17,0.000732361718894087,0.9930069930069931,0.9696969696969696,0.0015264660493827164,0.9894757289431197,20,20,20
stratified_equal,60,18,0.00038624272756232654,0.9930069930069931,0.9696969696969696,0.0008459104938271608,0.9894756640434021,20,20,20
stratified_equal,60,19,0.0004107305132203247,0.99124495269876,0.9618600860701234,0.003392206790123456,0.9790092001916108,20,20,20
stratified_equal,60,20,0.000808208842613548,0.9580419580419581,0.8787878787878787,0.0013116512345679014,0.9900620155151998,20,20,20
stratified_equal,60,21,0.0014664239726371884,0.965034965034965,0.909090909090909,0.0012505401234567907,0.9766399074438267,20,20,20
stratified_equal,60,22,0.0004570268095166231,0.9877423203570683,0.9618600860701234,0.001315354938271605,0.9795970904686732,20,20,20
stratified_equal,60,23,0.0015482206629445214,0.9860139860139862,0.9393939393939392,0.00260054012345679,0.9824960324537853,20,20,20
stratified_equal,60,24,0.0006173892996663467,0.9720279720279721,0.909090909090909,0.0009959104938271602,0.9894874906738474,20,20,20
stratified_equal,60,25,0.0013353562027396315,0.9790209790209792,0.9393939393939392,0.002834799382716052,0.9854266392445751,20,20,20
stratified_equal,60,26,0.0002775350837483025,0.9930069930069931,0.9696969696969696,0.0011097993827160495,0.9906441959160747,20,20,20
stratified_equal,60,27,0.0011175075029760406,0.9930069930069931,0.9696969696969696,0.0016153549382716054,0.9877253793774354,20,20,20
stratified_equal,60,28,0.0021479842563251333,0.9720279720279721,0.909090909090909,0.0026459104938271606,0.9865263562685384,20,20,20
stratified_equal,60,29,0.0011520622705095324,0.9790209790209792,0.9393939393939392,0.0014468364197530864,0.9830588351945911,20,20,20
stratified_equal,60,30,0.0006146706235434141,0.9860139860139862,0.9393939393939392,0.0010357253086419765,0.9560660320923802,20,20,20
stratified_equal,60,31,0.0006923104974598846,0.9580419580419581,0.8787878787878787,0.0011227623456790128,0.981905609624374,20,20,20
stratified_equal,60,32,0.000870718692889357,0.965034965034965,0.8787878787878787,0.001115354938271605,0.9883255812296872,20,20,20
stratified_equal,60,33,0.0003337998591620141,0.9930069930069931,0.9696969696969696,0.0015570216049382718,0.957329887571922,20,20,20
stratified_equal,60,34,0.0009661875660178027,0.965034965034965,0.8787878787878787,0.0029727623456790113,0.9284712380464611,20,20,20
stratified_equal,60,35,0.0009222553359153614,0.9860139860139862,0.9393939393939392,0.001214429012345679,0.9700073475257854,20,20,20
stratified_equal,60,36,0.00046376439816910514,1.0,0.9999999999999998,0.0011542438271604934,0.9678664288463206,20,20,20
stratified_equal,60,37,0.000499639102660831,0.9790209790209792,0.9393939393939392,0.0016283179012345674,0.9682497327523469,20,20,20
stratified_equal,60,38,0.0025050173532518458,0.9720279720279721,0.909090909090909,0.002824614197530866,0.9924053114597927,20,20,20
stratified_equal,60,39,0.0006610063209429416,0.965034965034965,0.8787878787878787,0.0020662808641975306,0.9829594325851857,20,20,20
stratified_equal,60,40,0.0005394342169240319,0.9930069930069931,0.9696969696969696,0.0015588734567901228,0.9848270347847876,20,20,20
stratified_equal,60,41,0.002435671411565477,0.9720279720279721,0.909090909090909,0.0027644290123456784,0.9871503612818543,20,20,20
stratified_equal,60,42,0.0009648282279563366,0.965034965034965,0.8787878787878787,0.0029903549382716064,0.9859904912051084,20,20,20
stratified_equal,60,43,0.0008263924517546032,1.0,0.9999999999999998,0.00660979938271605,0.9854072321292738,20,20,20
stratified_equal,60,44,0.0007439259426923536,0.9580419580419581,0.8787878787878787,0.0019709104938271612,0.9900927298033718,20,20,20
stratified_equal,60,45,0.0008776138859547638,1.0,0.9999999999999998,0.00442091049382716,0.9853881512051247,20,20,20
stratified_equal,60,46,0.0006916800798081908,0.9790209790209792,0.9393939393939392,0.0009440586419753086,0.9976689976689977,20,20,20
stratified_equal,60,47,0.0004892175108562591,0.9930069930069931,0.9696969696969696,0.0009560956790123469,0.9506750773074429,20,20,20
stratified_equal,60,48,0.0004261363445836052,0.9860139860139862,0.9393939393939392,0.0007070216049382718,0.9819178744767135,20,20,20
stratified_equal,60,49,0.0006948912697215078,0.9930069930069931,0.9696969696969696,0.0016394290123456804,0.9754366272592451,20,20,20
stratified_equal,60,50,0.00019522617909897104,0.9790209790209792,0.9393939393939392,0.001228317901234569,0.9760617351428288,20,20,20
stratified_equal,60,51,0.001981553996277852,0.9860139860139862,0.9393939393939392,0.002230169753086419,0.97721088914018,20,20,20
stratified_equal,60,52,0.0003851788977750938,0.965034965034965,0.909090909090909,0.001839429012345679,0.9918322994681711,20,20,20
stratified_equal,60,53,0.0009809826802810006,0.9860139860139862,0.9393939393939392,0.001726466049382716,0.9854307251413673,20,20,20
stratified_equal,60,54,0.0003126217661754101,0.9930069930069931,0.9696969696969696,0.0018116512345679016,0.98655993129048,20,20,20
stratified_equal,60,55,0.0006322829166876227,0.9790209790209792,0.9393939393939392,0.0010209104938271607,0.9871662089093743,20,20,20
stratified_equal,60,56,0.0013301749576647703,0.965034965034965,0.8787878787878787,0.0017273919753086418,0.9778176842046119,20,20,20
stratified_equal,60,57,0.0003446942642053542,0.9860139860139862,0.9393939393939392,0.001083873456790124,0.9876923196275165,20,20,20
stratified_equal,60,58,0.0019122868567979425,0.965034965034965,0.8787878787878787,0.0020227623456790128,0.9760801539072274,20,20,20
stratified_equal,60,59,0.0008637840987207215,0.9860139860139862,0.9393939393939392,0.005998688271604936,0.9848105900677752,20,20,20
stratified_equal,60,60,0.00341610876381134,0.9930069930069931,0.9696969696969696,0.0038338734567901233,0.9813110865742445,20,20,20
stratified_equal,60,61,0.001099363294938215,0.9930069930069931,0.9696969696969696,0.0024709104938271595,0.9625308566796608,20,20,20
stratified_equal,60,62,0.002824481498247908,0.9790209790209792,0.9393939393939392,0.004323688271604938,0.9771796539671325,20,20,20
stratified_equal,60,63,0.00023746416176248814,0.9982502173821435,0.9923953268977463,0.0007764660493827157,0.9632012467525576,20,20,20
stratified_equal,60,64,0.0013421528930469635,0.9720279720279721,0.909090909090909,0.002077391975308643,0.9894802702607436,20,20,20
stratified_equal,60,65,0.00043391806247170634,0.9440559440559443,0.8484848484848484,0.0018357253086419758,0.9754814928029824,20,20,20
stratified_equal,60,66,0.0007101197961202488,0.9930069930069931,0.9696969696969696,0.0011922067901234577,0.9889149422083063,20,20,20
stratified_equal,60,67,0.0009193790553795063,0.9720279720279721,0.909090909090909,0.0040218364197530864,0.9690360123276324,20,20,20
stratified_equal,60,68,0.0011462506077829723,0.9772344233319931,0.9313248452425005,0.001222762345679013,0.9677089678875772,20,20,20
stratified_equal,60,69,0.0012462112066797414,0.9300699300699302,0.8181818181818181,0.0027829475308641985,0.9615006678875956,20,20,20
stratified_equal,60,70,0.0015909708599500354,0.9930069930069931,0.9696969696969696,0.0026422067901234574,0.9795443449017576,20,20,20
stratified_equal,60,71,0.0004984767701155186,0.9930069930069931,0.9696969696969696,0.0014894290123456803,0.9877617274723697,20,20,20
stratified_equal,60,72,0.0009475114430863608,0.9790209790209792,0.9393939393939392,0.0010292438271604942,0.9795358559188987,20,20,20
stratified_equal,60,73,0.0006444184564827357,0.9860139860139862,0.9393939393939392,0.000814429012345679,0.9618051118067751,20,20,20
stratified_equal,60,74,0.0012837210569555503,0.9702291586486097,0.9007896044148774,0.0019181327160493827,0.9666946028689422,20,20,20
stratified_equal,60,75,0.0013899267307144168,0.9860139860139862,0.9393939393939392,0.002010725308641976,0.9883449883449883,20,20,20
stratified_equal,60,76,0.0011628581727947918,0.9860139860139862,0.9393939393939392,0.0012051697530864197,0.9824863118872562,20,20,20
stratified_equal,60,77,0.0007400646345757248,0.9930069930069931,0.9696969696969696,0.0017542438271604948,0.9842468374403013,20,20,20
stratified_equal,60,78,0.0010806477709035388,0.9720279720279721,0.909090909090909,0.0007783179012345681,0.9848198585040692,20,20,20
stratified_equal,60,79,0.0009869716479721004,0.9720279720279721,0.909090909090909,0.002903317901234568,0.9748993351041987,20,20,20
stratified_equal,60,80,0.0014664436731888035,0.9860139860139862,0.9393939393939392,0.0037060956790123463,0.9906287668995196,20,20,20
stratified_equal,60,81,0.0005001119158996023,0.9930069930069931,0.9696969696969696,0.0014644290123456787,0.9824806483166152,20,20,20
stratified_equal,60,82,0.0012215264155055923,0.9790209790209792,0.909090909090909,0.003609799382716048,0.9678017372067823,20,20,20
stratified_equal,60,83,0.0006761363445836042,0.9930069930069931,0.9696969696969696,0.0012940586419753087,0.9865660070571224,20,20,20
stratified_equal,60,84,0.0004638432003755667,0.9877423203570683,0.9618600860701234,0.0011301697530864188,0.9859996728354847,20,20,20
stratified_equal,60,85,0.00208393776302332,0.9860139860139862,0.9393939393939392,0.002666280864197531,0.9760668792180957,20,20,20
stratified_equal,60,86,0.0005811599852455427,1.0,0.9999999999999998,0.0011727623456790123,0.9608184607138325,20,20,20
stratified_equal,60,87,0.0011160693627081109,0.965034965034965,0.8787878787878787,0.001342206790123458,0.9801614491443867,20,20,20
stratified_equal,60,88,0.002571546116057206,0.9807370556736849,0.9313248452425005,0.00333942901234568,0.9842488768077159,20,20,20
stratified_equal,60,89,0.0005781063997451491,0.9720279720279721,0.909090909090909,0.0024264660493827158,0.9690378988135294,20,20,20
stratified_equal,60,90,0.0019123853595560262,0.9930069930069931,0.9696969696969696,0.0023273919753086414,0.9812807935489959,20,20,20
stratified_equal,60,91,0.0005127399694851016,0.9632238939652261,0.9007896044148774,0.0016107253086419745,0.9813284883398881,20,20,20
stratified_equal,60,92,0.0010759590396190654,0.965034965034965,0.8787878787878787,0.004424614197530864,0.9771779755167117,20,20,20
stratified_equal,60,93,0.0008428818134567317,0.9790209790209792,0.9393939393939392,0.0012310956790123452,0.9789668095541106,20,20,20
stratified_equal,60,94,0.0009486146739768271,0.9790209790209792,0.909090909090909,0.001728317901234568,0.9807319330843071,20,20,20
stratified_equal,60,95,0.0005006635313448349,0.9807370556736849,0.9313248452425005,0.0011755401234567909,0.9766664836778833,20,20,20
stratified_equal,60,96,0.0009333664470264751,0.9790209790209792,0.909090909090909,0.0019357253086419747,0.9772517839179168,20,20,20
stratified_equal,60,97,0.0010224720419831307,0.9860139860139862,0.9393939393939392,0.001737577160493828,0.9630817539304185,20,20,20
stratified_equal,60,98,0.0006692017504149675,0.9930069930069931,0.9696969696969696,0.003223688271604937,0.9783922468793613,20,20,20
stratified_equal,60,99,0.0005961915061281283,0.9790209790209792,0.9393939393939392,0.000733873456790124,0.9860022071846176,20,20,20
stratified_equal,60,100,0.0006882521838271001,0.9930069930069931,0.9696969696969696,0.0017097993827160495,0.9760668792180959,20,20,20
stratified_equal,60,101,0.0005293278339453063,0.9930069930069931,0.9696969696969696,0.0019005401234567902,0.987708240550353,20,20,20
stratified_equal,60,102,0.0009224720419831305,0.9790209790209792,0.9393939393939392,0.003637577160493828,0.984773193206011,20,20,20
stratified_equal,60,103,0.00027245234143151805,0.9720279720279721,0.909090909090909,0.002379243827160493,0.9784213745611915,20,20,20
stratified_equal,60,104,0.0005799779521486157,0.9720279720279721,0.909090909090909,0.0014542438271604931,0.9677732345274648,20,20,20
stratified_equal,60,105,0.0008864791341817138,0.9930069930069931,0.9696969696969696,0.0017338734567901237,0.9754488057798435,20,20,20
stratified_equal,60,106,0.0009342726724007824,0.9720279720279721,0.909090909090909,0.0016144290123456789,0.9446288827063908,20,20,20
stratified_equal,60,107,0.0012481615612896697,0.9790209790209792,0.9393939393939392,0.001165354938271604,0.9859868976995704,20,20,20
stratified_equal,60,108,0.0009336225541974733,0.9790209790209792,0.9393939393939392,0.0010616512345679012,0.9789550046626064,20,20,20
stratified_equal,60,109,0.0006860654225977894,0.9790209790209792,0.9393939393939392,0.0008699845679012351,0.9725529632130042,20,20,20
stratified_equal,60,110,0.0028937289371761994,0.9930069930069931,0.9696969696969696,0.004054243827160495,0.9859751215693171,20,20,20
stratified_equal,60,111,0.0004362033264590972,0.9720279720279721,0.909090909090909,0.003167206790123457,0.9748987377117343,20,20,20
stratified_equal,60,112,0.00039859497342521164,0.9930069930069931,0.9696969696969696,0.0019838734567901237,0.9754406196245334,20,20,20
stratified_equal,60,113,0.0003044066361517699,0.9860139860139862,0.9393939393939392,0.0016477623456790105,0.9853861872912445,20,20,20
stratified_equal,60,114,0.002407893633787701,0.9930069930069931,0.9696969696969696,0.0022209104938271606,0.9801562609367344,20,20,20
stratified_equal,60,115,0.0006881339805174091,1.0,0.9999999999999998,0.0008635030864197535,0.9923908716026976,20,20,20
stratified_equal,60,116,0.0005683152255922725,0.9860139860139862,0.9393939393939392,0.0024088734567901233,0.9766792462866558,20,20,20
stratified_equal,60,117,0.0011702655802022044,0.9842396880153765,0.9313248452425005,0.0015135030864197533,0.9906570866823011,20,20,20
stratified_equal,60,118,0.0003885870932045662,0.9930069930069931,0.9696969696969696,0.001391280864197531,0.9941653393666541,20,20,20
stratified_equal,60,119,0.0004961718055765122,0.9720279720279721,0.909090909090909,0.0010070216049382719,0.9819015094036558,20,20,20
stratified_equal,60,120,0.0004397297251982622,0.9702291586486097,0.9007896044148774,0.001551466049382717,0.9462980790261785,20,20,20
stratified_equal,60,121,0.0012511166440319884,0.9702291586486097,0.9007896044148774,0.002328317901234566,0.9748715514478278,20,20,20
stratified_equal,60,122,0.001421349110541049,0.9860139860139862,0.9393939393939392,0.0013227623456790137,0.9818722085583454,20,20,20
stratified_equal,60,123,0.001781987408413393,0.9930069930069931,0.9696969696969696,0.0022107253086419737,0.9847925952007905,20,20,20
stratified_equal,60,124,0.0026464870144023603,0.9860139860139862,0.9393939393939392,0.0024125771604938274,0.9701974311773229,20,20,20
stratified_equal,60,125,0.0007660102610532671,0.965034965034965,0.8787878787878787,0.002754243827160495,0.9713469362808702,20,20,20
stratified_equal,60,126,0.0004337604580587822,0.9860139860139862,0.9393939393939392,0.0022051697530864186,0.9784152421350218,20,20,20
stratified_equal,60,127,0.001260040993913787,0.9930069930069931,0.9696969696969696,0.0019255401234567905,0.9783922468793613,20,20,20
stratified_equal,60,128,0.000697235635363744,0.9790209790209792,0.9393939393939392,0.0007079475308641977,0.9743107565076579,20,20,20
stratified_equal,60,129,0.0006763924517546074,0.9720279720279721,0.909090909090909,0.0016422067901234565,0.9842596000490739,20,20,20
stratified_equal,60,130,0.00047997795214861676,0.9720279720279721,0.909090909090909,0.0023912808641975308,0.9889129279990981,20,20,20
stratified_equal,60,131,0.0014364791341817146,0.9860139860139862,0.9393939393939392,0.00198942901234568,0.9813284883398881,20,20,20
stratified_equal,60,132,0.0017081300404070867,0.9930069930069931,0.9696969696969696,0.0018320216049382717,0.976658311884299,20,20,20
stratified_equal,60,133,0.0019848439883976272,0.9720279720279721,0.909090909090909,0.0032181327160493837,0.9818380212632315,20,20,20
stratified_equal,60,134,0.0005657344533306502,0.9720279720279721,0.909090909090909,0.0014190586419753073,0.960846340700861,20,20,20
stratified_equal,60,135,0.001326136344583604,0.9860139860139862,0.9393939393939392,0.0024505401234567914,0.9783799677030957,20,20,20
stratified_equal,60,136,0.0005859078181848647,0.9930069930069931,0.9696969696969696,0.0016060956790123464,0.936690307084216,20,20,20
stratified_equal,60,137,0.0008691820498633497,0.9720279720279721,0.909090909090909,0.000906095679012346,0.987153927860725,20,20,20
stratified_equal,60,138,0.0005700291735828164,0.9982502173821435,0.9923953268977463,0.0009690586419753084,0.9965024759237601,20,20,20
stratified_equal,60,139,0.0009831497409587015,0.9720279720279721,0.909090909090909,0.0034653549382716053,0.9806980726188055,20,20,20
stratified_equal,60,140,0.0003856320104622504,0.9930069930069931,0.9696969696969696,0.002087577160493827,0.9825006232689734,20,20,20
stratified_equal,60,141,0.0011082088426135493,0.9720279720279721,0.909090909090909,0.0015838734567901228,0.9736586766060419,20,20,20
stratified_equal,60,142,0.0011651828378854156,0.9510489510489512,0.8484848484848484,0.0013273919753086418,0.983063392677035,20,20,20
stratified_equal,60,143,0.0007752498197609092,0.9720279720279721,0.909090909090909,0.0012236882716049385,0.9766501400907147,20,20,20
stratified_equal,60,144,0.002212424760659252,0.9930069930069931,0.9696969696969696,0.002642206790123456,0.9719543614280456,20,20,20
stratified_equal,60,145,0.0034425863051824996,0.9790209790209792,0.909090909090909,0.0046162808641975325,0.9766664836778833,20,20,20
stratified_equal,60,146,0.0005523971798869933,0.9930069930069931,0.9696969696969696,0.0026079475308641987,0.9760334689200644,20,20,20
stratified_equal,60,147,0.002553598913535535,0.9720279720279721,0.909090909090909,0.0033246141975308632,0.9602505390213268,20,20,20
stratified_equal,60,148,0.0011274168804386072,0.9790209790209792,0.9393939393939392,0.0018283179012345673,0.9356373620781344,20,20,20
stratified_equal,60,149,0.0002310220813842357,0.9667265263069179,0.9007896044148774,0.0007385030864197534,0.9725642468764041,20,20,20
stratified_equal,60,150,0.0003646312224401848,0.9790209790209792,0.9393939393939392,0.0016792438271604944,0.9584300779769807,20,20,20
stratified_equal,60,151,0.0033407344533306475,0.965034965034965,0.909090909090909,0.00349591049382716,0.9789800842432422,20,20,20
stratified_equal,60,152,0.0008137052965142582,0.9930069930069931,0.9696969696969696,0.001562577160493828,0.9871605742396374,20,20,20
stratified_equal,60,153,0.00014305911842127337,0.9982502173821435,0.9923953268977463,0.002597762345679011,0.9871743807029585,20,20,20
stratified_equal,60,154,0.000378973224016229,0.9649182205059428,0.8924133096001623,0.001026466049382715,0.9789585406424984,20,20,20
stratified_equal,60,155,0.000849323893834985,0.965034965034965,0.8787878787878787,0.0012144290123456787,0.9742695795228081,20,20,20
stratified_equal,60,156,0.0003026532870579944,1.0,0.9999999999999998,0.0024820216049382705,0.9853877316013303,20,20,20
stratified_equal,60,157,0.0010132521838271012,0.9930069930069931,0.9696969696969696,0.0010477623456790128,0.9824699468141983,20,20,20
stratified_equal,60,158,0.0007369716479721011,0.9720279720279721,0.909090909090909,0.0011088734567901238,0.993006993006993,20,20,20
stratified_equal,60,159,0.0041199109702731275,0.9580419580419581,0.8787878787878787,0.005317206790123458,0.9894828549010987,20,20,20
stratified_equal,60,160,0.001010316801636402,0.9930069930069931,0.9696969696969696,0.001465354938271604,0.9795434187582376,20,20,20
stratified_equal,60,161,0.0003074011199973165,0.9982502173821435,0.9923953268977463,0.0021718364197530864,0.9924073490272735,20,20,20
stratified_equal,60,162,0.0010748164076253668,0.9930069930069931,0.9696969696969696,0.002663503086419754,0.9924078674082137,20,20,20
stratified_equal,60,163,0.00037753508374830237,0.9930069930069931,0.9696969696969696,0.001144058641975308,0.9888677039338356,20,20,20
stratified_equal,60,164,0.0003040520262226901,0.9720279720279721,0.909090909090909,0.0010033179012345678,0.9789521862934479,20,20,20
stratified_equal,60,165,0.0007692608520698134,0.9930069930069931,0.9696969696969696,0.000815354938271605,0.9824822259904641,20,20,20
stratified_equal,60,166,0.0011156950522274158,0.9720279720279721,0.909090909090909,0.003379243827160495,0.9918230023792994,20,20,20
stratified_equal,60,167,0.00034668401991851436,0.9720279720279721,0.909090909090909,0.0011773919753086425,0.9847879142354108,20,20,20
stratified_equal,60,168,0.0007184137283503487,0.9930069930069931,0.9696969696969696,0.0013625771604938277,0.9812885223407156,20,20,20
stratified_equal,60,169,0.001147038629847592,0.965034965034965,0.909090909090909,0.0016875771604938266,0.9777936307704765,20,20,20
stratified_equal,60,170,0.0005813372902100815,0.9720279720279721,0.909090909090909,0.001939429012345677,0.9877617274723697,20,20,20
stratified_equal,60,171,0.0006267273611320662,0.9720279720279721,0.909090909090909,0.0026023919753086423,0.962010296674399,20,20,20
stratified_equal,60,172,0.0002402222389886481,0.965034965034965,0.8787878787878787,0.003123688271604939,0.9795868721457112,20,20,20
stratified_equal,60,173,0.0007783625069161499,1.0,0.9999999999999998,0.0010496141975308646,0.9906529792459616,20,20,20
stratified_equal,60,174,0.0008235161712187496,0.9930069930069931,0.9696969696969696,0.0013449845679012358,0.9877474232526154,20,20,20
stratified_equal,60,175,0.0012422710963566521,1.0,0.9999999999999998,0.0019218364197530877,0.9787529378775744,20,20,20
stratified_equal,60,176,0.0005629369750012539,0.9720279720279721,0.909090909090909,0.0012764660493827156,0.9684655355496751,20,20,20
stratified_equal,60,177,0.0008565342957262341,0.9930069930069931,0.9696969696969696,0.0017023919753086422,0.9742709712813039,20,20,20
stratified_equal,60,178,0.0014091741696427085,0.9930069930069931,0.9696969696969696,0.00184128086419753,0.9853656805641982,20,20,20
stratified_equal,60,179,0.0008377399694851018,0.9860139860139862,0.9393939393939392,0.003007021604938273,0.9947547344653765,20,20,20
stratified_equal,60,180,0.000991739181463037,0.9790209790209792,0.909090909090909,0.0011412808641975308,0.937967203434105,20,20,20
stratified_equal,60,181,0.0018417194809114213,0.9930069930069931,0.9696969696969696,0.001726466049382716,0.9807564627889861,20,20,20
stratified_equal,60,182,0.0005321450128263136,0.9930069930069931,0.9696969696969696,0.0009542438271604937,0.9683700139718155,20,20,20
stratified_equal,60,183,0.0013559826802810023,0.9720279720279721,0.909090909090909,0.0031746141975308637,0.9261605295163128,20,20,20
stratified_equal,60,184,0.0006410102610532659,0.9720279720279721,0.909090909090909,0.0008885030864197535,0.987731049145211,20,20,20
stratified_equal,60,185,0.0006521016716127589,0.9860139860139862,0.9393939393939392,0.0010033179012345682,0.9924237321343744,20,20,20
stratified_equal,60,186,0.0006445169592408118,0.9790209790209792,0.9393939393939392,0.002855169753086419,0.9758314893210888,20,20,20
stratified_equal,60,187,0.0006836619553007039,0.9737317909903013,0.9313248452425005,0.00100054012345679,0.9906627070249625,20,20,20
stratified_equal,60,188,0.0017940638465536592,0.9930069930069931,0.9696969696969696,0.0018810956790123456,0.9976638840147695,20,20,20
stratified_equal,60,189,0.0006534019080193802,0.9930069930069931,0.9696969696969696,0.0011107253086419767,0.9865633111422474,20,20,20
stratified_equal,60,190,0.0010643554147175673,0.9790209790209792,0.9393939393939392,0.0011459104938271606,0.9825133930397089,20,20,20
stratified_equal,60,191,0.0004403798434015706,0.9720279720279721,0.909090909090909,0.0006672067901234567,0.9894972112403767,20,20,20
stratified_equal,60,192,0.0009972159348121306,0.9860139860139862,0.9393939393939392,0.004325540123456793,0.9684486798821474,20,20,20
stratified_equal,60,193,0.000417960615663196,0.9930069930069931,0.9696969696969696,0.0011125771604938268,0.9900579026949176,20,20,20
stratified_equal,60,194,0.0013454625857183544,0.9860139860139862,0.9393939393939392,0.0013292438271604945,0.9877423203570683,20,20,20
stratified_equal,60,195,0.0004870307496269448,0.9807370556736849,0.9313248452425005,0.00107554012345679,0.9871672187461663,20,20,20
stratified_equal,60,196,0.0011921725935985777,0.9720279720279721,0.909090909090909,0.0019218364197530868,0.988907816141654,20,20,20
stratified_equal,60,197,0.0009551749576647701,0.965034965034965,0.909090909090909,0.0013996141975308645,0.9854040895848858,20,20,20
stratified_equal,60,198,0.00046729079690826895,0.965034965034965,0.8787878787878787,0.0015292438271604925,0.9819240069028834,20,20,20
stratified_equal,60,199,0.0006901631373338017,0.9790209790209792,0.9393939393939392,0.000640354938271605,0.984805971985154,20,20,20
stratified_equal,65,0,0.0015754546355549188,0.9720279720279721,0.909090909090909,0.0013785299787193726,0.9777671789251482,22,22,21
stratified_equal,65,1,0.0006651856355968882,0.9930069930069931,0.9696969696969696,0.0010198171026904789,0.9900886439065797,22,22,21
stratified_equal,65,2,0.001056322485653543,0.9720279720279721,0.909090909090909,0.0019309064542560221,0.9935810579253096,22,22,21
stratified_equal,65,3,0.0008911623866145547,0.9930069930069931,0.9696969696969696,0.0021126684152387603,0.9754212907786748,22,22,21
stratified_equal,65,4,0.0007828741663787083,0.9860139860139862,0.9393939393939392,0.0008363096929925942,0.990658622928104,22,22,21
stratified_equal,65,5,0.0008896851949573322,0.9930069930069931,0.9696969696969696,0.0015333574744559582,0.9790209790209791,22,22,21
stratified_equal,65,6,0.0004971718708564469,0.9930069930069931,0.9696969696969696,0.000797513672594841,0.9900845580097876,22,22,21
stratified_equal,65,7,0.0005197829749732803,0.9930069930069931,0.9696969696969696,0.002469402109634793,0.992411394939403,22,22,21
stratified_equal,65,8,0.0018587229220965319,0.9790209790209792,0.9393939393939392,0.002096948444973334,0.9871641246568542,22,22,21
stratified_equal,65,9,0.0011013600449300543,0.9860139860139862,0.9393939393939392,0.0015620998560121942,0.986574776243171,22,22,21
stratified_equal,65,10,0.0014141050195408242,0.9580419580419581,0.909090909090909,0.0020708869643664,0.9825042042473696,22,22,21
stratified_equal,65,11,0.0006873435104552553,1.0,0.9999999999999998,0.0009496488149897241,0.9789893142153012,22,22,21
stratified_equal,65,12,0.001001448172841423,0.9790209790209792,0.9393939393939392,0.001670615959117042,0.9865681102460274,22,22,21
stratified_equal,65,13,0.000699161043713046,0.9790209790209792,0.909090909090909,0.0005869671644292857,0.9819285977180715,22,22,21
stratified_equal,65,14,0.0008976251001149119,0.9930069930069931,0.9696969696969696,0.0007644188613615023,0.9877175955178451,22,22,21
stratified_equal,65,15,0.0013100637253194963,0.9510489510489512,0.8484848484848484,0.0015269581899181473,0.9912315591532007,22,22,21
stratified_equal,65,16,0.00022849085192992976,1.0,0.9999999999999998,0.002034502193133145,0.9772276998123474,22,22,21
stratified_equal,65,17,0.0010862188304435031,0.9860139860139862,0.9393939393939392,0.0009698039844955415,0.9924114744439977,22,22,21
stratified_equal,65,18,0.0006447399601593946,0.9930069930069931,0.9696969696969696,0.0017918546290570088,0.9894982210771687,22,22,21
stratified_equal,65,19,0.0005973355369775588,0.9720279720279721,0.909090909090909,0.0007539456485073374,0.975413648461284,22,22,21
stratified_equal,65,20,0.001724634206665753,0.9790209790209792,0.9393939393939392,0.0020179649385006528,0.9859540068885181,22,22,21
stratified_equal,65,21,0.0015859628398438123,0.9860139860139862,0.9393939393939392,0.0018613076627957597,0.9959120602563117,22,22,21
stratified_equal,65,22,0.0002812165223315402,0.9930069930069931,0.9696969696969696,0.0006127230743843306,0.9830792915296199,22,22,21
stratified_equal,65,23,0.0005763694872062708,0.9930069930069931,0.9696969696969696,0.0003989693757821458,0.9976689976689977,22,22,21
stratified_equal,65,24,0.0004841121537050771,0.9930069930069931,0.9696969696969696,0.001339972376308956,0.9895053830339609,22,22,21
stratified_equal,65,25,0.0008910280964638971,0.9930069930069931,0.9696969696969696,0.0007645141244437785,0.9760781145398129,22,22,21
stratified_equal,65,26,0.0009463052797279904,1.0,0.9999999999999998,0.0010005989471086874,0.9801578538420644,22,22,21
stratified_equal,65,27,0.0007016118389625344,0.9930069930069931,0.9696969696969696,0.0005996033177580796,0.9888804494152715,22,22,21
stratified_equal,65,28,0.0014097405896444776,0.9860139860139862,0.9393939393939392,0.0016171931513652299,0.9848126242404733,22,22,21
stratified_equal,65,29,0.0010313109450937198,0.9667265263069179,0.9007896044148774,0.003358727230561647,0.9970733996014075,22,22,21
stratified_equal,65,30,0.001099983570885823,0.9720279720279721,0.909090909090909,0.003285743736582482,0.9783702237404944,22,22,21
stratified_equal,65,31,0.0014826433551822671,0.9790209790209792,0.9393939393939392,0.0009811736073370282,0.9953379953379954,22,22,21
stratified_equal,65,32,0.0011730374128431002,0.9720279720279721,0.909090909090909,0.0013712431337701905,0.9854102938606221,22,22,21
stratified_equal,65,33,0.00043758061650250846,0.9860139860139862,0.9393939393939392,0.0004229720285726777,0.9906759906759909,22,22,21
stratified_equal,65,34,0.0007903776285466555,0.9860139860139862,0.9393939393939392,0.001107087456194598,0.9807564627889862,22,22,21
stratified_equal,65,35,0.00044483228463797377,0.9930069930069931,0.9696969696969696,0.0006174976808905391,0.987162123012582,22,22,21
stratified_equal,65,36,0.0005468424403306164,0.9860139860139862,0.9393939393939392,0.0012105780412869146,0.9824960324537853,22,22,21
stratified_equal,65,37,0.0009687653074253325,0.9930069930069931,0.9696969696969696,0.0013042252951073292,0.9889108814697206,22,22,21
stratified_equal,65,38,0.0009779306102076543,0.9720279720279721,0.909090909090909,0.001251818106336505,0.9924053114597927,22,22,21
stratified_equal,65,39,0.0005118934286221942,0.965034965034965,0.909090909090909,0.0009439793601860695,0.9836594906708903,22,22,21
stratified_equal,65,40,0.0008155570317947993,0.9982502173821435,0.9923953268977463,0.001833614736834433,0.9824753935113543,22,22,21
stratified_equal,65,41,0.0007028875953937726,0.9930069930069931,0.9696969696969696,0.0008603076607135041,0.9853939234223855,22,22,21
stratified_equal,65,42,0.0007303163586654186,0.9930069930069931,0.9696969696969696,0.001850222267511229,0.9953313508314666,22,22,21
stratified_equal,65,43,0.0006824251336874512,0.965034965034965,0.8787878787878787,0.0018145053789804869,0.971914137137153,22,22,21
stratified_equal,65,44,0.0004729492849317312,0.9930069930069931,0.9696969696969696,0.0023654877860235005,0.9731002810541424,22,22,21
stratified_equal,65,45,0.0016880737131494494,0.9720279720279721,0.909090909090909,0.004533194538145837,0.9924114744439977,22,22,21
stratified_equal,65,46,0.0011124725548969014,0.965034965034965,0.909090909090909,0.0011027891650997696,0.9953236605602059,22,22,21
stratified_equal,65,47,0.0011589537332929757,0.9860139860139862,0.9393939393939392,0.0018251987901067984,0.9795787003521269,22,22,21
stratified_equal,65,48,0.0011525245923302804,0.9720279720279721,0.909090909090909,0.0012882361936203937,0.9935836093730831,22,22,21
stratified_equal,65,49,0.0005790888627570724,0.9720279720279721,0.909090909090909,0.000692867436996225,0.988923139160097,22,22,21
stratified_equal,65,50,0.001532246779581107,0.9930069930069931,0.9696969696969696,0.0025912826341127214,0.9854128327812539,22,22,21
stratified_equal,65,51,0.0007285873729757125,0.9772344233319931,0.9313248452425005,0.0017326889670774943,0.9871333122765668,22,22,21
stratified_equal,65,52,0.0011784929502135296,0.9790209790209792,0.9393939393939392,0.0012956391241834965,0.9772538304472943,22,22,21
stratified_equal,65,53,0.0005852997822249461,0.9860139860139862,0.9393939393939392,0.0012406790930329884,0.9743313954500888,22,22,21
stratified_equal,65,54,0.00039556458561577283,0.9930069930069931,0.9696969696969696,0.00067425834046505,0.9906759906759909,22,22,21
stratified_equal,65,55,0.00039203946916103343,0.9754446010932804,0.9231861823449954,0.0007179351622804003,0.9889108814697206,22,22,21
stratified_equal,65,56,0.00046301181378313126,0.9860139860139862,0.9393939393939392,0.0014197013294145328,0.9825042042473696,22,22,21
stratified_equal,65,57,0.0006093041466548434,0.9930069930069931,0.9696969696969696,0.0006263352838839849,0.9895012971371687,22,22,21
stratified_equal,65,58,0.00047600438585917337,1.0,0.9999999999999998,0.0007621918916020649,0.9889129262023139,22,22,21
stratified_equal,65,59,0.0009073779223063586,0.9860139860139862,0.9393939393939392,0.0004984375683239318,0.9871354532981756,22,22,21
stratified_equal,65,60,0.0008335351257139738,0.9790209790209792,0.9393939393939392,0.0008656158445931177,0.9648987632096908,22,22,21
stratified_equal,65,61,0.0007568554496889591,0.9790209790209792,0.909090909090909,0.0014261464235219635,0.9871753977017136,22,22,21
stratified_equal,65,62,0.0010083809018690754,0.9930069930069931,0.9696969696969696,0.0010697136147082044,0.992986516806487,22,22,21
stratified_equal,65,63,0.0025917289231876402,0.9790209790209792,0.9393939393939392,0.0020126005337855993,0.9906759906759909,22,22,21
stratified_equal,65,64,0.0006618283818304693,0.9930069930069931,0.9696969696969696,0.0024982824404631778,0.9924058397742609,22,22,21
stratified_equal,65,65,0.000754773952353781,0.9720279720279721,0.909090909090909,0.0011788736546041747,0.9865839578735472,22,22,21
stratified_equal,65,66,0.0009484539221384958,0.9930069930069931,0.9696969696969696,0.003133098442162294,0.9877391776730216,22,22,21
stratified_equal,65,67,0.0002569603638691628,0.9860139860139862,0.9393939393939392,0.0004916556697671415,0.9819158351092989,22,22,21
stratified_equal,65,68,0.0007431410680531401,0.9930069930069931,0.9696969696969696,0.0012110626857109537,0.9871524024460531,22,22,21
stratified_equal,65,69,0.0010438335016424644,0.9860139860139862,0.9393939393939392,0.0016626513407628125,0.9678664288463206,22,22,21
stratified_equal,65,70,0.000762327773328224,0.9930069930069931,0.9696969696969696,0.0008177958595436949,0.9924216838050629,22,22,21
stratified_equal,65,71,0.00044948208110446366,0.9720279720279721,0.909090909090909,0.000570548077663878,0.9713461974830433,22,22,21
stratified_equal,65,72,0.0004339547824347757,0.9930069930069931,0.9696969696969696,0.0012085572145907639,0.9953061210738475,22,22,21
stratified_equal,65,73,0.0016500696005135862,0.9930069930069931,0.9696969696969696,0.002445898156477161,0.9877423203570682,22,22,21
stratified_equal,65,74,0.00022939731044686212,1.0,0.9999999999999998,0.0011351151043521171,0.9924078674082136,22,22,21
stratified_equal,65,75,0.0004716063834251649,0.9702291586486097,0.9007896044148774,0.001511491213412208,0.983073130342199,22,22,21
stratified_equal,65,76,0.00045972170509204173,0.9930069930069931,0.9696969696969696,0.0024074087478578826,0.9883449883449885,22,22,21
stratified_equal,65,77,0.00119945899998482,1.0,0.9999999999999998,0.001267804084443695,0.9800734996800214,22,22,21
stratified_equal,65,78,0.0016622732179545207,0.9930069930069931,0.9696969696969696,0.0018921130366747248,0.9964994070257229,22,22,21
stratified_equal,65,79,0.0010309416471794121,0.9860139860139862,0.9393939393939392,0.001075480414847298,0.9743037232041601,22,22,21
stratified_equal,65,80,0.0009567127664038888,0.9510489510489512,0.8787878787878787,0.0009751553751283188,0.9789974860088857,22,22,21
stratified_equal,65,81,0.0006117045830978322,0.9720279720279721,0.909090909090909,0.0025712466736005704,0.9900804721129953,22,22,21
stratified_equal,65,82,0.0017580556679104556,0.9930069930069931,0.9696969696969696,0.0014665462994196757,0.9970857367963788,22,22,21
stratified_equal,65,83,0.0003822027156254253,0.9930069930069931,0.9696969696969696,0.0005726214812524331,0.9836717483612668,22,22,21
stratified_equal,65,84,0.0007635699572217989,0.9790209790209792,0.9393939393939392,0.0014337003174394946,0.9842219162603013,22,22,21
stratified_equal,65,85,0.0006125606828082705,0.9930069930069931,0.9696969696969696,0.0006256882237131154,0.9900784255836178,22,22,21
stratified_equal,65,86,0.000425393785330407,1.0,0.9999999999999998,0.0019361464443444967,0.9830874651199885,22,22,21
stratified_equal,65,87,0.0007034415422652313,0.9860139860139862,0.9393939393939392,0.001357543990200917,0.9865645201970668,22,22,21
stratified_equal,65,88,0.0008296239250760963,0.9790209790209792,0.9393939393939392,0.0014667107974196715,0.9906452763878186,22,22,21
stratified_equal,65,89,0.00045122785306300246,0.9790209790209792,0.9393939393939392,0.00036776629154875915,0.9888990981775043,22,22,21
stratified_equal,65,90,0.0007122543334020836,0.9860139860139862,0.9393939393939392,0.0011193888873271994,0.992996262603672,22,22,21
stratified_equal,65,91,0.0002922451009542266,0.9790209790209792,0.9393939393939392,0.000890608088200079,0.9877494697819932,22,22,21
stratified_equal,65,92,0.0007817494863669577,0.9930069930069931,0.9696969696969696,0.0007193500533056813,0.9953379953379954,22,22,21
stratified_equal,65,93,0.00021408823327199043,0.9720279720279721,0.909090909090909,0.0012896313032406106,0.9935790185578949,22,22,21
stratified_equal,65,94,0.0006804947127717608,0.9860139860139862,0.9393939393939392,0.001866623655124737,0.9906647553542737,22,22,21
stratified_equal,65,95,0.0009767891439270758,0.9702291586486097,0.9007896044148774,0.0014911824777355074,0.9737511981056026,22,22,21
stratified_equal,65,96,0.0006168579676292869,0.9790209790209792,0.9393939393939392,0.0016714681212246143,0.9812772116714238,22,22,21
stratified_equal,65,97,0.0010351717869251055,0.9790209790209792,0.9393939393939392,0.0014533380470339342,0.9929926654289664,22,22,21
stratified_equal,65,98,0.0004057874233345181,0.9930069930069931,0.9696969696969696,0.001504431334057958,0.9935800409265546,22,22,21
stratified_equal,65,99,0.0007044655046639913,1.0,0.9999999999999998,0.001343212362232924,0.9836554047740981,22,22,21
stratified_equal,65,100,0.0006893075039086068,0.9860139860139862,0.9393939393939392,0.0029466571377556243,0.9953379953379954,22,22,21
stratified_equal,65,101,0.0004433383067119184,0.9860139860139862,0.9393939393939392,0.0008136703954615214,0.9766664836778833,22,22,21
stratified_equal,65,102,0.00027644922198322565,0.99124495269876,0.9618600860701234,0.0009990101879441705,0.9918374023637183,22,22,21
stratified_equal,65,103,0.0009811032150169212,0.9720279720279721,0.909090909090909,0.0010347478990065562,0.9754701288279707,22,22,21
stratified_equal,65,104,0.0011771668349757954,0.9720279720279721,0.909090909090909,0.0012772569932472527,0.9784254604579837,22,22,21
stratified_equal,65,105,0.0009319362336077153,0.9720279720279721,0.909090909090909,0.001135792357193872,0.984836216415164,22,22,21
stratified_equal,65,106,0.0009943307948566138,0.9860139860139862,0.9393939393939392,0.0010486438154998763,0.9848443953707112,22,22,21
stratified_equal,65,107,0.0009249195732358976,0.965034965034965,0.8787878787878787,0.0008701561976183194,0.9830607936402985,22,22,21
stratified_equal,65,108,0.00033933058502825386,0.9790209790209792,0.9393939393939392,0.0015843731975496043,0.964347371998886,22,22,21
stratified_equal,65,109,0.0010819719044289828,1.0,0.9999999999999998,0.0010925835217772439,0.9877576415755773,22,22,21
stratified_equal,65,110,0.0016871504683636847,0.9930069930069931,0.9696969696969696,0.0018412144403215844,0.9865676142863787,22,22,21
stratified_equal,65,111,0.0004654961815702819,0.9720279720279721,0.909090909090909,0.0003108494629869087,0.9824960324537853,22,22,21
stratified_equal,65,112,0.0006314955940508715,0.9807370556736849,0.9313248452425005,0.0013247781749675684,0.9824960324537853,22,22,21
stratified_equal,65,113,0.0004892487519676976,0.9702291586486097,0.9007896044148774,0.001580461164416792,0.9982491932166996,22,22,21
stratified_equal,65,114,0.0008454365903159282,0.9790209790209792,0.9393939393939392,0.0009453734286797051,0.9836466176264453,22,22,21
stratified_equal,65,115,0.00046845056488473103,0.9930069930069931,0.9696969696969696,0.00047737818038142674,0.9924216838050629,22,22,21
stratified_equal,65,116,0.0003730541991119327,0.9860139860139862,0.9393939393939392,0.003494778528950608,0.9848091190664016,22,22,21
stratified_equal,65,117,0.002495375740091412,0.9720279720279721,0.909090909090909,0.00400002684805174,0.9813203165463036,22,22,21
stratified_equal,65,118,0.0008537961521943092,0.9930069930069931,0.9696969696969696,0.0009852209869255328,0.9807508281192493,22,22,21
stratified_equal,65,119,0.00039415453903387767,0.9930069930069931,0.9696969696969696,0.0007679274579436914,0.9813325742366802,22,22,21
stratified_equal,65,120,0.0008473502249627889,0.9510489510489512,0.8787878787878787,0.0008556553865807121,0.9778120280489859,22,22,21
stratified_equal,65,121,0.0003479587272079514,0.9930069930069931,0.9696969696969696,0.0015129191185197673,0.9912301005085067,22,22,21
stratified_equal,65,122,0.0013009991401501638,0.965034965034965,0.8787878787878787,0.0020139081887729083,0.985366004694418,22,22,21
stratified_equal,65,123,0.0005367538927625267,0.9790209790209792,0.9393939393939392,0.0005220815530068775,0.9894874906738474,22,22,21
stratified_equal,65,124,0.0018122417437004589,0.9860139860139862,0.9393939393939392,0.0015853263489356562,0.9865906023800761,22,22,21
stratified_equal,65,125,0.0006357425200653952,0.9930069930069931,0.9696969696969696,0.0010646464516323817,0.9743175889867678,22,22,21
stratified_equal,65,126,0.00029961427297151786,0.9930069930069931,0.9696969696969696,0.0007491293969378384,0.9877289738167829,22,22,21
stratified_equal,65,127,0.0005849640568483045,0.9772344233319931,0.9313248452425005,0.0005904143345431224,0.9824392903045466,22,22,21
stratified_equal,65,128,0.0012391920983103916,0.9720279720279721,0.909090909090909,0.0026130968388273592,0.9713502833798353,22,22,21
stratified_equal,65,129,0.0005844268962456781,0.9930069930069931,0.9696969696969696,0.0007488633890960736,0.9912500555943072,22,22,21
stratified_equal,65,130,0.0003446350459791969,0.9930069930069931,0.9696969696969696,0.0016584951634464617,0.9918225789016422,22,22,21
stratified_equal,65,131,0.0004747286294279355,0.9860139860139862,0.9393939393939392,0.002780996199367411,0.9801466328442737,22,22,21
stratified_equal,65,132,0.0014175965634578992,0.9860139860139862,0.9393939393939392,0.00220634534116677,0.983099722810365,22,22,21
stratified_equal,65,133,0.0007357047509605213,0.99124495269876,0.9618600860701234,0.0010919203241443502,0.9766705695746755,22,22,21
stratified_equal,65,134,0.00038577819088666285,0.9720279720279721,0.909090909090909,0.001008205938481912,0.9795541184901246,22,22,21
stratified_equal,65,135,0.0012355998367803182,0.9580419580419581,0.8787878787878787,0.0021641552481108752,0.984819655580656,22,22,21
stratified_equal,65,136,0.0010124599651952753,0.9580419580419581,0.8787878787878787,0.0009670882058057384,0.9836829836829838,22,22,21
stratified_equal,65,137,0.0003278319908782687,0.9720279720279721,0.909090909090909,0.0011141551439982171,0.9824883655785971,22,22,21
stratified_equal,65,138,0.0005342695249753777,0.9930069930069931,0.9696969696969696,0.000582565801802815,0.9976689976689977,22,22,21
stratified_equal,65,139,0.002001372634631682,0.9930069930069931,0.9696969696969696,0.004225521331121981,0.9836579418979458,22,22,21
stratified_equal,65,140,0.0009652737635082566,0.9720279720279721,0.909090909090909,0.0013187963821892394,0.9883188747378306,22,22,21
stratified_equal,65,141,0.0005581228129857853,0.9720279720279721,0.909090909090909,0.0013438125717075925,0.9935810579253096,22,22,21
stratified_equal,65,142,0.0008624746531805061,0.9860139860139862,0.9393939393939392,0.0019211802497246207,0.991812662573663,22,22,21
stratified_equal,65,143,0.00027854750558723666,0.9930069930069931,0.9696969696969696,0.0020909203220620953,0.9883449883449883,22,22,21
stratified_equal,65,144,0.0010441860132879347,0.9930069930069931,0.9696969696969696,0.0011505565732567904,0.9830710981745471,22,22,21
stratified_equal,65,145,0.00019715088802040756,0.9860139860139862,0.9393939393939392,0.0015231716125384965,0.9947547344653765,22,22,21
stratified_equal,65,146,0.0005044738977984061,0.9720279720279721,0.909090909090909,0.0008138229205058213,0.9900625545978251,22,22,21
stratified_equal,65,147,0.0008770787070644272,0.9930069930069931,0.9696969696969696,0.0009181474479905215,0.9935769720285172,22,22,21
stratified_equal,65,148,0.0008477698816835899,0.9930069930069931,0.9696969696969696,0.0005935777976632955,0.9830608079673575,22,22,21
stratified_equal,65,149,0.0002752573968961465,0.9930069930069931,0.9696969696969696,0.0018623539950109208,0.9877438351122563,22,22,21
stratified_equal,65,150,0.000865143669924808,0.9860139860139862,0.9393939393939392,0.0028640848679539165,0.9889016131727865,22,22,21
stratified_equal,65,151,0.0006075080158898092,0.9720279720279721,0.909090909090909,0.0008000696383542709,0.981841836817742,22,22,21
stratified_equal,65,152,0.0009839065219118847,0.9790209790209792,0.9393939393939392,0.0023884274485735536,0.9906652602726699,22,22,21
stratified_equal,65,153,0.0004279620844617167,0.9790209790209792,0.9393939393939392,0.0006381192751052064,0.9848173142182586,22,22,21
stratified_equal,65,154,0.0005931725423072016,0.9720279720279721,0.909090909090909,0.002358486209757853,0.9895053830339609,22,22,21
stratified_equal,65,155,0.001497918859819474,0.9737317909903013,0.9313248452425005,0.0018101040163540155,0.9865880509323025,22,22,21
stratified_equal,65,156,0.0007756728570497405,0.9930069930069931,0.9696969696969696,0.005572450215929652,0.9707918804330417,22,22,21
stratified_equal,65,157,0.0003778047131914163,0.9720279720279721,0.909090909090909,0.0008686366733715217,0.9924012040015121,22,22,21
stratified_equal,65,158,0.0005991316677425902,0.9790209790209792,0.9393939393939392,0.0015802852140243916,0.9947506485685844,22,22,21
stratified_equal,65,159,0.0009967312312996015,0.9720279720279721,0.909090909090909,0.00044191897067979356,0.9883142740568163,22,22,21
stratified_equal,65,160,0.0007540185702563374,0.9860139860139862,0.9393939393939392,0.002053159702050396,0.9871605742396374,22,22,21
stratified_equal,65,161,0.0024288013979033196,0.9877423203570683,0.9618600860701234,0.001980769129659822,0.9818953391440889,22,22,21
stratified_equal,65,162,0.0015860131986503102,0.9877423203570683,0.9618600860701234,0.002467783678362684,0.9748819261765922,22,22,21
stratified_equal,65,163,0.0007443161068713845,0.9720279720279721,0.909090909090909,0.0009376951201355963,0.978996442154337,22,22,21
stratified_equal,65,164,0.0006433970586528271,0.9790209790209792,0.9393939393939392,0.001140241091079836,0.9894977161587727,22,22,21
stratified_equal,65,165,0.00048186279368157657,0.9930069930069931,0.9696969696969696,0.0011101431627135085,0.9766710744930714,22,22,21
stratified_equal,65,166,0.0006066687024482042,0.9930069930069931,0.9696969696969696,0.0014646774772045345,0.9912273772844616,22,22,21
stratified_equal,65,167,0.0005490246552787884,0.9580419580419581,0.8787878787878787,0.0005532934868162136,0.986571195264775,22,22,21
stratified_equal,65,168,0.0011614045285424598,1.0,0.9999999999999998,0.0011549912519338917,0.9906504134113773,22,22,21
stratified_equal,65,169,0.00037382636747821106,0.9930069930069931,0.9696969696969696,0.0007364099534824643,0.9894838647000913,22,22,21
stratified_equal,65,170,0.0008720092538771359,0.9790209790209792,0.9393939393939392,0.0010735793177081051,0.9906759906759909,22,22,21
stratified_equal,65,171,0.0005017713085164395,0.9860139860139862,0.9393939393939392,0.0010673929435563638,0.9912561862236927,22,22,21
stratified_equal,65,172,0.0007876414667270203,0.9720279720279721,0.909090909090909,0.0018123283832969992,0.9819040203567221,22,22,21
stratified_equal,65,173,0.00042700526713828767,0.9790209790209792,0.9393939393939392,0.0021132816387957084,0.9766536106334384,22,22,21
stratified_equal,65,174,0.00016020431032096497,0.9930069930069931,0.9696969696969696,0.0010341919374116345,0.9818798749483588,22,22,21
stratified_equal,65,175,0.0007660207524712823,0.9720279720279721,0.909090909090909,0.0005684325084487421,0.9806887138516905,22,22,21
stratified_equal,65,176,0.0010795043229106676,0.9930069930069931,0.9696969696969696,0.002362939628713439,0.9882989079532128,22,22,21
stratified_equal,65,177,0.0006645981161877653,0.9790209790209792,0.9393939393939392,0.0008169754517968806,0.9935769648665543,22,22,21
stratified_equal,65,178,0.0007755553531679139,0.9702291586486097,0.9007896044148774,0.0012079616901857155,0.9713536158492312,22,22,21
stratified_equal,65,179,0.0010405769654890347,0.9860139860139862,0.9393939393939392,0.0008225163274676265,0.9883260861480831,22,22,21
stratified_equal,65,180,0.0014165054559838115,0.9930069930069931,0.9696969696969696,0.0016558720450224778,0.9912480162268927,22,22,21
stratified_equal,65,181,0.0005894627768953063,0.9720279720279721,0.909090909090909,0.0008446751450809892,0.9789477321236856,22,22,21
stratified_equal,65,182,0.00046714123591582796,0.9790209790209792,0.9393939393939392,0.0008752827049093295,0.9918322994681711,22,22,21
stratified_equal,65,183,0.0018522769948650087,0.9790209790209792,0.9393939393939392,0.002219770668444909,0.9912500555943072,22,22,21
stratified_equal,65,184,0.00045042211215906,1.0,0.9999999999999998,0.001283119056468625,0.9777927630246119,22,22,21
stratified_equal,65,185,0.002068148412045753,0.9790209790209792,0.9393939393939392,0.0024479929031606526,0.9900743325248627,22,22,21
stratified_equal,65,186,0.001582202715625429,0.9720279720279721,0.909090909090909,0.0027800440891079434,0.9781768264298805,22,22,21
stratified_equal,65,187,0.0006132489198303852,0.99124495269876,0.9618600860701234,0.0035170778986525733,0.9953379953379954,22,22,21
stratified_equal,65,188,0.0012189646443677147,1.0,0.9999999999999998,0.0018634352049665907,0.9924155603407899,22,22,21
stratified_equal,65,189,0.0011192877800427277,0.9790209790209792,0.9393939393939392,0.002350626224625144,0.9970857367963788,22,22,21
stratified_equal,65,190,0.0011489994758755375,0.9930069930069931,0.9696969696969696,0.0010583726228477312,0.9889170138958904,22,22,21
stratified_equal,65,191,0.000583100781007943,0.9860139860139862,0.9393939393939392,0.0027464084126151227,0.9690616145347124,22,22,21
stratified_equal,65,192,0.000667199987856738,0.9790209790209792,0.909090909090909,0.001765351190215909,0.9544432176011125,22,22,21
stratified_equal,65,193,0.0004388563729337469,0.9667265263069179,0.9007896044148774,0.0007565323275009421,0.9836604555501216,22,22,21
stratified_equal,65,194,0.0005116584208585425,0.9860139860139862,0.9393939393939392,0.0031130203160235626,0.9830649585486148,22,22,21
stratified_equal,65,195,0.0006972306227973564,0.965034965034965,0.8787878787878787,0.0022498331985074415,0.9731475077490229,22,22,21
stratified_equal,65,196,0.0004332497591438271,0.9930069930069931,0.9696969696969696,0.0006910740964582952,0.9871580371157899,22,22,21
stratified_equal,65,197,0.0008639014860312323,0.9790209790209792,0.9393939393939392,0.001559844255271744,0.9924093901914778,22,22,21
stratified_equal,65,198,0.0003074870330537704,0.9790209790209792,0.9393939393939392,0.0005932769120810255,0.9836554029773139,22,22,21
stratified_equal,65,199,0.0004652779600754652,1.0,0.9999999999999998,0.0010654444751576782,0.9854164209216133,22,22,21
stratified_equal,70,0,0.0006011455917813007,0.9720279720279721,0.909090909090909,0.0012683242316040037,0.993006993006993,24,23,23
stratified_equal,70,1,0.0007197879423385458,1.0,0.9999999999999998,0.0012401088706854308,0.9929823114308638,24,23,23
stratified_equal,70,2,0.0005811137492570589,0.9930069930069931,0.9696969696969696,0.0014984929636630963,0.9854102956574063,24,23,23
stratified_equal,70,3,0.00036850700443146785,0.9930069930069931,0.9696969696969696,0.0003230396275292304,0.9912480162268927,24,23,23
stratified_equal,70,4,0.00042259587402185777,0.9930069930069931,0.9696969696969696,0.001479764405236994,0.9935831044546871,24,23,23
stratified_equal,70,5,0.0009668569827206565,0.9720279720279721,0.909090909090909,0.0016915196387313587,0.9900702232319981,24,23,23
stratified_equal,70,6,0.000681359805126213,0.9720279720279721,0.909090909090909,0.0010257631449975505,0.9871580371157899,24,23,23
stratified_equal,70,7,0.0009030706171105817,0.9930069930069931,0.9696969696969696,0.0005786581950570606,0.993006993006993,24,23,23
stratified_equal,70,8,0.0006963692131447415,0.9720279720279721,0.909090909090909,0.0009259241755933629,0.9813203165463037,24,23,23
stratified_equal,70,9,0.0002603003175013772,0.9860139860139862,0.9393939393939392,0.0009271494083875932,0.9935831044546871,24,23,23
stratified_equal,70,10,0.00046992544414777883,0.9790209790209792,0.9393939393939392,0.0003371473079885181,0.9894931253435844,24,23,23
stratified_equal,70,11,0.0006334078583900725,0.9737317909903013,0.9313248452425005,0.00049768781068403,0.9976689976689977,24,23,23
stratified_equal,70,12,0.0009151707763232006,0.9930069930069931,0.9696969696969696,0.000960440733739412,0.9976689976689977,24,23,23
stratified_equal,70,13,0.00044550801760269426,0.9790209790209792,0.9393939393939392,0.0012987800182034574,0.9912480162268927,24,23,23
stratified_equal,70,14,0.0008881625262146484,1.0,0.9999999999999998,0.0006058233564377228,0.993006993006993,24,23,23
stratified_equal,70,15,0.0006898704434240842,0.9720279720279721,0.909090909090909,0.0004443376741580902,0.9848229488879955,24,23,23
stratified_equal,70,16,0.0004833716737034311,0.9720279720279721,0.909090909090909,0.0007083578379892177,0.9906759906759909,24,23,23
stratified_equal,70,17,0.000759431885022002,0.9580419580419581,0.8787878787878787,0.0006102692011482181,0.9865737538745115,24,23,23
stratified_equal,70,18,0.00045274495493081713,0.9860139860139862,0.9393939393939392,0.0005686812994468943,0.9953379953379954,24,23,23
stratified_equal,70,19,0.0004543370811430023,0.9720279720279721,0.909090909090909,0.0009167174263109986,0.9859904930018927,24,23,23
stratified_equal,70,20,0.00047228468571674826,0.9930069930069931,0.9696969696969696,0.0005088549324371623,0.9970857367963788,24,23,23
stratified_equal,70,21,0.0004805058465214951,0.9930069930069931,0.9696969696969696,0.0004511639711545185,0.9900763862162032,24,23,23
stratified_equal,70,22,0.0019086720066025505,0.9790209790209792,0.9393939393939392,0.0026462910452986054,0.992419646237582,24,23,23
stratified_equal,70,23,0.00037680053460949626,0.9930069930069931,0.9696969696969696,0.0007622680809353783,0.987745383885201,24,23,23
stratified_equal,70,24,0.0015360565774521636,0.9930069930069931,0.9696969696969696,0.002659103479661135,0.9906759906759909,24,23,23
stratified_equal,70,25,0.0005442632643822568,0.9930069930069931,0.9696969696969696,0.0004644314919834772,0.9854102956574063,24,23,23
stratified_equal,70,26,0.0005795071491702133,0.9860139860139862,0.9393939393939392,0.001195300357067843,0.9877535556787853,24,23,23
stratified_equal,70,27,0.0003543805027669711,0.9930069930069931,0.9696969696969696,0.000604808163551075,0.9900886439065797,24,23,23
stratified_equal,70,28,0.0016735583866864972,0.9510489510489512,0.8484848484848484,0.003247740320660925,0.9982491932166996,24,23,23
stratified_equal,70,29,0.0005009284836614565,0.9930069930069931,0.9696969696969696,0.00025260624518658544,0.9836829836829838,24,23,23
stratified_equal,70,30,0.0005509501944734429,0.9860139860139862,0.9393939393939392,0.0011185307708464608,0.9924114744439977,24,23,23
stratified_equal,70,31,0.0008040403667125499,0.9930069930069931,0.9696969696969696,0.00048596058251067735,0.9860139860139862,24,23,23
stratified_equal,70,32,0.0009156628880615151,0.9790209790209792,0.9393939393939392,0.0006904694391934471,0.987745383885201,24,23,23
stratified_equal,70,33,0.0009025929792469243,0.9790209790209792,0.9393939393939392,0.00036039172442764184,0.992995757685276,24,23,23
stratified_equal,70,34,0.000433943391752356,0.9930069930069931,0.9696969696969696,0.0006183557375901419,0.9830874651199885,24,23,23
stratified_equal,70,35,0.0007483883186592859,0.9860139860139862,0.9393939393939392,0.0011655096968424003,0.9854184674509908,24,23,23
stratified_equal,70,36,0.0013719952082236206,0.9720279720279721,0.909090909090909,0.0015643054680389275,0.9854225533477828,24,23,23
stratified_equal,70,37,0.0004879454180948053,0.9930069930069931,0.9696969696969696,0.0006306780788349777,0.9947506485685844,24,23,23
stratified_equal,70,38,0.0004804768987721824,0.9930069930069931,0.9696969696969696,0.00035906147167961934,0.9848218600380866,24,23,23
stratified_equal,70,39,0.0006066167164013621,1.0,0.9999999999999998,0.0005696964923335433,0.9953379953379954,24,23,23
stratified_equal,70,40,0.0003931994345950224,0.9720279720279721,0.909090909090909,0.0010207221872155718,0.9906759906759909,24,23,23
stratified_equal,70,41,0.0006886835857022743,0.9930069930069931,0.9696969696969696,0.0010330795351116717,0.992419646237582,24,23,23
stratified_equal,70,42,0.00048429800168143123,0.9860139860139862,0.9393939393939392,0.0007918487012532386,0.993006993006993,24,23,23
stratified_equal,70,43,0.0006857888107710235,0.9930069930069931,0.9696969696969696,0.001287052790030106,0.993006993006993,24,23,23
stratified_equal,70,44,0.0009261709210619499,0.9790209790209792,0.9393939393939392,0.0013254550864664292,0.9988324540893184,24,23,23
stratified_equal,70,45,0.0008817361258672771,0.99124495269876,0.9618600860701234,0.0016787772176713566,0.9807175479459787,24,23,23
stratified_equal,70,46,0.0006046916910720795,0.9930069930069931,0.9696969696969696,0.00058117867394805,0.9888965179306801,24,23,23
stratified_equal,70,47,0.00042087348293776437,0.9790209790209792,0.9393939393939392,0.001449343625288804,1.0,24,23,23
stratified_equal,70,48,0.0009919836291238974,0.9877423203570683,0.9618600860701234,0.0012375533851431769,0.992419646237582,24,23,23
stratified_equal,70,49,0.00040470616494673624,0.9790209790209792,0.9393939393939392,0.0003590964783308831,0.9906759906759909,24,23,23
stratified_equal,70,50,0.0006919546813745846,0.9580419580419581,0.8787878787878787,0.0008230396275292305,0.9900804721129953,24,23,23
stratified_equal,70,51,0.0008375039649177895,0.9720279720279721,0.909090909090909,0.00068731884057971,0.9947506485685844,24,23,23
stratified_equal,70,52,0.0005034758856009564,0.9790209790209792,0.9393939393939392,0.0005874798711755234,0.992995757685276,24,23,23
stratified_equal,70,53,0.0005415132281975717,0.965034965034965,0.8787878787878787,0.000988201008191557,0.993006993006993,24,23,23
stratified_equal,70,54,0.0006003495286752058,0.9930069930069931,0.9696969696969696,0.00020055135475740472,0.992419646237582,24,23,23
stratified_equal,70,55,0.0004749334047788411,0.9877423203570683,0.9618600860701234,0.0011024627179164039,0.9830874651199885,24,23,23
stratified_equal,70,56,0.0006716767829811846,0.9930069930069931,0.9696969696969696,0.001247775327312189,0.9965014517583163,24,23,23
stratified_equal,70,57,0.0008615016490978437,0.9930069930069931,0.9696969696969696,0.0012109483301827341,0.9976689976689977,24,23,23
stratified_equal,70,58,0.0005951244599243013,0.9720279720279721,0.909090909090909,0.0007955944129384578,0.9824878606602009,24,23,23
stratified_equal,70,59,0.0003653227520070946,0.9860139860139862,0.9393939393939392,0.0006606437723167399,0.9889210997926825,24,23,23
stratified_equal,70,60,0.0004979613393569263,0.9930069930069931,0.9696969696969696,0.0004943621788139747,0.9935790185578949,24,23,23
stratified_equal,70,61,0.00027215442084484225,0.9930069930069931,0.9696969696969696,0.0008702636000840158,0.9883449883449883,24,23,23
stratified_equal,70,62,0.000548793587149661,0.965034965034965,0.909090909090909,0.0008695984737100048,0.987745383885201,24,23,23
stratified_equal,70,63,0.0009840229980629612,0.9720279720279721,0.909090909090909,0.001091610656024645,0.993006993006993,24,23,23
stratified_equal,70,64,0.00040894701022101853,0.9860139860139862,0.9393939393939392,0.0007421392564587271,0.9894931253435844,24,23,23
stratified_equal,70,65,0.0013626595590703436,0.9790209790209792,0.9393939393939392,0.0014886911013092484,0.9906348353801837,24,23,23
stratified_equal,70,66,0.0005572897515728764,0.9930069930069931,0.9696969696969696,0.0004385965833508361,0.993006993006993,24,23,23
stratified_equal,70,67,0.0011315696763087265,0.9790209790209792,0.9393939393939392,0.001103197857592943,0.9953379953379954,24,23,23
stratified_equal,70,68,0.0009209892739350115,0.9930069930069931,0.9696969696969696,0.0003501347756073657,0.9988324540893184,24,23,23
stratified_equal,70,69,0.001658823982286434,0.9930069930069931,0.9696969696969696,0.002345513897640554,0.9924237321343742,24,23,23
stratified_equal,70,70,0.00029372049408264776,0.9860139860139862,0.9393939393939392,0.000652872295736189,0.9778206596900066,24,23,23
stratified_equal,70,71,0.0005839361548150253,1.0,0.9999999999999998,0.0005664408737660158,0.9935831044546871,24,23,23
stratified_equal,70,72,0.0003512541458412235,0.9930069930069931,0.9696969696969696,0.0004802194917034234,0.9964983900269678,24,23,23
stratified_equal,70,73,0.00030819436873889323,0.9860139860139862,0.9393939393939392,0.0013244749002310422,0.9994167391273812,24,23,23
stratified_equal,70,74,0.0004316854673059787,0.9930069930069931,0.9696969696969696,0.0008046961422670304,0.9860139860139862,24,23,23
stratified_equal,70,75,0.0004923165282409904,0.9930069930069931,0.9696969696969696,0.0005273034376531541,0.9900702232319981,24,23,23
stratified_equal,70,76,0.0005404276875983512,0.9930069930069931,0.9696969696969696,0.0006640744241405875,0.9964983900269678,24,23,23
stratified_equal,70,77,0.0008687820080499343,0.9982502173821435,0.9923953268977463,0.00035895645172582825,0.9964983900269678,24,23,23
stratified_equal,70,78,0.0014999153124355192,0.9930069930069931,0.9696969696969696,0.0018310911573198904,0.9953379953379954,24,23,23
stratified_equal,70,79,0.0012002626854272713,0.9930069930069931,0.9696969696969696,0.0010996621858153047,0.9830915510167806,24,23,23
stratified_equal,70,80,0.0004463475023327557,0.9930069930069931,0.9696969696969696,0.00048578554925435865,1.0,24,23,23
stratified_equal,70,81,0.0006766268481136207,0.9790209790209792,0.9393939393939392,0.0006105842610095915,0.9970857367963788,24,23,23
stratified_equal,70,82,0.0005754689381411223,0.9982502173821435,0.9923953268977463,0.0014051302247427013,0.992419646237582,24,23,23
stratified_equal,70,83,0.00037242942446331066,0.9860139860139862,0.9393939393939392,0.0005379804662885944,0.9900927298033718,24,23,23
stratified_equal,70,84,0.0006383000280238844,0.9860139860139862,0.9393939393939392,0.0006618690051109713,0.9924155603407899,24,23,23
stratified_equal,70,85,0.0007875401496044289,0.9720279720279721,0.909090909090909,0.0009794493453756218,0.9725877398884976,24,23,23
stratified_equal,70,86,0.0005190063531071077,0.9930069930069931,0.9696969696969696,0.00045560981586501367,0.9941633017991732,24,23,23
stratified_equal,70,87,0.002468203053063684,0.9790209790209792,0.9393939393939392,0.0031354039767555845,0.992419646237582,24,23,23
stratified_equal,70,88,0.000476467635492402,0.9930069930069931,0.9696969696969696,0.0004496936918014424,0.9859904930018927,24,23,23
stratified_equal,70,89,0.0006677543629493406,0.9790209790209792,0.9393939393939392,0.0007384985647272994,0.9976689976689977,24,23,23
stratified_equal,70,90,0.0004520502089473164,0.9930069930069931,0.9696969696969696,0.0011925698382692711,0.9935831044546871,24,23,23
stratified_equal,70,91,0.00034090532546200795,0.9860139860139862,0.9393939393939392,0.00026111286144367397,0.9970733996014075,24,23,23
stratified_equal,70,92,0.0012886546379529604,0.9790209790209792,0.9393939393939392,0.0010439666036546943,0.9900804721129953,24,23,23
stratified_equal,70,93,0.0008299051807232606,0.9860139860139862,0.9393939393939392,0.0016515420429881677,0.9923825768385672,24,23,23
stratified_equal,70,94,0.0006881480523399924,0.9930069930069931,0.9696969696969696,0.00048298501715325924,0.9860139860139862,24,23,23
stratified_equal,70,95,0.0005199182072104499,0.9930069930069931,0.9696969696969696,0.0008589564517258284,0.9859750711709786,24,23,23
stratified_equal,70,96,0.0007224800830246044,0.9790209790209792,0.909090909090909,0.0006950903171602602,0.9860139860139862,24,23,23
stratified_equal,70,97,0.0004540910252738484,0.9860139860139862,0.9393939393939392,0.0012502958062031789,0.9941633017991732,24,23,23
stratified_equal,70,98,0.0006806071636440876,0.9860139860139862,0.9393939393939392,0.0004966726177973816,0.9953379953379954,24,23,23
stratified_equal,70,99,0.0008740215506754978,0.9510489510489512,0.8787878787878787,0.0006658247567037739,0.9871385275912994,24,23,23
stratified_equal,70,100,0.0004118562590269235,0.9580419580419581,0.8787878787878787,0.0013769498704753911,0.9976689976689977,24,23,23
stratified_equal,70,101,0.000915923417805327,0.9510489510489512,0.8484848484848484,0.002131938318280473,0.9906759906759909,24,23,23
stratified_equal,70,102,0.0009310341429464487,0.9790209790209792,0.9393939393939392,0.0010597195967233786,0.9947403996875872,24,23,23
stratified_equal,70,103,0.0009111325652941083,0.9720279720279721,0.909090909090909,0.0004040450185535255,0.9894931253435844,24,23,23
stratified_equal,70,104,0.000868622795428717,0.9860139860139862,0.9393939393939392,0.0006541325351816845,0.9860139860139862,24,23,23
stratified_equal,70,105,0.00156195033921219,0.9860139860139862,0.9393939393939392,0.003037420359868374,0.9959099975306246,24,23,23
stratified_equal,70,106,0.0005912744092657398,0.9790209790209792,0.9393939393939392,0.0002451848351186726,0.9953379953379954,24,23,23
stratified_equal,70,107,0.0007649898528899985,0.9632238939652261,0.9007896044148774,0.0005710267450815655,0.9854143815541986,24,23,23
stratified_equal,70,108,0.0009304841357095085,0.9720279720279721,0.909090909090909,0.0007311821746131771,0.9860139860139862,24,23,23
stratified_equal,70,109,0.0007490975385174418,0.9860139860139862,0.9393939393939392,0.0004334155989638026,0.9784213745611915,24,23,23
stratified_equal,70,110,0.0005148523510807675,0.9930069930069931,0.9696969696969696,0.0013863666596653362,0.9970857367963788,24,23,23
stratified_equal,70,111,0.00039314153909639774,0.9860139860139862,0.9393939393939392,0.0008728890989287964,0.9883449883449883,24,23,23
stratified_equal,70,112,0.0007971363285015201,0.9930069930069931,0.9696969696969696,0.0018181737030035716,0.9959141049889051,24,23,23
stratified_equal,70,113,0.0007069640893931122,0.9720279720279721,0.909090909090909,0.0013724690191136318,0.9883449883449883,24,23,23
stratified_equal,70,114,0.0007229866686375759,0.9930069930069931,0.9696969696969696,0.0006353339634530561,0.9976689976689977,24,23,23
stratified_equal,70,115,0.0007658003898707486,0.9930069930069931,0.9696969696969696,0.000987500875166281,0.987745383885201,24,23,23
stratified_equal,70,116,0.0010731241704468129,0.9930069930069931,0.9696969696969696,0.0019989480501295238,0.9900804721129953,24,23,23
stratified_equal,70,117,0.0010520502089473146,0.9860139860139862,0.9393939393939392,0.0019480133725407831,0.993006993006993,24,23,23
stratified_equal,70,118,0.0006552055136223785,0.9930069930069931,0.9696969696969696,0.0005548886788489812,0.9947506485685844,24,23,23
stratified_equal,70,119,0.0011148089294567962,1.0,0.9999999999999998,0.0017612528880487312,0.9970857367963788,24,23,23
stratified_equal,70,120,0.0007484751619072235,0.9790209790209792,0.9393939393939392,0.000490931526990127,0.9859750711709786,24,23,23
stratified_equal,70,121,0.0009482870015366912,0.9790209790209792,0.9393939393939392,0.0006792673107890498,0.9988324540893184,24,23,23
stratified_equal,70,122,0.00048434142330540034,0.9860139860139862,0.9393939393939392,0.0011710057410908086,0.9947547344653765,24,23,23
stratified_equal,70,123,0.0006944731355647697,1.0,0.9999999999999998,0.001021982426661066,0.9947506485685844,24,23,23
stratified_equal,70,124,0.0009032587774811118,0.9860139860139862,0.9393939393939392,0.000611249387383603,0.9953379953379954,24,23,23
stratified_equal,70,125,0.0007290801698678556,0.9860139860139862,0.9393939393939392,0.001703211860253448,0.9877576415755773,24,23,23
stratified_equal,70,126,0.0007817216519926193,0.9790209790209792,0.9393939393939392,0.0012481604004760912,0.9865900974616801,24,23,23
stratified_equal,70,127,0.00033265521690794777,0.9930069930069931,0.9696969696969696,0.0004855054960442487,0.993006993006993,24,23,23
stratified_equal,70,128,0.0007644108979037506,0.9860139860139862,0.9393939393939392,0.0010696964923335413,0.9859904930018927,24,23,23
stratified_equal,70,129,0.0004573621209461611,1.0,0.9999999999999998,0.000758417349296367,0.987152862369089,24,23,23
stratified_equal,70,130,0.0005912309876417735,0.9877423203570683,0.9618600860701234,0.0007144489953091088,0.9964983900269678,24,23,23
stratified_equal,70,131,0.0013402684749771342,0.9930069930069931,0.9696969696969696,0.0018276955121473068,0.9894931253435844,24,23,23
stratified_equal,70,132,0.0002665240836035632,0.9930069930069931,0.9696969696969696,0.00043492088496814373,0.9906759906759909,24,23,23
stratified_equal,70,133,0.0005545831370121595,0.9930069930069931,0.9696969696969696,0.000881570748442204,0.9889210997926825,24,23,23
stratified_equal,70,134,0.0007467817185724438,0.9790209790209792,0.9393939393939392,0.0010731271441573901,0.9918148670310935,24,23,23
stratified_equal,70,135,0.0007561752632243469,0.9860139860139862,0.9393939393939392,0.000738113491563397,0.9865900974616801,24,23,23
stratified_equal,70,136,0.0009121167887707341,0.9930069930069931,0.9696969696969696,0.0030839792060491505,0.9912439303301004,24,23,23
stratified_equal,70,137,0.0003676530458267499,0.9720279720279721,0.909090909090909,0.0008178236364909326,0.993006993006993,24,23,23
stratified_equal,70,138,0.0009011021701573328,0.9790209790209792,0.9393939393939392,0.0013894122383252818,0.9900803926084006,24,23,23
stratified_equal,70,139,0.0009388210875115104,1.0,0.9999999999999998,0.0014383165301407265,0.9947547344653765,24,23,23
stratified_equal,70,140,0.0006422513958050387,0.9860139860139862,0.9393939393939392,0.0009770338864384229,0.9959141067856895,24,23,23
stratified_equal,70,141,0.00039143362188695936,0.9790209790209792,0.9393939393939392,0.001603512917454317,0.9970857367963788,24,23,23
stratified_equal,70,142,0.0004494449115091928,0.9930069930069931,0.9696969696969696,0.002104353077084648,0.9906759906759907,24,23,23
stratified_equal,70,143,0.0003847756395450872,0.9930069930069931,0.9696969696969696,0.00045441958972204703,0.9877494697819932,24,23,23
stratified_equal,70,144,0.00032090243068707706,0.9860139860139862,0.9393939393939392,0.0007243908842680105,0.9994167391273812,24,23,23
stratified_equal,70,145,0.0007499659709968172,0.9702291586486097,0.9007896044148774,0.0006550077014632777,0.9859904930018927,24,23,23
stratified_equal,70,146,0.0008483448970353166,0.965034965034965,0.909090909090909,0.000590280403276623,0.9941622560722413,24,23,23
stratified_equal,70,147,0.0014390092478820382,0.99124495269876,0.9618600860701234,0.0013317912903451654,0.993006993006993,24,23,23
stratified_equal,70,148,0.0004783202914484035,0.9930069930069931,0.9696969696969696,0.0014515840509696854,0.9883449883449883,24,23,23
stratified_equal,70,149,0.000630426240210888,0.9860139860139862,0.9393939393939392,0.0009809896380312258,0.992986516806487,24,23,23
stratified_equal,70,150,0.00043114993394369883,0.9930069930069931,0.9696969696969696,0.0003044861023594478,0.9894931253435844,24,23,23
stratified_equal,70,151,0.0006702293955155584,0.9860139860139862,0.9393939393939392,0.0008876619057620942,0.9970816508995867,24,23,23
stratified_equal,70,152,0.0005837479944444939,0.9860139860139862,0.9393939393939392,0.001980114471749632,0.9976607898125461,24,23,23
stratified_equal,70,153,0.0009135207546123896,0.9580419580419581,0.8787878787878787,0.0005766628159350278,0.9877412979884087,24,23,23
stratified_equal,70,154,0.000516154999799827,0.9790209790209792,0.9393939393939392,0.0003180336763985158,0.9906183616605061,24,23,23
stratified_equal,70,155,0.00027879792931205825,0.9930069930069931,0.9696969696969696,0.0010217723867534834,0.9877535556787853,24,23,23
stratified_equal,70,156,0.0009781031833285554,0.9580419580419581,0.8787878787878787,0.0005474672687810682,0.9842427515435093,24,23,23
stratified_equal,70,157,0.0006622977122039379,0.9930069930069931,0.9696969696969696,0.00042777952811034217,0.9970816508995867,24,23,23
stratified_equal,70,158,0.00035333838379172385,0.9860139860139862,0.9393939393939392,0.0006395347616047045,0.9935851348096962,24,23,23
stratified_equal,70,159,0.0005626161374463759,0.965034965034965,0.909090909090909,0.00028306203178603924,0.9964983900269678,24,23,23
stratified_equal,70,160,0.0005204392666980765,0.9790209790209792,0.9393939393939392,0.0003749194847020936,0.993006993006993,24,23,23
stratified_equal,70,161,0.0007822427114802448,0.9720279720279721,0.909090909090909,0.0004911415668977106,0.9918282135713788,24,23,23
stratified_equal,70,162,0.0014016811251435812,0.9720279720279721,0.909090909090909,0.0019355860113421568,0.9883224602121263,24,23,23
stratified_equal,70,163,0.0009045903739494881,0.9720279720279721,0.909090909090909,0.0036145750192536573,0.9842550092338856,24,23,23
stratified_equal,70,164,0.0006309617735731655,0.9720279720279721,0.909090909090909,0.002047922355247496,0.993006993006993,24,23,23
stratified_equal,70,165,0.0006619213914628755,0.9790209790209792,0.9393939393939392,0.000706397465518449,0.9877576415755773,24,23,23
stratified_equal,70,166,0.0004239708921142005,0.9860139860139862,0.9393939393939392,0.0009844903031575997,0.9871580371157899,24,23,23
stratified_equal,70,167,0.00044889490427225476,1.0,0.9999999999999998,0.00041269166141566917,0.9970816508995867,24,23,23
stratified_equal,70,168,0.00038054926814546394,0.9860139860139862,0.9393939393939392,0.0008363071483581877,0.992995757685276,24,23,23
stratified_equal,70,169,0.0005981060781034889,0.9930069930069931,0.9696969696969696,0.0008291657915003862,0.9970816508995867,24,23,23
stratified_equal,70,170,0.00040205744588464625,0.9860139860139862,0.9393939393939392,0.0014652716516138059,0.9970857367963788,24,23,23
stratified_equal,70,171,0.0005538739171540038,0.9860139860139862,0.9393939393939392,0.0003440086116362105,0.9860139860139862,24,23,23
stratified_equal,70,172,0.0008923310021156464,0.9930069930069931,0.9696969696969696,0.0008052562486872498,0.9860139860139862,24,23,23
stratified_equal,70,173,0.0015411658552058193,0.9790209790209792,0.9393939393939392,0.0025103602184415046,0.987745383885201,24,23,23
stratified_equal,70,174,0.00034720146093747325,1.0,0.9999999999999998,0.0007666089056920806,0.9877494697819932,24,23,23
stratified_equal,70,175,0.0006379237072828195,0.9930069930069931,0.9696969696969696,0.00035556080655324546,0.9947506485685844,24,23,23
stratified_equal,70,176,0.0004504436088604725,0.9930069930069931,0.9696969696969696,8.853007071343552e-05,0.9976689976689977,24,23,23
stratified_equal,70,177,0.00046558328175090607,0.9720279720279721,0.909090909090909,0.0004346058251067704,0.9906616558982014,24,23,23
stratified_equal,70,178,0.0008831400917089341,0.9860139860139862,0.9393939393939392,0.0010700465588461812,0.9860139860139862,24,23,23
stratified_equal,70,179,0.0006573042254475341,0.9790209790209792,0.9393939393939392,0.0004945722187215579,0.9918282135713788,24,23,23
stratified_equal,70,180,0.0005345947161118847,0.9930069930069931,0.9696969696969696,0.0008222344745501646,0.9970857367963788,24,23,23
stratified_equal,70,181,0.0007827348232185583,0.9860139860139862,0.9393939393939392,0.0010244678989007902,0.9789852283185092,24,23,23
stratified_equal,70,182,0.0004426856120447263,0.9772344233319931,0.9313248452425005,0.0012096530840859767,0.9965014517583161,24,23,23
stratified_equal,70,183,0.0004683043701862796,0.9930069930069931,0.9696969696969696,0.00039385808303577695,0.9900927298033718,24,23,23
stratified_equal,70,184,0.0006412671723284116,0.9930069930069931,0.9696969696969696,0.0005804435342715122,0.9947506485685844,24,23,23
stratified_equal,70,185,0.0005247235335963247,1.0,0.9999999999999998,0.0006787772176713572,1.0,24,23,23
stratified_equal,70,186,0.0008199616288344178,1.0,0.9999999999999998,0.00093404571868655,0.9871580371157899,24,23,23
stratified_equal,70,187,0.0007761492102499606,0.9930069930069931,0.9696969696969696,0.0009786091857452918,0.9894931253435844,24,23,23
stratified_equal,70,188,0.0006266340850509495,0.9720279720279721,0.909090909090909,0.0011576332003080591,0.9883449883449885,24,23,23
stratified_equal,70,189,0.0012381408154026638,0.9930069930069931,0.9696969696969696,0.002365817755373521,0.9947506485685844,24,23,23
stratified_equal,70,190,0.0007296591248541042,0.9930069930069931,0.9696969696969696,0.0006315182384653075,0.9906759906759909,24,23,23
stratified_equal,70,191,0.0005247524813456378,0.9860139860139862,0.9393939393939392,0.0009917716866204593,0.993006993006993,24,23,23
stratified_equal,70,192,0.0004133904897404843,0.9860139860139862,0.9393939393939392,0.0004671620107820483,0.9924237321343742,24,23,23
stratified_equal,70,193,0.0007495462286317856,0.9930069930069931,0.9696969696969696,0.0013186637961212627,0.9860139860139862,24,23,23
stratified_equal,70,194,0.0014893928055604271,0.9930069930069931,0.9696969696969696,0.001434360778547924,0.9918282135713788,24,23,23
stratified_equal,70,195,0.00046195033921218745,0.9860139860139862,0.9393939393939392,0.0007028267870895478,0.9970857367963788,24,23,23
stratified_equal,70,196,0.000753700230658127,0.9790209790209792,0.909090909090909,0.0011872488272771835,0.9790209790209792,24,23,23
stratified_equal,70,197,0.0007606187427438142,0.9860139860139862,0.9393939393939392,0.00029723972554785485,0.9976689976689977,24,23,23
stratified_equal,70,198,0.00037344259568924883,0.9842396880153765,0.9313248452425005,0.0006041080305257992,0.9888965179306801,24,23,23
stratified_equal,70,199,0.0016112628301660182,0.9510489510489512,0.8484848484848484,0.0026806675768396,0.9836554047740981,24,23,23
stratified_equal,75,0,0.00038915446909108976,0.9930069930069931,0.9696969696969696,0.00029737387683541534,0.9953379953379954,24,26,25
stratified_equal,75,1,0.0010781631373338002,0.9790209790209792,0.9393939393939392,0.0017848110891957047,0.9918282135713788,24,26,25
stratified_equal,75,2,0.0004540622705095302,0.9930069930069931,0.9696969696969696,0.0003836872671488056,0.9953379953379954,24,26,25
stratified_equal,75,3,0.00045837432724711824,0.9720279720279721,0.909090909090909,0.00043133837387683544,0.9900804721129953,24,26,25
stratified_equal,75,4,0.0007311308284291525,0.9930069930069931,0.9696969696969696,0.0009129644970414212,0.9947547344653765,24,26,25
stratified_equal,75,5,0.0002319661318176477,0.9930069930069931,0.9696969696969696,0.00042725115055884276,0.9976689976689977,24,26,25
stratified_equal,75,6,0.0004116729876096097,1.0,0.9999999999999998,0.00033078259916721455,0.9970816508995867,24,26,25
stratified_equal,75,7,0.00032825612393742437,0.9930069930069931,0.9696969696969696,0.00023308152531229445,0.992419646237582,24,26,25
stratified_equal,75,8,0.0003708723571919571,0.9790209790209792,0.9393939393939392,0.0004396806925268462,0.992419646237582,24,26,25
stratified_equal,75,9,0.00028927109635665645,0.9930069930069931,0.9696969696969696,0.001316485864562788,0.9912480162268927,24,26,25
stratified_equal,75,10,0.0004388439883976307,0.9790209790209792,0.9393939393939392,0.0005213927240850318,0.9906759906759909,24,26,25
stratified_equal,75,11,0.0002930283855607513,0.9790209790209792,0.9393939393939392,0.0006606682007451239,0.9912480162268927,24,26,25
stratified_equal,75,12,0.0004996288583739911,0.9790209790209792,0.9393939393939392,0.0006463079114617577,0.9836440688399763,24,26,25
stratified_equal,75,13,0.0004178006471840749,0.9790209790209792,0.9393939393939392,0.0003289145299145302,0.9947506485685844,24,26,25
stratified_equal,75,14,0.0006008613248830492,0.9930069930069931,0.9696969696969696,0.000407360289283366,0.9906759906759909,24,26,25
stratified_equal,75,15,0.00033560679375618194,0.9930069930069931,0.9696969696969696,0.00038845211483673063,0.9953379953379954,24,26,25
stratified_equal,75,16,0.00036291648642757597,0.9860139860139862,0.9393939393939392,0.0004406002629848784,0.9953379953379954,24,26,25
stratified_equal,75,17,0.00032965565112418895,0.9930069930069931,0.9696969696969696,0.0006306480385711155,0.9894931253435844,24,26,25
stratified_equal,75,18,0.00039748859044648753,0.9790209790209792,0.9393939393939392,0.0001389561691869387,0.9976689976689977,24,26,25
stratified_equal,75,19,0.0005601489529366387,0.9930069930069931,0.9696969696969696,0.00048404624150778027,0.9924114744439977,24,26,25
stratified_equal,75,20,0.0004304720419831311,0.9790209790209792,0.9393939393939392,0.0005172800788954631,0.9924237321343742,24,26,25
stratified_equal,75,21,0.00044661073386650186,0.965034965034965,0.8787878787878787,0.00048617817225509575,0.993006993006993,24,26,25
stratified_equal,75,22,0.00036173130124238895,0.9930069930069931,0.9696969696969696,0.00019292548761779576,0.9959141067856895,24,26,25
stratified_equal,75,23,0.0002380811830390822,0.9860139860139862,0.9393939393939392,0.0010225454744685518,0.9918138030270645,24,26,25
stratified_equal,75,24,0.0002751371326056691,1.0,0.9999999999999998,0.0007402211264518954,0.9883449883449883,24,26,25
stratified_equal,75,25,0.0005423081333936903,0.9790209790209792,0.9393939393939392,0.0003146037694499234,0.9906759906759909,24,26,25
stratified_equal,75,26,0.001314292372952398,0.9790209790209792,0.9393939393939392,0.00206507144422529,0.9830874651199885,24,26,25
stratified_equal,75,27,0.0002699677078617763,0.9790209790209792,0.9393939393939392,0.00017695573087880782,0.9935831044546871,24,26,25
stratified_equal,75,28,0.0002992316952534228,0.9930069930069931,0.9696969696969696,0.00027835218058295044,0.9883449883449883,24,26,25
stratified_equal,75,29,0.0006520638465536598,0.9720279720279721,0.909090909090909,0.00046640214770984033,0.9970857367963788,24,26,25
stratified_equal,75,30,0.00046948228626996993,0.9930069930069931,0.9696969696969696,0.0005517354810431735,0.9894931253435844,24,26,25
stratified_equal,75,31,0.00023832074174672481,1.0,0.9999999999999998,0.00031821148367302215,0.9965014517583163,24,26,25
stratified_equal,75,32,0.00020396297972938854,0.9930069930069931,0.9696969696969696,0.0005242943239097084,0.9941704494273139,24,26,25
stratified_equal,75,33,0.0002885272035276541,0.9790209790209792,0.9393939393939392,0.0002691389436774051,0.993006993006993,24,26,25
stratified_equal,75,34,0.00048355320825578687,0.9930069930069931,0.9696969696969696,0.0003362040324348024,0.9994167391273812,24,26,25
stratified_equal,75,35,0.0005179487953322256,0.9790209790209792,0.9393939393939392,0.0007522912557527944,0.9860139860139862,24,26,25
stratified_equal,75,36,0.0005836004895796626,0.965034965034965,0.909090909090909,0.00032657221126451897,0.9906759906759909,24,26,25
stratified_equal,75,37,0.00025092909478060984,0.9860139860139862,0.9393939393939392,0.00029291277668200716,0.987152862369089,24,26,25
stratified_equal,75,38,0.0002787179048672922,0.9860139860139862,0.9393939393939392,0.00031752027175104073,0.9970857367963788,24,26,25
stratified_equal,75,39,0.0003941473768925078,0.9930069930069931,0.9696969696969696,0.0003776671049747973,0.983052636173773,24,26,25
stratified_equal,75,40,0.00021868953607296658,0.9930069930069931,0.9696969696969696,0.0006222632040324352,0.9941704494273139,24,26,25
stratified_equal,75,41,0.0002497817346545274,1.0,0.9999999999999998,0.0004871446416831031,0.9947506485685844,24,26,25
stratified_equal,75,42,0.0003876414667270234,0.9790209790209792,0.9393939393939392,0.00018228336620644355,0.9947547344653765,24,26,25
stratified_equal,75,43,0.0010499078181848665,0.9930069930069931,0.9696969696969696,0.0019195890861275473,0.9953379953379954,24,26,25
stratified_equal,75,44,0.0007838085274047236,0.9790209790209792,0.9393939393939392,0.0012720357221126463,0.9953308459130706,24,26,25
stratified_equal,75,45,0.0005398368961990486,0.9790209790209792,0.9393939393939392,0.0005254510190664028,0.9953379953379954,24,26,25
stratified_equal,75,46,0.0004830236574283643,0.9790209790209792,0.9393939393939392,0.0003431205347359199,0.9941633017991732,24,26,25
stratified_equal,75,47,0.0006085524202337214,0.9877423203570683,0.9618600860701234,0.00045520162174008375,0.9906759906759907,24,26,25
stratified_equal,75,48,0.0008274334289019664,0.9930069930069931,0.9696969696969696,0.001067107385492001,0.9906606694574815,24,26,25
stratified_equal,75,49,0.00042791254631725236,0.9720279720279721,0.909090909090909,0.000529111330265176,0.993006993006993,24,26,25
stratified_equal,75,50,0.0007339046660966093,0.9790209790209792,0.9393939393939392,0.0014010556651325881,0.9900804721129953,24,26,25
stratified_equal,75,51,0.00016159891353553514,0.9860139860139862,0.9393939393939392,0.0017098805610344069,0.9906759906759909,24,26,25
stratified_equal,75,52,0.0004324767701155182,0.9930069930069931,0.9696969696969696,0.00030783979837826,0.9894838647000913,24,26,25
stratified_equal,75,53,0.00026825297184916746,0.9930069930069931,0.9696969696969696,0.00016264716195485434,0.9953379953379954,24,26,25
stratified_equal,75,54,0.00028511033985547464,0.9930069930069931,0.9696969696969696,0.0005425822923515227,0.993006993006993,24,26,25
stratified_equal,75,55,0.0002590993075465668,0.9930069930069931,0.9696969696969696,0.0005637179487179485,0.9924114744439977,24,26,25
stratified_equal,75,56,0.00036972499706587354,0.9930069930069931,0.9696969696969696,0.00036653714661406936,0.9877494697819932,24,26,25
stratified_equal,75,57,0.00046499371258991,0.9790209790209792,0.9393939393939392,0.0011156754328292791,0.9970816508995867,24,26,25
stratified_equal,75,58,0.0009762624281139423,0.9930069930069931,0.9696969696969696,0.001082388121849661,0.9900804721129953,24,26,25
stratified_equal,75,59,0.00020930892141575618,0.9930069930069931,0.9696969696969696,0.00026946022353714643,0.9941633017991732,24,26,25
stratified_equal,75,60,0.0004359692839059047,0.9790209790209792,0.9393939393939392,0.00036824304185842675,0.9825072444172296,24,26,25
stratified_equal,75,61,0.0005933467464748572,0.9930069930069931,0.9696969696969696,0.00106914990138067,0.9976689976689977,24,26,25
stratified_equal,75,62,0.0008001615612896717,0.9930069930069931,0.9696969696969696,0.0017646664475126023,0.9970816508995867,24,26,25
stratified_equal,75,63,0.00024554532803514143,0.9930069930069931,0.9696969696969696,0.0003700436116589965,0.9894838647000913,24,26,25
stratified_equal,75,64,0.0004950772429287575,0.9720279720279721,0.909090909090909,0.0003468584264738115,0.9877535556787853,24,26,25
stratified_equal,75,65,0.0003144121523062211,0.9930069930069931,0.9696969696969696,0.00024133618233618262,0.9883449883449883,24,26,25
stratified_equal,75,66,0.0007346863839847057,0.9877423203570683,0.9618600860701234,0.0005568027613412232,0.993006993006993,24,26,25
stratified_equal,75,67,0.00039341609241654377,0.9930069930069931,0.9696969696969696,0.00040551062897216714,0.9970857367963788,24,26,25
stratified_equal,75,68,0.0005941032476568889,0.9930069930069931,0.9696969696969696,0.00046710694718387035,0.9970816508995867,24,26,25
stratified_equal,75,69,0.0005771828378854171,0.9930069930069931,0.9696969696969696,0.0006260317773394698,0.990645269188056,24,26,25
stratified_equal,75,70,0.0005914554935197725,0.9790209790209792,0.9393939393939392,0.00031103900942362495,0.9906759906759909,24,26,25
stratified_equal,75,71,0.0007153325620776924,0.9877423203570683,0.9618600860701234,0.0005447825991672148,0.9918282135713788,24,26,25
stratified_equal,75,72,0.0009419424911557123,0.9790209790209792,0.9393939393939392,0.0016431437650668418,0.9906759906759909,24,26,25
stratified_equal,75,73,0.000650588669248694,0.9860139860139862,0.9393939393939392,0.0013352756958141584,0.9994167391273812,24,26,25
stratified_equal,75,74,0.000390087487215599,0.9790209790209792,0.9393939393939392,0.0006425958799035721,0.988912927999098,24,26,25
stratified_equal,75,75,0.0003179803162148084,0.9930069930069931,0.9696969696969696,0.00026388845058075857,0.9836554047740981,24,26,25
stratified_equal,75,76,0.0008669732240162293,1.0,0.9999999999999998,0.0009565814157352624,0.9959099975306246,24,26,25
stratified_equal,75,77,0.000308524051439396,0.9860139860139862,0.9393939393939392,0.00021617335086565817,0.9953379953379954,24,26,25
stratified_equal,75,78,0.00023898898445752105,0.9930069930069931,0.9696969696969696,0.00043278654394039,0.9924155603407899,24,26,25
stratified_equal,75,79,0.0005567573059705237,0.9790209790209792,0.9393939393939392,0.0011790880999342545,0.9976689976689977,24,26,25
stratified_equal,75,80,0.00036671160069077585,0.9790209790209792,0.9393939393939392,0.00035664277887354764,0.9900927298033718,24,26,25
stratified_equal,75,81,0.0004957202689334858,0.9930069930069931,0.9696969696969696,0.0009080440499671266,0.9953379953379954,24,26,25
stratified_equal,75,82,0.00037220884261354937,0.9790209790209792,0.9393939393939392,0.0006852441376287533,0.987152862369089,24,26,25
stratified_equal,75,83,0.00036297952819274495,0.9930069930069931,0.9696969696969696,0.0003277183870260796,0.9906759906759909,24,26,25
stratified_equal,75,84,0.00016438535955602557,0.9930069930069931,0.9696969696969696,0.00041124808240192867,0.993006993006993,24,26,25
stratified_equal,75,85,0.00020531207350401342,0.9720279720279721,0.909090909090909,0.00043569515669515684,0.9860139860139862,24,26,25
stratified_equal,75,86,0.0004751434367821852,0.9790209790209792,0.9393939393939392,0.00036015406530791127,0.9953379953379954,24,26,25
stratified_equal,75,87,0.0004370283855607503,0.9930069930069931,0.9696969696969696,0.0007493624808240189,0.9982491932166996,24,26,25
stratified_equal,75,88,0.0005276824438743838,1.0,0.9999999999999998,0.000731962962962963,0.9871580371157899,24,26,25
stratified_equal,75,89,0.0004889621917073241,0.9930069930069931,0.9696969696969696,0.0007883964497041421,0.9894931253435844,24,26,25
stratified_equal,75,90,0.00020658551716043724,0.9930069930069931,0.9696969696969696,0.00038500438308130625,0.993006993006993,24,26,25
stratified_equal,75,91,0.0005577533658602001,0.9790209790209792,0.9393939393939392,0.0007284753451676533,0.9970857367963788,24,26,25
stratified_equal,75,92,0.00020094958335429108,1.0,0.9999999999999998,0.000452667762436993,0.9854143815541986,24,26,25
stratified_equal,75,93,0.0004710078969870708,0.9720279720279721,0.909090909090909,0.0007325783475783473,0.9871580371157899,24,26,25
stratified_equal,75,94,0.0005331418607380585,0.9930069930069931,0.9696969696969696,0.0013101523120753892,0.9970857367963788,24,26,25
stratified_equal,75,95,0.0006906958402494827,0.9720279720279721,0.909090909090909,0.0007465958799035727,0.9900804721129953,24,26,25
stratified_equal,75,96,0.0006622135707459383,0.9860139860139862,0.9393939393939392,0.0013079756738987507,0.992419646237582,24,26,25
stratified_equal,75,97,0.0003188250758680799,1.0,0.9999999999999998,0.0004027804076265617,0.987745383885201,24,26,25
stratified_equal,75,98,0.0005245807890280496,0.9860139860139862,0.9393939393939392,0.0005929175980714445,0.97724565865371,24,26,25
stratified_equal,75,99,0.0003009212145599639,0.9930069930069931,0.9696969696969696,0.0005823469208853822,0.9830874651199885,24,26,25
stratified_equal,75,100,0.00030098425632513144,0.9720279720279721,0.909090909090909,0.0005791959237343851,0.9947506485685844,24,26,25
stratified_equal,75,101,0.0004637959190516893,0.9790209790209792,0.9393939393939392,0.0009310990576375192,0.9906759906759909,24,26,25
stratified_equal,75,102,0.00024814264876012144,0.9790209790209792,0.9393939393939392,0.0003160094236248085,0.9947506485685844,24,26,25
stratified_equal,75,103,0.0006516225541974719,0.9720279720279721,0.909090909090909,0.0005865665132588205,0.9953379953379954,24,26,25
stratified_equal,75,104,0.0003601426487601222,1.0,0.9999999999999998,0.0009147076484768797,0.992419646237582,24,26,25
stratified_equal,75,105,0.0005563034052613028,0.9930069930069931,0.9696969696969696,0.0005105432829278989,0.9976689976689977,24,26,25
stratified_equal,75,106,0.0003124830742920364,0.9930069930069931,0.9696969696969696,0.0002919476221783914,0.9900886439065797,24,26,25
stratified_equal,75,107,0.0005812931609744624,0.9720279720279721,0.909090909090909,0.0008539283366206443,0.9854184674509908,24,26,25
stratified_equal,75,108,0.00041444682527706344,0.9930069930069931,0.9696969696969696,0.0005591735700197239,0.9970857367963788,24,26,25
stratified_equal,75,109,0.00032333886625421083,0.9790209790209792,0.9393939393939392,0.0005207054569362257,0.9994167391273812,24,26,25
stratified_equal,75,110,0.00048465013496973443,0.9790209790209792,0.9393939393939392,0.000730453868069253,0.993006993006993,24,26,25
stratified_equal,75,111,0.00037263752661670027,0.9982502173821435,0.9923953268977463,0.000242746219592373,0.9894931253435844,24,26,25
stratified_equal,75,112,0.0004264878024244221,0.9790209790209792,0.9393939393939392,0.00016899167214551848,0.9935831044546871,24,26,25
stratified_equal,75,113,0.0003645051389098445,0.9860139860139862,0.9393939393939392,0.00025407034845496417,0.9947506485685844,24,26,25
stratified_equal,75,114,0.0004553231058129195,0.9930069930069931,0.9696969696969696,0.0014572401928555775,0.993006993006993,24,26,25
stratified_equal,75,115,0.0003591718055765124,0.9790209790209792,0.9393939393939392,0.000589962962962963,0.9970816508995867,24,26,25
stratified_equal,75,116,0.00020359733749140645,0.9860139860139862,0.9393939393939392,0.0005880598290598286,0.9924053114597927,24,26,25
stratified_equal,75,117,0.00037099844072229523,1.0,0.9999999999999998,0.000333850317773395,0.993006993006993,24,26,25
stratified_equal,75,118,0.000234664319366899,0.9930069930069931,0.9696969696969696,0.0007823854920008763,0.9854184674509908,24,26,25
stratified_equal,75,119,0.0006216903240950309,0.9930069930069931,0.9696969696969696,0.0012637017313171168,0.9906759906759909,24,26,25
stratified_equal,75,120,0.0004014476132991288,1.0,0.9999999999999998,0.00043898685075608146,0.987745383885201,24,26,25
stratified_equal,75,121,0.0005081268883188275,0.9790209790209792,0.9393939393939392,0.00026039031339031396,0.9994167391273812,24,26,25
stratified_equal,75,122,0.000498834532132854,0.9790209790209792,0.9393939393939392,0.0006567869822485215,0.9877576415755773,24,26,25
stratified_equal,75,123,0.0006172269671210336,0.9860139860139862,0.9393939393939392,0.00048415231207538963,0.9953379953379954,24,26,25
stratified_equal,75,124,0.0004411891420619323,0.9930069930069931,0.9696969696969696,0.0003473738768354155,0.9947547344653765,24,26,25
stratified_equal,75,125,0.0003045272035276553,0.9790209790209792,0.9393939393939392,0.0008803946964716204,0.9953379953379954,24,26,25
stratified_equal,75,126,0.0003056241302416042,0.9720279720279721,0.909090909090909,0.0010059151873767253,0.9883449883449883,24,26,25
stratified_equal,75,127,0.000257636738594637,0.9860139860139862,0.9393939393939392,0.0005010885382423837,0.987152862369089,24,26,25
stratified_equal,75,128,0.0008175863051824997,0.9877423203570683,0.9618600860701234,0.0006320935787858866,0.9976689976689977,24,26,25
stratified_equal,75,129,0.0007204137283503501,0.9930069930069931,0.9696969696969696,0.0011412393162393167,0.9935831044546871,24,26,25
stratified_equal,75,130,0.0006953231058129182,0.9930069930069931,0.9696969696969696,0.0006653962305500771,0.9953379953379954,24,26,25
stratified_equal,75,131,0.0004004389450564193,0.9720279720279721,0.909090909090909,0.0003783473591935131,0.9900886439065797,24,26,25
stratified_equal,75,132,0.0004042844927317517,1.0,0.9999999999999998,0.0004594010519395142,0.9941633017991732,24,26,25
stratified_equal,75,133,0.00041253035561591186,0.9860139860139862,0.9393939393939392,0.0003862881875958798,0.9906616558982013,24,26,25
stratified_equal,75,134,0.0004638841775229247,0.9930069930069931,0.9696969696969696,0.0004999747972824893,0.9883449883449883,24,26,25
stratified_equal,75,135,0.000426298677128916,0.9930069930069931,0.9696969696969696,0.0011050333114179262,0.9959141067856895,24,26,25
stratified_equal,75,136,0.0010716698355213506,0.9790209790209792,0.9393939393939392,0.0013709925487617796,0.9953379953379954,24,26,25
stratified_equal,75,137,0.00043206069446540115,0.9790209790209792,0.9393939393939392,0.0007251275476660092,0.9860139860139862,24,26,25
stratified_equal,75,138,0.0006016052177120523,0.9930069930069931,0.9696969696969696,0.0006352511505588422,0.9947403996875872,24,26,25
stratified_equal,75,139,0.0006252332712975505,0.9860139860139862,0.9393939393939392,0.0008012629848783703,0.9953379953379954,24,26,25
stratified_equal,75,140,0.00026991727444964037,0.9930069930069931,0.9696969696969696,0.000355855577470962,0.9935831044546871,24,26,25
stratified_equal,75,141,0.000879468101872808,0.9930069930069931,0.9696969696969696,0.0012099252684637308,0.9970857367963788,24,26,25
stratified_equal,75,142,0.0005822261790989698,0.9790209790209792,0.9393939393939392,0.000634582292351523,0.9970857367963788,24,26,25
stratified_equal,75,143,0.000923925154670289,0.9860139860139862,0.9393939393939392,0.0015008238001314922,0.986586011564888,24,26,25
stratified_equal,75,144,0.00024048937846855284,1.0,0.9999999999999998,0.00039476594345825124,0.9947547344653765,24,26,25
stratified_equal,75,145,0.00018047361802726134,0.9930069930069931,0.9696969696969696,0.0002997262765724301,0.9964983900269678,24,26,25
stratified_equal,75,146,0.0004633294099894345,0.9860139860139862,0.9393939393939392,0.0002908834100372565,0.9970816508995867,24,26,25
stratified_equal,75,147,0.0002980591184212738,0.9930069930069931,0.9696969696969696,0.0005153138286215203,0.9883449883449883,24,26,25
stratified_equal,75,148,0.00039963201046224915,0.9930069930069931,0.9696969696969696,0.0004829443348674121,0.993006993006993,24,26,25
stratified_equal,75,149,0.00037737826735744184,0.9930069930069931,0.9696969696969696,0.00018988888888888883,0.9988334782547623,24,26,25
stratified_equal,75,150,0.00032254454001307567,0.9930069930069931,0.9696969696969696,0.00032563335524874007,0.9929926582292037,24,26,25
stratified_equal,75,151,0.0010802182988783233,0.9930069930069931,0.9696969696969696,0.0009048308130615822,0.9970775289399273,24,26,25
stratified_equal,75,152,0.0004456524990359295,0.9930069930069931,0.9696969696969696,0.0003159787420556657,0.9976689976689977,24,26,25
stratified_equal,75,153,0.0003203128615260788,0.9930069930069931,0.9696969696969696,0.0010475522682445763,0.9976689976689977,24,26,25
stratified_equal,75,154,0.0004453751152691847,0.9860139860139862,0.9393939393939392,0.00034951545036160386,0.9883449883449885,24,26,25
stratified_equal,75,155,0.00037102365742836284,0.9930069930069931,0.9696969696969696,0.0004585029585798815,0.9877576415755773,24,26,25
stratified_equal,75,156,0.0003377249970658743,0.9790209790209792,0.9393939393939392,0.00036406289721674384,0.9947506485685844,24,26,25
stratified_equal,75,157,0.0002752884328420765,0.9930069930069931,0.9696969696969696,0.0008163030900723211,0.9912398210750357,24,26,25
stratified_equal,75,158,0.0003843506865851799,0.9790209790209792,0.9393939393939392,0.0002212305500767041,0.9953308459130706,24,26,25
stratified_equal,75,159,0.0014421284643629597,0.9930069930069931,0.9696969696969696,0.0025622049090510634,0.992995757685276,24,26,25
stratified_equal,75,160,0.00065843106483577,0.9720279720279721,0.909090909090909,0.0012144924391847467,0.9883449883449885,24,26,25
stratified_equal,75,161,0.0008183554147175683,0.9930069930069931,0.9696969696969696,0.0007450841551610775,0.9900927298033718,24,26,25
stratified_equal,75,162,0.0002441836259074813,1.0,0.9999999999999998,0.00033154131054131004,0.9894931253435844,24,26,25
stratified_equal,75,163,0.00041449725868920027,0.9860139860139862,0.9393939393939392,0.0006723342099495942,0.9947403996875872,24,26,25
stratified_equal,75,164,0.00030548543835822914,0.9930069930069931,0.9696969696969696,0.00037395244356782845,0.9906759906759909,24,26,25
stratified_equal,75,165,0.0003124830742920355,0.9860139860139862,0.9393939393939392,0.0005382097304404994,0.9953379953379954,24,26,25
stratified_equal,75,166,0.0003314712539610673,0.9930069930069931,0.9696969696969696,0.00030265636642559673,0.993006993006993,24,26,25
stratified_equal,75,167,0.0008572395754740696,0.9930069930069931,0.9696969696969696,0.0014044047775586231,0.9924237321343742,24,26,25
stratified_equal,75,168,0.0004932994651509803,0.9790209790209792,0.9393939393939392,0.0006387891737891738,0.9894838647000913,24,26,25
stratified_equal,75,169,0.00020589205774357384,0.9860139860139862,0.9393939393939392,0.0005618682884067501,0.9813519813519814,24,26,25
stratified_equal,75,170,0.00037486920510369765,0.9790209790209792,0.9393939393939392,0.000412353495507341,0.9860139860139862,24,26,25
stratified_equal,75,171,0.0005073199537246589,0.9790209790209792,0.9393939393939392,0.0005044849879465272,0.9865778397713036,24,26,25
stratified_equal,75,172,0.0005169653437955822,0.9930069930069931,0.9696969696969696,0.0005766313828621527,0.9953379953379954,24,26,25
stratified_equal,75,173,0.00045524745569471497,1.0,0.9999999999999998,0.0003641781722550959,0.992995757685276,24,26,25
stratified_equal,75,174,0.00037544918934325763,0.9790209790209792,0.9393939393939392,0.0001477753670830594,0.9976689976689977,24,26,25
stratified_equal,75,175,0.00045147755813758356,0.99124495269876,0.9618600860701234,0.00016656958141573523,0.9947547344653765,24,26,25
stratified_equal,75,176,0.00029364619485941354,0.9930069930069931,0.9696969696969696,0.0004848663160201625,0.9883449883449883,24,26,25
stratified_equal,75,177,0.000366509867042232,0.9790209790209792,0.9393939393939392,0.0002719927679158448,0.9953379953379954,24,26,25
stratified_equal,75,178,0.00028165565112418843,0.9930069930069931,0.9696969696969696,0.000367313828621521,0.9953379953379954,24,26,25
stratified_equal,75,179,0.00047463910266083053,0.9720279720279721,0.909090909090909,0.0004999002849002851,0.9970816508995867,24,26,25
stratified_equal,75,180,0.00030950750297604026,0.9930069930069931,0.9696969696969696,0.0004205139162831469,0.9947403996875872,24,26,25
stratified_equal,75,181,0.0010803695991147308,0.9720279720279721,0.909090909090909,0.0015948820951128644,0.9935831044546871,24,26,25
stratified_equal,75,182,0.0006434271247254492,1.0,0.9999999999999998,0.0008046918693841777,0.9830874651199885,24,26,25
stratified_equal,75,183,0.00033428291668762276,0.9930069930069931,0.9696969696969696,0.00019609182555336383,0.9970857367963788,24,26,25
stratified_equal,75,184,0.0007217249970658739,0.9930069930069931,0.9696969696969696,0.0012627641902257286,0.987152862369089,24,26,25
stratified_equal,75,185,0.0004856966282715486,0.9860139860139862,0.9393939393939392,0.00040307538899846617,0.993006993006993,24,26,25
stratified_equal,75,186,0.0005764515534094524,0.9930069930069931,0.9696969696969696,0.0018842912557527946,0.9883449883449883,24,26,25
stratified_equal,75,187,0.0005067904028972374,0.9982502173821435,0.9923953268977463,0.0012867567389875084,0.9994167391273812,24,26,25
stratified_equal,75,188,0.000208325469879113,0.9930069930069931,0.9696969696969696,0.0005372559719482797,0.993006993006993,24,26,25
stratified_equal,75,189,0.0005215547842999156,0.965034965034965,0.909090909090909,0.0004452607933377168,0.987745383885201,24,26,25
stratified_equal,75,190,0.00029478094663246205,0.9930069930069931,0.9696969696969696,0.0007807869822485215,0.9912480162268927,24,26,25
stratified_equal,75,191,0.00041549331857887575,0.9790209790209792,0.9393939393939392,0.00046035656366425593,0.9865778397713036,24,26,25
stratified_equal,75,192,0.0006826643193668978,0.9790209790209792,0.9393939393939392,0.0007773686171378486,0.9836554047740981,24,26,25
stratified_equal,75,193,0.0005677265731100024,0.9720279720279721,0.909090909090909,0.0005715110672802972,0.9860139860139862,24,26,25
stratified_equal,75,194,0.0004034145163724152,0.9790209790209792,0.9393939393939392,0.0011305520490905113,0.9976689976689977,24,26,25
stratified_equal,75,195,0.001195382995489832,0.9807370556736849,0.9313248452425005,0.0033075325443786985,0.9906759906759909,24,26,25
stratified_equal,75,196,0.0003079440671998373,0.9930069930069931,0.9696969696969696,0.00039037847907078704,0.9860139860139862,24,26,25
stratified_equal,75,197,0.0005345918213369528,1.0,0.9999999999999998,0.000674943458251151,0.9976689976689977,24,26,25
stratified_equal,75,198,0.000381576848917725,0.9772344233319931,0.9313248452425005,0.0003510464606618453,0.993006993006993,24,26,25
stratified_equal,75,199,0.0005400386298475918,0.9930069930069931,0.9696969696969696,0.00105873570019724,0.9994167391273812,24,26,25
stratified_equal,80,0,0.00044324873623056965,0.9930069930069931,0.9696969696969696,0.0008064814814814821,0.9994167391273812,24,28,28
stratified_equal,80,1,0.00027974031424475516,0.9860139860139862,0.9393939393939392,0.0008619425547996984,0.9947506485685844,24,28,28
stratified_equal,80,2,0.0002514380092802151,0.9790209790209792,0.9393939393939392,0.0001267762660619804,0.9924237321343742,24,28,28
stratified_equal,80,3,0.0005185701014787976,1.0,0.9999999999999998,0.001411640211640211,0.9959141067856895,24,28,28
stratified_equal,80,4,0.00032134049154972083,0.9930069930069931,0.9696969696969696,0.000526247165532879,0.9953308459130706,24,28,28
stratified_equal,80,5,0.0002572004206277329,0.9930069930069931,0.9696969696969696,0.00014227135298563903,0.9859750711709786,24,28,28
stratified_equal,80,6,0.00022408871850007446,0.9790209790209792,0.9393939393939392,0.000393499622071051,0.9953379953379954,24,28,28
stratified_equal,80,7,0.0004155780802022027,0.9790209790209792,0.9393939393939392,0.0004238284202569913,0.9994167391273812,24,28,28
stratified_equal,80,8,0.0005738781688546866,0.9982502173821435,0.9923953268977463,0.0009681405895691613,0.9947506485685844,24,28,28
stratified_equal,80,9,0.0004557819809114226,0.9930069930069931,0.9696969696969696,0.0007424225245653819,0.9953379953379954,24,28,28
stratified_equal,80,10,0.00017629394899652763,0.9930069930069931,0.9696969696969696,0.00022286470143613053,0.9970857367963788,24,28,28
stratified_equal,80,11,0.00010036309793269852,0.9930069930069931,0.9696969696969696,0.0003107331821617543,0.9976689976689977,24,28,28
stratified_equal,80,12,0.00041896903764901,0.9790209790209792,0.9393939393939392,0.000367233560090703,0.9883449883449883,24,28,28
stratified_equal,80,13,0.00020580414403198767,0.9930069930069931,0.9696969696969696,0.0005177437641723351,0.9865737538745115,24,28,28
stratified_equal,80,14,0.0002703320695639039,1.0,0.9999999999999998,0.0003987906273620564,1.0,24,28,28
stratified_equal,80,15,0.00022918623623057076,0.9930069930069931,0.9696969696969696,0.00019792139077853325,0.9994167391273812,24,28,28
stratified_equal,80,16,0.00025727799154971986,0.9790209790209792,0.9393939393939392,0.00030714285714285777,0.9988334782547623,24,28,28
stratified_equal,80,17,0.00014579749509581938,0.9930069930069931,0.9696969696969696,0.0001502078609221465,1.0,24,28,28
stratified_equal,80,18,0.0001875860589256065,0.9930069930069931,0.9696969696969696,0.00022277021919879015,0.9970816508995867,24,28,28
stratified_equal,80,19,0.00022921948091142225,0.9790209790209792,0.9393939393939392,0.00033898337112622784,0.9900763862162032,24,28,28
stratified_equal,80,20,0.00022109669722347736,0.9930069930069931,0.9696969696969696,0.00025007558578987184,0.9947506485685844,24,28,28
stratified_equal,80,21,0.0002625860589256066,0.9930069930069931,0.9696969696969696,0.00020226757369614496,1.0,24,28,28
stratified_equal,80,22,0.00030878508374830067,0.9930069930069931,0.9696969696969696,0.00021010959939531405,0.9976689976689977,24,28,28
stratified_equal,80,23,0.0002561255092802165,0.9930069930069931,0.9696969696969696,0.0006424603174603178,0.9883449883449883,24,28,28
stratified_equal,80,24,0.0001513493567979463,0.9930069930069931,0.9696969696969696,0.00017817460317460327,0.9970816508995867,24,28,28
stratified_equal,80,25,0.0005090288780745404,0.9790209790209792,0.9393939393939392,0.0004318594104308384,0.9953379953379954,24,28,28
stratified_equal,80,26,0.00026637595254262655,0.9930069930069931,0.9696969696969696,0.0003301965230536657,1.0,24,28,28
stratified_equal,80,27,0.0001425284348121308,0.9860139860139862,0.9393939393939392,0.00047834467120181403,0.9976689976689977,24,28,28
stratified_equal,80,28,0.00038869421495397576,0.9930069930069931,0.9696969696969696,0.0004893046107331821,0.9883255812296871,24,28,28
stratified_equal,80,29,0.0002470053851667418,0.9930069930069931,0.9696969696969696,0.000499603174603174,0.9859904930018927,24,28,28
stratified_equal,80,30,0.00037989545608872695,0.9930069930069931,0.9696969696969696,0.0004673847316704459,0.9924114744439977,24,28,28
stratified_equal,80,31,0.00032644909084049905,0.9930069930069931,0.9696969696969696,0.0001861111111111111,0.9953379953379954,24,28,28
stratified_equal,80,32,0.0002469278142447546,0.9790209790209792,0.9393939393939392,0.00010117157974300815,0.993006993006993,24,28,28
stratified_equal,80,33,0.0003764712539610664,0.9930069930069931,0.9696969696969696,0.0002633975812547237,0.9976689976689977,24,28,28
stratified_equal,80,34,0.0001106467858759611,0.9930069930069931,0.9696969696969696,0.00022522675736961453,0.9935831044546871,24,28,28
stratified_equal,80,35,0.0005749752433227693,0.9860139860139862,0.9393939393939392,0.0004933673469387748,0.9906759906759907,24,28,28
stratified_equal,80,36,0.000295420722046172,0.9930069930069931,0.9696969696969696,0.0003043083900226761,0.9965014517583161,24,28,28
stratified_equal,80,37,0.0007167083993511385,0.9930069930069931,0.9696969696969696,0.0008988851095993954,0.9947506485685844,24,28,28
stratified_equal,80,38,0.0003565798532518471,0.9930069930069931,0.9696969696969696,0.0003267951625094488,0.9947506485685844,24,28,28
stratified_equal,80,39,0.00034589722913837105,0.9930069930069931,0.9696969696969696,0.00015190854119425548,0.9953236605602059,24,28,28
stratified_equal,80,40,0.0004675838426135486,1.0,0.9999999999999998,0.0005625283446712017,0.9976689976689977,24,28,28
stratified_equal,80,41,0.00037914190998943493,0.9860139860139862,0.9393939393939392,0.0005756613756613748,0.9900763862162032,24,28,28
stratified_equal,80,42,0.0002466729383582297,0.9930069930069931,0.9696969696969696,0.00026509826152683254,0.9959141067856895,24,28,28
stratified_equal,80,43,0.0005327877433227687,0.9930069930069931,0.9696969696969696,0.0010360733182161754,0.993006993006993,24,28,28
stratified_equal,80,44,0.00022218269013128116,0.9930069930069931,0.9696969696969696,0.00018006424792139093,0.9935790185578949,24,28,28
stratified_equal,80,45,0.00043771903764901074,0.9930069930069931,0.9696969696969696,0.000618272864701436,0.9906759906759907,24,28,28
stratified_equal,80,46,0.00047889811566319577,0.9930069930069931,0.9696969696969696,0.000574622071050642,0.9906759906759907,24,28,28
stratified_equal,80,47,0.00011165520786177699,0.9930069930069931,0.9696969696969696,0.00013282312925170053,0.9976689976689977,24,28,28
stratified_equal,80,48,0.00022127400218801822,0.9930069930069931,0.9696969696969696,0.0004611489040060476,0.9976689976689977,24,28,28
stratified_equal,80,49,0.00026599917949298216,0.9930069930069931,0.9696969696969696,0.0002900415721844296,0.9947465608750079,24,28,28
stratified_equal,80,50,0.00014424607665610266,0.9930069930069931,0.9696969696969696,0.00023703703703703704,0.9894838647000913,24,28,28
stratified_equal,80,51,0.0002896693922589397,1.0,0.9999999999999998,0.0003737528344671204,0.9912480162268927,24,28,28
stratified_equal,80,52,0.00015551602346461333,0.9930069930069931,0.9696969696969696,0.0002481859410430836,0.9935790185578949,24,28,28
stratified_equal,80,53,0.00013294288516674122,0.9930069930069931,0.9696969696969696,0.00023647014361300055,0.9935831044546871,24,28,28
stratified_equal,80,54,0.0002690798532518469,0.9930069930069931,0.9696969696969696,0.00048779289493575253,0.987745383885201,24,28,28
stratified_equal,80,55,8.544731779085515e-05,1.0,0.9999999999999998,0.0002497921390778531,0.9953379953379954,24,28,28
stratified_equal,80,56,0.00017993978232986146,0.9930069930069931,0.9696969696969696,0.00018393801965230542,0.9970816508995867,24,28,28
stratified_equal,80,57,0.00025631389580503837,0.9930069930069931,0.9696969696969696,0.00011411564625850378,0.9970816508995867,24,28,28
stratified_equal,80,58,0.00015510600573411765,0.9930069930069931,0.9696969696969696,0.0002895691609977323,0.9976689976689977,24,28,28
stratified_equal,80,59,0.0002939579560887273,0.9930069930069931,0.9696969696969696,0.0001993386243386244,1.0,24,28,28
stratified_equal,80,60,0.0003825328674362442,0.9930069930069931,0.9696969696969696,0.0004915721844293271,0.992419646237582,24,28,28
stratified_equal,80,61,0.00024944332842915157,0.9930069930069931,0.9696969696969696,0.0001671201814058956,0.9976689976689977,24,28,28
stratified_equal,80,62,0.0001069123000603583,0.9930069930069931,0.9696969696969696,0.00021114890400604646,0.992995757685276,24,28,28
stratified_equal,80,63,0.00019453419722347941,0.9930069930069931,0.9696969696969696,0.0005499622071050635,0.9912480162268927,24,28,28
stratified_equal,80,64,0.0004228032575071662,0.9790209790209792,0.9393939393939392,0.0006118480725623578,0.9976689976689977,24,28,28
stratified_equal,80,65,0.00022602799154971957,0.9930069930069931,0.9696969696969696,0.00020217309145880582,0.9970857367963788,24,28,28
stratified_equal,80,66,0.0001943568922589396,0.9930069930069931,0.9696969696969696,0.0001944255479969766,0.9976689976689977,24,28,28
stratified_equal,80,67,0.0002996427965142584,0.9930069930069931,0.9696969696969696,0.00021823507180649998,0.9900763862162032,24,28,28
stratified_equal,80,68,0.0003096272823298604,0.9930069930069931,0.9696969696969696,0.00023127362055933522,1.0,24,28,28
stratified_equal,80,69,0.0003158994454504283,0.965034965034965,0.909090909090909,0.0004353552532123963,0.9953379953379954,24,28,28
stratified_equal,80,70,0.00017690343481213046,0.9930069930069931,0.9696969696969696,0.0001519085411942558,0.993006993006993,24,28,28
stratified_equal,80,71,0.00023348588162064128,0.9860139860139862,0.9393939393939392,0.00022390400604686334,0.9929987851505415,24,28,28
stratified_equal,80,72,0.000351227459634826,0.9790209790209792,0.9393939393939392,0.0005081065759637184,0.9883449883449883,24,28,28
stratified_equal,80,73,0.0004355581333936908,0.9790209790209792,0.9393939393939392,0.0004325207860922139,0.9883449883449883,24,28,28
stratified_equal,80,74,0.0001574552965142588,0.9930069930069931,0.9696969696969696,0.00013301209372637915,0.9970816508995867,24,28,28
stratified_equal,80,75,0.00019063348800362034,1.0,0.9999999999999998,0.0001109977324263037,0.9976689976689977,24,28,28
stratified_equal,80,76,0.00017112994190432917,1.0,0.9999999999999998,0.00021303854875283452,0.993006993006993,24,28,28
stratified_equal,80,77,0.00018285423268447215,0.9790209790209792,0.9393939393939392,0.00031734693877551005,1.0,24,28,28
stratified_equal,80,78,0.00021072435679794687,0.9930069930069931,0.9696969696969696,0.0003363378684807249,0.993006993006993,24,28,28
stratified_equal,80,79,0.000804352459634824,0.9930069930069931,0.9696969696969696,0.0014487717309145888,0.9912480162268927,24,28,28
stratified_equal,80,80,0.00018094820431567655,0.9860139860139862,0.9393939393939392,0.0001729780801209376,0.9929926582292037,24,28,28
stratified_equal,80,81,0.0001344610589256066,0.9930069930069931,0.9696969696969696,0.00020897581254724091,0.9953379953379954,24,28,28
stratified_equal,80,82,0.0002700771936773799,0.9930069930069931,0.9696969696969696,0.00012819349962207098,0.9953379953379954,24,28,28
stratified_equal,80,83,0.0002225262185000749,0.9930069930069931,0.9696969696969696,0.00027341269841269834,0.993006993006993,24,28,28
stratified_equal,80,84,0.00034086620076957864,0.9930069930069931,0.9696969696969696,0.0005104686318972031,0.9836440688399763,24,28,28
stratified_equal,80,85,0.00019354793835823204,0.9930069930069931,0.9696969696969696,0.0004470710506424792,0.9924155603407899,24,28,28
stratified_equal,80,86,0.0006019810057341172,0.9860139860139862,0.9393939393939392,0.0008473922902494333,0.993006993006993,24,28,28
stratified_equal,80,87,0.0001417748887128404,0.9930069930069931,0.9696969696969696,0.00017080498866213123,0.9894931253435844,24,28,28
stratified_equal,80,88,0.0002516818036064565,0.9930069930069931,0.9696969696969696,0.0002176681783824644,0.9994167391273812,24,28,28
stratified_equal,80,89,0.00029380281424475475,0.9790209790209792,0.9393939393939392,0.00018516628873771726,1.0,24,28,28
stratified_equal,80,90,0.00030959403764900924,0.9860139860139862,0.9393939393939392,0.00039907407407407513,0.9976689976689977,24,28,28
stratified_equal,80,91,0.00024184137807454237,0.9930069930069931,0.9696969696969696,0.00029523809523809553,0.9976689976689977,24,28,28
stratified_equal,80,92,0.00033444997736532226,0.9930069930069931,0.9696969696969696,0.00020330687830687807,0.9976689976689977,24,28,28
stratified_equal,80,93,0.00038483783197525205,0.9930069930069931,0.9696969696969696,0.0007241874527588814,1.0,24,28,28
stratified_equal,80,94,0.0006409326901312809,0.9930069930069931,0.9696969696969696,0.0007787981859410437,0.9924114744439977,24,28,28
stratified_equal,80,95,0.00014852355892560606,0.9790209790209792,0.9393939393939392,0.0002776643990929702,0.9924114744439977,24,28,28
stratified_equal,80,96,0.00024691673268447214,1.0,0.9999999999999998,0.00033643235071806484,0.9976689976689977,24,28,28
stratified_equal,80,97,0.0004282997114078753,0.9930069930069931,0.9696969696969696,0.0003707294028722599,0.9883449883449883,24,28,28
stratified_equal,80,98,0.0004575550305568107,0.9930069930069931,0.9696969696969696,0.0007011337868480738,0.9935831044546871,24,28,28
stratified_equal,80,99,0.00038033871850007457,0.9930069930069931,0.9696969696969696,0.0009370559334845049,0.9900763862162032,24,28,28
stratified_equal,80,100,0.00023724253055681195,0.9930069930069931,0.9696969696969696,0.0001835600907029478,0.9947506485685844,24,28,28
stratified_equal,80,101,0.0003071671759468832,0.9790209790209792,0.9393939393939392,0.00046738473167044574,0.9970816508995867,24,28,28
stratified_equal,80,102,0.00025019687452844326,0.9860139860139862,0.9393939393939392,0.0010469387755102054,0.9865778397713036,24,28,28
stratified_equal,80,103,0.00012862107665610325,0.9930069930069931,0.9696969696969696,0.0002255102040816323,0.9976689976689977,24,28,28
stratified_equal,80,104,0.00022214944545042835,1.0,0.9999999999999998,0.0002879629629629626,0.9976689976689977,24,28,28
stratified_equal,80,105,0.0005173511298475923,0.9877423203570683,0.9618600860701234,0.0005064058956916101,0.9883449883449883,24,28,28
stratified_equal,80,106,0.00040183694545042865,0.9930069930069931,0.9696969696969696,0.0003487150415721842,0.993006993006993,24,28,28
stratified_equal,80,107,0.00051010378942206,0.9930069930069931,0.9696969696969696,0.0009460317460317468,0.9976607898125461,24,28,28
stratified_equal,80,108,0.00023129173268447232,0.9930069930069931,0.9696969696969696,0.00039425547996976514,1.0,24,28,28
stratified_equal,80,109,7.094155537950772e-05,0.9930069930069931,0.9696969696969696,0.00037346938775510225,0.9964983900269678,24,28,28
stratified_equal,80,110,0.00017149563339369112,0.9930069930069931,0.9696969696969696,0.0004904383975812549,0.9953379953379954,24,28,28
stratified_equal,80,111,0.00016786088162064206,0.9930069930069931,0.9696969696969696,0.0005098072562358278,0.9871580371157899,24,28,28
stratified_equal,80,112,0.00029135378942205946,0.9930069930069931,0.9696969696969696,0.00017033257747543437,0.9976689976689977,24,28,28
stratified_equal,80,113,0.0002682044099894353,0.9790209790209792,0.9393939393939392,0.0007427059712773998,0.9900804721129953,24,28,28
stratified_equal,80,114,0.00023176823977667002,0.9930069930069931,0.9696969696969696,0.0001883786848072557,0.9953379953379954,24,28,28
stratified_equal,80,115,0.0003936476724007837,0.9930069930069931,0.9696969696969696,0.0006280045351473935,0.993006993006993,24,28,28
stratified_equal,80,116,0.000302900775237662,0.9930069930069931,0.9696969696969696,0.0002736961451247172,0.9976689976689977,24,28,28
stratified_equal,80,117,0.0002917748887128391,0.9930069930069931,0.9696969696969696,0.00022031368102796674,0.9935790185578949,24,28,28
stratified_equal,80,118,0.00028329749509581787,0.9930069930069931,0.9696969696969696,0.0001569160997732432,0.9970857367963788,24,28,28
stratified_equal,80,119,0.00032467604119510866,0.9790209790209792,0.9393939393939392,0.00015124716553287947,0.9935831044546871,24,28,28
stratified_equal,80,120,6.776114757808923e-05,0.9930069930069931,0.9696969696969696,0.000165419501133787,0.9947506485685844,24,28,28
stratified_equal,80,121,0.00018614545608872582,0.9930069930069931,0.9696969696969696,0.00021039304610733165,0.993006993006993,24,28,28
stratified_equal,80,122,0.00048536974686886887,0.9930069930069931,0.9696969696969696,0.0009034202569916856,0.9976689976689977,24,28,28
stratified_equal,80,123,0.0004476924419043293,0.9930069930069931,0.9696969696969696,0.000350132275132275,0.9953379953379954,24,28,28
stratified_equal,80,124,0.00016121194545042967,0.9877423203570683,0.9618600860701234,0.00046445578231292463,1.0,24,28,28
stratified_equal,80,125,0.00033248854119510976,0.9930069930069931,0.9696969696969696,0.0002547052154195013,0.9906759906759907,24,28,28
stratified_equal,80,126,0.00016983339935113851,0.9790209790209792,0.9393939393939392,0.00023854875283446672,0.9906759906759907,24,28,28
stratified_equal,80,127,0.00038002843481213175,0.9790209790209792,0.9393939393939392,0.0005193499622071046,0.9900927298033718,24,28,28
stratified_equal,80,128,0.0004694787894220595,0.9930069930069931,0.9696969696969696,0.0005264361300075587,0.9994167391273812,24,28,28
stratified_equal,80,129,0.00035898455183340695,0.9930069930069931,0.9696969696969696,0.0002977891156462586,0.9935831044546871,24,28,28
stratified_equal,80,130,0.0002772580447412076,0.9930069930069931,0.9696969696969696,0.0005120748299319737,0.9883449883449883,24,28,28
stratified_equal,80,131,0.00027527444545042833,0.9930069930069931,0.9696969696969696,0.0002660430839002266,0.9976689976689977,24,28,28
stratified_equal,80,132,0.00010331079296815984,0.9930069930069931,0.9696969696969696,0.0001623015873015871,1.0,24,28,28
stratified_equal,80,133,0.00018142471140787653,0.9930069930069931,0.9696969696969696,0.00018724489795918364,0.9906534625431286,24,28,28
stratified_equal,80,134,0.00020544953410291082,0.99124495269876,0.9618600860701234,0.00011184807256235847,0.9976689976689977,24,28,28
stratified_equal,80,135,0.00015762151991851353,0.9930069930069931,0.9696969696969696,0.0003743197278911568,0.9953379953379954,24,28,28
stratified_equal,80,136,0.0003357354383582301,0.9790209790209792,0.9393939393939392,0.00024856386999244114,0.993006993006993,24,28,28
stratified_equal,80,137,0.00034331522559227323,1.0,0.9999999999999998,0.0006644746787603932,1.0,24,28,28
stratified_equal,80,138,0.00028195662630149264,0.9930069930069931,0.9696969696969696,0.0005547808012093721,0.9994167391273812,24,28,28
stratified_equal,80,139,0.00016025893126603188,0.9930069930069931,0.9696969696969696,0.00015549886621315224,0.9935831044546871,24,28,28
stratified_equal,80,140,0.00020318889580503928,1.0,0.9999999999999998,0.0002717120181405891,0.9860139860139862,24,28,28
stratified_equal,80,141,0.00039369199864191753,1.0,0.9999999999999998,0.0003191421012849587,1.0,24,28,28
stratified_equal,80,142,0.00023579084615964893,0.9930069930069931,0.9696969696969696,0.0002777588813303094,1.0,24,28,28
stratified_equal,80,143,0.00028565786743624434,0.9930069930069931,0.9696969696969696,0.00018573318216175342,0.9953379953379954,24,28,28
stratified_equal,80,144,0.00016403774332276954,0.9930069930069931,0.9696969696969696,0.00018403250188964485,0.9912480162268927,24,28,28
stratified_equal,80,145,0.00035584847027312277,0.9860139860139862,0.9393939393939392,0.0004537792894935748,0.9912480162268927,24,28,28
stratified_equal,80,146,0.0005083529028972382,0.9930069930069931,0.9696969696969696,0.0009786281179138326,0.9947506485685844,24,28,28
stratified_equal,80,147,0.0007749641617624861,0.9930069930069931,0.9696969696969696,0.0010319160997732434,0.9994167391273812,24,28,28
stratified_equal,80,148,0.00015450760147879867,0.9930069930069931,0.9696969696969696,0.0002393990929705215,0.9970816508995867,24,28,28
stratified_equal,80,149,0.0003495208993511371,1.0,0.9999999999999998,0.0002520597127739988,0.9976689976689977,24,28,28
stratified_equal,80,150,0.00024098809793269757,0.9930069930069931,0.9696969696969696,8.605442176870747e-05,0.9959141067856895,24,28,28
stratified_equal,80,151,0.0001764934170816342,0.9930069930069931,0.9696969696969696,0.00011392668178382485,0.9970816508995867,24,28,28
stratified_equal,80,152,0.000426670722046174,0.9930069930069931,0.9696969696969696,0.0011193121693121707,0.9935831044546871,24,28,28
stratified_equal,80,153,0.0005086077787837636,0.9790209790209792,0.9393939393939392,0.0007180461073318219,0.9906759906759907,24,28,28
stratified_equal,80,154,0.00017035423268447247,1.0,0.9999999999999998,0.0002264550264550267,0.993006993006993,24,28,28
stratified_equal,80,155,0.00010655769013128069,1.0,0.9999999999999998,0.0001534202569916858,0.993006993006993,24,28,28
stratified_equal,80,156,0.00019793623623057062,0.9930069930069931,0.9696969696969696,0.00015559334845049135,0.9965014517583161,24,28,28
stratified_equal,80,157,0.0004641485589256058,0.9790209790209792,0.9393939393939392,0.0008307634164777033,0.9953379953379954,24,28,28
stratified_equal,80,158,0.0004801614135355344,0.9930069930069931,0.9696969696969696,0.000523507180650038,0.9865737538745115,24,28,28
stratified_equal,80,159,0.00017528552701071256,0.9860139860139862,0.9393939393939392,0.00016863189720332577,0.9953379953379954,24,28,28
stratified_equal,80,160,0.00047250405537950665,0.9790209790209792,0.9393939393939392,0.00032849584278155726,0.9970857367963788,24,28,28
stratified_equal,80,161,0.00022516362984759117,0.9930069930069931,0.9696969696969696,0.0005879440665154952,0.9900763862162032,24,28,28
stratified_equal,80,162,0.000523213275237662,0.9930069930069931,0.9696969696969696,0.0005022486772486767,0.9906759906759907,24,28,28
stratified_equal,80,163,0.00022275893126603207,0.9930069930069931,0.9696969696969696,0.00017978080120937298,1.0,24,28,28
stratified_equal,80,164,0.00018470485325184762,0.9860139860139862,0.9393939393939392,0.00016343537414965957,0.9836829836829838,24,28,28
stratified_equal,80,165,0.0002642372114078756,0.9930069930069931,0.9696969696969696,0.00017023809523809496,1.0,24,28,28
stratified_equal,80,166,0.0005209637185000733,0.9860139860139862,0.9393939393939392,0.0005647959183673469,0.9953379953379954,24,28,28
stratified_equal,80,167,0.0003238670872944002,0.9930069930069931,0.9696969696969696,0.00037677626606197985,0.9976689976689977,24,28,28
stratified_equal,80,168,0.0003273023709823438,0.9720279720279721,0.909090909090909,0.00024091080876795112,0.9906759906759909,24,28,28
stratified_equal,80,169,0.0003391818036064568,0.9930069930069931,0.9696969696969696,0.0005459939531368098,0.9883255812296871,24,28,28
stratified_equal,80,170,0.0006900461653085854,0.9930069930069931,0.9696969696969696,0.0011714663643235073,0.9994167391273812,24,28,28
stratified_equal,80,171,0.0003416086653085841,0.9930069930069931,0.9696969696969696,0.0005984315948601666,0.993006993006993,24,28,28
stratified_equal,80,172,0.00020275671495397534,0.9930069930069931,0.9696969696969696,0.00014387755102040817,0.9953379953379954,24,28,28
stratified_equal,80,173,0.00015882940998943656,0.9930069930069931,0.9696969696969696,0.0003628873771730909,0.9953379953379954,24,28,28
stratified_equal,80,174,0.00038599031424475534,0.9790209790209792,0.9393939393939392,0.0003743197278911564,0.9994167391273812,24,28,28
stratified_equal,80,175,0.0002640155802022013,0.9790209790209792,0.9393939393939392,0.00019357520786092232,1.0,24,28,28
stratified_equal,80,176,0.0005615333106986554,0.9930069930069931,0.9696969696969696,0.001049489795918368,0.9976689976689977,24,28,28
stratified_equal,80,177,0.00017740210502489634,0.9930069930069931,0.9696969696969696,0.0001621126228269083,0.9976689976689977,24,28,28
stratified_equal,80,178,0.00037486442771993297,0.9790209790209792,0.9393939393939392,0.001054686318972033,0.9924114744439977,24,28,28
stratified_equal,80,179,0.0004746317149539742,0.9790209790209792,0.9393939393939392,0.0003054421768707481,0.9976689976689977,24,28,28
stratified_equal,80,180,0.0002104694809114226,0.9930069930069931,0.9696969696969696,0.00019952758881330323,0.9976689976689977,24,28,28
stratified_equal,80,181,0.0004014158461596488,0.9930069930069931,0.9696969696969696,0.00033000755857898705,0.9877412979884087,24,28,28
stratified_equal,80,182,0.00010443003055681275,0.9930069930069931,0.9696969696969696,0.0003057256235827661,0.9994167391273812,24,28,28
stratified_equal,80,183,0.00017402222913837114,0.9790209790209792,0.9393939393939392,0.00021804610733182234,0.9976689976689977,24,28,28
stratified_equal,80,184,0.0001528564489965275,0.9930069930069931,0.9696969696969696,0.0001241307634164778,0.9906759906759909,24,28,28
stratified_equal,80,185,0.00019698322204617493,0.9930069930069931,0.9696969696969696,0.0002533824640967499,0.9976689976689977,24,28,28
stratified_equal,80,186,0.00022716939225893943,0.9930069930069931,0.9696969696969696,0.00027331821617535885,0.9900763862162032,24,28,28
stratified_equal,80,187,0.00025580414403198864,0.9930069930069931,0.9696969696969696,0.0002049130763416472,0.9906759906759907,24,28,28
stratified_equal,80,188,0.0002507620341029108,0.9930069930069931,0.9696969696969696,0.00022267573696145104,0.9854102956574063,24,28,28
stratified_equal,80,189,0.0002667748887128392,0.9930069930069931,0.9696969696969696,0.00032991307634164723,0.987745383885201,24,28,28
stratified_equal,80,190,0.0006111343745284435,0.9790209790209792,0.9393939393939392,0.0010487339380196527,0.9994167391273812,24,28,28
stratified_equal,80,191,0.0004015377433227695,0.9930069930069931,0.9696969696969696,0.0006005102040816322,0.9906759906759907,24,28,28
stratified_equal,80,192,0.0004083972291383723,0.9930069930069931,0.9696969696969696,0.00037705971277399896,0.9947506485685844,24,28,28
stratified_equal,80,193,0.0005212296759468827,0.9930069930069931,0.9696969696969696,0.0005050831443688591,0.9970857367963788,24,28,28
stratified_equal,80,194,0.00027259270786177635,0.9790209790209792,0.9393939393939392,0.0003763983371126225,0.9976689976689977,24,28,28
stratified_equal,80,195,0.0005135833993511393,0.9930069930069931,0.9696969696969696,0.0005647014361300079,0.9947506485685844,24,28,28
stratified_equal,80,196,0.00027093047381922345,1.0,0.9999999999999998,0.00033747165532879833,0.9976689976689977,24,28,28
stratified_equal,80,197,0.00030286753055681166,0.9930069930069931,0.9696969696969696,0.0003755479969765687,0.9947506485685844,24,28,28
stratified_equal,80,198,0.0002444344631809245,0.9930069930069931,0.9696969696969696,0.0001401927437641721,0.9994167391273812,24,28,28
stratified_equal,80,199,0.0005697669099894329,0.9860139860139862,0.9393939393939392,0.0006403817082388512,0.9976689976689977,24,28,28
stratified_equal,85,0,0.0001449753890318661,0.9930069930069931,0.9696969696969696,0.00019039484333448965,0.9976689976689977,24,31,30
stratified_equal,85,1,9.218390948635527e-05,0.9790209790209792,0.9393939393939392,0.00010529830038154721,1.0,24,31,30
stratified_equal,85,2,6.786920237697955e-05,0.9930069930069931,0.9696969696969696,9.945947508382474e-05,0.9935790185578949,24,31,30
stratified_equal,85,3,3.913720895382832e-05,0.9930069930069931,0.9696969696969696,0.00011755405249161757,0.9994167391273812,24,31,30
stratified_equal,85,4,0.00010352161102504427,0.9930069930069931,0.9696969696969696,9.40253208463406e-05,0.9953379953379954,24,31,30
stratified_equal,85,5,0.0002859555357839333,0.9930069930069931,0.9696969696969696,0.00039423343739160586,0.9959141067856895,24,31,30
stratified_equal,85,6,0.00013225360444819618,0.9930069930069931,0.9696969696969696,0.0002830067059775695,0.9959141067856895,24,31,30
stratified_equal,85,7,0.0001097745252069872,0.9930069930069931,0.9696969696969696,5.852988784830589e-05,0.9976689976689977,24,31,30
stratified_equal,85,8,0.00011913917219218968,1.0,0.9999999999999998,0.00016987223956526756,1.0,24,31,30
stratified_equal,85,9,0.00038801448201574324,0.9930069930069931,0.9696969696969696,0.0006170337611284538,0.9900763862162032,24,31,30
stratified_equal,85,10,0.0001369359279407963,0.9930069930069931,0.9696969696969696,0.0001576164874551972,0.9976689976689977,24,31,30
stratified_equal,85,11,0.0001856242393104007,0.9930069930069931,0.9696969696969696,0.00026433402705515084,1.0,24,31,30
stratified_equal,85,12,0.00028463034988980134,0.9930069930069931,0.9696969696969696,0.0004020378078390563,0.9976689976689977,24,31,30
stratified_equal,85,13,0.0002253699999425632,0.9930069930069931,0.9696969696969696,0.00022265290785061854,0.9906759906759907,24,31,30
stratified_equal,85,14,0.00031648389230802114,0.9930069930069931,0.9696969696969696,0.0007337524569314369,0.9959141067856895,24,31,30
stratified_equal,85,15,0.00011862873021815282,0.9930069930069931,0.9696969696969696,0.0002006850502948317,0.9959141067856895,24,31,30
stratified_equal,85,16,0.0001422072229419009,0.9930069930069931,0.9696969696969696,7.8358769799977e-05,0.993006993006993,24,31,30
stratified_equal,85,17,6.824221766569837e-05,0.9930069930069931,0.9696969696969696,0.0001692941380506417,1.0,24,31,30
stratified_equal,85,18,0.00028458126893075983,0.9930069930069931,0.9696969696969696,0.0005848913169152507,1.0,24,31,30
stratified_equal,85,19,5.723826664849521e-05,1.0,0.9999999999999998,7.639322465024848e-05,1.0,24,31,30
stratified_equal,85,20,7.231593726617983e-05,0.9930069930069931,0.9696969696969696,0.00014437796277026214,0.9924114744439977,24,31,30
stratified_equal,85,21,0.00022724489257796568,1.0,0.9999999999999998,0.00032786738351254455,0.9953379953379954,24,31,30
stratified_equal,85,22,0.00015512533136174058,0.9930069930069931,0.9696969696969696,0.0002548531622152853,0.9918148670310935,24,31,30
stratified_equal,85,23,0.0001450146537990997,0.9930069930069931,0.9696969696969696,0.00011154179673950737,0.9924114744439977,24,31,30
stratified_equal,85,24,0.00016590350996734964,0.9930069930069931,0.9696969696969696,0.0001939790727251702,0.9988324540893184,24,31,30
stratified_equal,85,25,0.00011875634071166153,0.9930069930069931,0.9696969696969696,0.00011871025552086959,0.993006993006993,24,31,30
stratified_equal,85,26,7.422027847700664e-05,0.9930069930069931,0.9696969696969696,7.026534859521322e-05,0.9900763862162032,24,31,30
stratified_equal,85,27,0.00020624805829982354,0.9930069930069931,0.9696969696969696,0.00036914383165683877,0.9959141067856895,24,31,30
stratified_equal,85,28,0.00022371106352694556,0.9930069930069931,0.9696969696969696,0.00042204012024511475,0.9959141067856895,24,31,30
stratified_equal,85,29,0.0002919139642116256,0.9930069930069931,0.9696969696969696,0.00043868944386634356,0.9970816508995867,24,31,30
stratified_equal,85,30,0.00015257312149155892,0.9930069930069931,0.9696969696969696,0.00020808474968204415,0.9976689976689977,24,31,30
stratified_equal,85,31,9.555086327663334e-05,0.9930069930069931,0.9696969696969696,3.771823332177134e-05,0.9994167391273812,24,31,30
stratified_equal,85,32,0.00022367179875971185,0.9930069930069931,0.9696969696969696,0.00017727193895247998,0.9906759906759907,24,31,30
stratified_equal,85,33,8.96120672325589e-05,0.9930069930069931,0.9696969696969696,0.00020357555786796116,0.9953379953379954,24,31,30
stratified_equal,85,34,7.619333303049266e-05,0.9930069930069931,0.9696969696969696,6.731703087062102e-05,0.9935790185578949,24,31,30
stratified_equal,85,35,0.00017978360518440987,0.9930069930069931,0.9696969696969696,0.00019715863105561348,1.0,24,31,30
stratified_equal,85,36,0.0001551253313617394,0.9930069930069931,0.9696969696969696,0.00012790206960342217,0.993006993006993,24,31,30
stratified_equal,85,37,0.00017335399954991585,0.9930069930069931,0.9696969696969696,0.00033046884032836163,0.9970816508995867,24,31,30
stratified_equal,85,38,0.0003469239031058308,0.9930069930069931,0.9696969696969696,0.0004582870852121639,1.0,24,31,30
stratified_equal,85,39,0.00016822994742593834,0.9930069930069931,0.9696969696969696,0.00034711816394959006,0.9976689976689977,24,31,30
stratified_equal,85,40,0.00015524312566344176,0.9930069930069931,0.9696969696969696,0.0002685541681119209,0.9976689976689977,24,31,30
stratified_equal,85,41,8.482176563006597e-05,0.9930069930069931,0.9696969696969696,0.00018472944849115457,0.9959141067856895,24,31,30
stratified_equal,85,42,0.0001333922826979692,0.9930069930069931,0.9696969696969696,0.00012009769915597183,0.9976689976689977,24,31,30
stratified_equal,85,43,0.00010170561554049289,0.9930069930069931,0.9696969696969696,8.228986009943328e-05,0.993006993006993,24,31,30
stratified_equal,85,44,0.0001343542694951896,0.9930069930069931,0.9696969696969696,5.656434269857797e-05,0.9953379953379954,24,31,30
stratified_equal,85,45,0.00019247594119265515,0.9930069930069931,0.9696969696969696,0.00014495606428488851,0.993006993006993,24,31,30
stratified_equal,85,46,8.230882052711855e-05,0.9930069930069931,0.9696969696969696,0.00016004451381662607,1.0,24,31,30
stratified_equal,85,47,0.00012532337303147446,0.9930069930069931,0.9696969696969696,0.0002687275985663081,0.9976689976689977,24,31,30
stratified_equal,85,48,4.354467907579402e-05,0.9930069930069931,0.9696969696969696,4.881778240259005e-05,1.0,24,31,30
stratified_equal,85,49,7.904002865492518e-05,0.9930069930069931,0.9696969696969696,0.00010333275523181869,0.9976689976689977,24,31,30
stratified_equal,85,50,7.833326284472116e-05,1.0,0.9999999999999998,6.118915481558556e-05,1.0,24,31,30
stratified_equal,85,51,0.00016724832824509882,0.9790209790209792,0.9393939393939392,0.00016131633714880334,0.9953379953379954,24,31,30
stratified_equal,85,52,7.350369647499407e-05,0.9930069930069931,0.9696969696969696,6.604520753844376e-05,0.9953379953379954,24,31,30
stratified_equal,85,53,0.00012715900089964302,1.0,0.9999999999999998,0.000236353913747254,0.9947465626717923,24,31,30
stratified_equal,85,54,0.00011074632819601793,0.9930069930069931,0.9696969696969696,0.00015218233321771294,0.993006993006993,24,31,30
stratified_equal,85,55,6.757471662272804e-05,1.0,0.9999999999999998,9.044109145565954e-05,1.0,24,31,30
stratified_equal,85,56,0.00011694034522711075,1.0,0.9999999999999998,0.00019906636605387893,0.9959141067856895,24,31,30
stratified_equal,85,57,0.00014746870175119716,0.9930069930069931,0.9696969696969696,0.00019935541681119232,0.9994167391273812,24,31,30
stratified_equal,85,58,0.0002632997650901747,0.9930069930069931,0.9696969696969696,0.0005355214475661925,0.9947465626717923,24,31,30
stratified_equal,85,59,0.00017808540400155855,0.9930069930069931,0.9696969696969696,9.402532084634069e-05,0.9976689976689977,24,31,30
stratified_equal,85,60,0.00011918825315123092,0.9930069930069931,0.9696969696969696,6.246097814776273e-05,1.0,24,31,30
stratified_equal,85,61,0.0002551915906564449,0.9930069930069931,0.9696969696969696,0.0004190918025205226,0.9976689976689977,24,31,30
stratified_equal,85,62,6.044816136983858e-05,0.9930069930069931,0.9696969696969696,0.00013952191004740433,0.9976689976689977,24,31,30
stratified_equal,85,63,0.0001363469564322934,0.9930069930069931,0.9696969696969696,0.00010732165568273776,0.9906759906759907,24,31,30
stratified_equal,85,64,0.00014686009785907651,0.9930069930069931,0.9696969696969696,8.442883570354934e-05,0.9924114744439977,24,31,30
stratified_equal,85,65,0.00037041405010330416,0.9930069930069931,0.9696969696969696,0.0007355445716267784,0.9924114744439977,24,31,30
stratified_equal,85,66,0.0002443250663245608,0.9930069930069931,0.9696969696969696,0.00042637588160480993,0.9976689976689977,24,31,30
stratified_equal,85,67,0.00015541000092418266,0.9930069930069931,0.9696969696969696,0.00027317898022892814,0.9976689976689977,24,31,30
stratified_equal,85,68,0.0001856733202694442,0.9930069930069931,0.9696969696969696,0.00034630882182911353,0.9964932584032434,24,31,30
stratified_equal,85,69,0.00016876983797539893,0.9930069930069931,0.9696969696969696,0.0002249075037576596,0.9976689976689977,24,31,30
stratified_equal,85,70,0.00015295595297208574,0.9930069930069931,0.9696969696969696,0.00020409584923112474,0.9976689976689977,24,31,30
stratified_equal,85,71,0.00018016643666493768,0.9930069930069931,0.9696969696969696,0.00030659324777430923,0.9976689976689977,24,31,30
stratified_equal,85,72,0.00024847731545950963,0.9930069930069931,0.9696969696969696,0.0006235663082437282,0.9976689976689977,24,31,30
stratified_equal,85,73,0.0002334585419926754,0.9930069930069931,0.9696969696969696,0.00021201583998150077,1.0,24,31,30
stratified_equal,85,74,0.00023608928139732513,0.9930069930069931,0.9696969696969696,0.0005865100011562026,0.9994167391273812,24,31,30
stratified_equal,85,75,0.0001700950238695309,0.9930069930069931,0.9696969696969696,0.0002894236327899179,0.9900763862162032,24,31,30
stratified_equal,85,76,0.00012937746024833916,0.9930069930069931,0.9696969696969696,0.00035191640652098476,0.9935790185578949,24,31,30
stratified_equal,85,77,3.3227861485178996e-05,0.9930069930069931,0.9696969696969696,0.00011553069719042667,1.0,24,31,30
stratified_equal,85,78,0.00015105161176125824,0.9930069930069931,0.9696969696969696,6.332813041970164e-05,0.9994167391273812,24,31,30
stratified_equal,85,79,0.00014896076290607147,0.9930069930069931,0.9696969696969696,7.546826222684674e-05,0.9924114744439977,24,31,30
stratified_equal,85,80,0.00017797742589166724,0.9930069930069931,0.9696969696969696,0.00021253613134466438,1.0,24,31,30
stratified_equal,85,81,0.0002636924127625094,0.9930069930069931,0.9696969696969696,0.0005331512313562259,0.9994167391273812,24,31,30
stratified_equal,85,82,0.00020196819867136578,0.9930069930069931,0.9696969696969696,0.00020345993756503637,0.9976689976689977,24,31,30
stratified_equal,85,83,7.197237055288511e-05,0.9930069930069931,0.9696969696969696,6.275002890507565e-05,0.9976689976689977,24,31,30
stratified_equal,85,84,0.00022201286234409476,0.9930069930069931,0.9696969696969696,0.00024554572782980734,0.9976689976689977,24,31,30
stratified_equal,85,85,7.103983233108854e-05,0.9930069930069931,0.9696969696969696,3.384495317377739e-05,0.993006993006993,24,31,30
stratified_equal,85,86,0.0005380844223823778,0.9930069930069931,0.9696969696969696,0.0012021881142328594,0.993006993006993,24,31,30
stratified_equal,85,87,9.318516105081178e-05,0.9877423203570683,0.9618600860701234,6.540929587235522e-05,0.9953379953379954,24,31,30
stratified_equal,85,88,0.00014243299535349405,0.9930069930069931,0.9696969696969696,6.928257602034948e-05,0.9976689976689977,24,31,30
stratified_equal,85,89,0.00027602154967384766,0.9930069930069931,0.9696969696969696,0.0005214735807607811,0.9994167391273812,24,31,30
stratified_equal,85,90,3.932371659818818e-05,1.0,0.9999999999999998,0.0001514308012486992,0.9976689976689977,24,31,30
stratified_equal,85,91,0.00028240207434929697,0.9930069930069931,0.9696969696969696,0.00041388888888888855,0.9976689976689977,24,31,30
stratified_equal,85,92,0.00014540730147143515,0.9930069930069931,0.9696969696969696,0.00018825586773037347,0.9976689976689977,24,31,30
stratified_equal,85,93,0.00011350467809417539,0.9930069930069931,0.9696969696969696,0.00013200659035726662,0.9900763862162032,24,31,30
stratified_equal,85,94,0.00034285999969715865,0.9930069930069931,0.9696969696969696,0.0006939790727251706,0.9976689976689977,24,31,30
stratified_equal,85,95,8.91997871766066e-05,1.0,0.9999999999999998,0.00010177188114232867,0.9994167391273812,24,31,30
stratified_equal,85,96,0.00013608191925346623,0.9930069930069931,0.9696969696969696,6.25765984506879e-05,0.9976689976689977,24,31,30
stratified_equal,85,97,0.0001190900912331476,0.9877423203570683,0.9618600860701234,0.00016594114926581085,0.9959141067856895,24,31,30
stratified_equal,85,98,9.66404605673642e-05,0.9930069930069931,0.9696969696969696,6.0264192392184294e-05,0.9994167391273812,24,31,30
stratified_equal,85,99,0.00015493882371738038,0.9930069930069931,0.9696969696969696,0.000233463406174124,0.9970816508995867,24,31,30
stratified_equal,85,100,0.00015360382163143892,0.9930069930069931,0.9696969696969696,0.00016004451381662602,0.9976689976689977,24,31,30
stratified_equal,85,101,0.0001199637323040942,1.0,0.9999999999999998,0.00023196034223609666,1.0,24,31,30
stratified_equal,85,102,6.739802517017735e-05,1.0,0.9999999999999998,0.00014871372412995722,1.0,24,31,30
stratified_equal,85,103,0.0003012786111968275,0.9930069930069931,0.9696969696969696,0.0006005000578101511,0.9924114744439977,24,31,30
stratified_equal,85,104,0.0001548701103747219,0.9930069930069931,0.9696969696969696,0.00011443230431263735,0.9976689976689977,24,31,30
stratified_equal,85,105,0.0002478392629919639,0.9930069930069931,0.9696969696969696,0.0004085703549543297,0.9935790185578949,24,31,30
stratified_equal,85,106,0.00015633272295417124,0.9930069930069931,0.9696969696969696,0.00013553300959648533,0.9976689976689977,24,31,30
stratified_equal,85,107,0.00014670303879014266,0.9930069930069931,0.9696969696969696,0.00010379523644351943,0.9970816508995867,24,31,30
stratified_equal,85,108,7.311104880265897e-05,0.9930069930069931,0.9696969696969696,0.00010015319690137582,0.9976607898125461,24,31,30
stratified_equal,85,109,0.00010390444250557232,0.9930069930069931,0.9696969696969696,5.257544224765878e-05,1.0,24,31,30
stratified_equal,85,110,0.00010115590879922327,0.9930069930069931,0.9696969696969696,7.905249161752806e-05,0.9970816508995867,24,31,30
stratified_equal,85,111,0.00010740882298116642,0.9930069930069931,0.9696969696969696,0.00014969649670482159,0.9976689976689977,24,31,30
stratified_equal,85,112,7.233556964979613e-05,0.9930069930069931,0.9696969696969696,0.00018091397849462416,0.9970816508995867,24,31,30
stratified_equal,85,113,0.00011751950054380586,0.9930069930069931,0.9696969696969696,9.685801826800773e-05,0.9976689976689977,24,31,30
stratified_equal,85,114,0.0001785369488247451,0.9930069930069931,0.9696969696969696,0.00046661174702277683,0.9994167391273812,24,31,30
stratified_equal,85,115,0.00012066068192249003,1.0,0.9999999999999998,0.00033596080471730815,0.9976689976689977,24,31,30
stratified_equal,85,116,8.71874678558872e-05,0.9930069930069931,0.9696969696969696,5.245982194473331e-05,0.9976689976689977,24,31,30
stratified_equal,85,117,0.0002367665986321033,0.9930069930069931,0.9696969696969696,0.0003844635217944272,0.993006993006993,24,31,30
stratified_equal,85,118,0.00018466225251317998,0.9930069930069931,0.9696969696969696,0.0002747976644698809,0.993006993006993,24,31,30
stratified_equal,85,119,9.69251301298079e-05,0.9930069930069931,0.9696969696969696,0.00017588449531737786,0.9976689976689977,24,31,30
stratified_equal,85,120,0.00011535993834596035,0.9930069930069931,0.9696969696969696,0.0001335674644467567,0.9924114744439977,24,31,30
stratified_equal,85,121,0.00016884836750986616,0.9930069930069931,0.9696969696969696,0.00020403803907966214,0.9906759906759907,24,31,30
stratified_equal,85,122,7.443623469679127e-05,0.9930069930069931,0.9696969696969696,9.807203144872219e-05,0.9924114744439977,24,31,30
stratified_equal,85,123,0.0003328474840526038,0.9930069930069931,0.9696969696969696,0.0005569690137588159,0.9976689976689977,24,31,30
stratified_equal,85,124,0.00015571430287024214,0.9930069930069931,0.9696969696969696,8.350387328014801e-05,0.9976689976689977,24,31,30
stratified_equal,85,125,4.497784307981917e-05,0.9930069930069931,0.9696969696969696,9.471904266389188e-05,0.9970816508995867,24,31,30
stratified_equal,85,126,0.0003004442348931153,0.9930069930069931,0.9696969696969696,0.00048632500867152234,0.9976689976689977,24,31,30
stratified_equal,85,127,0.00013534570486783786,0.9930069930069931,0.9696969696969696,0.00014356862064978613,1.0,24,31,30
stratified_equal,85,128,0.00048790404985790025,0.9930069930069931,0.9696969696969696,0.0008718030986241183,1.0,24,31,30
stratified_equal,85,129,8.826724895480942e-05,0.9930069930069931,0.9696969696969696,0.00010980749219562947,0.9976689976689977,24,31,30
stratified_equal,85,130,0.0001360721030616591,0.9930069930069931,0.9696969696969696,0.00025866863221181646,1.0,24,31,30
stratified_equal,85,131,7.775410752802583e-05,0.9930069930069931,0.9696969696969696,3.696670135275757e-05,0.9924114744439977,24,31,30
stratified_equal,85,132,0.00010469955404205076,0.9790209790209792,0.9393939393939392,9.471904266389206e-05,0.9976689976689977,24,31,30
stratified_equal,85,133,7.761668084270856e-05,0.9930069930069931,0.9696969696969696,0.00011888368597525725,1.0,24,31,30
stratified_equal,85,134,0.0004292032228437386,0.9930069930069931,0.9696969696969696,0.0008398340848653021,0.9976689976689977,24,31,30
stratified_equal,85,135,0.00018425978864903506,0.9930069930069931,0.9696969696969696,0.00027138686553358787,1.0,24,31,30
stratified_equal,85,136,0.000289008371436343,0.9930069930069931,0.9696969696969696,0.00050118221759741,0.9953379953379954,24,31,30
stratified_equal,85,137,0.00015031539737562992,0.9930069930069931,0.9696969696969696,0.00023276968435657344,0.9900763862162032,24,31,30
stratified_equal,85,138,5.116204391910371e-05,1.0,0.9999999999999998,0.00018837148803329832,0.9976689976689977,24,31,30
stratified_equal,85,139,8.857155090086986e-05,0.9930069930069931,0.9696969696969696,9.911261417504902e-05,0.9970816508995867,24,31,30
stratified_equal,85,140,0.00023364504963703666,0.9930069930069931,0.9696969696969696,0.0005190455543993526,0.9976689976689977,24,31,30
stratified_equal,85,141,0.00012352700993053918,1.0,0.9999999999999998,9.893918372066117e-05,0.9976689976689977,24,31,30
stratified_equal,85,142,0.0001441704613035797,0.9930069930069931,0.9696969696969696,0.0002402850040467105,0.9970816508995867,24,31,30
stratified_equal,85,143,0.00017053675250090888,0.9930069930069931,0.9696969696969696,0.00019004798242571415,1.0,24,31,30
stratified_equal,85,144,0.00014829326186310122,0.9930069930069931,0.9696969696969696,0.00011055902416464335,0.9976689976689977,24,31,30
stratified_equal,85,145,0.0003074529958443043,0.9930069930069931,0.9696969696969696,0.0004755723204994795,0.9994167391273812,24,31,30
stratified_equal,85,146,0.00012450862911137758,0.9930069930069931,0.9696969696969696,9.17129147878366e-05,0.9994167391273812,24,31,30
stratified_equal,85,147,0.00014799877610884954,0.9930069930069931,0.9696969696969696,0.00019259162909006825,0.9976689976689977,24,31,30
stratified_equal,85,148,0.00024596437035656014,0.9930069930069931,0.9696969696969696,0.0002445629552549427,0.9976689976689977,24,31,30
stratified_equal,85,149,9.103541504477502e-05,0.9930069930069931,0.9696969696969696,0.00010842004856052727,0.9924114744439977,24,31,30
stratified_equal,85,150,0.00011837350923113632,0.9930069930069931,0.9696969696969696,8.992080009249643e-05,0.9906759906759907,24,31,30
stratified_equal,85,151,0.0002191465343360456,0.9930069930069931,0.9696969696969696,0.00032127702624580877,0.9906759906759907,24,31,30
stratified_equal,85,152,0.0001291418716449369,1.0,0.9999999999999998,0.0002547953520638223,1.0,24,31,30
stratified_equal,85,153,0.00048433095603964707,0.9930069930069931,0.9696969696969696,0.0010052867383512538,0.9953379953379954,24,31,30
stratified_equal,85,154,0.0001436305707541169,0.9930069930069931,0.9696969696969696,0.0001647849462365593,0.9976689976689977,24,31,30
stratified_equal,85,155,0.00013961574830448673,0.9930069930069931,0.9696969696969696,9.015204069834664e-05,0.9959141067856895,24,31,30
stratified_equal,85,156,0.00015473268368940385,0.9930069930069931,0.9696969696969696,0.0001640912244190079,0.9860139860139862,24,31,30
stratified_equal,85,157,0.00015743213643671042,0.9930069930069931,0.9696969696969696,6.656549890160739e-05,1.0,24,31,30
stratified_equal,85,158,7.608535492060006e-05,0.9930069930069931,0.9696969696969696,0.00010518268007862156,0.9970816508995867,24,31,30
stratified_equal,85,159,4.01973576691343e-05,1.0,0.9999999999999998,5.563938027517632e-05,1.0,24,31,30
stratified_equal,85,160,9.067221594786442e-05,0.9930069930069931,0.9696969696969696,0.00014738409064631752,0.9953379953379954,24,31,30
stratified_equal,85,161,0.00017658352665487554,0.9930069930069931,0.9696969696969696,0.0001944415539368714,0.9976689976689977,24,31,30
stratified_equal,85,162,9.243913047337486e-05,0.9930069930069931,0.9696969696969696,0.00016351312290438164,0.9953379953379954,24,31,30
stratified_equal,85,163,8.552853144026969e-05,0.9930069930069931,0.9696969696969696,7.026534859521334e-05,0.9994167391273812,24,31,30
stratified_equal,85,164,7.643873782570237e-05,0.9930069930069931,0.9696969696969696,0.00012339287778933986,1.0,24,31,30
stratified_equal,85,165,0.000226557759151378,0.9930069930069931,0.9696969696969696,0.00022704647936177614,0.9976689976689977,24,31,30
stratified_equal,85,166,0.00016082853880241256,0.9930069930069931,0.9696969696969696,0.00029728581338883106,0.9994167391273812,24,31,30
stratified_equal,85,167,0.00012191715447396275,0.9930069930069931,0.9696969696969696,4.9916175280379e-05,0.9924114744439977,24,31,30
stratified_equal,85,168,0.0001549879046764226,0.9930069930069931,0.9696969696969696,9.431437160365347e-05,0.9900763862162032,24,31,30
stratified_equal,85,169,0.00020126143286116433,0.9930069930069931,0.9696969696969696,0.0005239594172736737,0.9994167391273812,24,31,30
stratified_equal,85,170,0.000204206290403679,0.9930069930069931,0.9696969696969696,0.00027283211932015237,0.9953379953379954,24,31,30
stratified_equal,85,171,0.000115399203113194,0.9930069930069931,0.9696969696969696,0.00017646259683200345,0.993006993006993,24,31,30
stratified_equal,85,172,0.0001826695655760761,0.9930069930069931,0.9696969696969696,0.0004227916522141297,0.9976689976689977,24,31,30
stratified_equal,85,173,0.0001273356923521938,0.9930069930069931,0.9696969696969696,0.00019004798242571355,0.9918148670310935,24,31,30
stratified_equal,85,174,0.00014726256172322108,0.9930069930069931,0.9696969696969696,9.096138281882316e-05,1.0,24,31,30
stratified_equal,85,175,7.101038375566426e-05,0.9930069930069931,0.9696969696969696,0.00018455601803676753,1.0,24,31,30
stratified_equal,85,176,0.00018690034424549134,0.9930069930069931,0.9696969696969696,0.00024999710949242675,0.9970816508995867,24,31,30
stratified_equal,85,177,0.00013016275559300824,0.9930069930069931,0.9696969696969696,0.000101598450687941,0.993006993006993,24,31,30
stratified_equal,85,178,0.00010507256933076996,0.9930069930069931,0.9696969696969696,0.00019160885651520437,0.9976689976689977,24,31,30
stratified_equal,85,179,0.00012108277817025075,1.0,0.9999999999999998,0.0002911001271823334,1.0,24,31,30
stratified_equal,85,180,7.281656304840749e-05,0.9930069930069931,0.9696969696969696,0.0001478465718580181,1.0,24,31,30
stratified_equal,85,181,0.00030227986276128404,0.9930069930069931,0.9696969696969696,0.0005746589201063708,0.9953379953379954,24,31,30
stratified_equal,85,182,0.0001232423403680961,1.0,0.9999999999999998,0.00015241357382356346,0.9976689976689977,24,31,30
stratified_equal,85,183,0.00012537245399051644,0.9930069930069931,0.9696969696969696,0.00025028616024973954,1.0,24,31,30
stratified_equal,85,184,0.00020635603640971605,0.9930069930069931,0.9696969696969696,0.0003125476933749562,1.0,24,31,30
stratified_equal,85,185,6.88017405987764e-05,0.9930069930069931,0.9696969696969696,4.5117932708983705e-05,1.0,24,31,30
stratified_equal,85,186,0.0002995018804795103,0.9930069930069931,0.9696969696969696,0.0005791103017689911,0.9953379953379954,24,31,30
stratified_equal,85,187,0.00021754649507127913,0.9930069930069931,0.9696969696969696,0.00035087582379465804,0.9976689976689977,24,31,30
stratified_equal,85,188,0.00011725446336497998,0.9930069930069931,0.9696969696969696,0.0001899901722742516,0.9900763862162032,24,31,30
stratified_equal,85,189,0.00027264477969175983,0.9930069930069931,0.9696969696969696,0.0004063735691987509,0.9883449883449883,24,31,30
stratified_equal,85,190,0.0002510197091378804,0.9930069930069931,0.9696969696969696,0.0002451988669210314,0.9994167391273812,24,31,30
stratified_equal,85,191,0.00012494054155094686,0.9930069930069931,0.9696969696969696,0.00022120765406405366,0.9953379953379954,24,31,30
stratified_equal,85,192,0.0001629292038494082,0.9930069930069931,0.9696969696969696,0.00014732628049485527,0.9976689976689977,24,31,30
stratified_equal,85,193,0.00021446421084344547,0.9930069930069931,0.9696969696969696,0.00043209908659960685,1.0,24,31,30
stratified_equal,85,194,7.134413427714935e-05,0.9930069930069931,0.9696969696969696,0.0001683113654757777,0.9976689976689977,24,31,30
stratified_equal,85,195,0.0002022037872747678,0.9930069930069931,0.9696969696969696,0.00024751127297953504,0.993006993006993,24,31,30
stratified_equal,85,196,0.00011584093174457181,0.9877423203570683,0.9618600860701234,7.656665510463632e-05,0.9906759906759907,24,31,30
stratified_equal,85,197,9.00734282475533e-05,0.9930069930069931,0.9696969696969696,0.00014906058503873294,0.9976689976689977,24,31,30
stratified_equal,85,198,7.197237055288617e-05,0.9930069930069931,0.9696969696969696,6.535148572089263e-05,0.992984464874131,24,31,30
stratified_equal,85,199,0.0002219539651932439,0.9930069930069931,0.9696969696969696,0.0003419730604694185,0.9976689976689977,24,31,30
stratified_equal,90,0,7.106673596789756e-05,0.9930069930069931,0.9696969696969696,0.00010610425240054862,1.0,24,36,30
stratified_equal,90,1,3.7855983844616144e-05,0.9930069930069931,0.9696969696969696,7.352537722908105e-05,1.0,24,36,30
stratified_equal,90,2,1.3558636852233676e-05,1.0,0.9999999999999998,1.762688614540462e-05,1.0,24,36,30
stratified_equal,90,3,3.925691195949183e-05,0.9930069930069931,0.9696969696969696,7.609739368998625e-05,1.0,24,36,30
stratified_equal,90,4,3.643754412830334e-05,0.9930069930069931,0.9696969696969696,4.454732510288071e-05,0.9976689976689977,24,36,30
stratified_equal,90,5,8.559260935901936e-05,0.9930069930069931,0.9696969696969696,0.00013748285322359426,0.9924114744439977,24,36,30
stratified_equal,90,6,6.326531752818113e-05,0.9930069930069931,0.9696969696969696,6.0665294924554216e-05,0.993006993006993,24,36,30
stratified_equal,90,7,4.4379055379507285e-05,0.9930069930069931,0.9696969696969696,6.426611796982164e-05,0.9976689976689977,24,36,30
stratified_equal,90,8,4.585002990012762e-05,0.9930069930069931,0.9696969696969696,8.484224965706428e-05,0.9976689976689977,24,36,30
stratified_equal,90,9,0.00014660302876187478,0.9930069930069931,0.9696969696969696,0.00031512345679012363,0.9994167391273812,24,36,30
stratified_equal,90,10,5.18915323955307e-05,0.9930069930069931,0.9696969696969696,8.535665294924586e-05,1.0,24,36,30
stratified_equal,90,11,7.636399540227241e-05,0.9930069930069931,0.9696969696969696,9.718792866941015e-05,0.9906759906759907,24,36,30
stratified_equal,90,12,2.8137045047662752e-05,1.0,0.9999999999999998,3.443072702331964e-05,0.9976689976689977,24,36,30
stratified_equal,90,13,2.3452691663545897e-05,0.9930069930069931,0.9696969696969696,1.6769547325102868e-05,0.9976689976689977,24,36,30
stratified_equal,90,14,0.00010060880759034895,0.9930069930069931,0.9696969696969696,0.00021893004115226388,0.9976689976689977,24,36,30
stratified_equal,90,15,2.7191418570121916e-05,0.9930069930069931,0.9696969696969696,5.072016460905334e-05,1.0,24,36,30
stratified_equal,90,16,4.4466613386687916e-05,0.9930069930069931,0.9696969696969696,8.947187928669411e-05,1.0,24,36,30
stratified_equal,90,17,3.43361519559893e-05,0.9930069930069931,0.9696969696969696,3.494513031550077e-05,0.9906759906759907,24,36,30
stratified_equal,90,18,4.3363382496222404e-05,0.9930069930069931,0.9696969696969696,4.591906721536339e-05,0.9994167391273812,24,36,30
stratified_equal,90,19,5.1138533533784614e-05,1.0,0.9999999999999998,6.460905349794246e-05,0.9976689976689977,24,36,30
stratified_equal,90,20,7.311559333590368e-05,1.0,0.9999999999999998,0.00011021947873799717,0.9976689976689977,24,36,30
stratified_equal,90,21,3.824123907620648e-05,0.9930069930069931,0.9696969696969696,4.574759945130319e-05,0.9900763862162032,24,36,30
stratified_equal,90,22,6.129526236663562e-05,0.9930069930069931,0.9696969696969696,7.215363511659774e-05,0.9924114744439977,24,36,30
stratified_equal,90,23,3.5544452455070186e-05,0.9930069930069931,0.9696969696969696,3.323045267489724e-05,0.9976689976689977,24,36,30
stratified_equal,90,24,9.378803883104454e-05,0.9930069930069931,0.9696969696969696,0.00017160493827160516,0.9906759906759907,24,36,30
stratified_equal,90,25,4.505325203479153e-05,0.9930069930069931,0.9696969696969696,4.831961591220853e-05,1.0,24,36,30
stratified_equal,90,26,4.882700214423909e-05,0.9930069930069931,0.9696969696969696,6.049382716049365e-05,1.0,24,36,30
stratified_equal,90,27,2.9222764336691662e-05,0.9930069930069931,0.9696969696969696,3.8888888888888945e-05,0.9976689976689977,24,36,30
stratified_equal,90,28,4.132328092893426e-05,0.9930069930069931,0.9696969696969696,5.929355281207126e-05,1.0,24,36,30
stratified_equal,90,29,1.819921123276042e-05,0.9930069930069931,0.9696969696969696,2.0713305898491097e-05,0.9976689976689977,24,36,30
stratified_equal,90,30,4.90634087636243e-05,0.9930069930069931,0.9696969696969696,5.6378600823045126e-05,0.9906759906759907,24,36,30
stratified_equal,90,31,8.077691896413267e-05,0.9930069930069931,0.9696969696969696,0.00014468449931412923,1.0,24,36,30
stratified_equal,90,32,1.9582627746200385e-05,0.9930069930069931,0.9696969696969696,2.2427983539094586e-05,0.9976689976689977,24,36,30
stratified_equal,90,33,5.1812730189069485e-05,1.0,0.9999999999999998,0.00010318930041152265,1.0,24,36,30
stratified_equal,90,34,1.3007021407000839e-05,1.0,0.9999999999999998,1.1796982167352507e-05,1.0,24,36,30
stratified_equal,90,35,5.0718255099321656e-05,0.9930069930069931,0.9696969696969696,4.2661179698216766e-05,0.9976689976689977,24,36,30
stratified_equal,90,36,5.0026546842601934e-05,0.9930069930069931,0.9696969696969696,7.472565157750342e-05,0.9959141067856895,24,36,30
stratified_equal,90,37,3.304029344972911e-05,1.0,0.9999999999999998,7.421124828532252e-05,1.0,24,36,30
stratified_equal,90,38,2.2997390026211225e-05,1.0,0.9999999999999998,3.786008230452678e-05,1.0,24,36,30
stratified_equal,90,39,2.147388070128347e-05,0.9930069930069931,0.9696969696969696,2.6371742112482965e-05,0.9976689976689977,24,36,30
stratified_equal,90,40,2.838220746776661e-05,1.0,0.9999999999999998,5.192043895747605e-05,0.9994167391273812,24,36,30
stratified_equal,90,41,8.908617384549175e-05,0.9930069930069931,0.9696969696969696,0.00015600137174211272,0.9988324540893184,24,36,30
stratified_equal,90,42,8.052300074331028e-05,0.9930069930069931,0.9696969696969696,0.0001343964334705075,1.0,24,36,30
stratified_equal,90,43,5.5954223928670874e-05,0.9930069930069931,0.9696969696969696,6.872427983539104e-05,1.0,24,36,30
stratified_equal,90,44,1.9959127177074034e-05,1.0,0.9999999999999998,4.248971193415647e-05,0.9953379953379954,24,36,30
stratified_equal,90,45,5.2565729050814716e-05,0.9930069930069931,0.9696969696969696,4.677640603566537e-05,1.0,24,36,30
stratified_equal,90,46,4.251406982657852e-05,0.9930069930069931,0.9696969696969696,4.934842249657064e-05,1.0,24,36,30
stratified_equal,90,47,2.0729637640255335e-05,0.9930069930069931,0.9696969696969696,2.0198902606309978e-05,0.9994167391273812,24,36,30
stratified_equal,90,48,6.705657923906402e-05,0.9930069930069931,0.9696969696969696,0.00010318930041152253,1.0,24,36,30
stratified_equal,90,49,8.263314871634327e-05,0.9930069930069931,0.9696969696969696,0.00014828532235939664,1.0,24,36,30
stratified_equal,90,50,7.836907376668907e-05,0.9930069930069931,0.9696969696969696,0.00014588477366255152,0.9976689976689977,24,36,30
stratified_equal,90,51,5.111226613163165e-05,1.0,0.9999999999999998,7.455418381344305e-05,1.0,24,36,30
stratified_equal,90,52,3.747072861302477e-05,0.9930069930069931,0.9696969696969696,4.7633744855967056e-05,0.9906759906759907,24,36,30
stratified_equal,90,53,0.0001244158297425235,0.9930069930069931,0.9696969696969696,0.0002703703703703708,0.9976689976689977,24,36,30
stratified_equal,90,54,2.1377566893385772e-05,0.9930069930069931,0.9696969696969696,1.4711934156378588e-05,0.9976689976689977,24,36,30
stratified_equal,90,55,3.0352262629310575e-05,0.9930069930069931,0.9696969696969696,2.0541838134430774e-05,1.0,24,36,30
stratified_equal,90,56,2.3785412090829085e-05,0.9930069930069931,0.9696969696969696,2.997256515775035e-05,0.9959141067856895,24,36,30
stratified_equal,90,57,3.861773850707959e-05,0.9930069930069931,0.9696969696969696,6.683813443072712e-05,1.0,24,36,30
stratified_equal,90,58,1.2901951798385486e-05,1.0,0.9999999999999998,4.060356652949264e-05,0.9976689976689977,24,36,30
stratified_equal,90,59,4.84855259162387e-05,1.0,0.9999999999999998,8.20987654320989e-05,0.9976689976689977,24,36,30
stratified_equal,90,60,5.380029695204931e-05,0.9930069930069931,0.9696969696969696,0.00010833333333333345,0.9976689976689977,24,36,30
stratified_equal,90,61,6.143535517812463e-05,0.9930069930069931,0.9696969696969696,7.644032921810726e-05,0.993006993006993,24,36,30
stratified_equal,90,62,2.6981279352890336e-05,0.9930069930069931,0.9696969696969696,4.797668038408795e-05,0.9976689976689977,24,36,30
stratified_equal,90,63,3.3732001706449043e-05,0.9930069930069931,0.9696969696969696,3.563100137174216e-05,0.993006993006993,24,36,30
stratified_equal,90,64,7.08390851492297e-05,0.9930069930069931,0.9696969696969696,9.11865569272975e-05,1.0,24,36,30
stratified_equal,90,65,2.2988634225493623e-05,1.0,0.9999999999999998,5.123456790123461e-05,1.0,24,36,30
stratified_equal,90,66,4.269794164165589e-05,0.9930069930069931,0.9696969696969696,3.957475994513037e-05,1.0,24,36,30
stratified_equal,90,67,5.954410222304186e-05,0.9930069930069931,0.9696969696969696,8.63854595336079e-05,0.9976689976689977,24,36,30
stratified_equal,90,68,6.50164776717756e-05,0.9930069930069931,0.9696969696969696,5.963648834019188e-05,0.9924114744439977,24,36,30
stratified_equal,90,69,4.756616684085081e-05,0.9930069930069931,0.9696969696969696,4.4718792866941035e-05,1.0,24,36,30
stratified_equal,90,70,5.4141773180050456e-05,0.9930069930069931,0.9696969696969696,5.4663923182441715e-05,0.993006993006993,24,36,30
stratified_equal,90,71,4.8853269546393684e-05,0.9930069930069931,0.9696969696969696,5.552126200274355e-05,0.9906759906759907,24,36,30
stratified_equal,90,72,2.5413991024372234e-05,0.9930069930069931,0.9696969696969696,1.1968449931412826e-05,1.0,24,36,30
stratified_equal,90,73,4.36873471227873e-05,0.9930069930069931,0.9696969696969696,3.1001371742112486e-05,0.9976689976689977,24,36,30
stratified_equal,90,74,6.208328443125426e-05,1.0,0.9999999999999998,0.00012273662551440332,0.9959141067856895,24,36,30
stratified_equal,90,75,0.0001234702032649808,0.9930069930069931,0.9696969696969696,0.00017914951989026056,0.9994167391273812,24,36,30
stratified_equal,90,76,5.32486815068173e-05,0.9930069930069931,0.9696969696969696,6.683813443072706e-05,1.0,24,36,30
stratified_equal,90,77,5.6383258163852206e-05,0.9930069930069931,0.9696969696969696,9.735939643347058e-05,0.993006993006993,24,36,30
stratified_equal,90,78,5.3021030688149585e-05,1.0,0.9999999999999998,0.000127366255144033,0.9988324540893184,24,36,30
stratified_equal,90,79,3.05974250494139e-05,0.9930069930069931,0.9696969696969696,6.632373113854612e-05,1.0,24,36,30
stratified_equal,90,80,5.838833652826835e-05,0.9930069930069931,0.9696969696969696,5.209190672153644e-05,0.9976689976689977,24,36,30
stratified_equal,90,81,0.00014885326954639349,0.9930069930069931,0.9696969696969696,0.00029214677640603594,1.0,24,36,30
stratified_equal,90,82,2.8093266044073294e-05,0.9930069930069931,0.9696969696969696,5.4320987654321136e-05,0.9976689976689977,24,36,30
stratified_equal,90,83,2.6324594299041894e-05,0.9930069930069931,0.9696969696969696,3.1858710562414327e-05,0.9959141067856895,24,36,30
stratified_equal,90,84,4.5928832106589515e-05,0.9930069930069931,0.9696969696969696,6.820987654321019e-05,0.9994167391273812,24,36,30
stratified_equal,90,85,0.00010525813777159341,0.9930069930069931,0.9696969696969696,0.00020452674897119392,0.993006993006993,24,36,30
stratified_equal,90,86,2.5230119209294797e-05,0.9930069930069931,0.9696969696969696,2.1056241426611843e-05,1.0,24,36,30
stratified_equal,90,87,7.298425632513345e-05,0.9930069930069931,0.9696969696969696,9.015775034293537e-05,1.0,24,36,30
stratified_equal,90,88,0.00011706095713942469,0.9930069930069931,0.9696969696969696,0.00022853223593964362,0.9976689976689977,24,36,30
stratified_equal,90,89,2.6753628534222684e-05,0.9930069930069931,0.9696969696969696,1.4026063100137167e-05,0.9994167391273812,24,36,30
stratified_equal,90,90,4.025507324134137e-05,0.9930069930069931,0.9696969696969696,4.763374485596702e-05,0.9976689976689977,24,36,30
stratified_equal,90,91,5.6610908982519674e-05,0.9930069930069931,0.9696969696969696,8.844307270233212e-05,0.9976689976689977,24,36,30
stratified_equal,90,92,0.0001017120384808125,1.0,0.9999999999999998,0.00019029492455418408,1.0,24,36,30
stratified_equal,90,93,0.0001126217661754096,0.9930069930069931,0.9696969696969696,0.0001849794238683128,1.0,24,36,30
stratified_equal,90,94,3.059742504941373e-05,1.0,0.9999999999999998,3.871742112482859e-05,0.9994167391273812,24,36,30
stratified_equal,90,95,5.162885837399158e-05,0.9930069930069931,0.9696969696969696,0.00010593278463648853,0.9988324540893184,24,36,30
stratified_equal,90,96,5.990309005247808e-05,0.9930069930069931,0.9696969696969696,0.00010987654320987689,0.993006993006993,24,36,30
stratified_equal,90,97,7.999765270023235e-05,0.9930069930069931,0.9696969696969696,0.00012085048010973948,0.9935790185578949,24,36,30
stratified_equal,90,98,3.470389558614465e-05,1.0,0.9999999999999998,6.820987654320989e-05,1.0,24,36,30
stratified_equal,90,99,1.5301041195110956e-05,0.9930069930069931,0.9696969696969696,7.681755829904057e-06,1.0,24,36,30
stratified_equal,90,100,1.052912980381404e-05,1.0,0.9999999999999998,1.093964334705074e-05,1.0,24,36,30
stratified_equal,90,101,2.889004390940876e-05,0.9930069930069931,0.9696969696969696,4.043209876543214e-05,1.0,24,36,30
stratified_equal,90,102,5.760907026436895e-05,0.9930069930069931,0.9696969696969696,8.964334705075445e-05,0.9953236605602059,24,36,30
stratified_equal,90,103,6.423721140787612e-05,0.9930069930069931,0.9696969696969696,8.38134430727024e-05,1.0,24,36,30
stratified_equal,90,104,0.00011199134852371452,0.9930069930069931,0.9696969696969696,0.0001357681755829902,0.9906759906759907,24,36,30
stratified_equal,90,105,2.7462848392379043e-05,0.9930069930069931,0.9696969696969696,3.8374485596707866e-05,0.9883449883449883,24,36,30
stratified_equal,90,106,4.8161561289672816e-05,0.9930069930069931,0.9696969696969696,7.849794238683123e-05,1.0,24,36,30
stratified_equal,90,107,6.86501349697377e-05,1.0,0.9999999999999998,0.00014022633744855987,0.9976689976689977,24,36,30
stratified_equal,90,108,1.70784687408597e-05,0.9930069930069931,0.9696969696969696,1.8484224965706543e-05,0.9994167391273812,24,36,30
stratified_equal,90,109,6.942940123363623e-05,0.9930069930069931,0.9696969696969696,0.00017572016460905371,1.0,24,36,30
stratified_equal,90,110,5.69961642141106e-05,0.9930069930069931,0.9696969696969696,8.141289437585735e-05,1.0,24,36,30
stratified_equal,90,111,7.039253931261334e-05,1.0,0.9999999999999998,0.00011896433470507534,0.9976689976689977,24,36,30
stratified_equal,90,112,4.913345516936819e-05,0.9930069930069931,0.9696969696969696,4.540466392318243e-05,0.9976689976689977,24,36,30
stratified_equal,90,113,5.200535780486488e-05,0.9930069930069931,0.9696969696969696,7.558299039780543e-05,0.9976689976689977,24,36,30
stratified_equal,90,114,2.6315838498324096e-05,0.9930069930069931,0.9696969696969696,4.8148148148148284e-05,1.0,24,36,30
stratified_equal,90,115,6.217959823915204e-05,0.9930069930069931,0.9696969696969696,0.0001035322359396435,0.9976689976689977,24,36,30
stratified_equal,90,116,8.184512665172571e-05,0.9930069930069931,0.9696969696969696,0.00010799039780521263,0.993006993006993,24,36,30
stratified_equal,90,117,1.3584904254387274e-05,0.9930069930069931,0.9696969696969696,1.4026063100137168e-05,1.0,24,36,30
stratified_equal,90,118,3.159558633126383e-05,1.0,0.9999999999999998,9.118655692729767e-05,1.0,24,36,30
stratified_equal,90,119,0.00013756704242092206,0.9930069930069931,0.9696969696969696,0.0002539094650205764,1.0,24,36,30
stratified_equal,90,120,6.102383254438017e-05,1.0,0.9999999999999998,0.00015240054869684533,1.0,24,36,30
stratified_equal,90,121,7.520822970750027e-05,0.9930069930069931,0.9696969696969696,0.00015308641975308673,1.0,24,36,30
stratified_equal,90,122,2.27434718053895e-05,0.9930069930069931,0.9696969696969696,1.3511659807956127e-05,1.0,24,36,30
stratified_equal,90,123,5.4500761009487364e-05,0.9930069930069931,0.9696969696969696,7.695473251028829e-05,1.0,24,36,30
stratified_equal,90,124,6.110263475084058e-05,0.9930069930069931,0.9696969696969696,8.20987654320989e-05,1.0,24,36,30
stratified_equal,90,125,4.125323452319008e-05,0.9930069930069931,0.9696969696969696,2.722908093278462e-05,0.9976689976689977,24,36,30
stratified_equal,90,126,9.599450061197351e-05,0.9930069930069931,0.9696969696969696,0.00012325102880658424,0.9906759906759907,24,36,30
stratified_equal,90,127,3.284766583393396e-05,0.9930069930069931,0.9696969696969696,5.963648834019195e-05,1.0,24,36,30
stratified_equal,90,128,8.434052985634886e-05,1.0,0.9999999999999998,0.00017572016460905371,1.0,24,36,30
stratified_equal,90,129,4.68131679791052e-05,0.9930069930069931,0.9696969696969696,3.9403292181070146e-05,0.9976689976689977,24,36,30
stratified_equal,90,130,2.590431586457988e-05,0.9982502173821435,0.9923953268977463,5.192043895747605e-05,0.9994167391273812,24,36,30
stratified_equal,90,131,3.072000625946645e-05,0.9930069930069931,0.9696969696969696,9.598765432098775e-05,0.9976689976689977,24,36,30
stratified_equal,90,132,2.3321354652776316e-05,0.9930069930069931,0.9696969696969696,4.4204389574759766e-05,0.9976689976689977,24,36,30
stratified_equal,90,133,1.0844338629660969e-05,1.0,0.9999999999999998,9.396433470507538e-06,1.0,24,36,30
stratified_equal,90,134,5.705745481913679e-05,0.9930069930069931,0.9696969696969696,8.141289437585746e-05,1.0,24,36,30
stratified_equal,90,135,2.3540249670726007e-05,1.0,0.9999999999999998,4.831961591220859e-05,0.9976689976689977,24,36,30
stratified_equal,90,136,7.643404180801673e-05,1.0,0.9999999999999998,0.00014228395061728386,1.0,24,36,30
stratified_equal,90,137,1.8742070877275316e-05,1.0,0.9999999999999998,3.0144032921810722e-05,0.9959141067856895,24,36,30
stratified_equal,90,138,4.265416263806617e-05,0.9930069930069931,0.9696969696969696,8.295610425240052e-05,1.0,24,36,30
stratified_equal,90,139,5.1112266131630806e-05,1.0,0.9999999999999998,7.506858710562435e-05,0.9976689976689977,24,36,30
stratified_equal,90,140,5.925516079934785e-05,0.9930069930069931,0.9696969696969696,5.260631001371732e-05,1.0,24,36,30
stratified_equal,90,141,6.388697937915752e-05,0.9930069930069931,0.9696969696969696,8.381344307270266e-05,0.9906759906759907,24,36,30
stratified_equal,90,142,0.0001550961554583086,0.9930069930069931,0.9696969696969696,0.0002672839506172841,0.9906759906759907,24,36,30
stratified_equal,90,143,9.237835491545032e-05,0.9930069930069931,0.9696969696969696,0.00018737997256515826,1.0,24,36,30
stratified_equal,90,144,4.6856946982694606e-05,0.9930069930069931,0.9696969696969696,5.054869684499315e-05,0.9953379953379954,24,36,30
stratified_equal,90,145,6.881649518337742e-05,1.0,0.9999999999999998,0.00011639231824417021,0.9976689976689977,24,36,30
stratified_equal,90,146,5.9377742009400094e-05,0.9930069930069931,0.9696969696969696,7.438271604938288e-05,0.9994167391273812,24,36,30
stratified_equal,90,147,9.45235260913539e-05,0.9930069930069931,0.9696969696969696,0.0001220507544581619,0.9976689976689977,24,36,30
stratified_equal,90,148,3.274259622531863e-05,1.0,0.9999999999999998,6.855281207133069e-05,0.9994167391273812,24,36,30
stratified_equal,90,149,0.00012759418540314856,0.9930069930069931,0.9696969696969696,0.0002446502057613171,0.9970816508995867,24,36,30
stratified_equal,90,150,7.506813689601241e-05,0.9930069930069931,0.9696969696969696,7.678326474622772e-05,0.9976689976689977,24,36,30
stratified_equal,90,151,5.09283943165536e-05,0.9930069930069931,0.9696969696969696,9.050068587105627e-05,0.9976689976689977,24,36,30
stratified_equal,90,152,5.3152367698919275e-05,0.9930069930069931,0.9696969696969696,9.924554183813445e-05,0.9994167391273812,24,36,30
stratified_equal,90,153,6.33703871367965e-05,0.9930069930069931,0.9696969696969696,8.484224965706455e-05,0.9976689976689977,24,36,30
stratified_equal,90,154,0.00015190904399696654,0.9930069930069931,0.9696969696969696,0.00024619341563785976,0.9906759906759907,24,36,30
stratified_equal,90,155,1.9994150379945914e-05,1.0,0.9999999999999998,4.746227709190669e-05,0.9994167391273812,24,36,30
stratified_equal,90,156,0.0002962046398292056,1.0,0.9999999999999998,0.0006182784636488337,0.9976689976689977,24,36,30
stratified_equal,90,157,2.3408912659955836e-05,0.9930069930069931,0.9696969696969696,3.1687242798353705e-05,1.0,24,36,30
stratified_equal,90,158,6.214457503628075e-05,0.9930069930069931,0.9696969696969696,0.00011536351165980801,1.0,24,36,30
stratified_equal,90,159,1.1518535284945194e-05,0.9930069930069931,0.9696969696969696,2.2942386831275706e-05,1.0,24,36,30
stratified_equal,90,160,4.6839435381259145e-05,0.9930069930069931,0.9696969696969696,4.729080932784637e-05,0.9976689976689977,24,36,30
stratified_equal,90,161,6.706533503978313e-05,0.9930069930069931,0.9696969696969696,0.00014091220850480086,0.9994167391273812,24,36,30
stratified_equal,90,162,3.411725693803991e-05,1.0,0.9999999999999998,3.0658436213991825e-05,1.0,24,36,30
stratified_equal,90,163,3.2357340993727255e-05,0.9930069930069931,0.9696969696969696,5.106310013717419e-05,0.9953236605602059,24,36,30
stratified_equal,90,164,7.274784970574832e-05,0.9930069930069931,0.9696969696969696,7.986968449931428e-05,0.9976689976689977,24,36,30
stratified_equal,90,165,3.731312420010073e-05,0.9930069930069931,0.9696969696969696,2.191358024691366e-05,1.0,24,36,30
stratified_equal,90,166,1.740243336742434e-05,0.9930069930069931,0.9696969696969696,1.4026063100137256e-05,1.0,24,36,30
stratified_equal,90,167,2.5081270597089646e-05,0.9930069930069931,0.9696969696969696,2.174211248285324e-05,1.0,24,36,30
stratified_equal,90,168,6.606717375793354e-05,1.0,0.9999999999999998,0.0001211934156378601,0.9953379953379954,24,36,30
stratified_equal,90,169,3.9248156158774165e-05,1.0,0.9999999999999998,4.266117969821682e-05,0.9976689976689977,24,36,30
stratified_equal,90,170,2.8539811880689457e-05,0.9930069930069931,0.9696969696969696,2.620027434842253e-05,0.9976689976689977,24,36,30
stratified_equal,90,171,5.506988805615612e-05,1.0,0.9999999999999998,9.770233196159136e-05,1.0,24,36,30
stratified_equal,90,172,0.00011783146760260418,0.9930069930069931,0.9696969696969696,0.00018635116598079537,0.9924114744439977,24,36,30
stratified_equal,90,173,5.0928394316553494e-05,0.9930069930069931,0.9696969696969696,7.009602194787364e-05,1.0,24,36,30
stratified_equal,90,174,9.1310147227857e-05,0.9930069930069931,0.9696969696969696,0.00017297668038408821,0.9994167391273812,24,36,30
stratified_equal,90,175,5.541136428415669e-05,0.9930069930069931,0.9696969696969696,4.95198902606309e-05,0.9976689976689977,24,36,30
stratified_equal,90,176,5.453578421235823e-05,0.9930069930069931,0.9696969696969696,4.523319615912216e-05,0.9959141067856895,24,36,30
stratified_equal,90,177,0.00019577560559402583,0.9930069930069931,0.9696969696969696,0.00043086419753086454,1.0,24,36,30
stratified_equal,90,178,6.596210414931712e-05,0.9930069930069931,0.9696969696969696,8.055555555555546e-05,1.0,24,36,30
stratified_equal,90,179,8.680090985809961e-05,1.0,0.9999999999999998,0.00018497942386831292,1.0,24,36,30
stratified_equal,90,180,4.845050271336583e-05,1.0,0.9999999999999998,7.489711934156389e-05,0.9994167391273812,24,36,30
stratified_equal,90,181,1.6421783687011272e-05,1.0,0.9999999999999998,3.237311385459533e-05,1.0,24,36,30
stratified_equal,90,182,5.346757652476638e-05,0.9930069930069931,0.9696969696969696,0.00011536351165980831,0.993006993006993,24,36,30
stratified_equal,90,183,2.6771140135658823e-05,0.9930069930069931,0.9696969696969696,2.7400548696845015e-05,0.9906759906759907,24,36,30
stratified_equal,90,184,3.7610821424511995e-05,0.9930069930069931,0.9696969696969696,3.957475994513029e-05,0.9924114744439977,24,36,30
stratified_equal,90,185,3.2698817221728214e-05,0.9930069930069931,0.9696969696969696,9.375857338820318e-05,0.9994167391273812,24,36,30
stratified_equal,90,186,9.72553359153617e-05,0.9930069930069931,0.9696969696969696,0.0001376543209876543,0.9976689976689977,24,36,30
stratified_equal,90,187,3.277761942819047e-05,0.9930069930069931,0.9696969696969696,8.895747599451329e-05,0.9994167391273812,24,36,30
stratified_equal,90,188,4.792515467028799e-05,1.0,0.9999999999999998,5.775034293552819e-05,1.0,24,36,30
stratified_equal,90,189,3.310158405475524e-05,1.0,0.9999999999999998,3.940329218107007e-05,1.0,24,36,30
stratified_equal,90,190,3.511541821988893e-05,0.9930069930069931,0.9696969696969696,2.774348422496576e-05,0.9976689976689977,24,36,30
stratified_equal,90,191,1.0870606031814888e-05,1.0,0.9999999999999998,1.728395061728398e-05,1.0,24,36,30
stratified_equal,90,192,1.4766937351314345e-05,0.9930069930069931,0.9696969696969696,3.580246913580265e-05,1.0,24,36,30
stratified_equal,90,193,3.862649430779744e-05,0.9930069930069931,0.9696969696969696,5.672153635116601e-05,0.9906759906759907,24,36,30
stratified_equal,90,194,4.555233267571626e-05,0.9930069930069931,0.9696969696969696,8.844307270233206e-05,0.9976689976689977,24,36,30
stratified_equal,90,195,7.288794251723583e-05,0.9930069930069931,0.9696969696969696,0.0001666323731138549,0.9994167391273812,24,36,30
stratified_equal,90,196,8.103083718495377e-05,0.9930069930069931,0.9696969696969696,7.764060356652927e-05,0.9924114744439977,24,36,30
stratified_equal,90,197,7.98750714901809e-05,0.9930069930069931,0.9696969696969696,0.00015565843621399185,1.0,24,36,30
stratified_equal,90,198,3.4283617151681515e-05,1.0,0.9999999999999998,3.5288065843621535e-05,1.0,24,36,30
stratified_equal,90,199,1.7437456570296577e-05,0.9930069930069931,0.9696969696969696,1.2997256515775092e-05,0.9976689976689977,24,36,30
