task_id,trial_id,score,success,surrendered,env,agent,intervention,num_steps,dir_name
cu2o_workflow,76,1.0,True,False,catalyst,react,none,0,baseline
cu2o_workflow,77,1.0,True,False,catalyst,react,none,0,baseline
cu2o_workflow,78,1.0,True,False,catalyst,react,none,0,baseline
cu2o_workflow,79,1.0,True,False,catalyst,react,none,0,baseline
cu2o_workflow,80,1.0,True,False,catalyst,react,none,0,baseline
cu2o_workflow,81,1.0,True,False,catalyst,react,none,0,baseline
cu2o_workflow,82,1.0,True,False,catalyst,react,none,0,baseline
cu2o_workflow,83,1.0,True,False,catalyst,react,none,0,baseline
cu2o_workflow,84,1.0,True,False,catalyst,react,none,0,baseline
cu2o_workflow,85,1.0,True,False,catalyst,react,none,0,baseline
cu2o_workflow,86,1.0,True,False,catalyst,react,none,0,baseline
cu2o_workflow,87,1.0,True,False,catalyst,react,none,0,baseline
cu2o_workflow,88,1.0,True,False,catalyst,react,none,0,baseline
cu2o_workflow,89,1.0,True,False,catalyst,react,none,0,baseline
cu2o_workflow,90,1.0,True,False,catalyst,react,none,0,baseline
cu2o_workflow,91,1.0,True,False,catalyst,react,none,0,baseline
cu2o_workflow,92,1.0,True,False,catalyst,react,none,0,baseline
cu2o_workflow,93,1.0,True,False,catalyst,react,none,0,baseline
cu2o_workflow,94,1.0,True,False,catalyst,react,none,0,baseline
cu2o_workflow,95,1.0,True,False,catalyst,react,none,0,baseline
si_workflow,76,1.0,True,False,catalyst,react,none,0,baseline
si_workflow,77,1.0,True,False,catalyst,react,none,0,baseline
si_workflow,78,1.0,True,False,catalyst,react,none,0,baseline
si_workflow,79,1.0,True,False,catalyst,react,none,0,baseline
si_workflow,80,1.0,True,False,catalyst,react,none,0,baseline
si_workflow,81,1.0,True,False,catalyst,react,none,0,baseline
si_workflow,82,1.0,True,False,catalyst,react,none,0,baseline
si_workflow,83,1.0,True,False,catalyst,react,none,0,baseline
si_workflow,84,1.0,True,False,catalyst,react,none,0,baseline
si_workflow,85,1.0,True,False,catalyst,react,none,0,baseline
si_workflow,86,1.0,True,False,catalyst,react,none,0,baseline
si_workflow,87,1.0,True,False,catalyst,react,none,0,baseline
si_workflow,88,1.0,True,False,catalyst,react,none,0,baseline
si_workflow,89,1.0,True,False,catalyst,react,none,0,baseline
si_workflow,90,1.0,True,False,catalyst,react,none,0,baseline
si_workflow,91,1.0,True,False,catalyst,react,none,0,baseline
si_workflow,92,1.0,True,False,catalyst,react,none,0,baseline
si_workflow,93,1.0,True,False,catalyst,react,none,0,baseline
si_workflow,94,1.0,True,False,catalyst,react,none,0,baseline
si_workflow,95,1.0,True,False,catalyst,react,none,0,baseline
tio2_workflow,76,1.0,True,False,catalyst,react,none,0,baseline
tio2_workflow,77,1.0,True,False,catalyst,react,none,0,baseline
tio2_workflow,78,1.0,True,False,catalyst,react,none,0,baseline
tio2_workflow,79,1.0,True,False,catalyst,react,none,0,baseline
tio2_workflow,80,1.0,True,False,catalyst,react,none,0,baseline
tio2_workflow,81,1.0,True,False,catalyst,react,none,0,baseline
tio2_workflow,82,1.0,True,False,catalyst,react,none,0,baseline
tio2_workflow,83,1.0,True,False,catalyst,react,none,0,baseline
tio2_workflow,84,1.0,True,False,catalyst,react,none,0,baseline
tio2_workflow,85,1.0,True,False,catalyst,react,none,0,baseline
tio2_workflow,86,1.0,True,False,catalyst,react,none,0,baseline
tio2_workflow,87,1.0,True,False,catalyst,react,none,0,baseline
tio2_workflow,88,1.0,True,False,catalyst,react,none,0,baseline
tio2_workflow,89,1.0,True,False,catalyst,react,none,0,baseline
tio2_workflow,90,1.0,True,False,catalyst,react,none,0,baseline
tio2_workflow,91,1.0,True,False,catalyst,react,none,0,baseline
tio2_workflow,92,1.0,True,False,catalyst,react,none,0,baseline
tio2_workflow,93,1.0,True,False,catalyst,react,none,0,baseline
tio2_workflow,94,1.0,True,False,catalyst,react,none,0,baseline
tio2_workflow,95,1.0,True,False,catalyst,react,none,0,baseline
cu2o_workflow,76,1.0,True,False,catalyst,toolcalling,none,0,baseline
cu2o_workflow,77,1.0,True,False,catalyst,toolcalling,none,0,baseline
cu2o_workflow,78,1.0,True,False,catalyst,toolcalling,none,0,baseline
cu2o_workflow,79,1.0,True,False,catalyst,toolcalling,none,0,baseline
cu2o_workflow,80,1.0,True,False,catalyst,toolcalling,none,0,baseline
cu2o_workflow,81,1.0,True,False,catalyst,toolcalling,none,0,baseline
cu2o_workflow,82,1.0,True,False,catalyst,toolcalling,none,0,baseline
cu2o_workflow,83,1.0,True,False,catalyst,toolcalling,none,0,baseline
cu2o_workflow,84,1.0,True,False,catalyst,toolcalling,none,0,baseline
cu2o_workflow,85,1.0,True,False,catalyst,toolcalling,none,0,baseline
cu2o_workflow,86,1.0,True,False,catalyst,toolcalling,none,0,baseline
cu2o_workflow,87,1.0,True,False,catalyst,toolcalling,none,0,baseline
cu2o_workflow,88,1.0,True,False,catalyst,toolcalling,none,0,baseline
cu2o_workflow,89,1.0,True,False,catalyst,toolcalling,none,0,baseline
cu2o_workflow,90,1.0,True,False,catalyst,toolcalling,none,0,baseline
cu2o_workflow,91,1.0,True,False,catalyst,toolcalling,none,0,baseline
cu2o_workflow,92,1.0,True,False,catalyst,toolcalling,none,0,baseline
cu2o_workflow,93,1.0,True,False,catalyst,toolcalling,none,0,baseline
cu2o_workflow,94,1.0,True,False,catalyst,toolcalling,none,0,baseline
cu2o_workflow,95,1.0,True,False,catalyst,toolcalling,none,0,baseline
si_workflow,76,1.0,True,False,catalyst,toolcalling,none,0,baseline
si_workflow,77,1.0,True,False,catalyst,toolcalling,none,0,baseline
si_workflow,78,1.0,True,False,catalyst,toolcalling,none,0,baseline
si_workflow,79,1.0,True,False,catalyst,toolcalling,none,0,baseline
si_workflow,80,1.0,True,False,catalyst,toolcalling,none,0,baseline
si_workflow,81,1.0,True,False,catalyst,toolcalling,none,0,baseline
si_workflow,82,1.0,True,False,catalyst,toolcalling,none,0,baseline
si_workflow,83,1.0,True,False,catalyst,toolcalling,none,0,baseline
si_workflow,84,1.0,True,False,catalyst,toolcalling,none,0,baseline
si_workflow,85,1.0,True,False,catalyst,toolcalling,none,0,baseline
si_workflow,86,1.0,True,False,catalyst,toolcalling,none,0,baseline
si_workflow,87,1.0,True,False,catalyst,toolcalling,none,0,baseline
si_workflow,88,1.0,True,False,catalyst,toolcalling,none,0,baseline
si_workflow,89,1.0,True,False,catalyst,toolcalling,none,0,baseline
si_workflow,90,1.0,True,False,catalyst,toolcalling,none,0,baseline
si_workflow,91,1.0,True,False,catalyst,toolcalling,none,0,baseline
si_workflow,92,1.0,True,False,catalyst,toolcalling,none,0,baseline
si_workflow,93,1.0,True,False,catalyst,toolcalling,none,0,baseline
si_workflow,94,1.0,True,False,catalyst,toolcalling,none,0,baseline
si_workflow,95,1.0,True,False,catalyst,toolcalling,none,0,baseline
tio2_workflow,76,1.0,True,False,catalyst,toolcalling,none,0,baseline
tio2_workflow,77,1.0,True,False,catalyst,toolcalling,none,0,baseline
tio2_workflow,78,1.0,True,False,catalyst,toolcalling,none,0,baseline
tio2_workflow,79,1.0,True,False,catalyst,toolcalling,none,0,baseline
tio2_workflow,80,1.0,True,False,catalyst,toolcalling,none,0,baseline
tio2_workflow,81,1.0,True,False,catalyst,toolcalling,none,0,baseline
tio2_workflow,82,1.0,True,False,catalyst,toolcalling,none,0,baseline
tio2_workflow,83,1.0,True,False,catalyst,toolcalling,none,0,baseline
tio2_workflow,84,1.0,True,False,catalyst,toolcalling,none,0,baseline
tio2_workflow,85,1.0,True,False,catalyst,toolcalling,none,0,baseline
tio2_workflow,86,1.0,True,False,catalyst,toolcalling,none,0,baseline
tio2_workflow,87,1.0,True,False,catalyst,toolcalling,none,0,baseline
tio2_workflow,88,1.0,True,False,catalyst,toolcalling,none,0,baseline
tio2_workflow,89,1.0,True,False,catalyst,toolcalling,none,0,baseline
tio2_workflow,90,1.0,True,False,catalyst,toolcalling,none,0,baseline
tio2_workflow,91,1.0,True,False,catalyst,toolcalling,none,0,baseline
tio2_workflow,92,1.0,True,False,catalyst,toolcalling,none,0,baseline
tio2_workflow,93,1.0,True,False,catalyst,toolcalling,none,0,baseline
tio2_workflow,94,1.0,True,False,catalyst,toolcalling,none,0,baseline
tio2_workflow,95,1.0,True,False,catalyst,toolcalling,none,0,baseline
aluminum_surface_energy_2,1,1.0,True,False,md,react,none,0,baseline
aluminum_surface_energy_2,2,1.0,True,False,md,react,none,0,baseline
aluminum_surface_energy_2,3,1.0,True,False,md,react,none,0,baseline
aluminum_surface_energy_2,4,1.0,True,False,md,react,none,0,baseline
aluminum_surface_energy_2,5,1.0,True,False,md,react,none,0,baseline
aluminum_surface_energy_2,6,1.0,True,False,md,react,none,0,baseline
aluminum_surface_energy_2,7,1.0,True,False,md,react,none,0,baseline
aluminum_surface_energy_2,8,1.0,True,False,md,react,none,0,baseline
aluminum_surface_energy_2,9,1.0,True,False,md,react,none,0,baseline
aluminum_surface_energy_2,10,1.0,True,False,md,react,none,0,baseline
aluminum_surface_energy_2,11,1.0,True,False,md,react,none,0,baseline
aluminum_surface_energy_2,12,1.0,True,False,md,react,none,0,baseline
aluminum_surface_energy_2,13,1.0,True,False,md,react,none,0,baseline
aluminum_surface_energy_2,14,1.0,True,False,md,react,none,0,baseline
aluminum_surface_energy_2,15,1.0,True,False,md,react,none,0,baseline
na2sio3_quenching_1,1,0.0,False,False,md,react,none,0,baseline
na2sio3_quenching_1,2,1.0,True,False,md,react,none,0,baseline
na2sio3_quenching_1,3,1.0,True,False,md,react,none,0,baseline
na2sio3_quenching_1,4,0.0,False,False,md,react,none,0,baseline
na2sio3_quenching_1,5,0.0,False,False,md,react,none,0,baseline
na2sio3_quenching_1,6,1.0,True,False,md,react,none,0,baseline
na2sio3_quenching_1,7,1.0,True,False,md,react,none,0,baseline
na2sio3_quenching_1,8,0.0,False,False,md,react,none,0,baseline
na2sio3_quenching_1,9,1.0,True,False,md,react,none,0,baseline
na2sio3_quenching_1,10,0.0,False,False,md,react,none,0,baseline
na2sio3_quenching_1,11,1.0,True,False,md,react,none,0,baseline
na2sio3_quenching_1,12,0.0,False,False,md,react,none,0,baseline
na2sio3_quenching_1,13,1.0,True,False,md,react,none,0,baseline
na2sio3_quenching_1,14,1.0,True,False,md,react,none,0,baseline
na2sio3_quenching_1,15,1.0,True,False,md,react,none,0,baseline
silicon_melting_2,1,0.0,False,False,md,react,none,0,baseline
silicon_melting_2,2,1.0,True,False,md,react,none,0,baseline
silicon_melting_2,3,0.0,False,False,md,react,none,0,baseline
silicon_melting_2,4,1.0,True,False,md,react,none,0,baseline
silicon_melting_2,5,0.0,False,False,md,react,none,0,baseline
silicon_melting_2,6,1.0,True,False,md,react,none,0,baseline
silicon_melting_2,7,1.0,True,False,md,react,none,0,baseline
silicon_melting_2,8,1.0,True,False,md,react,none,0,baseline
silicon_melting_2,9,1.0,True,False,md,react,none,0,baseline
silicon_melting_2,10,1.0,True,False,md,react,none,0,baseline
silicon_melting_2,11,1.0,True,False,md,react,none,0,baseline
silicon_melting_2,12,0.0,False,False,md,react,none,0,baseline
silicon_melting_2,13,1.0,True,False,md,react,none,0,baseline
silicon_melting_2,14,1.0,True,False,md,react,none,0,baseline
silicon_melting_2,15,0.0,False,False,md,react,none,0,baseline
na2sio3_quenching_1,17,1.0,True,False,md,react,success,-1,success_stepn1
na2sio3_quenching_1,25,1.0,True,False,md,react,success,-1,success_stepn1
na2sio3_quenching_1,31,1.0,True,False,md,react,success,-1,success_stepn1
na2sio3_quenching_1,40,1.0,True,False,md,react,success,-1,success_stepn1
na2sio3_quenching_1,47,1.0,True,False,md,react,success,-1,success_stepn1
na2sio3_quenching_1,55,1.0,True,False,md,react,success,-1,success_stepn1
na2sio3_quenching_1,60,1.0,True,False,md,react,success,-1,success_stepn1
na2sio3_quenching_1,68,1.0,True,False,md,react,success,-1,success_stepn1
na2sio3_quenching_1,75,1.0,True,False,md,react,success,-1,success_stepn1
na2sio3_quenching_1,83,1.0,True,False,md,react,success,-1,success_stepn1
silicon_melting_2,17,1.0,True,False,md,react,success,-1,success_stepn1
silicon_melting_2,19,1.0,True,False,md,react,success,-1,success_stepn1
silicon_melting_2,22,1.0,True,False,md,react,success,-1,success_stepn1
silicon_melting_2,27,1.0,True,False,md,react,success,-1,success_stepn1
silicon_melting_2,34,1.0,True,False,md,react,success,-1,success_stepn1
silicon_melting_2,43,1.0,True,False,md,react,success,-1,success_stepn1
silicon_melting_2,51,1.0,True,False,md,react,success,-1,success_stepn1
silicon_melting_2,56,1.0,True,False,md,react,success,-1,success_stepn1
silicon_melting_2,62,1.0,True,False,md,react,success,-1,success_stepn1
silicon_melting_2,71,1.0,True,False,md,react,success,-1,success_stepn1
na2sio3_quenching_1,16,1.0,True,False,md,react,success,-2,success_stepn2
na2sio3_quenching_1,24,1.0,True,False,md,react,success,-2,success_stepn2
na2sio3_quenching_1,32,1.0,True,False,md,react,success,-2,success_stepn2
na2sio3_quenching_1,39,1.0,True,False,md,react,success,-2,success_stepn2
na2sio3_quenching_1,48,1.0,True,False,md,react,success,-2,success_stepn2
na2sio3_quenching_1,56,1.0,True,False,md,react,success,-2,success_stepn2
na2sio3_quenching_1,58,1.0,True,False,md,react,success,-2,success_stepn2
na2sio3_quenching_1,65,1.0,True,False,md,react,success,-2,success_stepn2
na2sio3_quenching_1,72,1.0,True,False,md,react,success,-2,success_stepn2
na2sio3_quenching_1,79,1.0,True,False,md,react,success,-2,success_stepn2
silicon_melting_2,16,1.0,True,False,md,react,success,-2,success_stepn2
silicon_melting_2,18,1.0,True,False,md,react,success,-2,success_stepn2
silicon_melting_2,20,1.0,True,False,md,react,success,-2,success_stepn2
silicon_melting_2,26,1.0,True,False,md,react,success,-2,success_stepn2
silicon_melting_2,35,1.0,True,False,md,react,success,-2,success_stepn2
silicon_melting_2,41,1.0,True,False,md,react,success,-2,success_stepn2
silicon_melting_2,48,1.0,True,False,md,react,success,-2,success_stepn2
silicon_melting_2,57,1.0,True,False,md,react,success,-2,success_stepn2
silicon_melting_2,65,1.0,True,False,md,react,success,-2,success_stepn2
silicon_melting_2,74,1.0,True,False,md,react,success,-2,success_stepn2
aluminum_surface_energy_2,1,1.0,True,False,md,toolcalling,none,0,baseline
aluminum_surface_energy_2,2,1.0,True,False,md,toolcalling,none,0,baseline
aluminum_surface_energy_2,3,1.0,True,False,md,toolcalling,none,0,baseline
aluminum_surface_energy_2,4,1.0,True,False,md,toolcalling,none,0,baseline
aluminum_surface_energy_2,5,1.0,True,False,md,toolcalling,none,0,baseline
aluminum_surface_energy_2,6,1.0,True,False,md,toolcalling,none,0,baseline
aluminum_surface_energy_2,7,1.0,True,False,md,toolcalling,none,0,baseline
aluminum_surface_energy_2,8,1.0,True,False,md,toolcalling,none,0,baseline
aluminum_surface_energy_2,9,1.0,True,False,md,toolcalling,none,0,baseline
aluminum_surface_energy_2,10,1.0,True,False,md,toolcalling,none,0,baseline
aluminum_surface_energy_2,11,1.0,True,False,md,toolcalling,none,0,baseline
aluminum_surface_energy_2,12,1.0,True,False,md,toolcalling,none,0,baseline
aluminum_surface_energy_2,13,1.0,True,False,md,toolcalling,none,0,baseline
aluminum_surface_energy_2,14,1.0,True,False,md,toolcalling,none,0,baseline
aluminum_surface_energy_2,15,1.0,True,False,md,toolcalling,none,0,baseline
na2sio3_quenching_1,1,1.0,True,False,md,toolcalling,none,0,baseline
na2sio3_quenching_1,2,1.0,True,False,md,toolcalling,none,0,baseline
na2sio3_quenching_1,3,1.0,True,False,md,toolcalling,none,0,baseline
na2sio3_quenching_1,4,1.0,True,False,md,toolcalling,none,0,baseline
na2sio3_quenching_1,5,1.0,True,False,md,toolcalling,none,0,baseline
na2sio3_quenching_1,6,1.0,True,False,md,toolcalling,none,0,baseline
na2sio3_quenching_1,7,1.0,True,False,md,toolcalling,none,0,baseline
na2sio3_quenching_1,8,1.0,True,False,md,toolcalling,none,0,baseline
na2sio3_quenching_1,9,1.0,True,False,md,toolcalling,none,0,baseline
na2sio3_quenching_1,10,1.0,True,False,md,toolcalling,none,0,baseline
na2sio3_quenching_1,11,1.0,True,False,md,toolcalling,none,0,baseline
na2sio3_quenching_1,12,1.0,True,False,md,toolcalling,none,0,baseline
na2sio3_quenching_1,13,1.0,True,False,md,toolcalling,none,0,baseline
na2sio3_quenching_1,14,1.0,True,False,md,toolcalling,none,0,baseline
na2sio3_quenching_1,15,1.0,True,False,md,toolcalling,none,0,baseline
silicon_melting_2,1,1.0,True,False,md,toolcalling,none,0,baseline
silicon_melting_2,2,0.0,False,False,md,toolcalling,none,0,baseline
silicon_melting_2,3,0.0,False,False,md,toolcalling,none,0,baseline
silicon_melting_2,4,0.0,False,False,md,toolcalling,none,0,baseline
silicon_melting_2,5,0.0,False,False,md,toolcalling,none,0,baseline
silicon_melting_2,6,1.0,True,False,md,toolcalling,none,0,baseline
silicon_melting_2,7,0.0,False,False,md,toolcalling,none,0,baseline
silicon_melting_2,8,0.0,False,False,md,toolcalling,none,0,baseline
silicon_melting_2,9,1.0,True,False,md,toolcalling,none,0,baseline
silicon_melting_2,10,1.0,True,False,md,toolcalling,none,0,baseline
silicon_melting_2,11,0.0,False,False,md,toolcalling,none,0,baseline
silicon_melting_2,12,1.0,True,False,md,toolcalling,none,0,baseline
silicon_melting_2,13,1.0,True,False,md,toolcalling,none,0,baseline
silicon_melting_2,14,0.0,False,False,md,toolcalling,none,0,baseline
silicon_melting_2,15,0.0,False,False,md,toolcalling,none,0,baseline
silicon_melting_2,21,1.0,True,False,md,toolcalling,failed,1,failed_step1
silicon_melting_2,29,1.0,True,False,md,toolcalling,failed,1,failed_step1
silicon_melting_2,36,0.0,False,False,md,toolcalling,failed,1,failed_step1
silicon_melting_2,40,0.0,False,False,md,toolcalling,failed,1,failed_step1
silicon_melting_2,47,0.0,False,False,md,toolcalling,failed,1,failed_step1
silicon_melting_2,53,0.0,False,False,md,toolcalling,failed,1,failed_step1
silicon_melting_2,59,1.0,True,False,md,toolcalling,failed,1,failed_step1
silicon_melting_2,65,1.0,True,False,md,toolcalling,failed,1,failed_step1
silicon_melting_2,69,1.0,True,False,md,toolcalling,failed,1,failed_step1
silicon_melting_2,75,0.0,False,False,md,toolcalling,failed,1,failed_step1
silicon_melting_2,20,0.0,False,False,md,toolcalling,failed,2,failed_step2
silicon_melting_2,30,1.0,True,False,md,toolcalling,failed,2,failed_step2
silicon_melting_2,35,1.0,True,False,md,toolcalling,failed,2,failed_step2
silicon_melting_2,44,1.0,True,False,md,toolcalling,failed,2,failed_step2
silicon_melting_2,55,0.0,False,False,md,toolcalling,failed,2,failed_step2
silicon_melting_2,62,0.0,False,False,md,toolcalling,failed,2,failed_step2
silicon_melting_2,70,1.0,True,False,md,toolcalling,failed,2,failed_step2
silicon_melting_2,77,0.0,False,False,md,toolcalling,failed,2,failed_step2
silicon_melting_2,83,0.0,False,False,md,toolcalling,failed,2,failed_step2
silicon_melting_2,85,0.0,False,False,md,toolcalling,failed,2,failed_step2
silicon_melting_2,23,0.0,False,False,md,toolcalling,failed,-2,failed_stepn2
silicon_melting_2,26,0.0,False,False,md,toolcalling,failed,-2,failed_stepn2
silicon_melting_2,33,0.0,False,False,md,toolcalling,failed,-2,failed_stepn2
silicon_melting_2,43,0.0,False,False,md,toolcalling,failed,-2,failed_stepn2
silicon_melting_2,48,0.0,False,False,md,toolcalling,failed,-2,failed_stepn2
silicon_melting_2,56,0.0,False,False,md,toolcalling,failed,-2,failed_stepn2
silicon_melting_2,81,0.0,False,False,md,toolcalling,failed,-2,failed_stepn2
silicon_melting_2,90,0.0,False,False,md,toolcalling,failed,-2,failed_stepn2
silicon_melting_2,92,0.0,False,False,md,toolcalling,failed,-2,failed_stepn2
silicon_melting_2,93,0.0,False,False,md,toolcalling,failed,-2,failed_stepn2
silicon_melting_2,22,1.0,True,False,md,toolcalling,success,1,success_step1
silicon_melting_2,31,0.0,False,False,md,toolcalling,success,1,success_step1
silicon_melting_2,39,1.0,True,False,md,toolcalling,success,1,success_step1
silicon_melting_2,52,0.0,False,False,md,toolcalling,success,1,success_step1
silicon_melting_2,60,1.0,True,False,md,toolcalling,success,1,success_step1
silicon_melting_2,67,1.0,True,False,md,toolcalling,success,1,success_step1
silicon_melting_2,73,1.0,True,False,md,toolcalling,success,1,success_step1
silicon_melting_2,79,0.0,False,False,md,toolcalling,success,1,success_step1
silicon_melting_2,84,1.0,True,False,md,toolcalling,success,1,success_step1
silicon_melting_2,87,0.0,False,False,md,toolcalling,success,1,success_step1
silicon_melting_2,16,0.0,False,False,md,toolcalling,success,2,success_step2
silicon_melting_2,24,0.0,False,False,md,toolcalling,success,2,success_step2
silicon_melting_2,32,0.0,False,False,md,toolcalling,success,2,success_step2
silicon_melting_2,41,1.0,True,False,md,toolcalling,success,2,success_step2
silicon_melting_2,46,0.0,False,False,md,toolcalling,success,2,success_step2
silicon_melting_2,51,1.0,True,False,md,toolcalling,success,2,success_step2
silicon_melting_2,58,0.0,False,False,md,toolcalling,success,2,success_step2
silicon_melting_2,63,0.0,False,False,md,toolcalling,success,2,success_step2
silicon_melting_2,72,0.0,False,False,md,toolcalling,success,2,success_step2
silicon_melting_2,78,0.0,False,False,md,toolcalling,success,2,success_step2
silicon_melting_2,17,1.0,True,False,md,toolcalling,success,-1,success_stepn1
silicon_melting_2,25,1.0,True,False,md,toolcalling,success,-1,success_stepn1
silicon_melting_2,34,1.0,True,False,md,toolcalling,success,-1,success_stepn1
silicon_melting_2,42,1.0,True,False,md,toolcalling,success,-1,success_stepn1
silicon_melting_2,49,1.0,True,False,md,toolcalling,success,-1,success_stepn1
silicon_melting_2,54,1.0,True,False,md,toolcalling,success,-1,success_stepn1
silicon_melting_2,61,1.0,True,False,md,toolcalling,success,-1,success_stepn1
silicon_melting_2,68,1.0,True,False,md,toolcalling,success,-1,success_stepn1
silicon_melting_2,74,1.0,True,False,md,toolcalling,success,-1,success_stepn1
silicon_melting_2,80,1.0,True,False,md,toolcalling,success,-1,success_stepn1
silicon_melting_2,18,1.0,True,False,md,toolcalling,success,-2,success_stepn2
silicon_melting_2,27,1.0,True,False,md,toolcalling,success,-2,success_stepn2
silicon_melting_2,37,1.0,True,False,md,toolcalling,success,-2,success_stepn2
silicon_melting_2,45,1.0,True,False,md,toolcalling,success,-2,success_stepn2
silicon_melting_2,50,1.0,True,False,md,toolcalling,success,-2,success_stepn2
silicon_melting_2,57,1.0,True,False,md,toolcalling,success,-2,success_stepn2
silicon_melting_2,64,1.0,True,False,md,toolcalling,success,-2,success_stepn2
silicon_melting_2,71,1.0,True,False,md,toolcalling,success,-2,success_stepn2
silicon_melting_2,76,1.0,True,False,md,toolcalling,success,-2,success_stepn2
silicon_melting_2,82,1.0,True,False,md,toolcalling,success,-2,success_stepn2
aluminum_surface_energy_2,1,0.0,False,False,md_old,react,none,0,baseline
aluminum_surface_energy_2,2,0.0,False,False,md_old,react,none,0,baseline
aluminum_surface_energy_2,3,0.0,False,False,md_old,react,none,0,baseline
aluminum_surface_energy_2,4,0.0,False,False,md_old,react,none,0,baseline
aluminum_surface_energy_2,5,0.0,False,False,md_old,react,none,0,baseline
aluminum_surface_energy_2,6,0.0,False,False,md_old,react,none,0,baseline
aluminum_surface_energy_2,7,0.0,False,False,md_old,react,none,0,baseline
aluminum_surface_energy_2,8,0.0,False,False,md_old,react,none,0,baseline
aluminum_surface_energy_2,9,0.0,False,False,md_old,react,none,0,baseline
aluminum_surface_energy_2,10,0.0,False,False,md_old,react,none,0,baseline
aluminum_surface_energy_2,11,0.0,False,False,md_old,react,none,0,baseline
aluminum_surface_energy_2,12,0.0,False,False,md_old,react,none,0,baseline
aluminum_surface_energy_2,13,1.0,True,False,md_old,react,none,0,baseline
aluminum_surface_energy_2,14,0.0,False,False,md_old,react,none,0,baseline
aluminum_surface_energy_2,15,0.0,False,False,md_old,react,none,0,baseline
na2sio3_quenching_1,1,0.0,False,False,md_old,react,none,0,baseline
na2sio3_quenching_1,2,0.0,False,False,md_old,react,none,0,baseline
na2sio3_quenching_1,3,0.0,False,False,md_old,react,none,0,baseline
na2sio3_quenching_1,4,0.0,False,False,md_old,react,none,0,baseline
na2sio3_quenching_1,5,0.0,False,False,md_old,react,none,0,baseline
na2sio3_quenching_1,6,0.0,False,False,md_old,react,none,0,baseline
na2sio3_quenching_1,7,0.0,False,False,md_old,react,none,0,baseline
na2sio3_quenching_1,8,0.0,False,False,md_old,react,none,0,baseline
na2sio3_quenching_1,9,0.0,False,False,md_old,react,none,0,baseline
na2sio3_quenching_1,10,0.0,False,False,md_old,react,none,0,baseline
na2sio3_quenching_1,11,0.0,False,False,md_old,react,none,0,baseline
na2sio3_quenching_1,12,0.0,False,False,md_old,react,none,0,baseline
na2sio3_quenching_1,13,0.0,False,False,md_old,react,none,0,baseline
na2sio3_quenching_1,14,0.0,False,False,md_old,react,none,0,baseline
na2sio3_quenching_1,15,0.0,False,False,md_old,react,none,0,baseline
silicon_melting_2,1,0.0,False,False,md_old,react,none,0,baseline
silicon_melting_2,2,0.0,False,False,md_old,react,none,0,baseline
silicon_melting_2,3,0.0,False,False,md_old,react,none,0,baseline
silicon_melting_2,4,0.0,False,False,md_old,react,none,0,baseline
silicon_melting_2,5,0.0,False,False,md_old,react,none,0,baseline
silicon_melting_2,6,0.0,False,False,md_old,react,none,0,baseline
silicon_melting_2,7,0.0,False,False,md_old,react,none,0,baseline
silicon_melting_2,8,0.0,False,False,md_old,react,none,0,baseline
silicon_melting_2,9,0.0,False,False,md_old,react,none,0,baseline
silicon_melting_2,10,0.0,False,False,md_old,react,none,0,baseline
silicon_melting_2,11,0.0,False,False,md_old,react,none,0,baseline
silicon_melting_2,12,0.0,False,False,md_old,react,none,0,baseline
silicon_melting_2,13,0.0,False,False,md_old,react,none,0,baseline
silicon_melting_2,14,0.0,False,False,md_old,react,none,0,baseline
silicon_melting_2,15,0.0,False,False,md_old,react,none,0,baseline
ml_nitrides,106,1.0,True,False,ml,react,none,0,baseline
ml_nitrides,107,0.0,False,False,ml,react,none,0,baseline
ml_nitrides,108,1.0,True,False,ml,react,none,0,baseline
ml_nitrides,109,1.0,True,False,ml,react,none,0,baseline
ml_nitrides,110,0.0,False,False,ml,react,none,0,baseline
ml_nitrides,111,1.0,True,False,ml,react,none,0,baseline
ml_nitrides,112,1.0,True,False,ml,react,none,0,baseline
ml_nitrides,113,1.0,True,False,ml,react,none,0,baseline
ml_nitrides,114,1.0,True,False,ml,react,none,0,baseline
ml_nitrides,115,0.0,False,False,ml,react,none,0,baseline
ml_nitrides,116,1.0,True,False,ml,react,none,0,baseline
ml_nitrides,117,1.0,True,False,ml,react,none,0,baseline
ml_nitrides,118,1.0,True,False,ml,react,none,0,baseline
ml_nitrides,119,0.0,False,False,ml,react,none,0,baseline
ml_nitrides,120,1.0,True,False,ml,react,none,0,baseline
ml_nitrides,121,1.0,True,False,ml,react,none,0,baseline
ml_nitrides,122,1.0,True,False,ml,react,none,0,baseline
ml_nitrides,123,0.0,False,False,ml,react,none,0,baseline
ml_nitrides,124,1.0,True,False,ml,react,none,0,baseline
ml_nitrides,125,1.0,True,False,ml,react,none,0,baseline
ml_oxides,136,1.0,True,False,ml,react,none,0,baseline
ml_oxides,137,0.0,False,False,ml,react,none,0,baseline
ml_oxides,138,0.0,False,False,ml,react,none,0,baseline
ml_oxides,139,0.0,False,False,ml,react,none,0,baseline
ml_oxides,140,0.0,False,False,ml,react,none,0,baseline
ml_oxides,141,1.0,True,False,ml,react,none,0,baseline
ml_oxides,142,0.0,False,False,ml,react,none,0,baseline
ml_oxides,143,0.0,False,False,ml,react,none,0,baseline
ml_oxides,144,1.0,True,False,ml,react,none,0,baseline
ml_oxides,145,1.0,True,False,ml,react,none,0,baseline
ml_oxides,146,0.0,False,False,ml,react,none,0,baseline
ml_oxides,147,1.0,True,False,ml,react,none,0,baseline
ml_oxides,148,1.0,True,False,ml,react,none,0,baseline
ml_oxides,149,0.0,False,False,ml,react,none,0,baseline
ml_oxides,150,1.0,True,False,ml,react,none,0,baseline
ml_oxides,151,1.0,True,False,ml,react,none,0,baseline
ml_oxides,152,1.0,True,False,ml,react,none,0,baseline
ml_oxides,153,1.0,True,False,ml,react,none,0,baseline
ml_oxides,154,0.0,False,False,ml,react,none,0,baseline
ml_oxides,155,0.0,False,False,ml,react,none,0,baseline
ml_sulphides,106,1.0,True,False,ml,react,none,0,baseline
ml_sulphides,107,0.0,False,False,ml,react,none,0,baseline
ml_sulphides,108,1.0,True,False,ml,react,none,0,baseline
ml_sulphides,109,1.0,True,False,ml,react,none,0,baseline
ml_sulphides,110,0.0,False,False,ml,react,none,0,baseline
ml_sulphides,111,0.0,False,False,ml,react,none,0,baseline
ml_sulphides,112,1.0,True,False,ml,react,none,0,baseline
ml_sulphides,113,0.0,False,False,ml,react,none,0,baseline
ml_sulphides,114,1.0,True,False,ml,react,none,0,baseline
ml_sulphides,115,0.0,False,False,ml,react,none,0,baseline
ml_sulphides,116,1.0,True,False,ml,react,none,0,baseline
ml_sulphides,117,0.0,False,False,ml,react,none,0,baseline
ml_sulphides,118,0.0,False,False,ml,react,none,0,baseline
ml_sulphides,119,0.0,False,False,ml,react,none,0,baseline
ml_sulphides,120,0.0,False,False,ml,react,none,0,baseline
ml_sulphides,121,1.0,True,False,ml,react,none,0,baseline
ml_sulphides,122,0.0,False,False,ml,react,none,0,baseline
ml_sulphides,123,1.0,True,False,ml,react,none,0,baseline
ml_sulphides,124,0.0,False,False,ml,react,none,0,baseline
ml_sulphides,125,0.0,False,False,ml,react,none,0,baseline
ml_nitrides,133,1.0,True,False,ml,react,failed,1,failed_step1
ml_nitrides,158,0.0,False,False,ml,react,failed,1,failed_step1
ml_nitrides,173,1.0,True,False,ml,react,failed,1,failed_step1
ml_nitrides,193,0.0,False,False,ml,react,failed,1,failed_step1
ml_nitrides,215,0.0,False,False,ml,react,failed,1,failed_step1
ml_nitrides,227,0.0,False,False,ml,react,failed,1,failed_step1
ml_nitrides,232,0.0,False,False,ml,react,failed,1,failed_step1
ml_nitrides,237,1.0,True,False,ml,react,failed,1,failed_step1
ml_nitrides,243,0.0,False,False,ml,react,failed,1,failed_step1
ml_nitrides,250,0.0,False,False,ml,react,failed,1,failed_step1
ml_nitrides,256,0.0,False,False,ml,react,failed,1,failed_step1
ml_nitrides,263,0.0,False,False,ml,react,failed,1,failed_step1
ml_nitrides,268,1.0,True,False,ml,react,failed,1,failed_step1
ml_nitrides,271,0.0,False,False,ml,react,failed,1,failed_step1
ml_nitrides,275,0.0,False,False,ml,react,failed,1,failed_step1
ml_nitrides,277,0.0,False,False,ml,react,failed,1,failed_step1
ml_nitrides,280,0.0,False,False,ml,react,failed,1,failed_step1
ml_nitrides,283,0.0,False,False,ml,react,failed,1,failed_step1
ml_nitrides,284,0.0,False,False,ml,react,failed,1,failed_step1
ml_nitrides,285,0.0,False,False,ml,react,failed,1,failed_step1
ml_oxides,253,1.0,True,False,ml,react,failed,1,failed_step1
ml_oxides,264,0.0,False,False,ml,react,failed,1,failed_step1
ml_oxides,268,1.0,True,False,ml,react,failed,1,failed_step1
ml_oxides,273,0.0,False,False,ml,react,failed,1,failed_step1
ml_oxides,280,0.0,False,False,ml,react,failed,1,failed_step1
ml_oxides,282,1.0,True,False,ml,react,failed,1,failed_step1
ml_oxides,287,1.0,True,False,ml,react,failed,1,failed_step1
ml_oxides,290,0.0,False,False,ml,react,failed,1,failed_step1
ml_oxides,292,1.0,True,False,ml,react,failed,1,failed_step1
ml_oxides,296,1.0,True,False,ml,react,failed,1,failed_step1
ml_oxides,297,1.0,True,False,ml,react,failed,1,failed_step1
ml_oxides,299,1.0,True,False,ml,react,failed,1,failed_step1
ml_oxides,301,0.0,False,False,ml,react,failed,1,failed_step1
ml_oxides,303,0.0,False,False,ml,react,failed,1,failed_step1
ml_oxides,305,0.0,False,False,ml,react,failed,1,failed_step1
ml_oxides,307,0.0,False,False,ml,react,failed,1,failed_step1
ml_oxides,309,1.0,True,False,ml,react,failed,1,failed_step1
ml_oxides,312,0.0,False,False,ml,react,failed,1,failed_step1
ml_oxides,314,1.0,True,False,ml,react,failed,1,failed_step1
ml_oxides,315,1.0,True,False,ml,react,failed,1,failed_step1
ml_sulphides,244,0.0,False,False,ml,react,failed,1,failed_step1
ml_sulphides,247,0.0,False,False,ml,react,failed,1,failed_step1
ml_sulphides,251,1.0,True,False,ml,react,failed,1,failed_step1
ml_sulphides,254,1.0,True,False,ml,react,failed,1,failed_step1
ml_sulphides,256,1.0,True,False,ml,react,failed,1,failed_step1
ml_sulphides,258,0.0,False,False,ml,react,failed,1,failed_step1
ml_sulphides,260,1.0,True,False,ml,react,failed,1,failed_step1
ml_sulphides,262,0.0,False,False,ml,react,failed,1,failed_step1
ml_sulphides,264,1.0,True,False,ml,react,failed,1,failed_step1
ml_sulphides,266,1.0,True,False,ml,react,failed,1,failed_step1
ml_sulphides,267,1.0,True,False,ml,react,failed,1,failed_step1
ml_sulphides,269,1.0,True,False,ml,react,failed,1,failed_step1
ml_sulphides,272,0.0,False,False,ml,react,failed,1,failed_step1
ml_sulphides,274,1.0,True,False,ml,react,failed,1,failed_step1
ml_sulphides,276,1.0,True,False,ml,react,failed,1,failed_step1
ml_sulphides,279,0.0,False,False,ml,react,failed,1,failed_step1
ml_sulphides,281,1.0,True,False,ml,react,failed,1,failed_step1
ml_sulphides,283,0.0,False,False,ml,react,failed,1,failed_step1
ml_sulphides,284,1.0,True,False,ml,react,failed,1,failed_step1
ml_sulphides,285,0.0,False,False,ml,react,failed,1,failed_step1
ml_nitrides,141,0.0,False,False,ml,react,failed,2,failed_step2
ml_nitrides,163,0.0,False,False,ml,react,failed,2,failed_step2
ml_nitrides,187,0.0,False,False,ml,react,failed,2,failed_step2
ml_nitrides,212,0.0,False,False,ml,react,failed,2,failed_step2
ml_nitrides,225,1.0,True,False,ml,react,failed,2,failed_step2
ml_nitrides,236,0.0,False,False,ml,react,failed,2,failed_step2
ml_nitrides,242,0.0,False,False,ml,react,failed,2,failed_step2
ml_nitrides,245,0.0,False,False,ml,react,failed,2,failed_step2
ml_nitrides,249,1.0,True,False,ml,react,failed,2,failed_step2
ml_nitrides,253,1.0,True,False,ml,react,failed,2,failed_step2
ml_nitrides,258,0.0,False,False,ml,react,failed,2,failed_step2
ml_nitrides,261,0.0,False,False,ml,react,failed,2,failed_step2
ml_nitrides,265,1.0,True,False,ml,react,failed,2,failed_step2
ml_nitrides,270,1.0,True,False,ml,react,failed,2,failed_step2
ml_nitrides,273,0.0,False,False,ml,react,failed,2,failed_step2
ml_nitrides,276,1.0,True,False,ml,react,failed,2,failed_step2
ml_nitrides,278,1.0,True,False,ml,react,failed,2,failed_step2
ml_nitrides,279,0.0,False,False,ml,react,failed,2,failed_step2
ml_nitrides,281,1.0,True,False,ml,react,failed,2,failed_step2
ml_nitrides,282,1.0,True,False,ml,react,failed,2,failed_step2
ml_oxides,239,1.0,True,False,ml,react,failed,2,failed_step2
ml_oxides,245,1.0,True,False,ml,react,failed,2,failed_step2
ml_oxides,249,1.0,True,False,ml,react,failed,2,failed_step2
ml_oxides,255,0.0,False,False,ml,react,failed,2,failed_step2
ml_oxides,272,1.0,True,False,ml,react,failed,2,failed_step2
ml_oxides,276,1.0,True,False,ml,react,failed,2,failed_step2
ml_oxides,278,1.0,True,False,ml,react,failed,2,failed_step2
ml_oxides,284,1.0,True,False,ml,react,failed,2,failed_step2
ml_oxides,288,1.0,True,False,ml,react,failed,2,failed_step2
ml_oxides,291,1.0,True,False,ml,react,failed,2,failed_step2
ml_oxides,295,1.0,True,False,ml,react,failed,2,failed_step2
ml_oxides,298,1.0,True,False,ml,react,failed,2,failed_step2
ml_oxides,300,1.0,True,False,ml,react,failed,2,failed_step2
ml_oxides,302,0.0,False,False,ml,react,failed,2,failed_step2
ml_oxides,304,1.0,True,False,ml,react,failed,2,failed_step2
ml_oxides,306,0.0,False,False,ml,react,failed,2,failed_step2
ml_oxides,308,0.0,False,False,ml,react,failed,2,failed_step2
ml_oxides,310,1.0,True,False,ml,react,failed,2,failed_step2
ml_oxides,311,0.0,False,False,ml,react,failed,2,failed_step2
ml_oxides,313,0.0,False,False,ml,react,failed,2,failed_step2
ml_sulphides,238,1.0,True,False,ml,react,failed,2,failed_step2
ml_sulphides,241,0.0,False,False,ml,react,failed,2,failed_step2
ml_sulphides,246,0.0,False,False,ml,react,failed,2,failed_step2
ml_sulphides,249,0.0,False,False,ml,react,failed,2,failed_step2
ml_sulphides,253,1.0,True,False,ml,react,failed,2,failed_step2
ml_sulphides,255,1.0,True,False,ml,react,failed,2,failed_step2
ml_sulphides,257,0.0,False,False,ml,react,failed,2,failed_step2
ml_sulphides,259,1.0,True,False,ml,react,failed,2,failed_step2
ml_sulphides,261,0.0,False,False,ml,react,failed,2,failed_step2
ml_sulphides,263,1.0,True,False,ml,react,failed,2,failed_step2
ml_sulphides,265,1.0,True,False,ml,react,failed,2,failed_step2
ml_sulphides,268,0.0,False,False,ml,react,failed,2,failed_step2
ml_sulphides,270,1.0,True,False,ml,react,failed,2,failed_step2
ml_sulphides,271,0.0,False,False,ml,react,failed,2,failed_step2
ml_sulphides,273,0.0,False,False,ml,react,failed,2,failed_step2
ml_sulphides,275,1.0,True,False,ml,react,failed,2,failed_step2
ml_sulphides,277,1.0,True,False,ml,react,failed,2,failed_step2
ml_sulphides,278,1.0,True,False,ml,react,failed,2,failed_step2
ml_sulphides,280,0.0,False,False,ml,react,failed,2,failed_step2
ml_sulphides,282,0.0,False,False,ml,react,failed,2,failed_step2
ml_nitrides,126,1.0,True,False,ml,react,failed,-1,failed_stepn1
ml_nitrides,129,1.0,True,False,ml,react,failed,-1,failed_stepn1
ml_nitrides,132,1.0,True,False,ml,react,failed,-1,failed_stepn1
ml_nitrides,139,0.0,False,False,ml,react,failed,-1,failed_stepn1
ml_nitrides,143,1.0,True,False,ml,react,failed,-1,failed_stepn1
ml_nitrides,146,1.0,True,False,ml,react,failed,-1,failed_stepn1
ml_nitrides,152,1.0,True,False,ml,react,failed,-1,failed_stepn1
ml_nitrides,157,1.0,True,False,ml,react,failed,-1,failed_stepn1
ml_nitrides,161,1.0,True,False,ml,react,failed,-1,failed_stepn1
ml_nitrides,165,0.0,False,False,ml,react,failed,-1,failed_stepn1
ml_nitrides,172,1.0,True,False,ml,react,failed,-1,failed_stepn1
ml_nitrides,185,1.0,True,False,ml,react,failed,-1,failed_stepn1
ml_nitrides,191,0.0,False,False,ml,react,failed,-1,failed_stepn1
ml_nitrides,199,1.0,True,False,ml,react,failed,-1,failed_stepn1
ml_nitrides,204,1.0,True,False,ml,react,failed,-1,failed_stepn1
ml_nitrides,209,0.0,False,False,ml,react,failed,-1,failed_stepn1
ml_nitrides,211,1.0,True,False,ml,react,failed,-1,failed_stepn1
ml_nitrides,214,1.0,True,False,ml,react,failed,-1,failed_stepn1
ml_nitrides,218,1.0,True,False,ml,react,failed,-1,failed_stepn1
ml_nitrides,220,1.0,True,False,ml,react,failed,-1,failed_stepn1
ml_oxides,161,1.0,True,False,ml,react,failed,-1,failed_stepn1
ml_oxides,174,0.0,False,False,ml,react,failed,-1,failed_stepn1
ml_oxides,185,0.0,False,False,ml,react,failed,-1,failed_stepn1
ml_oxides,199,0.0,False,False,ml,react,failed,-1,failed_stepn1
ml_oxides,202,1.0,True,False,ml,react,failed,-1,failed_stepn1
ml_oxides,204,1.0,True,False,ml,react,failed,-1,failed_stepn1
ml_oxides,207,0.0,False,False,ml,react,failed,-1,failed_stepn1
ml_oxides,209,1.0,True,False,ml,react,failed,-1,failed_stepn1
ml_oxides,210,1.0,True,False,ml,react,failed,-1,failed_stepn1
ml_oxides,216,0.0,False,False,ml,react,failed,-1,failed_stepn1
ml_oxides,220,0.0,False,False,ml,react,failed,-1,failed_stepn1
ml_oxides,224,0.0,False,False,ml,react,failed,-1,failed_stepn1
ml_oxides,229,1.0,True,False,ml,react,failed,-1,failed_stepn1
ml_oxides,235,0.0,False,False,ml,react,failed,-1,failed_stepn1
ml_oxides,237,1.0,True,False,ml,react,failed,-1,failed_stepn1
ml_oxides,243,0.0,False,False,ml,react,failed,-1,failed_stepn1
ml_oxides,250,0.0,False,False,ml,react,failed,-1,failed_stepn1
ml_oxides,254,0.0,False,False,ml,react,failed,-1,failed_stepn1
ml_oxides,258,0.0,False,False,ml,react,failed,-1,failed_stepn1
ml_oxides,267,0.0,False,False,ml,react,failed,-1,failed_stepn1
ml_sulphides,167,0.0,False,False,ml,react,failed,-1,failed_stepn1
ml_sulphides,169,0.0,False,False,ml,react,failed,-1,failed_stepn1
ml_sulphides,171,0.0,False,False,ml,react,failed,-1,failed_stepn1
ml_sulphides,175,0.0,False,False,ml,react,failed,-1,failed_stepn1
ml_sulphides,176,1.0,True,False,ml,react,failed,-1,failed_stepn1
ml_sulphides,179,1.0,True,False,ml,react,failed,-1,failed_stepn1
ml_sulphides,180,1.0,True,False,ml,react,failed,-1,failed_stepn1
ml_sulphides,182,0.0,False,False,ml,react,failed,-1,failed_stepn1
ml_sulphides,186,1.0,True,False,ml,react,failed,-1,failed_stepn1
ml_sulphides,188,1.0,True,False,ml,react,failed,-1,failed_stepn1
ml_sulphides,193,0.0,False,False,ml,react,failed,-1,failed_stepn1
ml_sulphides,194,1.0,True,False,ml,react,failed,-1,failed_stepn1
ml_sulphides,199,0.0,False,False,ml,react,failed,-1,failed_stepn1
ml_sulphides,204,1.0,True,False,ml,react,failed,-1,failed_stepn1
ml_sulphides,206,0.0,False,False,ml,react,failed,-1,failed_stepn1
ml_sulphides,212,1.0,True,False,ml,react,failed,-1,failed_stepn1
ml_sulphides,217,1.0,True,False,ml,react,failed,-1,failed_stepn1
ml_sulphides,218,0.0,False,False,ml,react,failed,-1,failed_stepn1
ml_sulphides,221,1.0,True,False,ml,react,failed,-1,failed_stepn1
ml_sulphides,224,0.0,False,False,ml,react,failed,-1,failed_stepn1
ml_nitrides,134,1.0,True,False,ml,react,failed,-2,failed_stepn2
ml_nitrides,142,0.0,False,False,ml,react,failed,-2,failed_stepn2
ml_nitrides,145,1.0,True,False,ml,react,failed,-2,failed_stepn2
ml_nitrides,149,1.0,True,False,ml,react,failed,-2,failed_stepn2
ml_nitrides,156,1.0,True,False,ml,react,failed,-2,failed_stepn2
ml_nitrides,164,1.0,True,False,ml,react,failed,-2,failed_stepn2
ml_nitrides,168,0.0,False,False,ml,react,failed,-2,failed_stepn2
ml_nitrides,175,1.0,True,False,ml,react,failed,-2,failed_stepn2
ml_nitrides,182,1.0,True,False,ml,react,failed,-2,failed_stepn2
ml_nitrides,186,1.0,True,False,ml,react,failed,-2,failed_stepn2
ml_nitrides,194,1.0,True,False,ml,react,failed,-2,failed_stepn2
ml_nitrides,198,1.0,True,False,ml,react,failed,-2,failed_stepn2
ml_nitrides,203,1.0,True,False,ml,react,failed,-2,failed_stepn2
ml_nitrides,224,0.0,False,False,ml,react,failed,-2,failed_stepn2
ml_nitrides,226,0.0,False,False,ml,react,failed,-2,failed_stepn2
ml_nitrides,228,1.0,True,False,ml,react,failed,-2,failed_stepn2
ml_nitrides,231,1.0,True,False,ml,react,failed,-2,failed_stepn2
ml_nitrides,233,1.0,True,False,ml,react,failed,-2,failed_stepn2
ml_nitrides,235,1.0,True,False,ml,react,failed,-2,failed_stepn2
ml_nitrides,238,1.0,True,False,ml,react,failed,-2,failed_stepn2
ml_oxides,190,0.0,False,False,ml,react,failed,-2,failed_stepn2
ml_oxides,195,0.0,False,False,ml,react,failed,-2,failed_stepn2
ml_oxides,203,0.0,False,False,ml,react,failed,-2,failed_stepn2
ml_oxides,205,0.0,False,False,ml,react,failed,-2,failed_stepn2
ml_oxides,206,1.0,True,False,ml,react,failed,-2,failed_stepn2
ml_oxides,212,0.0,False,False,ml,react,failed,-2,failed_stepn2
ml_oxides,215,0.0,False,False,ml,react,failed,-2,failed_stepn2
ml_oxides,219,0.0,False,False,ml,react,failed,-2,failed_stepn2
ml_oxides,223,1.0,True,False,ml,react,failed,-2,failed_stepn2
ml_oxides,227,0.0,False,False,ml,react,failed,-2,failed_stepn2
ml_oxides,228,1.0,True,False,ml,react,failed,-2,failed_stepn2
ml_oxides,230,0.0,False,False,ml,react,failed,-2,failed_stepn2
ml_oxides,234,0.0,False,False,ml,react,failed,-2,failed_stepn2
ml_oxides,242,0.0,False,False,ml,react,failed,-2,failed_stepn2
ml_oxides,246,1.0,True,False,ml,react,failed,-2,failed_stepn2
ml_oxides,248,1.0,True,False,ml,react,failed,-2,failed_stepn2
ml_oxides,256,1.0,True,False,ml,react,failed,-2,failed_stepn2
ml_oxides,260,0.0,False,False,ml,react,failed,-2,failed_stepn2
ml_oxides,263,1.0,True,False,ml,react,failed,-2,failed_stepn2
ml_oxides,265,1.0,True,False,ml,react,failed,-2,failed_stepn2
ml_sulphides,166,0.0,False,False,ml,react,failed,-2,failed_stepn2
ml_sulphides,168,0.0,False,False,ml,react,failed,-2,failed_stepn2
ml_sulphides,170,0.0,False,False,ml,react,failed,-2,failed_stepn2
ml_sulphides,172,1.0,True,False,ml,react,failed,-2,failed_stepn2
ml_sulphides,173,0.0,False,False,ml,react,failed,-2,failed_stepn2
ml_sulphides,174,0.0,False,False,ml,react,failed,-2,failed_stepn2
ml_sulphides,177,0.0,False,False,ml,react,failed,-2,failed_stepn2
ml_sulphides,181,0.0,False,False,ml,react,failed,-2,failed_stepn2
ml_sulphides,185,0.0,False,False,ml,react,failed,-2,failed_stepn2
ml_sulphides,191,0.0,False,False,ml,react,failed,-2,failed_stepn2
ml_sulphides,196,0.0,False,False,ml,react,failed,-2,failed_stepn2
ml_sulphides,200,1.0,True,False,ml,react,failed,-2,failed_stepn2
ml_sulphides,207,0.0,False,False,ml,react,failed,-2,failed_stepn2
ml_sulphides,210,1.0,True,False,ml,react,failed,-2,failed_stepn2
ml_sulphides,214,1.0,True,False,ml,react,failed,-2,failed_stepn2
ml_sulphides,222,1.0,True,False,ml,react,failed,-2,failed_stepn2
ml_sulphides,226,0.0,False,False,ml,react,failed,-2,failed_stepn2
ml_sulphides,229,0.0,False,False,ml,react,failed,-2,failed_stepn2
ml_sulphides,233,0.0,False,False,ml,react,failed,-2,failed_stepn2
ml_sulphides,235,1.0,True,False,ml,react,failed,-2,failed_stepn2
ml_nitrides,137,0.0,False,False,ml,react,success,1,success_step1
ml_nitrides,154,1.0,True,False,ml,react,success,1,success_step1
ml_nitrides,169,1.0,True,False,ml,react,success,1,success_step1
ml_nitrides,181,1.0,True,False,ml,react,success,1,success_step1
ml_nitrides,195,0.0,False,False,ml,react,success,1,success_step1
ml_nitrides,206,1.0,True,False,ml,react,success,1,success_step1
ml_nitrides,216,1.0,True,False,ml,react,success,1,success_step1
ml_nitrides,222,1.0,True,False,ml,react,success,1,success_step1
ml_nitrides,230,0.0,False,False,ml,react,success,1,success_step1
ml_nitrides,240,0.0,False,False,ml,react,success,1,success_step1
ml_nitrides,246,0.0,False,False,ml,react,success,1,success_step1
ml_nitrides,248,1.0,True,False,ml,react,success,1,success_step1
ml_nitrides,252,1.0,True,False,ml,react,success,1,success_step1
ml_nitrides,255,1.0,True,False,ml,react,success,1,success_step1
ml_nitrides,260,0.0,False,False,ml,react,success,1,success_step1
ml_nitrides,262,1.0,True,False,ml,react,success,1,success_step1
ml_nitrides,267,1.0,True,False,ml,react,success,1,success_step1
ml_nitrides,269,1.0,True,False,ml,react,success,1,success_step1
ml_nitrides,272,0.0,False,False,ml,react,success,1,success_step1
ml_nitrides,274,1.0,True,False,ml,react,success,1,success_step1
ml_oxides,218,1.0,True,False,ml,react,success,1,success_step1
ml_oxides,221,1.0,True,False,ml,react,success,1,success_step1
ml_oxides,225,1.0,True,False,ml,react,success,1,success_step1
ml_oxides,231,0.0,False,False,ml,react,success,1,success_step1
ml_oxides,233,1.0,True,False,ml,react,success,1,success_step1
ml_oxides,238,1.0,True,False,ml,react,success,1,success_step1
ml_oxides,241,1.0,True,False,ml,react,success,1,success_step1
ml_oxides,247,1.0,True,False,ml,react,success,1,success_step1
ml_oxides,251,1.0,True,False,ml,react,success,1,success_step1
ml_oxides,252,1.0,True,False,ml,react,success,1,success_step1
ml_oxides,259,1.0,True,False,ml,react,success,1,success_step1
ml_oxides,262,1.0,True,False,ml,react,success,1,success_step1
ml_oxides,270,1.0,True,False,ml,react,success,1,success_step1
ml_oxides,274,1.0,True,False,ml,react,success,1,success_step1
ml_oxides,279,1.0,True,False,ml,react,success,1,success_step1
ml_oxides,283,1.0,True,False,ml,react,success,1,success_step1
ml_oxides,286,1.0,True,False,ml,react,success,1,success_step1
ml_oxides,289,0.0,False,False,ml,react,success,1,success_step1
ml_oxides,293,1.0,True,False,ml,react,success,1,success_step1
ml_oxides,294,1.0,True,False,ml,react,success,1,success_step1
ml_sulphides,190,1.0,True,False,ml,react,success,1,success_step1
ml_sulphides,195,1.0,True,False,ml,react,success,1,success_step1
ml_sulphides,198,1.0,True,False,ml,react,success,1,success_step1
ml_sulphides,203,1.0,True,False,ml,react,success,1,success_step1
ml_sulphides,205,1.0,True,False,ml,react,success,1,success_step1
ml_sulphides,209,1.0,True,False,ml,react,success,1,success_step1
ml_sulphides,211,1.0,True,False,ml,react,success,1,success_step1
ml_sulphides,215,1.0,True,False,ml,react,success,1,success_step1
ml_sulphides,219,1.0,True,False,ml,react,success,1,success_step1
ml_sulphides,225,0.0,False,False,ml,react,success,1,success_step1
ml_sulphides,227,1.0,True,False,ml,react,success,1,success_step1
ml_sulphides,230,0.0,False,False,ml,react,success,1,success_step1
ml_sulphides,232,1.0,True,False,ml,react,success,1,success_step1
ml_sulphides,236,1.0,True,False,ml,react,success,1,success_step1
ml_sulphides,239,1.0,True,False,ml,react,success,1,success_step1
ml_sulphides,243,0.0,False,False,ml,react,success,1,success_step1
ml_sulphides,245,1.0,True,False,ml,react,success,1,success_step1
ml_sulphides,248,0.0,False,False,ml,react,success,1,success_step1
ml_sulphides,250,1.0,True,False,ml,react,success,1,success_step1
ml_sulphides,252,1.0,True,False,ml,react,success,1,success_step1
ml_nitrides,135,1.0,True,False,ml,react,success,2,success_step2
ml_nitrides,150,1.0,True,False,ml,react,success,2,success_step2
ml_nitrides,162,1.0,True,False,ml,react,success,2,success_step2
ml_nitrides,177,1.0,True,False,ml,react,success,2,success_step2
ml_nitrides,190,0.0,False,False,ml,react,success,2,success_step2
ml_nitrides,202,1.0,True,False,ml,react,success,2,success_step2
ml_nitrides,219,0.0,False,False,ml,react,success,2,success_step2
ml_nitrides,223,1.0,True,False,ml,react,success,2,success_step2
ml_nitrides,229,1.0,True,False,ml,react,success,2,success_step2
ml_nitrides,234,1.0,True,False,ml,react,success,2,success_step2
ml_nitrides,239,1.0,True,False,ml,react,success,2,success_step2
ml_nitrides,241,1.0,True,False,ml,react,success,2,success_step2
ml_nitrides,244,1.0,True,False,ml,react,success,2,success_step2
ml_nitrides,247,1.0,True,False,ml,react,success,2,success_step2
ml_nitrides,251,1.0,True,False,ml,react,success,2,success_step2
ml_nitrides,254,1.0,True,False,ml,react,success,2,success_step2
ml_nitrides,257,1.0,True,False,ml,react,success,2,success_step2
ml_nitrides,259,1.0,True,False,ml,react,success,2,success_step2
ml_nitrides,264,1.0,True,False,ml,react,success,2,success_step2
ml_nitrides,266,1.0,True,False,ml,react,success,2,success_step2
ml_oxides,208,1.0,True,False,ml,react,success,2,success_step2
ml_oxides,211,1.0,True,False,ml,react,success,2,success_step2
ml_oxides,213,1.0,True,False,ml,react,success,2,success_step2
ml_oxides,214,1.0,True,False,ml,react,success,2,success_step2
ml_oxides,217,1.0,True,False,ml,react,success,2,success_step2
ml_oxides,222,1.0,True,False,ml,react,success,2,success_step2
ml_oxides,226,1.0,True,False,ml,react,success,2,success_step2
ml_oxides,232,1.0,True,False,ml,react,success,2,success_step2
ml_oxides,236,1.0,True,False,ml,react,success,2,success_step2
ml_oxides,240,1.0,True,False,ml,react,success,2,success_step2
ml_oxides,244,0.0,False,False,ml,react,success,2,success_step2
ml_oxides,257,0.0,False,False,ml,react,success,2,success_step2
ml_oxides,261,1.0,True,False,ml,react,success,2,success_step2
ml_oxides,266,1.0,True,False,ml,react,success,2,success_step2
ml_oxides,269,1.0,True,False,ml,react,success,2,success_step2
ml_oxides,271,1.0,True,False,ml,react,success,2,success_step2
ml_oxides,275,1.0,True,False,ml,react,success,2,success_step2
ml_oxides,277,0.0,False,False,ml,react,success,2,success_step2
ml_oxides,281,0.0,False,False,ml,react,success,2,success_step2
ml_oxides,285,1.0,True,False,ml,react,success,2,success_step2
ml_sulphides,178,1.0,True,False,ml,react,success,2,success_step2
ml_sulphides,183,0.0,False,False,ml,react,success,2,success_step2
ml_sulphides,184,1.0,True,False,ml,react,success,2,success_step2
ml_sulphides,187,1.0,True,False,ml,react,success,2,success_step2
ml_sulphides,189,1.0,True,False,ml,react,success,2,success_step2
ml_sulphides,192,1.0,True,False,ml,react,success,2,success_step2
ml_sulphides,197,1.0,True,False,ml,react,success,2,success_step2
ml_sulphides,201,1.0,True,False,ml,react,success,2,success_step2
ml_sulphides,202,1.0,True,False,ml,react,success,2,success_step2
ml_sulphides,208,0.0,False,False,ml,react,success,2,success_step2
ml_sulphides,213,1.0,True,False,ml,react,success,2,success_step2
ml_sulphides,216,1.0,True,False,ml,react,success,2,success_step2
ml_sulphides,220,1.0,True,False,ml,react,success,2,success_step2
ml_sulphides,223,1.0,True,False,ml,react,success,2,success_step2
ml_sulphides,228,0.0,False,False,ml,react,success,2,success_step2
ml_sulphides,231,1.0,True,False,ml,react,success,2,success_step2
ml_sulphides,234,1.0,True,False,ml,react,success,2,success_step2
ml_sulphides,237,1.0,True,False,ml,react,success,2,success_step2
ml_sulphides,240,1.0,True,False,ml,react,success,2,success_step2
ml_sulphides,242,1.0,True,False,ml,react,success,2,success_step2
ml_nitrides,127,1.0,True,False,ml,react,success,-1,success_stepn1
ml_nitrides,131,1.0,True,False,ml,react,success,-1,success_stepn1
ml_nitrides,136,1.0,True,False,ml,react,success,-1,success_stepn1
ml_nitrides,140,0.0,False,False,ml,react,success,-1,success_stepn1
ml_nitrides,147,1.0,True,False,ml,react,success,-1,success_stepn1
ml_nitrides,151,1.0,True,False,ml,react,success,-1,success_stepn1
ml_nitrides,155,1.0,True,False,ml,react,success,-1,success_stepn1
ml_nitrides,159,1.0,True,False,ml,react,success,-1,success_stepn1
ml_nitrides,167,0.0,False,False,ml,react,success,-1,success_stepn1
ml_nitrides,170,0.0,False,False,ml,react,success,-1,success_stepn1
ml_nitrides,174,1.0,True,False,ml,react,success,-1,success_stepn1
ml_nitrides,178,1.0,True,False,ml,react,success,-1,success_stepn1
ml_nitrides,180,1.0,True,False,ml,react,success,-1,success_stepn1
ml_nitrides,184,1.0,True,False,ml,react,success,-1,success_stepn1
ml_nitrides,189,1.0,True,False,ml,react,success,-1,success_stepn1
ml_nitrides,192,0.0,False,False,ml,react,success,-1,success_stepn1
ml_nitrides,197,1.0,True,False,ml,react,success,-1,success_stepn1
ml_nitrides,200,1.0,True,False,ml,react,success,-1,success_stepn1
ml_nitrides,205,1.0,True,False,ml,react,success,-1,success_stepn1
ml_nitrides,208,0.0,False,False,ml,react,success,-1,success_stepn1
ml_oxides,156,1.0,True,False,ml,react,success,-1,success_stepn1
ml_oxides,157,1.0,True,False,ml,react,success,-1,success_stepn1
ml_oxides,158,1.0,True,False,ml,react,success,-1,success_stepn1
ml_oxides,159,1.0,True,False,ml,react,success,-1,success_stepn1
ml_oxides,160,1.0,True,False,ml,react,success,-1,success_stepn1
ml_oxides,163,1.0,True,False,ml,react,success,-1,success_stepn1
ml_oxides,165,1.0,True,False,ml,react,success,-1,success_stepn1
ml_oxides,167,0.0,False,False,ml,react,success,-1,success_stepn1
ml_oxides,169,1.0,True,False,ml,react,success,-1,success_stepn1
ml_oxides,170,0.0,False,False,ml,react,success,-1,success_stepn1
ml_oxides,172,1.0,True,False,ml,react,success,-1,success_stepn1
ml_oxides,176,1.0,True,False,ml,react,success,-1,success_stepn1
ml_oxides,177,1.0,True,False,ml,react,success,-1,success_stepn1
ml_oxides,179,1.0,True,False,ml,react,success,-1,success_stepn1
ml_oxides,180,1.0,True,False,ml,react,success,-1,success_stepn1
ml_oxides,182,1.0,True,False,ml,react,success,-1,success_stepn1
ml_oxides,183,1.0,True,False,ml,react,success,-1,success_stepn1
ml_oxides,186,1.0,True,False,ml,react,success,-1,success_stepn1
ml_oxides,188,1.0,True,False,ml,react,success,-1,success_stepn1
ml_oxides,189,1.0,True,False,ml,react,success,-1,success_stepn1
ml_sulphides,126,1.0,True,False,ml,react,success,-1,success_stepn1
ml_sulphides,127,0.0,False,False,ml,react,success,-1,success_stepn1
ml_sulphides,128,1.0,True,False,ml,react,success,-1,success_stepn1
ml_sulphides,129,1.0,True,False,ml,react,success,-1,success_stepn1
ml_sulphides,130,1.0,True,False,ml,react,success,-1,success_stepn1
ml_sulphides,131,1.0,True,False,ml,react,success,-1,success_stepn1
ml_sulphides,132,1.0,True,False,ml,react,success,-1,success_stepn1
ml_sulphides,133,1.0,True,False,ml,react,success,-1,success_stepn1
ml_sulphides,134,1.0,True,False,ml,react,success,-1,success_stepn1
ml_sulphides,135,1.0,True,False,ml,react,success,-1,success_stepn1
ml_sulphides,136,1.0,True,False,ml,react,success,-1,success_stepn1
ml_sulphides,137,1.0,True,False,ml,react,success,-1,success_stepn1
ml_sulphides,138,1.0,True,False,ml,react,success,-1,success_stepn1
ml_sulphides,139,1.0,True,False,ml,react,success,-1,success_stepn1
ml_sulphides,141,1.0,True,False,ml,react,success,-1,success_stepn1
ml_sulphides,143,1.0,True,False,ml,react,success,-1,success_stepn1
ml_sulphides,145,1.0,True,False,ml,react,success,-1,success_stepn1
ml_sulphides,147,1.0,True,False,ml,react,success,-1,success_stepn1
ml_sulphides,149,1.0,True,False,ml,react,success,-1,success_stepn1
ml_sulphides,150,1.0,True,False,ml,react,success,-1,success_stepn1
ml_nitrides,128,1.0,True,False,ml,react,success,-2,success_stepn2
ml_nitrides,130,1.0,True,False,ml,react,success,-2,success_stepn2
ml_nitrides,138,0.0,False,False,ml,react,success,-2,success_stepn2
ml_nitrides,144,1.0,True,False,ml,react,success,-2,success_stepn2
ml_nitrides,148,1.0,True,False,ml,react,success,-2,success_stepn2
ml_nitrides,153,1.0,True,False,ml,react,success,-2,success_stepn2
ml_nitrides,160,1.0,True,False,ml,react,success,-2,success_stepn2
ml_nitrides,166,0.0,False,False,ml,react,success,-2,success_stepn2
ml_nitrides,171,0.0,False,False,ml,react,success,-2,success_stepn2
ml_nitrides,176,1.0,True,False,ml,react,success,-2,success_stepn2
ml_nitrides,179,1.0,True,False,ml,react,success,-2,success_stepn2
ml_nitrides,183,1.0,True,False,ml,react,success,-2,success_stepn2
ml_nitrides,188,1.0,True,False,ml,react,success,-2,success_stepn2
ml_nitrides,196,1.0,True,False,ml,react,success,-2,success_stepn2
ml_nitrides,201,1.0,True,False,ml,react,success,-2,success_stepn2
ml_nitrides,207,1.0,True,False,ml,react,success,-2,success_stepn2
ml_nitrides,210,1.0,True,False,ml,react,success,-2,success_stepn2
ml_nitrides,213,1.0,True,False,ml,react,success,-2,success_stepn2
ml_nitrides,217,1.0,True,False,ml,react,success,-2,success_stepn2
ml_nitrides,221,1.0,True,False,ml,react,success,-2,success_stepn2
ml_oxides,162,1.0,True,False,ml,react,success,-2,success_stepn2
ml_oxides,164,1.0,True,False,ml,react,success,-2,success_stepn2
ml_oxides,166,0.0,False,False,ml,react,success,-2,success_stepn2
ml_oxides,168,1.0,True,False,ml,react,success,-2,success_stepn2
ml_oxides,171,0.0,False,False,ml,react,success,-2,success_stepn2
ml_oxides,173,1.0,True,False,ml,react,success,-2,success_stepn2
ml_oxides,175,1.0,True,False,ml,react,success,-2,success_stepn2
ml_oxides,178,1.0,True,False,ml,react,success,-2,success_stepn2
ml_oxides,181,1.0,True,False,ml,react,success,-2,success_stepn2
ml_oxides,184,1.0,True,False,ml,react,success,-2,success_stepn2
ml_oxides,187,1.0,True,False,ml,react,success,-2,success_stepn2
ml_oxides,191,0.0,False,False,ml,react,success,-2,success_stepn2
ml_oxides,192,1.0,True,False,ml,react,success,-2,success_stepn2
ml_oxides,193,1.0,True,False,ml,react,success,-2,success_stepn2
ml_oxides,194,1.0,True,False,ml,react,success,-2,success_stepn2
ml_oxides,196,1.0,True,False,ml,react,success,-2,success_stepn2
ml_oxides,197,1.0,True,False,ml,react,success,-2,success_stepn2
ml_oxides,198,1.0,True,False,ml,react,success,-2,success_stepn2
ml_oxides,200,1.0,True,False,ml,react,success,-2,success_stepn2
ml_oxides,201,1.0,True,False,ml,react,success,-2,success_stepn2
ml_sulphides,140,1.0,True,False,ml,react,success,-2,success_stepn2
ml_sulphides,142,1.0,True,False,ml,react,success,-2,success_stepn2
ml_sulphides,144,1.0,True,False,ml,react,success,-2,success_stepn2
ml_sulphides,146,1.0,True,False,ml,react,success,-2,success_stepn2
ml_sulphides,148,1.0,True,False,ml,react,success,-2,success_stepn2
ml_sulphides,151,1.0,True,False,ml,react,success,-2,success_stepn2
ml_sulphides,152,1.0,True,False,ml,react,success,-2,success_stepn2
ml_sulphides,153,1.0,True,False,ml,react,success,-2,success_stepn2
ml_sulphides,154,1.0,True,False,ml,react,success,-2,success_stepn2
ml_sulphides,155,1.0,True,False,ml,react,success,-2,success_stepn2
ml_sulphides,156,1.0,True,False,ml,react,success,-2,success_stepn2
ml_sulphides,157,1.0,True,False,ml,react,success,-2,success_stepn2
ml_sulphides,158,1.0,True,False,ml,react,success,-2,success_stepn2
ml_sulphides,159,1.0,True,False,ml,react,success,-2,success_stepn2
ml_sulphides,160,1.0,True,False,ml,react,success,-2,success_stepn2
ml_sulphides,161,1.0,True,False,ml,react,success,-2,success_stepn2
ml_sulphides,162,1.0,True,False,ml,react,success,-2,success_stepn2
ml_sulphides,163,1.0,True,False,ml,react,success,-2,success_stepn2
ml_sulphides,164,1.0,True,False,ml,react,success,-2,success_stepn2
ml_sulphides,165,1.0,True,False,ml,react,success,-2,success_stepn2
ml_nitrides,106,1.0,True,False,ml,toolcalling,none,0,baseline
ml_nitrides,107,1.0,True,False,ml,toolcalling,none,0,baseline
ml_nitrides,108,1.0,True,False,ml,toolcalling,none,0,baseline
ml_nitrides,109,0.0,False,False,ml,toolcalling,none,0,baseline
ml_nitrides,110,1.0,True,False,ml,toolcalling,none,0,baseline
ml_nitrides,111,1.0,True,False,ml,toolcalling,none,0,baseline
ml_nitrides,112,0.0,False,False,ml,toolcalling,none,0,baseline
ml_nitrides,113,1.0,True,False,ml,toolcalling,none,0,baseline
ml_nitrides,114,1.0,True,False,ml,toolcalling,none,0,baseline
ml_nitrides,115,1.0,True,False,ml,toolcalling,none,0,baseline
ml_nitrides,116,1.0,True,False,ml,toolcalling,none,0,baseline
ml_nitrides,117,1.0,True,False,ml,toolcalling,none,0,baseline
ml_nitrides,118,1.0,True,False,ml,toolcalling,none,0,baseline
ml_nitrides,119,1.0,True,False,ml,toolcalling,none,0,baseline
ml_nitrides,120,1.0,True,False,ml,toolcalling,none,0,baseline
ml_nitrides,121,1.0,True,False,ml,toolcalling,none,0,baseline
ml_nitrides,122,1.0,True,False,ml,toolcalling,none,0,baseline
ml_nitrides,123,1.0,True,False,ml,toolcalling,none,0,baseline
ml_nitrides,124,0.0,False,False,ml,toolcalling,none,0,baseline
ml_nitrides,125,1.0,True,False,ml,toolcalling,none,0,baseline
ml_oxides,46,1.0,True,False,ml,toolcalling,none,0,baseline
ml_oxides,47,1.0,True,False,ml,toolcalling,none,0,baseline
ml_oxides,48,1.0,True,False,ml,toolcalling,none,0,baseline
ml_oxides,49,0.0,False,False,ml,toolcalling,none,0,baseline
ml_oxides,50,1.0,True,False,ml,toolcalling,none,0,baseline
ml_oxides,51,1.0,True,False,ml,toolcalling,none,0,baseline
ml_oxides,52,1.0,True,False,ml,toolcalling,none,0,baseline
ml_oxides,53,1.0,True,False,ml,toolcalling,none,0,baseline
ml_oxides,54,1.0,True,False,ml,toolcalling,none,0,baseline
ml_oxides,55,1.0,True,False,ml,toolcalling,none,0,baseline
ml_oxides,56,1.0,True,False,ml,toolcalling,none,0,baseline
ml_oxides,57,1.0,True,False,ml,toolcalling,none,0,baseline
ml_oxides,58,1.0,True,False,ml,toolcalling,none,0,baseline
ml_oxides,59,1.0,True,False,ml,toolcalling,none,0,baseline
ml_oxides,60,1.0,True,False,ml,toolcalling,none,0,baseline
ml_oxides,61,1.0,True,False,ml,toolcalling,none,0,baseline
ml_oxides,62,1.0,True,False,ml,toolcalling,none,0,baseline
ml_oxides,63,1.0,True,False,ml,toolcalling,none,0,baseline
ml_oxides,64,1.0,True,False,ml,toolcalling,none,0,baseline
ml_oxides,65,1.0,True,False,ml,toolcalling,none,0,baseline
ml_sulphides,106,1.0,True,False,ml,toolcalling,none,0,baseline
ml_sulphides,107,1.0,True,False,ml,toolcalling,none,0,baseline
ml_sulphides,108,1.0,True,False,ml,toolcalling,none,0,baseline
ml_sulphides,109,1.0,True,False,ml,toolcalling,none,0,baseline
ml_sulphides,110,1.0,True,False,ml,toolcalling,none,0,baseline
ml_sulphides,111,1.0,True,False,ml,toolcalling,none,0,baseline
ml_sulphides,112,1.0,True,False,ml,toolcalling,none,0,baseline
ml_sulphides,113,1.0,True,False,ml,toolcalling,none,0,baseline
ml_sulphides,114,1.0,True,False,ml,toolcalling,none,0,baseline
ml_sulphides,115,0.0,False,False,ml,toolcalling,none,0,baseline
ml_sulphides,116,1.0,True,False,ml,toolcalling,none,0,baseline
ml_sulphides,117,1.0,True,False,ml,toolcalling,none,0,baseline
ml_sulphides,118,1.0,True,False,ml,toolcalling,none,0,baseline
ml_sulphides,119,1.0,True,False,ml,toolcalling,none,0,baseline
ml_sulphides,120,1.0,True,False,ml,toolcalling,none,0,baseline
ml_sulphides,121,1.0,True,False,ml,toolcalling,none,0,baseline
ml_sulphides,122,1.0,True,False,ml,toolcalling,none,0,baseline
ml_sulphides,123,1.0,True,False,ml,toolcalling,none,0,baseline
ml_sulphides,124,0.0,False,False,ml,toolcalling,none,0,baseline
ml_sulphides,125,1.0,True,False,ml,toolcalling,none,0,baseline
ml_nitrides,135,1.0,True,False,ml,toolcalling,failed,1,failed_step1
ml_nitrides,149,1.0,True,False,ml,toolcalling,failed,1,failed_step1
ml_nitrides,164,1.0,True,False,ml,toolcalling,failed,1,failed_step1
ml_nitrides,176,0.0,False,False,ml,toolcalling,failed,1,failed_step1
ml_nitrides,198,0.0,False,False,ml,toolcalling,failed,1,failed_step1
ml_nitrides,213,0.0,False,False,ml,toolcalling,failed,1,failed_step1
ml_nitrides,229,0.0,False,False,ml,toolcalling,failed,1,failed_step1
ml_nitrides,238,0.0,False,False,ml,toolcalling,failed,1,failed_step1
ml_nitrides,240,0.0,False,False,ml,toolcalling,failed,1,failed_step1
ml_nitrides,244,0.0,False,False,ml,toolcalling,failed,1,failed_step1
ml_nitrides,250,0.0,False,False,ml,toolcalling,failed,1,failed_step1
ml_nitrides,253,0.0,False,False,ml,toolcalling,failed,1,failed_step1
ml_nitrides,260,0.0,False,False,ml,toolcalling,failed,1,failed_step1
ml_nitrides,264,0.0,False,False,ml,toolcalling,failed,1,failed_step1
ml_nitrides,268,0.0,False,False,ml,toolcalling,failed,1,failed_step1
ml_nitrides,270,0.0,False,False,ml,toolcalling,failed,1,failed_step1
ml_nitrides,276,0.0,False,False,ml,toolcalling,failed,1,failed_step1
ml_nitrides,279,1.0,True,False,ml,toolcalling,failed,1,failed_step1
ml_nitrides,283,0.0,False,False,ml,toolcalling,failed,1,failed_step1
ml_nitrides,285,0.0,False,False,ml,toolcalling,failed,1,failed_step1
ml_oxides,153,0.0,False,False,ml,toolcalling,failed,1,failed_step1
ml_oxides,156,0.0,False,False,ml,toolcalling,failed,1,failed_step1
ml_oxides,161,0.0,False,False,ml,toolcalling,failed,1,failed_step1
ml_oxides,166,1.0,True,False,ml,toolcalling,failed,1,failed_step1
ml_oxides,169,0.0,False,False,ml,toolcalling,failed,1,failed_step1
ml_oxides,173,0.0,False,False,ml,toolcalling,failed,1,failed_step1
ml_oxides,177,0.0,False,False,ml,toolcalling,failed,1,failed_step1
ml_oxides,180,0.0,False,False,ml,toolcalling,failed,1,failed_step1
ml_oxides,184,1.0,True,False,ml,toolcalling,failed,1,failed_step1
ml_oxides,189,1.0,True,False,ml,toolcalling,failed,1,failed_step1
ml_oxides,190,0.0,False,False,ml,toolcalling,failed,1,failed_step1
ml_oxides,194,0.0,False,False,ml,toolcalling,failed,1,failed_step1
ml_oxides,197,0.0,False,False,ml,toolcalling,failed,1,failed_step1
ml_oxides,201,0.0,False,False,ml,toolcalling,failed,1,failed_step1
ml_oxides,205,0.0,False,False,ml,toolcalling,failed,1,failed_step1
ml_oxides,209,0.0,False,False,ml,toolcalling,failed,1,failed_step1
ml_oxides,211,0.0,False,False,ml,toolcalling,failed,1,failed_step1
ml_oxides,217,0.0,False,False,ml,toolcalling,failed,1,failed_step1
ml_oxides,220,0.0,False,False,ml,toolcalling,failed,1,failed_step1
ml_oxides,223,0.0,False,False,ml,toolcalling,failed,1,failed_step1
ml_sulphides,210,0.0,False,False,ml,toolcalling,failed,1,failed_step1
ml_sulphides,213,0.0,False,False,ml,toolcalling,failed,1,failed_step1
ml_sulphides,216,0.0,False,False,ml,toolcalling,failed,1,failed_step1
ml_sulphides,220,1.0,True,False,ml,toolcalling,failed,1,failed_step1
ml_sulphides,225,0.0,False,False,ml,toolcalling,failed,1,failed_step1
ml_sulphides,230,0.0,False,False,ml,toolcalling,failed,1,failed_step1
ml_sulphides,234,0.0,False,False,ml,toolcalling,failed,1,failed_step1
ml_sulphides,238,1.0,True,False,ml,toolcalling,failed,1,failed_step1
ml_sulphides,242,1.0,True,False,ml,toolcalling,failed,1,failed_step1
ml_sulphides,248,0.0,False,False,ml,toolcalling,failed,1,failed_step1
ml_sulphides,252,0.0,False,False,ml,toolcalling,failed,1,failed_step1
ml_sulphides,254,1.0,True,False,ml,toolcalling,failed,1,failed_step1
ml_sulphides,258,1.0,True,False,ml,toolcalling,failed,1,failed_step1
ml_sulphides,263,0.0,False,False,ml,toolcalling,failed,1,failed_step1
ml_sulphides,267,0.0,False,False,ml,toolcalling,failed,1,failed_step1
ml_sulphides,270,0.0,False,False,ml,toolcalling,failed,1,failed_step1
ml_sulphides,275,0.0,False,False,ml,toolcalling,failed,1,failed_step1
ml_sulphides,279,0.0,False,False,ml,toolcalling,failed,1,failed_step1
ml_sulphides,281,0.0,False,False,ml,toolcalling,failed,1,failed_step1
ml_sulphides,284,0.0,False,False,ml,toolcalling,failed,1,failed_step1
ml_nitrides,132,0.0,False,False,ml,toolcalling,failed,2,failed_step2
ml_nitrides,145,1.0,True,False,ml,toolcalling,failed,2,failed_step2
ml_nitrides,165,0.0,False,False,ml,toolcalling,failed,2,failed_step2
ml_nitrides,185,0.0,False,False,ml,toolcalling,failed,2,failed_step2
ml_nitrides,195,0.0,False,False,ml,toolcalling,failed,2,failed_step2
ml_nitrides,208,1.0,True,False,ml,toolcalling,failed,2,failed_step2
ml_nitrides,222,0.0,False,False,ml,toolcalling,failed,2,failed_step2
ml_nitrides,234,0.0,False,False,ml,toolcalling,failed,2,failed_step2
ml_nitrides,239,0.0,False,False,ml,toolcalling,failed,2,failed_step2
ml_nitrides,243,1.0,True,False,ml,toolcalling,failed,2,failed_step2
ml_nitrides,247,0.0,False,False,ml,toolcalling,failed,2,failed_step2
ml_nitrides,251,0.0,False,False,ml,toolcalling,failed,2,failed_step2
ml_nitrides,254,0.0,False,False,ml,toolcalling,failed,2,failed_step2
ml_nitrides,257,1.0,True,False,ml,toolcalling,failed,2,failed_step2
ml_nitrides,263,0.0,False,False,ml,toolcalling,failed,2,failed_step2
ml_nitrides,265,1.0,True,False,ml,toolcalling,failed,2,failed_step2
ml_nitrides,269,1.0,True,False,ml,toolcalling,failed,2,failed_step2
ml_nitrides,272,1.0,True,False,ml,toolcalling,failed,2,failed_step2
ml_nitrides,274,1.0,True,False,ml,toolcalling,failed,2,failed_step2
ml_nitrides,280,0.0,False,False,ml,toolcalling,failed,2,failed_step2
ml_oxides,147,0.0,False,False,ml,toolcalling,failed,2,failed_step2
ml_oxides,150,0.0,False,False,ml,toolcalling,failed,2,failed_step2
ml_oxides,154,1.0,True,False,ml,toolcalling,failed,2,failed_step2
ml_oxides,157,0.0,False,False,ml,toolcalling,failed,2,failed_step2
ml_oxides,165,0.0,False,False,ml,toolcalling,failed,2,failed_step2
ml_oxides,168,0.0,False,False,ml,toolcalling,failed,2,failed_step2
ml_oxides,171,0.0,False,False,ml,toolcalling,failed,2,failed_step2
ml_oxides,175,0.0,False,False,ml,toolcalling,failed,2,failed_step2
ml_oxides,182,0.0,False,False,ml,toolcalling,failed,2,failed_step2
ml_oxides,186,0.0,False,False,ml,toolcalling,failed,2,failed_step2
ml_oxides,192,0.0,False,False,ml,toolcalling,failed,2,failed_step2
ml_oxides,198,0.0,False,False,ml,toolcalling,failed,2,failed_step2
ml_oxides,202,0.0,False,False,ml,toolcalling,failed,2,failed_step2
ml_oxides,206,0.0,False,False,ml,toolcalling,failed,2,failed_step2
ml_oxides,210,0.0,False,False,ml,toolcalling,failed,2,failed_step2
ml_oxides,215,0.0,False,False,ml,toolcalling,failed,2,failed_step2
ml_oxides,218,0.0,False,False,ml,toolcalling,failed,2,failed_step2
ml_oxides,221,0.0,False,False,ml,toolcalling,failed,2,failed_step2
ml_oxides,224,0.0,False,False,ml,toolcalling,failed,2,failed_step2
ml_oxides,225,1.0,True,False,ml,toolcalling,failed,2,failed_step2
ml_sulphides,219,0.0,False,False,ml,toolcalling,failed,2,failed_step2
ml_sulphides,222,1.0,True,False,ml,toolcalling,failed,2,failed_step2
ml_sulphides,224,0.0,False,False,ml,toolcalling,failed,2,failed_step2
ml_sulphides,228,1.0,True,False,ml,toolcalling,failed,2,failed_step2
ml_sulphides,233,0.0,False,False,ml,toolcalling,failed,2,failed_step2
ml_sulphides,237,0.0,False,False,ml,toolcalling,failed,2,failed_step2
ml_sulphides,241,0.0,False,False,ml,toolcalling,failed,2,failed_step2
ml_sulphides,245,0.0,False,False,ml,toolcalling,failed,2,failed_step2
ml_sulphides,250,1.0,True,False,ml,toolcalling,failed,2,failed_step2
ml_sulphides,257,0.0,False,False,ml,toolcalling,failed,2,failed_step2
ml_sulphides,260,0.0,False,False,ml,toolcalling,failed,2,failed_step2
ml_sulphides,264,0.0,False,False,ml,toolcalling,failed,2,failed_step2
ml_sulphides,268,0.0,False,False,ml,toolcalling,failed,2,failed_step2
ml_sulphides,271,0.0,False,False,ml,toolcalling,failed,2,failed_step2
ml_sulphides,273,0.0,False,False,ml,toolcalling,failed,2,failed_step2
ml_sulphides,277,1.0,True,False,ml,toolcalling,failed,2,failed_step2
ml_sulphides,280,0.0,False,False,ml,toolcalling,failed,2,failed_step2
ml_sulphides,282,1.0,True,False,ml,toolcalling,failed,2,failed_step2
ml_sulphides,283,0.0,False,False,ml,toolcalling,failed,2,failed_step2
ml_sulphides,285,0.0,False,False,ml,toolcalling,failed,2,failed_step2
ml_nitrides,127,0.0,False,False,ml,toolcalling,failed,-1,failed_stepn1
ml_nitrides,130,1.0,True,False,ml,toolcalling,failed,-1,failed_stepn1
ml_nitrides,134,0.0,False,False,ml,toolcalling,failed,-1,failed_stepn1
ml_nitrides,140,1.0,True,False,ml,toolcalling,failed,-1,failed_stepn1
ml_nitrides,144,1.0,True,False,ml,toolcalling,failed,-1,failed_stepn1
ml_nitrides,148,1.0,True,False,ml,toolcalling,failed,-1,failed_stepn1
ml_nitrides,155,1.0,True,False,ml,toolcalling,failed,-1,failed_stepn1
ml_nitrides,158,0.0,False,False,ml,toolcalling,failed,-1,failed_stepn1
ml_nitrides,161,0.0,False,False,ml,toolcalling,failed,-1,failed_stepn1
ml_nitrides,166,0.0,False,False,ml,toolcalling,failed,-1,failed_stepn1
ml_nitrides,171,0.0,False,False,ml,toolcalling,failed,-1,failed_stepn1
ml_nitrides,174,1.0,True,False,ml,toolcalling,failed,-1,failed_stepn1
ml_nitrides,180,0.0,False,False,ml,toolcalling,failed,-1,failed_stepn1
ml_nitrides,184,0.0,False,False,ml,toolcalling,failed,-1,failed_stepn1
ml_nitrides,188,0.0,False,False,ml,toolcalling,failed,-1,failed_stepn1
ml_nitrides,191,1.0,True,False,ml,toolcalling,failed,-1,failed_stepn1
ml_nitrides,196,1.0,True,False,ml,toolcalling,failed,-1,failed_stepn1
ml_nitrides,202,1.0,True,False,ml,toolcalling,failed,-1,failed_stepn1
ml_nitrides,204,1.0,True,False,ml,toolcalling,failed,-1,failed_stepn1
ml_nitrides,209,1.0,True,False,ml,toolcalling,failed,-1,failed_stepn1
ml_oxides,66,0.0,False,False,ml,toolcalling,failed,-1,failed_stepn1
ml_oxides,67,0.0,False,False,ml,toolcalling,failed,-1,failed_stepn1
ml_oxides,68,0.0,False,False,ml,toolcalling,failed,-1,failed_stepn1
ml_oxides,69,0.0,False,False,ml,toolcalling,failed,-1,failed_stepn1
ml_oxides,73,1.0,True,False,ml,toolcalling,failed,-1,failed_stepn1
ml_oxides,75,0.0,False,False,ml,toolcalling,failed,-1,failed_stepn1
ml_oxides,80,1.0,True,False,ml,toolcalling,failed,-1,failed_stepn1
ml_oxides,83,0.0,False,False,ml,toolcalling,failed,-1,failed_stepn1
ml_oxides,87,0.0,False,False,ml,toolcalling,failed,-1,failed_stepn1
ml_oxides,91,0.0,False,False,ml,toolcalling,failed,-1,failed_stepn1
ml_oxides,95,0.0,False,False,ml,toolcalling,failed,-1,failed_stepn1
ml_oxides,99,0.0,False,False,ml,toolcalling,failed,-1,failed_stepn1
ml_oxides,102,0.0,False,False,ml,toolcalling,failed,-1,failed_stepn1
ml_oxides,106,1.0,True,False,ml,toolcalling,failed,-1,failed_stepn1
ml_oxides,109,0.0,False,False,ml,toolcalling,failed,-1,failed_stepn1
ml_oxides,113,1.0,True,False,ml,toolcalling,failed,-1,failed_stepn1
ml_oxides,117,0.0,False,False,ml,toolcalling,failed,-1,failed_stepn1
ml_oxides,119,0.0,False,False,ml,toolcalling,failed,-1,failed_stepn1
ml_oxides,122,0.0,False,False,ml,toolcalling,failed,-1,failed_stepn1
ml_oxides,126,0.0,False,False,ml,toolcalling,failed,-1,failed_stepn1
ml_sulphides,126,0.0,False,False,ml,toolcalling,failed,-1,failed_stepn1
ml_sulphides,127,0.0,False,False,ml,toolcalling,failed,-1,failed_stepn1
ml_sulphides,129,0.0,False,False,ml,toolcalling,failed,-1,failed_stepn1
ml_sulphides,131,0.0,False,False,ml,toolcalling,failed,-1,failed_stepn1
ml_sulphides,133,1.0,True,False,ml,toolcalling,failed,-1,failed_stepn1
ml_sulphides,136,1.0,True,False,ml,toolcalling,failed,-1,failed_stepn1
ml_sulphides,137,0.0,False,False,ml,toolcalling,failed,-1,failed_stepn1
ml_sulphides,139,0.0,False,False,ml,toolcalling,failed,-1,failed_stepn1
ml_sulphides,141,1.0,True,False,ml,toolcalling,failed,-1,failed_stepn1
ml_sulphides,143,1.0,True,False,ml,toolcalling,failed,-1,failed_stepn1
ml_sulphides,145,1.0,True,False,ml,toolcalling,failed,-1,failed_stepn1
ml_sulphides,147,1.0,True,False,ml,toolcalling,failed,-1,failed_stepn1
ml_sulphides,150,0.0,False,False,ml,toolcalling,failed,-1,failed_stepn1
ml_sulphides,155,0.0,False,False,ml,toolcalling,failed,-1,failed_stepn1
ml_sulphides,157,0.0,False,False,ml,toolcalling,failed,-1,failed_stepn1
ml_sulphides,161,1.0,True,False,ml,toolcalling,failed,-1,failed_stepn1
ml_sulphides,164,1.0,True,False,ml,toolcalling,failed,-1,failed_stepn1
ml_sulphides,167,0.0,False,False,ml,toolcalling,failed,-1,failed_stepn1
ml_sulphides,171,1.0,True,False,ml,toolcalling,failed,-1,failed_stepn1
ml_sulphides,174,0.0,False,False,ml,toolcalling,failed,-1,failed_stepn1
ml_nitrides,131,1.0,True,False,ml,toolcalling,failed,-2,failed_stepn2
ml_nitrides,139,0.0,False,False,ml,toolcalling,failed,-2,failed_stepn2
ml_nitrides,143,0.0,False,False,ml,toolcalling,failed,-2,failed_stepn2
ml_nitrides,150,0.0,False,False,ml,toolcalling,failed,-2,failed_stepn2
ml_nitrides,156,1.0,True,False,ml,toolcalling,failed,-2,failed_stepn2
ml_nitrides,159,0.0,False,False,ml,toolcalling,failed,-2,failed_stepn2
ml_nitrides,162,0.0,False,False,ml,toolcalling,failed,-2,failed_stepn2
ml_nitrides,170,0.0,False,False,ml,toolcalling,failed,-2,failed_stepn2
ml_nitrides,175,1.0,True,False,ml,toolcalling,failed,-2,failed_stepn2
ml_nitrides,186,0.0,False,False,ml,toolcalling,failed,-2,failed_stepn2
ml_nitrides,190,1.0,True,False,ml,toolcalling,failed,-2,failed_stepn2
ml_nitrides,201,0.0,False,False,ml,toolcalling,failed,-2,failed_stepn2
ml_nitrides,203,1.0,True,False,ml,toolcalling,failed,-2,failed_stepn2
ml_nitrides,210,1.0,True,False,ml,toolcalling,failed,-2,failed_stepn2
ml_nitrides,215,0.0,False,False,ml,toolcalling,failed,-2,failed_stepn2
ml_nitrides,219,0.0,False,False,ml,toolcalling,failed,-2,failed_stepn2
ml_nitrides,226,0.0,False,False,ml,toolcalling,failed,-2,failed_stepn2
ml_nitrides,228,1.0,True,False,ml,toolcalling,failed,-2,failed_stepn2
ml_nitrides,235,1.0,True,False,ml,toolcalling,failed,-2,failed_stepn2
ml_nitrides,236,0.0,False,False,ml,toolcalling,failed,-2,failed_stepn2
ml_oxides,79,1.0,True,False,ml,toolcalling,failed,-2,failed_stepn2
ml_oxides,84,0.0,False,False,ml,toolcalling,failed,-2,failed_stepn2
ml_oxides,89,1.0,True,False,ml,toolcalling,failed,-2,failed_stepn2
ml_oxides,93,0.0,False,False,ml,toolcalling,failed,-2,failed_stepn2
ml_oxides,98,0.0,False,False,ml,toolcalling,failed,-2,failed_stepn2
ml_oxides,103,0.0,False,False,ml,toolcalling,failed,-2,failed_stepn2
ml_oxides,107,0.0,False,False,ml,toolcalling,failed,-2,failed_stepn2
ml_oxides,111,0.0,False,False,ml,toolcalling,failed,-2,failed_stepn2
ml_oxides,114,1.0,True,False,ml,toolcalling,failed,-2,failed_stepn2
ml_oxides,116,0.0,False,False,ml,toolcalling,failed,-2,failed_stepn2
ml_oxides,120,0.0,False,False,ml,toolcalling,failed,-2,failed_stepn2
ml_oxides,124,0.0,False,False,ml,toolcalling,failed,-2,failed_stepn2
ml_oxides,129,0.0,False,False,ml,toolcalling,failed,-2,failed_stepn2
ml_oxides,133,1.0,True,False,ml,toolcalling,failed,-2,failed_stepn2
ml_oxides,135,0.0,False,False,ml,toolcalling,failed,-2,failed_stepn2
ml_oxides,137,1.0,True,False,ml,toolcalling,failed,-2,failed_stepn2
ml_oxides,139,0.0,False,False,ml,toolcalling,failed,-2,failed_stepn2
ml_oxides,141,1.0,True,False,ml,toolcalling,failed,-2,failed_stepn2
ml_oxides,143,1.0,True,False,ml,toolcalling,failed,-2,failed_stepn2
ml_oxides,145,1.0,True,False,ml,toolcalling,failed,-2,failed_stepn2
ml_sulphides,153,0.0,False,False,ml,toolcalling,failed,-2,failed_stepn2
ml_sulphides,156,0.0,False,False,ml,toolcalling,failed,-2,failed_stepn2
ml_sulphides,159,0.0,False,False,ml,toolcalling,failed,-2,failed_stepn2
ml_sulphides,162,1.0,True,False,ml,toolcalling,failed,-2,failed_stepn2
ml_sulphides,170,0.0,False,False,ml,toolcalling,failed,-2,failed_stepn2
ml_sulphides,172,1.0,True,False,ml,toolcalling,failed,-2,failed_stepn2
ml_sulphides,176,1.0,True,False,ml,toolcalling,failed,-2,failed_stepn2
ml_sulphides,179,1.0,True,False,ml,toolcalling,failed,-2,failed_stepn2
ml_sulphides,181,1.0,True,False,ml,toolcalling,failed,-2,failed_stepn2
ml_sulphides,183,1.0,True,False,ml,toolcalling,failed,-2,failed_stepn2
ml_sulphides,185,1.0,True,False,ml,toolcalling,failed,-2,failed_stepn2
ml_sulphides,187,0.0,False,False,ml,toolcalling,failed,-2,failed_stepn2
ml_sulphides,191,1.0,True,False,ml,toolcalling,failed,-2,failed_stepn2
ml_sulphides,193,0.0,False,False,ml,toolcalling,failed,-2,failed_stepn2
ml_sulphides,195,1.0,True,False,ml,toolcalling,failed,-2,failed_stepn2
ml_sulphides,196,1.0,True,False,ml,toolcalling,failed,-2,failed_stepn2
ml_sulphides,198,1.0,True,False,ml,toolcalling,failed,-2,failed_stepn2
ml_sulphides,200,0.0,False,False,ml,toolcalling,failed,-2,failed_stepn2
ml_sulphides,202,0.0,False,False,ml,toolcalling,failed,-2,failed_stepn2
ml_sulphides,204,0.0,False,False,ml,toolcalling,failed,-2,failed_stepn2
ml_nitrides,137,0.0,False,False,ml,toolcalling,success,1,success_step1
ml_nitrides,154,1.0,True,False,ml,toolcalling,success,1,success_step1
ml_nitrides,168,0.0,False,False,ml,toolcalling,success,1,success_step1
ml_nitrides,181,1.0,True,False,ml,toolcalling,success,1,success_step1
ml_nitrides,194,0.0,False,False,ml,toolcalling,success,1,success_step1
ml_nitrides,205,1.0,True,False,ml,toolcalling,success,1,success_step1
ml_nitrides,221,0.0,False,False,ml,toolcalling,success,1,success_step1
ml_nitrides,225,0.0,False,False,ml,toolcalling,success,1,success_step1
ml_nitrides,233,1.0,True,False,ml,toolcalling,success,1,success_step1
ml_nitrides,242,0.0,False,False,ml,toolcalling,success,1,success_step1
ml_nitrides,245,1.0,True,False,ml,toolcalling,success,1,success_step1
ml_nitrides,248,0.0,False,False,ml,toolcalling,success,1,success_step1
ml_nitrides,255,0.0,False,False,ml,toolcalling,success,1,success_step1
ml_nitrides,258,0.0,False,False,ml,toolcalling,success,1,success_step1
ml_nitrides,261,1.0,True,False,ml,toolcalling,success,1,success_step1
ml_nitrides,266,0.0,False,False,ml,toolcalling,success,1,success_step1
ml_nitrides,271,0.0,False,False,ml,toolcalling,success,1,success_step1
ml_nitrides,277,1.0,True,False,ml,toolcalling,success,1,success_step1
ml_nitrides,281,1.0,True,False,ml,toolcalling,success,1,success_step1
ml_nitrides,284,1.0,True,False,ml,toolcalling,success,1,success_step1
ml_oxides,148,0.0,False,False,ml,toolcalling,success,1,success_step1
ml_oxides,151,0.0,False,False,ml,toolcalling,success,1,success_step1
ml_oxides,155,0.0,False,False,ml,toolcalling,success,1,success_step1
ml_oxides,159,1.0,True,False,ml,toolcalling,success,1,success_step1
ml_oxides,162,0.0,False,False,ml,toolcalling,success,1,success_step1
ml_oxides,164,1.0,True,False,ml,toolcalling,success,1,success_step1
ml_oxides,167,1.0,True,False,ml,toolcalling,success,1,success_step1
ml_oxides,172,0.0,False,False,ml,toolcalling,success,1,success_step1
ml_oxides,174,0.0,False,False,ml,toolcalling,success,1,success_step1
ml_oxides,178,1.0,True,False,ml,toolcalling,success,1,success_step1
ml_oxides,181,1.0,True,False,ml,toolcalling,success,1,success_step1
ml_oxides,185,1.0,True,False,ml,toolcalling,success,1,success_step1
ml_oxides,188,1.0,True,False,ml,toolcalling,success,1,success_step1
ml_oxides,193,0.0,False,False,ml,toolcalling,success,1,success_step1
ml_oxides,196,1.0,True,False,ml,toolcalling,success,1,success_step1
ml_oxides,199,1.0,True,False,ml,toolcalling,success,1,success_step1
ml_oxides,203,0.0,False,False,ml,toolcalling,success,1,success_step1
ml_oxides,208,1.0,True,False,ml,toolcalling,success,1,success_step1
ml_oxides,213,1.0,True,False,ml,toolcalling,success,1,success_step1
ml_oxides,216,1.0,True,False,ml,toolcalling,success,1,success_step1
ml_sulphides,206,1.0,True,False,ml,toolcalling,success,1,success_step1
ml_sulphides,207,1.0,True,False,ml,toolcalling,success,1,success_step1
ml_sulphides,208,1.0,True,False,ml,toolcalling,success,1,success_step1
ml_sulphides,211,1.0,True,False,ml,toolcalling,success,1,success_step1
ml_sulphides,215,1.0,True,False,ml,toolcalling,success,1,success_step1
ml_sulphides,218,0.0,False,False,ml,toolcalling,success,1,success_step1
ml_sulphides,223,0.0,False,False,ml,toolcalling,success,1,success_step1
ml_sulphides,227,0.0,False,False,ml,toolcalling,success,1,success_step1
ml_sulphides,232,1.0,True,False,ml,toolcalling,success,1,success_step1
ml_sulphides,235,1.0,True,False,ml,toolcalling,success,1,success_step1
ml_sulphides,240,0.0,False,False,ml,toolcalling,success,1,success_step1
ml_sulphides,244,1.0,True,False,ml,toolcalling,success,1,success_step1
ml_sulphides,247,0.0,False,False,ml,toolcalling,success,1,success_step1
ml_sulphides,251,0.0,False,False,ml,toolcalling,success,1,success_step1
ml_sulphides,255,0.0,False,False,ml,toolcalling,success,1,success_step1
ml_sulphides,259,1.0,True,False,ml,toolcalling,success,1,success_step1
ml_sulphides,262,0.0,False,False,ml,toolcalling,success,1,success_step1
ml_sulphides,266,0.0,False,False,ml,toolcalling,success,1,success_step1
ml_sulphides,272,0.0,False,False,ml,toolcalling,success,1,success_step1
ml_sulphides,276,0.0,False,False,ml,toolcalling,success,1,success_step1
ml_nitrides,133,0.0,False,False,ml,toolcalling,success,2,success_step2
ml_nitrides,152,0.0,False,False,ml,toolcalling,success,2,success_step2
ml_nitrides,167,0.0,False,False,ml,toolcalling,success,2,success_step2
ml_nitrides,178,0.0,False,False,ml,toolcalling,success,2,success_step2
ml_nitrides,197,0.0,False,False,ml,toolcalling,success,2,success_step2
ml_nitrides,217,0.0,False,False,ml,toolcalling,success,2,success_step2
ml_nitrides,231,0.0,False,False,ml,toolcalling,success,2,success_step2
ml_nitrides,237,0.0,False,False,ml,toolcalling,success,2,success_step2
ml_nitrides,241,0.0,False,False,ml,toolcalling,success,2,success_step2
ml_nitrides,246,0.0,False,False,ml,toolcalling,success,2,success_step2
ml_nitrides,249,0.0,False,False,ml,toolcalling,success,2,success_step2
ml_nitrides,252,1.0,True,False,ml,toolcalling,success,2,success_step2
ml_nitrides,256,0.0,False,False,ml,toolcalling,success,2,success_step2
ml_nitrides,259,0.0,False,False,ml,toolcalling,success,2,success_step2
ml_nitrides,262,0.0,False,False,ml,toolcalling,success,2,success_step2
ml_nitrides,267,0.0,False,False,ml,toolcalling,success,2,success_step2
ml_nitrides,273,0.0,False,False,ml,toolcalling,success,2,success_step2
ml_nitrides,275,0.0,False,False,ml,toolcalling,success,2,success_step2
ml_nitrides,278,1.0,True,False,ml,toolcalling,success,2,success_step2
ml_nitrides,282,0.0,False,False,ml,toolcalling,success,2,success_step2
ml_oxides,146,1.0,True,False,ml,toolcalling,success,2,success_step2
ml_oxides,149,1.0,True,False,ml,toolcalling,success,2,success_step2
ml_oxides,152,0.0,False,False,ml,toolcalling,success,2,success_step2
ml_oxides,158,0.0,False,False,ml,toolcalling,success,2,success_step2
ml_oxides,160,0.0,False,False,ml,toolcalling,success,2,success_step2
ml_oxides,163,0.0,False,False,ml,toolcalling,success,2,success_step2
ml_oxides,170,0.0,False,False,ml,toolcalling,success,2,success_step2
ml_oxides,176,0.0,False,False,ml,toolcalling,success,2,success_step2
ml_oxides,179,1.0,True,False,ml,toolcalling,success,2,success_step2
ml_oxides,183,1.0,True,False,ml,toolcalling,success,2,success_step2
ml_oxides,187,0.0,False,False,ml,toolcalling,success,2,success_step2
ml_oxides,191,0.0,False,False,ml,toolcalling,success,2,success_step2
ml_oxides,195,1.0,True,False,ml,toolcalling,success,2,success_step2
ml_oxides,200,0.0,False,False,ml,toolcalling,success,2,success_step2
ml_oxides,204,0.0,False,False,ml,toolcalling,success,2,success_step2
ml_oxides,207,1.0,True,False,ml,toolcalling,success,2,success_step2
ml_oxides,212,0.0,False,False,ml,toolcalling,success,2,success_step2
ml_oxides,214,1.0,True,False,ml,toolcalling,success,2,success_step2
ml_oxides,219,0.0,False,False,ml,toolcalling,success,2,success_step2
ml_oxides,222,1.0,True,False,ml,toolcalling,success,2,success_step2
ml_sulphides,209,0.0,False,False,ml,toolcalling,success,2,success_step2
ml_sulphides,212,0.0,False,False,ml,toolcalling,success,2,success_step2
ml_sulphides,214,1.0,True,False,ml,toolcalling,success,2,success_step2
ml_sulphides,217,1.0,True,False,ml,toolcalling,success,2,success_step2
ml_sulphides,221,1.0,True,False,ml,toolcalling,success,2,success_step2
ml_sulphides,226,0.0,False,False,ml,toolcalling,success,2,success_step2
ml_sulphides,229,1.0,True,False,ml,toolcalling,success,2,success_step2
ml_sulphides,231,1.0,True,False,ml,toolcalling,success,2,success_step2
ml_sulphides,236,0.0,False,False,ml,toolcalling,success,2,success_step2
ml_sulphides,239,1.0,True,False,ml,toolcalling,success,2,success_step2
ml_sulphides,243,1.0,True,False,ml,toolcalling,success,2,success_step2
ml_sulphides,246,0.0,False,False,ml,toolcalling,success,2,success_step2
ml_sulphides,249,1.0,True,False,ml,toolcalling,success,2,success_step2
ml_sulphides,253,0.0,False,False,ml,toolcalling,success,2,success_step2
ml_sulphides,256,1.0,True,False,ml,toolcalling,success,2,success_step2
ml_sulphides,261,0.0,False,False,ml,toolcalling,success,2,success_step2
ml_sulphides,265,0.0,False,False,ml,toolcalling,success,2,success_step2
ml_sulphides,269,1.0,True,False,ml,toolcalling,success,2,success_step2
ml_sulphides,274,0.0,False,False,ml,toolcalling,success,2,success_step2
ml_sulphides,278,1.0,True,False,ml,toolcalling,success,2,success_step2
ml_nitrides,126,0.0,False,False,ml,toolcalling,success,-1,success_stepn1
ml_nitrides,129,0.0,False,False,ml,toolcalling,success,-1,success_stepn1
ml_nitrides,136,1.0,True,False,ml,toolcalling,success,-1,success_stepn1
ml_nitrides,141,1.0,True,False,ml,toolcalling,success,-1,success_stepn1
ml_nitrides,146,1.0,True,False,ml,toolcalling,success,-1,success_stepn1
ml_nitrides,151,1.0,True,False,ml,toolcalling,success,-1,success_stepn1
ml_nitrides,157,0.0,False,False,ml,toolcalling,success,-1,success_stepn1
ml_nitrides,160,0.0,False,False,ml,toolcalling,success,-1,success_stepn1
ml_nitrides,163,1.0,True,False,ml,toolcalling,success,-1,success_stepn1
ml_nitrides,173,0.0,False,False,ml,toolcalling,success,-1,success_stepn1
ml_nitrides,179,0.0,False,False,ml,toolcalling,success,-1,success_stepn1
ml_nitrides,182,0.0,False,False,ml,toolcalling,success,-1,success_stepn1
ml_nitrides,187,0.0,False,False,ml,toolcalling,success,-1,success_stepn1
ml_nitrides,192,1.0,True,False,ml,toolcalling,success,-1,success_stepn1
ml_nitrides,200,1.0,True,False,ml,toolcalling,success,-1,success_stepn1
ml_nitrides,206,1.0,True,False,ml,toolcalling,success,-1,success_stepn1
ml_nitrides,211,1.0,True,False,ml,toolcalling,success,-1,success_stepn1
ml_nitrides,214,0.0,False,False,ml,toolcalling,success,-1,success_stepn1
ml_nitrides,218,0.0,False,False,ml,toolcalling,success,-1,success_stepn1
ml_nitrides,223,0.0,False,False,ml,toolcalling,success,-1,success_stepn1
ml_oxides,70,0.0,False,False,ml,toolcalling,success,-1,success_stepn1
ml_oxides,71,1.0,True,False,ml,toolcalling,success,-1,success_stepn1
ml_oxides,72,1.0,True,False,ml,toolcalling,success,-1,success_stepn1
ml_oxides,76,0.0,False,False,ml,toolcalling,success,-1,success_stepn1
ml_oxides,78,1.0,True,False,ml,toolcalling,success,-1,success_stepn1
ml_oxides,82,0.0,False,False,ml,toolcalling,success,-1,success_stepn1
ml_oxides,86,0.0,False,False,ml,toolcalling,success,-1,success_stepn1
ml_oxides,90,0.0,False,False,ml,toolcalling,success,-1,success_stepn1
ml_oxides,94,0.0,False,False,ml,toolcalling,success,-1,success_stepn1
ml_oxides,97,0.0,False,False,ml,toolcalling,success,-1,success_stepn1
ml_oxides,101,0.0,False,False,ml,toolcalling,success,-1,success_stepn1
ml_oxides,105,1.0,True,False,ml,toolcalling,success,-1,success_stepn1
ml_oxides,108,0.0,False,False,ml,toolcalling,success,-1,success_stepn1
ml_oxides,112,1.0,True,False,ml,toolcalling,success,-1,success_stepn1
ml_oxides,115,0.0,False,False,ml,toolcalling,success,-1,success_stepn1
ml_oxides,118,0.0,False,False,ml,toolcalling,success,-1,success_stepn1
ml_oxides,121,0.0,False,False,ml,toolcalling,success,-1,success_stepn1
ml_oxides,125,1.0,True,False,ml,toolcalling,success,-1,success_stepn1
ml_oxides,128,0.0,False,False,ml,toolcalling,success,-1,success_stepn1
ml_oxides,130,0.0,False,False,ml,toolcalling,success,-1,success_stepn1
ml_sulphides,128,0.0,False,False,ml,toolcalling,success,-1,success_stepn1
ml_sulphides,130,0.0,False,False,ml,toolcalling,success,-1,success_stepn1
ml_sulphides,132,0.0,False,False,ml,toolcalling,success,-1,success_stepn1
ml_sulphides,134,0.0,False,False,ml,toolcalling,success,-1,success_stepn1
ml_sulphides,135,0.0,False,False,ml,toolcalling,success,-1,success_stepn1
ml_sulphides,138,0.0,False,False,ml,toolcalling,success,-1,success_stepn1
ml_sulphides,140,0.0,False,False,ml,toolcalling,success,-1,success_stepn1
ml_sulphides,142,0.0,False,False,ml,toolcalling,success,-1,success_stepn1
ml_sulphides,144,0.0,False,False,ml,toolcalling,success,-1,success_stepn1
ml_sulphides,146,0.0,False,False,ml,toolcalling,success,-1,success_stepn1
ml_sulphides,148,0.0,False,False,ml,toolcalling,success,-1,success_stepn1
ml_sulphides,151,0.0,False,False,ml,toolcalling,success,-1,success_stepn1
ml_sulphides,154,0.0,False,False,ml,toolcalling,success,-1,success_stepn1
ml_sulphides,158,0.0,False,False,ml,toolcalling,success,-1,success_stepn1
ml_sulphides,160,1.0,True,False,ml,toolcalling,success,-1,success_stepn1
ml_sulphides,165,1.0,True,False,ml,toolcalling,success,-1,success_stepn1
ml_sulphides,168,0.0,False,False,ml,toolcalling,success,-1,success_stepn1
ml_sulphides,173,1.0,True,False,ml,toolcalling,success,-1,success_stepn1
ml_sulphides,177,1.0,True,False,ml,toolcalling,success,-1,success_stepn1
ml_sulphides,178,1.0,True,False,ml,toolcalling,success,-1,success_stepn1
ml_nitrides,128,1.0,True,False,ml,toolcalling,success,-2,success_stepn2
ml_nitrides,138,1.0,True,False,ml,toolcalling,success,-2,success_stepn2
ml_nitrides,142,0.0,False,False,ml,toolcalling,success,-2,success_stepn2
ml_nitrides,147,0.0,False,False,ml,toolcalling,success,-2,success_stepn2
ml_nitrides,153,0.0,False,False,ml,toolcalling,success,-2,success_stepn2
ml_nitrides,169,0.0,False,False,ml,toolcalling,success,-2,success_stepn2
ml_nitrides,172,0.0,False,False,ml,toolcalling,success,-2,success_stepn2
ml_nitrides,177,1.0,True,False,ml,toolcalling,success,-2,success_stepn2
ml_nitrides,183,0.0,False,False,ml,toolcalling,success,-2,success_stepn2
ml_nitrides,189,0.0,False,False,ml,toolcalling,success,-2,success_stepn2
ml_nitrides,193,1.0,True,False,ml,toolcalling,success,-2,success_stepn2
ml_nitrides,199,1.0,True,False,ml,toolcalling,success,-2,success_stepn2
ml_nitrides,207,1.0,True,False,ml,toolcalling,success,-2,success_stepn2
ml_nitrides,212,1.0,True,False,ml,toolcalling,success,-2,success_stepn2
ml_nitrides,216,0.0,False,False,ml,toolcalling,success,-2,success_stepn2
ml_nitrides,220,0.0,False,False,ml,toolcalling,success,-2,success_stepn2
ml_nitrides,224,0.0,False,False,ml,toolcalling,success,-2,success_stepn2
ml_nitrides,227,0.0,False,False,ml,toolcalling,success,-2,success_stepn2
ml_nitrides,230,0.0,False,False,ml,toolcalling,success,-2,success_stepn2
ml_nitrides,232,0.0,False,False,ml,toolcalling,success,-2,success_stepn2
ml_oxides,74,1.0,True,False,ml,toolcalling,success,-2,success_stepn2
ml_oxides,77,0.0,False,False,ml,toolcalling,success,-2,success_stepn2
ml_oxides,81,0.0,False,False,ml,toolcalling,success,-2,success_stepn2
ml_oxides,85,1.0,True,False,ml,toolcalling,success,-2,success_stepn2
ml_oxides,88,0.0,False,False,ml,toolcalling,success,-2,success_stepn2
ml_oxides,92,1.0,True,False,ml,toolcalling,success,-2,success_stepn2
ml_oxides,96,1.0,True,False,ml,toolcalling,success,-2,success_stepn2
ml_oxides,100,1.0,True,False,ml,toolcalling,success,-2,success_stepn2
ml_oxides,104,1.0,True,False,ml,toolcalling,success,-2,success_stepn2
ml_oxides,110,0.0,False,False,ml,toolcalling,success,-2,success_stepn2
ml_oxides,123,1.0,True,False,ml,toolcalling,success,-2,success_stepn2
ml_oxides,127,0.0,False,False,ml,toolcalling,success,-2,success_stepn2
ml_oxides,131,1.0,True,False,ml,toolcalling,success,-2,success_stepn2
ml_oxides,132,0.0,False,False,ml,toolcalling,success,-2,success_stepn2
ml_oxides,134,1.0,True,False,ml,toolcalling,success,-2,success_stepn2
ml_oxides,136,0.0,False,False,ml,toolcalling,success,-2,success_stepn2
ml_oxides,138,1.0,True,False,ml,toolcalling,success,-2,success_stepn2
ml_oxides,140,0.0,False,False,ml,toolcalling,success,-2,success_stepn2
ml_oxides,142,0.0,False,False,ml,toolcalling,success,-2,success_stepn2
ml_oxides,144,1.0,True,False,ml,toolcalling,success,-2,success_stepn2
ml_sulphides,149,0.0,False,False,ml,toolcalling,success,-2,success_stepn2
ml_sulphides,152,0.0,False,False,ml,toolcalling,success,-2,success_stepn2
ml_sulphides,163,1.0,True,False,ml,toolcalling,success,-2,success_stepn2
ml_sulphides,166,1.0,True,False,ml,toolcalling,success,-2,success_stepn2
ml_sulphides,169,0.0,False,False,ml,toolcalling,success,-2,success_stepn2
ml_sulphides,175,1.0,True,False,ml,toolcalling,success,-2,success_stepn2
ml_sulphides,180,1.0,True,False,ml,toolcalling,success,-2,success_stepn2
ml_sulphides,182,1.0,True,False,ml,toolcalling,success,-2,success_stepn2
ml_sulphides,184,0.0,False,False,ml,toolcalling,success,-2,success_stepn2
ml_sulphides,186,1.0,True,False,ml,toolcalling,success,-2,success_stepn2
ml_sulphides,188,0.0,False,False,ml,toolcalling,success,-2,success_stepn2
ml_sulphides,189,0.0,False,False,ml,toolcalling,success,-2,success_stepn2
ml_sulphides,190,1.0,True,False,ml,toolcalling,success,-2,success_stepn2
ml_sulphides,192,0.0,False,False,ml,toolcalling,success,-2,success_stepn2
ml_sulphides,194,1.0,True,False,ml,toolcalling,success,-2,success_stepn2
ml_sulphides,197,1.0,True,False,ml,toolcalling,success,-2,success_stepn2
ml_sulphides,199,1.0,True,False,ml,toolcalling,success,-2,success_stepn2
ml_sulphides,201,0.0,False,False,ml,toolcalling,success,-2,success_stepn2
ml_sulphides,203,0.0,False,False,ml,toolcalling,success,-2,success_stepn2
ml_sulphides,205,1.0,True,False,ml,toolcalling,success,-2,success_stepn2
ml_nitrides,1,1.0,True,False,ml_old_20260402_234855,react,none,0,baseline
ml_nitrides,2,0.0,False,False,ml_old_20260402_234855,react,none,0,baseline
ml_nitrides,3,1.0,True,False,ml_old_20260402_234855,react,none,0,baseline
ml_nitrides,4,0.0,False,False,ml_old_20260402_234855,react,none,0,baseline
ml_nitrides,5,1.0,True,False,ml_old_20260402_234855,react,none,0,baseline
ml_nitrides,6,1.0,True,False,ml_old_20260402_234855,react,none,0,baseline
ml_nitrides,7,0.0,False,False,ml_old_20260402_234855,react,none,0,baseline
ml_nitrides,8,0.0,False,False,ml_old_20260402_234855,react,none,0,baseline
ml_nitrides,9,0.0,False,False,ml_old_20260402_234855,react,none,0,baseline
ml_nitrides,10,0.0,False,False,ml_old_20260402_234855,react,none,0,baseline
ml_nitrides,11,0.0,False,False,ml_old_20260402_234855,react,none,0,baseline
ml_nitrides,12,1.0,True,False,ml_old_20260402_234855,react,none,0,baseline
ml_nitrides,13,0.0,False,False,ml_old_20260402_234855,react,none,0,baseline
ml_nitrides,14,1.0,True,False,ml_old_20260402_234855,react,none,0,baseline
ml_nitrides,15,0.0,False,False,ml_old_20260402_234855,react,none,0,baseline
ml_oxides,31,0.0,False,False,ml_old_20260402_234855,react,none,0,baseline
ml_oxides,32,0.0,False,False,ml_old_20260402_234855,react,none,0,baseline
ml_oxides,33,1.0,True,False,ml_old_20260402_234855,react,none,0,baseline
ml_oxides,34,0.0,False,False,ml_old_20260402_234855,react,none,0,baseline
ml_oxides,35,1.0,True,False,ml_old_20260402_234855,react,none,0,baseline
ml_oxides,36,1.0,True,False,ml_old_20260402_234855,react,none,0,baseline
ml_oxides,37,1.0,True,False,ml_old_20260402_234855,react,none,0,baseline
ml_oxides,38,0.0,False,False,ml_old_20260402_234855,react,none,0,baseline
ml_oxides,39,1.0,True,False,ml_old_20260402_234855,react,none,0,baseline
ml_oxides,40,1.0,True,False,ml_old_20260402_234855,react,none,0,baseline
ml_oxides,41,1.0,True,False,ml_old_20260402_234855,react,none,0,baseline
ml_oxides,42,1.0,True,False,ml_old_20260402_234855,react,none,0,baseline
ml_oxides,43,1.0,True,False,ml_old_20260402_234855,react,none,0,baseline
ml_oxides,44,0.0,False,False,ml_old_20260402_234855,react,none,0,baseline
ml_oxides,45,0.0,False,False,ml_old_20260402_234855,react,none,0,baseline
ml_sulphides,1,0.0,False,False,ml_old_20260402_234855,react,none,0,baseline
ml_sulphides,2,1.0,True,False,ml_old_20260402_234855,react,none,0,baseline
ml_sulphides,3,0.0,False,False,ml_old_20260402_234855,react,none,0,baseline
ml_sulphides,4,0.0,False,False,ml_old_20260402_234855,react,none,0,baseline
ml_sulphides,5,0.0,False,False,ml_old_20260402_234855,react,none,0,baseline
ml_sulphides,6,1.0,True,False,ml_old_20260402_234855,react,none,0,baseline
ml_sulphides,7,1.0,True,False,ml_old_20260402_234855,react,none,0,baseline
ml_sulphides,8,0.0,False,False,ml_old_20260402_234855,react,none,0,baseline
ml_sulphides,9,1.0,True,False,ml_old_20260402_234855,react,none,0,baseline
ml_sulphides,10,1.0,True,False,ml_old_20260402_234855,react,none,0,baseline
ml_sulphides,11,0.0,False,False,ml_old_20260402_234855,react,none,0,baseline
ml_sulphides,12,0.0,False,False,ml_old_20260402_234855,react,none,0,baseline
ml_sulphides,13,0.0,False,False,ml_old_20260402_234855,react,none,0,baseline
ml_sulphides,14,1.0,True,False,ml_old_20260402_234855,react,none,0,baseline
ml_sulphides,15,1.0,True,False,ml_old_20260402_234855,react,none,0,baseline
ml_oxides,1,1.0,True,False,ml_old_20260402_234855,react,failed,1,failed_step1
ml_oxides,3,1.0,True,False,ml_old_20260402_234855,react,failed,1,failed_step1
ml_oxides,5,1.0,True,False,ml_old_20260402_234855,react,failed,1,failed_step1
ml_oxides,7,1.0,True,False,ml_old_20260402_234855,react,failed,1,failed_step1
ml_oxides,9,0.0,False,False,ml_old_20260402_234855,react,failed,1,failed_step1
ml_oxides,11,1.0,True,False,ml_old_20260402_234855,react,failed,1,failed_step1
ml_oxides,13,1.0,True,False,ml_old_20260402_234855,react,failed,1,failed_step1
ml_oxides,15,1.0,True,False,ml_old_20260402_234855,react,failed,1,failed_step1
ml_oxides,17,1.0,True,False,ml_old_20260402_234855,react,failed,1,failed_step1
ml_oxides,19,1.0,True,False,ml_old_20260402_234855,react,failed,1,failed_step1
ml_oxides,21,1.0,True,False,ml_old_20260402_234855,react,failed,1,failed_step1
ml_oxides,23,1.0,True,False,ml_old_20260402_234855,react,failed,1,failed_step1
ml_oxides,25,1.0,True,False,ml_old_20260402_234855,react,failed,1,failed_step1
ml_oxides,28,0.0,False,False,ml_old_20260402_234855,react,failed,1,failed_step1
ml_oxides,30,1.0,True,False,ml_old_20260402_234855,react,failed,1,failed_step1
ml_nitrides,28,0.0,False,False,ml_old_20260402_234855,react,failed,2,failed_step2
ml_nitrides,51,0.0,False,False,ml_old_20260402_234855,react,failed,2,failed_step2
ml_nitrides,57,1.0,True,False,ml_old_20260402_234855,react,failed,2,failed_step2
ml_nitrides,60,1.0,True,False,ml_old_20260402_234855,react,failed,2,failed_step2
ml_nitrides,66,1.0,True,False,ml_old_20260402_234855,react,failed,2,failed_step2
ml_nitrides,73,1.0,True,False,ml_old_20260402_234855,react,failed,2,failed_step2
ml_nitrides,75,0.0,False,False,ml_old_20260402_234855,react,failed,2,failed_step2
ml_nitrides,82,1.0,True,False,ml_old_20260402_234855,react,failed,2,failed_step2
ml_nitrides,89,0.0,False,False,ml_old_20260402_234855,react,failed,2,failed_step2
ml_nitrides,95,1.0,True,False,ml_old_20260402_234855,react,failed,2,failed_step2
ml_nitrides,97,1.0,True,False,ml_old_20260402_234855,react,failed,2,failed_step2
ml_nitrides,100,1.0,True,False,ml_old_20260402_234855,react,failed,2,failed_step2
ml_nitrides,102,1.0,True,False,ml_old_20260402_234855,react,failed,2,failed_step2
ml_nitrides,104,1.0,True,False,ml_old_20260402_234855,react,failed,2,failed_step2
ml_nitrides,105,1.0,True,False,ml_old_20260402_234855,react,failed,2,failed_step2
ml_oxides,102,0.0,False,False,ml_old_20260402_234855,react,failed,2,failed_step2
ml_oxides,105,1.0,True,False,ml_old_20260402_234855,react,failed,2,failed_step2
ml_oxides,109,1.0,True,False,ml_old_20260402_234855,react,failed,2,failed_step2
ml_oxides,113,1.0,True,False,ml_old_20260402_234855,react,failed,2,failed_step2
ml_oxides,117,0.0,False,False,ml_old_20260402_234855,react,failed,2,failed_step2
ml_oxides,120,1.0,True,False,ml_old_20260402_234855,react,failed,2,failed_step2
ml_oxides,122,1.0,True,False,ml_old_20260402_234855,react,failed,2,failed_step2
ml_oxides,124,1.0,True,False,ml_old_20260402_234855,react,failed,2,failed_step2
ml_oxides,126,1.0,True,False,ml_old_20260402_234855,react,failed,2,failed_step2
ml_oxides,128,0.0,False,False,ml_old_20260402_234855,react,failed,2,failed_step2
ml_oxides,130,1.0,True,False,ml_old_20260402_234855,react,failed,2,failed_step2
ml_oxides,132,0.0,False,False,ml_old_20260402_234855,react,failed,2,failed_step2
ml_oxides,133,1.0,True,False,ml_old_20260402_234855,react,failed,2,failed_step2
ml_oxides,134,0.0,False,False,ml_old_20260402_234855,react,failed,2,failed_step2
ml_oxides,135,1.0,True,False,ml_old_20260402_234855,react,failed,2,failed_step2
ml_sulphides,81,0.0,False,False,ml_old_20260402_234855,react,failed,2,failed_step2
ml_sulphides,83,0.0,False,False,ml_old_20260402_234855,react,failed,2,failed_step2
ml_sulphides,86,1.0,True,False,ml_old_20260402_234855,react,failed,2,failed_step2
ml_sulphides,88,1.0,True,False,ml_old_20260402_234855,react,failed,2,failed_step2
ml_sulphides,90,1.0,True,False,ml_old_20260402_234855,react,failed,2,failed_step2
ml_sulphides,94,1.0,True,False,ml_old_20260402_234855,react,failed,2,failed_step2
ml_sulphides,97,0.0,False,False,ml_old_20260402_234855,react,failed,2,failed_step2
ml_sulphides,98,0.0,False,False,ml_old_20260402_234855,react,failed,2,failed_step2
ml_sulphides,99,1.0,True,False,ml_old_20260402_234855,react,failed,2,failed_step2
ml_sulphides,100,0.0,False,False,ml_old_20260402_234855,react,failed,2,failed_step2
ml_sulphides,101,0.0,False,False,ml_old_20260402_234855,react,failed,2,failed_step2
ml_sulphides,102,1.0,True,False,ml_old_20260402_234855,react,failed,2,failed_step2
ml_sulphides,103,0.0,False,False,ml_old_20260402_234855,react,failed,2,failed_step2
ml_sulphides,104,0.0,False,False,ml_old_20260402_234855,react,failed,2,failed_step2
ml_sulphides,105,0.0,False,False,ml_old_20260402_234855,react,failed,2,failed_step2
ml_nitrides,26,1.0,True,False,ml_old_20260402_234855,react,failed,-1,failed_stepn1
ml_nitrides,45,0.0,False,False,ml_old_20260402_234855,react,failed,-1,failed_stepn1
ml_nitrides,61,0.0,False,False,ml_old_20260402_234855,react,failed,-1,failed_stepn1
ml_nitrides,63,1.0,True,False,ml_old_20260402_234855,react,failed,-1,failed_stepn1
ml_nitrides,65,1.0,True,False,ml_old_20260402_234855,react,failed,-1,failed_stepn1
ml_nitrides,68,1.0,True,False,ml_old_20260402_234855,react,failed,-1,failed_stepn1
ml_nitrides,72,1.0,True,False,ml_old_20260402_234855,react,failed,-1,failed_stepn1
ml_nitrides,80,1.0,True,False,ml_old_20260402_234855,react,failed,-1,failed_stepn1
ml_nitrides,83,1.0,True,False,ml_old_20260402_234855,react,failed,-1,failed_stepn1
ml_nitrides,85,1.0,True,False,ml_old_20260402_234855,react,failed,-1,failed_stepn1
ml_nitrides,87,1.0,True,False,ml_old_20260402_234855,react,failed,-1,failed_stepn1
ml_nitrides,91,1.0,True,False,ml_old_20260402_234855,react,failed,-1,failed_stepn1
ml_nitrides,93,1.0,True,False,ml_old_20260402_234855,react,failed,-1,failed_stepn1
ml_nitrides,96,1.0,True,False,ml_old_20260402_234855,react,failed,-1,failed_stepn1
ml_nitrides,98,1.0,True,False,ml_old_20260402_234855,react,failed,-1,failed_stepn1
ml_oxides,77,0.0,False,False,ml_old_20260402_234855,react,failed,-1,failed_stepn1
ml_oxides,78,1.0,True,False,ml_old_20260402_234855,react,failed,-1,failed_stepn1
ml_oxides,79,1.0,True,False,ml_old_20260402_234855,react,failed,-1,failed_stepn1
ml_oxides,81,1.0,True,False,ml_old_20260402_234855,react,failed,-1,failed_stepn1
ml_oxides,82,1.0,True,False,ml_old_20260402_234855,react,failed,-1,failed_stepn1
ml_oxides,83,1.0,True,False,ml_old_20260402_234855,react,failed,-1,failed_stepn1
ml_oxides,85,1.0,True,False,ml_old_20260402_234855,react,failed,-1,failed_stepn1
ml_oxides,88,1.0,True,False,ml_old_20260402_234855,react,failed,-1,failed_stepn1
ml_oxides,89,1.0,True,False,ml_old_20260402_234855,react,failed,-1,failed_stepn1
ml_oxides,92,1.0,True,False,ml_old_20260402_234855,react,failed,-1,failed_stepn1
ml_oxides,94,1.0,True,False,ml_old_20260402_234855,react,failed,-1,failed_stepn1
ml_oxides,98,0.0,False,False,ml_old_20260402_234855,react,failed,-1,failed_stepn1
ml_oxides,99,1.0,True,False,ml_old_20260402_234855,react,failed,-1,failed_stepn1
ml_oxides,100,1.0,True,False,ml_old_20260402_234855,react,failed,-1,failed_stepn1
ml_oxides,107,1.0,True,False,ml_old_20260402_234855,react,failed,-1,failed_stepn1
ml_sulphides,46,0.0,False,False,ml_old_20260402_234855,react,failed,-1,failed_stepn1
ml_sulphides,47,0.0,False,False,ml_old_20260402_234855,react,failed,-1,failed_stepn1
ml_sulphides,48,0.0,False,False,ml_old_20260402_234855,react,failed,-1,failed_stepn1
ml_sulphides,49,1.0,True,False,ml_old_20260402_234855,react,failed,-1,failed_stepn1
ml_sulphides,50,0.0,False,False,ml_old_20260402_234855,react,failed,-1,failed_stepn1
ml_sulphides,54,0.0,False,False,ml_old_20260402_234855,react,failed,-1,failed_stepn1
ml_sulphides,55,0.0,False,False,ml_old_20260402_234855,react,failed,-1,failed_stepn1
ml_sulphides,56,1.0,True,False,ml_old_20260402_234855,react,failed,-1,failed_stepn1
ml_sulphides,59,0.0,False,False,ml_old_20260402_234855,react,failed,-1,failed_stepn1
ml_sulphides,62,0.0,False,False,ml_old_20260402_234855,react,failed,-1,failed_stepn1
ml_sulphides,63,0.0,False,False,ml_old_20260402_234855,react,failed,-1,failed_stepn1
ml_sulphides,65,0.0,False,False,ml_old_20260402_234855,react,failed,-1,failed_stepn1
ml_sulphides,66,0.0,False,False,ml_old_20260402_234855,react,failed,-1,failed_stepn1
ml_sulphides,71,0.0,False,False,ml_old_20260402_234855,react,failed,-1,failed_stepn1
ml_sulphides,73,0.0,False,False,ml_old_20260402_234855,react,failed,-1,failed_stepn1
ml_nitrides,29,1.0,True,False,ml_old_20260402_234855,react,failed,-2,failed_stepn2
ml_nitrides,46,0.0,False,False,ml_old_20260402_234855,react,failed,-2,failed_stepn2
ml_nitrides,53,1.0,True,False,ml_old_20260402_234855,react,failed,-2,failed_stepn2
ml_nitrides,62,0.0,False,False,ml_old_20260402_234855,react,failed,-2,failed_stepn2
ml_nitrides,69,0.0,False,False,ml_old_20260402_234855,react,failed,-2,failed_stepn2
ml_nitrides,71,1.0,True,False,ml_old_20260402_234855,react,failed,-2,failed_stepn2
ml_nitrides,76,0.0,False,False,ml_old_20260402_234855,react,failed,-2,failed_stepn2
ml_nitrides,78,1.0,True,False,ml_old_20260402_234855,react,failed,-2,failed_stepn2
ml_nitrides,81,0.0,False,False,ml_old_20260402_234855,react,failed,-2,failed_stepn2
ml_nitrides,88,0.0,False,False,ml_old_20260402_234855,react,failed,-2,failed_stepn2
ml_nitrides,92,1.0,True,False,ml_old_20260402_234855,react,failed,-2,failed_stepn2
ml_nitrides,94,1.0,True,False,ml_old_20260402_234855,react,failed,-2,failed_stepn2
ml_nitrides,99,0.0,False,False,ml_old_20260402_234855,react,failed,-2,failed_stepn2
ml_nitrides,101,1.0,True,False,ml_old_20260402_234855,react,failed,-2,failed_stepn2
ml_nitrides,103,1.0,True,False,ml_old_20260402_234855,react,failed,-2,failed_stepn2
ml_oxides,86,1.0,True,False,ml_old_20260402_234855,react,failed,-2,failed_stepn2
ml_oxides,87,1.0,True,False,ml_old_20260402_234855,react,failed,-2,failed_stepn2
ml_oxides,90,1.0,True,False,ml_old_20260402_234855,react,failed,-2,failed_stepn2
ml_oxides,93,1.0,True,False,ml_old_20260402_234855,react,failed,-2,failed_stepn2
ml_oxides,95,1.0,True,False,ml_old_20260402_234855,react,failed,-2,failed_stepn2
ml_oxides,97,0.0,False,False,ml_old_20260402_234855,react,failed,-2,failed_stepn2
ml_oxides,101,1.0,True,False,ml_old_20260402_234855,react,failed,-2,failed_stepn2
ml_oxides,104,1.0,True,False,ml_old_20260402_234855,react,failed,-2,failed_stepn2
ml_oxides,108,1.0,True,False,ml_old_20260402_234855,react,failed,-2,failed_stepn2
ml_oxides,110,1.0,True,False,ml_old_20260402_234855,react,failed,-2,failed_stepn2
ml_oxides,112,1.0,True,False,ml_old_20260402_234855,react,failed,-2,failed_stepn2
ml_oxides,114,1.0,True,False,ml_old_20260402_234855,react,failed,-2,failed_stepn2
ml_oxides,116,1.0,True,False,ml_old_20260402_234855,react,failed,-2,failed_stepn2
ml_oxides,118,0.0,False,False,ml_old_20260402_234855,react,failed,-2,failed_stepn2
ml_oxides,119,1.0,True,False,ml_old_20260402_234855,react,failed,-2,failed_stepn2
ml_sulphides,51,1.0,True,False,ml_old_20260402_234855,react,failed,-2,failed_stepn2
ml_sulphides,52,0.0,False,False,ml_old_20260402_234855,react,failed,-2,failed_stepn2
ml_sulphides,53,0.0,False,False,ml_old_20260402_234855,react,failed,-2,failed_stepn2
ml_sulphides,57,1.0,True,False,ml_old_20260402_234855,react,failed,-2,failed_stepn2
ml_sulphides,58,0.0,False,False,ml_old_20260402_234855,react,failed,-2,failed_stepn2
ml_sulphides,60,1.0,True,False,ml_old_20260402_234855,react,failed,-2,failed_stepn2
ml_sulphides,61,0.0,False,False,ml_old_20260402_234855,react,failed,-2,failed_stepn2
ml_sulphides,64,0.0,False,False,ml_old_20260402_234855,react,failed,-2,failed_stepn2
ml_sulphides,67,1.0,True,False,ml_old_20260402_234855,react,failed,-2,failed_stepn2
ml_sulphides,69,0.0,False,False,ml_old_20260402_234855,react,failed,-2,failed_stepn2
ml_sulphides,70,1.0,True,False,ml_old_20260402_234855,react,failed,-2,failed_stepn2
ml_sulphides,72,0.0,False,False,ml_old_20260402_234855,react,failed,-2,failed_stepn2
ml_sulphides,74,0.0,False,False,ml_old_20260402_234855,react,failed,-2,failed_stepn2
ml_sulphides,75,0.0,False,False,ml_old_20260402_234855,react,failed,-2,failed_stepn2
ml_sulphides,77,1.0,True,False,ml_old_20260402_234855,react,failed,-2,failed_stepn2
ml_oxides,2,0.0,False,False,ml_old_20260402_234855,react,success,1,success_step1
ml_oxides,4,1.0,True,False,ml_old_20260402_234855,react,success,1,success_step1
ml_oxides,6,1.0,True,False,ml_old_20260402_234855,react,success,1,success_step1
ml_oxides,8,1.0,True,False,ml_old_20260402_234855,react,success,1,success_step1
ml_oxides,10,1.0,True,False,ml_old_20260402_234855,react,success,1,success_step1
ml_oxides,12,1.0,True,False,ml_old_20260402_234855,react,success,1,success_step1
ml_oxides,14,1.0,True,False,ml_old_20260402_234855,react,success,1,success_step1
ml_oxides,16,1.0,True,False,ml_old_20260402_234855,react,success,1,success_step1
ml_oxides,18,1.0,True,False,ml_old_20260402_234855,react,success,1,success_step1
ml_oxides,20,1.0,True,False,ml_old_20260402_234855,react,success,1,success_step1
ml_oxides,22,1.0,True,False,ml_old_20260402_234855,react,success,1,success_step1
ml_oxides,24,1.0,True,False,ml_old_20260402_234855,react,success,1,success_step1
ml_oxides,26,1.0,True,False,ml_old_20260402_234855,react,success,1,success_step1
ml_oxides,27,1.0,True,False,ml_old_20260402_234855,react,success,1,success_step1
ml_oxides,29,1.0,True,False,ml_old_20260402_234855,react,success,1,success_step1
ml_nitrides,23,1.0,True,False,ml_old_20260402_234855,react,success,2,success_step2
ml_nitrides,32,1.0,True,False,ml_old_20260402_234855,react,success,2,success_step2
ml_nitrides,37,1.0,True,False,ml_old_20260402_234855,react,success,2,success_step2
ml_nitrides,48,1.0,True,False,ml_old_20260402_234855,react,success,2,success_step2
ml_nitrides,55,1.0,True,False,ml_old_20260402_234855,react,success,2,success_step2
ml_nitrides,59,1.0,True,False,ml_old_20260402_234855,react,success,2,success_step2
ml_nitrides,64,0.0,False,False,ml_old_20260402_234855,react,success,2,success_step2
ml_nitrides,67,1.0,True,False,ml_old_20260402_234855,react,success,2,success_step2
ml_nitrides,70,1.0,True,False,ml_old_20260402_234855,react,success,2,success_step2
ml_nitrides,74,0.0,False,False,ml_old_20260402_234855,react,success,2,success_step2
ml_nitrides,77,1.0,True,False,ml_old_20260402_234855,react,success,2,success_step2
ml_nitrides,79,1.0,True,False,ml_old_20260402_234855,react,success,2,success_step2
ml_nitrides,84,1.0,True,False,ml_old_20260402_234855,react,success,2,success_step2
ml_nitrides,86,1.0,True,False,ml_old_20260402_234855,react,success,2,success_step2
ml_nitrides,90,1.0,True,False,ml_old_20260402_234855,react,success,2,success_step2
ml_oxides,76,1.0,True,False,ml_old_20260402_234855,react,success,2,success_step2
ml_oxides,80,0.0,False,False,ml_old_20260402_234855,react,success,2,success_step2
ml_oxides,84,1.0,True,False,ml_old_20260402_234855,react,success,2,success_step2
ml_oxides,91,1.0,True,False,ml_old_20260402_234855,react,success,2,success_step2
ml_oxides,96,0.0,False,False,ml_old_20260402_234855,react,success,2,success_step2
ml_oxides,103,1.0,True,False,ml_old_20260402_234855,react,success,2,success_step2
ml_oxides,106,1.0,True,False,ml_old_20260402_234855,react,success,2,success_step2
ml_oxides,111,0.0,False,False,ml_old_20260402_234855,react,success,2,success_step2
ml_oxides,115,1.0,True,False,ml_old_20260402_234855,react,success,2,success_step2
ml_oxides,121,0.0,False,False,ml_old_20260402_234855,react,success,2,success_step2
ml_oxides,123,1.0,True,False,ml_old_20260402_234855,react,success,2,success_step2
ml_oxides,125,0.0,False,False,ml_old_20260402_234855,react,success,2,success_step2
ml_oxides,127,0.0,False,False,ml_old_20260402_234855,react,success,2,success_step2
ml_oxides,129,0.0,False,False,ml_old_20260402_234855,react,success,2,success_step2
ml_oxides,131,1.0,True,False,ml_old_20260402_234855,react,success,2,success_step2
ml_sulphides,68,1.0,True,False,ml_old_20260402_234855,react,success,2,success_step2
ml_sulphides,76,0.0,False,False,ml_old_20260402_234855,react,success,2,success_step2
ml_sulphides,78,1.0,True,False,ml_old_20260402_234855,react,success,2,success_step2
ml_sulphides,79,1.0,True,False,ml_old_20260402_234855,react,success,2,success_step2
ml_sulphides,80,1.0,True,False,ml_old_20260402_234855,react,success,2,success_step2
ml_sulphides,82,0.0,False,False,ml_old_20260402_234855,react,success,2,success_step2
ml_sulphides,84,1.0,True,False,ml_old_20260402_234855,react,success,2,success_step2
ml_sulphides,85,1.0,True,False,ml_old_20260402_234855,react,success,2,success_step2
ml_sulphides,87,1.0,True,False,ml_old_20260402_234855,react,success,2,success_step2
ml_sulphides,89,1.0,True,False,ml_old_20260402_234855,react,success,2,success_step2
ml_sulphides,91,1.0,True,False,ml_old_20260402_234855,react,success,2,success_step2
ml_sulphides,92,1.0,True,False,ml_old_20260402_234855,react,success,2,success_step2
ml_sulphides,93,1.0,True,False,ml_old_20260402_234855,react,success,2,success_step2
ml_sulphides,95,1.0,True,False,ml_old_20260402_234855,react,success,2,success_step2
ml_sulphides,96,1.0,True,False,ml_old_20260402_234855,react,success,2,success_step2
ml_nitrides,17,1.0,True,False,ml_old_20260402_234855,react,success,-1,success_stepn1
ml_nitrides,18,1.0,True,False,ml_old_20260402_234855,react,success,-1,success_stepn1
ml_nitrides,20,1.0,True,False,ml_old_20260402_234855,react,success,-1,success_stepn1
ml_nitrides,21,1.0,True,False,ml_old_20260402_234855,react,success,-1,success_stepn1
ml_nitrides,24,1.0,True,False,ml_old_20260402_234855,react,success,-1,success_stepn1
ml_nitrides,27,1.0,True,False,ml_old_20260402_234855,react,success,-1,success_stepn1
ml_nitrides,31,1.0,True,False,ml_old_20260402_234855,react,success,-1,success_stepn1
ml_nitrides,34,1.0,True,False,ml_old_20260402_234855,react,success,-1,success_stepn1
ml_nitrides,35,1.0,True,False,ml_old_20260402_234855,react,success,-1,success_stepn1
ml_nitrides,36,1.0,True,False,ml_old_20260402_234855,react,success,-1,success_stepn1
ml_nitrides,39,1.0,True,False,ml_old_20260402_234855,react,success,-1,success_stepn1
ml_nitrides,41,1.0,True,False,ml_old_20260402_234855,react,success,-1,success_stepn1
ml_nitrides,42,1.0,True,False,ml_old_20260402_234855,react,success,-1,success_stepn1
ml_nitrides,44,1.0,True,False,ml_old_20260402_234855,react,success,-1,success_stepn1
ml_nitrides,49,1.0,True,False,ml_old_20260402_234855,react,success,-1,success_stepn1
ml_oxides,46,1.0,True,False,ml_old_20260402_234855,react,success,-1,success_stepn1
ml_oxides,47,1.0,True,False,ml_old_20260402_234855,react,success,-1,success_stepn1
ml_oxides,51,0.0,False,False,ml_old_20260402_234855,react,success,-1,success_stepn1
ml_oxides,54,0.0,False,False,ml_old_20260402_234855,react,success,-1,success_stepn1
ml_oxides,55,1.0,True,False,ml_old_20260402_234855,react,success,-1,success_stepn1
ml_oxides,57,1.0,True,False,ml_old_20260402_234855,react,success,-1,success_stepn1
ml_oxides,59,1.0,True,False,ml_old_20260402_234855,react,success,-1,success_stepn1
ml_oxides,60,1.0,True,False,ml_old_20260402_234855,react,success,-1,success_stepn1
ml_oxides,62,1.0,True,False,ml_old_20260402_234855,react,success,-1,success_stepn1
ml_oxides,64,1.0,True,False,ml_old_20260402_234855,react,success,-1,success_stepn1
ml_oxides,66,1.0,True,False,ml_old_20260402_234855,react,success,-1,success_stepn1
ml_oxides,67,0.0,False,False,ml_old_20260402_234855,react,success,-1,success_stepn1
ml_oxides,70,0.0,False,False,ml_old_20260402_234855,react,success,-1,success_stepn1
ml_oxides,72,1.0,True,False,ml_old_20260402_234855,react,success,-1,success_stepn1
ml_oxides,75,0.0,False,False,ml_old_20260402_234855,react,success,-1,success_stepn1
ml_sulphides,17,1.0,True,False,ml_old_20260402_234855,react,success,-1,success_stepn1
ml_sulphides,19,1.0,True,False,ml_old_20260402_234855,react,success,-1,success_stepn1
ml_sulphides,20,1.0,True,False,ml_old_20260402_234855,react,success,-1,success_stepn1
ml_sulphides,22,0.0,False,False,ml_old_20260402_234855,react,success,-1,success_stepn1
ml_sulphides,25,1.0,True,False,ml_old_20260402_234855,react,success,-1,success_stepn1
ml_sulphides,26,1.0,True,False,ml_old_20260402_234855,react,success,-1,success_stepn1
ml_sulphides,27,1.0,True,False,ml_old_20260402_234855,react,success,-1,success_stepn1
ml_sulphides,28,1.0,True,False,ml_old_20260402_234855,react,success,-1,success_stepn1
ml_sulphides,29,1.0,True,False,ml_old_20260402_234855,react,success,-1,success_stepn1
ml_sulphides,34,0.0,False,False,ml_old_20260402_234855,react,success,-1,success_stepn1
ml_sulphides,35,1.0,True,False,ml_old_20260402_234855,react,success,-1,success_stepn1
ml_sulphides,37,1.0,True,False,ml_old_20260402_234855,react,success,-1,success_stepn1
ml_sulphides,39,1.0,True,False,ml_old_20260402_234855,react,success,-1,success_stepn1
ml_sulphides,41,1.0,True,False,ml_old_20260402_234855,react,success,-1,success_stepn1
ml_sulphides,43,1.0,True,False,ml_old_20260402_234855,react,success,-1,success_stepn1
ml_nitrides,16,1.0,True,False,ml_old_20260402_234855,react,success,-2,success_stepn2
ml_nitrides,19,1.0,True,False,ml_old_20260402_234855,react,success,-2,success_stepn2
ml_nitrides,22,1.0,True,False,ml_old_20260402_234855,react,success,-2,success_stepn2
ml_nitrides,25,1.0,True,False,ml_old_20260402_234855,react,success,-2,success_stepn2
ml_nitrides,30,1.0,True,False,ml_old_20260402_234855,react,success,-2,success_stepn2
ml_nitrides,33,1.0,True,False,ml_old_20260402_234855,react,success,-2,success_stepn2
ml_nitrides,38,1.0,True,False,ml_old_20260402_234855,react,success,-2,success_stepn2
ml_nitrides,40,1.0,True,False,ml_old_20260402_234855,react,success,-2,success_stepn2
ml_nitrides,43,1.0,True,False,ml_old_20260402_234855,react,success,-2,success_stepn2
ml_nitrides,47,1.0,True,False,ml_old_20260402_234855,react,success,-2,success_stepn2
ml_nitrides,50,1.0,True,False,ml_old_20260402_234855,react,success,-2,success_stepn2
ml_nitrides,52,1.0,True,False,ml_old_20260402_234855,react,success,-2,success_stepn2
ml_nitrides,54,1.0,True,False,ml_old_20260402_234855,react,success,-2,success_stepn2
ml_nitrides,56,1.0,True,False,ml_old_20260402_234855,react,success,-2,success_stepn2
ml_nitrides,58,1.0,True,False,ml_old_20260402_234855,react,success,-2,success_stepn2
ml_oxides,48,1.0,True,False,ml_old_20260402_234855,react,success,-2,success_stepn2
ml_oxides,49,1.0,True,False,ml_old_20260402_234855,react,success,-2,success_stepn2
ml_oxides,50,1.0,True,False,ml_old_20260402_234855,react,success,-2,success_stepn2
ml_oxides,52,1.0,True,False,ml_old_20260402_234855,react,success,-2,success_stepn2
ml_oxides,53,1.0,True,False,ml_old_20260402_234855,react,success,-2,success_stepn2
ml_oxides,56,1.0,True,False,ml_old_20260402_234855,react,success,-2,success_stepn2
ml_oxides,58,1.0,True,False,ml_old_20260402_234855,react,success,-2,success_stepn2
ml_oxides,61,1.0,True,False,ml_old_20260402_234855,react,success,-2,success_stepn2
ml_oxides,63,1.0,True,False,ml_old_20260402_234855,react,success,-2,success_stepn2
ml_oxides,65,1.0,True,False,ml_old_20260402_234855,react,success,-2,success_stepn2
ml_oxides,68,1.0,True,False,ml_old_20260402_234855,react,success,-2,success_stepn2
ml_oxides,69,1.0,True,False,ml_old_20260402_234855,react,success,-2,success_stepn2
ml_oxides,71,1.0,True,False,ml_old_20260402_234855,react,success,-2,success_stepn2
ml_oxides,73,0.0,False,False,ml_old_20260402_234855,react,success,-2,success_stepn2
ml_oxides,74,1.0,True,False,ml_old_20260402_234855,react,success,-2,success_stepn2
ml_sulphides,16,1.0,True,False,ml_old_20260402_234855,react,success,-2,success_stepn2
ml_sulphides,18,1.0,True,False,ml_old_20260402_234855,react,success,-2,success_stepn2
ml_sulphides,21,1.0,True,False,ml_old_20260402_234855,react,success,-2,success_stepn2
ml_sulphides,23,1.0,True,False,ml_old_20260402_234855,react,success,-2,success_stepn2
ml_sulphides,24,1.0,True,False,ml_old_20260402_234855,react,success,-2,success_stepn2
ml_sulphides,30,0.0,False,False,ml_old_20260402_234855,react,success,-2,success_stepn2
ml_sulphides,31,1.0,True,False,ml_old_20260402_234855,react,success,-2,success_stepn2
ml_sulphides,32,1.0,True,False,ml_old_20260402_234855,react,success,-2,success_stepn2
ml_sulphides,33,1.0,True,False,ml_old_20260402_234855,react,success,-2,success_stepn2
ml_sulphides,36,1.0,True,False,ml_old_20260402_234855,react,success,-2,success_stepn2
ml_sulphides,38,1.0,True,False,ml_old_20260402_234855,react,success,-2,success_stepn2
ml_sulphides,40,1.0,True,False,ml_old_20260402_234855,react,success,-2,success_stepn2
ml_sulphides,42,1.0,True,False,ml_old_20260402_234855,react,success,-2,success_stepn2
ml_sulphides,44,1.0,True,False,ml_old_20260402_234855,react,success,-2,success_stepn2
ml_sulphides,45,1.0,True,False,ml_old_20260402_234855,react,success,-2,success_stepn2
ml_nitrides,1,1.0,True,False,ml_old_20260402_234855,toolcalling,none,0,baseline
ml_nitrides,2,1.0,True,False,ml_old_20260402_234855,toolcalling,none,0,baseline
ml_nitrides,3,1.0,True,False,ml_old_20260402_234855,toolcalling,none,0,baseline
ml_nitrides,4,1.0,True,False,ml_old_20260402_234855,toolcalling,none,0,baseline
ml_nitrides,5,1.0,True,False,ml_old_20260402_234855,toolcalling,none,0,baseline
ml_nitrides,6,1.0,True,False,ml_old_20260402_234855,toolcalling,none,0,baseline
ml_nitrides,7,1.0,True,False,ml_old_20260402_234855,toolcalling,none,0,baseline
ml_nitrides,8,0.0,False,False,ml_old_20260402_234855,toolcalling,none,0,baseline
ml_nitrides,9,1.0,True,False,ml_old_20260402_234855,toolcalling,none,0,baseline
ml_nitrides,10,1.0,True,False,ml_old_20260402_234855,toolcalling,none,0,baseline
ml_nitrides,11,1.0,True,False,ml_old_20260402_234855,toolcalling,none,0,baseline
ml_nitrides,12,1.0,True,False,ml_old_20260402_234855,toolcalling,none,0,baseline
ml_nitrides,13,1.0,True,False,ml_old_20260402_234855,toolcalling,none,0,baseline
ml_nitrides,14,1.0,True,False,ml_old_20260402_234855,toolcalling,none,0,baseline
ml_nitrides,15,1.0,True,False,ml_old_20260402_234855,toolcalling,none,0,baseline
ml_oxides,31,1.0,True,False,ml_old_20260402_234855,toolcalling,none,0,baseline
ml_oxides,32,1.0,True,False,ml_old_20260402_234855,toolcalling,none,0,baseline
ml_oxides,33,1.0,True,False,ml_old_20260402_234855,toolcalling,none,0,baseline
ml_oxides,34,1.0,True,False,ml_old_20260402_234855,toolcalling,none,0,baseline
ml_oxides,35,1.0,True,False,ml_old_20260402_234855,toolcalling,none,0,baseline
ml_oxides,36,1.0,True,False,ml_old_20260402_234855,toolcalling,none,0,baseline
ml_oxides,37,1.0,True,False,ml_old_20260402_234855,toolcalling,none,0,baseline
ml_oxides,38,1.0,True,False,ml_old_20260402_234855,toolcalling,none,0,baseline
ml_oxides,39,1.0,True,False,ml_old_20260402_234855,toolcalling,none,0,baseline
ml_oxides,40,1.0,True,False,ml_old_20260402_234855,toolcalling,none,0,baseline
ml_oxides,41,1.0,True,False,ml_old_20260402_234855,toolcalling,none,0,baseline
ml_oxides,42,1.0,True,False,ml_old_20260402_234855,toolcalling,none,0,baseline
ml_oxides,43,1.0,True,False,ml_old_20260402_234855,toolcalling,none,0,baseline
ml_oxides,44,1.0,True,False,ml_old_20260402_234855,toolcalling,none,0,baseline
ml_oxides,45,1.0,True,False,ml_old_20260402_234855,toolcalling,none,0,baseline
ml_sulphides,1,1.0,True,False,ml_old_20260402_234855,toolcalling,none,0,baseline
ml_sulphides,2,1.0,True,False,ml_old_20260402_234855,toolcalling,none,0,baseline
ml_sulphides,3,0.0,False,False,ml_old_20260402_234855,toolcalling,none,0,baseline
ml_sulphides,4,1.0,True,False,ml_old_20260402_234855,toolcalling,none,0,baseline
ml_sulphides,5,1.0,True,False,ml_old_20260402_234855,toolcalling,none,0,baseline
ml_sulphides,6,1.0,True,False,ml_old_20260402_234855,toolcalling,none,0,baseline
ml_sulphides,7,1.0,True,False,ml_old_20260402_234855,toolcalling,none,0,baseline
ml_sulphides,8,1.0,True,False,ml_old_20260402_234855,toolcalling,none,0,baseline
ml_sulphides,9,1.0,True,False,ml_old_20260402_234855,toolcalling,none,0,baseline
ml_sulphides,10,0.0,False,False,ml_old_20260402_234855,toolcalling,none,0,baseline
ml_sulphides,11,1.0,True,False,ml_old_20260402_234855,toolcalling,none,0,baseline
ml_sulphides,12,1.0,True,False,ml_old_20260402_234855,toolcalling,none,0,baseline
ml_sulphides,13,1.0,True,False,ml_old_20260402_234855,toolcalling,none,0,baseline
ml_sulphides,14,1.0,True,False,ml_old_20260402_234855,toolcalling,none,0,baseline
ml_sulphides,15,1.0,True,False,ml_old_20260402_234855,toolcalling,none,0,baseline
ml_oxides,1,0.0,False,False,ml_old_20260402_234855,toolcalling,failed,1,failed_step1
ml_oxides,3,1.0,True,False,ml_old_20260402_234855,toolcalling,failed,1,failed_step1
ml_oxides,5,1.0,True,False,ml_old_20260402_234855,toolcalling,failed,1,failed_step1
ml_oxides,7,1.0,True,False,ml_old_20260402_234855,toolcalling,failed,1,failed_step1
ml_oxides,10,0.0,False,False,ml_old_20260402_234855,toolcalling,failed,1,failed_step1
ml_oxides,12,1.0,True,False,ml_old_20260402_234855,toolcalling,failed,1,failed_step1
ml_oxides,13,1.0,True,False,ml_old_20260402_234855,toolcalling,failed,1,failed_step1
ml_oxides,15,1.0,True,False,ml_old_20260402_234855,toolcalling,failed,1,failed_step1
ml_oxides,17,1.0,True,False,ml_old_20260402_234855,toolcalling,failed,1,failed_step1
ml_oxides,19,0.0,False,False,ml_old_20260402_234855,toolcalling,failed,1,failed_step1
ml_oxides,21,0.0,False,False,ml_old_20260402_234855,toolcalling,failed,1,failed_step1
ml_oxides,22,1.0,True,False,ml_old_20260402_234855,toolcalling,failed,1,failed_step1
ml_oxides,24,0.0,False,False,ml_old_20260402_234855,toolcalling,failed,1,failed_step1
ml_oxides,26,1.0,True,False,ml_old_20260402_234855,toolcalling,failed,1,failed_step1
ml_oxides,28,0.0,False,False,ml_old_20260402_234855,toolcalling,failed,1,failed_step1
ml_nitrides,22,0.0,False,False,ml_old_20260402_234855,toolcalling,failed,2,failed_step2
ml_nitrides,34,1.0,True,False,ml_old_20260402_234855,toolcalling,failed,2,failed_step2
ml_nitrides,43,0.0,False,False,ml_old_20260402_234855,toolcalling,failed,2,failed_step2
ml_nitrides,56,0.0,False,False,ml_old_20260402_234855,toolcalling,failed,2,failed_step2
ml_nitrides,65,0.0,False,False,ml_old_20260402_234855,toolcalling,failed,2,failed_step2
ml_nitrides,78,0.0,False,False,ml_old_20260402_234855,toolcalling,failed,2,failed_step2
ml_nitrides,87,0.0,False,False,ml_old_20260402_234855,toolcalling,failed,2,failed_step2
ml_nitrides,89,1.0,True,False,ml_old_20260402_234855,toolcalling,failed,2,failed_step2
ml_nitrides,91,0.0,False,False,ml_old_20260402_234855,toolcalling,failed,2,failed_step2
ml_nitrides,92,0.0,False,False,ml_old_20260402_234855,toolcalling,failed,2,failed_step2
ml_nitrides,94,0.0,False,False,ml_old_20260402_234855,toolcalling,failed,2,failed_step2
ml_nitrides,96,0.0,False,False,ml_old_20260402_234855,toolcalling,failed,2,failed_step2
ml_nitrides,98,0.0,False,False,ml_old_20260402_234855,toolcalling,failed,2,failed_step2
ml_nitrides,101,0.0,False,False,ml_old_20260402_234855,toolcalling,failed,2,failed_step2
ml_nitrides,103,0.0,False,False,ml_old_20260402_234855,toolcalling,failed,2,failed_step2
ml_sulphides,76,0.0,False,False,ml_old_20260402_234855,toolcalling,failed,2,failed_step2
ml_sulphides,77,1.0,True,False,ml_old_20260402_234855,toolcalling,failed,2,failed_step2
ml_sulphides,79,1.0,True,False,ml_old_20260402_234855,toolcalling,failed,2,failed_step2
ml_sulphides,80,0.0,False,False,ml_old_20260402_234855,toolcalling,failed,2,failed_step2
ml_sulphides,83,0.0,False,False,ml_old_20260402_234855,toolcalling,failed,2,failed_step2
ml_sulphides,85,0.0,False,False,ml_old_20260402_234855,toolcalling,failed,2,failed_step2
ml_sulphides,87,0.0,False,False,ml_old_20260402_234855,toolcalling,failed,2,failed_step2
ml_sulphides,89,0.0,False,False,ml_old_20260402_234855,toolcalling,failed,2,failed_step2
ml_sulphides,91,0.0,False,False,ml_old_20260402_234855,toolcalling,failed,2,failed_step2
ml_sulphides,93,0.0,False,False,ml_old_20260402_234855,toolcalling,failed,2,failed_step2
ml_sulphides,96,0.0,False,False,ml_old_20260402_234855,toolcalling,failed,2,failed_step2
ml_sulphides,98,0.0,False,False,ml_old_20260402_234855,toolcalling,failed,2,failed_step2
ml_sulphides,100,0.0,False,False,ml_old_20260402_234855,toolcalling,failed,2,failed_step2
ml_sulphides,102,1.0,True,False,ml_old_20260402_234855,toolcalling,failed,2,failed_step2
ml_sulphides,104,0.0,False,False,ml_old_20260402_234855,toolcalling,failed,2,failed_step2
ml_nitrides,18,0.0,False,False,ml_old_20260402_234855,toolcalling,failed,-1,failed_stepn1
ml_nitrides,21,0.0,False,False,ml_old_20260402_234855,toolcalling,failed,-1,failed_stepn1
ml_nitrides,26,0.0,False,False,ml_old_20260402_234855,toolcalling,failed,-1,failed_stepn1
ml_nitrides,30,1.0,True,False,ml_old_20260402_234855,toolcalling,failed,-1,failed_stepn1
ml_nitrides,32,1.0,True,False,ml_old_20260402_234855,toolcalling,failed,-1,failed_stepn1
ml_nitrides,38,1.0,True,False,ml_old_20260402_234855,toolcalling,failed,-1,failed_stepn1
ml_nitrides,41,0.0,False,False,ml_old_20260402_234855,toolcalling,failed,-1,failed_stepn1
ml_nitrides,44,1.0,True,False,ml_old_20260402_234855,toolcalling,failed,-1,failed_stepn1
ml_nitrides,49,0.0,False,False,ml_old_20260402_234855,toolcalling,failed,-1,failed_stepn1
ml_nitrides,55,0.0,False,False,ml_old_20260402_234855,toolcalling,failed,-1,failed_stepn1
ml_nitrides,58,0.0,False,False,ml_old_20260402_234855,toolcalling,failed,-1,failed_stepn1
ml_nitrides,61,0.0,False,False,ml_old_20260402_234855,toolcalling,failed,-1,failed_stepn1
ml_nitrides,64,0.0,False,False,ml_old_20260402_234855,toolcalling,failed,-1,failed_stepn1
ml_nitrides,68,0.0,False,False,ml_old_20260402_234855,toolcalling,failed,-1,failed_stepn1
ml_nitrides,73,1.0,True,False,ml_old_20260402_234855,toolcalling,failed,-1,failed_stepn1
ml_sulphides,16,1.0,True,False,ml_old_20260402_234855,toolcalling,failed,-1,failed_stepn1
ml_sulphides,18,0.0,False,False,ml_old_20260402_234855,toolcalling,failed,-1,failed_stepn1
ml_sulphides,20,0.0,False,False,ml_old_20260402_234855,toolcalling,failed,-1,failed_stepn1
ml_sulphides,21,0.0,False,False,ml_old_20260402_234855,toolcalling,failed,-1,failed_stepn1
ml_sulphides,22,0.0,False,False,ml_old_20260402_234855,toolcalling,failed,-1,failed_stepn1
ml_sulphides,23,0.0,False,False,ml_old_20260402_234855,toolcalling,failed,-1,failed_stepn1
ml_sulphides,26,1.0,True,False,ml_old_20260402_234855,toolcalling,failed,-1,failed_stepn1
ml_sulphides,30,0.0,False,False,ml_old_20260402_234855,toolcalling,failed,-1,failed_stepn1
ml_sulphides,34,0.0,False,False,ml_old_20260402_234855,toolcalling,failed,-1,failed_stepn1
ml_sulphides,36,0.0,False,False,ml_old_20260402_234855,toolcalling,failed,-1,failed_stepn1
ml_sulphides,39,0.0,False,False,ml_old_20260402_234855,toolcalling,failed,-1,failed_stepn1
ml_sulphides,42,1.0,True,False,ml_old_20260402_234855,toolcalling,failed,-1,failed_stepn1
ml_sulphides,46,0.0,False,False,ml_old_20260402_234855,toolcalling,failed,-1,failed_stepn1
ml_sulphides,49,1.0,True,False,ml_old_20260402_234855,toolcalling,failed,-1,failed_stepn1
ml_sulphides,53,0.0,False,False,ml_old_20260402_234855,toolcalling,failed,-1,failed_stepn1
ml_nitrides,19,0.0,False,False,ml_old_20260402_234855,toolcalling,failed,-2,failed_stepn2
ml_nitrides,24,0.0,False,False,ml_old_20260402_234855,toolcalling,failed,-2,failed_stepn2
ml_nitrides,29,1.0,True,False,ml_old_20260402_234855,toolcalling,failed,-2,failed_stepn2
ml_nitrides,35,1.0,True,False,ml_old_20260402_234855,toolcalling,failed,-2,failed_stepn2
ml_nitrides,46,1.0,True,False,ml_old_20260402_234855,toolcalling,failed,-2,failed_stepn2
ml_nitrides,50,1.0,True,False,ml_old_20260402_234855,toolcalling,failed,-2,failed_stepn2
ml_nitrides,54,0.0,False,False,ml_old_20260402_234855,toolcalling,failed,-2,failed_stepn2
ml_nitrides,59,0.0,False,False,ml_old_20260402_234855,toolcalling,failed,-2,failed_stepn2
ml_nitrides,62,0.0,False,False,ml_old_20260402_234855,toolcalling,failed,-2,failed_stepn2
ml_nitrides,66,0.0,False,False,ml_old_20260402_234855,toolcalling,failed,-2,failed_stepn2
ml_nitrides,69,0.0,False,False,ml_old_20260402_234855,toolcalling,failed,-2,failed_stepn2
ml_nitrides,77,0.0,False,False,ml_old_20260402_234855,toolcalling,failed,-2,failed_stepn2
ml_nitrides,79,1.0,True,False,ml_old_20260402_234855,toolcalling,failed,-2,failed_stepn2
ml_nitrides,82,1.0,True,False,ml_old_20260402_234855,toolcalling,failed,-2,failed_stepn2
ml_nitrides,84,1.0,True,False,ml_old_20260402_234855,toolcalling,failed,-2,failed_stepn2
ml_sulphides,25,1.0,True,False,ml_old_20260402_234855,toolcalling,failed,-2,failed_stepn2
ml_sulphides,28,1.0,True,False,ml_old_20260402_234855,toolcalling,failed,-2,failed_stepn2
ml_sulphides,32,0.0,False,False,ml_old_20260402_234855,toolcalling,failed,-2,failed_stepn2
ml_sulphides,37,1.0,True,False,ml_old_20260402_234855,toolcalling,failed,-2,failed_stepn2
ml_sulphides,43,1.0,True,False,ml_old_20260402_234855,toolcalling,failed,-2,failed_stepn2
ml_sulphides,51,1.0,True,False,ml_old_20260402_234855,toolcalling,failed,-2,failed_stepn2
ml_sulphides,56,0.0,False,False,ml_old_20260402_234855,toolcalling,failed,-2,failed_stepn2
ml_sulphides,59,0.0,False,False,ml_old_20260402_234855,toolcalling,failed,-2,failed_stepn2
ml_sulphides,62,1.0,True,False,ml_old_20260402_234855,toolcalling,failed,-2,failed_stepn2
ml_sulphides,64,0.0,False,False,ml_old_20260402_234855,toolcalling,failed,-2,failed_stepn2
ml_sulphides,68,0.0,False,False,ml_old_20260402_234855,toolcalling,failed,-2,failed_stepn2
ml_sulphides,70,1.0,True,False,ml_old_20260402_234855,toolcalling,failed,-2,failed_stepn2
ml_sulphides,72,1.0,True,False,ml_old_20260402_234855,toolcalling,failed,-2,failed_stepn2
ml_sulphides,74,0.0,False,False,ml_old_20260402_234855,toolcalling,failed,-2,failed_stepn2
ml_sulphides,75,0.0,False,False,ml_old_20260402_234855,toolcalling,failed,-2,failed_stepn2
ml_oxides,2,0.0,False,False,ml_old_20260402_234855,toolcalling,success,1,success_step1
ml_oxides,4,1.0,True,False,ml_old_20260402_234855,toolcalling,success,1,success_step1
ml_oxides,6,1.0,True,False,ml_old_20260402_234855,toolcalling,success,1,success_step1
ml_oxides,8,1.0,True,False,ml_old_20260402_234855,toolcalling,success,1,success_step1
ml_oxides,9,1.0,True,False,ml_old_20260402_234855,toolcalling,success,1,success_step1
ml_oxides,11,1.0,True,False,ml_old_20260402_234855,toolcalling,success,1,success_step1
ml_oxides,14,0.0,False,False,ml_old_20260402_234855,toolcalling,success,1,success_step1
ml_oxides,16,1.0,True,False,ml_old_20260402_234855,toolcalling,success,1,success_step1
ml_oxides,18,1.0,True,False,ml_old_20260402_234855,toolcalling,success,1,success_step1
ml_oxides,20,0.0,False,False,ml_old_20260402_234855,toolcalling,success,1,success_step1
ml_oxides,23,0.0,False,False,ml_old_20260402_234855,toolcalling,success,1,success_step1
ml_oxides,25,0.0,False,False,ml_old_20260402_234855,toolcalling,success,1,success_step1
ml_oxides,27,1.0,True,False,ml_old_20260402_234855,toolcalling,success,1,success_step1
ml_oxides,29,0.0,False,False,ml_old_20260402_234855,toolcalling,success,1,success_step1
ml_oxides,30,1.0,True,False,ml_old_20260402_234855,toolcalling,success,1,success_step1
ml_nitrides,25,0.0,False,False,ml_old_20260402_234855,toolcalling,success,2,success_step2
ml_nitrides,42,0.0,False,False,ml_old_20260402_234855,toolcalling,success,2,success_step2
ml_nitrides,53,0.0,False,False,ml_old_20260402_234855,toolcalling,success,2,success_step2
ml_nitrides,72,0.0,False,False,ml_old_20260402_234855,toolcalling,success,2,success_step2
ml_nitrides,81,0.0,False,False,ml_old_20260402_234855,toolcalling,success,2,success_step2
ml_nitrides,88,0.0,False,False,ml_old_20260402_234855,toolcalling,success,2,success_step2
ml_nitrides,90,0.0,False,False,ml_old_20260402_234855,toolcalling,success,2,success_step2
ml_nitrides,93,0.0,False,False,ml_old_20260402_234855,toolcalling,success,2,success_step2
ml_nitrides,95,0.0,False,False,ml_old_20260402_234855,toolcalling,success,2,success_step2
ml_nitrides,97,0.0,False,False,ml_old_20260402_234855,toolcalling,success,2,success_step2
ml_nitrides,99,1.0,True,False,ml_old_20260402_234855,toolcalling,success,2,success_step2
ml_nitrides,100,1.0,True,False,ml_old_20260402_234855,toolcalling,success,2,success_step2
ml_nitrides,102,1.0,True,False,ml_old_20260402_234855,toolcalling,success,2,success_step2
ml_nitrides,104,1.0,True,False,ml_old_20260402_234855,toolcalling,success,2,success_step2
ml_nitrides,105,1.0,True,False,ml_old_20260402_234855,toolcalling,success,2,success_step2
ml_sulphides,78,1.0,True,False,ml_old_20260402_234855,toolcalling,success,2,success_step2
ml_sulphides,81,1.0,True,False,ml_old_20260402_234855,toolcalling,success,2,success_step2
ml_sulphides,82,1.0,True,False,ml_old_20260402_234855,toolcalling,success,2,success_step2
ml_sulphides,84,0.0,False,False,ml_old_20260402_234855,toolcalling,success,2,success_step2
ml_sulphides,86,1.0,True,False,ml_old_20260402_234855,toolcalling,success,2,success_step2
ml_sulphides,88,1.0,True,False,ml_old_20260402_234855,toolcalling,success,2,success_step2
ml_sulphides,90,1.0,True,False,ml_old_20260402_234855,toolcalling,success,2,success_step2
ml_sulphides,92,1.0,True,False,ml_old_20260402_234855,toolcalling,success,2,success_step2
ml_sulphides,94,1.0,True,False,ml_old_20260402_234855,toolcalling,success,2,success_step2
ml_sulphides,95,0.0,False,False,ml_old_20260402_234855,toolcalling,success,2,success_step2
ml_sulphides,97,0.0,False,False,ml_old_20260402_234855,toolcalling,success,2,success_step2
ml_sulphides,99,0.0,False,False,ml_old_20260402_234855,toolcalling,success,2,success_step2
ml_sulphides,101,1.0,True,False,ml_old_20260402_234855,toolcalling,success,2,success_step2
ml_sulphides,103,0.0,False,False,ml_old_20260402_234855,toolcalling,success,2,success_step2
ml_sulphides,105,0.0,False,False,ml_old_20260402_234855,toolcalling,success,2,success_step2
ml_nitrides,17,1.0,True,False,ml_old_20260402_234855,toolcalling,success,-1,success_stepn1
ml_nitrides,20,0.0,False,False,ml_old_20260402_234855,toolcalling,success,-1,success_stepn1
ml_nitrides,27,0.0,False,False,ml_old_20260402_234855,toolcalling,success,-1,success_stepn1
ml_nitrides,31,1.0,True,False,ml_old_20260402_234855,toolcalling,success,-1,success_stepn1
ml_nitrides,33,1.0,True,False,ml_old_20260402_234855,toolcalling,success,-1,success_stepn1
ml_nitrides,37,0.0,False,False,ml_old_20260402_234855,toolcalling,success,-1,success_stepn1
ml_nitrides,40,1.0,True,False,ml_old_20260402_234855,toolcalling,success,-1,success_stepn1
ml_nitrides,47,1.0,True,False,ml_old_20260402_234855,toolcalling,success,-1,success_stepn1
ml_nitrides,52,0.0,False,False,ml_old_20260402_234855,toolcalling,success,-1,success_stepn1
ml_nitrides,57,0.0,False,False,ml_old_20260402_234855,toolcalling,success,-1,success_stepn1
ml_nitrides,60,0.0,False,False,ml_old_20260402_234855,toolcalling,success,-1,success_stepn1
ml_nitrides,63,0.0,False,False,ml_old_20260402_234855,toolcalling,success,-1,success_stepn1
ml_nitrides,67,0.0,False,False,ml_old_20260402_234855,toolcalling,success,-1,success_stepn1
ml_nitrides,71,0.0,False,False,ml_old_20260402_234855,toolcalling,success,-1,success_stepn1
ml_nitrides,74,0.0,False,False,ml_old_20260402_234855,toolcalling,success,-1,success_stepn1
ml_sulphides,17,0.0,False,False,ml_old_20260402_234855,toolcalling,success,-1,success_stepn1
ml_sulphides,19,1.0,True,False,ml_old_20260402_234855,toolcalling,success,-1,success_stepn1
ml_sulphides,24,0.0,False,False,ml_old_20260402_234855,toolcalling,success,-1,success_stepn1
ml_sulphides,27,1.0,True,False,ml_old_20260402_234855,toolcalling,success,-1,success_stepn1
ml_sulphides,29,0.0,False,False,ml_old_20260402_234855,toolcalling,success,-1,success_stepn1
ml_sulphides,33,0.0,False,False,ml_old_20260402_234855,toolcalling,success,-1,success_stepn1
ml_sulphides,35,0.0,False,False,ml_old_20260402_234855,toolcalling,success,-1,success_stepn1
ml_sulphides,38,1.0,True,False,ml_old_20260402_234855,toolcalling,success,-1,success_stepn1
ml_sulphides,41,1.0,True,False,ml_old_20260402_234855,toolcalling,success,-1,success_stepn1
ml_sulphides,45,1.0,True,False,ml_old_20260402_234855,toolcalling,success,-1,success_stepn1
ml_sulphides,48,0.0,False,False,ml_old_20260402_234855,toolcalling,success,-1,success_stepn1
ml_sulphides,52,1.0,True,False,ml_old_20260402_234855,toolcalling,success,-1,success_stepn1
ml_sulphides,55,0.0,False,False,ml_old_20260402_234855,toolcalling,success,-1,success_stepn1
ml_sulphides,58,0.0,False,False,ml_old_20260402_234855,toolcalling,success,-1,success_stepn1
ml_sulphides,61,0.0,False,False,ml_old_20260402_234855,toolcalling,success,-1,success_stepn1
ml_nitrides,16,1.0,True,False,ml_old_20260402_234855,toolcalling,success,-2,success_stepn2
ml_nitrides,23,1.0,True,False,ml_old_20260402_234855,toolcalling,success,-2,success_stepn2
ml_nitrides,28,0.0,False,False,ml_old_20260402_234855,toolcalling,success,-2,success_stepn2
ml_nitrides,36,1.0,True,False,ml_old_20260402_234855,toolcalling,success,-2,success_stepn2
ml_nitrides,39,1.0,True,False,ml_old_20260402_234855,toolcalling,success,-2,success_stepn2
ml_nitrides,45,1.0,True,False,ml_old_20260402_234855,toolcalling,success,-2,success_stepn2
ml_nitrides,48,0.0,False,False,ml_old_20260402_234855,toolcalling,success,-2,success_stepn2
ml_nitrides,51,0.0,False,False,ml_old_20260402_234855,toolcalling,success,-2,success_stepn2
ml_nitrides,70,0.0,False,False,ml_old_20260402_234855,toolcalling,success,-2,success_stepn2
ml_nitrides,75,1.0,True,False,ml_old_20260402_234855,toolcalling,success,-2,success_stepn2
ml_nitrides,76,0.0,False,False,ml_old_20260402_234855,toolcalling,success,-2,success_stepn2
ml_nitrides,80,0.0,False,False,ml_old_20260402_234855,toolcalling,success,-2,success_stepn2
ml_nitrides,83,0.0,False,False,ml_old_20260402_234855,toolcalling,success,-2,success_stepn2
ml_nitrides,85,0.0,False,False,ml_old_20260402_234855,toolcalling,success,-2,success_stepn2
ml_nitrides,86,1.0,True,False,ml_old_20260402_234855,toolcalling,success,-2,success_stepn2
ml_sulphides,31,0.0,False,False,ml_old_20260402_234855,toolcalling,success,-2,success_stepn2
ml_sulphides,40,0.0,False,False,ml_old_20260402_234855,toolcalling,success,-2,success_stepn2
ml_sulphides,44,1.0,True,False,ml_old_20260402_234855,toolcalling,success,-2,success_stepn2
ml_sulphides,47,0.0,False,False,ml_old_20260402_234855,toolcalling,success,-2,success_stepn2
ml_sulphides,50,1.0,True,False,ml_old_20260402_234855,toolcalling,success,-2,success_stepn2
ml_sulphides,54,0.0,False,False,ml_old_20260402_234855,toolcalling,success,-2,success_stepn2
ml_sulphides,57,1.0,True,False,ml_old_20260402_234855,toolcalling,success,-2,success_stepn2
ml_sulphides,60,0.0,False,False,ml_old_20260402_234855,toolcalling,success,-2,success_stepn2
ml_sulphides,63,1.0,True,False,ml_old_20260402_234855,toolcalling,success,-2,success_stepn2
ml_sulphides,65,0.0,False,False,ml_old_20260402_234855,toolcalling,success,-2,success_stepn2
ml_sulphides,66,0.0,False,False,ml_old_20260402_234855,toolcalling,success,-2,success_stepn2
ml_sulphides,67,1.0,True,False,ml_old_20260402_234855,toolcalling,success,-2,success_stepn2
ml_sulphides,69,1.0,True,False,ml_old_20260402_234855,toolcalling,success,-2,success_stepn2
ml_sulphides,71,1.0,True,False,ml_old_20260402_234855,toolcalling,success,-2,success_stepn2
ml_sulphides,73,0.0,False,False,ml_old_20260402_234855,toolcalling,success,-2,success_stepn2
task_2,1,1.0,True,False,resistor,react,none,0,baseline
task_2,2,1.0,True,False,resistor,react,none,0,baseline
task_2,3,1.0,True,False,resistor,react,none,0,baseline
task_2,4,1.0,True,False,resistor,react,none,0,baseline
task_2,5,1.0,True,False,resistor,react,none,0,baseline
task_2,6,1.0,True,False,resistor,react,none,0,baseline
task_2,7,1.0,True,False,resistor,react,none,0,baseline
task_2,8,1.0,True,False,resistor,react,none,0,baseline
task_2,9,1.0,True,False,resistor,react,none,0,baseline
task_2,10,1.0,True,False,resistor,react,none,0,baseline
task_2,11,1.0,True,False,resistor,react,none,0,baseline
task_2,12,1.0,True,False,resistor,react,none,0,baseline
task_2,13,1.0,True,False,resistor,react,none,0,baseline
task_2,14,1.0,True,False,resistor,react,none,0,baseline
task_2,15,1.0,True,False,resistor,react,none,0,baseline
task_3,1,1.0,True,False,resistor,react,none,0,baseline
task_3,2,0.0,False,False,resistor,react,none,0,baseline
task_3,3,1.0,True,False,resistor,react,none,0,baseline
task_3,4,1.0,True,False,resistor,react,none,0,baseline
task_3,5,1.0,True,False,resistor,react,none,0,baseline
task_3,6,0.0,False,False,resistor,react,none,0,baseline
task_3,7,0.0,False,False,resistor,react,none,0,baseline
task_3,8,1.0,True,False,resistor,react,none,0,baseline
task_3,9,1.0,True,False,resistor,react,none,0,baseline
task_3,10,0.0,False,False,resistor,react,none,0,baseline
task_3,11,1.0,True,False,resistor,react,none,0,baseline
task_3,12,1.0,True,False,resistor,react,none,0,baseline
task_3,13,1.0,True,False,resistor,react,none,0,baseline
task_3,14,0.0,False,False,resistor,react,none,0,baseline
task_3,15,0.0,False,False,resistor,react,none,0,baseline
task_4,1,0.0,False,False,resistor,react,none,0,baseline
task_4,2,1.0,True,False,resistor,react,none,0,baseline
task_4,3,0.0,False,False,resistor,react,none,0,baseline
task_4,4,1.0,True,False,resistor,react,none,0,baseline
task_4,5,0.0,False,False,resistor,react,none,0,baseline
task_4,6,0.0,False,False,resistor,react,none,0,baseline
task_4,7,0.0,False,False,resistor,react,none,0,baseline
task_4,8,1.0,True,False,resistor,react,none,0,baseline
task_4,9,0.0,False,False,resistor,react,none,0,baseline
task_4,10,1.0,True,False,resistor,react,none,0,baseline
task_4,11,1.0,True,False,resistor,react,none,0,baseline
task_4,12,1.0,True,False,resistor,react,none,0,baseline
task_4,13,0.0,False,False,resistor,react,none,0,baseline
task_4,14,1.0,True,False,resistor,react,none,0,baseline
task_4,15,1.0,True,False,resistor,react,none,0,baseline
task_5,1,1.0,True,False,resistor,react,none,0,baseline
task_5,2,1.0,True,False,resistor,react,none,0,baseline
task_5,3,1.0,True,False,resistor,react,none,0,baseline
task_5,4,1.0,True,False,resistor,react,none,0,baseline
task_5,5,1.0,True,False,resistor,react,none,0,baseline
task_5,6,1.0,True,False,resistor,react,none,0,baseline
task_5,7,1.0,True,False,resistor,react,none,0,baseline
task_5,8,1.0,True,False,resistor,react,none,0,baseline
task_5,9,1.0,True,False,resistor,react,none,0,baseline
task_5,10,1.0,True,False,resistor,react,none,0,baseline
task_5,11,1.0,True,False,resistor,react,none,0,baseline
task_5,12,1.0,True,False,resistor,react,none,0,baseline
task_5,13,0.0,False,False,resistor,react,none,0,baseline
task_5,14,0.0,False,False,resistor,react,none,0,baseline
task_5,15,0.0,False,False,resistor,react,none,0,baseline
task_3,17,1.0,True,False,resistor,react,failed,1,failed_step1
task_3,19,1.0,True,False,resistor,react,failed,1,failed_step1
task_3,25,0.0,False,False,resistor,react,failed,1,failed_step1
task_3,27,1.0,True,False,resistor,react,failed,1,failed_step1
task_3,28,1.0,True,False,resistor,react,failed,1,failed_step1
task_3,29,1.0,True,False,resistor,react,failed,1,failed_step1
task_3,30,1.0,True,False,resistor,react,failed,1,failed_step1
task_3,35,0.0,False,False,resistor,react,failed,1,failed_step1
task_3,37,1.0,True,False,resistor,react,failed,1,failed_step1
task_3,39,0.0,False,False,resistor,react,failed,1,failed_step1
task_3,41,1.0,True,False,resistor,react,failed,1,failed_step1
task_3,42,0.0,False,False,resistor,react,failed,1,failed_step1
task_3,43,0.0,False,False,resistor,react,failed,1,failed_step1
task_3,44,1.0,True,False,resistor,react,failed,1,failed_step1
task_3,45,0.0,False,False,resistor,react,failed,1,failed_step1
task_4,26,0.0,False,False,resistor,react,failed,1,failed_step1
task_4,33,1.0,True,False,resistor,react,failed,1,failed_step1
task_4,44,0.0,False,False,resistor,react,failed,1,failed_step1
task_4,48,0.0,False,False,resistor,react,failed,1,failed_step1
task_4,50,0.0,False,False,resistor,react,failed,1,failed_step1
task_4,53,0.0,False,False,resistor,react,failed,1,failed_step1
task_4,55,0.0,False,False,resistor,react,failed,1,failed_step1
task_4,57,0.0,False,False,resistor,react,failed,1,failed_step1
task_4,59,0.0,False,False,resistor,react,failed,1,failed_step1
task_4,60,1.0,True,False,resistor,react,failed,1,failed_step1
task_4,62,0.0,False,False,resistor,react,failed,1,failed_step1
task_4,64,0.0,False,False,resistor,react,failed,1,failed_step1
task_4,66,1.0,True,False,resistor,react,failed,1,failed_step1
task_4,68,0.0,False,False,resistor,react,failed,1,failed_step1
task_4,70,1.0,True,False,resistor,react,failed,1,failed_step1
task_5,46,0.0,False,False,resistor,react,failed,1,failed_step1
task_5,48,1.0,True,False,resistor,react,failed,1,failed_step1
task_5,50,1.0,True,False,resistor,react,failed,1,failed_step1
task_5,52,0.0,False,False,resistor,react,failed,1,failed_step1
task_5,53,1.0,True,False,resistor,react,failed,1,failed_step1
task_5,55,1.0,True,False,resistor,react,failed,1,failed_step1
task_5,57,1.0,True,False,resistor,react,failed,1,failed_step1
task_5,60,0.0,False,False,resistor,react,failed,1,failed_step1
task_5,64,1.0,True,False,resistor,react,failed,1,failed_step1
task_5,67,1.0,True,False,resistor,react,failed,1,failed_step1
task_5,70,0.0,False,False,resistor,react,failed,1,failed_step1
task_5,72,1.0,True,False,resistor,react,failed,1,failed_step1
task_5,73,0.0,False,False,resistor,react,failed,1,failed_step1
task_5,74,1.0,True,False,resistor,react,failed,1,failed_step1
task_5,75,0.0,False,False,resistor,react,failed,1,failed_step1
task_3,2,1.0,True,False,resistor,react,failed,2,failed_step2
task_3,5,1.0,True,False,resistor,react,failed,2,failed_step2
task_3,13,1.0,True,False,resistor,react,failed,2,failed_step2
task_3,14,1.0,True,False,resistor,react,failed,2,failed_step2
task_3,15,1.0,True,False,resistor,react,failed,2,failed_step2
task_3,19,0.0,False,False,resistor,react,failed,2,failed_step2
task_3,22,0.0,False,False,resistor,react,failed,2,failed_step2
task_3,23,1.0,True,False,resistor,react,failed,2,failed_step2
task_3,24,1.0,True,False,resistor,react,failed,2,failed_step2
task_3,25,1.0,True,False,resistor,react,failed,2,failed_step2
task_3,26,1.0,True,False,resistor,react,failed,2,failed_step2
task_3,27,1.0,True,False,resistor,react,failed,2,failed_step2
task_3,28,1.0,True,False,resistor,react,failed,2,failed_step2
task_3,29,0.0,False,False,resistor,react,failed,2,failed_step2
task_3,30,1.0,True,False,resistor,react,failed,2,failed_step2
task_4,16,0.0,False,False,resistor,react,failed,2,failed_step2
task_4,17,1.0,True,False,resistor,react,failed,2,failed_step2
task_4,18,0.0,False,False,resistor,react,failed,2,failed_step2
task_4,19,0.0,False,False,resistor,react,failed,2,failed_step2
task_4,20,0.0,False,False,resistor,react,failed,2,failed_step2
task_4,21,0.0,False,False,resistor,react,failed,2,failed_step2
task_4,22,0.0,False,False,resistor,react,failed,2,failed_step2
task_4,23,0.0,False,False,resistor,react,failed,2,failed_step2
task_4,24,0.0,False,False,resistor,react,failed,2,failed_step2
task_4,25,0.0,False,False,resistor,react,failed,2,failed_step2
task_4,26,0.0,False,False,resistor,react,failed,2,failed_step2
task_4,27,0.0,False,False,resistor,react,failed,2,failed_step2
task_4,28,0.0,False,False,resistor,react,failed,2,failed_step2
task_4,29,0.0,False,False,resistor,react,failed,2,failed_step2
task_4,30,0.0,False,False,resistor,react,failed,2,failed_step2
task_5,17,1.0,True,False,resistor,react,failed,2,failed_step2
task_5,19,1.0,True,False,resistor,react,failed,2,failed_step2
task_5,21,1.0,True,False,resistor,react,failed,2,failed_step2
task_5,23,0.0,False,False,resistor,react,failed,2,failed_step2
task_5,26,0.0,False,False,resistor,react,failed,2,failed_step2
task_5,27,1.0,True,False,resistor,react,failed,2,failed_step2
task_5,29,1.0,True,False,resistor,react,failed,2,failed_step2
task_5,31,1.0,True,False,resistor,react,failed,2,failed_step2
task_5,32,1.0,True,False,resistor,react,failed,2,failed_step2
task_5,34,1.0,True,False,resistor,react,failed,2,failed_step2
task_5,35,1.0,True,False,resistor,react,failed,2,failed_step2
task_5,38,1.0,True,False,resistor,react,failed,2,failed_step2
task_5,40,1.0,True,False,resistor,react,failed,2,failed_step2
task_5,43,0.0,False,False,resistor,react,failed,2,failed_step2
task_5,1,1.0,True,False,resistor,react,failed,2,failed_step2
task_3,6,0.0,False,False,resistor,react,failed,-1,failed_stepn1
task_3,8,0.0,False,False,resistor,react,failed,-1,failed_stepn1
task_3,10,0.0,False,False,resistor,react,failed,-1,failed_stepn1
task_3,14,0.0,False,False,resistor,react,failed,-1,failed_stepn1
task_3,19,1.0,True,False,resistor,react,failed,-1,failed_stepn1
task_3,21,0.0,False,False,resistor,react,failed,-1,failed_stepn1
task_3,22,0.0,False,False,resistor,react,failed,-1,failed_stepn1
task_3,23,1.0,True,False,resistor,react,failed,-1,failed_stepn1
task_3,24,0.0,False,False,resistor,react,failed,-1,failed_stepn1
task_3,25,0.0,False,False,resistor,react,failed,-1,failed_stepn1
task_3,26,0.0,False,False,resistor,react,failed,-1,failed_stepn1
task_3,27,0.0,False,False,resistor,react,failed,-1,failed_stepn1
task_3,28,0.0,False,False,resistor,react,failed,-1,failed_stepn1
task_3,29,0.0,False,False,resistor,react,failed,-1,failed_stepn1
task_3,30,1.0,True,False,resistor,react,failed,-1,failed_stepn1
task_4,16,0.0,False,False,resistor,react,failed,-1,failed_stepn1
task_4,17,0.0,False,False,resistor,react,failed,-1,failed_stepn1
task_4,18,0.0,False,False,resistor,react,failed,-1,failed_stepn1
task_4,19,0.0,False,False,resistor,react,failed,-1,failed_stepn1
task_4,20,0.0,False,False,resistor,react,failed,-1,failed_stepn1
task_4,21,0.0,False,False,resistor,react,failed,-1,failed_stepn1
task_4,22,0.0,False,False,resistor,react,failed,-1,failed_stepn1
task_4,23,0.0,False,False,resistor,react,failed,-1,failed_stepn1
task_4,24,0.0,False,False,resistor,react,failed,-1,failed_stepn1
task_4,25,0.0,False,False,resistor,react,failed,-1,failed_stepn1
task_4,26,0.0,False,False,resistor,react,failed,-1,failed_stepn1
task_4,27,0.0,False,False,resistor,react,failed,-1,failed_stepn1
task_4,28,0.0,False,False,resistor,react,failed,-1,failed_stepn1
task_4,29,0.0,False,False,resistor,react,failed,-1,failed_stepn1
task_4,30,0.0,False,False,resistor,react,failed,-1,failed_stepn1
task_5,17,0.0,False,False,resistor,react,failed,-1,failed_stepn1
task_5,18,0.0,False,False,resistor,react,failed,-1,failed_stepn1
task_5,19,0.0,False,False,resistor,react,failed,-1,failed_stepn1
task_5,20,0.0,False,False,resistor,react,failed,-1,failed_stepn1
task_5,21,1.0,True,False,resistor,react,failed,-1,failed_stepn1
task_5,22,1.0,True,False,resistor,react,failed,-1,failed_stepn1
task_5,23,0.0,False,False,resistor,react,failed,-1,failed_stepn1
task_5,24,0.0,False,False,resistor,react,failed,-1,failed_stepn1
task_5,25,0.0,False,False,resistor,react,failed,-1,failed_stepn1
task_5,26,0.0,False,False,resistor,react,failed,-1,failed_stepn1
task_5,27,0.0,False,False,resistor,react,failed,-1,failed_stepn1
task_5,28,0.0,False,False,resistor,react,failed,-1,failed_stepn1
task_5,29,0.0,False,False,resistor,react,failed,-1,failed_stepn1
task_5,30,0.0,False,False,resistor,react,failed,-1,failed_stepn1
task_5,31,0.0,False,False,resistor,react,failed,-1,failed_stepn1
task_3,3,1.0,True,False,resistor,react,failed,-2,failed_stepn2
task_3,5,0.0,False,False,resistor,react,failed,-2,failed_stepn2
task_3,6,1.0,True,False,resistor,react,failed,-2,failed_stepn2
task_3,8,0.0,False,False,resistor,react,failed,-2,failed_stepn2
task_3,10,0.0,False,False,resistor,react,failed,-2,failed_stepn2
task_3,11,0.0,False,False,resistor,react,failed,-2,failed_stepn2
task_3,12,0.0,False,False,resistor,react,failed,-2,failed_stepn2
task_3,14,0.0,False,False,resistor,react,failed,-2,failed_stepn2
task_3,19,0.0,False,False,resistor,react,failed,-2,failed_stepn2
task_3,21,0.0,False,False,resistor,react,failed,-2,failed_stepn2
task_3,22,0.0,False,False,resistor,react,failed,-2,failed_stepn2
task_3,23,0.0,False,False,resistor,react,failed,-2,failed_stepn2
task_3,25,0.0,False,False,resistor,react,failed,-2,failed_stepn2
task_3,26,0.0,False,False,resistor,react,failed,-2,failed_stepn2
task_3,27,0.0,False,False,resistor,react,failed,-2,failed_stepn2
task_4,3,0.0,False,False,resistor,react,failed,-2,failed_stepn2
task_4,6,0.0,False,False,resistor,react,failed,-2,failed_stepn2
task_4,11,0.0,False,False,resistor,react,failed,-2,failed_stepn2
task_4,16,1.0,True,False,resistor,react,failed,-2,failed_stepn2
task_4,20,0.0,False,False,resistor,react,failed,-2,failed_stepn2
task_4,21,0.0,False,False,resistor,react,failed,-2,failed_stepn2
task_4,22,0.0,False,False,resistor,react,failed,-2,failed_stepn2
task_4,23,0.0,False,False,resistor,react,failed,-2,failed_stepn2
task_4,24,0.0,False,False,resistor,react,failed,-2,failed_stepn2
task_4,25,0.0,False,False,resistor,react,failed,-2,failed_stepn2
task_4,26,0.0,False,False,resistor,react,failed,-2,failed_stepn2
task_4,27,0.0,False,False,resistor,react,failed,-2,failed_stepn2
task_4,28,0.0,False,False,resistor,react,failed,-2,failed_stepn2
task_4,29,0.0,False,False,resistor,react,failed,-2,failed_stepn2
task_4,30,0.0,False,False,resistor,react,failed,-2,failed_stepn2
task_5,16,0.0,False,False,resistor,react,failed,-2,failed_stepn2
task_5,17,0.0,False,False,resistor,react,failed,-2,failed_stepn2
task_5,18,0.0,False,False,resistor,react,failed,-2,failed_stepn2
task_5,19,0.0,False,False,resistor,react,failed,-2,failed_stepn2
task_5,20,0.0,False,False,resistor,react,failed,-2,failed_stepn2
task_5,21,1.0,True,False,resistor,react,failed,-2,failed_stepn2
task_5,22,1.0,True,False,resistor,react,failed,-2,failed_stepn2
task_5,23,0.0,False,False,resistor,react,failed,-2,failed_stepn2
task_5,24,0.0,False,False,resistor,react,failed,-2,failed_stepn2
task_5,25,0.0,False,False,resistor,react,failed,-2,failed_stepn2
task_5,26,0.0,False,False,resistor,react,failed,-2,failed_stepn2
task_5,27,0.0,False,False,resistor,react,failed,-2,failed_stepn2
task_5,28,0.0,False,False,resistor,react,failed,-2,failed_stepn2
task_5,29,0.0,False,False,resistor,react,failed,-2,failed_stepn2
task_5,31,0.0,False,False,resistor,react,failed,-2,failed_stepn2
task_3,16,1.0,True,False,resistor,react,success,1,success_step1
task_3,18,0.0,False,False,resistor,react,success,1,success_step1
task_3,20,1.0,True,False,resistor,react,success,1,success_step1
task_3,21,1.0,True,False,resistor,react,success,1,success_step1
task_3,22,1.0,True,False,resistor,react,success,1,success_step1
task_3,23,1.0,True,False,resistor,react,success,1,success_step1
task_3,24,1.0,True,False,resistor,react,success,1,success_step1
task_3,26,1.0,True,False,resistor,react,success,1,success_step1
task_3,31,0.0,False,False,resistor,react,success,1,success_step1
task_3,32,1.0,True,False,resistor,react,success,1,success_step1
task_3,33,1.0,True,False,resistor,react,success,1,success_step1
task_3,34,1.0,True,False,resistor,react,success,1,success_step1
task_3,36,1.0,True,False,resistor,react,success,1,success_step1
task_3,38,0.0,False,False,resistor,react,success,1,success_step1
task_3,40,1.0,True,False,resistor,react,success,1,success_step1
task_4,16,1.0,True,False,resistor,react,success,1,success_step1
task_4,17,1.0,True,False,resistor,react,success,1,success_step1
task_4,18,1.0,True,False,resistor,react,success,1,success_step1
task_4,19,1.0,True,False,resistor,react,success,1,success_step1
task_4,21,1.0,True,False,resistor,react,success,1,success_step1
task_4,25,1.0,True,False,resistor,react,success,1,success_step1
task_4,27,1.0,True,False,resistor,react,success,1,success_step1
task_4,28,1.0,True,False,resistor,react,success,1,success_step1
task_4,29,1.0,True,False,resistor,react,success,1,success_step1
task_4,32,1.0,True,False,resistor,react,success,1,success_step1
task_4,38,1.0,True,False,resistor,react,success,1,success_step1
task_4,40,1.0,True,False,resistor,react,success,1,success_step1
task_4,42,1.0,True,False,resistor,react,success,1,success_step1
task_4,45,1.0,True,False,resistor,react,success,1,success_step1
task_4,47,1.0,True,False,resistor,react,success,1,success_step1
task_5,19,0.0,False,False,resistor,react,success,1,success_step1
task_5,21,1.0,True,False,resistor,react,success,1,success_step1
task_5,25,0.0,False,False,resistor,react,success,1,success_step1
task_5,29,0.0,False,False,resistor,react,success,1,success_step1
task_5,30,1.0,True,False,resistor,react,success,1,success_step1
task_5,32,1.0,True,False,resistor,react,success,1,success_step1
task_5,35,1.0,True,False,resistor,react,success,1,success_step1
task_5,36,1.0,True,False,resistor,react,success,1,success_step1
task_5,37,1.0,True,False,resistor,react,success,1,success_step1
task_5,39,1.0,True,False,resistor,react,success,1,success_step1
task_5,41,1.0,True,False,resistor,react,success,1,success_step1
task_5,42,1.0,True,False,resistor,react,success,1,success_step1
task_5,43,1.0,True,False,resistor,react,success,1,success_step1
task_5,44,1.0,True,False,resistor,react,success,1,success_step1
task_5,45,1.0,True,False,resistor,react,success,1,success_step1
task_3,1,1.0,True,False,resistor,react,success,2,success_step2
task_3,3,0.0,False,False,resistor,react,success,2,success_step2
task_3,4,1.0,True,False,resistor,react,success,2,success_step2
task_3,6,1.0,True,False,resistor,react,success,2,success_step2
task_3,7,1.0,True,False,resistor,react,success,2,success_step2
task_3,8,1.0,True,False,resistor,react,success,2,success_step2
task_3,9,1.0,True,False,resistor,react,success,2,success_step2
task_3,10,1.0,True,False,resistor,react,success,2,success_step2
task_3,11,1.0,True,False,resistor,react,success,2,success_step2
task_3,12,1.0,True,False,resistor,react,success,2,success_step2
task_3,16,1.0,True,False,resistor,react,success,2,success_step2
task_3,17,1.0,True,False,resistor,react,success,2,success_step2
task_3,18,1.0,True,False,resistor,react,success,2,success_step2
task_3,20,1.0,True,False,resistor,react,success,2,success_step2
task_3,21,1.0,True,False,resistor,react,success,2,success_step2
task_4,1,1.0,True,False,resistor,react,success,2,success_step2
task_4,2,1.0,True,False,resistor,react,success,2,success_step2
task_4,3,1.0,True,False,resistor,react,success,2,success_step2
task_4,4,1.0,True,False,resistor,react,success,2,success_step2
task_4,5,1.0,True,False,resistor,react,success,2,success_step2
task_4,6,0.0,False,False,resistor,react,success,2,success_step2
task_4,7,1.0,True,False,resistor,react,success,2,success_step2
task_4,8,1.0,True,False,resistor,react,success,2,success_step2
task_4,9,1.0,True,False,resistor,react,success,2,success_step2
task_4,10,1.0,True,False,resistor,react,success,2,success_step2
task_4,11,1.0,True,False,resistor,react,success,2,success_step2
task_4,12,1.0,True,False,resistor,react,success,2,success_step2
task_4,13,1.0,True,False,resistor,react,success,2,success_step2
task_4,14,1.0,True,False,resistor,react,success,2,success_step2
task_4,15,1.0,True,False,resistor,react,success,2,success_step2
task_5,1,1.0,True,False,resistor,react,success,2,success_step2
task_5,2,1.0,True,False,resistor,react,success,2,success_step2
task_5,3,1.0,True,False,resistor,react,success,2,success_step2
task_5,4,1.0,True,False,resistor,react,success,2,success_step2
task_5,5,1.0,True,False,resistor,react,success,2,success_step2
task_5,6,1.0,True,False,resistor,react,success,2,success_step2
task_5,7,1.0,True,False,resistor,react,success,2,success_step2
task_5,8,1.0,True,False,resistor,react,success,2,success_step2
task_5,9,1.0,True,False,resistor,react,success,2,success_step2
task_5,10,1.0,True,False,resistor,react,success,2,success_step2
task_5,11,1.0,True,False,resistor,react,success,2,success_step2
task_5,12,1.0,True,False,resistor,react,success,2,success_step2
task_5,13,1.0,True,False,resistor,react,success,2,success_step2
task_5,14,1.0,True,False,resistor,react,success,2,success_step2
task_5,15,1.0,True,False,resistor,react,success,2,success_step2
task_3,1,1.0,True,False,resistor,react,success,-1,success_stepn1
task_3,2,1.0,True,False,resistor,react,success,-1,success_stepn1
task_3,3,1.0,True,False,resistor,react,success,-1,success_stepn1
task_3,4,1.0,True,False,resistor,react,success,-1,success_stepn1
task_3,5,1.0,True,False,resistor,react,success,-1,success_stepn1
task_3,7,1.0,True,False,resistor,react,success,-1,success_stepn1
task_3,9,1.0,True,False,resistor,react,success,-1,success_stepn1
task_3,11,1.0,True,False,resistor,react,success,-1,success_stepn1
task_3,12,1.0,True,False,resistor,react,success,-1,success_stepn1
task_3,13,1.0,True,False,resistor,react,success,-1,success_stepn1
task_3,15,1.0,True,False,resistor,react,success,-1,success_stepn1
task_3,16,1.0,True,False,resistor,react,success,-1,success_stepn1
task_3,17,1.0,True,False,resistor,react,success,-1,success_stepn1
task_3,18,1.0,True,False,resistor,react,success,-1,success_stepn1
task_3,20,1.0,True,False,resistor,react,success,-1,success_stepn1
task_4,1,1.0,True,False,resistor,react,success,-1,success_stepn1
task_4,2,1.0,True,False,resistor,react,success,-1,success_stepn1
task_4,3,1.0,True,False,resistor,react,success,-1,success_stepn1
task_4,4,1.0,True,False,resistor,react,success,-1,success_stepn1
task_4,5,1.0,True,False,resistor,react,success,-1,success_stepn1
task_4,6,1.0,True,False,resistor,react,success,-1,success_stepn1
task_4,7,1.0,True,False,resistor,react,success,-1,success_stepn1
task_4,8,1.0,True,False,resistor,react,success,-1,success_stepn1
task_4,9,1.0,True,False,resistor,react,success,-1,success_stepn1
task_4,10,1.0,True,False,resistor,react,success,-1,success_stepn1
task_4,11,1.0,True,False,resistor,react,success,-1,success_stepn1
task_4,12,1.0,True,False,resistor,react,success,-1,success_stepn1
task_4,13,1.0,True,False,resistor,react,success,-1,success_stepn1
task_4,14,1.0,True,False,resistor,react,success,-1,success_stepn1
task_4,15,1.0,True,False,resistor,react,success,-1,success_stepn1
task_5,2,1.0,True,False,resistor,react,success,-1,success_stepn1
task_5,3,1.0,True,False,resistor,react,success,-1,success_stepn1
task_5,4,1.0,True,False,resistor,react,success,-1,success_stepn1
task_5,5,1.0,True,False,resistor,react,success,-1,success_stepn1
task_5,6,1.0,True,False,resistor,react,success,-1,success_stepn1
task_5,7,1.0,True,False,resistor,react,success,-1,success_stepn1
task_5,8,1.0,True,False,resistor,react,success,-1,success_stepn1
task_5,9,1.0,True,False,resistor,react,success,-1,success_stepn1
task_5,10,1.0,True,False,resistor,react,success,-1,success_stepn1
task_5,11,1.0,True,False,resistor,react,success,-1,success_stepn1
task_5,12,1.0,True,False,resistor,react,success,-1,success_stepn1
task_5,13,1.0,True,False,resistor,react,success,-1,success_stepn1
task_5,14,1.0,True,False,resistor,react,success,-1,success_stepn1
task_5,15,1.0,True,False,resistor,react,success,-1,success_stepn1
task_5,16,1.0,True,False,resistor,react,success,-1,success_stepn1
task_3,1,1.0,True,False,resistor,react,success,-2,success_stepn2
task_3,2,1.0,True,False,resistor,react,success,-2,success_stepn2
task_3,4,1.0,True,False,resistor,react,success,-2,success_stepn2
task_3,7,1.0,True,False,resistor,react,success,-2,success_stepn2
task_3,9,1.0,True,False,resistor,react,success,-2,success_stepn2
task_3,13,1.0,True,False,resistor,react,success,-2,success_stepn2
task_3,15,1.0,True,False,resistor,react,success,-2,success_stepn2
task_3,16,1.0,True,False,resistor,react,success,-2,success_stepn2
task_3,17,1.0,True,False,resistor,react,success,-2,success_stepn2
task_3,18,1.0,True,False,resistor,react,success,-2,success_stepn2
task_3,20,1.0,True,False,resistor,react,success,-2,success_stepn2
task_3,24,1.0,True,False,resistor,react,success,-2,success_stepn2
task_3,28,0.0,False,False,resistor,react,success,-2,success_stepn2
task_3,29,1.0,True,False,resistor,react,success,-2,success_stepn2
task_3,30,1.0,True,False,resistor,react,success,-2,success_stepn2
task_4,1,1.0,True,False,resistor,react,success,-2,success_stepn2
task_4,2,1.0,True,False,resistor,react,success,-2,success_stepn2
task_4,4,1.0,True,False,resistor,react,success,-2,success_stepn2
task_4,5,1.0,True,False,resistor,react,success,-2,success_stepn2
task_4,7,1.0,True,False,resistor,react,success,-2,success_stepn2
task_4,8,1.0,True,False,resistor,react,success,-2,success_stepn2
task_4,9,1.0,True,False,resistor,react,success,-2,success_stepn2
task_4,10,1.0,True,False,resistor,react,success,-2,success_stepn2
task_4,12,1.0,True,False,resistor,react,success,-2,success_stepn2
task_4,13,1.0,True,False,resistor,react,success,-2,success_stepn2
task_4,14,1.0,True,False,resistor,react,success,-2,success_stepn2
task_4,15,1.0,True,False,resistor,react,success,-2,success_stepn2
task_4,17,1.0,True,False,resistor,react,success,-2,success_stepn2
task_4,18,1.0,True,False,resistor,react,success,-2,success_stepn2
task_4,19,1.0,True,False,resistor,react,success,-2,success_stepn2
task_5,1,1.0,True,False,resistor,react,success,-2,success_stepn2
task_5,2,1.0,True,False,resistor,react,success,-2,success_stepn2
task_5,3,1.0,True,False,resistor,react,success,-2,success_stepn2
task_5,4,1.0,True,False,resistor,react,success,-2,success_stepn2
task_5,5,1.0,True,False,resistor,react,success,-2,success_stepn2
task_5,6,1.0,True,False,resistor,react,success,-2,success_stepn2
task_5,7,1.0,True,False,resistor,react,success,-2,success_stepn2
task_5,8,1.0,True,False,resistor,react,success,-2,success_stepn2
task_5,9,1.0,True,False,resistor,react,success,-2,success_stepn2
task_5,10,1.0,True,False,resistor,react,success,-2,success_stepn2
task_5,11,1.0,True,False,resistor,react,success,-2,success_stepn2
task_5,12,1.0,True,False,resistor,react,success,-2,success_stepn2
task_5,13,1.0,True,False,resistor,react,success,-2,success_stepn2
task_5,14,1.0,True,False,resistor,react,success,-2,success_stepn2
task_5,15,1.0,True,False,resistor,react,success,-2,success_stepn2
task_2,1,1.0,True,False,resistor,toolcalling,none,0,baseline
task_2,2,1.0,True,False,resistor,toolcalling,none,0,baseline
task_2,3,1.0,True,False,resistor,toolcalling,none,0,baseline
task_2,4,1.0,True,False,resistor,toolcalling,none,0,baseline
task_2,5,1.0,True,False,resistor,toolcalling,none,0,baseline
task_2,6,1.0,True,False,resistor,toolcalling,none,0,baseline
task_2,7,1.0,True,False,resistor,toolcalling,none,0,baseline
task_2,8,1.0,True,False,resistor,toolcalling,none,0,baseline
task_2,9,1.0,True,False,resistor,toolcalling,none,0,baseline
task_2,10,1.0,True,False,resistor,toolcalling,none,0,baseline
task_2,11,1.0,True,False,resistor,toolcalling,none,0,baseline
task_2,12,1.0,True,False,resistor,toolcalling,none,0,baseline
task_2,13,1.0,True,False,resistor,toolcalling,none,0,baseline
task_2,14,1.0,True,False,resistor,toolcalling,none,0,baseline
task_2,15,1.0,True,False,resistor,toolcalling,none,0,baseline
task_3,1,0.0,False,False,resistor,toolcalling,none,0,baseline
task_3,2,0.0,False,False,resistor,toolcalling,none,0,baseline
task_3,3,0.0,False,False,resistor,toolcalling,none,0,baseline
task_3,4,1.0,True,False,resistor,toolcalling,none,0,baseline
task_3,5,1.0,True,False,resistor,toolcalling,none,0,baseline
task_3,6,1.0,True,False,resistor,toolcalling,none,0,baseline
task_3,7,1.0,True,False,resistor,toolcalling,none,0,baseline
task_3,8,1.0,True,False,resistor,toolcalling,none,0,baseline
task_3,9,1.0,True,False,resistor,toolcalling,none,0,baseline
task_3,10,1.0,True,False,resistor,toolcalling,none,0,baseline
task_3,11,1.0,True,False,resistor,toolcalling,none,0,baseline
task_3,12,0.0,False,False,resistor,toolcalling,none,0,baseline
task_3,13,0.0,False,False,resistor,toolcalling,none,0,baseline
task_3,14,0.0,False,False,resistor,toolcalling,none,0,baseline
task_3,15,1.0,True,False,resistor,toolcalling,none,0,baseline
task_4,1,0.0,False,False,resistor,toolcalling,none,0,baseline
task_4,2,0.0,False,False,resistor,toolcalling,none,0,baseline
task_4,3,0.0,False,False,resistor,toolcalling,none,0,baseline
task_4,4,0.0,False,False,resistor,toolcalling,none,0,baseline
task_4,5,1.0,True,False,resistor,toolcalling,none,0,baseline
task_4,6,1.0,True,False,resistor,toolcalling,none,0,baseline
task_4,7,1.0,True,False,resistor,toolcalling,none,0,baseline
task_4,8,0.0,False,False,resistor,toolcalling,none,0,baseline
task_4,9,1.0,True,False,resistor,toolcalling,none,0,baseline
task_4,10,1.0,True,False,resistor,toolcalling,none,0,baseline
task_4,11,1.0,True,False,resistor,toolcalling,none,0,baseline
task_4,12,0.0,False,False,resistor,toolcalling,none,0,baseline
task_4,13,0.0,False,False,resistor,toolcalling,none,0,baseline
task_4,14,0.0,False,False,resistor,toolcalling,none,0,baseline
task_4,15,0.0,False,False,resistor,toolcalling,none,0,baseline
task_5,1,0.0,False,False,resistor,toolcalling,none,0,baseline
task_5,2,1.0,True,False,resistor,toolcalling,none,0,baseline
task_5,3,1.0,True,False,resistor,toolcalling,none,0,baseline
task_5,4,1.0,True,False,resistor,toolcalling,none,0,baseline
task_5,5,0.0,False,False,resistor,toolcalling,none,0,baseline
task_5,6,0.0,False,False,resistor,toolcalling,none,0,baseline
task_5,7,1.0,True,False,resistor,toolcalling,none,0,baseline
task_5,8,0.0,False,False,resistor,toolcalling,none,0,baseline
task_5,9,0.0,False,False,resistor,toolcalling,none,0,baseline
task_5,10,0.0,False,False,resistor,toolcalling,none,0,baseline
task_5,11,0.0,False,False,resistor,toolcalling,none,0,baseline
task_5,12,0.0,False,False,resistor,toolcalling,none,0,baseline
task_5,13,1.0,True,False,resistor,toolcalling,none,0,baseline
task_5,14,1.0,True,False,resistor,toolcalling,none,0,baseline
task_5,15,0.0,False,False,resistor,toolcalling,none,0,baseline
task_3,16,1.0,True,False,resistor,toolcalling,failed,1,failed_step1
task_3,19,0.0,False,False,resistor,toolcalling,failed,1,failed_step1
task_3,20,1.0,True,False,resistor,toolcalling,failed,1,failed_step1
task_3,22,1.0,True,False,resistor,toolcalling,failed,1,failed_step1
task_3,27,0.0,False,False,resistor,toolcalling,failed,1,failed_step1
task_3,30,1.0,True,False,resistor,toolcalling,failed,1,failed_step1
task_3,32,1.0,True,False,resistor,toolcalling,failed,1,failed_step1
task_3,35,1.0,True,False,resistor,toolcalling,failed,1,failed_step1
task_3,37,1.0,True,False,resistor,toolcalling,failed,1,failed_step1
task_3,39,1.0,True,False,resistor,toolcalling,failed,1,failed_step1
task_3,40,1.0,True,False,resistor,toolcalling,failed,1,failed_step1
task_3,42,1.0,True,False,resistor,toolcalling,failed,1,failed_step1
task_3,43,1.0,True,False,resistor,toolcalling,failed,1,failed_step1
task_3,44,0.0,False,False,resistor,toolcalling,failed,1,failed_step1
task_3,45,1.0,True,False,resistor,toolcalling,failed,1,failed_step1
task_4,19,1.0,True,False,resistor,toolcalling,failed,1,failed_step1
task_4,22,0.0,False,False,resistor,toolcalling,failed,1,failed_step1
task_4,24,0.0,False,False,resistor,toolcalling,failed,1,failed_step1
task_4,27,0.0,False,False,resistor,toolcalling,failed,1,failed_step1
task_4,33,1.0,True,False,resistor,toolcalling,failed,1,failed_step1
task_4,39,0.0,False,False,resistor,toolcalling,failed,1,failed_step1
task_4,44,0.0,False,False,resistor,toolcalling,failed,1,failed_step1
task_4,49,0.0,False,False,resistor,toolcalling,failed,1,failed_step1
task_4,53,0.0,False,False,resistor,toolcalling,failed,1,failed_step1
task_4,55,0.0,False,False,resistor,toolcalling,failed,1,failed_step1
task_4,58,1.0,True,False,resistor,toolcalling,failed,1,failed_step1
task_4,59,1.0,True,False,resistor,toolcalling,failed,1,failed_step1
task_4,61,1.0,True,False,resistor,toolcalling,failed,1,failed_step1
task_4,63,0.0,False,False,resistor,toolcalling,failed,1,failed_step1
task_4,64,0.0,False,False,resistor,toolcalling,failed,1,failed_step1
task_5,34,0.0,False,False,resistor,toolcalling,failed,1,failed_step1
task_5,39,0.0,False,False,resistor,toolcalling,failed,1,failed_step1
task_5,42,0.0,False,False,resistor,toolcalling,failed,1,failed_step1
task_5,44,1.0,True,False,resistor,toolcalling,failed,1,failed_step1
task_5,50,0.0,False,False,resistor,toolcalling,failed,1,failed_step1
task_5,54,0.0,False,False,resistor,toolcalling,failed,1,failed_step1
task_5,58,1.0,True,False,resistor,toolcalling,failed,1,failed_step1
task_5,62,0.0,False,False,resistor,toolcalling,failed,1,failed_step1
task_5,65,0.0,False,False,resistor,toolcalling,failed,1,failed_step1
task_5,66,1.0,True,False,resistor,toolcalling,failed,1,failed_step1
task_5,68,0.0,False,False,resistor,toolcalling,failed,1,failed_step1
task_5,71,0.0,False,False,resistor,toolcalling,failed,1,failed_step1
task_5,73,0.0,False,False,resistor,toolcalling,failed,1,failed_step1
task_5,74,0.0,False,False,resistor,toolcalling,failed,1,failed_step1
task_5,75,1.0,True,False,resistor,toolcalling,failed,1,failed_step1
task_3,1,1.0,True,False,resistor,toolcalling,failed,2,failed_step2
task_3,3,0.0,False,False,resistor,toolcalling,failed,2,failed_step2
task_3,4,1.0,True,False,resistor,toolcalling,failed,2,failed_step2
task_3,7,0.0,False,False,resistor,toolcalling,failed,2,failed_step2
task_3,11,0.0,False,False,resistor,toolcalling,failed,2,failed_step2
task_3,13,0.0,False,False,resistor,toolcalling,failed,2,failed_step2
task_3,17,1.0,True,False,resistor,toolcalling,failed,2,failed_step2
task_3,20,1.0,True,False,resistor,toolcalling,failed,2,failed_step2
task_3,24,0.0,False,False,resistor,toolcalling,failed,2,failed_step2
task_3,25,0.0,False,False,resistor,toolcalling,failed,2,failed_step2
task_3,26,0.0,False,False,resistor,toolcalling,failed,2,failed_step2
task_3,27,0.0,False,False,resistor,toolcalling,failed,2,failed_step2
task_3,28,0.0,False,False,resistor,toolcalling,failed,2,failed_step2
task_3,29,0.0,False,False,resistor,toolcalling,failed,2,failed_step2
task_3,30,0.0,False,False,resistor,toolcalling,failed,2,failed_step2
task_4,16,0.0,False,False,resistor,toolcalling,failed,2,failed_step2
task_4,17,0.0,False,False,resistor,toolcalling,failed,2,failed_step2
task_4,18,0.0,False,False,resistor,toolcalling,failed,2,failed_step2
task_4,19,0.0,False,False,resistor,toolcalling,failed,2,failed_step2
task_4,20,0.0,False,False,resistor,toolcalling,failed,2,failed_step2
task_4,21,0.0,False,False,resistor,toolcalling,failed,2,failed_step2
task_4,22,0.0,False,False,resistor,toolcalling,failed,2,failed_step2
task_4,23,0.0,False,False,resistor,toolcalling,failed,2,failed_step2
task_4,24,0.0,False,False,resistor,toolcalling,failed,2,failed_step2
task_4,25,0.0,False,False,resistor,toolcalling,failed,2,failed_step2
task_4,26,0.0,False,False,resistor,toolcalling,failed,2,failed_step2
task_4,27,0.0,False,False,resistor,toolcalling,failed,2,failed_step2
task_4,28,1.0,True,False,resistor,toolcalling,failed,2,failed_step2
task_4,29,0.0,False,False,resistor,toolcalling,failed,2,failed_step2
task_4,30,0.0,False,False,resistor,toolcalling,failed,2,failed_step2
task_5,16,1.0,True,False,resistor,toolcalling,failed,2,failed_step2
task_5,17,0.0,False,False,resistor,toolcalling,failed,2,failed_step2
task_5,18,0.0,False,False,resistor,toolcalling,failed,2,failed_step2
task_5,19,1.0,True,False,resistor,toolcalling,failed,2,failed_step2
task_5,20,1.0,True,False,resistor,toolcalling,failed,2,failed_step2
task_5,21,0.0,False,False,resistor,toolcalling,failed,2,failed_step2
task_5,22,1.0,True,False,resistor,toolcalling,failed,2,failed_step2
task_5,23,1.0,True,False,resistor,toolcalling,failed,2,failed_step2
task_5,24,1.0,True,False,resistor,toolcalling,failed,2,failed_step2
task_5,25,0.0,False,False,resistor,toolcalling,failed,2,failed_step2
task_5,26,1.0,True,False,resistor,toolcalling,failed,2,failed_step2
task_5,28,0.0,False,False,resistor,toolcalling,failed,2,failed_step2
task_5,30,0.0,False,False,resistor,toolcalling,failed,2,failed_step2
task_5,32,0.0,False,False,resistor,toolcalling,failed,2,failed_step2
task_5,35,0.0,False,False,resistor,toolcalling,failed,2,failed_step2
task_3,7,0.0,False,False,resistor,toolcalling,failed,-1,failed_stepn1
task_3,16,0.0,False,False,resistor,toolcalling,failed,-1,failed_stepn1
task_3,18,1.0,True,False,resistor,toolcalling,failed,-1,failed_stepn1
task_3,19,0.0,False,False,resistor,toolcalling,failed,-1,failed_stepn1
task_3,20,0.0,False,False,resistor,toolcalling,failed,-1,failed_stepn1
task_3,21,0.0,False,False,resistor,toolcalling,failed,-1,failed_stepn1
task_3,22,0.0,False,False,resistor,toolcalling,failed,-1,failed_stepn1
task_3,23,0.0,False,False,resistor,toolcalling,failed,-1,failed_stepn1
task_3,24,0.0,False,False,resistor,toolcalling,failed,-1,failed_stepn1
task_3,25,0.0,False,False,resistor,toolcalling,failed,-1,failed_stepn1
task_3,26,0.0,False,False,resistor,toolcalling,failed,-1,failed_stepn1
task_3,27,0.0,False,False,resistor,toolcalling,failed,-1,failed_stepn1
task_3,28,0.0,False,False,resistor,toolcalling,failed,-1,failed_stepn1
task_3,29,0.0,False,False,resistor,toolcalling,failed,-1,failed_stepn1
task_3,30,0.0,False,False,resistor,toolcalling,failed,-1,failed_stepn1
task_4,16,0.0,False,False,resistor,toolcalling,failed,-1,failed_stepn1
task_4,17,0.0,False,False,resistor,toolcalling,failed,-1,failed_stepn1
task_4,18,0.0,False,False,resistor,toolcalling,failed,-1,failed_stepn1
task_4,19,0.0,False,False,resistor,toolcalling,failed,-1,failed_stepn1
task_4,20,0.0,False,False,resistor,toolcalling,failed,-1,failed_stepn1
task_4,21,0.0,False,False,resistor,toolcalling,failed,-1,failed_stepn1
task_4,22,0.0,False,False,resistor,toolcalling,failed,-1,failed_stepn1
task_4,23,0.0,False,False,resistor,toolcalling,failed,-1,failed_stepn1
task_4,24,0.0,False,False,resistor,toolcalling,failed,-1,failed_stepn1
task_4,25,0.0,False,False,resistor,toolcalling,failed,-1,failed_stepn1
task_4,26,1.0,True,False,resistor,toolcalling,failed,-1,failed_stepn1
task_4,27,0.0,False,False,resistor,toolcalling,failed,-1,failed_stepn1
task_4,28,0.0,False,False,resistor,toolcalling,failed,-1,failed_stepn1
task_4,29,0.0,False,False,resistor,toolcalling,failed,-1,failed_stepn1
task_4,30,0.0,False,False,resistor,toolcalling,failed,-1,failed_stepn1
task_5,16,0.0,False,False,resistor,toolcalling,failed,-1,failed_stepn1
task_5,17,0.0,False,False,resistor,toolcalling,failed,-1,failed_stepn1
task_5,18,0.0,False,False,resistor,toolcalling,failed,-1,failed_stepn1
task_5,19,0.0,False,False,resistor,toolcalling,failed,-1,failed_stepn1
task_5,20,0.0,False,False,resistor,toolcalling,failed,-1,failed_stepn1
task_5,21,0.0,False,False,resistor,toolcalling,failed,-1,failed_stepn1
task_5,22,0.0,False,False,resistor,toolcalling,failed,-1,failed_stepn1
task_5,23,0.0,False,False,resistor,toolcalling,failed,-1,failed_stepn1
task_5,24,0.0,False,False,resistor,toolcalling,failed,-1,failed_stepn1
task_5,25,0.0,False,False,resistor,toolcalling,failed,-1,failed_stepn1
task_5,26,0.0,False,False,resistor,toolcalling,failed,-1,failed_stepn1
task_5,27,0.0,False,False,resistor,toolcalling,failed,-1,failed_stepn1
task_5,28,0.0,False,False,resistor,toolcalling,failed,-1,failed_stepn1
task_5,29,0.0,False,False,resistor,toolcalling,failed,-1,failed_stepn1
task_5,30,0.0,False,False,resistor,toolcalling,failed,-1,failed_stepn1
task_3,6,0.0,False,False,resistor,toolcalling,failed,-2,failed_stepn2
task_3,8,1.0,True,False,resistor,toolcalling,failed,-2,failed_stepn2
task_3,10,0.0,False,False,resistor,toolcalling,failed,-2,failed_stepn2
task_3,11,0.0,False,False,resistor,toolcalling,failed,-2,failed_stepn2
task_3,16,0.0,False,False,resistor,toolcalling,failed,-2,failed_stepn2
task_3,21,1.0,True,False,resistor,toolcalling,failed,-2,failed_stepn2
task_3,22,0.0,False,False,resistor,toolcalling,failed,-2,failed_stepn2
task_3,23,1.0,True,False,resistor,toolcalling,failed,-2,failed_stepn2
task_3,24,0.0,False,False,resistor,toolcalling,failed,-2,failed_stepn2
task_3,25,0.0,False,False,resistor,toolcalling,failed,-2,failed_stepn2
task_3,26,0.0,False,False,resistor,toolcalling,failed,-2,failed_stepn2
task_3,27,1.0,True,False,resistor,toolcalling,failed,-2,failed_stepn2
task_3,28,0.0,False,False,resistor,toolcalling,failed,-2,failed_stepn2
task_3,29,0.0,False,False,resistor,toolcalling,failed,-2,failed_stepn2
task_3,30,0.0,False,False,resistor,toolcalling,failed,-2,failed_stepn2
task_4,16,0.0,False,False,resistor,toolcalling,failed,-2,failed_stepn2
task_4,17,0.0,False,False,resistor,toolcalling,failed,-2,failed_stepn2
task_4,18,0.0,False,False,resistor,toolcalling,failed,-2,failed_stepn2
task_4,19,0.0,False,False,resistor,toolcalling,failed,-2,failed_stepn2
task_4,20,0.0,False,False,resistor,toolcalling,failed,-2,failed_stepn2
task_4,21,0.0,False,False,resistor,toolcalling,failed,-2,failed_stepn2
task_4,22,0.0,False,False,resistor,toolcalling,failed,-2,failed_stepn2
task_4,23,0.0,False,False,resistor,toolcalling,failed,-2,failed_stepn2
task_4,24,0.0,False,False,resistor,toolcalling,failed,-2,failed_stepn2
task_4,25,0.0,False,False,resistor,toolcalling,failed,-2,failed_stepn2
task_4,26,0.0,False,False,resistor,toolcalling,failed,-2,failed_stepn2
task_4,27,0.0,False,False,resistor,toolcalling,failed,-2,failed_stepn2
task_4,28,0.0,False,False,resistor,toolcalling,failed,-2,failed_stepn2
task_4,29,0.0,False,False,resistor,toolcalling,failed,-2,failed_stepn2
task_4,30,0.0,False,False,resistor,toolcalling,failed,-2,failed_stepn2
task_5,16,0.0,False,False,resistor,toolcalling,failed,-2,failed_stepn2
task_5,17,0.0,False,False,resistor,toolcalling,failed,-2,failed_stepn2
task_5,18,0.0,False,False,resistor,toolcalling,failed,-2,failed_stepn2
task_5,19,0.0,False,False,resistor,toolcalling,failed,-2,failed_stepn2
task_5,20,0.0,False,False,resistor,toolcalling,failed,-2,failed_stepn2
task_5,21,0.0,False,False,resistor,toolcalling,failed,-2,failed_stepn2
task_5,24,0.0,False,False,resistor,toolcalling,failed,-2,failed_stepn2
task_5,26,0.0,False,False,resistor,toolcalling,failed,-2,failed_stepn2
task_5,28,1.0,True,False,resistor,toolcalling,failed,-2,failed_stepn2
task_5,30,0.0,False,False,resistor,toolcalling,failed,-2,failed_stepn2
task_5,31,0.0,False,False,resistor,toolcalling,failed,-2,failed_stepn2
task_5,36,0.0,False,False,resistor,toolcalling,failed,-2,failed_stepn2
task_5,38,0.0,False,False,resistor,toolcalling,failed,-2,failed_stepn2
task_5,40,0.0,False,False,resistor,toolcalling,failed,-2,failed_stepn2
task_5,41,0.0,False,False,resistor,toolcalling,failed,-2,failed_stepn2
task_3,17,1.0,True,False,resistor,toolcalling,success,1,success_step1
task_3,18,1.0,True,False,resistor,toolcalling,success,1,success_step1
task_3,21,0.0,False,False,resistor,toolcalling,success,1,success_step1
task_3,23,1.0,True,False,resistor,toolcalling,success,1,success_step1
task_3,24,1.0,True,False,resistor,toolcalling,success,1,success_step1
task_3,25,1.0,True,False,resistor,toolcalling,success,1,success_step1
task_3,26,1.0,True,False,resistor,toolcalling,success,1,success_step1
task_3,28,1.0,True,False,resistor,toolcalling,success,1,success_step1
task_3,29,1.0,True,False,resistor,toolcalling,success,1,success_step1
task_3,31,1.0,True,False,resistor,toolcalling,success,1,success_step1
task_3,33,1.0,True,False,resistor,toolcalling,success,1,success_step1
task_3,34,1.0,True,False,resistor,toolcalling,success,1,success_step1
task_3,36,1.0,True,False,resistor,toolcalling,success,1,success_step1
task_3,38,0.0,False,False,resistor,toolcalling,success,1,success_step1
task_3,41,1.0,True,False,resistor,toolcalling,success,1,success_step1
task_4,16,0.0,False,False,resistor,toolcalling,success,1,success_step1
task_4,17,0.0,False,False,resistor,toolcalling,success,1,success_step1
task_4,18,1.0,True,False,resistor,toolcalling,success,1,success_step1
task_4,20,1.0,True,False,resistor,toolcalling,success,1,success_step1
task_4,21,1.0,True,False,resistor,toolcalling,success,1,success_step1
task_4,23,0.0,False,False,resistor,toolcalling,success,1,success_step1
task_4,25,1.0,True,False,resistor,toolcalling,success,1,success_step1
task_4,26,1.0,True,False,resistor,toolcalling,success,1,success_step1
task_4,31,0.0,False,False,resistor,toolcalling,success,1,success_step1
task_4,37,1.0,True,False,resistor,toolcalling,success,1,success_step1
task_4,38,1.0,True,False,resistor,toolcalling,success,1,success_step1
task_4,40,1.0,True,False,resistor,toolcalling,success,1,success_step1
task_4,41,1.0,True,False,resistor,toolcalling,success,1,success_step1
task_4,45,0.0,False,False,resistor,toolcalling,success,1,success_step1
task_4,48,1.0,True,False,resistor,toolcalling,success,1,success_step1
task_5,17,1.0,True,False,resistor,toolcalling,success,1,success_step1
task_5,19,0.0,False,False,resistor,toolcalling,success,1,success_step1
task_5,21,0.0,False,False,resistor,toolcalling,success,1,success_step1
task_5,24,0.0,False,False,resistor,toolcalling,success,1,success_step1
task_5,25,1.0,True,False,resistor,toolcalling,success,1,success_step1
task_5,28,1.0,True,False,resistor,toolcalling,success,1,success_step1
task_5,30,0.0,False,False,resistor,toolcalling,success,1,success_step1
task_5,32,1.0,True,False,resistor,toolcalling,success,1,success_step1
task_5,37,1.0,True,False,resistor,toolcalling,success,1,success_step1
task_5,45,0.0,False,False,resistor,toolcalling,success,1,success_step1
task_5,48,1.0,True,False,resistor,toolcalling,success,1,success_step1
task_5,52,1.0,True,False,resistor,toolcalling,success,1,success_step1
task_5,56,0.0,False,False,resistor,toolcalling,success,1,success_step1
task_5,59,1.0,True,False,resistor,toolcalling,success,1,success_step1
task_5,63,0.0,False,False,resistor,toolcalling,success,1,success_step1
task_3,2,0.0,False,False,resistor,toolcalling,success,2,success_step2
task_3,5,1.0,True,False,resistor,toolcalling,success,2,success_step2
task_3,6,1.0,True,False,resistor,toolcalling,success,2,success_step2
task_3,8,0.0,False,False,resistor,toolcalling,success,2,success_step2
task_3,9,1.0,True,False,resistor,toolcalling,success,2,success_step2
task_3,10,1.0,True,False,resistor,toolcalling,success,2,success_step2
task_3,12,1.0,True,False,resistor,toolcalling,success,2,success_step2
task_3,14,0.0,False,False,resistor,toolcalling,success,2,success_step2
task_3,15,1.0,True,False,resistor,toolcalling,success,2,success_step2
task_3,16,1.0,True,False,resistor,toolcalling,success,2,success_step2
task_3,18,1.0,True,False,resistor,toolcalling,success,2,success_step2
task_3,19,1.0,True,False,resistor,toolcalling,success,2,success_step2
task_3,21,1.0,True,False,resistor,toolcalling,success,2,success_step2
task_3,22,1.0,True,False,resistor,toolcalling,success,2,success_step2
task_3,23,1.0,True,False,resistor,toolcalling,success,2,success_step2
task_4,1,1.0,True,False,resistor,toolcalling,success,2,success_step2
task_4,2,1.0,True,False,resistor,toolcalling,success,2,success_step2
task_4,3,1.0,True,False,resistor,toolcalling,success,2,success_step2
task_4,4,1.0,True,False,resistor,toolcalling,success,2,success_step2
task_4,5,1.0,True,False,resistor,toolcalling,success,2,success_step2
task_4,6,1.0,True,False,resistor,toolcalling,success,2,success_step2
task_4,7,1.0,True,False,resistor,toolcalling,success,2,success_step2
task_4,8,1.0,True,False,resistor,toolcalling,success,2,success_step2
task_4,9,1.0,True,False,resistor,toolcalling,success,2,success_step2
task_4,10,1.0,True,False,resistor,toolcalling,success,2,success_step2
task_4,11,1.0,True,False,resistor,toolcalling,success,2,success_step2
task_4,12,1.0,True,False,resistor,toolcalling,success,2,success_step2
task_4,13,1.0,True,False,resistor,toolcalling,success,2,success_step2
task_4,14,1.0,True,False,resistor,toolcalling,success,2,success_step2
task_4,15,1.0,True,False,resistor,toolcalling,success,2,success_step2
task_5,1,1.0,True,False,resistor,toolcalling,success,2,success_step2
task_5,2,1.0,True,False,resistor,toolcalling,success,2,success_step2
task_5,3,1.0,True,False,resistor,toolcalling,success,2,success_step2
task_5,4,1.0,True,False,resistor,toolcalling,success,2,success_step2
task_5,5,1.0,True,False,resistor,toolcalling,success,2,success_step2
task_5,6,0.0,False,False,resistor,toolcalling,success,2,success_step2
task_5,7,1.0,True,False,resistor,toolcalling,success,2,success_step2
task_5,8,1.0,True,False,resistor,toolcalling,success,2,success_step2
task_5,9,0.0,False,False,resistor,toolcalling,success,2,success_step2
task_5,10,1.0,True,False,resistor,toolcalling,success,2,success_step2
task_5,11,1.0,True,False,resistor,toolcalling,success,2,success_step2
task_5,12,0.0,False,False,resistor,toolcalling,success,2,success_step2
task_5,13,0.0,False,False,resistor,toolcalling,success,2,success_step2
task_5,14,0.0,False,False,resistor,toolcalling,success,2,success_step2
task_5,15,1.0,True,False,resistor,toolcalling,success,2,success_step2
task_3,1,1.0,True,False,resistor,toolcalling,success,-1,success_stepn1
task_3,2,1.0,True,False,resistor,toolcalling,success,-1,success_stepn1
task_3,3,1.0,True,False,resistor,toolcalling,success,-1,success_stepn1
task_3,4,1.0,True,False,resistor,toolcalling,success,-1,success_stepn1
task_3,5,1.0,True,False,resistor,toolcalling,success,-1,success_stepn1
task_3,6,1.0,True,False,resistor,toolcalling,success,-1,success_stepn1
task_3,8,1.0,True,False,resistor,toolcalling,success,-1,success_stepn1
task_3,9,1.0,True,False,resistor,toolcalling,success,-1,success_stepn1
task_3,10,1.0,True,False,resistor,toolcalling,success,-1,success_stepn1
task_3,11,1.0,True,False,resistor,toolcalling,success,-1,success_stepn1
task_3,12,1.0,True,False,resistor,toolcalling,success,-1,success_stepn1
task_3,13,1.0,True,False,resistor,toolcalling,success,-1,success_stepn1
task_3,14,1.0,True,False,resistor,toolcalling,success,-1,success_stepn1
task_3,15,1.0,True,False,resistor,toolcalling,success,-1,success_stepn1
task_3,17,1.0,True,False,resistor,toolcalling,success,-1,success_stepn1
task_4,1,1.0,True,False,resistor,toolcalling,success,-1,success_stepn1
task_4,2,1.0,True,False,resistor,toolcalling,success,-1,success_stepn1
task_4,3,1.0,True,False,resistor,toolcalling,success,-1,success_stepn1
task_4,4,1.0,True,False,resistor,toolcalling,success,-1,success_stepn1
task_4,5,1.0,True,False,resistor,toolcalling,success,-1,success_stepn1
task_4,6,1.0,True,False,resistor,toolcalling,success,-1,success_stepn1
task_4,7,1.0,True,False,resistor,toolcalling,success,-1,success_stepn1
task_4,8,1.0,True,False,resistor,toolcalling,success,-1,success_stepn1
task_4,9,1.0,True,False,resistor,toolcalling,success,-1,success_stepn1
task_4,10,1.0,True,False,resistor,toolcalling,success,-1,success_stepn1
task_4,11,1.0,True,False,resistor,toolcalling,success,-1,success_stepn1
task_4,12,1.0,True,False,resistor,toolcalling,success,-1,success_stepn1
task_4,13,1.0,True,False,resistor,toolcalling,success,-1,success_stepn1
task_4,14,1.0,True,False,resistor,toolcalling,success,-1,success_stepn1
task_4,15,1.0,True,False,resistor,toolcalling,success,-1,success_stepn1
task_5,1,1.0,True,False,resistor,toolcalling,success,-1,success_stepn1
task_5,2,1.0,True,False,resistor,toolcalling,success,-1,success_stepn1
task_5,3,1.0,True,False,resistor,toolcalling,success,-1,success_stepn1
task_5,4,1.0,True,False,resistor,toolcalling,success,-1,success_stepn1
task_5,5,1.0,True,False,resistor,toolcalling,success,-1,success_stepn1
task_5,6,1.0,True,False,resistor,toolcalling,success,-1,success_stepn1
task_5,7,1.0,True,False,resistor,toolcalling,success,-1,success_stepn1
task_5,8,1.0,True,False,resistor,toolcalling,success,-1,success_stepn1
task_5,9,1.0,True,False,resistor,toolcalling,success,-1,success_stepn1
task_5,10,1.0,True,False,resistor,toolcalling,success,-1,success_stepn1
task_5,11,1.0,True,False,resistor,toolcalling,success,-1,success_stepn1
task_5,12,1.0,True,False,resistor,toolcalling,success,-1,success_stepn1
task_5,13,1.0,True,False,resistor,toolcalling,success,-1,success_stepn1
task_5,14,1.0,True,False,resistor,toolcalling,success,-1,success_stepn1
task_5,15,1.0,True,False,resistor,toolcalling,success,-1,success_stepn1
task_3,1,1.0,True,False,resistor,toolcalling,success,-2,success_stepn2
task_3,2,1.0,True,False,resistor,toolcalling,success,-2,success_stepn2
task_3,3,1.0,True,False,resistor,toolcalling,success,-2,success_stepn2
task_3,4,1.0,True,False,resistor,toolcalling,success,-2,success_stepn2
task_3,5,1.0,True,False,resistor,toolcalling,success,-2,success_stepn2
task_3,7,1.0,True,False,resistor,toolcalling,success,-2,success_stepn2
task_3,9,1.0,True,False,resistor,toolcalling,success,-2,success_stepn2
task_3,12,0.0,False,False,resistor,toolcalling,success,-2,success_stepn2
task_3,13,1.0,True,False,resistor,toolcalling,success,-2,success_stepn2
task_3,14,1.0,True,False,resistor,toolcalling,success,-2,success_stepn2
task_3,15,1.0,True,False,resistor,toolcalling,success,-2,success_stepn2
task_3,17,1.0,True,False,resistor,toolcalling,success,-2,success_stepn2
task_3,18,1.0,True,False,resistor,toolcalling,success,-2,success_stepn2
task_3,19,1.0,True,False,resistor,toolcalling,success,-2,success_stepn2
task_3,20,1.0,True,False,resistor,toolcalling,success,-2,success_stepn2
task_4,1,1.0,True,False,resistor,toolcalling,success,-2,success_stepn2
task_4,2,1.0,True,False,resistor,toolcalling,success,-2,success_stepn2
task_4,3,1.0,True,False,resistor,toolcalling,success,-2,success_stepn2
task_4,4,1.0,True,False,resistor,toolcalling,success,-2,success_stepn2
task_4,5,1.0,True,False,resistor,toolcalling,success,-2,success_stepn2
task_4,6,1.0,True,False,resistor,toolcalling,success,-2,success_stepn2
task_4,7,1.0,True,False,resistor,toolcalling,success,-2,success_stepn2
task_4,8,1.0,True,False,resistor,toolcalling,success,-2,success_stepn2
task_4,9,1.0,True,False,resistor,toolcalling,success,-2,success_stepn2
task_4,10,1.0,True,False,resistor,toolcalling,success,-2,success_stepn2
task_4,11,1.0,True,False,resistor,toolcalling,success,-2,success_stepn2
task_4,12,1.0,True,False,resistor,toolcalling,success,-2,success_stepn2
task_4,13,1.0,True,False,resistor,toolcalling,success,-2,success_stepn2
task_4,14,1.0,True,False,resistor,toolcalling,success,-2,success_stepn2
task_4,15,1.0,True,False,resistor,toolcalling,success,-2,success_stepn2
task_5,1,1.0,True,False,resistor,toolcalling,success,-2,success_stepn2
task_5,2,1.0,True,False,resistor,toolcalling,success,-2,success_stepn2
task_5,3,1.0,True,False,resistor,toolcalling,success,-2,success_stepn2
task_5,4,1.0,True,False,resistor,toolcalling,success,-2,success_stepn2
task_5,5,1.0,True,False,resistor,toolcalling,success,-2,success_stepn2
task_5,6,1.0,True,False,resistor,toolcalling,success,-2,success_stepn2
task_5,7,1.0,True,False,resistor,toolcalling,success,-2,success_stepn2
task_5,8,1.0,True,False,resistor,toolcalling,success,-2,success_stepn2
task_5,9,1.0,True,False,resistor,toolcalling,success,-2,success_stepn2
task_5,10,1.0,True,False,resistor,toolcalling,success,-2,success_stepn2
task_5,11,1.0,True,False,resistor,toolcalling,success,-2,success_stepn2
task_5,12,1.0,True,False,resistor,toolcalling,success,-2,success_stepn2
task_5,13,1.0,True,False,resistor,toolcalling,success,-2,success_stepn2
task_5,14,1.0,True,False,resistor,toolcalling,success,-2,success_stepn2
task_5,15,1.0,True,False,resistor,toolcalling,success,-2,success_stepn2
make_3_lvl2,1,1.0,True,False,retrosynthesis,react,none,0,baseline
make_3_lvl2,2,0.0,False,False,retrosynthesis,react,none,0,baseline
make_3_lvl2,3,0.0,False,False,retrosynthesis,react,none,0,baseline
make_3_lvl2,4,1.0,True,False,retrosynthesis,react,none,0,baseline
make_3_lvl2,5,1.0,True,False,retrosynthesis,react,none,0,baseline
make_3_lvl2,6,1.0,True,False,retrosynthesis,react,none,0,baseline
make_3_lvl2,7,1.0,True,False,retrosynthesis,react,none,0,baseline
make_3_lvl2,8,1.0,True,False,retrosynthesis,react,none,0,baseline
make_3_lvl2,9,0.0,False,False,retrosynthesis,react,none,0,baseline
make_3_lvl2,10,1.0,True,False,retrosynthesis,react,none,0,baseline
make_3_lvl2,11,0.0,False,False,retrosynthesis,react,none,0,baseline
make_3_lvl2,12,1.0,True,False,retrosynthesis,react,none,0,baseline
make_3_lvl2,13,1.0,True,False,retrosynthesis,react,none,0,baseline
make_3_lvl2,14,0.0,False,False,retrosynthesis,react,none,0,baseline
make_3_lvl2,15,1.0,True,False,retrosynthesis,react,none,0,baseline
make_4_lvl2,1,0.0,False,False,retrosynthesis,react,none,0,baseline
make_4_lvl2,2,0.0,False,False,retrosynthesis,react,none,0,baseline
make_4_lvl2,3,1.0,True,False,retrosynthesis,react,none,0,baseline
make_4_lvl2,4,0.0,False,False,retrosynthesis,react,none,0,baseline
make_4_lvl2,5,0.0,False,False,retrosynthesis,react,none,0,baseline
make_4_lvl2,6,0.0,False,False,retrosynthesis,react,none,0,baseline
make_4_lvl2,7,1.0,True,False,retrosynthesis,react,none,0,baseline
make_4_lvl2,8,1.0,True,False,retrosynthesis,react,none,0,baseline
make_4_lvl2,9,1.0,True,False,retrosynthesis,react,none,0,baseline
make_4_lvl2,10,1.0,True,False,retrosynthesis,react,none,0,baseline
make_4_lvl2,11,0.0,False,False,retrosynthesis,react,none,0,baseline
make_4_lvl2,12,0.0,False,False,retrosynthesis,react,none,0,baseline
make_4_lvl2,13,1.0,True,False,retrosynthesis,react,none,0,baseline
make_4_lvl2,14,1.0,True,False,retrosynthesis,react,none,0,baseline
make_4_lvl2,15,1.0,True,False,retrosynthesis,react,none,0,baseline
make_5_lvl2,1,0.0,False,False,retrosynthesis,react,none,0,baseline
make_5_lvl2,2,0.0,False,False,retrosynthesis,react,none,0,baseline
make_5_lvl2,3,0.0,False,False,retrosynthesis,react,none,0,baseline
make_5_lvl2,4,1.0,True,False,retrosynthesis,react,none,0,baseline
make_5_lvl2,5,0.0,False,False,retrosynthesis,react,none,0,baseline
make_5_lvl2,6,1.0,True,False,retrosynthesis,react,none,0,baseline
make_5_lvl2,7,0.0,False,False,retrosynthesis,react,none,0,baseline
make_5_lvl2,8,0.0,False,False,retrosynthesis,react,none,0,baseline
make_5_lvl2,9,0.0,False,False,retrosynthesis,react,none,0,baseline
make_5_lvl2,10,0.0,False,False,retrosynthesis,react,none,0,baseline
make_5_lvl2,11,0.0,False,False,retrosynthesis,react,none,0,baseline
make_5_lvl2,12,0.0,False,False,retrosynthesis,react,none,0,baseline
make_5_lvl2,13,0.0,False,False,retrosynthesis,react,none,0,baseline
make_5_lvl2,14,0.0,False,False,retrosynthesis,react,none,0,baseline
make_5_lvl2,15,0.0,False,False,retrosynthesis,react,none,0,baseline
make_7_lvl2,1,1.0,True,False,retrosynthesis,react,none,0,baseline
make_7_lvl2,2,1.0,True,False,retrosynthesis,react,none,0,baseline
make_7_lvl2,3,0.0,False,False,retrosynthesis,react,none,0,baseline
make_7_lvl2,4,1.0,True,False,retrosynthesis,react,none,0,baseline
make_7_lvl2,5,1.0,True,False,retrosynthesis,react,none,0,baseline
make_7_lvl2,6,0.0,False,False,retrosynthesis,react,none,0,baseline
make_7_lvl2,7,0.0,False,False,retrosynthesis,react,none,0,baseline
make_7_lvl2,8,1.0,True,False,retrosynthesis,react,none,0,baseline
make_7_lvl2,9,1.0,True,False,retrosynthesis,react,none,0,baseline
make_7_lvl2,10,1.0,True,False,retrosynthesis,react,none,0,baseline
make_7_lvl2,11,1.0,True,False,retrosynthesis,react,none,0,baseline
make_7_lvl2,12,0.0,False,False,retrosynthesis,react,none,0,baseline
make_7_lvl2,13,1.0,True,False,retrosynthesis,react,none,0,baseline
make_7_lvl2,14,1.0,True,False,retrosynthesis,react,none,0,baseline
make_7_lvl2,15,1.0,True,False,retrosynthesis,react,none,0,baseline
make_8_lvl2,1,0.0,False,False,retrosynthesis,react,none,0,baseline
make_8_lvl2,2,0.0,False,False,retrosynthesis,react,none,0,baseline
make_8_lvl2,3,0.0,False,False,retrosynthesis,react,none,0,baseline
make_8_lvl2,4,0.0,False,False,retrosynthesis,react,none,0,baseline
make_8_lvl2,5,1.0,True,False,retrosynthesis,react,none,0,baseline
make_8_lvl2,6,0.0,False,False,retrosynthesis,react,none,0,baseline
make_8_lvl2,7,0.0,False,False,retrosynthesis,react,none,0,baseline
make_8_lvl2,8,1.0,True,False,retrosynthesis,react,none,0,baseline
make_8_lvl2,9,0.0,False,False,retrosynthesis,react,none,0,baseline
make_8_lvl2,10,0.0,False,False,retrosynthesis,react,none,0,baseline
make_8_lvl2,11,0.0,False,False,retrosynthesis,react,none,0,baseline
make_8_lvl2,12,0.0,False,False,retrosynthesis,react,none,0,baseline
make_8_lvl2,13,0.0,False,False,retrosynthesis,react,none,0,baseline
make_8_lvl2,14,0.0,False,False,retrosynthesis,react,none,0,baseline
make_8_lvl2,15,1.0,True,False,retrosynthesis,react,none,0,baseline
make_3_lvl2,17,0.0,False,False,retrosynthesis,react,failed,1,failed_step1
make_3_lvl2,19,1.0,True,False,retrosynthesis,react,failed,1,failed_step1
make_3_lvl2,21,0.0,False,False,retrosynthesis,react,failed,1,failed_step1
make_3_lvl2,23,1.0,True,False,retrosynthesis,react,failed,1,failed_step1
make_3_lvl2,25,0.0,False,False,retrosynthesis,react,failed,1,failed_step1
make_3_lvl2,26,0.0,False,False,retrosynthesis,react,failed,1,failed_step1
make_3_lvl2,28,0.0,False,False,retrosynthesis,react,failed,1,failed_step1
make_3_lvl2,30,0.0,False,False,retrosynthesis,react,failed,1,failed_step1
make_3_lvl2,32,0.0,False,False,retrosynthesis,react,failed,1,failed_step1
make_3_lvl2,34,0.0,False,False,retrosynthesis,react,failed,1,failed_step1
make_3_lvl2,36,1.0,True,False,retrosynthesis,react,failed,1,failed_step1
make_3_lvl2,37,0.0,False,False,retrosynthesis,react,failed,1,failed_step1
make_3_lvl2,39,1.0,True,False,retrosynthesis,react,failed,1,failed_step1
make_3_lvl2,41,1.0,True,False,retrosynthesis,react,failed,1,failed_step1
make_3_lvl2,43,0.0,False,False,retrosynthesis,react,failed,1,failed_step1
make_4_lvl2,16,0.0,False,False,retrosynthesis,react,failed,1,failed_step1
make_4_lvl2,18,0.0,False,False,retrosynthesis,react,failed,1,failed_step1
make_4_lvl2,20,0.0,False,False,retrosynthesis,react,failed,1,failed_step1
make_4_lvl2,21,0.0,False,False,retrosynthesis,react,failed,1,failed_step1
make_4_lvl2,24,0.0,False,False,retrosynthesis,react,failed,1,failed_step1
make_4_lvl2,26,0.0,False,False,retrosynthesis,react,failed,1,failed_step1
make_4_lvl2,29,0.0,False,False,retrosynthesis,react,failed,1,failed_step1
make_4_lvl2,30,0.0,False,False,retrosynthesis,react,failed,1,failed_step1
make_4_lvl2,32,0.0,False,False,retrosynthesis,react,failed,1,failed_step1
make_4_lvl2,35,1.0,True,False,retrosynthesis,react,failed,1,failed_step1
make_4_lvl2,36,0.0,False,False,retrosynthesis,react,failed,1,failed_step1
make_4_lvl2,38,0.0,False,False,retrosynthesis,react,failed,1,failed_step1
make_4_lvl2,40,0.0,False,False,retrosynthesis,react,failed,1,failed_step1
make_4_lvl2,43,0.0,False,False,retrosynthesis,react,failed,1,failed_step1
make_4_lvl2,45,1.0,True,False,retrosynthesis,react,failed,1,failed_step1
make_5_lvl2,20,0.0,False,False,retrosynthesis,react,failed,1,failed_step1
make_5_lvl2,23,0.0,False,False,retrosynthesis,react,failed,1,failed_step1
make_5_lvl2,25,0.0,False,False,retrosynthesis,react,failed,1,failed_step1
make_5_lvl2,27,0.0,False,False,retrosynthesis,react,failed,1,failed_step1
make_5_lvl2,29,0.0,False,False,retrosynthesis,react,failed,1,failed_step1
make_5_lvl2,31,0.0,False,False,retrosynthesis,react,failed,1,failed_step1
make_5_lvl2,33,1.0,True,False,retrosynthesis,react,failed,1,failed_step1
make_5_lvl2,35,0.0,False,False,retrosynthesis,react,failed,1,failed_step1
make_5_lvl2,37,0.0,False,False,retrosynthesis,react,failed,1,failed_step1
make_5_lvl2,40,0.0,False,False,retrosynthesis,react,failed,1,failed_step1
make_5_lvl2,41,0.0,False,False,retrosynthesis,react,failed,1,failed_step1
make_5_lvl2,42,0.0,False,False,retrosynthesis,react,failed,1,failed_step1
make_5_lvl2,43,0.0,False,False,retrosynthesis,react,failed,1,failed_step1
make_5_lvl2,44,0.0,False,False,retrosynthesis,react,failed,1,failed_step1
make_5_lvl2,45,1.0,True,False,retrosynthesis,react,failed,1,failed_step1
make_7_lvl2,24,1.0,True,False,retrosynthesis,react,failed,1,failed_step1
make_7_lvl2,25,1.0,True,False,retrosynthesis,react,failed,1,failed_step1
make_7_lvl2,26,1.0,True,False,retrosynthesis,react,failed,1,failed_step1
make_7_lvl2,28,1.0,True,False,retrosynthesis,react,failed,1,failed_step1
make_7_lvl2,30,1.0,True,False,retrosynthesis,react,failed,1,failed_step1
make_7_lvl2,32,1.0,True,False,retrosynthesis,react,failed,1,failed_step1
make_7_lvl2,34,1.0,True,False,retrosynthesis,react,failed,1,failed_step1
make_7_lvl2,35,1.0,True,False,retrosynthesis,react,failed,1,failed_step1
make_7_lvl2,37,0.0,False,False,retrosynthesis,react,failed,1,failed_step1
make_7_lvl2,39,1.0,True,False,retrosynthesis,react,failed,1,failed_step1
make_7_lvl2,41,1.0,True,False,retrosynthesis,react,failed,1,failed_step1
make_7_lvl2,42,1.0,True,False,retrosynthesis,react,failed,1,failed_step1
make_7_lvl2,43,1.0,True,False,retrosynthesis,react,failed,1,failed_step1
make_7_lvl2,44,1.0,True,False,retrosynthesis,react,failed,1,failed_step1
make_7_lvl2,45,1.0,True,False,retrosynthesis,react,failed,1,failed_step1
make_8_lvl2,22,0.0,False,False,retrosynthesis,react,failed,1,failed_step1
make_8_lvl2,24,0.0,False,False,retrosynthesis,react,failed,1,failed_step1
make_8_lvl2,28,0.0,False,False,retrosynthesis,react,failed,1,failed_step1
make_8_lvl2,30,0.0,False,False,retrosynthesis,react,failed,1,failed_step1
make_8_lvl2,31,0.0,False,False,retrosynthesis,react,failed,1,failed_step1
make_8_lvl2,33,0.0,False,False,retrosynthesis,react,failed,1,failed_step1
make_8_lvl2,36,0.0,False,False,retrosynthesis,react,failed,1,failed_step1
make_8_lvl2,38,0.0,False,False,retrosynthesis,react,failed,1,failed_step1
make_8_lvl2,39,0.0,False,False,retrosynthesis,react,failed,1,failed_step1
make_8_lvl2,40,0.0,False,False,retrosynthesis,react,failed,1,failed_step1
make_8_lvl2,41,0.0,False,False,retrosynthesis,react,failed,1,failed_step1
make_8_lvl2,42,0.0,False,False,retrosynthesis,react,failed,1,failed_step1
make_8_lvl2,43,0.0,False,False,retrosynthesis,react,failed,1,failed_step1
make_8_lvl2,44,0.0,False,False,retrosynthesis,react,failed,1,failed_step1
make_8_lvl2,45,0.0,False,False,retrosynthesis,react,failed,1,failed_step1
make_3_lvl2,47,0.0,False,False,retrosynthesis,react,failed,2,failed_step2
make_3_lvl2,49,0.0,False,False,retrosynthesis,react,failed,2,failed_step2
make_3_lvl2,51,0.0,False,False,retrosynthesis,react,failed,2,failed_step2
make_3_lvl2,53,1.0,True,False,retrosynthesis,react,failed,2,failed_step2
make_3_lvl2,55,0.0,False,False,retrosynthesis,react,failed,2,failed_step2
make_3_lvl2,58,0.0,False,False,retrosynthesis,react,failed,2,failed_step2
make_3_lvl2,60,0.0,False,False,retrosynthesis,react,failed,2,failed_step2
make_3_lvl2,62,1.0,True,False,retrosynthesis,react,failed,2,failed_step2
make_3_lvl2,64,1.0,True,False,retrosynthesis,react,failed,2,failed_step2
make_3_lvl2,66,0.0,False,False,retrosynthesis,react,failed,2,failed_step2
make_3_lvl2,69,1.0,True,False,retrosynthesis,react,failed,2,failed_step2
make_3_lvl2,71,1.0,True,False,retrosynthesis,react,failed,2,failed_step2
make_3_lvl2,73,0.0,False,False,retrosynthesis,react,failed,2,failed_step2
make_3_lvl2,74,0.0,False,False,retrosynthesis,react,failed,2,failed_step2
make_3_lvl2,75,0.0,False,False,retrosynthesis,react,failed,2,failed_step2
make_4_lvl2,48,0.0,False,False,retrosynthesis,react,failed,2,failed_step2
make_4_lvl2,51,0.0,False,False,retrosynthesis,react,failed,2,failed_step2
make_4_lvl2,53,0.0,False,False,retrosynthesis,react,failed,2,failed_step2
make_4_lvl2,56,0.0,False,False,retrosynthesis,react,failed,2,failed_step2
make_4_lvl2,58,0.0,False,False,retrosynthesis,react,failed,2,failed_step2
make_4_lvl2,60,1.0,True,False,retrosynthesis,react,failed,2,failed_step2
make_4_lvl2,63,0.0,False,False,retrosynthesis,react,failed,2,failed_step2
make_4_lvl2,66,0.0,False,False,retrosynthesis,react,failed,2,failed_step2
make_4_lvl2,68,1.0,True,False,retrosynthesis,react,failed,2,failed_step2
make_4_lvl2,70,0.0,False,False,retrosynthesis,react,failed,2,failed_step2
make_4_lvl2,71,0.0,False,False,retrosynthesis,react,failed,2,failed_step2
make_4_lvl2,72,0.0,False,False,retrosynthesis,react,failed,2,failed_step2
make_4_lvl2,73,0.0,False,False,retrosynthesis,react,failed,2,failed_step2
make_4_lvl2,74,0.0,False,False,retrosynthesis,react,failed,2,failed_step2
make_4_lvl2,75,0.0,False,False,retrosynthesis,react,failed,2,failed_step2
make_5_lvl2,50,0.0,False,False,retrosynthesis,react,failed,2,failed_step2
make_5_lvl2,51,0.0,False,False,retrosynthesis,react,failed,2,failed_step2
make_5_lvl2,52,0.0,False,False,retrosynthesis,react,failed,2,failed_step2
make_5_lvl2,54,0.0,False,False,retrosynthesis,react,failed,2,failed_step2
make_5_lvl2,55,0.0,False,False,retrosynthesis,react,failed,2,failed_step2
make_5_lvl2,57,0.0,False,False,retrosynthesis,react,failed,2,failed_step2
make_5_lvl2,59,0.0,False,False,retrosynthesis,react,failed,2,failed_step2
make_5_lvl2,61,1.0,True,False,retrosynthesis,react,failed,2,failed_step2
make_5_lvl2,62,0.0,False,False,retrosynthesis,react,failed,2,failed_step2
make_5_lvl2,64,0.0,False,False,retrosynthesis,react,failed,2,failed_step2
make_5_lvl2,66,0.0,False,False,retrosynthesis,react,failed,2,failed_step2
make_5_lvl2,67,0.0,False,False,retrosynthesis,react,failed,2,failed_step2
make_5_lvl2,68,0.0,False,False,retrosynthesis,react,failed,2,failed_step2
make_5_lvl2,72,1.0,True,False,retrosynthesis,react,failed,2,failed_step2
make_5_lvl2,73,0.0,False,False,retrosynthesis,react,failed,2,failed_step2
make_7_lvl2,46,1.0,True,False,retrosynthesis,react,failed,2,failed_step2
make_7_lvl2,47,1.0,True,False,retrosynthesis,react,failed,2,failed_step2
make_7_lvl2,48,0.0,False,False,retrosynthesis,react,failed,2,failed_step2
make_7_lvl2,49,1.0,True,False,retrosynthesis,react,failed,2,failed_step2
make_7_lvl2,51,0.0,False,False,retrosynthesis,react,failed,2,failed_step2
make_7_lvl2,53,1.0,True,False,retrosynthesis,react,failed,2,failed_step2
make_7_lvl2,55,0.0,False,False,retrosynthesis,react,failed,2,failed_step2
make_7_lvl2,57,1.0,True,False,retrosynthesis,react,failed,2,failed_step2
make_7_lvl2,59,0.0,False,False,retrosynthesis,react,failed,2,failed_step2
make_7_lvl2,61,1.0,True,False,retrosynthesis,react,failed,2,failed_step2
make_7_lvl2,63,1.0,True,False,retrosynthesis,react,failed,2,failed_step2
make_7_lvl2,65,1.0,True,False,retrosynthesis,react,failed,2,failed_step2
make_7_lvl2,66,0.0,False,False,retrosynthesis,react,failed,2,failed_step2
make_7_lvl2,68,0.0,False,False,retrosynthesis,react,failed,2,failed_step2
make_7_lvl2,70,0.0,False,False,retrosynthesis,react,failed,2,failed_step2
make_8_lvl2,46,0.0,False,False,retrosynthesis,react,failed,2,failed_step2
make_8_lvl2,47,1.0,True,False,retrosynthesis,react,failed,2,failed_step2
make_8_lvl2,48,0.0,False,False,retrosynthesis,react,failed,2,failed_step2
make_8_lvl2,49,0.0,False,False,retrosynthesis,react,failed,2,failed_step2
make_8_lvl2,50,0.0,False,False,retrosynthesis,react,failed,2,failed_step2
make_8_lvl2,51,0.0,False,False,retrosynthesis,react,failed,2,failed_step2
make_8_lvl2,52,0.0,False,False,retrosynthesis,react,failed,2,failed_step2
make_8_lvl2,54,0.0,False,False,retrosynthesis,react,failed,2,failed_step2
make_8_lvl2,57,0.0,False,False,retrosynthesis,react,failed,2,failed_step2
make_8_lvl2,58,0.0,False,False,retrosynthesis,react,failed,2,failed_step2
make_8_lvl2,61,0.0,False,False,retrosynthesis,react,failed,2,failed_step2
make_8_lvl2,64,0.0,False,False,retrosynthesis,react,failed,2,failed_step2
make_8_lvl2,66,0.0,False,False,retrosynthesis,react,failed,2,failed_step2
make_8_lvl2,67,1.0,True,False,retrosynthesis,react,failed,2,failed_step2
make_8_lvl2,69,0.0,False,False,retrosynthesis,react,failed,2,failed_step2
make_3_lvl2,77,0.0,False,False,retrosynthesis,react,failed,-1,failed_stepn1
make_3_lvl2,79,0.0,False,False,retrosynthesis,react,failed,-1,failed_stepn1
make_3_lvl2,81,0.0,False,False,retrosynthesis,react,failed,-1,failed_stepn1
make_3_lvl2,83,0.0,False,False,retrosynthesis,react,failed,-1,failed_stepn1
make_3_lvl2,85,0.0,False,False,retrosynthesis,react,failed,-1,failed_stepn1
make_3_lvl2,88,0.0,False,False,retrosynthesis,react,failed,-1,failed_stepn1
make_3_lvl2,89,0.0,False,False,retrosynthesis,react,failed,-1,failed_stepn1
make_3_lvl2,91,0.0,False,False,retrosynthesis,react,failed,-1,failed_stepn1
make_3_lvl2,94,0.0,False,False,retrosynthesis,react,failed,-1,failed_stepn1
make_3_lvl2,96,0.0,False,False,retrosynthesis,react,failed,-1,failed_stepn1
make_3_lvl2,98,0.0,False,False,retrosynthesis,react,failed,-1,failed_stepn1
make_3_lvl2,100,0.0,False,False,retrosynthesis,react,failed,-1,failed_stepn1
make_3_lvl2,101,0.0,False,False,retrosynthesis,react,failed,-1,failed_stepn1
make_3_lvl2,103,0.0,False,False,retrosynthesis,react,failed,-1,failed_stepn1
make_3_lvl2,105,0.0,False,False,retrosynthesis,react,failed,-1,failed_stepn1
make_4_lvl2,76,0.0,False,False,retrosynthesis,react,failed,-1,failed_stepn1
make_4_lvl2,78,0.0,False,False,retrosynthesis,react,failed,-1,failed_stepn1
make_4_lvl2,79,0.0,False,False,retrosynthesis,react,failed,-1,failed_stepn1
make_4_lvl2,81,0.0,False,False,retrosynthesis,react,failed,-1,failed_stepn1
make_4_lvl2,83,0.0,False,False,retrosynthesis,react,failed,-1,failed_stepn1
make_4_lvl2,85,0.0,False,False,retrosynthesis,react,failed,-1,failed_stepn1
make_4_lvl2,86,0.0,False,False,retrosynthesis,react,failed,-1,failed_stepn1
make_4_lvl2,89,0.0,False,False,retrosynthesis,react,failed,-1,failed_stepn1
make_4_lvl2,91,0.0,False,False,retrosynthesis,react,failed,-1,failed_stepn1
make_4_lvl2,92,0.0,False,False,retrosynthesis,react,failed,-1,failed_stepn1
make_4_lvl2,93,0.0,False,False,retrosynthesis,react,failed,-1,failed_stepn1
make_4_lvl2,95,0.0,False,False,retrosynthesis,react,failed,-1,failed_stepn1
make_4_lvl2,97,0.0,False,False,retrosynthesis,react,failed,-1,failed_stepn1
make_4_lvl2,99,0.0,False,False,retrosynthesis,react,failed,-1,failed_stepn1
make_4_lvl2,101,0.0,False,False,retrosynthesis,react,failed,-1,failed_stepn1
make_5_lvl2,76,0.0,False,False,retrosynthesis,react,failed,-1,failed_stepn1
make_5_lvl2,77,0.0,False,False,retrosynthesis,react,failed,-1,failed_stepn1
make_5_lvl2,79,0.0,False,False,retrosynthesis,react,failed,-1,failed_stepn1
make_5_lvl2,81,0.0,False,False,retrosynthesis,react,failed,-1,failed_stepn1
make_5_lvl2,84,0.0,False,False,retrosynthesis,react,failed,-1,failed_stepn1
make_5_lvl2,85,0.0,False,False,retrosynthesis,react,failed,-1,failed_stepn1
make_5_lvl2,86,0.0,False,False,retrosynthesis,react,failed,-1,failed_stepn1
make_5_lvl2,88,0.0,False,False,retrosynthesis,react,failed,-1,failed_stepn1
make_5_lvl2,91,0.0,False,False,retrosynthesis,react,failed,-1,failed_stepn1
make_5_lvl2,93,0.0,False,False,retrosynthesis,react,failed,-1,failed_stepn1
make_5_lvl2,95,0.0,False,False,retrosynthesis,react,failed,-1,failed_stepn1
make_5_lvl2,97,0.0,False,False,retrosynthesis,react,failed,-1,failed_stepn1
make_5_lvl2,100,0.0,False,False,retrosynthesis,react,failed,-1,failed_stepn1
make_5_lvl2,103,0.0,False,False,retrosynthesis,react,failed,-1,failed_stepn1
make_5_lvl2,104,0.0,False,False,retrosynthesis,react,failed,-1,failed_stepn1
make_7_lvl2,76,1.0,True,False,retrosynthesis,react,failed,-1,failed_stepn1
make_7_lvl2,77,1.0,True,False,retrosynthesis,react,failed,-1,failed_stepn1
make_7_lvl2,79,1.0,True,False,retrosynthesis,react,failed,-1,failed_stepn1
make_7_lvl2,81,0.0,False,False,retrosynthesis,react,failed,-1,failed_stepn1
make_7_lvl2,82,0.0,False,False,retrosynthesis,react,failed,-1,failed_stepn1
make_7_lvl2,83,1.0,True,False,retrosynthesis,react,failed,-1,failed_stepn1
make_7_lvl2,84,0.0,False,False,retrosynthesis,react,failed,-1,failed_stepn1
make_7_lvl2,85,0.0,False,False,retrosynthesis,react,failed,-1,failed_stepn1
make_7_lvl2,86,1.0,True,False,retrosynthesis,react,failed,-1,failed_stepn1
make_7_lvl2,88,1.0,True,False,retrosynthesis,react,failed,-1,failed_stepn1
make_7_lvl2,90,1.0,True,False,retrosynthesis,react,failed,-1,failed_stepn1
make_7_lvl2,91,0.0,False,False,retrosynthesis,react,failed,-1,failed_stepn1
make_7_lvl2,92,0.0,False,False,retrosynthesis,react,failed,-1,failed_stepn1
make_7_lvl2,94,1.0,True,False,retrosynthesis,react,failed,-1,failed_stepn1
make_7_lvl2,95,1.0,True,False,retrosynthesis,react,failed,-1,failed_stepn1
make_8_lvl2,76,0.0,False,False,retrosynthesis,react,failed,-1,failed_stepn1
make_8_lvl2,77,0.0,False,False,retrosynthesis,react,failed,-1,failed_stepn1
make_8_lvl2,78,0.0,False,False,retrosynthesis,react,failed,-1,failed_stepn1
make_8_lvl2,79,0.0,False,False,retrosynthesis,react,failed,-1,failed_stepn1
make_8_lvl2,80,0.0,False,False,retrosynthesis,react,failed,-1,failed_stepn1
make_8_lvl2,81,0.0,False,False,retrosynthesis,react,failed,-1,failed_stepn1
make_8_lvl2,82,0.0,False,False,retrosynthesis,react,failed,-1,failed_stepn1
make_8_lvl2,83,0.0,False,False,retrosynthesis,react,failed,-1,failed_stepn1
make_8_lvl2,84,0.0,False,False,retrosynthesis,react,failed,-1,failed_stepn1
make_8_lvl2,85,0.0,False,False,retrosynthesis,react,failed,-1,failed_stepn1
make_8_lvl2,86,0.0,False,False,retrosynthesis,react,failed,-1,failed_stepn1
make_8_lvl2,87,0.0,False,False,retrosynthesis,react,failed,-1,failed_stepn1
make_8_lvl2,89,0.0,False,False,retrosynthesis,react,failed,-1,failed_stepn1
make_8_lvl2,91,0.0,False,False,retrosynthesis,react,failed,-1,failed_stepn1
make_8_lvl2,93,0.0,False,False,retrosynthesis,react,failed,-1,failed_stepn1
make_3_lvl2,107,0.0,False,False,retrosynthesis,react,failed,-2,failed_stepn2
make_3_lvl2,109,0.0,False,False,retrosynthesis,react,failed,-2,failed_stepn2
make_3_lvl2,111,0.0,False,False,retrosynthesis,react,failed,-2,failed_stepn2
make_3_lvl2,113,0.0,False,False,retrosynthesis,react,failed,-2,failed_stepn2
make_3_lvl2,115,0.0,False,False,retrosynthesis,react,failed,-2,failed_stepn2
make_3_lvl2,117,0.0,False,False,retrosynthesis,react,failed,-2,failed_stepn2
make_3_lvl2,119,0.0,False,False,retrosynthesis,react,failed,-2,failed_stepn2
make_3_lvl2,121,0.0,False,False,retrosynthesis,react,failed,-2,failed_stepn2
make_3_lvl2,122,0.0,False,False,retrosynthesis,react,failed,-2,failed_stepn2
make_3_lvl2,124,0.0,False,False,retrosynthesis,react,failed,-2,failed_stepn2
make_3_lvl2,125,0.0,False,False,retrosynthesis,react,failed,-2,failed_stepn2
make_3_lvl2,127,0.0,False,False,retrosynthesis,react,failed,-2,failed_stepn2
make_3_lvl2,130,0.0,False,False,retrosynthesis,react,failed,-2,failed_stepn2
make_3_lvl2,132,0.0,False,False,retrosynthesis,react,failed,-2,failed_stepn2
make_3_lvl2,134,0.0,False,False,retrosynthesis,react,failed,-2,failed_stepn2
make_4_lvl2,106,0.0,False,False,retrosynthesis,react,failed,-2,failed_stepn2
make_4_lvl2,108,0.0,False,False,retrosynthesis,react,failed,-2,failed_stepn2
make_4_lvl2,110,0.0,False,False,retrosynthesis,react,failed,-2,failed_stepn2
make_4_lvl2,114,0.0,False,False,retrosynthesis,react,failed,-2,failed_stepn2
make_4_lvl2,116,1.0,True,False,retrosynthesis,react,failed,-2,failed_stepn2
make_4_lvl2,118,0.0,False,False,retrosynthesis,react,failed,-2,failed_stepn2
make_4_lvl2,120,0.0,False,False,retrosynthesis,react,failed,-2,failed_stepn2
make_4_lvl2,122,0.0,False,False,retrosynthesis,react,failed,-2,failed_stepn2
make_4_lvl2,124,0.0,False,False,retrosynthesis,react,failed,-2,failed_stepn2
make_4_lvl2,126,0.0,False,False,retrosynthesis,react,failed,-2,failed_stepn2
make_4_lvl2,127,0.0,False,False,retrosynthesis,react,failed,-2,failed_stepn2
make_4_lvl2,129,0.0,False,False,retrosynthesis,react,failed,-2,failed_stepn2
make_4_lvl2,133,0.0,False,False,retrosynthesis,react,failed,-2,failed_stepn2
make_4_lvl2,134,0.0,False,False,retrosynthesis,react,failed,-2,failed_stepn2
make_4_lvl2,135,0.0,False,False,retrosynthesis,react,failed,-2,failed_stepn2
make_5_lvl2,109,0.0,False,False,retrosynthesis,react,failed,-2,failed_stepn2
make_5_lvl2,112,0.0,False,False,retrosynthesis,react,failed,-2,failed_stepn2
make_5_lvl2,114,0.0,False,False,retrosynthesis,react,failed,-2,failed_stepn2
make_5_lvl2,116,0.0,False,False,retrosynthesis,react,failed,-2,failed_stepn2
make_5_lvl2,118,0.0,False,False,retrosynthesis,react,failed,-2,failed_stepn2
make_5_lvl2,119,0.0,False,False,retrosynthesis,react,failed,-2,failed_stepn2
make_5_lvl2,120,0.0,False,False,retrosynthesis,react,failed,-2,failed_stepn2
make_5_lvl2,122,0.0,False,False,retrosynthesis,react,failed,-2,failed_stepn2
make_5_lvl2,123,0.0,False,False,retrosynthesis,react,failed,-2,failed_stepn2
make_5_lvl2,124,0.0,False,False,retrosynthesis,react,failed,-2,failed_stepn2
make_5_lvl2,129,0.0,False,False,retrosynthesis,react,failed,-2,failed_stepn2
make_5_lvl2,130,0.0,False,False,retrosynthesis,react,failed,-2,failed_stepn2
make_5_lvl2,132,0.0,False,False,retrosynthesis,react,failed,-2,failed_stepn2
make_5_lvl2,134,0.0,False,False,retrosynthesis,react,failed,-2,failed_stepn2
make_5_lvl2,135,0.0,False,False,retrosynthesis,react,failed,-2,failed_stepn2
make_7_lvl2,107,0.0,False,False,retrosynthesis,react,failed,-2,failed_stepn2
make_7_lvl2,108,0.0,False,False,retrosynthesis,react,failed,-2,failed_stepn2
make_7_lvl2,110,0.0,False,False,retrosynthesis,react,failed,-2,failed_stepn2
make_7_lvl2,111,1.0,True,False,retrosynthesis,react,failed,-2,failed_stepn2
make_7_lvl2,112,0.0,False,False,retrosynthesis,react,failed,-2,failed_stepn2
make_7_lvl2,113,0.0,False,False,retrosynthesis,react,failed,-2,failed_stepn2
make_7_lvl2,114,0.0,False,False,retrosynthesis,react,failed,-2,failed_stepn2
make_7_lvl2,116,0.0,False,False,retrosynthesis,react,failed,-2,failed_stepn2
make_7_lvl2,118,0.0,False,False,retrosynthesis,react,failed,-2,failed_stepn2
make_7_lvl2,119,0.0,False,False,retrosynthesis,react,failed,-2,failed_stepn2
make_7_lvl2,121,0.0,False,False,retrosynthesis,react,failed,-2,failed_stepn2
make_7_lvl2,122,0.0,False,False,retrosynthesis,react,failed,-2,failed_stepn2
make_7_lvl2,124,0.0,False,False,retrosynthesis,react,failed,-2,failed_stepn2
make_7_lvl2,126,0.0,False,False,retrosynthesis,react,failed,-2,failed_stepn2
make_7_lvl2,127,0.0,False,False,retrosynthesis,react,failed,-2,failed_stepn2
make_8_lvl2,106,0.0,False,False,retrosynthesis,react,failed,-2,failed_stepn2
make_8_lvl2,107,0.0,False,False,retrosynthesis,react,failed,-2,failed_stepn2
make_8_lvl2,108,0.0,False,False,retrosynthesis,react,failed,-2,failed_stepn2
make_8_lvl2,109,0.0,False,False,retrosynthesis,react,failed,-2,failed_stepn2
make_8_lvl2,110,0.0,False,False,retrosynthesis,react,failed,-2,failed_stepn2
make_8_lvl2,111,0.0,False,False,retrosynthesis,react,failed,-2,failed_stepn2
make_8_lvl2,112,0.0,False,False,retrosynthesis,react,failed,-2,failed_stepn2
make_8_lvl2,113,0.0,False,False,retrosynthesis,react,failed,-2,failed_stepn2
make_8_lvl2,114,0.0,False,False,retrosynthesis,react,failed,-2,failed_stepn2
make_8_lvl2,116,0.0,False,False,retrosynthesis,react,failed,-2,failed_stepn2
make_8_lvl2,117,0.0,False,False,retrosynthesis,react,failed,-2,failed_stepn2
make_8_lvl2,119,0.0,False,False,retrosynthesis,react,failed,-2,failed_stepn2
make_8_lvl2,120,0.0,False,False,retrosynthesis,react,failed,-2,failed_stepn2
make_8_lvl2,121,0.0,False,False,retrosynthesis,react,failed,-2,failed_stepn2
make_8_lvl2,123,0.0,False,False,retrosynthesis,react,failed,-2,failed_stepn2
make_3_lvl2,16,1.0,True,False,retrosynthesis,react,success,1,success_step1
make_3_lvl2,18,0.0,False,False,retrosynthesis,react,success,1,success_step1
make_3_lvl2,20,1.0,True,False,retrosynthesis,react,success,1,success_step1
make_3_lvl2,22,0.0,False,False,retrosynthesis,react,success,1,success_step1
make_3_lvl2,24,1.0,True,False,retrosynthesis,react,success,1,success_step1
make_3_lvl2,27,1.0,True,False,retrosynthesis,react,success,1,success_step1
make_3_lvl2,29,1.0,True,False,retrosynthesis,react,success,1,success_step1
make_3_lvl2,31,1.0,True,False,retrosynthesis,react,success,1,success_step1
make_3_lvl2,33,1.0,True,False,retrosynthesis,react,success,1,success_step1
make_3_lvl2,35,1.0,True,False,retrosynthesis,react,success,1,success_step1
make_3_lvl2,38,0.0,False,False,retrosynthesis,react,success,1,success_step1
make_3_lvl2,40,0.0,False,False,retrosynthesis,react,success,1,success_step1
make_3_lvl2,42,1.0,True,False,retrosynthesis,react,success,1,success_step1
make_3_lvl2,44,1.0,True,False,retrosynthesis,react,success,1,success_step1
make_3_lvl2,45,1.0,True,False,retrosynthesis,react,success,1,success_step1
make_4_lvl2,17,1.0,True,False,retrosynthesis,react,success,1,success_step1
make_4_lvl2,19,1.0,True,False,retrosynthesis,react,success,1,success_step1
make_4_lvl2,22,1.0,True,False,retrosynthesis,react,success,1,success_step1
make_4_lvl2,23,1.0,True,False,retrosynthesis,react,success,1,success_step1
make_4_lvl2,25,0.0,False,False,retrosynthesis,react,success,1,success_step1
make_4_lvl2,27,0.0,False,False,retrosynthesis,react,success,1,success_step1
make_4_lvl2,28,0.0,False,False,retrosynthesis,react,success,1,success_step1
make_4_lvl2,31,0.0,False,False,retrosynthesis,react,success,1,success_step1
make_4_lvl2,33,1.0,True,False,retrosynthesis,react,success,1,success_step1
make_4_lvl2,34,1.0,True,False,retrosynthesis,react,success,1,success_step1
make_4_lvl2,37,0.0,False,False,retrosynthesis,react,success,1,success_step1
make_4_lvl2,39,1.0,True,False,retrosynthesis,react,success,1,success_step1
make_4_lvl2,41,1.0,True,False,retrosynthesis,react,success,1,success_step1
make_4_lvl2,42,1.0,True,False,retrosynthesis,react,success,1,success_step1
make_4_lvl2,44,1.0,True,False,retrosynthesis,react,success,1,success_step1
make_5_lvl2,16,0.0,False,False,retrosynthesis,react,success,1,success_step1
make_5_lvl2,17,0.0,False,False,retrosynthesis,react,success,1,success_step1
make_5_lvl2,18,0.0,False,False,retrosynthesis,react,success,1,success_step1
make_5_lvl2,19,0.0,False,False,retrosynthesis,react,success,1,success_step1
make_5_lvl2,21,0.0,False,False,retrosynthesis,react,success,1,success_step1
make_5_lvl2,22,0.0,False,False,retrosynthesis,react,success,1,success_step1
make_5_lvl2,24,0.0,False,False,retrosynthesis,react,success,1,success_step1
make_5_lvl2,26,0.0,False,False,retrosynthesis,react,success,1,success_step1
make_5_lvl2,28,0.0,False,False,retrosynthesis,react,success,1,success_step1
make_5_lvl2,30,0.0,False,False,retrosynthesis,react,success,1,success_step1
make_5_lvl2,32,0.0,False,False,retrosynthesis,react,success,1,success_step1
make_5_lvl2,34,0.0,False,False,retrosynthesis,react,success,1,success_step1
make_5_lvl2,36,0.0,False,False,retrosynthesis,react,success,1,success_step1
make_5_lvl2,38,0.0,False,False,retrosynthesis,react,success,1,success_step1
make_5_lvl2,39,0.0,False,False,retrosynthesis,react,success,1,success_step1
make_7_lvl2,16,1.0,True,False,retrosynthesis,react,success,1,success_step1
make_7_lvl2,17,1.0,True,False,retrosynthesis,react,success,1,success_step1
make_7_lvl2,18,1.0,True,False,retrosynthesis,react,success,1,success_step1
make_7_lvl2,19,1.0,True,False,retrosynthesis,react,success,1,success_step1
make_7_lvl2,20,1.0,True,False,retrosynthesis,react,success,1,success_step1
make_7_lvl2,21,1.0,True,False,retrosynthesis,react,success,1,success_step1
make_7_lvl2,22,1.0,True,False,retrosynthesis,react,success,1,success_step1
make_7_lvl2,23,0.0,False,False,retrosynthesis,react,success,1,success_step1
make_7_lvl2,27,1.0,True,False,retrosynthesis,react,success,1,success_step1
make_7_lvl2,29,0.0,False,False,retrosynthesis,react,success,1,success_step1
make_7_lvl2,31,1.0,True,False,retrosynthesis,react,success,1,success_step1
make_7_lvl2,33,0.0,False,False,retrosynthesis,react,success,1,success_step1
make_7_lvl2,36,0.0,False,False,retrosynthesis,react,success,1,success_step1
make_7_lvl2,38,0.0,False,False,retrosynthesis,react,success,1,success_step1
make_7_lvl2,40,1.0,True,False,retrosynthesis,react,success,1,success_step1
make_8_lvl2,16,0.0,False,False,retrosynthesis,react,success,1,success_step1
make_8_lvl2,17,0.0,False,False,retrosynthesis,react,success,1,success_step1
make_8_lvl2,18,0.0,False,False,retrosynthesis,react,success,1,success_step1
make_8_lvl2,19,0.0,False,False,retrosynthesis,react,success,1,success_step1
make_8_lvl2,20,0.0,False,False,retrosynthesis,react,success,1,success_step1
make_8_lvl2,21,0.0,False,False,retrosynthesis,react,success,1,success_step1
make_8_lvl2,23,0.0,False,False,retrosynthesis,react,success,1,success_step1
make_8_lvl2,25,1.0,True,False,retrosynthesis,react,success,1,success_step1
make_8_lvl2,26,0.0,False,False,retrosynthesis,react,success,1,success_step1
make_8_lvl2,27,0.0,False,False,retrosynthesis,react,success,1,success_step1
make_8_lvl2,29,0.0,False,False,retrosynthesis,react,success,1,success_step1
make_8_lvl2,32,0.0,False,False,retrosynthesis,react,success,1,success_step1
make_8_lvl2,34,0.0,False,False,retrosynthesis,react,success,1,success_step1
make_8_lvl2,35,0.0,False,False,retrosynthesis,react,success,1,success_step1
make_8_lvl2,37,1.0,True,False,retrosynthesis,react,success,1,success_step1
make_3_lvl2,46,1.0,True,False,retrosynthesis,react,success,2,success_step2
make_3_lvl2,48,0.0,False,False,retrosynthesis,react,success,2,success_step2
make_3_lvl2,50,0.0,False,False,retrosynthesis,react,success,2,success_step2
make_3_lvl2,52,0.0,False,False,retrosynthesis,react,success,2,success_step2
make_3_lvl2,54,1.0,True,False,retrosynthesis,react,success,2,success_step2
make_3_lvl2,56,1.0,True,False,retrosynthesis,react,success,2,success_step2
make_3_lvl2,57,1.0,True,False,retrosynthesis,react,success,2,success_step2
make_3_lvl2,59,1.0,True,False,retrosynthesis,react,success,2,success_step2
make_3_lvl2,61,1.0,True,False,retrosynthesis,react,success,2,success_step2
make_3_lvl2,63,0.0,False,False,retrosynthesis,react,success,2,success_step2
make_3_lvl2,65,1.0,True,False,retrosynthesis,react,success,2,success_step2
make_3_lvl2,67,0.0,False,False,retrosynthesis,react,success,2,success_step2
make_3_lvl2,68,1.0,True,False,retrosynthesis,react,success,2,success_step2
make_3_lvl2,70,0.0,False,False,retrosynthesis,react,success,2,success_step2
make_3_lvl2,72,0.0,False,False,retrosynthesis,react,success,2,success_step2
make_4_lvl2,46,1.0,True,False,retrosynthesis,react,success,2,success_step2
make_4_lvl2,47,1.0,True,False,retrosynthesis,react,success,2,success_step2
make_4_lvl2,49,1.0,True,False,retrosynthesis,react,success,2,success_step2
make_4_lvl2,50,1.0,True,False,retrosynthesis,react,success,2,success_step2
make_4_lvl2,52,0.0,False,False,retrosynthesis,react,success,2,success_step2
make_4_lvl2,54,1.0,True,False,retrosynthesis,react,success,2,success_step2
make_4_lvl2,55,1.0,True,False,retrosynthesis,react,success,2,success_step2
make_4_lvl2,57,1.0,True,False,retrosynthesis,react,success,2,success_step2
make_4_lvl2,59,0.0,False,False,retrosynthesis,react,success,2,success_step2
make_4_lvl2,61,1.0,True,False,retrosynthesis,react,success,2,success_step2
make_4_lvl2,62,0.0,False,False,retrosynthesis,react,success,2,success_step2
make_4_lvl2,64,1.0,True,False,retrosynthesis,react,success,2,success_step2
make_4_lvl2,65,1.0,True,False,retrosynthesis,react,success,2,success_step2
make_4_lvl2,67,1.0,True,False,retrosynthesis,react,success,2,success_step2
make_4_lvl2,69,1.0,True,False,retrosynthesis,react,success,2,success_step2
make_5_lvl2,46,1.0,True,False,retrosynthesis,react,success,2,success_step2
make_5_lvl2,47,0.0,False,False,retrosynthesis,react,success,2,success_step2
make_5_lvl2,48,0.0,False,False,retrosynthesis,react,success,2,success_step2
make_5_lvl2,49,0.0,False,False,retrosynthesis,react,success,2,success_step2
make_5_lvl2,53,0.0,False,False,retrosynthesis,react,success,2,success_step2
make_5_lvl2,56,0.0,False,False,retrosynthesis,react,success,2,success_step2
make_5_lvl2,58,0.0,False,False,retrosynthesis,react,success,2,success_step2
make_5_lvl2,60,1.0,True,False,retrosynthesis,react,success,2,success_step2
make_5_lvl2,63,0.0,False,False,retrosynthesis,react,success,2,success_step2
make_5_lvl2,65,0.0,False,False,retrosynthesis,react,success,2,success_step2
make_5_lvl2,69,0.0,False,False,retrosynthesis,react,success,2,success_step2
make_5_lvl2,70,0.0,False,False,retrosynthesis,react,success,2,success_step2
make_5_lvl2,71,0.0,False,False,retrosynthesis,react,success,2,success_step2
make_5_lvl2,74,0.0,False,False,retrosynthesis,react,success,2,success_step2
make_5_lvl2,75,0.0,False,False,retrosynthesis,react,success,2,success_step2
make_7_lvl2,50,1.0,True,False,retrosynthesis,react,success,2,success_step2
make_7_lvl2,52,1.0,True,False,retrosynthesis,react,success,2,success_step2
make_7_lvl2,54,1.0,True,False,retrosynthesis,react,success,2,success_step2
make_7_lvl2,56,1.0,True,False,retrosynthesis,react,success,2,success_step2
make_7_lvl2,58,1.0,True,False,retrosynthesis,react,success,2,success_step2
make_7_lvl2,60,0.0,False,False,retrosynthesis,react,success,2,success_step2
make_7_lvl2,62,1.0,True,False,retrosynthesis,react,success,2,success_step2
make_7_lvl2,64,1.0,True,False,retrosynthesis,react,success,2,success_step2
make_7_lvl2,67,0.0,False,False,retrosynthesis,react,success,2,success_step2
make_7_lvl2,69,1.0,True,False,retrosynthesis,react,success,2,success_step2
make_7_lvl2,71,1.0,True,False,retrosynthesis,react,success,2,success_step2
make_7_lvl2,72,1.0,True,False,retrosynthesis,react,success,2,success_step2
make_7_lvl2,73,1.0,True,False,retrosynthesis,react,success,2,success_step2
make_7_lvl2,74,1.0,True,False,retrosynthesis,react,success,2,success_step2
make_7_lvl2,75,0.0,False,False,retrosynthesis,react,success,2,success_step2
make_8_lvl2,53,1.0,True,False,retrosynthesis,react,success,2,success_step2
make_8_lvl2,55,0.0,False,False,retrosynthesis,react,success,2,success_step2
make_8_lvl2,56,0.0,False,False,retrosynthesis,react,success,2,success_step2
make_8_lvl2,59,0.0,False,False,retrosynthesis,react,success,2,success_step2
make_8_lvl2,60,1.0,True,False,retrosynthesis,react,success,2,success_step2
make_8_lvl2,62,0.0,False,False,retrosynthesis,react,success,2,success_step2
make_8_lvl2,63,0.0,False,False,retrosynthesis,react,success,2,success_step2
make_8_lvl2,65,1.0,True,False,retrosynthesis,react,success,2,success_step2
make_8_lvl2,68,0.0,False,False,retrosynthesis,react,success,2,success_step2
make_8_lvl2,70,0.0,False,False,retrosynthesis,react,success,2,success_step2
make_8_lvl2,71,1.0,True,False,retrosynthesis,react,success,2,success_step2
make_8_lvl2,72,1.0,True,False,retrosynthesis,react,success,2,success_step2
make_8_lvl2,73,0.0,False,False,retrosynthesis,react,success,2,success_step2
make_8_lvl2,74,0.0,False,False,retrosynthesis,react,success,2,success_step2
make_8_lvl2,75,0.0,False,False,retrosynthesis,react,success,2,success_step2
make_3_lvl2,76,1.0,True,False,retrosynthesis,react,success,-1,success_stepn1
make_3_lvl2,78,1.0,True,False,retrosynthesis,react,success,-1,success_stepn1
make_3_lvl2,80,1.0,True,False,retrosynthesis,react,success,-1,success_stepn1
make_3_lvl2,82,1.0,True,False,retrosynthesis,react,success,-1,success_stepn1
make_3_lvl2,84,1.0,True,False,retrosynthesis,react,success,-1,success_stepn1
make_3_lvl2,86,1.0,True,False,retrosynthesis,react,success,-1,success_stepn1
make_3_lvl2,87,1.0,True,False,retrosynthesis,react,success,-1,success_stepn1
make_3_lvl2,90,1.0,True,False,retrosynthesis,react,success,-1,success_stepn1
make_3_lvl2,92,1.0,True,False,retrosynthesis,react,success,-1,success_stepn1
make_3_lvl2,93,1.0,True,False,retrosynthesis,react,success,-1,success_stepn1
make_3_lvl2,95,1.0,True,False,retrosynthesis,react,success,-1,success_stepn1
make_3_lvl2,97,1.0,True,False,retrosynthesis,react,success,-1,success_stepn1
make_3_lvl2,99,1.0,True,False,retrosynthesis,react,success,-1,success_stepn1
make_3_lvl2,102,1.0,True,False,retrosynthesis,react,success,-1,success_stepn1
make_3_lvl2,104,1.0,True,False,retrosynthesis,react,success,-1,success_stepn1
make_4_lvl2,77,1.0,True,False,retrosynthesis,react,success,-1,success_stepn1
make_4_lvl2,80,1.0,True,False,retrosynthesis,react,success,-1,success_stepn1
make_4_lvl2,82,1.0,True,False,retrosynthesis,react,success,-1,success_stepn1
make_4_lvl2,84,1.0,True,False,retrosynthesis,react,success,-1,success_stepn1
make_4_lvl2,87,1.0,True,False,retrosynthesis,react,success,-1,success_stepn1
make_4_lvl2,88,1.0,True,False,retrosynthesis,react,success,-1,success_stepn1
make_4_lvl2,90,1.0,True,False,retrosynthesis,react,success,-1,success_stepn1
make_4_lvl2,94,1.0,True,False,retrosynthesis,react,success,-1,success_stepn1
make_4_lvl2,96,1.0,True,False,retrosynthesis,react,success,-1,success_stepn1
make_4_lvl2,98,1.0,True,False,retrosynthesis,react,success,-1,success_stepn1
make_4_lvl2,100,1.0,True,False,retrosynthesis,react,success,-1,success_stepn1
make_4_lvl2,102,1.0,True,False,retrosynthesis,react,success,-1,success_stepn1
make_4_lvl2,103,1.0,True,False,retrosynthesis,react,success,-1,success_stepn1
make_4_lvl2,104,1.0,True,False,retrosynthesis,react,success,-1,success_stepn1
make_4_lvl2,105,1.0,True,False,retrosynthesis,react,success,-1,success_stepn1
make_5_lvl2,78,1.0,True,False,retrosynthesis,react,success,-1,success_stepn1
make_5_lvl2,80,0.0,False,False,retrosynthesis,react,success,-1,success_stepn1
make_5_lvl2,82,1.0,True,False,retrosynthesis,react,success,-1,success_stepn1
make_5_lvl2,83,1.0,True,False,retrosynthesis,react,success,-1,success_stepn1
make_5_lvl2,87,1.0,True,False,retrosynthesis,react,success,-1,success_stepn1
make_5_lvl2,89,1.0,True,False,retrosynthesis,react,success,-1,success_stepn1
make_5_lvl2,90,1.0,True,False,retrosynthesis,react,success,-1,success_stepn1
make_5_lvl2,92,1.0,True,False,retrosynthesis,react,success,-1,success_stepn1
make_5_lvl2,94,1.0,True,False,retrosynthesis,react,success,-1,success_stepn1
make_5_lvl2,96,1.0,True,False,retrosynthesis,react,success,-1,success_stepn1
make_5_lvl2,98,1.0,True,False,retrosynthesis,react,success,-1,success_stepn1
make_5_lvl2,99,0.0,False,False,retrosynthesis,react,success,-1,success_stepn1
make_5_lvl2,101,1.0,True,False,retrosynthesis,react,success,-1,success_stepn1
make_5_lvl2,102,1.0,True,False,retrosynthesis,react,success,-1,success_stepn1
make_5_lvl2,105,1.0,True,False,retrosynthesis,react,success,-1,success_stepn1
make_7_lvl2,78,0.0,False,False,retrosynthesis,react,success,-1,success_stepn1
make_7_lvl2,80,1.0,True,False,retrosynthesis,react,success,-1,success_stepn1
make_7_lvl2,87,1.0,True,False,retrosynthesis,react,success,-1,success_stepn1
make_7_lvl2,89,1.0,True,False,retrosynthesis,react,success,-1,success_stepn1
make_7_lvl2,93,1.0,True,False,retrosynthesis,react,success,-1,success_stepn1
make_7_lvl2,96,1.0,True,False,retrosynthesis,react,success,-1,success_stepn1
make_7_lvl2,97,1.0,True,False,retrosynthesis,react,success,-1,success_stepn1
make_7_lvl2,98,1.0,True,False,retrosynthesis,react,success,-1,success_stepn1
make_7_lvl2,99,1.0,True,False,retrosynthesis,react,success,-1,success_stepn1
make_7_lvl2,100,1.0,True,False,retrosynthesis,react,success,-1,success_stepn1
make_7_lvl2,101,1.0,True,False,retrosynthesis,react,success,-1,success_stepn1
make_7_lvl2,102,1.0,True,False,retrosynthesis,react,success,-1,success_stepn1
make_7_lvl2,103,1.0,True,False,retrosynthesis,react,success,-1,success_stepn1
make_7_lvl2,104,1.0,True,False,retrosynthesis,react,success,-1,success_stepn1
make_7_lvl2,105,1.0,True,False,retrosynthesis,react,success,-1,success_stepn1
make_8_lvl2,88,1.0,True,False,retrosynthesis,react,success,-1,success_stepn1
make_8_lvl2,90,1.0,True,False,retrosynthesis,react,success,-1,success_stepn1
make_8_lvl2,92,1.0,True,False,retrosynthesis,react,success,-1,success_stepn1
make_8_lvl2,94,1.0,True,False,retrosynthesis,react,success,-1,success_stepn1
make_8_lvl2,95,1.0,True,False,retrosynthesis,react,success,-1,success_stepn1
make_8_lvl2,96,1.0,True,False,retrosynthesis,react,success,-1,success_stepn1
make_8_lvl2,97,1.0,True,False,retrosynthesis,react,success,-1,success_stepn1
make_8_lvl2,98,1.0,True,False,retrosynthesis,react,success,-1,success_stepn1
make_8_lvl2,99,1.0,True,False,retrosynthesis,react,success,-1,success_stepn1
make_8_lvl2,100,1.0,True,False,retrosynthesis,react,success,-1,success_stepn1
make_8_lvl2,101,1.0,True,False,retrosynthesis,react,success,-1,success_stepn1
make_8_lvl2,102,1.0,True,False,retrosynthesis,react,success,-1,success_stepn1
make_8_lvl2,103,1.0,True,False,retrosynthesis,react,success,-1,success_stepn1
make_8_lvl2,104,1.0,True,False,retrosynthesis,react,success,-1,success_stepn1
make_8_lvl2,105,1.0,True,False,retrosynthesis,react,success,-1,success_stepn1
make_3_lvl2,106,1.0,True,False,retrosynthesis,react,success,-2,success_stepn2
make_3_lvl2,108,1.0,True,False,retrosynthesis,react,success,-2,success_stepn2
make_3_lvl2,110,1.0,True,False,retrosynthesis,react,success,-2,success_stepn2
make_3_lvl2,112,1.0,True,False,retrosynthesis,react,success,-2,success_stepn2
make_3_lvl2,114,1.0,True,False,retrosynthesis,react,success,-2,success_stepn2
make_3_lvl2,116,1.0,True,False,retrosynthesis,react,success,-2,success_stepn2
make_3_lvl2,118,1.0,True,False,retrosynthesis,react,success,-2,success_stepn2
make_3_lvl2,120,1.0,True,False,retrosynthesis,react,success,-2,success_stepn2
make_3_lvl2,123,1.0,True,False,retrosynthesis,react,success,-2,success_stepn2
make_3_lvl2,126,1.0,True,False,retrosynthesis,react,success,-2,success_stepn2
make_3_lvl2,128,1.0,True,False,retrosynthesis,react,success,-2,success_stepn2
make_3_lvl2,129,1.0,True,False,retrosynthesis,react,success,-2,success_stepn2
make_3_lvl2,131,1.0,True,False,retrosynthesis,react,success,-2,success_stepn2
make_3_lvl2,133,1.0,True,False,retrosynthesis,react,success,-2,success_stepn2
make_3_lvl2,135,1.0,True,False,retrosynthesis,react,success,-2,success_stepn2
make_4_lvl2,107,1.0,True,False,retrosynthesis,react,success,-2,success_stepn2
make_4_lvl2,109,1.0,True,False,retrosynthesis,react,success,-2,success_stepn2
make_4_lvl2,111,1.0,True,False,retrosynthesis,react,success,-2,success_stepn2
make_4_lvl2,112,1.0,True,False,retrosynthesis,react,success,-2,success_stepn2
make_4_lvl2,113,1.0,True,False,retrosynthesis,react,success,-2,success_stepn2
make_4_lvl2,115,1.0,True,False,retrosynthesis,react,success,-2,success_stepn2
make_4_lvl2,117,1.0,True,False,retrosynthesis,react,success,-2,success_stepn2
make_4_lvl2,119,1.0,True,False,retrosynthesis,react,success,-2,success_stepn2
make_4_lvl2,121,1.0,True,False,retrosynthesis,react,success,-2,success_stepn2
make_4_lvl2,123,1.0,True,False,retrosynthesis,react,success,-2,success_stepn2
make_4_lvl2,125,1.0,True,False,retrosynthesis,react,success,-2,success_stepn2
make_4_lvl2,128,1.0,True,False,retrosynthesis,react,success,-2,success_stepn2
make_4_lvl2,130,1.0,True,False,retrosynthesis,react,success,-2,success_stepn2
make_4_lvl2,131,1.0,True,False,retrosynthesis,react,success,-2,success_stepn2
make_4_lvl2,132,1.0,True,False,retrosynthesis,react,success,-2,success_stepn2
make_5_lvl2,106,1.0,True,False,retrosynthesis,react,success,-2,success_stepn2
make_5_lvl2,107,1.0,True,False,retrosynthesis,react,success,-2,success_stepn2
make_5_lvl2,108,0.0,False,False,retrosynthesis,react,success,-2,success_stepn2
make_5_lvl2,110,1.0,True,False,retrosynthesis,react,success,-2,success_stepn2
make_5_lvl2,111,1.0,True,False,retrosynthesis,react,success,-2,success_stepn2
make_5_lvl2,113,1.0,True,False,retrosynthesis,react,success,-2,success_stepn2
make_5_lvl2,115,1.0,True,False,retrosynthesis,react,success,-2,success_stepn2
make_5_lvl2,117,1.0,True,False,retrosynthesis,react,success,-2,success_stepn2
make_5_lvl2,121,1.0,True,False,retrosynthesis,react,success,-2,success_stepn2
make_5_lvl2,125,1.0,True,False,retrosynthesis,react,success,-2,success_stepn2
make_5_lvl2,126,1.0,True,False,retrosynthesis,react,success,-2,success_stepn2
make_5_lvl2,127,1.0,True,False,retrosynthesis,react,success,-2,success_stepn2
make_5_lvl2,128,1.0,True,False,retrosynthesis,react,success,-2,success_stepn2
make_5_lvl2,131,0.0,False,False,retrosynthesis,react,success,-2,success_stepn2
make_5_lvl2,133,1.0,True,False,retrosynthesis,react,success,-2,success_stepn2
make_7_lvl2,106,1.0,True,False,retrosynthesis,react,success,-2,success_stepn2
make_7_lvl2,109,1.0,True,False,retrosynthesis,react,success,-2,success_stepn2
make_7_lvl2,115,1.0,True,False,retrosynthesis,react,success,-2,success_stepn2
make_7_lvl2,117,1.0,True,False,retrosynthesis,react,success,-2,success_stepn2
make_7_lvl2,120,1.0,True,False,retrosynthesis,react,success,-2,success_stepn2
make_7_lvl2,123,1.0,True,False,retrosynthesis,react,success,-2,success_stepn2
make_7_lvl2,125,1.0,True,False,retrosynthesis,react,success,-2,success_stepn2
make_7_lvl2,128,1.0,True,False,retrosynthesis,react,success,-2,success_stepn2
make_7_lvl2,129,0.0,False,False,retrosynthesis,react,success,-2,success_stepn2
make_7_lvl2,130,1.0,True,False,retrosynthesis,react,success,-2,success_stepn2
make_7_lvl2,131,1.0,True,False,retrosynthesis,react,success,-2,success_stepn2
make_7_lvl2,132,1.0,True,False,retrosynthesis,react,success,-2,success_stepn2
make_7_lvl2,133,0.0,False,False,retrosynthesis,react,success,-2,success_stepn2
make_7_lvl2,134,1.0,True,False,retrosynthesis,react,success,-2,success_stepn2
make_7_lvl2,135,1.0,True,False,retrosynthesis,react,success,-2,success_stepn2
make_8_lvl2,115,1.0,True,False,retrosynthesis,react,success,-2,success_stepn2
make_8_lvl2,118,1.0,True,False,retrosynthesis,react,success,-2,success_stepn2
make_8_lvl2,122,1.0,True,False,retrosynthesis,react,success,-2,success_stepn2
make_8_lvl2,124,1.0,True,False,retrosynthesis,react,success,-2,success_stepn2
make_8_lvl2,125,1.0,True,False,retrosynthesis,react,success,-2,success_stepn2
make_8_lvl2,126,1.0,True,False,retrosynthesis,react,success,-2,success_stepn2
make_8_lvl2,127,1.0,True,False,retrosynthesis,react,success,-2,success_stepn2
make_8_lvl2,128,1.0,True,False,retrosynthesis,react,success,-2,success_stepn2
make_8_lvl2,129,1.0,True,False,retrosynthesis,react,success,-2,success_stepn2
make_8_lvl2,130,1.0,True,False,retrosynthesis,react,success,-2,success_stepn2
make_8_lvl2,131,1.0,True,False,retrosynthesis,react,success,-2,success_stepn2
make_8_lvl2,132,1.0,True,False,retrosynthesis,react,success,-2,success_stepn2
make_8_lvl2,133,1.0,True,False,retrosynthesis,react,success,-2,success_stepn2
make_8_lvl2,134,1.0,True,False,retrosynthesis,react,success,-2,success_stepn2
make_8_lvl2,135,1.0,True,False,retrosynthesis,react,success,-2,success_stepn2
make_3_lvl2,1,0.0,False,False,retrosynthesis,toolcalling,none,0,baseline
make_3_lvl2,2,1.0,True,False,retrosynthesis,toolcalling,none,0,baseline
make_3_lvl2,3,0.0,False,False,retrosynthesis,toolcalling,none,0,baseline
make_3_lvl2,4,1.0,True,False,retrosynthesis,toolcalling,none,0,baseline
make_3_lvl2,5,0.0,False,False,retrosynthesis,toolcalling,none,0,baseline
make_3_lvl2,6,0.0,False,False,retrosynthesis,toolcalling,none,0,baseline
make_3_lvl2,7,0.0,False,False,retrosynthesis,toolcalling,none,0,baseline
make_3_lvl2,8,0.0,False,False,retrosynthesis,toolcalling,none,0,baseline
make_3_lvl2,9,1.0,True,False,retrosynthesis,toolcalling,none,0,baseline
make_3_lvl2,10,1.0,True,False,retrosynthesis,toolcalling,none,0,baseline
make_3_lvl2,11,1.0,True,False,retrosynthesis,toolcalling,none,0,baseline
make_3_lvl2,12,0.0,False,False,retrosynthesis,toolcalling,none,0,baseline
make_3_lvl2,13,0.0,False,False,retrosynthesis,toolcalling,none,0,baseline
make_3_lvl2,14,1.0,True,False,retrosynthesis,toolcalling,none,0,baseline
make_3_lvl2,15,0.0,False,False,retrosynthesis,toolcalling,none,0,baseline
make_4_lvl2,1,0.0,False,False,retrosynthesis,toolcalling,none,0,baseline
make_4_lvl2,2,1.0,True,False,retrosynthesis,toolcalling,none,0,baseline
make_4_lvl2,3,0.0,False,False,retrosynthesis,toolcalling,none,0,baseline
make_4_lvl2,4,0.0,False,False,retrosynthesis,toolcalling,none,0,baseline
make_4_lvl2,5,1.0,True,False,retrosynthesis,toolcalling,none,0,baseline
make_4_lvl2,6,1.0,True,False,retrosynthesis,toolcalling,none,0,baseline
make_4_lvl2,7,1.0,True,False,retrosynthesis,toolcalling,none,0,baseline
make_4_lvl2,8,0.0,False,False,retrosynthesis,toolcalling,none,0,baseline
make_4_lvl2,9,1.0,True,False,retrosynthesis,toolcalling,none,0,baseline
make_4_lvl2,10,1.0,True,False,retrosynthesis,toolcalling,none,0,baseline
make_4_lvl2,11,1.0,True,False,retrosynthesis,toolcalling,none,0,baseline
make_4_lvl2,12,0.0,False,False,retrosynthesis,toolcalling,none,0,baseline
make_4_lvl2,13,1.0,True,False,retrosynthesis,toolcalling,none,0,baseline
make_4_lvl2,14,0.0,False,False,retrosynthesis,toolcalling,none,0,baseline
make_4_lvl2,15,0.0,False,False,retrosynthesis,toolcalling,none,0,baseline
make_5_lvl2,1,0.0,False,False,retrosynthesis,toolcalling,none,0,baseline
make_5_lvl2,2,0.0,False,False,retrosynthesis,toolcalling,none,0,baseline
make_5_lvl2,3,0.0,False,False,retrosynthesis,toolcalling,none,0,baseline
make_5_lvl2,4,0.0,False,False,retrosynthesis,toolcalling,none,0,baseline
make_5_lvl2,5,0.0,False,False,retrosynthesis,toolcalling,none,0,baseline
make_5_lvl2,6,0.0,False,False,retrosynthesis,toolcalling,none,0,baseline
make_5_lvl2,7,0.0,False,False,retrosynthesis,toolcalling,none,0,baseline
make_5_lvl2,8,0.0,False,False,retrosynthesis,toolcalling,none,0,baseline
make_5_lvl2,9,0.0,False,False,retrosynthesis,toolcalling,none,0,baseline
make_5_lvl2,10,1.0,True,False,retrosynthesis,toolcalling,none,0,baseline
make_5_lvl2,11,0.0,False,False,retrosynthesis,toolcalling,none,0,baseline
make_5_lvl2,12,0.0,False,False,retrosynthesis,toolcalling,none,0,baseline
make_5_lvl2,13,0.0,False,False,retrosynthesis,toolcalling,none,0,baseline
make_5_lvl2,14,1.0,True,False,retrosynthesis,toolcalling,none,0,baseline
make_5_lvl2,15,1.0,True,False,retrosynthesis,toolcalling,none,0,baseline
make_7_lvl2,1,1.0,True,False,retrosynthesis,toolcalling,none,0,baseline
make_7_lvl2,2,1.0,True,False,retrosynthesis,toolcalling,none,0,baseline
make_7_lvl2,3,1.0,True,False,retrosynthesis,toolcalling,none,0,baseline
make_7_lvl2,4,1.0,True,False,retrosynthesis,toolcalling,none,0,baseline
make_7_lvl2,5,1.0,True,False,retrosynthesis,toolcalling,none,0,baseline
make_7_lvl2,6,1.0,True,False,retrosynthesis,toolcalling,none,0,baseline
make_7_lvl2,7,1.0,True,False,retrosynthesis,toolcalling,none,0,baseline
make_7_lvl2,8,0.0,False,False,retrosynthesis,toolcalling,none,0,baseline
make_7_lvl2,9,1.0,True,False,retrosynthesis,toolcalling,none,0,baseline
make_7_lvl2,10,1.0,True,False,retrosynthesis,toolcalling,none,0,baseline
make_7_lvl2,11,1.0,True,False,retrosynthesis,toolcalling,none,0,baseline
make_7_lvl2,12,1.0,True,False,retrosynthesis,toolcalling,none,0,baseline
make_7_lvl2,13,0.0,False,False,retrosynthesis,toolcalling,none,0,baseline
make_7_lvl2,14,1.0,True,False,retrosynthesis,toolcalling,none,0,baseline
make_7_lvl2,15,0.0,False,False,retrosynthesis,toolcalling,none,0,baseline
make_8_lvl2,1,0.0,False,False,retrosynthesis,toolcalling,none,0,baseline
make_8_lvl2,2,0.0,False,False,retrosynthesis,toolcalling,none,0,baseline
make_8_lvl2,3,0.0,False,False,retrosynthesis,toolcalling,none,0,baseline
make_8_lvl2,4,0.0,False,False,retrosynthesis,toolcalling,none,0,baseline
make_8_lvl2,5,1.0,True,False,retrosynthesis,toolcalling,none,0,baseline
make_8_lvl2,6,0.0,False,False,retrosynthesis,toolcalling,none,0,baseline
make_8_lvl2,7,1.0,True,False,retrosynthesis,toolcalling,none,0,baseline
make_8_lvl2,8,0.0,False,False,retrosynthesis,toolcalling,none,0,baseline
make_8_lvl2,9,0.0,False,False,retrosynthesis,toolcalling,none,0,baseline
make_8_lvl2,10,0.0,False,False,retrosynthesis,toolcalling,none,0,baseline
make_8_lvl2,11,0.0,False,False,retrosynthesis,toolcalling,none,0,baseline
make_8_lvl2,12,0.0,False,False,retrosynthesis,toolcalling,none,0,baseline
make_8_lvl2,13,0.0,False,False,retrosynthesis,toolcalling,none,0,baseline
make_8_lvl2,14,0.0,False,False,retrosynthesis,toolcalling,none,0,baseline
make_8_lvl2,15,0.0,False,False,retrosynthesis,toolcalling,none,0,baseline
make_3_lvl2,17,0.0,False,False,retrosynthesis,toolcalling,failed,1,failed_step1
make_3_lvl2,18,0.0,False,False,retrosynthesis,toolcalling,failed,1,failed_step1
make_3_lvl2,20,0.0,False,False,retrosynthesis,toolcalling,failed,1,failed_step1
make_3_lvl2,23,1.0,True,False,retrosynthesis,toolcalling,failed,1,failed_step1
make_3_lvl2,25,0.0,False,False,retrosynthesis,toolcalling,failed,1,failed_step1
make_3_lvl2,27,0.0,False,False,retrosynthesis,toolcalling,failed,1,failed_step1
make_3_lvl2,29,1.0,True,False,retrosynthesis,toolcalling,failed,1,failed_step1
make_3_lvl2,31,1.0,True,False,retrosynthesis,toolcalling,failed,1,failed_step1
make_3_lvl2,33,0.0,False,False,retrosynthesis,toolcalling,failed,1,failed_step1
make_3_lvl2,35,1.0,True,False,retrosynthesis,toolcalling,failed,1,failed_step1
make_3_lvl2,37,0.0,False,False,retrosynthesis,toolcalling,failed,1,failed_step1
make_3_lvl2,38,0.0,False,False,retrosynthesis,toolcalling,failed,1,failed_step1
make_3_lvl2,41,1.0,True,False,retrosynthesis,toolcalling,failed,1,failed_step1
make_3_lvl2,42,0.0,False,False,retrosynthesis,toolcalling,failed,1,failed_step1
make_3_lvl2,44,0.0,False,False,retrosynthesis,toolcalling,failed,1,failed_step1
make_4_lvl2,16,0.0,False,False,retrosynthesis,toolcalling,failed,1,failed_step1
make_4_lvl2,18,0.0,False,False,retrosynthesis,toolcalling,failed,1,failed_step1
make_4_lvl2,22,0.0,False,False,retrosynthesis,toolcalling,failed,1,failed_step1
make_4_lvl2,24,0.0,False,False,retrosynthesis,toolcalling,failed,1,failed_step1
make_4_lvl2,26,0.0,False,False,retrosynthesis,toolcalling,failed,1,failed_step1
make_4_lvl2,29,0.0,False,False,retrosynthesis,toolcalling,failed,1,failed_step1
make_4_lvl2,32,0.0,False,False,retrosynthesis,toolcalling,failed,1,failed_step1
make_4_lvl2,35,0.0,False,False,retrosynthesis,toolcalling,failed,1,failed_step1
make_4_lvl2,36,0.0,False,False,retrosynthesis,toolcalling,failed,1,failed_step1
make_4_lvl2,38,1.0,True,False,retrosynthesis,toolcalling,failed,1,failed_step1
make_4_lvl2,41,0.0,False,False,retrosynthesis,toolcalling,failed,1,failed_step1
make_4_lvl2,42,0.0,False,False,retrosynthesis,toolcalling,failed,1,failed_step1
make_4_lvl2,43,0.0,False,False,retrosynthesis,toolcalling,failed,1,failed_step1
make_4_lvl2,44,0.0,False,False,retrosynthesis,toolcalling,failed,1,failed_step1
make_4_lvl2,45,1.0,True,False,retrosynthesis,toolcalling,failed,1,failed_step1
make_5_lvl2,20,0.0,False,False,retrosynthesis,toolcalling,failed,1,failed_step1
make_5_lvl2,21,0.0,False,False,retrosynthesis,toolcalling,failed,1,failed_step1
make_5_lvl2,24,0.0,False,False,retrosynthesis,toolcalling,failed,1,failed_step1
make_5_lvl2,27,0.0,False,False,retrosynthesis,toolcalling,failed,1,failed_step1
make_5_lvl2,29,1.0,True,False,retrosynthesis,toolcalling,failed,1,failed_step1
make_5_lvl2,31,0.0,False,False,retrosynthesis,toolcalling,failed,1,failed_step1
make_5_lvl2,34,0.0,False,False,retrosynthesis,toolcalling,failed,1,failed_step1
make_5_lvl2,36,0.0,False,False,retrosynthesis,toolcalling,failed,1,failed_step1
make_5_lvl2,39,0.0,False,False,retrosynthesis,toolcalling,failed,1,failed_step1
make_5_lvl2,40,0.0,False,False,retrosynthesis,toolcalling,failed,1,failed_step1
make_5_lvl2,41,0.0,False,False,retrosynthesis,toolcalling,failed,1,failed_step1
make_5_lvl2,42,0.0,False,False,retrosynthesis,toolcalling,failed,1,failed_step1
make_5_lvl2,43,0.0,False,False,retrosynthesis,toolcalling,failed,1,failed_step1
make_5_lvl2,44,1.0,True,False,retrosynthesis,toolcalling,failed,1,failed_step1
make_5_lvl2,45,1.0,True,False,retrosynthesis,toolcalling,failed,1,failed_step1
make_7_lvl2,22,1.0,True,False,retrosynthesis,toolcalling,failed,1,failed_step1
make_7_lvl2,24,1.0,True,False,retrosynthesis,toolcalling,failed,1,failed_step1
make_7_lvl2,26,1.0,True,False,retrosynthesis,toolcalling,failed,1,failed_step1
make_7_lvl2,28,1.0,True,False,retrosynthesis,toolcalling,failed,1,failed_step1
make_7_lvl2,30,1.0,True,False,retrosynthesis,toolcalling,failed,1,failed_step1
make_7_lvl2,32,1.0,True,False,retrosynthesis,toolcalling,failed,1,failed_step1
make_7_lvl2,34,1.0,True,False,retrosynthesis,toolcalling,failed,1,failed_step1
make_7_lvl2,36,0.0,False,False,retrosynthesis,toolcalling,failed,1,failed_step1
make_7_lvl2,38,1.0,True,False,retrosynthesis,toolcalling,failed,1,failed_step1
make_7_lvl2,40,0.0,False,False,retrosynthesis,toolcalling,failed,1,failed_step1
make_7_lvl2,41,1.0,True,False,retrosynthesis,toolcalling,failed,1,failed_step1
make_7_lvl2,42,1.0,True,False,retrosynthesis,toolcalling,failed,1,failed_step1
make_7_lvl2,43,1.0,True,False,retrosynthesis,toolcalling,failed,1,failed_step1
make_7_lvl2,44,1.0,True,False,retrosynthesis,toolcalling,failed,1,failed_step1
make_7_lvl2,45,1.0,True,False,retrosynthesis,toolcalling,failed,1,failed_step1
make_8_lvl2,26,0.0,False,False,retrosynthesis,toolcalling,failed,1,failed_step1
make_8_lvl2,28,0.0,False,False,retrosynthesis,toolcalling,failed,1,failed_step1
make_8_lvl2,29,0.0,False,False,retrosynthesis,toolcalling,failed,1,failed_step1
make_8_lvl2,31,0.0,False,False,retrosynthesis,toolcalling,failed,1,failed_step1
make_8_lvl2,32,0.0,False,False,retrosynthesis,toolcalling,failed,1,failed_step1
make_8_lvl2,34,0.0,False,False,retrosynthesis,toolcalling,failed,1,failed_step1
make_8_lvl2,36,0.0,False,False,retrosynthesis,toolcalling,failed,1,failed_step1
make_8_lvl2,37,0.0,False,False,retrosynthesis,toolcalling,failed,1,failed_step1
make_8_lvl2,39,0.0,False,False,retrosynthesis,toolcalling,failed,1,failed_step1
make_8_lvl2,40,0.0,False,False,retrosynthesis,toolcalling,failed,1,failed_step1
make_8_lvl2,41,0.0,False,False,retrosynthesis,toolcalling,failed,1,failed_step1
make_8_lvl2,42,0.0,False,False,retrosynthesis,toolcalling,failed,1,failed_step1
make_8_lvl2,43,0.0,False,False,retrosynthesis,toolcalling,failed,1,failed_step1
make_8_lvl2,44,0.0,False,False,retrosynthesis,toolcalling,failed,1,failed_step1
make_8_lvl2,45,1.0,True,False,retrosynthesis,toolcalling,failed,1,failed_step1
make_3_lvl2,47,1.0,True,False,retrosynthesis,toolcalling,failed,2,failed_step2
make_3_lvl2,49,1.0,True,False,retrosynthesis,toolcalling,failed,2,failed_step2
make_3_lvl2,51,0.0,False,False,retrosynthesis,toolcalling,failed,2,failed_step2
make_3_lvl2,54,0.0,False,False,retrosynthesis,toolcalling,failed,2,failed_step2
make_3_lvl2,55,0.0,False,False,retrosynthesis,toolcalling,failed,2,failed_step2
make_3_lvl2,57,0.0,False,False,retrosynthesis,toolcalling,failed,2,failed_step2
make_3_lvl2,58,0.0,False,False,retrosynthesis,toolcalling,failed,2,failed_step2
make_3_lvl2,60,0.0,False,False,retrosynthesis,toolcalling,failed,2,failed_step2
make_3_lvl2,62,0.0,False,False,retrosynthesis,toolcalling,failed,2,failed_step2
make_3_lvl2,63,1.0,True,False,retrosynthesis,toolcalling,failed,2,failed_step2
make_3_lvl2,66,0.0,False,False,retrosynthesis,toolcalling,failed,2,failed_step2
make_3_lvl2,67,0.0,False,False,retrosynthesis,toolcalling,failed,2,failed_step2
make_3_lvl2,70,0.0,False,False,retrosynthesis,toolcalling,failed,2,failed_step2
make_3_lvl2,72,1.0,True,False,retrosynthesis,toolcalling,failed,2,failed_step2
make_3_lvl2,74,0.0,False,False,retrosynthesis,toolcalling,failed,2,failed_step2
make_4_lvl2,46,0.0,False,False,retrosynthesis,toolcalling,failed,2,failed_step2
make_4_lvl2,48,0.0,False,False,retrosynthesis,toolcalling,failed,2,failed_step2
make_4_lvl2,50,1.0,True,False,retrosynthesis,toolcalling,failed,2,failed_step2
make_4_lvl2,52,0.0,False,False,retrosynthesis,toolcalling,failed,2,failed_step2
make_4_lvl2,54,0.0,False,False,retrosynthesis,toolcalling,failed,2,failed_step2
make_4_lvl2,55,0.0,False,False,retrosynthesis,toolcalling,failed,2,failed_step2
make_4_lvl2,56,0.0,False,False,retrosynthesis,toolcalling,failed,2,failed_step2
make_4_lvl2,58,1.0,True,False,retrosynthesis,toolcalling,failed,2,failed_step2
make_4_lvl2,60,1.0,True,False,retrosynthesis,toolcalling,failed,2,failed_step2
make_4_lvl2,64,0.0,False,False,retrosynthesis,toolcalling,failed,2,failed_step2
make_4_lvl2,66,0.0,False,False,retrosynthesis,toolcalling,failed,2,failed_step2
make_4_lvl2,68,1.0,True,False,retrosynthesis,toolcalling,failed,2,failed_step2
make_4_lvl2,71,0.0,False,False,retrosynthesis,toolcalling,failed,2,failed_step2
make_4_lvl2,73,0.0,False,False,retrosynthesis,toolcalling,failed,2,failed_step2
make_4_lvl2,74,1.0,True,False,retrosynthesis,toolcalling,failed,2,failed_step2
make_5_lvl2,46,0.0,False,False,retrosynthesis,toolcalling,failed,2,failed_step2
make_5_lvl2,48,0.0,False,False,retrosynthesis,toolcalling,failed,2,failed_step2
make_5_lvl2,50,0.0,False,False,retrosynthesis,toolcalling,failed,2,failed_step2
make_5_lvl2,52,1.0,True,False,retrosynthesis,toolcalling,failed,2,failed_step2
make_5_lvl2,54,1.0,True,False,retrosynthesis,toolcalling,failed,2,failed_step2
make_5_lvl2,57,0.0,False,False,retrosynthesis,toolcalling,failed,2,failed_step2
make_5_lvl2,58,0.0,False,False,retrosynthesis,toolcalling,failed,2,failed_step2
make_5_lvl2,60,0.0,False,False,retrosynthesis,toolcalling,failed,2,failed_step2
make_5_lvl2,62,0.0,False,False,retrosynthesis,toolcalling,failed,2,failed_step2
make_5_lvl2,63,0.0,False,False,retrosynthesis,toolcalling,failed,2,failed_step2
make_5_lvl2,65,1.0,True,False,retrosynthesis,toolcalling,failed,2,failed_step2
make_5_lvl2,67,0.0,False,False,retrosynthesis,toolcalling,failed,2,failed_step2
make_5_lvl2,68,0.0,False,False,retrosynthesis,toolcalling,failed,2,failed_step2
make_5_lvl2,70,1.0,True,False,retrosynthesis,toolcalling,failed,2,failed_step2
make_5_lvl2,72,0.0,False,False,retrosynthesis,toolcalling,failed,2,failed_step2
make_7_lvl2,46,0.0,False,False,retrosynthesis,toolcalling,failed,2,failed_step2
make_7_lvl2,47,1.0,True,False,retrosynthesis,toolcalling,failed,2,failed_step2
make_7_lvl2,48,1.0,True,False,retrosynthesis,toolcalling,failed,2,failed_step2
make_7_lvl2,49,1.0,True,False,retrosynthesis,toolcalling,failed,2,failed_step2
make_7_lvl2,51,1.0,True,False,retrosynthesis,toolcalling,failed,2,failed_step2
make_7_lvl2,53,0.0,False,False,retrosynthesis,toolcalling,failed,2,failed_step2
make_7_lvl2,54,0.0,False,False,retrosynthesis,toolcalling,failed,2,failed_step2
make_7_lvl2,56,1.0,True,False,retrosynthesis,toolcalling,failed,2,failed_step2
make_7_lvl2,58,1.0,True,False,retrosynthesis,toolcalling,failed,2,failed_step2
make_7_lvl2,60,1.0,True,False,retrosynthesis,toolcalling,failed,2,failed_step2
make_7_lvl2,63,1.0,True,False,retrosynthesis,toolcalling,failed,2,failed_step2
make_7_lvl2,65,1.0,True,False,retrosynthesis,toolcalling,failed,2,failed_step2
make_7_lvl2,67,0.0,False,False,retrosynthesis,toolcalling,failed,2,failed_step2
make_7_lvl2,69,1.0,True,False,retrosynthesis,toolcalling,failed,2,failed_step2
make_7_lvl2,71,1.0,True,False,retrosynthesis,toolcalling,failed,2,failed_step2
make_8_lvl2,46,0.0,False,False,retrosynthesis,toolcalling,failed,2,failed_step2
make_8_lvl2,47,0.0,False,False,retrosynthesis,toolcalling,failed,2,failed_step2
make_8_lvl2,48,0.0,False,False,retrosynthesis,toolcalling,failed,2,failed_step2
make_8_lvl2,49,1.0,True,False,retrosynthesis,toolcalling,failed,2,failed_step2
make_8_lvl2,50,0.0,False,False,retrosynthesis,toolcalling,failed,2,failed_step2
make_8_lvl2,51,0.0,False,False,retrosynthesis,toolcalling,failed,2,failed_step2
make_8_lvl2,52,0.0,False,False,retrosynthesis,toolcalling,failed,2,failed_step2
make_8_lvl2,53,0.0,False,False,retrosynthesis,toolcalling,failed,2,failed_step2
make_8_lvl2,54,0.0,False,False,retrosynthesis,toolcalling,failed,2,failed_step2
make_8_lvl2,56,0.0,False,False,retrosynthesis,toolcalling,failed,2,failed_step2
make_8_lvl2,58,0.0,False,False,retrosynthesis,toolcalling,failed,2,failed_step2
make_8_lvl2,60,0.0,False,False,retrosynthesis,toolcalling,failed,2,failed_step2
make_8_lvl2,61,0.0,False,False,retrosynthesis,toolcalling,failed,2,failed_step2
make_8_lvl2,63,1.0,True,False,retrosynthesis,toolcalling,failed,2,failed_step2
make_8_lvl2,65,0.0,False,False,retrosynthesis,toolcalling,failed,2,failed_step2
make_3_lvl2,76,0.0,False,False,retrosynthesis,toolcalling,failed,-1,failed_stepn1
make_3_lvl2,77,0.0,False,False,retrosynthesis,toolcalling,failed,-1,failed_stepn1
make_3_lvl2,79,0.0,False,False,retrosynthesis,toolcalling,failed,-1,failed_stepn1
make_3_lvl2,81,1.0,True,False,retrosynthesis,toolcalling,failed,-1,failed_stepn1
make_3_lvl2,82,0.0,False,False,retrosynthesis,toolcalling,failed,-1,failed_stepn1
make_3_lvl2,85,0.0,False,False,retrosynthesis,toolcalling,failed,-1,failed_stepn1
make_3_lvl2,86,0.0,False,False,retrosynthesis,toolcalling,failed,-1,failed_stepn1
make_3_lvl2,87,0.0,False,False,retrosynthesis,toolcalling,failed,-1,failed_stepn1
make_3_lvl2,89,0.0,False,False,retrosynthesis,toolcalling,failed,-1,failed_stepn1
make_3_lvl2,90,0.0,False,False,retrosynthesis,toolcalling,failed,-1,failed_stepn1
make_3_lvl2,93,0.0,False,False,retrosynthesis,toolcalling,failed,-1,failed_stepn1
make_3_lvl2,94,0.0,False,False,retrosynthesis,toolcalling,failed,-1,failed_stepn1
make_3_lvl2,95,0.0,False,False,retrosynthesis,toolcalling,failed,-1,failed_stepn1
make_3_lvl2,98,0.0,False,False,retrosynthesis,toolcalling,failed,-1,failed_stepn1
make_3_lvl2,99,0.0,False,False,retrosynthesis,toolcalling,failed,-1,failed_stepn1
make_4_lvl2,76,0.0,False,False,retrosynthesis,toolcalling,failed,-1,failed_stepn1
make_4_lvl2,77,0.0,False,False,retrosynthesis,toolcalling,failed,-1,failed_stepn1
make_4_lvl2,78,0.0,False,False,retrosynthesis,toolcalling,failed,-1,failed_stepn1
make_4_lvl2,79,0.0,False,False,retrosynthesis,toolcalling,failed,-1,failed_stepn1
make_4_lvl2,80,0.0,False,False,retrosynthesis,toolcalling,failed,-1,failed_stepn1
make_4_lvl2,81,0.0,False,False,retrosynthesis,toolcalling,failed,-1,failed_stepn1
make_4_lvl2,83,0.0,False,False,retrosynthesis,toolcalling,failed,-1,failed_stepn1
make_4_lvl2,84,0.0,False,False,retrosynthesis,toolcalling,failed,-1,failed_stepn1
make_4_lvl2,87,0.0,False,False,retrosynthesis,toolcalling,failed,-1,failed_stepn1
make_4_lvl2,89,0.0,False,False,retrosynthesis,toolcalling,failed,-1,failed_stepn1
make_4_lvl2,90,0.0,False,False,retrosynthesis,toolcalling,failed,-1,failed_stepn1
make_4_lvl2,92,0.0,False,False,retrosynthesis,toolcalling,failed,-1,failed_stepn1
make_4_lvl2,94,0.0,False,False,retrosynthesis,toolcalling,failed,-1,failed_stepn1
make_4_lvl2,96,0.0,False,False,retrosynthesis,toolcalling,failed,-1,failed_stepn1
make_4_lvl2,98,0.0,False,False,retrosynthesis,toolcalling,failed,-1,failed_stepn1
make_5_lvl2,76,1.0,True,False,retrosynthesis,toolcalling,failed,-1,failed_stepn1
make_5_lvl2,77,0.0,False,False,retrosynthesis,toolcalling,failed,-1,failed_stepn1
make_5_lvl2,78,0.0,False,False,retrosynthesis,toolcalling,failed,-1,failed_stepn1
make_5_lvl2,79,0.0,False,False,retrosynthesis,toolcalling,failed,-1,failed_stepn1
make_5_lvl2,80,0.0,False,False,retrosynthesis,toolcalling,failed,-1,failed_stepn1
make_5_lvl2,81,0.0,False,False,retrosynthesis,toolcalling,failed,-1,failed_stepn1
make_5_lvl2,82,0.0,False,False,retrosynthesis,toolcalling,failed,-1,failed_stepn1
make_5_lvl2,83,0.0,False,False,retrosynthesis,toolcalling,failed,-1,failed_stepn1
make_5_lvl2,84,1.0,True,False,retrosynthesis,toolcalling,failed,-1,failed_stepn1
make_5_lvl2,87,0.0,False,False,retrosynthesis,toolcalling,failed,-1,failed_stepn1
make_5_lvl2,88,0.0,False,False,retrosynthesis,toolcalling,failed,-1,failed_stepn1
make_5_lvl2,90,0.0,False,False,retrosynthesis,toolcalling,failed,-1,failed_stepn1
make_5_lvl2,92,0.0,False,False,retrosynthesis,toolcalling,failed,-1,failed_stepn1
make_5_lvl2,95,0.0,False,False,retrosynthesis,toolcalling,failed,-1,failed_stepn1
make_5_lvl2,96,0.0,False,False,retrosynthesis,toolcalling,failed,-1,failed_stepn1
make_7_lvl2,76,0.0,False,False,retrosynthesis,toolcalling,failed,-1,failed_stepn1
make_7_lvl2,77,0.0,False,False,retrosynthesis,toolcalling,failed,-1,failed_stepn1
make_7_lvl2,78,1.0,True,False,retrosynthesis,toolcalling,failed,-1,failed_stepn1
make_7_lvl2,79,1.0,True,False,retrosynthesis,toolcalling,failed,-1,failed_stepn1
make_7_lvl2,80,0.0,False,False,retrosynthesis,toolcalling,failed,-1,failed_stepn1
make_7_lvl2,82,0.0,False,False,retrosynthesis,toolcalling,failed,-1,failed_stepn1
make_7_lvl2,84,0.0,False,False,retrosynthesis,toolcalling,failed,-1,failed_stepn1
make_7_lvl2,86,0.0,False,False,retrosynthesis,toolcalling,failed,-1,failed_stepn1
make_7_lvl2,88,0.0,False,False,retrosynthesis,toolcalling,failed,-1,failed_stepn1
make_7_lvl2,89,0.0,False,False,retrosynthesis,toolcalling,failed,-1,failed_stepn1
make_7_lvl2,92,0.0,False,False,retrosynthesis,toolcalling,failed,-1,failed_stepn1
make_7_lvl2,94,0.0,False,False,retrosynthesis,toolcalling,failed,-1,failed_stepn1
make_7_lvl2,96,0.0,False,False,retrosynthesis,toolcalling,failed,-1,failed_stepn1
make_7_lvl2,99,1.0,True,False,retrosynthesis,toolcalling,failed,-1,failed_stepn1
make_7_lvl2,100,1.0,True,False,retrosynthesis,toolcalling,failed,-1,failed_stepn1
make_8_lvl2,76,0.0,False,False,retrosynthesis,toolcalling,failed,-1,failed_stepn1
make_8_lvl2,77,0.0,False,False,retrosynthesis,toolcalling,failed,-1,failed_stepn1
make_8_lvl2,78,0.0,False,False,retrosynthesis,toolcalling,failed,-1,failed_stepn1
make_8_lvl2,79,0.0,False,False,retrosynthesis,toolcalling,failed,-1,failed_stepn1
make_8_lvl2,80,0.0,False,False,retrosynthesis,toolcalling,failed,-1,failed_stepn1
make_8_lvl2,81,0.0,False,False,retrosynthesis,toolcalling,failed,-1,failed_stepn1
make_8_lvl2,82,0.0,False,False,retrosynthesis,toolcalling,failed,-1,failed_stepn1
make_8_lvl2,83,0.0,False,False,retrosynthesis,toolcalling,failed,-1,failed_stepn1
make_8_lvl2,84,0.0,False,False,retrosynthesis,toolcalling,failed,-1,failed_stepn1
make_8_lvl2,85,0.0,False,False,retrosynthesis,toolcalling,failed,-1,failed_stepn1
make_8_lvl2,87,0.0,False,False,retrosynthesis,toolcalling,failed,-1,failed_stepn1
make_8_lvl2,88,0.0,False,False,retrosynthesis,toolcalling,failed,-1,failed_stepn1
make_8_lvl2,89,0.0,False,False,retrosynthesis,toolcalling,failed,-1,failed_stepn1
make_8_lvl2,91,0.0,False,False,retrosynthesis,toolcalling,failed,-1,failed_stepn1
make_8_lvl2,92,0.0,False,False,retrosynthesis,toolcalling,failed,-1,failed_stepn1
make_3_lvl2,106,0.0,False,False,retrosynthesis,toolcalling,failed,-2,failed_stepn2
make_3_lvl2,107,0.0,False,False,retrosynthesis,toolcalling,failed,-2,failed_stepn2
make_3_lvl2,109,0.0,False,False,retrosynthesis,toolcalling,failed,-2,failed_stepn2
make_3_lvl2,110,0.0,False,False,retrosynthesis,toolcalling,failed,-2,failed_stepn2
make_3_lvl2,111,0.0,False,False,retrosynthesis,toolcalling,failed,-2,failed_stepn2
make_3_lvl2,113,0.0,False,False,retrosynthesis,toolcalling,failed,-2,failed_stepn2
make_3_lvl2,116,0.0,False,False,retrosynthesis,toolcalling,failed,-2,failed_stepn2
make_3_lvl2,117,0.0,False,False,retrosynthesis,toolcalling,failed,-2,failed_stepn2
make_3_lvl2,118,0.0,False,False,retrosynthesis,toolcalling,failed,-2,failed_stepn2
make_3_lvl2,120,0.0,False,False,retrosynthesis,toolcalling,failed,-2,failed_stepn2
make_3_lvl2,121,0.0,False,False,retrosynthesis,toolcalling,failed,-2,failed_stepn2
make_3_lvl2,123,0.0,False,False,retrosynthesis,toolcalling,failed,-2,failed_stepn2
make_3_lvl2,124,0.0,False,False,retrosynthesis,toolcalling,failed,-2,failed_stepn2
make_3_lvl2,125,0.0,False,False,retrosynthesis,toolcalling,failed,-2,failed_stepn2
make_3_lvl2,126,0.0,False,False,retrosynthesis,toolcalling,failed,-2,failed_stepn2
make_4_lvl2,106,0.0,False,False,retrosynthesis,toolcalling,failed,-2,failed_stepn2
make_4_lvl2,107,0.0,False,False,retrosynthesis,toolcalling,failed,-2,failed_stepn2
make_4_lvl2,108,0.0,False,False,retrosynthesis,toolcalling,failed,-2,failed_stepn2
make_4_lvl2,109,0.0,False,False,retrosynthesis,toolcalling,failed,-2,failed_stepn2
make_4_lvl2,110,0.0,False,False,retrosynthesis,toolcalling,failed,-2,failed_stepn2
make_4_lvl2,111,0.0,False,False,retrosynthesis,toolcalling,failed,-2,failed_stepn2
make_4_lvl2,114,0.0,False,False,retrosynthesis,toolcalling,failed,-2,failed_stepn2
make_4_lvl2,116,0.0,False,False,retrosynthesis,toolcalling,failed,-2,failed_stepn2
make_4_lvl2,119,0.0,False,False,retrosynthesis,toolcalling,failed,-2,failed_stepn2
make_4_lvl2,121,0.0,False,False,retrosynthesis,toolcalling,failed,-2,failed_stepn2
make_4_lvl2,124,0.0,False,False,retrosynthesis,toolcalling,failed,-2,failed_stepn2
make_4_lvl2,127,0.0,False,False,retrosynthesis,toolcalling,failed,-2,failed_stepn2
make_4_lvl2,129,0.0,False,False,retrosynthesis,toolcalling,failed,-2,failed_stepn2
make_4_lvl2,130,0.0,False,False,retrosynthesis,toolcalling,failed,-2,failed_stepn2
make_4_lvl2,132,0.0,False,False,retrosynthesis,toolcalling,failed,-2,failed_stepn2
make_5_lvl2,106,0.0,False,False,retrosynthesis,toolcalling,failed,-2,failed_stepn2
make_5_lvl2,107,0.0,False,False,retrosynthesis,toolcalling,failed,-2,failed_stepn2
make_5_lvl2,108,0.0,False,False,retrosynthesis,toolcalling,failed,-2,failed_stepn2
make_5_lvl2,110,0.0,False,False,retrosynthesis,toolcalling,failed,-2,failed_stepn2
make_5_lvl2,112,0.0,False,False,retrosynthesis,toolcalling,failed,-2,failed_stepn2
make_5_lvl2,113,0.0,False,False,retrosynthesis,toolcalling,failed,-2,failed_stepn2
make_5_lvl2,114,0.0,False,False,retrosynthesis,toolcalling,failed,-2,failed_stepn2
make_5_lvl2,116,0.0,False,False,retrosynthesis,toolcalling,failed,-2,failed_stepn2
make_5_lvl2,118,1.0,True,False,retrosynthesis,toolcalling,failed,-2,failed_stepn2
make_5_lvl2,119,0.0,False,False,retrosynthesis,toolcalling,failed,-2,failed_stepn2
make_5_lvl2,121,0.0,False,False,retrosynthesis,toolcalling,failed,-2,failed_stepn2
make_5_lvl2,122,0.0,False,False,retrosynthesis,toolcalling,failed,-2,failed_stepn2
make_5_lvl2,123,0.0,False,False,retrosynthesis,toolcalling,failed,-2,failed_stepn2
make_5_lvl2,125,0.0,False,False,retrosynthesis,toolcalling,failed,-2,failed_stepn2
make_5_lvl2,126,0.0,False,False,retrosynthesis,toolcalling,failed,-2,failed_stepn2
make_7_lvl2,106,1.0,True,False,retrosynthesis,toolcalling,failed,-2,failed_stepn2
make_7_lvl2,107,0.0,False,False,retrosynthesis,toolcalling,failed,-2,failed_stepn2
make_7_lvl2,108,0.0,False,False,retrosynthesis,toolcalling,failed,-2,failed_stepn2
make_7_lvl2,109,0.0,False,False,retrosynthesis,toolcalling,failed,-2,failed_stepn2
make_7_lvl2,110,1.0,True,False,retrosynthesis,toolcalling,failed,-2,failed_stepn2
make_7_lvl2,111,1.0,True,False,retrosynthesis,toolcalling,failed,-2,failed_stepn2
make_7_lvl2,112,0.0,False,False,retrosynthesis,toolcalling,failed,-2,failed_stepn2
make_7_lvl2,113,1.0,True,False,retrosynthesis,toolcalling,failed,-2,failed_stepn2
make_7_lvl2,114,0.0,False,False,retrosynthesis,toolcalling,failed,-2,failed_stepn2
make_7_lvl2,115,0.0,False,False,retrosynthesis,toolcalling,failed,-2,failed_stepn2
make_7_lvl2,117,1.0,True,False,retrosynthesis,toolcalling,failed,-2,failed_stepn2
make_7_lvl2,118,1.0,True,False,retrosynthesis,toolcalling,failed,-2,failed_stepn2
make_7_lvl2,121,0.0,False,False,retrosynthesis,toolcalling,failed,-2,failed_stepn2
make_7_lvl2,123,0.0,False,False,retrosynthesis,toolcalling,failed,-2,failed_stepn2
make_7_lvl2,127,1.0,True,False,retrosynthesis,toolcalling,failed,-2,failed_stepn2
make_8_lvl2,106,0.0,False,False,retrosynthesis,toolcalling,failed,-2,failed_stepn2
make_8_lvl2,107,0.0,False,False,retrosynthesis,toolcalling,failed,-2,failed_stepn2
make_8_lvl2,108,0.0,False,False,retrosynthesis,toolcalling,failed,-2,failed_stepn2
make_8_lvl2,109,0.0,False,False,retrosynthesis,toolcalling,failed,-2,failed_stepn2
make_8_lvl2,110,0.0,False,False,retrosynthesis,toolcalling,failed,-2,failed_stepn2
make_8_lvl2,111,0.0,False,False,retrosynthesis,toolcalling,failed,-2,failed_stepn2
make_8_lvl2,112,0.0,False,False,retrosynthesis,toolcalling,failed,-2,failed_stepn2
make_8_lvl2,113,0.0,False,False,retrosynthesis,toolcalling,failed,-2,failed_stepn2
make_8_lvl2,114,0.0,False,False,retrosynthesis,toolcalling,failed,-2,failed_stepn2
make_8_lvl2,115,0.0,False,False,retrosynthesis,toolcalling,failed,-2,failed_stepn2
make_8_lvl2,116,0.0,False,False,retrosynthesis,toolcalling,failed,-2,failed_stepn2
make_8_lvl2,117,0.0,False,False,retrosynthesis,toolcalling,failed,-2,failed_stepn2
make_8_lvl2,118,0.0,False,False,retrosynthesis,toolcalling,failed,-2,failed_stepn2
make_8_lvl2,119,0.0,False,False,retrosynthesis,toolcalling,failed,-2,failed_stepn2
make_8_lvl2,120,0.0,False,False,retrosynthesis,toolcalling,failed,-2,failed_stepn2
make_3_lvl2,16,0.0,False,False,retrosynthesis,toolcalling,success,1,success_step1
make_3_lvl2,19,1.0,True,False,retrosynthesis,toolcalling,success,1,success_step1
make_3_lvl2,21,0.0,False,False,retrosynthesis,toolcalling,success,1,success_step1
make_3_lvl2,22,0.0,False,False,retrosynthesis,toolcalling,success,1,success_step1
make_3_lvl2,24,0.0,False,False,retrosynthesis,toolcalling,success,1,success_step1
make_3_lvl2,26,1.0,True,False,retrosynthesis,toolcalling,success,1,success_step1
make_3_lvl2,28,1.0,True,False,retrosynthesis,toolcalling,success,1,success_step1
make_3_lvl2,30,0.0,False,False,retrosynthesis,toolcalling,success,1,success_step1
make_3_lvl2,32,1.0,True,False,retrosynthesis,toolcalling,success,1,success_step1
make_3_lvl2,34,0.0,False,False,retrosynthesis,toolcalling,success,1,success_step1
make_3_lvl2,36,0.0,False,False,retrosynthesis,toolcalling,success,1,success_step1
make_3_lvl2,39,1.0,True,False,retrosynthesis,toolcalling,success,1,success_step1
make_3_lvl2,40,0.0,False,False,retrosynthesis,toolcalling,success,1,success_step1
make_3_lvl2,43,0.0,False,False,retrosynthesis,toolcalling,success,1,success_step1
make_3_lvl2,45,0.0,False,False,retrosynthesis,toolcalling,success,1,success_step1
make_4_lvl2,17,1.0,True,False,retrosynthesis,toolcalling,success,1,success_step1
make_4_lvl2,19,1.0,True,False,retrosynthesis,toolcalling,success,1,success_step1
make_4_lvl2,20,1.0,True,False,retrosynthesis,toolcalling,success,1,success_step1
make_4_lvl2,21,1.0,True,False,retrosynthesis,toolcalling,success,1,success_step1
make_4_lvl2,23,0.0,False,False,retrosynthesis,toolcalling,success,1,success_step1
make_4_lvl2,25,1.0,True,False,retrosynthesis,toolcalling,success,1,success_step1
make_4_lvl2,27,0.0,False,False,retrosynthesis,toolcalling,success,1,success_step1
make_4_lvl2,28,1.0,True,False,retrosynthesis,toolcalling,success,1,success_step1
make_4_lvl2,30,1.0,True,False,retrosynthesis,toolcalling,success,1,success_step1
make_4_lvl2,31,1.0,True,False,retrosynthesis,toolcalling,success,1,success_step1
make_4_lvl2,33,1.0,True,False,retrosynthesis,toolcalling,success,1,success_step1
make_4_lvl2,34,1.0,True,False,retrosynthesis,toolcalling,success,1,success_step1
make_4_lvl2,37,0.0,False,False,retrosynthesis,toolcalling,success,1,success_step1
make_4_lvl2,39,1.0,True,False,retrosynthesis,toolcalling,success,1,success_step1
make_4_lvl2,40,1.0,True,False,retrosynthesis,toolcalling,success,1,success_step1
make_5_lvl2,16,1.0,True,False,retrosynthesis,toolcalling,success,1,success_step1
make_5_lvl2,17,0.0,False,False,retrosynthesis,toolcalling,success,1,success_step1
make_5_lvl2,18,0.0,False,False,retrosynthesis,toolcalling,success,1,success_step1
make_5_lvl2,19,0.0,False,False,retrosynthesis,toolcalling,success,1,success_step1
make_5_lvl2,22,0.0,False,False,retrosynthesis,toolcalling,success,1,success_step1
make_5_lvl2,23,0.0,False,False,retrosynthesis,toolcalling,success,1,success_step1
make_5_lvl2,25,0.0,False,False,retrosynthesis,toolcalling,success,1,success_step1
make_5_lvl2,26,0.0,False,False,retrosynthesis,toolcalling,success,1,success_step1
make_5_lvl2,28,0.0,False,False,retrosynthesis,toolcalling,success,1,success_step1
make_5_lvl2,30,0.0,False,False,retrosynthesis,toolcalling,success,1,success_step1
make_5_lvl2,32,0.0,False,False,retrosynthesis,toolcalling,success,1,success_step1
make_5_lvl2,33,0.0,False,False,retrosynthesis,toolcalling,success,1,success_step1
make_5_lvl2,35,0.0,False,False,retrosynthesis,toolcalling,success,1,success_step1
make_5_lvl2,37,0.0,False,False,retrosynthesis,toolcalling,success,1,success_step1
make_5_lvl2,38,0.0,False,False,retrosynthesis,toolcalling,success,1,success_step1
make_7_lvl2,16,1.0,True,False,retrosynthesis,toolcalling,success,1,success_step1
make_7_lvl2,17,1.0,True,False,retrosynthesis,toolcalling,success,1,success_step1
make_7_lvl2,18,1.0,True,False,retrosynthesis,toolcalling,success,1,success_step1
make_7_lvl2,19,1.0,True,False,retrosynthesis,toolcalling,success,1,success_step1
make_7_lvl2,20,1.0,True,False,retrosynthesis,toolcalling,success,1,success_step1
make_7_lvl2,21,1.0,True,False,retrosynthesis,toolcalling,success,1,success_step1
make_7_lvl2,23,0.0,False,False,retrosynthesis,toolcalling,success,1,success_step1
make_7_lvl2,25,1.0,True,False,retrosynthesis,toolcalling,success,1,success_step1
make_7_lvl2,27,1.0,True,False,retrosynthesis,toolcalling,success,1,success_step1
make_7_lvl2,29,1.0,True,False,retrosynthesis,toolcalling,success,1,success_step1
make_7_lvl2,31,1.0,True,False,retrosynthesis,toolcalling,success,1,success_step1
make_7_lvl2,33,1.0,True,False,retrosynthesis,toolcalling,success,1,success_step1
make_7_lvl2,35,1.0,True,False,retrosynthesis,toolcalling,success,1,success_step1
make_7_lvl2,37,1.0,True,False,retrosynthesis,toolcalling,success,1,success_step1
make_7_lvl2,39,1.0,True,False,retrosynthesis,toolcalling,success,1,success_step1
make_8_lvl2,16,0.0,False,False,retrosynthesis,toolcalling,success,1,success_step1
make_8_lvl2,17,0.0,False,False,retrosynthesis,toolcalling,success,1,success_step1
make_8_lvl2,18,1.0,True,False,retrosynthesis,toolcalling,success,1,success_step1
make_8_lvl2,19,0.0,False,False,retrosynthesis,toolcalling,success,1,success_step1
make_8_lvl2,20,1.0,True,False,retrosynthesis,toolcalling,success,1,success_step1
make_8_lvl2,21,0.0,False,False,retrosynthesis,toolcalling,success,1,success_step1
make_8_lvl2,22,0.0,False,False,retrosynthesis,toolcalling,success,1,success_step1
make_8_lvl2,23,0.0,False,False,retrosynthesis,toolcalling,success,1,success_step1
make_8_lvl2,24,0.0,False,False,retrosynthesis,toolcalling,success,1,success_step1
make_8_lvl2,25,0.0,False,False,retrosynthesis,toolcalling,success,1,success_step1
make_8_lvl2,27,1.0,True,False,retrosynthesis,toolcalling,success,1,success_step1
make_8_lvl2,30,0.0,False,False,retrosynthesis,toolcalling,success,1,success_step1
make_8_lvl2,33,1.0,True,False,retrosynthesis,toolcalling,success,1,success_step1
make_8_lvl2,35,0.0,False,False,retrosynthesis,toolcalling,success,1,success_step1
make_8_lvl2,38,1.0,True,False,retrosynthesis,toolcalling,success,1,success_step1
make_3_lvl2,46,1.0,True,False,retrosynthesis,toolcalling,success,2,success_step2
make_3_lvl2,48,1.0,True,False,retrosynthesis,toolcalling,success,2,success_step2
make_3_lvl2,50,1.0,True,False,retrosynthesis,toolcalling,success,2,success_step2
make_3_lvl2,52,0.0,False,False,retrosynthesis,toolcalling,success,2,success_step2
make_3_lvl2,53,0.0,False,False,retrosynthesis,toolcalling,success,2,success_step2
make_3_lvl2,56,1.0,True,False,retrosynthesis,toolcalling,success,2,success_step2
make_3_lvl2,59,1.0,True,False,retrosynthesis,toolcalling,success,2,success_step2
make_3_lvl2,61,1.0,True,False,retrosynthesis,toolcalling,success,2,success_step2
make_3_lvl2,64,1.0,True,False,retrosynthesis,toolcalling,success,2,success_step2
make_3_lvl2,65,1.0,True,False,retrosynthesis,toolcalling,success,2,success_step2
make_3_lvl2,68,1.0,True,False,retrosynthesis,toolcalling,success,2,success_step2
make_3_lvl2,69,1.0,True,False,retrosynthesis,toolcalling,success,2,success_step2
make_3_lvl2,71,1.0,True,False,retrosynthesis,toolcalling,success,2,success_step2
make_3_lvl2,73,1.0,True,False,retrosynthesis,toolcalling,success,2,success_step2
make_3_lvl2,75,1.0,True,False,retrosynthesis,toolcalling,success,2,success_step2
make_4_lvl2,47,0.0,False,False,retrosynthesis,toolcalling,success,2,success_step2
make_4_lvl2,49,0.0,False,False,retrosynthesis,toolcalling,success,2,success_step2
make_4_lvl2,51,1.0,True,False,retrosynthesis,toolcalling,success,2,success_step2
make_4_lvl2,53,0.0,False,False,retrosynthesis,toolcalling,success,2,success_step2
make_4_lvl2,57,0.0,False,False,retrosynthesis,toolcalling,success,2,success_step2
make_4_lvl2,59,0.0,False,False,retrosynthesis,toolcalling,success,2,success_step2
make_4_lvl2,61,1.0,True,False,retrosynthesis,toolcalling,success,2,success_step2
make_4_lvl2,62,1.0,True,False,retrosynthesis,toolcalling,success,2,success_step2
make_4_lvl2,63,1.0,True,False,retrosynthesis,toolcalling,success,2,success_step2
make_4_lvl2,65,1.0,True,False,retrosynthesis,toolcalling,success,2,success_step2
make_4_lvl2,67,0.0,False,False,retrosynthesis,toolcalling,success,2,success_step2
make_4_lvl2,69,0.0,False,False,retrosynthesis,toolcalling,success,2,success_step2
make_4_lvl2,70,0.0,False,False,retrosynthesis,toolcalling,success,2,success_step2
make_4_lvl2,72,1.0,True,False,retrosynthesis,toolcalling,success,2,success_step2
make_4_lvl2,75,1.0,True,False,retrosynthesis,toolcalling,success,2,success_step2
make_5_lvl2,47,0.0,False,False,retrosynthesis,toolcalling,success,2,success_step2
make_5_lvl2,49,0.0,False,False,retrosynthesis,toolcalling,success,2,success_step2
make_5_lvl2,51,1.0,True,False,retrosynthesis,toolcalling,success,2,success_step2
make_5_lvl2,53,1.0,True,False,retrosynthesis,toolcalling,success,2,success_step2
make_5_lvl2,55,0.0,False,False,retrosynthesis,toolcalling,success,2,success_step2
make_5_lvl2,56,0.0,False,False,retrosynthesis,toolcalling,success,2,success_step2
make_5_lvl2,59,1.0,True,False,retrosynthesis,toolcalling,success,2,success_step2
make_5_lvl2,61,1.0,True,False,retrosynthesis,toolcalling,success,2,success_step2
make_5_lvl2,64,0.0,False,False,retrosynthesis,toolcalling,success,2,success_step2
make_5_lvl2,66,0.0,False,False,retrosynthesis,toolcalling,success,2,success_step2
make_5_lvl2,69,0.0,False,False,retrosynthesis,toolcalling,success,2,success_step2
make_5_lvl2,71,0.0,False,False,retrosynthesis,toolcalling,success,2,success_step2
make_5_lvl2,73,1.0,True,False,retrosynthesis,toolcalling,success,2,success_step2
make_5_lvl2,74,1.0,True,False,retrosynthesis,toolcalling,success,2,success_step2
make_5_lvl2,75,0.0,False,False,retrosynthesis,toolcalling,success,2,success_step2
make_7_lvl2,50,1.0,True,False,retrosynthesis,toolcalling,success,2,success_step2
make_7_lvl2,52,0.0,False,False,retrosynthesis,toolcalling,success,2,success_step2
make_7_lvl2,55,0.0,False,False,retrosynthesis,toolcalling,success,2,success_step2
make_7_lvl2,57,1.0,True,False,retrosynthesis,toolcalling,success,2,success_step2
make_7_lvl2,59,1.0,True,False,retrosynthesis,toolcalling,success,2,success_step2
make_7_lvl2,61,0.0,False,False,retrosynthesis,toolcalling,success,2,success_step2
make_7_lvl2,62,0.0,False,False,retrosynthesis,toolcalling,success,2,success_step2
make_7_lvl2,64,1.0,True,False,retrosynthesis,toolcalling,success,2,success_step2
make_7_lvl2,66,1.0,True,False,retrosynthesis,toolcalling,success,2,success_step2
make_7_lvl2,68,1.0,True,False,retrosynthesis,toolcalling,success,2,success_step2
make_7_lvl2,70,1.0,True,False,retrosynthesis,toolcalling,success,2,success_step2
make_7_lvl2,72,0.0,False,False,retrosynthesis,toolcalling,success,2,success_step2
make_7_lvl2,73,1.0,True,False,retrosynthesis,toolcalling,success,2,success_step2
make_7_lvl2,74,1.0,True,False,retrosynthesis,toolcalling,success,2,success_step2
make_7_lvl2,75,1.0,True,False,retrosynthesis,toolcalling,success,2,success_step2
make_8_lvl2,55,1.0,True,False,retrosynthesis,toolcalling,success,2,success_step2
make_8_lvl2,57,0.0,False,False,retrosynthesis,toolcalling,success,2,success_step2
make_8_lvl2,59,0.0,False,False,retrosynthesis,toolcalling,success,2,success_step2
make_8_lvl2,62,1.0,True,False,retrosynthesis,toolcalling,success,2,success_step2
make_8_lvl2,64,0.0,False,False,retrosynthesis,toolcalling,success,2,success_step2
make_8_lvl2,66,0.0,False,False,retrosynthesis,toolcalling,success,2,success_step2
make_8_lvl2,67,1.0,True,False,retrosynthesis,toolcalling,success,2,success_step2
make_8_lvl2,68,1.0,True,False,retrosynthesis,toolcalling,success,2,success_step2
make_8_lvl2,69,0.0,False,False,retrosynthesis,toolcalling,success,2,success_step2
make_8_lvl2,70,0.0,False,False,retrosynthesis,toolcalling,success,2,success_step2
make_8_lvl2,71,1.0,True,False,retrosynthesis,toolcalling,success,2,success_step2
make_8_lvl2,72,0.0,False,False,retrosynthesis,toolcalling,success,2,success_step2
make_8_lvl2,73,0.0,False,False,retrosynthesis,toolcalling,success,2,success_step2
make_8_lvl2,74,0.0,False,False,retrosynthesis,toolcalling,success,2,success_step2
make_8_lvl2,75,1.0,True,False,retrosynthesis,toolcalling,success,2,success_step2
make_3_lvl2,78,1.0,True,False,retrosynthesis,toolcalling,success,-1,success_stepn1
make_3_lvl2,80,1.0,True,False,retrosynthesis,toolcalling,success,-1,success_stepn1
make_3_lvl2,83,1.0,True,False,retrosynthesis,toolcalling,success,-1,success_stepn1
make_3_lvl2,84,1.0,True,False,retrosynthesis,toolcalling,success,-1,success_stepn1
make_3_lvl2,88,1.0,True,False,retrosynthesis,toolcalling,success,-1,success_stepn1
make_3_lvl2,91,1.0,True,False,retrosynthesis,toolcalling,success,-1,success_stepn1
make_3_lvl2,92,1.0,True,False,retrosynthesis,toolcalling,success,-1,success_stepn1
make_3_lvl2,96,1.0,True,False,retrosynthesis,toolcalling,success,-1,success_stepn1
make_3_lvl2,97,1.0,True,False,retrosynthesis,toolcalling,success,-1,success_stepn1
make_3_lvl2,100,1.0,True,False,retrosynthesis,toolcalling,success,-1,success_stepn1
make_3_lvl2,101,1.0,True,False,retrosynthesis,toolcalling,success,-1,success_stepn1
make_3_lvl2,102,1.0,True,False,retrosynthesis,toolcalling,success,-1,success_stepn1
make_3_lvl2,103,1.0,True,False,retrosynthesis,toolcalling,success,-1,success_stepn1
make_3_lvl2,104,1.0,True,False,retrosynthesis,toolcalling,success,-1,success_stepn1
make_3_lvl2,105,1.0,True,False,retrosynthesis,toolcalling,success,-1,success_stepn1
make_4_lvl2,82,1.0,True,False,retrosynthesis,toolcalling,success,-1,success_stepn1
make_4_lvl2,85,1.0,True,False,retrosynthesis,toolcalling,success,-1,success_stepn1
make_4_lvl2,86,1.0,True,False,retrosynthesis,toolcalling,success,-1,success_stepn1
make_4_lvl2,88,1.0,True,False,retrosynthesis,toolcalling,success,-1,success_stepn1
make_4_lvl2,91,1.0,True,False,retrosynthesis,toolcalling,success,-1,success_stepn1
make_4_lvl2,93,1.0,True,False,retrosynthesis,toolcalling,success,-1,success_stepn1
make_4_lvl2,95,1.0,True,False,retrosynthesis,toolcalling,success,-1,success_stepn1
make_4_lvl2,97,1.0,True,False,retrosynthesis,toolcalling,success,-1,success_stepn1
make_4_lvl2,99,1.0,True,False,retrosynthesis,toolcalling,success,-1,success_stepn1
make_4_lvl2,100,1.0,True,False,retrosynthesis,toolcalling,success,-1,success_stepn1
make_4_lvl2,101,1.0,True,False,retrosynthesis,toolcalling,success,-1,success_stepn1
make_4_lvl2,102,1.0,True,False,retrosynthesis,toolcalling,success,-1,success_stepn1
make_4_lvl2,103,1.0,True,False,retrosynthesis,toolcalling,success,-1,success_stepn1
make_4_lvl2,104,1.0,True,False,retrosynthesis,toolcalling,success,-1,success_stepn1
make_4_lvl2,105,1.0,True,False,retrosynthesis,toolcalling,success,-1,success_stepn1
make_5_lvl2,85,1.0,True,False,retrosynthesis,toolcalling,success,-1,success_stepn1
make_5_lvl2,86,1.0,True,False,retrosynthesis,toolcalling,success,-1,success_stepn1
make_5_lvl2,89,1.0,True,False,retrosynthesis,toolcalling,success,-1,success_stepn1
make_5_lvl2,91,1.0,True,False,retrosynthesis,toolcalling,success,-1,success_stepn1
make_5_lvl2,93,1.0,True,False,retrosynthesis,toolcalling,success,-1,success_stepn1
make_5_lvl2,94,1.0,True,False,retrosynthesis,toolcalling,success,-1,success_stepn1
make_5_lvl2,97,0.0,False,False,retrosynthesis,toolcalling,success,-1,success_stepn1
make_5_lvl2,98,0.0,False,False,retrosynthesis,toolcalling,success,-1,success_stepn1
make_5_lvl2,99,1.0,True,False,retrosynthesis,toolcalling,success,-1,success_stepn1
make_5_lvl2,100,1.0,True,False,retrosynthesis,toolcalling,success,-1,success_stepn1
make_5_lvl2,101,1.0,True,False,retrosynthesis,toolcalling,success,-1,success_stepn1
make_5_lvl2,102,0.0,False,False,retrosynthesis,toolcalling,success,-1,success_stepn1
make_5_lvl2,103,0.0,False,False,retrosynthesis,toolcalling,success,-1,success_stepn1
make_5_lvl2,104,0.0,False,False,retrosynthesis,toolcalling,success,-1,success_stepn1
make_5_lvl2,105,0.0,False,False,retrosynthesis,toolcalling,success,-1,success_stepn1
make_7_lvl2,81,1.0,True,False,retrosynthesis,toolcalling,success,-1,success_stepn1
make_7_lvl2,83,1.0,True,False,retrosynthesis,toolcalling,success,-1,success_stepn1
make_7_lvl2,85,0.0,False,False,retrosynthesis,toolcalling,success,-1,success_stepn1
make_7_lvl2,87,1.0,True,False,retrosynthesis,toolcalling,success,-1,success_stepn1
make_7_lvl2,90,1.0,True,False,retrosynthesis,toolcalling,success,-1,success_stepn1
make_7_lvl2,91,1.0,True,False,retrosynthesis,toolcalling,success,-1,success_stepn1
make_7_lvl2,93,1.0,True,False,retrosynthesis,toolcalling,success,-1,success_stepn1
make_7_lvl2,95,1.0,True,False,retrosynthesis,toolcalling,success,-1,success_stepn1
make_7_lvl2,97,1.0,True,False,retrosynthesis,toolcalling,success,-1,success_stepn1
make_7_lvl2,98,1.0,True,False,retrosynthesis,toolcalling,success,-1,success_stepn1
make_7_lvl2,101,1.0,True,False,retrosynthesis,toolcalling,success,-1,success_stepn1
make_7_lvl2,102,1.0,True,False,retrosynthesis,toolcalling,success,-1,success_stepn1
make_7_lvl2,103,1.0,True,False,retrosynthesis,toolcalling,success,-1,success_stepn1
make_7_lvl2,104,1.0,True,False,retrosynthesis,toolcalling,success,-1,success_stepn1
make_7_lvl2,105,1.0,True,False,retrosynthesis,toolcalling,success,-1,success_stepn1
make_8_lvl2,86,1.0,True,False,retrosynthesis,toolcalling,success,-1,success_stepn1
make_8_lvl2,90,1.0,True,False,retrosynthesis,toolcalling,success,-1,success_stepn1
make_8_lvl2,93,1.0,True,False,retrosynthesis,toolcalling,success,-1,success_stepn1
make_8_lvl2,94,1.0,True,False,retrosynthesis,toolcalling,success,-1,success_stepn1
make_8_lvl2,95,1.0,True,False,retrosynthesis,toolcalling,success,-1,success_stepn1
make_8_lvl2,96,1.0,True,False,retrosynthesis,toolcalling,success,-1,success_stepn1
make_8_lvl2,97,1.0,True,False,retrosynthesis,toolcalling,success,-1,success_stepn1
make_8_lvl2,98,1.0,True,False,retrosynthesis,toolcalling,success,-1,success_stepn1
make_8_lvl2,99,1.0,True,False,retrosynthesis,toolcalling,success,-1,success_stepn1
make_8_lvl2,100,1.0,True,False,retrosynthesis,toolcalling,success,-1,success_stepn1
make_8_lvl2,101,1.0,True,False,retrosynthesis,toolcalling,success,-1,success_stepn1
make_8_lvl2,102,1.0,True,False,retrosynthesis,toolcalling,success,-1,success_stepn1
make_8_lvl2,103,1.0,True,False,retrosynthesis,toolcalling,success,-1,success_stepn1
make_8_lvl2,104,1.0,True,False,retrosynthesis,toolcalling,success,-1,success_stepn1
make_8_lvl2,105,1.0,True,False,retrosynthesis,toolcalling,success,-1,success_stepn1
make_3_lvl2,108,1.0,True,False,retrosynthesis,toolcalling,success,-2,success_stepn2
make_3_lvl2,112,1.0,True,False,retrosynthesis,toolcalling,success,-2,success_stepn2
make_3_lvl2,114,1.0,True,False,retrosynthesis,toolcalling,success,-2,success_stepn2
make_3_lvl2,115,1.0,True,False,retrosynthesis,toolcalling,success,-2,success_stepn2
make_3_lvl2,119,1.0,True,False,retrosynthesis,toolcalling,success,-2,success_stepn2
make_3_lvl2,122,1.0,True,False,retrosynthesis,toolcalling,success,-2,success_stepn2
make_3_lvl2,127,1.0,True,False,retrosynthesis,toolcalling,success,-2,success_stepn2
make_3_lvl2,128,1.0,True,False,retrosynthesis,toolcalling,success,-2,success_stepn2
make_3_lvl2,129,1.0,True,False,retrosynthesis,toolcalling,success,-2,success_stepn2
make_3_lvl2,130,1.0,True,False,retrosynthesis,toolcalling,success,-2,success_stepn2
make_3_lvl2,131,1.0,True,False,retrosynthesis,toolcalling,success,-2,success_stepn2
make_3_lvl2,132,1.0,True,False,retrosynthesis,toolcalling,success,-2,success_stepn2
make_3_lvl2,133,1.0,True,False,retrosynthesis,toolcalling,success,-2,success_stepn2
make_3_lvl2,134,1.0,True,False,retrosynthesis,toolcalling,success,-2,success_stepn2
make_3_lvl2,135,1.0,True,False,retrosynthesis,toolcalling,success,-2,success_stepn2
make_4_lvl2,112,1.0,True,False,retrosynthesis,toolcalling,success,-2,success_stepn2
make_4_lvl2,113,1.0,True,False,retrosynthesis,toolcalling,success,-2,success_stepn2
make_4_lvl2,115,1.0,True,False,retrosynthesis,toolcalling,success,-2,success_stepn2
make_4_lvl2,117,1.0,True,False,retrosynthesis,toolcalling,success,-2,success_stepn2
make_4_lvl2,118,1.0,True,False,retrosynthesis,toolcalling,success,-2,success_stepn2
make_4_lvl2,120,1.0,True,False,retrosynthesis,toolcalling,success,-2,success_stepn2
make_4_lvl2,122,1.0,True,False,retrosynthesis,toolcalling,success,-2,success_stepn2
make_4_lvl2,123,1.0,True,False,retrosynthesis,toolcalling,success,-2,success_stepn2
make_4_lvl2,125,1.0,True,False,retrosynthesis,toolcalling,success,-2,success_stepn2
make_4_lvl2,126,1.0,True,False,retrosynthesis,toolcalling,success,-2,success_stepn2
make_4_lvl2,128,1.0,True,False,retrosynthesis,toolcalling,success,-2,success_stepn2
make_4_lvl2,131,1.0,True,False,retrosynthesis,toolcalling,success,-2,success_stepn2
make_4_lvl2,133,1.0,True,False,retrosynthesis,toolcalling,success,-2,success_stepn2
make_4_lvl2,134,1.0,True,False,retrosynthesis,toolcalling,success,-2,success_stepn2
make_4_lvl2,135,1.0,True,False,retrosynthesis,toolcalling,success,-2,success_stepn2
make_5_lvl2,109,1.0,True,False,retrosynthesis,toolcalling,success,-2,success_stepn2
make_5_lvl2,111,1.0,True,False,retrosynthesis,toolcalling,success,-2,success_stepn2
make_5_lvl2,115,1.0,True,False,retrosynthesis,toolcalling,success,-2,success_stepn2
make_5_lvl2,117,1.0,True,False,retrosynthesis,toolcalling,success,-2,success_stepn2
make_5_lvl2,120,1.0,True,False,retrosynthesis,toolcalling,success,-2,success_stepn2
make_5_lvl2,124,1.0,True,False,retrosynthesis,toolcalling,success,-2,success_stepn2
make_5_lvl2,127,1.0,True,False,retrosynthesis,toolcalling,success,-2,success_stepn2
make_5_lvl2,128,1.0,True,False,retrosynthesis,toolcalling,success,-2,success_stepn2
make_5_lvl2,129,0.0,False,False,retrosynthesis,toolcalling,success,-2,success_stepn2
make_5_lvl2,130,1.0,True,False,retrosynthesis,toolcalling,success,-2,success_stepn2
make_5_lvl2,131,0.0,False,False,retrosynthesis,toolcalling,success,-2,success_stepn2
make_5_lvl2,132,1.0,True,False,retrosynthesis,toolcalling,success,-2,success_stepn2
make_5_lvl2,133,1.0,True,False,retrosynthesis,toolcalling,success,-2,success_stepn2
make_5_lvl2,134,0.0,False,False,retrosynthesis,toolcalling,success,-2,success_stepn2
make_5_lvl2,135,1.0,True,False,retrosynthesis,toolcalling,success,-2,success_stepn2
make_7_lvl2,116,0.0,False,False,retrosynthesis,toolcalling,success,-2,success_stepn2
make_7_lvl2,119,1.0,True,False,retrosynthesis,toolcalling,success,-2,success_stepn2
make_7_lvl2,120,0.0,False,False,retrosynthesis,toolcalling,success,-2,success_stepn2
make_7_lvl2,122,1.0,True,False,retrosynthesis,toolcalling,success,-2,success_stepn2
make_7_lvl2,124,1.0,True,False,retrosynthesis,toolcalling,success,-2,success_stepn2
make_7_lvl2,125,1.0,True,False,retrosynthesis,toolcalling,success,-2,success_stepn2
make_7_lvl2,126,1.0,True,False,retrosynthesis,toolcalling,success,-2,success_stepn2
make_7_lvl2,128,1.0,True,False,retrosynthesis,toolcalling,success,-2,success_stepn2
make_7_lvl2,129,1.0,True,False,retrosynthesis,toolcalling,success,-2,success_stepn2
make_7_lvl2,130,1.0,True,False,retrosynthesis,toolcalling,success,-2,success_stepn2
make_7_lvl2,131,1.0,True,False,retrosynthesis,toolcalling,success,-2,success_stepn2
make_7_lvl2,132,1.0,True,False,retrosynthesis,toolcalling,success,-2,success_stepn2
make_7_lvl2,133,1.0,True,False,retrosynthesis,toolcalling,success,-2,success_stepn2
make_7_lvl2,134,1.0,True,False,retrosynthesis,toolcalling,success,-2,success_stepn2
make_7_lvl2,135,1.0,True,False,retrosynthesis,toolcalling,success,-2,success_stepn2
make_8_lvl2,121,1.0,True,False,retrosynthesis,toolcalling,success,-2,success_stepn2
make_8_lvl2,122,1.0,True,False,retrosynthesis,toolcalling,success,-2,success_stepn2
make_8_lvl2,123,1.0,True,False,retrosynthesis,toolcalling,success,-2,success_stepn2
make_8_lvl2,124,1.0,True,False,retrosynthesis,toolcalling,success,-2,success_stepn2
make_8_lvl2,125,1.0,True,False,retrosynthesis,toolcalling,success,-2,success_stepn2
make_8_lvl2,126,1.0,True,False,retrosynthesis,toolcalling,success,-2,success_stepn2
make_8_lvl2,127,1.0,True,False,retrosynthesis,toolcalling,success,-2,success_stepn2
make_8_lvl2,128,1.0,True,False,retrosynthesis,toolcalling,success,-2,success_stepn2
make_8_lvl2,129,1.0,True,False,retrosynthesis,toolcalling,success,-2,success_stepn2
make_8_lvl2,130,1.0,True,False,retrosynthesis,toolcalling,success,-2,success_stepn2
make_8_lvl2,131,1.0,True,False,retrosynthesis,toolcalling,success,-2,success_stepn2
make_8_lvl2,132,1.0,True,False,retrosynthesis,toolcalling,success,-2,success_stepn2
make_8_lvl2,133,1.0,True,False,retrosynthesis,toolcalling,success,-2,success_stepn2
make_8_lvl2,134,1.0,True,False,retrosynthesis,toolcalling,success,-2,success_stepn2
make_8_lvl2,135,1.0,True,False,retrosynthesis,toolcalling,success,-2,success_stepn2
10_15227_orgsyn_084_0011_sub2,1,1.0,True,False,spectra,react,none,0,baseline
10_15227_orgsyn_084_0011_sub2,2,1.0,True,False,spectra,react,none,0,baseline
10_15227_orgsyn_084_0011_sub2,3,1.0,True,False,spectra,react,none,0,baseline
10_15227_orgsyn_084_0011_sub2,4,1.0,True,False,spectra,react,none,0,baseline
10_15227_orgsyn_084_0011_sub2,5,1.0,True,False,spectra,react,none,0,baseline
10_15227_orgsyn_084_0011_sub2,6,0.0,False,False,spectra,react,none,0,baseline
10_15227_orgsyn_084_0011_sub2,7,1.0,True,False,spectra,react,none,0,baseline
10_15227_orgsyn_084_0011_sub2,8,0.0,False,False,spectra,react,none,0,baseline
10_15227_orgsyn_084_0011_sub2,9,1.0,True,False,spectra,react,none,0,baseline
10_15227_orgsyn_084_0011_sub2,10,0.0,False,False,spectra,react,none,0,baseline
10_15227_orgsyn_084_0011_sub2,11,1.0,True,False,spectra,react,none,0,baseline
10_15227_orgsyn_084_0011_sub2,12,0.0,False,False,spectra,react,none,0,baseline
10_15227_orgsyn_084_0011_sub2,13,1.0,True,False,spectra,react,none,0,baseline
10_15227_orgsyn_084_0011_sub2,14,0.0,False,False,spectra,react,none,0,baseline
10_15227_orgsyn_084_0011_sub2,15,1.0,True,False,spectra,react,none,0,baseline
10_15227_orgsyn_084_0077,1,1.0,True,False,spectra,react,none,0,baseline
10_15227_orgsyn_084_0077,2,1.0,True,False,spectra,react,none,0,baseline
10_15227_orgsyn_084_0077,3,1.0,True,False,spectra,react,none,0,baseline
10_15227_orgsyn_084_0077,4,1.0,True,False,spectra,react,none,0,baseline
10_15227_orgsyn_084_0077,5,1.0,True,False,spectra,react,none,0,baseline
10_15227_orgsyn_084_0077,6,1.0,True,False,spectra,react,none,0,baseline
10_15227_orgsyn_084_0077,7,1.0,True,False,spectra,react,none,0,baseline
10_15227_orgsyn_084_0077,8,0.0,False,False,spectra,react,none,0,baseline
10_15227_orgsyn_084_0077,9,1.0,True,False,spectra,react,none,0,baseline
10_15227_orgsyn_084_0077,10,1.0,True,False,spectra,react,none,0,baseline
10_15227_orgsyn_084_0077,11,1.0,True,False,spectra,react,none,0,baseline
10_15227_orgsyn_084_0077,12,1.0,True,False,spectra,react,none,0,baseline
10_15227_orgsyn_084_0077,13,1.0,True,False,spectra,react,none,0,baseline
10_15227_orgsyn_084_0077,14,1.0,True,False,spectra,react,none,0,baseline
10_15227_orgsyn_084_0077,15,0.0,False,False,spectra,react,none,0,baseline
10_15227_orgsyn_084_0317m,1,0.0,False,False,spectra,react,none,0,baseline
10_15227_orgsyn_084_0317m,2,0.0,False,False,spectra,react,none,0,baseline
10_15227_orgsyn_084_0317m,3,0.0,False,False,spectra,react,none,0,baseline
10_15227_orgsyn_084_0317m,4,0.0,False,False,spectra,react,none,0,baseline
10_15227_orgsyn_084_0317m,5,0.0,False,False,spectra,react,none,0,baseline
10_15227_orgsyn_084_0317m,6,0.0,False,False,spectra,react,none,0,baseline
10_15227_orgsyn_084_0317m,7,0.0,False,False,spectra,react,none,0,baseline
10_15227_orgsyn_084_0317m,8,0.0,False,False,spectra,react,none,0,baseline
10_15227_orgsyn_084_0317m,9,0.0,False,False,spectra,react,none,0,baseline
10_15227_orgsyn_084_0317m,10,0.0,False,False,spectra,react,none,0,baseline
10_15227_orgsyn_084_0317m,11,0.0,False,False,spectra,react,none,0,baseline
10_15227_orgsyn_084_0317m,12,0.0,False,False,spectra,react,none,0,baseline
10_15227_orgsyn_084_0317m,13,0.0,False,False,spectra,react,none,0,baseline
10_15227_orgsyn_084_0317m,14,1.0,True,False,spectra,react,none,0,baseline
10_15227_orgsyn_084_0317m,15,0.0,False,False,spectra,react,none,0,baseline
22_22222_orgsyn_222_2222,1,0.0,False,False,spectra,react,none,0,baseline
22_22222_orgsyn_222_2222,2,0.0,False,False,spectra,react,none,0,baseline
22_22222_orgsyn_222_2222,3,1.0,True,False,spectra,react,none,0,baseline
22_22222_orgsyn_222_2222,4,0.0,False,False,spectra,react,none,0,baseline
22_22222_orgsyn_222_2222,5,1.0,True,False,spectra,react,none,0,baseline
22_22222_orgsyn_222_2222,6,1.0,True,False,spectra,react,none,0,baseline
22_22222_orgsyn_222_2222,7,1.0,True,False,spectra,react,none,0,baseline
22_22222_orgsyn_222_2222,8,0.0,False,False,spectra,react,none,0,baseline
22_22222_orgsyn_222_2222,9,1.0,True,False,spectra,react,none,0,baseline
22_22222_orgsyn_222_2222,10,1.0,True,False,spectra,react,none,0,baseline
22_22222_orgsyn_222_2222,11,0.0,False,False,spectra,react,none,0,baseline
22_22222_orgsyn_222_2222,12,0.0,False,False,spectra,react,none,0,baseline
22_22222_orgsyn_222_2222,13,1.0,True,False,spectra,react,none,0,baseline
22_22222_orgsyn_222_2222,14,1.0,True,False,spectra,react,none,0,baseline
22_22222_orgsyn_222_2222,15,0.0,False,False,spectra,react,none,0,baseline
77_77777_orgsyn_777_7777,1,0.0,False,False,spectra,react,none,0,baseline
77_77777_orgsyn_777_7777,2,0.0,False,False,spectra,react,none,0,baseline
77_77777_orgsyn_777_7777,3,0.0,False,False,spectra,react,none,0,baseline
77_77777_orgsyn_777_7777,4,0.0,False,False,spectra,react,none,0,baseline
77_77777_orgsyn_777_7777,5,1.0,True,False,spectra,react,none,0,baseline
77_77777_orgsyn_777_7777,6,0.0,False,False,spectra,react,none,0,baseline
77_77777_orgsyn_777_7777,7,0.0,False,False,spectra,react,none,0,baseline
77_77777_orgsyn_777_7777,8,1.0,True,False,spectra,react,none,0,baseline
77_77777_orgsyn_777_7777,9,0.0,False,False,spectra,react,none,0,baseline
77_77777_orgsyn_777_7777,10,0.0,False,False,spectra,react,none,0,baseline
77_77777_orgsyn_777_7777,11,0.0,False,False,spectra,react,none,0,baseline
77_77777_orgsyn_777_7777,12,1.0,True,False,spectra,react,none,0,baseline
77_77777_orgsyn_777_7777,13,1.0,True,False,spectra,react,none,0,baseline
77_77777_orgsyn_777_7777,14,1.0,True,False,spectra,react,none,0,baseline
77_77777_orgsyn_777_7777,15,1.0,True,False,spectra,react,none,0,baseline
10_15227_orgsyn_084_0011_sub2,17,1.0,True,False,spectra,react,failed,1,failed_step1
10_15227_orgsyn_084_0011_sub2,20,1.0,True,False,spectra,react,failed,1,failed_step1
10_15227_orgsyn_084_0011_sub2,22,0.0,False,False,spectra,react,failed,1,failed_step1
10_15227_orgsyn_084_0011_sub2,25,0.0,False,False,spectra,react,failed,1,failed_step1
10_15227_orgsyn_084_0011_sub2,27,0.0,False,False,spectra,react,failed,1,failed_step1
10_15227_orgsyn_084_0011_sub2,29,0.0,False,False,spectra,react,failed,1,failed_step1
10_15227_orgsyn_084_0011_sub2,31,0.0,False,False,spectra,react,failed,1,failed_step1
10_15227_orgsyn_084_0011_sub2,34,1.0,True,False,spectra,react,failed,1,failed_step1
10_15227_orgsyn_084_0011_sub2,35,1.0,True,False,spectra,react,failed,1,failed_step1
10_15227_orgsyn_084_0011_sub2,37,0.0,False,False,spectra,react,failed,1,failed_step1
10_15227_orgsyn_084_0011_sub2,39,1.0,True,False,spectra,react,failed,1,failed_step1
10_15227_orgsyn_084_0011_sub2,41,1.0,True,False,spectra,react,failed,1,failed_step1
10_15227_orgsyn_084_0011_sub2,43,1.0,True,False,spectra,react,failed,1,failed_step1
10_15227_orgsyn_084_0011_sub2,44,1.0,True,False,spectra,react,failed,1,failed_step1
10_15227_orgsyn_084_0011_sub2,45,0.0,False,False,spectra,react,failed,1,failed_step1
10_15227_orgsyn_084_0077,20,0.0,False,False,spectra,react,failed,1,failed_step1
10_15227_orgsyn_084_0077,23,1.0,True,False,spectra,react,failed,1,failed_step1
10_15227_orgsyn_084_0077,25,1.0,True,False,spectra,react,failed,1,failed_step1
10_15227_orgsyn_084_0077,27,1.0,True,False,spectra,react,failed,1,failed_step1
10_15227_orgsyn_084_0077,28,1.0,True,False,spectra,react,failed,1,failed_step1
10_15227_orgsyn_084_0077,30,1.0,True,False,spectra,react,failed,1,failed_step1
10_15227_orgsyn_084_0077,32,1.0,True,False,spectra,react,failed,1,failed_step1
10_15227_orgsyn_084_0077,33,1.0,True,False,spectra,react,failed,1,failed_step1
10_15227_orgsyn_084_0077,36,1.0,True,False,spectra,react,failed,1,failed_step1
10_15227_orgsyn_084_0077,38,1.0,True,False,spectra,react,failed,1,failed_step1
10_15227_orgsyn_084_0077,39,0.0,False,False,spectra,react,failed,1,failed_step1
10_15227_orgsyn_084_0077,42,1.0,True,False,spectra,react,failed,1,failed_step1
10_15227_orgsyn_084_0077,43,1.0,True,False,spectra,react,failed,1,failed_step1
10_15227_orgsyn_084_0077,44,1.0,True,False,spectra,react,failed,1,failed_step1
10_15227_orgsyn_084_0077,45,0.0,False,False,spectra,react,failed,1,failed_step1
10_15227_orgsyn_084_0317m,22,0.0,False,False,spectra,react,failed,1,failed_step1
10_15227_orgsyn_084_0317m,25,0.0,False,False,spectra,react,failed,1,failed_step1
10_15227_orgsyn_084_0317m,27,0.0,False,False,spectra,react,failed,1,failed_step1
10_15227_orgsyn_084_0317m,30,0.0,False,False,spectra,react,failed,1,failed_step1
10_15227_orgsyn_084_0317m,32,0.0,False,False,spectra,react,failed,1,failed_step1
10_15227_orgsyn_084_0317m,34,0.0,False,False,spectra,react,failed,1,failed_step1
10_15227_orgsyn_084_0317m,36,0.0,False,False,spectra,react,failed,1,failed_step1
10_15227_orgsyn_084_0317m,38,0.0,False,False,spectra,react,failed,1,failed_step1
10_15227_orgsyn_084_0317m,39,0.0,False,False,spectra,react,failed,1,failed_step1
10_15227_orgsyn_084_0317m,40,0.0,False,False,spectra,react,failed,1,failed_step1
10_15227_orgsyn_084_0317m,41,0.0,False,False,spectra,react,failed,1,failed_step1
10_15227_orgsyn_084_0317m,42,0.0,False,False,spectra,react,failed,1,failed_step1
10_15227_orgsyn_084_0317m,43,0.0,False,False,spectra,react,failed,1,failed_step1
10_15227_orgsyn_084_0317m,44,0.0,False,False,spectra,react,failed,1,failed_step1
10_15227_orgsyn_084_0317m,45,0.0,False,False,spectra,react,failed,1,failed_step1
22_22222_orgsyn_222_2222,23,0.0,False,False,spectra,react,failed,1,failed_step1
22_22222_orgsyn_222_2222,24,0.0,False,False,spectra,react,failed,1,failed_step1
22_22222_orgsyn_222_2222,27,1.0,True,False,spectra,react,failed,1,failed_step1
22_22222_orgsyn_222_2222,28,0.0,False,False,spectra,react,failed,1,failed_step1
22_22222_orgsyn_222_2222,30,0.0,False,False,spectra,react,failed,1,failed_step1
22_22222_orgsyn_222_2222,32,0.0,False,False,spectra,react,failed,1,failed_step1
22_22222_orgsyn_222_2222,34,0.0,False,False,spectra,react,failed,1,failed_step1
22_22222_orgsyn_222_2222,37,0.0,False,False,spectra,react,failed,1,failed_step1
22_22222_orgsyn_222_2222,39,0.0,False,False,spectra,react,failed,1,failed_step1
22_22222_orgsyn_222_2222,40,1.0,True,False,spectra,react,failed,1,failed_step1
22_22222_orgsyn_222_2222,41,0.0,False,False,spectra,react,failed,1,failed_step1
22_22222_orgsyn_222_2222,42,0.0,False,False,spectra,react,failed,1,failed_step1
22_22222_orgsyn_222_2222,43,0.0,False,False,spectra,react,failed,1,failed_step1
22_22222_orgsyn_222_2222,44,1.0,True,False,spectra,react,failed,1,failed_step1
22_22222_orgsyn_222_2222,45,0.0,False,False,spectra,react,failed,1,failed_step1
77_77777_orgsyn_777_7777,22,1.0,True,False,spectra,react,failed,1,failed_step1
77_77777_orgsyn_777_7777,24,0.0,False,False,spectra,react,failed,1,failed_step1
77_77777_orgsyn_777_7777,27,0.0,False,False,spectra,react,failed,1,failed_step1
77_77777_orgsyn_777_7777,28,1.0,True,False,spectra,react,failed,1,failed_step1
77_77777_orgsyn_777_7777,31,0.0,False,False,spectra,react,failed,1,failed_step1
77_77777_orgsyn_777_7777,33,1.0,True,False,spectra,react,failed,1,failed_step1
77_77777_orgsyn_777_7777,35,0.0,False,False,spectra,react,failed,1,failed_step1
77_77777_orgsyn_777_7777,38,0.0,False,False,spectra,react,failed,1,failed_step1
77_77777_orgsyn_777_7777,39,1.0,True,False,spectra,react,failed,1,failed_step1
77_77777_orgsyn_777_7777,40,1.0,True,False,spectra,react,failed,1,failed_step1
77_77777_orgsyn_777_7777,41,0.0,False,False,spectra,react,failed,1,failed_step1
77_77777_orgsyn_777_7777,42,0.0,False,False,spectra,react,failed,1,failed_step1
77_77777_orgsyn_777_7777,43,0.0,False,False,spectra,react,failed,1,failed_step1
77_77777_orgsyn_777_7777,44,1.0,True,False,spectra,react,failed,1,failed_step1
77_77777_orgsyn_777_7777,45,0.0,False,False,spectra,react,failed,1,failed_step1
10_15227_orgsyn_084_0011_sub2,46,1.0,True,False,spectra,react,failed,2,failed_step2
10_15227_orgsyn_084_0011_sub2,50,0.0,False,False,spectra,react,failed,2,failed_step2
10_15227_orgsyn_084_0011_sub2,53,1.0,True,False,spectra,react,failed,2,failed_step2
10_15227_orgsyn_084_0011_sub2,54,1.0,True,False,spectra,react,failed,2,failed_step2
10_15227_orgsyn_084_0011_sub2,57,0.0,False,False,spectra,react,failed,2,failed_step2
10_15227_orgsyn_084_0011_sub2,59,1.0,True,False,spectra,react,failed,2,failed_step2
10_15227_orgsyn_084_0011_sub2,61,1.0,True,False,spectra,react,failed,2,failed_step2
10_15227_orgsyn_084_0011_sub2,63,0.0,False,False,spectra,react,failed,2,failed_step2
10_15227_orgsyn_084_0011_sub2,66,0.0,False,False,spectra,react,failed,2,failed_step2
10_15227_orgsyn_084_0011_sub2,69,0.0,False,False,spectra,react,failed,2,failed_step2
10_15227_orgsyn_084_0011_sub2,70,1.0,True,False,spectra,react,failed,2,failed_step2
10_15227_orgsyn_084_0011_sub2,72,1.0,True,False,spectra,react,failed,2,failed_step2
10_15227_orgsyn_084_0011_sub2,73,1.0,True,False,spectra,react,failed,2,failed_step2
10_15227_orgsyn_084_0011_sub2,74,0.0,False,False,spectra,react,failed,2,failed_step2
10_15227_orgsyn_084_0011_sub2,75,0.0,False,False,spectra,react,failed,2,failed_step2
10_15227_orgsyn_084_0077,54,1.0,True,False,spectra,react,failed,2,failed_step2
10_15227_orgsyn_084_0077,56,1.0,True,False,spectra,react,failed,2,failed_step2
10_15227_orgsyn_084_0077,59,1.0,True,False,spectra,react,failed,2,failed_step2
10_15227_orgsyn_084_0077,61,0.0,False,False,spectra,react,failed,2,failed_step2
10_15227_orgsyn_084_0077,63,1.0,True,False,spectra,react,failed,2,failed_step2
10_15227_orgsyn_084_0077,64,1.0,True,False,spectra,react,failed,2,failed_step2
10_15227_orgsyn_084_0077,65,1.0,True,False,spectra,react,failed,2,failed_step2
10_15227_orgsyn_084_0077,68,1.0,True,False,spectra,react,failed,2,failed_step2
10_15227_orgsyn_084_0077,69,1.0,True,False,spectra,react,failed,2,failed_step2
10_15227_orgsyn_084_0077,70,1.0,True,False,spectra,react,failed,2,failed_step2
10_15227_orgsyn_084_0077,71,1.0,True,False,spectra,react,failed,2,failed_step2
10_15227_orgsyn_084_0077,72,1.0,True,False,spectra,react,failed,2,failed_step2
10_15227_orgsyn_084_0077,73,1.0,True,False,spectra,react,failed,2,failed_step2
10_15227_orgsyn_084_0077,74,1.0,True,False,spectra,react,failed,2,failed_step2
10_15227_orgsyn_084_0077,75,1.0,True,False,spectra,react,failed,2,failed_step2
10_15227_orgsyn_084_0317m,55,0.0,False,False,spectra,react,failed,2,failed_step2
10_15227_orgsyn_084_0317m,57,0.0,False,False,spectra,react,failed,2,failed_step2
10_15227_orgsyn_084_0317m,59,1.0,True,False,spectra,react,failed,2,failed_step2
10_15227_orgsyn_084_0317m,62,0.0,False,False,spectra,react,failed,2,failed_step2
10_15227_orgsyn_084_0317m,64,0.0,False,False,spectra,react,failed,2,failed_step2
10_15227_orgsyn_084_0317m,66,0.0,False,False,spectra,react,failed,2,failed_step2
10_15227_orgsyn_084_0317m,67,0.0,False,False,spectra,react,failed,2,failed_step2
10_15227_orgsyn_084_0317m,68,0.0,False,False,spectra,react,failed,2,failed_step2
10_15227_orgsyn_084_0317m,69,1.0,True,False,spectra,react,failed,2,failed_step2
10_15227_orgsyn_084_0317m,70,0.0,False,False,spectra,react,failed,2,failed_step2
10_15227_orgsyn_084_0317m,71,1.0,True,False,spectra,react,failed,2,failed_step2
10_15227_orgsyn_084_0317m,72,0.0,False,False,spectra,react,failed,2,failed_step2
10_15227_orgsyn_084_0317m,73,1.0,True,False,spectra,react,failed,2,failed_step2
10_15227_orgsyn_084_0317m,74,0.0,False,False,spectra,react,failed,2,failed_step2
10_15227_orgsyn_084_0317m,75,0.0,False,False,spectra,react,failed,2,failed_step2
22_22222_orgsyn_222_2222,52,1.0,True,False,spectra,react,failed,2,failed_step2
22_22222_orgsyn_222_2222,54,0.0,False,False,spectra,react,failed,2,failed_step2
22_22222_orgsyn_222_2222,56,0.0,False,False,spectra,react,failed,2,failed_step2
22_22222_orgsyn_222_2222,57,1.0,True,False,spectra,react,failed,2,failed_step2
22_22222_orgsyn_222_2222,58,0.0,False,False,spectra,react,failed,2,failed_step2
22_22222_orgsyn_222_2222,60,1.0,True,False,spectra,react,failed,2,failed_step2
22_22222_orgsyn_222_2222,62,0.0,False,False,spectra,react,failed,2,failed_step2
22_22222_orgsyn_222_2222,65,0.0,False,False,spectra,react,failed,2,failed_step2
22_22222_orgsyn_222_2222,66,0.0,False,False,spectra,react,failed,2,failed_step2
22_22222_orgsyn_222_2222,68,0.0,False,False,spectra,react,failed,2,failed_step2
22_22222_orgsyn_222_2222,69,0.0,False,False,spectra,react,failed,2,failed_step2
22_22222_orgsyn_222_2222,72,0.0,False,False,spectra,react,failed,2,failed_step2
22_22222_orgsyn_222_2222,73,1.0,True,False,spectra,react,failed,2,failed_step2
22_22222_orgsyn_222_2222,74,0.0,False,False,spectra,react,failed,2,failed_step2
22_22222_orgsyn_222_2222,75,0.0,False,False,spectra,react,failed,2,failed_step2
77_77777_orgsyn_777_7777,53,0.0,False,False,spectra,react,failed,2,failed_step2
77_77777_orgsyn_777_7777,55,1.0,True,False,spectra,react,failed,2,failed_step2
77_77777_orgsyn_777_7777,59,0.0,False,False,spectra,react,failed,2,failed_step2
77_77777_orgsyn_777_7777,61,0.0,False,False,spectra,react,failed,2,failed_step2
77_77777_orgsyn_777_7777,62,1.0,True,False,spectra,react,failed,2,failed_step2
77_77777_orgsyn_777_7777,65,1.0,True,False,spectra,react,failed,2,failed_step2
77_77777_orgsyn_777_7777,67,1.0,True,False,spectra,react,failed,2,failed_step2
77_77777_orgsyn_777_7777,68,0.0,False,False,spectra,react,failed,2,failed_step2
77_77777_orgsyn_777_7777,69,1.0,True,False,spectra,react,failed,2,failed_step2
77_77777_orgsyn_777_7777,70,0.0,False,False,spectra,react,failed,2,failed_step2
77_77777_orgsyn_777_7777,71,0.0,False,False,spectra,react,failed,2,failed_step2
77_77777_orgsyn_777_7777,72,0.0,False,False,spectra,react,failed,2,failed_step2
77_77777_orgsyn_777_7777,73,1.0,True,False,spectra,react,failed,2,failed_step2
77_77777_orgsyn_777_7777,74,1.0,True,False,spectra,react,failed,2,failed_step2
77_77777_orgsyn_777_7777,75,1.0,True,False,spectra,react,failed,2,failed_step2
10_15227_orgsyn_084_0011_sub2,77,0.0,False,False,spectra,react,failed,-1,failed_stepn1
10_15227_orgsyn_084_0011_sub2,82,0.0,False,False,spectra,react,failed,-1,failed_stepn1
10_15227_orgsyn_084_0011_sub2,86,0.0,False,False,spectra,react,failed,-1,failed_stepn1
10_15227_orgsyn_084_0011_sub2,91,0.0,False,False,spectra,react,failed,-1,failed_stepn1
10_15227_orgsyn_084_0011_sub2,94,1.0,True,False,spectra,react,failed,-1,failed_stepn1
10_15227_orgsyn_084_0011_sub2,96,0.0,False,False,spectra,react,failed,-1,failed_stepn1
10_15227_orgsyn_084_0011_sub2,97,1.0,True,False,spectra,react,failed,-1,failed_stepn1
10_15227_orgsyn_084_0011_sub2,98,0.0,False,False,spectra,react,failed,-1,failed_stepn1
10_15227_orgsyn_084_0011_sub2,99,1.0,True,False,spectra,react,failed,-1,failed_stepn1
10_15227_orgsyn_084_0011_sub2,100,1.0,True,False,spectra,react,failed,-1,failed_stepn1
10_15227_orgsyn_084_0011_sub2,101,0.0,False,False,spectra,react,failed,-1,failed_stepn1
10_15227_orgsyn_084_0011_sub2,102,1.0,True,False,spectra,react,failed,-1,failed_stepn1
10_15227_orgsyn_084_0011_sub2,103,0.0,False,False,spectra,react,failed,-1,failed_stepn1
10_15227_orgsyn_084_0011_sub2,104,1.0,True,False,spectra,react,failed,-1,failed_stepn1
10_15227_orgsyn_084_0011_sub2,105,0.0,False,False,spectra,react,failed,-1,failed_stepn1
10_15227_orgsyn_084_0077,91,0.0,False,False,spectra,react,failed,-1,failed_stepn1
10_15227_orgsyn_084_0077,92,0.0,False,False,spectra,react,failed,-1,failed_stepn1
10_15227_orgsyn_084_0077,93,0.0,False,False,spectra,react,failed,-1,failed_stepn1
10_15227_orgsyn_084_0077,94,0.0,False,False,spectra,react,failed,-1,failed_stepn1
10_15227_orgsyn_084_0077,95,0.0,False,False,spectra,react,failed,-1,failed_stepn1
10_15227_orgsyn_084_0077,96,0.0,False,False,spectra,react,failed,-1,failed_stepn1
10_15227_orgsyn_084_0077,97,0.0,False,False,spectra,react,failed,-1,failed_stepn1
10_15227_orgsyn_084_0077,98,0.0,False,False,spectra,react,failed,-1,failed_stepn1
10_15227_orgsyn_084_0077,99,0.0,False,False,spectra,react,failed,-1,failed_stepn1
10_15227_orgsyn_084_0077,100,1.0,True,False,spectra,react,failed,-1,failed_stepn1
10_15227_orgsyn_084_0077,101,0.0,False,False,spectra,react,failed,-1,failed_stepn1
10_15227_orgsyn_084_0077,102,0.0,False,False,spectra,react,failed,-1,failed_stepn1
10_15227_orgsyn_084_0077,103,0.0,False,False,spectra,react,failed,-1,failed_stepn1
10_15227_orgsyn_084_0077,104,0.0,False,False,spectra,react,failed,-1,failed_stepn1
10_15227_orgsyn_084_0077,105,0.0,False,False,spectra,react,failed,-1,failed_stepn1
10_15227_orgsyn_084_0317m,91,0.0,False,False,spectra,react,failed,-1,failed_stepn1
10_15227_orgsyn_084_0317m,92,0.0,False,False,spectra,react,failed,-1,failed_stepn1
10_15227_orgsyn_084_0317m,93,0.0,False,False,spectra,react,failed,-1,failed_stepn1
10_15227_orgsyn_084_0317m,94,0.0,False,False,spectra,react,failed,-1,failed_stepn1
10_15227_orgsyn_084_0317m,95,0.0,False,False,spectra,react,failed,-1,failed_stepn1
10_15227_orgsyn_084_0317m,96,0.0,False,False,spectra,react,failed,-1,failed_stepn1
10_15227_orgsyn_084_0317m,97,0.0,False,False,spectra,react,failed,-1,failed_stepn1
10_15227_orgsyn_084_0317m,98,0.0,False,False,spectra,react,failed,-1,failed_stepn1
10_15227_orgsyn_084_0317m,99,0.0,False,False,spectra,react,failed,-1,failed_stepn1
10_15227_orgsyn_084_0317m,100,0.0,False,False,spectra,react,failed,-1,failed_stepn1
10_15227_orgsyn_084_0317m,101,0.0,False,False,spectra,react,failed,-1,failed_stepn1
10_15227_orgsyn_084_0317m,102,0.0,False,False,spectra,react,failed,-1,failed_stepn1
10_15227_orgsyn_084_0317m,103,0.0,False,False,spectra,react,failed,-1,failed_stepn1
10_15227_orgsyn_084_0317m,104,0.0,False,False,spectra,react,failed,-1,failed_stepn1
10_15227_orgsyn_084_0317m,105,0.0,False,False,spectra,react,failed,-1,failed_stepn1
22_22222_orgsyn_222_2222,91,0.0,False,False,spectra,react,failed,-1,failed_stepn1
22_22222_orgsyn_222_2222,92,0.0,False,False,spectra,react,failed,-1,failed_stepn1
22_22222_orgsyn_222_2222,93,0.0,False,False,spectra,react,failed,-1,failed_stepn1
22_22222_orgsyn_222_2222,94,0.0,False,False,spectra,react,failed,-1,failed_stepn1
22_22222_orgsyn_222_2222,95,0.0,False,False,spectra,react,failed,-1,failed_stepn1
22_22222_orgsyn_222_2222,96,0.0,False,False,spectra,react,failed,-1,failed_stepn1
22_22222_orgsyn_222_2222,97,0.0,False,False,spectra,react,failed,-1,failed_stepn1
22_22222_orgsyn_222_2222,98,0.0,False,False,spectra,react,failed,-1,failed_stepn1
22_22222_orgsyn_222_2222,99,0.0,False,False,spectra,react,failed,-1,failed_stepn1
22_22222_orgsyn_222_2222,100,0.0,False,False,spectra,react,failed,-1,failed_stepn1
22_22222_orgsyn_222_2222,101,0.0,False,False,spectra,react,failed,-1,failed_stepn1
22_22222_orgsyn_222_2222,102,0.0,False,False,spectra,react,failed,-1,failed_stepn1
22_22222_orgsyn_222_2222,103,0.0,False,False,spectra,react,failed,-1,failed_stepn1
22_22222_orgsyn_222_2222,104,0.0,False,False,spectra,react,failed,-1,failed_stepn1
22_22222_orgsyn_222_2222,105,0.0,False,False,spectra,react,failed,-1,failed_stepn1
77_77777_orgsyn_777_7777,91,0.0,False,False,spectra,react,failed,-1,failed_stepn1
77_77777_orgsyn_777_7777,92,0.0,False,False,spectra,react,failed,-1,failed_stepn1
77_77777_orgsyn_777_7777,93,0.0,False,False,spectra,react,failed,-1,failed_stepn1
77_77777_orgsyn_777_7777,94,0.0,False,False,spectra,react,failed,-1,failed_stepn1
77_77777_orgsyn_777_7777,95,0.0,False,False,spectra,react,failed,-1,failed_stepn1
77_77777_orgsyn_777_7777,96,0.0,False,False,spectra,react,failed,-1,failed_stepn1
77_77777_orgsyn_777_7777,97,0.0,False,False,spectra,react,failed,-1,failed_stepn1
77_77777_orgsyn_777_7777,98,0.0,False,False,spectra,react,failed,-1,failed_stepn1
77_77777_orgsyn_777_7777,99,1.0,True,False,spectra,react,failed,-1,failed_stepn1
77_77777_orgsyn_777_7777,100,1.0,True,False,spectra,react,failed,-1,failed_stepn1
77_77777_orgsyn_777_7777,101,0.0,False,False,spectra,react,failed,-1,failed_stepn1
77_77777_orgsyn_777_7777,102,0.0,False,False,spectra,react,failed,-1,failed_stepn1
77_77777_orgsyn_777_7777,103,0.0,False,False,spectra,react,failed,-1,failed_stepn1
77_77777_orgsyn_777_7777,104,0.0,False,False,spectra,react,failed,-1,failed_stepn1
77_77777_orgsyn_777_7777,105,0.0,False,False,spectra,react,failed,-1,failed_stepn1
10_15227_orgsyn_084_0011_sub2,110,0.0,False,False,spectra,react,failed,-2,failed_stepn2
10_15227_orgsyn_084_0011_sub2,115,0.0,False,False,spectra,react,failed,-2,failed_stepn2
10_15227_orgsyn_084_0011_sub2,119,0.0,False,False,spectra,react,failed,-2,failed_stepn2
10_15227_orgsyn_084_0011_sub2,123,0.0,False,False,spectra,react,failed,-2,failed_stepn2
10_15227_orgsyn_084_0011_sub2,125,0.0,False,False,spectra,react,failed,-2,failed_stepn2
10_15227_orgsyn_084_0011_sub2,126,0.0,False,False,spectra,react,failed,-2,failed_stepn2
10_15227_orgsyn_084_0011_sub2,127,0.0,False,False,spectra,react,failed,-2,failed_stepn2
10_15227_orgsyn_084_0011_sub2,128,0.0,False,False,spectra,react,failed,-2,failed_stepn2
10_15227_orgsyn_084_0011_sub2,129,1.0,True,False,spectra,react,failed,-2,failed_stepn2
10_15227_orgsyn_084_0011_sub2,130,1.0,True,False,spectra,react,failed,-2,failed_stepn2
10_15227_orgsyn_084_0011_sub2,131,1.0,True,False,spectra,react,failed,-2,failed_stepn2
10_15227_orgsyn_084_0011_sub2,132,0.0,False,False,spectra,react,failed,-2,failed_stepn2
10_15227_orgsyn_084_0011_sub2,133,0.0,False,False,spectra,react,failed,-2,failed_stepn2
10_15227_orgsyn_084_0011_sub2,134,0.0,False,False,spectra,react,failed,-2,failed_stepn2
10_15227_orgsyn_084_0011_sub2,135,1.0,True,False,spectra,react,failed,-2,failed_stepn2
10_15227_orgsyn_084_0077,121,0.0,False,False,spectra,react,failed,-2,failed_stepn2
10_15227_orgsyn_084_0077,122,0.0,False,False,spectra,react,failed,-2,failed_stepn2
10_15227_orgsyn_084_0077,123,0.0,False,False,spectra,react,failed,-2,failed_stepn2
10_15227_orgsyn_084_0077,124,0.0,False,False,spectra,react,failed,-2,failed_stepn2
10_15227_orgsyn_084_0077,125,0.0,False,False,spectra,react,failed,-2,failed_stepn2
10_15227_orgsyn_084_0077,126,0.0,False,False,spectra,react,failed,-2,failed_stepn2
10_15227_orgsyn_084_0077,127,0.0,False,False,spectra,react,failed,-2,failed_stepn2
10_15227_orgsyn_084_0077,128,0.0,False,False,spectra,react,failed,-2,failed_stepn2
10_15227_orgsyn_084_0077,129,0.0,False,False,spectra,react,failed,-2,failed_stepn2
10_15227_orgsyn_084_0077,130,0.0,False,False,spectra,react,failed,-2,failed_stepn2
10_15227_orgsyn_084_0077,131,0.0,False,False,spectra,react,failed,-2,failed_stepn2
10_15227_orgsyn_084_0077,132,0.0,False,False,spectra,react,failed,-2,failed_stepn2
10_15227_orgsyn_084_0077,133,1.0,True,False,spectra,react,failed,-2,failed_stepn2
10_15227_orgsyn_084_0077,134,0.0,False,False,spectra,react,failed,-2,failed_stepn2
10_15227_orgsyn_084_0077,135,1.0,True,False,spectra,react,failed,-2,failed_stepn2
10_15227_orgsyn_084_0317m,121,0.0,False,False,spectra,react,failed,-2,failed_stepn2
10_15227_orgsyn_084_0317m,122,0.0,False,False,spectra,react,failed,-2,failed_stepn2
10_15227_orgsyn_084_0317m,123,0.0,False,False,spectra,react,failed,-2,failed_stepn2
10_15227_orgsyn_084_0317m,124,0.0,False,False,spectra,react,failed,-2,failed_stepn2
10_15227_orgsyn_084_0317m,125,0.0,False,False,spectra,react,failed,-2,failed_stepn2
10_15227_orgsyn_084_0317m,126,0.0,False,False,spectra,react,failed,-2,failed_stepn2
10_15227_orgsyn_084_0317m,127,0.0,False,False,spectra,react,failed,-2,failed_stepn2
10_15227_orgsyn_084_0317m,128,0.0,False,False,spectra,react,failed,-2,failed_stepn2
10_15227_orgsyn_084_0317m,129,0.0,False,False,spectra,react,failed,-2,failed_stepn2
10_15227_orgsyn_084_0317m,130,0.0,False,False,spectra,react,failed,-2,failed_stepn2
10_15227_orgsyn_084_0317m,131,0.0,False,False,spectra,react,failed,-2,failed_stepn2
10_15227_orgsyn_084_0317m,132,0.0,False,False,spectra,react,failed,-2,failed_stepn2
10_15227_orgsyn_084_0317m,133,0.0,False,False,spectra,react,failed,-2,failed_stepn2
10_15227_orgsyn_084_0317m,134,0.0,False,False,spectra,react,failed,-2,failed_stepn2
10_15227_orgsyn_084_0317m,135,0.0,False,False,spectra,react,failed,-2,failed_stepn2
22_22222_orgsyn_222_2222,121,0.0,False,False,spectra,react,failed,-2,failed_stepn2
22_22222_orgsyn_222_2222,122,0.0,False,False,spectra,react,failed,-2,failed_stepn2
22_22222_orgsyn_222_2222,123,0.0,False,False,spectra,react,failed,-2,failed_stepn2
22_22222_orgsyn_222_2222,124,0.0,False,False,spectra,react,failed,-2,failed_stepn2
22_22222_orgsyn_222_2222,125,0.0,False,False,spectra,react,failed,-2,failed_stepn2
22_22222_orgsyn_222_2222,126,0.0,False,False,spectra,react,failed,-2,failed_stepn2
22_22222_orgsyn_222_2222,127,0.0,False,False,spectra,react,failed,-2,failed_stepn2
22_22222_orgsyn_222_2222,128,0.0,False,False,spectra,react,failed,-2,failed_stepn2
22_22222_orgsyn_222_2222,129,0.0,False,False,spectra,react,failed,-2,failed_stepn2
22_22222_orgsyn_222_2222,130,0.0,False,False,spectra,react,failed,-2,failed_stepn2
22_22222_orgsyn_222_2222,131,0.0,False,False,spectra,react,failed,-2,failed_stepn2
22_22222_orgsyn_222_2222,132,0.0,False,False,spectra,react,failed,-2,failed_stepn2
22_22222_orgsyn_222_2222,133,0.0,False,False,spectra,react,failed,-2,failed_stepn2
22_22222_orgsyn_222_2222,134,0.0,False,False,spectra,react,failed,-2,failed_stepn2
22_22222_orgsyn_222_2222,135,0.0,False,False,spectra,react,failed,-2,failed_stepn2
77_77777_orgsyn_777_7777,121,0.0,False,False,spectra,react,failed,-2,failed_stepn2
77_77777_orgsyn_777_7777,122,0.0,False,False,spectra,react,failed,-2,failed_stepn2
77_77777_orgsyn_777_7777,123,0.0,False,False,spectra,react,failed,-2,failed_stepn2
77_77777_orgsyn_777_7777,124,0.0,False,False,spectra,react,failed,-2,failed_stepn2
77_77777_orgsyn_777_7777,125,1.0,True,False,spectra,react,failed,-2,failed_stepn2
77_77777_orgsyn_777_7777,126,1.0,True,False,spectra,react,failed,-2,failed_stepn2
77_77777_orgsyn_777_7777,127,0.0,False,False,spectra,react,failed,-2,failed_stepn2
77_77777_orgsyn_777_7777,128,0.0,False,False,spectra,react,failed,-2,failed_stepn2
77_77777_orgsyn_777_7777,129,0.0,False,False,spectra,react,failed,-2,failed_stepn2
77_77777_orgsyn_777_7777,130,0.0,False,False,spectra,react,failed,-2,failed_stepn2
77_77777_orgsyn_777_7777,131,0.0,False,False,spectra,react,failed,-2,failed_stepn2
77_77777_orgsyn_777_7777,132,0.0,False,False,spectra,react,failed,-2,failed_stepn2
77_77777_orgsyn_777_7777,133,0.0,False,False,spectra,react,failed,-2,failed_stepn2
77_77777_orgsyn_777_7777,134,0.0,False,False,spectra,react,failed,-2,failed_stepn2
77_77777_orgsyn_777_7777,135,0.0,False,False,spectra,react,failed,-2,failed_stepn2
10_15227_orgsyn_084_0011_sub2,16,0.0,False,False,spectra,react,success,1,success_step1
10_15227_orgsyn_084_0011_sub2,18,1.0,True,False,spectra,react,success,1,success_step1
10_15227_orgsyn_084_0011_sub2,19,1.0,True,False,spectra,react,success,1,success_step1
10_15227_orgsyn_084_0011_sub2,21,1.0,True,False,spectra,react,success,1,success_step1
10_15227_orgsyn_084_0011_sub2,23,1.0,True,False,spectra,react,success,1,success_step1
10_15227_orgsyn_084_0011_sub2,24,1.0,True,False,spectra,react,success,1,success_step1
10_15227_orgsyn_084_0011_sub2,26,0.0,False,False,spectra,react,success,1,success_step1
10_15227_orgsyn_084_0011_sub2,28,0.0,False,False,spectra,react,success,1,success_step1
10_15227_orgsyn_084_0011_sub2,30,1.0,True,False,spectra,react,success,1,success_step1
10_15227_orgsyn_084_0011_sub2,32,1.0,True,False,spectra,react,success,1,success_step1
10_15227_orgsyn_084_0011_sub2,33,1.0,True,False,spectra,react,success,1,success_step1
10_15227_orgsyn_084_0011_sub2,36,0.0,False,False,spectra,react,success,1,success_step1
10_15227_orgsyn_084_0011_sub2,38,1.0,True,False,spectra,react,success,1,success_step1
10_15227_orgsyn_084_0011_sub2,40,1.0,True,False,spectra,react,success,1,success_step1
10_15227_orgsyn_084_0011_sub2,42,1.0,True,False,spectra,react,success,1,success_step1
10_15227_orgsyn_084_0077,16,1.0,True,False,spectra,react,success,1,success_step1
10_15227_orgsyn_084_0077,17,1.0,True,False,spectra,react,success,1,success_step1
10_15227_orgsyn_084_0077,18,1.0,True,False,spectra,react,success,1,success_step1
10_15227_orgsyn_084_0077,19,1.0,True,False,spectra,react,success,1,success_step1
10_15227_orgsyn_084_0077,21,0.0,False,False,spectra,react,success,1,success_step1
10_15227_orgsyn_084_0077,22,1.0,True,False,spectra,react,success,1,success_step1
10_15227_orgsyn_084_0077,24,1.0,True,False,spectra,react,success,1,success_step1
10_15227_orgsyn_084_0077,26,1.0,True,False,spectra,react,success,1,success_step1
10_15227_orgsyn_084_0077,29,0.0,False,False,spectra,react,success,1,success_step1
10_15227_orgsyn_084_0077,31,1.0,True,False,spectra,react,success,1,success_step1
10_15227_orgsyn_084_0077,34,1.0,True,False,spectra,react,success,1,success_step1
10_15227_orgsyn_084_0077,35,1.0,True,False,spectra,react,success,1,success_step1
10_15227_orgsyn_084_0077,37,1.0,True,False,spectra,react,success,1,success_step1
10_15227_orgsyn_084_0077,40,0.0,False,False,spectra,react,success,1,success_step1
10_15227_orgsyn_084_0077,41,1.0,True,False,spectra,react,success,1,success_step1
10_15227_orgsyn_084_0317m,16,0.0,False,False,spectra,react,success,1,success_step1
10_15227_orgsyn_084_0317m,17,0.0,False,False,spectra,react,success,1,success_step1
10_15227_orgsyn_084_0317m,18,0.0,False,False,spectra,react,success,1,success_step1
10_15227_orgsyn_084_0317m,19,1.0,True,False,spectra,react,success,1,success_step1
10_15227_orgsyn_084_0317m,20,0.0,False,False,spectra,react,success,1,success_step1
10_15227_orgsyn_084_0317m,21,0.0,False,False,spectra,react,success,1,success_step1
10_15227_orgsyn_084_0317m,23,1.0,True,False,spectra,react,success,1,success_step1
10_15227_orgsyn_084_0317m,24,0.0,False,False,spectra,react,success,1,success_step1
10_15227_orgsyn_084_0317m,26,0.0,False,False,spectra,react,success,1,success_step1
10_15227_orgsyn_084_0317m,28,0.0,False,False,spectra,react,success,1,success_step1
10_15227_orgsyn_084_0317m,29,0.0,False,False,spectra,react,success,1,success_step1
10_15227_orgsyn_084_0317m,31,0.0,False,False,spectra,react,success,1,success_step1
10_15227_orgsyn_084_0317m,33,0.0,False,False,spectra,react,success,1,success_step1
10_15227_orgsyn_084_0317m,35,0.0,False,False,spectra,react,success,1,success_step1
10_15227_orgsyn_084_0317m,37,0.0,False,False,spectra,react,success,1,success_step1
22_22222_orgsyn_222_2222,16,1.0,True,False,spectra,react,success,1,success_step1
22_22222_orgsyn_222_2222,17,0.0,False,False,spectra,react,success,1,success_step1
22_22222_orgsyn_222_2222,18,0.0,False,False,spectra,react,success,1,success_step1
22_22222_orgsyn_222_2222,19,1.0,True,False,spectra,react,success,1,success_step1
22_22222_orgsyn_222_2222,20,0.0,False,False,spectra,react,success,1,success_step1
22_22222_orgsyn_222_2222,21,0.0,False,False,spectra,react,success,1,success_step1
22_22222_orgsyn_222_2222,22,1.0,True,False,spectra,react,success,1,success_step1
22_22222_orgsyn_222_2222,25,0.0,False,False,spectra,react,success,1,success_step1
22_22222_orgsyn_222_2222,26,1.0,True,False,spectra,react,success,1,success_step1
22_22222_orgsyn_222_2222,29,0.0,False,False,spectra,react,success,1,success_step1
22_22222_orgsyn_222_2222,31,0.0,False,False,spectra,react,success,1,success_step1
22_22222_orgsyn_222_2222,33,0.0,False,False,spectra,react,success,1,success_step1
22_22222_orgsyn_222_2222,35,0.0,False,False,spectra,react,success,1,success_step1
22_22222_orgsyn_222_2222,36,1.0,True,False,spectra,react,success,1,success_step1
22_22222_orgsyn_222_2222,38,0.0,False,False,spectra,react,success,1,success_step1
77_77777_orgsyn_777_7777,16,1.0,True,False,spectra,react,success,1,success_step1
77_77777_orgsyn_777_7777,17,1.0,True,False,spectra,react,success,1,success_step1
77_77777_orgsyn_777_7777,18,0.0,False,False,spectra,react,success,1,success_step1
77_77777_orgsyn_777_7777,19,0.0,False,False,spectra,react,success,1,success_step1
77_77777_orgsyn_777_7777,20,0.0,False,False,spectra,react,success,1,success_step1
77_77777_orgsyn_777_7777,21,1.0,True,False,spectra,react,success,1,success_step1
77_77777_orgsyn_777_7777,23,1.0,True,False,spectra,react,success,1,success_step1
77_77777_orgsyn_777_7777,25,0.0,False,False,spectra,react,success,1,success_step1
77_77777_orgsyn_777_7777,26,1.0,True,False,spectra,react,success,1,success_step1
77_77777_orgsyn_777_7777,29,0.0,False,False,spectra,react,success,1,success_step1
77_77777_orgsyn_777_7777,30,0.0,False,False,spectra,react,success,1,success_step1
77_77777_orgsyn_777_7777,32,0.0,False,False,spectra,react,success,1,success_step1
77_77777_orgsyn_777_7777,34,0.0,False,False,spectra,react,success,1,success_step1
77_77777_orgsyn_777_7777,36,0.0,False,False,spectra,react,success,1,success_step1
77_77777_orgsyn_777_7777,37,1.0,True,False,spectra,react,success,1,success_step1
10_15227_orgsyn_084_0011_sub2,47,0.0,False,False,spectra,react,success,2,success_step2
10_15227_orgsyn_084_0011_sub2,48,1.0,True,False,spectra,react,success,2,success_step2
10_15227_orgsyn_084_0011_sub2,49,1.0,True,False,spectra,react,success,2,success_step2
10_15227_orgsyn_084_0011_sub2,51,1.0,True,False,spectra,react,success,2,success_step2
10_15227_orgsyn_084_0011_sub2,52,1.0,True,False,spectra,react,success,2,success_step2
10_15227_orgsyn_084_0011_sub2,55,0.0,False,False,spectra,react,success,2,success_step2
10_15227_orgsyn_084_0011_sub2,56,0.0,False,False,spectra,react,success,2,success_step2
10_15227_orgsyn_084_0011_sub2,58,1.0,True,False,spectra,react,success,2,success_step2
10_15227_orgsyn_084_0011_sub2,60,1.0,True,False,spectra,react,success,2,success_step2
10_15227_orgsyn_084_0011_sub2,62,1.0,True,False,spectra,react,success,2,success_step2
10_15227_orgsyn_084_0011_sub2,64,0.0,False,False,spectra,react,success,2,success_step2
10_15227_orgsyn_084_0011_sub2,65,0.0,False,False,spectra,react,success,2,success_step2
10_15227_orgsyn_084_0011_sub2,67,1.0,True,False,spectra,react,success,2,success_step2
10_15227_orgsyn_084_0011_sub2,68,1.0,True,False,spectra,react,success,2,success_step2
10_15227_orgsyn_084_0011_sub2,71,1.0,True,False,spectra,react,success,2,success_step2
10_15227_orgsyn_084_0077,46,1.0,True,False,spectra,react,success,2,success_step2
10_15227_orgsyn_084_0077,47,1.0,True,False,spectra,react,success,2,success_step2
10_15227_orgsyn_084_0077,48,1.0,True,False,spectra,react,success,2,success_step2
10_15227_orgsyn_084_0077,49,1.0,True,False,spectra,react,success,2,success_step2
10_15227_orgsyn_084_0077,50,1.0,True,False,spectra,react,success,2,success_step2
10_15227_orgsyn_084_0077,51,0.0,False,False,spectra,react,success,2,success_step2
10_15227_orgsyn_084_0077,52,0.0,False,False,spectra,react,success,2,success_step2
10_15227_orgsyn_084_0077,53,1.0,True,False,spectra,react,success,2,success_step2
10_15227_orgsyn_084_0077,55,1.0,True,False,spectra,react,success,2,success_step2
10_15227_orgsyn_084_0077,57,1.0,True,False,spectra,react,success,2,success_step2
10_15227_orgsyn_084_0077,58,1.0,True,False,spectra,react,success,2,success_step2
10_15227_orgsyn_084_0077,60,1.0,True,False,spectra,react,success,2,success_step2
10_15227_orgsyn_084_0077,62,1.0,True,False,spectra,react,success,2,success_step2
10_15227_orgsyn_084_0077,66,1.0,True,False,spectra,react,success,2,success_step2
10_15227_orgsyn_084_0077,67,1.0,True,False,spectra,react,success,2,success_step2
10_15227_orgsyn_084_0317m,46,0.0,False,False,spectra,react,success,2,success_step2
10_15227_orgsyn_084_0317m,47,0.0,False,False,spectra,react,success,2,success_step2
10_15227_orgsyn_084_0317m,48,0.0,False,False,spectra,react,success,2,success_step2
10_15227_orgsyn_084_0317m,49,1.0,True,False,spectra,react,success,2,success_step2
10_15227_orgsyn_084_0317m,50,0.0,False,False,spectra,react,success,2,success_step2
10_15227_orgsyn_084_0317m,51,0.0,False,False,spectra,react,success,2,success_step2
10_15227_orgsyn_084_0317m,52,0.0,False,False,spectra,react,success,2,success_step2
10_15227_orgsyn_084_0317m,53,0.0,False,False,spectra,react,success,2,success_step2
10_15227_orgsyn_084_0317m,54,0.0,False,False,spectra,react,success,2,success_step2
10_15227_orgsyn_084_0317m,56,0.0,False,False,spectra,react,success,2,success_step2
10_15227_orgsyn_084_0317m,58,0.0,False,False,spectra,react,success,2,success_step2
10_15227_orgsyn_084_0317m,60,0.0,False,False,spectra,react,success,2,success_step2
10_15227_orgsyn_084_0317m,61,0.0,False,False,spectra,react,success,2,success_step2
10_15227_orgsyn_084_0317m,63,0.0,False,False,spectra,react,success,2,success_step2
10_15227_orgsyn_084_0317m,65,0.0,False,False,spectra,react,success,2,success_step2
22_22222_orgsyn_222_2222,46,0.0,False,False,spectra,react,success,2,success_step2
22_22222_orgsyn_222_2222,47,1.0,True,False,spectra,react,success,2,success_step2
22_22222_orgsyn_222_2222,48,0.0,False,False,spectra,react,success,2,success_step2
22_22222_orgsyn_222_2222,49,1.0,True,False,spectra,react,success,2,success_step2
22_22222_orgsyn_222_2222,50,0.0,False,False,spectra,react,success,2,success_step2
22_22222_orgsyn_222_2222,51,1.0,True,False,spectra,react,success,2,success_step2
22_22222_orgsyn_222_2222,53,1.0,True,False,spectra,react,success,2,success_step2
22_22222_orgsyn_222_2222,55,0.0,False,False,spectra,react,success,2,success_step2
22_22222_orgsyn_222_2222,59,0.0,False,False,spectra,react,success,2,success_step2
22_22222_orgsyn_222_2222,61,0.0,False,False,spectra,react,success,2,success_step2
22_22222_orgsyn_222_2222,63,0.0,False,False,spectra,react,success,2,success_step2
22_22222_orgsyn_222_2222,64,0.0,False,False,spectra,react,success,2,success_step2
22_22222_orgsyn_222_2222,67,0.0,False,False,spectra,react,success,2,success_step2
22_22222_orgsyn_222_2222,70,0.0,False,False,spectra,react,success,2,success_step2
22_22222_orgsyn_222_2222,71,0.0,False,False,spectra,react,success,2,success_step2
77_77777_orgsyn_777_7777,46,1.0,True,False,spectra,react,success,2,success_step2
77_77777_orgsyn_777_7777,47,1.0,True,False,spectra,react,success,2,success_step2
77_77777_orgsyn_777_7777,48,0.0,False,False,spectra,react,success,2,success_step2
77_77777_orgsyn_777_7777,49,0.0,False,False,spectra,react,success,2,success_step2
77_77777_orgsyn_777_7777,50,0.0,False,False,spectra,react,success,2,success_step2
77_77777_orgsyn_777_7777,51,1.0,True,False,spectra,react,success,2,success_step2
77_77777_orgsyn_777_7777,52,0.0,False,False,spectra,react,success,2,success_step2
77_77777_orgsyn_777_7777,54,0.0,False,False,spectra,react,success,2,success_step2
77_77777_orgsyn_777_7777,56,1.0,True,False,spectra,react,success,2,success_step2
77_77777_orgsyn_777_7777,57,0.0,False,False,spectra,react,success,2,success_step2
77_77777_orgsyn_777_7777,58,0.0,False,False,spectra,react,success,2,success_step2
77_77777_orgsyn_777_7777,60,0.0,False,False,spectra,react,success,2,success_step2
77_77777_orgsyn_777_7777,63,0.0,False,False,spectra,react,success,2,success_step2
77_77777_orgsyn_777_7777,64,0.0,False,False,spectra,react,success,2,success_step2
77_77777_orgsyn_777_7777,66,1.0,True,False,spectra,react,success,2,success_step2
10_15227_orgsyn_084_0011_sub2,76,1.0,True,False,spectra,react,success,-1,success_stepn1
10_15227_orgsyn_084_0011_sub2,78,1.0,True,False,spectra,react,success,-1,success_stepn1
10_15227_orgsyn_084_0011_sub2,79,1.0,True,False,spectra,react,success,-1,success_stepn1
10_15227_orgsyn_084_0011_sub2,80,1.0,True,False,spectra,react,success,-1,success_stepn1
10_15227_orgsyn_084_0011_sub2,81,1.0,True,False,spectra,react,success,-1,success_stepn1
10_15227_orgsyn_084_0011_sub2,83,1.0,True,False,spectra,react,success,-1,success_stepn1
10_15227_orgsyn_084_0011_sub2,84,1.0,True,False,spectra,react,success,-1,success_stepn1
10_15227_orgsyn_084_0011_sub2,85,1.0,True,False,spectra,react,success,-1,success_stepn1
10_15227_orgsyn_084_0011_sub2,87,1.0,True,False,spectra,react,success,-1,success_stepn1
10_15227_orgsyn_084_0011_sub2,88,1.0,True,False,spectra,react,success,-1,success_stepn1
10_15227_orgsyn_084_0011_sub2,89,1.0,True,False,spectra,react,success,-1,success_stepn1
10_15227_orgsyn_084_0011_sub2,90,1.0,True,False,spectra,react,success,-1,success_stepn1
10_15227_orgsyn_084_0011_sub2,92,1.0,True,False,spectra,react,success,-1,success_stepn1
10_15227_orgsyn_084_0011_sub2,93,1.0,True,False,spectra,react,success,-1,success_stepn1
10_15227_orgsyn_084_0011_sub2,95,1.0,True,False,spectra,react,success,-1,success_stepn1
10_15227_orgsyn_084_0077,76,1.0,True,False,spectra,react,success,-1,success_stepn1
10_15227_orgsyn_084_0077,77,1.0,True,False,spectra,react,success,-1,success_stepn1
10_15227_orgsyn_084_0077,78,1.0,True,False,spectra,react,success,-1,success_stepn1
10_15227_orgsyn_084_0077,79,1.0,True,False,spectra,react,success,-1,success_stepn1
10_15227_orgsyn_084_0077,80,1.0,True,False,spectra,react,success,-1,success_stepn1
10_15227_orgsyn_084_0077,81,1.0,True,False,spectra,react,success,-1,success_stepn1
10_15227_orgsyn_084_0077,82,1.0,True,False,spectra,react,success,-1,success_stepn1
10_15227_orgsyn_084_0077,83,1.0,True,False,spectra,react,success,-1,success_stepn1
10_15227_orgsyn_084_0077,84,1.0,True,False,spectra,react,success,-1,success_stepn1
10_15227_orgsyn_084_0077,85,1.0,True,False,spectra,react,success,-1,success_stepn1
10_15227_orgsyn_084_0077,86,1.0,True,False,spectra,react,success,-1,success_stepn1
10_15227_orgsyn_084_0077,87,1.0,True,False,spectra,react,success,-1,success_stepn1
10_15227_orgsyn_084_0077,88,1.0,True,False,spectra,react,success,-1,success_stepn1
10_15227_orgsyn_084_0077,89,1.0,True,False,spectra,react,success,-1,success_stepn1
10_15227_orgsyn_084_0077,90,1.0,True,False,spectra,react,success,-1,success_stepn1
10_15227_orgsyn_084_0317m,76,1.0,True,False,spectra,react,success,-1,success_stepn1
10_15227_orgsyn_084_0317m,77,1.0,True,False,spectra,react,success,-1,success_stepn1
10_15227_orgsyn_084_0317m,78,1.0,True,False,spectra,react,success,-1,success_stepn1
10_15227_orgsyn_084_0317m,79,1.0,True,False,spectra,react,success,-1,success_stepn1
10_15227_orgsyn_084_0317m,80,1.0,True,False,spectra,react,success,-1,success_stepn1
10_15227_orgsyn_084_0317m,81,1.0,True,False,spectra,react,success,-1,success_stepn1
10_15227_orgsyn_084_0317m,82,1.0,True,False,spectra,react,success,-1,success_stepn1
10_15227_orgsyn_084_0317m,83,1.0,True,False,spectra,react,success,-1,success_stepn1
10_15227_orgsyn_084_0317m,84,1.0,True,False,spectra,react,success,-1,success_stepn1
10_15227_orgsyn_084_0317m,85,1.0,True,False,spectra,react,success,-1,success_stepn1
10_15227_orgsyn_084_0317m,86,1.0,True,False,spectra,react,success,-1,success_stepn1
10_15227_orgsyn_084_0317m,87,1.0,True,False,spectra,react,success,-1,success_stepn1
10_15227_orgsyn_084_0317m,88,1.0,True,False,spectra,react,success,-1,success_stepn1
10_15227_orgsyn_084_0317m,89,1.0,True,False,spectra,react,success,-1,success_stepn1
10_15227_orgsyn_084_0317m,90,1.0,True,False,spectra,react,success,-1,success_stepn1
22_22222_orgsyn_222_2222,76,1.0,True,False,spectra,react,success,-1,success_stepn1
22_22222_orgsyn_222_2222,77,1.0,True,False,spectra,react,success,-1,success_stepn1
22_22222_orgsyn_222_2222,78,1.0,True,False,spectra,react,success,-1,success_stepn1
22_22222_orgsyn_222_2222,79,1.0,True,False,spectra,react,success,-1,success_stepn1
22_22222_orgsyn_222_2222,80,1.0,True,False,spectra,react,success,-1,success_stepn1
22_22222_orgsyn_222_2222,81,1.0,True,False,spectra,react,success,-1,success_stepn1
22_22222_orgsyn_222_2222,82,1.0,True,False,spectra,react,success,-1,success_stepn1
22_22222_orgsyn_222_2222,83,1.0,True,False,spectra,react,success,-1,success_stepn1
22_22222_orgsyn_222_2222,84,1.0,True,False,spectra,react,success,-1,success_stepn1
22_22222_orgsyn_222_2222,85,1.0,True,False,spectra,react,success,-1,success_stepn1
22_22222_orgsyn_222_2222,86,1.0,True,False,spectra,react,success,-1,success_stepn1
22_22222_orgsyn_222_2222,87,1.0,True,False,spectra,react,success,-1,success_stepn1
22_22222_orgsyn_222_2222,88,1.0,True,False,spectra,react,success,-1,success_stepn1
22_22222_orgsyn_222_2222,89,1.0,True,False,spectra,react,success,-1,success_stepn1
22_22222_orgsyn_222_2222,90,1.0,True,False,spectra,react,success,-1,success_stepn1
77_77777_orgsyn_777_7777,76,1.0,True,False,spectra,react,success,-1,success_stepn1
77_77777_orgsyn_777_7777,77,1.0,True,False,spectra,react,success,-1,success_stepn1
77_77777_orgsyn_777_7777,78,1.0,True,False,spectra,react,success,-1,success_stepn1
77_77777_orgsyn_777_7777,79,1.0,True,False,spectra,react,success,-1,success_stepn1
77_77777_orgsyn_777_7777,80,1.0,True,False,spectra,react,success,-1,success_stepn1
77_77777_orgsyn_777_7777,81,1.0,True,False,spectra,react,success,-1,success_stepn1
77_77777_orgsyn_777_7777,82,1.0,True,False,spectra,react,success,-1,success_stepn1
77_77777_orgsyn_777_7777,83,1.0,True,False,spectra,react,success,-1,success_stepn1
77_77777_orgsyn_777_7777,84,1.0,True,False,spectra,react,success,-1,success_stepn1
77_77777_orgsyn_777_7777,85,1.0,True,False,spectra,react,success,-1,success_stepn1
77_77777_orgsyn_777_7777,86,1.0,True,False,spectra,react,success,-1,success_stepn1
77_77777_orgsyn_777_7777,87,1.0,True,False,spectra,react,success,-1,success_stepn1
77_77777_orgsyn_777_7777,88,1.0,True,False,spectra,react,success,-1,success_stepn1
77_77777_orgsyn_777_7777,89,1.0,True,False,spectra,react,success,-1,success_stepn1
77_77777_orgsyn_777_7777,90,1.0,True,False,spectra,react,success,-1,success_stepn1
10_15227_orgsyn_084_0011_sub2,106,1.0,True,False,spectra,react,success,-2,success_stepn2
10_15227_orgsyn_084_0011_sub2,107,1.0,True,False,spectra,react,success,-2,success_stepn2
10_15227_orgsyn_084_0011_sub2,108,1.0,True,False,spectra,react,success,-2,success_stepn2
10_15227_orgsyn_084_0011_sub2,109,1.0,True,False,spectra,react,success,-2,success_stepn2
10_15227_orgsyn_084_0011_sub2,111,1.0,True,False,spectra,react,success,-2,success_stepn2
10_15227_orgsyn_084_0011_sub2,112,1.0,True,False,spectra,react,success,-2,success_stepn2
10_15227_orgsyn_084_0011_sub2,113,1.0,True,False,spectra,react,success,-2,success_stepn2
10_15227_orgsyn_084_0011_sub2,114,1.0,True,False,spectra,react,success,-2,success_stepn2
10_15227_orgsyn_084_0011_sub2,116,1.0,True,False,spectra,react,success,-2,success_stepn2
10_15227_orgsyn_084_0011_sub2,117,1.0,True,False,spectra,react,success,-2,success_stepn2
10_15227_orgsyn_084_0011_sub2,118,1.0,True,False,spectra,react,success,-2,success_stepn2
10_15227_orgsyn_084_0011_sub2,120,1.0,True,False,spectra,react,success,-2,success_stepn2
10_15227_orgsyn_084_0011_sub2,121,1.0,True,False,spectra,react,success,-2,success_stepn2
10_15227_orgsyn_084_0011_sub2,122,1.0,True,False,spectra,react,success,-2,success_stepn2
10_15227_orgsyn_084_0011_sub2,124,1.0,True,False,spectra,react,success,-2,success_stepn2
10_15227_orgsyn_084_0077,106,1.0,True,False,spectra,react,success,-2,success_stepn2
10_15227_orgsyn_084_0077,107,1.0,True,False,spectra,react,success,-2,success_stepn2
10_15227_orgsyn_084_0077,108,1.0,True,False,spectra,react,success,-2,success_stepn2
10_15227_orgsyn_084_0077,109,1.0,True,False,spectra,react,success,-2,success_stepn2
10_15227_orgsyn_084_0077,110,1.0,True,False,spectra,react,success,-2,success_stepn2
10_15227_orgsyn_084_0077,111,1.0,True,False,spectra,react,success,-2,success_stepn2
10_15227_orgsyn_084_0077,112,1.0,True,False,spectra,react,success,-2,success_stepn2
10_15227_orgsyn_084_0077,113,1.0,True,False,spectra,react,success,-2,success_stepn2
10_15227_orgsyn_084_0077,114,1.0,True,False,spectra,react,success,-2,success_stepn2
10_15227_orgsyn_084_0077,115,1.0,True,False,spectra,react,success,-2,success_stepn2
10_15227_orgsyn_084_0077,116,1.0,True,False,spectra,react,success,-2,success_stepn2
10_15227_orgsyn_084_0077,117,1.0,True,False,spectra,react,success,-2,success_stepn2
10_15227_orgsyn_084_0077,118,1.0,True,False,spectra,react,success,-2,success_stepn2
10_15227_orgsyn_084_0077,119,1.0,True,False,spectra,react,success,-2,success_stepn2
10_15227_orgsyn_084_0077,120,1.0,True,False,spectra,react,success,-2,success_stepn2
10_15227_orgsyn_084_0317m,106,1.0,True,False,spectra,react,success,-2,success_stepn2
10_15227_orgsyn_084_0317m,107,1.0,True,False,spectra,react,success,-2,success_stepn2
10_15227_orgsyn_084_0317m,108,1.0,True,False,spectra,react,success,-2,success_stepn2
10_15227_orgsyn_084_0317m,109,1.0,True,False,spectra,react,success,-2,success_stepn2
10_15227_orgsyn_084_0317m,110,1.0,True,False,spectra,react,success,-2,success_stepn2
10_15227_orgsyn_084_0317m,111,1.0,True,False,spectra,react,success,-2,success_stepn2
10_15227_orgsyn_084_0317m,112,1.0,True,False,spectra,react,success,-2,success_stepn2
10_15227_orgsyn_084_0317m,113,1.0,True,False,spectra,react,success,-2,success_stepn2
10_15227_orgsyn_084_0317m,114,1.0,True,False,spectra,react,success,-2,success_stepn2
10_15227_orgsyn_084_0317m,115,1.0,True,False,spectra,react,success,-2,success_stepn2
10_15227_orgsyn_084_0317m,116,1.0,True,False,spectra,react,success,-2,success_stepn2
10_15227_orgsyn_084_0317m,117,1.0,True,False,spectra,react,success,-2,success_stepn2
10_15227_orgsyn_084_0317m,118,1.0,True,False,spectra,react,success,-2,success_stepn2
10_15227_orgsyn_084_0317m,119,1.0,True,False,spectra,react,success,-2,success_stepn2
10_15227_orgsyn_084_0317m,120,1.0,True,False,spectra,react,success,-2,success_stepn2
22_22222_orgsyn_222_2222,106,1.0,True,False,spectra,react,success,-2,success_stepn2
22_22222_orgsyn_222_2222,107,1.0,True,False,spectra,react,success,-2,success_stepn2
22_22222_orgsyn_222_2222,108,1.0,True,False,spectra,react,success,-2,success_stepn2
22_22222_orgsyn_222_2222,109,1.0,True,False,spectra,react,success,-2,success_stepn2
22_22222_orgsyn_222_2222,110,1.0,True,False,spectra,react,success,-2,success_stepn2
22_22222_orgsyn_222_2222,111,1.0,True,False,spectra,react,success,-2,success_stepn2
22_22222_orgsyn_222_2222,112,1.0,True,False,spectra,react,success,-2,success_stepn2
22_22222_orgsyn_222_2222,113,1.0,True,False,spectra,react,success,-2,success_stepn2
22_22222_orgsyn_222_2222,114,1.0,True,False,spectra,react,success,-2,success_stepn2
22_22222_orgsyn_222_2222,115,1.0,True,False,spectra,react,success,-2,success_stepn2
22_22222_orgsyn_222_2222,116,1.0,True,False,spectra,react,success,-2,success_stepn2
22_22222_orgsyn_222_2222,117,1.0,True,False,spectra,react,success,-2,success_stepn2
22_22222_orgsyn_222_2222,118,1.0,True,False,spectra,react,success,-2,success_stepn2
22_22222_orgsyn_222_2222,119,1.0,True,False,spectra,react,success,-2,success_stepn2
22_22222_orgsyn_222_2222,120,1.0,True,False,spectra,react,success,-2,success_stepn2
77_77777_orgsyn_777_7777,106,1.0,True,False,spectra,react,success,-2,success_stepn2
77_77777_orgsyn_777_7777,107,1.0,True,False,spectra,react,success,-2,success_stepn2
77_77777_orgsyn_777_7777,108,1.0,True,False,spectra,react,success,-2,success_stepn2
77_77777_orgsyn_777_7777,109,1.0,True,False,spectra,react,success,-2,success_stepn2
77_77777_orgsyn_777_7777,110,1.0,True,False,spectra,react,success,-2,success_stepn2
77_77777_orgsyn_777_7777,111,1.0,True,False,spectra,react,success,-2,success_stepn2
77_77777_orgsyn_777_7777,112,1.0,True,False,spectra,react,success,-2,success_stepn2
77_77777_orgsyn_777_7777,113,1.0,True,False,spectra,react,success,-2,success_stepn2
77_77777_orgsyn_777_7777,114,1.0,True,False,spectra,react,success,-2,success_stepn2
77_77777_orgsyn_777_7777,115,1.0,True,False,spectra,react,success,-2,success_stepn2
77_77777_orgsyn_777_7777,116,1.0,True,False,spectra,react,success,-2,success_stepn2
77_77777_orgsyn_777_7777,117,1.0,True,False,spectra,react,success,-2,success_stepn2
77_77777_orgsyn_777_7777,118,1.0,True,False,spectra,react,success,-2,success_stepn2
77_77777_orgsyn_777_7777,119,1.0,True,False,spectra,react,success,-2,success_stepn2
77_77777_orgsyn_777_7777,120,1.0,True,False,spectra,react,success,-2,success_stepn2
10_15227_orgsyn_084_0011_sub2,1,0.0,False,False,spectra,toolcalling,none,0,baseline
10_15227_orgsyn_084_0011_sub2,2,1.0,True,False,spectra,toolcalling,none,0,baseline
10_15227_orgsyn_084_0011_sub2,3,1.0,True,False,spectra,toolcalling,none,0,baseline
10_15227_orgsyn_084_0011_sub2,4,1.0,True,False,spectra,toolcalling,none,0,baseline
10_15227_orgsyn_084_0011_sub2,5,1.0,True,False,spectra,toolcalling,none,0,baseline
10_15227_orgsyn_084_0011_sub2,6,0.0,False,False,spectra,toolcalling,none,0,baseline
10_15227_orgsyn_084_0011_sub2,7,0.0,False,False,spectra,toolcalling,none,0,baseline
10_15227_orgsyn_084_0011_sub2,8,0.0,False,False,spectra,toolcalling,none,0,baseline
10_15227_orgsyn_084_0011_sub2,9,1.0,True,False,spectra,toolcalling,none,0,baseline
10_15227_orgsyn_084_0011_sub2,10,1.0,True,False,spectra,toolcalling,none,0,baseline
10_15227_orgsyn_084_0011_sub2,11,0.0,False,False,spectra,toolcalling,none,0,baseline
10_15227_orgsyn_084_0011_sub2,12,0.0,False,False,spectra,toolcalling,none,0,baseline
10_15227_orgsyn_084_0011_sub2,13,1.0,True,False,spectra,toolcalling,none,0,baseline
10_15227_orgsyn_084_0011_sub2,14,1.0,True,False,spectra,toolcalling,none,0,baseline
10_15227_orgsyn_084_0011_sub2,15,0.0,False,False,spectra,toolcalling,none,0,baseline
10_15227_orgsyn_084_0077,1,1.0,True,False,spectra,toolcalling,none,0,baseline
10_15227_orgsyn_084_0077,2,1.0,True,False,spectra,toolcalling,none,0,baseline
10_15227_orgsyn_084_0077,3,1.0,True,False,spectra,toolcalling,none,0,baseline
10_15227_orgsyn_084_0077,4,0.0,False,False,spectra,toolcalling,none,0,baseline
10_15227_orgsyn_084_0077,5,1.0,True,False,spectra,toolcalling,none,0,baseline
10_15227_orgsyn_084_0077,6,0.0,False,False,spectra,toolcalling,none,0,baseline
10_15227_orgsyn_084_0077,7,0.0,False,False,spectra,toolcalling,none,0,baseline
10_15227_orgsyn_084_0077,8,1.0,True,False,spectra,toolcalling,none,0,baseline
10_15227_orgsyn_084_0077,9,1.0,True,False,spectra,toolcalling,none,0,baseline
10_15227_orgsyn_084_0077,10,1.0,True,False,spectra,toolcalling,none,0,baseline
10_15227_orgsyn_084_0077,11,1.0,True,False,spectra,toolcalling,none,0,baseline
10_15227_orgsyn_084_0077,12,1.0,True,False,spectra,toolcalling,none,0,baseline
10_15227_orgsyn_084_0077,13,1.0,True,False,spectra,toolcalling,none,0,baseline
10_15227_orgsyn_084_0077,14,1.0,True,False,spectra,toolcalling,none,0,baseline
10_15227_orgsyn_084_0077,15,0.0,False,False,spectra,toolcalling,none,0,baseline
10_15227_orgsyn_084_0317m,1,0.0,False,False,spectra,toolcalling,none,0,baseline
10_15227_orgsyn_084_0317m,2,0.0,False,False,spectra,toolcalling,none,0,baseline
10_15227_orgsyn_084_0317m,3,0.0,False,False,spectra,toolcalling,none,0,baseline
10_15227_orgsyn_084_0317m,4,0.0,False,False,spectra,toolcalling,none,0,baseline
10_15227_orgsyn_084_0317m,5,0.0,False,False,spectra,toolcalling,none,0,baseline
10_15227_orgsyn_084_0317m,6,0.0,False,False,spectra,toolcalling,none,0,baseline
10_15227_orgsyn_084_0317m,7,0.0,False,False,spectra,toolcalling,none,0,baseline
10_15227_orgsyn_084_0317m,8,0.0,False,False,spectra,toolcalling,none,0,baseline
10_15227_orgsyn_084_0317m,9,1.0,True,False,spectra,toolcalling,none,0,baseline
10_15227_orgsyn_084_0317m,10,0.0,False,False,spectra,toolcalling,none,0,baseline
10_15227_orgsyn_084_0317m,11,0.0,False,False,spectra,toolcalling,none,0,baseline
10_15227_orgsyn_084_0317m,12,0.0,False,False,spectra,toolcalling,none,0,baseline
10_15227_orgsyn_084_0317m,13,0.0,False,False,spectra,toolcalling,none,0,baseline
10_15227_orgsyn_084_0317m,14,0.0,False,False,spectra,toolcalling,none,0,baseline
10_15227_orgsyn_084_0317m,15,0.0,False,False,spectra,toolcalling,none,0,baseline
22_22222_orgsyn_222_2222,1,0.0,False,False,spectra,toolcalling,none,0,baseline
22_22222_orgsyn_222_2222,2,1.0,True,False,spectra,toolcalling,none,0,baseline
22_22222_orgsyn_222_2222,3,0.0,False,False,spectra,toolcalling,none,0,baseline
22_22222_orgsyn_222_2222,4,0.0,False,False,spectra,toolcalling,none,0,baseline
22_22222_orgsyn_222_2222,5,0.0,False,False,spectra,toolcalling,none,0,baseline
22_22222_orgsyn_222_2222,6,0.0,False,False,spectra,toolcalling,none,0,baseline
22_22222_orgsyn_222_2222,7,0.0,False,False,spectra,toolcalling,none,0,baseline
22_22222_orgsyn_222_2222,8,0.0,False,False,spectra,toolcalling,none,0,baseline
22_22222_orgsyn_222_2222,9,0.0,False,False,spectra,toolcalling,none,0,baseline
22_22222_orgsyn_222_2222,10,0.0,False,False,spectra,toolcalling,none,0,baseline
22_22222_orgsyn_222_2222,11,0.0,False,False,spectra,toolcalling,none,0,baseline
22_22222_orgsyn_222_2222,12,0.0,False,False,spectra,toolcalling,none,0,baseline
22_22222_orgsyn_222_2222,13,0.0,False,False,spectra,toolcalling,none,0,baseline
22_22222_orgsyn_222_2222,14,0.0,False,False,spectra,toolcalling,none,0,baseline
22_22222_orgsyn_222_2222,15,0.0,False,False,spectra,toolcalling,none,0,baseline
77_77777_orgsyn_777_7777,1,1.0,True,False,spectra,toolcalling,none,0,baseline
77_77777_orgsyn_777_7777,2,1.0,True,False,spectra,toolcalling,none,0,baseline
77_77777_orgsyn_777_7777,3,1.0,True,False,spectra,toolcalling,none,0,baseline
77_77777_orgsyn_777_7777,4,1.0,True,False,spectra,toolcalling,none,0,baseline
77_77777_orgsyn_777_7777,5,1.0,True,False,spectra,toolcalling,none,0,baseline
77_77777_orgsyn_777_7777,6,1.0,True,False,spectra,toolcalling,none,0,baseline
77_77777_orgsyn_777_7777,7,1.0,True,False,spectra,toolcalling,none,0,baseline
77_77777_orgsyn_777_7777,8,0.0,False,False,spectra,toolcalling,none,0,baseline
77_77777_orgsyn_777_7777,9,0.0,False,False,spectra,toolcalling,none,0,baseline
77_77777_orgsyn_777_7777,10,1.0,True,False,spectra,toolcalling,none,0,baseline
77_77777_orgsyn_777_7777,11,0.0,False,False,spectra,toolcalling,none,0,baseline
77_77777_orgsyn_777_7777,12,0.0,False,False,spectra,toolcalling,none,0,baseline
77_77777_orgsyn_777_7777,13,1.0,True,False,spectra,toolcalling,none,0,baseline
77_77777_orgsyn_777_7777,14,0.0,False,False,spectra,toolcalling,none,0,baseline
77_77777_orgsyn_777_7777,15,0.0,False,False,spectra,toolcalling,none,0,baseline
10_15227_orgsyn_084_0011_sub2,16,1.0,True,False,spectra,toolcalling,failed,1,failed_step1
10_15227_orgsyn_084_0011_sub2,18,0.0,False,False,spectra,toolcalling,failed,1,failed_step1
10_15227_orgsyn_084_0011_sub2,20,0.0,False,False,spectra,toolcalling,failed,1,failed_step1
10_15227_orgsyn_084_0011_sub2,22,1.0,True,False,spectra,toolcalling,failed,1,failed_step1
10_15227_orgsyn_084_0011_sub2,23,1.0,True,False,spectra,toolcalling,failed,1,failed_step1
10_15227_orgsyn_084_0011_sub2,24,1.0,True,False,spectra,toolcalling,failed,1,failed_step1
10_15227_orgsyn_084_0011_sub2,27,1.0,True,False,spectra,toolcalling,failed,1,failed_step1
10_15227_orgsyn_084_0011_sub2,29,0.0,False,False,spectra,toolcalling,failed,1,failed_step1
10_15227_orgsyn_084_0011_sub2,31,0.0,False,False,spectra,toolcalling,failed,1,failed_step1
10_15227_orgsyn_084_0011_sub2,32,1.0,True,False,spectra,toolcalling,failed,1,failed_step1
10_15227_orgsyn_084_0011_sub2,35,0.0,False,False,spectra,toolcalling,failed,1,failed_step1
10_15227_orgsyn_084_0011_sub2,37,0.0,False,False,spectra,toolcalling,failed,1,failed_step1
10_15227_orgsyn_084_0011_sub2,38,1.0,True,False,spectra,toolcalling,failed,1,failed_step1
10_15227_orgsyn_084_0011_sub2,41,0.0,False,False,spectra,toolcalling,failed,1,failed_step1
10_15227_orgsyn_084_0011_sub2,43,0.0,False,False,spectra,toolcalling,failed,1,failed_step1
10_15227_orgsyn_084_0077,16,1.0,True,False,spectra,toolcalling,failed,1,failed_step1
10_15227_orgsyn_084_0077,17,1.0,True,False,spectra,toolcalling,failed,1,failed_step1
10_15227_orgsyn_084_0077,18,1.0,True,False,spectra,toolcalling,failed,1,failed_step1
10_15227_orgsyn_084_0077,19,1.0,True,False,spectra,toolcalling,failed,1,failed_step1
10_15227_orgsyn_084_0077,20,0.0,False,False,spectra,toolcalling,failed,1,failed_step1
10_15227_orgsyn_084_0077,21,1.0,True,False,spectra,toolcalling,failed,1,failed_step1
10_15227_orgsyn_084_0077,22,1.0,True,False,spectra,toolcalling,failed,1,failed_step1
10_15227_orgsyn_084_0077,25,0.0,False,False,spectra,toolcalling,failed,1,failed_step1
10_15227_orgsyn_084_0077,29,0.0,False,False,spectra,toolcalling,failed,1,failed_step1
10_15227_orgsyn_084_0077,30,0.0,False,False,spectra,toolcalling,failed,1,failed_step1
10_15227_orgsyn_084_0077,33,0.0,False,False,spectra,toolcalling,failed,1,failed_step1
10_15227_orgsyn_084_0077,35,1.0,True,False,spectra,toolcalling,failed,1,failed_step1
10_15227_orgsyn_084_0077,38,0.0,False,False,spectra,toolcalling,failed,1,failed_step1
10_15227_orgsyn_084_0077,39,1.0,True,False,spectra,toolcalling,failed,1,failed_step1
10_15227_orgsyn_084_0077,41,1.0,True,False,spectra,toolcalling,failed,1,failed_step1
10_15227_orgsyn_084_0317m,16,0.0,False,False,spectra,toolcalling,failed,1,failed_step1
10_15227_orgsyn_084_0317m,17,0.0,False,False,spectra,toolcalling,failed,1,failed_step1
10_15227_orgsyn_084_0317m,18,0.0,False,False,spectra,toolcalling,failed,1,failed_step1
10_15227_orgsyn_084_0317m,19,0.0,False,False,spectra,toolcalling,failed,1,failed_step1
10_15227_orgsyn_084_0317m,20,0.0,False,False,spectra,toolcalling,failed,1,failed_step1
10_15227_orgsyn_084_0317m,21,0.0,False,False,spectra,toolcalling,failed,1,failed_step1
10_15227_orgsyn_084_0317m,22,0.0,False,False,spectra,toolcalling,failed,1,failed_step1
10_15227_orgsyn_084_0317m,23,0.0,False,False,spectra,toolcalling,failed,1,failed_step1
10_15227_orgsyn_084_0317m,24,0.0,False,False,spectra,toolcalling,failed,1,failed_step1
10_15227_orgsyn_084_0317m,25,0.0,False,False,spectra,toolcalling,failed,1,failed_step1
10_15227_orgsyn_084_0317m,27,0.0,False,False,spectra,toolcalling,failed,1,failed_step1
10_15227_orgsyn_084_0317m,29,0.0,False,False,spectra,toolcalling,failed,1,failed_step1
10_15227_orgsyn_084_0317m,31,0.0,False,False,spectra,toolcalling,failed,1,failed_step1
10_15227_orgsyn_084_0317m,33,0.0,False,False,spectra,toolcalling,failed,1,failed_step1
10_15227_orgsyn_084_0317m,35,0.0,False,False,spectra,toolcalling,failed,1,failed_step1
22_22222_orgsyn_222_2222,16,0.0,False,False,spectra,toolcalling,failed,1,failed_step1
22_22222_orgsyn_222_2222,17,0.0,False,False,spectra,toolcalling,failed,1,failed_step1
22_22222_orgsyn_222_2222,18,0.0,False,False,spectra,toolcalling,failed,1,failed_step1
22_22222_orgsyn_222_2222,19,0.0,False,False,spectra,toolcalling,failed,1,failed_step1
22_22222_orgsyn_222_2222,20,0.0,False,False,spectra,toolcalling,failed,1,failed_step1
22_22222_orgsyn_222_2222,22,0.0,False,False,spectra,toolcalling,failed,1,failed_step1
22_22222_orgsyn_222_2222,24,0.0,False,False,spectra,toolcalling,failed,1,failed_step1
22_22222_orgsyn_222_2222,25,0.0,False,False,spectra,toolcalling,failed,1,failed_step1
22_22222_orgsyn_222_2222,26,0.0,False,False,spectra,toolcalling,failed,1,failed_step1
22_22222_orgsyn_222_2222,29,0.0,False,False,spectra,toolcalling,failed,1,failed_step1
22_22222_orgsyn_222_2222,30,0.0,False,False,spectra,toolcalling,failed,1,failed_step1
22_22222_orgsyn_222_2222,32,0.0,False,False,spectra,toolcalling,failed,1,failed_step1
22_22222_orgsyn_222_2222,34,1.0,True,False,spectra,toolcalling,failed,1,failed_step1
22_22222_orgsyn_222_2222,36,0.0,False,False,spectra,toolcalling,failed,1,failed_step1
22_22222_orgsyn_222_2222,37,0.0,False,False,spectra,toolcalling,failed,1,failed_step1
77_77777_orgsyn_777_7777,16,1.0,True,False,spectra,toolcalling,failed,1,failed_step1
77_77777_orgsyn_777_7777,17,1.0,True,False,spectra,toolcalling,failed,1,failed_step1
77_77777_orgsyn_777_7777,18,0.0,False,False,spectra,toolcalling,failed,1,failed_step1
77_77777_orgsyn_777_7777,19,1.0,True,False,spectra,toolcalling,failed,1,failed_step1
77_77777_orgsyn_777_7777,20,0.0,False,False,spectra,toolcalling,failed,1,failed_step1
77_77777_orgsyn_777_7777,21,1.0,True,False,spectra,toolcalling,failed,1,failed_step1
77_77777_orgsyn_777_7777,22,1.0,True,False,spectra,toolcalling,failed,1,failed_step1
77_77777_orgsyn_777_7777,23,0.0,False,False,spectra,toolcalling,failed,1,failed_step1
77_77777_orgsyn_777_7777,24,1.0,True,False,spectra,toolcalling,failed,1,failed_step1
77_77777_orgsyn_777_7777,25,0.0,False,False,spectra,toolcalling,failed,1,failed_step1
77_77777_orgsyn_777_7777,26,1.0,True,False,spectra,toolcalling,failed,1,failed_step1
77_77777_orgsyn_777_7777,27,1.0,True,False,spectra,toolcalling,failed,1,failed_step1
77_77777_orgsyn_777_7777,29,0.0,False,False,spectra,toolcalling,failed,1,failed_step1
77_77777_orgsyn_777_7777,30,1.0,True,False,spectra,toolcalling,failed,1,failed_step1
77_77777_orgsyn_777_7777,31,1.0,True,False,spectra,toolcalling,failed,1,failed_step1
10_15227_orgsyn_084_0011_sub2,47,0.0,False,False,spectra,toolcalling,failed,2,failed_step2
10_15227_orgsyn_084_0011_sub2,50,0.0,False,False,spectra,toolcalling,failed,2,failed_step2
10_15227_orgsyn_084_0011_sub2,52,0.0,False,False,spectra,toolcalling,failed,2,failed_step2
10_15227_orgsyn_084_0011_sub2,54,0.0,False,False,spectra,toolcalling,failed,2,failed_step2
10_15227_orgsyn_084_0011_sub2,56,0.0,False,False,spectra,toolcalling,failed,2,failed_step2
10_15227_orgsyn_084_0011_sub2,58,0.0,False,False,spectra,toolcalling,failed,2,failed_step2
10_15227_orgsyn_084_0011_sub2,60,0.0,False,False,spectra,toolcalling,failed,2,failed_step2
10_15227_orgsyn_084_0011_sub2,61,0.0,False,False,spectra,toolcalling,failed,2,failed_step2
10_15227_orgsyn_084_0011_sub2,63,0.0,False,False,spectra,toolcalling,failed,2,failed_step2
10_15227_orgsyn_084_0011_sub2,64,1.0,True,False,spectra,toolcalling,failed,2,failed_step2
10_15227_orgsyn_084_0011_sub2,67,0.0,False,False,spectra,toolcalling,failed,2,failed_step2
10_15227_orgsyn_084_0011_sub2,69,1.0,True,False,spectra,toolcalling,failed,2,failed_step2
10_15227_orgsyn_084_0011_sub2,71,0.0,False,False,spectra,toolcalling,failed,2,failed_step2
10_15227_orgsyn_084_0011_sub2,74,0.0,False,False,spectra,toolcalling,failed,2,failed_step2
10_15227_orgsyn_084_0011_sub2,75,1.0,True,False,spectra,toolcalling,failed,2,failed_step2
10_15227_orgsyn_084_0077,48,1.0,True,False,spectra,toolcalling,failed,2,failed_step2
10_15227_orgsyn_084_0077,49,1.0,True,False,spectra,toolcalling,failed,2,failed_step2
10_15227_orgsyn_084_0077,52,0.0,False,False,spectra,toolcalling,failed,2,failed_step2
10_15227_orgsyn_084_0077,59,0.0,False,False,spectra,toolcalling,failed,2,failed_step2
10_15227_orgsyn_084_0077,60,1.0,True,False,spectra,toolcalling,failed,2,failed_step2
10_15227_orgsyn_084_0077,61,1.0,True,False,spectra,toolcalling,failed,2,failed_step2
10_15227_orgsyn_084_0077,63,0.0,False,False,spectra,toolcalling,failed,2,failed_step2
10_15227_orgsyn_084_0077,67,0.0,False,False,spectra,toolcalling,failed,2,failed_step2
10_15227_orgsyn_084_0077,68,0.0,False,False,spectra,toolcalling,failed,2,failed_step2
10_15227_orgsyn_084_0077,70,1.0,True,False,spectra,toolcalling,failed,2,failed_step2
10_15227_orgsyn_084_0077,71,1.0,True,False,spectra,toolcalling,failed,2,failed_step2
10_15227_orgsyn_084_0077,72,0.0,False,False,spectra,toolcalling,failed,2,failed_step2
10_15227_orgsyn_084_0077,73,1.0,True,False,spectra,toolcalling,failed,2,failed_step2
10_15227_orgsyn_084_0077,74,1.0,True,False,spectra,toolcalling,failed,2,failed_step2
10_15227_orgsyn_084_0077,75,1.0,True,False,spectra,toolcalling,failed,2,failed_step2
10_15227_orgsyn_084_0317m,56,0.0,False,False,spectra,toolcalling,failed,2,failed_step2
10_15227_orgsyn_084_0317m,58,0.0,False,False,spectra,toolcalling,failed,2,failed_step2
10_15227_orgsyn_084_0317m,61,0.0,False,False,spectra,toolcalling,failed,2,failed_step2
10_15227_orgsyn_084_0317m,62,0.0,False,False,spectra,toolcalling,failed,2,failed_step2
10_15227_orgsyn_084_0317m,64,0.0,False,False,spectra,toolcalling,failed,2,failed_step2
10_15227_orgsyn_084_0317m,66,0.0,False,False,spectra,toolcalling,failed,2,failed_step2
10_15227_orgsyn_084_0317m,67,0.0,False,False,spectra,toolcalling,failed,2,failed_step2
10_15227_orgsyn_084_0317m,68,0.0,False,False,spectra,toolcalling,failed,2,failed_step2
10_15227_orgsyn_084_0317m,69,0.0,False,False,spectra,toolcalling,failed,2,failed_step2
10_15227_orgsyn_084_0317m,70,0.0,False,False,spectra,toolcalling,failed,2,failed_step2
10_15227_orgsyn_084_0317m,71,0.0,False,False,spectra,toolcalling,failed,2,failed_step2
10_15227_orgsyn_084_0317m,72,0.0,False,False,spectra,toolcalling,failed,2,failed_step2
10_15227_orgsyn_084_0317m,73,0.0,False,False,spectra,toolcalling,failed,2,failed_step2
10_15227_orgsyn_084_0317m,74,0.0,False,False,spectra,toolcalling,failed,2,failed_step2
10_15227_orgsyn_084_0317m,75,0.0,False,False,spectra,toolcalling,failed,2,failed_step2
22_22222_orgsyn_222_2222,50,0.0,False,False,spectra,toolcalling,failed,2,failed_step2
22_22222_orgsyn_222_2222,51,0.0,False,False,spectra,toolcalling,failed,2,failed_step2
22_22222_orgsyn_222_2222,54,0.0,False,False,spectra,toolcalling,failed,2,failed_step2
22_22222_orgsyn_222_2222,56,0.0,False,False,spectra,toolcalling,failed,2,failed_step2
22_22222_orgsyn_222_2222,58,0.0,False,False,spectra,toolcalling,failed,2,failed_step2
22_22222_orgsyn_222_2222,59,0.0,False,False,spectra,toolcalling,failed,2,failed_step2
22_22222_orgsyn_222_2222,62,0.0,False,False,spectra,toolcalling,failed,2,failed_step2
22_22222_orgsyn_222_2222,64,0.0,False,False,spectra,toolcalling,failed,2,failed_step2
22_22222_orgsyn_222_2222,66,0.0,False,False,spectra,toolcalling,failed,2,failed_step2
22_22222_orgsyn_222_2222,70,0.0,False,False,spectra,toolcalling,failed,2,failed_step2
22_22222_orgsyn_222_2222,71,0.0,False,False,spectra,toolcalling,failed,2,failed_step2
22_22222_orgsyn_222_2222,72,0.0,False,False,spectra,toolcalling,failed,2,failed_step2
22_22222_orgsyn_222_2222,73,0.0,False,False,spectra,toolcalling,failed,2,failed_step2
22_22222_orgsyn_222_2222,74,0.0,False,False,spectra,toolcalling,failed,2,failed_step2
22_22222_orgsyn_222_2222,75,0.0,False,False,spectra,toolcalling,failed,2,failed_step2
77_77777_orgsyn_777_7777,54,0.0,False,False,spectra,toolcalling,failed,2,failed_step2
77_77777_orgsyn_777_7777,57,0.0,False,False,spectra,toolcalling,failed,2,failed_step2
77_77777_orgsyn_777_7777,60,0.0,False,False,spectra,toolcalling,failed,2,failed_step2
77_77777_orgsyn_777_7777,61,0.0,False,False,spectra,toolcalling,failed,2,failed_step2
77_77777_orgsyn_777_7777,62,1.0,True,False,spectra,toolcalling,failed,2,failed_step2
77_77777_orgsyn_777_7777,64,0.0,False,False,spectra,toolcalling,failed,2,failed_step2
77_77777_orgsyn_777_7777,67,1.0,True,False,spectra,toolcalling,failed,2,failed_step2
77_77777_orgsyn_777_7777,68,0.0,False,False,spectra,toolcalling,failed,2,failed_step2
77_77777_orgsyn_777_7777,69,1.0,True,False,spectra,toolcalling,failed,2,failed_step2
77_77777_orgsyn_777_7777,70,0.0,False,False,spectra,toolcalling,failed,2,failed_step2
77_77777_orgsyn_777_7777,71,1.0,True,False,spectra,toolcalling,failed,2,failed_step2
77_77777_orgsyn_777_7777,72,0.0,False,False,spectra,toolcalling,failed,2,failed_step2
77_77777_orgsyn_777_7777,73,0.0,False,False,spectra,toolcalling,failed,2,failed_step2
77_77777_orgsyn_777_7777,74,0.0,False,False,spectra,toolcalling,failed,2,failed_step2
77_77777_orgsyn_777_7777,75,1.0,True,False,spectra,toolcalling,failed,2,failed_step2
10_15227_orgsyn_084_0011_sub2,82,0.0,False,False,spectra,toolcalling,failed,-1,failed_stepn1
10_15227_orgsyn_084_0011_sub2,88,1.0,True,False,spectra,toolcalling,failed,-1,failed_stepn1
10_15227_orgsyn_084_0011_sub2,93,0.0,False,False,spectra,toolcalling,failed,-1,failed_stepn1
10_15227_orgsyn_084_0011_sub2,94,1.0,True,False,spectra,toolcalling,failed,-1,failed_stepn1
10_15227_orgsyn_084_0011_sub2,95,0.0,False,False,spectra,toolcalling,failed,-1,failed_stepn1
10_15227_orgsyn_084_0011_sub2,96,0.0,False,False,spectra,toolcalling,failed,-1,failed_stepn1
10_15227_orgsyn_084_0011_sub2,97,0.0,False,False,spectra,toolcalling,failed,-1,failed_stepn1
10_15227_orgsyn_084_0011_sub2,98,0.0,False,False,spectra,toolcalling,failed,-1,failed_stepn1
10_15227_orgsyn_084_0011_sub2,99,0.0,False,False,spectra,toolcalling,failed,-1,failed_stepn1
10_15227_orgsyn_084_0011_sub2,100,0.0,False,False,spectra,toolcalling,failed,-1,failed_stepn1
10_15227_orgsyn_084_0011_sub2,101,0.0,False,False,spectra,toolcalling,failed,-1,failed_stepn1
10_15227_orgsyn_084_0011_sub2,102,0.0,False,False,spectra,toolcalling,failed,-1,failed_stepn1
10_15227_orgsyn_084_0011_sub2,103,0.0,False,False,spectra,toolcalling,failed,-1,failed_stepn1
10_15227_orgsyn_084_0011_sub2,104,0.0,False,False,spectra,toolcalling,failed,-1,failed_stepn1
10_15227_orgsyn_084_0011_sub2,105,0.0,False,False,spectra,toolcalling,failed,-1,failed_stepn1
10_15227_orgsyn_084_0077,91,0.0,False,False,spectra,toolcalling,failed,-1,failed_stepn1
10_15227_orgsyn_084_0077,92,0.0,False,False,spectra,toolcalling,failed,-1,failed_stepn1
10_15227_orgsyn_084_0077,93,0.0,False,False,spectra,toolcalling,failed,-1,failed_stepn1
10_15227_orgsyn_084_0077,94,0.0,False,False,spectra,toolcalling,failed,-1,failed_stepn1
10_15227_orgsyn_084_0077,95,0.0,False,False,spectra,toolcalling,failed,-1,failed_stepn1
10_15227_orgsyn_084_0077,96,0.0,False,False,spectra,toolcalling,failed,-1,failed_stepn1
10_15227_orgsyn_084_0077,97,0.0,False,False,spectra,toolcalling,failed,-1,failed_stepn1
10_15227_orgsyn_084_0077,98,0.0,False,False,spectra,toolcalling,failed,-1,failed_stepn1
10_15227_orgsyn_084_0077,99,0.0,False,False,spectra,toolcalling,failed,-1,failed_stepn1
10_15227_orgsyn_084_0077,100,0.0,False,False,spectra,toolcalling,failed,-1,failed_stepn1
10_15227_orgsyn_084_0077,101,0.0,False,False,spectra,toolcalling,failed,-1,failed_stepn1
10_15227_orgsyn_084_0077,102,0.0,False,False,spectra,toolcalling,failed,-1,failed_stepn1
10_15227_orgsyn_084_0077,103,0.0,False,False,spectra,toolcalling,failed,-1,failed_stepn1
10_15227_orgsyn_084_0077,104,0.0,False,False,spectra,toolcalling,failed,-1,failed_stepn1
10_15227_orgsyn_084_0077,105,0.0,False,False,spectra,toolcalling,failed,-1,failed_stepn1
10_15227_orgsyn_084_0317m,91,0.0,False,False,spectra,toolcalling,failed,-1,failed_stepn1
10_15227_orgsyn_084_0317m,92,0.0,False,False,spectra,toolcalling,failed,-1,failed_stepn1
10_15227_orgsyn_084_0317m,93,0.0,False,False,spectra,toolcalling,failed,-1,failed_stepn1
10_15227_orgsyn_084_0317m,94,0.0,False,False,spectra,toolcalling,failed,-1,failed_stepn1
10_15227_orgsyn_084_0317m,95,0.0,False,False,spectra,toolcalling,failed,-1,failed_stepn1
10_15227_orgsyn_084_0317m,96,0.0,False,False,spectra,toolcalling,failed,-1,failed_stepn1
10_15227_orgsyn_084_0317m,97,0.0,False,False,spectra,toolcalling,failed,-1,failed_stepn1
10_15227_orgsyn_084_0317m,98,0.0,False,False,spectra,toolcalling,failed,-1,failed_stepn1
10_15227_orgsyn_084_0317m,99,0.0,False,False,spectra,toolcalling,failed,-1,failed_stepn1
10_15227_orgsyn_084_0317m,100,0.0,False,False,spectra,toolcalling,failed,-1,failed_stepn1
10_15227_orgsyn_084_0317m,101,0.0,False,False,spectra,toolcalling,failed,-1,failed_stepn1
10_15227_orgsyn_084_0317m,102,0.0,False,False,spectra,toolcalling,failed,-1,failed_stepn1
10_15227_orgsyn_084_0317m,103,0.0,False,False,spectra,toolcalling,failed,-1,failed_stepn1
10_15227_orgsyn_084_0317m,104,0.0,False,False,spectra,toolcalling,failed,-1,failed_stepn1
10_15227_orgsyn_084_0317m,105,0.0,False,False,spectra,toolcalling,failed,-1,failed_stepn1
22_22222_orgsyn_222_2222,91,0.0,False,False,spectra,toolcalling,failed,-1,failed_stepn1
22_22222_orgsyn_222_2222,92,0.0,False,False,spectra,toolcalling,failed,-1,failed_stepn1
22_22222_orgsyn_222_2222,93,0.0,False,False,spectra,toolcalling,failed,-1,failed_stepn1
22_22222_orgsyn_222_2222,94,0.0,False,False,spectra,toolcalling,failed,-1,failed_stepn1
22_22222_orgsyn_222_2222,95,0.0,False,False,spectra,toolcalling,failed,-1,failed_stepn1
22_22222_orgsyn_222_2222,96,0.0,False,False,spectra,toolcalling,failed,-1,failed_stepn1
22_22222_orgsyn_222_2222,97,0.0,False,False,spectra,toolcalling,failed,-1,failed_stepn1
22_22222_orgsyn_222_2222,98,0.0,False,False,spectra,toolcalling,failed,-1,failed_stepn1
22_22222_orgsyn_222_2222,99,0.0,False,False,spectra,toolcalling,failed,-1,failed_stepn1
22_22222_orgsyn_222_2222,100,0.0,False,False,spectra,toolcalling,failed,-1,failed_stepn1
22_22222_orgsyn_222_2222,101,0.0,False,False,spectra,toolcalling,failed,-1,failed_stepn1
22_22222_orgsyn_222_2222,102,0.0,False,False,spectra,toolcalling,failed,-1,failed_stepn1
22_22222_orgsyn_222_2222,103,0.0,False,False,spectra,toolcalling,failed,-1,failed_stepn1
22_22222_orgsyn_222_2222,104,0.0,False,False,spectra,toolcalling,failed,-1,failed_stepn1
22_22222_orgsyn_222_2222,105,0.0,False,False,spectra,toolcalling,failed,-1,failed_stepn1
77_77777_orgsyn_777_7777,91,1.0,True,False,spectra,toolcalling,failed,-1,failed_stepn1
77_77777_orgsyn_777_7777,92,0.0,False,False,spectra,toolcalling,failed,-1,failed_stepn1
77_77777_orgsyn_777_7777,93,0.0,False,False,spectra,toolcalling,failed,-1,failed_stepn1
77_77777_orgsyn_777_7777,94,0.0,False,False,spectra,toolcalling,failed,-1,failed_stepn1
77_77777_orgsyn_777_7777,95,0.0,False,False,spectra,toolcalling,failed,-1,failed_stepn1
77_77777_orgsyn_777_7777,96,0.0,False,False,spectra,toolcalling,failed,-1,failed_stepn1
77_77777_orgsyn_777_7777,97,0.0,False,False,spectra,toolcalling,failed,-1,failed_stepn1
77_77777_orgsyn_777_7777,98,0.0,False,False,spectra,toolcalling,failed,-1,failed_stepn1
77_77777_orgsyn_777_7777,99,0.0,False,False,spectra,toolcalling,failed,-1,failed_stepn1
77_77777_orgsyn_777_7777,100,0.0,False,False,spectra,toolcalling,failed,-1,failed_stepn1
77_77777_orgsyn_777_7777,101,0.0,False,False,spectra,toolcalling,failed,-1,failed_stepn1
77_77777_orgsyn_777_7777,102,0.0,False,False,spectra,toolcalling,failed,-1,failed_stepn1
77_77777_orgsyn_777_7777,103,0.0,False,False,spectra,toolcalling,failed,-1,failed_stepn1
77_77777_orgsyn_777_7777,104,0.0,False,False,spectra,toolcalling,failed,-1,failed_stepn1
77_77777_orgsyn_777_7777,105,0.0,False,False,spectra,toolcalling,failed,-1,failed_stepn1
10_15227_orgsyn_084_0011_sub2,107,0.0,False,False,spectra,toolcalling,failed,-2,failed_stepn2
10_15227_orgsyn_084_0011_sub2,111,0.0,False,False,spectra,toolcalling,failed,-2,failed_stepn2
10_15227_orgsyn_084_0011_sub2,114,0.0,False,False,spectra,toolcalling,failed,-2,failed_stepn2
10_15227_orgsyn_084_0011_sub2,120,0.0,False,False,spectra,toolcalling,failed,-2,failed_stepn2
10_15227_orgsyn_084_0011_sub2,122,0.0,False,False,spectra,toolcalling,failed,-2,failed_stepn2
10_15227_orgsyn_084_0011_sub2,126,0.0,False,False,spectra,toolcalling,failed,-2,failed_stepn2
10_15227_orgsyn_084_0011_sub2,127,1.0,True,False,spectra,toolcalling,failed,-2,failed_stepn2
10_15227_orgsyn_084_0011_sub2,128,0.0,False,False,spectra,toolcalling,failed,-2,failed_stepn2
10_15227_orgsyn_084_0011_sub2,129,0.0,False,False,spectra,toolcalling,failed,-2,failed_stepn2
10_15227_orgsyn_084_0011_sub2,130,1.0,True,False,spectra,toolcalling,failed,-2,failed_stepn2
10_15227_orgsyn_084_0011_sub2,131,0.0,False,False,spectra,toolcalling,failed,-2,failed_stepn2
10_15227_orgsyn_084_0011_sub2,132,0.0,False,False,spectra,toolcalling,failed,-2,failed_stepn2
10_15227_orgsyn_084_0011_sub2,133,1.0,True,False,spectra,toolcalling,failed,-2,failed_stepn2
10_15227_orgsyn_084_0011_sub2,134,0.0,False,False,spectra,toolcalling,failed,-2,failed_stepn2
10_15227_orgsyn_084_0011_sub2,135,0.0,False,False,spectra,toolcalling,failed,-2,failed_stepn2
10_15227_orgsyn_084_0077,121,0.0,False,False,spectra,toolcalling,failed,-2,failed_stepn2
10_15227_orgsyn_084_0077,122,0.0,False,False,spectra,toolcalling,failed,-2,failed_stepn2
10_15227_orgsyn_084_0077,123,1.0,True,False,spectra,toolcalling,failed,-2,failed_stepn2
10_15227_orgsyn_084_0077,124,0.0,False,False,spectra,toolcalling,failed,-2,failed_stepn2
10_15227_orgsyn_084_0077,125,0.0,False,False,spectra,toolcalling,failed,-2,failed_stepn2
10_15227_orgsyn_084_0077,126,0.0,False,False,spectra,toolcalling,failed,-2,failed_stepn2
10_15227_orgsyn_084_0077,127,0.0,False,False,spectra,toolcalling,failed,-2,failed_stepn2
10_15227_orgsyn_084_0077,128,0.0,False,False,spectra,toolcalling,failed,-2,failed_stepn2
10_15227_orgsyn_084_0077,129,0.0,False,False,spectra,toolcalling,failed,-2,failed_stepn2
10_15227_orgsyn_084_0077,130,0.0,False,False,spectra,toolcalling,failed,-2,failed_stepn2
10_15227_orgsyn_084_0077,131,0.0,False,False,spectra,toolcalling,failed,-2,failed_stepn2
10_15227_orgsyn_084_0077,132,0.0,False,False,spectra,toolcalling,failed,-2,failed_stepn2
10_15227_orgsyn_084_0077,133,0.0,False,False,spectra,toolcalling,failed,-2,failed_stepn2
10_15227_orgsyn_084_0077,134,0.0,False,False,spectra,toolcalling,failed,-2,failed_stepn2
10_15227_orgsyn_084_0077,135,0.0,False,False,spectra,toolcalling,failed,-2,failed_stepn2
10_15227_orgsyn_084_0317m,121,0.0,False,False,spectra,toolcalling,failed,-2,failed_stepn2
10_15227_orgsyn_084_0317m,122,0.0,False,False,spectra,toolcalling,failed,-2,failed_stepn2
10_15227_orgsyn_084_0317m,123,0.0,False,False,spectra,toolcalling,failed,-2,failed_stepn2
10_15227_orgsyn_084_0317m,124,0.0,False,False,spectra,toolcalling,failed,-2,failed_stepn2
10_15227_orgsyn_084_0317m,125,0.0,False,False,spectra,toolcalling,failed,-2,failed_stepn2
10_15227_orgsyn_084_0317m,126,0.0,False,False,spectra,toolcalling,failed,-2,failed_stepn2
10_15227_orgsyn_084_0317m,127,0.0,False,False,spectra,toolcalling,failed,-2,failed_stepn2
10_15227_orgsyn_084_0317m,128,0.0,False,False,spectra,toolcalling,failed,-2,failed_stepn2
10_15227_orgsyn_084_0317m,129,0.0,False,False,spectra,toolcalling,failed,-2,failed_stepn2
10_15227_orgsyn_084_0317m,130,0.0,False,False,spectra,toolcalling,failed,-2,failed_stepn2
10_15227_orgsyn_084_0317m,131,0.0,False,False,spectra,toolcalling,failed,-2,failed_stepn2
10_15227_orgsyn_084_0317m,132,0.0,False,False,spectra,toolcalling,failed,-2,failed_stepn2
10_15227_orgsyn_084_0317m,133,0.0,False,False,spectra,toolcalling,failed,-2,failed_stepn2
10_15227_orgsyn_084_0317m,134,0.0,False,False,spectra,toolcalling,failed,-2,failed_stepn2
10_15227_orgsyn_084_0317m,135,0.0,False,False,spectra,toolcalling,failed,-2,failed_stepn2
22_22222_orgsyn_222_2222,121,0.0,False,False,spectra,toolcalling,failed,-2,failed_stepn2
22_22222_orgsyn_222_2222,122,0.0,False,False,spectra,toolcalling,failed,-2,failed_stepn2
22_22222_orgsyn_222_2222,123,0.0,False,False,spectra,toolcalling,failed,-2,failed_stepn2
22_22222_orgsyn_222_2222,124,0.0,False,False,spectra,toolcalling,failed,-2,failed_stepn2
22_22222_orgsyn_222_2222,125,0.0,False,False,spectra,toolcalling,failed,-2,failed_stepn2
22_22222_orgsyn_222_2222,126,0.0,False,False,spectra,toolcalling,failed,-2,failed_stepn2
22_22222_orgsyn_222_2222,127,0.0,False,False,spectra,toolcalling,failed,-2,failed_stepn2
22_22222_orgsyn_222_2222,128,0.0,False,False,spectra,toolcalling,failed,-2,failed_stepn2
22_22222_orgsyn_222_2222,129,0.0,False,False,spectra,toolcalling,failed,-2,failed_stepn2
22_22222_orgsyn_222_2222,130,0.0,False,False,spectra,toolcalling,failed,-2,failed_stepn2
22_22222_orgsyn_222_2222,131,0.0,False,False,spectra,toolcalling,failed,-2,failed_stepn2
22_22222_orgsyn_222_2222,132,0.0,False,False,spectra,toolcalling,failed,-2,failed_stepn2
22_22222_orgsyn_222_2222,133,0.0,False,False,spectra,toolcalling,failed,-2,failed_stepn2
22_22222_orgsyn_222_2222,134,0.0,False,False,spectra,toolcalling,failed,-2,failed_stepn2
22_22222_orgsyn_222_2222,135,0.0,False,False,spectra,toolcalling,failed,-2,failed_stepn2
77_77777_orgsyn_777_7777,121,0.0,False,False,spectra,toolcalling,failed,-2,failed_stepn2
77_77777_orgsyn_777_7777,122,0.0,False,False,spectra,toolcalling,failed,-2,failed_stepn2
77_77777_orgsyn_777_7777,123,0.0,False,False,spectra,toolcalling,failed,-2,failed_stepn2
77_77777_orgsyn_777_7777,124,0.0,False,False,spectra,toolcalling,failed,-2,failed_stepn2
77_77777_orgsyn_777_7777,125,0.0,False,False,spectra,toolcalling,failed,-2,failed_stepn2
77_77777_orgsyn_777_7777,126,0.0,False,False,spectra,toolcalling,failed,-2,failed_stepn2
77_77777_orgsyn_777_7777,127,0.0,False,False,spectra,toolcalling,failed,-2,failed_stepn2
77_77777_orgsyn_777_7777,128,0.0,False,False,spectra,toolcalling,failed,-2,failed_stepn2
77_77777_orgsyn_777_7777,129,1.0,True,False,spectra,toolcalling,failed,-2,failed_stepn2
77_77777_orgsyn_777_7777,130,0.0,False,False,spectra,toolcalling,failed,-2,failed_stepn2
77_77777_orgsyn_777_7777,131,0.0,False,False,spectra,toolcalling,failed,-2,failed_stepn2
77_77777_orgsyn_777_7777,132,0.0,False,False,spectra,toolcalling,failed,-2,failed_stepn2
77_77777_orgsyn_777_7777,133,0.0,False,False,spectra,toolcalling,failed,-2,failed_stepn2
77_77777_orgsyn_777_7777,134,0.0,False,False,spectra,toolcalling,failed,-2,failed_stepn2
77_77777_orgsyn_777_7777,135,0.0,False,False,spectra,toolcalling,failed,-2,failed_stepn2
10_15227_orgsyn_084_0011_sub2,17,0.0,False,False,spectra,toolcalling,success,1,success_step1
10_15227_orgsyn_084_0011_sub2,19,0.0,False,False,spectra,toolcalling,success,1,success_step1
10_15227_orgsyn_084_0011_sub2,21,0.0,False,False,spectra,toolcalling,success,1,success_step1
10_15227_orgsyn_084_0011_sub2,25,0.0,False,False,spectra,toolcalling,success,1,success_step1
10_15227_orgsyn_084_0011_sub2,26,1.0,True,False,spectra,toolcalling,success,1,success_step1
10_15227_orgsyn_084_0011_sub2,28,0.0,False,False,spectra,toolcalling,success,1,success_step1
10_15227_orgsyn_084_0011_sub2,30,1.0,True,False,spectra,toolcalling,success,1,success_step1
10_15227_orgsyn_084_0011_sub2,33,0.0,False,False,spectra,toolcalling,success,1,success_step1
10_15227_orgsyn_084_0011_sub2,34,1.0,True,False,spectra,toolcalling,success,1,success_step1
10_15227_orgsyn_084_0011_sub2,36,1.0,True,False,spectra,toolcalling,success,1,success_step1
10_15227_orgsyn_084_0011_sub2,39,0.0,False,False,spectra,toolcalling,success,1,success_step1
10_15227_orgsyn_084_0011_sub2,40,1.0,True,False,spectra,toolcalling,success,1,success_step1
10_15227_orgsyn_084_0011_sub2,42,1.0,True,False,spectra,toolcalling,success,1,success_step1
10_15227_orgsyn_084_0011_sub2,44,0.0,False,False,spectra,toolcalling,success,1,success_step1
10_15227_orgsyn_084_0011_sub2,45,0.0,False,False,spectra,toolcalling,success,1,success_step1
10_15227_orgsyn_084_0077,23,1.0,True,False,spectra,toolcalling,success,1,success_step1
10_15227_orgsyn_084_0077,24,1.0,True,False,spectra,toolcalling,success,1,success_step1
10_15227_orgsyn_084_0077,26,0.0,False,False,spectra,toolcalling,success,1,success_step1
10_15227_orgsyn_084_0077,27,0.0,False,False,spectra,toolcalling,success,1,success_step1
10_15227_orgsyn_084_0077,28,1.0,True,False,spectra,toolcalling,success,1,success_step1
10_15227_orgsyn_084_0077,31,1.0,True,False,spectra,toolcalling,success,1,success_step1
10_15227_orgsyn_084_0077,32,1.0,True,False,spectra,toolcalling,success,1,success_step1
10_15227_orgsyn_084_0077,34,0.0,False,False,spectra,toolcalling,success,1,success_step1
10_15227_orgsyn_084_0077,36,0.0,False,False,spectra,toolcalling,success,1,success_step1
10_15227_orgsyn_084_0077,37,1.0,True,False,spectra,toolcalling,success,1,success_step1
10_15227_orgsyn_084_0077,40,0.0,False,False,spectra,toolcalling,success,1,success_step1
10_15227_orgsyn_084_0077,42,0.0,False,False,spectra,toolcalling,success,1,success_step1
10_15227_orgsyn_084_0077,43,1.0,True,False,spectra,toolcalling,success,1,success_step1
10_15227_orgsyn_084_0077,44,0.0,False,False,spectra,toolcalling,success,1,success_step1
10_15227_orgsyn_084_0077,45,0.0,False,False,spectra,toolcalling,success,1,success_step1
10_15227_orgsyn_084_0317m,26,0.0,False,False,spectra,toolcalling,success,1,success_step1
10_15227_orgsyn_084_0317m,28,0.0,False,False,spectra,toolcalling,success,1,success_step1
10_15227_orgsyn_084_0317m,30,0.0,False,False,spectra,toolcalling,success,1,success_step1
10_15227_orgsyn_084_0317m,32,1.0,True,False,spectra,toolcalling,success,1,success_step1
10_15227_orgsyn_084_0317m,34,0.0,False,False,spectra,toolcalling,success,1,success_step1
10_15227_orgsyn_084_0317m,36,0.0,False,False,spectra,toolcalling,success,1,success_step1
10_15227_orgsyn_084_0317m,37,0.0,False,False,spectra,toolcalling,success,1,success_step1
10_15227_orgsyn_084_0317m,38,0.0,False,False,spectra,toolcalling,success,1,success_step1
10_15227_orgsyn_084_0317m,39,0.0,False,False,spectra,toolcalling,success,1,success_step1
10_15227_orgsyn_084_0317m,40,0.0,False,False,spectra,toolcalling,success,1,success_step1
10_15227_orgsyn_084_0317m,41,0.0,False,False,spectra,toolcalling,success,1,success_step1
10_15227_orgsyn_084_0317m,42,0.0,False,False,spectra,toolcalling,success,1,success_step1
10_15227_orgsyn_084_0317m,43,0.0,False,False,spectra,toolcalling,success,1,success_step1
10_15227_orgsyn_084_0317m,44,0.0,False,False,spectra,toolcalling,success,1,success_step1
10_15227_orgsyn_084_0317m,45,0.0,False,False,spectra,toolcalling,success,1,success_step1
22_22222_orgsyn_222_2222,21,0.0,False,False,spectra,toolcalling,success,1,success_step1
22_22222_orgsyn_222_2222,23,0.0,False,False,spectra,toolcalling,success,1,success_step1
22_22222_orgsyn_222_2222,27,0.0,False,False,spectra,toolcalling,success,1,success_step1
22_22222_orgsyn_222_2222,28,0.0,False,False,spectra,toolcalling,success,1,success_step1
22_22222_orgsyn_222_2222,31,0.0,False,False,spectra,toolcalling,success,1,success_step1
22_22222_orgsyn_222_2222,33,0.0,False,False,spectra,toolcalling,success,1,success_step1
22_22222_orgsyn_222_2222,35,0.0,False,False,spectra,toolcalling,success,1,success_step1
22_22222_orgsyn_222_2222,38,0.0,False,False,spectra,toolcalling,success,1,success_step1
22_22222_orgsyn_222_2222,39,0.0,False,False,spectra,toolcalling,success,1,success_step1
22_22222_orgsyn_222_2222,40,0.0,False,False,spectra,toolcalling,success,1,success_step1
22_22222_orgsyn_222_2222,41,0.0,False,False,spectra,toolcalling,success,1,success_step1
22_22222_orgsyn_222_2222,42,0.0,False,False,spectra,toolcalling,success,1,success_step1
22_22222_orgsyn_222_2222,43,0.0,False,False,spectra,toolcalling,success,1,success_step1
22_22222_orgsyn_222_2222,44,0.0,False,False,spectra,toolcalling,success,1,success_step1
22_22222_orgsyn_222_2222,45,0.0,False,False,spectra,toolcalling,success,1,success_step1
77_77777_orgsyn_777_7777,28,1.0,True,False,spectra,toolcalling,success,1,success_step1
77_77777_orgsyn_777_7777,32,0.0,False,False,spectra,toolcalling,success,1,success_step1
77_77777_orgsyn_777_7777,33,1.0,True,False,spectra,toolcalling,success,1,success_step1
77_77777_orgsyn_777_7777,34,0.0,False,False,spectra,toolcalling,success,1,success_step1
77_77777_orgsyn_777_7777,35,1.0,True,False,spectra,toolcalling,success,1,success_step1
77_77777_orgsyn_777_7777,36,1.0,True,False,spectra,toolcalling,success,1,success_step1
77_77777_orgsyn_777_7777,37,0.0,False,False,spectra,toolcalling,success,1,success_step1
77_77777_orgsyn_777_7777,38,1.0,True,False,spectra,toolcalling,success,1,success_step1
77_77777_orgsyn_777_7777,39,1.0,True,False,spectra,toolcalling,success,1,success_step1
77_77777_orgsyn_777_7777,40,1.0,True,False,spectra,toolcalling,success,1,success_step1
77_77777_orgsyn_777_7777,41,1.0,True,False,spectra,toolcalling,success,1,success_step1
77_77777_orgsyn_777_7777,42,1.0,True,False,spectra,toolcalling,success,1,success_step1
77_77777_orgsyn_777_7777,43,0.0,False,False,spectra,toolcalling,success,1,success_step1
77_77777_orgsyn_777_7777,44,0.0,False,False,spectra,toolcalling,success,1,success_step1
77_77777_orgsyn_777_7777,45,0.0,False,False,spectra,toolcalling,success,1,success_step1
10_15227_orgsyn_084_0011_sub2,46,1.0,True,False,spectra,toolcalling,success,2,success_step2
10_15227_orgsyn_084_0011_sub2,48,0.0,False,False,spectra,toolcalling,success,2,success_step2
10_15227_orgsyn_084_0011_sub2,49,1.0,True,False,spectra,toolcalling,success,2,success_step2
10_15227_orgsyn_084_0011_sub2,51,1.0,True,False,spectra,toolcalling,success,2,success_step2
10_15227_orgsyn_084_0011_sub2,53,1.0,True,False,spectra,toolcalling,success,2,success_step2
10_15227_orgsyn_084_0011_sub2,55,0.0,False,False,spectra,toolcalling,success,2,success_step2
10_15227_orgsyn_084_0011_sub2,57,1.0,True,False,spectra,toolcalling,success,2,success_step2
10_15227_orgsyn_084_0011_sub2,59,1.0,True,False,spectra,toolcalling,success,2,success_step2
10_15227_orgsyn_084_0011_sub2,62,0.0,False,False,spectra,toolcalling,success,2,success_step2
10_15227_orgsyn_084_0011_sub2,65,0.0,False,False,spectra,toolcalling,success,2,success_step2
10_15227_orgsyn_084_0011_sub2,66,1.0,True,False,spectra,toolcalling,success,2,success_step2
10_15227_orgsyn_084_0011_sub2,68,0.0,False,False,spectra,toolcalling,success,2,success_step2
10_15227_orgsyn_084_0011_sub2,70,1.0,True,False,spectra,toolcalling,success,2,success_step2
10_15227_orgsyn_084_0011_sub2,72,1.0,True,False,spectra,toolcalling,success,2,success_step2
10_15227_orgsyn_084_0011_sub2,73,1.0,True,False,spectra,toolcalling,success,2,success_step2
10_15227_orgsyn_084_0077,46,1.0,True,False,spectra,toolcalling,success,2,success_step2
10_15227_orgsyn_084_0077,47,1.0,True,False,spectra,toolcalling,success,2,success_step2
10_15227_orgsyn_084_0077,50,0.0,False,False,spectra,toolcalling,success,2,success_step2
10_15227_orgsyn_084_0077,51,0.0,False,False,spectra,toolcalling,success,2,success_step2
10_15227_orgsyn_084_0077,53,1.0,True,False,spectra,toolcalling,success,2,success_step2
10_15227_orgsyn_084_0077,54,1.0,True,False,spectra,toolcalling,success,2,success_step2
10_15227_orgsyn_084_0077,55,1.0,True,False,spectra,toolcalling,success,2,success_step2
10_15227_orgsyn_084_0077,56,1.0,True,False,spectra,toolcalling,success,2,success_step2
10_15227_orgsyn_084_0077,57,1.0,True,False,spectra,toolcalling,success,2,success_step2
10_15227_orgsyn_084_0077,58,1.0,True,False,spectra,toolcalling,success,2,success_step2
10_15227_orgsyn_084_0077,62,0.0,False,False,spectra,toolcalling,success,2,success_step2
10_15227_orgsyn_084_0077,64,0.0,False,False,spectra,toolcalling,success,2,success_step2
10_15227_orgsyn_084_0077,65,1.0,True,False,spectra,toolcalling,success,2,success_step2
10_15227_orgsyn_084_0077,66,1.0,True,False,spectra,toolcalling,success,2,success_step2
10_15227_orgsyn_084_0077,69,0.0,False,False,spectra,toolcalling,success,2,success_step2
10_15227_orgsyn_084_0317m,46,0.0,False,False,spectra,toolcalling,success,2,success_step2
10_15227_orgsyn_084_0317m,47,0.0,False,False,spectra,toolcalling,success,2,success_step2
10_15227_orgsyn_084_0317m,48,0.0,False,False,spectra,toolcalling,success,2,success_step2
10_15227_orgsyn_084_0317m,49,0.0,False,False,spectra,toolcalling,success,2,success_step2
10_15227_orgsyn_084_0317m,50,0.0,False,False,spectra,toolcalling,success,2,success_step2
10_15227_orgsyn_084_0317m,51,0.0,False,False,spectra,toolcalling,success,2,success_step2
10_15227_orgsyn_084_0317m,52,0.0,False,False,spectra,toolcalling,success,2,success_step2
10_15227_orgsyn_084_0317m,53,0.0,False,False,spectra,toolcalling,success,2,success_step2
10_15227_orgsyn_084_0317m,54,0.0,False,False,spectra,toolcalling,success,2,success_step2
10_15227_orgsyn_084_0317m,55,0.0,False,False,spectra,toolcalling,success,2,success_step2
10_15227_orgsyn_084_0317m,57,1.0,True,False,spectra,toolcalling,success,2,success_step2
10_15227_orgsyn_084_0317m,59,0.0,False,False,spectra,toolcalling,success,2,success_step2
10_15227_orgsyn_084_0317m,60,0.0,False,False,spectra,toolcalling,success,2,success_step2
10_15227_orgsyn_084_0317m,63,1.0,True,False,spectra,toolcalling,success,2,success_step2
10_15227_orgsyn_084_0317m,65,0.0,False,False,spectra,toolcalling,success,2,success_step2
22_22222_orgsyn_222_2222,46,0.0,False,False,spectra,toolcalling,success,2,success_step2
22_22222_orgsyn_222_2222,47,0.0,False,False,spectra,toolcalling,success,2,success_step2
22_22222_orgsyn_222_2222,48,0.0,False,False,spectra,toolcalling,success,2,success_step2
22_22222_orgsyn_222_2222,49,0.0,False,False,spectra,toolcalling,success,2,success_step2
22_22222_orgsyn_222_2222,52,0.0,False,False,spectra,toolcalling,success,2,success_step2
22_22222_orgsyn_222_2222,53,0.0,False,False,spectra,toolcalling,success,2,success_step2
22_22222_orgsyn_222_2222,55,0.0,False,False,spectra,toolcalling,success,2,success_step2
22_22222_orgsyn_222_2222,57,1.0,True,False,spectra,toolcalling,success,2,success_step2
22_22222_orgsyn_222_2222,60,0.0,False,False,spectra,toolcalling,success,2,success_step2
22_22222_orgsyn_222_2222,61,0.0,False,False,spectra,toolcalling,success,2,success_step2
22_22222_orgsyn_222_2222,63,0.0,False,False,spectra,toolcalling,success,2,success_step2
22_22222_orgsyn_222_2222,65,0.0,False,False,spectra,toolcalling,success,2,success_step2
22_22222_orgsyn_222_2222,67,0.0,False,False,spectra,toolcalling,success,2,success_step2
22_22222_orgsyn_222_2222,68,1.0,True,False,spectra,toolcalling,success,2,success_step2
22_22222_orgsyn_222_2222,69,0.0,False,False,spectra,toolcalling,success,2,success_step2
77_77777_orgsyn_777_7777,46,1.0,True,False,spectra,toolcalling,success,2,success_step2
77_77777_orgsyn_777_7777,47,1.0,True,False,spectra,toolcalling,success,2,success_step2
77_77777_orgsyn_777_7777,48,0.0,False,False,spectra,toolcalling,success,2,success_step2
77_77777_orgsyn_777_7777,49,0.0,False,False,spectra,toolcalling,success,2,success_step2
77_77777_orgsyn_777_7777,50,0.0,False,False,spectra,toolcalling,success,2,success_step2
77_77777_orgsyn_777_7777,51,1.0,True,False,spectra,toolcalling,success,2,success_step2
77_77777_orgsyn_777_7777,52,0.0,False,False,spectra,toolcalling,success,2,success_step2
77_77777_orgsyn_777_7777,53,1.0,True,False,spectra,toolcalling,success,2,success_step2
77_77777_orgsyn_777_7777,55,0.0,False,False,spectra,toolcalling,success,2,success_step2
77_77777_orgsyn_777_7777,56,1.0,True,False,spectra,toolcalling,success,2,success_step2
77_77777_orgsyn_777_7777,58,1.0,True,False,spectra,toolcalling,success,2,success_step2
77_77777_orgsyn_777_7777,59,0.0,False,False,spectra,toolcalling,success,2,success_step2
77_77777_orgsyn_777_7777,63,0.0,False,False,spectra,toolcalling,success,2,success_step2
77_77777_orgsyn_777_7777,65,1.0,True,False,spectra,toolcalling,success,2,success_step2
77_77777_orgsyn_777_7777,66,0.0,False,False,spectra,toolcalling,success,2,success_step2
10_15227_orgsyn_084_0011_sub2,76,1.0,True,False,spectra,toolcalling,success,-1,success_stepn1
10_15227_orgsyn_084_0011_sub2,77,1.0,True,False,spectra,toolcalling,success,-1,success_stepn1
10_15227_orgsyn_084_0011_sub2,78,1.0,True,False,spectra,toolcalling,success,-1,success_stepn1
10_15227_orgsyn_084_0011_sub2,79,1.0,True,False,spectra,toolcalling,success,-1,success_stepn1
10_15227_orgsyn_084_0011_sub2,80,1.0,True,False,spectra,toolcalling,success,-1,success_stepn1
10_15227_orgsyn_084_0011_sub2,81,1.0,True,False,spectra,toolcalling,success,-1,success_stepn1
10_15227_orgsyn_084_0011_sub2,83,1.0,True,False,spectra,toolcalling,success,-1,success_stepn1
10_15227_orgsyn_084_0011_sub2,84,1.0,True,False,spectra,toolcalling,success,-1,success_stepn1
10_15227_orgsyn_084_0011_sub2,85,1.0,True,False,spectra,toolcalling,success,-1,success_stepn1
10_15227_orgsyn_084_0011_sub2,86,1.0,True,False,spectra,toolcalling,success,-1,success_stepn1
10_15227_orgsyn_084_0011_sub2,87,1.0,True,False,spectra,toolcalling,success,-1,success_stepn1
10_15227_orgsyn_084_0011_sub2,89,1.0,True,False,spectra,toolcalling,success,-1,success_stepn1
10_15227_orgsyn_084_0011_sub2,90,1.0,True,False,spectra,toolcalling,success,-1,success_stepn1
10_15227_orgsyn_084_0011_sub2,91,1.0,True,False,spectra,toolcalling,success,-1,success_stepn1
10_15227_orgsyn_084_0011_sub2,92,1.0,True,False,spectra,toolcalling,success,-1,success_stepn1
10_15227_orgsyn_084_0077,76,1.0,True,False,spectra,toolcalling,success,-1,success_stepn1
10_15227_orgsyn_084_0077,77,1.0,True,False,spectra,toolcalling,success,-1,success_stepn1
10_15227_orgsyn_084_0077,78,1.0,True,False,spectra,toolcalling,success,-1,success_stepn1
10_15227_orgsyn_084_0077,79,1.0,True,False,spectra,toolcalling,success,-1,success_stepn1
10_15227_orgsyn_084_0077,80,1.0,True,False,spectra,toolcalling,success,-1,success_stepn1
10_15227_orgsyn_084_0077,81,1.0,True,False,spectra,toolcalling,success,-1,success_stepn1
10_15227_orgsyn_084_0077,82,1.0,True,False,spectra,toolcalling,success,-1,success_stepn1
10_15227_orgsyn_084_0077,83,1.0,True,False,spectra,toolcalling,success,-1,success_stepn1
10_15227_orgsyn_084_0077,84,1.0,True,False,spectra,toolcalling,success,-1,success_stepn1
10_15227_orgsyn_084_0077,85,1.0,True,False,spectra,toolcalling,success,-1,success_stepn1
10_15227_orgsyn_084_0077,86,1.0,True,False,spectra,toolcalling,success,-1,success_stepn1
10_15227_orgsyn_084_0077,87,1.0,True,False,spectra,toolcalling,success,-1,success_stepn1
10_15227_orgsyn_084_0077,88,1.0,True,False,spectra,toolcalling,success,-1,success_stepn1
10_15227_orgsyn_084_0077,89,1.0,True,False,spectra,toolcalling,success,-1,success_stepn1
10_15227_orgsyn_084_0077,90,1.0,True,False,spectra,toolcalling,success,-1,success_stepn1
10_15227_orgsyn_084_0317m,76,1.0,True,False,spectra,toolcalling,success,-1,success_stepn1
10_15227_orgsyn_084_0317m,77,1.0,True,False,spectra,toolcalling,success,-1,success_stepn1
10_15227_orgsyn_084_0317m,78,1.0,True,False,spectra,toolcalling,success,-1,success_stepn1
10_15227_orgsyn_084_0317m,79,1.0,True,False,spectra,toolcalling,success,-1,success_stepn1
10_15227_orgsyn_084_0317m,80,1.0,True,False,spectra,toolcalling,success,-1,success_stepn1
10_15227_orgsyn_084_0317m,81,1.0,True,False,spectra,toolcalling,success,-1,success_stepn1
10_15227_orgsyn_084_0317m,82,1.0,True,False,spectra,toolcalling,success,-1,success_stepn1
10_15227_orgsyn_084_0317m,83,1.0,True,False,spectra,toolcalling,success,-1,success_stepn1
10_15227_orgsyn_084_0317m,84,1.0,True,False,spectra,toolcalling,success,-1,success_stepn1
10_15227_orgsyn_084_0317m,85,1.0,True,False,spectra,toolcalling,success,-1,success_stepn1
10_15227_orgsyn_084_0317m,86,1.0,True,False,spectra,toolcalling,success,-1,success_stepn1
10_15227_orgsyn_084_0317m,87,1.0,True,False,spectra,toolcalling,success,-1,success_stepn1
10_15227_orgsyn_084_0317m,88,1.0,True,False,spectra,toolcalling,success,-1,success_stepn1
10_15227_orgsyn_084_0317m,89,1.0,True,False,spectra,toolcalling,success,-1,success_stepn1
10_15227_orgsyn_084_0317m,90,1.0,True,False,spectra,toolcalling,success,-1,success_stepn1
22_22222_orgsyn_222_2222,76,1.0,True,False,spectra,toolcalling,success,-1,success_stepn1
22_22222_orgsyn_222_2222,77,1.0,True,False,spectra,toolcalling,success,-1,success_stepn1
22_22222_orgsyn_222_2222,78,1.0,True,False,spectra,toolcalling,success,-1,success_stepn1
22_22222_orgsyn_222_2222,79,1.0,True,False,spectra,toolcalling,success,-1,success_stepn1
22_22222_orgsyn_222_2222,80,1.0,True,False,spectra,toolcalling,success,-1,success_stepn1
22_22222_orgsyn_222_2222,81,1.0,True,False,spectra,toolcalling,success,-1,success_stepn1
22_22222_orgsyn_222_2222,82,1.0,True,False,spectra,toolcalling,success,-1,success_stepn1
22_22222_orgsyn_222_2222,83,1.0,True,False,spectra,toolcalling,success,-1,success_stepn1
22_22222_orgsyn_222_2222,84,1.0,True,False,spectra,toolcalling,success,-1,success_stepn1
22_22222_orgsyn_222_2222,85,1.0,True,False,spectra,toolcalling,success,-1,success_stepn1
22_22222_orgsyn_222_2222,86,1.0,True,False,spectra,toolcalling,success,-1,success_stepn1
22_22222_orgsyn_222_2222,87,1.0,True,False,spectra,toolcalling,success,-1,success_stepn1
22_22222_orgsyn_222_2222,88,1.0,True,False,spectra,toolcalling,success,-1,success_stepn1
22_22222_orgsyn_222_2222,89,1.0,True,False,spectra,toolcalling,success,-1,success_stepn1
22_22222_orgsyn_222_2222,90,1.0,True,False,spectra,toolcalling,success,-1,success_stepn1
77_77777_orgsyn_777_7777,76,1.0,True,False,spectra,toolcalling,success,-1,success_stepn1
77_77777_orgsyn_777_7777,77,1.0,True,False,spectra,toolcalling,success,-1,success_stepn1
77_77777_orgsyn_777_7777,78,1.0,True,False,spectra,toolcalling,success,-1,success_stepn1
77_77777_orgsyn_777_7777,79,1.0,True,False,spectra,toolcalling,success,-1,success_stepn1
77_77777_orgsyn_777_7777,80,1.0,True,False,spectra,toolcalling,success,-1,success_stepn1
77_77777_orgsyn_777_7777,81,1.0,True,False,spectra,toolcalling,success,-1,success_stepn1
77_77777_orgsyn_777_7777,82,1.0,True,False,spectra,toolcalling,success,-1,success_stepn1
77_77777_orgsyn_777_7777,83,1.0,True,False,spectra,toolcalling,success,-1,success_stepn1
77_77777_orgsyn_777_7777,84,1.0,True,False,spectra,toolcalling,success,-1,success_stepn1
77_77777_orgsyn_777_7777,85,1.0,True,False,spectra,toolcalling,success,-1,success_stepn1
77_77777_orgsyn_777_7777,86,1.0,True,False,spectra,toolcalling,success,-1,success_stepn1
77_77777_orgsyn_777_7777,87,1.0,True,False,spectra,toolcalling,success,-1,success_stepn1
77_77777_orgsyn_777_7777,88,1.0,True,False,spectra,toolcalling,success,-1,success_stepn1
77_77777_orgsyn_777_7777,89,1.0,True,False,spectra,toolcalling,success,-1,success_stepn1
77_77777_orgsyn_777_7777,90,1.0,True,False,spectra,toolcalling,success,-1,success_stepn1
10_15227_orgsyn_084_0011_sub2,106,1.0,True,False,spectra,toolcalling,success,-2,success_stepn2
10_15227_orgsyn_084_0011_sub2,108,1.0,True,False,spectra,toolcalling,success,-2,success_stepn2
10_15227_orgsyn_084_0011_sub2,109,1.0,True,False,spectra,toolcalling,success,-2,success_stepn2
10_15227_orgsyn_084_0011_sub2,110,1.0,True,False,spectra,toolcalling,success,-2,success_stepn2
10_15227_orgsyn_084_0011_sub2,112,1.0,True,False,spectra,toolcalling,success,-2,success_stepn2
10_15227_orgsyn_084_0011_sub2,113,1.0,True,False,spectra,toolcalling,success,-2,success_stepn2
10_15227_orgsyn_084_0011_sub2,115,1.0,True,False,spectra,toolcalling,success,-2,success_stepn2
10_15227_orgsyn_084_0011_sub2,116,1.0,True,False,spectra,toolcalling,success,-2,success_stepn2
10_15227_orgsyn_084_0011_sub2,117,1.0,True,False,spectra,toolcalling,success,-2,success_stepn2
10_15227_orgsyn_084_0011_sub2,118,1.0,True,False,spectra,toolcalling,success,-2,success_stepn2
10_15227_orgsyn_084_0011_sub2,119,1.0,True,False,spectra,toolcalling,success,-2,success_stepn2
10_15227_orgsyn_084_0011_sub2,121,1.0,True,False,spectra,toolcalling,success,-2,success_stepn2
10_15227_orgsyn_084_0011_sub2,123,1.0,True,False,spectra,toolcalling,success,-2,success_stepn2
10_15227_orgsyn_084_0011_sub2,124,1.0,True,False,spectra,toolcalling,success,-2,success_stepn2
10_15227_orgsyn_084_0011_sub2,125,1.0,True,False,spectra,toolcalling,success,-2,success_stepn2
10_15227_orgsyn_084_0077,106,1.0,True,False,spectra,toolcalling,success,-2,success_stepn2
10_15227_orgsyn_084_0077,107,1.0,True,False,spectra,toolcalling,success,-2,success_stepn2
10_15227_orgsyn_084_0077,108,1.0,True,False,spectra,toolcalling,success,-2,success_stepn2
10_15227_orgsyn_084_0077,109,1.0,True,False,spectra,toolcalling,success,-2,success_stepn2
10_15227_orgsyn_084_0077,110,1.0,True,False,spectra,toolcalling,success,-2,success_stepn2
10_15227_orgsyn_084_0077,111,1.0,True,False,spectra,toolcalling,success,-2,success_stepn2
10_15227_orgsyn_084_0077,112,1.0,True,False,spectra,toolcalling,success,-2,success_stepn2
10_15227_orgsyn_084_0077,113,1.0,True,False,spectra,toolcalling,success,-2,success_stepn2
10_15227_orgsyn_084_0077,114,1.0,True,False,spectra,toolcalling,success,-2,success_stepn2
10_15227_orgsyn_084_0077,115,1.0,True,False,spectra,toolcalling,success,-2,success_stepn2
10_15227_orgsyn_084_0077,116,1.0,True,False,spectra,toolcalling,success,-2,success_stepn2
10_15227_orgsyn_084_0077,117,1.0,True,False,spectra,toolcalling,success,-2,success_stepn2
10_15227_orgsyn_084_0077,118,1.0,True,False,spectra,toolcalling,success,-2,success_stepn2
10_15227_orgsyn_084_0077,119,1.0,True,False,spectra,toolcalling,success,-2,success_stepn2
10_15227_orgsyn_084_0077,120,0.0,False,False,spectra,toolcalling,success,-2,success_stepn2
10_15227_orgsyn_084_0317m,106,1.0,True,False,spectra,toolcalling,success,-2,success_stepn2
10_15227_orgsyn_084_0317m,107,1.0,True,False,spectra,toolcalling,success,-2,success_stepn2
10_15227_orgsyn_084_0317m,108,1.0,True,False,spectra,toolcalling,success,-2,success_stepn2
10_15227_orgsyn_084_0317m,109,1.0,True,False,spectra,toolcalling,success,-2,success_stepn2
10_15227_orgsyn_084_0317m,110,1.0,True,False,spectra,toolcalling,success,-2,success_stepn2
10_15227_orgsyn_084_0317m,111,1.0,True,False,spectra,toolcalling,success,-2,success_stepn2
10_15227_orgsyn_084_0317m,112,1.0,True,False,spectra,toolcalling,success,-2,success_stepn2
10_15227_orgsyn_084_0317m,113,1.0,True,False,spectra,toolcalling,success,-2,success_stepn2
10_15227_orgsyn_084_0317m,114,1.0,True,False,spectra,toolcalling,success,-2,success_stepn2
10_15227_orgsyn_084_0317m,115,1.0,True,False,spectra,toolcalling,success,-2,success_stepn2
10_15227_orgsyn_084_0317m,116,1.0,True,False,spectra,toolcalling,success,-2,success_stepn2
10_15227_orgsyn_084_0317m,117,1.0,True,False,spectra,toolcalling,success,-2,success_stepn2
10_15227_orgsyn_084_0317m,118,1.0,True,False,spectra,toolcalling,success,-2,success_stepn2
10_15227_orgsyn_084_0317m,119,1.0,True,False,spectra,toolcalling,success,-2,success_stepn2
10_15227_orgsyn_084_0317m,120,1.0,True,False,spectra,toolcalling,success,-2,success_stepn2
22_22222_orgsyn_222_2222,106,0.0,False,False,spectra,toolcalling,success,-2,success_stepn2
22_22222_orgsyn_222_2222,107,0.0,False,False,spectra,toolcalling,success,-2,success_stepn2
22_22222_orgsyn_222_2222,108,0.0,False,False,spectra,toolcalling,success,-2,success_stepn2
22_22222_orgsyn_222_2222,109,0.0,False,False,spectra,toolcalling,success,-2,success_stepn2
22_22222_orgsyn_222_2222,110,0.0,False,False,spectra,toolcalling,success,-2,success_stepn2
22_22222_orgsyn_222_2222,111,1.0,True,False,spectra,toolcalling,success,-2,success_stepn2
22_22222_orgsyn_222_2222,112,1.0,True,False,spectra,toolcalling,success,-2,success_stepn2
22_22222_orgsyn_222_2222,113,1.0,True,False,spectra,toolcalling,success,-2,success_stepn2
22_22222_orgsyn_222_2222,114,1.0,True,False,spectra,toolcalling,success,-2,success_stepn2
22_22222_orgsyn_222_2222,115,0.0,False,False,spectra,toolcalling,success,-2,success_stepn2
22_22222_orgsyn_222_2222,116,1.0,True,False,spectra,toolcalling,success,-2,success_stepn2
22_22222_orgsyn_222_2222,117,0.0,False,False,spectra,toolcalling,success,-2,success_stepn2
22_22222_orgsyn_222_2222,118,1.0,True,False,spectra,toolcalling,success,-2,success_stepn2
22_22222_orgsyn_222_2222,119,0.0,False,False,spectra,toolcalling,success,-2,success_stepn2
22_22222_orgsyn_222_2222,120,0.0,False,False,spectra,toolcalling,success,-2,success_stepn2
77_77777_orgsyn_777_7777,106,0.0,False,False,spectra,toolcalling,success,-2,success_stepn2
77_77777_orgsyn_777_7777,107,1.0,True,False,spectra,toolcalling,success,-2,success_stepn2
77_77777_orgsyn_777_7777,108,1.0,True,False,spectra,toolcalling,success,-2,success_stepn2
77_77777_orgsyn_777_7777,109,1.0,True,False,spectra,toolcalling,success,-2,success_stepn2
77_77777_orgsyn_777_7777,110,1.0,True,False,spectra,toolcalling,success,-2,success_stepn2
77_77777_orgsyn_777_7777,111,1.0,True,False,spectra,toolcalling,success,-2,success_stepn2
77_77777_orgsyn_777_7777,112,1.0,True,False,spectra,toolcalling,success,-2,success_stepn2
77_77777_orgsyn_777_7777,113,1.0,True,False,spectra,toolcalling,success,-2,success_stepn2
77_77777_orgsyn_777_7777,114,1.0,True,False,spectra,toolcalling,success,-2,success_stepn2
77_77777_orgsyn_777_7777,115,1.0,True,False,spectra,toolcalling,success,-2,success_stepn2
77_77777_orgsyn_777_7777,116,1.0,True,False,spectra,toolcalling,success,-2,success_stepn2
77_77777_orgsyn_777_7777,117,0.0,False,False,spectra,toolcalling,success,-2,success_stepn2
77_77777_orgsyn_777_7777,118,1.0,True,False,spectra,toolcalling,success,-2,success_stepn2
77_77777_orgsyn_777_7777,119,1.0,True,False,spectra,toolcalling,success,-2,success_stepn2
77_77777_orgsyn_777_7777,120,1.0,True,False,spectra,toolcalling,success,-2,success_stepn2
qualysis_lvl2_01,1,1.0,True,False,wetlab,react,none,0,baseline
qualysis_lvl2_01,2,1.0,True,False,wetlab,react,none,0,baseline
qualysis_lvl2_01,3,0.0,False,False,wetlab,react,none,0,baseline
qualysis_lvl2_01,4,1.0,True,False,wetlab,react,none,0,baseline
qualysis_lvl2_01,5,1.0,True,False,wetlab,react,none,0,baseline
qualysis_lvl2_01,6,1.0,True,False,wetlab,react,none,0,baseline
qualysis_lvl2_01,7,1.0,True,False,wetlab,react,none,0,baseline
qualysis_lvl2_01,8,1.0,True,False,wetlab,react,none,0,baseline
qualysis_lvl2_01,9,1.0,True,False,wetlab,react,none,0,baseline
qualysis_lvl2_01,10,1.0,True,False,wetlab,react,none,0,baseline
qualysis_lvl2_01,11,1.0,True,False,wetlab,react,none,0,baseline
qualysis_lvl2_01,12,1.0,True,False,wetlab,react,none,0,baseline
qualysis_lvl2_01,13,1.0,True,False,wetlab,react,none,0,baseline
qualysis_lvl2_01,14,1.0,True,False,wetlab,react,none,0,baseline
qualysis_lvl2_01,15,1.0,True,False,wetlab,react,none,0,baseline
qualysis_lvl2_07,1,1.0,True,False,wetlab,react,none,0,baseline
qualysis_lvl2_07,2,0.0,False,False,wetlab,react,none,0,baseline
qualysis_lvl2_07,3,1.0,True,False,wetlab,react,none,0,baseline
qualysis_lvl2_07,4,1.0,True,False,wetlab,react,none,0,baseline
qualysis_lvl2_07,5,0.0,False,False,wetlab,react,none,0,baseline
qualysis_lvl2_07,6,0.0,False,False,wetlab,react,none,0,baseline
qualysis_lvl2_07,7,1.0,True,False,wetlab,react,none,0,baseline
qualysis_lvl2_07,8,0.0,False,False,wetlab,react,none,0,baseline
qualysis_lvl2_07,9,0.0,False,False,wetlab,react,none,0,baseline
qualysis_lvl2_07,10,1.0,True,False,wetlab,react,none,0,baseline
qualysis_lvl2_07,11,1.0,True,False,wetlab,react,none,0,baseline
qualysis_lvl2_07,12,0.0,False,False,wetlab,react,none,0,baseline
qualysis_lvl2_07,13,0.0,False,False,wetlab,react,none,0,baseline
qualysis_lvl2_07,14,1.0,True,False,wetlab,react,none,0,baseline
qualysis_lvl2_07,15,0.0,False,False,wetlab,react,none,0,baseline
qualysis_lvl2_08,1,1.0,True,False,wetlab,react,none,0,baseline
qualysis_lvl2_08,2,1.0,True,False,wetlab,react,none,0,baseline
qualysis_lvl2_08,3,1.0,True,False,wetlab,react,none,0,baseline
qualysis_lvl2_08,4,0.0,False,False,wetlab,react,none,0,baseline
qualysis_lvl2_08,5,1.0,True,False,wetlab,react,none,0,baseline
qualysis_lvl2_08,6,0.0,False,False,wetlab,react,none,0,baseline
qualysis_lvl2_08,7,1.0,True,False,wetlab,react,none,0,baseline
qualysis_lvl2_08,8,1.0,True,False,wetlab,react,none,0,baseline
qualysis_lvl2_08,9,0.0,False,False,wetlab,react,none,0,baseline
qualysis_lvl2_08,10,1.0,True,False,wetlab,react,none,0,baseline
qualysis_lvl2_08,11,1.0,True,False,wetlab,react,none,0,baseline
qualysis_lvl2_08,12,1.0,True,False,wetlab,react,none,0,baseline
qualysis_lvl2_08,13,0.0,False,False,wetlab,react,none,0,baseline
qualysis_lvl2_08,14,0.0,False,False,wetlab,react,none,0,baseline
qualysis_lvl2_08,15,1.0,True,False,wetlab,react,none,0,baseline
qualysis_lvl2_09,1,0.0,False,False,wetlab,react,none,0,baseline
qualysis_lvl2_09,2,0.0,False,False,wetlab,react,none,0,baseline
qualysis_lvl2_09,3,0.0,False,False,wetlab,react,none,0,baseline
qualysis_lvl2_09,4,1.0,True,False,wetlab,react,none,0,baseline
qualysis_lvl2_09,5,0.0,False,False,wetlab,react,none,0,baseline
qualysis_lvl2_09,6,1.0,True,False,wetlab,react,none,0,baseline
qualysis_lvl2_09,7,0.0,False,False,wetlab,react,none,0,baseline
qualysis_lvl2_09,8,1.0,True,False,wetlab,react,none,0,baseline
qualysis_lvl2_09,9,0.0,False,False,wetlab,react,none,0,baseline
qualysis_lvl2_09,10,1.0,True,False,wetlab,react,none,0,baseline
qualysis_lvl2_09,11,1.0,True,False,wetlab,react,none,0,baseline
qualysis_lvl2_09,12,1.0,True,False,wetlab,react,none,0,baseline
qualysis_lvl2_09,13,0.0,False,False,wetlab,react,none,0,baseline
qualysis_lvl2_09,14,1.0,True,False,wetlab,react,none,0,baseline
qualysis_lvl2_09,15,1.0,True,False,wetlab,react,none,0,baseline
qualysis_lvl2_10,1,1.0,True,False,wetlab,react,none,0,baseline
qualysis_lvl2_10,2,0.0,False,False,wetlab,react,none,0,baseline
qualysis_lvl2_10,3,1.0,True,False,wetlab,react,none,0,baseline
qualysis_lvl2_10,4,0.0,False,False,wetlab,react,none,0,baseline
qualysis_lvl2_10,5,1.0,True,False,wetlab,react,none,0,baseline
qualysis_lvl2_10,6,1.0,True,False,wetlab,react,none,0,baseline
qualysis_lvl2_10,7,0.0,False,False,wetlab,react,none,0,baseline
qualysis_lvl2_10,8,1.0,True,False,wetlab,react,none,0,baseline
qualysis_lvl2_10,9,0.0,False,False,wetlab,react,none,0,baseline
qualysis_lvl2_10,10,0.0,False,False,wetlab,react,none,0,baseline
qualysis_lvl2_10,11,1.0,True,False,wetlab,react,none,0,baseline
qualysis_lvl2_10,12,0.0,False,False,wetlab,react,none,0,baseline
qualysis_lvl2_10,13,1.0,True,False,wetlab,react,none,0,baseline
qualysis_lvl2_10,14,0.0,False,False,wetlab,react,none,0,baseline
qualysis_lvl2_10,15,1.0,True,False,wetlab,react,none,0,baseline
qualysis_lvl2_01,16,1.0,True,False,wetlab,react,failed,1,failed_step1
qualysis_lvl2_01,18,0.0,False,False,wetlab,react,failed,1,failed_step1
qualysis_lvl2_01,20,1.0,True,False,wetlab,react,failed,1,failed_step1
qualysis_lvl2_01,22,0.0,False,False,wetlab,react,failed,1,failed_step1
qualysis_lvl2_01,24,1.0,True,False,wetlab,react,failed,1,failed_step1
qualysis_lvl2_01,29,0.0,False,False,wetlab,react,failed,1,failed_step1
qualysis_lvl2_01,33,0.0,False,False,wetlab,react,failed,1,failed_step1
qualysis_lvl2_01,37,1.0,True,False,wetlab,react,failed,1,failed_step1
qualysis_lvl2_01,38,1.0,True,False,wetlab,react,failed,1,failed_step1
qualysis_lvl2_01,43,0.0,False,False,wetlab,react,failed,1,failed_step1
qualysis_lvl2_01,48,0.0,False,False,wetlab,react,failed,1,failed_step1
qualysis_lvl2_01,53,0.0,False,False,wetlab,react,failed,1,failed_step1
qualysis_lvl2_01,57,0.0,False,False,wetlab,react,failed,1,failed_step1
qualysis_lvl2_01,61,0.0,False,False,wetlab,react,failed,1,failed_step1
qualysis_lvl2_01,65,0.0,False,False,wetlab,react,failed,1,failed_step1
qualysis_lvl2_07,21,0.0,False,False,wetlab,react,failed,1,failed_step1
qualysis_lvl2_07,27,1.0,True,False,wetlab,react,failed,1,failed_step1
qualysis_lvl2_07,31,0.0,False,False,wetlab,react,failed,1,failed_step1
qualysis_lvl2_07,37,0.0,False,False,wetlab,react,failed,1,failed_step1
qualysis_lvl2_07,40,0.0,False,False,wetlab,react,failed,1,failed_step1
qualysis_lvl2_07,46,0.0,False,False,wetlab,react,failed,1,failed_step1
qualysis_lvl2_07,48,1.0,True,False,wetlab,react,failed,1,failed_step1
qualysis_lvl2_07,51,0.0,False,False,wetlab,react,failed,1,failed_step1
qualysis_lvl2_07,54,0.0,False,False,wetlab,react,failed,1,failed_step1
qualysis_lvl2_07,59,0.0,False,False,wetlab,react,failed,1,failed_step1
qualysis_lvl2_07,61,0.0,False,False,wetlab,react,failed,1,failed_step1
qualysis_lvl2_07,66,1.0,True,False,wetlab,react,failed,1,failed_step1
qualysis_lvl2_07,69,1.0,True,False,wetlab,react,failed,1,failed_step1
qualysis_lvl2_07,72,1.0,True,False,wetlab,react,failed,1,failed_step1
qualysis_lvl2_07,73,0.0,False,False,wetlab,react,failed,1,failed_step1
qualysis_lvl2_08,22,1.0,True,False,wetlab,react,failed,1,failed_step1
qualysis_lvl2_08,25,1.0,True,False,wetlab,react,failed,1,failed_step1
qualysis_lvl2_08,29,0.0,False,False,wetlab,react,failed,1,failed_step1
qualysis_lvl2_08,33,1.0,True,False,wetlab,react,failed,1,failed_step1
qualysis_lvl2_08,39,1.0,True,False,wetlab,react,failed,1,failed_step1
qualysis_lvl2_08,42,0.0,False,False,wetlab,react,failed,1,failed_step1
qualysis_lvl2_08,46,1.0,True,False,wetlab,react,failed,1,failed_step1
qualysis_lvl2_08,49,0.0,False,False,wetlab,react,failed,1,failed_step1
qualysis_lvl2_08,55,1.0,True,False,wetlab,react,failed,1,failed_step1
qualysis_lvl2_08,59,0.0,False,False,wetlab,react,failed,1,failed_step1
qualysis_lvl2_08,63,1.0,True,False,wetlab,react,failed,1,failed_step1
qualysis_lvl2_08,67,0.0,False,False,wetlab,react,failed,1,failed_step1
qualysis_lvl2_08,70,0.0,False,False,wetlab,react,failed,1,failed_step1
qualysis_lvl2_08,72,0.0,False,False,wetlab,react,failed,1,failed_step1
qualysis_lvl2_08,73,1.0,True,False,wetlab,react,failed,1,failed_step1
qualysis_lvl2_09,26,0.0,False,False,wetlab,react,failed,1,failed_step1
qualysis_lvl2_09,30,0.0,False,False,wetlab,react,failed,1,failed_step1
qualysis_lvl2_09,35,0.0,False,False,wetlab,react,failed,1,failed_step1
qualysis_lvl2_09,38,1.0,True,False,wetlab,react,failed,1,failed_step1
qualysis_lvl2_09,43,0.0,False,False,wetlab,react,failed,1,failed_step1
qualysis_lvl2_09,47,0.0,False,False,wetlab,react,failed,1,failed_step1
qualysis_lvl2_09,53,0.0,False,False,wetlab,react,failed,1,failed_step1
qualysis_lvl2_09,56,1.0,True,False,wetlab,react,failed,1,failed_step1
qualysis_lvl2_09,59,0.0,False,False,wetlab,react,failed,1,failed_step1
qualysis_lvl2_09,63,0.0,False,False,wetlab,react,failed,1,failed_step1
qualysis_lvl2_09,64,0.0,False,False,wetlab,react,failed,1,failed_step1
qualysis_lvl2_09,65,0.0,False,False,wetlab,react,failed,1,failed_step1
qualysis_lvl2_09,66,1.0,True,False,wetlab,react,failed,1,failed_step1
qualysis_lvl2_09,67,0.0,False,False,wetlab,react,failed,1,failed_step1
qualysis_lvl2_09,68,0.0,False,False,wetlab,react,failed,1,failed_step1
qualysis_lvl2_10,21,0.0,False,False,wetlab,react,failed,1,failed_step1
qualysis_lvl2_10,23,0.0,False,False,wetlab,react,failed,1,failed_step1
qualysis_lvl2_10,25,1.0,True,False,wetlab,react,failed,1,failed_step1
qualysis_lvl2_10,27,0.0,False,False,wetlab,react,failed,1,failed_step1
qualysis_lvl2_10,29,1.0,True,False,wetlab,react,failed,1,failed_step1
qualysis_lvl2_10,31,0.0,False,False,wetlab,react,failed,1,failed_step1
qualysis_lvl2_10,33,1.0,True,False,wetlab,react,failed,1,failed_step1
qualysis_lvl2_10,34,0.0,False,False,wetlab,react,failed,1,failed_step1
qualysis_lvl2_10,37,0.0,False,False,wetlab,react,failed,1,failed_step1
qualysis_lvl2_10,40,1.0,True,False,wetlab,react,failed,1,failed_step1
qualysis_lvl2_10,41,1.0,True,False,wetlab,react,failed,1,failed_step1
qualysis_lvl2_10,42,1.0,True,False,wetlab,react,failed,1,failed_step1
qualysis_lvl2_10,43,0.0,False,False,wetlab,react,failed,1,failed_step1
qualysis_lvl2_10,44,0.0,False,False,wetlab,react,failed,1,failed_step1
qualysis_lvl2_10,45,0.0,False,False,wetlab,react,failed,1,failed_step1
qualysis_lvl2_01,68,0.0,False,False,wetlab,react,failed,2,failed_step2
qualysis_lvl2_01,71,0.0,False,False,wetlab,react,failed,2,failed_step2
qualysis_lvl2_01,72,1.0,True,False,wetlab,react,failed,2,failed_step2
qualysis_lvl2_01,75,0.0,False,False,wetlab,react,failed,2,failed_step2
qualysis_lvl2_01,79,1.0,True,False,wetlab,react,failed,2,failed_step2
qualysis_lvl2_01,83,0.0,False,False,wetlab,react,failed,2,failed_step2
qualysis_lvl2_01,88,0.0,False,False,wetlab,react,failed,2,failed_step2
qualysis_lvl2_01,93,0.0,False,False,wetlab,react,failed,2,failed_step2
qualysis_lvl2_01,97,0.0,False,False,wetlab,react,failed,2,failed_step2
qualysis_lvl2_01,102,0.0,False,False,wetlab,react,failed,2,failed_step2
qualysis_lvl2_01,106,0.0,False,False,wetlab,react,failed,2,failed_step2
qualysis_lvl2_01,108,1.0,True,False,wetlab,react,failed,2,failed_step2
qualysis_lvl2_01,113,1.0,True,False,wetlab,react,failed,2,failed_step2
qualysis_lvl2_01,115,1.0,True,False,wetlab,react,failed,2,failed_step2
qualysis_lvl2_01,116,1.0,True,False,wetlab,react,failed,2,failed_step2
qualysis_lvl2_07,83,0.0,False,False,wetlab,react,failed,2,failed_step2
qualysis_lvl2_07,87,0.0,False,False,wetlab,react,failed,2,failed_step2
qualysis_lvl2_07,91,0.0,False,False,wetlab,react,failed,2,failed_step2
qualysis_lvl2_07,95,1.0,True,False,wetlab,react,failed,2,failed_step2
qualysis_lvl2_07,99,1.0,True,False,wetlab,react,failed,2,failed_step2
qualysis_lvl2_07,103,0.0,False,False,wetlab,react,failed,2,failed_step2
qualysis_lvl2_07,107,1.0,True,False,wetlab,react,failed,2,failed_step2
qualysis_lvl2_07,111,0.0,False,False,wetlab,react,failed,2,failed_step2
qualysis_lvl2_07,115,0.0,False,False,wetlab,react,failed,2,failed_step2
qualysis_lvl2_07,118,0.0,False,False,wetlab,react,failed,2,failed_step2
qualysis_lvl2_07,121,0.0,False,False,wetlab,react,failed,2,failed_step2
qualysis_lvl2_07,122,0.0,False,False,wetlab,react,failed,2,failed_step2
qualysis_lvl2_07,128,0.0,False,False,wetlab,react,failed,2,failed_step2
qualysis_lvl2_07,131,0.0,False,False,wetlab,react,failed,2,failed_step2
qualysis_lvl2_07,132,0.0,False,False,wetlab,react,failed,2,failed_step2
qualysis_lvl2_08,82,1.0,True,False,wetlab,react,failed,2,failed_step2
qualysis_lvl2_08,85,0.0,False,False,wetlab,react,failed,2,failed_step2
qualysis_lvl2_08,90,1.0,True,False,wetlab,react,failed,2,failed_step2
qualysis_lvl2_08,96,1.0,True,False,wetlab,react,failed,2,failed_step2
qualysis_lvl2_08,100,1.0,True,False,wetlab,react,failed,2,failed_step2
qualysis_lvl2_08,108,0.0,False,False,wetlab,react,failed,2,failed_step2
qualysis_lvl2_08,112,1.0,True,False,wetlab,react,failed,2,failed_step2
qualysis_lvl2_08,114,1.0,True,False,wetlab,react,failed,2,failed_step2
qualysis_lvl2_08,120,1.0,True,False,wetlab,react,failed,2,failed_step2
qualysis_lvl2_08,125,1.0,True,False,wetlab,react,failed,2,failed_step2
qualysis_lvl2_08,127,1.0,True,False,wetlab,react,failed,2,failed_step2
qualysis_lvl2_08,130,0.0,False,False,wetlab,react,failed,2,failed_step2
qualysis_lvl2_08,132,1.0,True,False,wetlab,react,failed,2,failed_step2
qualysis_lvl2_08,134,1.0,True,False,wetlab,react,failed,2,failed_step2
qualysis_lvl2_08,135,0.0,False,False,wetlab,react,failed,2,failed_step2
qualysis_lvl2_09,79,0.0,False,False,wetlab,react,failed,2,failed_step2
qualysis_lvl2_09,85,0.0,False,False,wetlab,react,failed,2,failed_step2
qualysis_lvl2_09,89,0.0,False,False,wetlab,react,failed,2,failed_step2
qualysis_lvl2_09,91,0.0,False,False,wetlab,react,failed,2,failed_step2
qualysis_lvl2_09,95,0.0,False,False,wetlab,react,failed,2,failed_step2
qualysis_lvl2_09,99,0.0,False,False,wetlab,react,failed,2,failed_step2
qualysis_lvl2_09,103,0.0,False,False,wetlab,react,failed,2,failed_step2
qualysis_lvl2_09,104,1.0,True,False,wetlab,react,failed,2,failed_step2
qualysis_lvl2_09,109,0.0,False,False,wetlab,react,failed,2,failed_step2
qualysis_lvl2_09,113,1.0,True,False,wetlab,react,failed,2,failed_step2
qualysis_lvl2_09,116,0.0,False,False,wetlab,react,failed,2,failed_step2
qualysis_lvl2_09,121,1.0,True,False,wetlab,react,failed,2,failed_step2
qualysis_lvl2_09,124,0.0,False,False,wetlab,react,failed,2,failed_step2
qualysis_lvl2_09,126,0.0,False,False,wetlab,react,failed,2,failed_step2
qualysis_lvl2_09,128,0.0,False,False,wetlab,react,failed,2,failed_step2
qualysis_lvl2_10,55,0.0,False,False,wetlab,react,failed,2,failed_step2
qualysis_lvl2_10,60,1.0,True,False,wetlab,react,failed,2,failed_step2
qualysis_lvl2_10,64,0.0,False,False,wetlab,react,failed,2,failed_step2
qualysis_lvl2_10,68,0.0,False,False,wetlab,react,failed,2,failed_step2
qualysis_lvl2_10,71,1.0,True,False,wetlab,react,failed,2,failed_step2
qualysis_lvl2_10,75,0.0,False,False,wetlab,react,failed,2,failed_step2
qualysis_lvl2_10,78,1.0,True,False,wetlab,react,failed,2,failed_step2
qualysis_lvl2_10,80,1.0,True,False,wetlab,react,failed,2,failed_step2
qualysis_lvl2_10,85,0.0,False,False,wetlab,react,failed,2,failed_step2
qualysis_lvl2_10,91,1.0,True,False,wetlab,react,failed,2,failed_step2
qualysis_lvl2_10,93,1.0,True,False,wetlab,react,failed,2,failed_step2
qualysis_lvl2_10,97,0.0,False,False,wetlab,react,failed,2,failed_step2
qualysis_lvl2_10,101,0.0,False,False,wetlab,react,failed,2,failed_step2
qualysis_lvl2_10,102,1.0,True,False,wetlab,react,failed,2,failed_step2
qualysis_lvl2_10,105,0.0,False,False,wetlab,react,failed,2,failed_step2
qualysis_lvl2_01,120,0.0,False,False,wetlab,react,failed,-1,failed_stepn1
qualysis_lvl2_01,125,0.0,False,False,wetlab,react,failed,-1,failed_stepn1
qualysis_lvl2_01,128,0.0,False,False,wetlab,react,failed,-1,failed_stepn1
qualysis_lvl2_01,130,0.0,False,False,wetlab,react,failed,-1,failed_stepn1
qualysis_lvl2_01,132,0.0,False,False,wetlab,react,failed,-1,failed_stepn1
qualysis_lvl2_01,138,0.0,False,False,wetlab,react,failed,-1,failed_stepn1
qualysis_lvl2_01,140,0.0,False,False,wetlab,react,failed,-1,failed_stepn1
qualysis_lvl2_01,141,0.0,False,False,wetlab,react,failed,-1,failed_stepn1
qualysis_lvl2_01,142,0.0,False,False,wetlab,react,failed,-1,failed_stepn1
qualysis_lvl2_01,143,0.0,False,False,wetlab,react,failed,-1,failed_stepn1
qualysis_lvl2_01,144,0.0,False,False,wetlab,react,failed,-1,failed_stepn1
qualysis_lvl2_01,145,0.0,False,False,wetlab,react,failed,-1,failed_stepn1
qualysis_lvl2_01,146,0.0,False,False,wetlab,react,failed,-1,failed_stepn1
qualysis_lvl2_01,147,0.0,False,False,wetlab,react,failed,-1,failed_stepn1
qualysis_lvl2_01,148,0.0,False,False,wetlab,react,failed,-1,failed_stepn1
qualysis_lvl2_07,148,0.0,False,False,wetlab,react,failed,-1,failed_stepn1
qualysis_lvl2_07,149,0.0,False,False,wetlab,react,failed,-1,failed_stepn1
qualysis_lvl2_07,153,1.0,True,False,wetlab,react,failed,-1,failed_stepn1
qualysis_lvl2_07,154,0.0,False,False,wetlab,react,failed,-1,failed_stepn1
qualysis_lvl2_07,155,0.0,False,False,wetlab,react,failed,-1,failed_stepn1
qualysis_lvl2_07,156,0.0,False,False,wetlab,react,failed,-1,failed_stepn1
qualysis_lvl2_07,157,0.0,False,False,wetlab,react,failed,-1,failed_stepn1
qualysis_lvl2_07,158,0.0,False,False,wetlab,react,failed,-1,failed_stepn1
qualysis_lvl2_07,159,0.0,False,False,wetlab,react,failed,-1,failed_stepn1
qualysis_lvl2_07,160,0.0,False,False,wetlab,react,failed,-1,failed_stepn1
qualysis_lvl2_07,161,0.0,False,False,wetlab,react,failed,-1,failed_stepn1
qualysis_lvl2_07,162,1.0,True,False,wetlab,react,failed,-1,failed_stepn1
qualysis_lvl2_07,163,0.0,False,False,wetlab,react,failed,-1,failed_stepn1
qualysis_lvl2_07,164,0.0,False,False,wetlab,react,failed,-1,failed_stepn1
qualysis_lvl2_07,165,0.0,False,False,wetlab,react,failed,-1,failed_stepn1
qualysis_lvl2_08,151,0.0,False,False,wetlab,react,failed,-1,failed_stepn1
qualysis_lvl2_08,152,0.0,False,False,wetlab,react,failed,-1,failed_stepn1
qualysis_lvl2_08,153,0.0,False,False,wetlab,react,failed,-1,failed_stepn1
qualysis_lvl2_08,154,0.0,False,False,wetlab,react,failed,-1,failed_stepn1
qualysis_lvl2_08,155,0.0,False,False,wetlab,react,failed,-1,failed_stepn1
qualysis_lvl2_08,156,0.0,False,False,wetlab,react,failed,-1,failed_stepn1
qualysis_lvl2_08,157,0.0,False,False,wetlab,react,failed,-1,failed_stepn1
qualysis_lvl2_08,158,0.0,False,False,wetlab,react,failed,-1,failed_stepn1
qualysis_lvl2_08,159,0.0,False,False,wetlab,react,failed,-1,failed_stepn1
qualysis_lvl2_08,160,0.0,False,False,wetlab,react,failed,-1,failed_stepn1
qualysis_lvl2_08,161,0.0,False,False,wetlab,react,failed,-1,failed_stepn1
qualysis_lvl2_08,162,0.0,False,False,wetlab,react,failed,-1,failed_stepn1
qualysis_lvl2_08,163,0.0,False,False,wetlab,react,failed,-1,failed_stepn1
qualysis_lvl2_08,164,0.0,False,False,wetlab,react,failed,-1,failed_stepn1
qualysis_lvl2_08,165,0.0,False,False,wetlab,react,failed,-1,failed_stepn1
qualysis_lvl2_09,138,0.0,False,False,wetlab,react,failed,-1,failed_stepn1
qualysis_lvl2_09,143,1.0,True,False,wetlab,react,failed,-1,failed_stepn1
qualysis_lvl2_09,145,0.0,False,False,wetlab,react,failed,-1,failed_stepn1
qualysis_lvl2_09,147,0.0,False,False,wetlab,react,failed,-1,failed_stepn1
qualysis_lvl2_09,148,0.0,False,False,wetlab,react,failed,-1,failed_stepn1
qualysis_lvl2_09,149,0.0,False,False,wetlab,react,failed,-1,failed_stepn1
qualysis_lvl2_09,150,0.0,False,False,wetlab,react,failed,-1,failed_stepn1
qualysis_lvl2_09,151,0.0,False,False,wetlab,react,failed,-1,failed_stepn1
qualysis_lvl2_09,152,0.0,False,False,wetlab,react,failed,-1,failed_stepn1
qualysis_lvl2_09,153,0.0,False,False,wetlab,react,failed,-1,failed_stepn1
qualysis_lvl2_09,154,0.0,False,False,wetlab,react,failed,-1,failed_stepn1
qualysis_lvl2_09,155,0.0,False,False,wetlab,react,failed,-1,failed_stepn1
qualysis_lvl2_09,156,0.0,False,False,wetlab,react,failed,-1,failed_stepn1
qualysis_lvl2_09,157,0.0,False,False,wetlab,react,failed,-1,failed_stepn1
qualysis_lvl2_09,158,0.0,False,False,wetlab,react,failed,-1,failed_stepn1
qualysis_lvl2_10,121,0.0,False,False,wetlab,react,failed,-1,failed_stepn1
qualysis_lvl2_10,122,0.0,False,False,wetlab,react,failed,-1,failed_stepn1
qualysis_lvl2_10,123,0.0,False,False,wetlab,react,failed,-1,failed_stepn1
qualysis_lvl2_10,124,0.0,False,False,wetlab,react,failed,-1,failed_stepn1
qualysis_lvl2_10,125,0.0,False,False,wetlab,react,failed,-1,failed_stepn1
qualysis_lvl2_10,126,0.0,False,False,wetlab,react,failed,-1,failed_stepn1
qualysis_lvl2_10,127,0.0,False,False,wetlab,react,failed,-1,failed_stepn1
qualysis_lvl2_10,128,0.0,False,False,wetlab,react,failed,-1,failed_stepn1
qualysis_lvl2_10,129,0.0,False,False,wetlab,react,failed,-1,failed_stepn1
qualysis_lvl2_10,130,0.0,False,False,wetlab,react,failed,-1,failed_stepn1
qualysis_lvl2_10,131,1.0,True,False,wetlab,react,failed,-1,failed_stepn1
qualysis_lvl2_10,132,0.0,False,False,wetlab,react,failed,-1,failed_stepn1
qualysis_lvl2_10,133,1.0,True,False,wetlab,react,failed,-1,failed_stepn1
qualysis_lvl2_10,134,0.0,False,False,wetlab,react,failed,-1,failed_stepn1
qualysis_lvl2_10,135,0.0,False,False,wetlab,react,failed,-1,failed_stepn1
qualysis_lvl2_01,157,0.0,False,False,wetlab,react,failed,-2,failed_stepn2
qualysis_lvl2_01,158,0.0,False,False,wetlab,react,failed,-2,failed_stepn2
qualysis_lvl2_01,159,0.0,False,False,wetlab,react,failed,-2,failed_stepn2
qualysis_lvl2_01,160,0.0,False,False,wetlab,react,failed,-2,failed_stepn2
qualysis_lvl2_01,161,0.0,False,False,wetlab,react,failed,-2,failed_stepn2
qualysis_lvl2_01,165,0.0,False,False,wetlab,react,failed,-2,failed_stepn2
qualysis_lvl2_01,166,0.0,False,False,wetlab,react,failed,-2,failed_stepn2
qualysis_lvl2_01,167,0.0,False,False,wetlab,react,failed,-2,failed_stepn2
qualysis_lvl2_01,168,0.0,False,False,wetlab,react,failed,-2,failed_stepn2
qualysis_lvl2_01,169,0.0,False,False,wetlab,react,failed,-2,failed_stepn2
qualysis_lvl2_01,170,0.0,False,False,wetlab,react,failed,-2,failed_stepn2
qualysis_lvl2_01,172,0.0,False,False,wetlab,react,failed,-2,failed_stepn2
qualysis_lvl2_01,173,0.0,False,False,wetlab,react,failed,-2,failed_stepn2
qualysis_lvl2_01,174,0.0,False,False,wetlab,react,failed,-2,failed_stepn2
qualysis_lvl2_01,175,0.0,False,False,wetlab,react,failed,-2,failed_stepn2
qualysis_lvl2_07,166,0.0,False,False,wetlab,react,failed,-2,failed_stepn2
qualysis_lvl2_07,167,0.0,False,False,wetlab,react,failed,-2,failed_stepn2
qualysis_lvl2_07,168,0.0,False,False,wetlab,react,failed,-2,failed_stepn2
qualysis_lvl2_07,176,0.0,False,False,wetlab,react,failed,-2,failed_stepn2
qualysis_lvl2_07,179,0.0,False,False,wetlab,react,failed,-2,failed_stepn2
qualysis_lvl2_07,180,0.0,False,False,wetlab,react,failed,-2,failed_stepn2
qualysis_lvl2_07,181,0.0,False,False,wetlab,react,failed,-2,failed_stepn2
qualysis_lvl2_07,182,0.0,False,False,wetlab,react,failed,-2,failed_stepn2
qualysis_lvl2_07,183,0.0,False,False,wetlab,react,failed,-2,failed_stepn2
qualysis_lvl2_07,184,0.0,False,False,wetlab,react,failed,-2,failed_stepn2
qualysis_lvl2_07,185,1.0,True,False,wetlab,react,failed,-2,failed_stepn2
qualysis_lvl2_07,186,0.0,False,False,wetlab,react,failed,-2,failed_stepn2
qualysis_lvl2_07,187,0.0,False,False,wetlab,react,failed,-2,failed_stepn2
qualysis_lvl2_07,188,0.0,False,False,wetlab,react,failed,-2,failed_stepn2
qualysis_lvl2_07,189,0.0,False,False,wetlab,react,failed,-2,failed_stepn2
qualysis_lvl2_08,166,0.0,False,False,wetlab,react,failed,-2,failed_stepn2
qualysis_lvl2_08,167,0.0,False,False,wetlab,react,failed,-2,failed_stepn2
qualysis_lvl2_08,168,0.0,False,False,wetlab,react,failed,-2,failed_stepn2
qualysis_lvl2_08,169,0.0,False,False,wetlab,react,failed,-2,failed_stepn2
qualysis_lvl2_08,170,0.0,False,False,wetlab,react,failed,-2,failed_stepn2
qualysis_lvl2_08,171,0.0,False,False,wetlab,react,failed,-2,failed_stepn2
qualysis_lvl2_08,172,0.0,False,False,wetlab,react,failed,-2,failed_stepn2
qualysis_lvl2_08,174,0.0,False,False,wetlab,react,failed,-2,failed_stepn2
qualysis_lvl2_08,176,0.0,False,False,wetlab,react,failed,-2,failed_stepn2
qualysis_lvl2_08,177,0.0,False,False,wetlab,react,failed,-2,failed_stepn2
qualysis_lvl2_08,179,0.0,False,False,wetlab,react,failed,-2,failed_stepn2
qualysis_lvl2_08,180,0.0,False,False,wetlab,react,failed,-2,failed_stepn2
qualysis_lvl2_08,182,0.0,False,False,wetlab,react,failed,-2,failed_stepn2
qualysis_lvl2_08,184,0.0,False,False,wetlab,react,failed,-2,failed_stepn2
qualysis_lvl2_08,186,0.0,False,False,wetlab,react,failed,-2,failed_stepn2
qualysis_lvl2_09,159,0.0,False,False,wetlab,react,failed,-2,failed_stepn2
qualysis_lvl2_09,160,0.0,False,False,wetlab,react,failed,-2,failed_stepn2
qualysis_lvl2_09,161,0.0,False,False,wetlab,react,failed,-2,failed_stepn2
qualysis_lvl2_09,162,0.0,False,False,wetlab,react,failed,-2,failed_stepn2
qualysis_lvl2_09,163,1.0,True,False,wetlab,react,failed,-2,failed_stepn2
qualysis_lvl2_09,165,0.0,False,False,wetlab,react,failed,-2,failed_stepn2
qualysis_lvl2_09,169,0.0,False,False,wetlab,react,failed,-2,failed_stepn2
qualysis_lvl2_09,170,0.0,False,False,wetlab,react,failed,-2,failed_stepn2
qualysis_lvl2_09,175,1.0,True,False,wetlab,react,failed,-2,failed_stepn2
qualysis_lvl2_09,180,1.0,True,False,wetlab,react,failed,-2,failed_stepn2
qualysis_lvl2_09,182,0.0,False,False,wetlab,react,failed,-2,failed_stepn2
qualysis_lvl2_09,185,0.0,False,False,wetlab,react,failed,-2,failed_stepn2
qualysis_lvl2_09,186,0.0,False,False,wetlab,react,failed,-2,failed_stepn2
qualysis_lvl2_09,187,0.0,False,False,wetlab,react,failed,-2,failed_stepn2
qualysis_lvl2_09,188,0.0,False,False,wetlab,react,failed,-2,failed_stepn2
qualysis_lvl2_10,147,0.0,False,False,wetlab,react,failed,-2,failed_stepn2
qualysis_lvl2_10,151,1.0,True,False,wetlab,react,failed,-2,failed_stepn2
qualysis_lvl2_10,153,1.0,True,False,wetlab,react,failed,-2,failed_stepn2
qualysis_lvl2_10,154,1.0,True,False,wetlab,react,failed,-2,failed_stepn2
qualysis_lvl2_10,155,0.0,False,False,wetlab,react,failed,-2,failed_stepn2
qualysis_lvl2_10,156,0.0,False,False,wetlab,react,failed,-2,failed_stepn2
qualysis_lvl2_10,157,0.0,False,False,wetlab,react,failed,-2,failed_stepn2
qualysis_lvl2_10,158,0.0,False,False,wetlab,react,failed,-2,failed_stepn2
qualysis_lvl2_10,159,0.0,False,False,wetlab,react,failed,-2,failed_stepn2
qualysis_lvl2_10,160,0.0,False,False,wetlab,react,failed,-2,failed_stepn2
qualysis_lvl2_10,161,1.0,True,False,wetlab,react,failed,-2,failed_stepn2
qualysis_lvl2_10,162,0.0,False,False,wetlab,react,failed,-2,failed_stepn2
qualysis_lvl2_10,163,0.0,False,False,wetlab,react,failed,-2,failed_stepn2
qualysis_lvl2_10,164,1.0,True,False,wetlab,react,failed,-2,failed_stepn2
qualysis_lvl2_10,165,0.0,False,False,wetlab,react,failed,-2,failed_stepn2
qualysis_lvl2_01,17,1.0,True,False,wetlab,react,success,1,success_step1
qualysis_lvl2_01,19,0.0,False,False,wetlab,react,success,1,success_step1
qualysis_lvl2_01,21,1.0,True,False,wetlab,react,success,1,success_step1
qualysis_lvl2_01,23,1.0,True,False,wetlab,react,success,1,success_step1
qualysis_lvl2_01,27,1.0,True,False,wetlab,react,success,1,success_step1
qualysis_lvl2_01,31,0.0,False,False,wetlab,react,success,1,success_step1
qualysis_lvl2_01,36,0.0,False,False,wetlab,react,success,1,success_step1
qualysis_lvl2_01,39,1.0,True,False,wetlab,react,success,1,success_step1
qualysis_lvl2_01,42,0.0,False,False,wetlab,react,success,1,success_step1
qualysis_lvl2_01,46,0.0,False,False,wetlab,react,success,1,success_step1
qualysis_lvl2_01,52,0.0,False,False,wetlab,react,success,1,success_step1
qualysis_lvl2_01,56,0.0,False,False,wetlab,react,success,1,success_step1
qualysis_lvl2_01,59,0.0,False,False,wetlab,react,success,1,success_step1
qualysis_lvl2_01,63,1.0,True,False,wetlab,react,success,1,success_step1
qualysis_lvl2_01,66,0.0,False,False,wetlab,react,success,1,success_step1
qualysis_lvl2_07,18,0.0,False,False,wetlab,react,success,1,success_step1
qualysis_lvl2_07,20,1.0,True,False,wetlab,react,success,1,success_step1
qualysis_lvl2_07,23,1.0,True,False,wetlab,react,success,1,success_step1
qualysis_lvl2_07,26,1.0,True,False,wetlab,react,success,1,success_step1
qualysis_lvl2_07,30,0.0,False,False,wetlab,react,success,1,success_step1
qualysis_lvl2_07,34,0.0,False,False,wetlab,react,success,1,success_step1
qualysis_lvl2_07,39,0.0,False,False,wetlab,react,success,1,success_step1
qualysis_lvl2_07,43,0.0,False,False,wetlab,react,success,1,success_step1
qualysis_lvl2_07,45,0.0,False,False,wetlab,react,success,1,success_step1
qualysis_lvl2_07,49,0.0,False,False,wetlab,react,success,1,success_step1
qualysis_lvl2_07,53,0.0,False,False,wetlab,react,success,1,success_step1
qualysis_lvl2_07,57,0.0,False,False,wetlab,react,success,1,success_step1
qualysis_lvl2_07,62,0.0,False,False,wetlab,react,success,1,success_step1
qualysis_lvl2_07,67,0.0,False,False,wetlab,react,success,1,success_step1
qualysis_lvl2_07,70,0.0,False,False,wetlab,react,success,1,success_step1
qualysis_lvl2_08,20,1.0,True,False,wetlab,react,success,1,success_step1
qualysis_lvl2_08,21,1.0,True,False,wetlab,react,success,1,success_step1
qualysis_lvl2_08,24,1.0,True,False,wetlab,react,success,1,success_step1
qualysis_lvl2_08,28,1.0,True,False,wetlab,react,success,1,success_step1
qualysis_lvl2_08,31,1.0,True,False,wetlab,react,success,1,success_step1
qualysis_lvl2_08,35,1.0,True,False,wetlab,react,success,1,success_step1
qualysis_lvl2_08,38,1.0,True,False,wetlab,react,success,1,success_step1
qualysis_lvl2_08,41,1.0,True,False,wetlab,react,success,1,success_step1
qualysis_lvl2_08,44,0.0,False,False,wetlab,react,success,1,success_step1
qualysis_lvl2_08,48,1.0,True,False,wetlab,react,success,1,success_step1
qualysis_lvl2_08,51,0.0,False,False,wetlab,react,success,1,success_step1
qualysis_lvl2_08,53,1.0,True,False,wetlab,react,success,1,success_step1
qualysis_lvl2_08,58,0.0,False,False,wetlab,react,success,1,success_step1
qualysis_lvl2_08,62,1.0,True,False,wetlab,react,success,1,success_step1
qualysis_lvl2_08,65,1.0,True,False,wetlab,react,success,1,success_step1
qualysis_lvl2_09,16,0.0,False,False,wetlab,react,success,1,success_step1
qualysis_lvl2_09,18,1.0,True,False,wetlab,react,success,1,success_step1
qualysis_lvl2_09,20,0.0,False,False,wetlab,react,success,1,success_step1
qualysis_lvl2_09,22,0.0,False,False,wetlab,react,success,1,success_step1
qualysis_lvl2_09,23,1.0,True,False,wetlab,react,success,1,success_step1
qualysis_lvl2_09,25,1.0,True,False,wetlab,react,success,1,success_step1
qualysis_lvl2_09,29,0.0,False,False,wetlab,react,success,1,success_step1
qualysis_lvl2_09,33,1.0,True,False,wetlab,react,success,1,success_step1
qualysis_lvl2_09,37,0.0,False,False,wetlab,react,success,1,success_step1
qualysis_lvl2_09,40,1.0,True,False,wetlab,react,success,1,success_step1
qualysis_lvl2_09,46,1.0,True,False,wetlab,react,success,1,success_step1
qualysis_lvl2_09,50,0.0,False,False,wetlab,react,success,1,success_step1
qualysis_lvl2_09,52,1.0,True,False,wetlab,react,success,1,success_step1
qualysis_lvl2_09,57,0.0,False,False,wetlab,react,success,1,success_step1
qualysis_lvl2_09,61,1.0,True,False,wetlab,react,success,1,success_step1
qualysis_lvl2_10,16,1.0,True,False,wetlab,react,success,1,success_step1
qualysis_lvl2_10,17,1.0,True,False,wetlab,react,success,1,success_step1
qualysis_lvl2_10,18,0.0,False,False,wetlab,react,success,1,success_step1
qualysis_lvl2_10,19,0.0,False,False,wetlab,react,success,1,success_step1
qualysis_lvl2_10,20,0.0,False,False,wetlab,react,success,1,success_step1
qualysis_lvl2_10,22,1.0,True,False,wetlab,react,success,1,success_step1
qualysis_lvl2_10,24,1.0,True,False,wetlab,react,success,1,success_step1
qualysis_lvl2_10,26,1.0,True,False,wetlab,react,success,1,success_step1
qualysis_lvl2_10,28,1.0,True,False,wetlab,react,success,1,success_step1
qualysis_lvl2_10,30,1.0,True,False,wetlab,react,success,1,success_step1
qualysis_lvl2_10,32,1.0,True,False,wetlab,react,success,1,success_step1
qualysis_lvl2_10,35,0.0,False,False,wetlab,react,success,1,success_step1
qualysis_lvl2_10,36,1.0,True,False,wetlab,react,success,1,success_step1
qualysis_lvl2_10,38,1.0,True,False,wetlab,react,success,1,success_step1
qualysis_lvl2_10,39,1.0,True,False,wetlab,react,success,1,success_step1
qualysis_lvl2_01,67,1.0,True,False,wetlab,react,success,2,success_step2
qualysis_lvl2_01,69,1.0,True,False,wetlab,react,success,2,success_step2
qualysis_lvl2_01,70,0.0,False,False,wetlab,react,success,2,success_step2
qualysis_lvl2_01,73,0.0,False,False,wetlab,react,success,2,success_step2
qualysis_lvl2_01,74,1.0,True,False,wetlab,react,success,2,success_step2
qualysis_lvl2_01,76,1.0,True,False,wetlab,react,success,2,success_step2
qualysis_lvl2_01,80,0.0,False,False,wetlab,react,success,2,success_step2
qualysis_lvl2_01,84,1.0,True,False,wetlab,react,success,2,success_step2
qualysis_lvl2_01,86,1.0,True,False,wetlab,react,success,2,success_step2
qualysis_lvl2_01,91,1.0,True,False,wetlab,react,success,2,success_step2
qualysis_lvl2_01,96,0.0,False,False,wetlab,react,success,2,success_step2
qualysis_lvl2_01,99,0.0,False,False,wetlab,react,success,2,success_step2
qualysis_lvl2_01,104,0.0,False,False,wetlab,react,success,2,success_step2
qualysis_lvl2_01,110,0.0,False,False,wetlab,react,success,2,success_step2
qualysis_lvl2_01,112,1.0,True,False,wetlab,react,success,2,success_step2
qualysis_lvl2_07,78,0.0,False,False,wetlab,react,success,2,success_step2
qualysis_lvl2_07,80,0.0,False,False,wetlab,react,success,2,success_step2
qualysis_lvl2_07,81,1.0,True,False,wetlab,react,success,2,success_step2
qualysis_lvl2_07,85,0.0,False,False,wetlab,react,success,2,success_step2
qualysis_lvl2_07,89,0.0,False,False,wetlab,react,success,2,success_step2
qualysis_lvl2_07,92,0.0,False,False,wetlab,react,success,2,success_step2
qualysis_lvl2_07,97,0.0,False,False,wetlab,react,success,2,success_step2
qualysis_lvl2_07,102,0.0,False,False,wetlab,react,success,2,success_step2
qualysis_lvl2_07,106,0.0,False,False,wetlab,react,success,2,success_step2
qualysis_lvl2_07,110,1.0,True,False,wetlab,react,success,2,success_step2
qualysis_lvl2_07,114,0.0,False,False,wetlab,react,success,2,success_step2
qualysis_lvl2_07,119,0.0,False,False,wetlab,react,success,2,success_step2
qualysis_lvl2_07,124,1.0,True,False,wetlab,react,success,2,success_step2
qualysis_lvl2_07,127,0.0,False,False,wetlab,react,success,2,success_step2
qualysis_lvl2_07,130,0.0,False,False,wetlab,react,success,2,success_step2
qualysis_lvl2_08,78,1.0,True,False,wetlab,react,success,2,success_step2
qualysis_lvl2_08,80,0.0,False,False,wetlab,react,success,2,success_step2
qualysis_lvl2_08,83,1.0,True,False,wetlab,react,success,2,success_step2
qualysis_lvl2_08,87,1.0,True,False,wetlab,react,success,2,success_step2
qualysis_lvl2_08,89,1.0,True,False,wetlab,react,success,2,success_step2
qualysis_lvl2_08,92,1.0,True,False,wetlab,react,success,2,success_step2
qualysis_lvl2_08,95,1.0,True,False,wetlab,react,success,2,success_step2
qualysis_lvl2_08,98,1.0,True,False,wetlab,react,success,2,success_step2
qualysis_lvl2_08,102,1.0,True,False,wetlab,react,success,2,success_step2
qualysis_lvl2_08,105,1.0,True,False,wetlab,react,success,2,success_step2
qualysis_lvl2_08,109,1.0,True,False,wetlab,react,success,2,success_step2
qualysis_lvl2_08,113,1.0,True,False,wetlab,react,success,2,success_step2
qualysis_lvl2_08,117,1.0,True,False,wetlab,react,success,2,success_step2
qualysis_lvl2_08,119,1.0,True,False,wetlab,react,success,2,success_step2
qualysis_lvl2_08,123,0.0,False,False,wetlab,react,success,2,success_step2
qualysis_lvl2_09,69,0.0,False,False,wetlab,react,success,2,success_step2
qualysis_lvl2_09,71,1.0,True,False,wetlab,react,success,2,success_step2
qualysis_lvl2_09,73,1.0,True,False,wetlab,react,success,2,success_step2
qualysis_lvl2_09,75,0.0,False,False,wetlab,react,success,2,success_step2
qualysis_lvl2_09,77,0.0,False,False,wetlab,react,success,2,success_step2
qualysis_lvl2_09,82,0.0,False,False,wetlab,react,success,2,success_step2
qualysis_lvl2_09,86,0.0,False,False,wetlab,react,success,2,success_step2
qualysis_lvl2_09,90,0.0,False,False,wetlab,react,success,2,success_step2
qualysis_lvl2_09,94,0.0,False,False,wetlab,react,success,2,success_step2
qualysis_lvl2_09,98,0.0,False,False,wetlab,react,success,2,success_step2
qualysis_lvl2_09,102,0.0,False,False,wetlab,react,success,2,success_step2
qualysis_lvl2_09,107,0.0,False,False,wetlab,react,success,2,success_step2
qualysis_lvl2_09,112,0.0,False,False,wetlab,react,success,2,success_step2
qualysis_lvl2_09,117,0.0,False,False,wetlab,react,success,2,success_step2
qualysis_lvl2_09,120,0.0,False,False,wetlab,react,success,2,success_step2
qualysis_lvl2_10,46,0.0,False,False,wetlab,react,success,2,success_step2
qualysis_lvl2_10,49,1.0,True,False,wetlab,react,success,2,success_step2
qualysis_lvl2_10,52,0.0,False,False,wetlab,react,success,2,success_step2
qualysis_lvl2_10,53,1.0,True,False,wetlab,react,success,2,success_step2
qualysis_lvl2_10,57,0.0,False,False,wetlab,react,success,2,success_step2
qualysis_lvl2_10,59,1.0,True,False,wetlab,react,success,2,success_step2
qualysis_lvl2_10,65,0.0,False,False,wetlab,react,success,2,success_step2
qualysis_lvl2_10,69,0.0,False,False,wetlab,react,success,2,success_step2
qualysis_lvl2_10,73,0.0,False,False,wetlab,react,success,2,success_step2
qualysis_lvl2_10,77,0.0,False,False,wetlab,react,success,2,success_step2
qualysis_lvl2_10,82,0.0,False,False,wetlab,react,success,2,success_step2
qualysis_lvl2_10,86,0.0,False,False,wetlab,react,success,2,success_step2
qualysis_lvl2_10,90,0.0,False,False,wetlab,react,success,2,success_step2
qualysis_lvl2_10,95,0.0,False,False,wetlab,react,success,2,success_step2
qualysis_lvl2_10,98,1.0,True,False,wetlab,react,success,2,success_step2
qualysis_lvl2_01,119,1.0,True,False,wetlab,react,success,-1,success_stepn1
qualysis_lvl2_01,121,1.0,True,False,wetlab,react,success,-1,success_stepn1
qualysis_lvl2_01,122,1.0,True,False,wetlab,react,success,-1,success_stepn1
qualysis_lvl2_01,123,1.0,True,False,wetlab,react,success,-1,success_stepn1
qualysis_lvl2_01,124,1.0,True,False,wetlab,react,success,-1,success_stepn1
qualysis_lvl2_01,126,1.0,True,False,wetlab,react,success,-1,success_stepn1
qualysis_lvl2_01,127,1.0,True,False,wetlab,react,success,-1,success_stepn1
qualysis_lvl2_01,129,1.0,True,False,wetlab,react,success,-1,success_stepn1
qualysis_lvl2_01,131,1.0,True,False,wetlab,react,success,-1,success_stepn1
qualysis_lvl2_01,133,1.0,True,False,wetlab,react,success,-1,success_stepn1
qualysis_lvl2_01,134,1.0,True,False,wetlab,react,success,-1,success_stepn1
qualysis_lvl2_01,135,1.0,True,False,wetlab,react,success,-1,success_stepn1
qualysis_lvl2_01,136,1.0,True,False,wetlab,react,success,-1,success_stepn1
qualysis_lvl2_01,137,1.0,True,False,wetlab,react,success,-1,success_stepn1
qualysis_lvl2_01,139,1.0,True,False,wetlab,react,success,-1,success_stepn1
qualysis_lvl2_07,136,1.0,True,False,wetlab,react,success,-1,success_stepn1
qualysis_lvl2_07,137,1.0,True,False,wetlab,react,success,-1,success_stepn1
qualysis_lvl2_07,138,1.0,True,False,wetlab,react,success,-1,success_stepn1
qualysis_lvl2_07,139,1.0,True,False,wetlab,react,success,-1,success_stepn1
qualysis_lvl2_07,140,1.0,True,False,wetlab,react,success,-1,success_stepn1
qualysis_lvl2_07,141,1.0,True,False,wetlab,react,success,-1,success_stepn1
qualysis_lvl2_07,142,1.0,True,False,wetlab,react,success,-1,success_stepn1
qualysis_lvl2_07,143,1.0,True,False,wetlab,react,success,-1,success_stepn1
qualysis_lvl2_07,144,1.0,True,False,wetlab,react,success,-1,success_stepn1
qualysis_lvl2_07,145,1.0,True,False,wetlab,react,success,-1,success_stepn1
qualysis_lvl2_07,146,1.0,True,False,wetlab,react,success,-1,success_stepn1
qualysis_lvl2_07,147,1.0,True,False,wetlab,react,success,-1,success_stepn1
qualysis_lvl2_07,150,1.0,True,False,wetlab,react,success,-1,success_stepn1
qualysis_lvl2_07,151,1.0,True,False,wetlab,react,success,-1,success_stepn1
qualysis_lvl2_07,152,1.0,True,False,wetlab,react,success,-1,success_stepn1
qualysis_lvl2_08,136,1.0,True,False,wetlab,react,success,-1,success_stepn1
qualysis_lvl2_08,137,1.0,True,False,wetlab,react,success,-1,success_stepn1
qualysis_lvl2_08,138,1.0,True,False,wetlab,react,success,-1,success_stepn1
qualysis_lvl2_08,139,1.0,True,False,wetlab,react,success,-1,success_stepn1
qualysis_lvl2_08,140,1.0,True,False,wetlab,react,success,-1,success_stepn1
qualysis_lvl2_08,141,0.0,False,False,wetlab,react,success,-1,success_stepn1
qualysis_lvl2_08,142,1.0,True,False,wetlab,react,success,-1,success_stepn1
qualysis_lvl2_08,143,1.0,True,False,wetlab,react,success,-1,success_stepn1
qualysis_lvl2_08,144,1.0,True,False,wetlab,react,success,-1,success_stepn1
qualysis_lvl2_08,145,1.0,True,False,wetlab,react,success,-1,success_stepn1
qualysis_lvl2_08,146,1.0,True,False,wetlab,react,success,-1,success_stepn1
qualysis_lvl2_08,147,1.0,True,False,wetlab,react,success,-1,success_stepn1
qualysis_lvl2_08,148,1.0,True,False,wetlab,react,success,-1,success_stepn1
qualysis_lvl2_08,149,1.0,True,False,wetlab,react,success,-1,success_stepn1
qualysis_lvl2_08,150,1.0,True,False,wetlab,react,success,-1,success_stepn1
qualysis_lvl2_09,129,1.0,True,False,wetlab,react,success,-1,success_stepn1
qualysis_lvl2_09,130,1.0,True,False,wetlab,react,success,-1,success_stepn1
qualysis_lvl2_09,131,1.0,True,False,wetlab,react,success,-1,success_stepn1
qualysis_lvl2_09,132,1.0,True,False,wetlab,react,success,-1,success_stepn1
qualysis_lvl2_09,133,1.0,True,False,wetlab,react,success,-1,success_stepn1
qualysis_lvl2_09,134,0.0,False,False,wetlab,react,success,-1,success_stepn1
qualysis_lvl2_09,135,1.0,True,False,wetlab,react,success,-1,success_stepn1
qualysis_lvl2_09,136,1.0,True,False,wetlab,react,success,-1,success_stepn1
qualysis_lvl2_09,137,1.0,True,False,wetlab,react,success,-1,success_stepn1
qualysis_lvl2_09,139,0.0,False,False,wetlab,react,success,-1,success_stepn1
qualysis_lvl2_09,140,1.0,True,False,wetlab,react,success,-1,success_stepn1
qualysis_lvl2_09,141,1.0,True,False,wetlab,react,success,-1,success_stepn1
qualysis_lvl2_09,142,1.0,True,False,wetlab,react,success,-1,success_stepn1
qualysis_lvl2_09,144,1.0,True,False,wetlab,react,success,-1,success_stepn1
qualysis_lvl2_09,146,1.0,True,False,wetlab,react,success,-1,success_stepn1
qualysis_lvl2_10,106,1.0,True,False,wetlab,react,success,-1,success_stepn1
qualysis_lvl2_10,107,1.0,True,False,wetlab,react,success,-1,success_stepn1
qualysis_lvl2_10,108,1.0,True,False,wetlab,react,success,-1,success_stepn1
qualysis_lvl2_10,109,1.0,True,False,wetlab,react,success,-1,success_stepn1
qualysis_lvl2_10,110,1.0,True,False,wetlab,react,success,-1,success_stepn1
qualysis_lvl2_10,111,1.0,True,False,wetlab,react,success,-1,success_stepn1
qualysis_lvl2_10,112,1.0,True,False,wetlab,react,success,-1,success_stepn1
qualysis_lvl2_10,113,1.0,True,False,wetlab,react,success,-1,success_stepn1
qualysis_lvl2_10,114,1.0,True,False,wetlab,react,success,-1,success_stepn1
qualysis_lvl2_10,115,1.0,True,False,wetlab,react,success,-1,success_stepn1
qualysis_lvl2_10,116,1.0,True,False,wetlab,react,success,-1,success_stepn1
qualysis_lvl2_10,117,1.0,True,False,wetlab,react,success,-1,success_stepn1
qualysis_lvl2_10,118,1.0,True,False,wetlab,react,success,-1,success_stepn1
qualysis_lvl2_10,119,1.0,True,False,wetlab,react,success,-1,success_stepn1
qualysis_lvl2_10,120,1.0,True,False,wetlab,react,success,-1,success_stepn1
qualysis_lvl2_01,149,0.0,False,False,wetlab,react,success,-2,success_stepn2
qualysis_lvl2_01,150,1.0,True,False,wetlab,react,success,-2,success_stepn2
qualysis_lvl2_01,151,1.0,True,False,wetlab,react,success,-2,success_stepn2
qualysis_lvl2_01,152,1.0,True,False,wetlab,react,success,-2,success_stepn2
qualysis_lvl2_01,153,1.0,True,False,wetlab,react,success,-2,success_stepn2
qualysis_lvl2_01,154,1.0,True,False,wetlab,react,success,-2,success_stepn2
qualysis_lvl2_01,155,1.0,True,False,wetlab,react,success,-2,success_stepn2
qualysis_lvl2_01,156,1.0,True,False,wetlab,react,success,-2,success_stepn2
qualysis_lvl2_01,162,0.0,False,False,wetlab,react,success,-2,success_stepn2
qualysis_lvl2_01,163,1.0,True,False,wetlab,react,success,-2,success_stepn2
qualysis_lvl2_01,164,1.0,True,False,wetlab,react,success,-2,success_stepn2
qualysis_lvl2_01,171,0.0,False,False,wetlab,react,success,-2,success_stepn2
qualysis_lvl2_01,176,0.0,False,False,wetlab,react,success,-2,success_stepn2
qualysis_lvl2_01,177,1.0,True,False,wetlab,react,success,-2,success_stepn2
qualysis_lvl2_01,178,1.0,True,False,wetlab,react,success,-2,success_stepn2
qualysis_lvl2_07,169,1.0,True,False,wetlab,react,success,-2,success_stepn2
qualysis_lvl2_07,170,1.0,True,False,wetlab,react,success,-2,success_stepn2
qualysis_lvl2_07,171,1.0,True,False,wetlab,react,success,-2,success_stepn2
qualysis_lvl2_07,172,1.0,True,False,wetlab,react,success,-2,success_stepn2
qualysis_lvl2_07,173,1.0,True,False,wetlab,react,success,-2,success_stepn2
qualysis_lvl2_07,174,1.0,True,False,wetlab,react,success,-2,success_stepn2
qualysis_lvl2_07,175,1.0,True,False,wetlab,react,success,-2,success_stepn2
qualysis_lvl2_07,177,1.0,True,False,wetlab,react,success,-2,success_stepn2
qualysis_lvl2_07,178,1.0,True,False,wetlab,react,success,-2,success_stepn2
qualysis_lvl2_07,190,1.0,True,False,wetlab,react,success,-2,success_stepn2
qualysis_lvl2_07,191,1.0,True,False,wetlab,react,success,-2,success_stepn2
qualysis_lvl2_07,192,1.0,True,False,wetlab,react,success,-2,success_stepn2
qualysis_lvl2_07,193,1.0,True,False,wetlab,react,success,-2,success_stepn2
qualysis_lvl2_07,194,1.0,True,False,wetlab,react,success,-2,success_stepn2
qualysis_lvl2_07,195,0.0,False,False,wetlab,react,success,-2,success_stepn2
qualysis_lvl2_08,173,1.0,True,False,wetlab,react,success,-2,success_stepn2
qualysis_lvl2_08,175,1.0,True,False,wetlab,react,success,-2,success_stepn2
qualysis_lvl2_08,178,1.0,True,False,wetlab,react,success,-2,success_stepn2
qualysis_lvl2_08,181,1.0,True,False,wetlab,react,success,-2,success_stepn2
qualysis_lvl2_08,183,1.0,True,False,wetlab,react,success,-2,success_stepn2
qualysis_lvl2_08,185,1.0,True,False,wetlab,react,success,-2,success_stepn2
qualysis_lvl2_08,187,1.0,True,False,wetlab,react,success,-2,success_stepn2
qualysis_lvl2_08,188,1.0,True,False,wetlab,react,success,-2,success_stepn2
qualysis_lvl2_08,189,1.0,True,False,wetlab,react,success,-2,success_stepn2
qualysis_lvl2_08,190,1.0,True,False,wetlab,react,success,-2,success_stepn2
qualysis_lvl2_08,191,1.0,True,False,wetlab,react,success,-2,success_stepn2
qualysis_lvl2_08,192,1.0,True,False,wetlab,react,success,-2,success_stepn2
qualysis_lvl2_08,193,1.0,True,False,wetlab,react,success,-2,success_stepn2
qualysis_lvl2_08,194,1.0,True,False,wetlab,react,success,-2,success_stepn2
qualysis_lvl2_08,195,1.0,True,False,wetlab,react,success,-2,success_stepn2
qualysis_lvl2_09,164,1.0,True,False,wetlab,react,success,-2,success_stepn2
qualysis_lvl2_09,166,1.0,True,False,wetlab,react,success,-2,success_stepn2
qualysis_lvl2_09,167,1.0,True,False,wetlab,react,success,-2,success_stepn2
qualysis_lvl2_09,168,1.0,True,False,wetlab,react,success,-2,success_stepn2
qualysis_lvl2_09,171,1.0,True,False,wetlab,react,success,-2,success_stepn2
qualysis_lvl2_09,172,1.0,True,False,wetlab,react,success,-2,success_stepn2
qualysis_lvl2_09,173,1.0,True,False,wetlab,react,success,-2,success_stepn2
qualysis_lvl2_09,174,1.0,True,False,wetlab,react,success,-2,success_stepn2
qualysis_lvl2_09,176,1.0,True,False,wetlab,react,success,-2,success_stepn2
qualysis_lvl2_09,177,1.0,True,False,wetlab,react,success,-2,success_stepn2
qualysis_lvl2_09,178,1.0,True,False,wetlab,react,success,-2,success_stepn2
qualysis_lvl2_09,179,1.0,True,False,wetlab,react,success,-2,success_stepn2
qualysis_lvl2_09,181,1.0,True,False,wetlab,react,success,-2,success_stepn2
qualysis_lvl2_09,183,1.0,True,False,wetlab,react,success,-2,success_stepn2
qualysis_lvl2_09,184,1.0,True,False,wetlab,react,success,-2,success_stepn2
qualysis_lvl2_10,136,1.0,True,False,wetlab,react,success,-2,success_stepn2
qualysis_lvl2_10,137,1.0,True,False,wetlab,react,success,-2,success_stepn2
qualysis_lvl2_10,138,1.0,True,False,wetlab,react,success,-2,success_stepn2
qualysis_lvl2_10,139,1.0,True,False,wetlab,react,success,-2,success_stepn2
qualysis_lvl2_10,140,1.0,True,False,wetlab,react,success,-2,success_stepn2
qualysis_lvl2_10,141,0.0,False,False,wetlab,react,success,-2,success_stepn2
qualysis_lvl2_10,142,1.0,True,False,wetlab,react,success,-2,success_stepn2
qualysis_lvl2_10,143,1.0,True,False,wetlab,react,success,-2,success_stepn2
qualysis_lvl2_10,144,1.0,True,False,wetlab,react,success,-2,success_stepn2
qualysis_lvl2_10,145,1.0,True,False,wetlab,react,success,-2,success_stepn2
qualysis_lvl2_10,146,1.0,True,False,wetlab,react,success,-2,success_stepn2
qualysis_lvl2_10,148,1.0,True,False,wetlab,react,success,-2,success_stepn2
qualysis_lvl2_10,149,1.0,True,False,wetlab,react,success,-2,success_stepn2
qualysis_lvl2_10,150,1.0,True,False,wetlab,react,success,-2,success_stepn2
qualysis_lvl2_10,152,1.0,True,False,wetlab,react,success,-2,success_stepn2
qualysis_lvl2_01,1,0.0,False,False,wetlab,toolcalling,none,0,baseline
qualysis_lvl2_01,2,0.0,False,False,wetlab,toolcalling,none,0,baseline
qualysis_lvl2_01,3,0.0,False,False,wetlab,toolcalling,none,0,baseline
qualysis_lvl2_01,4,1.0,True,False,wetlab,toolcalling,none,0,baseline
qualysis_lvl2_01,5,0.0,False,False,wetlab,toolcalling,none,0,baseline
qualysis_lvl2_01,6,0.0,False,False,wetlab,toolcalling,none,0,baseline
qualysis_lvl2_01,7,1.0,True,False,wetlab,toolcalling,none,0,baseline
qualysis_lvl2_01,8,0.0,False,False,wetlab,toolcalling,none,0,baseline
qualysis_lvl2_01,9,1.0,True,False,wetlab,toolcalling,none,0,baseline
qualysis_lvl2_01,10,1.0,True,False,wetlab,toolcalling,none,0,baseline
qualysis_lvl2_01,11,1.0,True,False,wetlab,toolcalling,none,0,baseline
qualysis_lvl2_01,12,0.0,False,False,wetlab,toolcalling,none,0,baseline
qualysis_lvl2_01,13,0.0,False,False,wetlab,toolcalling,none,0,baseline
qualysis_lvl2_01,14,0.0,False,False,wetlab,toolcalling,none,0,baseline
qualysis_lvl2_01,15,1.0,True,False,wetlab,toolcalling,none,0,baseline
qualysis_lvl2_07,1,0.0,False,False,wetlab,toolcalling,none,0,baseline
qualysis_lvl2_07,2,0.0,False,False,wetlab,toolcalling,none,0,baseline
qualysis_lvl2_07,3,1.0,True,False,wetlab,toolcalling,none,0,baseline
qualysis_lvl2_07,4,0.0,False,False,wetlab,toolcalling,none,0,baseline
qualysis_lvl2_07,5,0.0,False,False,wetlab,toolcalling,none,0,baseline
qualysis_lvl2_07,6,0.0,False,False,wetlab,toolcalling,none,0,baseline
qualysis_lvl2_07,7,1.0,True,False,wetlab,toolcalling,none,0,baseline
qualysis_lvl2_07,8,0.0,False,False,wetlab,toolcalling,none,0,baseline
qualysis_lvl2_07,9,0.0,False,False,wetlab,toolcalling,none,0,baseline
qualysis_lvl2_07,10,0.0,False,False,wetlab,toolcalling,none,0,baseline
qualysis_lvl2_07,11,0.0,False,False,wetlab,toolcalling,none,0,baseline
qualysis_lvl2_07,12,0.0,False,False,wetlab,toolcalling,none,0,baseline
qualysis_lvl2_07,13,0.0,False,False,wetlab,toolcalling,none,0,baseline
qualysis_lvl2_07,14,1.0,True,False,wetlab,toolcalling,none,0,baseline
qualysis_lvl2_07,15,1.0,True,False,wetlab,toolcalling,none,0,baseline
qualysis_lvl2_08,1,0.0,False,False,wetlab,toolcalling,none,0,baseline
qualysis_lvl2_08,2,0.0,False,False,wetlab,toolcalling,none,0,baseline
qualysis_lvl2_08,3,1.0,True,False,wetlab,toolcalling,none,0,baseline
qualysis_lvl2_08,4,1.0,True,False,wetlab,toolcalling,none,0,baseline
qualysis_lvl2_08,5,0.0,False,False,wetlab,toolcalling,none,0,baseline
qualysis_lvl2_08,6,1.0,True,False,wetlab,toolcalling,none,0,baseline
qualysis_lvl2_08,7,1.0,True,False,wetlab,toolcalling,none,0,baseline
qualysis_lvl2_08,8,1.0,True,False,wetlab,toolcalling,none,0,baseline
qualysis_lvl2_08,9,1.0,True,False,wetlab,toolcalling,none,0,baseline
qualysis_lvl2_08,10,1.0,True,False,wetlab,toolcalling,none,0,baseline
qualysis_lvl2_08,11,0.0,False,False,wetlab,toolcalling,none,0,baseline
qualysis_lvl2_08,12,0.0,False,False,wetlab,toolcalling,none,0,baseline
qualysis_lvl2_08,13,1.0,True,False,wetlab,toolcalling,none,0,baseline
qualysis_lvl2_08,14,1.0,True,False,wetlab,toolcalling,none,0,baseline
qualysis_lvl2_08,15,1.0,True,False,wetlab,toolcalling,none,0,baseline
qualysis_lvl2_09,1,1.0,True,False,wetlab,toolcalling,none,0,baseline
qualysis_lvl2_09,2,1.0,True,False,wetlab,toolcalling,none,0,baseline
qualysis_lvl2_09,3,0.0,False,False,wetlab,toolcalling,none,0,baseline
qualysis_lvl2_09,4,0.0,False,False,wetlab,toolcalling,none,0,baseline
qualysis_lvl2_09,5,1.0,True,False,wetlab,toolcalling,none,0,baseline
qualysis_lvl2_09,6,0.0,False,False,wetlab,toolcalling,none,0,baseline
qualysis_lvl2_09,7,0.0,False,False,wetlab,toolcalling,none,0,baseline
qualysis_lvl2_09,8,1.0,True,False,wetlab,toolcalling,none,0,baseline
qualysis_lvl2_09,9,0.0,False,False,wetlab,toolcalling,none,0,baseline
qualysis_lvl2_09,10,0.0,False,False,wetlab,toolcalling,none,0,baseline
qualysis_lvl2_09,11,1.0,True,False,wetlab,toolcalling,none,0,baseline
qualysis_lvl2_09,12,1.0,True,False,wetlab,toolcalling,none,0,baseline
qualysis_lvl2_09,13,0.0,False,False,wetlab,toolcalling,none,0,baseline
qualysis_lvl2_09,14,0.0,False,False,wetlab,toolcalling,none,0,baseline
qualysis_lvl2_09,15,0.0,False,False,wetlab,toolcalling,none,0,baseline
qualysis_lvl2_10,1,1.0,True,False,wetlab,toolcalling,none,0,baseline
qualysis_lvl2_10,2,1.0,True,False,wetlab,toolcalling,none,0,baseline
qualysis_lvl2_10,3,0.0,False,False,wetlab,toolcalling,none,0,baseline
qualysis_lvl2_10,4,0.0,False,False,wetlab,toolcalling,none,0,baseline
qualysis_lvl2_10,5,1.0,True,False,wetlab,toolcalling,none,0,baseline
qualysis_lvl2_10,6,1.0,True,False,wetlab,toolcalling,none,0,baseline
qualysis_lvl2_10,7,1.0,True,False,wetlab,toolcalling,none,0,baseline
qualysis_lvl2_10,8,0.0,False,False,wetlab,toolcalling,none,0,baseline
qualysis_lvl2_10,9,0.0,False,False,wetlab,toolcalling,none,0,baseline
qualysis_lvl2_10,10,1.0,True,False,wetlab,toolcalling,none,0,baseline
qualysis_lvl2_10,11,1.0,True,False,wetlab,toolcalling,none,0,baseline
qualysis_lvl2_10,12,1.0,True,False,wetlab,toolcalling,none,0,baseline
qualysis_lvl2_10,13,1.0,True,False,wetlab,toolcalling,none,0,baseline
qualysis_lvl2_10,14,0.0,False,False,wetlab,toolcalling,none,0,baseline
qualysis_lvl2_10,15,1.0,True,False,wetlab,toolcalling,none,0,baseline
qualysis_lvl2_01,16,0.0,False,False,wetlab,toolcalling,failed,1,failed_step1
qualysis_lvl2_01,19,0.0,False,False,wetlab,toolcalling,failed,1,failed_step1
qualysis_lvl2_01,21,0.0,False,False,wetlab,toolcalling,failed,1,failed_step1
qualysis_lvl2_01,23,1.0,True,False,wetlab,toolcalling,failed,1,failed_step1
qualysis_lvl2_01,25,0.0,False,False,wetlab,toolcalling,failed,1,failed_step1
qualysis_lvl2_01,31,0.0,False,False,wetlab,toolcalling,failed,1,failed_step1
qualysis_lvl2_01,33,0.0,False,False,wetlab,toolcalling,failed,1,failed_step1
qualysis_lvl2_01,37,0.0,False,False,wetlab,toolcalling,failed,1,failed_step1
qualysis_lvl2_01,43,1.0,True,False,wetlab,toolcalling,failed,1,failed_step1
qualysis_lvl2_01,46,1.0,True,False,wetlab,toolcalling,failed,1,failed_step1
qualysis_lvl2_01,50,0.0,False,False,wetlab,toolcalling,failed,1,failed_step1
qualysis_lvl2_01,54,0.0,False,False,wetlab,toolcalling,failed,1,failed_step1
qualysis_lvl2_01,58,0.0,False,False,wetlab,toolcalling,failed,1,failed_step1
qualysis_lvl2_01,62,0.0,False,False,wetlab,toolcalling,failed,1,failed_step1
qualysis_lvl2_01,63,0.0,False,False,wetlab,toolcalling,failed,1,failed_step1
qualysis_lvl2_07,20,1.0,True,False,wetlab,toolcalling,failed,1,failed_step1
qualysis_lvl2_07,25,0.0,False,False,wetlab,toolcalling,failed,1,failed_step1
qualysis_lvl2_07,29,1.0,True,False,wetlab,toolcalling,failed,1,failed_step1
qualysis_lvl2_07,34,0.0,False,False,wetlab,toolcalling,failed,1,failed_step1
qualysis_lvl2_07,38,0.0,False,False,wetlab,toolcalling,failed,1,failed_step1
qualysis_lvl2_07,43,1.0,True,False,wetlab,toolcalling,failed,1,failed_step1
qualysis_lvl2_07,47,1.0,True,False,wetlab,toolcalling,failed,1,failed_step1
qualysis_lvl2_07,49,1.0,True,False,wetlab,toolcalling,failed,1,failed_step1
qualysis_lvl2_07,55,1.0,True,False,wetlab,toolcalling,failed,1,failed_step1
qualysis_lvl2_07,58,0.0,False,False,wetlab,toolcalling,failed,1,failed_step1
qualysis_lvl2_07,62,0.0,False,False,wetlab,toolcalling,failed,1,failed_step1
qualysis_lvl2_07,66,0.0,False,False,wetlab,toolcalling,failed,1,failed_step1
qualysis_lvl2_07,71,1.0,True,False,wetlab,toolcalling,failed,1,failed_step1
qualysis_lvl2_07,73,0.0,False,False,wetlab,toolcalling,failed,1,failed_step1
qualysis_lvl2_07,75,0.0,False,False,wetlab,toolcalling,failed,1,failed_step1
qualysis_lvl2_08,29,1.0,True,False,wetlab,toolcalling,failed,1,failed_step1
qualysis_lvl2_08,34,1.0,True,False,wetlab,toolcalling,failed,1,failed_step1
qualysis_lvl2_08,38,1.0,True,False,wetlab,toolcalling,failed,1,failed_step1
qualysis_lvl2_08,42,1.0,True,False,wetlab,toolcalling,failed,1,failed_step1
qualysis_lvl2_08,47,1.0,True,False,wetlab,toolcalling,failed,1,failed_step1
qualysis_lvl2_08,50,0.0,False,False,wetlab,toolcalling,failed,1,failed_step1
qualysis_lvl2_08,53,1.0,True,False,wetlab,toolcalling,failed,1,failed_step1
qualysis_lvl2_08,55,0.0,False,False,wetlab,toolcalling,failed,1,failed_step1
qualysis_lvl2_08,61,0.0,False,False,wetlab,toolcalling,failed,1,failed_step1
qualysis_lvl2_08,65,1.0,True,False,wetlab,toolcalling,failed,1,failed_step1
qualysis_lvl2_08,69,0.0,False,False,wetlab,toolcalling,failed,1,failed_step1
qualysis_lvl2_08,72,1.0,True,False,wetlab,toolcalling,failed,1,failed_step1
qualysis_lvl2_08,73,0.0,False,False,wetlab,toolcalling,failed,1,failed_step1
qualysis_lvl2_08,74,0.0,False,False,wetlab,toolcalling,failed,1,failed_step1
qualysis_lvl2_08,75,0.0,False,False,wetlab,toolcalling,failed,1,failed_step1
qualysis_lvl2_09,28,0.0,False,False,wetlab,toolcalling,failed,1,failed_step1
qualysis_lvl2_09,32,0.0,False,False,wetlab,toolcalling,failed,1,failed_step1
qualysis_lvl2_09,37,0.0,False,False,wetlab,toolcalling,failed,1,failed_step1
qualysis_lvl2_09,42,0.0,False,False,wetlab,toolcalling,failed,1,failed_step1
qualysis_lvl2_09,44,0.0,False,False,wetlab,toolcalling,failed,1,failed_step1
qualysis_lvl2_09,48,0.0,False,False,wetlab,toolcalling,failed,1,failed_step1
qualysis_lvl2_09,52,1.0,True,False,wetlab,toolcalling,failed,1,failed_step1
qualysis_lvl2_09,57,0.0,False,False,wetlab,toolcalling,failed,1,failed_step1
qualysis_lvl2_09,61,1.0,True,False,wetlab,toolcalling,failed,1,failed_step1
qualysis_lvl2_09,63,1.0,True,False,wetlab,toolcalling,failed,1,failed_step1
qualysis_lvl2_09,66,0.0,False,False,wetlab,toolcalling,failed,1,failed_step1
qualysis_lvl2_09,68,0.0,False,False,wetlab,toolcalling,failed,1,failed_step1
qualysis_lvl2_09,71,0.0,False,False,wetlab,toolcalling,failed,1,failed_step1
qualysis_lvl2_09,73,0.0,False,False,wetlab,toolcalling,failed,1,failed_step1
qualysis_lvl2_09,75,0.0,False,False,wetlab,toolcalling,failed,1,failed_step1
qualysis_lvl2_10,27,0.0,False,False,wetlab,toolcalling,failed,1,failed_step1
qualysis_lvl2_10,32,0.0,False,False,wetlab,toolcalling,failed,1,failed_step1
qualysis_lvl2_10,36,0.0,False,False,wetlab,toolcalling,failed,1,failed_step1
qualysis_lvl2_10,41,0.0,False,False,wetlab,toolcalling,failed,1,failed_step1
qualysis_lvl2_10,43,0.0,False,False,wetlab,toolcalling,failed,1,failed_step1
qualysis_lvl2_10,45,1.0,True,False,wetlab,toolcalling,failed,1,failed_step1
qualysis_lvl2_10,47,0.0,False,False,wetlab,toolcalling,failed,1,failed_step1
qualysis_lvl2_10,50,1.0,True,False,wetlab,toolcalling,failed,1,failed_step1
qualysis_lvl2_10,51,0.0,False,False,wetlab,toolcalling,failed,1,failed_step1
qualysis_lvl2_10,52,1.0,True,False,wetlab,toolcalling,failed,1,failed_step1
qualysis_lvl2_10,54,0.0,False,False,wetlab,toolcalling,failed,1,failed_step1
qualysis_lvl2_10,56,0.0,False,False,wetlab,toolcalling,failed,1,failed_step1
qualysis_lvl2_10,57,0.0,False,False,wetlab,toolcalling,failed,1,failed_step1
qualysis_lvl2_10,58,1.0,True,False,wetlab,toolcalling,failed,1,failed_step1
qualysis_lvl2_10,59,0.0,False,False,wetlab,toolcalling,failed,1,failed_step1
qualysis_lvl2_01,65,1.0,True,False,wetlab,toolcalling,failed,2,failed_step2
qualysis_lvl2_01,68,1.0,True,False,wetlab,toolcalling,failed,2,failed_step2
qualysis_lvl2_01,70,1.0,True,False,wetlab,toolcalling,failed,2,failed_step2
qualysis_lvl2_01,72,0.0,False,False,wetlab,toolcalling,failed,2,failed_step2
qualysis_lvl2_01,74,0.0,False,False,wetlab,toolcalling,failed,2,failed_step2
qualysis_lvl2_01,77,0.0,False,False,wetlab,toolcalling,failed,2,failed_step2
qualysis_lvl2_01,81,0.0,False,False,wetlab,toolcalling,failed,2,failed_step2
qualysis_lvl2_01,86,0.0,False,False,wetlab,toolcalling,failed,2,failed_step2
qualysis_lvl2_01,89,0.0,False,False,wetlab,toolcalling,failed,2,failed_step2
qualysis_lvl2_01,94,0.0,False,False,wetlab,toolcalling,failed,2,failed_step2
qualysis_lvl2_01,99,0.0,False,False,wetlab,toolcalling,failed,2,failed_step2
qualysis_lvl2_01,103,1.0,True,False,wetlab,toolcalling,failed,2,failed_step2
qualysis_lvl2_01,107,1.0,True,False,wetlab,toolcalling,failed,2,failed_step2
qualysis_lvl2_01,109,1.0,True,False,wetlab,toolcalling,failed,2,failed_step2
qualysis_lvl2_01,111,1.0,True,False,wetlab,toolcalling,failed,2,failed_step2
qualysis_lvl2_07,83,0.0,False,False,wetlab,toolcalling,failed,2,failed_step2
qualysis_lvl2_07,87,1.0,True,False,wetlab,toolcalling,failed,2,failed_step2
qualysis_lvl2_07,89,1.0,True,False,wetlab,toolcalling,failed,2,failed_step2
qualysis_lvl2_07,96,0.0,False,False,wetlab,toolcalling,failed,2,failed_step2
qualysis_lvl2_07,100,0.0,False,False,wetlab,toolcalling,failed,2,failed_step2
qualysis_lvl2_07,104,0.0,False,False,wetlab,toolcalling,failed,2,failed_step2
qualysis_lvl2_07,107,0.0,False,False,wetlab,toolcalling,failed,2,failed_step2
qualysis_lvl2_07,110,0.0,False,False,wetlab,toolcalling,failed,2,failed_step2
qualysis_lvl2_07,112,1.0,True,False,wetlab,toolcalling,failed,2,failed_step2
qualysis_lvl2_07,116,0.0,False,False,wetlab,toolcalling,failed,2,failed_step2
qualysis_lvl2_07,120,0.0,False,False,wetlab,toolcalling,failed,2,failed_step2
qualysis_lvl2_07,125,0.0,False,False,wetlab,toolcalling,failed,2,failed_step2
qualysis_lvl2_07,129,0.0,False,False,wetlab,toolcalling,failed,2,failed_step2
qualysis_lvl2_07,132,0.0,False,False,wetlab,toolcalling,failed,2,failed_step2
qualysis_lvl2_07,135,0.0,False,False,wetlab,toolcalling,failed,2,failed_step2
qualysis_lvl2_08,80,1.0,True,False,wetlab,toolcalling,failed,2,failed_step2
qualysis_lvl2_08,84,1.0,True,False,wetlab,toolcalling,failed,2,failed_step2
qualysis_lvl2_08,89,0.0,False,False,wetlab,toolcalling,failed,2,failed_step2
qualysis_lvl2_08,93,1.0,True,False,wetlab,toolcalling,failed,2,failed_step2
qualysis_lvl2_08,98,0.0,False,False,wetlab,toolcalling,failed,2,failed_step2
qualysis_lvl2_08,101,1.0,True,False,wetlab,toolcalling,failed,2,failed_step2
qualysis_lvl2_08,104,1.0,True,False,wetlab,toolcalling,failed,2,failed_step2
qualysis_lvl2_08,108,0.0,False,False,wetlab,toolcalling,failed,2,failed_step2
qualysis_lvl2_08,114,0.0,False,False,wetlab,toolcalling,failed,2,failed_step2
qualysis_lvl2_08,118,1.0,True,False,wetlab,toolcalling,failed,2,failed_step2
qualysis_lvl2_08,123,1.0,True,False,wetlab,toolcalling,failed,2,failed_step2
qualysis_lvl2_08,127,1.0,True,False,wetlab,toolcalling,failed,2,failed_step2
qualysis_lvl2_08,132,0.0,False,False,wetlab,toolcalling,failed,2,failed_step2
qualysis_lvl2_08,134,0.0,False,False,wetlab,toolcalling,failed,2,failed_step2
qualysis_lvl2_08,135,1.0,True,False,wetlab,toolcalling,failed,2,failed_step2
qualysis_lvl2_09,83,0.0,False,False,wetlab,toolcalling,failed,2,failed_step2
qualysis_lvl2_09,87,0.0,False,False,wetlab,toolcalling,failed,2,failed_step2
qualysis_lvl2_09,92,0.0,False,False,wetlab,toolcalling,failed,2,failed_step2
qualysis_lvl2_09,96,0.0,False,False,wetlab,toolcalling,failed,2,failed_step2
qualysis_lvl2_09,100,0.0,False,False,wetlab,toolcalling,failed,2,failed_step2
qualysis_lvl2_09,105,0.0,False,False,wetlab,toolcalling,failed,2,failed_step2
qualysis_lvl2_09,109,1.0,True,False,wetlab,toolcalling,failed,2,failed_step2
qualysis_lvl2_09,113,0.0,False,False,wetlab,toolcalling,failed,2,failed_step2
qualysis_lvl2_09,117,0.0,False,False,wetlab,toolcalling,failed,2,failed_step2
qualysis_lvl2_09,120,0.0,False,False,wetlab,toolcalling,failed,2,failed_step2
qualysis_lvl2_09,124,0.0,False,False,wetlab,toolcalling,failed,2,failed_step2
qualysis_lvl2_09,130,0.0,False,False,wetlab,toolcalling,failed,2,failed_step2
qualysis_lvl2_09,131,0.0,False,False,wetlab,toolcalling,failed,2,failed_step2
qualysis_lvl2_09,133,1.0,True,False,wetlab,toolcalling,failed,2,failed_step2
qualysis_lvl2_09,135,0.0,False,False,wetlab,toolcalling,failed,2,failed_step2
qualysis_lvl2_10,67,0.0,False,False,wetlab,toolcalling,failed,2,failed_step2
qualysis_lvl2_10,72,0.0,False,False,wetlab,toolcalling,failed,2,failed_step2
qualysis_lvl2_10,75,0.0,False,False,wetlab,toolcalling,failed,2,failed_step2
qualysis_lvl2_10,79,0.0,False,False,wetlab,toolcalling,failed,2,failed_step2
qualysis_lvl2_10,83,1.0,True,False,wetlab,toolcalling,failed,2,failed_step2
qualysis_lvl2_10,87,0.0,False,False,wetlab,toolcalling,failed,2,failed_step2
qualysis_lvl2_10,91,1.0,True,False,wetlab,toolcalling,failed,2,failed_step2
qualysis_lvl2_10,92,1.0,True,False,wetlab,toolcalling,failed,2,failed_step2
qualysis_lvl2_10,97,1.0,True,False,wetlab,toolcalling,failed,2,failed_step2
qualysis_lvl2_10,102,1.0,True,False,wetlab,toolcalling,failed,2,failed_step2
qualysis_lvl2_10,107,0.0,False,False,wetlab,toolcalling,failed,2,failed_step2
qualysis_lvl2_10,111,0.0,False,False,wetlab,toolcalling,failed,2,failed_step2
qualysis_lvl2_10,115,0.0,False,False,wetlab,toolcalling,failed,2,failed_step2
qualysis_lvl2_10,117,0.0,False,False,wetlab,toolcalling,failed,2,failed_step2
qualysis_lvl2_10,119,1.0,True,False,wetlab,toolcalling,failed,2,failed_step2
qualysis_lvl2_01,113,0.0,False,False,wetlab,toolcalling,failed,-1,failed_stepn1
qualysis_lvl2_01,115,0.0,False,False,wetlab,toolcalling,failed,-1,failed_stepn1
qualysis_lvl2_01,117,0.0,False,False,wetlab,toolcalling,failed,-1,failed_stepn1
qualysis_lvl2_01,123,0.0,False,False,wetlab,toolcalling,failed,-1,failed_stepn1
qualysis_lvl2_01,124,0.0,False,False,wetlab,toolcalling,failed,-1,failed_stepn1
qualysis_lvl2_01,125,1.0,True,False,wetlab,toolcalling,failed,-1,failed_stepn1
qualysis_lvl2_01,128,0.0,False,False,wetlab,toolcalling,failed,-1,failed_stepn1
qualysis_lvl2_01,135,0.0,False,False,wetlab,toolcalling,failed,-1,failed_stepn1
qualysis_lvl2_01,136,0.0,False,False,wetlab,toolcalling,failed,-1,failed_stepn1
qualysis_lvl2_01,137,0.0,False,False,wetlab,toolcalling,failed,-1,failed_stepn1
qualysis_lvl2_01,138,0.0,False,False,wetlab,toolcalling,failed,-1,failed_stepn1
qualysis_lvl2_01,139,0.0,False,False,wetlab,toolcalling,failed,-1,failed_stepn1
qualysis_lvl2_01,140,0.0,False,False,wetlab,toolcalling,failed,-1,failed_stepn1
qualysis_lvl2_01,141,0.0,False,False,wetlab,toolcalling,failed,-1,failed_stepn1
qualysis_lvl2_01,142,0.0,False,False,wetlab,toolcalling,failed,-1,failed_stepn1
qualysis_lvl2_07,151,0.0,False,False,wetlab,toolcalling,failed,-1,failed_stepn1
qualysis_lvl2_07,152,0.0,False,False,wetlab,toolcalling,failed,-1,failed_stepn1
qualysis_lvl2_07,153,0.0,False,False,wetlab,toolcalling,failed,-1,failed_stepn1
qualysis_lvl2_07,154,0.0,False,False,wetlab,toolcalling,failed,-1,failed_stepn1
qualysis_lvl2_07,155,0.0,False,False,wetlab,toolcalling,failed,-1,failed_stepn1
qualysis_lvl2_07,156,0.0,False,False,wetlab,toolcalling,failed,-1,failed_stepn1
qualysis_lvl2_07,157,0.0,False,False,wetlab,toolcalling,failed,-1,failed_stepn1
qualysis_lvl2_07,158,0.0,False,False,wetlab,toolcalling,failed,-1,failed_stepn1
qualysis_lvl2_07,159,0.0,False,False,wetlab,toolcalling,failed,-1,failed_stepn1
qualysis_lvl2_07,160,0.0,False,False,wetlab,toolcalling,failed,-1,failed_stepn1
qualysis_lvl2_07,161,0.0,False,False,wetlab,toolcalling,failed,-1,failed_stepn1
qualysis_lvl2_07,162,0.0,False,False,wetlab,toolcalling,failed,-1,failed_stepn1
qualysis_lvl2_07,163,0.0,False,False,wetlab,toolcalling,failed,-1,failed_stepn1
qualysis_lvl2_07,164,0.0,False,False,wetlab,toolcalling,failed,-1,failed_stepn1
qualysis_lvl2_07,165,0.0,False,False,wetlab,toolcalling,failed,-1,failed_stepn1
qualysis_lvl2_08,151,0.0,False,False,wetlab,toolcalling,failed,-1,failed_stepn1
qualysis_lvl2_08,152,0.0,False,False,wetlab,toolcalling,failed,-1,failed_stepn1
qualysis_lvl2_08,153,0.0,False,False,wetlab,toolcalling,failed,-1,failed_stepn1
qualysis_lvl2_08,154,0.0,False,False,wetlab,toolcalling,failed,-1,failed_stepn1
qualysis_lvl2_08,155,0.0,False,False,wetlab,toolcalling,failed,-1,failed_stepn1
qualysis_lvl2_08,156,0.0,False,False,wetlab,toolcalling,failed,-1,failed_stepn1
qualysis_lvl2_08,157,0.0,False,False,wetlab,toolcalling,failed,-1,failed_stepn1
qualysis_lvl2_08,158,0.0,False,False,wetlab,toolcalling,failed,-1,failed_stepn1
qualysis_lvl2_08,159,0.0,False,False,wetlab,toolcalling,failed,-1,failed_stepn1
qualysis_lvl2_08,160,0.0,False,False,wetlab,toolcalling,failed,-1,failed_stepn1
qualysis_lvl2_08,161,0.0,False,False,wetlab,toolcalling,failed,-1,failed_stepn1
qualysis_lvl2_08,162,0.0,False,False,wetlab,toolcalling,failed,-1,failed_stepn1
qualysis_lvl2_08,163,0.0,False,False,wetlab,toolcalling,failed,-1,failed_stepn1
qualysis_lvl2_08,164,0.0,False,False,wetlab,toolcalling,failed,-1,failed_stepn1
qualysis_lvl2_08,165,0.0,False,False,wetlab,toolcalling,failed,-1,failed_stepn1
qualysis_lvl2_09,151,0.0,False,False,wetlab,toolcalling,failed,-1,failed_stepn1
qualysis_lvl2_09,152,0.0,False,False,wetlab,toolcalling,failed,-1,failed_stepn1
qualysis_lvl2_09,153,0.0,False,False,wetlab,toolcalling,failed,-1,failed_stepn1
qualysis_lvl2_09,154,0.0,False,False,wetlab,toolcalling,failed,-1,failed_stepn1
qualysis_lvl2_09,155,0.0,False,False,wetlab,toolcalling,failed,-1,failed_stepn1
qualysis_lvl2_09,156,0.0,False,False,wetlab,toolcalling,failed,-1,failed_stepn1
qualysis_lvl2_09,157,0.0,False,False,wetlab,toolcalling,failed,-1,failed_stepn1
qualysis_lvl2_09,158,0.0,False,False,wetlab,toolcalling,failed,-1,failed_stepn1
qualysis_lvl2_09,159,0.0,False,False,wetlab,toolcalling,failed,-1,failed_stepn1
qualysis_lvl2_09,160,0.0,False,False,wetlab,toolcalling,failed,-1,failed_stepn1
qualysis_lvl2_09,161,0.0,False,False,wetlab,toolcalling,failed,-1,failed_stepn1
qualysis_lvl2_09,162,0.0,False,False,wetlab,toolcalling,failed,-1,failed_stepn1
qualysis_lvl2_09,163,0.0,False,False,wetlab,toolcalling,failed,-1,failed_stepn1
qualysis_lvl2_09,164,0.0,False,False,wetlab,toolcalling,failed,-1,failed_stepn1
qualysis_lvl2_09,165,0.0,False,False,wetlab,toolcalling,failed,-1,failed_stepn1
qualysis_lvl2_10,135,1.0,True,False,wetlab,toolcalling,failed,-1,failed_stepn1
qualysis_lvl2_10,136,1.0,True,False,wetlab,toolcalling,failed,-1,failed_stepn1
qualysis_lvl2_10,137,0.0,False,False,wetlab,toolcalling,failed,-1,failed_stepn1
qualysis_lvl2_10,138,0.0,False,False,wetlab,toolcalling,failed,-1,failed_stepn1
qualysis_lvl2_10,139,1.0,True,False,wetlab,toolcalling,failed,-1,failed_stepn1
qualysis_lvl2_10,140,0.0,False,False,wetlab,toolcalling,failed,-1,failed_stepn1
qualysis_lvl2_10,141,0.0,False,False,wetlab,toolcalling,failed,-1,failed_stepn1
qualysis_lvl2_10,142,1.0,True,False,wetlab,toolcalling,failed,-1,failed_stepn1
qualysis_lvl2_10,143,0.0,False,False,wetlab,toolcalling,failed,-1,failed_stepn1
qualysis_lvl2_10,144,0.0,False,False,wetlab,toolcalling,failed,-1,failed_stepn1
qualysis_lvl2_10,145,0.0,False,False,wetlab,toolcalling,failed,-1,failed_stepn1
qualysis_lvl2_10,146,1.0,True,False,wetlab,toolcalling,failed,-1,failed_stepn1
qualysis_lvl2_10,147,0.0,False,False,wetlab,toolcalling,failed,-1,failed_stepn1
qualysis_lvl2_10,148,1.0,True,False,wetlab,toolcalling,failed,-1,failed_stepn1
qualysis_lvl2_10,149,0.0,False,False,wetlab,toolcalling,failed,-1,failed_stepn1
qualysis_lvl2_01,147,1.0,True,False,wetlab,toolcalling,failed,-2,failed_stepn2
qualysis_lvl2_01,150,0.0,False,False,wetlab,toolcalling,failed,-2,failed_stepn2
qualysis_lvl2_01,152,1.0,True,False,wetlab,toolcalling,failed,-2,failed_stepn2
qualysis_lvl2_01,158,0.0,False,False,wetlab,toolcalling,failed,-2,failed_stepn2
qualysis_lvl2_01,162,0.0,False,False,wetlab,toolcalling,failed,-2,failed_stepn2
qualysis_lvl2_01,163,0.0,False,False,wetlab,toolcalling,failed,-2,failed_stepn2
qualysis_lvl2_01,164,0.0,False,False,wetlab,toolcalling,failed,-2,failed_stepn2
qualysis_lvl2_01,165,1.0,True,False,wetlab,toolcalling,failed,-2,failed_stepn2
qualysis_lvl2_01,166,0.0,False,False,wetlab,toolcalling,failed,-2,failed_stepn2
qualysis_lvl2_01,167,1.0,True,False,wetlab,toolcalling,failed,-2,failed_stepn2
qualysis_lvl2_01,168,0.0,False,False,wetlab,toolcalling,failed,-2,failed_stepn2
qualysis_lvl2_01,169,0.0,False,False,wetlab,toolcalling,failed,-2,failed_stepn2
qualysis_lvl2_01,170,1.0,True,False,wetlab,toolcalling,failed,-2,failed_stepn2
qualysis_lvl2_01,171,0.0,False,False,wetlab,toolcalling,failed,-2,failed_stepn2
qualysis_lvl2_01,172,0.0,False,False,wetlab,toolcalling,failed,-2,failed_stepn2
qualysis_lvl2_07,181,0.0,False,False,wetlab,toolcalling,failed,-2,failed_stepn2
qualysis_lvl2_07,182,0.0,False,False,wetlab,toolcalling,failed,-2,failed_stepn2
qualysis_lvl2_07,183,0.0,False,False,wetlab,toolcalling,failed,-2,failed_stepn2
qualysis_lvl2_07,184,0.0,False,False,wetlab,toolcalling,failed,-2,failed_stepn2
qualysis_lvl2_07,185,0.0,False,False,wetlab,toolcalling,failed,-2,failed_stepn2
qualysis_lvl2_07,186,0.0,False,False,wetlab,toolcalling,failed,-2,failed_stepn2
qualysis_lvl2_07,187,0.0,False,False,wetlab,toolcalling,failed,-2,failed_stepn2
qualysis_lvl2_07,188,0.0,False,False,wetlab,toolcalling,failed,-2,failed_stepn2
qualysis_lvl2_07,189,0.0,False,False,wetlab,toolcalling,failed,-2,failed_stepn2
qualysis_lvl2_07,190,1.0,True,False,wetlab,toolcalling,failed,-2,failed_stepn2
qualysis_lvl2_07,191,0.0,False,False,wetlab,toolcalling,failed,-2,failed_stepn2
qualysis_lvl2_07,192,0.0,False,False,wetlab,toolcalling,failed,-2,failed_stepn2
qualysis_lvl2_07,193,0.0,False,False,wetlab,toolcalling,failed,-2,failed_stepn2
qualysis_lvl2_07,194,0.0,False,False,wetlab,toolcalling,failed,-2,failed_stepn2
qualysis_lvl2_07,195,0.0,False,False,wetlab,toolcalling,failed,-2,failed_stepn2
qualysis_lvl2_08,181,0.0,False,False,wetlab,toolcalling,failed,-2,failed_stepn2
qualysis_lvl2_08,182,0.0,False,False,wetlab,toolcalling,failed,-2,failed_stepn2
qualysis_lvl2_08,183,0.0,False,False,wetlab,toolcalling,failed,-2,failed_stepn2
qualysis_lvl2_08,184,0.0,False,False,wetlab,toolcalling,failed,-2,failed_stepn2
qualysis_lvl2_08,185,0.0,False,False,wetlab,toolcalling,failed,-2,failed_stepn2
qualysis_lvl2_08,186,0.0,False,False,wetlab,toolcalling,failed,-2,failed_stepn2
qualysis_lvl2_08,187,0.0,False,False,wetlab,toolcalling,failed,-2,failed_stepn2
qualysis_lvl2_08,188,0.0,False,False,wetlab,toolcalling,failed,-2,failed_stepn2
qualysis_lvl2_08,189,0.0,False,False,wetlab,toolcalling,failed,-2,failed_stepn2
qualysis_lvl2_08,190,0.0,False,False,wetlab,toolcalling,failed,-2,failed_stepn2
qualysis_lvl2_08,191,0.0,False,False,wetlab,toolcalling,failed,-2,failed_stepn2
qualysis_lvl2_08,192,0.0,False,False,wetlab,toolcalling,failed,-2,failed_stepn2
qualysis_lvl2_08,193,0.0,False,False,wetlab,toolcalling,failed,-2,failed_stepn2
qualysis_lvl2_08,194,0.0,False,False,wetlab,toolcalling,failed,-2,failed_stepn2
qualysis_lvl2_08,195,0.0,False,False,wetlab,toolcalling,failed,-2,failed_stepn2
qualysis_lvl2_09,181,0.0,False,False,wetlab,toolcalling,failed,-2,failed_stepn2
qualysis_lvl2_09,182,0.0,False,False,wetlab,toolcalling,failed,-2,failed_stepn2
qualysis_lvl2_09,183,0.0,False,False,wetlab,toolcalling,failed,-2,failed_stepn2
qualysis_lvl2_09,184,0.0,False,False,wetlab,toolcalling,failed,-2,failed_stepn2
qualysis_lvl2_09,185,0.0,False,False,wetlab,toolcalling,failed,-2,failed_stepn2
qualysis_lvl2_09,186,0.0,False,False,wetlab,toolcalling,failed,-2,failed_stepn2
qualysis_lvl2_09,187,0.0,False,False,wetlab,toolcalling,failed,-2,failed_stepn2
qualysis_lvl2_09,188,0.0,False,False,wetlab,toolcalling,failed,-2,failed_stepn2
qualysis_lvl2_09,189,0.0,False,False,wetlab,toolcalling,failed,-2,failed_stepn2
qualysis_lvl2_09,190,0.0,False,False,wetlab,toolcalling,failed,-2,failed_stepn2
qualysis_lvl2_09,191,0.0,False,False,wetlab,toolcalling,failed,-2,failed_stepn2
qualysis_lvl2_09,192,0.0,False,False,wetlab,toolcalling,failed,-2,failed_stepn2
qualysis_lvl2_09,193,0.0,False,False,wetlab,toolcalling,failed,-2,failed_stepn2
qualysis_lvl2_09,194,0.0,False,False,wetlab,toolcalling,failed,-2,failed_stepn2
qualysis_lvl2_09,195,0.0,False,False,wetlab,toolcalling,failed,-2,failed_stepn2
qualysis_lvl2_10,162,1.0,True,False,wetlab,toolcalling,failed,-2,failed_stepn2
qualysis_lvl2_10,166,1.0,True,False,wetlab,toolcalling,failed,-2,failed_stepn2
qualysis_lvl2_10,167,1.0,True,False,wetlab,toolcalling,failed,-2,failed_stepn2
qualysis_lvl2_10,168,0.0,False,False,wetlab,toolcalling,failed,-2,failed_stepn2
qualysis_lvl2_10,169,0.0,False,False,wetlab,toolcalling,failed,-2,failed_stepn2
qualysis_lvl2_10,170,0.0,False,False,wetlab,toolcalling,failed,-2,failed_stepn2
qualysis_lvl2_10,171,0.0,False,False,wetlab,toolcalling,failed,-2,failed_stepn2
qualysis_lvl2_10,172,1.0,True,False,wetlab,toolcalling,failed,-2,failed_stepn2
qualysis_lvl2_10,173,0.0,False,False,wetlab,toolcalling,failed,-2,failed_stepn2
qualysis_lvl2_10,174,0.0,False,False,wetlab,toolcalling,failed,-2,failed_stepn2
qualysis_lvl2_10,175,1.0,True,False,wetlab,toolcalling,failed,-2,failed_stepn2
qualysis_lvl2_10,176,0.0,False,False,wetlab,toolcalling,failed,-2,failed_stepn2
qualysis_lvl2_10,177,0.0,False,False,wetlab,toolcalling,failed,-2,failed_stepn2
qualysis_lvl2_10,178,1.0,True,False,wetlab,toolcalling,failed,-2,failed_stepn2
qualysis_lvl2_10,179,1.0,True,False,wetlab,toolcalling,failed,-2,failed_stepn2
qualysis_lvl2_01,17,0.0,False,False,wetlab,toolcalling,success,1,success_step1
qualysis_lvl2_01,18,1.0,True,False,wetlab,toolcalling,success,1,success_step1
qualysis_lvl2_01,20,0.0,False,False,wetlab,toolcalling,success,1,success_step1
qualysis_lvl2_01,22,1.0,True,False,wetlab,toolcalling,success,1,success_step1
qualysis_lvl2_01,24,1.0,True,False,wetlab,toolcalling,success,1,success_step1
qualysis_lvl2_01,26,0.0,False,False,wetlab,toolcalling,success,1,success_step1
qualysis_lvl2_01,28,1.0,True,False,wetlab,toolcalling,success,1,success_step1
qualysis_lvl2_01,30,0.0,False,False,wetlab,toolcalling,success,1,success_step1
qualysis_lvl2_01,35,0.0,False,False,wetlab,toolcalling,success,1,success_step1
qualysis_lvl2_01,39,0.0,False,False,wetlab,toolcalling,success,1,success_step1
qualysis_lvl2_01,42,0.0,False,False,wetlab,toolcalling,success,1,success_step1
qualysis_lvl2_01,52,1.0,True,False,wetlab,toolcalling,success,1,success_step1
qualysis_lvl2_01,56,0.0,False,False,wetlab,toolcalling,success,1,success_step1
qualysis_lvl2_01,60,0.0,False,False,wetlab,toolcalling,success,1,success_step1
qualysis_lvl2_01,64,0.0,False,False,wetlab,toolcalling,success,1,success_step1
qualysis_lvl2_07,23,0.0,False,False,wetlab,toolcalling,success,1,success_step1
qualysis_lvl2_07,26,0.0,False,False,wetlab,toolcalling,success,1,success_step1
qualysis_lvl2_07,31,0.0,False,False,wetlab,toolcalling,success,1,success_step1
qualysis_lvl2_07,33,1.0,True,False,wetlab,toolcalling,success,1,success_step1
qualysis_lvl2_07,36,0.0,False,False,wetlab,toolcalling,success,1,success_step1
qualysis_lvl2_07,40,0.0,False,False,wetlab,toolcalling,success,1,success_step1
qualysis_lvl2_07,42,0.0,False,False,wetlab,toolcalling,success,1,success_step1
qualysis_lvl2_07,48,0.0,False,False,wetlab,toolcalling,success,1,success_step1
qualysis_lvl2_07,52,1.0,True,False,wetlab,toolcalling,success,1,success_step1
qualysis_lvl2_07,57,0.0,False,False,wetlab,toolcalling,success,1,success_step1
qualysis_lvl2_07,61,0.0,False,False,wetlab,toolcalling,success,1,success_step1
qualysis_lvl2_07,65,0.0,False,False,wetlab,toolcalling,success,1,success_step1
qualysis_lvl2_07,70,0.0,False,False,wetlab,toolcalling,success,1,success_step1
qualysis_lvl2_07,72,0.0,False,False,wetlab,toolcalling,success,1,success_step1
qualysis_lvl2_07,74,1.0,True,False,wetlab,toolcalling,success,1,success_step1
qualysis_lvl2_08,23,1.0,True,False,wetlab,toolcalling,success,1,success_step1
qualysis_lvl2_08,27,1.0,True,False,wetlab,toolcalling,success,1,success_step1
qualysis_lvl2_08,30,1.0,True,False,wetlab,toolcalling,success,1,success_step1
qualysis_lvl2_08,36,1.0,True,False,wetlab,toolcalling,success,1,success_step1
qualysis_lvl2_08,39,0.0,False,False,wetlab,toolcalling,success,1,success_step1
qualysis_lvl2_08,43,1.0,True,False,wetlab,toolcalling,success,1,success_step1
qualysis_lvl2_08,44,1.0,True,False,wetlab,toolcalling,success,1,success_step1
qualysis_lvl2_08,48,1.0,True,False,wetlab,toolcalling,success,1,success_step1
qualysis_lvl2_08,51,1.0,True,False,wetlab,toolcalling,success,1,success_step1
qualysis_lvl2_08,57,0.0,False,False,wetlab,toolcalling,success,1,success_step1
qualysis_lvl2_08,60,1.0,True,False,wetlab,toolcalling,success,1,success_step1
qualysis_lvl2_08,62,0.0,False,False,wetlab,toolcalling,success,1,success_step1
qualysis_lvl2_08,66,1.0,True,False,wetlab,toolcalling,success,1,success_step1
qualysis_lvl2_08,68,1.0,True,False,wetlab,toolcalling,success,1,success_step1
qualysis_lvl2_08,70,0.0,False,False,wetlab,toolcalling,success,1,success_step1
qualysis_lvl2_09,21,1.0,True,False,wetlab,toolcalling,success,1,success_step1
qualysis_lvl2_09,23,1.0,True,False,wetlab,toolcalling,success,1,success_step1
qualysis_lvl2_09,26,0.0,False,False,wetlab,toolcalling,success,1,success_step1
qualysis_lvl2_09,30,1.0,True,False,wetlab,toolcalling,success,1,success_step1
qualysis_lvl2_09,34,0.0,False,False,wetlab,toolcalling,success,1,success_step1
qualysis_lvl2_09,38,0.0,False,False,wetlab,toolcalling,success,1,success_step1
qualysis_lvl2_09,41,1.0,True,False,wetlab,toolcalling,success,1,success_step1
qualysis_lvl2_09,47,0.0,False,False,wetlab,toolcalling,success,1,success_step1
qualysis_lvl2_09,51,0.0,False,False,wetlab,toolcalling,success,1,success_step1
qualysis_lvl2_09,55,0.0,False,False,wetlab,toolcalling,success,1,success_step1
qualysis_lvl2_09,59,1.0,True,False,wetlab,toolcalling,success,1,success_step1
qualysis_lvl2_09,62,0.0,False,False,wetlab,toolcalling,success,1,success_step1
qualysis_lvl2_09,64,0.0,False,False,wetlab,toolcalling,success,1,success_step1
qualysis_lvl2_09,65,0.0,False,False,wetlab,toolcalling,success,1,success_step1
qualysis_lvl2_09,69,0.0,False,False,wetlab,toolcalling,success,1,success_step1
qualysis_lvl2_10,21,0.0,False,False,wetlab,toolcalling,success,1,success_step1
qualysis_lvl2_10,23,1.0,True,False,wetlab,toolcalling,success,1,success_step1
qualysis_lvl2_10,24,1.0,True,False,wetlab,toolcalling,success,1,success_step1
qualysis_lvl2_10,28,1.0,True,False,wetlab,toolcalling,success,1,success_step1
qualysis_lvl2_10,31,0.0,False,False,wetlab,toolcalling,success,1,success_step1
qualysis_lvl2_10,35,0.0,False,False,wetlab,toolcalling,success,1,success_step1
qualysis_lvl2_10,39,0.0,False,False,wetlab,toolcalling,success,1,success_step1
qualysis_lvl2_10,40,0.0,False,False,wetlab,toolcalling,success,1,success_step1
qualysis_lvl2_10,42,1.0,True,False,wetlab,toolcalling,success,1,success_step1
qualysis_lvl2_10,44,1.0,True,False,wetlab,toolcalling,success,1,success_step1
qualysis_lvl2_10,46,0.0,False,False,wetlab,toolcalling,success,1,success_step1
qualysis_lvl2_10,48,1.0,True,False,wetlab,toolcalling,success,1,success_step1
qualysis_lvl2_10,49,0.0,False,False,wetlab,toolcalling,success,1,success_step1
qualysis_lvl2_10,53,1.0,True,False,wetlab,toolcalling,success,1,success_step1
qualysis_lvl2_10,55,0.0,False,False,wetlab,toolcalling,success,1,success_step1
qualysis_lvl2_01,66,0.0,False,False,wetlab,toolcalling,success,2,success_step2
qualysis_lvl2_01,67,1.0,True,False,wetlab,toolcalling,success,2,success_step2
qualysis_lvl2_01,69,1.0,True,False,wetlab,toolcalling,success,2,success_step2
qualysis_lvl2_01,71,1.0,True,False,wetlab,toolcalling,success,2,success_step2
qualysis_lvl2_01,73,0.0,False,False,wetlab,toolcalling,success,2,success_step2
qualysis_lvl2_01,75,1.0,True,False,wetlab,toolcalling,success,2,success_step2
qualysis_lvl2_01,76,1.0,True,False,wetlab,toolcalling,success,2,success_step2
qualysis_lvl2_01,78,1.0,True,False,wetlab,toolcalling,success,2,success_step2
qualysis_lvl2_01,83,0.0,False,False,wetlab,toolcalling,success,2,success_step2
qualysis_lvl2_01,87,0.0,False,False,wetlab,toolcalling,success,2,success_step2
qualysis_lvl2_01,91,1.0,True,False,wetlab,toolcalling,success,2,success_step2
qualysis_lvl2_01,95,0.0,False,False,wetlab,toolcalling,success,2,success_step2
qualysis_lvl2_01,98,1.0,True,False,wetlab,toolcalling,success,2,success_step2
qualysis_lvl2_01,102,0.0,False,False,wetlab,toolcalling,success,2,success_step2
qualysis_lvl2_01,106,1.0,True,False,wetlab,toolcalling,success,2,success_step2
qualysis_lvl2_07,76,0.0,False,False,wetlab,toolcalling,success,2,success_step2
qualysis_lvl2_07,78,0.0,False,False,wetlab,toolcalling,success,2,success_step2
qualysis_lvl2_07,81,1.0,True,False,wetlab,toolcalling,success,2,success_step2
qualysis_lvl2_07,86,0.0,False,False,wetlab,toolcalling,success,2,success_step2
qualysis_lvl2_07,91,0.0,False,False,wetlab,toolcalling,success,2,success_step2
qualysis_lvl2_07,94,1.0,True,False,wetlab,toolcalling,success,2,success_step2
qualysis_lvl2_07,99,0.0,False,False,wetlab,toolcalling,success,2,success_step2
qualysis_lvl2_07,103,0.0,False,False,wetlab,toolcalling,success,2,success_step2
qualysis_lvl2_07,108,0.0,False,False,wetlab,toolcalling,success,2,success_step2
qualysis_lvl2_07,113,0.0,False,False,wetlab,toolcalling,success,2,success_step2
qualysis_lvl2_07,117,0.0,False,False,wetlab,toolcalling,success,2,success_step2
qualysis_lvl2_07,121,0.0,False,False,wetlab,toolcalling,success,2,success_step2
qualysis_lvl2_07,124,1.0,True,False,wetlab,toolcalling,success,2,success_step2
qualysis_lvl2_07,128,0.0,False,False,wetlab,toolcalling,success,2,success_step2
qualysis_lvl2_07,131,0.0,False,False,wetlab,toolcalling,success,2,success_step2
qualysis_lvl2_08,76,0.0,False,False,wetlab,toolcalling,success,2,success_step2
qualysis_lvl2_08,78,0.0,False,False,wetlab,toolcalling,success,2,success_step2
qualysis_lvl2_08,82,1.0,True,False,wetlab,toolcalling,success,2,success_step2
qualysis_lvl2_08,86,1.0,True,False,wetlab,toolcalling,success,2,success_step2
qualysis_lvl2_08,91,0.0,False,False,wetlab,toolcalling,success,2,success_step2
qualysis_lvl2_08,95,0.0,False,False,wetlab,toolcalling,success,2,success_step2
qualysis_lvl2_08,100,1.0,True,False,wetlab,toolcalling,success,2,success_step2
qualysis_lvl2_08,105,1.0,True,False,wetlab,toolcalling,success,2,success_step2
qualysis_lvl2_08,107,0.0,False,False,wetlab,toolcalling,success,2,success_step2
qualysis_lvl2_08,111,1.0,True,False,wetlab,toolcalling,success,2,success_step2
qualysis_lvl2_08,115,1.0,True,False,wetlab,toolcalling,success,2,success_step2
qualysis_lvl2_08,121,1.0,True,False,wetlab,toolcalling,success,2,success_step2
qualysis_lvl2_08,125,1.0,True,False,wetlab,toolcalling,success,2,success_step2
qualysis_lvl2_08,128,1.0,True,False,wetlab,toolcalling,success,2,success_step2
qualysis_lvl2_08,131,1.0,True,False,wetlab,toolcalling,success,2,success_step2
qualysis_lvl2_09,77,0.0,False,False,wetlab,toolcalling,success,2,success_step2
qualysis_lvl2_09,80,1.0,True,False,wetlab,toolcalling,success,2,success_step2
qualysis_lvl2_09,85,1.0,True,False,wetlab,toolcalling,success,2,success_step2
qualysis_lvl2_09,89,0.0,False,False,wetlab,toolcalling,success,2,success_step2
qualysis_lvl2_09,91,0.0,False,False,wetlab,toolcalling,success,2,success_step2
qualysis_lvl2_09,95,1.0,True,False,wetlab,toolcalling,success,2,success_step2
qualysis_lvl2_09,97,0.0,False,False,wetlab,toolcalling,success,2,success_step2
qualysis_lvl2_09,102,0.0,False,False,wetlab,toolcalling,success,2,success_step2
qualysis_lvl2_09,104,1.0,True,False,wetlab,toolcalling,success,2,success_step2
qualysis_lvl2_09,107,1.0,True,False,wetlab,toolcalling,success,2,success_step2
qualysis_lvl2_09,112,1.0,True,False,wetlab,toolcalling,success,2,success_step2
qualysis_lvl2_09,116,0.0,False,False,wetlab,toolcalling,success,2,success_step2
qualysis_lvl2_09,121,0.0,False,False,wetlab,toolcalling,success,2,success_step2
qualysis_lvl2_09,125,0.0,False,False,wetlab,toolcalling,success,2,success_step2
qualysis_lvl2_09,128,0.0,False,False,wetlab,toolcalling,success,2,success_step2
qualysis_lvl2_10,61,1.0,True,False,wetlab,toolcalling,success,2,success_step2
qualysis_lvl2_10,63,0.0,False,False,wetlab,toolcalling,success,2,success_step2
qualysis_lvl2_10,64,0.0,False,False,wetlab,toolcalling,success,2,success_step2
qualysis_lvl2_10,70,1.0,True,False,wetlab,toolcalling,success,2,success_step2
qualysis_lvl2_10,74,0.0,False,False,wetlab,toolcalling,success,2,success_step2
qualysis_lvl2_10,78,0.0,False,False,wetlab,toolcalling,success,2,success_step2
qualysis_lvl2_10,82,0.0,False,False,wetlab,toolcalling,success,2,success_step2
qualysis_lvl2_10,86,0.0,False,False,wetlab,toolcalling,success,2,success_step2
qualysis_lvl2_10,90,0.0,False,False,wetlab,toolcalling,success,2,success_step2
qualysis_lvl2_10,95,0.0,False,False,wetlab,toolcalling,success,2,success_step2
qualysis_lvl2_10,99,0.0,False,False,wetlab,toolcalling,success,2,success_step2
qualysis_lvl2_10,103,1.0,True,False,wetlab,toolcalling,success,2,success_step2
qualysis_lvl2_10,106,1.0,True,False,wetlab,toolcalling,success,2,success_step2
qualysis_lvl2_10,110,1.0,True,False,wetlab,toolcalling,success,2,success_step2
qualysis_lvl2_10,114,0.0,False,False,wetlab,toolcalling,success,2,success_step2
qualysis_lvl2_01,114,1.0,True,False,wetlab,toolcalling,success,-1,success_stepn1
qualysis_lvl2_01,116,0.0,False,False,wetlab,toolcalling,success,-1,success_stepn1
qualysis_lvl2_01,118,1.0,True,False,wetlab,toolcalling,success,-1,success_stepn1
qualysis_lvl2_01,119,1.0,True,False,wetlab,toolcalling,success,-1,success_stepn1
qualysis_lvl2_01,120,1.0,True,False,wetlab,toolcalling,success,-1,success_stepn1
qualysis_lvl2_01,121,1.0,True,False,wetlab,toolcalling,success,-1,success_stepn1
qualysis_lvl2_01,122,1.0,True,False,wetlab,toolcalling,success,-1,success_stepn1
qualysis_lvl2_01,126,1.0,True,False,wetlab,toolcalling,success,-1,success_stepn1
qualysis_lvl2_01,127,1.0,True,False,wetlab,toolcalling,success,-1,success_stepn1
qualysis_lvl2_01,129,1.0,True,False,wetlab,toolcalling,success,-1,success_stepn1
qualysis_lvl2_01,130,1.0,True,False,wetlab,toolcalling,success,-1,success_stepn1
qualysis_lvl2_01,131,1.0,True,False,wetlab,toolcalling,success,-1,success_stepn1
qualysis_lvl2_01,132,1.0,True,False,wetlab,toolcalling,success,-1,success_stepn1
qualysis_lvl2_01,133,1.0,True,False,wetlab,toolcalling,success,-1,success_stepn1
qualysis_lvl2_01,134,1.0,True,False,wetlab,toolcalling,success,-1,success_stepn1
qualysis_lvl2_07,136,1.0,True,False,wetlab,toolcalling,success,-1,success_stepn1
qualysis_lvl2_07,137,1.0,True,False,wetlab,toolcalling,success,-1,success_stepn1
qualysis_lvl2_07,138,1.0,True,False,wetlab,toolcalling,success,-1,success_stepn1
qualysis_lvl2_07,139,1.0,True,False,wetlab,toolcalling,success,-1,success_stepn1
qualysis_lvl2_07,140,1.0,True,False,wetlab,toolcalling,success,-1,success_stepn1
qualysis_lvl2_07,141,1.0,True,False,wetlab,toolcalling,success,-1,success_stepn1
qualysis_lvl2_07,142,1.0,True,False,wetlab,toolcalling,success,-1,success_stepn1
qualysis_lvl2_07,143,1.0,True,False,wetlab,toolcalling,success,-1,success_stepn1
qualysis_lvl2_07,144,1.0,True,False,wetlab,toolcalling,success,-1,success_stepn1
qualysis_lvl2_07,145,1.0,True,False,wetlab,toolcalling,success,-1,success_stepn1
qualysis_lvl2_07,146,1.0,True,False,wetlab,toolcalling,success,-1,success_stepn1
qualysis_lvl2_07,147,1.0,True,False,wetlab,toolcalling,success,-1,success_stepn1
qualysis_lvl2_07,148,1.0,True,False,wetlab,toolcalling,success,-1,success_stepn1
qualysis_lvl2_07,149,1.0,True,False,wetlab,toolcalling,success,-1,success_stepn1
qualysis_lvl2_07,150,1.0,True,False,wetlab,toolcalling,success,-1,success_stepn1
qualysis_lvl2_08,136,1.0,True,False,wetlab,toolcalling,success,-1,success_stepn1
qualysis_lvl2_08,137,1.0,True,False,wetlab,toolcalling,success,-1,success_stepn1
qualysis_lvl2_08,138,1.0,True,False,wetlab,toolcalling,success,-1,success_stepn1
qualysis_lvl2_08,139,1.0,True,False,wetlab,toolcalling,success,-1,success_stepn1
qualysis_lvl2_08,140,1.0,True,False,wetlab,toolcalling,success,-1,success_stepn1
qualysis_lvl2_08,141,1.0,True,False,wetlab,toolcalling,success,-1,success_stepn1
qualysis_lvl2_08,142,1.0,True,False,wetlab,toolcalling,success,-1,success_stepn1
qualysis_lvl2_08,143,1.0,True,False,wetlab,toolcalling,success,-1,success_stepn1
qualysis_lvl2_08,144,1.0,True,False,wetlab,toolcalling,success,-1,success_stepn1
qualysis_lvl2_08,145,1.0,True,False,wetlab,toolcalling,success,-1,success_stepn1
qualysis_lvl2_08,146,1.0,True,False,wetlab,toolcalling,success,-1,success_stepn1
qualysis_lvl2_08,147,1.0,True,False,wetlab,toolcalling,success,-1,success_stepn1
qualysis_lvl2_08,148,1.0,True,False,wetlab,toolcalling,success,-1,success_stepn1
qualysis_lvl2_08,149,1.0,True,False,wetlab,toolcalling,success,-1,success_stepn1
qualysis_lvl2_08,150,1.0,True,False,wetlab,toolcalling,success,-1,success_stepn1
qualysis_lvl2_09,136,1.0,True,False,wetlab,toolcalling,success,-1,success_stepn1
qualysis_lvl2_09,137,0.0,False,False,wetlab,toolcalling,success,-1,success_stepn1
qualysis_lvl2_09,138,1.0,True,False,wetlab,toolcalling,success,-1,success_stepn1
qualysis_lvl2_09,139,0.0,False,False,wetlab,toolcalling,success,-1,success_stepn1
qualysis_lvl2_09,140,1.0,True,False,wetlab,toolcalling,success,-1,success_stepn1
qualysis_lvl2_09,141,1.0,True,False,wetlab,toolcalling,success,-1,success_stepn1
qualysis_lvl2_09,142,1.0,True,False,wetlab,toolcalling,success,-1,success_stepn1
qualysis_lvl2_09,143,1.0,True,False,wetlab,toolcalling,success,-1,success_stepn1
qualysis_lvl2_09,144,1.0,True,False,wetlab,toolcalling,success,-1,success_stepn1
qualysis_lvl2_09,145,1.0,True,False,wetlab,toolcalling,success,-1,success_stepn1
qualysis_lvl2_09,146,1.0,True,False,wetlab,toolcalling,success,-1,success_stepn1
qualysis_lvl2_09,147,0.0,False,False,wetlab,toolcalling,success,-1,success_stepn1
qualysis_lvl2_09,148,0.0,False,False,wetlab,toolcalling,success,-1,success_stepn1
qualysis_lvl2_09,149,1.0,True,False,wetlab,toolcalling,success,-1,success_stepn1
qualysis_lvl2_09,150,1.0,True,False,wetlab,toolcalling,success,-1,success_stepn1
qualysis_lvl2_10,120,1.0,True,False,wetlab,toolcalling,success,-1,success_stepn1
qualysis_lvl2_10,121,1.0,True,False,wetlab,toolcalling,success,-1,success_stepn1
qualysis_lvl2_10,122,1.0,True,False,wetlab,toolcalling,success,-1,success_stepn1
qualysis_lvl2_10,123,1.0,True,False,wetlab,toolcalling,success,-1,success_stepn1
qualysis_lvl2_10,124,1.0,True,False,wetlab,toolcalling,success,-1,success_stepn1
qualysis_lvl2_10,125,1.0,True,False,wetlab,toolcalling,success,-1,success_stepn1
qualysis_lvl2_10,126,1.0,True,False,wetlab,toolcalling,success,-1,success_stepn1
qualysis_lvl2_10,127,1.0,True,False,wetlab,toolcalling,success,-1,success_stepn1
qualysis_lvl2_10,128,0.0,False,False,wetlab,toolcalling,success,-1,success_stepn1
qualysis_lvl2_10,129,1.0,True,False,wetlab,toolcalling,success,-1,success_stepn1
qualysis_lvl2_10,130,1.0,True,False,wetlab,toolcalling,success,-1,success_stepn1
qualysis_lvl2_10,131,0.0,False,False,wetlab,toolcalling,success,-1,success_stepn1
qualysis_lvl2_10,132,1.0,True,False,wetlab,toolcalling,success,-1,success_stepn1
qualysis_lvl2_10,133,1.0,True,False,wetlab,toolcalling,success,-1,success_stepn1
qualysis_lvl2_10,134,0.0,False,False,wetlab,toolcalling,success,-1,success_stepn1
qualysis_lvl2_01,143,1.0,True,False,wetlab,toolcalling,success,-2,success_stepn2
qualysis_lvl2_01,144,1.0,True,False,wetlab,toolcalling,success,-2,success_stepn2
qualysis_lvl2_01,145,1.0,True,False,wetlab,toolcalling,success,-2,success_stepn2
qualysis_lvl2_01,146,1.0,True,False,wetlab,toolcalling,success,-2,success_stepn2
qualysis_lvl2_01,148,1.0,True,False,wetlab,toolcalling,success,-2,success_stepn2
qualysis_lvl2_01,149,1.0,True,False,wetlab,toolcalling,success,-2,success_stepn2
qualysis_lvl2_01,151,1.0,True,False,wetlab,toolcalling,success,-2,success_stepn2
qualysis_lvl2_01,153,1.0,True,False,wetlab,toolcalling,success,-2,success_stepn2
qualysis_lvl2_01,154,1.0,True,False,wetlab,toolcalling,success,-2,success_stepn2
qualysis_lvl2_01,155,1.0,True,False,wetlab,toolcalling,success,-2,success_stepn2
qualysis_lvl2_01,156,1.0,True,False,wetlab,toolcalling,success,-2,success_stepn2
qualysis_lvl2_01,157,1.0,True,False,wetlab,toolcalling,success,-2,success_stepn2
qualysis_lvl2_01,159,1.0,True,False,wetlab,toolcalling,success,-2,success_stepn2
qualysis_lvl2_01,160,1.0,True,False,wetlab,toolcalling,success,-2,success_stepn2
qualysis_lvl2_01,161,1.0,True,False,wetlab,toolcalling,success,-2,success_stepn2
qualysis_lvl2_07,166,1.0,True,False,wetlab,toolcalling,success,-2,success_stepn2
qualysis_lvl2_07,167,1.0,True,False,wetlab,toolcalling,success,-2,success_stepn2
qualysis_lvl2_07,168,1.0,True,False,wetlab,toolcalling,success,-2,success_stepn2
qualysis_lvl2_07,169,1.0,True,False,wetlab,toolcalling,success,-2,success_stepn2
qualysis_lvl2_07,170,1.0,True,False,wetlab,toolcalling,success,-2,success_stepn2
qualysis_lvl2_07,171,1.0,True,False,wetlab,toolcalling,success,-2,success_stepn2
qualysis_lvl2_07,172,1.0,True,False,wetlab,toolcalling,success,-2,success_stepn2
qualysis_lvl2_07,173,1.0,True,False,wetlab,toolcalling,success,-2,success_stepn2
qualysis_lvl2_07,174,0.0,False,False,wetlab,toolcalling,success,-2,success_stepn2
qualysis_lvl2_07,175,1.0,True,False,wetlab,toolcalling,success,-2,success_stepn2
qualysis_lvl2_07,176,1.0,True,False,wetlab,toolcalling,success,-2,success_stepn2
qualysis_lvl2_07,177,1.0,True,False,wetlab,toolcalling,success,-2,success_stepn2
qualysis_lvl2_07,178,1.0,True,False,wetlab,toolcalling,success,-2,success_stepn2
qualysis_lvl2_07,179,1.0,True,False,wetlab,toolcalling,success,-2,success_stepn2
qualysis_lvl2_07,180,1.0,True,False,wetlab,toolcalling,success,-2,success_stepn2
qualysis_lvl2_08,166,1.0,True,False,wetlab,toolcalling,success,-2,success_stepn2
qualysis_lvl2_08,167,1.0,True,False,wetlab,toolcalling,success,-2,success_stepn2
qualysis_lvl2_08,168,1.0,True,False,wetlab,toolcalling,success,-2,success_stepn2
qualysis_lvl2_08,169,1.0,True,False,wetlab,toolcalling,success,-2,success_stepn2
qualysis_lvl2_08,170,1.0,True,False,wetlab,toolcalling,success,-2,success_stepn2
qualysis_lvl2_08,171,1.0,True,False,wetlab,toolcalling,success,-2,success_stepn2
qualysis_lvl2_08,172,1.0,True,False,wetlab,toolcalling,success,-2,success_stepn2
qualysis_lvl2_08,173,1.0,True,False,wetlab,toolcalling,success,-2,success_stepn2
qualysis_lvl2_08,174,1.0,True,False,wetlab,toolcalling,success,-2,success_stepn2
qualysis_lvl2_08,175,1.0,True,False,wetlab,toolcalling,success,-2,success_stepn2
qualysis_lvl2_08,176,1.0,True,False,wetlab,toolcalling,success,-2,success_stepn2
qualysis_lvl2_08,177,1.0,True,False,wetlab,toolcalling,success,-2,success_stepn2
qualysis_lvl2_08,178,1.0,True,False,wetlab,toolcalling,success,-2,success_stepn2
qualysis_lvl2_08,179,1.0,True,False,wetlab,toolcalling,success,-2,success_stepn2
qualysis_lvl2_08,180,1.0,True,False,wetlab,toolcalling,success,-2,success_stepn2
qualysis_lvl2_09,166,1.0,True,False,wetlab,toolcalling,success,-2,success_stepn2
qualysis_lvl2_09,167,1.0,True,False,wetlab,toolcalling,success,-2,success_stepn2
qualysis_lvl2_09,168,1.0,True,False,wetlab,toolcalling,success,-2,success_stepn2
qualysis_lvl2_09,169,1.0,True,False,wetlab,toolcalling,success,-2,success_stepn2
qualysis_lvl2_09,170,1.0,True,False,wetlab,toolcalling,success,-2,success_stepn2
qualysis_lvl2_09,171,1.0,True,False,wetlab,toolcalling,success,-2,success_stepn2
qualysis_lvl2_09,172,0.0,False,False,wetlab,toolcalling,success,-2,success_stepn2
qualysis_lvl2_09,173,1.0,True,False,wetlab,toolcalling,success,-2,success_stepn2
qualysis_lvl2_09,174,1.0,True,False,wetlab,toolcalling,success,-2,success_stepn2
qualysis_lvl2_09,175,1.0,True,False,wetlab,toolcalling,success,-2,success_stepn2
qualysis_lvl2_09,176,1.0,True,False,wetlab,toolcalling,success,-2,success_stepn2
qualysis_lvl2_09,177,1.0,True,False,wetlab,toolcalling,success,-2,success_stepn2
qualysis_lvl2_09,178,1.0,True,False,wetlab,toolcalling,success,-2,success_stepn2
qualysis_lvl2_09,179,1.0,True,False,wetlab,toolcalling,success,-2,success_stepn2
qualysis_lvl2_09,180,1.0,True,False,wetlab,toolcalling,success,-2,success_stepn2
qualysis_lvl2_10,150,1.0,True,False,wetlab,toolcalling,success,-2,success_stepn2
qualysis_lvl2_10,151,1.0,True,False,wetlab,toolcalling,success,-2,success_stepn2
qualysis_lvl2_10,152,1.0,True,False,wetlab,toolcalling,success,-2,success_stepn2
qualysis_lvl2_10,153,1.0,True,False,wetlab,toolcalling,success,-2,success_stepn2
qualysis_lvl2_10,154,1.0,True,False,wetlab,toolcalling,success,-2,success_stepn2
qualysis_lvl2_10,155,0.0,False,False,wetlab,toolcalling,success,-2,success_stepn2
qualysis_lvl2_10,156,1.0,True,False,wetlab,toolcalling,success,-2,success_stepn2
qualysis_lvl2_10,157,1.0,True,False,wetlab,toolcalling,success,-2,success_stepn2
qualysis_lvl2_10,158,1.0,True,False,wetlab,toolcalling,success,-2,success_stepn2
qualysis_lvl2_10,159,1.0,True,False,wetlab,toolcalling,success,-2,success_stepn2
qualysis_lvl2_10,160,0.0,False,False,wetlab,toolcalling,success,-2,success_stepn2
qualysis_lvl2_10,161,1.0,True,False,wetlab,toolcalling,success,-2,success_stepn2
qualysis_lvl2_10,163,1.0,True,False,wetlab,toolcalling,success,-2,success_stepn2
qualysis_lvl2_10,164,1.0,True,False,wetlab,toolcalling,success,-2,success_stepn2
qualysis_lvl2_10,165,1.0,True,False,wetlab,toolcalling,success,-2,success_stepn2
