HSNS1	HSNS4	HSNS5	HSNS6	HSNS8	HSNS10	HSNS2	HSNS3	HSNS7	HSNS9	age	gender	accuracy	country	participant_id	session_id	recorded_on
5	5	5	4	5	4	4	5	2	4	38	1	84	US	R000001	S009368	2026-02-11
5	3	4	5	4	3	5	4	5	4	18	1	99	US	R000002	S007803	2026-02-28
5	2	2	3	4	4	5	4	5	3	22	1	83	US	R000003	S003854	2026-03-25
3	5	5	5	5	3	1	2	4	4	48	2	66	US	R000004	S003797	2026-02-17
3	3	3	4	2	2	5	4	5	4	44	1	73	US	R000005	S000921	2026-02-24
5	1	4	4	1	2	3	1	2	4	38	1	82	US	R000006	S003405	2026-02-24
2	2	1	2	1	1	2	2	3	2	32	1	99	US	R000007	S005194	2026-02-10
2	4	3	4	4	1	4	4	5	4	26	1	75	US	R000008	S009839	2026-02-10
4	1	2	1	1	2	3	2	4	5	60	2	99	US	R000009	S001983	2026-03-13
5	2	1	2	2	3	2	1	3	4	31	2	83	US	R000010	S011304	2026-02-18
4	4	1	5	2	1	1	1	1	3	38	1	83	US	R000011	S000076	2026-02-18
5	3	5	4	5	5	5	2	4	4	34	1	86	US	R000012	S010362	2026-02-15
5	2	3	4	4	3	4	3	5	4	24	1	70	US	R000013	S004381	2026-02-09
5	4	5	5	5	2	4	5	4	4	18	2	58	US	R000014	S003071	2026-02-06
5	1	3	5	5	2	1	2	3	4	39	1	92	US	R000015	S000689	2026-02-06
4	2	5	4	4	4	5	5	3	4	27	2	56	US	R000016	S001871	2026-02-13
3	3	4	5	2	1	2	2	4	4	20	1	63	US	R000017	S005665	2026-02-05
5	2	1	2	2	2	4	1	2	2	18	2	78	US	R000018	S000641	2026-03-16
5	3	5	5	5	5	5	5	5	4	47	1	96	US	R000019	S004037	2026-02-03
5	2	2	4	2	2	5	5	5	4	45	2	93	US	R000020	S002638	2026-02-21
5	3	4	3	4	4	5	5	5	5	52	1	83	US	R000021	S000119	2026-03-11
4	2	5	5	5	5	1	4	1	4	58	2	63	US	R000022	S002507	2026-03-24
3	3	4	2	3	2	4	4	4	4	33	1	96	US	R000023	S009096	2026-03-18
5	5	5	5	5	5	5	5	5	5	26	2	91	US	R000024	S008108	2026-03-04
5	3	2	4	4	4	3	2	1	2	33	1	88	US	R000025	S011508	2026-03-13
5	5	3	4	2	1	2	4	4	2	29	2	85	US	R000026	S009427	2026-02-13
5	2	3	5	2	2	2	2	2	3	42	2	90	US	R000027	S002677	2026-02-03
4	5	3	5	3	4	4	4	4	5	43	1	67	US	R000028	S006885	2026-03-11
4	2	1	5	1	1	3	3	4	3	39	1	96	US	R000029	S006371	2026-03-27
5	5	3	5	5	2	2	4	5	3	32	2	82	US	R000030	S003976	2026-02-19
3	4	2	3	4	4	1	4	2	4	39	2	85	US	R000031	S004093	2026-02-09
5	5	5	5	2	3	1	4	3	2	38	1	86	US	R000032	S008679	2026-02-20
4	4	5	5	4	5	5	5	5	5	43	1	75	US	R000033	S004404	2026-03-25
5	2	2	4	5	2	3	5	4	4	22	2	83	US	R000034	S005372	2026-02-19
5	3	3	5	3	2	4	5	4	4	18	1	74	US	R000035	S009995	2026-02-20
5	2	3	5	4	5	2	2	2	5	18	1	97	US	R000036	S009387	2026-03-16
2	2	1	4	2	1	5	4	5	5	31	1	72	US	R000037	S006835	2026-03-16
4	3	2	2	2	2	4	4	4	3	59	1	98	US	R000038	S004284	2026-03-12
4	5	4	5	4	2	1	1	2	3	47	2	83	US	R000039	S000451	2026-02-10
5	3	5	4	4	4	5	5	5	5	39	1	75	US	R000040	S012538	2026-02-18
4	3	5	4	3	3	2	4	2	3	29	1	72	US	R000041	S000655	2026-02-23
5	5	5	5	5	4	2	5	4	4	24	1	73	US	R000042	S007020	2026-02-19
4	3	4	5	5	2	1	5	5	5	44	1	93	US	R000043	S004672	2026-03-06
4	2	4	2	4	1	1	5	4	2	38	1	92	US	R000044	S006223	2026-03-17
5	3	5	2	4	1	1	3	2	2	39	2	86	US	R000045	S011111	2026-02-02
5	5	3	4	4	2	2	3	4	4	18	1	59	US	R000046	S006182	2026-02-13
5	2	4	5	5	5	5	4	3	4	48	2	82	US	R000047	S012821	2026-03-13
5	3	5	5	5	4	4	4	5	4	39	1	89	US	R000048	S010477	2026-03-01
1	2	3	5	2	1	3	2	4	5	18	1	95	US	R000049	S011939	2026-03-26
5	5	5	5	5	5	4	4	4	4	31	2	73	US	R000050	S008756	2026-03-17
4	1	3	5	4	5	5	4	5	4	42	2	91	US	R000051	S010634	2026-02-03
1	3	1	2	4	1	1	2	2	2	34	1	89	US	R000052	S011501	2026-02-21
5	1	4	4	2	3	5	4	2	4	37	1	66	US	R000053	S002052	2026-03-11
2	1	4	4	1	1	4	3	5	5	38	1	49	US	R000054	S005567	2026-03-04
5	2	3	4	2	5	4	4	4	4	26	1	99	US	R000055	S007577	2026-02-17
5	1	4	4	4	3	1	5	2	5	51	1	93	US	R000056	S008304	2026-03-02
2	2	2	4	1	4	1	1	2	2	26	1	93	US	R000057	S011722	2026-02-04
5	2	4	3	2	4	4	4	3	4	32	2	93	US	R000058	S012275	2026-02-05
5	2	5	5	5	5	4	3	5	2	26	1	92	US	R000059	S005987	2026-02-24
5	5	5	4	5	5	5	3	5	4	41	1	97	US	R000060	S006108	2026-02-27
3	2	2	4	2	1	2	5	5	2	35	1	91	US	R000061	S005260	2026-02-12
5	5	3	5	3	4	5	4	5	5	36	1	86	US	R000062	S012957	2026-03-03
3	1	3	3	4	2	3	5	4	4	39	1	96	US	R000063	S010608	2026-02-20
4	2	1	4	1	1	4	5	5	4	34	1	84	US	R000064	S011448	2026-02-28
4	3	4	5	4	4	5	4	4	5	23	1	85	US	R000065	S000975	2026-02-27
5	2	5	3	4	2	5	4	5	5	39	1	92	US	R000066	S009855	2026-02-18
4	1	2	4	4	5	4	5	3	4	47	1	87	US	R000067	S010142	2026-03-02
4	2	3	5	3	1	4	4	4	4	32	1	89	US	R000068	S011804	2026-03-20
3	1	3	4	1	2	5	5	4	4	38	2	91	US	R000069	S000186	2026-03-25
4	2	4	5	3	2	4	5	5	4	33	2	92	US	R000070	S004225	2026-02-25
2	2	1	3	2	1	2	2	4	4	42	1	94	US	R000071	S008236	2026-02-22
5	2	5	5	4	4	5	4	4	3	19	2	61	US	R000072	S012697	2026-02-05
4	3	5	4	3	3	1	2	3	4	27	2	65	US	R000073	S004728	2026-02-16
4	2	5	5	5	4	4	5	5	5	33	2	96	US	R000074	S011881	2026-03-21
5	5	5	5	5	4	5	5	5	5	57	1	80	US	R000075	S009845	2026-03-06
2	5	4	4	5	5	3	4	4	4	45	1	79	US	R000076	S002728	2026-02-14
5	3	4	5	5	3	4	5	4	4	41	2	80	US	R000077	S003812	2026-03-09
4	4	5	5	5	4	3	4	5	2	45	1	86	US	R000078	S003701	2026-02-04
2	1	4	3	1	1	5	2	2	4	25	1	82	US	R000079	S006236	2026-03-18
3	4	5	3	3	4	4	4	4	5	45	1	94	US	R000080	S000651	2026-02-11
2	2	2	4	2	2	3	2	4	4	24	1	94	US	R000081	S007543	2026-03-18
5	3	1	5	4	3	1	1	2	3	48	2	84	US	R000082	S008209	2026-03-05
5	2	4	4	4	2	4	1	4	5	25	2	68	US	R000083	S012106	2026-03-23
5	5	4	4	2	1	2	1	3	3	40	2	80	US	R000084	S007836	2026-03-15
3	2	3	2	4	4	4	5	4	2	37	1	81	US	R000085	S009829	2026-02-26
5	2	5	4	4	4	1	1	1	4	21	2	74	US	R000086	S007400	2026-02-23
4	1	4	2	4	1	3	2	5	4	53	2	81	US	R000087	S007701	2026-02-14
4	4	5	4	5	5	4	5	3	3	57	1	71	US	R000088	S007225	2026-02-13
5	1	4	5	3	4	2	4	4	4	21	1	83	US	R000089	S002901	2026-02-18
5	4	5	3	4	2	4	1	2	3	41	1	86	US	R000090	S002868	2026-02-05
4	2	4	4	2	4	4	4	4	5	27	2	95	US	R000091	S001464	2026-03-01
3	3	2	4	2	2	2	4	2	4	44	1	59	US	R000092	S005405	2026-03-02
4	3	2	4	4	1	2	4	1	4	50	1	95	US	R000093	S000644	2026-03-25
5	4	4	4	5	2	3	2	5	5	39	2	72	US	R000094	S003159	2026-03-15
3	2	3	5	4	2	5	5	5	4	36	2	83	US	R000095	S009936	2026-02-17
4	3	4	1	4	1	3	4	2	4	18	1	65	US	R000096	S010500	2026-02-13
2	2	5	3	2	2	2	2	2	4	24	2	88	US	R000097	S000047	2026-03-01
5	3	4	5	4	2	2	3	4	4	37	2	94	US	R000098	S004902	2026-03-25
5	5	4	4	4	5	5	5	5	5	25	1	88	US	R000099	S001458	2026-02-27
4	3	2	4	4	3	1	5	4	4	27	2	92	US	R000100	S002495	2026-02-28
4	3	4	5	3	3	5	4	4	5	23	1	83	US	R000101	S010507	2026-02-22
2	2	2	2	5	1	1	1	1	4	42	2	67	US	R000102	S008453	2026-02-19
3	4	4	4	4	3	4	5	4	3	48	1	85	US	R000103	S005202	2026-02-24
4	2	2	4	2	2	1	2	4	4	51	2	77	US	R000104	S009678	2026-03-10
4	4	4	5	4	3	4	2	5	3	38	1	72	US	R000105	S010141	2026-02-12
4	2	3	4	2	4	4	4	1	3	18	2	96	US	R000106	S005571	2026-03-12
4	2	4	3	4	2	2	4	1	2	43	2	74	US	R000107	S005542	2026-02-17
4	5	2	5	4	5	5	5	4	4	29	2	97	US	R000108	S002671	2026-02-26
4	2	4	2	3	3	3	4	3	5	29	1	92	US	R000109	S004086	2026-03-21
5	2	2	5	4	2	3	4	2	5	45	1	95	US	R000110	S006996	2026-03-07
4	2	3	2	2	1	3	3	3	3	27	1	88	US	R000111	S009460	2026-02-14
5	2	4	5	4	2	5	4	2	4	36	1	84	US	R000112	S005168	2026-02-28
4	2	1	5	1	2	3	2	5	4	42	1	73	US	R000113	S007066	2026-02-15
1	3	1	4	1	1	3	2	3	4	43	2	99	US	R000114	S002508	2026-03-20
1	1	2	1	1	1	2	4	4	4	40	2	68	US	R000115	S002103	2026-03-03
3	1	1	3	1	1	2	2	4	1	29	1	93	US	R000116	S007827	2026-03-07
5	2	4	4	2	1	2	2	2	2	27	2	44	US	R000117	S008346	2026-02-22
4	2	3	4	4	3	4	5	4	5	26	2	87	US	R000118	S012631	2026-03-03
4	4	1	3	3	2	2	2	5	4	29	1	96	US	R000119	S005165	2026-02-17
4	2	4	3	5	2	4	2	4	4	37	1	81	US	R000120	S010849	2026-03-16
5	4	2	3	4	5	3	1	4	2	35	2	84	US	R000121	S004375	2026-03-22
4	5	2	2	2	1	1	3	2	4	23	2	97	US	R000122	S001178	2026-03-05
5	5	4	5	4	5	2	4	2	5	21	2	83	US	R000123	S008669	2026-03-24
4	2	3	2	2	4	5	4	4	5	40	1	90	US	R000124	S003742	2026-03-21
4	2	4	4	5	1	5	5	5	5	35	1	89	US	R000125	S010536	2026-03-25
5	1	4	4	4	4	5	5	4	5	48	1	80	US	R000126	S000895	2026-03-12
5	3	5	5	4	1	1	4	2	2	51	1	76	US	R000127	S012742	2026-02-23
3	4	3	5	2	4	2	4	3	4	28	2	99	US	R000128	S012592	2026-02-18
5	2	4	5	3	2	2	3	3	3	32	2	78	US	R000129	S003443	2026-02-14
2	4	3	2	1	2	4	5	4	2	27	1	97	US	R000130	S011325	2026-03-10
3	2	1	4	2	2	3	4	3	5	33	1	71	US	R000131	S000126	2026-03-22
2	4	5	4	4	2	4	5	5	4	41	2	98	US	R000132	S006851	2026-03-03
5	1	3	5	5	4	4	4	5	2	34	2	90	US	R000133	S006912	2026-03-09
5	2	4	3	4	2	4	2	5	2	34	1	75	US	R000134	S002140	2026-03-17
3	3	4	4	2	1	5	5	4	4	37	1	88	US	R000135	S010523	2026-03-15
4	2	4	4	3	1	3	3	2	1	21	2	84	US	R000136	S005713	2026-02-10
5	4	5	1	4	2	5	5	5	3	44	1	64	US	R000137	S008347	2026-02-13
4	3	4	5	4	5	3	4	2	2	31	1	78	US	R000138	S006298	2026-02-13
5	3	3	5	5	3	4	4	3	4	56	2	94	US	R000139	S003529	2026-02-04
5	4	5	5	5	5	2	5	1	3	40	1	84	US	R000140	S010695	2026-02-18
5	5	2	5	2	2	1	2	5	4	21	1	80	US	R000141	S010612	2026-03-15
5	3	4	2	1	2	3	4	5	5	37	1	95	US	R000142	S006727	2026-03-23
5	2	5	5	3	4	3	4	3	4	32	1	86	US	R000143	S000530	2026-02-08
4	2	2	5	2	1	4	4	4	4	48	1	78	US	R000144	S012542	2026-03-25
2	2	2	2	2	1	5	4	4	5	33	1	93	US	R000145	S005019	2026-03-25
4	2	4	5	4	4	5	5	4	4	18	1	63	US	R000146	S004909	2026-02-20
4	4	3	5	4	3	5	4	4	5	21	2	57	US	R000147	S003768	2026-02-26
3	4	2	3	4	1	2	3	4	5	38	1	89	US	R000148	S010961	2026-02-22
5	3	4	5	2	4	5	5	4	5	40	2	92	US	R000149	S005204	2026-02-13
1	4	1	5	2	1	3	4	2	5	54	1	91	US	R000150	S003507	2026-03-26
5	4	3	5	5	2	5	4	4	4	25	2	86	US	R000151	S004181	2026-02-18
3	4	3	5	1	2	4	4	2	4	29	2	89	US	R000152	S002030	2026-02-16
5	4	5	4	5	4	5	5	5	4	30	1	97	US	R000153	S010103	2026-02-17
5	2	5	4	4	2	1	1	2	4	35	2	89	US	R000154	S009101	2026-02-09
4	3	5	4	5	2	4	4	5	5	40	1	88	US	R000155	S010217	2026-03-04
2	2	3	4	2	1	4	4	2	4	18	1	89	US	R000156	S002127	2026-02-17
4	2	2	1	2	2	4	3	4	3	32	1	96	US	R000157	S005706	2026-02-07
4	2	3	4	4	3	1	5	3	2	42	1	70	US	R000158	S007359	2026-02-03
4	4	4	2	3	3	2	4	3	5	32	1	78	US	R000159	S000718	2026-02-19
4	2	4	5	4	2	5	4	4	5	32	1	93	US	R000160	S004671	2026-02-16
4	4	4	5	4	2	4	5	4	4	28	2	99	US	R000161	S005491	2026-03-06
4	1	2	1	2	2	4	3	3	3	39	2	75	US	R000162	S011610	2026-03-19
5	5	4	5	2	2	2	4	5	5	29	1	91	US	R000163	S011271	2026-02-13
5	2	4	4	4	2	4	2	4	4	18	2	82	US	R000164	S009787	2026-02-14
5	5	5	5	5	4	5	5	5	4	56	1	74	US	R000165	S010308	2026-03-04
5	4	4	4	5	5	5	3	4	4	41	1	98	US	R000166	S004431	2026-02-02
4	2	4	5	4	4	2	4	2	4	40	1	87	US	R000167	S009343	2026-03-02
4	1	4	3	2	1	4	4	4	4	35	1	65	US	R000168	S005758	2026-02-27
3	3	5	4	2	2	3	4	4	4	34	2	91	US	R000169	S000131	2026-02-28
5	3	4	5	5	3	4	4	4	5	27	1	92	US	R000170	S002081	2026-03-20
3	2	2	4	2	1	3	4	4	3	43	2	81	US	R000171	S009651	2026-03-18
4	4	3	4	4	4	5	5	5	5	21	1	74	US	R000172	S001848	2026-02-03
5	3	4	5	5	5	1	2	5	2	34	1	98	US	R000173	S004634	2026-02-10
3	4	2	4	2	2	1	2	2	1	43	1	94	US	R000174	S011343	2026-03-06
5	2	3	4	3	2	4	2	4	4	37	1	97	US	R000175	S011753	2026-03-18
5	3	2	4	4	3	2	4	4	5	44	1	88	US	R000176	S003865	2026-02-11
5	5	4	2	4	3	5	5	2	5	18	1	95	US	R000177	S012658	2026-03-10
3	3	4	4	1	2	1	1	2	3	41	2	97	US	R000178	S007814	2026-03-23
5	1	4	5	5	4	4	1	4	1	50	2	88	US	R000179	S002180	2026-03-23
4	2	3	5	2	1	1	1	3	3	34	2	84	US	R000180	S004934	2026-02-26
4	2	2	5	3	4	2	3	2	4	25	1	94	US	R000181	S003867	2026-02-15
5	4	3	3	3	1	4	2	3	4	37	2	72	US	R000182	S007779	2026-03-19
4	5	5	5	4	5	2	5	2	3	39	1	98	US	R000183	S000297	2026-03-01
4	3	5	4	2	5	5	5	5	4	24	1	97	US	R000184	S006764	2026-02-24
5	2	2	4	4	2	3	4	4	4	30	2	87	US	R000185	S007173	2026-02-05
4	4	4	4	4	4	4	5	4	5	35	1	93	US	R000186	S009878	2026-03-12
5	2	5	3	5	3	5	3	5	5	36	2	97	US	R000187	S010529	2026-02-14
4	2	4	2	4	2	1	2	3	4	18	1	72	US	R000188	S010434	2026-03-18
5	3	5	5	5	5	1	2	2	1	44	2	78	US	R000189	S002361	2026-02-03
1	1	4	5	1	1	4	4	4	5	56	1	87	US	R000190	S007466	2026-03-26
4	5	5	4	5	3	3	1	3	5	38	2	89	US	R000191	S002824	2026-02-28
5	5	5	5	3	4	3	5	3	3	49	1	83	US	R000192	S012145	2026-02-09
5	1	4	5	3	4	4	4	3	4	43	2	69	US	R000193	S003134	2026-02-07
4	2	2	3	3	2	1	2	2	3	40	1	56	US	R000194	S002278	2026-03-10
4	3	4	3	2	2	2	4	5	2	27	2	84	US	R000195	S001780	2026-03-13
4	3	5	5	5	3	3	1	4	4	37	1	66	US	R000196	S002260	2026-03-26
4	3	4	5	5	5	5	5	5	5	24	2	73	US	R000197	S001678	2026-03-13
4	1	2	4	4	1	4	3	4	1	53	2	95	US	R000198	S003604	2026-03-07
4	5	5	5	5	5	4	3	4	4	44	2	84	US	R000199	S002412	2026-02-27
5	2	4	4	5	3	4	3	2	2	22	1	97	US	R000200	S000159	2026-03-11
3	4	1	4	1	2	2	4	3	5	28	2	91	US	R000201	S004176	2026-02-22
4	4	4	4	1	1	2	2	3	3	53	1	73	US	R000202	S004868	2026-02-18
4	3	2	5	4	2	2	1	4	5	40	1	93	US	R000203	S002315	2026-03-08
1	2	1	4	2	3	1	1	3	2	39	1	89	US	R000204	S002939	2026-02-09
5	1	2	4	2	2	2	1	1	2	35	2	95	US	R000205	S010752	2026-02-24
2	1	2	5	2	1	5	5	4	5	18	2	98	US	R000206	S012272	2026-02-27
4	2	1	5	4	1	2	1	2	2	27	1	62	US	R000207	S009336	2026-03-16
3	1	5	5	4	2	4	5	4	4	26	1	70	US	R000208	S011410	2026-02-21
5	2	4	4	3	5	3	4	3	4	32	2	77	US	R000209	S004883	2026-03-06
4	2	5	5	4	5	5	5	4	5	42	1	95	US	R000210	S002818	2026-02-04
5	3	5	5	5	3	3	2	2	5	38	2	86	US	R000211	S007759	2026-02-15
5	3	3	5	5	3	5	5	5	5	36	1	84	US	R000212	S011571	2026-02-02
2	1	2	2	1	2	5	5	4	2	52	1	66	US	R000213	S010113	2026-02-19
3	2	2	4	4	2	1	4	4	1	33	2	60	US	R000214	S011308	2026-03-10
5	5	4	5	2	3	2	1	2	3	41	1	81	US	R000215	S005119	2026-02-19
3	3	1	1	4	2	1	4	2	3	47	1	99	US	R000216	S006315	2026-03-06
5	5	3	4	4	5	4	1	2	4	27	2	64	US	R000217	S002031	2026-03-20
5	4	3	5	4	2	2	4	2	3	35	1	82	US	R000218	S011519	2026-02-16
4	2	4	5	4	5	4	2	5	4	44	1	96	US	R000219	S000798	2026-03-20
3	4	2	3	1	1	2	3	1	2	18	1	72	US	R000220	S012226	2026-03-23
2	1	2	2	1	1	1	4	2	5	40	1	82	US	R000221	S009163	2026-03-09
5	1	2	5	2	4	1	5	4	3	34	2	95	US	R000222	S010195	2026-03-12
5	2	2	4	2	4	1	3	1	2	35	1	86	US	R000223	S010016	2026-02-20
3	2	2	4	3	2	2	2	4	4	34	1	74	US	R000224	S001468	2026-03-15
5	1	2	4	2	1	5	5	4	4	33	1	68	US	R000225	S006444	2026-03-10
4	3	4	4	2	2	3	3	4	4	38	2	95	US	R000226	S009054	2026-02-13
4	1	4	5	4	2	5	1	5	2	22	1	74	US	R000227	S002697	2026-02-11
4	3	5	5	5	4	4	5	4	4	28	2	40	US	R000228	S000211	2026-03-05
3	4	4	4	5	2	2	2	4	4	35	1	88	US	R000229	S011700	2026-02-13
5	4	3	5	4	4	4	5	4	3	29	1	86	US	R000230	S004251	2026-03-10
2	4	4	5	4	4	5	5	5	4	38	1	90	US	R000231	S002069	2026-03-10
4	4	5	4	3	3	5	5	4	4	53	1	100	US	R000232	S004525	2026-02-22
2	2	4	5	4	2	3	4	4	3	35	2	89	US	R000233	S007300	2026-02-27
4	5	3	2	4	3	5	4	4	5	32	1	96	US	R000234	S003783	2026-02-09
5	3	4	4	5	5	5	5	5	4	34	2	54	US	R000235	S006962	2026-03-18
4	4	4	4	3	2	2	4	4	5	27	1	70	US	R000236	S011036	2026-02-20
5	5	4	4	4	5	5	5	5	5	25	1	88	US	R000237	S003203	2026-03-08
4	1	4	5	4	3	4	2	4	4	23	1	90	US	R000238	S008926	2026-03-07
5	5	5	5	5	5	2	5	3	5	39	1	90	US	R000239	S001474	2026-02-12
5	2	4	5	5	3	2	4	4	5	22	2	95	US	R000240	S001551	2026-03-22
4	2	2	4	5	3	2	4	4	2	39	2	78	US	R000241	S011548	2026-03-23
4	2	3	4	4	1	1	4	4	3	26	1	64	US	R000242	S007630	2026-03-13
4	1	3	4	2	1	5	4	5	5	31	2	87	US	R000243	S007478	2026-02-08
4	3	5	5	4	4	5	4	4	5	41	2	91	US	R000244	S000260	2026-02-22
5	2	5	4	4	4	5	2	4	4	26	2	88	US	R000245	S008657	2026-03-19
5	2	4	4	4	2	1	4	3	4	53	1	93	US	R000246	S010442	2026-02-13
4	5	2	5	4	4	2	4	3	5	23	2	93	US	R000247	S006430	2026-03-09
1	3	2	2	3	2	4	4	5	2	40	1	86	US	R000248	S004090	2026-03-11
5	4	5	5	5	4	4	4	4	4	51	2	80	US	R000249	S007325	2026-03-12
4	4	5	5	2	2	3	4	2	5	44	1	90	US	R000250	S006193	2026-03-10
5	3	5	3	4	2	2	3	1	2	23	2	89	US	R000251	S007641	2026-02-08
5	3	5	4	4	4	4	4	3	4	34	1	65	US	R000252	S004197	2026-02-05
5	3	4	5	2	2	1	2	2	1	18	2	81	US	R000253	S011521	2026-02-16
3	3	5	4	2	2	1	4	3	3	24	2	79	US	R000254	S008320	2026-03-21
3	3	4	4	3	2	4	4	5	4	38	1	92	US	R000255	S003866	2026-02-10
5	4	4	5	4	5	5	4	4	2	33	1	85	US	R000256	S011460	2026-02-04
5	2	4	5	5	4	1	4	4	4	25	1	89	US	R000257	S009589	2026-03-05
2	3	4	5	5	2	5	2	3	5	45	1	97	US	R000258	S006221	2026-02-23
1	2	4	5	4	2	2	2	4	4	28	1	96	US	R000259	S007708	2026-02-12
4	2	4	4	4	1	2	4	3	5	50	1	71	US	R000260	S011808	2026-02-03
3	4	4	4	4	1	3	4	4	5	36	1	87	US	R000261	S009141	2026-02-11
4	2	3	5	2	1	1	1	4	4	36	1	80	US	R000262	S010353	2026-02-04
4	2	3	5	1	1	1	2	2	4	23	1	93	US	R000263	S003535	2026-03-06
4	2	2	4	2	4	1	1	2	4	38	2	96	US	R000264	S005696	2026-02-17
3	2	4	3	4	2	2	1	2	3	46	2	76	US	R000265	S012471	2026-02-25
2	3	3	3	3	1	3	4	2	4	52	2	83	US	R000266	S004801	2026-02-17
5	4	5	5	4	4	4	4	3	5	35	2	74	US	R000267	S005787	2026-02-11
4	4	2	2	2	5	2	2	5	4	30	2	90	US	R000268	S012747	2026-02-22
2	3	2	3	4	4	4	4	5	5	30	1	94	US	R000269	S012278	2026-03-24
1	2	4	3	2	2	1	1	2	1	36	1	79	US	R000270	S004724	2026-03-27
5	2	4	5	3	4	3	1	2	4	26	1	74	US	R000271	S011431	2026-03-16
4	3	4	4	1	5	1	4	3	4	42	2	99	US	R000272	S004579	2026-03-25
4	4	5	4	5	1	5	2	4	5	40	1	90	US	R000273	S001062	2026-03-17
5	3	4	3	3	2	4	5	3	4	24	1	91	US	R000274	S004988	2026-03-02
3	4	2	3	2	4	2	2	3	4	26	1	81	US	R000275	S006759	2026-02-26
4	2	3	5	1	1	2	4	4	3	39	1	82	US	R000276	S002902	2026-03-09
4	2	2	2	2	1	2	5	3	3	52	2	94	US	R000277	S009088	2026-03-01
5	3	2	4	1	1	1	4	4	5	18	1	84	US	R000278	S006734	2026-03-19
5	4	4	3	2	2	4	4	5	5	36	2	70	US	R000279	S001596	2026-03-01
4	1	2	2	1	1	2	3	2	2	45	2	79	US	R000280	S001555	2026-02-24
3	1	4	3	4	5	2	4	4	1	33	1	97	US	R000281	S002861	2026-03-14
5	3	5	4	4	4	5	5	5	3	44	2	86	US	R000282	S010909	2026-03-01
4	1	4	5	1	4	4	5	5	4	18	1	94	US	R000283	S009412	2026-03-16
4	2	4	5	5	2	2	1	2	4	23	1	62	US	R000284	S003846	2026-03-12
2	2	3	4	2	4	5	2	4	4	49	1	95	US	R000285	S008184	2026-02-18
5	5	2	4	4	2	2	5	2	5	43	2	70	US	R000286	S009934	2026-02-28
4	2	3	3	2	2	1	3	1	2	33	2	97	US	R000287	S006688	2026-03-15
4	2	4	5	4	3	5	1	1	4	26	2	94	US	R000288	S007576	2026-02-20
5	3	2	5	5	5	1	4	4	2	30	1	98	US	R000289	S010835	2026-02-05
5	1	2	4	5	4	5	5	2	4	43	1	91	US	R000290	S012054	2026-02-12
4	1	2	2	2	1	1	1	2	4	31	2	95	US	R000291	S012902	2026-03-27
4	3	3	5	4	2	5	5	4	4	34	1	99	US	R000292	S009059	2026-03-22
4	4	5	5	5	5	5	4	5	5	34	1	94	US	R000293	S008487	2026-03-09
4	1	5	4	5	2	1	4	3	4	29	1	72	US	R000294	S007326	2026-03-21
5	4	5	5	5	4	4	4	5	5	47	2	83	US	R000295	S006232	2026-03-17
4	2	3	5	2	4	5	5	5	3	61	1	93	US	R000296	S007795	2026-03-16
2	4	1	2	2	1	3	1	2	2	29	2	90	US	R000297	S004444	2026-03-21
4	1	3	3	2	2	4	4	5	5	33	1	80	US	R000298	S003567	2026-03-05
4	1	2	4	5	3	4	5	5	5	51	2	83	US	R000299	S009441	2026-03-16
4	5	2	5	4	4	1	4	4	3	18	2	77	US	R000300	S001876	2026-02-02
3	4	3	2	3	1	4	5	1	5	35	1	100	US	R000301	S005974	2026-02-06
5	2	5	5	4	1	4	2	4	3	26	1	80	US	R000302	S001550	2026-03-22
4	2	5	5	4	1	4	2	5	4	48	2	92	US	R000303	S001201	2026-02-27
4	5	2	4	2	1	4	5	5	4	53	2	99	US	R000304	S005992	2026-03-20
5	3	4	4	4	1	1	2	4	4	44	2	80	US	R000305	S011210	2026-03-17
5	2	5	5	4	4	4	5	5	5	26	2	77	US	R000306	S004933	2026-03-03
4	2	2	3	2	4	3	4	3	5	35	1	80	US	R000307	S006123	2026-02-27
2	1	4	4	3	2	5	4	5	5	30	1	82	US	R000308	S012102	2026-03-16
5	2	3	5	4	5	3	2	4	4	35	1	98	US	R000309	S001398	2026-02-13
4	5	4	4	4	1	3	2	3	4	30	1	98	US	R000310	S007689	2026-02-13
4	1	2	5	2	1	2	1	2	4	55	1	96	US	R000311	S003632	2026-03-12
2	3	4	3	3	2	3	5	4	5	30	1	88	US	R000312	S004744	2026-03-26
4	2	4	4	4	4	2	4	3	3	40	1	93	US	R000313	S004603	2026-03-05
1	2	1	2	1	2	2	5	4	2	38	2	93	US	R000314	S001456	2026-02-25
1	3	4	2	2	1	1	4	4	5	36	2	83	US	R000315	S008520	2026-02-16
4	5	3	4	5	3	4	3	1	4	18	2	74	US	R000316	S005281	2026-02-12
3	1	1	2	2	2	4	5	3	5	38	1	98	US	R000317	S001683	2026-02-26
4	1	1	1	1	4	5	4	4	4	31	2	95	US	R000318	S005671	2026-02-27
5	5	5	3	4	5	5	5	4	5	38	1	98	US	R000319	S002845	2026-03-07
2	2	4	4	2	2	2	4	4	5	27	1	75	US	R000320	S011876	2026-03-01
2	1	1	1	1	1	3	4	4	4	25	1	93	US	R000321	S010522	2026-03-19
5	5	5	4	4	4	2	4	3	5	39	2	97	US	R000322	S003681	2026-02-22
3	2	1	2	2	2	2	2	1	1	18	2	85	US	R000323	S005366	2026-03-24
4	4	3	3	2	5	3	1	2	2	39	1	62	US	R000324	S007839	2026-03-20
5	5	4	4	4	5	4	4	4	5	22	2	84	US	R000325	S009860	2026-02-10
4	1	1	4	2	1	4	4	2	4	19	1	85	US	R000326	S010992	2026-02-23
4	3	2	4	4	2	2	5	2	2	36	2	79	US	R000327	S011665	2026-02-25
4	4	5	5	3	2	2	2	4	1	26	1	71	US	R000328	S007036	2026-03-08
4	2	4	5	5	2	4	1	4	2	53	2	73	US	R000329	S001407	2026-02-16
4	3	4	5	4	2	4	5	4	4	53	1	85	US	R000330	S007342	2026-02-24
4	5	2	3	2	2	2	1	3	4	42	2	82	US	R000331	S009706	2026-02-10
4	2	2	5	1	1	5	4	2	5	25	1	96	US	R000332	S005377	2026-02-03
2	4	2	3	4	1	3	3	1	4	30	2	73	US	R000333	S007152	2026-03-11
5	4	4	4	4	2	5	4	4	5	19	2	83	US	R000334	S002365	2026-02-20
5	5	3	5	5	4	3	5	3	5	32	2	94	US	R000335	S001032	2026-03-07
5	5	5	5	4	2	2	2	1	3	36	2	89	US	R000336	S011552	2026-03-13
2	1	3	3	4	2	4	4	4	5	40	2	71	US	R000337	S004492	2026-03-10
5	5	4	5	4	5	1	4	5	4	51	2	90	US	R000338	S007788	2026-02-07
5	2	5	3	5	4	4	5	4	4	36	2	86	US	R000339	S006126	2026-03-03
4	3	2	4	1	4	2	2	2	4	36	2	88	US	R000340	S009886	2026-02-09
4	3	2	3	3	2	5	2	4	4	18	1	61	US	R000341	S002668	2026-03-21
4	3	5	5	4	3	5	5	5	5	38	1	91	US	R000342	S005826	2026-02-13
3	2	4	4	4	3	2	2	1	2	26	1	76	US	R000343	S000191	2026-03-16
4	5	4	4	2	5	4	4	1	3	29	2	94	US	R000344	S011140	2026-03-27
2	2	3	4	4	3	1	2	2	2	42	2	93	US	R000345	S001128	2026-02-20
2	2	1	2	1	2	4	3	4	3	27	2	76	US	R000346	S007875	2026-03-18
5	1	5	5	5	4	5	5	5	5	24	1	37	US	R000347	S002689	2026-03-04
5	4	4	5	4	5	4	2	4	5	33	2	88	US	R000348	S003363	2026-03-10
4	2	2	5	4	2	2	3	3	5	33	1	93	US	R000349	S002637	2026-02-11
5	3	4	4	5	5	4	4	5	5	42	1	79	US	R000350	S003755	2026-02-20
5	1	3	5	2	2	4	4	4	4	32	1	76	US	R000351	S012332	2026-03-10
4	2	4	5	4	4	5	5	5	5	44	1	90	US	R000352	S002084	2026-03-02
3	1	2	2	2	4	3	4	4	3	45	1	90	US	R000353	S003698	2026-02-10
5	1	3	4	5	4	2	1	4	5	33	1	94	US	R000354	S010592	2026-02-10
4	2	2	4	1	3	3	5	5	4	19	1	70	US	R000355	S001987	2026-02-02
3	3	4	4	4	2	5	4	5	4	23	1	84	US	R000356	S002467	2026-02-20
4	3	3	4	5	5	2	4	4	4	24	1	96	US	R000357	S012317	2026-02-16
2	3	2	3	3	2	3	4	4	5	31	1	86	US	R000358	S005033	2026-03-06
5	3	5	5	5	3	4	4	4	4	36	2	92	US	R000359	S001160	2026-03-24
1	1	1	3	2	1	4	4	4	5	18	1	88	US	R000360	S006143	2026-03-17
5	3	4	4	1	4	3	3	4	2	52	1	88	US	R000361	S010486	2026-03-21
4	2	2	5	2	2	4	3	4	4	18	2	86	US	R000362	S009304	2026-03-24
1	2	3	4	2	2	5	1	4	4	38	1	87	US	R000363	S007515	2026-02-08
5	2	5	5	5	5	3	5	4	3	48	1	91	US	R000364	S000556	2026-03-26
4	3	3	5	3	2	2	5	5	3	20	1	79	US	R000365	S002750	2026-02-28
3	1	4	4	3	1	1	1	3	4	31	1	85	US	R000366	S006705	2026-03-08
4	3	4	5	4	5	3	4	4	4	30	1	99	US	R000367	S010666	2026-03-04
1	2	4	4	5	3	1	5	5	4	43	1	84	US	R000368	S001305	2026-02-16
4	2	2	4	2	1	1	3	1	1	46	1	77	US	R000369	S002663	2026-03-12
4	4	3	1	5	5	4	4	5	4	44	2	68	US	R000370	S000546	2026-02-06
4	2	4	5	4	4	5	4	5	5	43	1	89	US	R000371	S001320	2026-03-19
2	2	2	4	2	1	4	3	5	3	33	1	87	US	R000372	S003949	2026-02-10
4	2	3	2	3	2	1	2	3	3	29	1	87	US	R000373	S002698	2026-03-13
4	1	3	4	5	2	2	2	4	4	32	2	80	US	R000374	S004177	2026-03-03
4	4	2	4	4	1	1	4	3	4	21	1	77	US	R000375	S005322	2026-03-27
4	4	1	2	2	1	2	1	2	4	24	1	77	US	R000376	S002363	2026-03-20
5	4	5	5	3	4	2	3	5	5	30	2	95	US	R000377	S004357	2026-03-02
4	4	2	5	1	3	5	5	4	5	27	1	96	US	R000378	S000305	2026-03-03
5	3	4	5	4	4	5	4	4	5	49	1	78	US	R000379	S004823	2026-02-26
2	4	4	5	1	2	2	2	4	4	18	2	77	US	R000380	S003778	2026-02-04
4	1	4	4	1	1	4	1	3	2	20	1	98	US	R000381	S006393	2026-02-25
4	4	3	5	5	2	5	5	5	4	42	1	99	US	R000382	S010177	2026-02-14
2	4	2	5	2	2	3	2	4	5	18	2	91	US	R000383	S000198	2026-02-26
4	3	4	1	4	4	1	2	1	1	42	1	87	US	R000384	S004535	2026-02-10
5	2	2	2	3	2	1	4	4	5	27	2	57	US	R000385	S012744	2026-02-07
5	4	5	5	4	1	2	4	4	4	23	1	68	US	R000386	S002370	2026-03-19
5	4	3	4	3	5	5	4	4	4	26	1	99	US	R000387	S001684	2026-03-13
4	4	4	4	4	3	1	3	1	2	34	1	92	US	R000388	S011814	2026-03-21
3	1	1	4	2	2	2	2	3	4	33	1	94	US	R000389	S004768	2026-03-15
4	3	5	5	5	5	5	5	5	5	24	1	78	US	R000390	S001906	2026-03-02
5	5	2	4	4	4	5	3	5	4	23	2	97	US	R000391	S010655	2026-03-19
4	4	4	5	4	2	4	5	4	4	21	1	97	US	R000392	S008427	2026-02-15
5	4	5	5	3	5	5	4	4	4	19	1	78	US	R000393	S009641	2026-03-07
2	2	1	4	2	1	2	2	1	3	21	2	96	US	R000394	S010511	2026-03-05
2	2	1	2	1	1	2	2	2	2	24	1	85	US	R000395	S011603	2026-03-19
4	1	2	3	2	3	2	2	4	4	41	2	82	US	R000396	S002586	2026-02-17
4	5	5	4	5	4	2	5	4	4	44	2	87	US	R000397	S007720	2026-02-19
4	2	5	5	5	4	1	3	5	5	55	2	89	US	R000398	S000890	2026-03-19
4	2	4	4	4	2	5	4	5	4	39	1	75	US	R000399	S008226	2026-03-20
4	3	5	5	5	4	4	4	4	5	33	1	95	US	R000400	S012866	2026-03-24
4	4	4	5	5	3	5	4	5	4	29	1	74	US	R000401	S005938	2026-03-13
4	2	2	4	4	2	3	2	5	2	34	1	98	US	R000402	S004961	2026-02-12
5	4	3	4	4	3	1	2	1	1	33	1	75	US	R000403	S000589	2026-02-28
5	1	2	4	1	5	4	3	2	3	34	2	94	US	R000404	S009533	2026-02-26
4	3	4	5	2	4	4	4	3	5	18	1	66	US	R000405	S001237	2026-02-11
5	5	4	4	4	2	4	4	5	2	36	1	59	US	R000406	S001837	2026-03-19
3	5	5	5	4	4	2	3	5	4	39	1	70	US	R000407	S003695	2026-02-21
5	3	5	4	3	1	2	2	4	5	40	1	96	US	R000408	S008228	2026-03-17
5	1	5	5	5	5	5	4	4	4	44	2	91	US	R000409	S011051	2026-03-21
5	5	5	5	5	4	2	4	4	1	27	1	80	US	R000410	S012150	2026-02-22
3	3	3	2	4	1	2	4	4	5	24	1	72	US	R000411	S005585	2026-03-08
4	3	4	4	3	4	4	3	3	5	38	1	81	US	R000412	S009553	2026-03-17
2	3	2	5	5	4	4	3	5	3	36	1	68	US	R000413	S011953	2026-03-01
2	2	5	5	5	4	5	5	5	4	36	1	69	US	R000414	S002810	2026-02-19
5	3	4	5	4	3	4	4	2	4	31	1	93	US	R000415	S009470	2026-02-20
4	5	1	3	2	2	2	1	4	1	21	1	75	US	R000416	S001963	2026-03-20
5	5	4	4	5	2	1	4	4	3	53	2	95	US	R000417	S008853	2026-02-13
4	4	2	4	2	2	4	5	4	4	22	1	77	US	R000418	S000626	2026-02-14
4	4	3	4	2	2	2	2	2	2	23	1	72	US	R000419	S004984	2026-02-03
2	2	2	5	1	1	3	3	4	4	20	1	81	US	R000420	S012073	2026-02-23
5	2	5	5	5	1	4	2	5	5	18	1	90	US	R000421	S001311	2026-02-24
5	4	4	5	4	4	5	5	5	5	35	1	99	US	R000422	S012330	2026-03-06
4	4	3	4	2	1	5	5	4	5	20	2	87	US	R000423	S003691	2026-02-06
3	3	1	2	2	2	1	2	2	1	35	1	93	US	R000424	S000577	2026-02-14
4	5	2	5	1	1	2	1	4	4	46	2	83	US	R000425	S001561	2026-03-05
5	5	5	4	5	5	5	2	4	2	40	1	91	US	R000426	S012676	2026-02-10
5	5	5	5	5	5	4	5	4	5	33	1	90	US	R000427	S011707	2026-02-07
5	4	5	5	4	4	4	4	4	2	28	1	86	US	R000428	S002583	2026-03-13
1	2	1	2	2	1	4	1	4	5	33	1	88	US	R000429	S011826	2026-02-14
4	2	5	4	2	4	4	4	4	4	50	1	96	US	R000430	S005953	2026-03-22
2	2	2	4	3	1	2	4	1	4	19	1	89	US	R000431	S009073	2026-03-13
5	2	3	5	5	2	2	4	4	2	21	1	93	US	R000432	S001525	2026-03-22
5	5	5	4	4	4	3	2	4	5	18	2	88	US	R000433	S010631	2026-02-18
5	2	2	1	4	3	1	4	2	4	20	1	89	US	R000434	S005062	2026-02-09
5	4	4	4	5	2	1	4	4	2	51	1	90	US	R000435	S003644	2026-02-19
3	4	5	5	5	3	2	3	4	4	18	1	92	US	R000436	S008909	2026-03-24
4	4	5	5	3	2	3	3	2	4	40	1	74	US	R000437	S002115	2026-02-18
4	5	4	4	5	4	4	2	4	5	35	2	89	US	R000438	S011107	2026-03-03
5	3	5	5	3	5	4	3	4	5	45	2	81	US	R000439	S000782	2026-02-15
2	2	4	5	3	1	4	3	4	4	18	1	86	US	R000440	S000044	2026-02-24
4	4	5	5	5	3	4	4	4	4	54	1	79	US	R000441	S004374	2026-03-15
2	1	3	5	3	4	5	5	2	5	48	2	89	US	R000442	S011071	2026-03-05
5	2	2	5	3	2	1	1	1	4	30	2	96	US	R000443	S012819	2026-02-16
5	2	5	4	5	2	3	4	4	4	35	1	78	US	R000444	S002226	2026-02-11
5	5	4	5	4	4	4	5	3	3	30	1	83	US	R000445	S009961	2026-03-21
5	5	4	4	4	2	1	2	3	2	37	1	92	US	R000446	S012606	2026-02-25
3	4	2	4	3	2	2	2	4	1	34	2	85	US	R000447	S005502	2026-03-22
4	2	5	4	3	4	1	2	4	4	28	1	87	US	R000448	S007076	2026-03-23
5	2	4	5	4	2	2	3	2	4	34	2	79	US	R000449	S006984	2026-02-23
4	3	4	5	4	3	4	5	4	3	56	1	82	US	R000450	S006852	2026-02-20
5	4	5	5	5	5	2	4	4	1	41	2	50	US	R000451	S009817	2026-03-16
5	4	5	5	5	4	4	5	4	4	18	1	83	US	R000452	S011384	2026-03-20
4	1	5	5	4	3	4	4	4	2	21	2	66	US	R000453	S001084	2026-03-18
5	4	4	5	5	3	2	5	4	4	32	1	89	US	R000454	S000490	2026-03-25
2	3	1	2	2	1	5	5	4	5	37	1	92	US	R000455	S005221	2026-03-03
4	1	2	3	2	1	1	4	3	3	30	1	68	US	R000456	S000528	2026-03-24
5	2	4	3	3	3	2	4	4	1	44	1	96	US	R000457	S006701	2026-03-27
1	2	2	1	2	2	3	3	3	1	18	2	79	US	R000458	S012513	2026-02-12
4	2	2	4	4	2	5	4	4	5	23	1	80	US	R000459	S004852	2026-02-09
5	5	5	4	5	3	4	2	4	4	40	1	92	US	R000460	S000344	2026-03-21
5	2	4	4	4	2	2	5	2	3	20	2	60	US	R000461	S001940	2026-02-23
4	4	5	5	4	5	1	3	2	5	32	1	86	US	R000462	S007222	2026-03-25
4	1	4	5	4	2	5	5	5	2	51	1	76	US	R000463	S007903	2026-03-05
5	4	3	4	5	4	2	4	4	4	29	2	59	US	R000464	S011848	2026-03-20
1	2	1	4	1	1	2	4	3	5	33	1	84	US	R000465	S006427	2026-02-22
3	5	5	4	4	3	2	4	2	4	50	1	83	US	R000466	S002802	2026-03-27
4	1	3	3	2	1	3	2	4	4	42	1	83	US	R000467	S005279	2026-03-26
2	2	1	3	2	2	1	2	1	3	37	1	68	US	R000468	S012674	2026-03-26
1	4	5	5	4	1	4	3	3	4	18	1	71	US	R000469	S003945	2026-03-21
5	5	3	5	3	2	4	4	4	5	54	2	82	US	R000470	S005876	2026-03-07
4	1	3	4	3	2	4	2	4	5	39	1	79	US	R000471	S009951	2026-02-04
2	5	4	5	4	2	2	4	4	5	39	1	90	US	R000472	S012501	2026-03-21
4	5	3	4	2	4	1	1	2	4	36	1	95	US	R000473	S010088	2026-02-09
2	2	4	3	2	1	2	1	3	5	22	1	77	US	R000474	S008498	2026-02-16
5	2	2	5	3	2	2	1	3	3	21	2	69	US	R000475	S012897	2026-03-26
5	5	5	5	5	5	2	4	3	5	29	1	94	US	R000476	S010680	2026-03-21
4	3	3	5	3	1	4	5	5	4	48	1	95	US	R000477	S010769	2026-02-06
5	5	3	3	2	5	4	4	5	5	18	1	96	US	R000478	S003641	2026-03-12
5	1	3	4	5	4	3	5	5	4	37	1	92	US	R000479	S006212	2026-02-06
3	2	3	4	3	1	2	2	4	3	47	1	97	US	R000480	S002923	2026-02-13
4	2	4	5	5	4	5	5	5	5	30	1	97	US	R000481	S006986	2026-03-27
4	3	4	4	2	3	2	1	2	5	24	1	92	US	R000482	S005094	2026-03-11
3	2	2	4	4	2	4	4	4	5	41	2	96	US	R000483	S007490	2026-02-16
5	5	5	5	5	5	3	5	4	4	42	2	77	US	R000484	S007995	2026-03-06
2	4	1	4	2	2	4	4	4	5	47	1	93	US	R000485	S007160	2026-02-17
4	4	5	5	5	4	2	1	4	3	26	1	88	US	R000486	S008190	2026-03-25
3	3	2	5	3	2	4	5	4	4	48	1	92	US	R000487	S002451	2026-03-19
4	4	4	5	4	4	5	4	5	4	51	1	88	US	R000488	S000479	2026-03-17
3	2	1	4	2	2	4	1	4	4	28	1	75	US	R000489	S008847	2026-03-15
5	4	3	4	5	4	5	5	4	3	28	2	96	US	R000490	S000048	2026-02-21
5	3	2	4	4	3	3	4	4	5	18	1	83	US	R000491	S003396	2026-02-14
5	4	4	5	4	3	1	1	1	1	35	1	77	US	R000492	S008553	2026-02-22
4	4	4	5	5	5	2	4	5	4	33	2	94	US	R000493	S007247	2026-02-02
4	5	4	4	5	1	3	3	2	3	31	2	86	US	R000494	S003839	2026-02-18
5	2	5	5	5	5	5	4	4	4	35	2	87	US	R000495	S004562	2026-03-19
4	3	4	5	4	2	4	3	4	4	28	1	95	US	R000496	S007060	2026-03-17
5	3	3	4	3	2	4	3	5	4	41	2	93	US	R000497	S009199	2026-03-02
5	1	4	4	4	2	3	2	4	2	44	1	90	US	R000498	S007271	2026-03-22
4	2	4	2	1	3	1	2	3	5	40	1	67	US	R000499	S002504	2026-02-20
2	4	4	3	4	1	2	4	2	5	32	1	79	US	R000500	S012504	2026-02-23
3	4	2	3	2	2	2	4	2	3	37	2	87	US	R000501	S009999	2026-03-19
2	4	1	2	4	2	4	2	4	2	34	2	68	US	R000502	S002686	2026-03-02
2	2	1	1	1	1	3	3	2	2	18	1	96	US	R000503	S009642	2026-03-05
5	4	5	4	3	4	5	5	5	5	18	2	89	US	R000504	S005760	2026-03-18
5	2	3	2	3	1	5	5	5	4	43	1	90	US	R000505	S012068	2026-03-14
4	2	1	5	2	2	3	3	4	5	37	2	78	US	R000506	S003696	2026-02-27
5	5	4	5	4	3	5	2	5	5	47	1	97	US	R000507	S008276	2026-02-19
4	4	3	4	2	3	4	4	4	4	36	2	81	US	R000508	S002005	2026-03-13
5	5	5	4	5	4	3	2	2	4	52	1	70	US	R000509	S006347	2026-03-09
5	2	5	5	5	3	4	5	5	4	40	1	87	US	R000510	S004475	2026-03-26
5	4	4	5	5	3	4	5	4	4	33	1	95	US	R000511	S010198	2026-03-13
4	4	5	4	5	4	2	2	3	4	37	1	72	US	R000512	S008317	2026-02-09
5	4	2	4	4	5	4	4	4	5	38	1	77	US	R000513	S008620	2026-02-10
4	2	3	4	4	1	1	2	1	5	29	2	93	US	R000514	S008359	2026-03-15
3	5	4	4	5	2	5	3	5	5	23	1	82	US	R000515	S004819	2026-03-04
3	3	2	3	2	2	2	2	1	2	37	2	95	US	R000516	S010326	2026-03-26
3	5	1	2	2	1	1	4	3	5	28	1	72	US	R000517	S001553	2026-03-17
4	3	5	4	5	3	4	4	4	4	30	1	97	US	R000518	S005068	2026-02-21
4	5	5	4	4	4	3	5	4	5	36	2	95	US	R000519	S010878	2026-02-27
3	2	2	5	2	4	4	4	4	5	39	1	82	US	R000520	S000538	2026-03-24
5	3	5	5	3	3	4	5	5	4	44	2	97	US	R000521	S000554	2026-03-21
4	1	3	4	2	2	1	4	4	2	30	2	75	US	R000522	S001081	2026-02-25
4	1	4	4	2	3	2	3	3	2	21	2	94	US	R000523	S010252	2026-02-13
5	3	5	5	2	5	3	3	4	4	26	1	87	US	R000524	S005923	2026-03-12
5	2	2	3	4	5	4	4	4	4	38	1	71	US	R000525	S009359	2026-02-03
2	1	2	5	3	2	1	1	3	2	40	1	83	US	R000526	S003174	2026-02-10
4	3	5	5	4	4	4	3	4	5	39	1	96	US	R000527	S011663	2026-02-17
5	3	4	5	2	1	3	2	1	2	18	1	76	US	R000528	S007111	2026-02-27
5	2	5	5	5	3	5	2	5	5	18	1	95	US	R000529	S001172	2026-02-03
4	2	4	4	2	2	3	3	3	3	42	1	80	US	R000530	S011780	2026-02-04
4	4	2	3	3	3	1	2	4	3	49	1	66	US	R000531	S005001	2026-03-12
4	3	4	4	4	3	4	4	5	5	49	2	94	US	R000532	S004184	2026-02-16
4	3	3	5	5	3	2	4	2	4	45	1	87	US	R000533	S001452	2026-03-19
4	3	4	4	5	3	3	2	3	2	53	2	81	US	R000534	S008062	2026-02-04
4	2	2	5	2	1	4	2	4	4	24	1	79	US	R000535	S000270	2026-02-03
5	4	5	5	4	5	4	2	4	3	39	1	94	US	R000536	S006654	2026-02-03
5	4	4	4	5	2	2	2	4	1	28	1	95	US	R000537	S010837	2026-02-16
5	1	2	5	3	4	2	2	4	5	20	1	95	US	R000538	S010609	2026-03-08
5	2	5	5	4	2	4	5	1	5	45	1	95	US	R000539	S010501	2026-03-18
2	2	1	2	2	1	2	3	4	4	27	1	82	US	R000540	S008738	2026-02-10
5	3	5	4	5	4	2	2	3	3	19	1	86	US	R000541	S010138	2026-03-02
3	1	2	4	1	1	1	1	2	3	48	1	63	US	R000542	S001485	2026-02-09
5	5	5	5	4	2	2	4	3	5	43	1	83	US	R000543	S006955	2026-03-11
2	2	1	1	1	1	4	2	3	4	30	2	92	US	R000544	S004601	2026-02-02
4	2	3	2	1	1	1	2	4	4	19	1	87	US	R000545	S003874	2026-02-14
5	1	2	4	1	2	3	2	3	2	28	1	77	US	R000546	S000054	2026-02-27
3	3	4	5	4	2	3	4	5	3	41	1	84	US	R000547	S003300	2026-03-16
2	2	4	4	2	4	4	3	5	4	36	2	93	US	R000548	S005368	2026-03-09
5	2	5	4	3	4	3	4	5	3	37	2	81	US	R000549	S002695	2026-02-16
4	3	2	5	4	3	4	2	5	5	65	1	87	US	R000550	S010735	2026-02-09
5	4	4	5	4	3	4	4	4	4	40	1	98	US	R000551	S007370	2026-02-14
2	1	1	3	2	1	1	3	3	2	29	2	79	US	R000552	S011540	2026-02-15
4	2	4	4	4	2	3	2	4	2	18	2	76	US	R000553	S000494	2026-03-21
3	3	4	1	4	4	4	3	4	4	25	1	75	US	R000554	S009654	2026-02-26
5	2	5	5	5	5	5	4	4	4	39	1	72	US	R000555	S005970	2026-03-16
4	2	4	4	4	2	1	3	4	4	45	1	57	US	R000556	S012002	2026-02-02
2	2	3	4	1	2	2	3	4	4	30	2	93	US	R000557	S003562	2026-03-06
4	5	2	2	4	2	3	4	1	4	36	1	93	US	R000558	S009503	2026-03-01
4	4	5	5	5	5	4	4	4	2	32	1	84	US	R000559	S011217	2026-02-17
2	4	2	3	1	1	5	4	2	5	33	2	92	US	R000560	S002390	2026-02-24
5	4	4	5	5	4	1	3	4	3	18	1	93	US	R000561	S002768	2026-03-26
3	2	1	4	3	2	4	4	4	5	42	2	74	US	R000562	S010433	2026-02-09
2	1	1	3	3	1	4	3	4	4	42	2	75	US	R000563	S008841	2026-02-04
2	1	2	3	1	1	3	2	2	1	34	1	96	US	R000564	S006751	2026-03-12
2	4	3	4	4	2	2	2	2	2	51	2	98	US	R000565	S005574	2026-02-17
4	1	2	5	2	2	1	1	1	1	52	2	86	US	R000566	S003802	2026-02-21
4	1	5	5	4	4	2	3	4	3	22	1	99	US	R000567	S007208	2026-02-18
4	2	2	5	2	2	1	4	2	4	18	2	85	US	R000568	S000821	2026-02-12
5	2	2	4	2	2	2	3	2	4	49	1	41	US	R000569	S012270	2026-03-24
5	1	4	4	3	2	2	2	3	5	40	2	95	US	R000570	S006368	2026-03-10
4	2	2	4	5	3	3	4	3	3	31	1	93	US	R000571	S008361	2026-03-10
5	1	3	5	3	2	5	4	4	4	70	1	90	US	R000572	S005248	2026-03-11
4	2	2	4	2	3	4	5	4	3	44	2	86	US	R000573	S012598	2026-02-07
4	2	2	2	3	5	1	3	3	4	41	1	68	US	R000574	S009317	2026-03-09
4	5	4	5	5	4	2	2	3	2	37	1	85	US	R000575	S012086	2026-03-11
4	2	2	5	3	1	2	5	4	4	40	2	99	US	R000576	S004488	2026-02-24
5	2	4	5	5	2	3	5	4	4	35	2	67	US	R000577	S012200	2026-02-09
4	3	2	3	1	1	1	2	1	2	28	2	82	US	R000578	S007443	2026-02-09
4	2	5	4	5	3	2	2	2	2	30	2	58	US	R000579	S001859	2026-02-24
5	4	4	5	5	5	5	5	5	5	18	2	87	US	R000580	S010723	2026-02-06
4	4	3	3	3	2	5	2	4	4	29	1	52	US	R000581	S008827	2026-02-24
4	3	4	4	3	3	1	4	4	1	51	1	92	US	R000582	S001097	2026-03-07
4	2	4	4	2	1	5	5	5	5	38	2	98	US	R000583	S006425	2026-02-19
5	3	4	4	3	2	5	5	4	5	34	1	88	US	R000584	S011119	2026-02-17
4	2	5	5	5	3	1	5	3	4	41	1	96	US	R000585	S003433	2026-02-21
5	4	4	5	5	3	2	3	4	4	22	1	98	US	R000586	S007244	2026-02-25
3	4	3	5	4	2	1	3	1	4	48	1	80	US	R000587	S007600	2026-02-17
5	2	5	5	4	5	2	4	4	5	29	2	77	US	R000588	S009725	2026-03-04
5	4	5	5	5	5	5	5	5	5	72	1	74	US	R000589	S005261	2026-02-13
5	4	4	4	4	3	2	1	3	3	45	2	97	US	R000590	S002017	2026-02-19
4	2	1	4	2	1	2	4	3	2	46	2	72	US	R000591	S007838	2026-03-21
4	5	4	4	3	4	4	4	4	5	31	1	97	US	R000592	S008711	2026-03-04
4	2	2	5	4	2	1	2	1	3	29	1	86	US	R000593	S002658	2026-03-02
3	2	2	3	2	2	1	1	1	3	27	1	91	US	R000594	S002447	2026-02-17
5	5	4	4	5	4	5	5	4	5	36	1	78	US	R000595	S008690	2026-02-07
4	3	3	5	4	4	4	2	5	2	29	2	71	US	R000596	S004016	2026-02-21
2	2	2	4	1	1	2	5	3	3	38	2	50	US	R000597	S007596	2026-03-19
2	1	3	2	2	2	4	4	5	4	43	1	80	US	R000598	S005289	2026-03-08
4	2	2	4	4	3	1	5	2	3	22	1	85	US	R000599	S012238	2026-02-03
5	4	4	4	4	1	4	5	5	5	30	1	100	US	R000600	S011499	2026-02-14
5	5	5	5	5	5	3	5	4	4	42	2	77	US	R000601	S000869	2026-03-23
4	2	3	5	4	3	4	5	3	3	18	1	96	US	R000602	S003727	2026-02-25
3	5	4	5	4	3	2	4	2	4	30	1	80	US	R000603	S009645	2026-02-08
1	1	2	4	1	1	1	4	2	4	21	1	80	US	R000604	S011306	2026-02-17
3	2	1	2	2	2	2	2	4	3	25	1	99	US	R000605	S008253	2026-03-24
2	3	1	3	3	2	2	2	2	4	34	1	85	US	R000606	S005564	2026-03-15
4	2	4	5	4	5	5	5	5	4	28	1	74	US	R000607	S004751	2026-03-21
2	2	3	4	1	2	2	3	4	4	33	2	76	US	R000608	S006162	2026-02-23
2	4	2	5	3	1	4	3	2	2	47	1	85	US	R000609	S000654	2026-02-18
3	5	4	3	5	2	4	4	4	2	41	2	90	US	R000610	S011812	2026-03-26
4	4	1	3	4	2	2	3	2	4	27	1	86	US	R000611	S009867	2026-02-17
2	2	1	2	1	1	1	2	4	4	18	2	91	US	R000612	S000686	2026-03-06
4	4	4	5	4	2	3	5	5	2	49	1	89	US	R000613	S012033	2026-03-01
5	3	5	4	5	3	4	4	4	3	34	2	87	US	R000614	S000737	2026-03-24
5	4	2	4	3	1	5	5	5	5	33	1	91	US	R000615	S012008	2026-02-17
4	2	3	4	4	4	4	5	3	5	41	2	94	US	R000616	S004684	2026-02-18
5	5	5	5	5	4	4	4	4	4	26	1	94	US	R000617	S008613	2026-02-17
3	2	5	5	3	3	2	4	3	4	18	2	84	US	R000618	S008843	2026-03-10
4	2	2	4	2	1	2	1	4	4	33	2	87	US	R000619	S010018	2026-03-03
4	3	2	5	1	1	4	4	4	4	41	1	86	US	R000620	S005612	2026-02-05
5	5	5	5	5	5	3	5	5	5	32	2	95	US	R000621	S006796	2026-03-08
5	2	2	5	4	3	4	2	4	4	34	2	89	US	R000622	S001519	2026-02-26
4	5	5	5	5	4	4	4	5	5	37	1	55	US	R000623	S008332	2026-02-10
2	4	3	2	3	1	1	4	1	4	29	2	98	US	R000624	S008202	2026-03-03
5	4	3	4	5	5	4	2	4	1	49	1	96	US	R000625	S000441	2026-02-03
5	4	2	4	2	1	1	4	2	4	38	1	90	US	R000626	S005904	2026-02-08
2	4	4	4	4	2	5	4	4	2	42	1	92	US	R000627	S008523	2026-03-08
5	3	1	4	2	2	5	5	5	4	30	2	92	US	R000628	S008616	2026-02-18
3	4	4	5	4	3	1	3	3	4	39	1	92	US	R000629	S002693	2026-02-08
4	1	2	3	2	1	4	3	4	4	47	1	46	US	R000630	S011305	2026-03-24
4	2	1	4	5	2	1	2	4	4	29	1	53	US	R000631	S006558	2026-03-19
3	1	4	5	4	2	1	2	2	4	20	2	79	US	R000632	S004402	2026-03-04
2	2	2	3	2	1	4	3	2	4	61	2	86	US	R000633	S010277	2026-02-19
3	3	4	5	4	2	5	5	5	5	50	1	91	US	R000634	S002613	2026-03-22
4	5	3	5	5	2	5	1	4	5	48	1	85	US	R000635	S010944	2026-02-21
5	2	4	4	3	2	1	1	4	5	25	2	95	US	R000636	S002722	2026-02-18
5	3	2	4	5	4	5	5	4	4	30	2	78	US	R000637	S002715	2026-02-11
4	2	3	4	5	5	2	5	2	4	50	1	84	US	R000638	S004743	2026-03-14
5	4	1	3	1	4	5	4	3	4	25	1	80	US	R000639	S006924	2026-02-24
4	3	4	4	2	2	2	4	2	2	32	2	94	US	R000640	S007336	2026-02-23
5	4	5	3	5	3	2	4	1	2	18	1	80	US	R000641	S005318	2026-02-25
1	2	1	4	2	2	1	3	4	3	18	1	90	US	R000642	S005888	2026-02-22
3	1	2	5	1	1	2	4	4	3	43	2	96	US	R000643	S006349	2026-02-20
2	4	4	4	3	2	1	1	1	5	39	1	81	US	R000644	S011356	2026-02-25
4	4	3	3	1	2	4	3	2	4	58	2	75	US	R000645	S003678	2026-03-17
5	5	5	5	5	5	2	4	3	4	29	1	98	US	R000646	S012286	2026-02-21
5	2	4	2	2	1	1	4	4	4	47	1	94	US	R000647	S006272	2026-02-11
5	2	5	5	5	5	5	5	4	4	55	2	66	US	R000648	S003269	2026-03-16
5	5	5	5	4	5	5	4	4	5	34	1	85	US	R000649	S008851	2026-02-18
4	2	2	3	3	2	5	4	4	4	39	2	89	US	R000650	S008945	2026-03-21
3	3	4	5	2	4	4	5	4	4	48	2	68	US	R000651	S007912	2026-03-11
3	2	2	5	1	1	3	3	1	4	28	1	89	US	R000652	S004209	2026-02-07
3	4	1	4	4	1	5	4	3	5	29	2	70	US	R000653	S001158	2026-03-03
4	4	4	4	2	2	5	5	2	4	47	1	87	US	R000654	S009567	2026-03-09
4	4	4	3	4	3	2	2	4	1	43	1	73	US	R000655	S008978	2026-02-07
5	1	5	5	4	4	4	3	4	5	34	2	91	US	R000656	S000058	2026-02-15
4	2	4	5	5	4	4	5	5	5	25	2	56	US	R000657	S011443	2026-02-28
3	4	4	4	4	4	5	4	4	5	40	1	68	US	R000658	S003200	2026-02-13
4	2	4	2	3	2	1	2	2	1	21	1	93	US	R000659	S000707	2026-03-15
5	3	5	5	5	5	5	5	4	5	38	1	79	US	R000660	S003027	2026-03-12
4	2	4	5	2	3	2	3	4	4	30	1	98	US	R000661	S010122	2026-02-19
1	3	1	4	1	2	4	4	4	4	52	2	79	US	R000662	S012115	2026-02-09
3	1	4	5	5	5	1	2	4	4	34	2	78	US	R000663	S000870	2026-02-02
4	2	3	4	2	1	2	2	4	4	45	1	96	US	R000664	S008218	2026-02-12
1	4	3	4	3	1	1	3	1	5	22	1	96	US	R000665	S010309	2026-02-23
5	2	4	4	5	2	5	5	5	5	23	2	76	US	R000666	S004133	2026-03-23
3	4	4	5	5	3	1	4	2	5	44	1	90	US	R000667	S009428	2026-02-12
2	5	4	4	2	1	4	5	5	5	37	2	85	US	R000668	S012345	2026-03-26
4	1	4	4	3	2	1	1	3	2	34	1	76	US	R000669	S009866	2026-02-14
4	4	5	5	4	4	5	5	5	4	32	1	78	US	R000670	S005292	2026-03-15
5	3	4	3	4	1	3	2	3	5	40	1	88	US	R000671	S001055	2026-03-14
4	4	4	4	4	1	2	3	4	4	44	2	79	US	R000672	S012096	2026-03-13
4	2	3	4	3	2	4	4	4	5	48	1	89	US	R000673	S005334	2026-02-09
3	4	4	5	5	4	2	4	1	4	31	1	77	US	R000674	S006621	2026-02-08
4	4	3	4	2	1	1	2	2	1	26	1	86	US	R000675	S004985	2026-02-19
4	2	5	5	3	2	1	2	1	1	47	1	89	US	R000676	S011900	2026-03-22
5	2	4	5	5	3	3	2	2	4	36	1	86	US	R000677	S001453	2026-03-20
4	2	4	5	4	5	2	5	4	4	46	1	69	US	R000678	S002687	2026-02-21
5	2	5	4	4	5	1	3	4	4	42	1	91	US	R000679	S000476	2026-02-25
4	3	2	3	5	2	2	2	4	1	18	1	87	US	R000680	S011527	2026-02-11
4	5	2	5	4	3	2	5	5	4	33	1	73	US	R000681	S000711	2026-02-06
4	1	4	4	4	1	4	3	4	3	23	1	88	US	R000682	S003623	2026-02-19
5	3	5	5	5	4	1	4	1	2	32	1	76	US	R000683	S002804	2026-03-01
3	4	4	4	3	2	1	2	3	3	27	2	87	US	R000684	S002972	2026-02-05
5	2	4	4	4	4	2	4	4	4	42	2	94	US	R000685	S010287	2026-03-19
4	2	5	5	5	4	3	4	5	4	37	1	81	US	R000686	S000787	2026-02-20
1	4	3	5	2	2	2	1	3	2	36	2	93	US	R000687	S009395	2026-03-03
3	3	5	5	2	2	2	3	4	2	54	1	96	US	R000688	S004869	2026-02-14
3	3	2	2	4	1	2	1	3	3	35	1	88	US	R000689	S004940	2026-02-18
3	1	4	5	4	4	2	4	4	2	41	2	77	US	R000690	S011578	2026-03-09
5	5	5	3	2	4	5	3	4	4	45	2	90	US	R000691	S000868	2026-02-27
4	2	4	4	4	4	4	4	1	5	33	1	86	US	R000692	S001599	2026-02-26
5	3	2	4	5	4	2	3	4	5	42	1	89	US	R000693	S006179	2026-03-13
1	2	2	3	1	2	2	1	2	1	39	2	64	US	R000694	S002594	2026-03-04
3	1	2	4	2	2	2	2	4	2	43	2	93	US	R000695	S001741	2026-03-04
4	2	4	3	2	2	4	5	5	4	27	1	84	US	R000696	S003671	2026-02-12
4	4	2	5	5	1	3	5	3	4	33	2	97	US	R000697	S009891	2026-02-23
5	2	3	4	4	4	3	4	4	4	43	1	76	US	R000698	S012956	2026-02-12
4	2	1	4	2	1	5	4	5	4	36	2	81	US	R000699	S001779	2026-03-21
4	2	3	5	2	2	4	2	3	4	35	1	90	US	R000700	S004418	2026-02-23
5	1	3	5	4	4	4	5	5	5	25	1	98	US	R000701	S004654	2026-02-11
5	1	4	5	3	3	2	2	4	2	29	1	98	US	R000702	S006800	2026-03-12
5	2	4	3	4	3	2	3	4	1	27	2	88	US	R000703	S012347	2026-02-16
5	2	4	4	5	5	2	2	4	4	30	1	89	US	R000704	S002618	2026-03-01
5	3	2	5	5	2	4	5	5	2	49	2	97	US	R000705	S004800	2026-03-23
1	5	2	2	2	2	1	4	2	5	23	1	80	US	R000706	S008120	2026-03-01
2	5	3	5	1	2	3	2	3	5	37	1	73	US	R000707	S002712	2026-03-21
4	2	3	4	4	2	4	2	3	4	29	2	89	US	R000708	S005101	2026-02-07
5	2	5	5	5	5	3	2	4	3	24	1	71	US	R000709	S001428	2026-02-24
4	1	2	4	4	1	3	4	4	4	52	1	92	US	R000710	S007431	2026-03-10
5	3	3	5	1	5	4	5	4	4	30	2	84	US	R000711	S011858	2026-03-15
4	1	4	4	5	4	5	5	5	5	28	1	95	US	R000712	S000176	2026-03-17
5	3	4	4	3	1	4	2	3	1	52	1	84	US	R000713	S003372	2026-03-19
4	2	4	5	5	4	5	3	4	4	22	2	98	US	R000714	S011087	2026-02-20
4	3	5	4	2	4	4	1	1	2	44	1	98	US	R000715	S003179	2026-02-18
3	3	5	4	4	5	1	1	2	2	51	1	79	US	R000716	S011515	2026-02-17
5	3	5	5	4	3	2	2	4	3	41	2	94	US	R000717	S008338	2026-02-04
4	2	5	5	4	2	4	4	4	2	44	2	70	US	R000718	S002954	2026-02-10
5	2	4	3	2	2	1	4	3	4	31	2	75	US	R000719	S001233	2026-03-21
1	5	2	5	2	2	2	2	1	1	23	2	91	US	R000720	S009012	2026-03-08
4	4	4	5	2	4	3	4	5	5	34	1	84	US	R000721	S004657	2026-03-11
1	2	2	4	2	3	5	4	4	5	41	2	86	US	R000722	S004767	2026-02-27
4	5	4	5	4	2	1	5	2	5	28	2	82	US	R000723	S008524	2026-02-10
4	2	4	3	4	2	5	5	4	4	31	2	96	US	R000724	S002884	2026-02-28
4	2	5	4	5	4	3	4	4	3	45	2	95	US	R000725	S008388	2026-03-13
2	1	1	5	2	2	4	5	4	3	24	2	81	US	R000726	S000908	2026-02-02
4	2	4	5	4	1	4	2	3	3	33	1	97	US	R000727	S006556	2026-03-22
2	3	2	3	2	1	2	2	2	1	29	1	97	US	R000728	S005186	2026-02-20
4	2	4	4	3	2	4	4	3	1	42	1	63	US	R000729	S012843	2026-02-11
4	1	4	2	4	3	2	2	2	5	51	1	64	US	R000730	S001334	2026-02-20
3	3	4	5	2	2	2	3	4	5	54	2	85	US	R000731	S010074	2026-03-26
3	2	5	4	2	3	2	4	4	3	35	1	99	US	R000732	S004807	2026-02-16
5	5	4	5	4	2	2	4	1	5	34	1	79	US	R000733	S004870	2026-03-02
1	4	2	2	3	4	4	4	3	3	29	1	83	US	R000734	S008736	2026-02-28
3	2	3	5	4	2	5	5	5	5	59	2	96	US	R000735	S001716	2026-02-19
4	1	1	5	1	1	5	5	4	5	46	2	91	US	R000736	S011293	2026-03-13
4	4	1	5	4	1	5	5	4	5	26	2	86	US	R000737	S005143	2026-02-17
4	3	1	1	1	1	3	4	4	4	43	2	97	US	R000738	S000897	2026-02-23
4	1	5	4	4	4	2	2	2	4	18	1	96	US	R000739	S005929	2026-02-11
5	2	5	5	5	4	3	4	4	2	41	1	76	US	R000740	S005145	2026-02-10
4	2	4	4	5	5	4	4	3	5	60	2	63	US	R000741	S008876	2026-03-02
2	2	2	2	5	2	2	1	4	4	42	1	58	US	R000742	S001925	2026-03-27
4	4	5	5	5	5	5	4	5	4	22	2	76	US	R000743	S012722	2026-02-12
2	4	3	2	4	2	4	1	4	4	30	1	57	US	R000744	S003779	2026-02-09
5	2	4	5	4	4	4	5	4	4	38	2	76	US	R000745	S001083	2026-02-02
4	1	2	4	1	1	4	4	2	4	34	1	55	US	R000746	S012395	2026-03-23
4	3	3	5	1	5	5	5	5	5	37	2	81	US	R000747	S004967	2026-02-19
3	2	1	3	4	2	4	4	5	3	36	1	79	US	R000748	S002890	2026-03-26
5	3	5	5	4	3	5	4	4	5	18	1	92	US	R000749	S000915	2026-02-18
3	4	3	5	2	3	4	2	5	5	25	1	81	US	R000750	S005160	2026-02-19
2	2	1	2	2	1	1	2	2	2	55	2	81	US	R000751	S002723	2026-02-10
2	2	1	4	4	3	1	1	2	3	39	2	89	US	R000752	S004071	2026-03-19
2	1	1	4	1	2	1	3	1	1	36	1	81	US	R000753	S006868	2026-03-20
5	2	5	4	5	4	5	4	4	4	33	1	94	US	R000754	S007872	2026-03-20
3	2	2	4	3	2	4	4	4	5	43	2	86	US	R000755	S006854	2026-02-08
4	2	2	4	3	2	4	4	2	5	25	2	82	US	R000756	S006915	2026-02-14
5	5	4	4	3	2	2	2	2	3	35	1	88	US	R000757	S006423	2026-02-14
3	2	2	5	2	2	2	5	3	3	38	2	80	US	R000758	S000529	2026-02-24
4	2	4	5	5	2	4	4	5	4	22	2	59	US	R000759	S000436	2026-02-24
5	1	2	2	4	3	1	1	3	1	40	1	80	US	R000760	S010661	2026-03-18
2	2	5	3	4	2	1	3	3	4	33	1	79	US	R000761	S002156	2026-03-03
3	1	2	2	2	2	1	1	2	4	48	1	79	US	R000762	S004874	2026-02-04
5	4	5	3	5	5	4	5	4	5	44	2	66	US	R000763	S005730	2026-03-10
5	1	5	5	5	5	4	3	4	4	26	2	78	US	R000764	S009095	2026-03-01
1	1	1	4	2	2	3	4	4	4	61	2	95	US	R000765	S008530	2026-02-25
4	5	4	4	4	4	5	5	5	4	52	1	59	US	R000766	S008192	2026-02-20
4	1	3	3	3	2	3	4	4	1	20	1	89	US	R000767	S011853	2026-02-12
5	2	3	4	4	1	2	4	5	4	27	1	86	US	R000768	S001348	2026-03-06
5	3	4	4	3	4	4	2	4	3	27	1	98	US	R000769	S000704	2026-02-28
4	2	3	4	5	2	4	4	4	4	39	1	97	US	R000770	S004256	2026-03-11
5	2	4	4	5	5	5	4	5	4	26	2	88	US	R000771	S002980	2026-02-08
5	2	4	4	2	3	2	4	3	4	18	2	71	US	R000772	S000633	2026-02-02
4	2	3	5	3	1	4	3	5	5	42	1	88	US	R000773	S006794	2026-03-22
5	2	3	5	3	2	3	5	4	5	35	1	71	US	R000774	S009924	2026-03-07
5	2	2	5	5	5	3	3	3	5	18	1	87	US	R000775	S001039	2026-02-25
5	2	2	5	5	4	2	5	4	5	52	2	88	US	R000776	S009113	2026-02-03
5	2	4	4	4	5	4	2	1	4	37	1	76	US	R000777	S010953	2026-03-27
2	2	1	5	1	1	4	4	4	4	30	1	95	US	R000778	S010742	2026-03-03
2	1	2	2	1	2	2	2	3	2	33	2	73	US	R000779	S004789	2026-02-11
5	2	4	4	2	2	2	2	3	4	46	1	90	US	R000780	S006129	2026-03-07
5	2	5	5	5	2	5	4	4	5	19	1	95	US	R000781	S003350	2026-02-05
4	2	5	5	2	1	1	2	2	2	18	2	69	US	R000782	S007953	2026-02-27
4	5	3	2	3	2	2	4	1	1	29	2	99	US	R000783	S005653	2026-03-13
5	5	5	5	5	3	5	5	5	3	37	1	84	US	R000784	S001558	2026-03-11
4	4	4	4	2	3	4	5	4	5	37	2	98	US	R000785	S000992	2026-03-13
3	4	3	5	2	2	3	3	4	4	22	1	69	US	R000786	S002844	2026-03-20
5	4	2	4	4	4	5	4	5	2	27	1	86	US	R000787	S004213	2026-03-20
5	3	4	4	3	4	2	5	3	2	34	2	55	US	R000788	S008004	2026-03-19
1	1	4	2	3	1	2	1	2	4	34	1	93	US	R000789	S009633	2026-02-19
5	5	5	5	5	4	5	5	5	5	18	1	92	US	R000790	S000137	2026-02-06
4	2	4	5	4	2	4	4	5	5	30	1	95	US	R000791	S005005	2026-02-08
2	2	4	4	3	2	2	2	4	2	41	2	95	US	R000792	S001414	2026-03-02
5	4	3	4	4	2	4	5	5	5	30	1	65	US	R000793	S001503	2026-03-25
4	5	5	3	5	4	4	5	3	4	45	2	84	US	R000794	S000483	2026-02-18
4	4	4	5	3	5	3	2	4	4	24	1	98	US	R000795	S010487	2026-03-17
4	4	4	5	4	3	5	5	4	3	25	1	95	US	R000796	S007057	2026-03-18
3	4	2	5	3	2	5	5	2	5	41	1	54	US	R000797	S005743	2026-02-14
4	5	3	4	2	2	4	4	4	4	33	1	93	US	R000798	S002947	2026-03-07
4	1	2	5	2	2	1	5	4	1	43	1	95	US	R000799	S002567	2026-03-10
2	2	1	1	1	2	1	1	1	1	25	1	95	US	R000800	S008492	2026-02-04
4	2	3	3	3	4	1	3	3	2	22	1	56	US	R000801	S009613	2026-02-14
5	5	5	5	5	5	4	5	5	2	25	2	70	US	R000802	S005744	2026-03-06
5	5	5	5	4	4	5	5	5	5	18	2	56	US	R000803	S012732	2026-03-14
5	3	5	5	5	5	4	3	2	4	28	1	84	US	R000804	S011207	2026-02-21
4	4	5	5	3	2	1	4	5	3	54	1	62	US	R000805	S003970	2026-03-22
3	4	5	5	5	4	5	4	5	3	30	1	91	US	R000806	S011893	2026-03-13
4	2	3	4	5	4	4	5	4	4	29	2	87	US	R000807	S002034	2026-03-21
5	3	4	4	4	4	2	5	4	3	24	1	93	US	R000808	S004264	2026-03-21
5	2	3	4	1	1	3	5	4	4	36	1	78	US	R000809	S000168	2026-02-27
5	5	5	5	5	3	5	5	5	3	37	1	84	US	R000810	S004498	2026-02-22
5	3	4	5	5	4	4	5	5	5	23	1	86	US	R000811	S008341	2026-02-19
2	2	3	5	3	2	4	2	3	4	31	2	65	US	R000812	S009067	2026-02-25
3	4	2	5	3	1	2	4	4	3	28	1	76	US	R000813	S001877	2026-03-08
5	4	3	4	4	5	4	5	3	2	39	2	95	US	R000814	S009868	2026-02-09
4	4	5	4	4	5	4	4	4	5	35	1	91	US	R000815	S010405	2026-03-18
4	4	4	5	5	3	2	5	2	4	51	2	93	US	R000816	S002004	2026-02-26
5	3	3	5	4	2	1	5	2	5	34	1	86	US	R000817	S008732	2026-03-04
2	4	1	4	2	2	4	1	2	5	18	1	77	US	R000818	S009404	2026-03-27
4	3	2	4	4	1	5	4	5	5	32	2	99	US	R000819	S000962	2026-02-14
5	3	5	3	4	3	3	4	4	3	23	2	83	US	R000820	S007150	2026-03-07
5	5	5	4	4	5	1	2	4	5	34	1	90	US	R000821	S011507	2026-02-09
4	2	1	2	1	1	5	4	4	3	26	2	81	US	R000822	S006906	2026-03-14
5	4	5	5	4	4	3	4	2	4	25	1	96	US	R000823	S010048	2026-03-05
4	3	2	4	2	3	4	5	3	5	35	1	91	US	R000824	S001488	2026-02-03
3	1	4	4	2	4	4	4	4	4	29	2	87	US	R000825	S000515	2026-03-26
4	1	1	4	2	1	2	1	2	2	39	1	86	US	R000826	S005934	2026-02-25
5	2	5	5	5	5	1	4	2	4	49	1	85	US	R000827	S001916	2026-03-07
3	4	5	4	4	2	3	3	2	3	37	1	96	US	R000828	S001258	2026-02-15
5	2	4	5	3	1	3	4	3	4	46	2	93	US	R000829	S011402	2026-03-06
4	4	4	5	4	5	4	5	4	4	21	1	71	US	R000830	S010057	2026-02-27
5	4	4	3	2	2	1	3	1	4	59	2	75	US	R000831	S012460	2026-03-16
5	2	2	5	5	2	5	5	4	4	30	1	89	US	R000832	S008136	2026-02-12
4	5	5	4	5	5	5	3	4	4	45	1	93	US	R000833	S008982	2026-03-25
4	2	5	3	2	1	1	3	2	4	54	1	89	US	R000834	S008052	2026-02-14
4	2	2	5	2	1	1	1	1	2	36	1	90	US	R000835	S004250	2026-03-07
3	3	4	4	5	2	4	4	4	5	18	2	85	US	R000836	S007330	2026-02-12
4	5	5	4	5	4	4	4	3	4	37	1	95	US	R000837	S009378	2026-02-22
2	4	5	5	3	3	3	3	4	4	44	2	97	US	R000838	S004710	2026-03-27
4	1	4	3	3	2	4	2	2	5	23	1	76	US	R000839	S009661	2026-02-17
4	3	3	4	3	2	2	5	2	2	40	1	84	US	R000840	S002940	2026-02-09
5	5	2	5	4	4	4	2	4	4	35	1	89	US	R000841	S000463	2026-03-18
4	2	5	5	2	1	3	3	5	4	29	2	65	US	R000842	S002169	2026-03-15
4	4	5	5	1	4	5	5	5	5	43	2	55	US	R000843	S001030	2026-02-14
2	1	2	4	3	3	4	5	3	5	45	1	93	US	R000844	S012610	2026-02-23
2	2	2	2	4	2	2	5	5	3	37	2	81	US	R000845	S012650	2026-02-16
4	3	3	5	4	5	2	4	3	4	38	2	86	US	R000846	S002551	2026-03-15
5	5	5	5	4	4	4	4	4	4	37	2	95	US	R000847	S001450	2026-03-11
5	2	5	5	4	2	1	3	3	4	27	1	89	US	R000848	S002562	2026-03-09
5	5	4	5	4	3	4	4	4	5	34	1	74	US	R000849	S007241	2026-02-20
4	2	4	4	5	3	4	5	4	5	29	1	64	US	R000850	S003612	2026-03-27
5	4	5	4	4	4	2	2	3	4	21	1	96	US	R000851	S001043	2026-03-13
5	2	3	4	1	4	3	3	2	4	42	1	95	US	R000852	S012118	2026-02-26
4	5	2	4	4	4	2	4	4	3	48	2	95	US	R000853	S001613	2026-03-21
5	2	1	2	3	2	1	1	2	4	49	1	99	US	R000854	S000111	2026-03-26
4	5	2	4	4	2	4	4	5	4	36	1	85	US	R000855	S009745	2026-03-18
4	2	3	5	2	1	5	4	5	5	44	1	88	US	R000856	S002856	2026-03-23
5	3	4	2	2	4	4	3	4	4	41	1	99	US	R000857	S008134	2026-03-08
4	3	4	5	2	2	1	3	4	2	31	1	77	US	R000858	S001708	2026-02-27
5	4	4	5	4	3	2	3	2	4	27	1	88	US	R000859	S001728	2026-02-05
5	5	5	5	5	4	5	5	4	5	18	1	91	US	R000860	S000068	2026-02-09
5	2	4	5	4	3	3	2	4	2	29	2	78	US	R000861	S002193	2026-03-16
3	2	4	5	4	2	2	4	5	5	50	1	94	US	R000862	S003496	2026-02-19
5	2	4	5	4	5	4	4	5	4	23	1	78	US	R000863	S010368	2026-03-25
4	2	2	4	4	1	5	4	5	4	28	2	92	US	R000864	S003923	2026-02-02
5	4	5	4	5	4	4	2	4	5	41	2	84	US	R000865	S008826	2026-03-20
4	2	3	4	2	1	1	2	2	5	43	1	96	US	R000866	S007937	2026-03-02
2	3	3	4	2	2	4	4	4	2	42	1	83	US	R000867	S000516	2026-03-01
5	5	5	5	4	5	5	2	5	5	34	2	67	US	R000868	S003823	2026-03-11
5	2	4	5	5	5	1	3	3	4	30	1	97	US	R000869	S004140	2026-03-20
4	2	5	4	4	3	4	4	5	4	53	2	94	US	R000870	S006757	2026-03-20
4	5	1	4	2	1	1	1	2	2	34	2	97	US	R000871	S003962	2026-03-16
4	5	2	2	4	2	2	4	4	4	41	2	77	US	R000872	S001691	2026-02-16
4	5	5	5	5	5	3	5	3	5	30	2	93	US	R000873	S006496	2026-03-09
4	3	2	4	3	4	1	4	1	3	29	2	92	US	R000874	S009196	2026-02-22
4	4	4	4	4	3	2	4	3	5	44	1	96	US	R000875	S000539	2026-03-14
4	2	3	4	4	1	1	2	1	2	36	1	90	US	R000876	S011794	2026-03-20
3	2	5	5	5	5	2	4	4	4	29	1	84	US	R000877	S002511	2026-02-10
1	2	2	4	2	1	1	2	2	2	55	2	97	US	R000878	S005803	2026-02-11
5	2	5	3	4	3	3	4	2	2	18	1	80	US	R000879	S007874	2026-02-06
4	2	4	3	3	2	1	3	4	4	24	1	97	US	R000880	S007554	2026-03-07
4	3	5	5	4	5	4	5	4	4	49	1	84	US	R000881	S009975	2026-02-08
5	5	4	2	4	4	5	4	3	4	20	2	86	US	R000882	S005031	2026-02-23
4	2	5	5	5	4	5	4	5	5	37	1	94	US	R000883	S008818	2026-02-05
5	3	4	5	4	4	5	4	4	5	49	1	78	US	R000884	S005219	2026-03-03
4	2	1	1	3	2	2	4	3	4	41	2	56	US	R000885	S011577	2026-03-10
1	1	2	4	2	2	5	5	4	5	22	1	75	US	R000886	S001353	2026-03-24
1	5	2	3	2	1	1	1	2	4	48	1	61	US	R000887	S003227	2026-02-16
5	4	5	5	5	5	4	4	3	5	18	1	85	US	R000888	S008481	2026-02-08
5	2	2	3	5	3	4	5	4	5	46	2	83	US	R000889	S012050	2026-03-11
4	3	5	5	5	5	4	5	5	4	41	2	88	US	R000890	S000891	2026-03-12
5	5	4	4	4	5	5	4	2	3	38	1	90	US	R000891	S000079	2026-02-21
4	2	1	2	2	1	3	5	5	3	48	1	69	US	R000892	S002905	2026-03-11
5	2	4	5	4	5	4	4	4	4	51	2	70	US	R000893	S002199	2026-03-16
5	2	4	3	4	3	4	2	5	5	32	1	98	US	R000894	S011309	2026-03-27
5	2	5	5	2	2	4	4	2	5	38	1	92	US	R000895	S009949	2026-02-18
3	1	2	3	1	1	1	1	1	2	33	1	93	US	R000896	S011253	2026-02-14
1	1	1	4	1	1	4	4	5	3	31	1	95	US	R000897	S007148	2026-02-24
5	2	4	5	2	3	4	3	2	5	42	1	89	US	R000898	S010928	2026-03-14
4	2	4	5	2	4	1	2	4	3	23	2	89	US	R000899	S005147	2026-02-08
4	5	4	2	5	4	1	4	5	4	23	1	72	US	R000900	S005913	2026-03-02
5	2	5	4	5	5	4	5	4	4	30	1	89	US	R000901	S007729	2026-03-01
5	4	5	4	4	4	3	1	2	4	37	1	82	US	R000902	S008577	2026-03-19
4	2	1	4	3	2	3	3	4	3	37	1	89	US	R000903	S012628	2026-03-20
4	2	2	4	5	4	4	4	2	5	46	1	98	US	R000904	S002319	2026-03-02
4	5	3	4	2	2	4	3	4	5	20	2	91	US	R000905	S004495	2026-03-25
3	1	2	4	2	5	5	4	4	4	32	2	75	US	R000906	S012117	2026-03-02
4	2	4	5	2	2	1	4	2	4	28	2	62	US	R000907	S009286	2026-03-19
5	2	5	5	5	4	5	4	5	5	19	1	83	US	R000908	S005458	2026-03-15
3	2	5	5	3	2	4	5	5	4	39	1	66	US	R000909	S002529	2026-03-26
2	2	1	4	2	1	3	4	4	4	19	1	100	US	R000910	S004990	2026-02-10
5	2	3	4	4	1	5	5	4	4	45	2	82	US	R000911	S012384	2026-03-18
5	2	4	5	5	5	5	4	5	5	45	2	84	US	R000912	S011105	2026-03-04
4	2	4	3	2	2	4	1	4	4	49	2	91	US	R000913	S002430	2026-02-19
5	1	4	4	4	2	2	1	3	4	45	1	67	US	R000914	S009268	2026-02-11
3	4	3	4	2	4	2	3	3	5	43	1	83	US	R000915	S001850	2026-03-24
5	2	2	3	3	3	3	4	5	5	20	1	79	US	R000916	S008139	2026-02-18
4	1	3	3	2	3	1	2	3	1	20	2	94	US	R000917	S010840	2026-02-18
4	3	4	5	4	4	5	4	4	5	23	1	85	US	R000918	S003378	2026-03-02
5	3	4	5	5	5	5	4	3	5	30	1	67	US	R000919	S000949	2026-02-15
4	5	4	5	3	4	4	5	4	4	41	1	96	US	R000920	S003957	2026-03-04
5	3	4	5	4	2	5	5	4	5	33	2	69	US	R000921	S011693	2026-03-15
3	2	2	3	4	2	4	4	5	5	58	1	88	US	R000922	S010952	2026-03-24
3	1	2	5	2	1	1	2	1	2	42	1	61	US	R000923	S007243	2026-02-18
4	4	3	2	1	2	5	4	5	5	59	1	93	US	R000924	S002758	2026-02-10
4	5	3	4	3	2	3	5	3	1	38	2	65	US	R000925	S009996	2026-03-06
3	2	1	4	1	2	1	2	1	3	21	2	58	US	R000926	S000527	2026-02-16
2	2	3	4	1	1	1	2	1	4	29	2	58	US	R000927	S011222	2026-03-13
5	2	5	5	5	2	4	3	4	4	38	2	79	US	R000928	S009962	2026-02-16
5	2	4	4	2	2	4	4	3	4	18	2	88	US	R000929	S003972	2026-02-18
5	3	4	5	1	5	1	1	1	1	44	2	75	US	R000930	S012103	2026-02-24
5	5	4	5	5	2	4	4	4	4	37	1	92	US	R000931	S005606	2026-03-02
4	2	4	5	5	2	4	4	5	4	22	2	59	US	R000932	S009152	2026-03-21
4	2	2	2	1	2	2	2	3	5	48	1	91	US	R000933	S004758	2026-03-20
4	3	4	5	4	5	1	2	4	4	33	2	92	US	R000934	S012159	2026-02-22
4	1	2	2	2	3	5	5	4	5	28	1	96	US	R000935	S001656	2026-02-13
4	3	3	4	2	1	3	2	4	4	36	1	95	US	R000936	S003441	2026-03-06
1	2	1	4	1	2	5	4	4	4	33	1	80	US	R000937	S001340	2026-02-21
4	4	5	4	4	4	3	1	4	4	31	1	95	US	R000938	S008871	2026-03-21
5	3	4	5	2	4	1	2	2	4	56	1	65	US	R000939	S010464	2026-02-02
5	4	3	4	4	5	2	5	3	4	50	2	99	US	R000940	S010276	2026-03-21
5	5	2	4	3	5	4	4	4	1	51	1	91	US	R000941	S006422	2026-02-26
4	2	4	5	5	4	1	4	4	4	33	2	98	US	R000942	S008782	2026-03-17
4	2	5	5	4	5	5	4	4	5	32	1	77	US	R000943	S002055	2026-03-07
2	3	3	5	4	1	1	2	2	5	32	1	70	US	R000944	S008181	2026-02-04
5	5	4	4	4	3	5	4	4	5	46	1	99	US	R000945	S010321	2026-03-24
5	3	2	2	1	1	2	1	3	4	38	1	64	US	R000946	S009430	2026-02-07
4	3	5	4	3	2	2	3	4	4	26	1	93	US	R000947	S009305	2026-02-23
2	2	4	2	2	2	1	1	1	2	49	2	83	US	R000948	S011125	2026-03-18
2	1	3	4	5	3	4	4	4	2	40	1	81	US	R000949	S000415	2026-02-17
3	4	4	5	4	2	4	4	4	1	25	1	84	US	R000950	S009440	2026-03-20
4	2	5	5	5	3	5	4	5	4	25	1	64	US	R000951	S011742	2026-02-02
3	4	2	5	3	5	5	5	3	4	56	1	65	US	R000952	S003532	2026-03-26
4	3	3	4	3	4	3	5	5	5	39	1	78	US	R000953	S002141	2026-02-20
4	3	4	5	5	1	4	3	5	4	46	1	92	US	R000954	S001075	2026-02-27
5	2	1	5	2	2	4	4	5	5	22	1	95	US	R000955	S000537	2026-02-19
4	5	4	4	5	4	1	2	2	1	54	1	86	US	R000956	S008778	2026-02-17
4	1	2	4	4	2	5	1	4	4	35	1	82	US	R000957	S011831	2026-02-07
5	5	5	5	5	4	5	4	5	5	34	1	91	US	R000958	S008124	2026-02-10
5	4	4	5	4	5	4	5	5	5	42	1	98	US	R000959	S000225	2026-02-10
4	3	3	5	5	5	2	2	4	4	61	1	86	US	R000960	S004336	2026-02-14
2	5	4	5	5	4	3	4	3	4	39	1	99	US	R000961	S003004	2026-02-20
4	5	2	3	2	1	4	4	4	3	28	1	92	US	R000962	S002667	2026-02-09
5	4	4	5	4	2	3	2	4	3	37	1	91	US	R000963	S011128	2026-02-10
2	4	4	4	4	3	1	2	2	5	18	1	69	US	R000964	S011079	2026-03-20
5	2	5	5	4	2	2	5	4	2	18	2	79	US	R000965	S003463	2026-02-11
3	4	2	4	1	1	2	3	4	3	41	1	83	US	R000966	S012031	2026-02-24
3	2	1	2	1	1	3	4	4	5	36	1	80	US	R000967	S009467	2026-02-16
5	2	1	4	4	2	3	3	4	4	30	1	96	US	R000968	S001928	2026-02-14
3	2	4	4	2	1	4	4	4	5	46	2	89	US	R000969	S000461	2026-03-21
5	2	3	5	5	5	1	4	2	4	20	2	78	US	R000970	S011297	2026-02-20
5	1	5	4	3	3	2	2	4	4	46	1	71	US	R000971	S005694	2026-03-07
2	1	1	3	2	1	4	5	5	5	40	1	94	US	R000972	S003741	2026-02-17
3	4	4	2	3	1	2	4	4	5	21	1	77	US	R000973	S009643	2026-03-21
5	4	3	2	3	5	1	4	3	5	26	2	91	US	R000974	S008930	2026-02-19
5	1	4	2	4	3	1	4	1	5	32	1	70	US	R000975	S010891	2026-03-01
5	2	2	3	4	2	2	2	4	2	56	1	79	US	R000976	S010062	2026-02-27
3	3	4	5	4	2	4	2	4	3	43	1	70	US	R000977	S000254	2026-02-25
4	3	2	3	4	1	5	5	5	5	39	2	81	US	R000978	S009912	2026-03-04
2	5	3	4	2	2	4	5	4	4	24	1	67	US	R000979	S006344	2026-02-14
4	3	2	5	1	2	1	2	1	4	36	2	97	US	R000980	S008954	2026-03-26
4	5	4	5	4	5	3	5	4	5	33	2	73	US	R000981	S005927	2026-03-09
4	4	3	4	3	4	4	4	4	4	28	1	91	US	R000982	S011916	2026-02-22
5	2	4	4	5	1	2	2	2	5	23	1	96	US	R000983	S005138	2026-03-05
3	3	2	5	4	1	4	4	4	4	23	2	84	US	R000984	S008802	2026-03-11
3	2	4	4	4	2	4	4	5	4	25	1	92	US	R000985	S006535	2026-03-22
5	5	5	5	4	3	3	2	3	2	39	2	86	US	R000986	S000471	2026-02-14
4	4	4	4	2	2	4	4	4	5	21	1	91	US	R000987	S009522	2026-02-11
4	2	3	5	4	2	4	3	4	5	36	1	63	US	R000988	S006560	2026-03-05
4	4	5	4	3	2	2	3	3	4	64	2	97	US	R000989	S001504	2026-03-26
5	3	3	5	5	4	2	2	4	4	34	2	70	US	R000990	S002491	2026-02-02
5	2	4	5	4	4	5	5	5	5	41	1	93	US	R000991	S004526	2026-02-22
4	3	1	3	1	1	2	1	2	2	53	1	60	US	R000992	S004474	2026-03-13
4	5	5	5	5	5	2	5	4	4	28	2	89	US	R000993	S012796	2026-03-15
5	4	4	5	4	5	2	4	2	2	44	1	77	US	R000994	S005275	2026-02-22
2	2	2	4	1	1	1	1	4	3	55	1	98	US	R000995	S000674	2026-03-02
1	2	3	3	3	2	5	2	5	4	47	1	89	US	R000996	S000323	2026-03-17
5	3	4	3	4	1	4	4	5	3	24	1	67	US	R000997	S007676	2026-03-19
4	2	2	5	1	1	3	2	5	5	40	1	62	US	R000998	S001090	2026-02-22
4	4	4	5	4	3	2	4	4	5	28	1	63	US	R000999	S005400	2026-03-19
5	3	5	3	4	2	2	2	5	4	31	1	95	US	R001000	S012065	2026-03-25
4	3	5	5	4	4	4	2	4	3	39	1	97	US	R001001	S000341	2026-03-22
4	5	2	3	3	4	1	1	4	4	24	2	56	US	R001002	S001986	2026-02-23
4	1	3	3	4	1	4	5	5	5	30	1	86	US	R001003	S007335	2026-03-17
4	1	2	4	4	3	2	5	5	4	36	2	88	US	R001004	S005898	2026-02-27
1	3	4	4	2	2	3	3	5	4	46	1	90	US	R001005	S004052	2026-03-20
4	3	5	5	5	5	4	5	4	4	38	2	80	US	R001006	S009062	2026-03-05
3	1	5	5	3	5	4	4	3	4	53	2	87	US	R001007	S002239	2026-02-06
5	4	2	4	4	3	2	5	4	2	30	1	88	US	R001008	S004144	2026-02-07
4	2	5	4	2	2	1	1	4	2	63	1	76	US	R001009	S000740	2026-03-09
3	5	2	4	3	4	1	3	4	4	36	1	81	US	R001010	S011420	2026-02-09
3	2	5	5	5	4	4	4	4	5	51	1	100	US	R001011	S003738	2026-02-25
4	2	4	1	2	2	4	4	5	2	69	1	85	US	R001012	S004745	2026-03-12
5	2	3	4	5	4	1	4	2	3	23	1	99	US	R001013	S003229	2026-02-15
3	5	2	4	4	2	3	2	4	4	26	1	90	US	R001014	S000092	2026-02-03
2	4	3	4	4	2	4	5	4	2	34	2	80	US	R001015	S011699	2026-02-13
5	1	1	4	3	4	2	4	4	5	28	1	94	US	R001016	S002064	2026-02-08
4	4	3	3	5	1	4	4	4	4	24	1	75	US	R001017	S011277	2026-02-22
4	3	2	5	2	2	5	5	4	4	36	1	80	US	R001018	S004026	2026-02-24
2	1	2	4	2	2	4	3	5	4	38	2	83	US	R001019	S001978	2026-03-08
4	1	4	5	3	2	4	2	4	2	47	1	76	US	R001020	S009214	2026-03-18
4	4	2	4	2	2	1	2	1	1	40	1	93	US	R001021	S000149	2026-02-28
1	1	1	1	1	1	3	2	3	5	26	2	86	US	R001022	S010050	2026-03-04
4	2	3	4	4	1	4	5	4	4	45	1	99	US	R001023	S010718	2026-03-15
5	5	5	4	5	5	5	5	5	2	28	2	64	US	R001024	S001654	2026-02-02
4	2	3	4	4	2	3	4	4	3	37	1	90	US	R001025	S008133	2026-03-01
4	3	4	2	2	1	1	3	3	4	18	1	73	US	R001026	S011136	2026-03-08
3	1	4	4	4	2	2	4	4	4	33	1	94	US	R001027	S009396	2026-02-07
1	4	2	3	2	1	1	4	3	2	24	1	83	US	R001028	S011375	2026-03-15
4	5	3	5	5	1	2	4	3	2	38	1	79	US	R001029	S010146	2026-02-21
4	2	4	4	4	2	2	4	3	4	40	1	80	US	R001030	S008076	2026-02-18
4	4	4	2	4	5	2	1	4	3	18	1	83	US	R001031	S005521	2026-02-08
4	4	3	4	3	3	4	2	4	4	30	1	94	US	R001032	S001210	2026-02-05
4	5	5	5	4	4	4	4	5	5	39	2	71	US	R001033	S012901	2026-02-02
4	2	4	2	2	1	2	1	4	4	35	1	91	US	R001034	S009367	2026-02-21
5	1	4	4	2	1	1	2	3	4	31	2	82	US	R001035	S011192	2026-02-14
5	4	3	4	5	3	4	5	5	5	41	1	78	US	R001036	S009384	2026-03-02
5	2	1	4	3	2	4	5	3	4	40	2	93	US	R001037	S006731	2026-03-13
4	2	4	3	3	2	5	4	4	4	18	2	78	US	R001038	S001915	2026-03-05
1	2	2	4	3	2	4	4	2	1	18	1	83	US	R001039	S007880	2026-03-01
2	2	2	1	1	2	3	4	3	3	40	2	86	US	R001040	S000029	2026-03-03
2	5	4	5	4	2	1	2	1	2	24	2	96	US	R001041	S005700	2026-03-12
5	5	5	4	4	4	2	4	3	5	39	2	97	US	R001042	S011734	2026-02-23
4	5	4	4	4	4	1	3	2	1	34	1	95	US	R001043	S000071	2026-03-15
4	1	4	4	2	4	4	5	3	2	27	1	81	US	R001044	S012325	2026-02-15
5	4	5	5	5	3	5	5	4	4	19	2	71	US	R001045	S011164	2026-03-24
2	2	3	4	4	1	2	2	1	5	41	1	84	US	R001046	S012828	2026-03-15
4	2	4	3	5	2	5	2	2	3	34	1	95	US	R001047	S010683	2026-03-21
3	2	2	4	1	1	1	1	2	2	22	1	97	US	R001048	S004438	2026-02-09
4	4	4	4	4	3	2	4	2	5	53	1	85	US	R001049	S005509	2026-03-20
4	2	5	4	4	4	5	5	5	5	40	1	78	US	R001050	S001245	2026-02-07
4	2	4	4	3	2	2	1	1	4	18	1	94	US	R001051	S010736	2026-02-17
5	3	5	5	4	3	2	3	3	4	43	1	89	US	R001052	S012772	2026-03-04
4	4	2	5	4	4	5	4	5	5	42	2	89	US	R001053	S006391	2026-02-17
5	2	3	5	4	4	1	4	4	2	36	2	81	US	R001054	S010084	2026-02-17
2	2	1	4	3	2	5	5	4	5	41	1	88	US	R001055	S004421	2026-02-13
5	4	5	5	4	4	2	4	4	5	21	2	82	US	R001056	S007065	2026-02-12
2	3	3	5	2	2	3	4	4	4	18	1	92	US	R001057	S004153	2026-02-07
1	1	1	3	1	1	2	3	4	4	35	2	92	US	R001058	S010267	2026-03-02
5	4	4	4	5	4	4	4	5	4	24	1	69	US	R001059	S002643	2026-03-14
5	3	2	5	4	5	4	4	5	2	38	2	79	US	R001060	S001679	2026-03-02
2	1	2	4	1	2	1	4	1	4	23	1	83	US	R001061	S005762	2026-02-10
3	5	1	4	2	1	4	4	4	5	40	1	75	US	R001062	S003447	2026-03-06
4	3	3	4	3	1	5	4	4	5	31	1	98	US	R001063	S005837	2026-03-26
1	2	2	2	2	4	2	4	5	4	60	1	86	US	R001064	S002851	2026-03-14
4	1	2	3	2	1	4	4	4	2	30	1	96	US	R001065	S011468	2026-03-21
5	1	2	4	4	2	4	4	4	4	47	2	87	US	R001066	S009204	2026-03-27
5	1	2	4	3	1	5	5	5	5	40	2	87	US	R001067	S012216	2026-02-23
5	3	3	5	4	2	5	5	5	5	30	2	99	US	R001068	S002375	2026-02-12
5	4	5	3	5	2	4	4	2	5	30	1	92	US	R001069	S001511	2026-03-05
2	5	2	5	2	3	4	2	5	4	46	1	73	US	R001070	S009407	2026-02-21
2	4	2	2	2	1	1	1	3	4	23	2	48	US	R001071	S005738	2026-02-14
5	3	3	4	4	4	5	2	3	4	40	1	86	US	R001072	S001074	2026-02-02
4	2	3	3	4	1	2	4	3	3	24	2	58	US	R001073	S005658	2026-02-25
3	1	4	4	2	3	1	4	3	5	40	1	82	US	R001074	S002432	2026-03-05
5	5	4	4	4	5	2	4	4	2	41	1	93	US	R001075	S003729	2026-02-19
3	2	2	1	1	1	5	4	4	3	35	1	91	US	R001076	S012281	2026-03-10
4	4	3	4	5	4	5	4	5	4	19	2	72	US	R001077	S000094	2026-02-19
4	3	4	4	4	3	4	3	4	4	50	1	70	US	R001078	S002351	2026-02-19
5	4	4	5	3	1	5	4	5	4	39	2	87	US	R001079	S002914	2026-02-05
4	4	4	5	4	1	5	5	5	4	42	2	92	US	R001080	S002878	2026-03-04
4	2	4	3	5	4	4	2	4	2	27	1	84	US	R001081	S005107	2026-02-08
3	2	1	4	4	2	1	2	1	2	22	2	93	US	R001082	S006399	2026-02-08
3	4	2	4	2	2	1	4	4	2	46	2	82	US	R001083	S003281	2026-03-25
3	4	3	3	2	1	4	5	4	5	36	1	94	US	R001084	S000698	2026-03-11
5	4	5	5	4	4	4	2	4	4	20	1	90	US	R001085	S003582	2026-03-18
5	3	5	5	3	2	5	4	4	4	37	1	61	US	R001086	S010187	2026-03-15
3	1	4	4	3	4	4	4	3	5	25	1	80	US	R001087	S008533	2026-03-02
3	3	2	4	1	4	3	1	3	4	18	1	67	US	R001088	S007288	2026-03-24
3	4	2	2	2	1	2	3	5	4	28	2	95	US	R001089	S006359	2026-02-02
4	2	5	3	4	3	2	3	4	3	54	1	67	US	R001090	S001058	2026-03-17
2	4	4	4	5	2	2	2	1	3	23	1	79	US	R001091	S005587	2026-03-09
5	2	4	5	2	3	2	1	4	5	48	2	91	US	R001092	S006989	2026-03-12
4	5	2	4	5	4	5	5	2	4	44	1	87	US	R001093	S005057	2026-03-25
3	2	2	2	4	2	5	2	4	4	46	2	53	US	R001094	S000392	2026-02-22
3	2	2	5	4	1	2	4	4	2	36	2	79	US	R001095	S011878	2026-03-08
1	3	5	5	4	4	4	5	4	4	51	1	54	US	R001096	S007082	2026-02-07
4	2	2	4	5	2	4	4	2	4	46	1	51	US	R001097	S005007	2026-02-24
5	3	4	4	3	3	5	4	5	5	53	2	92	US	R001098	S007622	2026-03-02
3	2	2	2	1	1	4	4	5	5	31	2	94	US	R001099	S008053	2026-02-23
2	2	2	4	3	1	4	2	4	2	21	1	92	US	R001100	S003437	2026-03-03
4	1	2	4	4	1	4	1	3	4	42	1	96	US	R001101	S005526	2026-02-05
4	4	3	4	4	3	2	2	4	5	45	1	80	US	R001102	S003400	2026-02-07
4	2	4	5	3	4	4	5	5	5	35	2	96	US	R001103	S008476	2026-02-28
2	2	4	4	2	2	1	1	4	4	26	2	98	US	R001104	S012114	2026-03-23
5	1	4	5	5	5	3	4	2	1	28	1	96	US	R001105	S009615	2026-02-27
3	1	3	2	1	1	4	4	4	5	29	2	66	US	R001106	S012767	2026-03-06
2	3	3	2	2	1	4	3	2	4	36	2	92	US	R001107	S010915	2026-03-08
5	4	5	5	5	5	3	3	2	4	50	2	73	US	R001108	S006523	2026-03-09
5	2	5	5	5	2	1	2	2	5	48	1	86	US	R001109	S001431	2026-03-15
4	1	3	5	1	2	2	3	3	4	44	1	60	US	R001110	S009226	2026-03-12
4	4	5	4	4	2	1	1	1	1	37	1	87	US	R001111	S001635	2026-02-10
4	5	3	4	2	2	1	1	4	5	45	2	77	US	R001112	S012365	2026-03-27
4	2	5	3	5	2	5	4	4	5	29	1	92	US	R001113	S002160	2026-02-27
4	2	3	5	1	1	1	1	2	4	34	1	74	US	R001114	S004932	2026-03-08
2	3	1	3	2	1	1	3	2	1	44	1	94	US	R001115	S005392	2026-03-22
5	1	5	5	4	5	5	5	5	5	49	1	92	US	R001116	S009593	2026-03-14
4	3	4	5	4	3	5	5	4	5	23	1	87	US	R001117	S006354	2026-02-27
2	2	2	3	2	2	2	2	2	3	42	2	79	US	R001118	S010281	2026-02-20
5	2	2	5	2	1	5	4	5	5	40	2	88	US	R001119	S004142	2026-03-15
4	3	4	5	2	1	2	4	2	5	18	1	77	US	R001120	S002306	2026-03-09
5	5	5	5	5	5	5	4	4	2	31	1	84	US	R001121	S000899	2026-02-17
4	3	1	1	2	1	1	2	2	1	38	1	83	US	R001122	S006189	2026-02-19
3	2	4	4	1	1	2	4	4	2	23	2	73	US	R001123	S003850	2026-02-17
3	2	3	5	3	2	4	1	3	2	46	2	61	US	R001124	S011357	2026-02-10
3	3	4	4	3	2	2	3	2	1	54	1	45	US	R001125	S012167	2026-02-13
4	4	4	5	5	5	3	5	4	5	24	1	83	US	R001126	S005902	2026-02-27
2	5	2	4	2	1	5	5	5	5	56	1	77	US	R001127	S012483	2026-02-28
2	1	3	2	1	2	4	5	4	4	49	1	98	US	R001128	S000785	2026-02-06
4	2	2	2	3	1	4	5	4	2	33	1	88	US	R001129	S002042	2026-03-01
5	5	2	4	3	2	4	4	4	4	39	2	86	US	R001130	S005406	2026-02-15
5	4	4	4	4	2	2	2	4	4	43	1	72	US	R001131	S004083	2026-02-28
1	2	1	4	4	2	1	1	1	4	30	2	83	US	R001132	S000455	2026-02-23
4	3	5	5	5	5	3	5	4	4	18	1	74	US	R001133	S003509	2026-03-16
3	2	1	5	4	1	5	5	5	4	39	1	81	US	R001134	S011782	2026-02-10
4	2	1	5	2	4	5	4	4	5	35	1	79	US	R001135	S012871	2026-02-28
5	3	3	3	4	2	4	4	5	5	22	1	84	US	R001136	S010172	2026-03-01
4	1	1	4	2	2	4	1	2	4	34	2	92	US	R001137	S011754	2026-03-07
2	2	3	5	3	5	1	5	3	2	51	1	79	US	R001138	S004905	2026-03-09
3	2	2	4	3	3	4	5	4	2	44	1	99	US	R001139	S008971	2026-02-14
5	3	2	3	3	2	1	2	3	3	18	2	92	US	R001140	S004955	2026-02-04
5	4	4	4	5	5	5	5	5	5	40	2	88	US	R001141	S006424	2026-02-10
5	5	5	5	5	4	5	5	4	5	21	1	88	US	R001142	S003427	2026-03-14
2	2	1	5	1	4	2	3	3	2	34	2	93	US	R001143	S004851	2026-03-18
3	2	4	5	1	4	2	4	4	2	41	2	85	US	R001144	S007458	2026-03-15
4	4	2	5	3	3	5	4	4	5	40	2	89	US	R001145	S008391	2026-02-06
4	2	5	3	5	4	2	2	1	4	20	2	66	US	R001146	S008684	2026-02-10
4	4	4	4	2	3	3	2	4	4	26	1	68	US	R001147	S005943	2026-03-09
5	2	4	4	2	1	1	1	4	1	37	2	87	US	R001148	S002144	2026-03-06
5	2	5	5	5	3	2	4	3	4	30	1	87	US	R001149	S006832	2026-02-21
4	5	4	5	4	4	3	1	2	2	53	1	94	US	R001150	S008417	2026-02-22
4	3	2	5	1	2	4	4	5	5	30	2	73	US	R001151	S011196	2026-03-08
5	3	3	4	3	3	4	5	4	4	45	1	63	US	R001152	S009846	2026-03-26
4	4	3	5	2	3	4	4	3	2	34	2	99	US	R001153	S000153	2026-02-26
4	4	4	4	4	3	3	1	4	2	18	1	98	US	R001154	S003973	2026-03-10
5	2	2	4	4	3	1	1	2	3	34	2	81	US	R001155	S009061	2026-03-16
4	2	4	3	2	1	3	4	4	4	19	2	89	US	R001156	S012696	2026-02-22
5	1	2	4	4	1	1	4	4	1	31	2	92	US	R001157	S002903	2026-02-03
3	4	2	4	4	2	4	3	4	5	45	1	58	US	R001158	S001897	2026-02-05
2	5	2	5	4	5	4	5	4	2	39	2	72	US	R001159	S007061	2026-02-12
5	3	5	5	3	5	4	3	4	5	45	2	81	US	R001160	S001609	2026-02-22
5	1	5	4	4	5	4	5	4	5	51	1	92	US	R001161	S000727	2026-03-18
2	4	3	5	3	2	2	4	4	4	34	2	83	US	R001162	S012523	2026-02-06
4	2	2	1	1	1	1	1	3	4	33	2	91	US	R001163	S002368	2026-02-27
4	1	3	3	2	2	3	3	3	2	18	1	86	US	R001164	S004788	2026-02-12
4	2	1	5	3	4	3	5	3	5	31	1	95	US	R001165	S007734	2026-02-05
5	4	4	5	4	4	4	4	4	5	41	2	94	US	R001166	S008946	2026-02-27
3	4	4	3	3	2	3	5	2	4	36	1	77	US	R001167	S005216	2026-02-28
4	4	4	5	4	2	1	3	2	4	40	1	74	US	R001168	S004682	2026-02-28
4	2	2	4	2	4	2	4	3	1	59	2	93	US	R001169	S004423	2026-03-24
1	1	2	4	1	1	2	4	5	4	47	1	97	US	R001170	S011249	2026-03-27
5	5	2	2	2	3	5	4	5	5	40	2	94	US	R001171	S006456	2026-03-20
4	3	4	4	2	4	1	2	1	3	42	1	96	US	R001172	S009105	2026-02-14
2	2	4	4	5	3	5	5	5	5	56	2	71	US	R001173	S008365	2026-03-26
2	4	1	3	2	1	3	3	4	5	43	1	85	US	R001174	S004571	2026-02-22
4	1	2	2	2	1	1	2	4	3	23	1	84	US	R001175	S008920	2026-03-01
5	5	4	5	5	3	4	5	4	4	38	1	97	US	R001176	S000264	2026-03-06
5	4	5	5	5	4	4	2	3	4	23	2	85	US	R001177	S005698	2026-02-13
4	4	3	5	5	2	1	4	2	1	26	1	78	US	R001178	S006584	2026-03-16
2	3	1	1	1	1	2	3	2	1	29	2	79	US	R001179	S008049	2026-03-25
4	2	2	4	2	2	2	1	2	5	18	1	99	US	R001180	S009189	2026-02-17
4	4	3	4	3	1	1	4	4	1	33	1	72	US	R001181	S008447	2026-03-23
2	4	3	3	3	2	1	3	2	1	37	1	90	US	R001182	S011046	2026-02-27
5	2	4	3	4	3	2	3	2	3	28	1	56	US	R001183	S009916	2026-03-27
2	2	4	4	2	2	4	4	5	4	40	1	96	US	R001184	S006130	2026-02-19
5	3	4	5	4	2	1	2	1	4	43	1	73	US	R001185	S002646	2026-02-19
5	4	4	5	5	5	5	5	4	5	48	2	67	US	R001186	S009699	2026-02-14
5	5	2	4	3	3	3	4	3	4	22	2	90	US	R001187	S005460	2026-03-06
4	3	5	5	4	1	5	5	4	4	36	2	92	US	R001188	S009499	2026-02-14
2	2	4	4	2	2	2	4	4	4	26	1	98	US	R001189	S001820	2026-03-21
4	3	5	5	5	1	5	3	5	5	40	1	68	US	R001190	S002415	2026-02-02
4	3	4	5	3	4	1	2	5	4	32	1	91	US	R001191	S006133	2026-02-02
3	2	5	2	2	2	4	5	4	5	18	2	76	US	R001192	S008547	2026-02-13
4	2	4	1	3	4	4	4	4	4	38	1	90	US	R001193	S002933	2026-03-18
5	5	5	4	5	2	4	4	4	4	32	1	92	US	R001194	S009124	2026-02-17
1	4	1	5	1	2	1	1	2	4	22	2	89	US	R001195	S009908	2026-03-18
5	3	5	5	4	5	1	3	2	3	29	2	79	US	R001196	S008273	2026-03-03
5	5	5	5	5	5	4	5	4	5	41	1	77	US	R001197	S005985	2026-02-05
4	4	4	4	4	2	3	4	2	3	20	1	91	US	R001198	S006449	2026-02-27
4	1	2	4	5	2	4	3	3	4	45	1	74	US	R001199	S007206	2026-03-16
4	2	3	5	4	5	2	3	5	5	37	1	92	US	R001200	S007790	2026-03-15
3	2	3	2	4	2	5	3	4	4	36	2	61	US	R001201	S012283	2026-02-27
4	1	5	3	2	3	2	5	4	5	18	2	87	US	R001202	S003268	2026-03-08
5	3	4	5	5	2	5	5	5	5	45	1	86	US	R001203	S001631	2026-02-17
4	2	5	5	5	2	5	4	5	5	35	1	77	US	R001204	S003261	2026-02-16
5	3	4	4	4	4	2	4	3	5	50	2	98	US	R001205	S010317	2026-02-09
4	5	4	4	5	4	4	4	4	4	28	2	83	US	R001206	S011245	2026-03-03
2	1	5	1	1	1	1	2	4	5	62	1	93	US	R001207	S007038	2026-02-18
2	2	2	4	2	1	2	5	5	3	51	1	93	US	R001208	S001404	2026-03-22
4	3	2	4	1	2	4	5	4	4	28	2	89	US	R001209	S000078	2026-03-02
4	4	4	5	4	3	4	4	1	5	18	2	66	US	R001210	S007270	2026-02-17
4	3	2	4	5	4	2	4	1	4	33	1	63	US	R001211	S004426	2026-02-23
5	4	4	4	5	2	5	5	5	3	37	2	82	US	R001212	S000507	2026-02-28
5	2	5	2	4	4	4	4	1	5	33	2	70	US	R001213	S000809	2026-03-18
4	2	4	4	5	4	5	5	5	5	31	1	92	US	R001214	S006405	2026-03-05
2	4	5	4	4	5	4	5	4	5	44	2	95	US	R001215	S009527	2026-03-25
4	3	4	5	5	3	2	4	1	1	31	2	84	US	R001216	S012094	2026-03-06
4	5	4	4	4	5	4	4	5	4	28	2	82	US	R001217	S004095	2026-02-27
2	3	2	4	2	1	3	3	4	4	50	2	43	US	R001218	S004725	2026-03-05
4	4	4	5	5	2	5	4	4	5	19	1	91	US	R001219	S008017	2026-03-12
5	4	2	5	4	5	3	4	4	4	24	2	72	US	R001220	S010873	2026-03-01
5	2	4	1	3	3	2	3	2	4	45	1	76	US	R001221	S007690	2026-02-19
3	5	4	5	3	4	3	3	5	4	35	2	64	US	R001222	S009093	2026-02-24
4	2	2	4	2	1	5	3	4	4	19	1	95	US	R001223	S006224	2026-03-12
4	4	3	5	5	5	5	5	4	5	18	1	93	US	R001224	S009772	2026-03-18
2	2	2	2	2	1	1	4	2	2	30	1	98	US	R001225	S002568	2026-02-21
5	5	4	5	4	4	2	2	2	4	35	2	88	US	R001226	S011941	2026-03-01
4	3	5	2	5	4	4	5	5	3	22	2	89	US	R001227	S002295	2026-03-19
4	2	4	5	4	2	4	5	3	4	40	1	93	US	R001228	S007618	2026-02-10
1	1	5	5	4	2	4	4	4	4	44	2	97	US	R001229	S002082	2026-03-20
1	2	1	1	1	1	2	4	3	5	39	2	84	US	R001230	S008809	2026-03-04
2	4	5	5	4	4	4	4	5	5	34	1	93	US	R001231	S000625	2026-03-12
2	5	5	4	3	2	1	4	1	5	29	1	73	US	R001232	S004022	2026-03-19
4	4	5	3	4	2	2	4	4	4	42	2	79	US	R001233	S001929	2026-02-12
5	2	4	4	4	1	1	4	2	4	26	1	74	US	R001234	S002710	2026-02-07
4	1	4	5	4	2	4	3	4	4	49	1	75	US	R001235	S008743	2026-02-26
5	2	2	3	4	2	2	5	2	4	48	2	98	US	R001236	S009833	2026-03-12
4	5	5	5	2	5	5	5	4	4	40	1	100	US	R001237	S010936	2026-02-08
2	4	4	4	2	2	4	3	2	5	41	2	100	US	R001238	S011986	2026-03-15
5	3	3	5	2	2	2	2	4	3	37	1	80	US	R001239	S007011	2026-02-14
3	4	5	5	5	1	4	3	4	4	35	1	94	US	R001240	S007046	2026-03-14
5	5	4	5	3	4	4	5	5	5	18	1	93	US	R001241	S007657	2026-02-05
2	3	5	4	4	2	5	4	5	5	35	1	66	US	R001242	S004511	2026-03-02
4	1	3	5	4	2	4	2	5	4	18	1	87	US	R001243	S004818	2026-02-03
4	2	3	5	4	2	1	1	1	4	18	2	94	US	R001244	S005712	2026-03-02
3	4	4	4	2	5	2	3	4	5	36	2	85	US	R001245	S009894	2026-02-26
5	5	5	4	5	5	2	4	2	2	41	1	55	US	R001246	S002743	2026-03-26
4	4	2	5	2	2	4	3	4	5	18	2	93	US	R001247	S007195	2026-02-24
4	4	5	5	2	4	5	4	4	5	22	2	82	US	R001248	S006079	2026-03-22
4	4	4	5	5	2	2	4	2	4	29	1	86	US	R001249	S005440	2026-03-03
5	2	4	4	2	4	3	4	4	3	38	1	90	US	R001250	S011864	2026-03-16
4	5	1	2	3	3	4	2	4	3	28	2	87	US	R001251	S011261	2026-02-14
4	5	3	5	2	4	4	4	5	4	36	1	69	US	R001252	S009549	2026-03-22
4	4	4	4	4	3	5	5	5	4	53	1	73	US	R001253	S006156	2026-02-26
2	4	1	2	1	1	2	2	4	4	40	2	55	US	R001254	S004970	2026-02-02
5	2	2	4	3	3	2	2	4	5	65	2	77	US	R001255	S010266	2026-02-08
5	5	4	5	5	2	4	2	4	4	65	2	75	US	R001256	S009923	2026-03-14
4	5	2	2	5	4	2	4	4	5	39	1	93	US	R001257	S005026	2026-03-09
3	2	2	5	3	1	2	2	4	2	34	1	84	US	R001258	S001643	2026-02-26
1	1	3	5	2	2	4	5	5	4	51	1	78	US	R001259	S004694	2026-02-28
3	2	4	5	2	2	1	1	4	3	28	1	88	US	R001260	S000562	2026-02-19
2	1	4	5	3	2	5	3	4	5	40	1	94	US	R001261	S005765	2026-03-05
3	2	4	4	5	4	2	2	4	5	39	2	93	US	R001262	S010838	2026-02-25
3	3	3	1	2	2	2	1	4	4	20	2	97	US	R001263	S000769	2026-02-13
4	1	3	5	4	2	4	5	5	5	46	1	81	US	R001264	S002021	2026-03-12
5	4	5	5	5	5	4	5	4	3	33	1	85	US	R001265	S003556	2026-02-16
5	2	5	4	5	5	2	4	3	5	31	1	86	US	R001266	S005066	2026-03-18
5	2	4	4	4	4	2	2	4	4	53	1	84	US	R001267	S009815	2026-03-15
4	5	3	5	4	1	5	5	4	3	18	1	98	US	R001268	S007822	2026-02-17
3	5	4	4	2	4	2	1	2	4	41	2	96	US	R001269	S011359	2026-02-28
3	2	1	3	1	1	4	4	3	5	43	1	78	US	R001270	S008734	2026-03-12
2	2	2	4	4	1	4	3	3	4	45	2	88	US	R001271	S005903	2026-03-20
4	4	5	5	5	5	4	5	4	5	35	1	93	US	R001272	S003705	2026-02-08
5	3	4	4	5	2	2	4	2	3	58	1	84	US	R001273	S006811	2026-03-09
5	2	5	5	5	5	1	2	1	4	45	1	74	US	R001274	S003445	2026-02-14
5	2	5	5	4	5	4	5	4	4	26	2	61	US	R001275	S011084	2026-02-17
4	4	5	4	4	5	4	5	4	3	37	1	70	US	R001276	S008040	2026-02-24
4	1	2	2	1	1	4	2	3	4	26	2	86	US	R001277	S006154	2026-02-27
4	2	2	4	2	2	5	4	5	5	21	2	69	US	R001278	S010002	2026-03-15
4	2	3	4	4	3	2	4	4	5	38	1	77	US	R001279	S001961	2026-03-15
5	3	2	4	3	1	1	2	2	4	52	2	85	US	R001280	S007682	2026-03-20
2	2	3	5	4	4	5	2	4	3	61	2	96	US	R001281	S010503	2026-03-06
4	5	3	4	4	4	3	5	5	2	55	2	93	US	R001282	S007481	2026-02-16
4	2	3	4	5	5	5	5	5	5	35	1	83	US	R001283	S002930	2026-02-11
4	1	2	4	2	1	1	3	3	4	32	1	87	US	R001284	S003136	2026-02-05
5	3	2	4	3	2	4	4	5	4	38	2	87	US	R001285	S002270	2026-02-13
2	4	4	3	3	2	1	1	1	4	24	1	61	US	R001286	S001103	2026-03-01
5	1	2	3	4	3	3	5	4	5	54	1	98	US	R001287	S005890	2026-03-22
4	2	5	3	2	1	1	1	1	3	27	1	74	US	R001288	S000724	2026-03-27
3	4	1	4	1	3	4	5	2	5	32	2	89	US	R001289	S006091	2026-03-10
3	2	3	4	4	3	1	2	2	3	33	2	85	US	R001290	S010204	2026-02-28
5	3	5	5	5	3	3	4	4	5	32	2	82	US	R001291	S002619	2026-03-17
5	4	3	5	4	5	4	3	2	2	42	1	87	US	R001292	S002482	2026-02-15
2	3	4	4	4	3	3	5	4	4	30	2	90	US	R001293	S003808	2026-02-21
5	2	2	4	4	2	2	2	4	4	48	1	98	US	R001294	S012939	2026-03-02
2	2	2	4	1	1	1	3	3	2	36	2	99	US	R001295	S004924	2026-03-03
5	2	4	4	4	1	5	5	4	4	42	1	95	US	R001296	S001011	2026-03-03
4	2	4	4	4	3	5	5	5	4	27	1	87	US	R001297	S005583	2026-02-12
5	2	4	2	3	3	5	5	4	4	18	2	80	US	R001298	S009739	2026-02-21
4	4	2	3	5	1	1	4	1	2	29	1	71	US	R001299	S000259	2026-03-10
5	1	2	2	3	2	2	2	3	4	50	1	56	US	R001300	S003157	2026-02-23
4	3	2	3	4	2	2	5	3	4	23	1	90	US	R001301	S003304	2026-03-10
5	2	2	3	4	3	1	2	2	2	32	2	99	US	R001302	S011086	2026-03-05
5	2	4	5	4	1	3	4	2	4	53	1	78	US	R001303	S006087	2026-02-03
5	2	5	5	4	4	5	2	5	3	46	1	93	US	R001304	S001638	2026-03-08
4	3	3	4	4	2	3	2	3	4	31	1	93	US	R001305	S000492	2026-03-10
3	3	2	4	1	1	1	1	2	4	25	2	79	US	R001306	S002439	2026-02-06
4	2	5	4	3	1	2	2	4	5	26	1	90	US	R001307	S009620	2026-03-01
3	1	1	4	1	1	1	1	1	2	61	2	97	US	R001308	S008593	2026-03-27
4	5	4	4	5	2	4	5	3	5	34	2	93	US	R001309	S007987	2026-02-17
2	2	4	5	5	4	5	4	5	5	25	2	85	US	R001310	S012255	2026-02-06
4	2	2	2	1	3	1	2	4	4	34	1	74	US	R001311	S009585	2026-03-13
5	4	4	4	2	3	4	2	4	3	46	1	93	US	R001312	S007352	2026-02-27
3	2	2	4	4	2	1	3	2	3	42	1	77	US	R001313	S002291	2026-02-04
4	4	2	4	4	1	4	3	4	4	46	2	61	US	R001314	S001466	2026-03-14
5	2	3	4	3	2	1	2	4	2	29	1	91	US	R001315	S004178	2026-03-21
4	3	4	5	5	5	2	2	2	2	30	1	95	US	R001316	S012805	2026-03-14
3	4	1	5	2	2	4	3	5	5	48	2	69	US	R001317	S010797	2026-03-02
3	2	2	4	2	2	5	5	5	4	23	1	76	US	R001318	S000469	2026-02-27
5	4	4	5	4	4	4	2	5	5	32	2	90	US	R001319	S007218	2026-03-21
4	3	3	3	1	1	4	3	3	4	22	1	93	US	R001320	S003079	2026-03-14
4	2	4	5	4	4	5	5	5	5	31	1	94	US	R001321	S010282	2026-03-23
5	2	5	4	5	2	3	5	4	4	43	1	87	US	R001322	S009955	2026-02-07
3	3	4	5	2	2	2	3	5	5	28	2	84	US	R001323	S006161	2026-02-13
4	4	2	5	4	2	4	2	5	5	38	1	77	US	R001324	S007516	2026-02-12
2	2	3	3	2	1	2	2	4	3	37	1	81	US	R001325	S011318	2026-02-15
2	5	3	5	3	5	4	5	5	4	48	2	90	US	R001326	S003931	2026-02-04
3	4	4	5	4	4	4	4	4	5	20	2	93	US	R001327	S006557	2026-03-09
2	2	4	5	3	5	5	3	4	4	33	2	99	US	R001328	S000084	2026-02-03
4	5	5	2	3	4	4	5	5	5	27	1	96	US	R001329	S007921	2026-02-28
4	2	3	4	3	2	5	5	5	5	52	2	80	US	R001330	S007636	2026-02-10
1	4	1	4	4	1	2	4	3	2	37	2	91	US	R001331	S005189	2026-03-03
3	5	1	2	4	1	3	4	4	5	53	1	92	US	R001332	S004294	2026-03-03
5	2	5	5	4	5	5	5	5	5	42	2	88	US	R001333	S006471	2026-02-22
4	2	4	5	4	1	4	4	5	4	21	2	79	US	R001334	S006406	2026-03-07
4	3	5	5	4	3	4	4	4	5	18	1	96	US	R001335	S006288	2026-02-10
4	5	2	1	3	2	1	2	2	1	26	2	96	US	R001336	S011821	2026-02-04
4	5	4	3	5	3	4	4	4	3	34	1	93	US	R001337	S005528	2026-02-05
5	2	4	4	5	5	2	4	4	3	26	1	95	US	R001338	S011779	2026-02-23
5	2	4	5	3	1	2	3	2	4	29	1	83	US	R001339	S009660	2026-02-07
4	3	4	5	3	2	5	4	4	5	32	1	89	US	R001340	S005428	2026-02-06
3	2	4	4	5	5	5	4	4	5	41	2	86	US	R001341	S003559	2026-03-15
4	1	3	5	2	2	4	4	5	5	31	2	86	US	R001342	S010817	2026-03-22
3	1	2	2	1	2	1	3	1	1	44	1	71	US	R001343	S002442	2026-02-18
5	4	4	4	5	4	4	5	5	5	27	2	80	US	R001344	S012160	2026-03-17
5	4	5	4	5	3	3	3	5	4	44	1	91	US	R001345	S002044	2026-02-17
4	1	1	3	1	1	2	4	2	1	30	1	94	US	R001346	S004055	2026-02-02
4	2	4	5	4	3	1	4	4	4	39	2	82	US	R001347	S000543	2026-02-12
4	5	5	5	2	4	5	5	5	4	33	1	98	US	R001348	S000167	2026-03-19
4	4	5	5	5	5	4	3	2	4	34	1	84	US	R001349	S000055	2026-03-24
4	2	4	5	3	3	2	3	4	3	26	2	87	US	R001350	S007621	2026-02-15
5	2	5	4	4	2	2	4	4	4	42	2	91	US	R001351	S005045	2026-02-06
2	1	2	5	4	1	2	3	2	2	20	1	86	US	R001352	S000636	2026-02-28
5	4	4	5	5	5	2	3	4	4	37	1	83	US	R001353	S007080	2026-02-05
3	1	3	5	4	4	3	4	5	4	51	1	58	US	R001354	S003660	2026-03-25
5	3	3	3	2	2	5	4	5	5	29	1	94	US	R001355	S005385	2026-03-01
5	2	2	3	3	2	4	5	4	5	18	1	94	US	R001356	S005611	2026-02-08
4	1	2	4	2	1	5	4	5	5	22	1	82	US	R001357	S001154	2026-02-19
4	4	1	3	1	2	4	3	3	4	52	2	84	US	R001358	S005417	2026-02-11
5	4	4	5	5	5	5	3	4	4	52	1	72	US	R001359	S000576	2026-03-17
5	2	5	4	3	5	5	4	3	2	24	1	94	US	R001360	S011759	2026-02-28
4	4	4	5	4	2	1	4	3	5	37	1	89	US	R001361	S011239	2026-03-01
4	2	3	5	5	3	4	4	4	4	29	2	90	US	R001362	S004085	2026-02-24
4	2	2	4	2	4	5	4	5	4	48	2	93	US	R001363	S006180	2026-03-05
4	2	5	5	5	1	4	4	5	4	33	1	91	US	R001364	S002753	2026-03-17
3	1	4	5	4	2	4	4	5	5	28	1	74	US	R001365	S007494	2026-03-14
4	2	3	4	2	2	4	4	2	2	22	1	73	US	R001366	S005763	2026-03-21
4	2	1	2	2	3	3	3	4	4	18	2	94	US	R001367	S006033	2026-03-08
3	5	3	5	4	3	4	4	4	5	18	1	59	US	R001368	S001841	2026-03-05
5	2	3	5	4	3	2	4	5	4	28	1	97	US	R001369	S008207	2026-03-15
1	4	4	4	4	2	5	4	4	5	23	1	73	US	R001370	S008758	2026-03-22
3	2	2	4	2	2	1	2	2	2	41	2	82	US	R001371	S006785	2026-02-14
5	5	4	5	5	2	4	2	5	4	38	2	88	US	R001372	S002843	2026-02-13
5	1	4	1	2	2	5	3	4	5	42	1	91	US	R001373	S005253	2026-03-23
5	2	5	5	4	1	4	4	4	1	46	1	96	US	R001374	S011783	2026-02-04
5	3	4	5	5	4	4	4	3	3	45	1	73	US	R001375	S002987	2026-03-01
5	2	2	5	2	2	1	1	3	4	20	2	94	US	R001376	S002737	2026-02-25
5	2	4	4	3	5	5	4	4	5	26	1	96	US	R001377	S003148	2026-02-20
5	4	4	4	5	5	2	4	3	5	39	1	96	US	R001378	S001143	2026-02-11
2	5	4	5	1	1	4	1	3	5	35	1	91	US	R001379	S004248	2026-02-05
4	2	3	4	5	4	4	5	5	4	38	1	67	US	R001380	S008678	2026-02-04
4	2	4	5	2	4	2	2	3	4	30	1	92	US	R001381	S003946	2026-02-25
5	3	5	4	2	4	2	2	3	3	45	1	73	US	R001382	S006515	2026-02-22
4	2	4	5	2	1	4	5	4	4	30	1	48	US	R001383	S000752	2026-02-09
4	2	5	4	3	3	2	3	2	4	44	1	92	US	R001384	S001957	2026-02-06
3	4	2	5	3	2	1	2	4	4	35	1	81	US	R001385	S003707	2026-03-07
4	2	3	4	1	3	3	4	4	4	45	1	96	US	R001386	S007580	2026-03-25
5	3	4	5	5	4	4	5	3	4	35	2	79	US	R001387	S004353	2026-03-20
5	5	5	5	5	4	5	5	4	5	21	1	88	US	R001388	S000900	2026-02-06
4	5	3	4	5	2	3	2	3	4	50	2	78	US	R001389	S005135	2026-02-02
3	5	5	3	3	4	2	5	4	2	37	1	84	US	R001390	S004504	2026-03-25
4	1	5	5	4	3	5	5	5	5	30	2	70	US	R001391	S007595	2026-03-15
5	3	5	5	5	2	4	4	4	4	48	2	96	US	R001392	S000312	2026-02-06
5	5	5	5	5	5	5	5	5	5	35	2	84	US	R001393	S008865	2026-02-06
4	4	5	5	5	5	4	3	4	5	28	2	78	US	R001394	S002965	2026-02-22
3	4	2	4	1	2	4	5	3	3	18	1	76	US	R001395	S008880	2026-03-08
4	1	3	4	1	1	4	3	4	4	40	1	78	US	R001396	S000485	2026-02-19
5	2	3	5	2	2	2	2	4	4	37	1	99	US	R001397	S006398	2026-02-13
4	1	2	4	3	1	4	4	5	5	21	1	79	US	R001398	S006778	2026-03-22
5	4	4	4	3	2	2	1	4	4	47	2	91	US	R001399	S003145	2026-03-05
3	4	4	5	4	1	4	4	4	4	35	1	76	US	R001400	S003094	2026-02-14
4	3	2	2	2	3	2	4	4	4	30	2	86	US	R001401	S007651	2026-02-05
5	2	4	4	4	3	4	1	4	4	42	2	98	US	R001402	S003565	2026-02-26
4	2	4	5	4	4	5	5	5	5	31	1	94	US	R001403	S008816	2026-03-12
2	2	1	4	2	1	3	4	4	4	22	1	96	US	R001404	S003731	2026-03-04
4	3	4	4	2	2	5	4	5	4	48	2	71	US	R001405	S004192	2026-03-05
5	5	2	2	4	2	4	5	4	3	51	1	73	US	R001406	S003045	2026-03-23
4	1	4	4	2	1	4	3	2	1	45	1	97	US	R001407	S002137	2026-02-16
5	3	2	5	4	2	5	4	5	4	44	1	99	US	R001408	S005157	2026-02-23
4	1	4	5	2	4	5	4	4	5	64	2	82	US	R001409	S008849	2026-03-16
5	2	5	5	3	5	2	2	2	5	32	2	78	US	R001410	S002408	2026-02-17
4	4	4	4	4	2	2	4	4	4	47	2	95	US	R001411	S012854	2026-02-03
3	2	4	3	4	3	2	4	2	1	27	1	89	US	R001412	S009028	2026-03-03
2	1	1	2	2	2	1	1	2	1	31	1	74	US	R001413	S012818	2026-03-02
4	3	1	2	2	2	4	5	4	3	46	1	93	US	R001414	S008242	2026-03-20
1	1	1	1	1	1	2	4	4	4	29	2	88	US	R001415	S005071	2026-03-16
4	4	4	5	5	5	5	5	4	5	36	2	73	US	R001416	S006071	2026-02-02
5	5	2	5	4	4	1	4	1	5	46	1	86	US	R001417	S009432	2026-03-23
3	1	4	5	2	3	4	4	2	3	51	2	74	US	R001418	S005538	2026-03-05
4	2	3	4	2	2	3	3	2	5	18	2	95	US	R001419	S010532	2026-03-03
2	5	2	4	2	1	4	4	4	5	63	2	93	US	R001420	S008559	2026-02-14
5	5	2	4	5	1	4	1	3	3	25	2	85	US	R001421	S004110	2026-03-02
4	2	5	5	5	3	3	4	4	4	27	2	72	US	R001422	S008541	2026-03-08
3	4	1	4	1	4	2	2	4	4	18	2	87	US	R001423	S000810	2026-03-15
3	4	4	4	4	1	4	4	4	1	38	1	92	US	R001424	S004273	2026-02-25
4	2	5	5	5	5	5	4	4	4	30	1	55	US	R001425	S000723	2026-03-02
4	3	3	4	2	1	2	3	3	4	26	2	83	US	R001426	S006816	2026-03-09
4	3	3	4	2	3	4	1	2	4	27	1	82	US	R001427	S011320	2026-02-13
5	3	4	5	5	2	4	5	3	4	22	1	80	US	R001428	S003093	2026-02-22
4	2	4	5	3	2	4	4	4	5	58	1	90	US	R001429	S012072	2026-03-14
5	5	4	5	4	5	4	4	4	4	40	2	88	US	R001430	S012859	2026-03-17
2	2	2	2	1	1	2	5	4	3	48	1	96	US	R001431	S006869	2026-03-24
4	3	4	5	4	3	5	5	4	5	23	1	87	US	R001432	S001591	2026-03-17
4	2	4	5	5	4	4	5	5	5	46	2	90	US	R001433	S012808	2026-03-25
5	4	5	5	5	5	4	5	1	2	25	1	77	US	R001434	S005778	2026-02-14
4	3	4	5	2	2	1	2	2	4	33	1	81	US	R001435	S009914	2026-03-02
3	3	3	4	2	3	4	3	3	2	29	1	78	US	R001436	S006744	2026-03-25
3	2	5	5	5	4	4	4	4	5	51	1	100	US	R001437	S006286	2026-03-08
4	4	4	5	5	2	4	3	5	5	26	1	85	US	R001438	S005810	2026-03-22
4	2	3	3	3	4	2	2	2	2	38	1	76	US	R001439	S011453	2026-03-01
2	2	2	5	4	2	4	3	4	4	52	1	73	US	R001440	S004572	2026-03-06
3	4	4	5	2	2	4	5	4	4	45	1	95	US	R001441	S004889	2026-02-09
5	3	4	5	5	5	4	4	5	5	30	2	79	US	R001442	S012496	2026-02-06
4	3	2	4	4	4	4	2	4	2	33	1	91	US	R001443	S011681	2026-03-16
4	3	2	2	4	4	2	4	2	2	25	1	85	US	R001444	S010432	2026-03-07
2	3	1	4	2	1	2	4	4	3	28	2	99	US	R001445	S007590	2026-02-12
4	3	4	5	4	3	4	2	2	4	43	1	44	US	R001446	S010462	2026-03-16
3	5	4	4	3	2	2	3	4	4	46	1	100	US	R001447	S004151	2026-02-19
4	4	5	4	4	5	5	3	4	5	52	1	82	US	R001448	S003785	2026-02-18
4	4	2	4	1	1	1	2	2	2	40	1	69	US	R001449	S010681	2026-02-11
2	3	3	5	2	1	5	5	5	5	37	1	62	US	R001450	S005444	2026-03-04
5	2	4	5	4	4	5	5	5	5	41	1	93	US	R001451	S006582	2026-02-27
4	3	2	3	3	2	2	1	3	5	22	1	92	US	R001452	S000830	2026-03-01
4	1	4	5	4	2	2	3	2	2	47	2	76	US	R001453	S005349	2026-02-20
4	1	5	5	3	2	4	3	3	4	37	2	93	US	R001454	S001442	2026-02-05
4	5	5	5	5	5	5	4	5	5	35	1	72	US	R001455	S001914	2026-02-06
5	2	4	4	4	2	1	1	1	4	36	1	88	US	R001456	S005919	2026-03-03
2	2	1	4	3	1	1	1	1	3	53	2	87	US	R001457	S002880	2026-02-28
1	2	1	3	2	1	3	1	3	4	32	2	93	US	R001458	S010814	2026-03-05
2	4	2	3	2	2	3	4	4	4	47	2	73	US	R001459	S008356	2026-02-22
5	3	2	3	4	4	3	4	5	5	37	2	78	US	R001460	S012070	2026-02-06
5	2	1	2	2	4	5	1	4	3	34	1	73	US	R001461	S005657	2026-02-09
5	2	5	4	4	4	5	5	5	5	34	2	91	US	R001462	S012763	2026-02-11
5	3	3	4	3	2	4	4	4	4	28	2	89	US	R001463	S010844	2026-02-19
4	5	5	5	4	4	4	4	3	2	45	2	89	US	R001464	S007672	2026-02-20
3	4	3	4	2	2	3	5	4	5	39	1	81	US	R001465	S005277	2026-03-02
4	2	4	4	4	4	4	5	2	4	68	1	73	US	R001466	S010459	2026-03-14
4	4	2	4	1	1	4	5	3	5	18	1	65	US	R001467	S012161	2026-03-01
4	4	2	3	3	2	3	5	4	4	18	2	67	US	R001468	S007040	2026-03-02
4	4	2	4	4	2	4	4	4	5	24	2	86	US	R001469	S010885	2026-02-07
4	5	5	5	4	3	4	4	4	5	27	1	70	US	R001470	S012166	2026-02-19
5	2	2	4	5	3	4	4	5	4	48	1	92	US	R001471	S005404	2026-03-06
5	2	3	3	2	4	3	5	4	5	39	2	90	US	R001472	S011078	2026-03-17
4	4	5	5	4	5	4	5	4	5	38	1	96	US	R001473	S003900	2026-03-04
5	2	2	3	1	2	4	5	2	5	30	2	80	US	R001474	S003115	2026-03-13
5	2	3	4	3	2	2	2	3	2	46	1	91	US	R001475	S003803	2026-03-01
4	4	1	4	4	1	2	2	3	4	22	1	96	US	R001476	S008643	2026-02-20
5	5	5	5	5	5	5	2	4	3	33	2	97	US	R001477	S008348	2026-03-19
4	4	5	5	5	5	5	4	4	2	26	2	93	US	R001478	S010649	2026-03-23
5	4	3	4	4	4	3	1	2	3	20	2	85	US	R001479	S012946	2026-03-25
5	4	5	5	4	2	2	4	5	4	47	2	75	US	R001480	S011451	2026-02-06
3	2	2	4	4	2	2	4	2	2	37	1	90	US	R001481	S000003	2026-02-18
5	2	1	5	3	3	4	5	5	4	31	1	83	US	R001482	S006681	2026-03-06
2	2	1	5	5	5	2	2	2	4	36	2	55	US	R001483	S009033	2026-03-01
4	4	2	5	4	4	5	4	5	5	42	2	89	US	R001484	S003117	2026-02-24
4	2	2	3	3	2	2	4	2	1	31	2	71	US	R001485	S002533	2026-03-19
5	3	2	4	1	1	4	2	5	5	40	1	91	US	R001486	S003006	2026-03-07
5	2	3	5	4	3	3	3	1	3	25	1	98	US	R001487	S009005	2026-03-01
4	2	4	1	1	3	2	4	5	4	22	1	72	US	R001488	S003861	2026-02-27
2	1	2	4	2	1	3	4	4	5	38	2	86	US	R001489	S011727	2026-02-24
4	4	2	3	4	2	4	4	5	3	54	1	63	US	R001490	S007361	2026-02-17
5	3	5	5	5	4	4	4	2	3	45	2	95	US	R001491	S003877	2026-02-19
5	3	5	5	5	3	4	5	4	4	18	1	91	US	R001492	S003650	2026-03-18
4	2	3	4	1	2	4	4	4	4	24	2	75	US	R001493	S003399	2026-02-26
2	2	2	4	2	1	3	5	4	5	47	2	72	US	R001494	S003831	2026-03-19
2	2	2	4	2	5	3	4	4	5	43	2	91	US	R001495	S002670	2026-02-23
5	4	5	5	5	5	4	5	4	5	38	1	60	US	R001496	S008719	2026-02-09
5	4	4	5	4	1	2	4	2	4	26	1	59	US	R001497	S011532	2026-03-09
4	2	2	4	4	1	1	2	4	4	40	2	97	US	R001498	S004782	2026-03-05
2	1	4	1	4	2	2	2	2	3	21	1	80	US	R001499	S012447	2026-02-07
5	3	4	3	4	2	4	4	4	5	31	1	82	US	R001500	S008529	2026-02-13
5	3	3	4	3	4	3	5	5	5	31	1	67	US	R001501	S010456	2026-03-08
4	5	5	4	4	3	2	5	4	3	35	1	59	US	R001502	S008217	2026-02-23
2	3	2	3	2	1	2	1	4	2	39	2	87	US	R001503	S007711	2026-02-04
5	4	4	5	4	4	4	5	5	4	56	2	88	US	R001504	S001945	2026-03-22
4	1	1	1	1	1	1	3	2	3	46	1	88	US	R001505	S009711	2026-03-16
5	2	4	5	4	5	3	5	4	4	30	2	81	US	R001506	S001436	2026-02-08
4	4	4	5	5	5	5	5	4	2	34	2	51	US	R001507	S005986	2026-03-20
5	3	4	4	4	2	2	4	4	5	26	2	87	US	R001508	S010446	2026-02-09
5	2	1	3	4	4	4	4	4	5	27	2	90	US	R001509	S002705	2026-03-22
3	4	3	3	2	1	3	4	3	3	18	1	84	US	R001510	S009852	2026-03-16
5	1	5	5	3	4	4	4	4	3	37	1	85	US	R001511	S002766	2026-02-08
4	2	2	4	5	1	5	1	4	5	36	2	73	US	R001512	S006752	2026-03-21
3	3	2	3	1	1	1	2	3	5	42	1	79	US	R001513	S010851	2026-02-12
3	4	3	4	2	2	4	4	2	5	40	1	91	US	R001514	S010715	2026-03-12
5	4	5	5	5	5	4	5	4	4	31	1	95	US	R001515	S000904	2026-03-13
4	2	2	3	2	1	2	3	2	2	29	2	76	US	R001516	S002058	2026-03-06
4	3	5	4	4	4	4	4	4	5	29	1	84	US	R001517	S006365	2026-03-11
4	5	2	4	4	2	2	2	2	3	34	1	95	US	R001518	S002729	2026-02-18
4	2	2	2	2	1	2	3	3	4	35	2	74	US	R001519	S011751	2026-03-24
4	2	4	5	3	4	5	5	3	4	52	2	56	US	R001520	S002346	2026-02-02
3	4	2	3	1	1	4	2	2	5	55	1	76	US	R001521	S012895	2026-03-05
1	1	1	3	2	4	1	2	1	4	27	1	92	US	R001522	S006432	2026-02-28
4	3	2	2	1	2	3	4	5	3	18	2	78	US	R001523	S005575	2026-02-21
2	3	2	5	2	4	2	2	2	2	37	1	77	US	R001524	S000593	2026-02-05
4	5	4	4	3	2	2	2	3	4	33	2	58	US	R001525	S008891	2026-03-10
5	2	4	5	2	2	2	2	3	4	47	1	98	US	R001526	S009089	2026-03-24
4	1	4	4	3	2	4	4	4	5	18	1	86	US	R001527	S000379	2026-02-06
4	1	2	5	3	3	4	5	4	5	26	1	99	US	R001528	S012244	2026-03-27
3	2	2	4	2	2	2	2	2	4	31	2	76	US	R001529	S007722	2026-02-22
2	2	1	3	1	1	3	5	4	4	40	2	91	US	R001530	S002555	2026-02-02
4	3	4	4	2	2	1	2	2	4	28	2	96	US	R001531	S008570	2026-03-24
4	2	4	5	4	5	4	4	5	4	41	1	89	US	R001532	S008781	2026-03-11
4	2	3	5	4	2	4	4	4	5	28	2	74	US	R001533	S011024	2026-03-02
4	5	3	5	4	2	3	3	4	5	30	2	90	US	R001534	S000693	2026-02-07
5	5	4	4	2	2	1	4	2	4	47	1	87	US	R001535	S000284	2026-03-18
5	3	4	4	5	3	4	4	4	4	20	1	93	US	R001536	S010818	2026-02-28
4	2	4	5	2	1	4	3	5	5	38	1	87	US	R001537	S009091	2026-02-28
2	3	4	4	1	2	1	4	3	5	40	1	95	US	R001538	S007510	2026-03-01
5	3	5	5	3	4	5	5	5	5	55	2	46	US	R001539	S008000	2026-02-19
3	2	4	5	3	5	4	2	4	4	33	1	89	US	R001540	S012328	2026-03-05
5	2	1	2	2	1	2	5	4	1	39	1	58	US	R001541	S008448	2026-03-17
5	4	4	5	3	4	2	3	3	5	34	1	85	US	R001542	S001446	2026-02-08
1	2	2	4	2	2	5	2	5	5	38	1	83	US	R001543	S004956	2026-02-28
5	3	4	5	4	4	3	4	3	5	32	2	93	US	R001544	S008145	2026-02-05
2	2	2	1	1	1	3	4	4	3	39	2	91	US	R001545	S010527	2026-02-11
3	2	4	3	1	1	4	4	2	5	22	2	68	US	R001546	S003278	2026-03-23
2	1	3	5	4	3	2	1	2	4	41	1	90	US	R001547	S000587	2026-02-14
5	1	3	4	2	3	3	3	2	5	58	1	55	US	R001548	S012673	2026-02-18
4	1	4	3	4	3	1	3	2	4	32	1	58	US	R001549	S012651	2026-03-04
2	2	1	5	2	1	1	5	4	4	18	1	58	US	R001550	S003523	2026-03-26
5	1	5	5	4	5	2	4	4	2	36	2	96	US	R001551	S010801	2026-03-27
2	2	1	4	2	1	1	2	4	4	38	1	93	US	R001552	S012420	2026-02-24
4	4	3	4	4	4	5	5	5	5	21	1	74	US	R001553	S011440	2026-03-16
5	4	5	5	5	5	4	4	5	4	48	2	90	US	R001554	S010115	2026-03-05
2	2	2	2	3	4	5	3	3	5	33	1	98	US	R001555	S007192	2026-03-22
5	2	5	4	4	2	4	4	4	3	26	2	86	US	R001556	S002929	2026-02-08
4	2	5	4	5	5	3	5	4	4	29	1	95	US	R001557	S000414	2026-03-26
5	4	1	4	4	1	3	2	5	5	18	2	65	US	R001558	S003989	2026-03-14
3	2	2	2	2	1	2	1	4	4	20	1	94	US	R001559	S000282	2026-03-21
1	5	2	5	1	1	2	2	2	5	52	2	81	US	R001560	S000073	2026-02-10
5	3	2	4	3	1	3	4	2	4	51	1	72	US	R001561	S005328	2026-03-15
3	3	2	3	1	4	4	3	3	4	29	2	73	US	R001562	S009806	2026-02-22
4	2	4	4	4	1	3	5	4	5	41	1	95	US	R001563	S012135	2026-03-26
4	2	4	5	5	4	5	4	4	5	34	1	87	US	R001564	S008903	2026-03-22
4	5	5	5	4	3	5	4	4	4	18	1	86	US	R001565	S008773	2026-02-15
5	3	4	4	4	4	4	3	2	4	50	2	80	US	R001566	S001004	2026-02-22
3	2	4	5	3	2	3	3	3	2	23	2	89	US	R001567	S005487	2026-02-17
2	2	4	4	4	4	2	3	4	3	24	1	99	US	R001568	S006824	2026-02-14
5	4	5	5	5	3	5	5	5	5	36	1	87	US	R001569	S002214	2026-03-16
4	1	4	5	2	2	4	2	5	4	31	1	67	US	R001570	S009013	2026-03-01
3	2	4	4	3	4	4	5	4	2	42	1	90	US	R001571	S012656	2026-03-17
4	5	5	5	4	2	3	2	3	4	28	1	68	US	R001572	S001655	2026-02-12
4	2	3	5	2	4	4	1	4	4	57	1	94	US	R001573	S011605	2026-03-16
3	1	1	5	4	1	3	5	4	4	43	1	96	US	R001574	S012063	2026-03-11
3	1	3	3	4	2	4	4	4	3	29	1	84	US	R001575	S001302	2026-02-17
5	4	4	4	4	5	4	4	4	5	21	2	85	US	R001576	S000491	2026-03-18
4	2	2	2	2	2	4	2	4	4	51	2	86	US	R001577	S003309	2026-02-19
4	2	5	1	4	2	4	4	4	2	53	1	93	US	R001578	S005768	2026-03-25
5	1	4	4	4	4	4	5	5	4	18	1	97	US	R001579	S006276	2026-02-28
1	2	2	4	2	1	4	1	3	5	37	2	98	US	R001580	S005715	2026-03-23
3	3	5	5	3	4	4	4	2	4	23	1	87	US	R001581	S006096	2026-03-17
4	3	3	5	2	2	1	2	4	5	28	2	94	US	R001582	S007769	2026-03-05
5	5	4	4	3	2	4	2	3	2	28	1	100	US	R001583	S011127	2026-03-20
3	2	4	5	3	3	1	2	4	2	44	1	64	US	R001584	S002357	2026-02-14
3	2	4	2	4	3	1	1	4	1	28	2	100	US	R001585	S008550	2026-03-11
4	4	4	4	2	2	4	2	4	4	26	1	95	US	R001586	S010020	2026-02-19
5	4	5	5	5	5	3	5	4	3	44	2	95	US	R001587	S001845	2026-03-20
5	3	3	4	2	1	2	5	4	5	42	2	78	US	R001588	S005629	2026-02-15
5	3	5	5	4	3	1	4	2	1	38	1	64	US	R001589	S002257	2026-02-16
3	1	2	5	2	4	2	2	4	5	36	1	78	US	R001590	S001515	2026-02-24
5	4	3	5	5	2	4	5	5	5	26	1	72	US	R001591	S008188	2026-03-06
2	2	2	3	4	4	1	5	4	2	48	2	80	US	R001592	S007532	2026-03-15
4	1	2	5	2	4	3	4	5	5	26	2	90	US	R001593	S007496	2026-03-20
2	2	3	2	1	2	4	4	5	5	29	1	78	US	R001594	S011835	2026-03-13
4	4	3	5	2	4	2	4	2	4	18	1	84	US	R001595	S001818	2026-03-02
4	2	5	5	5	3	4	2	5	2	36	2	88	US	R001596	S003732	2026-03-27
5	1	3	5	5	3	4	5	3	4	48	2	69	US	R001597	S005795	2026-02-10
5	4	5	4	5	4	5	5	5	5	29	1	84	US	R001598	S007377	2026-03-04
2	2	4	4	1	2	2	4	4	4	34	1	85	US	R001599	S008692	2026-02-09
4	5	3	4	4	5	5	5	5	5	27	2	91	US	R001600	S001092	2026-03-13
5	4	5	3	5	4	4	5	3	4	37	1	83	US	R001601	S001903	2026-03-20
4	5	5	4	2	5	3	5	5	4	34	1	79	US	R001602	S009014	2026-02-09
2	4	2	4	2	1	2	2	2	2	49	2	77	US	R001603	S000480	2026-03-17
5	2	4	4	4	2	4	3	3	5	26	1	99	US	R001604	S001268	2026-02-28
5	5	4	4	5	4	3	3	4	5	46	2	74	US	R001605	S008825	2026-03-02
4	2	2	2	2	3	1	2	4	3	18	1	78	US	R001606	S001806	2026-02-03
4	1	2	4	4	5	4	3	3	5	37	2	98	US	R001607	S009518	2026-02-07
3	2	3	5	2	2	1	1	5	2	38	1	86	US	R001608	S005468	2026-02-23
3	2	3	3	4	2	2	4	4	4	29	2	95	US	R001609	S005139	2026-03-06
3	1	3	5	2	3	4	2	5	3	42	2	82	US	R001610	S004127	2026-02-04
5	2	2	2	2	2	3	4	2	5	55	1	64	US	R001611	S010009	2026-02-26
4	2	3	4	2	1	4	4	5	2	51	1	87	US	R001612	S005022	2026-02-11
5	2	5	4	2	2	5	4	5	4	52	2	97	US	R001613	S011467	2026-03-27
4	5	5	4	4	3	5	5	5	5	42	1	90	US	R001614	S003752	2026-02-16
4	4	4	5	5	2	2	3	3	3	59	2	97	US	R001615	S001489	2026-03-23
3	1	4	3	4	2	1	3	3	3	23	1	75	US	R001616	S011749	2026-02-22
3	4	4	4	3	2	5	3	4	5	30	1	91	US	R001617	S005449	2026-03-03
4	2	5	3	4	4	3	5	5	5	54	1	80	US	R001618	S004388	2026-03-26
4	5	5	5	5	4	5	5	5	5	46	2	88	US	R001619	S012267	2026-02-04
2	4	2	5	3	2	2	4	2	3	48	1	98	US	R001620	S006663	2026-03-22
4	1	2	4	4	1	5	2	3	5	42	1	88	US	R001621	S001825	2026-03-24
5	3	5	4	3	2	4	2	1	5	49	1	91	US	R001622	S005183	2026-03-21
5	5	2	4	3	4	2	2	2	5	36	1	99	US	R001623	S010011	2026-02-21
5	1	1	5	3	1	1	5	4	4	42	2	84	US	R001624	S001574	2026-02-09
5	4	5	4	5	4	4	4	4	5	38	2	75	US	R001625	S008423	2026-03-01
4	3	4	4	4	4	5	5	5	5	51	2	76	US	R001626	S008518	2026-02-05
4	4	5	5	4	4	3	4	5	5	53	2	84	US	R001627	S003619	2026-03-25
2	2	3	4	2	4	5	5	4	5	31	1	90	US	R001628	S006609	2026-02-20
5	2	4	4	5	3	3	5	3	4	40	2	99	US	R001629	S009325	2026-03-26
4	2	2	4	2	2	1	1	4	1	27	2	81	US	R001630	S000746	2026-03-24
2	5	4	3	5	4	2	4	2	2	31	1	81	US	R001631	S006960	2026-02-03
3	2	4	4	2	5	5	4	2	5	36	2	66	US	R001632	S005527	2026-02-14
4	1	4	4	2	4	5	5	5	5	38	2	82	US	R001633	S005616	2026-03-02
2	2	3	3	1	1	4	3	4	4	35	1	89	US	R001634	S004717	2026-02-18
2	2	3	3	1	1	5	1	5	4	46	2	91	US	R001635	S012472	2026-03-09
2	2	2	5	3	1	1	4	2	2	31	1	71	US	R001636	S011899	2026-02-11
5	2	4	4	2	1	2	4	2	3	33	1	72	US	R001637	S002336	2026-02-24
4	2	2	5	3	4	2	2	4	3	43	1	96	US	R001638	S003910	2026-03-01
5	4	4	4	3	5	2	4	4	4	40	1	96	US	R001639	S003104	2026-03-25
5	2	4	3	4	5	4	4	5	3	36	1	90	US	R001640	S002600	2026-02-04
4	4	4	3	2	4	1	4	3	4	46	2	90	US	R001641	S012452	2026-02-22
4	1	5	5	4	4	4	3	4	4	27	2	73	US	R001642	S008994	2026-02-24
4	3	2	5	5	4	2	3	5	4	31	1	63	US	R001643	S002035	2026-03-12
3	2	3	2	2	1	3	3	2	5	29	2	94	US	R001644	S011758	2026-03-14
2	2	1	4	1	1	1	2	3	4	18	1	85	US	R001645	S002068	2026-02-20
5	1	1	4	4	1	2	4	4	4	37	2	99	US	R001646	S012670	2026-02-10
5	4	5	5	4	4	4	5	4	4	30	1	81	US	R001647	S009010	2026-02-12
4	2	1	4	1	1	3	4	5	4	39	2	75	US	R001648	S010883	2026-02-26
4	4	3	4	4	3	2	4	3	3	42	1	86	US	R001649	S010964	2026-02-24
5	3	1	5	2	2	2	4	5	4	35	1	91	US	R001650	S006711	2026-02-10
3	3	3	5	4	1	2	4	4	5	47	1	82	US	R001651	S001405	2026-02-04
3	2	4	2	2	4	3	3	2	4	18	1	70	US	R001652	S008109	2026-02-08
5	4	2	5	2	2	2	4	1	5	21	2	96	US	R001653	S011723	2026-03-22
4	5	4	4	2	1	4	2	4	4	30	2	77	US	R001654	S006060	2026-02-17
1	2	2	4	2	1	2	1	3	2	18	2	90	US	R001655	S008127	2026-03-13
5	5	4	4	4	5	3	4	4	2	18	2	67	US	R001656	S007863	2026-03-11
5	2	5	3	5	5	5	5	5	5	51	2	70	US	R001657	S003585	2026-02-08
3	1	1	4	2	1	2	4	3	4	44	1	59	US	R001658	S004539	2026-03-20
5	2	3	5	4	1	3	4	2	4	49	2	77	US	R001659	S012835	2026-03-20
3	1	5	5	4	2	4	4	4	2	31	2	80	US	R001660	S003356	2026-03-20
4	3	5	5	2	3	3	5	4	5	25	2	91	US	R001661	S008176	2026-03-20
5	4	4	5	5	5	5	3	4	4	52	1	72	US	R001662	S004078	2026-03-24
2	5	2	4	1	2	4	4	4	4	54	1	93	US	R001663	S001017	2026-02-19
2	4	5	5	5	4	3	1	1	1	21	1	93	US	R001664	S007895	2026-03-13
2	5	5	5	4	4	5	5	5	5	53	1	99	US	R001665	S000373	2026-02-19
4	2	4	3	4	5	1	4	4	4	35	2	89	US	R001666	S001059	2026-02-14
2	2	2	4	2	2	4	2	1	2	32	1	81	US	R001667	S008834	2026-02-27
4	1	4	2	2	1	2	2	2	2	40	1	75	US	R001668	S006102	2026-02-26
3	2	3	4	4	1	4	4	2	5	63	2	98	US	R001669	S010774	2026-03-05
4	2	4	2	4	1	2	2	1	2	34	1	91	US	R001670	S007373	2026-02-12
1	2	1	4	1	1	1	2	2	3	44	1	95	US	R001671	S000796	2026-03-15
5	2	5	5	4	5	4	4	4	5	28	1	82	US	R001672	S011586	2026-03-07
4	4	2	4	4	1	2	3	5	4	26	2	79	US	R001673	S007237	2026-03-09
4	4	1	1	3	4	2	5	4	5	25	1	62	US	R001674	S011883	2026-02-12
4	3	1	4	2	1	5	5	4	5	41	1	97	US	R001675	S011688	2026-03-01
5	2	5	5	5	5	3	4	4	4	36	1	71	US	R001676	S001265	2026-03-11
5	5	3	5	5	5	5	5	5	5	28	1	82	US	R001677	S005530	2026-03-03
1	1	2	5	4	1	2	4	3	4	31	1	93	US	R001678	S004662	2026-02-06
3	3	2	3	3	2	4	4	3	4	18	2	82	US	R001679	S009294	2026-02-05
1	2	3	5	5	4	4	5	5	5	56	2	50	US	R001680	S008501	2026-02-16
4	3	4	5	3	3	4	5	5	4	33	1	85	US	R001681	S008436	2026-02-27
4	4	4	4	4	5	4	4	2	2	18	2	70	US	R001682	S005686	2026-03-03
5	2	2	2	5	1	1	1	2	4	22	1	92	US	R001683	S005747	2026-03-01
3	1	3	4	1	1	2	5	4	2	36	1	92	US	R001684	S012800	2026-02-03
4	3	4	4	5	2	2	2	4	5	18	1	62	US	R001685	S002128	2026-03-03
5	5	2	4	2	2	5	3	5	5	30	2	91	US	R001686	S003955	2026-03-27
3	4	4	4	3	2	2	3	2	2	36	1	89	US	R001687	S003352	2026-03-14
4	2	2	4	5	2	5	5	5	5	35	2	94	US	R001688	S004425	2026-02-25
5	3	1	5	2	1	2	4	5	4	34	2	88	US	R001689	S002528	2026-02-13
4	4	2	4	1	1	5	4	4	4	26	1	85	US	R001690	S009434	2026-02-28
5	4	5	4	5	5	4	5	4	4	34	1	88	US	R001691	S012336	2026-02-05
5	3	5	5	4	5	4	5	5	5	30	1	94	US	R001692	S010413	2026-03-10
5	4	4	5	3	1	4	4	4	1	28	1	83	US	R001693	S008394	2026-03-18
4	4	5	5	4	3	4	3	2	4	28	2	80	US	R001694	S002745	2026-02-22
5	1	2	5	3	3	5	4	4	5	38	1	93	US	R001695	S005412	2026-03-13
4	3	4	4	2	1	2	3	3	3	48	1	94	US	R001696	S009756	2026-03-07
5	4	5	4	5	5	5	5	5	5	20	1	87	US	R001697	S001359	2026-02-23
4	2	4	4	2	1	4	4	3	3	34	2	74	US	R001698	S012251	2026-02-21
4	2	2	3	2	2	2	3	3	2	60	1	75	US	R001699	S010730	2026-02-02
4	4	4	5	2	2	1	2	3	2	49	1	90	US	R001700	S001534	2026-03-23
4	2	4	5	5	3	3	2	1	4	39	1	80	US	R001701	S012155	2026-02-15
5	4	2	4	4	3	5	4	4	2	48	1	97	US	R001702	S003757	2026-03-13
5	4	5	5	4	2	2	2	3	4	25	1	67	US	R001703	S009085	2026-02-12
2	1	3	5	4	4	4	5	4	3	20	2	72	US	R001704	S009030	2026-03-26
5	5	4	5	4	4	3	2	4	5	36	1	96	US	R001705	S009590	2026-03-20
5	5	5	5	5	2	3	2	5	4	39	1	76	US	R001706	S001544	2026-02-21
4	2	5	3	4	2	3	5	4	5	24	1	84	US	R001707	S000608	2026-03-18
4	3	3	3	3	1	1	4	3	4	29	1	66	US	R001708	S010372	2026-03-08
5	4	2	1	4	1	2	4	3	4	30	1	70	US	R001709	S012279	2026-03-13
4	2	4	5	4	2	2	4	2	4	39	1	91	US	R001710	S011220	2026-02-05
5	3	4	3	4	2	1	4	4	1	30	1	83	US	R001711	S001884	2026-03-18
5	2	5	4	5	2	5	5	5	4	45	1	90	US	R001712	S003178	2026-02-14
4	5	4	4	5	2	1	2	1	4	21	2	84	US	R001713	S004261	2026-03-15
4	2	5	5	5	5	4	3	5	4	47	2	74	US	R001714	S003285	2026-03-11
4	4	4	5	4	5	3	1	5	2	29	1	55	US	R001715	S001473	2026-02-23
3	2	3	4	2	2	4	2	3	4	40	1	63	US	R001716	S008510	2026-02-05
5	3	4	5	4	2	3	2	1	4	18	1	95	US	R001717	S008445	2026-02-14
4	2	2	4	4	1	2	2	2	4	45	1	95	US	R001718	S005883	2026-02-03
2	4	4	4	3	2	4	1	4	2	34	1	97	US	R001719	S004675	2026-02-21
5	2	2	3	3	1	1	4	2	4	32	1	86	US	R001720	S005379	2026-02-15
5	2	4	5	2	2	5	4	5	5	27	1	97	US	R001721	S005409	2026-03-09
2	2	4	4	5	3	4	2	4	5	25	2	80	US	R001722	S003725	2026-03-10
5	2	4	4	5	4	4	5	4	5	68	1	95	US	R001723	S004707	2026-03-12
4	2	4	5	3	4	4	4	4	5	37	1	70	US	R001724	S011201	2026-02-14
3	1	1	3	2	3	1	5	4	4	18	2	74	US	R001725	S009625	2026-02-25
2	2	2	5	5	4	4	4	3	4	22	1	93	US	R001726	S008631	2026-03-24
5	4	1	5	4	2	3	4	4	5	30	1	61	US	R001727	S012715	2026-02-26
4	1	1	3	1	1	4	3	4	4	25	2	98	US	R001728	S000324	2026-03-25
5	4	4	5	5	3	3	4	5	4	39	1	60	US	R001729	S012717	2026-03-08
5	5	5	5	4	4	2	2	2	3	28	2	88	US	R001730	S007981	2026-02-27
4	5	3	2	4	3	4	5	5	4	30	2	99	US	R001731	S003459	2026-03-03
2	1	1	2	1	1	4	5	4	4	33	1	88	US	R001732	S010359	2026-02-21
5	5	4	5	4	3	4	4	3	5	35	1	78	US	R001733	S005301	2026-03-19
5	4	3	5	5	5	1	3	4	4	42	1	93	US	R001734	S007661	2026-02-02
4	2	4	4	4	5	4	4	5	5	32	1	72	US	R001735	S011091	2026-03-13
4	2	3	4	3	1	4	5	4	3	25	2	96	US	R001736	S004295	2026-02-13
4	3	4	4	1	2	5	4	4	4	27	1	94	US	R001737	S006068	2026-03-10
4	1	4	3	3	4	2	4	4	2	28	1	89	US	R001738	S001272	2026-02-24
3	5	4	3	5	2	4	4	4	2	41	2	90	US	R001739	S005357	2026-03-02
4	3	5	4	2	2	5	5	2	4	53	1	89	US	R001740	S001020	2026-02-20
4	3	2	2	2	2	3	3	5	4	42	2	58	US	R001741	S007928	2026-02-09
3	4	4	5	5	2	2	4	4	2	52	1	68	US	R001742	S003795	2026-03-19
4	5	4	4	2	3	4	3	1	4	46	1	84	US	R001743	S009072	2026-03-26
5	4	5	5	5	3	4	2	5	4	34	2	69	US	R001744	S002183	2026-03-14
4	1	3	5	3	2	4	5	4	4	26	1	62	US	R001745	S006291	2026-02-23
2	4	2	5	2	3	1	5	5	4	18	1	98	US	R001746	S006240	2026-03-03
5	4	5	5	5	2	4	4	4	5	53	2	86	US	R001747	S000502	2026-02-17
3	1	2	4	4	3	2	1	1	2	42	1	87	US	R001748	S009419	2026-02-10
5	2	4	3	2	1	3	4	4	1	29	1	45	US	R001749	S001533	2026-02-15
3	5	2	4	4	2	5	5	4	4	19	1	69	US	R001750	S011088	2026-03-01
4	2	4	1	3	4	4	5	4	4	41	2	82	US	R001751	S001864	2026-02-20
4	3	4	5	4	1	2	4	3	2	34	2	86	US	R001752	S004686	2026-03-13
3	5	3	4	1	1	5	5	4	4	29	1	69	US	R001753	S000160	2026-03-21
4	3	4	4	4	2	5	5	4	5	38	1	68	US	R001754	S004121	2026-03-06
4	2	4	5	4	4	1	2	4	4	42	1	69	US	R001755	S001102	2026-03-10
5	3	2	4	5	5	5	4	3	4	32	1	68	US	R001756	S003774	2026-02-03
2	3	2	5	5	2	4	2	4	3	40	1	92	US	R001757	S001886	2026-03-07
4	2	2	3	2	1	2	4	2	3	23	1	88	US	R001758	S002378	2026-03-07
5	4	4	3	2	4	5	5	5	4	40	2	99	US	R001759	S005727	2026-02-27
3	2	3	3	2	2	3	4	4	4	21	1	82	US	R001760	S001169	2026-03-05
5	2	4	3	4	4	2	1	1	3	38	1	77	US	R001761	S003697	2026-02-22
2	1	2	1	1	1	2	3	3	5	54	1	78	US	R001762	S004779	2026-02-08
2	3	4	5	4	4	2	4	2	4	41	1	96	US	R001763	S004827	2026-03-20
4	1	4	2	4	1	4	4	4	3	37	1	87	US	R001764	S012669	2026-02-27
4	2	3	4	5	2	2	1	2	3	43	1	90	US	R001765	S000175	2026-03-22
4	2	3	4	5	4	3	2	4	4	45	2	89	US	R001766	S007939	2026-02-10
4	5	3	5	3	1	1	2	1	5	42	2	99	US	R001767	S001435	2026-03-06
2	5	2	4	2	2	1	2	2	3	28	2	92	US	R001768	S012541	2026-02-28
5	4	2	4	4	4	4	5	4	3	35	2	79	US	R001769	S010785	2026-02-19
3	2	2	4	4	2	3	4	5	4	39	1	98	US	R001770	S004784	2026-02-21
5	4	5	5	5	5	5	4	4	5	33	1	71	US	R001771	S009780	2026-03-25
4	1	4	3	3	1	1	4	4	4	33	1	59	US	R001772	S005282	2026-03-23
2	1	1	1	1	1	5	5	3	4	37	1	97	US	R001773	S005836	2026-03-18
4	2	4	4	2	4	2	1	1	2	18	2	81	US	R001774	S012014	2026-03-04
5	1	3	4	2	1	3	5	4	2	48	1	83	US	R001775	S012536	2026-02-04
5	2	3	5	4	4	3	3	4	2	21	1	82	US	R001776	S011635	2026-02-21
3	5	4	5	3	2	3	4	5	4	45	1	79	US	R001777	S004853	2026-02-05
5	2	5	5	5	4	3	4	4	2	41	1	76	US	R001778	S007913	2026-02-26
5	4	5	4	5	5	2	3	4	5	37	2	81	US	R001779	S000403	2026-03-17
5	4	4	5	4	4	2	4	4	2	43	2	96	US	R001780	S001274	2026-02-27
5	3	5	4	5	4	3	4	4	4	48	2	80	US	R001781	S003213	2026-03-06
1	3	2	4	2	2	1	1	1	1	51	2	97	US	R001782	S004066	2026-03-19
3	3	3	4	2	3	5	4	5	5	21	2	95	US	R001783	S012809	2026-02-13
4	2	3	5	3	3	4	5	5	4	18	1	79	US	R001784	S008576	2026-03-12
3	2	3	4	5	4	4	3	4	4	46	2	97	US	R001785	S005257	2026-02-12
4	2	2	2	1	2	3	2	2	2	44	2	73	US	R001786	S007446	2026-02-26
4	2	2	2	3	2	4	4	4	4	22	2	62	US	R001787	S002011	2026-03-24
4	1	1	3	2	1	1	1	2	3	18	1	90	US	R001788	S005178	2026-02-27
5	4	5	5	2	4	3	5	5	5	19	1	83	US	R001789	S012916	2026-02-22
2	3	1	1	2	1	1	5	3	4	35	1	89	US	R001790	S011296	2026-02-28
2	4	5	4	2	2	4	4	4	3	41	2	68	US	R001791	S005935	2026-02-04
4	4	5	5	5	4	4	5	4	4	30	2	77	US	R001792	S010290	2026-02-09
5	4	5	5	5	5	4	2	4	5	20	2	95	US	R001793	S010725	2026-02-24
4	4	3	5	3	4	2	3	4	5	32	2	87	US	R001794	S007696	2026-03-09
4	4	4	4	5	4	5	4	4	4	22	2	96	US	R001795	S006743	2026-02-07
5	4	5	4	5	3	5	4	5	5	46	1	51	US	R001796	S006567	2026-02-02
4	3	1	5	4	3	5	4	3	5	30	1	81	US	R001797	S001411	2026-03-17
5	5	3	1	3	4	5	2	5	3	19	1	94	US	R001798	S006396	2026-02-28
5	3	4	5	5	5	4	4	5	5	30	2	79	US	R001799	S009369	2026-03-03
4	2	1	5	2	3	1	2	4	5	31	1	99	US	R001800	S006094	2026-02-21
4	5	4	3	5	5	5	4	5	5	18	2	97	US	R001801	S004027	2026-03-01
4	2	3	5	2	5	4	5	4	5	38	2	83	US	R001802	S007499	2026-03-07
4	5	4	5	5	5	2	2	2	4	46	1	78	US	R001803	S004709	2026-03-19
5	5	5	5	5	4	3	2	3	4	24	2	90	US	R001804	S008700	2026-03-01
5	3	5	4	5	4	5	5	5	5	32	2	80	US	R001805	S003406	2026-03-05
4	5	3	3	2	1	4	5	5	5	43	1	92	US	R001806	S012703	2026-02-09
5	3	5	5	4	4	2	2	5	5	22	2	99	US	R001807	S004972	2026-03-06
5	3	4	4	4	4	4	5	5	4	35	2	89	US	R001808	S006003	2026-03-14
2	1	1	4	2	1	4	4	3	2	24	1	85	US	R001809	S006552	2026-03-15
4	2	4	3	3	2	4	5	3	4	35	1	78	US	R001810	S012018	2026-02-15
5	2	2	5	4	1	1	1	3	3	34	2	85	US	R001811	S011642	2026-03-16
5	1	2	5	4	1	5	4	5	4	18	1	74	US	R001812	S012482	2026-02-24
4	3	3	5	4	2	4	4	3	3	36	2	87	US	R001813	S009127	2026-03-09
5	2	3	5	3	1	1	1	2	1	20	2	93	US	R001814	S012360	2026-02-28
5	2	2	4	3	4	4	5	2	2	53	2	90	US	R001815	S011537	2026-03-17
3	3	5	4	2	3	4	4	5	5	45	2	95	US	R001816	S012941	2026-02-03
5	1	4	5	1	5	1	1	1	4	37	1	91	US	R001817	S011770	2026-02-23
4	1	3	4	1	1	3	4	1	3	48	1	94	US	R001818	S000495	2026-02-26
5	1	4	2	4	2	4	5	4	5	24	1	94	US	R001819	S009046	2026-02-18
2	3	3	4	1	3	2	4	4	4	24	2	54	US	R001820	S004147	2026-03-09
2	2	2	3	1	2	2	2	4	5	34	1	95	US	R001821	S003201	2026-02-06
4	3	2	4	4	2	1	2	5	4	51	1	98	US	R001822	S000548	2026-03-12
4	2	5	5	4	3	4	4	5	4	36	1	94	US	R001823	S011385	2026-02-22
2	1	2	3	1	1	3	2	5	4	31	1	79	US	R001824	S008267	2026-02-22
4	2	4	5	2	4	5	2	4	5	29	2	89	US	R001825	S007915	2026-02-04
4	2	4	5	4	5	2	3	5	4	37	1	96	US	R001826	S010136	2026-02-13
2	5	2	2	2	1	1	4	2	3	29	2	64	US	R001827	S010305	2026-03-14
5	2	5	4	2	2	4	4	3	4	40	2	85	US	R001828	S000339	2026-02-17
1	2	2	4	3	4	4	5	4	1	25	1	78	US	R001829	S012212	2026-03-12
4	4	5	5	4	4	4	4	4	4	58	2	63	US	R001830	S002789	2026-02-15
5	2	4	2	4	5	2	2	1	4	24	1	71	US	R001831	S010568	2026-03-27
4	2	4	1	1	1	3	2	4	4	39	1	53	US	R001832	S009769	2026-02-13
4	2	2	4	3	3	4	5	2	2	36	1	72	US	R001833	S001327	2026-03-23
4	2	1	1	2	2	1	1	1	4	37	1	81	US	R001834	S008280	2026-03-07
3	2	4	4	5	3	2	2	2	4	35	2	84	US	R001835	S000807	2026-02-22
5	5	3	5	4	3	5	3	5	5	22	1	99	US	R001836	S008949	2026-02-03
2	5	5	5	3	4	2	3	2	4	42	1	63	US	R001837	S007188	2026-03-15
2	4	4	4	3	2	1	3	4	4	36	1	90	US	R001838	S008708	2026-03-21
4	3	1	4	2	1	5	5	5	4	55	1	68	US	R001839	S002248	2026-03-03
3	1	2	4	1	1	2	4	3	4	34	2	68	US	R001840	S010696	2026-02-18
4	2	3	5	4	4	5	4	4	4	21	1	95	US	R001841	S010397	2026-02-13
5	3	5	4	4	3	3	5	3	4	31	1	89	US	R001842	S002589	2026-02-02
1	5	1	4	2	1	1	5	3	4	46	2	81	US	R001843	S000314	2026-03-04
5	3	4	5	2	4	3	4	3	4	31	2	82	US	R001844	S005815	2026-03-17
5	2	4	5	2	2	4	5	4	4	34	1	72	US	R001845	S000945	2026-03-12
5	3	4	5	5	4	3	4	4	5	19	1	91	US	R001846	S006239	2026-03-13
5	5	5	5	4	5	5	5	4	4	28	2	96	US	R001847	S004201	2026-03-02
4	2	2	3	2	1	2	4	2	4	46	2	88	US	R001848	S009608	2026-02-26
5	4	4	4	3	2	2	4	4	2	37	2	75	US	R001849	S002113	2026-02-24
4	4	5	5	4	4	4	5	5	4	42	2	93	US	R001850	S009879	2026-02-27
3	2	2	2	2	1	4	5	3	4	42	2	94	US	R001851	S011101	2026-03-23
3	4	4	2	2	3	3	2	2	5	25	2	72	US	R001852	S006022	2026-02-16
3	5	2	2	2	1	1	2	2	2	32	2	88	US	R001853	S010854	2026-03-24
4	5	2	4	2	2	2	3	4	3	34	1	65	US	R001854	S012213	2026-02-16
5	3	4	4	2	2	5	5	5	5	21	1	84	US	R001855	S001422	2026-02-08
1	2	2	4	2	4	3	4	2	3	42	2	84	US	R001856	S011247	2026-03-08
5	4	4	4	5	2	5	5	5	5	30	1	90	US	R001857	S006739	2026-03-17
5	1	3	5	4	2	5	5	5	5	34	2	79	US	R001858	S004796	2026-03-13
5	1	5	5	5	4	1	2	2	4	35	1	61	US	R001859	S012348	2026-02-18
4	1	3	3	2	5	3	1	2	4	18	2	88	US	R001860	S011944	2026-02-20
4	2	5	5	4	5	3	2	5	4	18	1	97	US	R001861	S000748	2026-02-06
5	4	5	5	4	3	4	4	4	5	42	2	54	US	R001862	S007609	2026-03-22
4	5	4	4	2	2	5	4	3	5	37	2	87	US	R001863	S005794	2026-03-17
3	4	4	4	4	2	2	5	5	3	40	1	87	US	R001864	S011226	2026-02-22
5	3	5	4	5	1	2	4	4	3	43	2	69	US	R001865	S002153	2026-02-21
5	4	4	4	5	4	4	2	2	4	57	1	74	US	R001866	S011367	2026-03-19
3	2	4	5	4	5	3	5	3	4	40	1	75	US	R001867	S009692	2026-02-17
3	2	5	5	5	5	5	5	5	5	44	2	99	US	R001868	S010513	2026-03-16
3	4	2	4	3	2	3	4	5	5	35	1	98	US	R001869	S010295	2026-02-14
4	2	5	5	5	3	1	5	3	4	41	1	96	US	R001870	S002609	2026-02-11
3	1	2	4	2	1	1	2	2	3	38	2	94	US	R001871	S004814	2026-02-04
5	2	3	5	5	2	4	3	5	5	27	1	83	US	R001872	S009363	2026-03-11
5	1	1	4	2	1	1	2	4	2	21	1	77	US	R001873	S007544	2026-03-09
5	3	5	5	5	4	4	3	3	2	26	1	95	US	R001874	S004131	2026-03-07
2	2	1	5	2	2	4	5	3	5	28	1	87	US	R001875	S010026	2026-02-05
4	4	2	5	2	2	4	4	4	3	45	2	80	US	R001876	S009283	2026-03-25
5	5	5	4	5	3	3	4	4	5	40	1	92	US	R001877	S000579	2026-03-10
3	2	2	2	2	1	2	1	4	3	49	1	79	US	R001878	S006745	2026-02-21
2	3	4	4	4	1	4	2	4	5	23	1	90	US	R001879	S008568	2026-03-27
1	2	2	4	1	1	1	2	1	1	22	2	93	US	R001880	S007717	2026-03-14
5	2	4	4	5	4	4	5	5	5	47	1	68	US	R001881	S001462	2026-02-05
4	2	2	5	4	1	1	4	5	4	36	1	88	US	R001882	S003283	2026-03-24
4	2	5	4	5	5	5	5	5	4	31	2	77	US	R001883	S007349	2026-02-19
2	4	5	2	4	3	5	5	4	4	22	1	88	US	R001884	S004065	2026-02-19
4	4	4	4	2	3	2	4	2	2	22	2	81	US	R001885	S005931	2026-03-10
4	1	5	3	2	4	1	5	2	5	39	2	81	US	R001886	S007272	2026-03-04
5	2	4	4	2	3	1	4	2	5	20	1	90	US	R001887	S010607	2026-02-17
3	1	2	4	3	2	3	5	2	4	47	2	87	US	R001888	S011158	2026-03-15
5	1	2	4	3	2	5	4	5	5	44	1	91	US	R001889	S011480	2026-02-27
4	5	5	2	4	1	1	2	3	2	45	1	85	US	R001890	S007897	2026-02-10
4	3	4	3	3	3	4	5	3	5	41	1	84	US	R001891	S009327	2026-02-07
4	3	5	5	5	5	4	5	5	5	37	1	100	US	R001892	S000454	2026-02-04
4	3	2	5	4	2	1	2	4	4	48	2	69	US	R001893	S011614	2026-03-18
4	4	4	3	2	2	1	2	2	4	42	2	91	US	R001894	S008540	2026-02-25
4	1	2	2	2	2	1	4	4	2	31	1	93	US	R001895	S003043	2026-02-19
4	2	1	4	1	1	1	1	1	1	32	2	92	US	R001896	S008852	2026-02-28
2	1	2	3	4	1	2	4	2	4	44	1	92	US	R001897	S008050	2026-02-14
3	4	3	3	4	5	5	4	5	5	36	1	73	US	R001898	S007127	2026-02-04
4	3	4	4	4	2	2	1	3	4	45	1	77	US	R001899	S010303	2026-02-06
5	2	3	5	4	3	2	4	4	4	32	1	98	US	R001900	S008658	2026-03-24
1	2	2	4	1	1	4	2	4	2	48	1	78	US	R001901	S012183	2026-03-17
3	2	1	4	2	1	1	1	1	2	32	1	81	US	R001902	S012300	2026-02-04
5	4	3	4	5	4	2	1	4	3	39	2	94	US	R001903	S000033	2026-02-08
4	4	4	4	3	3	2	4	5	4	28	1	61	US	R001904	S006004	2026-02-28
4	2	1	5	2	4	5	5	5	4	26	1	89	US	R001905	S008013	2026-02-20
3	2	4	5	2	1	2	2	4	4	47	2	87	US	R001906	S002232	2026-02-28
4	3	2	3	2	2	4	4	4	4	59	2	99	US	R001907	S012445	2026-02-27
4	3	4	3	5	2	1	1	1	1	43	2	94	US	R001908	S006049	2026-02-14
4	5	4	5	4	2	3	5	4	2	34	2	78	US	R001909	S006017	2026-02-28
4	2	5	1	5	2	5	4	4	4	27	2	62	US	R001910	S012124	2026-03-10
4	4	4	4	2	1	4	4	2	4	41	1	92	US	R001911	S000316	2026-02-13
2	5	3	5	4	4	5	3	5	5	56	1	85	US	R001912	S012872	2026-02-27
2	4	4	4	5	4	3	4	4	5	38	1	68	US	R001913	S003534	2026-02-15
4	2	2	5	2	1	1	4	1	1	37	1	70	US	R001914	S005955	2026-03-25
3	2	4	4	3	1	5	5	5	4	45	1	79	US	R001915	S009114	2026-02-09
4	1	4	5	5	2	4	5	4	5	35	2	81	US	R001916	S011102	2026-02-21
4	2	4	4	2	2	2	1	2	3	56	2	98	US	R001917	S003557	2026-03-25
2	1	5	3	1	3	2	2	3	4	41	1	96	US	R001918	S010371	2026-02-17
5	4	5	4	4	3	5	4	5	4	48	2	98	US	R001919	S010546	2026-02-20
5	3	3	4	4	2	4	2	5	2	23	1	90	US	R001920	S012677	2026-03-09
5	5	4	5	4	4	4	3	4	5	40	1	67	US	R001921	S010611	2026-03-07
5	5	5	4	4	5	5	4	5	5	36	2	79	US	R001922	S011434	2026-02-27
5	2	2	4	3	5	2	2	2	3	18	1	81	US	R001923	S003328	2026-02-25
4	2	3	4	2	3	3	1	3	4	31	2	92	US	R001924	S009579	2026-03-27
4	4	5	4	4	4	4	5	4	5	22	2	77	US	R001925	S005842	2026-03-26
5	4	2	2	4	5	3	4	4	4	19	1	96	US	R001926	S002703	2026-02-11
3	2	1	4	2	1	4	4	2	3	33	1	79	US	R001927	S003484	2026-02-18
4	2	2	5	5	1	2	3	3	3	35	1	76	US	R001928	S007491	2026-03-24
4	2	4	5	5	3	1	2	2	2	31	1	88	US	R001929	S010996	2026-02-20
5	4	2	4	3	4	1	2	2	3	34	2	82	US	R001930	S009153	2026-03-12
5	3	2	5	4	2	1	2	1	2	26	1	77	US	R001931	S005561	2026-02-20
5	2	3	5	5	2	1	2	3	2	18	2	66	US	R001932	S007786	2026-03-27
3	3	2	2	4	2	2	4	4	4	39	2	75	US	R001933	S006498	2026-02-17
2	1	2	3	2	2	4	3	4	3	41	2	93	US	R001934	S011627	2026-03-14
5	3	2	4	2	4	4	4	4	5	24	1	87	US	R001935	S000243	2026-03-08
4	4	1	5	4	1	4	5	3	4	45	2	71	US	R001936	S009393	2026-03-24
4	2	3	2	3	1	3	4	3	5	18	2	77	US	R001937	S012227	2026-03-06
2	4	4	5	4	2	4	5	4	4	46	2	67	US	R001938	S002437	2026-03-09
5	2	4	4	1	1	3	2	4	5	34	1	84	US	R001939	S000533	2026-02-22
5	3	4	4	2	2	4	4	4	4	33	2	89	US	R001940	S002780	2026-03-14
4	2	2	4	4	2	4	5	4	4	36	1	98	US	R001941	S004427	2026-03-25
4	2	1	2	1	1	1	2	3	3	32	2	90	US	R001942	S001861	2026-02-16
4	1	4	4	4	1	1	4	2	3	23	2	69	US	R001943	S007539	2026-02-03
4	4	4	5	5	4	5	5	5	5	59	1	57	US	R001944	S009694	2026-03-16
5	2	4	5	4	5	5	5	5	5	50	2	91	US	R001945	S010552	2026-02-11
2	3	2	3	2	3	4	4	2	1	42	1	63	US	R001946	S000973	2026-02-23
4	2	4	5	3	2	5	4	4	4	36	1	73	US	R001947	S011010	2026-02-11
4	1	4	3	2	4	2	4	4	2	45	1	88	US	R001948	S010147	2026-02-05
5	4	4	5	3	4	2	3	3	3	36	1	88	US	R001949	S008811	2026-03-04
5	1	4	4	5	4	5	4	5	5	31	1	93	US	R001950	S012576	2026-03-10
5	4	5	5	5	4	2	4	4	4	25	2	73	US	R001951	S000871	2026-03-09
4	2	4	3	2	1	1	4	1	4	32	1	75	US	R001952	S000750	2026-02-13
4	1	2	4	4	1	5	5	2	1	60	1	86	US	R001953	S008531	2026-02-25
4	5	5	4	4	5	3	4	4	4	49	2	98	US	R001954	S001469	2026-02-16
2	2	3	5	4	2	3	2	4	5	46	2	91	US	R001955	S000956	2026-03-04
5	3	5	5	2	2	4	5	4	5	24	1	50	US	R001956	S004306	2026-02-15
4	2	4	5	5	4	2	1	2	1	18	1	95	US	R001957	S006580	2026-02-06
1	2	4	2	3	2	4	3	4	5	43	2	95	US	R001958	S006019	2026-02-27
5	2	4	5	5	5	5	5	4	4	29	1	90	US	R001959	S001204	2026-03-23
5	4	5	5	4	2	5	5	5	5	40	2	99	US	R001960	S007853	2026-03-14
4	2	2	5	2	1	5	2	5	4	63	1	87	US	R001961	S011584	2026-02-17
4	3	1	4	4	2	4	5	4	3	49	1	88	US	R001962	S003798	2026-03-27
4	3	2	4	2	1	3	4	5	2	45	2	97	US	R001963	S004501	2026-02-07
1	4	3	4	1	2	3	5	4	4	45	1	72	US	R001964	S012725	2026-03-12
3	2	2	5	4	2	5	2	2	5	46	1	78	US	R001965	S004089	2026-02-17
4	2	4	2	4	3	5	5	5	4	48	1	97	US	R001966	S006078	2026-02-15
5	3	4	5	4	4	4	5	4	5	22	1	87	US	R001967	S003728	2026-03-02
4	2	3	4	4	2	2	2	3	2	18	1	86	US	R001968	S011110	2026-03-13
2	1	2	4	5	4	2	1	2	4	41	1	85	US	R001969	S000716	2026-02-19
5	5	4	4	5	4	4	4	5	5	34	1	97	US	R001970	S011397	2026-02-22
4	2	4	5	4	5	2	2	4	3	39	1	85	US	R001971	S008195	2026-03-23
5	2	5	5	4	2	2	5	2	2	28	1	85	US	R001972	S001216	2026-03-27
5	3	5	5	3	4	4	4	4	3	46	2	97	US	R001973	S006460	2026-03-18
5	2	4	5	5	5	5	5	5	4	39	2	94	US	R001974	S012557	2026-02-11
4	5	2	4	4	2	2	5	4	1	55	1	52	US	R001975	S001873	2026-03-08
4	2	2	3	2	1	1	4	4	5	36	1	85	US	R001976	S004683	2026-03-24
3	3	4	2	3	2	4	4	4	4	33	1	96	US	R001977	S009573	2026-02-08
4	2	5	5	4	2	5	3	4	4	52	2	94	US	R001978	S012926	2026-03-01
5	1	4	5	4	3	2	1	2	4	41	2	91	US	R001979	S002739	2026-02-21
5	5	4	4	4	5	5	4	4	4	29	2	87	US	R001980	S006694	2026-02-17
3	1	5	5	1	1	1	4	4	5	41	1	77	US	R001981	S011089	2026-02-07
5	5	4	5	5	5	1	2	2	3	52	2	72	US	R001982	S011877	2026-03-23
2	2	2	2	2	2	4	5	4	3	30	1	78	US	R001983	S012776	2026-02-11
3	4	2	3	2	3	2	3	4	4	44	1	80	US	R001984	S008672	2026-03-01
5	4	3	5	5	5	5	3	5	3	35	2	73	US	R001985	S011879	2026-03-04
5	3	3	4	4	2	1	2	4	2	42	2	83	US	R001986	S001119	2026-02-17
5	4	4	5	5	4	1	4	4	2	25	1	91	US	R001987	S007683	2026-03-05
2	3	3	3	4	2	1	2	4	2	36	2	98	US	R001988	S012367	2026-03-14
5	2	5	4	5	4	4	4	5	4	33	1	76	US	R001989	S007089	2026-03-13
4	4	4	4	3	2	5	5	5	5	18	1	98	US	R001990	S005981	2026-02-16
4	4	5	5	5	5	4	4	4	2	24	2	82	US	R001991	S001086	2026-02-23
4	2	3	4	5	4	5	4	5	5	34	2	98	US	R001992	S000634	2026-02-24
3	2	4	5	5	4	4	4	5	4	36	2	83	US	R001993	S009519	2026-02-21
4	4	5	5	4	3	2	5	4	4	31	1	86	US	R001994	S000565	2026-02-14
5	2	4	3	4	3	3	5	4	5	22	1	92	US	R001995	S003771	2026-02-09
4	3	4	3	4	4	1	3	4	3	44	1	61	US	R001996	S002642	2026-02-16
4	2	4	5	5	5	4	4	4	4	28	1	77	US	R001997	S010782	2026-02-28
4	5	3	4	5	1	5	5	4	4	49	1	97	US	R001998	S002371	2026-03-06
4	1	1	4	2	2	2	4	2	5	36	1	97	US	R001999	S011398	2026-03-14
5	2	3	5	3	2	1	1	4	2	42	2	80	US	R002000	S001949	2026-03-22
4	4	5	5	4	2	5	4	4	4	30	2	95	US	R002001	S001429	2026-02-20
5	2	5	4	5	5	5	5	3	5	24	1	84	US	R002002	S004734	2026-03-25
5	2	5	5	5	4	3	3	5	5	37	1	93	US	R002003	S006119	2026-03-22
4	2	2	3	2	2	5	5	3	5	34	1	93	US	R002004	S001487	2026-03-22
4	5	5	5	5	5	5	3	4	5	55	2	75	US	R002005	S006067	2026-02-25
3	2	2	3	3	1	1	2	2	2	36	1	87	US	R002006	S002719	2026-03-24
4	3	5	5	3	3	2	5	5	5	43	2	67	US	R002007	S010356	2026-02-14
5	4	3	5	4	1	4	2	5	3	30	1	88	US	R002008	S001077	2026-03-23
3	3	2	4	1	2	2	1	2	4	41	1	83	US	R002009	S005819	2026-03-22
4	3	4	4	4	4	4	4	2	5	26	1	95	US	R002010	S003236	2026-03-16
5	4	4	4	5	4	4	4	5	4	24	1	69	US	R002011	S002910	2026-03-24
5	2	5	4	5	3	5	5	5	4	22	2	80	US	R002012	S011266	2026-02-28
4	1	2	4	2	2	5	4	4	5	37	2	91	US	R002013	S010959	2026-03-20
3	3	2	3	1	2	2	2	4	1	64	1	88	US	R002014	S005865	2026-03-07
4	2	4	5	4	2	4	4	1	3	25	1	68	US	R002015	S010329	2026-02-02
4	4	4	5	2	1	2	3	5	5	29	1	67	US	R002016	S004860	2026-03-06
4	5	4	5	4	1	1	5	5	5	35	1	79	US	R002017	S009408	2026-02-18
4	4	2	3	4	3	4	5	4	5	46	2	94	US	R002018	S012450	2026-02-17
3	3	2	5	3	2	2	4	2	4	25	1	90	US	R002019	S004259	2026-02-09
4	4	3	4	4	2	3	3	3	4	32	2	78	US	R002020	S010123	2026-02-14
4	2	4	4	5	4	1	2	1	5	18	2	89	US	R002021	S007102	2026-03-09
4	4	5	5	4	4	2	4	5	1	42	1	92	US	R002022	S007322	2026-03-04
1	3	3	4	2	1	5	5	4	4	19	2	86	US	R002023	S003431	2026-03-02
5	2	4	5	4	2	4	4	4	5	39	1	81	US	R002024	S003468	2026-03-24
5	2	5	5	3	5	5	5	4	4	37	2	77	US	R002025	S012474	2026-03-20
5	4	4	5	5	2	4	4	4	3	33	1	64	US	R002026	S005237	2026-03-03
5	4	4	5	5	1	5	5	5	5	44	1	96	US	R002027	S007842	2026-03-10
1	4	5	4	5	2	4	5	4	4	18	1	91	US	R002028	S006039	2026-02-15
5	5	4	5	5	3	4	4	2	2	33	2	68	US	R002029	S003958	2026-03-25
3	5	2	5	4	4	1	3	4	2	41	2	98	US	R002030	S002706	2026-03-04
3	1	4	5	4	2	3	4	5	4	24	1	83	US	R002031	S006274	2026-02-19
4	3	5	3	5	4	4	4	5	4	30	1	95	US	R002032	S009314	2026-02-20
5	2	3	4	2	5	1	3	5	5	38	1	89	US	R002033	S012646	2026-03-02
3	2	3	5	3	1	2	4	2	4	44	1	98	US	R002034	S001665	2026-03-13
3	3	4	5	5	3	5	5	5	5	31	1	89	US	R002035	S011294	2026-02-24
5	4	2	5	3	2	4	4	2	5	27	2	86	US	R002036	S002516	2026-03-19
4	4	4	5	2	1	5	4	5	5	40	1	67	US	R002037	S009644	2026-03-24
4	2	5	3	1	2	1	1	1	4	40	1	69	US	R002038	S002490	2026-02-12
1	2	2	2	2	2	2	4	3	3	24	1	97	US	R002039	S006451	2026-02-25
5	3	5	5	5	5	3	4	2	4	37	2	72	US	R002040	S006024	2026-03-09
5	4	4	4	5	5	2	3	2	4	43	1	67	US	R002041	S006413	2026-02-13
3	2	2	2	2	2	4	2	4	4	43	1	74	US	R002042	S009149	2026-03-01
1	1	3	4	2	1	1	2	1	1	44	1	81	US	R002043	S002054	2026-02-21
5	4	1	2	1	2	1	2	4	3	34	1	99	US	R002044	S009801	2026-02-26
5	1	3	5	4	3	4	2	3	4	19	2	92	US	R002045	S007644	2026-02-19
4	2	4	4	4	4	3	5	4	5	34	1	67	US	R002046	S000088	2026-03-09
4	1	5	5	4	5	3	5	4	5	39	1	54	US	R002047	S009575	2026-03-10
5	2	4	5	4	2	1	4	3	4	18	1	93	US	R002048	S008662	2026-02-21
5	1	5	4	4	3	4	3	4	4	26	2	92	US	R002049	S012324	2026-03-15
5	3	4	5	4	1	4	5	5	5	34	1	79	US	R002050	S009117	2026-03-20
5	4	5	5	5	5	5	5	5	5	72	1	74	US	R002051	S007885	2026-02-20
4	5	5	5	5	2	1	1	2	4	18	2	86	US	R002052	S000942	2026-03-03
4	3	4	2	2	1	1	1	1	3	41	1	99	US	R002053	S001557	2026-03-22
2	2	2	4	2	3	2	3	2	2	18	2	91	US	R002054	S010439	2026-03-05
5	4	2	3	2	2	3	3	3	4	18	2	90	US	R002055	S003096	2026-03-18
5	2	4	2	5	1	2	2	3	1	24	2	85	US	R002056	S001350	2026-02-20
5	2	4	5	4	4	5	4	4	4	33	1	93	US	R002057	S001559	2026-02-06
5	2	3	5	5	3	4	4	3	4	35	1	95	US	R002058	S012044	2026-02-09
4	2	4	5	2	4	2	4	2	2	43	2	96	US	R002059	S012558	2026-03-13
4	2	3	5	4	3	1	1	2	3	30	2	80	US	R002060	S005156	2026-03-20
5	4	5	4	4	3	5	4	5	5	38	1	91	US	R002061	S011892	2026-02-26
4	2	3	5	2	3	5	5	5	5	50	2	93	US	R002062	S000223	2026-03-03
4	2	3	4	1	1	1	2	2	3	31	1	95	US	R002063	S001783	2026-03-14
4	3	4	4	2	2	2	4	4	4	24	1	91	US	R002064	S011017	2026-03-05
2	1	1	3	2	2	4	3	4	5	28	1	97	US	R002065	S006447	2026-02-24
5	2	3	5	5	2	4	4	2	2	31	1	69	US	R002066	S000402	2026-03-27
4	2	2	5	2	1	2	1	4	1	34	1	78	US	R002067	S008502	2026-02-03
4	4	5	5	3	4	1	2	4	5	45	2	83	US	R002068	S001072	2026-03-07
3	4	1	4	2	1	4	3	4	2	45	2	79	US	R002069	S007830	2026-02-18
4	4	2	4	1	2	5	5	4	4	34	1	90	US	R002070	S007249	2026-02-17
5	4	5	4	5	5	5	5	5	5	44	2	94	US	R002071	S008143	2026-03-10
4	3	5	5	5	2	1	5	4	4	38	1	74	US	R002072	S009274	2026-02-19
3	3	4	4	3	1	1	2	2	5	40	1	93	US	R002073	S002208	2026-03-16
5	2	4	5	2	1	2	1	1	3	40	2	73	US	R002074	S010245	2026-03-11
4	3	3	5	4	1	2	2	1	2	48	1	74	US	R002075	S008544	2026-03-05
5	5	4	4	4	3	5	4	4	2	42	2	65	US	R002076	S012466	2026-02-12
4	3	4	5	5	2	3	4	2	5	37	2	86	US	R002077	S004171	2026-02-20
3	3	2	5	4	5	1	2	2	5	34	2	81	US	R002078	S002713	2026-02-28
5	5	4	5	4	4	3	5	3	3	18	1	97	US	R002079	S005369	2026-03-08
4	3	5	3	3	4	4	5	4	5	47	2	94	US	R002080	S004372	2026-02-26
5	2	5	5	4	1	4	2	3	5	33	1	68	US	R002081	S010825	2026-02-24
4	1	4	5	3	4	4	4	3	2	32	1	89	US	R002082	S010919	2026-03-05
5	4	4	5	5	1	5	5	5	5	44	1	96	US	R002083	S000116	2026-02-13
4	4	4	5	5	2	4	5	5	5	40	1	95	US	R002084	S000391	2026-03-09
3	2	2	4	5	4	3	4	1	4	53	2	76	US	R002085	S002776	2026-02-04
5	4	2	5	1	1	1	4	2	3	46	1	96	US	R002086	S001073	2026-02-14
1	3	1	4	1	1	3	1	2	5	35	2	96	US	R002087	S001824	2026-03-03
3	1	2	5	2	2	5	5	5	5	33	2	96	US	R002088	S012299	2026-02-16
5	4	3	5	5	4	4	5	2	4	52	2	95	US	R002089	S004254	2026-02-08
5	2	4	5	4	2	5	4	4	4	21	2	99	US	R002090	S009524	2026-02-22
5	5	5	4	5	5	3	2	5	4	40	2	70	US	R002091	S007685	2026-03-02
4	2	3	5	4	2	4	4	5	5	26	2	99	US	R002092	S002331	2026-02-05
5	3	4	4	4	4	3	4	2	2	36	1	62	US	R002093	S001506	2026-02-06
5	4	4	5	3	5	1	2	2	4	28	1	66	US	R002094	S002200	2026-03-27
5	3	4	4	5	5	4	5	1	2	60	2	92	US	R002095	S000261	2026-02-28
5	4	4	4	4	5	4	2	1	3	53	1	85	US	R002096	S001255	2026-03-13
4	4	3	2	1	2	5	4	5	5	59	1	93	US	R002097	S000744	2026-02-02
2	2	3	3	2	1	5	4	4	1	39	1	86	US	R002098	S011252	2026-02-13
4	3	4	4	4	2	5	5	5	5	18	2	76	US	R002099	S008257	2026-03-21
4	4	4	5	5	2	5	4	4	5	51	1	85	US	R002100	S003712	2026-03-09
3	2	4	4	3	1	5	4	5	5	34	2	97	US	R002101	S001457	2026-03-19
2	2	2	3	1	2	2	1	4	4	28	1	86	US	R002102	S007051	2026-02-05
4	4	4	4	4	1	1	4	2	3	30	1	87	US	R002103	S006606	2026-02-28
5	4	2	5	2	1	3	4	4	4	25	1	76	US	R002104	S007528	2026-03-16
2	4	4	4	5	2	2	2	2	4	45	1	65	US	R002105	S011960	2026-03-17
5	2	2	5	4	2	3	1	2	3	31	2	67	US	R002106	S009534	2026-02-18
4	4	3	5	5	4	4	5	4	5	56	1	85	US	R002107	S012261	2026-02-04
2	2	3	5	4	3	4	4	4	4	25	2	94	US	R002108	S008122	2026-03-21
3	2	4	4	3	2	2	4	4	4	29	2	94	US	R002109	S001630	2026-02-03
1	2	2	4	1	1	3	3	5	5	19	2	94	US	R002110	S003856	2026-03-02
5	1	3	5	4	5	2	2	4	4	26	1	95	US	R002111	S011505	2026-03-08
4	2	5	4	2	1	2	3	4	5	34	2	96	US	R002112	S012813	2026-02-02
4	1	4	4	5	2	5	4	4	3	50	1	68	US	R002113	S005674	2026-03-16
5	2	4	5	3	4	4	4	4	5	25	1	80	US	R002114	S001839	2026-02-16
4	4	4	5	4	4	5	5	5	5	39	1	92	US	R002115	S007521	2026-02-02
4	4	1	2	4	4	2	5	3	2	52	1	99	US	R002116	S009181	2026-03-12
3	1	4	5	2	2	1	4	1	2	40	1	95	US	R002117	S001675	2026-02-19
3	2	3	5	2	1	3	4	2	5	19	1	77	US	R002118	S006551	2026-03-03
2	2	2	5	3	2	3	1	3	3	27	1	79	US	R002119	S000534	2026-03-24
4	4	2	3	1	2	2	2	1	1	69	1	96	US	R002120	S006158	2026-03-18
4	2	4	4	3	4	4	4	4	5	25	1	85	US	R002121	S003440	2026-02-07
4	2	1	3	3	3	4	4	4	5	41	1	67	US	R002122	S010164	2026-03-19
5	3	5	5	5	2	4	5	4	4	37	2	75	US	R002123	S007422	2026-03-27
3	1	2	4	3	2	2	5	4	4	30	1	58	US	R002124	S003024	2026-03-04
3	2	2	4	2	1	2	1	1	2	24	1	77	US	R002125	S003825	2026-03-18
5	5	5	5	5	5	4	3	2	5	45	1	97	US	R002126	S001138	2026-03-15
5	5	5	5	4	5	4	5	5	5	48	1	93	US	R002127	S008211	2026-02-25
4	5	2	5	5	2	2	3	3	4	37	1	87	US	R002128	S003192	2026-02-14
4	3	2	4	1	1	2	4	4	3	42	1	94	US	R002129	S001542	2026-03-24
2	2	2	4	4	1	4	5	4	5	35	1	99	US	R002130	S002791	2026-02-04
4	2	4	2	2	2	4	4	4	2	53	1	99	US	R002131	S001731	2026-02-15
4	1	3	2	1	1	2	2	2	3	39	1	98	US	R002132	S012850	2026-02-25
4	2	3	4	1	2	2	2	2	5	46	2	96	US	R002133	S008870	2026-02-18
4	5	3	4	2	3	4	4	3	5	47	2	91	US	R002134	S012304	2026-03-16
5	2	5	5	4	5	5	5	5	5	40	1	83	US	R002135	S000238	2026-03-19
4	2	2	5	3	2	3	4	4	5	32	1	87	US	R002136	S007693	2026-03-20
5	4	5	4	4	5	5	5	4	5	20	1	74	US	R002137	S000428	2026-03-19
5	5	4	5	5	1	5	4	5	5	51	2	97	US	R002138	S000993	2026-03-18
4	1	4	4	4	2	1	1	3	3	46	2	82	US	R002139	S001990	2026-02-10
3	2	1	4	1	1	1	4	1	2	32	1	80	US	R002140	S005741	2026-02-17
2	4	2	4	4	1	4	2	4	5	18	1	92	US	R002141	S007965	2026-02-19
2	4	4	4	4	2	2	4	2	5	48	1	92	US	R002142	S001276	2026-02-13
4	2	4	5	4	4	5	4	4	5	22	1	86	US	R002143	S012575	2026-03-01
5	5	5	4	5	4	4	4	5	5	34	1	58	US	R002144	S003087	2026-03-25
5	1	1	5	4	4	1	1	1	1	31	2	86	US	R002145	S011400	2026-03-20
4	2	2	4	2	1	4	4	3	4	38	2	62	US	R002146	S012484	2026-02-21
4	4	2	4	4	3	5	5	5	4	18	1	83	US	R002147	S006643	2026-03-11
3	4	3	4	1	4	5	5	5	5	42	2	91	US	R002148	S010714	2026-02-20
5	3	4	5	4	4	4	3	4	5	48	1	78	US	R002149	S001380	2026-03-06
5	5	4	5	5	5	5	5	5	4	35	2	97	US	R002150	S005084	2026-03-19
3	2	1	4	2	1	3	1	4	4	24	2	96	US	R002151	S008299	2026-03-03
5	2	3	5	4	2	4	4	3	5	49	1	94	US	R002152	S012512	2026-03-13
4	2	2	3	1	1	2	1	1	2	27	1	95	US	R002153	S003298	2026-03-17
4	2	3	4	3	4	3	4	2	4	21	1	86	US	R002154	S003758	2026-03-16
3	2	4	5	2	4	2	4	4	4	39	1	88	US	R002155	S008263	2026-03-08
5	2	4	5	3	2	2	4	1	4	42	1	88	US	R002156	S008300	2026-03-13
5	5	5	3	4	5	5	5	5	4	42	1	96	US	R002157	S001323	2026-03-08
3	4	2	3	3	3	5	5	5	5	34	1	77	US	R002158	S011705	2026-02-02
4	3	4	4	3	2	5	5	5	2	48	1	95	US	R002159	S003266	2026-03-18
2	1	3	5	4	5	5	4	5	5	48	1	76	US	R002160	S003819	2026-02-07
3	3	5	4	3	1	4	4	4	5	32	1	89	US	R002161	S007380	2026-02-04
4	2	2	3	2	1	3	2	3	4	36	1	69	US	R002162	S007783	2026-02-15
3	4	5	3	4	4	2	2	3	5	36	2	65	US	R002163	S012461	2026-02-22
5	2	5	4	4	3	5	5	5	5	21	2	65	US	R002164	S006220	2026-02-19
2	4	2	4	3	1	1	1	2	2	28	1	71	US	R002165	S010149	2026-02-08
2	1	3	4	2	1	4	5	5	5	18	1	88	US	R002166	S007589	2026-03-14
1	2	1	1	1	2	2	1	5	1	46	1	96	US	R002167	S004848	2026-03-16
4	2	5	4	4	5	5	5	2	5	34	1	96	US	R002168	S010101	2026-02-24
3	5	4	4	2	4	3	4	4	5	33	2	87	US	R002169	S001507	2026-02-21
4	2	5	4	3	1	4	4	5	5	51	2	92	US	R002170	S008663	2026-02-05
4	3	5	5	4	2	2	3	2	4	18	1	86	US	R002171	S007169	2026-02-21
1	2	1	4	2	3	3	2	3	2	20	2	96	US	R002172	S003830	2026-03-03
3	4	2	4	1	1	3	2	4	4	62	1	92	US	R002173	S010311	2026-02-18
4	3	5	3	5	4	4	4	4	4	34	1	86	US	R002174	S006283	2026-03-23
4	3	2	5	3	2	2	2	2	4	47	1	93	US	R002175	S007650	2026-03-04
4	5	2	4	3	2	4	4	5	4	28	1	99	US	R002176	S007313	2026-03-03
4	2	1	4	1	1	2	3	4	4	35	1	84	US	R002177	S011396	2026-02-07
5	1	5	5	4	5	5	5	5	5	49	1	92	US	R002178	S010090	2026-02-09
5	1	5	5	5	5	5	4	5	5	50	1	41	US	R002179	S001175	2026-03-22
5	1	2	5	3	3	2	5	4	4	44	1	86	US	R002180	S003218	2026-02-23
1	3	1	4	2	2	3	4	4	2	23	1	80	US	R002181	S004567	2026-02-15
4	4	1	2	2	2	4	2	4	4	18	1	99	US	R002182	S000360	2026-02-22
1	2	3	5	2	1	1	2	3	4	26	2	70	US	R002183	S002584	2026-03-06
4	3	2	5	4	5	5	5	5	3	40	1	89	US	R002184	S011689	2026-03-16
5	1	4	4	2	1	4	2	4	4	43	2	88	US	R002185	S001067	2026-03-10
5	3	5	4	4	5	4	4	5	5	45	1	90	US	R002186	S005006	2026-03-13
4	2	3	4	1	2	2	2	2	5	22	1	51	US	R002187	S009624	2026-02-12
4	1	4	5	4	4	3	5	4	4	18	2	97	US	R002188	S002488	2026-03-10
3	2	3	2	2	4	2	3	1	3	29	2	72	US	R002189	S001673	2026-02-25
2	2	2	3	2	2	4	2	3	2	36	1	86	US	R002190	S000584	2026-03-19
4	1	2	3	1	1	2	3	1	4	59	2	80	US	R002191	S008314	2026-02-05
2	4	1	3	1	1	1	1	2	1	49	1	83	US	R002192	S011374	2026-02-21
4	5	4	4	4	2	4	4	4	1	41	1	88	US	R002193	S010001	2026-02-18
5	4	5	5	5	5	3	4	3	4	30	1	98	US	R002194	S006303	2026-02-09
5	3	4	5	5	4	4	3	4	5	37	2	72	US	R002195	S009145	2026-02-13
4	1	2	5	1	1	2	2	2	5	53	1	64	US	R002196	S010327	2026-03-07
5	5	3	5	5	3	1	2	3	4	36	2	76	US	R002197	S009637	2026-03-08
4	4	5	5	4	5	5	5	5	5	43	1	75	US	R002198	S011971	2026-02-03
5	4	4	5	4	2	1	1	1	2	51	2	79	US	R002199	S011171	2026-03-25
4	1	5	4	4	4	4	4	2	5	29	2	88	US	R002200	S007341	2026-03-11
2	2	5	5	3	5	4	4	4	5	36	2	94	US	R002201	S010102	2026-02-06
5	2	4	4	2	2	4	5	5	4	41	2	89	US	R002202	S007849	2026-03-24
4	4	3	4	2	2	1	5	4	4	43	2	86	US	R002203	S010369	2026-02-23
5	1	4	5	4	4	1	2	4	2	31	2	83	US	R002204	S010445	2026-03-13
4	1	1	3	3	1	5	3	4	4	51	2	99	US	R002205	S004739	2026-03-25
4	2	2	4	2	1	2	4	3	3	27	1	73	US	R002206	S002657	2026-02-15
3	1	3	5	3	4	1	4	4	2	29	1	87	US	R002207	S010053	2026-03-23
3	2	1	3	4	4	2	3	1	4	30	2	77	US	R002208	S007989	2026-03-04
2	1	1	2	1	1	1	2	1	4	39	2	88	US	R002209	S001571	2026-02-09
5	4	5	3	5	2	4	4	2	5	30	1	92	US	R002210	S007118	2026-02-10
3	5	4	5	5	2	1	5	2	4	26	1	85	US	R002211	S002118	2026-02-11
4	4	5	5	4	5	2	4	2	2	39	1	82	US	R002212	S005531	2026-02-15
4	5	4	5	2	2	3	4	3	4	32	2	89	US	R002213	S002325	2026-03-25
4	4	2	5	3	2	1	4	2	3	39	2	94	US	R002214	S007894	2026-02-25
5	5	4	5	5	2	4	4	4	5	18	2	79	US	R002215	S009175	2026-03-21
5	5	4	5	2	2	2	4	4	2	46	2	77	US	R002216	S012875	2026-02-25
5	4	3	5	5	4	5	5	5	5	52	2	81	US	R002217	S007263	2026-03-25
3	2	2	3	1	1	3	5	3	4	24	1	96	US	R002218	S010104	2026-03-26
2	2	4	5	2	2	4	2	3	3	27	2	92	US	R002219	S006725	2026-03-17
4	2	2	2	2	1	4	4	3	4	26	2	66	US	R002220	S006768	2026-02-23
3	2	4	4	2	1	1	2	1	2	28	1	86	US	R002221	S012203	2026-02-15
4	5	4	2	4	2	3	4	5	5	33	1	85	US	R002222	S011671	2026-03-13
4	5	3	5	2	2	1	2	3	2	27	1	92	US	R002223	S011720	2026-02-16
5	3	4	4	4	2	5	1	2	3	27	1	82	US	R002224	S002007	2026-03-03
5	2	4	5	3	4	2	3	3	5	33	2	91	US	R002225	S006900	2026-03-04
4	2	4	2	1	2	1	3	4	5	34	2	85	US	R002226	S010240	2026-03-05
4	2	5	5	5	5	5	5	4	5	29	1	72	US	R002227	S006053	2026-02-22
2	4	1	5	2	2	4	4	4	4	27	2	79	US	R002228	S006023	2026-02-20
4	2	2	4	4	2	3	2	1	4	22	2	90	US	R002229	S002916	2026-02-11
4	4	3	4	3	4	4	4	2	4	47	1	77	US	R002230	S002678	2026-03-02
5	2	5	4	4	1	3	1	4	5	34	1	96	US	R002231	S007157	2026-03-08
2	3	1	2	4	1	1	1	1	1	27	1	74	US	R002232	S000741	2026-02-24
4	2	2	2	4	4	1	1	2	3	43	1	93	US	R002233	S010284	2026-02-10
3	2	1	2	1	2	1	2	3	4	44	2	93	US	R002234	S009494	2026-03-13
4	2	3	5	4	2	5	2	3	5	35	1	91	US	R002235	S007870	2026-02-28
4	4	2	4	4	2	2	2	4	2	44	1	80	US	R002236	S003130	2026-03-06
5	4	5	5	5	4	5	5	5	4	31	1	47	US	R002237	S001212	2026-02-13
4	2	1	5	3	1	1	3	1	4	55	2	97	US	R002238	S007520	2026-02-08
4	5	4	4	3	4	4	4	4	5	31	1	97	US	R002239	S008964	2026-03-21
3	3	3	5	2	1	4	5	5	2	35	2	77	US	R002240	S001626	2026-02-07
5	2	4	3	2	5	4	5	4	2	38	2	91	US	R002241	S005025	2026-02-24
4	5	4	2	2	1	2	2	4	4	18	1	54	US	R002242	S012136	2026-02-04
4	1	4	4	2	1	2	4	4	4	38	2	75	US	R002243	S012201	2026-02-17
5	2	5	5	4	4	5	4	5	5	42	1	88	US	R002244	S012067	2026-03-19
4	2	3	2	4	4	4	5	4	4	33	2	84	US	R002245	S011702	2026-03-22
2	1	4	4	5	2	5	5	4	4	47	2	95	US	R002246	S011395	2026-02-09
4	4	3	5	5	5	3	4	4	5	40	2	69	US	R002247	S005374	2026-02-15
5	4	5	4	4	4	1	5	4	5	31	2	91	US	R002248	S011407	2026-03-18
3	3	2	4	4	5	2	2	3	1	41	1	78	US	R002249	S010994	2026-03-18
5	2	4	5	4	3	5	3	5	5	37	1	59	US	R002250	S007529	2026-03-20
5	4	4	5	3	2	2	3	2	2	30	1	94	US	R002251	S009278	2026-02-13
4	3	5	5	4	2	1	1	1	4	40	1	96	US	R002252	S011121	2026-03-08
3	1	2	3	4	3	4	5	2	4	18	1	90	US	R002253	S002033	2026-03-24
4	2	1	5	1	1	1	1	2	1	18	2	83	US	R002254	S001517	2026-02-16
2	5	2	2	1	2	2	4	3	5	38	1	65	US	R002255	S006107	2026-02-02
1	2	3	5	4	1	4	2	2	5	24	2	74	US	R002256	S005232	2026-02-25
4	5	4	5	5	5	4	3	4	1	18	2	75	US	R002257	S012415	2026-02-02
4	3	2	4	3	2	4	4	3	3	48	1	81	US	R002258	S001164	2026-02-22
3	5	3	5	2	4	4	5	2	4	41	2	74	US	R002259	S011589	2026-02-09
5	5	4	3	4	5	5	5	4	5	32	1	87	US	R002260	S003164	2026-02-24
5	3	5	4	5	4	5	5	5	5	40	1	75	US	R002261	S010627	2026-02-20
5	1	2	5	5	1	4	5	4	4	35	2	93	US	R002262	S005098	2026-02-09
5	4	5	4	5	2	4	1	4	2	25	1	40	US	R002263	S002666	2026-03-25
4	2	4	5	3	2	2	5	2	2	39	1	82	US	R002264	S011616	2026-02-21
4	4	5	5	5	2	2	5	5	3	53	1	76	US	R002265	S012350	2026-02-07
2	5	1	5	2	4	2	5	1	4	18	1	58	US	R002266	S001124	2026-03-23
4	4	4	4	3	1	3	5	4	4	29	1	88	US	R002267	S000100	2026-03-26
5	4	2	4	4	3	5	4	2	3	18	1	76	US	R002268	S003629	2026-03-10
1	4	2	3	1	1	3	4	1	5	55	2	93	US	R002269	S004072	2026-02-10
4	3	2	2	2	2	5	4	4	5	27	2	78	US	R002270	S001823	2026-02-20
4	3	4	3	3	2	2	4	2	3	20	2	57	US	R002271	S000110	2026-03-12
4	2	2	4	4	2	3	4	3	4	35	2	100	US	R002272	S010756	2026-02-23
4	2	4	4	4	2	5	3	5	4	36	1	90	US	R002273	S000566	2026-03-15
5	5	3	4	4	2	1	4	3	4	41	1	73	US	R002274	S012802	2026-03-06
3	4	2	5	2	2	2	2	2	4	28	1	93	US	R002275	S009538	2026-03-23
4	2	2	4	2	2	2	5	3	5	19	1	95	US	R002276	S009546	2026-03-25
2	2	1	4	1	1	1	1	1	4	41	1	88	US	R002277	S004433	2026-02-19
5	2	3	4	3	2	4	2	4	4	33	1	83	US	R002278	S010535	2026-03-04
4	2	2	2	4	1	2	2	3	3	18	1	78	US	R002279	S001294	2026-03-03
4	2	2	4	4	2	5	5	4	2	48	2	95	US	R002280	S001921	2026-02-11
2	3	5	5	5	4	4	4	4	4	35	2	95	US	R002281	S007752	2026-03-05
5	2	4	5	2	3	3	4	3	1	43	1	90	US	R002282	S001787	2026-02-06
4	1	4	5	4	2	4	5	4	4	26	2	77	US	R002283	S012636	2026-03-22
5	4	5	5	5	4	4	5	5	5	26	1	77	US	R002284	S007587	2026-03-09
4	2	2	4	4	1	4	4	4	5	27	1	95	US	R002285	S007917	2026-03-03
5	2	5	2	5	3	5	5	5	5	34	1	90	US	R002286	S012826	2026-03-03
4	3	2	3	3	2	2	2	2	3	33	2	83	US	R002287	S012234	2026-02-08
3	4	5	4	5	5	2	4	3	1	38	1	64	US	R002288	S007129	2026-02-06
2	4	2	5	4	3	4	4	4	4	39	1	89	US	R002289	S010394	2026-02-26
4	2	4	5	4	3	3	4	4	5	49	1	95	US	R002290	S000845	2026-03-12
4	3	4	4	4	3	3	2	4	4	41	1	94	US	R002291	S005520	2026-03-05
4	2	4	4	5	4	2	1	4	4	32	2	93	US	R002292	S012590	2026-03-07
4	1	2	3	4	2	4	4	5	5	34	2	87	US	R002293	S010763	2026-02-07
4	4	3	5	4	1	3	5	3	3	23	1	85	US	R002294	S009755	2026-02-13
5	5	5	5	5	4	1	2	4	2	51	2	87	US	R002295	S008918	2026-02-19
5	2	4	4	4	4	3	1	4	2	26	2	82	US	R002296	S010119	2026-03-04
3	2	3	4	2	1	1	1	2	2	18	2	94	US	R002297	S003017	2026-02-06
5	2	5	4	4	2	1	2	2	4	41	1	81	US	R002298	S004334	2026-03-09
4	3	4	5	1	2	2	3	3	1	36	2	81	US	R002299	S011951	2026-03-14
5	4	5	5	5	4	5	5	5	5	27	1	84	US	R002300	S002831	2026-03-04
4	2	2	5	3	4	4	5	2	3	33	2	97	US	R002301	S006116	2026-03-27
4	5	5	4	4	3	5	5	5	5	42	1	90	US	R002302	S012917	2026-02-06
3	4	4	4	5	2	4	2	4	4	27	2	97	US	R002303	S010534	2026-02-04
4	3	2	4	3	2	2	2	4	3	28	2	68	US	R002304	S011273	2026-03-25
5	2	3	3	4	2	2	4	3	4	40	1	84	US	R002305	S002100	2026-02-14
3	4	2	4	1	4	5	5	5	3	42	1	89	US	R002306	S006987	2026-03-25
5	5	5	5	5	5	4	4	5	4	57	2	96	US	R002307	S004906	2026-02-28
5	2	5	4	2	2	1	3	2	3	23	1	81	US	R002308	S009781	2026-03-17
3	4	4	4	3	1	1	1	3	2	43	1	90	US	R002309	S008302	2026-02-11
4	3	4	4	3	1	5	5	4	5	41	2	91	US	R002310	S009882	2026-03-18
2	3	3	3	4	3	1	3	4	2	21	2	69	US	R002311	S004189	2026-03-23
4	3	5	5	5	5	4	5	5	5	38	1	95	US	R002312	S002350	2026-02-21
4	3	2	5	1	4	1	2	4	3	31	2	88	US	R002313	S011432	2026-03-13
4	5	5	5	4	2	5	4	4	5	21	2	77	US	R002314	S012748	2026-02-14
4	2	2	3	2	2	2	3	2	2	20	1	76	US	R002315	S001205	2026-02-23
2	4	4	5	4	5	4	3	5	5	18	1	76	US	R002316	S006416	2026-03-27
1	4	3	4	3	1	5	3	4	4	37	1	84	US	R002317	S003226	2026-02-05
5	2	4	4	5	2	3	3	3	4	49	2	95	US	R002318	S003257	2026-02-28
4	1	4	4	3	2	2	2	4	3	18	1	96	US	R002319	S009986	2026-02-04
4	5	4	4	5	3	3	4	4	5	33	1	74	US	R002320	S000356	2026-03-16
4	2	2	4	3	1	5	3	4	5	41	1	63	US	R002321	S001171	2026-02-14
4	4	4	3	3	1	4	4	5	5	28	2	92	US	R002322	S002492	2026-03-06
5	3	4	4	4	4	3	2	3	4	41	1	90	US	R002323	S004865	2026-02-24
5	2	4	4	2	4	3	3	2	4	40	1	87	US	R002324	S010698	2026-02-05
5	5	3	5	5	2	2	4	3	4	26	2	73	US	R002325	S010710	2026-03-05
4	1	3	4	3	2	3	5	4	3	23	1	92	US	R002326	S008272	2026-02-21
5	4	2	4	3	2	2	4	4	4	38	1	79	US	R002327	S009381	2026-02-15
3	2	2	4	1	1	3	5	5	3	28	1	91	US	R002328	S012784	2026-02-28
3	1	4	5	5	2	5	2	2	4	42	1	98	US	R002329	S010307	2026-02-13
4	2	2	5	1	2	2	3	4	4	42	1	88	US	R002330	S004399	2026-03-04
5	3	4	4	4	2	2	2	4	2	53	2	90	US	R002331	S001053	2026-02-13
2	5	1	2	2	2	1	4	1	2	35	1	80	US	R002332	S004350	2026-02-05
4	3	5	5	5	2	4	2	5	5	35	1	63	US	R002333	S002503	2026-03-07
4	4	4	5	4	5	5	5	2	4	43	2	89	US	R002334	S002286	2026-02-28
5	2	3	5	3	3	4	4	4	4	55	1	95	US	R002335	S009310	2026-02-02
5	5	5	5	5	4	5	4	5	4	39	2	93	US	R002336	S005861	2026-03-16
5	2	5	4	4	2	1	2	2	4	37	1	83	US	R002337	S012387	2026-02-22
4	3	3	4	3	3	4	4	4	5	29	2	85	US	R002338	S005607	2026-02-22
5	4	4	5	5	5	4	3	2	4	38	1	97	US	R002339	S001293	2026-02-23
2	2	1	2	2	1	2	2	4	2	44	1	92	US	R002340	S009915	2026-02-05
4	2	4	5	5	5	5	4	5	5	43	1	54	US	R002341	S011567	2026-02-08
4	5	4	4	5	3	5	5	4	5	49	1	69	US	R002342	S011901	2026-03-23
1	2	2	4	2	1	1	3	3	4	35	1	71	US	R002343	S003620	2026-02-27
4	2	5	4	4	4	1	1	4	3	44	1	95	US	R002344	S010877	2026-03-12
5	2	4	5	5	3	3	4	4	4	36	1	91	US	R002345	S007792	2026-03-07
2	2	3	3	2	2	4	2	2	4	40	1	93	US	R002346	S002243	2026-03-25
5	3	4	5	5	1	2	4	3	4	21	2	82	US	R002347	S002685	2026-03-17
4	4	5	3	4	2	5	4	4	5	39	2	73	US	R002348	S012550	2026-02-17
4	1	2	2	2	1	4	5	4	5	38	1	80	US	R002349	S011117	2026-02-02
2	1	1	5	2	1	1	3	1	4	51	2	90	US	R002350	S004862	2026-02-12
3	3	4	4	2	4	1	2	2	2	22	2	96	US	R002351	S005276	2026-03-25
4	3	5	5	3	2	4	3	3	1	26	1	61	US	R002352	S012108	2026-03-09
3	2	3	4	2	1	5	4	4	5	38	1	75	US	R002353	S000164	2026-03-19
3	4	4	5	3	2	4	4	2	3	23	1	96	US	R002354	S003435	2026-02-06
5	5	5	5	5	2	5	5	4	5	48	1	93	US	R002355	S000090	2026-02-18
5	2	3	4	1	3	1	3	4	4	31	1	91	US	R002356	S005475	2026-03-03
3	3	3	4	3	2	2	4	1	3	33	2	88	US	R002357	S008607	2026-03-24
5	2	4	4	4	2	5	5	4	5	19	1	79	US	R002358	S009647	2026-03-15
3	2	4	4	5	5	2	2	2	4	52	1	88	US	R002359	S009994	2026-03-17
3	2	4	5	4	5	1	4	1	4	30	1	99	US	R002360	S008466	2026-03-01
4	2	5	5	4	5	5	5	4	5	42	1	95	US	R002361	S005874	2026-02-24
5	2	5	5	4	5	1	4	4	4	46	2	78	US	R002362	S009431	2026-02-16
5	3	5	5	4	4	3	4	2	3	24	2	65	US	R002363	S006311	2026-02-26
4	2	4	4	3	2	4	4	4	4	24	1	88	US	R002364	S003692	2026-02-21
5	2	2	3	1	4	2	1	4	3	32	1	84	US	R002365	S008046	2026-03-20
2	2	2	3	1	1	4	3	4	3	33	1	99	US	R002366	S011302	2026-02-23
5	2	4	4	4	4	3	2	2	4	18	1	89	US	R002367	S006035	2026-02-03
5	5	5	5	5	5	5	4	5	3	40	1	95	US	R002368	S010174	2026-02-12
5	1	4	5	4	3	1	2	1	3	43	1	77	US	R002369	S003602	2026-03-22
4	2	2	3	4	1	4	5	5	4	18	2	78	US	R002370	S011651	2026-02-27
5	2	2	2	2	1	4	2	4	2	43	2	81	US	R002371	S005622	2026-03-20
4	4	5	5	4	4	5	5	4	4	36	1	99	US	R002372	S001478	2026-03-14
5	2	2	1	3	4	1	1	1	1	40	2	71	US	R002373	S007289	2026-03-22
2	4	2	5	1	1	2	3	2	4	31	1	85	US	R002374	S004928	2026-02-06
5	5	4	4	4	2	5	4	3	5	21	1	74	US	R002375	S006155	2026-03-11
4	1	4	4	2	1	1	2	1	4	37	1	97	US	R002376	S000797	2026-02-26
5	4	2	4	5	4	5	4	4	5	18	1	88	US	R002377	S000083	2026-03-19
5	3	5	4	5	2	2	5	2	4	34	2	82	US	R002378	S005997	2026-03-09
2	3	5	5	4	5	4	3	5	5	20	1	94	US	R002379	S001592	2026-03-22
3	1	1	4	2	2	1	2	4	1	18	1	98	US	R002380	S008429	2026-02-22
5	5	5	4	5	5	5	2	4	2	40	1	91	US	R002381	S003789	2026-03-24
5	1	2	4	2	1	1	1	4	4	34	1	94	US	R002382	S011221	2026-03-06
5	2	5	5	4	4	2	1	2	3	52	2	90	US	R002383	S008249	2026-02-28
1	4	1	2	1	1	4	4	2	4	44	2	95	US	R002384	S002304	2026-02-22
3	2	2	4	2	1	4	4	4	3	27	2	56	US	R002385	S007227	2026-03-10
4	4	4	5	5	2	4	5	5	5	40	1	95	US	R002386	S011772	2026-03-15
4	5	4	4	2	2	5	4	2	5	35	1	90	US	R002387	S008751	2026-03-22
4	2	5	5	5	4	5	5	5	4	34	1	97	US	R002388	S003021	2026-02-14
5	5	5	5	5	4	5	4	4	5	56	2	81	US	R002389	S012051	2026-02-17
5	5	3	5	2	4	4	4	4	5	40	1	80	US	R002390	S007242	2026-02-17
4	2	1	5	5	3	4	4	2	3	33	1	59	US	R002391	S001170	2026-02-11
5	5	5	5	5	5	2	3	4	5	35	1	74	US	R002392	S012707	2026-02-27
4	2	4	5	5	2	4	1	4	2	53	2	73	US	R002393	S005184	2026-03-15
3	1	4	2	4	1	1	2	2	1	32	2	63	US	R002394	S000258	2026-02-04
2	5	3	4	4	4	5	4	2	5	35	1	89	US	R002395	S001926	2026-02-03
5	2	4	1	5	5	5	5	4	5	18	2	90	US	R002396	S000267	2026-02-18
4	1	4	4	3	1	1	1	2	1	27	2	75	US	R002397	S000688	2026-02-14
5	5	5	5	5	4	4	4	4	5	42	1	90	US	R002398	S001898	2026-03-16
5	5	4	5	4	4	4	5	5	5	35	1	88	US	R002399	S006031	2026-02-04
5	1	4	4	3	4	4	4	3	3	28	1	88	US	R002400	S002461	2026-03-03
2	3	4	4	2	1	4	5	5	3	37	2	88	US	R002401	S010450	2026-02-16
5	1	2	2	4	2	4	2	5	3	50	2	79	US	R002402	S005844	2026-03-14
4	2	3	4	2	1	4	4	4	5	32	1	96	US	R002403	S008667	2026-02-04
4	4	3	4	5	4	2	2	4	4	28	2	90	US	R002404	S009237	2026-03-16
5	5	4	5	5	5	4	5	5	4	22	1	97	US	R002405	S012695	2026-03-07
3	3	3	4	3	2	5	3	5	4	52	1	91	US	R002406	S003648	2026-02-08
3	2	3	1	1	1	1	1	4	4	20	2	70	US	R002407	S004397	2026-03-17
5	5	3	5	4	3	4	2	2	3	36	2	76	US	R002408	S010035	2026-02-19
2	3	1	3	2	1	2	1	2	4	51	2	79	US	R002409	S004997	2026-03-04
3	4	2	5	2	1	4	4	5	5	48	1	91	US	R002410	S002191	2026-02-22
4	2	4	5	5	3	1	4	3	2	45	1	64	US	R002411	S012043	2026-02-20
3	1	2	2	1	1	1	2	1	1	18	1	78	US	R002412	S010727	2026-02-08
4	2	2	5	5	2	1	3	2	1	35	1	91	US	R002413	S010613	2026-02-12
5	4	4	5	2	2	2	5	3	4	43	1	69	US	R002414	S007468	2026-03-10
5	2	5	4	5	4	2	3	4	4	32	1	90	US	R002415	S011859	2026-02-17
4	3	4	4	4	4	3	5	4	3	25	1	84	US	R002416	S010651	2026-03-19
4	4	4	4	4	2	4	4	2	4	42	2	96	US	R002417	S001918	2026-03-06
2	2	2	4	4	2	5	4	4	5	28	1	95	US	R002418	S002364	2026-02-06
5	2	3	5	1	3	5	4	5	4	37	1	88	US	R002419	S000879	2026-02-15
4	2	3	4	2	2	2	3	3	4	27	2	99	US	R002420	S006284	2026-03-12
4	2	2	5	2	2	1	2	2	2	48	1	89	US	R002421	S003568	2026-03-24
4	1	2	2	3	1	1	4	3	4	27	2	78	US	R002422	S000499	2026-03-27
5	2	2	3	1	2	4	4	5	4	55	1	89	US	R002423	S004777	2026-03-17
5	4	5	4	4	5	4	4	5	5	46	1	96	US	R002424	S006482	2026-02-27
5	4	5	5	5	5	4	5	5	5	47	2	91	US	R002425	S010558	2026-03-16
5	2	4	5	3	3	4	2	5	2	18	2	59	US	R002426	S003476	2026-02-15
4	5	5	5	5	4	5	5	5	5	46	2	88	US	R002427	S002314	2026-02-26
5	5	4	2	4	4	5	4	3	4	20	2	86	US	R002428	S000286	2026-03-11
4	2	3	2	4	2	4	5	4	4	30	1	96	US	R002429	S003772	2026-03-18
2	5	2	2	2	3	1	1	1	4	37	1	87	US	R002430	S004206	2026-03-01
4	4	4	5	4	1	1	2	2	4	32	1	96	US	R002431	S002692	2026-02-26
4	5	5	4	2	2	4	5	5	4	48	1	87	US	R002432	S005847	2026-02-17
5	3	4	5	2	1	2	3	3	2	34	1	80	US	R002433	S008610	2026-02-12
2	2	4	4	2	2	4	4	4	4	39	1	79	US	R002434	S009150	2026-02-08
4	2	4	5	4	5	5	5	5	3	31	2	76	US	R002435	S000928	2026-03-19
5	2	5	4	5	4	3	4	3	2	29	1	75	US	R002436	S011817	2026-02-08
5	2	4	4	3	3	3	2	3	2	52	2	87	US	R002437	S008786	2026-02-20
4	1	2	3	4	1	3	4	4	5	18	1	66	US	R002438	S008896	2026-03-25
1	2	1	3	1	1	3	1	2	2	30	2	76	US	R002439	S009002	2026-03-14
1	2	3	3	3	2	3	4	2	4	36	2	92	US	R002440	S005212	2026-03-22
4	2	1	4	1	1	1	3	2	1	19	1	61	US	R002441	S003601	2026-02-21
5	2	3	4	4	3	4	5	3	2	48	2	68	US	R002442	S009652	2026-02-21
5	3	4	5	4	2	2	4	5	4	26	1	82	US	R002443	S005448	2026-02-08
3	5	4	4	4	1	2	2	2	5	31	2	93	US	R002444	S006083	2026-02-13
3	4	5	4	2	4	4	2	3	2	33	2	80	US	R002445	S012574	2026-03-02
2	2	2	5	2	2	2	1	4	4	23	2	84	US	R002446	S001110	2026-02-16
4	5	3	4	2	1	4	5	4	3	18	1	66	US	R002447	S011833	2026-02-06
5	4	4	5	4	4	4	2	5	5	32	2	90	US	R002448	S009563	2026-03-13
2	2	3	4	2	2	4	2	2	4	32	2	79	US	R002449	S006935	2026-03-21
3	5	3	4	3	2	3	2	3	2	39	2	94	US	R002450	S011258	2026-03-19
2	2	1	3	3	3	5	5	5	5	28	1	82	US	R002451	S009545	2026-02-26
4	5	5	5	5	4	4	5	5	3	42	1	94	US	R002452	S002050	2026-02-05
5	3	1	4	2	3	1	3	4	4	37	1	98	US	R002453	S007007	2026-02-28
5	2	5	4	4	5	4	4	4	5	24	2	99	US	R002454	S009235	2026-02-05
3	1	1	2	1	2	2	1	4	5	34	1	70	US	R002455	S005553	2026-02-07
1	5	4	5	2	1	5	4	4	5	44	1	66	US	R002456	S006807	2026-03-07
4	4	4	4	3	1	5	2	5	5	37	2	74	US	R002457	S000747	2026-02-13
4	2	4	5	3	3	3	3	4	2	18	2	77	US	R002458	S010091	2026-02-04
5	2	5	5	3	2	1	1	1	4	57	2	94	US	R002459	S012291	2026-03-21
3	1	2	3	2	1	2	3	2	3	39	2	92	US	R002460	S012116	2026-03-05
5	3	3	5	4	1	4	3	4	4	52	1	92	US	R002461	S002230	2026-02-12
2	3	3	4	2	2	4	3	4	5	36	1	81	US	R002462	S012537	2026-02-02
4	3	1	4	1	1	2	4	2	4	20	1	85	US	R002463	S009339	2026-02-05
1	2	2	5	1	3	2	1	4	1	31	1	73	US	R002464	S011990	2026-02-21
4	3	3	5	4	2	4	2	4	2	41	2	87	US	R002465	S010384	2026-02-06
4	3	4	4	4	4	4	4	4	4	49	1	96	US	R002466	S012824	2026-03-19
3	1	4	4	4	2	5	4	5	5	35	1	89	US	R002467	S010716	2026-03-07
5	4	3	5	3	5	2	5	4	2	33	1	93	US	R002468	S000583	2026-02-13
5	4	3	3	3	5	5	5	5	5	54	1	75	US	R002469	S005895	2026-02-19
5	3	5	5	5	5	5	5	5	4	47	1	96	US	R002470	S007940	2026-03-25
4	3	3	4	4	3	4	5	4	4	32	2	96	US	R002471	S003746	2026-02-02
3	5	3	5	4	1	4	4	5	5	21	2	79	US	R002472	S002588	2026-02-07
2	3	3	4	3	2	4	1	4	4	50	1	85	US	R002473	S008703	2026-02-14
1	2	2	2	2	1	1	2	1	4	47	2	83	US	R002474	S010582	2026-03-19
1	2	2	4	2	2	1	2	2	1	50	1	72	US	R002475	S006629	2026-03-05
4	2	2	3	5	4	1	2	3	3	33	1	80	US	R002476	S010674	2026-02-20
3	5	4	4	5	2	5	4	5	5	26	2	90	US	R002477	S003745	2026-02-18
5	5	2	4	4	4	2	2	2	5	41	1	87	US	R002478	S002634	2026-03-24
5	5	5	5	4	2	4	3	5	3	24	1	88	US	R002479	S000201	2026-02-18
5	5	3	4	4	3	4	4	3	4	39	2	73	US	R002480	S011441	2026-02-13
5	3	4	5	4	4	4	5	2	4	36	1	78	US	R002481	S004638	2026-02-28
2	4	3	2	1	2	2	3	4	3	18	2	97	US	R002482	S009245	2026-03-08
5	4	4	5	5	5	5	4	5	2	27	2	87	US	R002483	S007851	2026-02-02
4	2	3	4	3	3	3	4	2	4	35	2	95	US	R002484	S008309	2026-03-23
5	5	5	5	5	4	3	4	5	4	37	1	54	US	R002485	S001919	2026-03-02
5	3	4	3	5	1	3	2	4	4	35	2	98	US	R002486	S007338	2026-03-22
3	3	1	3	2	1	4	3	4	4	33	2	78	US	R002487	S012879	2026-03-04
5	2	4	4	3	3	3	4	5	4	32	2	85	US	R002488	S008644	2026-03-20
4	3	4	4	2	1	4	3	4	2	38	1	84	US	R002489	S012354	2026-03-07
5	4	2	4	3	2	2	4	4	4	40	1	98	US	R002490	S009950	2026-02-16
2	2	1	4	2	1	2	2	1	3	49	1	90	US	R002491	S003407	2026-03-09
4	2	5	4	5	4	4	3	5	5	18	2	97	US	R002492	S001386	2026-03-06
4	4	5	5	5	5	1	4	4	3	27	1	92	US	R002493	S004119	2026-03-07
5	2	3	5	3	3	3	4	4	4	33	1	59	US	R002494	S001381	2026-02-09
5	5	4	4	4	4	5	5	5	5	39	1	99	US	R002495	S006243	2026-02-07
1	1	4	5	4	2	1	3	3	2	35	2	72	US	R002496	S012846	2026-03-12
4	2	3	4	2	2	4	3	5	2	35	1	80	US	R002497	S011653	2026-02-07
4	4	2	5	2	3	1	4	3	5	25	1	88	US	R002498	S007235	2026-02-14
2	3	2	4	5	2	3	2	2	2	30	1	95	US	R002499	S005150	2026-03-03
3	1	2	2	2	1	1	3	1	4	37	1	89	US	R002500	S008033	2026-03-15
5	2	3	3	3	2	2	4	2	3	28	1	75	US	R002501	S005148	2026-03-10
2	3	3	4	3	3	4	2	3	4	28	1	97	US	R002502	S006676	2026-02-10
1	4	2	3	3	1	5	5	4	3	18	1	91	US	R002503	S007883	2026-02-08
2	2	1	4	1	2	4	2	3	4	21	2	83	US	R002504	S010179	2026-02-06
5	1	2	5	3	5	4	4	5	5	42	1	81	US	R002505	S007735	2026-03-13
3	1	2	4	4	2	3	1	5	4	29	2	98	US	R002506	S006356	2026-02-06
4	3	1	2	3	2	4	2	2	2	38	2	78	US	R002507	S000571	2026-03-17
5	4	5	5	5	5	4	4	4	4	59	1	95	US	R002508	S004162	2026-03-19
2	1	5	4	2	1	2	4	4	4	43	1	96	US	R002509	S011574	2026-02-22
2	2	3	4	1	2	5	3	4	4	44	1	84	US	R002510	S008537	2026-02-25
4	2	3	2	1	1	4	4	4	4	29	1	91	US	R002511	S005908	2026-03-15
4	2	2	4	5	5	2	4	1	4	27	2	81	US	R002512	S008135	2026-02-06
4	4	1	4	4	1	4	3	4	3	24	1	86	US	R002513	S000765	2026-02-18
5	2	5	5	5	5	3	5	4	4	23	1	98	US	R002514	S011968	2026-03-13
4	2	5	5	5	4	4	4	5	5	47	2	79	US	R002515	S011543	2026-03-08
4	1	1	2	2	1	4	2	4	4	52	1	72	US	R002516	S004720	2026-02-13
5	1	5	4	5	4	2	2	4	4	47	2	99	US	R002517	S012399	2026-02-27
4	4	5	5	5	5	4	4	4	2	32	1	84	US	R002518	S003656	2026-03-17
4	2	2	3	4	2	2	4	5	2	29	2	86	US	R002519	S000542	2026-03-25
5	2	3	5	4	4	4	4	4	4	38	1	94	US	R002520	S012393	2026-03-13
5	3	4	4	5	4	4	3	5	5	44	1	95	US	R002521	S006633	2026-02-18
2	4	4	5	4	2	3	4	4	4	24	2	91	US	R002522	S004950	2026-03-11
5	2	4	4	3	2	2	5	3	4	37	2	88	US	R002523	S009044	2026-02-25
5	2	4	5	4	3	4	2	2	4	35	2	91	US	R002524	S009847	2026-03-01
4	2	5	3	4	4	5	4	4	4	53	1	78	US	R002525	S007802	2026-03-08
4	4	4	5	2	4	5	5	5	5	36	2	73	US	R002526	S005354	2026-03-09
4	5	3	3	3	2	4	2	5	4	31	1	82	US	R002527	S008668	2026-03-14
5	4	5	4	5	5	3	4	4	3	24	2	87	US	R002528	S010528	2026-02-27
4	1	2	5	3	4	5	4	5	5	33	2	72	US	R002529	S003122	2026-02-23
2	2	1	1	1	1	1	3	1	2	18	2	86	US	R002530	S008474	2026-03-12
5	2	5	5	4	2	2	5	4	4	38	1	94	US	R002531	S009462	2026-02-27
5	1	1	1	3	2	4	2	2	4	39	1	91	US	R002532	S006571	2026-02-15
5	2	4	2	2	3	2	2	5	4	22	2	91	US	R002533	S001101	2026-03-18
3	4	4	4	5	5	1	3	4	3	37	1	75	US	R002534	S005867	2026-03-24
5	4	5	5	5	4	5	4	3	2	30	1	90	US	R002535	S006720	2026-02-09
5	2	5	5	5	3	5	5	5	5	32	2	66	US	R002536	S011980	2026-03-05
5	2	5	5	5	4	3	2	4	4	27	1	79	US	R002537	S007229	2026-02-20
5	3	2	5	5	5	5	2	4	3	52	1	86	US	R002538	S006514	2026-03-14
4	2	4	5	2	1	1	4	1	1	40	1	95	US	R002539	S003339	2026-03-05
4	5	5	3	5	3	1	4	3	3	48	2	98	US	R002540	S004630	2026-02-11
4	2	5	5	2	1	2	2	2	2	59	2	85	US	R002541	S011301	2026-03-17
5	2	4	4	5	5	1	1	2	3	47	2	89	US	R002542	S003391	2026-02-16
3	1	5	5	4	1	4	4	5	4	34	2	96	US	R002543	S009727	2026-03-19
4	1	2	4	4	1	5	3	4	4	30	1	77	US	R002544	S003475	2026-03-07
5	4	3	5	2	3	3	2	1	5	46	2	81	US	R002545	S007591	2026-02-14
4	1	4	4	4	3	5	5	4	5	54	1	81	US	R002546	S012131	2026-02-21
5	1	5	5	3	2	3	5	3	3	53	1	82	US	R002547	S012013	2026-02-03
4	5	4	5	4	2	5	5	4	5	20	1	70	US	R002548	S005420	2026-02-03
4	3	3	4	2	2	2	4	4	4	27	1	89	US	R002549	S005179	2026-03-03
4	5	2	4	2	3	4	3	5	4	44	1	98	US	R002550	S004783	2026-02-11
3	3	4	4	4	2	4	5	4	4	47	1	98	US	R002551	S009858	2026-02-15
5	1	4	4	2	3	3	1	3	4	27	1	91	US	R002552	S009273	2026-03-14
5	3	4	5	5	2	5	5	5	5	45	1	86	US	R002553	S007122	2026-03-18
3	2	4	5	4	5	3	5	3	4	40	1	75	US	R002554	S008622	2026-03-26
4	3	5	5	3	5	4	2	3	4	55	1	81	US	R002555	S000288	2026-03-02
4	5	4	4	2	5	4	4	2	4	36	1	80	US	R002556	S012122	2026-03-22
4	2	4	4	2	1	4	5	2	4	41	2	54	US	R002557	S006789	2026-02-19
4	5	2	5	3	2	1	3	2	4	31	1	77	US	R002558	S008762	2026-02-23
4	2	4	5	5	4	4	4	4	4	30	1	93	US	R002559	S011394	2026-03-02
4	3	5	5	5	5	5	5	5	5	24	1	78	US	R002560	S012936	2026-02-08
2	1	3	4	2	1	4	5	5	5	18	1	88	US	R002561	S002469	2026-03-25
5	4	5	5	4	4	4	5	5	5	27	2	56	US	R002562	S009449	2026-02-11
4	3	4	4	4	3	5	5	4	4	19	2	95	US	R002563	S004318	2026-03-22
4	1	2	5	2	3	2	2	2	1	30	1	78	US	R002564	S005340	2026-02-04
5	2	4	5	5	3	5	5	5	5	18	1	82	US	R002565	S012176	2026-03-07
5	4	5	5	4	5	4	5	4	5	18	1	90	US	R002566	S003012	2026-02-20
3	1	1	2	3	1	3	4	4	2	39	1	89	US	R002567	S012353	2026-02-13
3	2	1	4	1	3	4	4	5	5	36	2	90	US	R002568	S007452	2026-03-01
4	5	4	5	4	3	3	4	3	4	30	1	45	US	R002569	S012509	2026-03-05
4	4	4	4	4	4	1	2	2	1	30	1	92	US	R002570	S010460	2026-02-06
5	2	5	5	4	5	5	5	5	5	32	1	78	US	R002571	S009629	2026-02-19
3	1	3	4	3	2	4	4	4	4	32	1	71	US	R002572	S005846	2026-03-13
2	4	2	4	2	1	1	4	2	5	43	1	93	US	R002573	S002186	2026-03-27
3	5	4	3	4	5	5	3	5	4	29	2	80	US	R002574	S007798	2026-03-24
4	3	2	4	2	2	3	2	3	2	40	1	63	US	R002575	S008390	2026-03-18
2	5	4	4	4	4	3	4	4	4	20	1	90	US	R002576	S009568	2026-02-24
4	3	2	5	2	4	3	4	2	4	54	1	87	US	R002577	S000638	2026-03-26
4	5	3	5	4	3	5	5	4	4	21	1	88	US	R002578	S009505	2026-03-13
5	5	2	5	5	2	4	3	3	5	25	2	86	US	R002579	S000848	2026-03-21
2	4	1	4	1	1	1	3	2	1	34	2	86	US	R002580	S007456	2026-02-09
2	2	4	4	2	4	3	2	3	5	52	2	99	US	R002581	S010988	2026-03-09
5	2	5	5	5	5	5	5	4	4	43	2	90	US	R002582	S012922	2026-03-07
4	5	5	5	5	2	4	5	5	4	34	1	86	US	R002583	S001836	2026-03-10
5	5	3	5	5	5	5	2	4	5	50	1	78	US	R002584	S006825	2026-03-02
5	5	4	4	3	3	4	3	4	4	28	1	77	US	R002585	S012529	2026-03-06
5	4	3	5	2	5	1	2	2	1	26	2	88	US	R002586	S005983	2026-02-17
4	3	3	4	2	2	4	1	4	4	38	1	86	US	R002587	S011099	2026-03-18
2	4	2	2	2	1	3	3	2	4	26	1	82	US	R002588	S007239	2026-03-20
4	2	3	5	5	2	2	4	3	4	31	2	82	US	R002589	S003740	2026-02-28
5	4	4	4	4	2	4	4	4	5	36	2	84	US	R002590	S000582	2026-02-14
4	3	5	3	4	4	1	1	1	2	61	1	81	US	R002591	S009502	2026-02-11
4	5	4	4	2	2	3	3	4	4	32	1	95	US	R002592	S010623	2026-02-13
3	3	3	4	4	3	2	2	1	4	30	1	75	US	R002593	S010956	2026-03-10
4	3	4	5	5	2	4	3	4	4	42	2	78	US	R002594	S007383	2026-02-21
2	2	4	3	4	3	5	5	5	5	55	1	90	US	R002595	S001477	2026-03-16
5	3	5	5	5	5	5	4	2	4	33	2	66	US	R002596	S012726	2026-03-02
4	1	4	4	2	3	4	4	3	1	45	1	95	US	R002597	S012424	2026-03-06
2	2	2	4	4	2	4	4	4	5	30	2	76	US	R002598	S011204	2026-03-02
4	2	2	5	2	1	2	4	3	3	57	2	98	US	R002599	S000255	2026-03-03
4	1	3	5	5	4	2	4	4	3	43	2	94	US	R002600	S009746	2026-03-26
4	4	4	5	4	1	2	2	4	4	40	2	58	US	R002601	S003194	2026-03-26
5	2	2	4	4	1	5	4	4	4	40	1	85	US	R002602	S010108	2026-03-08
5	4	3	2	4	1	2	2	4	4	40	1	93	US	R002603	S002251	2026-02-04
5	3	1	3	3	2	2	5	4	4	23	1	86	US	R002604	S010396	2026-02-26
5	4	5	5	4	2	1	1	2	3	44	2	97	US	R002605	S001615	2026-02-26
5	5	5	4	5	5	4	5	4	5	34	2	85	US	R002606	S000541	2026-03-01
4	2	3	4	2	5	1	2	1	2	49	1	91	US	R002607	S008354	2026-03-26
2	3	4	4	1	1	2	1	1	3	18	2	96	US	R002608	S003943	2026-02-12
5	1	3	2	3	4	3	4	2	4	39	1	94	US	R002609	S000007	2026-02-04
4	2	3	4	4	2	4	3	3	5	42	2	92	US	R002610	S008830	2026-03-12
5	4	5	2	5	5	4	5	5	4	19	1	90	US	R002611	S002908	2026-03-11
4	5	3	5	2	4	5	5	5	4	29	1	50	US	R002612	S012488	2026-02-11
4	2	4	4	4	4	3	5	4	4	34	2	93	US	R002613	S001296	2026-02-10
5	2	4	4	4	1	1	2	1	3	23	1	91	US	R002614	S002158	2026-02-11
5	5	5	4	5	3	3	4	4	4	37	1	57	US	R002615	S000739	2026-02-25
4	4	4	5	3	2	4	5	4	4	25	1	91	US	R002616	S005246	2026-03-17
3	3	1	5	2	4	1	4	1	4	51	2	84	US	R002617	S009374	2026-02-10
4	5	4	1	2	1	1	2	2	5	18	1	80	US	R002618	S001901	2026-03-15
2	1	1	1	1	1	1	2	2	2	25	2	87	US	R002619	S012919	2026-02-13
5	2	2	5	4	2	3	4	4	4	30	1	80	US	R002620	S009828	2026-03-06
5	4	4	5	5	1	3	5	4	2	35	1	91	US	R002621	S000120	2026-02-18
4	4	5	5	5	5	4	4	5	4	50	2	92	US	R002622	S005129	2026-03-04
5	3	5	4	4	4	3	4	4	3	32	1	65	US	R002623	S007135	2026-03-08
4	1	2	3	2	4	3	4	5	4	40	2	92	US	R002624	S004665	2026-02-22
2	5	4	4	5	2	4	5	4	4	48	2	93	US	R002625	S004842	2026-03-22
4	4	2	3	5	2	4	4	5	3	25	1	86	US	R002626	S002301	2026-03-04
5	4	4	4	5	2	4	5	2	5	30	2	81	US	R002627	S006907	2026-02-16
3	1	1	4	2	1	2	3	2	4	30	2	96	US	R002628	S010531	2026-02-19
2	4	5	5	3	2	4	4	5	4	38	1	92	US	R002629	S007530	2026-03-13
5	3	4	4	4	1	3	5	3	5	24	1	58	US	R002630	S006018	2026-03-06
4	4	3	4	2	4	1	2	1	3	39	1	77	US	R002631	S007670	2026-02-04
3	2	4	4	5	4	2	2	3	4	25	1	93	US	R002632	S005153	2026-03-21
5	5	4	5	5	5	5	5	5	4	34	2	94	US	R002633	S001357	2026-03-23
4	3	2	2	2	1	4	4	4	4	42	1	70	US	R002634	S009138	2026-03-05
4	2	3	5	2	2	4	2	3	4	28	1	84	US	R002635	S005749	2026-03-19
2	2	3	5	1	2	1	4	2	2	26	1	70	US	R002636	S002499	2026-02-20
4	5	4	5	4	3	1	5	4	2	18	1	90	US	R002637	S012757	2026-02-06
4	3	4	4	3	2	1	2	3	3	28	2	77	US	R002638	S005941	2026-02-26
5	4	3	4	3	1	4	3	4	5	47	2	63	US	R002639	S001123	2026-03-20
5	3	5	4	5	5	5	2	4	4	30	1	92	US	R002640	S004824	2026-03-01
4	2	3	4	2	4	4	1	5	5	22	1	88	US	R002641	S001965	2026-03-13
4	4	1	2	1	1	1	4	1	2	45	2	78	US	R002642	S002172	2026-03-07
5	4	5	5	4	1	2	2	2	4	21	1	90	US	R002643	S008325	2026-02-20
4	3	3	4	3	1	2	5	4	2	30	2	78	US	R002644	S007059	2026-03-27
4	2	4	4	4	3	3	1	4	1	47	1	89	US	R002645	S011526	2026-02-14
5	5	2	4	2	3	5	3	5	3	28	1	81	US	R002646	S000412	2026-02-10
4	4	4	4	2	2	2	2	2	4	34	2	66	US	R002647	S009965	2026-03-16
4	1	4	4	3	3	3	2	3	5	46	2	97	US	R002648	S006687	2026-03-13
4	2	4	4	5	2	5	4	5	4	39	1	100	US	R002649	S012927	2026-02-18
5	1	4	4	5	3	2	1	3	3	36	1	88	US	R002650	S006607	2026-02-26
4	3	5	4	5	5	3	5	4	3	40	1	70	US	R002651	S001330	2026-03-15
2	4	1	3	1	2	1	1	2	2	51	1	98	US	R002652	S001640	2026-03-03
5	4	5	5	5	2	4	5	5	5	35	1	93	US	R002653	S007113	2026-02-06
4	2	5	5	4	4	4	5	5	5	46	2	86	US	R002654	S006502	2026-03-02
4	4	2	4	2	2	2	4	4	5	40	2	91	US	R002655	S008441	2026-02-16
5	2	3	4	3	4	2	4	2	2	38	1	94	US	R002656	S010997	2026-03-03
4	4	3	5	4	5	5	2	3	4	18	2	95	US	R002657	S008543	2026-03-17
2	5	4	4	2	2	2	1	4	3	39	2	93	US	R002658	S002476	2026-02-05
2	1	2	2	2	3	4	3	4	4	38	1	82	US	R002659	S010285	2026-03-03
4	4	4	5	5	4	5	4	5	5	20	2	97	US	R002660	S000947	2026-02-25
4	5	2	5	3	1	2	4	4	4	23	1	92	US	R002661	S010601	2026-03-23
4	5	2	2	1	2	1	4	2	5	36	1	88	US	R002662	S005879	2026-03-21
5	1	5	4	5	5	4	3	5	5	34	1	82	US	R002663	S003082	2026-03-06
1	5	1	5	3	2	4	4	5	4	33	1	74	US	R002664	S005626	2026-03-20
4	1	2	3	3	2	3	5	5	5	33	1	93	US	R002665	S010793	2026-02-05
5	3	4	5	5	3	4	2	5	4	27	1	84	US	R002666	S006715	2026-02-16
3	3	1	5	2	1	1	1	3	1	54	2	64	US	R002667	S009326	2026-02-05
3	1	5	5	4	4	1	4	2	2	32	2	94	US	R002668	S004069	2026-03-25
4	5	5	5	5	4	4	4	4	4	62	1	88	US	R002669	S008542	2026-02-08
5	1	4	4	4	4	5	5	4	5	48	1	80	US	R002670	S000046	2026-03-24
4	3	4	4	1	1	5	5	5	5	41	2	83	US	R002671	S004195	2026-02-05
5	3	5	5	5	5	1	5	2	1	18	1	91	US	R002672	S005226	2026-03-17
4	4	2	5	1	1	2	2	4	1	30	1	65	US	R002673	S001476	2026-03-11
2	1	4	4	2	3	2	5	4	3	30	1	63	US	R002674	S009900	2026-02-04
5	2	4	5	4	2	2	2	1	1	64	1	88	US	R002675	S009048	2026-02-24
5	2	2	2	3	4	2	5	2	5	34	1	95	US	R002676	S010393	2026-02-19
4	2	4	5	4	4	5	4	5	4	34	1	87	US	R002677	S002708	2026-02-05
5	4	5	5	5	5	3	3	2	4	50	2	73	US	R002678	S005756	2026-03-09
2	2	5	4	4	2	4	2	1	3	35	1	89	US	R002679	S007267	2026-03-10
2	2	2	5	3	4	4	5	4	5	23	1	78	US	R002680	S010161	2026-02-12
5	2	4	4	5	3	5	2	3	5	31	2	98	US	R002681	S008763	2026-03-23
4	2	2	3	4	2	4	4	5	4	36	2	81	US	R002682	S006504	2026-02-10
5	5	5	4	5	5	4	2	4	5	18	1	92	US	R002683	S006069	2026-03-04
4	4	5	5	4	2	4	5	4	5	20	2	89	US	R002684	S012258	2026-03-17
4	1	3	4	2	4	5	3	5	5	30	1	68	US	R002685	S010291	2026-02-07
4	5	4	4	5	4	3	4	5	5	19	2	100	US	R002686	S000681	2026-02-23
2	1	2	5	2	1	1	2	4	2	35	1	97	US	R002687	S004205	2026-03-03
4	4	5	5	4	2	1	2	2	4	32	2	90	US	R002688	S007462	2026-03-12
3	3	4	4	2	1	4	2	4	3	18	1	82	US	R002689	S005008	2026-03-15
4	3	5	4	5	2	1	2	2	2	44	1	87	US	R002690	S006605	2026-03-26
4	2	4	2	3	4	4	2	5	3	32	1	86	US	R002691	S005718	2026-03-09
1	4	4	5	3	4	4	4	5	4	31	1	80	US	R002692	S008595	2026-02-15
5	5	5	5	5	5	5	5	5	5	59	1	78	US	R002693	S000960	2026-03-22
4	3	3	4	3	5	3	5	4	4	49	2	99	US	R002694	S003493	2026-03-16
2	1	3	4	2	1	1	3	2	4	38	1	95	US	R002695	S002560	2026-03-21
5	5	5	5	2	4	5	5	4	3	49	1	96	US	R002696	S000446	2026-02-12
4	2	5	5	2	4	4	2	4	2	18	1	93	US	R002697	S010865	2026-02-12
1	2	2	4	3	2	4	1	4	4	23	2	80	US	R002698	S001633	2026-03-18
4	3	2	2	2	2	3	3	4	4	18	2	82	US	R002699	S011536	2026-02-26
5	4	3	4	5	4	5	5	5	4	26	1	75	US	R002700	S001955	2026-02-17
5	2	4	5	5	5	3	5	4	5	27	1	85	US	R002701	S001748	2026-02-14
5	4	4	5	5	5	4	5	5	5	33	1	73	US	R002702	S011399	2026-02-22
4	3	2	4	1	1	2	4	4	2	37	1	85	US	R002703	S000628	2026-02-03
5	4	5	5	4	5	5	5	5	5	18	1	79	US	R002704	S001167	2026-03-17
5	5	5	4	4	4	3	4	5	5	29	1	40	US	R002705	S000101	2026-03-08
1	5	4	4	4	1	4	4	4	4	21	1	75	US	R002706	S001367	2026-03-26
2	2	3	3	2	1	1	3	1	3	41	2	70	US	R002707	S000505	2026-02-06
3	2	4	3	5	1	5	2	5	5	57	2	81	US	R002708	S009391	2026-03-27
5	5	4	5	4	5	3	4	4	5	19	1	97	US	R002709	S002107	2026-02-19
3	2	3	4	2	4	2	4	4	3	62	1	99	US	R002710	S011160	2026-02-15
3	4	4	4	3	3	2	2	3	4	45	2	73	US	R002711	S007889	2026-03-13
5	3	5	5	5	5	3	5	5	4	52	2	97	US	R002712	S008305	2026-03-13
4	2	4	4	5	2	5	4	4	5	39	2	80	US	R002713	S010430	2026-03-08
5	4	4	4	4	2	5	5	3	4	38	1	99	US	R002714	S005317	2026-02-14
5	3	1	2	3	1	1	2	1	4	18	1	65	US	R002715	S004385	2026-03-19
4	2	3	3	4	1	2	4	5	4	31	1	86	US	R002716	S005557	2026-03-20
5	3	4	4	4	3	5	4	4	5	41	1	99	US	R002717	S006819	2026-02-11
5	2	4	4	5	4	5	4	4	5	42	2	90	US	R002718	S000189	2026-03-03
4	2	3	5	5	4	5	4	4	5	30	1	92	US	R002719	S002724	2026-02-25
5	5	4	5	5	5	5	5	5	4	34	2	94	US	R002720	S010704	2026-02-02
2	2	1	2	1	1	5	4	4	4	40	1	79	US	R002721	S006404	2026-03-15
4	2	3	4	4	1	1	2	2	4	21	1	93	US	R002722	S004668	2026-02-17
5	2	3	4	3	2	4	4	5	5	33	1	93	US	R002723	S003059	2026-02-16
5	5	3	4	2	2	5	4	3	4	31	1	71	US	R002724	S012153	2026-02-27
4	2	5	4	4	4	2	4	5	2	51	1	57	US	R002725	S004443	2026-02-22
4	2	4	2	1	5	3	4	1	1	18	1	91	US	R002726	S010591	2026-03-27
5	4	5	4	4	2	2	1	4	4	43	1	88	US	R002727	S009537	2026-02-24
5	5	5	5	5	4	5	5	5	5	57	1	80	US	R002728	S012944	2026-03-08
5	2	3	4	3	2	4	4	5	5	33	1	93	US	R002729	S005113	2026-02-13
5	5	4	5	5	5	1	4	4	4	18	2	84	US	R002730	S006000	2026-03-05
2	1	2	4	3	1	1	3	3	2	18	1	97	US	R002731	S000557	2026-03-20
5	1	3	2	2	1	2	4	4	1	35	2	94	US	R002732	S005284	2026-03-24
4	2	4	4	5	4	4	4	4	4	29	1	68	US	R002733	S003937	2026-03-05
4	1	4	4	2	2	4	1	4	4	18	1	98	US	R002734	S002847	2026-02-22
4	1	2	1	1	2	4	4	5	5	30	2	78	US	R002735	S007075	2026-02-26
2	1	1	3	2	2	1	2	5	1	26	2	100	US	R002736	S010392	2026-02-16
2	3	2	4	2	2	5	5	3	5	26	1	87	US	R002737	S000180	2026-03-10
1	2	4	4	4	2	4	3	2	4	20	1	81	US	R002738	S003114	2026-02-19
2	2	2	2	1	1	1	1	1	3	18	1	83	US	R002739	S002497	2026-02-08
4	2	5	5	4	2	3	3	2	5	47	2	81	US	R002740	S000347	2026-02-25
4	4	5	4	4	5	4	3	3	2	18	1	82	US	R002741	S007691	2026-03-01
5	3	5	5	2	2	4	5	4	4	32	1	93	US	R002742	S012943	2026-03-27
5	2	4	5	5	4	1	4	2	3	31	2	89	US	R002743	S009540	2026-02-16
5	2	2	4	4	2	4	3	2	2	22	2	95	US	R002744	S009774	2026-03-17
3	5	2	5	4	3	5	5	5	3	46	2	87	US	R002745	S000226	2026-03-05
5	5	5	4	4	5	4	4	5	5	30	1	75	US	R002746	S006703	2026-02-02
4	2	2	4	4	2	4	5	3	4	37	2	87	US	R002747	S010481	2026-03-25
2	2	1	4	2	2	2	2	4	4	42	1	87	US	R002748	S002348	2026-03-21
2	2	2	5	2	2	2	1	3	2	23	1	95	US	R002749	S004040	2026-03-26
5	4	4	4	4	5	1	4	4	2	21	2	90	US	R002750	S003267	2026-02-07
5	2	5	5	5	2	3	4	4	3	37	1	98	US	R002751	S010479	2026-02-13
4	1	4	5	4	2	2	1	4	2	49	2	88	US	R002752	S006770	2026-02-22
4	4	2	5	3	2	3	5	3	4	39	2	74	US	R002753	S010377	2026-03-15
2	1	2	3	2	1	1	2	3	2	40	2	91	US	R002754	S008564	2026-03-20
4	4	1	1	2	1	2	2	4	5	36	2	96	US	R002755	S010562	2026-02-10
4	5	3	5	4	4	4	5	4	5	22	2	99	US	R002756	S002606	2026-02-03
3	2	2	5	2	2	3	4	4	2	46	1	78	US	R002757	S001441	2026-02-10
3	1	3	5	2	1	4	4	5	5	22	2	89	US	R002758	S010444	2026-03-15
4	4	2	5	3	1	4	3	3	4	29	1	84	US	R002759	S004817	2026-03-11
4	5	4	5	4	5	2	4	4	4	32	2	79	US	R002760	S010945	2026-03-21
3	2	4	2	1	1	4	3	4	5	28	2	85	US	R002761	S000598	2026-03-23
4	3	4	4	3	3	3	2	2	4	38	1	80	US	R002762	S006050	2026-03-24
4	2	4	4	5	5	3	5	4	2	28	1	84	US	R002763	S001374	2026-02-18
5	1	4	5	5	4	2	3	4	5	22	2	84	US	R002764	S007688	2026-02-24
5	2	3	3	5	1	2	2	3	2	18	1	64	US	R002765	S003332	2026-03-15
5	5	5	5	5	5	5	5	4	4	29	1	97	US	R002766	S010186	2026-03-06
5	2	5	4	5	5	3	5	4	5	38	2	85	US	R002767	S004124	2026-03-13
4	2	2	4	4	3	4	5	5	5	23	1	67	US	R002768	S010738	2026-02-20
4	2	3	4	2	1	2	4	4	2	29	2	59	US	R002769	S006664	2026-03-12
4	2	4	4	4	4	2	3	4	5	27	2	91	US	R002770	S012034	2026-02-09
3	1	2	5	2	1	1	2	2	3	32	1	91	US	R002771	S003101	2026-02-17
4	4	4	4	4	2	5	2	3	4	18	2	88	US	R002772	S006716	2026-03-15
5	3	3	4	4	2	2	4	3	4	41	2	92	US	R002773	S003919	2026-03-06
4	5	2	3	2	2	3	4	4	2	39	1	87	US	R002774	S010673	2026-03-15
1	2	5	5	3	1	3	3	1	3	37	1	77	US	R002775	S009849	2026-02-24
4	1	3	4	4	1	2	5	4	5	53	1	95	US	R002776	S011067	2026-02-05
5	4	4	5	1	2	4	2	3	5	37	2	95	US	R002777	S009258	2026-02-07
3	3	2	4	3	1	2	1	2	5	36	2	79	US	R002778	S012371	2026-02-14
2	2	1	2	1	1	4	5	5	3	18	1	88	US	R002779	S010896	2026-02-07
3	3	3	2	2	2	3	3	2	4	31	2	85	US	R002780	S000581	2026-03-04
4	3	5	5	5	3	4	3	5	5	41	1	94	US	R002781	S005370	2026-03-25
5	4	4	3	2	5	4	5	5	3	32	1	97	US	R002782	S011285	2026-03-20
3	5	2	4	3	4	1	3	3	1	38	2	72	US	R002783	S011427	2026-03-20
2	2	3	5	2	3	1	4	1	3	48	1	98	US	R002784	S000279	2026-03-26
5	2	4	2	3	2	1	2	3	3	43	2	92	US	R002785	S008580	2026-03-16
4	4	5	4	5	4	5	4	5	5	27	1	85	US	R002786	S002401	2026-02-09
4	3	3	5	4	2	3	4	2	5	45	2	83	US	R002787	S004880	2026-02-25
4	4	4	5	5	2	2	4	3	2	28	2	94	US	R002788	S010600	2026-02-24
5	2	5	4	3	3	3	2	2	4	41	1	59	US	R002789	S005215	2026-02-04
3	4	2	5	4	4	1	1	4	5	55	2	99	US	R002790	S007068	2026-02-03
4	5	4	5	4	5	5	5	5	5	22	1	98	US	R002791	S004242	2026-03-22
4	1	4	5	2	2	2	2	1	4	42	2	93	US	R002792	S000624	2026-02-06
2	4	2	4	1	2	4	4	4	5	44	1	95	US	R002793	S008472	2026-02-18
3	2	5	5	4	3	3	2	4	4	18	1	93	US	R002794	S006949	2026-03-23
4	3	5	4	3	4	2	3	2	3	37	2	65	US	R002795	S008177	2026-02-22
4	2	4	5	4	2	4	1	4	2	47	1	93	US	R002796	S003258	2026-02-18
5	2	4	4	3	2	5	4	5	4	24	2	88	US	R002797	S004537	2026-02-28
5	3	5	4	5	5	4	4	2	5	22	2	57	US	R002798	S012737	2026-03-25
4	2	4	5	2	2	4	3	4	4	38	2	83	US	R002799	S002988	2026-03-24
5	2	4	4	4	1	4	4	5	5	34	1	65	US	R002800	S007776	2026-03-02
4	1	1	4	2	2	1	4	2	3	35	1	94	US	R002801	S000520	2026-02-11
5	4	4	3	3	2	1	2	2	1	37	2	89	US	R002802	S006532	2026-03-23
4	4	2	4	4	2	4	3	4	4	36	1	96	US	R002803	S003359	2026-02-14
5	2	2	4	4	1	4	4	4	2	34	1	85	US	R002804	S000429	2026-02-19
4	4	5	5	4	3	4	3	2	2	18	1	71	US	R002805	S001409	2026-02-05
4	4	4	4	2	1	5	2	4	4	35	1	96	US	R002806	S008977	2026-03-04
5	2	4	4	4	3	4	4	2	2	47	1	82	US	R002807	S000842	2026-02-21
5	1	3	5	5	2	3	3	2	5	55	1	99	US	R002808	S007826	2026-02-22
5	1	4	4	2	2	4	5	4	4	33	1	74	US	R002809	S004681	2026-02-13
2	2	2	3	2	2	4	3	3	3	33	2	85	US	R002810	S001500	2026-03-06
4	2	2	4	3	2	3	4	3	4	34	1	98	US	R002811	S012437	2026-02-23
5	4	3	5	3	2	2	5	2	3	23	2	93	US	R002812	S008566	2026-02-03
4	5	2	2	4	2	4	5	4	5	26	1	74	US	R002813	S004937	2026-02-19
4	4	4	4	5	4	1	2	1	2	48	2	92	US	R002814	S011992	2026-03-27
5	2	3	5	4	3	1	2	5	2	18	2	82	US	R002815	S010402	2026-03-27
5	5	5	5	4	5	5	2	5	5	34	2	67	US	R002816	S008210	2026-03-27
5	4	4	5	5	4	5	5	5	5	35	2	94	US	R002817	S002065	2026-02-20
4	4	3	2	2	3	2	1	2	5	19	1	90	US	R002818	S010758	2026-02-22
4	2	4	3	4	5	2	2	2	4	57	1	99	US	R002819	S012389	2026-02-04
5	2	5	5	4	4	3	4	4	5	25	2	87	US	R002820	S005155	2026-02-04
4	5	5	5	4	4	4	4	5	5	39	2	71	US	R002821	S004582	2026-02-23
3	2	3	3	1	2	3	2	5	3	34	1	95	US	R002822	S000560	2026-03-03
4	1	5	5	4	2	2	4	4	3	32	2	91	US	R002823	S000657	2026-03-14
4	5	4	2	5	4	1	4	5	4	23	1	72	US	R002824	S006211	2026-02-16
2	2	2	4	1	1	2	3	2	5	38	2	56	US	R002825	S000717	2026-03-15
4	5	5	5	4	4	3	2	4	3	28	1	83	US	R002826	S009482	2026-02-05
2	2	3	5	1	3	2	3	3	4	48	2	88	US	R002827	S002299	2026-02-12
5	3	5	5	3	4	4	5	5	5	42	2	91	US	R002828	S009134	2026-02-18
4	2	4	5	5	4	2	2	3	4	33	1	53	US	R002829	S006856	2026-03-27
2	2	5	3	1	1	1	2	2	1	47	2	98	US	R002830	S009771	2026-02-13
1	3	4	4	4	2	4	4	4	4	49	1	92	US	R002831	S007045	2026-03-16
4	2	4	5	2	2	2	2	2	3	32	1	88	US	R002832	S001260	2026-02-11
5	5	5	4	2	3	2	2	3	4	43	2	98	US	R002833	S001358	2026-02-04
5	2	4	4	5	4	1	2	5	2	29	2	94	US	R002834	S011634	2026-03-02
4	5	5	5	5	5	1	4	1	1	33	1	96	US	R002835	S002615	2026-02-15
4	3	2	3	1	1	2	4	1	2	58	1	66	US	R002836	S006273	2026-03-23
4	3	2	2	3	2	4	4	3	4	43	2	90	US	R002837	S001259	2026-02-11
3	2	5	5	2	4	1	2	4	2	48	1	86	US	R002838	S011442	2026-02-16
5	3	5	4	1	2	1	3	2	1	33	2	98	US	R002839	S011686	2026-02-27
3	2	1	4	3	1	5	5	5	4	35	2	83	US	R002840	S009443	2026-02-09
4	5	5	5	4	4	2	4	4	3	28	1	97	US	R002841	S004936	2026-02-12
5	2	4	5	3	2	3	3	4	5	41	1	83	US	R002842	S001324	2026-03-17
4	3	2	5	4	1	5	3	4	4	24	2	64	US	R002843	S007967	2026-03-02
5	3	5	4	5	3	4	4	4	3	34	2	87	US	R002844	S009789	2026-02-15
4	3	3	3	2	2	4	1	5	5	25	2	88	US	R002845	S002417	2026-03-22
4	2	1	3	1	2	5	4	4	5	47	1	82	US	R002846	S002738	2026-02-07
3	2	4	4	1	2	2	5	4	4	54	1	78	US	R002847	S007959	2026-02-15
5	2	2	5	4	5	5	4	4	5	39	1	98	US	R002848	S004716	2026-03-12
3	5	2	3	2	3	2	2	4	4	40	1	80	US	R002849	S003127	2026-03-10
2	4	1	4	2	2	4	5	4	5	53	2	73	US	R002850	S007952	2026-02-27
4	2	4	3	3	2	4	3	4	5	31	2	90	US	R002851	S002221	2026-03-09
2	2	2	4	3	3	2	2	2	4	28	2	95	US	R002852	S009254	2026-02-22
4	4	5	4	2	2	3	4	4	5	37	2	99	US	R002853	S002611	2026-02-03
2	2	4	4	3	4	4	5	5	3	36	2	84	US	R002854	S000358	2026-02-20
2	4	4	5	4	4	4	2	5	5	56	1	95	US	R002855	S003202	2026-03-14
4	5	4	2	2	1	5	1	4	4	56	1	93	US	R002856	S010658	2026-02-12
4	2	1	4	4	1	1	1	2	1	34	2	89	US	R002857	S009173	2026-03-27
4	4	5	5	5	5	2	5	3	2	32	1	88	US	R002858	S006100	2026-03-16
5	5	4	5	2	2	1	4	2	4	32	1	90	US	R002859	S001399	2026-03-26
4	1	3	5	3	2	4	5	4	4	26	1	62	US	R002860	S012301	2026-03-14
4	5	5	2	4	1	1	2	2	2	18	1	57	US	R002861	S005732	2026-03-24
5	5	4	5	4	2	4	4	5	4	51	2	84	US	R002862	S012624	2026-02-04
5	3	5	4	4	4	5	3	4	5	38	2	82	US	R002863	S009578	2026-02-21
3	3	1	1	1	1	1	2	3	2	35	2	94	US	R002864	S005442	2026-03-06
1	2	2	4	5	2	5	4	5	5	52	1	100	US	R002865	S007907	2026-03-12
4	2	2	4	2	1	1	2	4	2	48	2	93	US	R002866	S008991	2026-03-26
5	1	2	4	4	5	4	2	5	4	40	1	83	US	R002867	S012771	2026-02-12
3	1	5	5	3	4	2	2	2	1	18	2	82	US	R002868	S011159	2026-02-08
4	4	5	4	3	2	5	3	4	4	50	1	98	US	R002869	S011697	2026-03-26
2	2	2	5	4	2	4	2	5	3	31	1	79	US	R002870	S011910	2026-02-11
4	1	4	5	4	5	5	3	5	5	28	2	73	US	R002871	S001868	2026-02-21
4	3	4	2	4	1	1	2	4	1	41	2	99	US	R002872	S008059	2026-02-15
4	2	1	4	4	1	1	4	1	4	48	1	88	US	R002873	S006965	2026-02-17
4	2	3	5	3	1	1	4	4	3	27	1	93	US	R002874	S004356	2026-03-26
3	2	4	4	2	3	5	4	5	5	22	1	76	US	R002875	S006059	2026-03-01
4	3	2	4	2	2	5	5	5	3	49	1	79	US	R002876	S003457	2026-03-18
4	1	4	5	4	2	2	2	4	5	32	2	76	US	R002877	S012095	2026-02-25
5	2	4	5	4	1	2	4	3	5	41	1	79	US	R002878	S009178	2026-02-27
4	5	2	5	1	3	1	1	4	2	44	2	75	US	R002879	S002777	2026-02-28
4	4	2	4	5	4	2	4	4	3	38	1	94	US	R002880	S001339	2026-02-20
4	3	3	5	4	3	5	5	5	4	37	1	94	US	R002881	S003685	2026-02-11
3	3	2	4	2	1	1	1	1	2	31	1	87	US	R002882	S001510	2026-03-21
3	2	1	3	1	2	5	3	3	5	26	1	88	US	R002883	S011608	2026-03-14
4	2	4	5	2	3	3	4	4	1	21	1	72	US	R002884	S007121	2026-02-02
4	5	3	5	3	2	4	5	4	3	27	2	49	US	R002885	S008819	2026-03-08
4	2	2	4	4	1	1	3	1	4	39	1	80	US	R002886	S010751	2026-03-23
5	4	4	3	3	1	5	4	4	4	39	1	68	US	R002887	S002707	2026-03-25
3	1	2	4	1	1	2	2	1	4	53	2	88	US	R002888	S005797	2026-02-23
1	2	1	4	2	2	4	5	4	5	29	1	94	US	R002889	S001875	2026-03-07
3	2	4	4	2	4	1	4	2	4	51	1	66	US	R002890	S012276	2026-02-06
5	4	5	5	5	5	4	4	5	4	43	1	86	US	R002891	S012553	2026-02-22
3	4	4	4	3	3	4	4	4	4	35	2	93	US	R002892	S002581	2026-03-09
3	3	4	5	4	3	4	5	4	2	53	1	85	US	R002893	S009198	2026-02-25
4	4	4	5	4	3	4	3	4	4	36	2	74	US	R002894	S011194	2026-02-12
2	2	5	5	3	3	1	1	2	2	30	1	88	US	R002895	S001426	2026-03-22
4	4	3	3	5	4	4	1	3	4	33	1	73	US	R002896	S000319	2026-02-04
3	2	2	4	2	1	1	2	3	4	25	1	85	US	R002897	S000969	2026-02-27
5	1	3	5	4	2	5	5	5	5	34	2	79	US	R002898	S003545	2026-03-17
5	2	4	3	5	4	4	4	5	5	19	2	93	US	R002899	S001888	2026-03-11
5	5	5	5	5	4	5	4	4	5	56	2	81	US	R002900	S009985	2026-03-26
5	4	5	5	5	5	4	5	4	4	28	2	70	US	R002901	S010762	2026-02-02
5	3	4	5	4	3	4	2	3	5	27	1	97	US	R002902	S000251	2026-03-16
4	5	4	4	4	5	5	4	3	5	39	1	96	US	R002903	S011726	2026-02-28
2	2	4	4	4	2	4	4	5	5	49	1	78	US	R002904	S001388	2026-03-05
5	2	5	5	5	4	4	1	4	3	18	1	85	US	R002905	S003144	2026-02-17
5	4	1	3	2	2	2	3	4	4	29	1	84	US	R002906	S007548	2026-03-14
4	1	2	3	3	1	1	2	4	1	39	2	85	US	R002907	S007489	2026-02-28
1	3	4	4	2	1	1	4	3	4	47	2	90	US	R002908	S010406	2026-03-01
5	3	2	4	3	2	4	3	2	4	21	1	96	US	R002909	S007815	2026-02-06
5	2	2	3	2	2	2	5	4	3	44	1	86	US	R002910	S007525	2026-02-23
3	2	2	4	3	2	2	4	3	4	21	2	74	US	R002911	S012052	2026-03-27
5	5	4	5	4	4	2	1	1	4	36	1	85	US	R002912	S007146	2026-02-22
5	4	4	5	5	5	3	1	4	4	31	1	97	US	R002913	S005359	2026-02-14
2	2	1	1	1	1	1	4	2	5	38	1	86	US	R002914	S009007	2026-03-02
5	4	3	4	1	3	2	2	2	1	38	1	84	US	R002915	S006251	2026-02-15
5	2	2	4	5	2	2	2	4	4	30	1	89	US	R002916	S008729	2026-02-15
5	2	5	5	4	1	4	3	3	5	20	1	76	US	R002917	S003243	2026-03-16
3	4	4	3	3	1	2	5	3	2	30	1	83	US	R002918	S002854	2026-02-25
1	1	2	3	4	2	2	3	2	1	36	1	91	US	R002919	S011199	2026-03-15
4	2	3	5	5	4	4	5	4	4	41	2	78	US	R002920	S001740	2026-02-27
3	1	2	4	2	4	4	2	4	2	44	1	97	US	R002921	S007775	2026-03-07
5	5	2	3	3	2	4	4	5	5	52	2	50	US	R002922	S008506	2026-02-13
5	1	3	5	5	2	4	3	4	4	28	1	77	US	R002923	S008293	2026-03-27
5	4	2	4	5	4	5	4	4	5	18	1	88	US	R002924	S011470	2026-02-20
5	3	5	5	4	1	1	4	2	2	51	1	76	US	R002925	S005534	2026-03-16
5	2	2	4	2	2	4	5	4	4	38	1	71	US	R002926	S012520	2026-02-07
5	3	5	5	4	5	4	4	4	4	47	2	91	US	R002927	S001015	2026-02-22
4	4	5	5	2	2	5	5	5	5	35	1	65	US	R002928	S003398	2026-02-08
5	5	5	2	4	3	5	4	3	5	25	2	92	US	R002929	S004596	2026-03-17
4	2	4	4	3	3	1	2	4	2	34	1	70	US	R002930	S011690	2026-03-04
2	3	4	4	1	2	1	1	4	1	63	1	70	US	R002931	S011740	2026-03-06
3	4	5	4	4	4	2	2	3	4	22	1	83	US	R002932	S011216	2026-02-22
5	5	5	5	5	5	4	5	5	2	28	2	98	US	R002933	S005552	2026-03-09
5	3	5	4	5	4	2	4	4	2	46	1	70	US	R002934	S005638	2026-02-07
5	5	2	4	2	5	3	4	4	5	33	1	96	US	R002935	S000700	2026-03-13
5	2	5	5	5	2	5	4	4	5	19	1	95	US	R002936	S003242	2026-02-23
5	2	3	4	5	4	3	4	4	2	33	1	75	US	R002937	S003918	2026-02-18
3	4	2	4	2	1	2	1	2	4	35	1	88	US	R002938	S008310	2026-03-27
5	3	4	5	3	2	2	2	4	4	60	1	88	US	R002939	S006659	2026-02-05
4	2	4	4	4	4	4	2	4	1	34	2	92	US	R002940	S001819	2026-02-25
3	1	1	2	3	2	1	2	3	2	45	2	89	US	R002941	S011259	2026-03-06
5	2	2	5	2	3	5	5	1	4	31	1	88	US	R002942	S009933	2026-02-05
5	3	4	4	3	3	5	4	5	5	53	2	92	US	R002943	S000375	2026-03-15
5	2	4	4	3	2	4	4	4	4	29	1	97	US	R002944	S008581	2026-03-25
5	1	4	3	3	2	5	4	4	4	30	2	80	US	R002945	S010337	2026-03-01
2	2	1	4	3	1	3	2	2	2	36	2	82	US	R002946	S005705	2026-03-21
2	4	2	4	2	1	1	2	4	1	38	1	79	US	R002947	S007236	2026-02-14
4	2	1	4	2	2	2	2	1	3	40	2	94	US	R002948	S006890	2026-02-15
5	1	4	4	2	4	2	2	1	2	33	2	74	US	R002949	S004904	2026-03-12
4	2	3	4	4	2	1	3	2	4	22	1	70	US	R002950	S002717	2026-02-06
4	1	2	4	5	3	4	4	3	5	41	1	70	US	R002951	S004617	2026-03-19
5	5	4	5	5	3	3	4	3	5	18	1	80	US	R002952	S008573	2026-02-21
4	3	5	5	5	2	5	5	3	3	38	1	94	US	R002953	S002224	2026-02-02
4	5	5	3	4	3	5	5	4	4	32	1	80	US	R002954	S012749	2026-02-04
5	4	4	5	5	5	4	5	5	5	33	1	73	US	R002955	S003180	2026-02-16
5	5	2	5	4	1	1	1	2	2	42	2	97	US	R002956	S007871	2026-02-11
2	1	3	3	3	1	5	3	4	4	27	1	82	US	R002957	S006443	2026-02-08
4	2	4	5	3	2	4	4	4	4	18	1	98	US	R002958	S011380	2026-02-08
5	5	4	3	3	2	5	4	4	4	35	1	88	US	R002959	S002145	2026-03-05
5	3	4	4	1	1	4	5	3	4	38	2	85	US	R002960	S003170	2026-02-10
4	3	2	4	5	2	5	4	3	4	56	2	72	US	R002961	S001423	2026-02-25
5	2	3	5	3	2	5	5	5	4	24	2	78	US	R002962	S009621	2026-03-20
3	1	3	4	4	4	3	4	4	5	39	2	77	US	R002963	S008872	2026-02-25
3	5	4	5	4	4	2	1	2	3	36	1	98	US	R002964	S012101	2026-03-24
3	3	5	3	4	5	2	4	4	2	22	1	78	US	R002965	S002848	2026-02-20
3	2	2	4	2	1	2	4	2	4	37	1	71	US	R002966	S003968	2026-03-24
5	4	5	5	4	5	4	5	3	4	49	2	85	US	R002967	S011819	2026-02-04
1	2	3	4	2	1	4	4	4	4	37	1	95	US	R002968	S009640	2026-02-03
5	5	5	5	4	5	3	5	3	2	31	2	95	US	R002969	S000615	2026-03-18
4	2	2	4	2	1	1	5	4	4	56	1	76	US	R002970	S000648	2026-03-13
4	2	4	4	4	5	4	2	4	2	59	1	86	US	R002971	S011179	2026-02-22
4	1	5	4	2	2	4	2	4	2	32	2	77	US	R002972	S005831	2026-02-02
4	4	4	4	4	4	4	4	4	5	36	2	77	US	R002973	S004981	2026-03-11
3	4	4	5	3	2	3	5	4	5	34	2	74	US	R002974	S012852	2026-02-23
4	1	2	2	5	5	2	3	4	3	49	1	79	US	R002975	S004010	2026-03-07
4	4	3	3	4	2	2	4	1	2	24	2	65	US	R002976	S010212	2026-03-12
5	2	3	5	4	2	3	3	4	5	30	2	82	US	R002977	S002441	2026-02-20
2	4	1	5	1	1	1	2	2	1	29	2	74	US	R002978	S003414	2026-02-13
4	2	5	4	4	4	5	5	3	4	27	2	56	US	R002979	S003609	2026-03-20
3	4	5	4	5	2	4	4	5	2	35	1	89	US	R002980	S000873	2026-03-02
4	2	4	5	5	2	5	5	4	5	65	1	84	US	R002981	S005293	2026-02-20
4	4	5	5	4	1	4	4	4	3	45	2	61	US	R002982	S005615	2026-03-21
4	2	4	4	5	1	3	5	4	4	25	2	87	US	R002983	S008488	2026-03-17
4	2	1	4	1	3	4	4	4	4	22	1	87	US	R002984	S008111	2026-02-12
3	2	2	2	4	1	3	5	2	4	18	1	77	US	R002985	S002826	2026-02-18
5	4	4	2	4	5	3	2	2	2	37	1	97	US	R002986	S000418	2026-03-19
5	1	4	3	2	5	5	4	5	2	36	1	76	US	R002987	S011409	2026-02-28
4	2	2	5	3	2	4	4	4	3	36	1	81	US	R002988	S006795	2026-03-04
5	4	3	5	5	3	5	5	4	4	43	2	71	US	R002989	S005249	2026-02-09
5	2	3	5	2	1	1	1	2	4	32	1	94	US	R002990	S003572	2026-02-21
4	3	2	2	2	1	1	2	3	3	47	1	84	US	R002991	S005312	2026-03-06
3	2	3	4	4	3	4	5	5	4	30	2	94	US	R002992	S012507	2026-03-12
5	3	5	4	5	4	3	4	4	5	23	2	57	US	R002993	S008129	2026-03-19
5	4	5	5	3	4	2	2	4	4	41	1	84	US	R002994	S001572	2026-03-15
3	2	2	4	1	3	3	4	4	3	36	2	90	US	R002995	S007857	2026-02-17
4	3	4	3	2	3	2	5	1	2	27	2	91	US	R002996	S008681	2026-03-20
5	1	4	5	2	3	2	2	4	2	40	2	77	US	R002997	S009222	2026-03-09
5	4	4	4	2	5	4	4	4	4	49	1	56	US	R002998	S011955	2026-02-28
5	4	1	2	1	1	2	2	4	2	43	1	84	US	R002999	S005726	2026-02-18
3	3	3	1	2	4	4	4	3	3	60	1	99	US	R003000	S006555	2026-03-09
1	2	2	3	1	1	2	4	4	4	52	1	81	US	R003001	S008899	2026-03-14
4	5	2	4	2	2	1	2	2	3	28	1	90	US	R003002	S003737	2026-02-15
4	1	4	5	4	1	2	4	4	3	38	1	96	US	R003003	S000215	2026-03-10
4	1	4	4	5	4	4	5	4	4	44	1	68	US	R003004	S008471	2026-03-27
5	2	4	5	5	3	5	5	4	4	48	1	91	US	R003005	S006367	2026-03-07
5	3	2	4	1	2	3	3	2	3	23	1	96	US	R003006	S007078	2026-02-05
4	2	4	4	1	2	1	3	1	3	18	1	83	US	R003007	S007793	2026-03-17
5	2	4	5	4	2	5	5	5	5	36	1	51	US	R003008	S002308	2026-02-24
4	2	4	4	1	1	3	3	2	4	18	2	90	US	R003009	S007748	2026-03-26
3	1	4	4	2	4	3	4	4	3	18	1	63	US	R003010	S010542	2026-03-20
3	2	2	5	4	2	2	5	5	5	35	2	80	US	R003011	S001838	2026-03-15
5	4	3	5	3	3	4	5	5	5	51	2	97	US	R003012	S011307	2026-03-25
5	3	4	5	4	5	2	4	4	4	51	2	67	US	R003013	S002921	2026-03-19
5	2	4	4	5	5	2	5	4	2	45	2	95	US	R003014	S009935	2026-03-03
3	2	1	4	1	1	3	1	3	2	27	1	93	US	R003015	S008844	2026-02-10
3	4	4	4	1	1	4	1	2	4	21	1	89	US	R003016	S003337	2026-03-13
1	2	2	3	1	2	4	5	2	1	21	1	86	US	R003017	S010268	2026-03-11
4	2	3	4	4	2	4	5	5	3	37	1	99	US	R003018	S004977	2026-02-26
4	1	3	5	2	1	2	2	2	1	34	1	63	US	R003019	S001650	2026-03-06
5	1	4	4	5	4	4	5	5	5	40	2	99	US	R003020	S009542	2026-03-22
4	3	4	5	4	2	4	5	4	4	39	2	70	US	R003021	S001909	2026-03-06
5	2	5	5	5	5	3	4	4	3	54	1	89	US	R003022	S001459	2026-02-02
4	4	1	4	1	1	2	2	3	4	33	1	65	US	R003023	S005141	2026-02-05
3	2	3	3	3	1	3	2	4	4	41	1	86	US	R003024	S006534	2026-02-02
4	2	5	4	4	5	4	5	5	2	18	1	90	US	R003025	S010216	2026-02-12
5	2	2	4	4	3	4	4	3	4	34	2	86	US	R003026	S007273	2026-02-04
3	2	3	4	3	2	4	2	2	1	18	1	68	US	R003027	S011416	2026-03-09
4	1	2	4	2	2	4	4	1	4	38	2	87	US	R003028	S011054	2026-03-02
4	2	1	4	2	1	3	2	1	3	60	1	75	US	R003029	S007088	2026-02-15
3	2	4	4	5	4	4	5	4	4	25	2	90	US	R003030	S011638	2026-03-07
4	1	2	1	1	1	2	3	4	5	18	1	82	US	R003031	S002544	2026-03-20
5	4	4	1	2	1	1	1	2	1	58	1	90	US	R003032	S005082	2026-03-13
4	2	2	4	4	3	2	3	4	4	37	1	92	US	R003033	S012274	2026-02-18
5	2	4	5	5	4	2	4	4	4	50	1	91	US	R003034	S006206	2026-02-13
4	5	5	5	4	2	4	5	5	4	29	1	88	US	R003035	S007946	2026-03-11
1	1	1	4	2	1	3	1	2	5	24	1	88	US	R003036	S005786	2026-03-08
4	2	5	4	5	1	3	3	4	3	54	2	90	US	R003037	S010512	2026-02-07
2	4	3	4	2	1	3	4	5	1	31	1	57	US	R003038	S004141	2026-02-06
4	5	3	4	2	2	4	5	4	4	25	1	99	US	R003039	S004680	2026-03-24
4	3	5	5	5	3	5	4	4	4	18	1	59	US	R003040	S000419	2026-02-18
4	3	5	5	4	3	4	4	4	5	18	1	96	US	R003041	S002864	2026-03-15
5	1	5	5	4	4	4	5	4	4	55	2	80	US	R003042	S009556	2026-03-27
1	1	2	2	2	1	4	4	4	4	18	1	79	US	R003043	S009741	2026-02-18
5	3	2	4	5	1	2	3	3	4	26	1	98	US	R003044	S007424	2026-03-04
5	1	4	4	2	2	3	5	5	4	49	2	62	US	R003045	S005182	2026-02-07
4	3	4	4	5	3	5	5	4	4	27	1	96	US	R003046	S004760	2026-02-14
4	4	4	5	3	4	5	4	4	4	45	2	82	US	R003047	S005845	2026-02-08
5	4	3	4	5	1	4	2	3	3	38	2	98	US	R003048	S004202	2026-03-26
5	3	4	3	4	3	2	4	4	5	41	2	97	US	R003049	S001332	2026-02-16
5	4	5	4	5	4	5	5	2	5	28	1	71	US	R003050	S011609	2026-03-18
2	2	2	4	1	3	1	2	4	3	42	1	88	US	R003051	S001131	2026-02-27
5	2	3	2	1	1	2	1	5	4	24	1	80	US	R003052	S005926	2026-02-21
4	3	5	4	2	3	3	3	3	2	22	1	97	US	R003053	S011062	2026-03-23
5	2	4	5	5	5	1	3	2	2	42	1	87	US	R003054	S004565	2026-02-26
2	5	2	4	1	1	2	4	5	5	32	1	84	US	R003055	S004041	2026-03-14
4	5	2	2	4	2	5	4	5	5	21	2	87	US	R003056	S010604	2026-03-23
3	2	2	5	2	2	4	3	4	3	44	1	84	US	R003057	S007738	2026-03-01
2	1	1	2	2	1	1	3	1	4	38	2	98	US	R003058	S005222	2026-03-14
4	2	5	4	5	5	5	5	5	5	31	1	92	US	R003059	S009832	2026-02-17
2	1	4	4	2	5	4	5	5	5	35	2	77	US	R003060	S010064	2026-03-17
4	4	3	4	5	2	4	3	4	4	32	1	93	US	R003061	S000128	2026-03-25
1	4	2	2	2	3	2	2	2	2	36	1	78	US	R003062	S009884	2026-02-04
2	2	1	5	5	3	4	5	4	4	31	1	89	US	R003063	S010859	2026-02-20
5	2	2	4	3	2	4	5	4	4	35	2	59	US	R003064	S004371	2026-02-03
4	3	2	4	2	2	4	4	4	4	18	1	97	US	R003065	S008406	2026-03-02
5	2	1	5	4	2	4	5	4	5	32	2	83	US	R003066	S012494	2026-02-08
5	1	4	4	4	4	2	5	3	4	24	1	94	US	R003067	S006975	2026-03-17
5	1	5	5	4	4	3	2	4	2	36	1	92	US	R003068	S000406	2026-02-17
5	4	4	5	5	3	4	5	5	5	38	1	97	US	R003069	S003074	2026-03-18
4	2	5	5	5	3	2	4	2	3	47	2	87	US	R003070	S008645	2026-02-22
4	5	4	4	4	2	4	1	4	5	35	2	97	US	R003071	S002038	2026-03-26
4	2	3	5	3	2	4	5	3	4	27	1	99	US	R003072	S012594	2026-03-13
3	4	4	5	4	4	4	4	4	5	20	2	93	US	R003073	S007747	2026-03-13
3	4	2	4	2	5	2	2	4	5	25	1	92	US	R003074	S009485	2026-02-07
4	4	4	4	3	1	4	4	5	5	50	1	91	US	R003075	S002920	2026-03-08
5	3	5	4	5	5	2	4	4	3	35	2	79	US	R003076	S005365	2026-03-01
3	3	2	5	2	2	3	3	3	3	33	2	89	US	R003077	S005512	2026-03-21
2	1	2	4	2	1	1	2	1	2	48	1	86	US	R003078	S005038	2026-03-13
5	5	4	4	2	2	2	2	3	2	25	1	79	US	R003079	S010570	2026-03-04
5	2	3	5	3	4	5	4	4	5	31	1	98	US	R003080	S000224	2026-02-18
2	2	2	4	4	2	1	4	3	2	24	1	92	US	R003081	S009069	2026-03-15
5	3	3	4	3	2	1	4	4	4	33	1	87	US	R003082	S003451	2026-02-28
5	5	5	4	3	2	4	4	5	2	25	1	57	US	R003083	S009513	2026-03-07
3	1	4	5	4	4	1	3	3	4	40	1	91	US	R003084	S009795	2026-02-05
5	5	5	5	5	5	5	5	5	5	39	1	74	US	R003085	S010151	2026-03-03
2	5	2	5	1	3	4	3	5	5	51	1	69	US	R003086	S001256	2026-02-22
4	2	2	3	5	4	1	4	3	5	32	2	99	US	R003087	S012451	2026-02-08
3	1	2	5	1	2	4	5	2	2	40	2	88	US	R003088	S008788	2026-02-08
5	4	4	5	2	3	4	5	5	5	33	2	90	US	R003089	S004359	2026-03-22
3	2	1	3	1	2	1	4	4	1	27	1	96	US	R003090	S002720	2026-02-16
5	3	5	5	5	5	5	4	4	2	40	1	91	US	R003091	S012863	2026-02-25
4	4	4	4	3	4	3	4	2	5	20	2	95	US	R003092	S007140	2026-02-06
4	5	3	4	2	2	2	4	2	3	28	2	92	US	R003093	S000751	2026-03-06
5	4	4	4	4	4	4	3	4	4	18	2	79	US	R003094	S000293	2026-03-06
4	5	5	4	4	5	2	4	2	3	44	2	69	US	R003095	S002203	2026-02-28
5	4	4	5	3	3	5	5	4	4	43	1	93	US	R003096	S007154	2026-02-16
4	2	4	5	4	2	4	4	4	5	18	1	86	US	R003097	S008560	2026-03-27
5	2	4	5	5	4	4	1	4	4	35	1	91	US	R003098	S006132	2026-02-03
5	2	3	4	4	5	4	5	5	4	24	1	80	US	R003099	S003941	2026-03-14
2	1	1	5	3	1	2	2	2	3	44	2	90	US	R003100	S004163	2026-02-19
4	1	4	2	1	4	5	5	5	4	46	1	87	US	R003101	S003657	2026-02-27
5	4	4	4	4	1	5	5	4	4	43	1	80	US	R003102	S000272	2026-02-05
4	5	3	3	3	5	1	1	1	2	35	1	76	US	R003103	S009433	2026-02-20
4	4	2	4	2	2	2	4	4	3	44	1	93	US	R003104	S006877	2026-02-02
5	2	3	4	3	2	4	5	5	4	32	2	69	US	R003105	S011310	2026-03-01
3	2	2	5	2	3	1	3	1	4	45	1	69	US	R003106	S005091	2026-02-27
3	1	1	3	2	1	2	4	4	4	18	2	85	US	R003107	S011187	2026-02-03
5	1	5	5	5	4	5	5	5	5	24	1	37	US	R003108	S003469	2026-02-17
4	4	5	5	3	4	4	4	5	4	45	2	98	US	R003109	S008029	2026-02-20
5	5	5	3	3	2	3	3	2	4	31	2	85	US	R003110	S012580	2026-02-23
2	2	3	5	4	3	2	5	3	5	40	1	74	US	R003111	S000632	2026-02-27
4	4	4	4	4	2	1	2	4	4	31	2	79	US	R003112	S005905	2026-02-04
5	4	4	5	5	3	4	3	1	2	49	2	93	US	R003113	S010743	2026-02-20
4	4	4	4	2	1	4	4	4	3	41	1	81	US	R003114	S011744	2026-02-13
4	1	4	5	4	3	5	5	5	5	31	2	73	US	R003115	S005278	2026-02-14
4	3	5	5	5	4	2	5	4	3	25	1	46	US	R003116	S007246	2026-03-06
5	3	5	5	4	3	4	5	4	4	64	2	84	US	R003117	S004499	2026-02-23
4	3	4	4	4	1	2	5	5	4	19	2	62	US	R003118	S007703	2026-03-09
3	2	4	5	5	5	2	3	5	5	20	1	94	US	R003119	S006927	2026-02-25
4	2	4	5	4	4	5	5	5	5	44	1	90	US	R003120	S004190	2026-03-23
5	5	4	4	2	2	1	1	1	2	34	1	94	US	R003121	S005358	2026-03-18
2	1	2	2	2	1	4	5	5	5	32	1	86	US	R003122	S008112	2026-02-16
5	5	3	4	5	4	3	2	1	3	35	1	87	US	R003123	S000498	2026-03-01
4	1	3	4	2	1	5	4	4	5	31	1	77	US	R003124	S011112	2026-03-03
5	4	3	4	3	2	3	5	3	2	33	1	85	US	R003125	S010224	2026-03-25
5	2	5	5	4	3	2	4	2	4	24	1	92	US	R003126	S008464	2026-02-11
4	4	2	2	2	2	4	3	3	5	42	2	86	US	R003127	S000772	2026-03-26
3	5	3	2	1	1	4	4	5	4	26	1	90	US	R003128	S008002	2026-03-21
3	5	1	4	3	4	3	1	4	4	45	2	72	US	R003129	S009020	2026-02-08
4	2	5	4	3	5	4	3	4	4	20	1	88	US	R003130	S008234	2026-02-13
4	3	3	5	4	2	4	2	4	4	34	1	93	US	R003131	S006472	2026-03-17
2	2	1	3	1	1	2	5	2	4	36	1	64	US	R003132	S003916	2026-03-25
2	5	2	5	4	5	4	4	4	3	31	1	96	US	R003133	S009824	2026-02-02
4	3	5	5	3	2	4	4	3	4	27	1	72	US	R003134	S006265	2026-03-08
2	3	1	3	2	1	2	3	2	3	34	1	88	US	R003135	S001749	2026-03-15
5	2	5	5	5	2	1	2	4	2	26	1	67	US	R003136	S005305	2026-03-15
5	3	5	5	5	4	2	4	2	4	49	2	86	US	R003137	S001874	2026-02-24
5	2	4	5	5	5	4	4	4	4	26	2	90	US	R003138	S005998	2026-03-09
4	2	1	3	3	1	2	2	2	4	30	1	93	US	R003139	S006337	2026-02-11
5	5	5	5	4	5	4	4	3	2	21	2	96	US	R003140	S008288	2026-02-02
4	1	1	4	2	1	3	4	3	5	18	1	88	US	R003141	S003452	2026-03-04
2	1	4	2	2	4	3	4	5	5	23	2	83	US	R003142	S006666	2026-03-14
5	2	5	5	5	4	4	4	4	5	35	2	91	US	R003143	S010448	2026-03-03
1	4	1	4	1	1	5	4	2	4	37	1	88	US	R003144	S010264	2026-02-08
5	1	4	2	5	5	5	5	4	5	21	2	90	US	R003145	S008925	2026-03-17
4	3	2	5	2	3	4	4	4	4	39	2	88	US	R003146	S005356	2026-02-22
5	2	4	5	5	3	4	4	3	4	43	1	98	US	R003147	S006632	2026-03-10
5	2	3	5	4	5	2	1	2	2	24	2	93	US	R003148	S009191	2026-03-10
5	5	3	4	2	3	5	4	3	5	30	2	94	US	R003149	S012547	2026-02-08
4	2	2	5	2	1	2	4	4	4	44	1	69	US	R003150	S011714	2026-03-14
3	4	4	2	3	2	2	4	3	1	18	1	94	US	R003151	S005004	2026-02-23
5	3	2	4	4	2	4	5	2	2	33	2	94	US	R003152	S000096	2026-03-10
5	1	4	3	4	4	5	5	5	5	34	2	65	US	R003153	S008362	2026-02-02
4	2	2	4	3	4	4	4	4	5	34	1	74	US	R003154	S002091	2026-03-19
4	2	4	3	2	2	3	4	3	4	32	1	68	US	R003155	S009489	2026-02-19
2	4	4	4	5	1	4	5	5	4	42	2	78	US	R003156	S007541	2026-03-06
3	2	1	4	1	2	3	3	3	5	24	1	75	US	R003157	S004398	2026-02-15
4	2	4	5	2	5	2	2	2	3	30	1	86	US	R003158	S007093	2026-02-27
4	1	4	4	2	2	4	3	4	5	27	2	82	US	R003159	S011522	2026-03-23
4	2	5	4	3	2	1	1	4	5	18	1	75	US	R003160	S007471	2026-02-21
3	4	1	3	4	2	4	4	3	4	26	1	94	US	R003161	S007176	2026-03-05
2	3	1	1	1	1	1	4	3	3	39	1	67	US	R003162	S008477	2026-03-10
4	3	4	4	4	2	1	1	2	4	42	1	83	US	R003163	S006837	2026-03-17
4	2	5	5	4	3	1	4	2	2	24	1	77	US	R003164	S010971	2026-03-05
4	2	4	4	5	2	4	5	5	4	43	1	73	US	R003165	S003844	2026-02-25
4	2	5	5	5	3	4	3	4	4	37	2	56	US	R003166	S010022	2026-02-19
3	2	2	4	3	1	4	1	5	3	30	1	97	US	R003167	S005656	2026-02-08
5	2	5	5	5	5	3	2	4	2	53	2	86	US	R003168	S005720	2026-02-10
5	5	4	3	5	5	4	5	4	2	21	2	83	US	R003169	S005263	2026-02-12
3	1	4	4	2	3	4	4	4	4	32	1	94	US	R003170	S008287	2026-02-22
3	1	4	5	2	1	2	3	2	4	18	1	92	US	R003171	S003182	2026-03-17
3	4	5	5	4	5	4	3	5	4	43	1	71	US	R003172	S007318	2026-02-18
4	2	4	5	2	2	2	2	4	4	52	1	55	US	R003173	S010066	2026-03-25
4	4	4	5	5	4	5	5	5	4	35	1	92	US	R003174	S011867	2026-02-05
3	2	1	4	2	4	4	5	5	4	40	2	92	US	R003175	S012260	2026-03-13
2	2	2	1	3	2	3	3	4	2	33	1	91	US	R003176	S009614	2026-03-22
4	3	4	5	5	4	5	4	5	4	44	1	97	US	R003177	S008798	2026-02-23
5	4	5	5	5	4	1	2	4	4	51	1	86	US	R003178	S009201	2026-03-18
5	3	4	3	4	1	3	2	2	2	22	1	83	US	R003179	S009414	2026-02-19
5	5	2	4	3	1	4	5	4	4	55	1	92	US	R003180	S005857	2026-03-09
4	4	3	3	2	2	2	3	2	5	34	2	97	US	R003181	S004394	2026-02-08
4	2	2	4	2	3	4	3	4	5	33	2	90	US	R003182	S004503	2026-03-01
3	3	4	4	2	1	2	1	2	5	30	2	93	US	R003183	S008413	2026-03-19
5	4	5	5	2	5	1	2	4	2	31	2	86	US	R003184	S008685	2026-03-23
3	2	2	5	1	3	2	5	2	4	37	1	82	US	R003185	S006838	2026-03-05
5	4	3	5	3	1	2	2	4	2	54	1	92	US	R003186	S001934	2026-03-26
2	1	4	4	2	4	2	2	4	4	35	1	56	US	R003187	S006948	2026-03-25
5	1	4	4	4	5	2	3	4	2	29	1	94	US	R003188	S009751	2026-03-16
2	4	4	4	5	1	4	5	5	4	42	2	78	US	R003189	S000828	2026-03-22
4	4	5	5	5	5	5	5	5	5	24	2	93	US	R003190	S003963	2026-03-18
4	5	5	5	5	4	4	4	4	5	31	1	82	US	R003191	S003379	2026-02-18
5	5	5	5	5	4	4	4	4	4	46	2	85	US	R003192	S012253	2026-03-03
4	1	4	4	3	2	5	5	5	4	45	2	95	US	R003193	S008641	2026-03-19
3	5	3	5	4	4	4	5	4	4	41	2	64	US	R003194	S007861	2026-02-20
2	1	1	1	3	3	4	2	3	4	23	2	75	US	R003195	S003907	2026-02-19
4	5	4	4	4	4	3	2	4	2	35	1	93	US	R003196	S003139	2026-02-28
2	2	2	5	4	2	3	5	4	4	18	1	86	US	R003197	S012712	2026-03-17
4	4	3	4	4	4	5	5	4	5	33	1	89	US	R003198	S012894	2026-02-17
4	5	5	5	5	5	3	5	5	4	37	2	92	US	R003199	S001642	2026-03-27
5	1	4	4	5	3	1	2	4	4	50	1	70	US	R003200	S006112	2026-02-24
2	1	1	3	1	1	3	4	1	3	21	1	92	US	R003201	S009917	2026-03-06
4	2	3	4	4	1	5	3	5	3	19	1	92	US	R003202	S003171	2026-03-07
2	1	4	4	1	1	3	1	1	2	55	2	95	US	R003203	S001881	2026-02-18
5	3	4	4	4	5	4	3	5	5	30	1	77	US	R003204	S007513	2026-02-14
5	5	4	5	4	2	5	5	5	3	34	1	71	US	R003205	S004618	2026-02-09
5	3	2	4	3	1	4	5	2	2	38	1	62	US	R003206	S002077	2026-03-05
2	1	1	3	1	1	1	4	3	3	42	1	83	US	R003207	S009312	2026-02-10
4	3	4	5	5	2	4	4	4	2	46	1	67	US	R003208	S005559	2026-03-11
4	2	5	4	5	3	3	5	5	5	44	2	87	US	R003209	S004355	2026-03-12
5	1	2	2	3	1	4	5	4	5	42	1	73	US	R003210	S003642	2026-03-20
5	1	5	5	5	2	2	4	5	4	30	2	94	US	R003211	S006833	2026-02-24
5	5	4	4	4	4	5	5	5	5	39	1	99	US	R003212	S004167	2026-02-26
4	1	2	5	2	1	5	4	5	5	49	2	64	US	R003213	S000649	2026-02-20
5	3	5	5	5	5	4	3	4	4	45	1	89	US	R003214	S011155	2026-02-08
5	4	5	4	5	4	5	5	4	5	28	1	96	US	R003215	S002862	2026-03-18
5	4	2	5	4	2	2	4	1	2	32	1	73	US	R003216	S008090	2026-02-19
4	1	2	2	1	2	1	2	2	2	51	1	70	US	R003217	S009469	2026-02-28
3	3	2	3	1	2	2	3	4	4	31	2	76	US	R003218	S011073	2026-03-18
2	5	4	4	5	1	4	3	3	5	53	1	93	US	R003219	S010400	2026-03-18
4	3	2	3	3	1	3	4	4	4	49	1	88	US	R003220	S000734	2026-02-10
2	1	2	4	2	1	4	3	4	4	29	2	98	US	R003221	S009853	2026-02-07
2	3	1	2	2	1	2	4	4	4	40	1	67	US	R003222	S006566	2026-02-04
5	2	4	5	4	2	5	4	2	3	54	1	99	US	R003223	S007969	2026-02-19
3	5	4	5	3	2	3	4	5	4	45	1	79	US	R003224	S001862	2026-02-05
1	3	4	3	1	1	1	2	1	2	52	1	70	US	R003225	S002475	2026-03-02
4	5	3	4	3	4	5	2	5	2	37	1	75	US	R003226	S000299	2026-03-05
5	2	2	5	2	1	4	5	3	3	36	2	85	US	R003227	S011846	2026-02-04
4	1	4	5	3	1	2	3	2	4	50	1	62	US	R003228	S008666	2026-03-11
4	4	4	5	5	3	4	3	4	5	22	2	83	US	R003229	S011630	2026-02-24
4	2	1	3	2	1	2	3	1	2	41	2	83	US	R003230	S009064	2026-03-03
2	3	2	4	2	1	1	2	1	2	18	1	79	US	R003231	S012622	2026-03-04
2	2	4	5	2	1	3	5	4	4	22	1	90	US	R003232	S001496	2026-03-17
5	4	5	5	5	4	2	2	4	1	18	1	89	US	R003233	S012219	2026-02-04
3	3	3	3	3	2	1	1	1	3	28	1	90	US	R003234	S009722	2026-03-16
4	4	1	2	1	1	3	2	1	5	39	1	86	US	R003235	S009683	2026-03-08
1	2	2	4	3	1	2	3	3	2	48	2	86	US	R003236	S000459	2026-03-19
5	1	5	4	5	5	2	1	4	4	46	1	50	US	R003237	S006863	2026-03-02
3	2	1	2	1	1	4	4	2	4	36	1	89	US	R003238	S012845	2026-02-21
3	2	3	5	4	1	1	1	3	4	42	2	98	US	R003239	S009988	2026-02-02
4	2	3	3	2	2	1	4	4	1	39	1	62	US	R003240	S008214	2026-03-10
3	4	2	4	1	2	1	1	2	4	34	1	71	US	R003241	S012955	2026-03-14
4	2	4	5	4	4	5	3	5	5	42	2	98	US	R003242	S001313	2026-03-17
4	4	5	5	5	5	5	4	5	4	22	2	76	US	R003243	S004143	2026-03-24
4	4	5	5	4	5	5	5	5	4	35	1	80	US	R003244	S000067	2026-02-24
2	2	4	3	3	1	3	1	3	2	44	2	64	US	R003245	S002219	2026-03-27
3	1	2	4	2	2	3	2	3	5	18	1	80	US	R003246	S011005	2026-02-15
4	4	5	5	3	4	4	4	4	4	35	1	89	US	R003247	S003429	2026-02-20
4	4	4	4	2	5	4	5	3	3	31	2	97	US	R003248	S009453	2026-02-23
4	2	3	3	4	2	4	4	5	5	23	1	79	US	R003249	S012960	2026-03-27
3	4	3	4	3	3	5	5	4	4	36	2	97	US	R003250	S001649	2026-03-20
4	4	4	5	5	3	2	5	4	4	22	1	85	US	R003251	S002411	2026-02-03
4	4	5	5	3	5	5	5	5	5	21	2	94	US	R003252	S006246	2026-03-22
4	2	4	5	4	3	4	5	4	4	44	1	72	US	R003253	S001661	2026-02-09
4	1	3	4	3	4	3	4	5	4	43	1	78	US	R003254	S008371	2026-02-18
3	3	1	4	2	2	3	4	3	4	26	1	72	US	R003255	S011256	2026-02-13
4	2	5	5	5	2	5	5	5	3	55	2	92	US	R003256	S003404	2026-03-05
4	1	4	2	4	2	4	1	2	5	32	1	98	US	R003257	S003882	2026-02-03
4	5	4	5	4	2	2	3	1	4	29	2	93	US	R003258	S005851	2026-02-06
5	4	5	5	5	3	4	1	4	5	20	1	88	US	R003259	S010188	2026-03-13
4	4	1	4	3	3	4	1	4	4	23	2	88	US	R003260	S000721	2026-03-05
4	5	4	5	4	3	5	4	4	5	22	2	94	US	R003261	S009653	2026-02-11
2	3	2	3	3	2	2	2	4	4	39	1	86	US	R003262	S000827	2026-02-07
4	2	3	4	4	2	4	5	3	5	22	2	85	US	R003263	S002025	2026-02-04
1	3	3	4	4	1	2	2	3	2	31	1	41	US	R003264	S009898	2026-03-12
5	2	5	5	5	1	4	2	5	5	18	1	90	US	R003265	S001632	2026-03-02
5	2	2	5	3	2	2	2	3	1	39	1	83	US	R003266	S004614	2026-03-17
5	3	3	5	2	3	5	5	4	4	45	2	88	US	R003267	S009496	2026-03-19
3	5	2	5	5	2	2	2	2	1	43	1	81	US	R003268	S008682	2026-02-25
4	3	4	4	4	2	2	5	4	5	28	2	86	US	R003269	S009296	2026-03-02
4	2	5	5	5	5	4	5	4	4	28	1	93	US	R003270	S008783	2026-03-26
5	1	2	4	4	4	4	1	4	2	30	1	86	US	R003271	S010194	2026-03-27
5	1	3	4	4	4	3	2	4	3	31	1	86	US	R003272	S001365	2026-03-17
4	3	4	5	4	3	2	5	5	5	59	2	50	US	R003273	S007362	2026-02-25
4	3	3	5	4	5	1	2	1	3	49	1	66	US	R003274	S012210	2026-03-18
2	2	1	5	4	2	4	4	4	4	32	1	90	US	R003275	S004600	2026-03-01
4	2	3	3	2	1	1	1	3	1	48	1	87	US	R003276	S009760	2026-03-11
5	4	5	5	4	5	3	3	5	1	28	1	96	US	R003277	S002182	2026-02-08
5	3	5	3	2	2	4	2	2	4	18	1	95	US	R003278	S006674	2026-03-26
4	2	2	5	5	3	3	2	2	2	41	2	91	US	R003279	S010972	2026-02-09
5	4	1	2	4	3	2	5	5	4	53	1	94	US	R003280	S004312	2026-02-25
5	3	4	5	5	2	5	5	4	5	47	2	97	US	R003281	S011547	2026-03-02
4	3	5	5	3	4	1	1	3	3	43	1	94	US	R003282	S008514	2026-02-04
5	3	3	4	2	1	4	1	4	4	51	2	95	US	R003283	S008963	2026-02-09
4	2	5	4	3	5	4	4	4	3	37	1	91	US	R003284	S008007	2026-02-10
5	5	3	2	4	4	2	2	2	1	51	1	57	US	R003285	S012121	2026-02-15
5	3	4	4	4	5	5	3	5	3	46	1	82	US	R003286	S007277	2026-03-06
4	2	1	4	4	1	3	3	3	2	30	2	84	US	R003287	S007531	2026-02-03
4	4	2	2	4	5	4	5	5	5	36	2	92	US	R003288	S007893	2026-02-10
4	1	4	5	2	2	4	2	3	5	40	1	83	US	R003289	S010960	2026-03-01
4	3	4	4	4	4	4	1	4	5	57	1	87	US	R003290	S003217	2026-03-02
2	2	2	4	3	2	1	2	1	1	34	2	84	US	R003291	S002434	2026-03-25
1	2	1	1	1	2	2	4	1	3	55	1	54	US	R003292	S002173	2026-03-03
4	1	5	4	4	3	2	2	4	5	35	1	88	US	R003293	S003870	2026-02-15
5	3	4	5	2	4	5	3	5	5	18	2	65	US	R003294	S006570	2026-02-07
2	5	1	4	3	3	5	5	4	4	20	2	90	US	R003295	S003986	2026-03-09
5	4	4	5	5	4	1	5	1	4	38	1	93	US	R003296	S004299	2026-03-12
5	3	4	4	3	1	5	5	5	3	18	2	98	US	R003297	S011057	2026-03-03
2	1	1	3	2	1	2	2	4	5	22	2	78	US	R003298	S008527	2026-02-23
4	2	3	5	1	1	1	1	1	3	18	1	89	US	R003299	S012039	2026-02-23
4	3	2	4	3	3	5	5	5	5	59	1	60	US	R003300	S003448	2026-02-26
5	2	5	5	4	4	3	5	5	3	27	1	98	US	R003301	S012788	2026-02-07
5	4	4	4	4	5	4	3	4	5	19	1	87	US	R003302	S010181	2026-02-17
5	4	5	4	5	5	2	4	5	5	52	2	88	US	R003303	S005632	2026-03-21
5	5	3	5	4	4	3	2	4	3	19	2	51	US	R003304	S009668	2026-02-28
2	2	2	4	4	4	3	5	2	5	28	2	89	US	R003305	S000755	2026-03-11
4	4	3	5	4	2	2	3	3	5	48	2	91	US	R003306	S012508	2026-02-24
1	2	2	4	1	1	2	4	2	5	22	1	75	US	R003307	S001547	2026-03-06
4	2	2	4	1	1	1	1	2	5	29	2	84	US	R003308	S004938	2026-03-14
5	1	2	4	2	1	5	4	4	2	27	1	82	US	R003309	S001954	2026-03-11
4	5	4	1	2	1	3	5	5	4	38	1	95	US	R003310	S005962	2026-03-14
4	4	2	3	3	2	2	3	5	4	27	1	80	US	R003311	S002080	2026-02-21
5	2	4	4	4	4	2	4	3	3	31	2	97	US	R003312	S009400	2026-03-05
4	5	4	5	3	2	1	2	2	3	26	2	83	US	R003313	S002092	2026-03-17
4	2	5	4	4	5	5	4	4	5	21	1	95	US	R003314	S010251	2026-02-02
5	3	5	4	3	4	1	4	3	2	52	1	93	US	R003315	S002014	2026-02-04
5	2	4	5	5	4	2	3	2	4	46	1	96	US	R003316	S008574	2026-03-06
5	4	5	5	4	5	5	2	5	5	41	1	96	US	R003317	S000999	2026-03-27
2	3	3	5	2	2	2	3	5	5	18	1	99	US	R003318	S005829	2026-03-27
2	3	2	5	1	2	1	2	1	1	45	2	96	US	R003319	S001479	2026-03-26
5	2	4	5	4	2	4	5	4	3	25	1	95	US	R003320	S012486	2026-02-07
1	2	1	4	2	2	1	2	1	1	39	1	81	US	R003321	S006147	2026-03-09
5	4	4	5	4	3	3	1	4	5	18	2	78	US	R003322	S002578	2026-02-06
2	2	4	5	5	2	2	5	3	2	58	1	63	US	R003323	S001486	2026-02-15
5	2	4	5	4	2	4	5	5	4	28	2	83	US	R003324	S006134	2026-03-08
4	3	5	5	4	4	2	4	4	5	47	1	90	US	R003325	S008364	2026-02-07
5	2	4	2	2	4	2	5	3	3	23	2	67	US	R003326	S011063	2026-03-01
4	4	3	4	3	2	4	2	5	4	50	1	95	US	R003327	S007463	2026-02-16
4	4	5	5	2	2	5	5	5	5	47	1	91	US	R003328	S002531	2026-02-15
4	2	1	5	2	2	2	4	3	4	37	2	95	US	R003329	S012288	2026-02-11
5	2	5	3	5	1	4	3	2	4	25	1	94	US	R003330	S003699	2026-03-24
3	5	5	5	5	2	1	2	4	2	29	2	92	US	R003331	S001116	2026-02-04
5	5	3	4	2	2	4	4	5	5	18	2	91	US	R003332	S001602	2026-02-28
5	2	2	3	4	1	1	4	3	4	25	1	100	US	R003333	S001833	2026-03-02
4	5	3	4	5	4	5	4	2	2	20	1	96	US	R003334	S002800	2026-02-24
5	5	5	5	5	5	2	4	5	5	36	2	94	US	R003335	S010857	2026-03-26
5	2	4	5	3	3	4	3	5	5	34	1	69	US	R003336	S006282	2026-03-27
4	2	3	5	4	4	5	4	4	4	21	1	95	US	R003337	S000953	2026-03-02
2	1	1	5	2	2	2	2	3	4	48	1	95	US	R003338	S007008	2026-02-07
4	2	1	1	1	1	1	1	1	4	21	1	81	US	R003339	S007992	2026-02-25
5	4	4	4	1	4	1	2	2	2	38	2	91	US	R003340	S005885	2026-03-24
4	4	5	4	4	2	5	3	4	5	56	1	65	US	R003341	S003804	2026-02-10
5	2	5	5	4	5	2	2	4	4	53	1	92	US	R003342	S001755	2026-02-07
5	2	3	4	2	2	4	4	4	4	30	1	96	US	R003343	S012743	2026-02-23
3	2	4	5	4	2	3	4	4	3	39	1	92	US	R003344	S001250	2026-03-03
4	4	2	4	2	1	2	3	2	4	24	1	80	US	R003345	S005541	2026-02-26
5	4	4	4	2	2	4	4	4	4	29	2	86	US	R003346	S011920	2026-02-25
4	3	2	4	2	4	3	1	4	4	30	1	98	US	R003347	S010712	2026-02-28
4	4	3	4	3	2	5	4	5	2	44	2	95	US	R003348	S007355	2026-02-26
2	3	2	5	4	4	2	5	4	4	18	2	93	US	R003349	S009626	2026-03-13
4	3	5	4	5	2	1	2	2	4	30	2	83	US	R003350	S005975	2026-03-21
1	2	4	1	4	2	4	4	4	4	30	1	71	US	R003351	S006695	2026-02-25
4	2	4	5	1	1	4	5	3	3	39	1	93	US	R003352	S003190	2026-03-22
3	5	4	5	2	2	4	5	4	4	38	1	81	US	R003353	S004575	2026-02-24
4	3	4	4	2	1	4	2	4	4	49	2	82	US	R003354	S009480	2026-02-27
4	2	5	5	2	3	4	3	4	4	27	2	48	US	R003355	S008153	2026-03-09
4	3	5	5	5	5	2	5	2	2	38	1	77	US	R003356	S006061	2026-03-16
4	4	2	4	1	4	1	4	4	3	38	2	96	US	R003357	S004038	2026-02-27
5	2	4	4	4	2	4	4	5	5	28	1	69	US	R003358	S008938	2026-03-10
4	2	2	3	2	1	2	5	4	3	33	2	94	US	R003359	S011415	2026-03-18
3	4	3	5	4	2	4	4	4	4	30	1	97	US	R003360	S010304	2026-03-06
4	1	2	4	4	4	2	1	4	2	38	2	84	US	R003361	S003436	2026-03-22
5	3	3	5	5	2	3	5	3	3	49	2	92	US	R003362	S000901	2026-03-27
4	4	3	4	3	5	4	5	5	4	32	1	89	US	R003363	S006141	2026-02-14
5	3	4	5	5	5	5	5	5	5	27	1	84	US	R003364	S012561	2026-03-02
4	2	4	5	4	2	5	4	4	4	32	2	93	US	R003365	S003250	2026-03-04
4	4	4	4	4	2	2	3	4	4	48	2	89	US	R003366	S000006	2026-02-05
5	4	2	2	4	1	3	5	4	4	29	1	93	US	R003367	S010995	2026-02-26
3	2	2	2	2	1	3	1	1	4	35	1	76	US	R003368	S003828	2026-02-13
4	4	4	4	4	1	1	3	2	1	39	2	78	US	R003369	S002755	2026-02-03
5	2	5	5	5	4	2	3	2	4	31	2	69	US	R003370	S006324	2026-03-23
4	4	5	5	5	3	4	5	4	4	45	1	94	US	R003371	S007702	2026-02-11
5	5	5	5	5	5	5	5	5	5	26	2	91	US	R003372	S006467	2026-02-12
1	2	4	4	1	2	3	2	3	3	30	1	86	US	R003373	S006170	2026-02-09
5	2	5	5	4	4	4	4	4	4	24	2	66	US	R003374	S001937	2026-02-18
5	2	5	4	3	2	4	2	4	4	35	1	74	US	R003375	S009210	2026-03-02
5	2	2	5	4	1	5	5	4	3	42	1	98	US	R003376	S010494	2026-03-25
2	1	3	4	2	2	1	3	2	3	18	1	78	US	R003377	S011652	2026-02-09
5	2	2	5	2	3	4	5	4	4	22	1	95	US	R003378	S008149	2026-02-09
5	1	3	5	2	3	4	3	4	5	25	2	93	US	R003379	S005081	2026-03-27
2	1	2	4	2	2	4	1	4	4	26	2	70	US	R003380	S006862	2026-03-23
2	4	1	4	1	1	1	2	2	1	31	1	84	US	R003381	S009179	2026-03-15
4	5	4	5	4	5	4	5	5	5	28	1	99	US	R003382	S002332	2026-02-22
4	3	1	4	2	2	2	3	2	5	37	1	93	US	R003383	S008548	2026-02-17
3	1	1	5	4	1	3	2	4	5	43	1	90	US	R003384	S002148	2026-03-03
5	1	4	5	1	2	4	4	4	4	45	1	90	US	R003385	S005039	2026-02-24
5	2	4	4	4	4	4	5	4	2	52	2	58	US	R003386	S008232	2026-03-22
4	5	2	4	3	3	5	5	2	2	24	1	74	US	R003387	S007778	2026-03-07
4	4	2	5	3	4	1	1	2	1	19	1	69	US	R003388	S007710	2026-02-26
2	4	3	4	1	2	5	5	5	4	37	2	79	US	R003389	S002527	2026-02-20
5	4	4	5	5	5	4	4	4	4	49	2	85	US	R003390	S011349	2026-02-11
2	3	2	3	1	1	2	2	2	4	38	2	94	US	R003391	S000127	2026-02-07
2	2	4	3	4	5	4	1	2	5	39	2	98	US	R003392	S011047	2026-02-06
3	2	1	4	1	1	4	3	3	1	21	1	88	US	R003393	S012649	2026-02-25
1	4	2	4	2	2	5	5	2	3	35	2	79	US	R003394	S010124	2026-02-27
4	2	3	4	1	2	3	5	5	4	19	1	92	US	R003395	S003526	2026-02-05
5	5	4	5	5	5	2	5	2	3	33	1	83	US	R003396	S002865	2026-02-03
4	4	5	5	5	4	4	5	4	4	30	2	77	US	R003397	S010518	2026-02-12
5	3	3	5	5	2	3	2	3	1	18	2	68	US	R003398	S004453	2026-02-04
5	4	2	5	2	1	2	2	2	2	54	1	93	US	R003399	S001491	2026-03-11
5	4	2	4	4	2	4	4	3	4	29	1	89	US	R003400	S001682	2026-03-12
5	2	4	5	4	3	4	5	4	4	39	1	92	US	R003401	S006403	2026-02-08
4	1	4	4	3	1	3	5	2	4	41	1	72	US	R003402	S003128	2026-03-25
3	2	4	5	2	2	3	5	5	5	42	1	94	US	R003403	S011388	2026-02-17
3	2	2	4	2	3	4	5	4	5	20	1	82	US	R003404	S010272	2026-02-15
4	2	4	4	3	4	5	5	5	4	39	2	82	US	R003405	S008375	2026-03-21
5	2	2	5	5	5	5	5	3	4	24	2	92	US	R003406	S003978	2026-03-10
4	4	5	5	4	5	1	5	4	5	49	1	89	US	R003407	S011137	2026-03-27
4	3	2	1	2	1	1	1	2	2	30	2	81	US	R003408	S003026	2026-02-12
4	2	1	1	2	1	4	4	5	4	18	1	97	US	R003409	S006294	2026-03-10
4	2	5	5	4	5	5	4	5	4	46	2	85	US	R003410	S000791	2026-02-22
1	3	1	3	2	4	4	4	4	2	18	2	79	US	R003411	S007430	2026-03-04
4	4	4	5	4	5	3	3	4	3	56	1	74	US	R003412	S011847	2026-03-16
5	4	4	4	4	4	5	4	4	3	33	2	75	US	R003413	S011911	2026-03-22
5	2	3	4	2	1	4	4	4	5	30	1	97	US	R003414	S004188	2026-03-10
4	2	4	4	3	3	2	3	2	2	21	2	86	US	R003415	S011528	2026-02-02
2	2	4	5	3	3	5	4	5	4	58	2	90	US	R003416	S006260	2026-02-28
3	1	4	1	2	2	4	5	4	4	59	2	90	US	R003417	S012814	2026-02-28
5	2	3	4	4	5	1	2	2	4	36	1	76	US	R003418	S004625	2026-03-13
4	3	2	3	1	1	2	4	5	2	57	1	86	US	R003419	S003675	2026-03-03
4	5	5	4	5	4	5	4	4	4	46	1	71	US	R003420	S002899	2026-02-17
4	2	1	5	2	1	1	3	2	2	31	1	82	US	R003421	S007862	2026-03-21
5	4	4	5	3	3	4	5	4	5	48	1	94	US	R003422	S002187	2026-03-25
4	3	1	4	2	1	2	3	5	4	41	2	79	US	R003423	S000465	2026-02-25
3	3	3	3	4	1	4	1	4	4	47	1	99	US	R003424	S001768	2026-02-14
4	2	2	3	2	1	4	5	3	4	51	1	90	US	R003425	S002935	2026-02-20
2	3	4	4	5	5	1	2	5	2	24	2	86	US	R003426	S004702	2026-02-28
3	4	4	5	3	4	1	1	2	3	18	2	92	US	R003427	S008107	2026-02-19
4	4	4	5	4	5	4	3	5	4	38	1	92	US	R003428	S011534	2026-02-28
2	3	2	2	3	3	3	1	4	4	47	1	76	US	R003429	S011680	2026-02-22
2	3	2	4	2	4	4	5	5	2	43	2	91	US	R003430	S000831	2026-02-20
4	1	4	4	2	1	4	4	4	2	36	2	90	US	R003431	S011924	2026-03-03
4	3	4	4	2	4	1	2	2	4	24	2	100	US	R003432	S002274	2026-02-15
5	2	4	4	4	3	4	3	4	4	52	2	78	US	R003433	S004557	2026-02-24
4	4	4	5	5	2	1	1	1	4	31	2	86	US	R003434	S012885	2026-03-04
2	3	3	5	4	5	2	4	4	4	30	1	91	US	R003435	S007843	2026-02-11
5	3	4	3	4	3	4	5	4	5	22	2	85	US	R003436	S002886	2026-03-04
1	1	3	2	1	1	4	3	2	4	43	1	71	US	R003437	S006724	2026-03-18
3	2	3	3	1	2	3	4	3	2	21	1	69	US	R003438	S010202	2026-03-11
4	1	2	4	2	1	4	5	2	4	53	1	83	US	R003439	S005343	2026-02-06
5	2	2	4	2	2	5	5	5	5	53	2	84	US	R003440	S012295	2026-03-05
4	1	3	4	4	2	3	5	5	4	18	2	69	US	R003441	S001006	2026-03-17
4	3	5	4	3	3	5	4	2	5	34	1	79	US	R003442	S012162	2026-03-19
4	2	1	2	2	1	5	5	4	5	18	1	95	US	R003443	S008922	2026-02-26
5	3	4	5	4	1	4	5	3	5	46	1	83	US	R003444	S001566	2026-03-09
4	1	2	5	4	1	5	4	4	4	47	1	72	US	R003445	S011263	2026-03-24
2	4	2	3	2	1	1	4	4	1	38	2	71	US	R003446	S007223	2026-03-16
5	4	5	3	5	2	4	4	5	5	18	2	94	US	R003447	S006051	2026-03-03
1	2	2	2	1	2	1	1	1	3	24	1	91	US	R003448	S005192	2026-03-27
2	2	3	5	5	3	3	3	2	4	20	2	85	US	R003449	S005077	2026-02-10
4	5	4	3	5	5	5	5	4	5	36	2	67	US	R003450	S008594	2026-03-18
4	5	5	4	5	3	2	4	4	4	44	2	86	US	R003451	S001248	2026-02-11
5	4	4	5	5	2	3	4	4	3	34	1	93	US	R003452	S004232	2026-03-14
5	3	5	5	5	5	5	4	4	2	40	1	91	US	R003453	S006184	2026-02-26
4	3	1	3	3	1	3	4	5	5	26	1	64	US	R003454	S009475	2026-03-25
5	2	4	5	3	4	2	4	4	5	23	1	73	US	R003455	S011337	2026-02-19
4	4	2	4	2	4	3	5	5	2	60	1	92	US	R003456	S008384	2026-02-11
2	2	3	5	1	2	5	4	4	3	27	2	96	US	R003457	S009417	2026-02-12
5	4	4	5	5	2	4	4	5	5	39	2	89	US	R003458	S008260	2026-03-19
5	4	4	5	4	1	1	4	2	4	38	2	91	US	R003459	S008602	2026-03-08
3	4	2	4	2	3	1	1	4	4	49	2	84	US	R003460	S007103	2026-02-11
4	5	5	4	5	5	4	4	4	3	36	1	94	US	R003461	S002911	2026-02-04
4	5	4	5	4	2	5	2	5	5	30	2	79	US	R003462	S000770	2026-02-22
3	3	4	4	5	4	5	5	5	5	43	2	80	US	R003463	S005708	2026-03-07
2	1	2	4	2	1	2	1	2	4	33	1	69	US	R003464	S002822	2026-03-26
1	2	2	3	2	2	1	1	1	5	18	1	95	US	R003465	S000234	2026-03-07
3	1	2	4	2	1	2	4	1	4	31	1	80	US	R003466	S000635	2026-02-03
4	3	3	4	2	2	5	3	4	5	29	1	85	US	R003467	S008098	2026-03-02
5	4	3	5	4	2	2	3	2	2	34	1	67	US	R003468	S000136	2026-02-28
5	2	2	4	3	1	5	4	4	4	36	1	70	US	R003469	S002849	2026-02-24
2	3	5	3	3	2	1	4	4	4	24	2	62	US	R003470	S012035	2026-03-18
5	2	4	5	4	3	3	4	2	4	51	2	85	US	R003471	S012837	2026-02-04
4	1	2	4	2	1	2	4	4	4	29	1	83	US	R003472	S007706	2026-02-07
4	4	4	2	4	2	5	4	4	5	26	2	98	US	R003473	S008705	2026-02-02
5	3	3	5	3	1	1	1	2	1	40	1	94	US	R003474	S012892	2026-02-25
4	2	2	5	1	1	1	3	2	2	43	1	96	US	R003475	S004314	2026-03-26
5	4	4	5	5	2	2	4	4	1	27	2	90	US	R003476	S011276	2026-02-11
5	1	5	5	5	5	1	3	3	1	51	2	94	US	R003477	S003511	2026-03-19
5	4	2	4	2	1	3	5	2	4	36	1	78	US	R003478	S009938	2026-03-07
3	4	4	4	4	3	4	5	4	5	41	2	94	US	R003479	S003150	2026-02-21
5	2	2	5	4	1	4	4	3	4	34	1	95	US	R003480	S011316	2026-03-19
5	5	4	3	5	5	5	4	4	4	43	2	85	US	R003481	S000639	2026-03-19
3	2	4	1	2	2	4	4	3	5	27	1	88	US	R003482	S005506	2026-02-13
5	4	5	3	4	3	4	3	4	4	30	1	93	US	R003483	S011606	2026-02-26
4	2	5	4	4	1	4	4	3	4	26	1	88	US	R003484	S010965	2026-03-20
5	4	4	4	2	3	5	5	5	5	56	1	64	US	R003485	S002271	2026-03-02
5	3	2	3	3	1	2	3	2	4	34	1	85	US	R003486	S010619	2026-02-24
4	2	4	3	2	4	1	2	2	3	33	2	92	US	R003487	S011228	2026-02-28
5	4	5	5	5	5	5	5	5	4	32	1	77	US	R003488	S005299	2026-03-13
5	4	4	5	5	2	5	5	5	5	26	1	92	US	R003489	S006225	2026-03-17
4	4	1	2	2	2	1	4	1	4	27	2	78	US	R003490	S009821	2026-03-15
5	2	5	5	5	5	4	4	4	4	40	2	56	US	R003491	S008213	2026-03-20
5	3	3	4	4	1	1	3	1	4	43	2	92	US	R003492	S002734	2026-02-02
5	1	4	4	4	4	1	3	1	4	19	2	51	US	R003493	S011952	2026-02-20
1	4	3	3	2	1	2	2	4	3	24	1	92	US	R003494	S003315	2026-02-02
4	1	3	4	3	1	3	4	1	4	42	2	95	US	R003495	S002395	2026-02-06
3	2	4	4	2	2	1	1	2	1	26	1	93	US	R003496	S010133	2026-03-19
2	2	1	4	2	1	1	1	1	3	41	2	94	US	R003497	S010118	2026-02-12
3	1	4	4	2	1	5	4	5	5	42	2	73	US	R003498	S006546	2026-03-04
3	1	2	4	5	3	2	5	4	4	44	2	89	US	R003499	S005525	2026-03-20
4	2	4	4	2	2	4	4	2	4	41	2	94	US	R003500	S003394	2026-02-19
5	4	4	5	4	4	4	5	4	5	54	2	88	US	R003501	S005402	2026-02-06
5	2	4	3	5	5	5	4	5	4	47	1	94	US	R003502	S001434	2026-02-20
2	3	2	4	4	1	1	1	3	1	26	1	87	US	R003503	S011333	2026-03-26
5	3	5	5	3	4	4	4	5	4	31	1	92	US	R003504	S002276	2026-02-19
2	5	1	5	4	2	5	5	5	5	38	1	93	US	R003505	S012746	2026-02-26
5	5	5	4	5	5	5	4	5	5	25	1	70	US	R003506	S002795	2026-03-10
3	4	2	4	3	1	2	1	5	4	32	1	89	US	R003507	S001628	2026-03-15
3	2	4	4	4	4	4	4	4	5	49	1	85	US	R003508	S003317	2026-02-14
4	1	4	5	5	5	5	4	5	5	53	1	94	US	R003509	S010173	2026-02-07
5	2	5	5	3	2	1	1	2	2	34	2	94	US	R003510	S000467	2026-03-23
4	2	4	4	5	5	2	2	3	3	37	1	90	US	R003511	S001821	2026-02-15
5	1	4	5	5	2	4	1	4	5	28	1	86	US	R003512	S001905	2026-03-16
4	4	2	5	4	2	1	4	2	1	23	2	85	US	R003513	S001376	2026-03-15
5	2	5	5	4	2	4	2	4	4	44	1	95	US	R003514	S003843	2026-02-21
4	2	1	2	1	2	1	3	3	4	28	2	89	US	R003515	S007293	2026-02-21
5	2	4	5	5	3	4	5	2	3	28	1	91	US	R003516	S011096	2026-03-03
4	3	4	5	5	5	4	5	4	3	29	1	93	US	R003517	S007379	2026-03-04
4	1	4	5	5	2	2	1	3	4	37	2	68	US	R003518	S001647	2026-02-19
1	2	2	2	4	2	4	5	4	4	46	1	93	US	R003519	S009155	2026-03-27
4	2	2	5	2	3	3	4	4	3	26	1	82	US	R003520	S009260	2026-03-23
4	2	4	4	2	1	1	4	1	4	34	1	89	US	R003521	S011288	2026-03-04
4	5	5	4	4	2	1	3	2	4	35	2	86	US	R003522	S001304	2026-02-14
5	3	2	5	5	3	5	5	4	5	39	1	90	US	R003523	S007230	2026-02-25
5	2	4	4	5	3	5	5	2	4	43	1	97	US	R003524	S005562	2026-02-26
2	2	2	4	3	1	5	2	3	2	36	1	67	US	R003525	S009303	2026-03-13
5	2	5	5	5	3	2	4	3	4	50	2	91	US	R003526	S000275	2026-03-13
4	5	4	3	2	3	4	5	4	5	31	1	87	US	R003527	S001347	2026-03-13
4	5	5	5	2	4	5	4	1	4	28	1	96	US	R003528	S008640	2026-02-08
2	2	2	4	4	2	4	5	5	5	56	1	93	US	R003529	S000256	2026-02-18
3	3	4	5	3	4	2	3	5	3	34	2	88	US	R003530	S008517	2026-03-05
3	3	4	5	4	4	3	1	4	4	27	1	97	US	R003531	S008725	2026-03-12
4	2	3	4	5	3	1	4	4	2	26	2	85	US	R003532	S009241	2026-03-07
2	2	4	4	4	3	3	4	5	4	29	2	84	US	R003533	S003316	2026-03-23
4	1	4	1	2	2	2	4	3	4	37	2	77	US	R003534	S011050	2026-02-25
5	5	4	5	5	4	3	3	5	5	38	2	63	US	R003535	S003251	2026-02-12
5	2	5	5	5	4	1	2	3	2	25	2	84	US	R003536	S001772	2026-02-03
4	2	3	2	3	1	2	5	4	5	28	2	97	US	R003537	S008860	2026-03-07
4	1	2	5	2	2	2	3	4	5	38	2	90	US	R003538	S005110	2026-03-05
3	2	1	4	3	2	2	2	4	2	28	1	67	US	R003539	S006665	2026-02-08
2	3	3	5	3	2	1	1	1	4	58	1	82	US	R003540	S001641	2026-02-26
4	3	1	2	2	1	1	2	3	4	33	2	90	US	R003541	S005146	2026-03-20
4	2	2	4	2	1	3	4	3	2	35	1	79	US	R003542	S006342	2026-03-09
2	2	4	5	4	4	5	5	5	4	34	1	97	US	R003543	S001396	2026-02-11
4	2	4	5	4	4	5	5	5	4	34	1	87	US	R003544	S000719	2026-03-09
5	2	4	3	4	2	3	4	3	4	34	1	98	US	R003545	S001424	2026-03-18
4	4	4	5	2	2	4	5	3	4	39	1	98	US	R003546	S005196	2026-02-15
5	4	3	5	2	3	4	4	5	4	18	1	80	US	R003547	S002388	2026-03-01
5	5	3	5	5	4	3	4	3	4	33	1	87	US	R003548	S008422	2026-03-01
5	5	5	4	4	4	2	4	3	2	34	1	58	US	R003549	S008512	2026-03-01
4	3	4	5	3	1	3	5	4	1	35	1	82	US	R003550	S002726	2026-02-20
5	5	5	5	5	5	5	1	5	5	42	1	88	US	R003551	S002163	2026-03-08
5	4	4	4	3	3	4	5	5	2	33	1	95	US	R003552	S003661	2026-03-13
4	5	4	5	3	2	5	5	4	5	37	1	62	US	R003553	S004392	2026-03-13
5	3	3	4	5	3	2	1	3	4	58	1	93	US	R003554	S009754	2026-02-13
3	3	2	4	2	1	2	2	5	4	45	1	84	US	R003555	S008099	2026-02-21
3	2	4	5	4	3	2	2	4	4	30	1	99	US	R003556	S007512	2026-02-27
4	5	4	5	4	3	2	1	2	3	18	1	88	US	R003557	S000874	2026-03-21
2	4	2	4	1	4	5	4	2	3	33	2	65	US	R003558	S011135	2026-03-02
4	2	5	4	5	5	2	5	4	5	28	1	82	US	R003559	S005662	2026-02-27
5	5	5	5	5	4	5	5	4	5	25	1	92	US	R003560	S011001	2026-03-09
4	4	4	4	2	1	2	4	5	3	46	2	95	US	R003561	S000148	2026-03-01
5	3	4	5	4	2	4	4	3	5	49	2	85	US	R003562	S003814	2026-03-11
5	1	3	4	2	4	3	3	4	4	29	1	95	US	R003563	S007221	2026-02-15
4	2	4	1	2	2	4	4	4	5	18	2	94	US	R003564	S012644	2026-02-08
4	4	3	4	4	2	5	4	5	5	20	2	74	US	R003565	S000460	2026-03-04
4	4	4	4	3	1	4	5	5	4	19	2	90	US	R003566	S007518	2026-03-02
2	1	2	4	1	2	5	5	4	5	46	1	77	US	R003567	S012242	2026-02-17
5	3	4	5	5	5	1	2	2	3	55	2	88	US	R003568	S000701	2026-03-13
2	3	1	4	1	1	1	3	4	2	38	2	87	US	R003569	S012448	2026-03-19
3	4	3	4	2	2	1	5	3	4	53	1	75	US	R003570	S010238	2026-03-15
1	2	3	4	4	2	2	2	3	2	68	2	100	US	R003571	S011182	2026-02-11
5	3	5	5	5	4	5	4	4	4	37	1	94	US	R003572	S009315	2026-02-02
2	4	2	4	4	2	3	3	3	4	52	2	90	US	R003573	S005462	2026-03-16
2	3	5	5	5	4	3	2	1	4	23	1	99	US	R003574	S003205	2026-02-17
3	2	2	3	5	2	4	5	5	2	54	1	79	US	R003575	S000715	2026-03-04
4	2	4	4	5	3	2	4	2	1	51	2	72	US	R003576	S009488	2026-03-08
5	2	2	2	5	4	4	3	2	5	35	1	90	US	R003577	S008342	2026-02-24
5	1	3	4	1	1	3	5	4	4	21	2	69	US	R003578	S000457	2026-03-05
2	2	1	5	4	1	2	4	2	4	51	2	85	US	R003579	S007966	2026-02-07
4	4	5	4	5	4	4	5	5	5	18	2	96	US	R003580	S004861	2026-03-10
5	1	4	5	5	2	4	5	5	4	38	1	95	US	R003581	S008519	2026-03-19
3	2	3	3	2	1	5	5	5	5	40	1	85	US	R003582	S009055	2026-02-06
5	3	5	4	3	2	1	5	3	5	25	1	88	US	R003583	S009572	2026-03-26
5	4	4	5	5	2	4	4	4	3	33	1	64	US	R003584	S007399	2026-03-25
5	1	4	4	4	2	5	4	5	4	34	1	87	US	R003585	S011236	2026-03-10
4	5	4	5	4	2	2	2	2	2	38	1	72	US	R003586	S008079	2026-02-27
5	2	4	5	3	2	5	5	5	5	37	1	83	US	R003587	S001512	2026-02-06
4	2	1	4	4	1	5	5	4	3	29	2	84	US	R003588	S008235	2026-02-08
5	2	4	4	2	4	3	4	4	3	38	1	90	US	R003589	S011459	2026-03-05
5	3	4	4	3	3	5	5	5	5	40	1	95	US	R003590	S003343	2026-02-24
4	3	4	4	4	2	4	5	4	4	48	2	84	US	R003591	S005887	2026-02-15
2	4	1	4	5	2	4	5	4	4	31	2	70	US	R003592	S006903	2026-03-27
5	4	4	5	4	1	2	4	4	4	30	2	92	US	R003593	S006858	2026-03-20
1	3	4	5	5	5	5	5	5	5	26	1	94	US	R003594	S011498	2026-02-28
4	2	3	5	2	2	4	5	3	4	51	1	78	US	R003595	S008162	2026-03-22
5	2	5	5	5	4	5	3	4	5	31	1	75	US	R003596	S001893	2026-02-14
3	5	2	5	5	2	1	1	2	4	31	1	97	US	R003597	S002184	2026-03-19
5	5	5	4	3	5	3	4	4	3	30	1	82	US	R003598	S007662	2026-02-21
4	1	4	5	4	5	5	5	5	4	40	1	82	US	R003599	S007640	2026-02-22
4	5	5	5	4	1	2	4	4	4	54	2	97	US	R003600	S002900	2026-03-06
4	3	5	5	4	4	2	2	4	2	45	1	74	US	R003601	S011116	2026-03-20
5	2	5	5	4	5	2	4	1	2	41	2	94	US	R003602	S001984	2026-03-20
4	3	3	5	4	4	4	4	5	5	24	2	88	US	R003603	S012110	2026-03-16
5	4	3	4	5	2	2	4	5	4	33	1	92	US	R003604	S011909	2026-03-27
2	3	3	4	5	4	4	2	4	4	44	2	91	US	R003605	S000447	2026-02-04
4	3	5	5	5	4	4	4	4	5	52	1	57	US	R003606	S007571	2026-02-02
4	4	5	5	4	2	5	5	5	4	31	1	89	US	R003607	S006204	2026-02-23
2	5	1	4	1	1	1	3	3	4	47	1	99	US	R003608	S012465	2026-03-01
5	5	5	5	5	5	4	5	4	5	33	1	90	US	R003609	S001601	2026-02-12
4	1	1	3	1	2	4	5	5	2	38	1	58	US	R003610	S003075	2026-03-26
5	5	4	5	5	2	2	2	3	5	30	1	89	US	R003611	S012130	2026-02-10
5	3	2	4	4	2	3	4	4	5	38	1	93	US	R003612	S000553	2026-02-22
5	1	3	5	3	4	2	1	2	4	40	1	64	US	R003613	S009132	2026-03-18
5	2	2	4	5	4	4	2	3	4	19	2	91	US	R003614	S000122	2026-03-06
2	2	4	1	4	2	1	3	1	2	36	2	94	US	R003615	S000219	2026-02-03
4	4	4	5	4	4	4	4	4	5	45	2	98	US	R003616	S002322	2026-02-11
5	5	5	3	5	2	2	4	2	3	40	1	80	US	R003617	S004074	2026-02-04
4	2	4	5	5	4	2	1	2	2	45	2	89	US	R003618	S010653	2026-03-10
2	3	5	5	4	5	4	3	5	5	20	1	94	US	R003619	S009603	2026-03-19
5	5	5	5	5	5	5	5	4	5	34	1	75	US	R003620	S005654	2026-02-25
5	2	4	5	4	5	4	3	4	5	34	2	93	US	R003621	S001786	2026-03-05
4	4	2	4	3	5	5	5	5	5	40	2	95	US	R003622	S006374	2026-03-09
4	1	3	5	4	3	5	5	5	5	34	2	97	US	R003623	S012426	2026-02-14
4	5	2	4	1	4	1	4	3	2	26	2	76	US	R003624	S004020	2026-02-24
4	2	4	4	5	2	2	2	3	2	45	1	76	US	R003625	S007069	2026-03-27
4	2	4	3	1	2	1	1	1	4	47	1	90	US	R003626	S011386	2026-03-11
5	5	2	4	2	3	2	4	4	5	28	2	96	US	R003627	S009662	2026-03-12
3	1	2	3	3	1	5	5	5	5	44	1	99	US	R003628	S010468	2026-02-24
5	1	4	5	4	3	4	3	5	5	49	2	63	US	R003629	S001857	2026-02-24
4	1	3	4	4	4	2	5	1	3	42	2	97	US	R003630	S011483	2026-03-24
4	1	4	5	4	5	3	4	4	4	32	2	78	US	R003631	S007684	2026-03-17
4	2	4	3	3	2	4	2	4	3	32	2	87	US	R003632	S000826	2026-02-13
4	1	1	3	2	1	3	3	4	4	49	1	62	US	R003633	S001283	2026-03-16
5	4	5	5	4	4	5	5	5	4	29	2	99	US	R003634	S006721	2026-02-12
4	1	4	4	2	2	5	4	4	5	41	1	84	US	R003635	S004044	2026-02-27
4	1	4	5	4	5	1	2	1	3	44	2	89	US	R003636	S001184	2026-03-19
4	5	5	5	5	5	3	3	4	2	34	1	93	US	R003637	S009008	2026-02-12
4	2	2	5	2	1	4	4	4	4	39	2	67	US	R003638	S003308	2026-03-21
4	2	4	5	5	3	3	4	4	3	24	1	78	US	R003639	S009076	2026-03-15
5	1	4	4	4	2	5	4	5	4	34	1	87	US	R003640	S007253	2026-02-23
3	3	4	5	3	1	5	5	5	5	53	1	92	US	R003641	S000732	2026-02-07
4	2	3	3	3	5	4	4	5	4	55	2	82	US	R003642	S008648	2026-03-11
4	1	4	5	3	4	4	2	4	2	34	2	75	US	R003643	S007575	2026-02-09
5	4	4	4	2	4	2	3	1	4	40	1	73	US	R003644	S010314	2026-03-02
5	3	4	3	3	1	4	4	4	5	18	2	74	US	R003645	S001206	2026-02-15
5	4	4	4	5	3	4	5	5	5	27	2	72	US	R003646	S005064	2026-02-09
4	4	3	4	4	2	2	5	2	3	55	2	70	US	R003647	S004039	2026-03-10
4	1	4	5	1	4	4	4	5	5	38	1	99	US	R003648	S012487	2026-02-16
2	2	2	3	3	2	3	3	1	4	18	2	97	US	R003649	S002830	2026-02-15
3	1	4	3	5	2	4	4	4	4	51	1	79	US	R003650	S004450	2026-02-28
4	5	5	3	3	4	2	4	2	1	25	1	87	US	R003651	S009825	2026-03-05
2	5	5	5	5	4	5	2	4	4	41	2	73	US	R003652	S010270	2026-02-12
5	3	5	4	5	5	5	3	5	4	45	1	78	US	R003653	S000405	2026-03-05
5	4	5	4	3	4	4	4	4	3	33	2	97	US	R003654	S010042	2026-02-21
4	4	2	4	1	1	3	2	2	1	33	1	71	US	R003655	S001215	2026-02-19
5	5	4	5	5	4	2	4	4	3	38	2	67	US	R003656	S003422	2026-03-18
4	4	4	4	4	3	4	4	4	4	48	1	75	US	R003657	S009803	2026-03-21
5	4	3	5	4	2	2	2	3	2	20	1	81	US	R003658	S008556	2026-02-09
4	5	4	5	5	5	4	1	2	4	47	1	93	US	R003659	S008084	2026-02-16
2	2	1	4	2	2	4	4	4	5	18	1	73	US	R003660	S009808	2026-02-12
5	1	5	4	1	5	4	3	5	5	35	2	93	US	R003661	S002652	2026-02-12
5	5	5	5	4	4	4	4	2	2	33	1	88	US	R003662	S000902	2026-03-21
5	5	5	5	5	3	5	5	5	5	18	1	53	US	R003663	S002964	2026-02-16
5	2	4	4	5	3	4	4	4	5	34	1	91	US	R003664	S010040	2026-03-07
5	2	4	5	4	3	1	4	4	4	36	2	79	US	R003665	S012149	2026-02-04
4	1	2	5	2	1	1	4	4	4	29	2	98	US	R003666	S001727	2026-03-18
5	2	4	5	2	4	5	5	5	2	20	1	98	US	R003667	S006500	2026-03-19
3	5	2	5	2	2	4	5	4	4	19	1	84	US	R003668	S000968	2026-03-26
4	2	3	4	2	3	2	2	4	2	33	1	81	US	R003669	S007568	2026-03-19
3	1	4	4	3	1	2	3	5	5	43	1	99	US	R003670	S008503	2026-03-27
5	4	4	4	5	4	5	5	4	4	39	1	83	US	R003671	S001971	2026-03-12
2	2	1	3	2	2	2	2	3	1	55	1	85	US	R003672	S004123	2026-02-19
5	2	2	5	3	2	5	4	4	2	46	1	69	US	R003673	S004929	2026-02-13
2	1	4	3	2	5	5	4	5	5	63	2	85	US	R003674	S001791	2026-02-18
1	3	1	2	1	2	2	4	2	3	22	1	60	US	R003675	S011479	2026-02-22
3	2	3	3	4	2	4	4	4	5	29	1	87	US	R003676	S008694	2026-02-11
5	3	4	4	2	4	4	5	4	4	34	2	64	US	R003677	S008230	2026-02-21
4	1	2	4	1	2	2	1	4	3	33	1	83	US	R003678	S008951	2026-03-03
5	1	5	4	5	3	3	4	4	4	18	1	91	US	R003679	S005459	2026-03-02
1	2	2	4	2	1	3	2	4	4	47	2	49	US	R003680	S009079	2026-03-09
5	3	4	5	4	2	2	2	4	2	29	1	77	US	R003681	S002651	2026-02-25
4	4	3	3	2	2	2	3	3	3	43	2	81	US	R003682	S005167	2026-02-20
5	4	5	5	2	2	2	4	4	4	37	1	89	US	R003683	S009122	2026-02-14
2	2	5	4	2	3	5	5	2	2	39	1	94	US	R003684	S012206	2026-02-21
4	3	2	4	1	3	1	2	2	1	25	2	98	US	R003685	S002524	2026-02-15
5	3	2	3	4	2	4	3	4	5	31	1	72	US	R003686	S000144	2026-03-15
3	2	2	4	4	2	1	3	4	4	36	2	84	US	R003687	S011039	2026-03-06
3	2	2	4	4	1	1	4	3	4	66	1	87	US	R003688	S012522	2026-03-20
5	2	2	4	4	4	2	1	2	4	41	2	88	US	R003689	S006672	2026-02-16
4	2	3	2	4	2	2	3	4	5	26	1	89	US	R003690	S003289	2026-03-04
3	2	5	5	4	2	4	5	4	4	34	2	86	US	R003691	S010230	2026-02-08
5	4	5	4	5	5	5	2	5	4	51	1	94	US	R003692	S006808	2026-02-03
5	4	5	5	5	4	1	2	1	4	54	2	90	US	R003693	S012923	2026-02-22
4	1	4	5	5	4	4	4	4	4	33	1	93	US	R003694	S007212	2026-02-22
4	2	4	4	3	1	1	3	2	4	25	1	73	US	R003695	S012042	2026-02-10
3	2	3	4	2	2	2	4	4	5	31	1	76	US	R003696	S006010	2026-03-15
3	2	1	5	2	1	2	4	4	4	38	1	93	US	R003697	S002202	2026-02-05
3	2	2	2	5	2	1	4	1	5	46	1	80	US	R003698	S007797	2026-02-20
4	4	3	4	3	2	1	4	2	4	45	2	79	US	R003699	S006873	2026-03-25
2	2	4	3	2	3	4	4	3	4	22	1	86	US	R003700	S012239	2026-03-05
4	2	2	3	4	3	3	3	2	1	38	1	81	US	R003701	S003446	2026-02-03
4	1	4	3	2	5	1	4	3	3	21	2	92	US	R003702	S009977	2026-03-17
4	4	1	2	4	1	3	4	4	3	32	1	93	US	R003703	S010207	2026-03-01
1	4	1	3	1	1	1	1	4	2	47	1	88	US	R003704	S008713	2026-03-07
4	2	2	5	3	1	1	3	3	4	27	2	79	US	R003705	S005802	2026-03-16
5	2	5	5	4	5	4	5	4	4	52	2	88	US	R003706	S008630	2026-03-01
4	4	4	4	2	4	2	4	5	5	27	1	92	US	R003707	S009681	2026-02-25
4	4	3	5	5	2	1	4	2	4	43	1	95	US	R003708	S007445	2026-03-26
2	3	1	3	3	1	1	4	3	4	55	2	82	US	R003709	S009177	2026-03-01
5	4	2	5	4	2	2	5	4	2	34	2	91	US	R003710	S001817	2026-02-18
2	2	3	4	5	5	4	1	4	1	36	2	87	US	R003711	S004786	2026-03-26
1	1	1	5	1	1	2	2	4	3	62	1	91	US	R003712	S006111	2026-03-09
2	5	1	3	2	1	4	2	3	5	29	1	93	US	R003713	S002374	2026-02-06
5	3	5	5	5	4	5	3	4	3	36	1	85	US	R003714	S012190	2026-02-17
4	2	1	4	2	1	4	1	5	4	33	2	97	US	R003715	S010236	2026-02-24
2	2	2	3	2	1	1	2	1	4	33	2	85	US	R003716	S003589	2026-02-08
5	5	3	5	5	4	3	4	3	4	33	1	87	US	R003717	S006786	2026-03-03
4	3	3	3	4	2	5	3	4	4	59	1	75	US	R003718	S006490	2026-02-06
4	3	3	4	2	4	4	3	5	5	33	1	80	US	R003719	S000030	2026-02-18
2	1	2	3	2	1	2	4	4	4	25	1	81	US	R003720	S007831	2026-03-03
5	3	4	4	4	1	2	2	2	4	25	2	76	US	R003721	S000917	2026-02-12
5	4	4	5	4	5	4	5	5	5	42	1	98	US	R003722	S008005	2026-03-15
5	3	4	4	3	2	4	4	3	2	33	1	100	US	R003723	S009632	2026-03-02
2	2	2	4	3	1	2	4	1	4	40	1	85	US	R003724	S009476	2026-02-11
4	2	5	4	5	1	2	4	2	4	34	1	98	US	R003725	S001157	2026-03-16
5	5	4	3	5	3	2	4	4	2	29	1	81	US	R003726	S000190	2026-02-20
1	1	2	4	1	1	5	5	4	5	30	2	69	US	R003727	S003708	2026-03-20
1	2	2	2	3	2	2	1	4	5	47	2	87	US	R003728	S005069	2026-02-28
4	1	4	3	4	4	2	2	2	3	31	2	90	US	R003729	S002796	2026-03-22
4	2	2	4	5	4	3	5	4	4	28	2	87	US	R003730	S010593	2026-02-03
4	5	5	5	5	4	3	3	4	2	26	2	88	US	R003731	S000113	2026-03-27
5	5	5	5	4	4	2	5	2	5	56	2	88	US	R003732	S003911	2026-03-25
3	4	5	4	5	5	4	5	4	4	35	1	73	US	R003733	S011851	2026-02-08
4	2	3	5	2	2	3	4	1	3	27	2	84	US	R003734	S003999	2026-03-23
5	5	5	5	5	5	4	4	2	4	37	2	87	US	R003735	S005030	2026-02-13
3	1	2	5	4	2	4	5	4	4	43	1	69	US	R003736	S004156	2026-02-13
5	3	2	5	1	3	1	3	4	5	28	2	95	US	R003737	S004347	2026-02-26
5	3	5	5	5	3	5	4	5	5	30	2	82	US	R003738	S005134	2026-02-18
5	3	3	5	5	2	4	4	4	5	35	1	71	US	R003739	S006522	2026-02-28
3	2	4	1	1	1	4	5	4	4	36	1	67	US	R003740	S012710	2026-02-24
2	4	1	5	5	3	3	2	4	4	37	2	73	US	R003741	S008336	2026-03-15
4	3	5	5	2	2	4	5	5	5	20	1	90	US	R003742	S005717	2026-03-07
5	4	5	5	5	5	3	5	5	5	31	1	72	US	R003743	S003098	2026-02-05
2	3	2	2	2	2	2	2	2	5	37	2	89	US	R003744	S000590	2026-03-20
5	2	5	5	4	2	2	2	5	3	40	1	96	US	R003745	S009279	2026-02-21
4	4	3	4	3	5	4	4	5	4	38	1	99	US	R003746	S002871	2026-02-21
2	3	1	4	3	2	5	4	4	5	46	2	86	US	R003747	S000326	2026-02-17
5	5	5	4	3	4	4	5	4	5	22	1	92	US	R003748	S010830	2026-02-28
2	4	5	2	2	3	5	5	5	4	31	2	84	US	R003749	S010180	2026-02-02
2	1	2	2	2	1	3	2	2	4	32	2	99	US	R003750	S011806	2026-02-14
5	3	5	4	3	4	5	4	5	3	19	1	100	US	R003751	S001045	2026-02-20
4	3	5	4	4	4	2	4	2	3	70	2	87	US	R003752	S011489	2026-03-12
3	2	2	3	4	1	4	5	4	4	56	1	91	US	R003753	S002872	2026-02-02
5	2	5	4	5	4	5	4	4	4	33	1	94	US	R003754	S007000	2026-03-12
4	4	3	4	1	2	4	2	3	2	31	2	93	US	R003755	S012105	2026-03-20
4	2	3	3	2	1	1	1	2	2	40	1	83	US	R003756	S002197	2026-02-22
5	5	5	5	5	5	2	5	3	5	39	1	90	US	R003757	S000229	2026-02-20
5	5	5	5	4	5	4	4	3	2	21	2	96	US	R003758	S006642	2026-03-15
5	2	4	4	4	2	3	4	4	2	29	2	99	US	R003759	S010427	2026-03-14
4	3	4	2	5	3	5	4	5	5	36	1	93	US	R003760	S003120	2026-03-20
3	4	3	4	2	5	1	1	2	4	22	1	75	US	R003761	S009486	2026-02-27
5	2	3	5	4	4	5	4	5	5	32	2	98	US	R003762	S009783	2026-02-07
2	5	3	2	2	1	4	4	5	5	39	1	92	US	R003763	S010646	2026-02-06
5	2	4	5	5	1	4	4	5	3	46	1	80	US	R003764	S007281	2026-02-16
4	3	4	4	2	3	4	4	5	5	47	1	96	US	R003765	S007964	2026-03-03
5	5	4	4	5	5	2	4	4	4	36	2	83	US	R003766	S002155	2026-03-10
1	3	1	1	1	1	2	2	4	4	33	1	87	US	R003767	S011677	2026-02-15
4	2	4	4	4	4	4	3	4	2	22	1	77	US	R003768	S005816	2026-03-05
2	2	4	4	4	2	2	3	3	5	43	2	96	US	R003769	S012214	2026-02-21
4	4	3	5	4	4	1	2	1	4	38	1	90	US	R003770	S009424	2026-02-07
4	3	3	4	3	5	1	2	1	2	41	1	84	US	R003771	S005952	2026-02-16
4	3	2	2	2	1	4	2	5	5	46	2	85	US	R003772	S006625	2026-02-19
4	3	2	5	4	4	2	5	4	4	55	1	87	US	R003773	S000603	2026-03-16
4	2	3	2	2	3	5	3	5	5	48	1	69	US	R003774	S003624	2026-02-21
4	2	4	4	5	3	2	3	4	1	28	1	66	US	R003775	S008082	2026-02-12
4	2	1	1	1	1	5	5	5	4	47	2	89	US	R003776	S005827	2026-03-01
3	1	4	5	2	2	1	4	1	2	51	1	97	US	R003777	S000462	2026-02-19
4	4	4	5	3	1	4	5	1	4	52	1	76	US	R003778	S012240	2026-02-19
1	2	2	1	2	1	5	1	2	4	30	1	98	US	R003779	S000665	2026-03-15
4	4	2	5	3	2	2	3	3	3	33	1	83	US	R003780	S005697	2026-02-03
3	1	4	4	3	4	2	3	3	4	18	1	73	US	R003781	S006630	2026-02-25
5	5	3	4	3	5	4	4	4	2	46	1	92	US	R003782	S011034	2026-03-20
4	2	4	4	3	2	5	5	5	5	42	1	91	US	R003783	S012701	2026-03-16
4	2	4	5	4	3	5	4	4	5	30	2	86	US	R003784	S000108	2026-03-21
2	1	1	2	3	1	2	2	4	2	22	1	75	US	R003785	S011613	2026-03-12
5	4	5	5	5	3	5	5	5	5	36	1	87	US	R003786	S007753	2026-02-05
4	2	3	4	4	1	3	3	3	4	27	1	77	US	R003787	S006782	2026-02-02
4	4	5	5	5	5	2	4	2	4	38	1	92	US	R003788	S012951	2026-02-18
1	1	4	5	3	1	1	3	3	4	22	2	94	US	R003789	S002083	2026-02-18
2	3	2	3	2	1	3	2	2	4	26	2	67	US	R003790	S000550	2026-03-16
2	2	3	5	4	2	4	5	5	4	26	2	81	US	R003791	S010175	2026-02-15
5	4	4	5	4	4	4	5	5	4	36	1	82	US	R003792	S002782	2026-03-06
3	2	2	5	4	2	2	3	5	5	34	1	79	US	R003793	S000060	2026-02-10
5	2	3	5	3	5	4	5	3	4	32	1	72	US	R003794	S005445	2026-03-25
5	5	4	5	5	5	4	4	5	5	33	1	85	US	R003795	S011095	2026-02-15
4	1	2	4	1	2	4	5	4	5	18	1	81	US	R003796	S001997	2026-02-10
5	2	5	5	4	5	5	5	5	4	24	1	79	US	R003797	S011912	2026-03-08
5	1	3	3	4	4	4	4	4	3	45	1	77	US	R003798	S005663	2026-03-01
4	2	2	5	4	2	4	5	5	3	34	1	80	US	R003799	S003185	2026-03-23
4	4	3	5	4	2	4	4	4	4	28	2	92	US	R003800	S006822	2026-03-26
4	2	1	4	1	3	1	1	2	4	56	1	80	US	R003801	S010423	2026-02-11
4	5	3	4	2	4	4	5	5	5	37	2	82	US	R003802	S011929	2026-02-26
4	2	4	4	5	4	4	2	5	4	46	1	99	US	R003803	S009952	2026-02-04
4	5	5	5	4	4	5	3	4	5	30	1	56	US	R003804	S006065	2026-02-13
5	3	3	5	3	4	4	4	3	4	21	1	71	US	R003805	S008828	2026-03-19
1	1	2	3	4	2	2	2	2	3	31	1	88	US	R003806	S009704	2026-03-09
5	4	3	4	5	4	5	5	5	5	30	1	91	US	R003807	S003312	2026-02-27
4	3	4	5	4	5	1	2	4	4	33	2	92	US	R003808	S004678	2026-03-12
4	4	4	2	2	2	4	4	1	5	38	1	96	US	R003809	S001849	2026-03-27
4	2	4	4	1	3	4	5	4	4	28	2	76	US	R003810	S010640	2026-03-03
4	4	5	5	4	2	5	5	5	2	32	2	76	US	R003811	S007578	2026-02-03
4	2	5	4	4	5	1	1	1	3	25	1	73	US	R003812	S000672	2026-02-17
4	5	4	4	2	2	3	5	5	5	35	1	88	US	R003813	S006160	2026-02-13
4	4	5	4	4	2	3	3	3	5	27	1	83	US	R003814	S003549	2026-02-14
5	3	5	4	5	5	2	4	4	3	35	2	79	US	R003815	S005677	2026-03-16
1	4	4	4	4	4	4	2	4	5	46	1	66	US	R003816	S002730	2026-03-04
5	1	4	5	4	2	2	4	4	4	23	1	80	US	R003817	S004893	2026-02-17
4	2	4	4	1	2	1	2	3	3	41	2	90	US	R003818	S012398	2026-02-24
2	2	3	4	2	1	4	4	4	5	37	2	82	US	R003819	S012221	2026-03-12
4	2	5	3	4	5	3	4	3	4	32	1	92	US	R003820	S010515	2026-03-19
5	2	1	4	3	1	2	2	4	4	52	1	72	US	R003821	S004732	2026-03-22
4	3	3	4	4	3	4	4	3	1	38	1	49	US	R003822	S005878	2026-03-08
4	1	3	4	2	4	3	2	4	5	45	1	82	US	R003823	S003773	2026-02-18
5	4	2	5	2	2	3	5	2	5	25	1	81	US	R003824	S006787	2026-03-27
4	3	2	5	2	4	1	2	3	4	43	1	84	US	R003825	S007789	2026-03-11
4	2	4	1	4	3	5	5	4	5	25	1	95	US	R003826	S011988	2026-03-26
5	4	4	5	5	4	1	4	5	1	56	1	89	US	R003827	S011739	2026-03-24
2	2	2	4	3	2	3	2	4	4	35	2	71	US	R003828	S010672	2026-03-22
5	1	4	5	2	4	3	4	3	4	47	1	83	US	R003829	S000303	2026-02-08
5	2	3	5	5	2	4	5	4	5	44	1	78	US	R003830	S011659	2026-03-12
4	3	5	3	5	4	4	4	5	4	30	1	95	US	R003831	S002095	2026-02-02
4	2	4	5	2	4	5	4	4	3	36	1	78	US	R003832	S011008	2026-02-12
5	2	5	4	4	2	4	4	1	3	55	1	99	US	R003833	S012113	2026-03-07
4	2	5	5	5	5	1	2	4	3	46	1	76	US	R003834	S011163	2026-02-06
5	1	3	5	4	2	4	4	4	3	25	1	72	US	R003835	S011967	2026-02-22
3	3	1	5	4	2	5	5	4	4	30	2	84	US	R003836	S012665	2026-03-13
3	2	1	4	1	1	1	1	3	2	37	1	91	US	R003837	S003800	2026-03-19
4	1	4	4	4	5	4	2	4	3	35	1	89	US	R003838	S000513	2026-03-16
3	1	4	2	2	3	2	4	2	4	35	2	80	US	R003839	S006954	2026-03-01
4	2	3	2	1	1	2	4	4	3	55	1	100	US	R003840	S006574	2026-03-24
4	4	5	5	5	4	2	2	4	3	18	1	90	US	R003841	S012049	2026-02-27
4	4	4	4	2	1	5	5	4	4	28	1	97	US	R003842	S002443	2026-02-14
2	4	4	4	4	5	5	4	4	3	25	1	85	US	R003843	S005834	2026-02-12
3	4	4	5	5	5	4	4	4	5	27	1	90	US	R003844	S008793	2026-03-17
4	3	2	3	2	1	2	4	2	5	18	2	84	US	R003845	S007957	2026-02-08
2	1	5	5	2	2	2	2	2	4	19	1	84	US	R003846	S011997	2026-03-11
4	2	1	5	4	3	4	4	3	5	45	2	77	US	R003847	S006761	2026-02-16
5	2	2	2	4	2	2	4	3	5	46	1	82	US	R003848	S002072	2026-02-28
5	3	4	5	4	4	4	4	5	5	32	1	90	US	R003849	S001677	2026-03-14
4	1	2	1	2	3	2	2	1	4	41	1	94	US	R003850	S007091	2026-03-22
5	5	4	5	5	4	5	4	3	5	39	2	99	US	R003851	S003193	2026-02-12
3	2	3	5	3	2	2	2	4	3	41	2	98	US	R003852	S012297	2026-03-27
5	2	4	4	2	2	1	1	1	4	41	1	95	US	R003853	S007497	2026-03-04
5	5	5	5	5	4	5	4	5	4	28	1	89	US	R003854	S002293	2026-02-27
5	2	5	5	5	4	4	4	5	4	35	1	75	US	R003855	S006429	2026-03-24
4	5	4	3	4	2	1	5	3	5	38	1	93	US	R003856	S011004	2026-03-06
5	1	5	4	4	1	1	1	4	3	48	2	93	US	R003857	S010209	2026-03-22
2	4	4	4	2	1	4	2	2	4	33	1	81	US	R003858	S006235	2026-02-21
5	4	2	5	2	3	5	5	5	5	41	2	79	US	R003859	S005255	2026-02-14
5	2	4	5	4	2	4	4	4	5	39	1	81	US	R003860	S003409	2026-03-23
4	1	1	4	2	2	4	2	1	4	52	1	97	US	R003861	S012370	2026-03-13
4	2	4	4	5	3	4	4	4	4	25	2	90	US	R003862	S001095	2026-02-20
4	5	2	4	3	2	1	4	2	1	33	2	87	US	R003863	S004262	2026-02-17
5	2	4	5	4	4	2	2	3	2	59	1	86	US	R003864	S006967	2026-03-20
5	5	5	5	5	4	3	5	5	4	20	1	81	US	R003865	S004837	2026-03-12
5	2	2	5	4	5	3	2	4	3	33	1	85	US	R003866	S004369	2026-03-22
4	2	1	2	1	1	5	4	5	5	39	2	97	US	R003867	S007149	2026-02-27
4	4	4	1	2	2	2	1	4	3	47	1	82	US	R003868	S012189	2026-03-10
2	1	2	4	4	1	1	2	2	5	45	1	71	US	R003869	S006280	2026-03-19
5	5	5	5	4	4	5	5	5	4	21	2	75	US	R003870	S000729	2026-02-24
5	4	5	5	4	2	4	5	5	4	37	1	66	US	R003871	S009707	2026-02-26
4	4	2	5	5	2	5	4	4	4	48	1	100	US	R003872	S012884	2026-03-07
2	2	2	4	3	3	1	2	4	5	26	2	100	US	R003873	S006395	2026-03-13
5	1	2	5	4	2	1	4	4	3	43	1	99	US	R003874	S012418	2026-02-23
2	3	3	4	4	2	4	5	5	5	59	1	93	US	R003875	S009302	2026-03-27
4	2	3	3	4	1	4	5	5	4	20	1	80	US	R003876	S003669	2026-03-13
5	4	4	4	4	4	3	3	2	4	46	1	89	US	R003877	S003824	2026-02-15
4	2	2	4	4	4	4	4	4	4	36	1	95	US	R003878	S003181	2026-02-15
3	1	2	2	1	1	2	2	1	4	37	2	89	US	R003879	S007190	2026-03-08
5	4	5	4	5	4	4	4	4	4	41	2	88	US	R003880	S004964	2026-02-11
5	2	4	5	5	3	3	4	3	5	32	1	63	US	R003881	S008144	2026-03-07
4	2	2	5	1	4	2	3	2	3	26	1	77	US	R003882	S009035	2026-03-27
5	3	5	5	5	4	4	3	4	4	28	1	96	US	R003883	S006611	2026-03-13
2	4	2	2	2	1	1	3	5	3	56	2	87	US	R003884	S004534	2026-02-16
5	2	2	3	1	1	2	4	4	3	37	1	96	US	R003885	S008373	2026-02-13
5	4	4	5	5	4	1	2	4	2	26	1	94	US	R003886	S005227	2026-02-26
4	2	4	5	2	4	2	4	4	4	23	2	60	US	R003887	S007933	2026-02-08
4	2	2	3	3	1	1	1	2	2	26	2	90	US	R003888	S008491	2026-03-12
5	3	4	5	4	3	3	5	5	4	18	1	94	US	R003889	S010585	2026-02-20
5	2	2	4	4	3	3	4	1	4	21	1	90	US	R003890	S006469	2026-03-08
4	4	5	3	5	3	4	3	5	4	48	1	83	US	R003891	S002573	2026-03-01
3	2	1	2	2	1	4	4	3	5	18	2	68	US	R003892	S011629	2026-03-09
5	2	4	4	5	4	5	4	4	5	35	1	80	US	R003893	S007608	2026-02-04
5	2	4	5	3	3	2	1	2	2	31	1	76	US	R003894	S003376	2026-02-06
4	3	4	4	5	5	2	4	5	2	36	1	93	US	R003895	S005892	2026-03-15
2	1	1	3	2	1	1	3	4	2	40	1	74	US	R003896	S007312	2026-03-06
4	2	5	2	3	3	4	5	5	5	26	1	83	US	R003897	S006594	2026-03-06
5	2	5	5	5	4	1	5	4	5	24	1	67	US	R003898	S005504	2026-03-14
5	2	2	4	2	1	2	2	4	4	35	1	92	US	R003899	S003147	2026-02-25
2	5	1	5	4	2	5	5	5	5	38	1	93	US	R003900	S012652	2026-02-12
4	3	4	4	5	4	3	4	4	5	36	1	97	US	R003901	S005125	2026-02-25
3	3	4	4	2	4	5	4	4	5	40	2	99	US	R003902	S009289	2026-02-13
5	3	5	5	5	4	5	3	4	5	41	2	99	US	R003903	S008329	2026-02-14
5	2	5	5	5	5	3	4	3	5	18	1	76	US	R003904	S005750	2026-02-12
5	2	4	2	2	1	4	5	2	4	44	1	88	US	R003905	S002630	2026-03-14
4	1	4	4	3	2	5	5	5	4	45	2	95	US	R003906	S008489	2026-02-28
2	3	4	4	4	2	1	4	1	3	52	2	90	US	R003907	S002621	2026-02-21
2	4	1	3	2	1	1	4	4	4	18	1	98	US	R003908	S007109	2026-02-07
4	4	4	5	5	5	5	5	4	5	62	2	94	US	R003909	S009309	2026-02-11
4	4	2	4	4	4	1	2	2	4	29	2	99	US	R003910	S012627	2026-03-19
5	5	2	5	5	1	4	4	4	5	38	1	77	US	R003911	S003191	2026-02-13
3	2	2	4	4	1	5	5	4	5	50	2	97	US	R003912	S000193	2026-02-05
2	3	5	4	4	4	2	4	4	2	43	1	92	US	R003913	S000143	2026-03-04
2	3	2	5	2	2	2	4	2	1	21	1	91	US	R003914	S002284	2026-02-18
4	2	2	3	4	2	3	3	4	4	33	1	94	US	R003915	S003080	2026-02-10
4	3	4	5	4	5	3	4	3	5	32	1	72	US	R003916	S002468	2026-03-14
4	4	5	5	5	4	4	5	4	5	28	1	86	US	R003917	S002635	2026-03-15
4	2	5	5	5	4	4	5	4	5	30	1	72	US	R003918	S004689	2026-03-10
4	3	5	5	4	2	4	4	4	4	56	2	76	US	R003919	S011560	2026-03-05
3	4	4	4	3	4	2	5	3	4	18	1	77	US	R003920	S005304	2026-03-24
5	4	5	5	4	5	5	2	4	4	40	2	90	US	R003921	S003653	2026-03-07
4	2	5	5	5	5	4	5	4	5	34	1	91	US	R003922	S011612	2026-02-02
1	2	3	4	2	2	4	4	5	5	53	1	64	US	R003923	S012761	2026-03-08
4	4	4	5	1	1	5	5	5	4	43	2	78	US	R003924	S005352	2026-02-26
4	1	3	5	4	4	4	4	1	2	23	2	97	US	R003925	S007262	2026-02-22
5	5	5	3	4	4	4	5	5	4	34	2	79	US	R003926	S010480	2026-02-15
1	2	2	3	2	2	3	2	4	5	32	1	95	US	R003927	S007433	2026-02-17
5	3	5	3	5	3	5	5	4	4	47	1	88	US	R003928	S003724	2026-03-21
5	1	4	5	4	4	1	4	4	3	33	2	91	US	R003929	S010461	2026-03-02
2	4	3	4	1	1	1	3	2	4	31	1	97	US	R003930	S010670	2026-02-03
4	1	4	4	5	4	5	5	5	5	28	1	95	US	R003931	S009520	2026-03-23
5	4	2	4	4	3	4	4	4	5	33	2	91	US	R003932	S000801	2026-03-01
4	4	3	4	5	2	2	4	4	4	44	2	87	US	R003933	S012719	2026-02-10
2	5	3	3	4	2	4	4	4	1	30	2	81	US	R003934	S002356	2026-03-24
5	1	5	5	5	5	5	5	5	5	18	2	92	US	R003935	S010504	2026-02-07
4	2	3	4	3	2	1	4	4	4	31	1	93	US	R003936	S001586	2026-02-25
4	5	4	3	3	3	4	3	2	3	51	2	98	US	R003937	S010471	2026-02-11
3	1	2	4	2	1	5	3	2	5	41	1	86	US	R003938	S012781	2026-02-03
5	5	5	5	5	3	4	3	3	2	40	1	81	US	R003939	S004948	2026-03-02
5	5	2	4	5	3	3	5	4	4	48	1	93	US	R003940	S000886	2026-03-01
3	2	3	4	4	1	4	3	3	4	37	2	87	US	R003941	S002420	2026-03-10
1	1	3	2	1	1	3	4	4	5	57	2	79	US	R003942	S010203	2026-03-03
4	2	4	3	2	3	4	5	5	4	52	1	98	US	R003943	S003037	2026-03-20
2	1	1	4	2	1	1	5	2	4	43	1	66	US	R003944	S012915	2026-02-05
2	2	2	4	2	1	1	3	2	2	42	1	93	US	R003945	S008836	2026-02-16
2	1	2	4	3	2	4	5	4	4	48	2	90	US	R003946	S005779	2026-03-13
2	4	3	4	2	1	1	5	4	5	53	1	90	US	R003947	S007502	2026-02-02
5	2	5	5	5	5	4	5	4	4	26	2	98	US	R003948	S005693	2026-02-12
3	5	4	4	2	1	4	2	2	4	40	1	71	US	R003949	S004633	2026-02-13
3	2	2	2	2	1	4	4	3	5	44	1	97	US	R003950	S011365	2026-03-16
5	3	5	5	5	5	5	2	4	5	39	2	79	US	R003951	S012920	2026-03-04
3	2	2	5	1	1	1	3	4	4	30	1	82	US	R003952	S002438	2026-02-14
3	5	2	2	2	2	5	5	5	2	43	1	90	US	R003953	S000145	2026-02-28
4	4	3	2	4	4	1	1	1	1	20	1	82	US	R003954	S004092	2026-03-01
2	4	4	5	1	3	1	2	1	3	45	1	86	US	R003955	S012137	2026-03-03
5	4	4	5	4	3	5	5	5	5	37	2	93	US	R003956	S005513	2026-02-02
5	2	4	5	2	3	5	5	4	5	37	1	96	US	R003957	S006820	2026-03-10
5	2	4	3	4	2	4	5	3	3	35	1	86	US	R003958	S009220	2026-02-17
3	1	4	5	5	2	5	5	5	5	32	2	77	US	R003959	S011013	2026-02-16
3	2	4	4	5	5	4	1	4	3	42	1	78	US	R003960	S001181	2026-03-14
5	2	3	5	5	5	4	4	4	4	36	2	77	US	R003961	S000301	2026-02-17
5	5	2	5	2	2	5	4	4	4	28	1	77	US	R003962	S005286	2026-02-15
5	4	4	5	4	2	5	5	5	5	50	2	91	US	R003963	S011785	2026-02-02
4	4	4	4	4	2	1	4	4	3	40	1	78	US	R003964	S004311	2026-02-09
5	4	3	5	4	4	4	2	3	4	37	1	97	US	R003965	S012458	2026-02-11
5	4	3	3	1	2	3	3	4	4	26	1	99	US	R003966	S004358	2026-03-17
5	3	2	4	1	4	4	4	4	5	26	2	76	US	R003967	S010107	2026-02-23
5	3	4	4	4	4	4	2	5	3	34	1	97	US	R003968	S001155	2026-03-01
5	3	4	5	5	3	4	5	4	5	32	1	79	US	R003969	S001079	2026-02-10
3	2	3	4	2	2	1	2	2	1	32	1	91	US	R003970	S007408	2026-02-07
5	2	4	4	3	2	1	5	3	4	58	1	78	US	R003971	S006253	2026-02-06
4	3	5	4	4	5	4	5	4	2	20	1	93	US	R003972	S007492	2026-02-23
5	4	4	5	2	4	4	2	5	5	22	1	64	US	R003973	S001280	2026-02-24
5	2	4	4	2	5	5	4	5	4	50	1	86	US	R003974	S011509	2026-02-15
4	4	3	5	4	3	1	2	4	5	26	1	92	US	R003975	S003358	2026-03-07
2	2	5	3	4	2	2	4	5	4	32	1	80	US	R003976	S004747	2026-03-21
5	4	5	5	5	2	4	4	5	5	43	1	93	US	R003977	S002597	2026-03-18
4	5	4	5	2	3	5	4	5	5	23	2	98	US	R003978	S008813	2026-02-22
5	2	4	5	2	4	1	1	4	3	36	2	83	US	R003979	S000340	2026-03-26
5	2	4	4	2	2	2	4	4	4	37	1	53	US	R003980	S002074	2026-02-20
3	2	5	4	4	1	4	2	5	5	51	1	84	US	R003981	S003498	2026-02-23
4	3	5	5	4	3	4	5	4	4	42	1	89	US	R003982	S006081	2026-02-09
2	4	4	3	4	1	2	4	2	2	32	2	97	US	R003983	S000916	2026-02-22
5	4	4	5	3	2	5	4	5	4	34	1	91	US	R003984	S006722	2026-03-07
5	2	5	3	4	4	1	1	2	5	49	1	99	US	R003985	S012842	2026-03-11
3	4	3	3	3	2	3	1	1	3	37	2	51	US	R003986	S010826	2026-02-27
4	3	5	4	5	5	1	1	2	4	28	2	94	US	R003987	S001663	2026-02-11
5	5	2	4	5	2	4	3	2	3	34	2	42	US	R003988	S009338	2026-03-22
3	2	4	5	4	3	1	1	2	4	18	2	79	US	R003989	S001152	2026-02-24
4	4	2	3	3	3	4	5	4	4	47	1	96	US	R003990	S008746	2026-03-01
5	5	4	5	5	3	5	5	5	5	37	1	87	US	R003991	S012462	2026-02-04
3	4	5	2	4	2	3	2	4	5	38	1	69	US	R003992	S003670	2026-02-20
5	4	5	5	4	5	5	2	4	4	40	2	90	US	R003993	S007331	2026-02-26
4	2	2	2	1	1	2	5	4	3	47	1	98	US	R003994	S011948	2026-03-07
2	2	2	4	3	3	3	5	4	3	18	1	90	US	R003995	S000265	2026-02-11
5	2	3	3	2	3	2	4	4	4	30	2	74	US	R003996	S005123	2026-03-21
5	3	2	4	2	2	4	4	4	2	59	2	96	US	R003997	S008759	2026-03-09
3	4	2	5	5	3	4	4	3	4	34	1	62	US	R003998	S011292	2026-02-25
3	2	3	4	4	3	4	4	4	2	45	1	51	US	R003999	S001882	2026-02-17
2	1	3	5	5	1	2	4	4	5	47	2	97	US	R004000	S006615	2026-03-04
5	2	5	5	5	2	1	3	4	1	32	2	95	US	R004001	S008374	2026-03-08
3	2	1	5	2	2	1	2	2	4	41	2	86	US	R004002	S009323	2026-03-18
3	5	2	2	2	2	2	4	4	4	41	1	87	US	R004003	S012959	2026-03-11
4	3	4	5	5	3	1	4	4	4	44	1	88	US	R004004	S000362	2026-02-11
2	2	4	3	1	1	3	4	4	2	18	1	49	US	R004005	S010452	2026-03-04
2	4	1	3	3	1	1	4	2	4	33	2	91	US	R004006	S011130	2026-03-02
4	3	3	5	1	1	2	1	2	3	35	1	84	US	R004007	S007750	2026-03-07
4	2	5	4	4	2	4	4	4	1	26	1	56	US	R004008	S008555	2026-02-19
4	4	4	3	5	3	3	4	4	4	26	1	93	US	R004009	S001135	2026-02-02
3	4	5	5	5	5	4	5	5	5	45	1	89	US	R004010	S012793	2026-03-14
3	3	2	5	3	1	4	4	3	4	33	1	97	US	R004011	S002026	2026-02-22
5	5	5	5	5	2	2	3	3	4	33	2	66	US	R004012	S000803	2026-02-04
4	2	4	4	3	2	3	4	4	5	34	1	87	US	R004013	S005563	2026-02-15
2	2	1	1	1	1	4	4	5	5	43	1	92	US	R004014	S006599	2026-03-05
5	5	4	4	4	4	5	5	5	3	44	1	93	US	R004015	S003827	2026-03-15
5	5	5	5	4	4	4	4	2	2	33	1	88	US	R004016	S002124	2026-02-20
4	1	3	5	4	5	1	4	4	4	36	2	81	US	R004017	S000353	2026-03-22
4	1	4	5	2	2	3	3	4	4	27	2	93	US	R004018	S003103	2026-03-25
2	1	3	2	2	5	2	4	4	1	25	1	96	US	R004019	S006983	2026-03-18
4	4	3	4	4	2	4	5	3	5	38	2	90	US	R004020	S009009	2026-02-27
5	2	1	4	1	1	4	4	1	5	41	1	94	US	R004021	S005291	2026-03-05
4	3	5	5	4	3	5	5	5	5	38	1	91	US	R004022	S004820	2026-03-18
5	4	5	5	4	5	4	2	1	1	33	2	94	US	R004023	S002287	2026-02-08
4	2	2	3	2	1	2	5	5	4	44	1	90	US	R004024	S000184	2026-03-04
4	1	4	4	3	3	5	5	3	3	38	2	92	US	R004025	S002418	2026-03-16
3	4	2	4	5	2	2	4	2	4	45	2	90	US	R004026	S011011	2026-03-09
4	2	3	3	4	4	4	3	3	5	24	1	98	US	R004027	S006334	2026-02-11
5	4	5	5	4	2	4	4	4	4	52	2	92	US	R004028	S004844	2026-02-09
5	3	5	4	4	4	5	5	4	5	41	1	96	US	R004029	S012490	2026-03-05
4	1	3	4	2	3	5	3	5	5	32	1	91	US	R004030	S010056	2026-02-08
4	1	4	3	2	1	5	4	5	2	38	1	91	US	R004031	S010428	2026-02-09
2	2	1	3	1	2	1	3	2	2	40	2	86	US	R004032	S010737	2026-03-10
5	5	4	5	4	2	1	2	1	5	18	2	86	US	R004033	S000978	2026-02-02
4	4	3	5	3	4	2	4	4	4	40	2	93	US	R004034	S001697	2026-02-14
5	5	4	5	4	3	3	4	4	5	43	1	92	US	R004035	S001565	2026-02-20
4	2	4	4	2	4	1	2	2	2	43	1	78	US	R004036	S000663	2026-03-09
4	4	3	3	5	3	1	5	2	4	46	2	86	US	R004037	S011775	2026-03-27
4	3	2	2	3	2	2	4	2	4	48	2	73	US	R004038	S004727	2026-03-24
4	3	5	4	5	4	4	4	5	5	26	1	82	US	R004039	S005015	2026-03-08
4	4	2	5	2	3	1	2	2	2	18	1	94	US	R004040	S008988	2026-02-13
4	2	3	3	1	2	4	1	4	1	20	1	88	US	R004041	S003327	2026-03-19
1	2	2	3	1	1	3	4	4	5	34	1	94	US	R004042	S010453	2026-03-22
3	2	3	5	2	1	2	3	3	4	33	1	56	US	R004043	S007926	2026-03-02
2	2	5	5	4	2	4	5	4	4	25	2	79	US	R004044	S006450	2026-03-26
4	4	5	5	4	1	5	4	4	4	51	1	89	US	R004045	S001299	2026-02-12
4	5	4	2	4	4	2	3	3	2	38	1	87	US	R004046	S003311	2026-02-17
3	3	2	5	4	4	3	2	4	4	45	2	91	US	R004047	S000313	2026-03-04
4	3	2	5	4	1	3	5	4	5	59	1	69	US	R004048	S006846	2026-02-24
4	4	2	3	4	2	1	3	4	4	40	1	83	US	R004049	S000549	2026-02-28
2	2	2	5	4	5	5	2	4	1	31	2	97	US	R004050	S003248	2026-02-13
5	2	2	4	4	3	2	3	2	2	18	2	79	US	R004051	S007177	2026-02-14
5	3	4	5	4	3	5	5	5	3	40	1	99	US	R004052	S003547	2026-03-26
4	1	2	4	5	2	4	2	2	4	30	1	92	US	R004053	S004566	2026-02-23
5	2	4	4	4	2	4	5	3	5	21	1	98	US	R004054	S008842	2026-03-13
2	2	4	4	2	1	5	5	5	5	34	1	98	US	R004055	S011392	2026-03-09
5	1	2	4	2	1	2	2	2	1	18	2	81	US	R004056	S000506	2026-02-08
4	2	2	4	3	4	4	3	2	4	36	1	73	US	R004057	S010469	2026-03-05
5	3	5	5	5	3	4	4	5	4	54	1	85	US	R004058	S010983	2026-03-14
4	1	2	3	2	2	5	4	4	4	30	1	88	US	R004059	S008984	2026-02-07
3	2	1	5	2	4	2	4	4	5	38	1	87	US	R004060	S011370	2026-03-22
5	4	5	5	4	4	3	2	3	3	18	1	87	US	R004061	S012904	2026-03-23
3	3	5	4	5	4	3	4	4	5	51	2	65	US	R004062	S006754	2026-03-09
4	4	4	5	4	2	5	4	2	5	58	2	77	US	R004063	S011774	2026-02-18
4	4	5	5	5	5	1	4	4	3	27	1	92	US	R004064	S001707	2026-02-07
4	2	2	2	2	2	4	1	4	4	39	1	89	US	R004065	S010398	2026-02-20
5	1	4	5	4	4	2	4	3	1	43	2	86	US	R004066	S002936	2026-03-11
5	4	2	4	2	2	1	4	2	4	41	1	97	US	R004067	S006470	2026-02-20
2	4	2	4	5	3	2	2	5	4	43	1	62	US	R004068	S007170	2026-02-28
2	3	2	2	2	1	5	4	4	4	18	1	76	US	R004069	S010594	2026-03-06
5	2	4	4	4	2	4	5	4	4	41	1	84	US	R004070	S010192	2026-03-25
4	2	3	4	5	5	5	5	5	5	35	1	83	US	R004071	S000027	2026-02-27
2	3	4	5	2	1	1	1	2	4	35	2	95	US	R004072	S010662	2026-02-05
5	1	5	4	4	1	1	3	1	4	42	2	84	US	R004073	S000239	2026-02-25
5	1	5	5	4	4	5	5	4	5	23	1	93	US	R004074	S001328	2026-03-07
5	2	5	5	5	5	5	5	5	5	32	2	93	US	R004075	S010938	2026-02-18
5	4	5	5	3	5	5	5	4	5	39	1	83	US	R004076	S012475	2026-02-26
4	4	5	4	4	2	2	2	2	4	42	1	72	US	R004077	S004415	2026-02-22
4	4	4	4	2	2	4	5	4	5	34	1	96	US	R004078	S005427	2026-02-19
4	1	2	3	1	1	3	5	3	5	26	2	83	US	R004079	S004892	2026-03-04
2	4	2	4	4	2	2	4	2	3	40	2	79	US	R004080	S002983	2026-03-06
5	5	5	5	4	4	4	1	5	4	52	1	88	US	R004081	S008965	2026-03-04
4	3	1	4	1	2	2	5	2	2	35	1	98	US	R004082	S009926	2026-03-19
4	5	5	4	5	5	5	3	4	4	45	1	93	US	R004083	S010341	2026-02-07
5	2	5	5	4	2	4	2	4	4	39	1	79	US	R004084	S002338	2026-02-21
2	4	2	4	3	2	1	2	1	1	49	1	92	US	R004085	S009497	2026-03-18
5	2	5	5	5	3	5	3	4	3	31	1	82	US	R004086	S007275	2026-02-26
3	3	5	4	4	5	3	3	4	5	43	1	93	US	R004087	S011408	2026-02-25
5	4	3	4	4	4	2	4	4	4	26	1	97	US	R004088	S004007	2026-02-08
3	1	2	5	2	2	5	5	5	5	67	2	95	US	R004089	S002229	2026-03-14
4	3	4	5	5	2	2	2	3	4	33	2	89	US	R004090	S001243	2026-03-16
3	3	3	5	2	1	3	2	5	4	31	1	98	US	R004091	S010417	2026-03-12
3	3	1	2	1	1	1	2	3	4	57	1	95	US	R004092	S012718	2026-03-26
5	4	4	5	5	1	5	4	4	3	37	1	54	US	R004093	S004555	2026-02-24
4	2	4	5	1	2	2	2	2	4	31	1	85	US	R004094	S003146	2026-03-25
4	1	3	2	3	1	4	1	3	4	41	1	68	US	R004095	S010872	2026-02-09
2	3	1	2	1	1	1	4	2	3	33	2	82	US	R004096	S003885	2026-03-23
5	2	4	4	3	4	5	4	5	5	30	1	96	US	R004097	S003940	2026-03-14
3	2	3	2	3	3	1	3	3	3	35	2	93	US	R004098	S003734	2026-02-06
3	2	1	3	2	1	5	4	5	5	24	1	83	US	R004099	S001071	2026-03-21
5	5	5	3	5	5	5	4	5	4	40	1	72	US	R004100	S007136	2026-03-22
5	3	4	5	4	3	1	5	4	5	61	2	92	US	R004101	S005577	2026-03-07
2	3	3	4	4	2	1	3	2	3	29	1	83	US	R004102	S010855	2026-02-15
5	5	5	5	5	5	4	4	4	4	37	1	77	US	R004103	S007274	2026-03-22
4	3	3	5	4	3	2	3	4	2	46	1	83	US	R004104	S004757	2026-02-26
4	5	2	4	4	3	4	3	5	5	29	2	79	US	R004105	S011494	2026-02-06
5	4	2	4	3	4	2	2	3	2	28	1	93	US	R004106	S011704	2026-03-09
2	3	4	1	3	2	4	4	4	5	58	1	93	US	R004107	S002833	2026-02-10
5	4	5	4	5	5	2	5	4	5	31	1	92	US	R004108	S010395	2026-02-27
4	4	2	4	1	1	4	3	5	4	43	2	55	US	R004109	S007437	2026-02-22
5	2	2	4	2	2	2	3	4	2	20	2	92	US	R004110	S005739	2026-02-10
4	4	4	4	5	5	5	1	4	1	18	1	94	US	R004111	S005498	2026-02-23
4	3	2	4	4	4	3	5	5	5	49	1	79	US	R004112	S005558	2026-02-04
4	2	5	5	5	4	4	5	4	4	31	1	98	US	R004113	S003439	2026-03-05
4	1	2	5	4	2	4	4	3	5	33	1	86	US	R004114	S003161	2026-03-03
4	4	4	4	3	2	2	2	1	3	19	1	97	US	R004115	S002479	2026-03-24
4	1	5	4	5	4	1	4	2	4	37	1	74	US	R004116	S009516	2026-02-03
1	2	1	3	3	2	1	4	3	4	36	2	87	US	R004117	S012071	2026-03-26
5	3	5	5	4	5	3	5	3	2	41	2	93	US	R004118	S000792	2026-02-18
5	2	4	3	5	3	5	4	4	1	43	1	92	US	R004119	S006804	2026-03-14
4	3	3	4	2	1	2	5	2	4	29	2	64	US	R004120	S010322	2026-03-03
4	1	4	4	4	2	1	3	1	4	46	1	99	US	R004121	S009550	2026-02-05
4	1	1	4	3	1	5	4	4	4	46	2	65	US	R004122	S003428	2026-02-21
5	1	1	4	2	2	2	2	2	4	18	2	85	US	R004123	S002799	2026-02-05
5	4	4	5	2	2	4	5	4	5	35	2	72	US	R004124	S006799	2026-03-08
5	4	1	4	4	1	2	3	4	3	25	2	85	US	R004125	S009669	2026-03-27
4	5	3	4	3	2	4	2	1	1	43	2	91	US	R004126	S001759	2026-02-27
4	2	3	4	4	4	4	5	4	4	20	2	95	US	R004127	S011022	2026-03-26
5	2	3	4	4	3	1	4	3	3	46	1	90	US	R004128	S010579	2026-03-18
3	3	2	2	3	2	2	2	1	1	37	2	89	US	R004129	S008495	2026-02-04
2	2	1	4	2	1	2	3	5	4	36	2	92	US	R004130	S010753	2026-03-09
2	2	2	3	2	1	5	4	5	4	46	1	82	US	R004131	S000327	2026-02-22
3	1	2	4	3	2	2	1	4	4	44	2	83	US	R004132	S009205	2026-02-20
5	3	3	4	4	5	1	1	1	5	25	1	96	US	R004133	S010478	2026-03-27
4	4	2	5	2	2	2	5	2	5	44	2	97	US	R004134	S009779	2026-03-20
3	1	5	4	5	2	2	4	3	4	18	1	97	US	R004135	S010699	2026-02-09
3	3	1	5	4	1	2	2	4	2	44	1	93	US	R004136	S011596	2026-02-23
4	3	4	4	2	5	2	2	2	3	18	1	98	US	R004137	S010340	2026-02-10
3	4	2	5	5	2	4	3	2	4	31	2	87	US	R004138	S005060	2026-03-05
2	5	1	1	2	1	4	1	4	3	40	1	83	US	R004139	S005235	2026-03-02
3	4	3	5	2	3	2	2	2	4	50	1	92	US	R004140	S000763	2026-02-14
3	3	2	5	4	3	3	4	3	5	49	1	78	US	R004141	S002968	2026-03-27
5	3	4	5	2	3	5	4	4	3	41	2	72	US	R004142	S012248	2026-02-24
4	3	4	5	2	2	3	5	4	4	27	2	88	US	R004143	S004043	2026-02-20
5	5	5	5	5	5	5	5	5	5	30	2	87	US	R004144	S008496	2026-02-14
4	3	4	4	2	4	5	4	5	4	18	1	70	US	R004145	S004466	2026-03-13
5	5	5	5	5	4	2	1	4	1	46	1	95	US	R004146	S005151	2026-02-24
5	5	4	4	4	3	4	5	5	5	45	2	88	US	R004147	S004771	2026-02-20
5	3	5	3	5	4	1	1	1	3	49	1	74	US	R004148	S005746	2026-03-10
5	4	4	5	2	5	2	1	2	4	43	1	76	US	R004149	S001378	2026-02-20
2	5	4	3	2	2	1	4	2	4	35	1	72	US	R004150	S000411	2026-02-08
4	1	4	2	1	2	1	3	4	4	32	1	89	US	R004151	S007794	2026-03-27
4	4	4	5	3	5	4	2	5	4	35	2	79	US	R004152	S011109	2026-03-24
4	1	4	3	3	2	5	4	4	4	40	1	79	US	R004153	S009690	2026-02-09
4	2	4	3	2	2	2	5	2	4	29	1	62	US	R004154	S008837	2026-02-16
1	4	2	2	2	1	2	1	2	4	18	1	86	US	R004155	S011475	2026-02-16
5	3	4	5	5	4	4	5	4	4	31	1	78	US	R004156	S002885	2026-03-24
4	4	3	5	3	2	1	1	1	1	32	2	90	US	R004157	S002742	2026-02-10
2	2	2	5	2	1	1	1	2	3	35	2	81	US	R004158	S008132	2026-02-02
2	3	2	2	4	1	2	3	2	4	48	1	70	US	R004159	S011889	2026-02-26
5	4	5	5	5	5	4	4	5	4	43	1	86	US	R004160	S000937	2026-03-10
5	1	5	5	4	5	3	2	4	4	34	2	82	US	R004161	S005362	2026-02-03
4	4	3	5	4	2	1	3	4	3	30	2	100	US	R004162	S010128	2026-03-02
4	3	4	5	5	5	3	2	3	5	34	2	99	US	R004163	S005855	2026-03-11
3	2	4	5	2	3	2	4	4	4	31	1	98	US	R004164	S001481	2026-02-03
4	4	4	5	3	3	4	4	4	5	36	1	75	US	R004165	S007654	2026-02-23
5	2	5	5	4	4	5	5	5	5	40	1	60	US	R004166	S002246	2026-02-20
4	4	5	5	4	1	1	2	3	5	35	1	87	US	R004167	S000753	2026-03-19
3	5	4	4	2	3	5	4	5	5	64	2	82	US	R004168	S001355	2026-03-23
1	1	4	3	1	1	4	4	4	4	29	1	79	US	R004169	S007963	2026-02-07
4	1	4	4	3	1	4	2	3	2	35	2	75	US	R004170	S006369	2026-02-22
2	2	2	5	2	4	1	1	2	2	54	1	73	US	R004171	S007404	2026-02-15
5	3	5	4	4	4	5	5	5	5	39	1	75	US	R004172	S004003	2026-03-27
2	3	4	5	4	2	3	3	4	5	44	2	93	US	R004173	S001688	2026-03-22
2	2	2	5	4	3	3	1	4	2	40	2	62	US	R004174	S001569	2026-02-06
3	3	5	3	3	1	2	5	4	3	31	2	88	US	R004175	S003163	2026-02-09
2	4	1	4	2	2	2	2	2	3	31	2	93	US	R004176	S000850	2026-03-24
1	2	1	4	2	1	1	1	2	2	36	1	65	US	R004177	S011711	2026-03-18
4	2	2	4	2	1	4	4	4	4	40	2	78	US	R004178	S003584	2026-02-10
4	1	4	4	2	1	1	4	4	5	18	1	92	US	R004179	S001832	2026-03-23
1	2	2	4	2	1	2	4	2	4	20	1	97	US	R004180	S007256	2026-02-28
3	2	2	2	3	4	2	2	3	2	39	1	85	US	R004181	S012419	2026-02-28
1	2	1	3	1	2	5	4	4	5	38	1	85	US	R004182	S001994	2026-02-22
5	3	4	5	4	4	3	5	1	3	32	1	96	US	R004183	S012709	2026-03-10
4	3	5	4	2	4	4	5	2	4	28	2	71	US	R004184	S006428	2026-03-10
5	5	4	4	2	3	2	2	2	4	18	1	84	US	R004185	S011280	2026-02-09
2	1	2	4	4	1	5	2	1	4	35	2	89	US	R004186	S003095	2026-02-02
3	5	5	5	4	5	3	5	4	5	38	1	98	US	R004187	S006791	2026-03-21
4	5	2	4	2	3	2	5	3	2	24	1	56	US	R004188	S003293	2026-03-23
2	4	3	4	4	1	2	4	5	4	37	2	78	US	R004189	S003183	2026-03-14
2	2	2	4	4	2	1	1	2	4	26	1	86	US	R004190	S012410	2026-02-03
4	1	2	3	3	3	4	2	3	4	43	2	80	US	R004191	S005707	2026-03-06
4	4	1	3	2	1	3	2	4	2	31	2	87	US	R004192	S004895	2026-03-04
5	3	2	4	3	3	2	5	2	5	26	2	84	US	R004193	S006127	2026-03-12
3	2	5	4	5	4	5	5	5	5	35	1	98	US	R004194	S003966	2026-02-13
5	5	4	5	5	4	5	5	4	5	36	1	69	US	R004195	S003325	2026-03-25
4	2	4	4	4	2	1	4	4	3	38	2	80	US	R004196	S002289	2026-02-23
5	2	4	2	4	4	3	4	4	4	28	1	89	US	R004197	S011156	2026-03-22
3	1	1	3	1	1	1	4	4	5	26	2	80	US	R004198	S012392	2026-03-21
5	5	3	2	5	2	2	4	4	3	30	1	97	US	R004199	S000627	2026-03-20
4	5	2	5	2	1	5	4	4	3	33	1	89	US	R004200	S004328	2026-02-16
1	1	3	4	1	1	4	4	3	4	48	1	81	US	R004201	S006598	2026-03-18
2	4	4	5	4	1	3	3	2	4	21	1	88	US	R004202	S006602	2026-02-10
5	2	5	5	4	5	1	3	2	3	45	1	91	US	R004203	S005501	2026-02-13
3	2	4	4	4	4	4	5	5	3	22	1	97	US	R004204	S004229	2026-03-14
5	2	5	4	4	3	2	4	4	3	47	1	94	US	R004205	S000352	2026-03-03
2	1	3	4	3	2	5	5	4	4	51	2	96	US	R004206	S000877	2026-03-03
5	2	4	4	4	2	2	2	4	4	50	1	81	US	R004207	S009897	2026-03-02
2	2	1	1	2	3	1	4	4	1	31	2	75	US	R004208	S005809	2026-02-06
4	2	5	4	3	5	3	2	3	4	54	2	89	US	R004209	S009793	2026-02-08
2	4	2	4	4	1	4	4	4	4	34	1	70	US	R004210	S012602	2026-03-07
3	2	4	5	4	2	1	3	3	4	43	1	74	US	R004211	S012292	2026-03-03
5	4	2	4	2	1	2	4	2	3	18	1	87	US	R004212	S003388	2026-03-25
2	2	2	3	3	2	5	3	5	5	45	1	83	US	R004213	S007982	2026-02-24
5	3	4	4	2	5	4	2	4	3	36	1	70	US	R004214	S011863	2026-02-23
4	3	4	3	3	2	2	4	1	3	40	2	80	US	R004215	S001769	2026-03-03
5	3	5	5	5	4	4	5	5	5	52	1	74	US	R004216	S006698	2026-03-08
3	2	3	5	3	4	1	4	3	4	29	2	87	US	R004217	S007719	2026-03-21
5	5	5	5	4	5	5	5	4	4	32	1	81	US	R004218	S001923	2026-02-28
4	1	2	4	4	2	1	2	1	5	27	1	80	US	R004219	S010132	2026-03-23
4	1	3	4	2	4	3	2	1	5	25	1	81	US	R004220	S001185	2026-03-09
4	3	3	2	2	4	2	1	2	1	29	2	80	US	R004221	S006142	2026-03-26
4	5	2	2	2	2	2	2	2	3	27	2	88	US	R004222	S011477	2026-03-08
3	2	3	4	5	2	1	4	3	2	35	1	99	US	R004223	S010829	2026-02-20
4	4	2	5	2	1	4	3	4	4	36	2	52	US	R004224	S008319	2026-02-10
2	3	4	3	2	2	1	1	3	2	41	2	67	US	R004225	S000600	2026-02-08
5	5	4	4	4	2	5	4	2	5	38	1	72	US	R004226	S001835	2026-03-24
5	2	4	2	4	4	3	2	4	4	23	1	99	US	R004227	S008159	2026-03-25
3	1	3	4	1	1	2	5	3	4	21	1	63	US	R004228	S005805	2026-03-09
4	3	4	4	4	4	5	5	4	4	42	1	69	US	R004229	S010360	2026-03-19
5	4	4	4	5	2	2	3	2	1	26	2	95	US	R004230	S010440	2026-02-22
5	4	4	3	4	2	2	4	3	5	18	1	94	US	R004231	S005497	2026-03-08
2	4	2	2	1	1	4	2	4	2	58	2	85	US	R004232	S004755	2026-03-01
4	4	2	2	2	2	5	2	3	5	38	2	81	US	R004233	S008110	2026-02-09
2	2	1	2	2	1	4	4	3	4	30	1	71	US	R004234	S007610	2026-02-13
1	1	2	4	1	1	1	2	2	5	34	2	91	US	R004235	S006442	2026-03-15
2	1	1	1	2	1	1	5	3	2	28	2	74	US	R004236	S002132	2026-03-13
1	4	4	4	4	2	4	5	3	4	60	2	78	US	R004237	S002648	2026-03-08
3	5	3	4	4	5	3	2	4	1	24	1	84	US	R004238	S012257	2026-02-26
5	1	2	2	1	2	1	4	1	2	27	1	93	US	R004239	S012836	2026-03-25
4	2	4	4	4	4	4	4	4	4	37	1	86	US	R004240	S012081	2026-03-04
1	2	5	4	2	2	2	5	3	3	19	1	85	US	R004241	S009137	2026-02-21
1	4	2	5	4	2	5	5	5	5	40	2	75	US	R004242	S006357	2026-02-08
2	2	1	3	1	1	4	5	2	3	28	2	89	US	R004243	S010234	2026-03-25
5	1	4	2	2	1	1	2	1	2	60	1	52	US	R004244	S004723	2026-03-12
5	3	5	4	5	5	4	2	2	2	37	1	76	US	R004245	S006578	2026-02-10
4	1	2	4	2	2	4	1	2	4	40	1	86	US	R004246	S006692	2026-02-05
4	1	4	3	5	5	1	2	3	5	50	2	93	US	R004247	S002665	2026-02-11
4	2	3	5	4	4	2	4	3	4	28	2	95	US	R004248	S009468	2026-02-07
5	5	5	4	5	5	4	3	4	4	46	2	82	US	R004249	S003132	2026-03-01
1	1	1	2	2	2	2	4	3	3	28	1	88	US	R004250	S003413	2026-03-27
4	2	2	2	1	1	2	4	3	4	49	2	90	US	R004251	S007015	2026-03-21
3	1	4	5	4	2	4	3	4	5	22	1	92	US	R004252	S005518	2026-02-08
4	2	4	2	1	2	2	5	4	4	35	1	94	US	R004253	S012925	2026-03-24
2	2	3	4	2	1	5	5	5	4	27	1	80	US	R004254	S000300	2026-03-13
5	4	5	4	5	5	5	5	5	5	20	1	87	US	R004255	S004018	2026-02-20
4	2	4	5	3	2	2	4	4	2	41	1	83	US	R004256	S000056	2026-03-14
4	2	2	4	5	1	5	4	5	4	35	1	62	US	R004257	S000146	2026-02-14
5	2	5	5	2	2	4	4	3	5	36	1	82	US	R004258	S007884	2026-03-04
4	5	2	5	4	3	4	5	5	3	39	2	74	US	R004259	S002993	2026-03-16
4	2	5	5	4	3	4	4	4	5	52	1	89	US	R004260	S000023	2026-03-18
4	2	2	3	2	4	4	4	4	5	29	1	97	US	R004261	S001050	2026-03-07
3	1	4	5	5	3	2	3	4	5	41	1	91	US	R004262	S008047	2026-02-21
1	2	4	4	2	1	4	4	5	5	42	2	90	US	R004263	S006323	2026-02-20
5	4	4	5	3	5	2	3	5	4	61	1	91	US	R004264	S004998	2026-03-22
4	4	4	4	3	1	4	4	4	2	40	1	88	US	R004265	S000185	2026-03-05
4	2	3	4	1	3	2	3	4	5	41	1	82	US	R004266	S004520	2026-03-13
5	2	5	5	5	4	4	5	4	4	21	1	71	US	R004267	S005510	2026-03-14
5	2	4	5	4	5	3	2	3	1	27	1	86	US	R004268	S003005	2026-02-21
5	3	5	5	4	3	3	1	5	3	18	2	86	US	R004269	S011225	2026-02-25
5	3	4	5	5	5	4	5	4	2	19	2	64	US	R004270	S009207	2026-03-17
5	4	4	4	3	3	3	4	5	3	25	1	99	US	R004271	S008831	2026-03-01
5	2	2	3	3	4	4	5	4	2	45	1	82	US	R004272	S007730	2026-03-04
1	1	3	3	2	2	5	5	5	4	20	1	94	US	R004273	S003166	2026-02-27
5	2	5	5	2	5	4	5	4	4	48	2	70	US	R004274	S005667	2026-03-09
4	4	2	5	3	3	4	5	4	4	30	2	87	US	R004275	S012945	2026-02-02
4	4	2	4	2	2	4	2	4	5	21	2	78	US	R004276	S008866	2026-02-05
5	4	5	4	3	3	2	2	3	4	23	2	95	US	R004277	S000147	2026-02-26
4	4	4	4	5	3	1	3	1	3	20	1	85	US	R004278	S003374	2026-03-26
4	1	2	5	2	1	4	5	1	4	43	1	91	US	R004279	S004441	2026-02-09
3	2	1	4	1	1	2	5	4	5	26	1	95	US	R004280	S006645	2026-03-21
4	2	2	4	4	3	4	5	4	4	45	1	86	US	R004281	S001413	2026-03-22
5	1	5	4	3	4	3	4	4	4	42	1	85	US	R004282	S001531	2026-02-19
5	5	2	1	3	3	3	4	3	5	29	2	97	US	R004283	S012312	2026-03-25
4	2	1	3	1	2	1	4	3	5	40	1	91	US	R004284	S004265	2026-02-16
5	3	4	4	2	5	2	4	3	4	45	1	93	US	R004285	S009906	2026-02-25
5	3	4	5	5	4	4	4	5	3	21	2	96	US	R004286	S005422	2026-02-12
5	3	5	4	5	5	5	5	5	4	29	1	94	US	R004287	S004763	2026-03-04
3	1	3	5	4	2	1	4	4	4	25	2	75	US	R004288	S000273	2026-03-21
4	5	4	4	4	1	5	5	4	4	25	2	65	US	R004289	S006956	2026-02-23
4	4	2	4	1	2	1	4	3	4	39	1	83	US	R004290	S004946	2026-02-07
4	4	1	5	1	1	2	4	3	4	45	1	70	US	R004291	S003495	2026-03-15
4	4	4	5	5	5	5	5	4	4	22	2	85	US	R004292	S009982	2026-02-12
4	3	4	5	4	2	5	5	4	4	49	1	78	US	R004293	S009051	2026-02-19
5	4	4	4	4	2	1	5	2	1	32	1	80	US	R004294	S004128	2026-02-22
4	3	5	3	5	4	4	4	4	4	34	1	86	US	R004295	S011597	2026-02-20
3	1	2	4	4	1	1	4	4	2	46	1	99	US	R004296	S002258	2026-03-03
2	5	1	3	2	2	4	3	4	4	51	1	55	US	R004297	S007356	2026-03-16
2	2	4	5	2	2	4	4	4	4	25	2	91	US	R004298	S006979	2026-03-12
5	4	4	5	3	5	3	4	4	4	19	1	90	US	R004299	S008561	2026-02-04
4	4	4	5	4	4	2	2	2	1	18	1	91	US	R004300	S005942	2026-02-26
5	2	5	5	5	4	4	4	4	4	31	2	75	US	R004301	S009557	2026-03-20
3	2	3	5	4	2	2	3	4	5	22	2	72	US	R004302	S003380	2026-03-07
3	2	2	3	2	4	4	2	4	4	35	1	64	US	R004303	S009726	2026-02-10
4	2	3	5	2	3	2	1	3	3	57	1	93	US	R004304	S008889	2026-03-08
1	4	2	4	3	4	1	1	2	4	18	2	73	US	R004305	S001443	2026-03-26
4	4	4	4	5	5	5	4	4	5	40	2	65	US	R004306	S011083	2026-03-19
5	2	4	4	3	2	2	5	3	4	37	2	88	US	R004307	S009094	2026-03-12
4	4	4	4	3	4	4	4	5	4	24	2	89	US	R004308	S011934	2026-03-24
3	1	2	2	4	2	3	3	5	5	48	1	71	US	R004309	S012231	2026-02-09
4	4	4	5	4	3	4	4	4	4	37	2	77	US	R004310	S012032	2026-02-18
5	4	5	5	5	5	2	1	2	5	45	1	78	US	R004311	S006779	2026-02-15
4	1	4	3	5	5	5	4	3	5	24	2	76	US	R004312	S004030	2026-03-03
2	2	2	4	2	4	4	4	5	5	27	1	49	US	R004313	S012435	2026-02-27
4	2	5	5	4	4	1	2	3	2	31	2	91	US	R004314	S005050	2026-03-27
4	2	4	5	4	2	4	4	5	5	19	2	93	US	R004315	S002386	2026-03-02
5	2	5	4	2	2	3	4	5	5	30	1	94	US	R004316	S000195	2026-02-24
3	4	5	4	4	3	3	1	4	4	41	2	72	US	R004317	S009773	2026-03-01
5	4	5	4	3	3	3	2	4	5	28	1	82	US	R004318	S004005	2026-02-10
3	5	2	4	2	5	5	1	4	4	30	2	79	US	R004319	S002984	2026-02-19
1	4	4	2	2	2	5	4	5	5	47	1	92	US	R004320	S009622	2026-03-16
4	1	4	4	4	2	1	4	3	1	34	2	83	US	R004321	S005945	2026-03-21
4	4	5	5	4	4	4	5	4	4	24	1	69	US	R004322	S005306	2026-03-09
2	2	2	5	2	3	1	1	3	2	35	2	90	US	R004323	S009869	2026-02-06
4	3	4	5	4	4	1	1	2	5	28	1	77	US	R004324	S010047	2026-02-12
5	4	4	5	3	2	5	3	3	4	32	1	94	US	R004325	S005982	2026-02-09
3	3	5	5	4	5	1	3	1	2	50	1	89	US	R004326	S005914	2026-02-21
4	5	5	4	4	1	4	4	2	4	18	1	86	US	R004327	S010183	2026-03-10
3	5	5	5	5	5	5	4	5	5	56	2	84	US	R004328	S003279	2026-02-04
5	3	3	5	4	3	4	5	5	4	35	1	86	US	R004329	S011942	2026-02-26
4	3	4	5	4	2	2	4	2	4	47	1	91	US	R004330	S005479	2026-03-05
2	4	2	1	2	2	3	2	3	4	35	2	41	US	R004331	S012734	2026-02-20
2	2	2	4	4	4	2	3	4	5	29	1	82	US	R004332	S005688	2026-03-10
4	4	2	3	5	2	4	1	4	5	42	1	90	US	R004333	S004762	2026-02-28
4	4	5	4	4	4	4	4	5	3	65	1	96	US	R004334	S004639	2026-03-27
2	2	3	3	4	3	4	4	4	5	19	1	98	US	R004335	S005464	2026-02-11
5	4	5	4	5	4	4	4	4	4	28	1	68	US	R004336	S004291	2026-02-18
5	4	5	4	3	2	4	5	4	3	30	1	78	US	R004337	S000923	2026-03-14
5	3	5	4	5	5	4	4	4	4	33	2	68	US	R004338	S011943	2026-03-10
4	1	4	4	2	2	4	4	4	4	39	1	96	US	R004339	S011327	2026-02-05
4	4	4	4	3	4	5	5	5	5	40	1	74	US	R004340	S000591	2026-02-03
2	5	1	5	5	3	5	5	2	3	36	2	93	US	R004341	S009148	2026-02-02
2	3	2	4	2	1	4	5	5	5	34	1	100	US	R004342	S010998	2026-03-08
4	5	2	4	2	3	4	5	4	4	57	1	94	US	R004343	S000042	2026-02-22
1	2	2	4	4	1	3	3	4	4	22	2	98	US	R004344	S009525	2026-02-03
2	1	4	2	4	4	4	2	1	4	42	2	87	US	R004345	S001917	2026-03-05
5	2	3	5	1	5	4	5	4	4	35	1	83	US	R004346	S004108	2026-03-09
4	2	4	4	5	1	3	5	3	3	37	2	81	US	R004347	S011871	2026-03-02
5	5	4	4	5	3	5	5	5	5	31	1	78	US	R004348	S001289	2026-02-06
4	4	3	5	4	1	2	4	4	4	36	1	82	US	R004349	S009854	2026-02-12
2	2	4	4	2	3	4	5	2	2	41	2	96	US	R004350	S007039	2026-02-09
3	2	2	4	2	2	4	4	2	4	30	2	81	US	R004351	S004084	2026-03-22
4	5	1	5	4	4	5	5	3	5	48	1	75	US	R004352	S011995	2026-03-26
4	4	4	4	5	2	2	5	3	2	31	1	95	US	R004353	S000426	2026-03-16
5	4	5	4	5	4	2	3	2	5	34	1	75	US	R004354	S007451	2026-03-21
5	2	4	5	5	3	4	4	4	5	37	2	91	US	R004355	S001044	2026-02-03
2	2	2	4	3	2	3	2	2	3	31	1	71	US	R004356	S010920	2026-03-24
4	2	5	5	5	3	4	2	5	2	36	2	88	US	R004357	S010809	2026-02-18
5	4	3	4	3	4	5	4	5	4	38	1	92	US	R004358	S001244	2026-03-17
5	4	2	4	5	2	4	2	1	4	18	1	95	US	R004359	S012896	2026-03-15
5	2	4	5	2	1	1	3	2	2	23	2	73	US	R004360	S000322	2026-03-02
4	1	1	4	1	1	1	2	2	2	30	2	97	US	R004361	S006562	2026-02-15
3	1	5	4	5	3	2	4	5	5	41	2	73	US	R004362	S008765	2026-03-06
5	3	5	4	5	4	4	5	5	5	31	1	93	US	R004363	S005961	2026-03-02
4	4	4	5	4	2	1	3	2	2	30	1	87	US	R004364	S007879	2026-02-17
5	4	5	5	5	2	4	3	2	5	31	1	91	US	R004365	S007019	2026-03-02
4	5	5	5	5	5	5	4	4	5	30	1	83	US	R004366	S003259	2026-02-16
5	2	4	5	4	2	4	2	4	5	39	1	80	US	R004367	S011178	2026-02-09
5	2	4	5	5	4	2	3	1	4	27	2	57	US	R004368	S012025	2026-03-16
3	2	2	2	3	3	2	2	4	2	46	1	80	US	R004369	S006494	2026-02-09
3	2	3	4	2	1	1	1	2	1	42	1	77	US	R004370	S010937	2026-03-15
4	4	4	4	4	5	1	2	1	1	46	1	88	US	R004371	S012950	2026-02-25
5	3	4	4	5	1	4	4	4	2	36	1	94	US	R004372	S006980	2026-02-25
5	4	4	4	5	4	3	4	4	4	44	2	68	US	R004373	S006652	2026-02-26
2	2	2	3	1	1	1	1	1	2	38	2	90	US	R004374	S010853	2026-03-16
4	2	2	2	1	1	1	2	2	1	38	1	71	US	R004375	S004647	2026-03-13
2	3	3	3	4	3	4	5	5	4	31	1	94	US	R004376	S000059	2026-03-26
4	3	4	4	2	1	1	4	2	4	41	2	79	US	R004377	S006433	2026-02-19
4	2	5	4	2	2	3	4	2	4	45	1	63	US	R004378	S001891	2026-03-11
5	2	2	5	1	1	4	5	4	4	22	2	92	US	R004379	S009672	2026-02-25
4	2	4	4	4	2	3	3	3	4	56	2	75	US	R004380	S010070	2026-03-07
5	2	3	5	3	4	4	2	1	3	49	2	69	US	R004381	S006836	2026-03-25
1	5	2	4	2	1	4	4	4	4	27	1	95	US	R004382	S010784	2026-02-20
5	4	4	4	2	5	1	4	3	2	45	2	95	US	R004383	S009700	2026-03-02
4	1	2	4	3	3	3	3	4	3	43	1	85	US	R004384	S007758	2026-02-27
3	2	1	4	2	2	4	5	5	4	18	2	53	US	R004385	S001109	2026-02-06
4	2	4	5	4	4	5	5	4	4	18	1	63	US	R004386	S007427	2026-03-09
2	5	3	4	2	4	4	4	1	4	37	1	95	US	R004387	S010706	2026-02-10
3	4	1	3	5	5	4	5	1	4	18	2	91	US	R004388	S001611	2026-02-07
5	5	5	4	5	5	3	5	2	4	29	1	100	US	R004389	S003284	2026-02-09
1	4	1	2	1	1	2	2	3	3	38	1	91	US	R004390	S003040	2026-02-18
4	4	2	4	2	2	2	2	2	5	44	1	89	US	R004391	S007372	2026-02-28
4	2	4	3	5	4	1	1	1	1	29	2	84	US	R004392	S011345	2026-02-26
3	4	5	4	2	2	5	5	5	5	25	1	80	US	R004393	S009157	2026-02-12
5	1	5	4	5	4	2	4	4	4	29	1	91	US	R004394	S005375	2026-03-06
3	1	2	4	3	1	3	4	5	4	34	1	66	US	R004395	S006198	2026-03-23
3	2	2	5	2	4	4	4	4	1	30	1	55	US	R004396	S012023	2026-03-04
5	2	5	5	5	4	4	4	4	5	35	2	91	US	R004397	S008629	2026-02-23
4	5	5	4	4	5	5	5	4	5	33	1	78	US	R004398	S000558	2026-03-11
2	3	3	5	2	1	1	1	2	4	20	1	83	US	R004399	S011625	2026-02-07
4	2	5	4	4	4	5	5	5	5	34	1	70	US	R004400	S009490	2026-03-12
5	3	5	5	5	3	3	4	4	5	32	2	82	US	R004401	S009596	2026-03-21
3	1	2	5	2	1	2	2	5	4	47	2	94	US	R004402	S007132	2026-03-25
5	1	4	4	3	2	4	5	4	4	35	2	66	US	R004403	S002157	2026-02-12
3	2	4	4	4	2	4	4	4	2	31	2	89	US	R004404	S002732	2026-02-22
4	4	4	5	4	2	3	3	4	4	31	1	73	US	R004405	S009308	2026-02-27
5	5	5	4	4	4	5	5	4	5	35	1	95	US	R004406	S008997	2026-02-18
3	2	4	4	4	1	5	2	4	4	19	1	85	US	R004407	S003753	2026-03-21
3	3	5	5	2	5	4	5	3	4	29	1	95	US	R004408	S003769	2026-02-06
4	3	5	5	2	3	5	5	5	4	32	2	67	US	R004409	S011418	2026-03-14
4	1	1	3	2	1	3	3	5	5	25	1	85	US	R004410	S006392	2026-02-06
4	3	3	1	4	1	1	1	2	1	28	1	86	US	R004411	S006491	2026-02-22
5	2	3	3	4	4	3	4	2	2	27	2	90	US	R004412	S011915	2026-02-27
2	3	4	2	5	1	4	4	3	4	44	1	81	US	R004413	S011906	2026-02-18
5	2	5	4	5	5	3	4	4	4	33	1	94	US	R004414	S007175	2026-02-09
3	3	2	2	4	2	1	3	3	3	33	1	96	US	R004415	S005320	2026-03-03
2	2	2	2	1	1	3	4	3	4	30	1	85	US	R004416	S010222	2026-03-18
5	4	4	3	5	5	5	5	5	5	29	1	65	US	R004417	S000794	2026-03-10
4	5	5	4	5	5	5	5	4	4	57	1	78	US	R004418	S009658	2026-03-24
5	2	2	5	5	2	1	4	1	2	56	2	92	US	R004419	S000961	2026-03-07
5	3	4	4	4	4	3	4	4	5	48	2	67	US	R004420	S010271	2026-03-23
4	3	4	4	4	3	4	3	3	2	26	2	79	US	R004421	S003336	2026-02-20
5	4	4	5	2	3	3	4	4	5	36	1	98	US	R004422	S001667	2026-03-17
4	2	3	5	2	1	1	5	4	4	43	1	89	US	R004423	S011094	2026-02-09
5	4	4	5	5	5	2	2	4	5	37	1	89	US	R004424	S004583	2026-02-10
4	4	3	3	4	2	1	2	2	4	33	1	94	US	R004425	S012549	2026-03-11
2	3	2	5	3	1	1	2	3	1	55	1	94	US	R004426	S010063	2026-03-06
4	2	3	4	5	4	5	4	5	5	34	2	98	US	R004427	S004493	2026-02-12
4	4	3	5	5	1	4	2	3	4	41	2	90	US	R004428	S001607	2026-03-16
4	2	4	5	5	4	4	5	5	5	25	2	56	US	R004429	S001899	2026-03-24
3	2	4	3	4	2	2	2	4	4	38	1	46	US	R004430	S009159	2026-03-14
4	3	4	4	5	4	3	3	5	4	36	1	88	US	R004431	S001437	2026-03-09
3	1	2	5	2	2	2	4	2	4	44	2	82	US	R004432	S007517	2026-03-10
3	2	3	4	2	1	3	1	2	2	39	1	69	US	R004433	S011602	2026-03-21
4	2	2	4	4	2	2	2	2	2	31	1	91	US	R004434	S008038	2026-02-26
5	4	4	5	5	1	3	2	4	5	49	1	75	US	R004435	S006164	2026-02-19
4	4	4	2	3	1	4	4	4	4	34	1	93	US	R004436	S003777	2026-02-24
3	1	3	3	5	2	2	4	4	4	25	1	95	US	R004437	S006173	2026-03-01
5	2	3	5	2	2	2	2	4	2	33	1	86	US	R004438	S007028	2026-02-05
5	1	1	5	1	1	1	5	3	2	56	1	97	US	R004439	S008848	2026-03-07
2	1	4	5	2	1	4	3	4	1	44	1	83	US	R004440	S001637	2026-03-08
4	2	1	1	2	1	3	3	4	2	36	2	91	US	R004441	S003997	2026-03-22
4	1	3	5	1	3	3	2	2	3	55	2	81	US	R004442	S001590	2026-03-07
5	1	4	5	5	2	4	5	5	5	22	1	97	US	R004443	S006840	2026-02-28
1	1	1	3	2	1	4	4	4	4	48	2	90	US	R004444	S009930	2026-02-15
4	2	3	4	2	1	4	5	5	4	34	2	95	US	R004445	S010811	2026-03-06
2	4	4	4	4	3	4	2	4	2	36	1	93	US	R004446	S006332	2026-02-21
4	4	4	5	2	4	4	4	5	4	48	2	85	US	R004447	S002402	2026-03-11
3	4	4	5	3	1	4	5	4	4	18	1	87	US	R004448	S002233	2026-03-25
5	2	4	4	4	4	4	4	4	5	31	2	91	US	R004449	S004989	2026-03-07
4	3	2	3	1	1	2	3	3	5	52	1	94	US	R004450	S008451	2026-02-04
4	2	1	2	3	1	2	5	4	2	39	2	90	US	R004451	S007698	2026-03-25
3	2	2	3	1	1	2	4	3	3	42	2	74	US	R004452	S009598	2026-03-24
5	4	5	5	3	5	5	4	4	4	19	1	78	US	R004453	S008008	2026-03-15
4	2	5	2	2	1	4	1	4	5	29	1	88	US	R004454	S011650	2026-03-07
5	2	3	5	5	5	4	5	4	4	26	2	68	US	R004455	S002817	2026-02-18
4	2	4	5	3	2	2	3	1	5	48	1	92	US	R004456	S003063	2026-03-14
5	5	5	5	5	5	5	5	4	4	29	1	97	US	R004457	S009686	2026-02-09
4	3	3	4	1	2	5	4	5	4	33	2	93	US	R004458	S011485	2026-02-06
4	4	4	5	3	4	4	4	4	3	30	1	97	US	R004459	S000683	2026-02-17
5	2	4	4	4	3	1	4	2	2	45	2	89	US	R004460	S004951	2026-02-02
4	1	2	4	5	5	4	5	4	5	30	2	94	US	R004461	S006431	2026-02-18
5	1	3	5	2	1	3	4	2	5	58	1	97	US	R004462	S009710	2026-03-09
4	2	3	3	4	4	4	2	4	4	50	1	79	US	R004463	S011518	2026-02-06
4	2	5	4	4	2	4	2	4	3	27	1	83	US	R004464	S008092	2026-03-26
5	3	3	5	2	2	2	1	1	4	36	2	82	US	R004465	S005193	2026-03-11
4	1	5	5	2	5	4	4	4	5	23	1	74	US	R004466	S007888	2026-02-21
3	2	1	5	2	1	3	5	2	4	42	1	92	US	R004467	S006205	2026-03-08
3	2	3	3	4	5	1	1	2	1	53	1	65	US	R004468	S007396	2026-03-14
4	5	4	5	2	5	4	3	4	4	31	2	90	US	R004469	S008800	2026-02-11
3	5	2	3	1	1	4	4	4	5	29	2	78	US	R004470	S000315	2026-02-10
5	5	5	5	5	5	4	5	3	4	30	2	92	US	R004471	S009261	2026-02-18
2	2	1	4	2	1	1	2	2	3	18	2	90	US	R004472	S006777	2026-02-25
1	2	3	4	4	1	2	1	1	4	39	1	88	US	R004473	S002366	2026-02-13
4	4	1	4	4	2	1	4	3	4	20	1	78	US	R004474	S011886	2026-02-08
4	2	2	4	4	2	1	5	2	3	40	1	89	US	R004475	S004469	2026-03-09
5	3	3	5	3	4	5	4	4	3	56	1	96	US	R004476	S002057	2026-02-03
5	2	4	4	4	2	2	2	5	4	38	1	92	US	R004477	S010246	2026-02-07
5	2	5	4	5	5	2	1	4	4	43	2	63	US	R004478	S012362	2026-03-25
5	5	3	5	4	2	3	2	2	1	30	1	88	US	R004479	S005960	2026-03-06
5	3	2	5	1	3	5	4	4	5	62	1	87	US	R004480	S006857	2026-02-18
3	4	3	5	3	1	4	2	4	4	35	1	66	US	R004481	S002241	2026-02-08
4	2	3	5	3	1	4	3	4	4	31	2	65	US	R004482	S012934	2026-02-20
4	3	4	5	4	3	4	5	3	5	28	1	73	US	R004483	S004546	2026-02-08
4	2	3	4	3	1	5	5	5	4	42	2	96	US	R004484	S007971	2026-02-14
1	1	2	3	1	1	3	4	4	5	27	1	88	US	R004485	S003544	2026-02-10
5	3	4	5	5	4	2	2	2	3	25	2	89	US	R004486	S008739	2026-02-04
4	2	1	1	2	1	2	4	3	5	35	2	88	US	R004487	S009128	2026-02-25
5	2	5	4	4	3	4	5	4	5	21	1	84	US	R004488	S004073	2026-03-04
4	4	3	4	3	4	4	3	4	2	18	1	73	US	R004489	S009156	2026-02-09
5	4	5	5	4	4	5	4	3	5	42	1	96	US	R004490	S005028	2026-02-13
1	4	4	4	4	2	3	4	3	5	22	2	90	US	R004491	S003393	2026-02-03
2	3	2	5	2	4	4	2	4	4	53	1	97	US	R004492	S006559	2026-03-11
5	3	5	4	3	4	5	4	5	3	19	1	100	US	R004493	S000233	2026-02-07
3	5	5	5	5	4	3	3	5	4	41	2	79	US	R004494	S001031	2026-02-26
5	2	5	3	3	1	4	4	4	4	30	1	96	US	R004495	S006122	2026-03-14
4	4	4	3	3	3	4	4	4	3	36	2	91	US	R004496	S000861	2026-02-23
5	1	5	5	3	2	5	3	4	4	32	1	95	US	R004497	S009216	2026-03-11
4	4	2	5	3	5	1	3	4	1	29	1	92	US	R004498	S010940	2026-03-02
5	2	2	3	5	3	4	5	4	5	46	2	83	US	R004499	S012527	2026-03-18
5	4	4	5	5	5	4	2	4	2	46	1	74	US	R004500	S012078	2026-02-09
4	2	2	5	5	1	4	5	4	3	32	2	85	US	R004501	S000129	2026-03-02
5	2	5	5	5	5	5	2	4	5	43	2	75	US	R004502	S001960	2026-02-10
4	2	3	5	1	2	4	3	3	4	28	1	97	US	R004503	S006089	2026-03-11
2	4	2	3	1	1	1	1	2	5	48	1	94	US	R004504	S012817	2026-03-12
2	5	1	3	4	1	2	4	4	4	27	1	77	US	R004505	S010449	2026-03-23
2	2	1	5	2	2	4	5	5	5	38	1	50	US	R004506	S006831	2026-03-18
4	3	1	4	1	1	1	1	2	2	18	2	95	US	R004507	S012308	2026-03-10
3	2	2	4	2	1	3	3	1	2	22	2	60	US	R004508	S007252	2026-02-12
5	4	5	4	5	4	4	4	4	4	28	1	68	US	R004509	S007397	2026-02-20
5	4	4	4	3	4	4	3	4	3	32	1	75	US	R004510	S003274	2026-02-11
5	5	4	4	5	3	5	4	5	5	51	1	97	US	R004511	S006966	2026-03-11
5	2	5	5	5	5	4	4	1	4	48	2	84	US	R004512	S009172	2026-02-07
5	3	5	4	5	3	2	3	3	4	21	1	84	US	R004513	S008189	2026-02-04
2	4	2	5	2	3	1	4	5	4	30	2	96	US	R004514	S001789	2026-02-20
5	2	4	4	4	4	4	5	4	4	25	2	96	US	R004515	S005373	2026-03-14
5	1	3	4	2	4	1	4	2	2	41	1	69	US	R004516	S000440	2026-03-07
5	5	4	4	4	2	5	4	4	5	50	1	96	US	R004517	S004859	2026-02-24
2	1	2	5	4	4	4	4	3	2	39	1	86	US	R004518	S001652	2026-03-07
2	3	2	5	4	4	3	3	4	5	40	1	80	US	R004519	S002556	2026-02-26
4	5	4	3	4	1	3	2	2	5	25	1	69	US	R004520	S007047	2026-03-19
4	2	4	5	4	3	4	4	2	5	30	1	100	US	R004521	S010025	2026-03-08
4	5	4	4	3	3	4	2	2	3	36	1	95	US	R004522	S012208	2026-02-25
4	2	4	4	2	4	5	4	2	4	45	2	68	US	R004523	S007860	2026-02-05
5	2	5	4	2	3	4	4	4	3	20	2	96	US	R004524	S012172	2026-02-05
2	3	3	4	3	1	4	3	2	3	37	2	80	US	R004525	S001266	2026-03-07
5	2	3	5	4	3	4	5	3	2	30	2	64	US	R004526	S001698	2026-02-10
1	2	1	5	2	1	4	4	2	4	32	2	91	US	R004527	S008769	2026-03-17
5	4	4	2	4	4	3	5	3	4	41	1	99	US	R004528	S003471	2026-02-11
5	4	5	2	5	5	4	2	5	3	30	1	96	US	R004529	S005869	2026-03-04
1	1	2	3	2	1	2	4	4	2	35	2	92	US	R004530	S012783	2026-03-08
5	2	2	4	4	5	4	2	3	2	37	1	86	US	R004531	S000408	2026-02-19
4	3	4	2	2	1	4	4	3	4	43	1	69	US	R004532	S008363	2026-02-04
2	2	4	4	4	2	4	3	4	4	46	2	92	US	R004533	S005401	2026-02-16
3	2	3	2	2	1	4	4	4	4	65	2	84	US	R004534	S008212	2026-03-12
4	2	3	4	4	1	5	5	5	5	32	1	62	US	R004535	S012838	2026-03-20
5	2	4	4	2	3	5	5	4	5	31	2	91	US	R004536	S000564	2026-02-08
4	2	5	4	2	2	3	1	3	4	35	2	79	US	R004537	S007694	2026-03-02
3	1	4	5	5	4	4	5	4	4	47	2	96	US	R004538	S001624	2026-03-21
5	5	3	5	1	2	3	1	5	4	52	1	72	US	R004539	S002471	2026-02-22
2	4	2	4	2	2	2	4	3	4	20	1	97	US	R004540	S007985	2026-02-10
5	4	4	5	4	3	1	2	1	4	56	1	97	US	R004541	S000574	2026-02-20
5	5	5	5	5	4	5	5	5	4	56	1	74	US	R004542	S000898	2026-02-16
4	3	1	5	3	4	3	3	3	5	34	2	88	US	R004543	S000661	2026-02-13
3	4	2	4	3	2	5	2	4	4	46	2	89	US	R004544	S000545	2026-03-25
2	5	4	2	4	2	3	5	4	2	33	1	99	US	R004545	S008941	2026-02-11
5	4	4	5	5	5	5	5	5	5	18	2	87	US	R004546	S012077	2026-02-23
4	2	4	4	5	5	4	4	4	4	47	2	94	US	R004547	S008438	2026-02-15
5	2	4	5	4	1	5	5	5	5	43	1	96	US	R004548	S008151	2026-02-13
5	2	2	5	2	4	4	3	2	4	25	1	94	US	R004549	S008807	2026-02-12
4	2	2	5	4	2	4	4	4	5	20	1	85	US	R004550	S001695	2026-03-25
5	1	4	2	4	2	4	5	4	5	24	1	94	US	R004551	S011582	2026-02-03
4	2	4	5	3	4	2	3	4	4	62	1	84	US	R004552	S005439	2026-03-14
3	2	1	3	1	1	4	5	5	5	21	1	64	US	R004553	S005363	2026-03-01
5	2	3	2	4	1	4	5	4	4	37	1	73	US	R004554	S009058	2026-03-16
1	2	4	4	4	4	4	4	4	3	38	2	73	US	R004555	S012942	2026-02-19
2	4	2	2	1	2	1	2	1	1	20	1	100	US	R004556	S008923	2026-03-06
2	2	3	3	3	2	1	5	4	4	28	1	66	US	R004557	S011173	2026-02-18
5	1	1	4	4	3	1	4	1	2	51	1	88	US	R004558	S011736	2026-03-17
5	3	2	5	2	2	3	4	4	2	21	2	99	US	R004559	S000420	2026-02-11
4	5	3	4	2	2	4	4	5	4	19	1	94	US	R004560	S011945	2026-03-23
5	4	3	5	4	4	3	3	4	4	29	2	96	US	R004561	S010638	2026-02-26
5	2	4	4	2	4	2	3	3	5	34	2	56	US	R004562	S012745	2026-02-06
5	2	5	4	3	2	5	5	5	5	23	1	96	US	R004563	S009510	2026-03-01
2	2	1	2	2	1	1	1	4	4	32	2	93	US	R004564	S009208	2026-02-06
4	3	3	4	4	2	3	4	2	4	18	1	80	US	R004565	S012881	2026-03-25
4	3	4	5	4	3	4	5	3	5	31	2	84	US	R004566	S006729	2026-02-07
4	5	4	5	5	5	4	4	4	4	34	1	71	US	R004567	S012780	2026-03-23
5	4	5	5	5	5	2	4	2	1	51	2	90	US	R004568	S010976	2026-03-22
4	4	4	5	4	2	5	4	2	5	58	2	77	US	R004569	S006541	2026-02-13
3	2	2	1	3	1	2	1	2	4	31	1	88	US	R004570	S000789	2026-03-13
5	4	5	5	5	4	5	5	5	4	44	2	77	US	R004571	S010524	2026-03-02
4	5	4	2	4	2	4	4	4	4	30	2	94	US	R004572	S006448	2026-02-15
2	5	4	5	3	3	4	4	2	4	33	2	89	US	R004573	S003068	2026-02-19
2	2	1	4	3	2	2	4	3	5	18	2	92	US	R004574	S002189	2026-02-14
2	2	3	3	4	1	5	3	4	4	24	2	77	US	R004575	S009389	2026-02-14
2	3	1	4	4	1	3	1	2	4	31	1	71	US	R004576	S010669	2026-03-16
2	2	3	1	3	1	2	3	2	4	46	2	67	US	R004577	S003110	2026-03-26
5	2	4	4	4	2	4	5	5	5	26	1	73	US	R004578	S000602	2026-03-23
2	1	3	4	3	2	1	4	2	5	43	1	81	US	R004579	S010911	2026-02-15
5	5	4	4	5	5	3	3	2	5	40	2	52	US	R004580	S002842	2026-03-27
2	2	4	4	4	4	4	4	4	5	29	1	81	US	R004581	S000567	2026-02-10
5	2	5	5	4	4	2	2	4	5	40	1	77	US	R004582	S008462	2026-03-03
3	2	4	5	2	2	3	4	2	4	29	1	86	US	R004583	S002487	2026-02-02
5	5	3	4	4	4	1	4	3	1	26	2	88	US	R004584	S008458	2026-02-02
4	2	4	5	4	3	5	4	4	5	23	1	94	US	R004585	S000155	2026-02-05
5	4	5	5	5	5	2	5	2	4	31	2	64	US	R004586	S004491	2026-03-06
3	2	2	4	1	2	1	4	1	1	18	1	70	US	R004587	S010300	2026-02-16
5	2	4	4	3	2	4	5	4	4	18	2	79	US	R004588	S009447	2026-02-02
5	4	5	5	5	5	2	4	4	4	34	2	71	US	R004589	S003083	2026-02-17
2	1	2	4	2	2	1	4	4	4	62	1	89	US	R004590	S002521	2026-02-25
4	4	2	5	2	3	4	4	5	4	52	1	75	US	R004591	S008868	2026-02-21
4	4	5	5	5	4	4	4	4	5	26	1	79	US	R004592	S004778	2026-03-10
4	2	4	4	4	3	4	2	2	1	28	2	98	US	R004593	S003764	2026-03-04
5	3	4	5	4	4	4	5	5	5	55	1	99	US	R004594	S010077	2026-02-22
4	1	2	5	3	1	4	1	4	5	22	2	93	US	R004595	S003965	2026-02-19
4	2	1	1	1	2	3	4	5	4	19	1	89	US	R004596	S005162	2026-03-04
1	5	5	5	5	5	3	4	3	4	23	1	92	US	R004597	S005780	2026-02-14
4	3	5	5	4	3	4	5	4	4	23	2	86	US	R004598	S000095	2026-03-22
3	1	2	3	3	2	4	3	2	5	32	1	89	US	R004599	S009242	2026-02-11
4	2	2	4	5	3	3	4	4	2	19	1	88	US	R004600	S000359	2026-02-04
3	4	3	4	3	1	3	4	2	4	38	2	72	US	R004601	S006093	2026-03-14
4	3	2	2	1	1	4	4	2	4	18	2	91	US	R004602	S006230	2026-02-28
4	2	4	2	4	3	4	3	4	4	35	1	88	US	R004603	S012476	2026-03-24
4	5	4	4	4	2	2	4	3	1	29	1	87	US	R004604	S009015	2026-02-20
2	2	4	5	5	5	5	5	4	5	49	2	100	US	R004605	S002812	2026-03-02
4	4	5	5	5	3	3	4	2	5	43	2	92	US	R004606	S005023	2026-02-15
4	4	5	5	5	4	5	4	4	5	54	1	85	US	R004607	S006088	2026-03-24
5	5	5	5	5	3	4	4	4	3	46	2	86	US	R004608	S003499	2026-03-09
4	1	2	4	4	2	4	4	3	2	26	1	94	US	R004609	S011748	2026-02-04
5	2	2	4	4	2	4	4	2	4	27	2	67	US	R004610	S000333	2026-02-12
3	4	5	3	3	5	3	4	1	4	38	1	96	US	R004611	S007388	2026-02-03
5	4	4	5	5	5	5	5	5	4	24	1	76	US	R004612	S005035	2026-03-11
5	1	5	4	4	4	2	3	2	5	61	1	68	US	R004613	S001564	2026-03-18
4	1	5	3	3	2	3	1	4	4	51	2	90	US	R004614	S004939	2026-03-06
5	5	4	4	5	3	4	4	4	4	41	1	80	US	R004615	S010955	2026-03-06
2	2	2	4	1	1	3	4	4	2	26	1	90	US	R004616	S001080	2026-03-09
5	5	2	4	2	3	4	5	3	5	18	2	78	US	R004617	S011048	2026-03-06
4	3	4	5	2	1	1	4	4	2	35	2	79	US	R004618	S011018	2026-02-28
5	5	5	5	4	4	5	5	5	5	18	2	56	US	R004619	S006275	2026-03-01
1	1	2	5	4	1	3	5	4	4	38	1	85	US	R004620	S005769	2026-02-07
2	2	1	3	4	1	5	3	4	5	27	1	93	US	R004621	S001331	2026-02-03
4	5	3	3	3	1	1	2	3	2	33	1	44	US	R004622	S012531	2026-02-07
1	2	2	2	2	2	2	1	4	4	39	1	92	US	R004623	S004104	2026-02-16
5	2	2	4	2	4	2	1	2	3	21	1	91	US	R004624	S005565	2026-03-06
5	5	5	4	5	4	5	4	4	4	30	2	90	US	R004625	S007472	2026-03-13
1	2	2	4	2	1	1	2	2	3	36	1	96	US	R004626	S001562	2026-03-24
5	4	4	4	4	3	2	4	3	3	35	1	75	US	R004627	S012555	2026-02-25
2	4	4	4	4	3	3	2	4	3	40	2	74	US	R004628	S007077	2026-03-04
2	2	2	4	2	1	1	2	2	3	34	2	91	US	R004629	S002598	2026-03-04
5	2	5	5	4	4	5	2	5	3	46	1	93	US	R004630	S012526	2026-03-08
5	3	3	4	2	4	2	3	5	4	53	1	80	US	R004631	S007755	2026-02-25
2	2	3	3	3	4	4	3	2	5	46	1	84	US	R004632	S002644	2026-02-09
3	2	3	5	2	4	3	4	4	4	44	2	62	US	R004633	S011029	2026-03-26
5	3	3	5	4	2	2	5	2	5	48	1	81	US	R004634	S011570	2026-03-02
5	3	4	5	4	4	4	5	4	5	22	1	87	US	R004635	S000444	2026-03-24
3	4	5	3	1	2	2	4	4	4	33	1	97	US	R004636	S006055	2026-03-01
5	3	5	5	5	5	1	5	1	1	54	1	86	US	R004637	S004821	2026-03-22
1	1	2	3	1	2	5	4	5	5	26	1	74	US	R004638	S000619	2026-03-23
3	3	5	5	2	5	5	5	5	4	35	1	79	US	R004639	S000913	2026-03-25
4	1	1	4	1	3	4	4	2	5	36	2	81	US	R004640	S010550	2026-03-04
5	4	5	5	5	5	4	5	4	5	18	2	96	US	R004641	S005884	2026-02-22
4	2	4	4	3	4	3	3	5	3	29	1	74	US	R004642	S009749	2026-02-15
4	2	1	3	1	1	4	5	5	5	24	2	95	US	R004643	S008953	2026-02-11
5	1	5	5	5	2	5	4	5	4	33	2	99	US	R004644	S000907	2026-02-19
2	2	3	2	2	1	4	5	5	5	45	1	54	US	R004645	S002953	2026-02-28
5	4	4	4	2	5	2	4	2	2	29	2	85	US	R004646	S003551	2026-02-17
2	3	5	5	2	5	4	4	5	5	46	1	95	US	R004647	S003767	2026-03-03
2	2	2	5	4	2	3	5	4	4	43	1	98	US	R004648	S003156	2026-03-04
5	4	4	5	4	4	3	4	5	5	28	2	97	US	R004649	S007266	2026-03-04
5	3	4	5	2	2	4	5	4	4	18	1	82	US	R004650	S004111	2026-03-25
4	4	4	3	4	2	5	4	4	4	29	1	95	US	R004651	S006978	2026-03-06
5	5	4	5	5	3	5	5	5	5	37	1	87	US	R004652	S005224	2026-03-09
5	2	5	5	5	4	5	4	4	5	31	2	87	US	R004653	S001608	2026-03-15
4	4	2	4	1	2	2	4	4	4	55	1	46	US	R004654	S003952	2026-03-18
4	4	5	5	4	4	4	4	4	4	30	2	95	US	R004655	S002863	2026-03-17
1	4	1	4	1	2	2	2	4	3	30	1	74	US	R004656	S011134	2026-02-12
3	3	2	4	1	3	4	4	4	5	30	2	68	US	R004657	S000114	2026-02-21
2	1	2	4	4	2	4	4	2	4	44	2	75	US	R004658	S003249	2026-02-15
4	3	4	5	5	3	4	3	3	3	33	1	94	US	R004659	S001223	2026-03-01
1	2	1	2	1	2	2	1	2	4	29	2	94	US	R004660	S012868	2026-02-25
5	1	2	4	3	2	1	2	4	1	44	1	95	US	R004661	S003225	2026-02-06
4	2	5	4	4	4	4	1	4	2	36	1	85	US	R004662	S001732	2026-02-03
5	4	4	5	4	4	5	5	5	5	35	1	99	US	R004663	S010315	2026-03-03
4	2	5	3	5	2	5	4	4	5	29	1	92	US	R004664	S004776	2026-02-11
3	1	2	3	1	2	1	3	3	4	35	2	99	US	R004665	S010744	2026-02-14
4	2	4	4	3	5	5	4	4	5	45	1	92	US	R004666	S005947	2026-03-12
2	2	2	4	2	1	2	4	4	2	19	1	91	US	R004667	S004050	2026-02-22
5	4	4	4	3	2	1	2	5	4	29	1	75	US	R004668	S011190	2026-03-09
4	1	2	5	4	1	4	3	3	3	34	2	75	US	R004669	S006604	2026-02-16
1	2	4	5	2	2	3	4	4	3	40	1	91	US	R004670	S004640	2026-02-08
4	3	2	4	1	4	3	4	5	5	21	2	60	US	R004671	S012007	2026-02-19
5	2	2	5	5	5	4	4	4	4	45	2	88	US	R004672	S009330	2026-02-18
5	5	2	4	4	2	1	3	3	4	24	1	75	US	R004673	S000623	2026-02-12
2	5	2	1	3	3	4	4	3	4	59	1	58	US	R004674	S009345	2026-03-19
5	2	5	5	5	4	4	4	5	4	42	1	73	US	R004675	S008072	2026-03-21
5	4	1	3	4	2	5	4	4	2	48	2	82	US	R004676	S012625	2026-03-25
3	1	4	4	2	2	3	2	3	4	51	1	77	US	R004677	S002629	2026-02-10
4	2	5	5	5	4	5	5	5	5	40	1	98	US	R004678	S012192	2026-02-21
4	1	2	3	4	2	3	3	4	2	29	2	92	US	R004679	S001099	2026-03-13
4	2	4	4	2	1	3	2	2	4	22	2	84	US	R004680	S005326	2026-03-12
5	2	4	3	3	3	3	4	3	4	41	2	83	US	R004681	S008470	2026-03-17
4	2	5	4	4	1	4	2	3	5	46	2	89	US	R004682	S004410	2026-02-14
2	4	2	3	2	5	1	3	4	2	41	2	91	US	R004683	S000028	2026-02-22
5	2	1	3	2	1	1	1	2	1	31	2	70	US	R004684	S000594	2026-03-01
4	4	2	4	3	2	5	4	4	4	31	1	95	US	R004685	S006466	2026-03-08
4	1	2	5	4	2	5	4	5	5	28	2	89	US	R004686	S001952	2026-03-25
3	3	4	5	2	2	5	5	5	4	45	1	85	US	R004687	S010411	2026-03-06
2	1	1	3	2	1	2	3	1	4	18	1	89	US	R004688	S006533	2026-02-02
1	1	1	2	1	1	4	1	3	4	42	2	83	US	R004689	S006774	2026-03-13
5	4	4	5	4	4	2	4	5	5	18	1	99	US	R004690	S010033	2026-02-08
2	1	4	4	3	2	3	4	4	4	43	2	79	US	R004691	S008097	2026-03-06
4	2	3	5	3	1	2	2	3	5	45	2	67	US	R004692	S000959	2026-02-11
2	4	5	4	4	3	5	4	5	5	38	1	94	US	R004693	S003849	2026-02-20
4	3	4	3	3	2	3	2	4	5	38	2	77	US	R004694	S010732	2026-02-16
5	3	5	4	4	5	3	5	4	4	65	1	77	US	R004695	S011555	2026-02-09
5	2	4	2	4	4	4	3	5	2	39	1	83	US	R004696	S002938	2026-03-18
2	5	1	4	4	1	4	5	4	4	29	2	88	US	R004697	S003029	2026-02-02
5	4	3	5	5	5	5	3	5	3	35	2	73	US	R004698	S004513	2026-02-27
4	5	4	5	3	3	3	4	4	4	24	2	88	US	R004699	S002073	2026-03-06
4	4	2	4	3	1	1	1	2	4	38	1	94	US	R004700	S000388	2026-02-22
5	4	4	5	4	2	2	2	1	2	35	2	97	US	R004701	S007633	2026-03-23
5	1	4	5	5	2	3	4	5	4	43	1	93	US	R004702	S004130	2026-03-11
5	4	5	5	3	2	2	4	3	4	30	2	84	US	R004703	S004485	2026-03-09
5	3	4	4	4	3	4	5	5	4	31	1	91	US	R004704	S007018	2026-03-03
4	4	4	3	4	4	1	2	2	1	44	2	96	US	R004705	S012422	2026-03-25
4	4	5	2	2	4	1	4	1	1	20	1	76	US	R004706	S008565	2026-03-10
4	3	4	2	4	5	5	5	2	5	33	1	85	US	R004707	S006640	2026-03-19
5	1	5	5	5	2	4	4	3	3	24	2	80	US	R004708	S012643	2026-02-13
5	3	5	4	4	4	5	5	5	5	25	1	94	US	R004709	S012125	2026-03-22
4	2	3	4	3	3	4	4	4	4	44	2	84	US	R004710	S012148	2026-02-03
5	3	2	4	2	2	1	4	4	4	40	2	89	US	R004711	S001526	2026-02-07
5	1	1	4	2	2	4	5	4	5	40	1	63	US	R004712	S006501	2026-02-16
5	3	2	4	3	1	4	2	2	3	24	2	93	US	R004713	S007104	2026-02-14
4	3	2	4	4	4	2	3	2	4	26	2	87	US	R004714	S004701	2026-03-03
3	2	3	3	4	2	4	5	2	4	41	1	86	US	R004715	S010560	2026-03-24
2	4	1	4	5	2	5	5	5	5	54	1	79	US	R004716	S008728	2026-03-17
4	4	4	2	4	3	2	3	3	4	23	1	55	US	R004717	S008340	2026-03-24
4	4	3	3	3	1	5	4	3	1	29	2	94	US	R004718	S006626	2026-02-28
4	1	5	2	2	2	1	3	1	4	36	1	83	US	R004719	S007387	2026-02-05
5	5	5	5	5	5	5	4	4	4	42	1	95	US	R004720	S008599	2026-02-13
4	1	2	5	2	2	2	5	3	3	33	1	72	US	R004721	S003895	2026-02-24
4	2	2	5	2	2	1	2	1	2	28	2	63	US	R004722	S011965	2026-03-22
5	1	5	5	5	2	4	3	5	4	18	2	90	US	R004723	S001037	2026-02-05
4	2	2	4	2	3	1	1	4	4	58	1	95	US	R004724	S007716	2026-03-15
3	3	2	5	1	4	2	5	3	4	36	1	70	US	R004725	S003296	2026-03-16
3	1	4	4	2	1	1	4	2	4	36	2	91	US	R004726	S011517	2026-03-19
5	3	5	5	5	2	5	5	5	5	49	1	90	US	R004727	S010574	2026-03-23
4	5	2	5	4	2	2	3	4	2	25	2	77	US	R004728	S009065	2026-02-22
5	3	5	4	4	2	5	3	5	5	58	1	92	US	R004729	S006508	2026-02-11
5	4	5	5	5	5	4	2	5	4	33	1	97	US	R004730	S000016	2026-03-14
3	3	3	5	5	1	2	5	4	2	36	1	88	US	R004731	S004478	2026-03-06
2	4	4	2	3	2	4	4	4	5	48	1	93	US	R004732	S006001	2026-03-11
4	2	2	4	1	1	1	2	3	3	46	1	80	US	R004733	S004588	2026-03-03
4	5	3	4	4	5	5	4	4	4	37	2	99	US	R004734	S011425	2026-03-27
4	2	3	4	2	1	1	1	1	2	37	1	87	US	R004735	S007557	2026-02-04
4	2	4	4	3	2	2	2	2	5	31	1	98	US	R004736	S010121	2026-03-20
4	5	4	4	2	3	2	4	1	1	50	1	84	US	R004737	S006436	2026-03-08
4	2	3	4	2	5	3	1	4	4	30	1	84	US	R004738	S006913	2026-02-13
3	1	2	4	4	1	4	5	5	3	21	1	94	US	R004739	S011000	2026-03-02
4	2	3	4	2	2	3	3	1	4	31	2	96	US	R004740	S000611	2026-03-16
5	3	4	2	4	5	3	5	3	4	36	1	61	US	R004741	S000430	2026-03-01
3	2	4	4	2	2	4	5	5	5	38	2	93	US	R004742	S004857	2026-02-03
4	5	4	5	4	2	5	5	4	2	24	1	82	US	R004743	S005017	2026-03-07
4	2	3	5	3	4	4	5	5	4	43	1	92	US	R004744	S011500	2026-03-26
4	2	2	3	5	4	2	1	1	1	31	1	99	US	R004745	S007542	2026-02-11
4	2	3	5	3	4	4	2	2	1	39	2	92	US	R004746	S010999	2026-02-18
1	3	4	3	4	2	1	2	2	2	58	2	68	US	R004747	S003912	2026-03-01
5	2	5	5	5	5	4	5	4	2	24	1	91	US	R004748	S005000	2026-02-15
5	1	5	5	5	5	1	4	2	4	37	1	72	US	R004749	S009464	2026-03-14
5	2	2	4	4	5	4	5	4	4	51	1	69	US	R004750	S005298	2026-02-15
3	2	2	3	2	1	4	2	3	4	36	2	76	US	R004751	S008349	2026-02-23
4	4	3	4	4	4	2	4	4	4	54	2	51	US	R004752	S000050	2026-03-17
4	3	4	4	3	4	4	5	4	3	43	1	97	US	R004753	S010135	2026-02-14
4	2	2	4	2	1	5	5	5	5	21	1	79	US	R004754	S001985	2026-03-17
2	4	4	5	5	4	5	4	4	4	38	2	87	US	R004755	S000445	2026-03-03
5	5	4	5	4	5	3	4	4	4	18	1	98	US	R004756	S010045	2026-03-16
5	4	5	5	4	4	3	4	3	4	33	1	69	US	R004757	S007846	2026-02-11
3	2	3	5	2	1	1	1	5	3	43	2	67	US	R004758	S005120	2026-03-26
4	5	5	5	4	1	4	5	5	4	50	1	78	US	R004759	S004046	2026-03-23
4	5	3	2	4	2	2	2	5	3	18	1	72	US	R004760	S003667	2026-02-10
3	2	4	3	5	2	1	2	4	2	18	1	84	US	R004761	S008353	2026-02-20
2	2	4	4	4	4	2	4	4	4	47	1	90	US	R004762	S004300	2026-03-18
5	1	3	2	4	2	5	5	2	4	32	1	67	US	R004763	S010543	2026-03-16
4	5	1	2	3	1	2	2	2	1	26	2	97	US	R004764	S004993	2026-03-11
2	2	4	5	3	1	2	2	4	5	45	2	90	US	R004765	S007006	2026-03-01
5	1	4	2	3	4	4	4	4	3	40	1	65	US	R004766	S000328	2026-02-05
2	1	1	1	1	1	5	4	4	2	37	2	78	US	R004767	S005995	2026-02-12
5	2	4	4	3	3	3	4	5	4	32	2	85	US	R004768	S005327	2026-02-02
2	2	2	3	4	3	1	5	4	5	21	1	91	US	R004769	S012397	2026-02-20
4	5	4	5	5	2	5	4	4	4	46	1	55	US	R004770	S011978	2026-03-21
5	5	3	5	3	2	4	4	5	4	46	2	82	US	R004771	S011032	2026-02-24
5	2	1	5	3	3	4	3	4	2	24	2	92	US	R004772	S008525	2026-03-01
3	2	3	5	3	2	4	4	5	5	18	1	83	US	R004773	S003935	2026-02-12
5	4	4	5	4	4	2	4	3	5	18	2	78	US	R004774	S006248	2026-02-02
3	2	4	4	3	3	2	5	2	4	36	1	97	US	R004775	S009450	2026-02-20
3	4	1	5	4	2	1	2	4	4	51	1	86	US	R004776	S001588	2026-03-13
5	4	4	5	5	4	4	5	5	4	18	1	82	US	R004777	S008187	2026-02-25
4	4	2	3	2	2	2	4	1	4	22	2	84	US	R004778	S002165	2026-02-14
4	2	5	5	4	1	3	5	4	5	45	1	80	US	R004779	S004150	2026-03-10
4	2	3	4	5	3	5	5	5	4	19	2	92	US	R004780	S001341	2026-02-20
4	4	3	3	4	3	5	5	4	5	29	2	94	US	R004781	S002310	2026-02-19
2	2	5	3	1	3	1	1	1	1	35	2	84	US	R004782	S006445	2026-03-23
3	1	3	3	2	1	4	5	5	5	44	2	89	US	R004783	S010934	2026-02-17
5	1	4	4	3	4	4	4	2	4	45	1	76	US	R004784	S004677	2026-02-08
4	4	4	5	5	4	5	5	5	5	59	1	57	US	R004785	S005808	2026-03-17
4	2	2	4	2	4	1	1	2	4	18	2	89	US	R004786	S008430	2026-03-18
5	2	4	3	5	4	5	5	5	4	34	1	89	US	R004787	S006026	2026-02-05
1	2	1	4	2	1	2	5	3	4	23	1	93	US	R004788	S008315	2026-02-08
4	3	4	4	4	5	2	5	4	4	35	1	96	US	R004789	S001922	2026-02-08
4	2	2	4	3	2	4	3	5	4	24	1	73	US	R004790	S000976	2026-03-16
1	2	2	4	2	1	3	5	4	4	43	1	79	US	R004791	S002008	2026-03-14
4	2	2	5	4	2	2	5	4	3	46	2	69	US	R004792	S008115	2026-03-08
5	1	4	5	5	5	1	2	4	1	26	2	85	US	R004793	S007211	2026-02-09
4	2	4	4	3	1	1	2	2	5	45	2	91	US	R004794	S004749	2026-02-26
3	4	4	5	4	4	4	4	4	2	41	2	86	US	R004795	S011212	2026-03-09
5	3	3	5	4	5	2	3	4	2	38	1	99	US	R004796	S000244	2026-02-08
2	4	1	5	2	1	5	2	3	5	54	1	98	US	R004797	S011525	2026-03-17
2	4	2	3	1	1	4	3	4	4	36	1	60	US	R004798	S003560	2026-03-25
4	4	4	4	4	1	4	4	4	5	23	2	78	US	R004799	S000330	2026-03-02
5	4	3	4	1	3	3	3	3	4	40	1	86	US	R004800	S012182	2026-02-18
5	5	5	4	5	2	2	5	2	2	44	2	95	US	R004801	S008905	2026-02-08
2	1	3	4	3	3	4	4	3	5	25	2	81	US	R004802	S001980	2026-03-07
5	2	5	5	5	4	4	3	4	5	40	1	92	US	R004803	S012752	2026-03-24
3	5	2	4	1	2	2	2	3	2	22	1	87	US	R004804	S011661	2026-02-06
4	2	2	5	5	3	4	2	4	2	30	2	77	US	R004805	S004629	2026-02-03
1	3	2	2	2	1	4	4	3	3	18	1	99	US	R004806	S006241	2026-02-23
5	1	5	4	4	2	4	2	3	3	29	1	77	US	R004807	S000811	2026-03-15
2	3	4	3	4	1	2	1	4	3	40	1	79	US	R004808	S008421	2026-02-04
5	2	2	3	2	1	5	4	3	4	28	2	84	US	R004809	S008584	2026-03-11
2	2	2	3	2	1	4	4	2	4	42	1	88	US	R004810	S006865	2026-02-13
3	2	5	5	5	5	5	5	5	5	44	2	99	US	R004811	S005711	2026-03-19
3	4	3	5	4	2	4	2	4	2	39	1	94	US	R004812	S002414	2026-03-12
3	4	4	3	1	2	2	4	4	4	32	2	98	US	R004813	S008562	2026-02-22
5	3	4	4	4	5	1	1	1	4	46	1	82	US	R004814	S011590	2026-03-09
5	2	3	4	4	2	3	2	1	3	23	2	91	US	R004815	S008289	2026-03-26
4	4	4	5	5	5	5	4	5	5	31	1	69	US	R004816	S007799	2026-03-12
5	5	5	5	5	3	4	4	4	3	46	2	86	US	R004817	S001502	2026-03-14
5	2	2	2	2	2	2	5	4	4	18	2	91	US	R004818	S002974	2026-03-24
4	4	4	5	3	5	5	2	5	5	18	1	52	US	R004819	S008649	2026-02-20
4	2	2	4	4	2	4	5	4	4	48	2	96	US	R004820	S005465	2026-02-18
4	2	2	5	1	1	1	2	3	4	36	1	63	US	R004821	S010921	2026-03-27
4	1	4	5	5	5	5	4	5	5	53	1	94	US	R004822	S009635	2026-02-10
5	4	4	5	2	1	2	5	3	2	34	1	80	US	R004823	S005906	2026-02-28
4	5	3	4	5	3	4	3	4	5	36	1	95	US	R004824	S002798	2026-03-27
5	2	4	5	4	2	4	3	4	4	20	2	88	US	R004825	S011312	2026-03-14
5	3	4	3	5	1	4	4	4	1	60	1	90	US	R004826	S003862	2026-02-05
4	3	5	4	5	3	2	1	3	2	48	2	91	US	R004827	S004705	2026-02-28
1	1	1	2	2	1	4	4	2	5	48	1	76	US	R004828	S006128	2026-02-26
3	3	4	3	4	2	2	5	5	5	61	1	93	US	R004829	S011741	2026-03-26
5	2	4	5	4	3	2	4	1	4	41	1	91	US	R004830	S003052	2026-02-27
3	4	2	4	1	1	2	2	4	4	31	2	86	US	R004831	S005018	2026-03-05
2	1	2	3	3	2	2	2	2	5	28	1	91	US	R004832	S005272	2026-03-11
2	2	2	5	1	3	4	4	4	4	44	1	67	US	R004833	S011927	2026-02-05
5	4	5	5	3	4	1	1	4	4	18	1	76	US	R004834	S007649	2026-02-09
4	5	4	4	4	4	4	5	4	3	41	1	87	US	R004835	S008104	2026-02-10
4	2	2	1	3	4	3	4	4	4	39	1	95	US	R004836	S002407	2026-02-16
3	2	2	4	2	1	2	4	2	4	39	1	94	US	R004837	S007607	2026-02-25
5	1	4	3	2	2	5	4	5	5	34	2	74	US	R004838	S003837	2026-02-26
4	4	2	4	2	2	5	2	1	5	48	2	85	US	R004839	S010888	2026-03-17
2	2	1	1	1	1	4	4	5	3	22	1	90	US	R004840	S009233	2026-03-13
4	3	1	1	1	1	1	2	2	4	36	1	81	US	R004841	S008416	2026-02-23
5	2	4	4	5	3	3	5	4	1	33	1	91	US	R004842	S005660	2026-02-27
2	1	1	4	2	1	3	2	1	4	49	1	86	US	R004843	S008704	2026-03-01
1	1	1	1	1	1	4	3	3	4	42	2	92	US	R004844	S012428	2026-03-23
5	3	4	4	5	4	2	5	4	5	42	1	65	US	R004845	S003497	2026-02-24
5	1	2	5	5	1	3	3	3	3	33	1	94	US	R004846	S006581	2026-02-22
5	2	4	4	4	3	4	4	3	4	18	1	72	US	R004847	S000847	2026-03-09
5	3	5	5	5	4	4	2	5	5	29	1	50	US	R004848	S007919	2026-03-16
5	1	4	4	2	4	3	2	4	5	30	1	85	US	R004849	S007096	2026-02-07
5	3	5	4	4	2	1	2	1	2	43	1	86	US	R004850	S011966	2026-03-16
1	1	1	2	1	1	3	2	3	5	40	1	84	US	R004851	S009174	2026-03-09
3	3	2	5	1	1	2	4	4	4	33	2	93	US	R004852	S009582	2026-03-11
5	3	5	5	5	3	1	3	4	2	38	2	96	US	R004853	S010926	2026-03-21
4	2	2	4	3	2	3	5	4	5	40	2	89	US	R004854	S005403	2026-03-22
3	1	3	5	3	1	2	3	3	4	40	2	88	US	R004855	S007432	2026-02-13
4	3	5	4	5	1	1	4	1	3	36	2	80	US	R004856	S011954	2026-02-22
5	4	5	4	3	4	4	1	4	4	26	2	96	US	R004857	S012635	2026-03-14
2	5	4	5	1	2	4	2	4	5	31	1	80	US	R004858	S000424	2026-02-03
2	4	4	5	5	3	4	4	5	3	32	1	87	US	R004859	S005900	2026-02-03
3	5	2	4	4	2	1	2	1	2	22	1	92	US	R004860	S004627	2026-02-25
2	4	2	4	4	1	4	5	5	5	37	2	95	US	R004861	S005311	2026-03-15
5	2	2	5	2	1	2	2	3	2	40	1	92	US	R004862	S005862	2026-02-28
5	1	5	5	5	3	4	5	3	5	34	1	100	US	R004863	S006923	2026-02-08
4	2	4	4	2	2	3	5	3	4	41	2	92	US	R004864	S006278	2026-03-03
5	4	5	4	5	2	4	5	5	5	43	1	91	US	R004865	S009097	2026-03-10
4	3	2	4	4	3	5	5	5	5	38	2	92	US	R004866	S001383	2026-02-04
3	2	4	4	2	3	5	3	4	2	34	2	81	US	R004867	S011938	2026-02-26
2	2	4	5	3	2	3	4	2	4	23	2	96	US	R004868	S007767	2026-02-17
1	3	2	4	4	1	3	3	2	1	38	1	76	US	R004869	S000134	2026-02-03
4	1	5	3	4	4	2	4	3	1	18	2	42	US	R004870	S002850	2026-02-25
4	4	2	5	4	2	1	4	1	5	26	2	64	US	R004871	S007598	2026-02-05
5	5	5	5	5	5	5	5	5	5	31	1	97	US	R004872	S008760	2026-02-25
4	3	2	3	4	5	2	1	4	1	43	1	96	US	R004873	S003905	2026-03-12
5	2	5	4	4	4	4	4	3	5	41	2	97	US	R004874	S000808	2026-02-09
1	4	2	1	1	1	2	2	4	4	36	1	61	US	R004875	S002958	2026-02-26
5	4	3	4	4	3	3	2	4	4	57	1	87	US	R004876	S012423	2026-02-22
1	3	2	4	4	2	3	4	4	5	27	2	92	US	R004877	S006459	2026-03-08
5	4	3	5	5	5	4	5	2	4	56	1	84	US	R004878	S009406	2026-02-06
3	3	4	4	5	3	3	5	5	5	34	1	95	US	R004879	S004270	2026-02-03
3	4	3	3	2	2	4	3	4	4	56	1	77	US	R004880	S002870	2026-03-09
4	1	4	2	2	2	1	4	2	2	31	1	96	US	R004881	S007537	2026-02-15
5	5	5	3	4	4	4	5	5	4	34	2	79	US	R004882	S009759	2026-02-26
3	4	3	4	4	4	5	4	4	5	43	1	72	US	R004883	S004813	2026-02-21
2	1	3	4	4	1	4	4	4	5	38	2	67	US	R004884	S003906	2026-02-04
2	3	1	3	1	1	1	2	4	1	38	1	93	US	R004885	S011378	2026-02-07
4	2	1	4	5	1	4	3	4	4	35	1	81	US	R004886	S009826	2026-03-06
5	4	5	5	5	5	5	4	5	5	37	1	87	US	R004887	S006590	2026-02-20
3	4	1	3	1	1	5	5	5	4	58	1	81	US	R004888	S007050	2026-02-19
5	4	5	5	4	5	5	5	5	5	18	1	79	US	R004889	S007395	2026-03-02
4	5	4	4	1	2	1	1	2	4	39	1	85	US	R004890	S001766	2026-03-03
3	4	3	5	3	1	5	5	4	5	44	1	92	US	R004891	S003382	2026-03-11
4	4	3	5	4	4	5	5	5	5	30	2	81	US	R004892	S004042	2026-03-18
5	4	3	4	5	2	5	5	5	4	40	1	78	US	R004893	S002699	2026-02-18
3	4	2	5	2	2	3	4	2	5	46	1	87	US	R004894	S006921	2026-03-04
3	2	2	4	4	2	1	2	3	4	57	1	56	US	R004895	S006750	2026-02-09
1	1	2	5	2	2	3	4	3	4	56	1	78	US	R004896	S009636	2026-03-22
4	2	4	5	5	4	1	5	4	5	63	2	99	US	R004897	S010085	2026-03-18
5	3	4	5	5	4	5	4	4	5	37	1	84	US	R004898	S008333	2026-02-27
4	3	2	3	2	1	4	1	4	5	27	1	92	US	R004899	S011628	2026-03-20
3	2	4	4	4	2	5	2	4	5	51	1	56	US	R004900	S006195	2026-03-13
4	3	4	3	2	3	1	3	1	3	18	1	95	US	R004901	S011533	2026-02-21
4	2	2	4	1	2	1	2	1	1	28	1	77	US	R004902	S003954	2026-03-04
5	2	4	5	5	4	3	4	4	4	18	1	66	US	R004903	S010791	2026-02-15
1	4	4	4	1	2	1	5	2	2	42	1	75	US	R004904	S007809	2026-02-04
4	4	5	4	5	4	2	4	3	5	39	1	90	US	R004905	S003654	2026-02-21
3	2	5	4	2	1	1	2	2	3	18	2	67	US	R004906	S009047	2026-03-02
5	1	2	5	2	1	2	4	1	5	28	2	91	US	R004907	S003515	2026-03-14
2	3	2	4	2	2	5	4	4	4	34	1	95	US	R004908	S003036	2026-03-03
4	3	4	4	5	5	3	5	3	3	45	1	96	US	R004909	S004446	2026-03-16
4	2	4	4	4	2	2	2	4	4	69	2	99	US	R004910	S003109	2026-02-11
5	1	4	5	5	5	4	4	5	5	33	1	69	US	R004911	S007509	2026-03-08
5	5	5	5	5	5	5	5	4	4	41	1	78	US	R004912	S011476	2026-03-17
4	1	3	3	2	2	4	2	5	3	46	2	75	US	R004913	S009225	2026-02-23
5	2	3	4	4	2	4	3	4	4	42	2	89	US	R004914	S010947	2026-03-05
2	2	1	4	1	1	3	3	4	2	31	2	88	US	R004915	S001121	2026-03-21
4	3	5	3	5	5	2	2	4	3	32	1	78	US	R004916	S008619	2026-02-27
4	2	2	5	2	2	4	4	4	5	30	1	96	US	R004917	S005597	2026-03-09
4	2	4	2	5	2	3	4	4	4	27	1	87	US	R004918	S010739	2026-03-22
5	4	2	4	4	2	1	2	4	2	28	1	82	US	R004919	S005646	2026-02-14
5	1	3	4	2	4	2	4	2	3	18	1	91	US	R004920	S004516	2026-03-08
3	2	4	4	2	2	1	1	2	3	43	1	98	US	R004921	S001310	2026-02-08
2	4	3	3	2	2	5	4	5	5	42	1	85	US	R004922	S001159	2026-03-25
4	3	2	5	5	2	3	5	3	5	52	1	81	US	R004923	S010379	2026-02-27
3	2	2	3	2	2	2	2	1	4	23	1	95	US	R004924	S012141	2026-02-18
2	3	2	4	3	1	2	5	2	4	43	1	86	US	R004925	S003718	2026-02-14
5	5	5	5	4	2	4	4	4	4	33	1	96	US	R004926	S001763	2026-02-27
5	4	5	5	4	5	4	5	4	5	18	1	90	US	R004927	S008753	2026-02-07
5	2	5	5	3	5	2	1	4	5	50	1	73	US	R004928	S005940	2026-03-04
5	4	1	4	5	2	4	3	5	4	56	1	53	US	R004929	S006544	2026-03-03
5	3	2	4	2	1	1	3	3	5	48	1	90	US	R004930	S001742	2026-03-21
5	4	5	4	5	3	5	4	5	5	46	1	51	US	R004931	S006483	2026-03-20
1	1	2	4	2	1	4	4	4	4	34	1	72	US	R004932	S006216	2026-02-20
5	5	4	5	4	2	4	4	5	4	45	2	63	US	R004933	S003679	2026-03-01
5	2	4	5	5	2	4	5	4	4	40	1	96	US	R004934	S009195	2026-02-27
2	1	4	3	1	1	1	2	2	2	43	2	97	US	R004935	S000852	2026-02-28
4	3	5	1	4	4	3	4	5	3	18	2	95	US	R004936	S008822	2026-02-10
3	3	5	5	5	5	2	4	5	4	23	1	81	US	R004937	S009566	2026-02-21
5	3	4	2	2	1	3	2	3	3	31	2	47	US	R004938	S006281	2026-03-11
4	2	4	4	5	1	3	5	4	4	25	2	87	US	R004939	S006175	2026-03-14
4	2	1	1	2	2	4	5	4	5	42	2	94	US	R004940	S008877	2026-02-08
4	1	1	2	2	2	5	5	4	5	35	2	91	US	R004941	S005889	2026-02-28
5	4	5	5	4	3	2	4	4	3	39	1	99	US	R004942	S006679	2026-02-02
5	3	4	5	3	2	2	3	5	5	44	1	82	US	R004943	S002956	2026-03-19
5	5	4	5	4	3	4	5	2	5	27	1	99	US	R004944	S008833	2026-02-18
5	4	4	4	5	2	4	2	4	5	29	1	87	US	R004945	S004387	2026-02-16
2	4	4	5	2	2	4	4	5	5	42	2	95	US	R004946	S009307	2026-03-18
4	3	4	5	3	1	4	5	4	5	36	1	95	US	R004947	S000151	2026-03-12
4	2	4	5	4	3	1	2	1	2	21	2	91	US	R004948	S009584	2026-02-23
4	4	5	2	3	2	1	2	2	2	30	2	81	US	R004949	S004524	2026-03-14
5	1	1	4	4	1	5	4	5	5	26	1	90	US	R004950	S004791	2026-03-11
2	4	3	4	5	3	5	5	2	4	41	1	91	US	R004951	S002178	2026-02-26
4	2	2	4	3	4	4	3	2	4	36	1	73	US	R004952	S009714	2026-02-26
5	2	4	5	5	2	4	5	4	4	40	1	96	US	R004953	S001989	2026-02-24
5	1	4	4	5	5	3	2	5	4	29	1	98	US	R004954	S012373	2026-02-25
5	3	5	5	4	4	2	4	3	2	43	1	49	US	R004955	S003313	2026-02-17
5	2	4	5	5	2	5	3	5	5	40	1	89	US	R004956	S012692	2026-03-09
3	1	1	4	2	2	4	4	5	5	30	1	92	US	R004957	S005651	2026-02-28
5	3	4	2	4	2	2	4	5	5	54	1	90	US	R004958	S001662	2026-02-17
5	4	5	3	1	2	2	5	4	5	19	1	81	US	R004959	S002002	2026-03-05
3	1	4	4	2	1	4	1	5	1	27	1	73	US	R004960	S006736	2026-03-16
4	4	2	5	4	2	4	5	5	4	26	1	88	US	R004961	S005070	2026-02-28
4	5	4	3	5	1	5	5	5	4	42	1	85	US	R004962	S003492	2026-03-10
4	4	1	4	1	4	2	2	2	1	51	2	77	US	R004963	S007847	2026-03-19
1	5	1	4	1	3	4	2	3	4	58	1	85	US	R004964	S006860	2026-03-18
5	5	4	3	2	5	2	5	3	3	22	2	77	US	R004965	S005447	2026-02-02
5	2	4	4	4	2	4	5	4	4	38	1	88	US	R004966	S003971	2026-03-08
3	3	4	4	5	2	5	4	5	5	29	1	94	US	R004967	S003898	2026-02-02
5	5	5	5	5	5	4	2	5	5	35	1	88	US	R004968	S005059	2026-02-03
5	4	2	3	3	1	3	4	4	5	39	1	84	US	R004969	S003805	2026-03-01
5	4	2	5	4	4	5	5	4	4	31	2	96	US	R004970	S007347	2026-02-27
2	5	4	3	4	4	2	4	5	4	22	1	93	US	R004971	S006707	2026-02-20
4	3	2	5	4	3	2	5	3	4	39	2	54	US	R004972	S003151	2026-02-24
4	3	2	5	4	1	4	3	2	4	46	2	97	US	R004973	S011428	2026-03-08
2	4	2	4	2	1	2	4	2	1	47	1	83	US	R004974	S002250	2026-03-16
4	2	4	3	2	2	4	4	2	3	47	2	81	US	R004975	S008967	2026-02-13
5	2	5	4	4	2	3	1	2	2	30	1	50	US	R004976	S003366	2026-02-17
4	1	2	4	5	2	2	2	3	4	25	1	75	US	R004977	S002027	2026-02-02
3	2	5	4	2	2	5	4	4	4	33	1	92	US	R004978	S004558	2026-02-08
4	4	3	5	5	3	3	3	4	3	27	2	70	US	R004979	S001096	2026-03-12
4	2	1	3	1	2	2	2	5	5	37	1	85	US	R004980	S005056	2026-02-08
4	3	4	4	4	4	2	4	4	5	49	2	92	US	R004981	S007565	2026-03-17
4	1	3	4	4	5	2	1	4	4	35	2	77	US	R004982	S006441	2026-02-16
2	2	3	3	1	1	4	4	5	5	27	2	97	US	R004983	S007495	2026-03-22
2	2	3	3	3	2	2	1	4	4	34	1	88	US	R004984	S003030	2026-02-05
4	1	5	5	5	1	5	5	5	5	39	1	94	US	R004985	S003765	2026-03-11
5	5	5	5	4	5	4	2	5	5	41	1	66	US	R004986	S002102	2026-03-23
4	2	4	5	2	2	1	1	1	5	38	2	55	US	R004987	S003539	2026-02-27
5	4	5	5	5	4	4	5	5	5	26	1	77	US	R004988	S006263	2026-02-07
3	5	4	4	4	4	2	2	2	4	28	1	71	US	R004989	S006421	2026-03-02
2	2	5	4	5	1	4	5	4	4	18	1	67	US	R004990	S011593	2026-03-13
3	4	3	4	3	1	3	4	4	1	44	2	78	US	R004991	S002950	2026-02-21
1	2	2	2	2	1	4	4	5	4	33	1	90	US	R004992	S009673	2026-03-20
5	2	5	5	4	4	3	5	5	3	27	1	98	US	R004993	S000435	2026-03-02
4	4	3	5	4	5	2	1	2	1	34	2	70	US	R004994	S011242	2026-02-04
4	2	4	4	5	2	2	2	4	2	46	1	71	US	R004995	S012233	2026-02-26
4	4	1	4	2	1	1	4	2	4	28	1	93	US	R004996	S008449	2026-03-17
4	2	4	5	4	2	4	4	3	5	42	1	89	US	R004997	S000709	2026-02-28
5	4	4	5	4	3	5	5	5	5	50	1	67	US	R004998	S012869	2026-02-07
4	1	5	4	5	2	3	3	5	5	38	1	84	US	R004999	S000173	2026-03-13
4	4	2	4	3	2	3	1	2	4	37	2	70	US	R005000	S003434	2026-03-10
5	2	3	3	3	3	3	4	4	4	45	2	69	US	R005001	S001057	2026-02-25
3	4	3	4	5	2	5	5	5	5	26	1	75	US	R005002	S001593	2026-03-18
5	5	5	5	4	4	4	5	4	5	26	1	91	US	R005003	S011549	2026-03-07
4	2	4	4	3	1	2	4	2	5	21	2	87	US	R005004	S001213	2026-03-24
4	3	4	5	4	2	4	4	4	3	43	1	88	US	R005005	S002265	2026-02-22
5	4	5	5	5	4	4	5	5	5	38	1	99	US	R005006	S002591	2026-02-14
4	5	4	4	4	1	2	3	1	5	43	1	88	US	R005007	S003253	2026-02-26
5	5	5	5	5	2	5	4	4	5	41	1	60	US	R005008	S002424	2026-03-16
3	2	3	3	1	1	4	3	5	3	40	2	85	US	R005009	S005872	2026-03-11
5	2	4	3	4	4	2	1	4	4	44	1	86	US	R005010	S000139	2026-03-16
4	3	3	2	3	4	2	1	3	5	34	2	95	US	R005011	S008237	2026-03-26
5	1	5	4	2	3	4	4	3	3	33	1	76	US	R005012	S010131	2026-03-22
4	2	4	5	3	4	2	4	5	5	45	1	98	US	R005013	S000909	2026-03-24
4	4	2	5	4	3	4	4	5	4	21	1	94	US	R005014	S000523	2026-02-07
5	2	3	5	5	1	4	5	5	5	22	2	94	US	R005015	S000377	2026-02-15
5	5	5	5	4	3	4	5	5	5	28	2	81	US	R005016	S007440	2026-02-26
5	2	4	2	4	4	4	3	5	2	39	1	83	US	R005017	S010963	2026-03-21
5	1	5	5	5	3	5	4	4	4	46	2	70	US	R005018	S008748	2026-02-25
5	4	4	5	4	4	5	3	4	4	57	1	91	US	R005019	S003368	2026-03-03
2	2	2	4	1	2	4	5	5	5	54	2	87	US	R005020	S008238	2026-02-19
5	2	4	5	3	3	2	1	4	4	44	1	84	US	R005021	S003035	2026-03-16
5	4	5	4	5	2	4	5	5	5	32	1	96	US	R005022	S007363	2026-03-10
4	4	4	4	2	1	2	1	2	2	53	1	76	US	R005023	S002135	2026-03-14
4	3	4	5	5	5	3	2	2	4	37	2	58	US	R005024	S011872	2026-02-02
4	4	4	2	2	2	2	4	4	4	23	1	73	US	R005025	S009877	2026-03-25
1	2	3	4	4	1	1	3	3	2	29	2	96	US	R005026	S010073	2026-03-23
4	2	5	5	5	2	2	4	4	4	32	1	95	US	R005027	S000503	2026-02-27
5	3	4	4	4	2	4	5	5	3	38	1	93	US	R005028	S009147	2026-03-27
3	2	3	4	2	2	2	3	1	3	44	2	86	US	R005029	S012556	2026-03-18
4	2	4	4	4	3	5	4	4	5	42	1	88	US	R005030	S012675	2026-02-09
5	2	5	5	5	4	3	1	4	2	48	2	82	US	R005031	S002579	2026-03-21
3	1	4	5	1	4	2	4	2	4	28	1	92	US	R005032	S012699	2026-02-15
2	3	2	5	2	2	1	2	2	2	53	2	65	US	R005033	S012736	2026-02-10
4	1	1	2	2	1	2	4	4	3	46	1	82	US	R005034	S001968	2026-02-21
1	1	4	4	3	3	5	4	4	2	38	2	85	US	R005035	S007411	2026-03-11
1	2	2	2	1	1	2	5	4	4	43	1	96	US	R005036	S007465	2026-03-12
2	2	5	4	3	2	2	5	4	2	26	1	91	US	R005037	S006930	2026-03-11
5	3	4	4	3	3	5	5	5	5	40	1	95	US	R005038	S011315	2026-02-18
3	3	4	5	1	1	1	2	2	1	24	1	88	US	R005039	S008395	2026-02-07
5	5	5	5	5	4	5	5	5	5	35	2	78	US	R005040	S007579	2026-03-26
4	5	2	3	1	1	4	2	4	5	32	2	59	US	R005041	S005435	2026-03-05
3	2	3	4	1	1	5	4	3	4	40	1	88	US	R005042	S010416	2026-03-10
4	5	4	4	4	5	5	4	5	4	26	2	82	US	R005043	S012751	2026-02-20
3	3	4	5	3	2	3	2	5	2	46	2	96	US	R005044	S005994	2026-02-06
5	5	3	2	3	2	3	4	5	3	30	1	94	US	R005045	S004900	2026-02-25
4	3	4	3	4	5	4	4	3	4	20	1	99	US	R005046	S007647	2026-03-21
5	4	5	4	3	3	4	2	2	5	29	2	79	US	R005047	S012525	2026-03-25
4	3	5	4	5	1	1	4	3	4	40	2	90	US	R005048	S005824	2026-02-17
1	3	2	5	1	2	3	4	5	3	37	1	93	US	R005049	S010319	2026-02-10
3	2	5	5	2	3	2	5	4	4	25	1	78	US	R005050	S000930	2026-03-20
4	4	3	5	2	4	3	2	2	4	45	2	61	US	R005051	S007869	2026-03-27
5	3	4	5	5	4	2	3	2	4	41	2	89	US	R005052	S000676	2026-02-10
3	5	3	5	4	4	5	5	4	5	31	2	83	US	R005053	S001040	2026-03-10
5	4	3	5	3	4	4	4	4	5	31	1	79	US	R005054	S007049	2026-03-05
3	5	5	2	4	3	2	4	5	2	35	1	93	US	R005055	S004380	2026-02-25
5	4	2	4	2	2	4	3	4	4	44	1	94	US	R005056	S009895	2026-03-27
2	2	2	4	3	3	2	1	1	4	43	1	94	US	R005057	S012755	2026-02-26
5	1	5	5	5	5	5	5	4	5	36	2	87	US	R005058	S010386	2026-02-14
5	2	5	5	5	3	4	4	4	4	38	1	83	US	R005059	S005798	2026-02-03
2	2	1	3	1	1	4	2	4	2	35	1	82	US	R005060	S007013	2026-03-06
5	1	3	4	4	1	5	4	5	5	47	1	69	US	R005061	S001033	2026-03-18
4	1	4	5	2	2	4	4	2	4	23	2	78	US	R005062	S001852	2026-03-04
2	1	2	2	2	1	1	2	4	1	35	1	99	US	R005063	S002470	2026-03-09
5	5	4	3	3	3	3	1	4	3	31	1	87	US	R005064	S010545	2026-02-26
4	2	1	4	3	1	1	2	2	2	34	1	94	US	R005065	S001578	2026-02-07
4	4	4	2	2	3	5	5	5	5	31	1	78	US	R005066	S009392	2026-03-01
4	2	2	5	2	3	4	4	2	4	36	1	93	US	R005067	S005580	2026-02-26
2	2	3	5	4	5	1	5	4	5	36	2	87	US	R005068	S006872	2026-03-15
4	5	4	5	5	3	3	1	4	2	41	1	93	US	R005069	S006953	2026-02-18
2	1	3	4	1	2	5	4	5	3	38	1	69	US	R005070	S012849	2026-02-20
5	4	4	5	4	5	3	5	4	4	21	2	98	US	R005071	S010708	2026-03-02
2	1	3	4	2	2	2	2	3	4	43	2	80	US	R005072	S001883	2026-03-13
2	2	3	4	2	2	4	4	2	3	43	1	88	US	R005073	S006896	2026-03-03
4	4	3	5	3	4	4	5	4	5	47	1	94	US	R005074	S008284	2026-03-01
4	5	2	4	2	2	1	4	3	3	33	2	91	US	R005075	S009498	2026-03-10
2	4	5	5	3	4	1	4	3	2	54	2	83	US	R005076	S001801	2026-02-23
2	2	1	2	2	1	2	5	2	1	46	1	98	US	R005077	S000720	2026-03-20
5	2	2	5	2	3	5	5	5	5	51	1	80	US	R005078	S005729	2026-03-14
5	2	4	5	4	2	2	3	5	2	23	1	61	US	R005079	S000761	2026-02-22
4	2	5	4	4	2	4	4	4	3	38	1	74	US	R005080	S004000	2026-03-24
4	2	2	4	2	3	4	4	3	5	45	1	84	US	R005081	S007101	2026-03-01
4	2	3	4	3	1	1	4	1	2	41	1	86	US	R005082	S000997	2026-02-08
2	3	4	4	4	4	1	4	3	2	36	1	75	US	R005083	S001136	2026-03-27
3	1	2	4	2	1	1	2	2	2	22	1	93	US	R005084	S012708	2026-02-24
4	4	5	5	3	2	2	2	3	2	30	2	91	US	R005085	S005610	2026-03-15
2	4	5	4	2	3	4	1	4	5	44	1	90	US	R005086	S000031	2026-02-12
4	2	4	5	4	3	3	5	5	4	45	1	71	US	R005087	S012074	2026-03-06
1	1	2	4	1	1	1	3	4	4	34	1	68	US	R005088	S002217	2026-03-01
3	1	2	3	2	1	1	2	3	4	56	1	94	US	R005089	S007653	2026-03-07
4	3	2	4	4	1	4	4	5	4	20	1	69	US	R005090	S001236	2026-03-22
4	3	5	4	2	2	2	2	4	2	48	1	75	US	R005091	S004228	2026-02-15
2	1	2	2	3	2	2	4	3	4	37	2	85	US	R005092	S000524	2026-02-27
4	2	4	4	4	2	4	1	3	3	41	2	81	US	R005093	S007866	2026-03-17
5	2	5	5	5	4	4	3	4	2	35	2	74	US	R005094	S008178	2026-03-05
3	3	3	1	2	2	2	2	2	5	55	1	94	US	R005095	S000020	2026-02-07
4	4	5	5	2	4	4	5	5	4	46	2	98	US	R005096	S010871	2026-03-24
3	4	1	3	2	2	3	4	4	5	35	1	98	US	R005097	S010387	2026-03-18
4	2	4	4	5	4	3	4	1	4	42	2	90	US	R005098	S001342	2026-03-07
4	4	2	2	1	1	1	4	1	4	27	1	80	US	R005099	S005605	2026-02-14
5	2	2	5	5	4	4	2	3	4	67	2	97	US	R005100	S011888	2026-03-21
5	4	5	5	5	3	5	5	5	5	27	1	94	US	R005101	S003575	2026-03-16
4	1	4	3	5	2	2	4	2	4	38	2	94	US	R005102	S002893	2026-03-13
2	3	2	5	2	1	2	2	4	4	24	1	90	US	R005103	S002806	2026-02-22
2	2	2	4	4	2	4	4	2	4	34	1	69	US	R005104	S002617	2026-03-24
5	5	4	5	5	2	4	5	2	4	42	1	83	US	R005105	S009695	2026-02-28
3	2	2	4	3	1	4	5	4	3	39	1	97	US	R005106	S007070	2026-02-18
5	1	4	4	5	4	2	4	5	5	38	1	92	US	R005107	S000010	2026-03-09
1	4	5	3	4	2	2	4	3	1	44	2	83	US	R005108	S002513	2026-03-21
5	3	3	5	3	4	4	5	4	5	30	1	60	US	R005109	S010614	2026-03-16
4	5	4	4	5	3	2	2	2	4	50	1	89	US	R005110	S009875	2026-02-14
4	2	2	4	4	1	1	2	4	3	29	1	97	US	R005111	S004850	2026-03-13
4	4	3	4	3	2	5	5	5	4	18	1	90	US	R005112	S007202	2026-02-19
4	5	4	4	3	3	4	2	3	5	32	1	98	US	R005113	S001207	2026-03-15
1	1	2	5	2	4	4	1	4	2	23	2	94	US	R005114	S002931	2026-03-01
4	2	4	4	2	2	5	5	5	5	30	1	78	US	R005115	S009528	2026-02-19
3	1	1	4	2	1	4	4	4	2	43	2	74	US	R005116	S011377	2026-03-27
5	3	4	4	4	2	4	1	2	2	36	1	93	US	R005117	S012551	2026-03-02
5	2	1	3	2	1	4	5	4	4	28	1	87	US	R005118	S003349	2026-02-07
5	4	4	4	3	1	4	5	4	5	48	2	61	US	R005119	S010443	2026-03-01
5	2	5	3	2	4	5	5	3	5	24	1	96	US	R005120	S009541	2026-02-28
5	4	2	5	2	2	4	2	5	2	32	2	84	US	R005121	S006106	2026-03-16
5	2	4	5	4	2	5	5	5	4	34	1	95	US	R005122	S002548	2026-02-18
4	2	5	4	4	3	4	3	2	4	40	1	74	US	R005123	S012302	2026-03-11
2	2	4	5	5	1	2	2	3	5	22	2	98	US	R005124	S008551	2026-02-09
1	1	2	3	2	2	3	4	4	4	22	1	72	US	R005125	S012177	2026-03-06
4	5	2	4	1	1	2	3	3	3	34	2	77	US	R005126	S009588	2026-03-24
1	1	1	4	2	2	2	1	4	4	32	2	75	US	R005127	S004304	2026-02-13
5	3	5	5	5	2	2	3	2	3	20	1	80	US	R005128	S009313	2026-02-21
3	2	2	4	2	1	2	5	3	4	34	1	84	US	R005129	S003514	2026-02-11
4	1	4	5	5	3	4	5	4	5	27	1	93	US	R005130	S002622	2026-02-14
5	2	5	4	5	3	5	5	5	4	22	2	80	US	R005131	S011352	2026-03-23
4	3	5	5	4	3	4	4	4	2	35	1	68	US	R005132	S006823	2026-03-03
5	2	4	4	4	4	3	2	4	4	43	1	71	US	R005133	S009311	2026-03-21
5	4	5	4	4	5	5	5	4	5	20	1	74	US	R005134	S007130	2026-02-24
4	1	4	4	4	4	5	4	4	2	39	2	93	US	R005135	S002111	2026-03-15
5	1	4	4	5	4	5	5	5	5	48	1	75	US	R005136	S006043	2026-03-10
5	4	5	5	5	5	5	5	5	5	28	2	97	US	R005137	S010575	2026-02-22
5	4	2	4	2	4	1	1	2	3	30	1	53	US	R005138	S012355	2026-03-05
4	1	4	4	1	3	5	5	4	5	22	2	80	US	R005139	S008459	2026-02-16
4	5	4	2	4	2	1	3	3	2	29	1	77	US	R005140	S006635	2026-03-12
5	4	5	4	5	2	2	2	4	4	60	1	74	US	R005141	S012207	2026-02-06
1	2	3	3	2	1	4	4	5	5	38	2	73	US	R005142	S004408	2026-02-06
5	5	4	5	3	4	3	2	4	4	47	2	90	US	R005143	S007449	2026-03-10
4	2	4	4	5	5	5	5	5	5	29	1	94	US	R005144	S008597	2026-02-14
4	3	2	4	5	2	2	2	2	4	20	2	98	US	R005145	S003899	2026-03-12
4	3	2	2	3	2	3	4	4	2	43	1	75	US	R005146	S001373	2026-02-02
5	3	3	5	4	3	4	1	4	4	45	1	98	US	R005147	S010924	2026-03-10
5	1	2	5	3	3	5	4	4	5	38	1	93	US	R005148	S012009	2026-02-23
3	2	4	5	3	4	4	5	4	5	29	1	83	US	R005149	S010990	2026-02-27
5	2	3	4	2	4	4	2	4	3	54	2	80	US	R005150	S008372	2026-03-27
1	2	2	4	1	1	4	5	4	4	35	1	91	US	R005151	S007956	2026-02-11
2	4	3	4	3	5	3	4	5	4	25	1	64	US	R005152	S011362	2026-03-09
5	4	4	4	4	3	4	4	4	5	35	1	90	US	R005153	S005993	2026-03-17
4	2	5	4	5	3	4	5	2	3	44	2	96	US	R005154	S005766	2026-03-19
4	3	2	4	2	1	3	2	5	4	18	1	46	US	R005155	S006543	2026-03-15
4	5	5	5	4	2	1	1	2	4	38	1	89	US	R005156	S010775	2026-02-16
2	2	1	4	1	1	2	3	3	2	27	1	80	US	R005157	S003649	2026-02-20
3	2	1	5	2	1	2	2	4	5	25	2	79	US	R005158	S008563	2026-02-22
2	1	3	4	1	2	3	5	5	4	40	2	78	US	R005159	S004363	2026-02-24
4	1	4	4	1	1	1	2	4	2	34	2	62	US	R005160	S012204	2026-03-15
4	1	1	2	2	1	5	2	4	5	33	2	80	US	R005161	S007186	2026-03-15
1	1	2	5	3	1	4	3	4	4	55	1	80	US	R005162	S012446	2026-03-25
5	3	2	4	4	3	2	2	3	2	18	2	87	US	R005163	S012804	2026-02-18
3	4	3	5	4	2	4	4	3	5	55	1	94	US	R005164	S006758	2026-03-27
5	4	2	2	4	3	1	2	4	3	44	1	93	US	R005165	S003478	2026-03-15
5	2	5	4	5	3	2	5	5	5	24	1	91	US	R005166	S008998	2026-02-23
4	3	3	4	5	2	4	4	5	3	24	1	84	US	R005167	S008603	2026-02-19
5	4	3	4	4	3	1	2	4	4	30	1	85	US	R005168	S011085	2026-02-22
5	2	2	5	2	1	3	2	3	4	52	1	80	US	R005169	S002409	2026-03-05
3	3	4	4	2	2	2	4	2	4	23	1	91	US	R005170	S001745	2026-03-21
2	3	1	2	1	1	1	2	1	1	44	1	95	US	R005171	S008465	2026-02-28
5	5	5	5	4	4	4	4	4	3	41	1	88	US	R005172	S004212	2026-03-13
3	2	5	4	4	1	3	5	4	4	28	1	94	US	R005173	S005535	2026-02-21
5	5	5	5	5	4	3	4	4	4	53	1	77	US	R005174	S010297	2026-03-07
5	4	1	4	2	4	1	4	4	4	24	2	77	US	R005175	S010039	2026-02-13
1	2	1	3	1	1	1	4	5	1	18	2	73	US	R005176	S002553	2026-02-22
3	2	2	4	2	2	4	5	4	4	36	1	95	US	R005177	S002003	2026-02-13
5	4	3	5	3	4	4	2	5	3	35	2	53	US	R005178	S004198	2026-03-26
1	1	3	4	1	1	1	3	4	4	40	1	73	US	R005179	S001228	2026-03-27
4	2	4	2	4	1	2	4	2	3	18	2	75	US	R005180	S004401	2026-02-15
5	2	1	5	5	1	3	5	5	5	18	2	88	US	R005181	S010298	2026-02-12
5	3	3	5	2	4	4	3	2	5	36	1	93	US	R005182	S007043	2026-03-13
2	1	2	4	2	2	2	4	3	4	39	1	92	US	R005183	S008677	2026-02-15
5	5	5	4	2	5	1	1	3	4	28	2	80	US	R005184	S009720	2026-02-07
3	2	4	4	5	1	2	2	4	2	20	1	86	US	R005185	S012223	2026-03-15
5	1	5	5	4	4	2	3	3	4	21	1	79	US	R005186	S004159	2026-03-08
4	2	2	4	2	3	1	1	1	3	37	1	77	US	R005187	S002261	2026-03-24
4	2	3	4	3	3	4	2	4	4	38	1	90	US	R005188	S010734	2026-02-24
4	4	5	4	4	2	2	2	3	1	59	1	87	US	R005189	S009782	2026-02-08
4	4	3	5	4	2	3	5	3	5	39	1	74	US	R005190	S011016	2026-03-18
5	5	4	4	4	1	4	4	4	5	53	1	94	US	R005191	S004607	2026-03-05
3	2	2	3	1	1	5	5	5	5	30	1	86	US	R005192	S011295	2026-03-13
4	1	2	2	2	3	2	2	5	4	49	1	97	US	R005193	S003659	2026-02-27
4	4	1	3	4	2	4	5	2	5	59	1	97	US	R005194	S009455	2026-03-10
5	4	5	5	5	3	2	5	4	4	36	1	96	US	R005195	S010766	2026-03-01
2	2	2	2	2	4	2	4	4	4	40	1	99	US	R005196	S002978	2026-03-14
5	2	5	5	4	5	2	3	4	1	31	1	96	US	R005197	S006376	2026-02-24
5	3	3	4	5	3	5	5	4	5	26	2	78	US	R005198	S001935	2026-02-25
4	3	5	4	5	4	4	4	5	5	26	1	82	US	R005199	S012932	2026-03-13
4	3	5	5	2	4	1	2	2	2	50	2	86	US	R005200	S004986	2026-03-24
3	4	5	5	5	4	4	4	4	2	36	1	99	US	R005201	S011437	2026-03-02
5	1	2	4	2	1	1	2	3	3	51	1	84	US	R005202	S007203	2026-03-09
3	2	3	4	4	2	1	4	2	4	29	1	89	US	R005203	S000935	2026-03-12
4	4	2	4	2	2	2	4	4	2	43	2	94	US	R005204	S000866	2026-02-04
3	1	2	5	4	2	4	4	4	5	35	2	74	US	R005205	S008675	2026-02-24
4	5	3	4	5	1	5	5	4	4	49	1	97	US	R005206	S012400	2026-03-18
4	4	5	5	4	1	2	4	1	3	42	1	81	US	R005207	S008183	2026-02-11
4	2	1	4	3	3	4	5	5	4	19	1	93	US	R005208	S010072	2026-02-04
5	5	4	5	5	5	4	5	4	4	32	2	80	US	R005209	S002662	2026-03-07
5	5	2	4	4	3	2	4	2	5	29	1	83	US	R005210	S000880	2026-03-23
3	2	2	4	2	1	3	5	4	5	27	1	87	US	R005211	S000775	2026-02-23
2	1	3	3	2	2	4	5	3	4	30	1	78	US	R005212	S008996	2026-02-27
4	2	2	3	4	2	4	5	4	4	18	1	74	US	R005213	S012860	2026-03-21
3	2	3	4	1	2	5	4	4	5	18	2	93	US	R005214	S008164	2026-02-17
4	3	5	5	4	3	5	4	5	5	35	2	89	US	R005215	S006829	2026-02-03
5	3	5	5	4	4	5	4	4	4	62	1	63	US	R005216	S006631	2026-03-04
4	3	2	4	3	2	5	5	4	5	47	2	99	US	R005217	S012151	2026-02-04
3	1	3	2	2	2	2	2	4	4	26	2	94	US	R005218	S005709	2026-02-26
5	4	5	5	5	3	5	5	5	5	27	1	94	US	R005219	S009564	2026-03-26
1	4	4	4	5	2	2	2	2	2	36	2	76	US	R005220	S005333	2026-02-22
3	4	5	4	5	5	5	4	4	5	38	1	88	US	R005221	S007461	2026-02-15
5	3	3	5	4	2	5	4	5	5	44	1	84	US	R005222	S012666	2026-02-07
5	2	4	5	2	2	2	4	4	4	42	1	66	US	R005223	S003606	2026-03-13
4	5	4	1	4	1	4	4	5	5	41	1	62	US	R005224	S010508	2026-03-11
4	3	1	3	1	2	1	1	3	2	21	2	96	US	R005225	S007475	2026-03-24
4	2	1	4	4	1	1	2	1	4	43	1	97	US	R005226	S011003	2026-03-13
3	1	4	3	4	4	4	5	5	2	18	2	81	US	R005227	S008283	2026-03-17
2	2	3	4	4	2	1	1	2	4	58	1	84	US	R005228	S001433	2026-03-11
5	1	3	5	4	3	4	3	5	5	40	1	94	US	R005229	S007918	2026-03-12
4	3	2	4	3	2	3	5	5	4	44	2	100	US	R005230	S012010	2026-03-15
4	4	3	4	4	1	4	5	5	5	20	1	80	US	R005231	S010917	2026-02-03
4	3	5	5	5	4	5	3	2	4	54	1	86	US	R005232	S001068	2026-03-12
4	3	2	3	4	4	4	5	5	4	55	2	69	US	R005233	S009243	2026-02-11
4	3	2	5	3	1	5	4	5	5	34	1	62	US	R005234	S004809	2026-02-02
3	2	5	4	4	1	4	4	5	5	19	1	73	US	R005235	S002675	2026-02-25
2	5	3	4	1	1	1	3	1	4	52	1	90	US	R005236	S007646	2026-02-07
5	1	5	5	5	3	2	3	4	4	46	1	85	US	R005237	S003994	2026-03-18
4	4	3	3	2	4	3	4	5	5	27	2	72	US	R005238	S008158	2026-02-10
4	4	5	5	5	5	5	5	5	4	30	1	85	US	R005239	S010335	2026-03-23
5	3	5	4	5	4	4	5	5	5	31	1	93	US	R005240	S005166	2026-02-10
3	2	4	4	2	1	5	4	4	4	37	1	76	US	R005241	S000125	2026-02-12
5	4	5	5	5	4	4	2	1	1	32	1	78	US	R005242	S008856	2026-03-02
1	1	2	4	2	1	4	3	2	2	42	1	84	US	R005243	S000853	2026-02-15
4	2	4	5	2	5	1	3	3	1	30	1	92	US	R005244	S001153	2026-03-20
5	2	5	4	4	2	2	1	1	2	22	1	91	US	R005245	S009956	2026-03-14
2	1	3	2	2	2	1	3	1	5	18	2	93	US	R005246	S000087	2026-03-06
4	2	3	5	3	2	2	4	3	4	41	1	96	US	R005247	S007180	2026-02-27
2	3	2	5	4	3	2	3	3	3	19	1	86	US	R005248	S004382	2026-03-25
2	1	1	5	1	2	4	4	4	3	48	1	59	US	R005249	S009011	2026-03-19
5	5	5	5	5	5	5	5	4	4	50	2	96	US	R005250	S012408	2026-03-11
5	4	4	5	5	4	2	4	4	5	18	1	87	US	R005251	S003977	2026-03-14
4	1	3	3	2	5	3	1	2	4	18	2	88	US	R005252	S005337	2026-03-04
3	4	2	4	3	1	4	5	5	5	38	1	47	US	R005253	S011631	2026-03-07
5	4	4	3	4	1	5	5	4	4	32	2	64	US	R005254	S011673	2026-02-08
5	2	5	5	4	4	1	5	2	4	46	1	82	US	R005255	S002393	2026-02-15
4	2	4	5	5	5	4	5	4	4	46	2	99	US	R005256	S000585	2026-03-16
4	2	4	5	4	2	3	5	4	5	33	1	81	US	R005257	S010358	2026-03-15
5	1	5	4	4	2	5	4	4	5	30	1	75	US	R005258	S010105	2026-02-24
4	2	2	4	4	1	2	4	4	5	34	1	79	US	R005259	S002486	2026-02-12
2	4	4	5	4	4	5	4	5	4	53	2	97	US	R005260	S003491	2026-02-23
4	3	3	5	4	4	2	2	4	5	26	2	89	US	R005261	S001214	2026-02-05
4	5	4	4	4	4	5	4	4	4	46	2	87	US	R005262	S005579	2026-02-02
2	5	4	4	4	4	5	5	4	4	37	1	95	US	R005263	S010788	2026-03-23
4	1	3	5	3	1	5	5	5	5	29	1	87	US	R005264	S009721	2026-02-08
4	5	2	5	3	4	4	4	2	4	30	1	96	US	R005265	S002419	2026-02-15
5	2	4	4	2	2	3	4	3	3	32	2	79	US	R005266	S000780	2026-03-05
5	4	4	2	2	3	4	5	3	4	40	2	91	US	R005267	S010031	2026-03-08
3	2	3	4	5	2	4	2	3	3	32	1	85	US	R005268	S006320	2026-02-28
5	2	5	5	5	5	5	4	4	5	36	2	84	US	R005269	S012724	2026-03-24
2	1	2	4	3	5	3	2	5	3	25	1	85	US	R005270	S004836	2026-02-06
4	1	4	4	2	1	4	4	5	5	48	1	86	US	R005271	S010950	2026-03-06
4	4	5	5	4	3	4	5	5	4	71	2	68	US	R005272	S011423	2026-03-22
3	2	5	4	4	2	4	4	3	5	39	1	90	US	R005273	S007314	2026-02-28
3	2	2	5	2	1	3	5	5	3	18	2	81	US	R005274	S009234	2026-02-13
4	1	4	4	2	1	2	4	4	5	39	1	91	US	R005275	S004432	2026-02-12
2	1	5	5	4	5	3	4	2	4	42	2	98	US	R005276	S012801	2026-03-05
3	2	2	3	3	2	3	3	4	3	28	1	90	US	R005277	S001941	2026-02-12
2	5	3	3	4	2	4	4	4	1	30	2	81	US	R005278	S008972	2026-03-21
4	3	4	4	4	1	4	5	4	3	46	2	82	US	R005279	S004173	2026-02-21
2	1	4	5	2	2	4	5	5	5	30	1	84	US	R005280	S009218	2026-03-18
5	5	2	5	2	2	5	5	4	5	40	1	75	US	R005281	S007174	2026-03-12
5	5	5	5	5	5	3	5	4	5	41	1	74	US	R005282	S005755	2026-02-04
5	2	5	5	4	5	5	5	4	5	30	1	89	US	R005283	S000280	2026-03-24
4	3	1	3	2	1	1	1	2	4	18	2	91	US	R005284	S011241	2026-02-17
5	2	4	4	4	5	3	2	3	1	28	1	83	US	R005285	S009517	2026-02-26
4	5	5	5	3	5	4	3	5	5	39	1	79	US	R005286	S002423	2026-03-12
3	1	5	3	1	3	4	1	5	2	52	2	61	US	R005287	S010381	2026-02-18
5	2	4	5	4	5	4	2	2	5	33	2	64	US	R005288	S010707	2026-03-23
4	1	5	5	5	2	2	4	3	1	36	2	83	US	R005289	S003361	2026-02-15
4	4	4	5	3	4	4	5	5	5	47	1	98	US	R005290	S002998	2026-03-04
4	3	2	4	3	1	3	1	4	4	39	1	90	US	R005291	S004648	2026-03-11
2	2	4	5	4	2	4	4	3	4	44	1	91	US	R005292	S008240	2026-03-26
4	5	5	5	4	4	4	3	3	2	45	1	77	US	R005293	S006362	2026-03-23
5	2	3	4	4	3	2	3	5	3	22	1	97	US	R005294	S008454	2026-03-19
2	2	3	4	1	1	2	2	1	4	42	2	91	US	R005295	S002926	2026-03-12
4	4	2	5	4	5	4	4	4	5	34	1	83	US	R005296	S005201	2026-03-22
5	3	5	5	5	4	3	5	4	5	42	2	97	US	R005297	S003013	2026-02-20
5	4	3	4	3	2	1	4	4	4	60	1	95	US	R005298	S000380	2026-02-04
1	3	2	5	2	1	5	3	4	5	29	1	50	US	R005299	S003252	2026-02-15
2	3	1	4	2	1	2	4	4	5	44	2	91	US	R005300	S011695	2026-03-19
3	4	2	4	4	3	4	4	4	3	23	2	82	US	R005301	S003102	2026-02-20
4	2	4	4	3	3	3	4	4	3	30	2	99	US	R005302	S005388	2026-02-17
4	5	4	4	3	2	4	4	4	2	42	2	80	US	R005303	S010390	2026-02-16
1	5	3	4	4	3	3	5	4	4	25	1	76	US	R005304	S003766	2026-02-10
4	5	5	3	5	3	2	1	3	4	47	1	96	US	R005305	S001843	2026-03-07
3	4	3	4	2	3	1	4	3	3	30	1	93	US	R005306	S010280	2026-03-01
3	1	2	5	3	2	5	4	3	5	44	1	96	US	R005307	S005244	2026-02-07
4	2	2	3	3	2	3	4	4	5	30	2	84	US	R005308	S003840	2026-03-07
2	3	2	4	2	2	4	4	5	5	44	2	98	US	R005309	S003635	2026-02-09
4	5	2	5	4	2	5	5	4	5	25	2	71	US	R005310	S010867	2026-03-26
2	2	4	4	4	1	2	4	2	4	34	2	69	US	R005311	S000336	2026-03-03
4	2	3	4	2	1	2	4	4	4	63	1	93	US	R005312	S006771	2026-03-23
4	2	2	5	1	1	4	4	5	5	39	1	92	US	R005313	S008670	2026-02-07
4	4	4	3	3	5	2	4	3	4	19	1	85	US	R005314	S007209	2026-02-22
4	5	4	3	2	2	2	4	4	4	38	1	70	US	R005315	S001088	2026-02-24
3	1	2	4	3	2	3	5	4	2	18	2	90	US	R005316	S003360	2026-03-25
4	2	3	5	4	2	2	4	2	4	31	2	96	US	R005317	S010641	2026-03-05
4	3	4	4	5	2	5	4	5	5	46	1	78	US	R005318	S008805	2026-02-22
5	5	4	5	4	4	1	1	3	4	34	1	85	US	R005319	S009723	2026-02-16
3	3	3	4	3	1	2	5	4	4	45	2	94	US	R005320	S006208	2026-03-17
5	4	2	4	2	5	3	5	4	4	36	2	94	US	R005321	S012187	2026-02-24
5	2	5	3	4	4	3	4	2	5	30	2	96	US	R005322	S002733	2026-03-03
4	3	4	4	2	2	3	3	2	4	47	2	63	US	R005323	S011456	2026-02-19
4	2	1	4	1	1	1	2	1	2	52	2	93	US	R005324	S002290	2026-03-19
4	3	4	4	3	1	2	4	5	4	37	2	58	US	R005325	S002892	2026-03-08
5	2	4	4	5	5	2	4	4	4	26	1	53	US	R005326	S007781	2026-02-07
5	3	4	4	3	2	2	2	4	4	36	1	87	US	R005327	S004644	2026-03-06
1	2	2	5	3	1	1	1	1	3	33	2	85	US	R005328	S000062	2026-03-25
4	5	4	4	3	5	2	4	4	2	36	2	76	US	R005329	S004764	2026-03-18
2	3	2	4	2	2	3	1	4	2	31	1	90	US	R005330	S009032	2026-02-25
5	2	3	5	2	4	3	4	4	1	18	1	98	US	R005331	S007145	2026-03-19
1	5	3	4	3	2	1	4	4	4	46	1	88	US	R005332	S009341	2026-02-05
4	2	1	4	2	1	1	2	2	4	65	1	92	US	R005333	S011200	2026-02-23
2	1	2	4	4	2	4	4	4	3	35	1	57	US	R005334	S010942	2026-03-13
4	3	5	4	2	5	5	5	5	4	24	1	97	US	R005335	S001495	2026-02-07
5	3	4	5	5	2	2	4	1	5	34	1	64	US	R005336	S001811	2026-02-03
4	5	3	3	2	2	2	4	2	3	41	1	73	US	R005337	S005347	2026-03-07
5	3	5	5	5	4	4	4	2	3	45	2	95	US	R005338	S008450	2026-02-18
4	3	1	4	2	3	4	4	3	5	37	1	81	US	R005339	S006210	2026-03-15
5	2	5	5	4	4	4	5	4	4	43	1	94	US	R005340	S007025	2026-02-12
4	5	2	5	5	2	5	4	4	4	46	1	88	US	R005341	S012459	2026-02-14
4	2	2	4	4	1	1	1	3	2	71	2	76	US	R005342	S009888	2026-03-18
2	1	2	2	1	2	2	2	2	4	55	1	98	US	R005343	S005637	2026-03-10
4	2	5	4	3	2	4	5	5	5	35	2	88	US	R005344	S000364	2026-02-09
5	4	5	5	5	4	2	5	5	4	32	1	78	US	R005345	S012758	2026-03-15
5	2	5	5	5	5	4	5	4	2	24	1	91	US	R005346	S007932	2026-03-08
5	5	3	4	4	4	4	1	2	2	39	2	89	US	R005347	S008715	2026-02-25
5	4	5	4	4	1	5	4	4	5	41	2	92	US	R005348	S008801	2026-02-10
4	4	5	4	1	3	1	2	2	3	31	1	83	US	R005349	S000766	2026-02-19
5	2	5	5	5	5	5	4	4	4	39	1	72	US	R005350	S008409	2026-03-15
5	1	5	4	5	5	2	2	5	4	42	2	89	US	R005351	S007307	2026-02-09
3	2	3	4	3	1	1	2	2	4	35	2	77	US	R005352	S011885	2026-02-25
4	2	4	5	4	2	1	1	4	4	24	2	90	US	R005353	S008048	2026-02-21
4	2	1	2	1	1	5	5	5	5	38	1	81	US	R005354	S009630	2026-03-13
4	2	4	5	1	1	1	2	5	4	39	2	86	US	R005355	S007941	2026-03-06
2	2	3	5	2	2	4	4	5	4	25	2	87	US	R005356	S009666	2026-03-07
5	5	5	5	4	2	5	2	5	5	37	2	96	US	R005357	S003580	2026-03-24
5	5	4	5	4	3	4	4	3	5	35	1	78	US	R005358	S003833	2026-03-05
3	5	5	5	3	2	1	5	5	4	45	1	86	US	R005359	S009026	2026-03-27
5	5	5	5	5	5	3	5	5	5	32	2	95	US	R005360	S003863	2026-02-24
5	2	5	5	5	5	5	5	4	5	24	1	92	US	R005361	S012215	2026-02-02
1	4	2	4	1	3	1	1	4	2	36	2	89	US	R005362	S001895	2026-03-18
3	3	3	1	1	2	2	3	2	2	32	1	97	US	R005363	S002445	2026-02-04
5	4	3	5	5	4	5	5	5	5	52	2	81	US	R005364	S003628	2026-02-10
3	5	4	4	4	3	2	2	3	2	37	1	93	US	R005365	S002744	2026-03-13
4	5	5	4	3	1	3	2	2	2	52	1	92	US	R005366	S004316	2026-02-11
1	2	3	5	5	1	2	4	5	4	38	1	81	US	R005367	S008888	2026-02-27
2	3	1	5	2	2	1	1	1	2	21	1	77	US	R005368	S006839	2026-03-16
4	4	5	5	5	4	4	4	4	4	22	2	96	US	R005369	S011969	2026-03-22
5	4	5	5	5	3	4	4	4	3	34	2	82	US	R005370	S005159	2026-02-28
4	3	5	5	4	4	5	5	5	5	39	2	81	US	R005371	S009442	2026-02-12
5	4	3	2	1	1	3	4	2	4	60	1	82	US	R005372	S007936	2026-02-27
5	5	3	3	4	1	1	2	4	5	28	1	67	US	R005373	S004449	2026-02-22
5	5	2	5	5	3	4	2	5	4	21	1	86	US	R005374	S012660	2026-02-20
4	4	4	4	3	4	2	4	3	2	18	1	97	US	R005375	S004968	2026-02-15
4	3	4	3	2	5	3	4	5	4	19	1	67	US	R005376	S010776	2026-03-21
5	1	5	5	5	3	4	5	3	5	34	1	100	US	R005377	S010389	2026-03-10
5	1	4	5	2	1	5	5	5	5	33	1	95	US	R005378	S007612	2026-02-14
5	3	4	5	5	4	4	2	4	5	35	1	86	US	R005379	S007801	2026-03-10
5	3	5	3	5	4	4	4	3	5	36	1	63	US	R005380	S009491	2026-03-08
4	1	2	5	2	1	3	2	4	5	28	1	91	US	R005381	S012185	2026-02-10
1	5	3	4	2	2	3	1	3	2	28	1	86	US	R005382	S011138	2026-03-07
4	3	1	4	1	2	4	4	4	3	25	1	37	US	R005383	S002139	2026-03-04
4	3	1	4	1	1	2	2	2	2	35	1	96	US	R005384	S003502	2026-03-25
5	4	5	5	2	1	5	5	5	5	58	1	99	US	R005385	S011799	2026-03-17
3	2	1	4	1	1	4	5	4	4	22	2	96	US	R005386	S000971	2026-03-24
4	4	2	4	4	2	5	4	5	5	47	1	92	US	R005387	S003256	2026-02-09
5	4	5	5	5	5	4	5	4	5	38	1	60	US	R005388	S004366	2026-03-09
4	2	4	2	4	1	3	2	4	5	41	1	78	US	R005389	S001273	2026-02-13
4	5	5	5	2	2	2	1	1	2	42	2	71	US	R005390	S011433	2026-03-17
5	2	5	3	5	5	4	1	3	4	35	1	91	US	R005391	S004227	2026-03-02
4	4	3	2	2	2	4	4	4	5	32	2	89	US	R005392	S011504	2026-02-08
4	1	4	4	2	1	2	3	2	4	35	1	94	US	R005393	S000295	2026-03-10
4	2	1	4	1	2	2	4	2	3	18	1	90	US	R005394	S005054	2026-02-11
2	1	4	5	5	2	2	4	4	4	30	1	91	US	R005395	S006596	2026-02-23
5	4	5	5	4	2	3	4	4	4	37	2	94	US	R005396	S005666	2026-02-04
4	5	4	4	4	4	5	5	5	4	52	1	59	US	R005397	S003371	2026-02-19
4	3	1	5	2	1	5	4	3	3	32	1	80	US	R005398	S005773	2026-03-24
3	3	5	4	4	2	4	5	4	5	23	1	92	US	R005399	S005043	2026-03-23
3	2	2	2	3	3	2	3	2	2	53	1	70	US	R005400	S008717	2026-03-08
4	5	4	4	4	2	3	2	5	4	18	2	67	US	R005401	S012568	2026-02-17
5	4	4	3	5	5	5	5	5	5	29	1	65	US	R005402	S002963	2026-02-20
4	3	4	4	3	2	2	2	2	2	32	2	89	US	R005403	S010949	2026-02-23
2	2	4	4	4	1	4	3	4	4	43	2	77	US	R005404	S001368	2026-03-10
5	4	2	4	4	1	2	1	1	3	31	2	80	US	R005405	S000431	2026-03-03
5	5	2	4	3	2	1	5	2	4	43	1	93	US	R005406	S003062	2026-02-21
4	3	2	5	2	2	2	4	4	4	40	2	86	US	R005407	S008003	2026-02-06
4	1	5	3	5	1	5	3	4	5	32	1	94	US	R005408	S009675	2026-02-21
5	3	2	4	4	2	2	4	2	2	33	1	75	US	R005409	S012383	2026-02-23
3	3	4	4	4	3	4	4	3	2	18	1	95	US	R005410	S007402	2026-02-11
3	4	4	4	1	4	4	5	5	3	53	1	71	US	R005411	S007768	2026-03-08
5	2	4	5	2	3	4	2	4	4	32	1	60	US	R005412	S001222	2026-03-27
2	2	2	4	3	2	4	3	2	2	23	1	71	US	R005413	S009778	2026-03-22
3	2	2	4	3	2	4	3	2	5	51	2	92	US	R005414	S004543	2026-02-19
5	4	5	5	5	5	4	4	3	5	37	1	90	US	R005415	S009049	2026-03-24
4	2	3	5	3	2	5	3	5	5	28	2	98	US	R005416	S011908	2026-02-25
5	4	5	5	3	5	4	3	4	5	18	2	94	US	R005417	S012104	2026-03-19
2	2	3	2	4	2	3	2	4	1	26	1	76	US	R005418	S004117	2026-02-23
2	2	3	4	3	1	4	3	2	2	46	2	84	US	R005419	S010184	2026-02-07
5	4	5	3	5	4	4	3	1	2	24	2	62	US	R005420	S009104	2026-02-15
5	2	4	5	5	2	1	4	4	4	47	1	50	US	R005421	S008824	2026-02-02
5	2	5	4	5	4	4	4	4	5	31	1	92	US	R005422	S012876	2026-03-23
4	4	5	5	3	3	5	5	4	3	24	1	81	US	R005423	S011043	2026-03-06
4	1	2	4	4	2	4	4	4	4	34	2	85	US	R005424	S008297	2026-02-09
4	1	4	3	2	2	1	4	3	2	29	1	90	US	R005425	S001253	2026-03-27
3	2	2	4	2	1	4	3	4	2	49	2	86	US	R005426	S011414	2026-03-24
4	4	1	4	4	4	5	4	2	4	62	1	94	US	R005427	S002020	2026-02-23
4	2	4	5	3	5	4	3	2	4	38	1	99	US	R005428	S006032	2026-02-26
4	3	4	4	4	2	3	5	3	4	42	1	79	US	R005429	S000318	2026-03-08
5	5	5	3	4	4	1	2	1	5	18	1	97	US	R005430	S012877	2026-02-20
5	3	2	1	2	5	5	2	4	4	26	2	97	US	R005431	S010819	2026-03-22
5	3	4	2	4	2	3	3	4	1	40	1	98	US	R005432	S010331	2026-03-01
4	1	2	3	3	1	1	5	2	1	18	1	98	US	R005433	S006662	2026-02-27
4	2	4	4	4	3	2	3	1	5	23	1	93	US	R005434	S000093	2026-02-14
2	2	4	5	5	5	5	4	5	4	20	1	86	US	R005435	S011580	2026-03-11
5	1	2	4	2	1	5	5	5	3	29	1	93	US	R005436	S008796	2026-03-06
3	2	3	3	2	3	4	1	4	4	41	1	70	US	R005437	S001844	2026-03-24
3	1	1	4	2	1	4	2	3	4	39	1	59	US	R005438	S004561	2026-02-20
5	4	4	3	3	4	3	2	4	5	39	2	81	US	R005439	S002275	2026-02-16
4	2	3	4	5	2	4	5	5	4	50	2	96	US	R005440	S011656	2026-03-08
3	5	4	5	4	2	3	4	4	4	35	2	82	US	R005441	S006904	2026-02-08
4	2	5	5	4	4	2	2	2	2	54	1	76	US	R005442	S009744	2026-02-03
4	1	4	4	2	3	1	2	3	4	18	1	65	US	R005443	S011458	2026-02-13
5	4	4	4	5	3	3	1	4	4	40	1	94	US	R005444	S012601	2026-03-22
2	4	3	5	2	4	1	4	4	5	33	1	94	US	R005445	S008969	2026-02-19
4	2	3	3	4	2	5	4	5	4	41	1	92	US	R005446	S011721	2026-03-06
5	4	3	4	2	1	2	3	4	4	31	1	93	US	R005447	S010779	2026-03-18
5	5	5	5	5	5	4	3	4	2	24	1	86	US	R005448	S005624	2026-02-06
4	3	4	4	2	4	3	5	4	4	32	1	94	US	R005449	S000335	2026-02-14
4	1	5	5	2	2	4	4	4	4	36	1	92	US	R005450	S010489	2026-02-05
5	2	4	5	5	5	4	5	4	2	23	2	86	US	R005451	S000637	2026-02-03
3	3	5	5	5	5	5	3	5	5	35	2	65	US	R005452	S007114	2026-02-24
1	2	2	3	4	1	4	4	5	4	32	1	97	US	R005453	S001912	2026-02-18
4	3	2	2	2	1	4	5	5	5	31	1	85	US	R005454	S009247	2026-03-23
4	1	4	4	4	5	4	4	2	3	28	2	72	US	R005455	S003508	2026-03-05
3	2	2	4	2	1	2	2	5	3	53	1	87	US	R005456	S002784	2026-03-01
4	2	2	4	3	4	3	3	2	4	55	1	96	US	R005457	S008902	2026-02-16
5	4	2	5	5	3	4	5	4	4	43	1	97	US	R005458	S000777	2026-02-05
2	2	3	3	1	1	1	2	1	5	30	1	85	US	R005459	S006358	2026-02-18
5	4	5	5	4	5	4	5	5	5	44	2	67	US	R005460	S009290	2026-02-04
4	3	4	4	2	1	4	5	4	4	38	1	74	US	R005461	S005099	2026-03-19
4	4	4	4	4	1	1	1	2	2	45	1	81	US	R005462	S001603	2026-03-22
5	2	4	3	5	4	5	5	5	4	42	1	72	US	R005463	S003615	2026-03-24
5	3	3	4	2	1	1	4	4	4	67	1	76	US	R005464	S005169	2026-02-02
5	1	5	5	4	5	5	4	1	3	44	1	93	US	R005465	S004461	2026-03-24
2	2	2	4	5	4	5	5	4	5	47	2	65	US	R005466	S006062	2026-03-09
5	2	4	5	5	3	4	4	3	4	43	1	98	US	R005467	S000521	2026-02-22
4	3	4	5	3	2	3	5	3	2	20	1	77	US	R005468	S002436	2026-03-20
4	4	2	2	2	1	2	5	5	4	36	2	78	US	R005469	S004221	2026-03-06
2	3	3	5	2	2	1	4	3	4	37	1	97	US	R005470	S004514	2026-03-20
3	1	2	3	1	1	3	4	4	5	35	1	88	US	R005471	S003369	2026-02-11
4	3	2	5	1	1	4	3	4	4	18	2	97	US	R005472	S006234	2026-02-26
4	5	4	5	4	2	1	4	3	5	39	1	97	US	R005473	S010129	2026-03-13
5	4	4	3	4	4	5	5	5	4	50	1	92	US	R005474	S002966	2026-02-11
4	1	2	2	2	1	4	3	3	5	40	1	59	US	R005475	S010771	2026-02-15
5	3	5	4	3	3	4	1	4	5	28	1	67	US	R005476	S011682	2026-02-21
5	2	5	5	4	4	2	3	2	4	22	2	98	US	R005477	S002076	2026-02-27
3	4	3	2	4	3	4	4	4	4	25	1	61	US	R005478	S002787	2026-02-08
1	2	2	3	2	1	1	4	2	4	44	1	96	US	R005479	S012766	2026-03-01
2	3	4	4	4	1	5	5	4	5	26	2	100	US	R005480	S002454	2026-02-17
4	4	5	2	2	3	5	5	5	4	50	2	98	US	R005481	S011834	2026-03-05
2	2	2	5	2	3	1	1	2	3	43	2	93	US	R005482	S007898	2026-03-01
4	4	2	4	2	1	2	1	4	2	20	1	92	US	R005483	S008916	2026-02-05
4	5	3	5	2	1	5	5	2	4	36	1	81	US	R005484	S003390	2026-02-06
5	4	5	5	5	5	4	4	5	4	39	1	83	US	R005485	S003674	2026-02-08
1	4	4	5	4	1	2	3	5	4	45	1	89	US	R005486	S007299	2026-03-13
2	1	5	5	4	4	4	5	5	5	18	1	50	US	R005487	S009812	2026-03-15
1	2	1	2	1	1	1	1	1	4	31	2	95	US	R005488	S001988	2026-02-24
4	1	4	4	2	2	2	3	5	4	50	1	94	US	R005489	S011463	2026-03-04
2	2	4	5	5	3	4	4	5	5	32	1	79	US	R005490	S007321	2026-03-05
4	4	4	5	4	3	5	5	4	3	25	1	95	US	R005491	S007285	2026-03-04
4	5	5	5	5	1	1	2	3	5	28	2	93	US	R005492	S003744	2026-03-26
2	4	1	3	3	1	3	2	4	5	50	1	96	US	R005493	S010962	2026-02-20
2	4	4	5	2	2	5	5	5	5	47	1	86	US	R005494	S012511	2026-03-06
3	1	2	3	2	2	2	4	4	1	33	1	90	US	R005495	S011972	2026-02-16
4	4	4	5	5	3	1	4	4	4	27	1	78	US	R005496	S002526	2026-03-04
4	2	2	4	1	1	1	2	2	2	39	2	92	US	R005497	S011025	2026-03-25
4	4	4	3	4	1	2	4	2	4	42	1	92	US	R005498	S006769	2026-02-09
2	2	2	5	2	1	4	2	2	3	45	2	94	US	R005499	S009027	2026-02-16
5	2	5	5	5	2	2	2	5	4	44	2	81	US	R005500	S008266	2026-03-01
4	4	4	5	5	3	5	4	2	4	33	2	91	US	R005501	S011329	2026-03-18
4	2	3	2	1	1	3	1	2	3	31	1	75	US	R005502	S005307	2026-02-25
4	4	2	1	4	3	3	4	4	4	44	2	93	US	R005503	S001471	2026-03-13
2	2	4	5	5	3	4	4	5	5	32	1	79	US	R005504	S004031	2026-02-12
3	4	3	4	3	4	1	4	2	3	18	1	100	US	R005505	S012112	2026-03-25
4	2	5	5	5	2	4	5	5	2	44	1	86	US	R005506	S007765	2026-03-15
4	5	2	5	5	3	4	2	2	5	49	2	65	US	R005507	S008160	2026-02-10
3	2	3	5	5	5	2	3	2	4	32	1	88	US	R005508	S005398	2026-03-07
5	2	3	4	2	3	5	5	4	5	18	1	87	US	R005509	S008199	2026-02-25
5	3	3	5	5	2	5	5	4	3	26	1	91	US	R005510	S007901	2026-03-16
4	4	4	5	5	5	4	5	5	5	18	2	66	US	R005511	S002858	2026-03-15
5	3	3	4	3	3	1	4	4	4	24	2	94	US	R005512	S003244	2026-03-15
4	2	4	5	3	1	1	3	4	5	18	2	95	US	R005513	S011347	2026-02-06
4	2	2	5	2	3	1	1	2	2	39	1	74	US	R005514	S006202	2026-03-23
4	4	5	5	4	4	4	5	5	4	42	2	93	US	R005515	S000616	2026-03-24
4	3	4	5	5	1	4	5	5	4	41	1	68	US	R005516	S003486	2026-03-09
2	2	1	3	2	1	5	3	5	4	18	2	90	US	R005517	S003991	2026-03-06
4	2	2	4	2	5	2	3	5	5	18	1	74	US	R005518	S006138	2026-02-04
3	2	2	2	2	1	4	4	4	5	27	1	99	US	R005519	S003754	2026-02-28
2	2	3	2	2	4	2	4	3	2	28	1	78	US	R005520	S012100	2026-02-24
4	4	3	5	4	2	2	3	4	4	28	1	89	US	R005521	S009807	2026-02-14
3	4	4	5	4	4	2	5	5	3	25	2	66	US	R005522	S010306	2026-02-13
3	1	1	4	1	1	1	3	2	3	30	1	95	US	R005523	S005209	2026-03-23
2	5	2	4	2	2	2	4	4	5	43	1	99	US	R005524	S006867	2026-03-21
5	5	5	5	3	1	5	4	5	4	23	2	96	US	R005525	S006028	2026-03-27
5	1	4	4	4	4	4	4	2	4	48	2	66	US	R005526	S000132	2026-03-11
3	2	1	1	2	4	4	4	4	4	40	2	94	US	R005527	S000905	2026-03-11
5	1	5	4	3	2	2	4	4	4	39	1	90	US	R005528	S000009	2026-03-07
4	1	1	5	3	3	1	1	1	2	48	1	80	US	R005529	S007655	2026-03-05
5	4	2	5	5	2	2	5	5	5	38	2	98	US	R005530	S000924	2026-03-06
4	4	5	5	4	2	5	4	5	5	25	1	91	US	R005531	S007732	2026-03-04
5	3	5	5	2	4	3	4	2	5	23	1	77	US	R005532	S008639	2026-03-15
2	2	3	3	1	1	3	5	4	4	36	1	73	US	R005533	S005701	2026-02-10
4	2	5	4	5	2	4	5	5	5	40	1	94	US	R005534	S003092	2026-02-24
4	2	4	4	3	2	5	3	3	5	49	2	75	US	R005535	S001025	2026-03-13
5	2	5	5	4	1	1	4	3	4	36	1	48	US	R005536	S009329	2026-02-08
5	3	2	5	4	4	4	4	5	5	40	2	95	US	R005537	S004830	2026-02-27
4	1	2	4	4	1	3	4	3	4	45	1	83	US	R005538	S005907	2026-03-03
4	3	3	4	3	3	4	3	5	1	48	2	99	US	R005539	S009116	2026-02-25
2	3	2	2	3	2	4	3	1	4	19	2	79	US	R005540	S007354	2026-02-28
4	4	2	3	1	1	1	2	4	4	39	1	85	US	R005541	S010167	2026-03-26
4	1	3	5	4	3	5	5	5	4	34	2	99	US	R005542	S003450	2026-02-21
5	4	4	2	4	3	5	5	3	4	22	1	94	US	R005543	S002834	2026-03-25
2	2	3	4	5	5	5	5	4	4	38	1	80	US	R005544	S012762	2026-02-07
4	2	5	5	4	4	2	4	3	5	30	1	63	US	R005545	S006144	2026-02-02
3	3	2	4	2	1	4	3	4	4	18	1	92	US	R005546	S009277	2026-03-17
2	4	4	5	5	5	4	4	5	3	24	1	95	US	R005547	S008350	2026-02-11
2	1	2	4	1	2	3	4	3	4	32	1	81	US	R005548	S008045	2026-03-14
5	2	4	5	3	1	3	5	4	5	43	2	78	US	R005549	S005868	2026-02-15
4	3	4	4	2	2	2	5	3	2	49	1	80	US	R005550	S003633	2026-03-06
3	2	2	2	2	4	2	4	4	5	35	1	86	US	R005551	S002587	2026-03-07
5	2	5	4	2	2	2	5	5	2	41	2	84	US	R005552	S005922	2026-03-24
5	1	4	2	4	2	1	3	4	2	38	1	95	US	R005553	S001238	2026-03-14
5	4	4	5	2	1	3	4	2	4	32	2	97	US	R005554	S009928	2026-02-10
4	1	2	4	4	2	1	1	3	3	58	2	94	US	R005555	S012661	2026-03-25
4	4	1	4	5	2	1	2	1	4	25	1	87	US	R005556	S006014	2026-02-17
4	2	3	4	1	1	1	2	4	4	29	1	95	US	R005557	S000592	2026-03-06
4	5	4	4	4	4	2	5	4	5	34	1	74	US	R005558	S012020	2026-02-28
5	4	5	5	4	2	4	5	2	4	26	1	84	US	R005559	S012173	2026-03-10
2	5	5	5	5	5	1	2	2	2	42	1	70	US	R005560	S010932	2026-03-23
5	1	5	4	3	1	4	3	1	3	20	1	77	US	R005561	S012880	2026-02-10
4	3	4	2	4	2	3	3	4	4	42	1	91	US	R005562	S012175	2026-03-01
4	2	2	2	4	1	5	3	5	4	27	2	91	US	R005563	S001733	2026-03-13
4	5	5	5	3	4	3	3	4	2	34	2	99	US	R005564	S009212	2026-03-13
4	2	5	5	5	5	3	4	3	4	28	1	92	US	R005565	S001700	2026-03-08
4	1	4	2	3	2	3	5	5	5	45	1	89	US	R005566	S009715	2026-03-22
4	2	4	5	4	2	5	4	4	4	49	1	92	US	R005567	S006803	2026-02-22
4	5	4	5	4	3	2	3	3	4	28	2	88	US	R005568	S004436	2026-03-02
4	4	5	5	3	2	4	4	4	4	18	2	82	US	R005569	S004024	2026-02-15
5	4	5	5	4	4	5	5	4	5	37	2	65	US	R005570	S008255	2026-03-05
5	2	3	2	4	4	5	5	4	4	33	1	78	US	R005571	S003891	2026-02-28
5	3	4	5	5	5	4	4	1	4	50	2	92	US	R005572	S009963	2026-02-07
5	4	4	5	5	4	3	5	3	4	18	1	51	US	R005573	S011730	2026-02-28
5	2	4	5	5	1	5	5	5	5	37	1	97	US	R005574	S010283	2026-03-16
1	1	4	5	4	4	3	4	4	4	32	2	91	US	R005575	S005456	2026-03-25
5	4	5	5	5	4	4	5	4	4	23	2	94	US	R005576	S006879	2026-03-11
4	3	4	5	4	5	4	5	5	5	28	1	71	US	R005577	S011469	2026-02-20
2	2	4	2	1	1	3	2	4	5	31	1	86	US	R005578	S010663	2026-02-08
5	2	5	4	5	3	2	5	5	5	24	1	91	US	R005579	S006531	2026-03-14
4	3	2	4	4	3	5	5	5	5	38	2	92	US	R005580	S004122	2026-03-10
5	2	4	4	4	4	4	5	5	4	35	1	91	US	R005581	S007298	2026-03-24
4	4	4	4	4	1	1	3	4	5	32	2	91	US	R005582	S000572	2026-02-10
5	4	2	5	2	3	3	3	4	5	41	2	88	US	R005583	S005329	2026-03-27
4	4	2	3	3	1	4	1	5	5	21	1	86	US	R005584	S010154	2026-02-15
4	1	3	5	4	1	4	5	4	4	34	1	88	US	R005585	S009471	2026-03-13
2	2	2	2	1	2	3	1	4	5	24	1	95	US	R005586	S009034	2026-02-26
5	5	4	4	4	3	4	3	4	5	42	1	73	US	R005587	S004808	2026-02-15
3	5	1	2	1	1	4	3	4	1	23	1	86	US	R005588	S008376	2026-02-10
3	2	2	1	4	2	4	2	4	4	49	1	80	US	R005589	S008744	2026-02-15
4	2	4	5	5	2	1	3	4	4	55	1	82	US	R005590	S005659	2026-02-17
2	4	2	3	1	1	2	3	4	3	30	1	86	US	R005591	S003921	2026-02-19
5	4	5	5	5	5	4	5	5	5	47	2	91	US	R005592	S009038	2026-02-20
4	2	2	5	4	1	4	2	2	2	23	2	62	US	R005593	S005614	2026-03-21
4	2	2	3	2	2	2	1	4	1	39	2	84	US	R005594	S003061	2026-02-20
2	5	2	4	3	2	2	1	2	1	28	1	93	US	R005595	S006252	2026-02-21
5	1	4	4	3	4	2	5	5	4	32	2	76	US	R005596	S001723	2026-02-02
4	2	3	3	3	2	3	4	4	3	34	2	92	US	R005597	S001285	2026-03-20
5	2	4	4	5	2	4	4	5	5	27	2	95	US	R005598	S004584	2026-02-27
5	2	4	5	4	5	5	4	3	5	38	1	77	US	R005599	S001548	2026-03-26
2	1	3	4	2	2	4	1	1	4	27	2	97	US	R005600	S008036	2026-03-22
4	2	2	5	3	1	5	5	3	4	76	1	72	US	R005601	S011144	2026-02-21
1	2	1	2	1	1	4	3	4	5	42	1	92	US	R005602	S009648	2026-02-21
4	1	3	4	2	4	1	1	1	1	37	1	87	US	R005603	S012637	2026-03-12
4	4	3	4	1	2	2	4	4	5	19	2	91	US	R005604	S008068	2026-03-26
4	5	3	5	4	2	2	2	2	2	28	1	58	US	R005605	S006945	2026-02-18
4	5	5	4	4	5	3	4	4	4	49	2	98	US	R005606	S012237	2026-02-02
2	2	4	4	4	2	5	5	4	4	39	1	77	US	R005607	S005789	2026-02-17
4	1	2	1	4	1	1	3	3	5	47	1	88	US	R005608	S009142	2026-02-18
1	2	2	4	3	1	1	2	1	4	19	2	56	US	R005609	S011041	2026-03-02
2	3	2	4	4	2	2	5	4	4	29	1	98	US	R005610	S002582	2026-03-03
5	5	5	5	5	3	4	3	3	2	40	1	81	US	R005611	S001176	2026-02-12
2	2	2	3	2	4	3	2	1	2	62	2	90	US	R005612	S011800	2026-03-23
5	4	5	5	4	2	4	3	2	5	58	2	93	US	R005613	S008168	2026-02-12
4	2	2	3	2	2	5	4	4	5	33	2	78	US	R005614	S006985	2026-02-10
4	5	5	5	4	2	1	2	2	2	38	1	82	US	R005615	S003168	2026-03-13
4	1	1	5	2	1	1	2	2	2	34	1	88	US	R005616	S011557	2026-02-18
2	3	2	3	2	4	3	4	5	4	45	2	88	US	R005617	S010913	2026-02-26
2	3	3	3	1	1	1	2	1	2	27	1	87	US	R005618	S001516	2026-02-13
4	4	5	5	5	4	4	4	5	5	55	2	76	US	R005619	S001991	2026-02-03
2	1	1	5	1	1	4	5	4	5	27	1	93	US	R005620	S009718	2026-02-22
4	5	5	2	4	4	1	1	3	2	35	1	68	US	R005621	S011035	2026-02-17
4	1	3	3	1	2	4	4	4	2	38	1	91	US	R005622	S005206	2026-02-22
4	1	1	3	1	2	2	4	4	2	18	1	90	US	R005623	S008227	2026-02-26
4	2	4	4	2	2	1	3	2	3	45	1	83	US	R005624	S005988	2026-02-27
5	3	5	4	5	5	4	5	5	3	35	1	88	US	R005625	S002123	2026-03-02
5	2	2	5	3	1	2	4	2	5	27	1	92	US	R005626	S002397	2026-02-20
4	1	2	4	2	1	3	4	4	5	18	2	62	US	R005627	S010939	2026-03-13
4	3	2	5	2	2	4	5	4	3	22	1	95	US	R005628	S005395	2026-02-21
5	5	5	5	5	5	5	4	4	4	56	1	91	US	R005629	S006308	2026-03-13
5	3	5	3	4	2	4	5	5	5	18	1	97	US	R005630	S012693	2026-02-24
4	4	5	5	5	5	1	4	4	4	35	1	78	US	R005631	S008691	2026-03-18
4	4	5	4	5	4	4	5	5	5	18	2	96	US	R005632	S012906	2026-03-11
2	1	4	5	4	4	4	4	4	2	18	2	78	US	R005633	S012464	2026-02-28
1	1	2	1	1	1	3	2	5	4	42	2	83	US	R005634	S009547	2026-03-07
4	3	3	4	5	5	5	4	4	4	38	1	81	US	R005635	S002227	2026-03-10
5	3	5	5	5	2	4	2	5	5	30	1	91	US	R005636	S010539	2026-03-22
2	1	3	3	3	1	5	4	4	5	35	2	85	US	R005637	S007302	2026-02-21
4	5	4	4	4	2	2	4	4	4	34	2	84	US	R005638	S010348	2026-03-02
5	2	4	4	4	5	5	5	5	4	22	2	92	US	R005639	S011006	2026-03-02
5	2	1	4	4	2	1	2	4	4	21	2	83	US	R005640	S005032	2026-02-20
4	2	3	4	2	1	3	1	4	4	23	1	75	US	R005641	S002099	2026-03-15
5	2	2	4	3	2	3	4	4	4	37	1	97	US	R005642	S005122	2026-02-23
5	3	2	5	5	5	5	2	4	3	52	1	86	US	R005643	S010815	2026-02-26
5	4	5	4	5	5	2	3	4	5	37	2	81	US	R005644	S000666	2026-02-05
5	2	3	4	4	4	4	4	3	5	42	1	75	US	R005645	S000475	2026-03-11
4	2	3	4	2	3	2	2	2	3	30	2	79	US	R005646	S008229	2026-02-08
4	2	4	4	4	4	4	2	4	4	38	1	65	US	R005647	S006593	2026-02-18
1	1	2	4	1	1	1	2	1	3	55	2	74	US	R005648	S001351	2026-02-09
5	5	5	4	5	5	3	4	2	4	40	1	77	US	R005649	S003992	2026-02-11
5	2	4	4	3	2	3	4	2	4	49	2	97	US	R005650	S006772	2026-02-28
5	2	4	3	4	3	5	5	4	5	18	2	89	US	R005651	S009959	2026-02-27
4	1	4	5	3	2	4	4	5	5	28	1	99	US	R005652	S009508	2026-02-11
4	5	4	3	5	1	4	5	4	5	26	2	73	US	R005653	S001111	2026-02-22
2	4	2	3	2	2	1	2	3	1	36	2	82	US	R005654	S008535	2026-02-11
3	5	3	4	4	3	4	4	4	4	30	2	95	US	R005655	S001594	2026-02-10
3	2	4	1	4	3	4	3	4	2	54	1	94	US	R005656	S006936	2026-02-25
2	4	5	5	1	3	1	4	2	4	31	2	92	US	R005657	S002727	2026-02-15
2	2	2	2	2	2	3	2	4	5	37	1	96	US	R005658	S003246	2026-03-20
2	3	2	1	2	1	2	4	4	3	35	2	85	US	R005659	S006066	2026-02-11
4	3	4	5	3	1	1	1	4	4	18	1	78	US	R005660	S008536	2026-03-20
5	3	4	5	5	2	5	5	4	4	46	2	91	US	R005661	S011422	2026-02-24
4	3	5	5	4	5	5	5	5	5	39	2	79	US	R005662	S006878	2026-03-12
4	3	4	4	5	4	3	4	2	4	32	1	86	US	R005663	S007538	2026-03-08
3	2	4	2	4	1	5	5	5	5	43	1	86	US	R005664	S002888	2026-03-19
5	4	4	4	4	4	4	5	3	5	34	2	95	US	R005665	S011825	2026-03-14
4	2	3	5	2	3	1	2	1	2	60	1	95	US	R005666	S007733	2026-02-10
2	1	4	4	2	2	5	4	5	4	34	2	99	US	R005667	S001618	2026-02-23
4	4	5	3	4	3	1	2	2	3	29	2	83	US	R005668	S001417	2026-02-05
3	3	4	5	2	2	2	1	3	4	25	2	93	US	R005669	S008808	2026-02-16
5	2	5	4	5	4	4	4	4	5	40	2	79	US	R005670	S003430	2026-03-21
4	2	4	4	5	2	3	4	4	4	43	1	87	US	R005671	S004953	2026-02-14
3	2	4	3	2	2	1	2	2	2	29	1	95	US	R005672	S012856	2026-02-16
4	2	4	5	3	1	2	2	4	5	48	1	83	US	R005673	S008271	2026-02-05
4	2	5	5	5	4	4	3	4	5	41	1	98	US	R005674	S008100	2026-02-17
4	2	5	4	4	4	1	4	3	4	44	2	87	US	R005675	S008908	2026-03-01
3	3	4	5	4	4	3	4	4	5	25	2	69	US	R005676	S009457	2026-02-13
5	2	2	4	3	1	2	4	3	4	42	2	72	US	R005677	S002912	2026-02-08
2	2	1	3	4	1	4	4	4	5	33	1	96	US	R005678	S011177	2026-02-28
4	2	5	4	5	5	4	3	4	3	28	1	83	US	R005679	S003254	2026-02-23
4	2	2	3	1	2	4	3	3	4	36	2	93	US	R005680	S006417	2026-03-24
5	2	4	4	4	2	2	5	4	5	34	1	82	US	R005681	S006693	2026-02-03
5	3	4	5	5	2	5	5	4	5	26	2	81	US	R005682	S001284	2026-02-22
5	2	4	4	4	5	3	3	2	2	18	1	75	US	R005683	S012326	2026-02-07
3	3	3	4	2	1	1	1	2	2	42	2	95	US	R005684	S001393	2026-03-16
4	3	4	5	4	3	3	2	5	4	42	1	79	US	R005685	S008611	2026-03-13
5	5	5	5	5	4	5	5	4	5	18	1	91	US	R005686	S004234	2026-02-22
5	5	5	5	5	5	2	4	3	4	39	2	98	US	R005687	S010741	2026-02-13
3	3	2	3	4	2	2	4	5	5	50	1	68	US	R005688	S005655	2026-03-21
5	2	4	5	3	5	2	4	5	4	18	1	79	US	R005689	S004138	2026-03-23
5	2	4	4	4	2	3	3	3	4	25	2	96	US	R005690	S001292	2026-02-23
2	5	5	5	4	2	5	3	5	4	41	2	69	US	R005691	S000501	2026-02-12
4	4	4	5	2	3	5	4	3	5	23	1	49	US	R005692	S006628	2026-03-05
2	2	5	5	5	3	5	5	4	5	54	1	82	US	R005693	S004871	2026-02-27
4	2	2	4	1	2	1	2	4	4	65	2	93	US	R005694	S002879	2026-03-16
4	2	3	4	4	1	5	3	5	3	19	1	92	US	R005695	S004845	2026-03-05
3	2	2	4	2	2	4	4	3	1	32	1	97	US	R005696	S009463	2026-02-21
4	2	1	2	2	2	1	2	2	2	26	1	82	US	R005697	S003893	2026-02-17
5	2	5	5	5	5	4	4	5	4	23	1	73	US	R005698	S010767	2026-02-09
2	4	4	4	2	2	3	5	4	4	32	2	87	US	R005699	S008103	2026-03-12
5	4	5	5	4	2	4	5	5	4	37	1	66	US	R005700	S000154	2026-03-14
5	4	5	2	4	4	2	5	4	2	44	1	80	US	R005701	S009665	2026-03-22
4	2	5	3	2	2	5	4	5	4	43	1	95	US	R005702	S008799	2026-02-25
4	5	3	3	5	3	4	3	5	2	18	1	74	US	R005703	S011042	2026-02-14
4	4	3	3	3	2	5	5	5	5	46	1	88	US	R005704	S009036	2026-03-07
4	2	3	5	5	4	4	5	4	5	18	2	92	US	R005705	S012134	2026-03-25
4	1	3	4	2	4	5	3	5	5	30	1	68	US	R005706	S002997	2026-03-04
4	3	3	5	3	1	5	2	3	5	39	1	83	US	R005707	S004637	2026-02-18
5	3	4	5	5	3	4	5	5	5	43	1	93	US	R005708	S003924	2026-03-01
2	5	4	4	4	4	1	1	2	2	20	1	74	US	R005709	S005419	2026-03-05
1	1	2	4	1	1	1	1	2	1	41	2	97	US	R005710	S009299	2026-02-20
5	2	1	5	5	2	4	4	3	3	54	1	77	US	R005711	S000346	2026-03-20
4	2	5	1	4	2	1	2	4	4	24	1	79	US	R005712	S004317	2026-03-05
4	2	5	5	2	3	2	4	5	2	27	2	92	US	R005713	S003456	2026-03-25
4	3	5	5	2	5	3	1	4	4	19	2	77	US	R005714	S003776	2026-02-18
4	4	4	4	5	5	1	2	3	3	51	1	83	US	R005715	S003353	2026-03-25
4	3	2	4	2	1	4	3	2	4	46	2	63	US	R005716	S008934	2026-03-11
5	5	5	4	4	5	4	4	4	4	68	1	83	US	R005717	S006756	2026-02-12
3	1	3	5	5	4	2	4	2	2	37	2	89	US	R005718	S007048	2026-03-23
3	1	2	4	3	1	3	3	2	5	35	2	80	US	R005719	S010301	2026-03-15
4	2	4	5	4	4	4	5	3	4	44	1	99	US	R005720	S011930	2026-02-20
4	3	5	5	4	2	2	3	3	5	55	1	85	US	R005721	S004815	2026-02-12
3	1	2	4	5	4	4	5	3	2	30	2	67	US	R005722	S009809	2026-02-02
5	5	5	4	4	5	4	4	4	5	22	2	81	US	R005723	S008689	2026-03-26
2	2	3	3	2	5	2	4	4	4	39	2	85	US	R005724	S012851	2026-03-23
1	2	1	1	1	1	4	4	4	4	54	1	80	US	R005725	S011771	2026-03-13
5	3	5	5	4	5	2	4	4	4	47	2	91	US	R005726	S004787	2026-03-11
2	1	2	3	1	1	4	3	2	5	40	1	91	US	R005727	S005881	2026-02-24
2	4	2	3	2	4	4	3	4	5	48	1	68	US	R005728	S007329	2026-02-27
4	2	5	5	5	3	1	4	5	4	26	1	81	US	R005729	S011999	2026-03-15
4	3	3	5	4	1	3	4	4	5	46	1	93	US	R005730	S012597	2026-02-03
5	5	4	5	5	5	5	2	5	4	54	1	96	US	R005731	S004246	2026-02-09
4	1	4	3	2	2	2	2	3	4	40	1	85	US	R005732	S000840	2026-02-05
1	5	4	2	2	1	1	4	2	3	50	1	98	US	R005733	S003057	2026-02-23
5	2	4	5	5	2	4	5	5	4	32	2	95	US	R005734	S001029	2026-02-04
4	2	4	4	5	2	5	4	4	4	36	1	87	US	R005735	S009333	2026-03-21
3	3	2	3	3	4	4	1	4	4	30	2	90	US	R005736	S004872	2026-02-07
4	5	4	2	4	1	4	5	5	5	47	1	90	US	R005737	S007498	2026-02-05
4	2	5	5	5	2	5	4	2	4	21	2	62	US	R005738	S004333	2026-02-13
5	3	4	3	2	3	2	3	4	4	42	2	73	US	R005739	S009712	2026-03-04
5	4	5	5	5	4	4	5	5	5	38	1	99	US	R005740	S003167	2026-03-17
3	2	1	5	3	1	4	4	5	5	27	1	85	US	R005741	S008334	2026-02-15
4	2	2	5	2	3	4	4	2	4	44	2	66	US	R005742	S004063	2026-02-12
4	5	4	3	4	3	5	5	4	5	31	2	79	US	R005743	S011620	2026-03-04
4	4	4	5	2	4	5	5	5	3	30	1	84	US	R005744	S004831	2026-03-07
2	1	2	4	5	3	4	5	5	5	55	1	96	US	R005745	S004249	2026-03-08
4	2	3	4	4	1	2	2	5	4	29	2	72	US	R005746	S002255	2026-02-19
4	1	4	4	5	1	4	4	4	4	58	2	94	US	R005747	S011157	2026-02-07
5	2	2	4	1	1	4	4	4	4	25	1	80	US	R005748	S012404	2026-02-12
3	2	3	4	3	1	2	4	5	5	26	1	86	US	R005749	S007197	2026-02-19
4	4	2	4	2	1	4	5	5	5	31	1	95	US	R005750	S011922	2026-03-01
5	2	3	5	3	4	1	2	2	2	19	1	76	US	R005751	S000931	2026-02-27
2	2	1	4	1	2	3	4	4	2	30	2	93	US	R005752	S009609	2026-03-14
3	4	3	4	4	2	4	5	4	5	18	2	95	US	R005753	S012011	2026-02-24
5	1	2	4	3	4	4	3	3	4	32	1	86	US	R005754	S009728	2026-03-13
4	5	5	5	5	5	5	5	4	4	40	2	78	US	R005755	S012249	2026-02-04
3	5	3	3	2	4	4	5	5	4	33	1	62	US	R005756	S001183	2026-02-25
3	3	2	3	2	1	1	2	4	4	30	2	79	US	R005757	S007762	2026-03-10
4	4	4	4	4	2	4	2	4	4	22	1	70	US	R005758	S006991	2026-03-05
4	5	2	4	5	4	5	5	4	4	55	1	93	US	R005759	S001023	2026-03-23
4	3	3	4	3	1	4	5	5	4	21	2	56	US	R005760	S005668	2026-03-12
4	5	2	5	4	2	4	4	4	2	38	2	69	US	R005761	S004589	2026-02-22
3	5	2	3	1	3	1	2	3	4	59	1	71	US	R005762	S001854	2026-03-16
2	4	2	5	2	1	2	2	4	5	29	2	80	US	R005763	S001582	2026-03-19
5	1	2	2	1	1	2	2	4	4	47	1	95	US	R005764	S008179	2026-02-16
4	4	2	3	3	1	5	4	1	5	40	1	75	US	R005765	S006233	2026-02-14
4	2	3	5	4	3	2	1	4	3	36	1	85	US	R005766	S007721	2026-03-14
5	5	4	4	5	2	4	2	5	5	31	1	98	US	R005767	S007974	2026-03-14
4	4	4	5	4	2	4	4	4	1	37	1	86	US	R005768	S010688	2026-03-07
5	2	4	5	5	5	1	3	4	4	26	1	84	US	R005769	S001687	2026-02-28
4	5	2	4	5	2	5	4	4	4	63	1	96	US	R005770	S002641	2026-03-18
4	1	4	4	5	4	4	5	4	4	44	1	68	US	R005771	S009918	2026-03-07
4	2	3	5	1	1	3	4	4	2	21	1	92	US	R005772	S004517	2026-03-15
5	4	4	5	3	5	4	5	4	5	23	1	54	US	R005773	S012864	2026-03-06
4	4	3	4	2	2	3	3	4	4	34	1	85	US	R005774	S009456	2026-02-17
5	2	5	2	4	4	2	3	4	3	51	1	88	US	R005775	S007193	2026-03-16
2	4	2	5	5	1	4	5	4	5	39	1	88	US	R005776	S012329	2026-03-13
2	2	4	4	3	2	2	5	5	2	53	2	59	US	R005777	S010415	2026-02-09
3	3	3	4	3	1	3	3	3	4	31	1	78	US	R005778	S007179	2026-02-20
2	3	1	3	2	1	2	2	1	4	39	2	72	US	R005779	S003576	2026-02-16
3	2	1	4	2	1	4	4	3	5	33	2	82	US	R005780	S011510	2026-03-03
2	1	1	3	1	1	1	2	2	5	59	1	93	US	R005781	S002032	2026-03-14
5	4	5	5	5	5	4	4	5	4	47	1	84	US	R005782	S004876	2026-02-09
5	5	5	5	5	3	4	3	5	4	41	1	93	US	R005783	S008628	2026-03-17
5	1	2	5	4	1	2	5	4	2	36	1	70	US	R005784	S009385	2026-02-10
5	4	4	4	5	5	4	4	2	5	44	1	66	US	R005785	S002444	2026-02-02
5	1	5	5	4	3	5	4	5	5	42	2	99	US	R005786	S012609	2026-03-24
2	5	5	4	4	5	4	5	5	4	18	1	84	US	R005787	S005175	2026-03-06
2	5	3	3	2	2	4	4	4	4	18	1	98	US	R005788	S002811	2026-02-06
4	2	2	4	4	1	3	4	4	2	27	1	64	US	R005789	S006328	2026-02-05
5	5	5	5	5	4	5	4	5	5	34	1	91	US	R005790	S007935	2026-03-13
5	2	3	5	2	5	2	1	2	3	36	1	75	US	R005791	S011624	2026-02-24
2	2	3	4	4	2	2	4	5	4	18	2	82	US	R005792	S006435	2026-03-06
3	4	2	3	2	4	3	5	2	5	37	2	95	US	R005793	S007677	2026-03-10
5	5	5	5	4	5	4	5	2	5	46	2	79	US	R005794	S007549	2026-03-14
4	4	4	5	2	4	4	3	3	3	42	1	72	US	R005795	S006732	2026-02-17
5	3	5	5	5	4	5	3	5	5	38	1	91	US	R005796	S003438	2026-03-25
2	4	2	3	2	3	2	2	4	4	34	2	68	US	R005797	S010856	2026-02-18
4	4	2	3	2	2	4	5	5	5	48	2	86	US	R005798	S003888	2026-03-24
5	3	4	5	5	2	4	4	4	5	32	2	69	US	R005799	S008911	2026-03-10
4	3	4	5	4	2	4	2	4	5	34	2	53	US	R005800	S012062	2026-02-16
5	2	5	4	2	1	4	3	4	2	34	2	86	US	R005801	S010642	2026-03-26
4	3	4	4	5	2	4	4	4	5	38	1	88	US	R005802	S002431	2026-02-13
4	5	5	4	4	4	4	4	3	4	36	1	82	US	R005803	S002673	2026-03-02
5	2	5	5	5	4	2	2	4	4	19	1	76	US	R005804	S004731	2026-03-23
5	5	4	4	4	2	3	5	3	5	37	1	72	US	R005805	S001942	2026-02-28
4	2	5	5	5	2	4	2	5	4	27	1	88	US	R005806	S001054	2026-02-13
5	2	4	5	2	2	2	3	3	4	33	1	87	US	R005807	S002716	2026-02-12
3	2	1	4	2	1	4	4	4	2	45	1	93	US	R005808	S002640	2026-02-15
3	2	4	4	1	1	4	4	3	5	45	2	96	US	R005809	S008322	2026-03-07
5	4	5	4	4	4	4	3	4	5	39	1	94	US	R005810	S002019	2026-03-05
4	3	5	5	4	3	4	4	4	5	18	1	84	US	R005811	S005269	2026-02-28
4	5	4	5	5	2	2	4	2	4	43	1	81	US	R005812	S002786	2026-03-09
5	4	4	5	5	2	4	5	5	4	18	1	86	US	R005813	S012041	2026-02-19
2	2	4	4	1	2	2	2	3	5	25	1	84	US	R005814	S004428	2026-03-09
4	4	2	4	5	3	1	2	2	4	50	1	94	US	R005815	S011354	2026-03-10
2	2	2	5	4	3	3	2	2	4	35	2	70	US	R005816	S006767	2026-03-15
3	5	5	4	5	5	4	2	3	5	47	2	90	US	R005817	S012533	2026-03-06
4	2	2	4	2	1	3	2	5	2	42	1	89	US	R005818	S009161	2026-02-20
4	2	4	5	3	1	4	5	4	5	34	1	85	US	R005819	S000838	2026-02-10
1	2	4	5	2	1	5	5	4	5	46	1	70	US	R005820	S011970	2026-02-27
5	4	5	4	5	5	5	3	3	5	22	1	88	US	R005821	S005916	2026-03-05
3	1	2	2	1	1	1	2	2	1	19	1	94	US	R005822	S005106	2026-02-27
4	5	4	4	4	2	4	4	5	5	31	1	80	US	R005823	S007391	2026-02-17
5	3	4	3	1	2	4	4	5	5	29	1	89	US	R005824	S004377	2026-02-18
5	4	4	5	3	2	4	4	4	4	23	1	93	US	R005825	S009901	2026-03-17
3	2	2	3	4	4	1	4	2	2	33	1	64	US	R005826	S005645	2026-03-23
5	2	5	5	5	5	3	5	4	3	48	1	91	US	R005827	S007054	2026-02-18
4	2	2	5	4	5	5	4	5	5	31	1	90	US	R005828	S000617	2026-02-11
2	3	2	3	2	2	3	4	5	4	47	2	92	US	R005829	S009186	2026-03-18
5	1	2	5	4	2	1	4	3	2	50	1	84	US	R005830	S000824	2026-03-26
4	3	5	5	4	5	1	4	5	4	24	2	53	US	R005831	S005090	2026-02-05
3	4	4	5	2	1	5	4	5	5	44	1	96	US	R005832	S007559	2026-02-27
1	2	3	4	2	2	1	4	2	2	28	2	97	US	R005833	S001412	2026-03-05
2	2	2	5	4	2	4	4	4	5	35	1	84	US	R005834	S010929	2026-03-02
4	4	2	4	2	4	3	5	5	2	60	1	92	US	R005835	S011081	2026-03-22
4	1	2	4	5	1	4	4	4	4	21	1	88	US	R005836	S006048	2026-03-21
4	2	4	5	2	1	1	1	2	3	48	2	62	US	R005837	S008740	2026-03-04
5	4	4	5	4	4	3	4	5	4	38	2	87	US	R005838	S009139	2026-03-01
2	4	3	4	3	2	4	4	2	3	39	1	91	US	R005839	S000705	2026-02-12
5	5	5	5	4	4	3	3	4	4	19	2	88	US	R005840	S011860	2026-03-20
2	1	2	4	2	1	1	4	3	3	35	2	92	US	R005841	S012469	2026-02-18
5	2	5	5	5	4	5	5	4	5	29	1	97	US	R005842	S004881	2026-02-07
4	2	4	4	5	2	3	4	4	4	43	1	87	US	R005843	S008780	2026-03-24
4	1	2	2	2	1	2	3	4	3	51	1	99	US	R005844	S009185	2026-03-26
3	5	3	5	3	2	1	3	4	3	41	1	93	US	R005845	S006021	2026-03-14
4	4	2	4	4	3	1	2	2	4	32	1	86	US	R005846	S002875	2026-03-08
5	5	2	5	5	4	4	5	3	4	36	1	81	US	R005847	S003763	2026-03-08
3	1	2	2	1	1	4	5	5	5	32	1	78	US	R005848	S000759	2026-03-19
4	1	2	2	2	1	1	4	1	4	43	1	82	US	R005849	S004004	2026-03-12
4	2	1	2	1	1	4	4	3	4	30	1	96	US	R005850	S012369	2026-03-24
4	4	5	4	2	2	4	5	4	4	45	1	93	US	R005851	S005801	2026-02-07
5	4	5	4	5	3	4	5	2	4	41	1	48	US	R005852	S007508	2026-03-05
4	4	4	4	1	3	3	2	2	4	37	1	63	US	R005853	S006178	2026-02-03
4	1	4	2	4	2	4	5	2	4	39	1	71	US	R005854	S011350	2026-02-04
4	4	5	5	5	5	4	4	4	3	44	1	87	US	R005855	S001395	2026-02-25
5	1	4	5	4	2	3	4	3	4	36	1	84	US	R005856	S005367	2026-03-03
5	2	2	5	2	2	4	3	4	4	32	1	90	US	R005857	S009399	2026-03-01
2	4	4	4	2	2	3	5	5	2	37	1	73	US	R005858	S005330	2026-03-06
2	2	4	1	1	3	2	3	2	3	44	2	86	US	R005859	S006853	2026-03-10
4	1	4	3	3	3	1	2	2	1	47	1	93	US	R005860	S000133	2026-03-19
4	3	4	5	5	2	2	3	4	4	58	2	81	US	R005861	S002400	2026-02-18
5	2	3	5	5	4	4	3	4	2	36	2	85	US	R005862	S000998	2026-02-14
4	1	3	5	2	1	5	5	5	4	34	1	74	US	R005863	S010160	2026-03-02
4	2	4	4	3	1	1	4	3	2	38	1	85	US	R005864	S012126	2026-02-22
5	2	4	5	4	2	2	5	2	4	23	2	85	US	R005865	S011989	2026-02-04
5	4	3	5	5	5	4	4	4	5	39	2	83	US	R005866	S003510	2026-03-16
4	5	5	5	4	2	4	4	4	4	59	1	77	US	R005867	S010150	2026-03-17
2	4	4	2	4	4	5	5	5	5	36	1	70	US	R005868	S011538	2026-02-14
3	4	3	2	4	1	2	3	4	1	51	1	67	US	R005869	S007346	2026-03-24
5	5	4	4	3	2	5	5	5	5	30	1	70	US	R005870	S005483	2026-02-25
4	2	3	5	2	2	2	2	4	4	37	1	93	US	R005871	S009656	2026-03-18
2	2	2	1	1	1	5	4	4	5	60	1	96	US	R005872	S002448	2026-02-10
2	4	3	5	3	3	2	3	3	5	27	2	92	US	R005873	S007220	2026-02-19
3	4	5	5	4	4	2	2	3	2	46	2	98	US	R005874	S012689	2026-03-07
2	2	4	5	3	4	5	4	5	4	39	2	98	US	R005875	S002292	2026-03-10
4	1	2	5	4	1	1	2	3	4	33	2	95	US	R005876	S006345	2026-03-08
2	2	5	4	5	5	2	3	4	3	18	1	91	US	R005877	S010058	2026-03-02
2	5	1	4	4	2	2	5	4	4	48	2	90	US	R005878	S009078	2026-03-04
5	4	4	5	4	3	2	2	4	3	44	2	89	US	R005879	S008298	2026-02-25
4	5	5	5	5	5	4	3	3	2	39	1	84	US	R005880	S010399	2026-02-04
4	2	4	3	3	2	2	5	4	4	20	2	81	US	R005881	S006951	2026-03-05
5	5	3	5	4	2	2	4	4	5	30	1	89	US	R005882	S012282	2026-02-02
4	3	2	3	2	1	5	5	5	5	41	1	58	US	R005883	S001089	2026-02-13
4	5	4	4	4	1	3	2	3	4	30	1	98	US	R005884	S003172	2026-02-08
2	1	2	5	5	2	4	4	4	4	50	1	93	US	R005885	S008404	2026-03-03
4	2	2	4	3	2	1	5	2	1	24	1	70	US	R005886	S008500	2026-02-25
4	1	4	5	4	2	2	3	2	4	18	2	70	US	R005887	S002813	2026-03-20
3	4	5	5	3	5	4	5	5	4	42	2	88	US	R005888	S004412	2026-02-02
2	4	2	4	4	3	2	5	4	4	39	2	75	US	R005889	S012022	2026-02-13
5	1	3	3	3	1	4	4	4	4	29	2	83	US	R005890	S005229	2026-02-15
4	2	4	4	5	1	5	5	5	5	35	1	89	US	R005891	S008055	2026-03-04
5	3	4	5	4	2	4	4	3	5	55	1	88	US	R005892	S012539	2026-03-15
4	2	3	2	2	1	2	2	1	4	21	1	74	US	R005893	S009837	2026-02-03
2	3	5	3	3	3	4	5	3	5	46	1	92	US	R005894	S000290	2026-02-04
1	1	2	4	1	1	1	3	1	2	35	1	94	US	R005895	S008467	2026-03-23
4	5	4	3	5	1	5	5	5	4	42	1	85	US	R005896	S002836	2026-03-01
4	4	3	1	3	3	2	4	2	3	48	1	96	US	R005897	S008995	2026-02-13
2	2	3	4	3	1	3	4	3	5	30	2	94	US	R005898	S002133	2026-03-10
5	2	2	3	2	1	1	1	2	2	50	1	71	US	R005899	S008722	2026-02-16
5	5	5	4	4	5	4	4	5	5	30	1	75	US	R005900	S001545	2026-02-28
3	2	5	4	4	2	4	5	4	5	42	1	72	US	R005901	S012090	2026-03-04
1	2	2	3	3	1	1	1	1	3	30	1	92	US	R005902	S001447	2026-02-08
4	1	2	2	2	4	2	4	3	1	53	2	70	US	R005903	S002164	2026-02-09
2	1	1	1	1	1	3	1	5	4	55	2	71	US	R005904	S007673	2026-02-12
5	4	3	3	1	2	1	5	4	4	33	1	62	US	R005905	S000382	2026-03-26
4	5	4	5	3	3	5	4	4	4	38	2	79	US	R005906	S012857	2026-03-27
3	4	4	4	5	2	2	2	2	5	21	2	95	US	R005907	S000920	2026-03-11
2	3	2	2	2	2	4	4	3	5	28	1	92	US	R005908	S000309	2026-02-20
2	2	1	2	2	2	5	4	4	5	22	2	99	US	R005909	S008894	2026-02-09
4	2	3	4	3	2	3	3	5	4	50	1	69	US	R005910	S007166	2026-03-12
2	4	3	3	2	1	4	5	2	5	43	2	88	US	R005911	S002672	2026-02-04
1	2	2	4	2	2	2	4	5	3	22	1	90	US	R005912	S000575	2026-02-23
4	3	3	4	2	2	1	5	3	4	42	2	80	US	R005913	S001306	2026-02-10
4	3	3	5	5	2	4	4	4	4	35	1	75	US	R005914	S000991	2026-03-23
3	4	4	5	2	2	4	1	4	2	29	1	91	US	R005915	S002523	2026-03-25
1	1	1	3	1	1	2	3	2	2	47	2	78	US	R005916	S012132	2026-02-27
4	3	4	4	2	3	5	2	4	5	21	1	71	US	R005917	S005493	2026-02-06
3	5	2	4	2	3	4	4	5	5	57	2	75	US	R005918	S002595	2026-02-24
4	2	4	5	5	4	5	3	4	4	22	2	98	US	R005919	S008093	2026-03-18
4	1	2	4	1	1	2	1	3	3	54	1	82	US	R005920	S010986	2026-02-28
5	2	5	5	5	2	2	5	5	3	40	2	84	US	R005921	S000970	2026-03-01
5	3	5	5	4	3	5	5	5	5	31	1	82	US	R005922	S012847	2026-03-06
5	4	5	5	5	5	1	4	4	2	31	2	81	US	R005923	S010447	2026-02-16
4	4	4	4	3	2	2	4	4	5	27	1	70	US	R005924	S008511	2026-02-04
4	2	3	4	3	1	5	3	3	4	18	1	67	US	R005925	S002022	2026-02-22
3	2	2	3	1	1	1	4	4	4	34	1	92	US	R005926	S012123	2026-03-23
5	1	3	5	2	1	1	2	4	4	48	2	89	US	R005927	S000230	2026-02-23
2	4	3	4	2	4	4	5	2	4	38	1	88	US	R005928	S002452	2026-03-10
2	1	1	1	1	1	2	4	4	3	27	1	93	US	R005929	S005950	2026-03-03
4	4	2	3	2	2	4	4	4	4	36	2	81	US	R005930	S011237	2026-02-22
5	5	5	3	4	1	2	4	4	3	22	1	74	US	R005931	S000669	2026-02-06
4	2	2	3	3	1	5	4	5	2	62	1	68	US	R005932	S003967	2026-03-21
4	2	2	5	5	4	2	3	1	4	19	2	65	US	R005933	S003318	2026-03-26
4	4	3	5	4	2	5	5	5	5	38	2	75	US	R005934	S011009	2026-02-05
4	4	2	5	4	1	5	5	5	4	42	1	87	US	R005935	S010378	2026-02-28
2	2	1	5	4	1	2	5	5	5	52	1	93	US	R005936	S002037	2026-02-12
3	2	3	5	1	2	1	3	4	4	37	1	82	US	R005937	S000142	2026-03-26
1	1	1	1	1	1	3	5	5	3	36	1	97	US	R005938	S003255	2026-02-15
5	2	5	3	5	5	2	2	4	4	25	2	98	US	R005939	S011279	2026-03-03
4	4	3	2	3	1	1	2	2	3	56	1	95	US	R005940	S009083	2026-02-10
5	4	5	4	4	3	5	4	5	5	38	1	91	US	R005941	S012688	2026-03-18
1	2	2	2	1	1	5	5	5	4	23	2	73	US	R005942	S008989	2026-02-19
3	2	2	4	3	2	2	4	4	5	55	2	80	US	R005943	S006793	2026-02-11
5	3	4	4	3	1	2	2	2	4	25	1	75	US	R005944	S001956	2026-02-02
1	3	2	4	4	1	2	2	4	4	41	2	95	US	R005945	S007784	2026-02-26
4	3	5	5	5	4	4	4	4	5	52	1	57	US	R005946	S001762	2026-02-23
4	4	5	5	4	2	4	2	4	5	51	1	91	US	R005947	S002913	2026-03-09
3	2	4	1	2	2	3	4	4	4	34	2	63	US	R005948	S002767	2026-02-05
4	1	1	4	1	2	2	4	4	3	49	2	58	US	R005949	S007309	2026-02-26
3	2	4	4	4	3	2	1	5	4	37	1	94	US	R005950	S006139	2026-02-22
4	3	4	5	5	4	5	3	5	5	34	1	59	US	R005951	S009019	2026-03-20
5	3	1	3	3	2	2	2	1	4	43	1	63	US	R005952	S001307	2026-03-11
4	4	5	5	4	2	4	5	4	4	19	1	62	US	R005953	S010684	2026-02-05
2	2	4	3	4	3	1	2	2	1	21	1	84	US	R005954	S010262	2026-03-27
4	4	5	2	5	3	5	4	4	5	50	1	77	US	R005955	S011933	2026-02-22
4	3	4	2	5	2	4	4	3	4	34	1	71	US	R005956	S003914	2026-02-12
4	1	4	4	2	1	3	2	2	3	41	2	88	US	R005957	S010005	2026-02-24
4	4	2	4	2	4	1	2	1	1	25	1	67	US	R005958	S005910	2026-02-06
5	5	5	5	5	5	4	4	4	4	42	2	63	US	R005959	S001803	2026-03-12
5	5	4	5	4	2	4	5	2	5	18	1	65	US	R005960	S010946	2026-02-17
4	4	3	4	4	2	5	5	4	4	27	1	85	US	R005961	S005190	2026-02-05
5	1	4	5	2	2	5	5	4	1	33	2	95	US	R005962	S006118	2026-03-12
5	2	2	4	2	4	2	1	2	4	30	1	78	US	R005963	S000695	2026-03-14
5	5	3	5	4	5	3	4	4	3	37	1	96	US	R005964	S001996	2026-03-07
3	1	1	3	2	3	1	2	2	1	47	2	82	US	R005965	S000311	2026-02-07
5	4	5	5	4	3	3	4	4	4	43	1	93	US	R005966	S007865	2026-03-21
4	1	2	3	3	2	1	3	3	5	22	2	72	US	R005967	S012495	2026-02-06
4	2	1	1	1	1	4	4	5	5	24	1	89	US	R005968	S002679	2026-02-07
3	3	5	4	2	3	2	3	4	2	44	1	68	US	R005969	S006999	2026-02-19
5	3	2	4	3	2	2	4	3	3	49	2	97	US	R005970	S012867	2026-02-19
5	2	4	4	4	2	5	2	4	3	26	2	60	US	R005971	S008863	2026-02-09
2	2	2	4	3	2	2	4	4	3	31	1	72	US	R005972	S009383	2026-03-22
5	2	1	4	2	1	2	4	3	5	53	1	85	US	R005973	S010365	2026-03-08
4	5	5	5	4	5	5	5	4	5	41	2	92	US	R005974	S009348	2026-02-12
2	1	2	3	1	1	1	3	2	4	52	1	57	US	R005975	S009437	2026-03-19
1	1	2	5	4	3	4	4	4	4	37	2	91	US	R005976	S001616	2026-02-08
4	2	5	5	4	3	4	5	4	3	25	1	84	US	R005977	S003090	2026-02-04
4	4	3	4	2	2	3	2	5	4	44	1	81	US	R005978	S001115	2026-03-27
5	4	2	2	3	1	1	4	2	2	35	1	74	US	R005979	S001187	2026-02-04
4	2	3	5	5	2	4	3	4	2	49	1	94	US	R005980	S008625	2026-03-26
1	2	4	5	4	1	5	5	3	4	26	2	91	US	R005981	S011340	2026-02-17
4	3	4	5	2	4	3	4	4	5	27	1	75	US	R005982	S006414	2026-02-02
4	5	5	5	2	4	2	4	4	4	18	1	94	US	R005983	S011251	2026-03-02
4	2	2	3	2	2	3	4	4	2	18	2	81	US	R005984	S006893	2026-02-25
5	1	5	5	4	3	4	4	4	5	42	1	96	US	R005985	S008659	2026-03-02
5	2	2	1	1	4	3	4	4	5	43	2	85	US	R005986	S005627	2026-02-28
1	2	2	4	1	1	4	4	4	3	33	1	85	US	R005987	S002372	2026-03-13
4	2	1	2	1	1	4	1	2	4	50	1	87	US	R005988	S003297	2026-02-05
5	5	4	5	4	5	2	3	4	4	56	1	95	US	R005989	S005507	2026-03-05
4	4	4	4	4	2	4	5	4	5	18	1	81	US	R005990	S010795	2026-03-23
4	5	4	5	4	2	4	3	4	4	37	2	99	US	R005991	S004518	2026-03-07
4	5	5	4	4	2	4	5	4	4	18	1	89	US	R005992	S008009	2026-03-06
5	5	4	5	3	2	3	4	4	5	32	1	90	US	R005993	S002075	2026-02-25
5	5	5	5	5	5	2	4	5	5	36	2	94	US	R005994	S008572	2026-03-05
4	4	2	3	2	4	4	2	4	1	60	1	78	US	R005995	S010044	2026-02-21
4	3	5	5	4	4	5	4	4	5	41	2	91	US	R005996	S000320	2026-03-10
5	3	5	4	4	3	5	4	4	5	39	2	88	US	R005997	S006760	2026-02-06
4	1	2	3	2	2	1	5	4	5	33	1	70	US	R005998	S009335	2026-02-11
4	1	2	3	2	2	1	1	2	3	47	2	67	US	R005999	S000822	2026-02-10
3	3	5	5	4	1	1	2	3	4	18	1	97	US	R006000	S009890	2026-03-11
4	4	4	4	5	5	2	3	2	4	39	1	97	US	R006001	S004091	2026-02-09
4	3	4	5	4	3	4	5	5	4	40	1	90	US	R006002	S010733	2026-02-24
5	1	1	3	3	2	2	4	2	5	18	2	86	US	R006003	S002078	2026-02-07
5	2	3	4	5	2	2	4	5	5	61	1	82	US	R006004	S006660	2026-03-06
5	2	2	2	4	4	2	4	5	2	41	2	94	US	R006005	S007642	2026-02-10
4	2	2	2	3	1	1	2	1	4	18	1	89	US	R006006	S001829	2026-02-18
5	2	5	4	4	4	2	4	4	4	30	2	93	US	R006007	S003462	2026-02-14
4	2	4	5	4	4	2	4	3	3	31	1	68	US	R006008	S007228	2026-03-07
5	4	3	4	5	4	4	5	4	5	32	1	86	US	R006009	S003073	2026-02-06
5	4	4	4	5	4	4	4	4	3	29	2	46	US	R006010	S002464	2026-02-23
4	5	3	4	5	4	3	2	4	4	40	1	96	US	R006011	S005321	2026-03-25
5	5	5	5	4	3	5	2	5	4	44	1	65	US	R006012	S012256	2026-03-03
5	1	3	4	3	2	2	5	4	5	47	1	91	US	R006013	S009025	2026-02-25
5	4	4	4	4	2	1	1	4	1	31	2	91	US	R006014	S002318	2026-02-09
2	1	3	5	4	5	5	4	5	5	48	1	76	US	R006015	S010602	2026-02-21
4	2	2	4	2	1	2	4	3	4	39	1	86	US	R006016	S008166	2026-02-23
5	4	4	5	5	4	2	5	5	5	35	1	95	US	R006017	S010544	2026-02-25
4	3	5	5	3	4	4	5	5	5	38	1	82	US	R006018	S001894	2026-02-18
4	3	2	2	5	3	4	4	5	4	28	1	65	US	R006019	S009864	2026-02-03
5	4	4	5	4	5	5	4	5	5	30	2	87	US	R006020	S010370	2026-03-10
3	3	3	5	1	2	3	4	5	4	41	2	87	US	R006021	S000843	2026-02-09
5	1	3	4	2	2	5	5	5	4	26	1	87	US	R006022	S010242	2026-02-19
4	2	4	3	5	1	4	4	4	4	30	1	70	US	R006023	S000561	2026-03-05
2	1	3	4	3	4	5	5	4	5	39	2	82	US	R006024	S007659	2026-02-23
1	3	2	4	1	1	1	2	5	4	37	2	88	US	R006025	S007133	2026-02-17
5	2	3	5	2	1	2	5	1	1	32	1	83	US	R006026	S002547	2026-02-21
4	4	4	5	2	4	3	3	2	4	31	1	72	US	R006027	S008306	2026-03-27
3	1	4	4	3	4	4	4	3	5	25	1	80	US	R006028	S001343	2026-02-24
3	3	3	2	1	1	4	5	4	2	29	1	78	US	R006029	S007200	2026-03-15
3	5	3	4	2	2	3	4	4	4	54	2	79	US	R006030	S012107	2026-02-26
4	5	4	5	4	2	4	4	5	5	28	1	74	US	R006031	S009639	2026-02-18
4	2	3	3	4	4	1	1	4	2	44	2	73	US	R006032	S007605	2026-03-05
5	2	4	4	2	3	5	5	4	5	31	2	91	US	R006033	S011645	2026-03-26
5	2	4	5	4	1	1	1	1	4	43	2	94	US	R006034	S007153	2026-02-05
5	3	4	2	3	2	2	5	4	4	40	1	91	US	R006035	S002154	2026-03-10
4	2	5	5	4	3	5	4	4	1	18	1	91	US	R006036	S011735	2026-02-08
4	2	4	3	4	3	4	2	5	4	55	1	79	US	R006037	S004806	2026-02-26
4	2	2	4	4	2	4	3	4	5	38	1	72	US	R006038	S011165	2026-02-23
3	3	4	5	5	5	4	2	5	3	50	1	68	US	R006039	S009077	2026-03-07
4	2	4	4	2	4	4	1	2	4	22	2	94	US	R006040	S005723	2026-03-25
3	4	4	4	3	1	4	4	4	5	20	1	92	US	R006041	S003723	2026-03-19
4	5	3	5	4	3	2	4	4	4	40	1	89	US	R006042	S010422	2026-03-23
4	2	4	5	4	1	3	1	2	2	18	1	92	US	R006043	S009747	2026-02-03
5	2	4	3	3	5	1	2	2	5	64	1	85	US	R006044	S008118	2026-03-10
3	4	3	5	1	2	2	1	4	4	35	1	92	US	R006045	S009402	2026-03-07
5	3	4	5	3	5	2	4	3	5	49	1	82	US	R006046	S006044	2026-02-09
5	5	4	5	4	2	5	5	5	3	34	1	71	US	R006047	S001735	2026-02-09
3	1	2	4	1	1	1	3	1	2	39	1	96	US	R006048	S012591	2026-03-09
3	2	3	4	1	1	4	3	2	4	29	2	94	US	R006049	S008885	2026-02-20
3	4	3	5	1	1	1	2	4	4	18	1	80	US	R006050	S004035	2026-02-08
5	3	3	5	4	2	5	4	5	5	44	1	84	US	R006051	S000911	2026-02-27
4	2	5	5	4	2	4	2	5	5	32	1	94	US	R006052	S004342	2026-03-15
5	4	4	4	3	2	2	4	3	2	40	2	77	US	R006053	S011351	2026-03-23
5	3	1	2	1	1	3	1	2	3	42	1	94	US	R006054	S008312	2026-02-20
4	1	4	5	5	2	4	5	4	5	35	2	81	US	R006055	S002305	2026-03-23
4	2	4	4	3	3	4	5	4	4	43	1	85	US	R006056	S004592	2026-02-26
5	3	2	5	4	2	4	4	5	5	31	1	85	US	R006057	S011961	2026-02-05
1	3	3	2	1	1	4	4	4	5	52	2	85	US	R006058	S008424	2026-03-10
5	2	2	2	4	2	4	3	4	5	41	1	80	US	R006059	S001295	2026-02-17
4	2	3	5	5	2	1	4	4	5	44	1	92	US	R006060	S012316	2026-03-25
5	4	1	4	4	3	4	4	4	4	43	1	95	US	R006061	S004305	2026-02-12
5	2	3	4	5	5	5	5	5	5	24	1	88	US	R006062	S011045	2026-03-08
5	4	3	2	2	2	2	2	4	5	22	1	46	US	R006063	S007867	2026-02-18
5	4	2	4	2	3	4	3	4	5	28	1	79	US	R006064	S001689	2026-02-13
5	5	3	5	5	2	1	2	3	2	41	1	84	US	R006065	S005925	2026-03-13
2	2	1	1	3	1	1	2	1	2	40	2	87	US	R006066	S002106	2026-02-03
3	1	4	5	1	1	2	4	3	3	40	2	70	US	R006067	S010810	2026-03-19
5	4	4	4	3	3	2	3	4	4	24	1	91	US	R006068	S002718	2026-03-25
5	3	2	4	4	4	4	4	5	4	41	1	74	US	R006069	S009223	2026-02-03
4	4	4	5	5	4	4	1	3	3	32	2	72	US	R006070	S003858	2026-03-07
3	5	4	2	4	2	4	5	4	5	23	1	69	US	R006071	S005360	2026-03-01
4	4	5	4	4	2	3	5	5	4	46	2	93	US	R006072	S010425	2026-03-21
2	2	4	5	4	1	3	1	4	4	30	2	94	US	R006073	S011956	2026-02-06
4	1	2	4	2	2	2	2	4	4	45	2	97	US	R006074	S000394	2026-02-23
4	2	3	5	3	1	5	4	5	5	27	2	93	US	R006075	S001454	2026-03-18
5	1	4	4	2	1	4	3	4	4	18	2	96	US	R006076	S001463	2026-03-08
5	4	4	4	5	5	4	3	4	3	18	1	74	US	R006077	S008761	2026-02-12
4	2	1	5	3	4	5	4	4	5	23	2	97	US	R006078	S004169	2026-03-23
2	2	1	4	2	1	2	4	3	4	43	1	69	US	R006079	S008928	2026-02-19
2	3	4	3	2	2	2	2	2	4	22	2	93	US	R006080	S000580	2026-03-02
4	2	3	4	5	1	4	5	5	5	25	1	79	US	R006081	S006884	2026-03-02
5	3	5	5	5	3	5	5	5	5	28	2	95	US	R006082	S010165	2026-02-25
5	2	5	5	4	4	4	3	4	4	27	2	97	US	R006083	S002959	2026-03-14
4	5	5	2	4	4	2	3	4	5	51	1	93	US	R006084	S003995	2026-02-26
4	4	5	5	5	5	4	4	4	2	24	2	82	US	R006085	S010185	2026-03-05
4	2	4	5	3	2	4	4	4	4	22	1	80	US	R006086	S002960	2026-02-26
2	2	3	5	3	2	3	2	4	4	38	2	83	US	R006087	S003960	2026-02-16
5	3	5	4	5	5	5	2	4	4	30	1	92	US	R006088	S008814	2026-02-12
5	2	5	4	5	4	5	5	4	4	31	1	80	US	R006089	S011809	2026-02-09
4	4	2	5	3	4	3	3	2	4	19	2	64	US	R006090	S009591	2026-03-10
4	2	4	4	2	5	1	4	5	5	18	2	78	US	R006091	S002067	2026-03-07
4	1	4	4	3	2	1	1	2	3	32	2	98	US	R006092	S004406	2026-03-10
2	5	2	5	2	2	1	3	4	4	38	1	85	US	R006093	S010721	2026-03-27
4	5	2	4	4	5	4	5	5	4	31	1	88	US	R006094	S004569	2026-03-05
5	5	3	5	5	3	1	4	3	2	18	1	90	US	R006095	S001509	2026-03-12
4	5	1	3	2	2	4	5	3	4	27	1	67	US	R006096	S002300	2026-02-28
5	4	4	5	5	5	3	1	4	4	31	1	97	US	R006097	S010628	2026-02-26
4	4	3	4	3	1	5	5	4	3	30	1	95	US	R006098	S000910	2026-03-20
5	2	4	3	4	4	2	4	3	4	43	1	91	US	R006099	S008155	2026-03-24
5	3	5	4	4	4	5	5	5	5	25	1	94	US	R006100	S009285	2026-03-14
2	4	1	3	2	2	5	2	5	4	26	1	92	US	R006101	S003594	2026-02-20
4	4	3	5	4	3	4	4	4	5	26	1	96	US	R006102	S004226	2026-02-08
3	2	2	4	1	3	5	5	4	5	43	2	82	US	R006103	S012492	2026-03-03
5	3	5	5	5	4	4	5	5	5	52	1	74	US	R006104	S004292	2026-02-13
3	5	1	3	4	2	2	4	4	4	42	1	80	US	R006105	S006503	2026-03-05
5	4	3	5	4	5	2	4	4	2	30	1	82	US	R006106	S010196	2026-02-16
4	5	5	5	2	1	4	1	4	4	20	1	76	US	R006107	S006738	2026-03-11
3	2	1	3	1	1	3	4	3	5	38	1	86	US	R006108	S004991	2026-03-18
4	1	3	4	4	2	3	5	5	4	47	1	98	US	R006109	S012716	2026-03-22
4	1	1	2	3	2	3	3	3	3	34	2	93	US	R006110	S009574	2026-02-23
4	3	3	3	2	1	4	5	3	5	18	1	83	US	R006111	S002185	2026-03-07
5	1	5	4	5	4	2	4	2	2	22	1	90	US	R006112	S002942	2026-02-05
3	4	1	4	3	3	4	1	2	2	23	1	82	US	R006113	S011364	2026-02-03
3	4	4	5	2	1	1	2	1	4	22	1	76	US	R006114	S012607	2026-03-01
5	3	2	5	4	2	2	2	2	5	23	1	98	US	R006115	S004559	2026-03-04
5	2	4	4	4	2	4	4	5	5	21	1	99	US	R006116	S000854	2026-03-03
4	2	4	2	2	1	5	4	5	4	21	1	94	US	R006117	S003577	2026-03-22
5	4	5	4	2	3	4	5	4	5	27	1	83	US	R006118	S007970	2026-02-16
5	4	4	4	2	3	2	5	4	4	51	2	89	US	R006119	S006318	2026-02-26
5	2	3	1	1	2	1	4	4	1	30	1	91	US	R006120	S010221	2026-02-21
5	3	4	5	4	2	5	5	5	5	26	1	87	US	R006121	S000214	2026-03-16
5	4	3	4	3	3	5	4	4	2	18	1	76	US	R006122	S004223	2026-02-26
4	4	2	4	3	5	2	1	4	2	18	2	88	US	R006123	S004867	2026-02-21
5	2	3	2	2	2	3	1	4	2	37	1	96	US	R006124	S006074	2026-03-07
4	5	5	5	5	5	2	2	3	4	22	1	75	US	R006125	S005173	2026-02-07
3	2	2	4	1	4	3	1	3	4	28	1	80	US	R006126	S010089	2026-03-03
5	5	4	4	5	5	4	3	4	4	42	1	85	US	R006127	S006586	2026-02-17
4	1	3	4	3	1	3	2	1	3	18	1	83	US	R006128	S012581	2026-03-03
4	2	5	5	4	3	4	4	4	5	52	1	89	US	R006129	S008061	2026-03-25
5	2	4	5	3	2	2	1	2	4	36	1	91	US	R006130	S001048	2026-03-03
3	5	4	1	3	1	3	4	1	4	43	1	71	US	R006131	S009084	2026-02-17
3	2	5	4	5	1	4	5	3	4	27	1	93	US	R006132	S005074	2026-02-25
4	5	4	4	4	2	2	4	2	4	37	2	60	US	R006133	S003129	2026-03-10
2	2	2	5	4	2	3	5	4	4	43	1	98	US	R006134	S003001	2026-03-05
4	2	1	5	1	1	5	4	4	4	18	1	88	US	R006135	S005348	2026-02-13
4	3	4	5	4	4	3	1	5	2	21	1	95	US	R006136	S002247	2026-03-24
4	3	5	5	5	5	4	5	4	4	38	2	80	US	R006137	S011405	2026-03-04
5	4	4	4	2	2	1	2	2	2	19	1	91	US	R006138	S002881	2026-03-05
5	5	5	5	4	4	4	1	5	4	52	1	88	US	R006139	S003936	2026-02-06
4	2	1	4	2	2	4	3	4	3	19	1	99	US	R006140	S007628	2026-03-09
5	2	4	5	5	5	5	5	5	5	30	2	78	US	R006141	S003528	2026-03-22
5	3	3	4	4	5	3	5	4	4	39	1	65	US	R006142	S006199	2026-02-04
2	2	1	4	1	2	1	2	1	2	18	2	95	US	R006143	S012224	2026-02-24
5	3	2	4	4	4	2	5	4	4	28	1	77	US	R006144	S007745	2026-02-03
4	2	2	4	2	4	1	2	1	4	39	1	82	US	R006145	S009903	2026-03-18
4	1	2	2	2	2	1	2	4	2	40	1	84	US	R006146	S000731	2026-03-01
5	1	5	2	4	2	3	4	1	3	19	2	98	US	R006147	S003932	2026-03-24
4	5	5	4	2	3	2	1	1	2	39	1	85	US	R006148	S004706	2026-02-06
5	4	5	4	5	5	4	4	3	2	23	1	83	US	R006149	S003505	2026-03-22
5	4	3	5	4	2	3	5	4	5	30	2	94	US	R006150	S008583	2026-03-21
1	2	3	5	3	1	5	5	2	3	25	1	87	US	R006151	S009239	2026-02-23
4	1	3	3	2	1	1	2	3	4	22	2	53	US	R006152	S001847	2026-02-08
4	2	2	4	2	3	4	5	4	4	38	2	92	US	R006153	S011464	2026-03-16
2	1	2	1	1	1	1	3	2	1	41	2	80	US	R006154	S000892	2026-03-26
3	1	1	5	4	1	5	5	4	5	57	2	82	US	R006155	S002769	2026-03-22
4	3	4	4	5	3	5	4	4	2	27	2	82	US	R006156	S007353	2026-03-26
4	1	2	1	2	1	2	2	5	4	40	2	95	US	R006157	S003282	2026-02-22
5	2	2	3	4	3	4	4	3	3	39	2	78	US	R006158	S000271	2026-03-08
4	4	2	3	5	5	1	2	1	4	41	1	81	US	R006159	S009298	2026-03-25
1	3	2	5	4	3	1	3	1	3	30	2	83	US	R006160	S004676	2026-03-20
5	5	5	5	5	5	4	4	4	4	31	2	73	US	R006161	S007056	2026-02-19
5	3	4	5	4	4	1	2	2	3	18	1	72	US	R006162	S011172	2026-03-11
4	3	4	2	2	2	1	3	2	3	49	2	76	US	R006163	S008776	2026-02-19
4	4	2	4	4	5	2	1	3	3	44	1	64	US	R006164	S005489	2026-03-20
4	3	1	2	2	1	1	3	2	4	51	2	81	US	R006165	S006616	2026-02-17
4	1	4	4	4	1	1	1	2	4	40	1	66	US	R006166	S007360	2026-02-08
5	3	5	5	5	5	4	5	5	4	32	2	93	US	R006167	S012711	2026-03-08
5	1	4	3	5	3	2	4	5	4	35	1	91	US	R006168	S008478	2026-02-06
2	5	3	5	2	2	4	4	3	5	28	2	83	US	R006169	S002602	2026-03-26
4	2	2	3	2	1	5	2	5	2	32	2	69	US	R006170	S008915	2026-03-24
1	2	1	3	1	1	4	4	2	4	23	2	61	US	R006171	S000614	2026-03-24
5	5	5	5	2	5	4	3	4	5	27	2	63	US	R006172	S004551	2026-02-20
5	1	4	5	4	3	1	2	3	1	36	2	85	US	R006173	S000174	2026-03-21
4	1	3	4	3	1	2	4	4	4	58	2	90	US	R006174	S009920	2026-03-17
3	2	2	5	2	2	2	4	4	3	40	2	91	US	R006175	S010310	2026-03-07
3	2	2	4	5	1	1	2	2	4	31	2	94	US	R006176	S000398	2026-02-02
5	4	4	4	5	4	2	3	2	4	61	1	39	US	R006177	S002860	2026-02-07
4	4	4	5	3	2	3	1	3	4	40	1	95	US	R006178	S002680	2026-02-28
5	5	4	5	4	5	4	4	3	4	49	1	90	US	R006179	S010882	2026-02-18
4	2	4	4	5	5	4	4	3	5	60	2	63	US	R006180	S007726	2026-02-02
4	1	4	4	3	1	1	4	2	4	34	2	98	US	R006181	S005818	2026-02-23
4	4	2	5	3	1	1	1	3	3	30	2	95	US	R006182	S010578	2026-03-03
3	1	1	5	2	2	3	4	3	4	70	1	96	US	R006183	S011124	2026-03-05
5	4	5	3	5	2	5	3	4	5	48	2	73	US	R006184	S010773	2026-03-02
3	4	4	4	2	2	4	1	4	2	26	1	69	US	R006185	S001051	2026-03-10
1	1	2	4	1	2	5	4	4	5	21	2	89	US	R006186	S000325	2026-03-15
5	3	4	5	5	3	4	4	4	1	39	2	83	US	R006187	S002094	2026-03-25
5	4	3	5	4	5	4	5	2	4	34	2	93	US	R006188	S008326	2026-02-19
2	2	4	4	4	4	1	2	1	2	31	1	85	US	R006189	S001257	2026-03-13
4	2	5	5	4	4	1	3	1	4	18	1	93	US	R006190	S003271	2026-02-05
4	3	5	5	5	2	2	2	3	3	29	1	82	US	R006191	S003835	2026-03-20
5	2	4	5	4	3	2	4	4	2	38	2	98	US	R006192	S001992	2026-02-27
5	2	4	5	5	2	2	3	4	5	29	1	96	US	R006193	S006228	2026-02-23
2	4	2	5	5	3	5	5	5	4	45	2	79	US	R006194	S005203	2026-03-15
4	3	5	5	3	5	3	2	4	5	31	2	92	US	R006195	S012589	2026-02-04
4	1	3	2	2	1	2	2	2	4	39	1	63	US	R006196	S005083	2026-02-17
5	4	5	4	2	3	4	5	4	5	27	1	83	US	R006197	S003046	2026-02-12
2	3	2	4	4	4	1	3	1	4	18	1	92	US	R006198	S001681	2026-03-09
4	4	5	4	2	4	5	3	1	4	28	2	80	US	R006199	S000390	2026-02-11
5	1	4	2	4	1	3	4	4	4	43	1	73	US	R006200	S000519	2026-03-14
5	5	4	4	5	5	2	1	4	4	23	2	90	US	R006201	S003597	2026-03-15
1	3	2	1	1	1	1	2	1	2	37	1	95	US	R006202	S000407	2026-03-25
4	1	3	5	2	1	2	2	4	2	23	2	92	US	R006203	S004730	2026-02-10
5	4	1	4	2	2	3	1	3	4	42	1	99	US	R006204	S005703	2026-02-04
3	2	3	3	3	2	2	3	4	3	28	2	97	US	R006205	S012686	2026-03-23
3	2	1	4	3	1	3	4	3	4	18	2	88	US	R006206	S007026	2026-03-15
4	3	4	3	5	3	4	2	5	4	46	2	93	US	R006207	S004269	2026-03-10
4	3	4	3	2	3	2	4	4	1	26	2	70	US	R006208	S008056	2026-02-11
4	2	3	5	2	3	1	2	4	3	36	2	97	US	R006209	S003100	2026-02-23
4	5	3	4	2	1	4	1	2	3	21	2	97	US	R006210	S006327	2026-02-12
2	2	2	3	2	3	1	4	4	3	52	1	72	US	R006211	S005576	2026-02-08
5	5	4	5	5	2	2	4	4	4	35	1	50	US	R006212	S004386	2026-02-20
4	1	1	5	2	1	1	2	4	4	23	2	72	US	R006213	S011115	2026-02-15
2	1	2	4	1	1	2	1	3	2	18	2	90	US	R006214	S009592	2026-02-02
4	4	5	5	2	4	5	4	3	4	53	2	93	US	R006215	S000851	2026-03-17
5	4	5	5	5	4	4	5	4	5	52	1	58	US	R006216	S000337	2026-02-07
2	3	3	5	4	1	4	5	4	5	23	2	73	US	R006217	S005731	2026-02-15
4	1	2	2	2	1	4	4	4	5	38	2	94	US	R006218	S004154	2026-02-04
3	2	3	4	2	2	1	2	1	4	32	1	83	US	R006219	S008671	2026-03-17
2	4	1	1	1	1	3	4	3	3	43	1	90	US	R006220	S002704	2026-03-13
2	2	2	4	2	1	5	5	5	2	36	2	88	US	R006221	S000449	2026-02-10
5	5	5	5	5	2	5	5	4	5	48	1	93	US	R006222	S003470	2026-02-05
5	1	1	4	3	2	3	4	4	3	53	2	93	US	R006223	S012961	2026-03-04
2	4	3	2	4	4	5	4	4	4	37	1	89	US	R006224	S011725	2026-03-03
4	3	5	4	2	1	4	3	5	4	37	2	65	US	R006225	S009655	2026-03-26
4	4	2	2	5	2	1	4	3	1	26	2	96	US	R006226	S005172	2026-02-16
4	3	3	4	1	1	3	2	4	3	19	2	92	US	R006227	S009719	2026-03-24
4	3	2	4	2	1	2	3	3	4	21	1	96	US	R006228	S002859	2026-02-16
3	4	3	4	5	5	4	2	2	4	38	1	89	US	R006229	S009022	2026-03-03
3	1	3	4	2	1	3	1	4	5	40	2	76	US	R006230	S003694	2026-02-28
1	2	4	4	1	1	3	4	1	5	25	1	88	US	R006231	S009799	2026-02-09
4	2	2	4	4	2	4	4	4	5	40	2	68	US	R006232	S009992	2026-02-13
4	2	3	5	2	2	2	4	4	5	26	2	81	US	R006233	S011215	2026-02-14
1	3	3	3	4	2	2	3	4	3	43	1	93	US	R006234	S003517	2026-03-16
4	2	4	3	2	4	4	5	4	5	29	1	74	US	R006235	S006187	2026-02-17
5	2	3	5	3	4	4	2	5	4	36	1	96	US	R006236	S012480	2026-03-20
2	4	2	4	3	2	2	2	3	3	33	1	88	US	R006237	S003342	2026-02-25
3	3	3	3	4	4	2	5	4	4	39	1	95	US	R006238	S010076	2026-02-11
5	3	2	2	4	1	3	2	3	4	28	2	99	US	R006239	S003990	2026-02-21
5	2	4	3	3	1	2	2	1	1	27	1	65	US	R006240	S002701	2026-02-03
5	5	2	4	5	2	2	4	3	1	47	1	78	US	R006241	S001658	2026-02-14
5	5	5	5	5	5	5	4	5	4	54	2	91	US	R006242	S001761	2026-02-09
5	2	4	4	5	4	5	3	4	3	51	2	76	US	R006243	S000977	2026-02-06
4	4	3	5	4	2	2	5	3	4	43	1	69	US	R006244	S006880	2026-02-26
4	4	5	5	5	5	5	4	4	5	26	1	98	US	R006245	S000357	2026-03-07
2	1	5	5	1	1	1	4	3	5	23	2	91	US	R006246	S011336	2026-02-17
1	5	3	4	4	2	2	2	4	4	34	2	97	US	R006247	S005247	2026-02-13
4	2	3	5	5	3	3	5	4	5	49	2	98	US	R006248	S009964	2026-02-21
4	2	3	3	4	3	2	4	4	2	34	2	88	US	R006249	S004051	2026-03-14
5	2	3	5	4	2	4	2	2	4	20	1	89	US	R006250	S009418	2026-02-08
4	4	4	3	3	1	4	4	4	5	35	2	97	US	R006251	S005990	2026-03-07
5	5	5	4	4	4	4	3	2	3	18	1	99	US	R006252	S010213	2026-03-20
5	3	5	5	3	4	4	5	5	5	42	2	91	US	R006253	S011712	2026-03-27
4	2	4	4	3	1	3	4	2	3	34	2	90	US	R006254	S003717	2026-02-10
4	2	3	4	4	1	4	5	4	4	25	1	100	US	R006255	S007378	2026-02-10
5	2	3	3	2	1	2	3	2	5	43	1	68	US	R006256	S002515	2026-02-08
5	2	2	1	3	4	1	2	3	2	44	1	84	US	R006257	S001775	2026-02-24
4	2	2	4	2	1	4	5	5	5	25	1	74	US	R006258	S004963	2026-02-02
2	4	2	1	1	1	3	1	2	3	45	2	86	US	R006259	S011545	2026-03-12
1	1	1	4	1	1	1	3	2	2	24	1	73	US	R006260	S004954	2026-02-09
5	2	3	5	1	1	1	4	1	2	55	2	73	US	R006261	S006488	2026-03-17
4	2	2	3	2	2	5	5	3	5	34	1	93	US	R006262	S001629	2026-03-07
4	1	2	4	1	2	1	1	1	2	46	1	68	US	R006263	S006389	2026-03-22
5	1	5	4	4	2	5	4	4	4	44	1	93	US	R006264	S006481	2026-03-21
5	3	5	4	5	4	3	5	2	4	39	1	93	US	R006265	S006420	2026-02-05
5	5	4	3	2	1	3	3	4	4	40	1	93	US	R006266	S000085	2026-02-16
2	3	4	4	3	1	4	1	4	5	26	2	96	US	R006267	S012195	2026-02-23
4	3	5	5	4	5	4	5	4	3	35	1	82	US	R006268	S000790	2026-03-22
4	2	4	5	2	5	4	4	3	5	29	2	78	US	R006269	S009249	2026-02-05
4	1	3	5	4	2	4	3	4	5	40	2	81	US	R006270	S007484	2026-03-13
5	1	2	1	1	2	4	2	3	5	27	2	78	US	R006271	S006933	2026-02-18
4	2	4	4	2	1	2	1	3	1	39	2	85	US	R006272	S001301	2026-02-26
3	1	3	5	2	1	5	5	5	5	38	2	91	US	R006273	S005389	2026-02-08
4	2	2	5	3	1	1	4	4	4	30	1	96	US	R006274	S003917	2026-03-05
5	4	2	5	4	2	5	4	5	5	23	1	86	US	R006275	S005776	2026-02-21
4	5	5	2	5	3	5	5	4	4	42	1	70	US	R006276	S009098	2026-02-20
4	4	4	5	2	2	2	2	1	4	24	2	71	US	R006277	S004925	2026-03-08
3	1	4	5	4	3	4	4	5	5	33	2	91	US	R006278	S000630	2026-02-15
4	4	4	5	4	4	4	4	4	4	30	1	87	US	R006279	S011267	2026-02-18
4	2	2	5	3	4	3	4	2	5	31	1	53	US	R006280	S006352	2026-02-23
2	1	2	5	2	2	5	4	4	5	37	1	65	US	R006281	S004631	2026-03-04
4	4	5	5	5	5	4	4	4	2	58	2	94	US	R006282	S008777	2026-02-04
5	4	4	4	5	5	4	3	4	4	39	2	89	US	R006283	S010864	2026-03-10
5	3	1	3	2	1	4	4	5	5	32	2	98	US	R006284	S000952	2026-02-11
5	5	5	5	5	5	4	5	5	4	37	1	97	US	R006285	S004116	2026-02-02
5	2	1	4	1	1	4	4	5	4	18	1	82	US	R006286	S003770	2026-03-20
3	1	2	5	2	3	2	4	3	3	30	2	80	US	R006287	S003014	2026-02-25
5	2	4	5	5	5	2	5	3	5	25	2	96	US	R006288	S012098	2026-03-15
2	3	4	5	3	4	4	4	5	3	19	1	94	US	R006289	S006579	2026-03-24
2	2	4	3	4	3	5	5	5	4	37	1	97	US	R006290	S006149	2026-03-08
2	4	2	4	1	1	1	4	2	3	27	1	87	US	R006291	S008484	2026-02-05
4	3	3	4	1	4	1	2	1	5	18	1	44	US	R006292	S006009	2026-03-17
4	4	4	4	4	4	5	5	5	4	49	1	83	US	R006293	S008216	2026-02-17
4	4	5	5	4	2	5	5	5	4	31	1	89	US	R006294	S008591	2026-03-08
5	3	4	5	5	3	3	5	2	4	50	2	94	US	R006295	S007625	2026-02-06
5	2	5	5	2	2	1	1	3	5	32	1	88	US	R006296	S005302	2026-02-14
4	3	4	5	4	3	4	4	4	4	34	1	99	US	R006297	S010991	2026-03-10
4	4	2	4	2	2	4	4	5	4	36	1	85	US	R006298	S005339	2026-03-12
5	2	5	5	4	2	5	4	5	5	42	1	94	US	R006299	S004365	2026-03-04
4	5	4	4	2	4	2	1	2	5	30	2	94	US	R006300	S010431	2026-03-24
4	5	4	3	4	5	3	4	3	3	36	1	96	US	R006301	S001777	2026-02-16
4	4	4	4	3	4	4	5	5	4	42	1	88	US	R006302	S004522	2026-02-22
4	3	2	5	2	2	4	5	4	4	28	1	67	US	R006303	S008087	2026-02-24
4	1	3	5	5	4	4	4	5	5	19	2	83	US	R006304	S010476	2026-02-06
3	5	5	5	2	1	2	5	3	4	52	1	71	US	R006305	S001764	2026-02-08
4	1	4	4	3	2	2	2	4	3	30	1	89	US	R006306	S008974	2026-02-02
3	3	2	4	5	2	4	4	4	5	34	1	97	US	R006307	S007606	2026-03-20
4	1	2	5	2	1	4	4	4	4	28	1	91	US	R006308	S009907	2026-02-19
2	2	1	4	1	1	1	1	4	3	29	1	94	US	R006309	S003586	2026-03-23
5	5	5	5	5	5	5	5	5	4	32	1	97	US	R006310	S002425	2026-02-08
4	1	5	4	3	1	4	5	5	5	46	1	83	US	R006311	S005480	2026-03-09
3	1	2	5	2	2	3	4	3	4	46	2	92	US	R006312	S006338	2026-02-13
4	4	4	5	4	5	4	4	4	5	24	2	97	US	R006313	S009021	2026-02-28
4	3	3	2	1	2	5	4	4	4	49	2	94	US	R006314	S010778	2026-03-10
4	4	4	5	4	2	3	4	4	4	43	1	88	US	R006315	S011678	2026-03-07
5	4	5	4	5	2	3	1	3	4	55	1	71	US	R006316	S002694	2026-02-14
3	3	5	5	4	2	1	3	1	4	29	1	84	US	R006317	S001165	2026-02-19
4	2	3	4	2	2	2	4	4	4	58	1	73	US	R006318	S009610	2026-03-11
4	2	5	5	4	5	5	5	5	5	44	2	73	US	R006319	S007403	2026-02-15
5	3	5	4	4	4	5	5	5	5	37	2	83	US	R006320	S004341	2026-03-15
5	4	4	4	5	1	2	4	1	1	35	1	88	US	R006321	S011745	2026-02-25
4	2	4	5	5	5	2	1	2	5	35	1	70	US	R006322	S007294	2026-02-25
3	1	3	4	2	3	5	5	4	3	38	1	75	US	R006323	S007718	2026-02-19
3	4	4	5	3	3	4	2	4	5	41	2	96	US	R006324	S004275	2026-02-15
2	4	1	4	5	2	5	5	5	5	54	1	79	US	R006325	S006038	2026-02-08
5	5	4	5	5	2	4	4	4	5	18	2	79	US	R006326	S005399	2026-02-04
4	4	4	2	1	1	4	2	1	4	32	1	89	US	R006327	S009068	2026-03-11
4	4	4	4	2	2	2	1	1	2	29	1	91	US	R006328	S002109	2026-02-05
4	5	5	4	4	5	5	5	5	5	37	1	81	US	R006329	S001087	2026-03-14
5	5	4	4	2	4	2	2	4	4	27	1	88	US	R006330	S011281	2026-03-03
4	5	2	5	4	3	5	5	5	5	35	1	84	US	R006331	S003881	2026-02-22
4	2	5	4	4	5	4	4	4	5	33	1	99	US	R006332	S010645	2026-03-07
2	5	4	4	5	5	3	4	4	4	45	1	79	US	R006333	S006940	2026-03-20
3	4	3	5	4	2	4	5	4	5	31	1	69	US	R006334	S007645	2026-02-04
5	1	4	5	5	2	4	5	5	4	38	1	95	US	R006335	S002502	2026-02-11
3	3	4	2	2	4	3	4	4	4	31	1	75	US	R006336	S005114	2026-02-17
5	3	4	4	4	2	2	4	3	4	46	2	93	US	R006337	S005710	2026-02-17
4	4	4	5	4	5	4	4	4	4	36	1	93	US	R006338	S012878	2026-03-16
4	4	3	3	5	2	4	5	5	5	41	1	77	US	R006339	S004992	2026-03-04
5	3	3	5	4	3	2	2	4	4	29	1	82	US	R006340	S010235	2026-02-10
5	3	5	5	5	4	5	3	4	5	41	2	99	US	R006341	S000099	2026-03-12
5	5	5	5	5	4	3	4	4	4	53	1	77	US	R006342	S002329	2026-02-17
5	1	2	5	1	4	3	3	3	4	52	2	52	US	R006343	S012621	2026-02-24
4	4	1	4	2	2	4	4	4	4	28	2	95	US	R006344	S000343	2026-02-15
4	2	5	5	5	3	3	5	4	4	50	2	59	US	R006345	S003878	2026-03-15
5	5	2	5	3	2	4	1	1	2	42	1	66	US	R006346	S003072	2026-02-10
5	3	5	4	5	5	5	3	5	4	45	1	78	US	R006347	S007570	2026-03-05
4	3	3	4	5	2	4	4	5	3	24	1	84	US	R006348	S009465	2026-02-12
4	1	3	5	3	2	3	4	2	5	24	1	85	US	R006349	S000049	2026-02-19
3	1	2	4	1	1	3	4	4	5	31	1	73	US	R006350	S001249	2026-03-14
4	4	4	4	4	3	3	5	3	5	42	1	86	US	R006351	S011564	2026-03-20
3	2	4	4	2	2	5	4	5	2	18	1	99	US	R006352	S011449	2026-02-22
1	3	3	4	4	2	1	2	2	3	37	1	81	US	R006353	S003230	2026-02-04
4	3	5	5	4	2	5	5	4	3	33	2	89	US	R006354	S005267	2026-02-15
3	4	1	5	5	2	4	5	5	4	45	2	94	US	R006355	S004840	2026-03-25
5	4	3	4	4	3	2	1	2	4	30	1	86	US	R006356	S008764	2026-03-18
4	2	2	5	4	3	5	4	5	5	52	2	65	US	R006357	S010344	2026-03-14
3	4	3	4	1	4	5	5	5	5	42	2	91	US	R006358	S008400	2026-03-08
4	4	5	4	5	5	5	4	4	4	22	2	92	US	R006359	S011419	2026-02-26
4	2	5	5	2	4	1	3	1	1	33	2	92	US	R006360	S004965	2026-02-17
1	4	3	4	2	3	5	5	5	5	20	1	98	US	R006361	S011687	2026-03-19
4	4	5	4	3	2	4	1	3	5	24	2	99	US	R006362	S011618	2026-03-21
5	3	5	5	5	5	5	5	5	5	40	2	83	US	R006363	S007535	2026-02-07
1	2	1	4	3	1	1	1	2	2	31	2	78	US	R006364	S004263	2026-03-08
4	1	2	4	3	4	2	3	4	4	28	1	89	US	R006365	S011331	2026-02-27
5	2	5	5	4	4	5	4	5	5	42	1	88	US	R006366	S004693	2026-03-16
5	2	5	5	5	4	5	4	5	5	43	1	89	US	R006367	S001785	2026-02-28
1	3	4	5	4	3	2	4	5	5	25	2	87	US	R006368	S003543	2026-03-01
5	1	4	5	5	4	4	1	4	1	50	2	88	US	R006369	S006993	2026-02-24
3	4	5	4	4	1	5	4	3	4	40	1	91	US	R006370	S002883	2026-02-19
5	4	3	4	4	2	2	2	3	5	32	1	85	US	R006371	S011958	2026-03-22
2	5	2	4	4	5	5	4	4	5	25	2	80	US	R006372	S005461	2026-03-07
1	4	2	3	3	1	4	4	4	5	18	1	94	US	R006373	S009535	2026-03-26
4	3	3	4	5	4	1	2	4	3	18	2	89	US	R006374	S004726	2026-03-01
5	5	5	5	5	2	4	5	4	4	23	2	65	US	R006375	S002873	2026-03-13
5	3	4	4	3	3	4	3	4	3	45	2	74	US	R006376	S011788	2026-02-24
4	4	5	3	3	4	5	4	5	5	31	2	96	US	R006377	S003520	2026-03-19
2	4	3	5	2	1	4	4	4	4	34	1	81	US	R006378	S012139	2026-03-27
4	3	4	5	5	3	5	2	4	4	28	2	95	US	R006379	S000941	2026-02-14
5	4	4	5	2	5	2	4	2	4	18	2	84	US	R006380	S000955	2026-02-21
4	4	3	4	4	1	1	2	1	2	46	1	73	US	R006381	S000958	2026-02-28
3	1	2	4	2	1	4	2	4	5	39	1	78	US	R006382	S012928	2026-03-01
5	2	4	4	5	3	5	5	4	3	54	1	64	US	R006383	S006563	2026-03-26
4	2	2	4	2	4	4	4	4	4	24	1	84	US	R006384	S000235	2026-02-11
4	4	2	3	5	1	4	4	5	3	23	2	76	US	R006385	S008919	2026-03-18
3	2	3	3	5	4	4	2	3	4	43	2	94	US	R006386	S008383	2026-02-11
5	3	4	5	5	3	1	5	3	4	34	2	72	US	R006387	S006151	2026-02-18
5	4	5	5	4	5	2	2	4	2	20	1	73	US	R006388	S007617	2026-02-26
5	1	4	5	4	1	4	4	2	5	24	1	60	US	R006389	S003610	2026-02-21
4	2	3	3	2	2	4	2	3	4	27	1	89	US	R006390	S002691	2026-02-22
4	1	2	3	4	3	1	1	4	1	27	2	87	US	R006391	S000653	2026-03-14
2	2	2	4	2	1	5	5	4	3	55	2	83	US	R006392	S002204	2026-03-01
5	5	4	4	3	3	4	1	2	4	51	2	84	US	R006393	S006333	2026-03-11
3	5	4	5	2	4	4	3	3	3	27	2	81	US	R006394	S009130	2026-03-09
5	3	2	4	5	4	3	4	4	4	41	1	93	US	R006395	S008411	2026-03-02
5	2	5	5	5	5	5	5	5	5	32	1	55	US	R006396	S012427	2026-03-07
4	3	3	4	5	3	3	4	4	5	36	1	94	US	R006397	S002231	2026-02-26
2	3	5	5	5	4	2	4	4	1	26	2	87	US	R006398	S009252	2026-02-27
4	2	2	4	4	2	3	5	2	2	36	1	85	US	R006399	S009221	2026-03-16
4	2	2	1	2	1	2	4	3	5	46	1	84	US	R006400	S007155	2026-03-13
5	2	2	5	5	4	2	4	2	5	39	1	80	US	R006401	S010629	2026-02-02
3	1	2	5	1	2	5	5	5	3	31	1	53	US	R006402	S004797	2026-03-17
3	1	4	5	4	2	1	4	1	1	36	2	75	US	R006403	S009263	2026-03-18
3	4	4	3	3	3	5	5	5	5	45	2	86	US	R006404	S007392	2026-03-08
4	2	5	4	4	2	4	2	5	4	31	1	94	US	R006405	S010728	2026-03-10
4	2	2	4	5	1	1	2	4	4	46	2	95	US	R006406	S011987	2026-03-27
5	4	2	4	4	1	1	3	1	1	18	2	94	US	R006407	S002539	2026-03-24
2	3	4	3	3	4	4	4	5	4	30	1	60	US	R006408	S006671	2026-03-24
5	5	4	4	5	2	2	4	3	5	38	1	90	US	R006409	S012861	2026-03-08
4	4	3	5	4	3	4	2	4	3	28	1	98	US	R006410	S000196	2026-02-06
4	2	3	5	5	3	3	5	4	5	49	2	98	US	R006411	S009679	2026-03-17
4	2	5	5	5	4	2	2	4	2	32	1	94	US	R006412	S007327	2026-02-09
4	2	3	5	2	2	1	5	4	4	25	1	68	US	R006413	S005584	2026-02-23
3	3	4	5	2	2	3	5	2	3	27	1	91	US	R006414	S006899	2026-02-06
5	4	4	4	5	3	4	5	5	5	27	2	72	US	R006415	S010228	2026-02-13
4	3	5	5	4	5	3	4	5	3	18	1	93	US	R006416	S002307	2026-02-18
4	2	3	4	2	1	5	5	4	5	34	1	84	US	R006417	S009627	2026-03-02
3	4	4	5	3	2	2	4	4	4	61	2	96	US	R006418	S011108	2026-03-09
5	2	5	4	5	4	3	5	2	5	31	2	76	US	R006419	S003553	2026-03-10
4	2	3	5	4	2	3	5	4	4	25	2	80	US	R006420	S008457	2026-03-06
4	1	2	2	2	3	2	1	4	2	31	2	68	US	R006421	S012702	2026-03-18
5	2	2	4	2	2	2	3	4	4	39	2	96	US	R006422	S006844	2026-03-17
4	4	5	5	5	5	3	4	3	3	25	1	81	US	R006423	S006667	2026-02-23
2	2	5	5	2	3	4	2	4	3	42	1	87	US	R006424	S001720	2026-02-06
4	2	3	5	4	2	4	3	3	5	41	1	63	US	R006425	S000601	2026-02-27
4	1	2	3	2	1	4	4	4	4	22	1	73	US	R006426	S005793	2026-03-18
5	3	5	5	5	4	4	5	3	5	43	2	92	US	R006427	S000795	2026-02-15
2	1	1	5	1	1	2	2	1	2	33	1	98	US	R006428	S008125	2026-03-19
3	4	5	5	5	2	5	5	5	5	41	1	87	US	R006429	S006474	2026-02-23
4	3	4	4	2	1	3	5	4	4	22	1	93	US	R006430	S008410	2026-02-04
1	2	4	5	2	2	1	1	2	4	43	1	82	US	R006431	S010850	2026-03-03
4	4	4	4	4	4	4	5	4	5	35	1	93	US	R006432	S003961	2026-03-13
2	4	2	4	1	1	2	1	4	4	27	2	94	US	R006433	S008986	2026-02-03
5	5	5	5	4	4	5	4	5	5	20	2	85	US	R006434	S012729	2026-02-16
4	2	4	5	4	1	3	4	2	2	42	2	72	US	R006435	S010069	2026-02-20
5	3	5	5	4	4	4	2	4	4	28	1	79	US	R006436	S004832	2026-02-20
1	2	1	2	4	1	5	4	5	5	34	2	86	US	R006437	S002463	2026-03-18
4	2	2	4	2	1	1	1	3	2	35	1	66	US	R006438	S010457	2026-03-27
3	4	3	2	4	2	3	2	3	5	23	1	67	US	R006439	S005454	2026-03-08
4	4	2	5	4	2	1	1	3	3	41	2	76	US	R006440	S002566	2026-02-22
5	2	5	5	5	5	5	5	4	5	48	1	89	US	R006441	S001008	2026-03-09
5	2	5	4	4	2	4	4	4	4	34	1	81	US	R006442	S012773	2026-03-01
5	3	3	4	3	2	4	4	4	4	28	2	89	US	R006443	S011592	2026-03-05
5	2	4	4	4	2	5	5	4	5	19	1	79	US	R006444	S006007	2026-03-22
3	1	5	5	4	1	4	4	5	4	34	2	96	US	R006445	S011684	2026-02-18
5	3	3	5	3	4	2	5	5	4	30	1	75	US	R006446	S010080	2026-02-14
3	5	2	4	3	4	1	3	4	4	36	1	81	US	R006447	S001226	2026-02-19
4	1	3	4	4	1	3	3	4	5	18	1	93	US	R006448	S003806	2026-02-14
3	1	2	5	1	1	4	4	4	4	49	1	65	US	R006449	S008339	2026-03-23
1	1	2	4	2	1	3	2	3	3	22	1	97	US	R006450	S001878	2026-03-10
3	2	4	5	4	2	4	3	4	3	36	1	97	US	R006451	S012194	2026-03-25
2	2	1	3	1	1	4	4	4	4	57	1	88	US	R006452	S001579	2026-02-02
4	2	2	4	3	4	3	4	4	5	45	1	86	US	R006453	S004082	2026-03-21
5	2	3	4	4	4	1	2	4	1	29	1	79	US	R006454	S000939	2026-02-23
4	4	3	5	4	4	4	4	4	4	52	2	76	US	R006455	S009429	2026-03-20
2	4	2	5	4	1	4	4	4	4	45	1	91	US	R006456	S003947	2026-02-18
1	1	3	4	2	2	1	2	2	4	35	2	92	US	R006457	S002342	2026-03-11
2	1	1	2	1	1	5	1	3	4	34	1	94	US	R006458	S006617	2026-03-27
5	5	4	5	5	3	4	5	4	4	38	1	97	US	R006459	S011639	2026-03-02
4	5	5	5	4	3	5	5	4	5	28	1	98	US	R006460	S006326	2026-03-08
4	5	4	5	5	5	4	3	2	3	34	2	89	US	R006461	S007692	2026-03-01
4	2	4	3	2	2	4	4	4	5	39	2	95	US	R006462	S012929	2026-03-01
4	4	2	5	5	1	1	4	1	2	31	1	81	US	R006463	S011679	2026-03-23
5	4	4	5	4	2	4	2	4	4	24	1	94	US	R006464	S012870	2026-02-20
4	4	1	2	3	2	2	2	4	4	44	1	98	US	R006465	S006086	2026-02-04
2	2	4	5	5	2	4	3	4	4	34	1	93	US	R006466	S009646	2026-03-17
5	5	4	5	5	4	5	5	4	5	36	1	69	US	R006467	S000374	2026-02-27
5	3	4	1	5	3	5	5	5	5	53	1	93	US	R006468	S001614	2026-03-23
4	5	1	4	3	2	4	3	3	4	35	1	87	US	R006469	S006099	2026-03-05
3	4	4	5	3	3	1	1	2	1	24	1	82	US	R006470	S012363	2026-02-04
5	2	5	5	5	5	5	5	4	5	48	1	89	US	R006471	S010355	2026-02-25
5	5	5	5	4	5	5	4	4	4	30	1	89	US	R006472	S005796	2026-03-23
3	1	4	4	4	4	5	4	5	5	18	1	81	US	R006473	S008774	2026-03-02
5	1	2	4	4	4	5	2	4	3	37	1	91	US	R006474	S000209	2026-03-24
4	3	2	5	4	3	5	5	3	3	22	2	99	US	R006475	S004952	2026-02-13
4	2	3	2	4	4	5	4	5	5	23	1	63	US	R006476	S011991	2026-02-09
2	1	4	1	4	2	3	1	4	4	33	2	97	US	R006477	S001208	2026-02-13
4	4	4	4	5	5	2	3	2	4	39	1	97	US	R006478	S005124	2026-02-21
5	2	5	5	5	5	4	5	3	4	43	1	88	US	R006479	S002280	2026-02-09
5	3	5	5	4	5	2	2	1	1	40	1	70	US	R006480	S005051	2026-03-13
3	2	5	4	3	3	4	2	4	5	26	2	91	US	R006481	S000172	2026-03-19
5	4	4	4	5	1	2	2	2	3	32	1	47	US	R006482	S005423	2026-02-26
3	4	4	2	2	1	3	4	4	4	26	2	99	US	R006483	S006828	2026-03-05
4	2	3	2	2	3	4	3	2	3	34	1	92	US	R006484	S006971	2026-02-28
3	2	4	5	3	1	2	2	2	5	22	2	67	US	R006485	S005463	2026-03-18
3	4	1	3	2	1	3	3	1	4	33	1	89	US	R006486	S012468	2026-03-10
5	1	5	5	4	5	3	4	4	5	35	1	83	US	R006487	S012799	2026-02-14
3	5	4	5	3	2	4	2	4	5	46	1	95	US	R006488	S001794	2026-03-02
5	5	5	5	5	4	4	3	2	4	22	2	74	US	R006489	S011667	2026-02-12
5	4	2	4	5	1	3	5	4	2	30	2	93	US	R006490	S000768	2026-03-09
5	2	5	5	4	4	4	5	5	5	26	2	77	US	R006491	S009256	2026-02-28
1	2	4	4	2	1	2	4	3	3	26	2	80	US	R006492	S001312	2026-03-15
5	5	5	5	5	4	4	5	3	3	21	2	77	US	R006493	S012829	2026-03-17
2	2	3	2	1	1	5	3	4	5	36	2	83	US	R006494	S004447	2026-02-22
5	5	4	4	5	2	4	2	5	5	31	1	98	US	R006495	S003002	2026-02-15
3	2	4	5	4	4	5	4	4	4	21	1	57	US	R006496	S004540	2026-02-18
3	2	4	5	4	4	2	4	2	2	22	2	83	US	R006497	S012816	2026-02-02
5	2	4	3	2	3	4	5	4	5	37	2	97	US	R006498	S012506	2026-03-25
5	2	2	3	5	4	4	2	5	4	50	1	98	US	R006499	S002330	2026-02-14
3	2	1	4	1	1	5	5	5	5	36	1	80	US	R006500	S007545	2026-03-16
4	2	1	2	2	2	3	2	2	3	40	2	81	US	R006501	S006565	2026-02-08
5	4	5	4	5	5	5	5	5	4	25	1	88	US	R006502	S000856	2026-02-27
5	4	5	5	5	5	5	5	5	4	32	1	77	US	R006503	S004182	2026-02-03
5	4	4	4	2	5	4	4	4	5	44	1	93	US	R006504	S010540	2026-02-03
3	4	3	3	3	3	1	3	4	3	18	1	76	US	R006505	S003607	2026-02-19
3	2	2	4	3	4	4	4	4	2	36	2	93	US	R006506	S010798	2026-03-12
5	5	5	5	5	5	4	5	5	5	55	2	79	US	R006507	S005055	2026-02-12
2	4	4	4	5	2	4	4	5	5	28	2	78	US	R006508	S004660	2026-03-09
5	4	5	5	5	5	4	4	5	4	25	2	64	US	R006509	S003065	2026-03-20
5	5	4	5	4	5	4	2	4	5	41	2	90	US	R006510	S002807	2026-02-28
4	3	5	5	5	5	5	4	4	5	47	1	49	US	R006511	S005751	2026-03-13
4	5	5	5	4	2	1	2	4	3	46	1	83	US	R006512	S007999	2026-02-11
4	2	4	4	4	4	4	4	4	4	37	1	89	US	R006513	S001389	2026-03-26
3	1	3	5	2	3	1	4	2	4	42	2	83	US	R006514	S004910	2026-03-14
4	2	2	4	4	1	2	4	3	3	34	1	66	US	R006515	S007890	2026-03-12
5	5	4	4	3	4	2	4	4	4	27	2	98	US	R006516	S012937	2026-02-20
5	4	3	5	5	1	5	4	5	4	29	1	97	US	R006517	S009604	2026-03-15
3	4	5	5	5	4	5	5	4	5	37	1	97	US	R006518	S012503	2026-03-11
4	2	1	5	2	4	1	4	1	4	37	1	80	US	R006519	S000881	2026-02-17
4	1	2	3	2	2	5	4	4	4	30	1	88	US	R006520	S006058	2026-02-08
2	2	1	5	2	1	2	4	4	3	26	1	87	US	R006521	S005089	2026-02-27
4	4	4	4	4	3	3	4	5	5	40	1	100	US	R006522	S005171	2026-02-12
5	5	4	3	3	3	1	4	2	2	37	1	84	US	R006523	S008303	2026-03-19
5	5	4	5	4	5	4	5	5	5	43	2	86	US	R006524	S004155	2026-03-21
5	3	2	3	5	1	2	4	3	4	40	1	95	US	R006525	S008439	2026-03-21
5	2	5	4	3	2	4	5	4	5	19	1	87	US	R006526	S006781	2026-03-16
3	4	4	5	3	3	2	3	4	5	46	1	99	US	R006527	S005199	2026-02-13
3	3	4	4	3	2	3	4	4	5	23	2	72	US	R006528	S009193	2026-03-04
4	3	4	3	2	2	5	3	4	5	42	1	77	US	R006529	S000607	2026-03-18
1	3	2	5	5	1	3	2	5	4	48	1	73	US	R006530	S001288	2026-02-02
4	1	2	5	2	2	5	4	4	4	32	1	65	US	R006531	S004019	2026-03-19
4	2	3	5	5	2	3	2	4	1	45	1	81	US	R006532	S010606	2026-03-05
3	2	2	3	2	3	2	2	4	5	23	2	96	US	R006533	S010227	2026-03-26
4	1	1	4	2	1	1	2	2	4	45	1	98	US	R006534	S010880	2026-03-15
4	5	4	4	3	5	2	4	4	5	29	2	93	US	R006535	S012280	2026-02-21
5	4	3	4	4	4	2	4	2	1	54	1	76	US	R006536	S007616	2026-02-02
5	4	5	5	5	5	5	5	5	3	36	2	86	US	R006537	S006370	2026-02-22
5	4	5	5	5	4	5	4	5	5	36	1	86	US	R006538	S004930	2026-03-16
5	2	2	3	5	4	2	4	4	4	23	1	67	US	R006539	S001947	2026-02-10
4	4	4	5	5	2	1	4	2	4	60	1	92	US	R006540	S002690	2026-03-18
3	4	2	4	3	2	1	2	1	2	18	2	84	US	R006541	S005516	2026-03-21
5	4	4	5	5	2	1	2	4	1	25	1	85	US	R006542	S009375	2026-03-24
4	3	4	2	4	2	1	2	2	2	29	1	89	US	R006543	S000834	2026-02-10
5	2	5	5	2	3	4	4	4	4	26	1	85	US	R006544	S011658	2026-02-16
4	3	2	4	2	3	2	3	4	2	48	1	71	US	R006545	S007268	2026-03-14
4	4	3	4	2	1	2	5	4	4	35	1	79	US	R006546	S005488	2026-03-23
3	5	4	5	3	3	1	3	1	1	27	1	90	US	R006547	S009802	2026-02-21
3	2	4	5	4	4	5	5	5	4	36	1	93	US	R006548	S000551	2026-02-22
5	2	2	4	4	3	4	4	5	4	26	1	82	US	R006549	S002992	2026-02-20
5	5	5	5	5	5	2	1	4	4	27	1	95	US	R006550	S010943	2026-02-13
5	5	4	5	4	1	4	2	4	2	33	1	91	US	R006551	S006120	2026-02-04
5	5	2	2	2	3	2	4	5	5	28	2	86	US	R006552	S002344	2026-02-26
5	2	2	4	4	2	4	4	1	5	37	2	63	US	R006553	S010407	2026-03-23
3	5	1	3	1	1	2	1	4	1	30	1	90	US	R006554	S006747	2026-03-14
3	3	2	2	1	3	2	4	4	5	24	1	96	US	R006555	S005989	2026-03-18
4	4	5	4	4	3	4	2	2	5	32	1	88	US	R006556	S004236	2026-02-03
5	5	5	5	4	5	4	5	4	4	19	2	93	US	R006557	S005692	2026-03-07
1	1	1	2	2	1	2	4	2	3	40	1	97	US	R006558	S012311	2026-03-06
4	5	4	5	4	4	2	1	4	4	53	2	92	US	R006559	S002754	2026-02-23
3	2	1	4	1	2	2	4	3	2	27	2	81	US	R006560	S012493	2026-03-01
1	2	4	3	1	1	2	4	2	4	18	1	90	US	R006561	S008968	2026-02-03
4	3	4	4	4	4	2	4	2	3	26	2	91	US	R006562	S010893	2026-03-14
4	2	4	3	1	1	4	2	5	4	20	2	98	US	R006563	S005603	2026-03-02
5	5	5	5	5	4	3	4	4	4	20	2	72	US	R006564	S010168	2026-02-26
5	4	5	4	5	2	5	5	4	4	39	1	44	US	R006565	S008914	2026-03-12
2	5	2	5	5	3	4	2	4	4	30	2	75	US	R006566	S003548	2026-03-19
4	4	3	5	2	2	5	5	4	5	38	2	91	US	R006567	S002535	2026-02-12
4	1	3	5	4	5	4	4	5	5	32	2	79	US	R006568	S006343	2026-03-15
5	1	4	5	4	5	2	4	4	4	37	2	93	US	R006569	S006382	2026-03-23
5	2	4	5	5	3	2	5	1	4	18	2	82	US	R006570	S000399	2026-03-22
3	4	4	5	4	2	2	3	2	4	29	1	96	US	R006571	S005648	2026-03-03
4	2	5	5	4	5	5	3	5	5	36	2	78	US	R006572	S002876	2026-03-23
5	3	3	5	2	2	2	5	3	2	43	2	98	US	R006573	S011092	2026-03-10
5	4	4	2	5	5	5	4	3	5	41	1	87	US	R006574	S010391	2026-03-16
3	2	4	2	2	1	2	2	3	5	27	1	90	US	R006575	S007760	2026-02-21
3	2	4	3	2	4	1	1	2	1	44	2	96	US	R006576	S000473	2026-03-22
5	2	5	5	4	5	4	5	5	4	19	2	83	US	R006577	S012055	2026-02-20
2	3	2	4	3	1	4	5	2	5	32	1	86	US	R006578	S003811	2026-03-27
5	2	4	5	5	4	5	5	5	4	32	2	94	US	R006579	S004935	2026-03-12
4	5	4	4	5	2	4	2	2	4	28	2	77	US	R006580	S000061	2026-02-16
4	2	5	4	4	5	4	5	5	2	18	1	90	US	R006581	S002238	2026-02-27
4	2	4	5	5	4	4	4	5	5	34	2	86	US	R006582	S007564	2026-03-04
4	2	4	4	5	4	3	4	4	5	26	1	87	US	R006583	S012179	2026-03-02
4	3	5	5	5	3	5	5	5	4	35	1	58	US	R006584	S005740	2026-02-07
4	2	3	4	2	2	4	4	5	2	44	1	71	US	R006585	S011683	2026-02-27
5	4	2	5	1	2	2	4	5	4	29	2	85	US	R006586	S009129	2026-02-06
5	4	5	5	5	5	4	3	4	4	34	2	93	US	R006587	S004247	2026-03-09
3	5	5	5	5	2	5	5	5	4	47	1	91	US	R006588	S006493	2026-02-15
2	4	2	5	2	1	4	4	4	4	35	2	71	US	R006589	S011594	2026-02-15
1	5	4	2	2	1	3	4	3	3	34	1	95	US	R006590	S007172	2026-03-15
5	2	5	5	5	4	3	4	4	4	35	1	100	US	R006591	S006947	2026-02-03
4	2	4	3	2	2	2	4	2	2	34	1	85	US	R006592	S008456	2026-03-01
3	2	2	3	3	1	2	1	1	4	36	2	96	US	R006593	S007911	2026-02-20
3	2	2	4	4	1	3	4	2	4	39	1	87	US	R006594	S004286	2026-02-20
1	3	3	2	1	1	3	4	4	4	47	2	82	US	R006595	S003959	2026-03-15
4	2	1	2	2	1	4	4	3	4	49	2	80	US	R006596	S004166	2026-03-18
4	4	2	3	3	1	2	5	2	3	50	1	86	US	R006597	S011762	2026-02-25
4	2	2	4	2	1	1	2	3	2	45	2	75	US	R006598	S005252	2026-02-10
5	1	5	5	5	4	5	4	5	4	28	2	93	US	R006599	S000386	2026-02-23
4	3	4	4	3	4	4	5	4	4	42	1	98	US	R006600	S011839	2026-02-08
5	3	4	3	5	5	5	4	4	4	40	2	76	US	R006601	S010719	2026-02-10
4	5	5	4	4	5	5	5	5	5	37	1	81	US	R006602	S010792	2026-02-04
5	3	5	5	5	5	3	4	2	4	22	2	83	US	R006603	S006002	2026-03-10
3	2	5	5	5	2	3	3	4	4	40	2	86	US	R006604	S001528	2026-03-26
5	5	3	3	5	5	3	4	2	2	41	2	84	US	R006605	S009238	2026-02-12
1	1	1	3	2	1	1	2	1	3	41	1	99	US	R006606	S012417	2026-02-22
4	2	4	4	3	4	1	4	3	4	18	1	94	US	R006607	S001246	2026-03-18
4	3	5	4	4	5	2	4	4	4	36	2	92	US	R006608	S004502	2026-03-26
4	5	2	4	2	3	5	1	4	4	51	1	93	US	R006609	S004890	2026-02-17
4	2	5	5	5	4	5	5	5	4	34	1	97	US	R006610	S004715	2026-03-03
4	1	5	5	5	2	5	5	4	5	40	2	81	US	R006611	S006516	2026-03-05
4	3	1	3	2	2	1	1	2	3	43	1	76	US	R006612	S000658	2026-03-25
5	2	2	5	3	1	2	2	2	5	31	2	91	US	R006613	S008804	2026-03-20
5	4	3	4	5	2	2	4	5	4	33	1	92	US	R006614	S006710	2026-02-15
2	4	3	5	5	3	5	5	5	5	18	2	88	US	R006615	S002994	2026-02-13
5	4	5	5	5	3	3	4	4	2	28	2	84	US	R006616	S000210	2026-02-08
4	5	2	4	4	2	2	4	1	2	41	1	73	US	R006617	S007800	2026-03-27
4	2	5	5	5	5	1	4	2	4	22	1	97	US	R006618	S001070	2026-03-19
2	3	4	5	4	3	4	5	3	4	18	2	85	US	R006619	S010143	2026-03-05
2	1	1	5	1	1	4	3	4	1	22	1	96	US	R006620	S002907	2026-03-26
4	2	4	4	4	3	1	4	1	5	49	1	68	US	R006621	S001225	2026-02-04
4	2	3	4	4	2	4	5	4	5	26	1	90	US	R006622	S009301	2026-03-15
5	4	1	4	4	5	1	4	3	5	33	2	82	US	R006623	S011248	2026-03-13
5	2	5	2	4	2	4	4	4	5	22	2	89	US	R006624	S000124	2026-02-10
2	2	2	2	1	1	4	2	4	4	20	1	78	US	R006625	S012396	2026-03-14
2	2	3	5	4	2	1	4	2	4	42	1	96	US	R006626	S005699	2026-02-27
4	2	2	5	3	1	2	4	2	2	39	1	79	US	R006627	S002086	2026-02-28
4	2	3	3	1	2	5	5	3	5	48	2	71	US	R006628	S006931	2026-03-27
4	2	2	5	4	3	4	3	2	5	39	1	96	US	R006629	S009776	2026-02-08
5	2	4	5	4	4	3	4	2	3	43	2	96	US	R006630	S006655	2026-03-01
4	5	2	4	4	2	3	5	4	2	23	1	91	US	R006631	S008206	2026-03-25
4	1	1	3	3	4	2	2	4	2	20	2	95	US	R006632	S012434	2026-02-14
4	3	3	5	4	4	1	4	4	4	18	2	79	US	R006633	S010137	2026-03-20
5	3	4	5	4	4	5	4	5	4	18	1	87	US	R006634	S006473	2026-02-20
4	2	4	4	4	2	4	5	5	3	40	1	94	US	R006635	S006775	2026-02-09
4	1	4	5	4	5	5	3	5	5	28	2	73	US	R006636	S006131	2026-03-16
2	4	3	2	4	3	4	3	5	4	23	2	97	US	R006637	S006958	2026-02-05
4	4	2	4	4	1	1	3	2	4	18	1	96	US	R006638	S011576	2026-02-16
5	5	2	5	2	2	4	4	4	3	26	1	94	US	R006639	S005532	2026-02-02
4	2	4	2	4	3	2	3	3	4	32	2	86	US	R006640	S007599	2026-03-17
2	1	1	4	1	1	1	4	2	4	23	2	77	US	R006641	S002036	2026-03-19
4	1	5	4	4	2	2	4	2	4	35	1	96	US	R006642	S002268	2026-02-27
3	4	2	4	3	4	4	2	4	1	49	1	93	US	R006643	S011447	2026-02-08
5	3	2	4	5	1	2	4	4	4	30	1	73	US	R006644	S003196	2026-02-08
2	2	2	2	2	1	1	5	2	3	18	2	89	US	R006645	S001230	2026-03-16
1	2	1	4	2	1	2	3	4	4	34	1	81	US	R006646	S008250	2026-02-07
1	2	2	5	2	2	2	5	1	3	49	2	80	US	R006647	S011874	2026-02-03
3	4	4	4	2	4	2	5	3	2	26	1	87	US	R006648	S001812	2026-02-28
2	4	4	4	2	5	3	4	4	4	19	1	88	US	R006649	S005852	2026-02-11
3	1	1	1	1	1	1	4	3	4	28	2	93	US	R006650	S011133	2026-03-14
5	3	3	5	3	1	4	3	4	3	41	1	96	US	R006651	S002736	2026-03-10
3	1	4	5	5	3	1	2	4	5	18	1	88	US	R006652	S004011	2026-02-10
4	4	2	5	5	1	3	3	5	5	41	2	97	US	R006653	S002313	2026-02-07
2	2	2	5	5	3	1	3	1	1	41	1	74	US	R006654	S004220	2026-02-09
3	2	4	4	4	3	4	4	5	4	21	1	97	US	R006655	S000642	2026-02-10
1	3	2	4	2	2	2	4	4	4	34	1	84	US	R006656	S000400	2026-03-18
2	2	2	5	2	2	3	2	4	3	31	1	100	US	R006657	S004687	2026-02-10
4	4	4	4	3	3	4	3	3	4	60	2	99	US	R006658	S005020	2026-02-22
3	2	2	1	1	1	2	3	5	5	44	2	94	US	R006659	S006649	2026-02-19
5	2	2	4	2	4	4	5	5	4	19	2	67	US	R006660	S002592	2026-02-15
2	4	1	5	3	2	1	3	2	2	31	1	97	US	R006661	S010004	2026-02-22
4	5	3	5	2	1	2	4	4	3	34	1	96	US	R006662	S011473	2026-03-06
4	2	2	4	4	2	2	2	4	4	54	1	82	US	R006663	S000202	2026-02-18
5	4	5	5	5	5	3	4	3	4	30	1	98	US	R006664	S005936	2026-02-02
2	2	2	3	4	1	1	2	3	1	38	2	95	US	R006665	S008331	2026-03-06
5	3	4	4	5	4	5	1	4	5	32	1	79	US	R006666	S012782	2026-02-22
4	2	5	4	2	1	5	5	4	4	27	1	57	US	R006667	S003124	2026-02-12
4	2	2	5	3	3	1	3	5	2	21	2	86	US	R006668	S001508	2026-02-23
5	2	5	5	4	2	1	2	1	2	35	1	78	US	R006669	S003165	2026-03-10
5	5	5	4	5	5	3	2	5	4	40	2	70	US	R006670	S001866	2026-02-13
5	4	4	5	5	5	5	5	4	5	48	2	67	US	R006671	S002122	2026-02-26
4	4	3	3	3	4	4	2	4	2	29	1	96	US	R006672	S000837	2026-02-08
1	5	4	3	4	2	2	4	4	4	23	2	98	US	R006673	S005433	2026-03-22
5	3	4	5	5	4	5	5	5	5	35	2	92	US	R006674	S000573	2026-02-24
4	2	4	3	2	3	4	4	4	5	40	1	76	US	R006675	S009708	2026-02-04
5	2	4	4	4	4	4	4	4	3	27	1	89	US	R006676	S005536	2026-02-11
4	3	5	4	2	2	2	4	4	4	43	2	91	US	R006677	S002735	2026-03-24
5	3	4	4	3	2	4	5	4	5	19	2	84	US	R006678	S001141	2026-03-12
4	5	3	5	5	4	2	5	4	2	48	1	86	US	R006679	S010969	2026-02-21
5	4	4	5	4	5	2	3	4	4	18	2	75	US	R006680	S007323	2026-02-23
5	2	4	5	5	4	5	5	4	5	53	2	83	US	R006681	S008220	2026-03-09
5	4	3	4	4	2	4	5	4	5	65	1	88	US	R006682	S006712	2026-03-04
2	2	2	4	4	2	5	3	4	5	54	1	92	US	R006683	S009883	2026-02-12
4	3	2	3	2	2	4	1	2	4	35	2	91	US	R006684	S007016	2026-02-18
5	2	5	5	4	3	2	5	4	5	46	1	90	US	R006685	S009529	2026-03-04
5	4	5	5	5	5	2	1	2	5	45	1	78	US	R006686	S008688	2026-03-19
1	4	3	5	2	2	2	4	4	5	45	1	90	US	R006687	S001846	2026-02-13
2	2	1	3	3	2	4	2	4	2	47	2	69	US	R006688	S000887	2026-03-21
2	2	4	5	2	2	4	5	4	5	25	2	82	US	R006689	S003820	2026-02-06
4	2	3	4	2	5	4	4	5	4	46	1	98	US	R006690	S010451	2026-02-22
4	4	5	5	5	5	5	4	5	5	37	1	74	US	R006691	S011131	2026-03-21
2	5	4	4	5	3	2	5	4	4	28	1	82	US	R006692	S004528	2026-03-17
5	4	5	4	5	4	5	4	5	5	18	1	77	US	R006693	S007561	2026-03-07
3	4	5	5	5	2	3	5	3	1	28	1	86	US	R006694	S011007	2026-02-14
4	5	4	4	2	1	4	4	4	5	39	1	98	US	R006695	S007962	2026-03-16
4	3	4	4	1	2	4	4	5	4	29	2	70	US	R006696	S010374	2026-02-11
5	5	5	5	5	5	3	2	2	5	37	1	88	US	R006697	S001451	2026-03-19
4	3	3	5	5	1	4	3	4	3	65	2	46	US	R006698	S005386	2026-02-18
5	2	4	4	2	2	5	4	2	3	32	1	69	US	R006699	S002283	2026-03-08
5	5	5	5	4	2	3	4	4	4	39	1	85	US	R006700	S007727	2026-03-15
3	5	4	5	3	2	2	5	5	4	29	2	55	US	R006701	S005670	2026-02-19
5	3	4	5	5	5	4	5	4	2	19	2	64	US	R006702	S009415	2026-02-13
5	5	5	5	5	4	5	4	5	4	39	2	93	US	R006703	S006190	2026-03-05
4	4	2	4	2	2	2	3	4	4	32	1	78	US	R006704	S011706	2026-02-06
4	3	3	4	2	3	3	3	4	4	25	1	93	US	R006705	S010352	2026-03-20
5	5	5	4	3	1	3	3	4	3	50	2	91	US	R006706	S012394	2026-03-14
4	2	3	4	4	1	1	1	2	1	27	2	63	US	R006707	S010567	2026-02-15
3	2	2	4	3	1	4	2	4	1	51	2	91	US	R006708	S008245	2026-02-11
4	2	1	5	2	1	5	5	5	5	60	2	83	US	R006709	S002237	2026-02-18
4	4	2	2	3	2	1	3	1	5	21	2	83	US	R006710	S002462	2026-03-02
5	4	2	4	3	1	5	5	5	5	33	1	91	US	R006711	S012924	2026-02-24
4	5	5	4	5	5	5	4	3	3	38	1	75	US	R006712	S001231	2026-02-02
2	2	2	4	2	1	3	4	4	4	32	1	89	US	R006713	S009850	2026-02-06
4	2	1	5	2	3	1	4	4	4	34	1	98	US	R006714	S006135	2026-02-11
4	2	4	3	3	5	2	2	3	4	47	1	46	US	R006715	S000182	2026-03-03
4	3	2	4	2	3	2	1	4	4	41	1	76	US	R006716	S003119	2026-03-16
4	3	5	5	4	4	4	4	4	1	24	1	89	US	R006717	S006812	2026-02-17
4	3	3	4	2	1	2	4	1	1	31	1	86	US	R006718	S000183	2026-03-25
5	2	4	5	5	2	3	1	5	4	27	2	93	US	R006719	S006661	2026-02-08
2	3	2	3	3	1	1	2	2	4	48	1	98	US	R006720	S002446	2026-03-27
3	2	3	4	2	1	1	2	2	1	48	2	79	US	R006721	S002146	2026-02-23
4	2	2	5	2	1	3	4	5	4	67	1	80	US	R006722	S005767	2026-03-22
4	2	2	4	3	2	5	4	4	4	34	2	97	US	R006723	S003555	2026-03-03
4	3	4	5	5	4	2	4	4	4	30	1	91	US	R006724	S010901	2026-02-21
4	3	5	4	4	2	4	3	4	5	18	1	91	US	R006725	S001930	2026-02-14
4	2	5	5	4	4	5	2	4	4	26	2	92	US	R006726	S009819	2026-03-18
2	5	3	4	4	3	1	3	5	3	64	1	94	US	R006727	S012338	2026-03-16
4	4	4	5	5	4	4	4	4	5	34	2	70	US	R006728	S004267	2026-02-07
4	3	5	5	1	2	4	4	5	5	28	1	96	US	R006729	S008043	2026-03-08
2	5	4	4	3	2	3	4	2	4	50	1	91	US	R006730	S012294	2026-03-01
3	1	2	3	3	1	3	4	2	4	21	1	87	US	R006731	S004811	2026-03-25
2	1	3	3	2	2	5	4	5	5	36	1	97	US	R006732	S002039	2026-03-08
4	5	5	5	5	5	4	5	5	3	23	1	91	US	R006733	S012430	2026-03-13
3	4	4	4	5	4	3	4	3	4	31	1	81	US	R006734	S007081	2026-03-14
3	3	5	5	5	3	5	5	4	4	37	1	76	US	R006735	S002623	2026-03-26
4	4	2	4	4	2	1	1	4	3	42	1	95	US	R006736	S001767	2026-02-07
4	2	3	4	3	4	3	5	5	3	21	1	84	US	R006737	S010973	2026-02-09
1	1	4	2	2	2	2	1	4	4	44	2	60	US	R006738	S002435	2026-02-09
5	2	4	4	4	2	5	4	2	5	23	1	92	US	R006739	S003998	2026-03-01
4	4	5	4	3	1	3	5	2	5	19	2	94	US	R006740	S012053	2026-02-18
3	2	4	5	4	3	3	4	5	5	39	2	94	US	R006741	S009118	2026-02-13
4	2	2	4	3	1	4	4	3	4	32	1	53	US	R006742	S003091	2026-02-20
5	2	5	3	4	2	3	4	5	4	49	1	84	US	R006743	S001788	2026-02-05
1	1	2	1	1	1	1	1	2	3	40	1	65	US	R006744	S005093	2026-03-25
2	4	4	4	4	2	2	4	2	2	43	1	93	US	R006745	S009158	2026-03-17
5	3	4	3	4	5	5	4	5	4	53	2	87	US	R006746	S006901	2026-03-17
5	3	5	5	5	3	5	5	4	5	28	2	95	US	R006747	S012499	2026-02-26
5	2	5	4	4	2	3	2	4	1	56	1	83	US	R006748	S000019	2026-02-06
2	5	1	4	2	2	2	2	5	4	37	2	94	US	R006749	S003761	2026-02-12
5	1	4	5	5	3	4	2	3	4	24	1	86	US	R006750	S005783	2026-03-17
4	5	3	4	3	2	4	5	4	5	40	2	73	US	R006751	S003055	2026-02-18
4	3	1	4	4	2	2	2	4	4	43	1	82	US	R006752	S001831	2026-02-25
3	5	3	2	4	4	2	3	3	2	29	2	73	US	R006753	S006809	2026-02-09
4	4	4	5	3	4	3	1	2	4	27	1	83	US	R006754	S005556	2026-03-18
5	5	5	5	4	5	5	5	4	4	32	1	85	US	R006755	S000855	2026-02-18
4	4	4	4	2	5	4	3	5	5	42	1	89	US	R006756	S001969	2026-02-15
2	4	2	5	1	2	2	4	3	4	31	1	92	US	R006757	S008015	2026-03-03
5	4	5	5	4	4	2	4	4	4	38	1	89	US	R006758	S010547	2026-02-27
4	2	2	2	1	1	2	2	5	2	20	1	86	US	R006759	S003245	2026-02-13
3	1	3	5	4	4	3	4	5	4	51	1	58	US	R006760	S011776	2026-02-12
2	2	4	5	4	4	3	3	4	5	19	2	83	US	R006761	S010328	2026-02-06
4	5	5	5	5	4	1	3	4	3	21	1	96	US	R006762	S002433	2026-03-12
4	2	3	3	3	4	2	3	4	3	19	2	90	US	R006763	S004877	2026-02-24
4	2	4	3	4	3	4	2	5	4	55	1	79	US	R006764	S007835	2026-03-13
2	5	5	5	5	2	4	4	5	4	28	1	93	US	R006765	S010569	2026-02-27
4	4	4	5	4	2	3	3	2	2	18	1	71	US	R006766	S009792	2026-03-04
5	3	3	4	2	2	3	4	4	4	28	2	98	US	R006767	S005636	2026-02-25
4	4	2	3	2	1	3	3	4	2	28	1	97	US	R006768	S005410	2026-03-21
4	1	1	3	2	1	5	4	2	4	18	1	92	US	R006769	S000629	2026-03-19
4	4	4	4	2	2	2	2	4	4	48	1	90	US	R006770	S012497	2026-02-26
2	2	3	4	2	4	3	2	4	3	47	2	91	US	R006771	S009770	2026-02-17
2	2	4	4	3	3	4	2	4	5	20	1	79	US	R006772	S012266	2026-03-01
4	1	2	4	2	1	1	2	1	3	39	1	92	US	R006773	S003570	2026-03-01
4	2	4	5	4	1	1	1	2	2	32	2	82	US	R006774	S009292	2026-03-19
5	4	1	4	2	2	4	4	5	4	18	1	81	US	R006775	S009182	2026-02-18
1	4	2	4	2	1	1	3	3	3	22	1	91	US	R006776	S000197	2026-02-15
2	4	3	4	2	2	2	2	2	2	27	1	99	US	R006777	S010140	2026-02-18
4	3	2	5	3	2	1	2	3	4	43	1	77	US	R006778	S010755	2026-02-02
4	1	2	4	4	2	3	4	4	5	18	1	92	US	R006779	S006619	2026-02-18
5	1	2	5	4	5	5	4	5	4	21	1	88	US	R006780	S004113	2026-03-04
1	1	1	5	2	1	2	4	2	4	38	1	70	US	R006781	S004361	2026-03-22
5	1	4	5	5	4	1	2	4	3	34	1	99	US	R006782	S001494	2026-03-23
4	4	5	5	5	3	4	2	4	4	43	1	94	US	R006783	S005351	2026-03-06
5	4	2	4	4	1	2	4	3	4	28	1	71	US	R006784	S009939	2026-03-18
5	2	3	5	4	4	4	4	4	4	38	1	94	US	R006785	S000872	2026-02-10
4	4	3	4	2	2	4	2	2	5	58	1	91	US	R006786	S009504	2026-02-06
3	1	2	2	2	3	5	1	4	4	44	2	82	US	R006787	S005991	2026-03-05
1	5	4	4	4	2	5	2	4	5	27	2	91	US	R006788	S010668	2026-03-05
5	2	5	5	5	5	5	5	5	5	32	2	93	US	R006789	S010630	2026-03-13
5	2	4	5	4	2	5	5	5	5	36	1	51	US	R006790	S009119	2026-03-06
4	1	4	5	5	3	2	4	4	5	33	2	89	US	R006791	S001890	2026-02-03
4	3	3	2	3	1	2	4	2	5	47	1	73	US	R006792	S009631	2026-03-23
4	2	2	5	1	2	3	3	4	4	36	1	91	US	R006793	S000773	2026-03-05
5	2	5	5	4	2	4	4	4	5	27	1	89	US	R006794	S004081	2026-03-19
4	3	4	2	2	2	5	2	4	5	32	2	69	US	R006795	S005546	2026-03-12
4	5	4	3	3	4	5	5	5	5	29	1	81	US	R006796	S007547	2026-02-08
3	4	4	3	4	1	4	4	4	4	33	2	79	US	R006797	S003522	2026-03-06
4	2	5	3	4	4	4	4	5	2	36	1	84	US	R006798	S011947	2026-03-13
4	2	4	4	4	2	4	4	1	4	21	1	92	US	R006799	S004901	2026-02-13
4	2	5	5	2	5	5	5	5	4	40	1	93	US	R006800	S010930	2026-03-09
2	1	2	3	2	1	1	3	1	4	35	1	93	US	R006801	S003739	2026-03-01
2	1	2	4	1	2	5	5	5	5	51	2	88	US	R006802	S008256	2026-02-02
1	2	4	4	5	2	4	5	3	5	55	1	75	US	R006803	S005002	2026-02-17
5	5	5	5	5	4	3	4	4	4	20	2	72	US	R006804	S008638	2026-03-22
5	3	4	4	2	4	2	3	4	4	28	1	87	US	R006805	S010573	2026-02-20
5	4	5	5	5	3	4	2	4	4	18	2	98	US	R006806	S005617	2026-02-22
3	2	5	4	5	1	2	2	4	4	61	2	90	US	R006807	S011344	2026-02-23
4	2	4	4	3	2	2	1	4	4	18	1	86	US	R006808	S010293	2026-03-17
2	1	3	3	1	1	2	1	4	5	46	1	75	US	R006809	S011976	2026-02-09
2	4	3	3	3	2	1	2	3	4	47	1	85	US	R006810	S005547	2026-02-08
2	1	3	4	3	1	3	3	2	2	29	2	97	US	R006811	S006307	2026-03-01
5	3	2	4	4	3	2	4	4	5	30	1	89	US	R006812	S005582	2026-03-21
5	5	3	4	3	3	4	4	4	4	34	1	96	US	R006813	S004400	2026-03-15
5	2	4	4	4	2	2	2	2	1	45	2	60	US	R006814	S011793	2026-02-22
3	2	4	4	3	2	4	2	2	2	24	1	79	US	R006815	S004765	2026-03-19
4	5	2	4	3	2	5	4	4	4	20	1	84	US	R006816	S007094	2026-02-25
4	2	2	4	4	4	3	4	4	4	30	2	49	US	R006817	S003419	2026-02-22
4	2	2	3	2	1	4	3	3	2	46	2	88	US	R006818	S003889	2026-03-07
5	3	5	5	4	2	4	2	3	5	30	1	86	US	R006819	S007042	2026-03-06
4	4	5	5	5	3	5	4	5	3	27	1	87	US	R006820	S007859	2026-02-13
5	5	5	5	2	5	4	4	4	4	31	1	99	US	R006821	S011802	2026-02-03
5	5	5	5	5	5	5	5	5	5	59	1	78	US	R006822	S009857	2026-03-02
5	5	4	5	4	4	1	5	4	2	38	2	78	US	R006823	S007782	2026-02-18
5	3	3	4	3	2	4	2	5	2	35	2	93	US	R006824	S008621	2026-02-26
4	3	4	5	3	4	4	5	4	1	34	1	90	US	R006825	S002240	2026-02-16
4	3	2	4	1	2	1	3	3	3	32	2	61	US	R006826	S006360	2026-02-24
5	2	4	3	4	2	3	5	4	3	41	1	93	US	R006827	S006378	2026-02-12
5	1	2	5	4	1	2	2	3	1	47	2	88	US	R006828	S008910	2026-02-14
4	3	2	1	3	1	4	4	5	4	38	1	62	US	R006829	S007003	2026-03-17
2	2	3	5	4	3	4	3	4	2	31	1	88	US	R006830	S010746	2026-02-03
2	2	4	3	5	2	4	5	4	4	33	1	80	US	R006831	S002601	2026-03-11
4	4	2	4	1	1	1	3	1	1	38	1	85	US	R006832	S000954	2026-02-09
3	4	3	3	3	4	1	2	2	2	41	2	97	US	R006833	S009740	2026-03-10
5	5	5	5	5	5	1	4	2	1	28	1	95	US	R006834	S009612	2026-02-06
5	4	5	5	5	2	5	5	5	5	32	1	96	US	R006835	S009734	2026-03-23
4	3	1	5	3	2	3	4	4	5	20	2	85	US	R006836	S012029	2026-02-12
3	5	3	4	3	1	3	3	2	4	43	2	98	US	R006837	S009607	2026-02-13
5	3	4	5	4	4	1	3	2	1	42	2	84	US	R006838	S011919	2026-02-03
3	1	3	4	5	2	3	4	5	5	55	2	75	US	R006839	S009397	2026-02-04
2	4	2	4	2	2	3	5	4	4	42	1	70	US	R006840	S009306	2026-02-02
5	2	3	4	4	2	2	3	2	5	20	1	74	US	R006841	S003838	2026-02-17
4	5	4	5	4	4	5	5	5	5	28	1	100	US	R006842	S005838	2026-02-15
4	2	1	4	3	1	2	2	4	4	50	1	98	US	R006843	S011641	2026-02-21
1	4	3	4	5	1	4	2	4	5	43	2	75	US	R006844	S007848	2026-03-10
4	4	3	5	2	3	5	4	4	5	53	2	80	US	R006845	S010211	2026-02-04
3	2	1	2	2	1	3	1	1	1	31	2	98	US	R006846	S005790	2026-02-22
4	4	5	4	4	3	2	2	4	5	35	1	75	US	R006847	S007756	2026-02-25
2	1	2	3	1	1	4	4	5	4	18	1	83	US	R006848	S009619	2026-02-23
5	2	2	4	2	1	4	5	4	4	18	1	94	US	R006849	S012277	2026-02-07
5	2	4	5	5	4	5	5	5	5	35	1	93	US	R006850	S009436	2026-02-15
2	2	4	5	5	5	5	5	5	5	32	1	83	US	R006851	S012390	2026-02-05
1	3	1	1	1	1	2	2	2	2	32	2	92	US	R006852	S004918	2026-02-13
5	3	4	4	3	5	2	3	3	5	33	2	97	US	R006853	S004465	2026-02-23
5	4	4	3	4	1	2	4	4	3	18	1	78	US	R006854	S006802	2026-03-05
3	2	4	4	5	5	5	4	4	5	43	1	88	US	R006855	S011829	2026-03-11
5	3	5	5	5	2	3	1	3	5	32	1	91	US	R006856	S001645	2026-02-11
5	3	4	5	2	3	1	3	4	4	35	2	82	US	R006857	S012479	2026-02-02
4	4	3	5	4	2	4	4	5	5	18	1	89	US	R006858	S001082	2026-02-11
5	2	4	4	4	4	4	4	3	4	25	1	74	US	R006859	S009667	2026-02-06
3	4	2	3	1	1	5	1	1	5	34	2	84	US	R006860	S001298	2026-02-27
5	5	4	5	3	3	5	4	4	2	37	2	58	US	R006861	S000452	2026-02-03
5	3	4	5	5	4	4	3	4	5	37	2	72	US	R006862	S004288	2026-03-21
2	2	4	4	5	5	2	2	1	3	18	2	91	US	R006863	S003566	2026-03-17
2	3	2	4	2	1	3	3	4	2	19	2	85	US	R006864	S001856	2026-03-09
5	2	4	3	2	4	4	4	4	4	32	1	91	US	R006865	S004477	2026-02-08
4	3	2	2	4	2	1	3	2	4	30	2	93	US	R006866	S002760	2026-02-12
3	4	4	4	3	5	2	2	2	2	18	2	86	US	R006867	S006735	2026-03-09
5	4	5	5	5	5	4	4	4	2	20	2	86	US	R006868	S009176	2026-03-26
5	1	3	3	2	1	4	2	5	4	22	1	62	US	R006869	S004368	2026-02-13
4	1	4	3	3	3	4	4	2	4	22	1	81	US	R006870	S004349	2026-02-11
2	5	3	3	2	4	5	4	2	2	29	2	78	US	R006871	S007248	2026-03-27
5	4	5	5	5	5	2	2	1	4	65	1	98	US	R006872	S002522	2026-02-09
4	4	5	4	4	2	4	4	2	3	33	2	93	US	R006873	S002608	2026-02-05
3	4	3	4	4	4	1	2	4	3	57	1	88	US	R006874	S008323	2026-02-28
5	3	4	3	2	4	1	4	4	2	28	1	96	US	R006875	S003608	2026-02-24
2	4	3	3	2	2	2	5	4	4	39	1	89	US	R006876	S009426	2026-02-15
4	1	4	2	4	5	4	4	4	3	36	2	65	US	R006877	S000091	2026-02-24
5	1	5	5	5	4	4	5	4	3	51	1	98	US	R006878	S006718	2026-03-25
4	2	3	5	5	2	4	1	4	4	18	2	94	US	R006879	S001573	2026-02-22
4	3	4	5	3	5	5	4	4	5	37	2	78	US	R006880	S005631	2026-03-06
4	4	4	3	3	1	5	3	1	2	21	1	99	US	R006881	S009606	2026-02-06
4	1	1	5	1	1	1	1	4	2	18	1	89	US	R006882	S009266	2026-02-02
4	1	1	4	2	1	4	2	4	4	34	1	91	US	R006883	S012407	2026-02-14
4	1	4	3	2	2	3	5	2	4	45	1	73	US	R006884	S004240	2026-03-02
4	4	4	4	4	2	4	4	4	4	31	1	86	US	R006885	S003417	2026-03-26
4	3	3	2	2	1	1	3	2	2	41	2	72	US	R006886	S011617	2026-02-17
5	5	5	4	4	4	5	3	5	4	25	1	91	US	R006887	S007311	2026-03-03
5	1	5	5	4	4	4	3	4	4	41	1	96	US	R006888	S011360	2026-02-02
5	1	2	4	2	2	4	4	4	4	24	2	97	US	R006889	S002316	2026-03-25
4	2	4	5	4	5	3	5	5	3	35	2	66	US	R006890	S010900	2026-03-22
5	4	5	5	5	3	4	5	5	5	33	1	92	US	R006891	S000177	2026-03-10
3	5	3	5	3	4	4	2	4	3	44	2	58	US	R006892	S001828	2026-03-23
5	5	5	5	4	5	5	5	5	5	22	1	91	US	R006893	S011421	2026-02-23
4	1	3	5	4	4	1	2	1	4	59	2	90	US	R006894	S002473	2026-02-15
4	4	2	2	4	2	4	2	2	4	18	1	89	US	R006895	S001149	2026-03-06
2	1	3	4	1	1	4	5	4	4	52	1	78	US	R006896	S004067	2026-02-08
2	1	4	4	2	2	1	2	3	4	26	2	94	US	R006897	S006656	2026-02-02
1	5	3	3	4	2	2	4	3	3	46	1	94	US	R006898	S009767	2026-02-05
4	4	2	2	2	1	4	2	3	4	29	1	95	US	R006899	S011169	2026-02-20
3	1	2	3	3	2	1	4	4	4	18	1	81	US	R006900	S011562	2026-02-07
4	2	4	3	2	2	5	4	4	4	50	1	78	US	R006901	S011862	2026-03-02
4	2	4	2	1	2	2	3	4	4	36	1	90	US	R006902	S012157	2026-03-05
2	1	1	3	3	1	1	1	2	2	43	2	86	US	R006903	S000645	2026-02-09
4	3	3	4	4	5	5	3	4	5	41	1	79	US	R006904	S006726	2026-02-26
4	3	1	5	4	1	2	3	2	5	28	2	81	US	R006905	S005807	2026-02-17
4	2	5	4	5	4	5	4	5	5	25	2	74	US	R006906	S012421	2026-03-03
4	1	4	4	2	2	5	4	5	5	26	1	80	US	R006907	S009316	2026-02-03
5	3	3	2	1	2	4	1	4	4	34	1	84	US	R006908	S010499	2026-03-25
1	4	2	4	2	2	3	4	1	4	34	2	95	US	R006909	S007165	2026-03-07
3	2	4	5	4	1	1	2	2	1	40	1	96	US	R006910	S008294	2026-03-10
5	3	4	5	5	4	3	4	4	5	19	1	91	US	R006911	S012769	2026-02-27
4	4	5	4	2	3	4	4	5	4	32	2	92	US	R006912	S001706	2026-02-23
5	2	4	5	4	5	4	4	3	4	38	2	72	US	R006913	S009255	2026-03-17
3	4	2	4	3	1	2	4	1	3	42	1	69	US	R006914	S004602	2026-03-26
5	3	4	5	4	2	1	1	1	3	23	1	62	US	R006915	S001505	2026-02-20
2	3	3	3	3	4	5	3	3	2	39	1	79	US	R006916	S008355	2026-02-28
5	2	5	5	5	5	4	2	2	4	46	2	81	US	R006917	S008676	2026-03-21
5	3	5	4	4	2	2	4	2	2	20	1	74	US	R006918	S011890	2026-02-18
5	2	5	3	5	5	5	5	5	5	51	2	70	US	R006919	S006708	2026-02-26
3	2	1	3	3	1	3	5	4	5	52	1	83	US	R006920	S005436	2026-03-14
4	4	5	5	5	3	2	1	1	3	45	1	84	US	R006921	S011897	2026-03-02
4	4	3	1	4	3	2	2	3	3	27	1	74	US	R006922	S012335	2026-03-06
4	1	3	3	4	3	5	5	3	3	49	2	73	US	R006923	S011250	2026-02-07
5	3	4	5	4	2	2	4	4	4	20	2	81	US	R006924	S010229	2026-03-10
2	5	4	5	4	2	3	4	3	4	18	2	96	US	R006925	S012623	2026-02-25
4	4	1	5	3	1	5	5	4	5	29	2	99	US	R006926	S005678	2026-02-26
5	2	4	4	4	2	5	2	4	3	26	2	60	US	R006927	S007552	2026-02-10
1	2	2	2	2	2	2	4	3	4	25	1	60	US	R006928	S009151	2026-03-12
5	2	2	4	3	2	4	4	2	5	33	2	99	US	R006929	S002771	2026-03-20
4	3	4	5	4	2	4	5	4	4	53	1	85	US	R006930	S010278	2026-03-21
4	2	3	5	4	4	4	3	5	4	45	1	73	US	R006931	S001880	2026-03-13
3	5	4	5	5	4	4	5	4	5	38	2	85	US	R006932	S000889	2026-03-11
4	2	4	5	3	5	4	4	4	5	24	2	92	US	R006933	S004959	2026-02-14
4	2	2	4	4	5	4	5	2	4	52	1	85	US	R006934	S007083	2026-02-06
4	3	5	4	2	1	5	5	4	4	18	1	74	US	R006935	S012534	2026-02-02
4	2	4	3	2	2	4	3	4	3	26	1	99	US	R006936	S005752	2026-03-26
2	4	4	4	4	3	3	3	4	5	48	2	92	US	R006937	S004548	2026-03-13
4	3	5	5	5	5	4	5	5	4	41	2	88	US	R006938	S001704	2026-03-13
2	2	2	2	1	1	3	4	4	2	34	1	95	US	R006939	S001251	2026-03-12
4	5	4	4	4	4	3	2	5	2	47	2	86	US	R006940	S006653	2026-02-05
5	2	5	4	5	4	5	4	4	2	50	1	59	US	R006941	S006553	2026-02-14
2	3	4	5	4	2	5	5	4	5	63	2	100	US	R006942	S007904	2026-02-10
5	5	5	5	5	5	2	3	4	3	28	1	76	US	R006943	S004667	2026-03-09
4	4	3	4	4	4	4	3	4	4	32	1	85	US	R006944	S009701	2026-03-01
3	2	3	5	3	1	2	4	5	3	25	1	93	US	R006945	S000859	2026-02-27
2	4	2	4	4	2	1	5	5	2	46	2	85	US	R006946	S009213	2026-02-07
5	4	4	3	4	2	2	4	5	4	53	2	88	US	R006947	S007896	2026-02-16
4	3	4	3	4	1	3	5	4	4	47	1	66	US	R006948	S010931	2026-03-13
2	1	5	5	3	4	3	2	4	5	53	1	87	US	R006949	S001162	2026-02-20
3	4	4	3	4	4	3	5	4	3	25	1	82	US	R006950	S002654	2026-03-02
5	4	5	5	5	4	5	4	5	5	54	2	81	US	R006951	S010589	2026-03-05
1	1	2	1	1	1	1	1	1	1	32	1	69	US	R006952	S007744	2026-03-04
2	3	1	2	2	2	2	2	3	5	47	1	89	US	R006953	S006589	2026-03-24
4	3	3	4	4	1	3	2	2	3	34	2	78	US	R006954	S010078	2026-03-15
5	1	5	3	3	5	5	5	4	5	35	1	85	US	R006955	S002571	2026-02-22
3	2	1	3	3	1	5	3	2	1	33	1	93	US	R006956	S002549	2026-02-10
5	2	5	5	4	5	4	3	5	4	29	1	98	US	R006957	S011335	2026-02-17
5	4	4	5	5	5	4	5	4	4	38	1	90	US	R006958	S011446	2026-03-15
4	2	4	4	4	3	2	4	2	3	22	2	73	US	R006959	S002607	2026-02-06
4	2	2	2	4	2	4	4	4	5	26	1	98	US	R006960	S001001	2026-03-19
4	3	2	4	4	1	4	5	5	5	35	1	83	US	R006961	S005590	2026-02-04
3	2	1	4	2	2	2	1	1	3	42	1	75	US	R006962	S001712	2026-03-13
4	4	3	5	3	1	1	1	3	5	26	2	75	US	R006963	S005205	2026-02-05
4	1	4	1	3	2	5	3	5	5	22	2	99	US	R006964	S011535	2026-02-23
4	3	2	5	4	4	4	2	1	3	49	1	95	US	R006965	S005158	2026-03-09
4	3	4	5	4	3	4	4	4	5	39	2	82	US	R006966	S004947	2026-02-21
2	4	2	4	2	1	1	2	4	1	52	2	95	US	R006967	S007864	2026-02-20
4	1	4	5	2	4	5	5	4	4	25	1	93	US	R006968	S006905	2026-02-17
3	4	4	4	2	3	4	2	4	5	33	1	89	US	R006969	S004204	2026-03-06
5	3	4	5	3	4	4	4	3	2	36	1	95	US	R006970	S004704	2026-03-24
1	2	2	4	4	1	4	4	4	3	44	1	91	US	R006971	S003275	2026-02-14
4	2	5	3	4	2	1	2	4	3	31	1	90	US	R006972	S012500	2026-02-25
1	2	4	4	2	1	1	2	1	1	23	1	95	US	R006973	S009840	2026-02-20
5	3	2	4	2	2	3	4	4	5	46	1	79	US	R006974	S009282	2026-02-19
4	2	5	4	4	2	1	4	3	4	60	1	78	US	R006975	S000115	2026-02-19
4	1	1	5	2	1	1	3	2	4	44	2	87	US	R006976	S003788	2026-02-21
2	2	2	4	4	1	3	4	4	5	25	1	75	US	R006977	S005225	2026-03-10
4	2	3	3	1	2	3	5	3	4	43	1	53	US	R006978	S005519	2026-03-04
5	4	2	4	4	1	2	2	3	4	33	1	91	US	R006979	S002681	2026-03-06
3	2	4	4	4	2	2	4	4	3	39	1	90	US	R006980	S000684	2026-02-28
3	2	2	4	1	3	4	2	4	5	35	2	95	US	R006981	S002564	2026-02-19
4	4	4	5	3	4	2	1	4	4	32	2	84	US	R006982	S007390	2026-02-22
5	5	1	3	3	2	1	4	4	3	33	1	92	US	R006983	S001870	2026-03-08
4	4	4	5	1	3	4	4	2	4	35	1	89	US	R006984	S004062	2026-03-22
5	4	3	5	2	5	3	2	1	2	30	1	81	US	R006985	S008588	2026-02-26
4	1	4	5	4	3	5	5	5	5	31	2	73	US	R006986	S000675	2026-02-26
5	4	3	5	2	1	4	4	5	4	38	2	95	US	R006987	S010346	2026-03-25
3	4	1	5	2	2	2	1	1	2	33	1	96	US	R006988	S009420	2026-03-14
5	3	4	4	4	2	2	2	1	4	18	1	90	US	R006989	S002991	2026-02-07
2	2	3	4	2	4	1	2	2	5	30	1	94	US	R006990	S005434	2026-03-07
4	1	5	4	3	3	4	3	5	5	50	1	78	US	R006991	S006627	2026-02-14
5	1	5	4	4	2	4	5	4	3	64	1	85	US	R006992	S004001	2026-03-09
4	2	2	5	2	3	4	3	4	3	58	1	58	US	R006993	S000771	2026-03-06
4	2	4	4	4	2	2	1	4	4	34	1	86	US	R006994	S001188	2026-02-05
5	4	5	5	5	5	5	5	4	5	22	1	76	US	R006995	S009948	2026-03-13
2	3	2	4	2	2	5	5	5	4	18	1	97	US	R006996	S006964	2026-02-23
4	4	2	5	4	1	1	1	4	2	29	1	86	US	R006997	S006990	2026-02-12
4	4	5	4	4	3	2	3	2	2	33	1	91	US	R006998	S011884	2026-03-19
4	2	5	5	1	1	1	1	2	4	29	2	97	US	R006999	S004620	2026-02-25
5	5	5	5	4	5	4	2	4	4	18	2	94	US	R007000	S010401	2026-02-20
5	2	4	5	5	2	3	4	3	4	46	2	65	US	R007001	S012001	2026-03-21
4	2	4	4	5	5	2	5	2	4	35	1	96	US	R007002	S003782	2026-02-05
5	3	4	5	4	4	5	4	5	5	34	1	78	US	R007003	S000679	2026-02-16
3	1	1	4	1	2	1	1	1	2	49	1	83	US	R007004	S006056	2026-03-14
4	2	3	4	3	2	3	4	3	4	31	2	96	US	R007005	S010747	2026-03-03
3	3	3	3	4	4	1	4	4	4	33	2	67	US	R007006	S001967	2026-02-15
5	4	4	4	2	1	2	3	4	4	32	2	70	US	R007007	S012128	2026-02-17
3	2	2	5	4	1	2	2	2	2	40	2	97	US	R007008	S007071	2026-02-11
3	2	2	4	2	3	2	2	2	4	41	2	74	US	R007009	S009052	2026-03-09
5	2	4	5	5	5	2	1	4	1	39	1	95	US	R007010	S004887	2026-03-18
1	4	1	1	3	1	1	1	1	3	32	1	85	US	R007011	S005010	2026-03-17
5	1	1	2	1	1	3	4	4	4	27	1	96	US	R007012	S011822	2026-03-13
4	5	4	5	4	4	5	5	5	5	28	1	100	US	R007013	S007604	2026-02-13
5	2	5	5	2	5	1	1	2	4	36	1	89	US	R007014	S005161	2026-02-27
4	5	2	5	2	2	1	1	1	1	25	2	99	US	R007015	S009842	2026-03-13
5	4	4	5	2	2	3	4	2	4	18	2	81	US	R007016	S004626	2026-03-24
5	5	2	5	2	2	3	3	5	4	27	1	97	US	R007017	S010258	2026-03-10
4	2	4	4	4	4	2	4	2	5	57	2	91	US	R007018	S006070	2026-02-17
3	2	2	4	4	1	4	2	5	4	41	2	83	US	R007019	S003067	2026-02-06
5	1	5	4	3	5	3	4	4	1	36	1	77	US	R007020	S003199	2026-02-25
4	3	2	3	2	2	1	4	2	4	48	2	90	US	R007021	S003599	2026-03-05
5	2	3	5	2	1	4	4	4	4	25	1	82	US	R007022	S005207	2026-02-19
5	2	4	2	4	2	1	1	2	2	38	1	80	US	R007023	S004943	2026-02-11
5	3	2	3	2	2	5	4	4	5	38	1	89	US	R007024	S005669	2026-03-03
5	2	2	5	2	2	2	4	3	3	37	2	87	US	R007025	S005127	2026-02-15
5	1	4	3	4	2	4	2	4	3	60	1	95	US	R007026	S011324	2026-02-11
2	4	3	5	2	1	4	1	5	1	33	1	75	US	R007027	S000022	2026-03-19
5	5	4	5	4	5	3	4	4	5	19	1	97	US	R007028	S005811	2026-03-12
5	1	3	5	3	3	4	1	2	2	47	2	98	US	R007029	S005314	2026-02-23
4	2	2	4	3	4	3	2	2	4	26	1	87	US	R007030	S011052	2026-02-03
2	5	1	5	2	1	1	1	3	4	18	1	75	US	R007031	S004605	2026-02-23
2	3	2	4	2	1	1	1	2	2	31	1	97	US	R007032	S012517	2026-02-02
4	4	2	5	4	2	5	5	4	5	37	1	92	US	R007033	S011106	2026-02-12
5	2	3	5	2	4	2	5	2	2	20	1	59	US	R007034	S001127	2026-03-13
3	1	2	4	1	2	1	3	4	4	35	1	97	US	R007035	S011894	2026-02-15
4	2	2	4	5	4	3	5	1	5	24	2	95	US	R007036	S001589	2026-03-27
4	4	3	5	3	2	2	4	2	3	27	1	71	US	R007037	S010421	2026-02-21
4	1	2	4	5	2	1	1	1	1	19	2	96	US	R007038	S007004	2026-02-19
4	1	5	5	4	1	5	5	5	5	42	2	67	US	R007039	S010526	2026-02-18
4	1	4	4	4	2	2	5	3	4	42	2	94	US	R007040	S004025	2026-03-13
4	2	2	4	2	1	5	4	5	5	35	2	94	US	R007041	S012687	2026-03-03
5	2	1	4	1	1	1	1	1	3	28	1	93	US	R007042	S011206	2026-03-01
5	5	4	4	4	4	2	2	2	4	34	2	94	US	R007043	S007290	2026-03-16
3	3	4	4	4	1	3	2	3	3	24	1	89	US	R007044	S002416	2026-02-03
5	4	5	5	5	4	5	5	5	5	27	1	84	US	R007045	S004793	2026-02-11
5	2	5	3	3	5	1	2	4	4	21	1	89	US	R007046	S006697	2026-02-20
5	5	5	3	5	5	5	4	5	4	40	1	72	US	R007047	S008239	2026-03-12
4	5	3	4	5	2	2	4	4	5	30	1	97	US	R007048	S005011	2026-03-15
3	4	4	5	5	4	4	5	1	5	29	2	71	US	R007049	S002206	2026-03-17
5	4	5	5	4	3	3	4	4	5	23	1	82	US	R007050	S001085	2026-03-27
4	4	3	4	5	2	4	5	4	4	53	1	94	US	R007051	S012567	2026-03-19
5	3	5	5	5	4	5	4	4	4	37	1	94	US	R007052	S009649	2026-03-15
2	4	1	3	2	2	2	3	3	5	42	2	92	US	R007053	S004211	2026-02-13
4	2	5	5	4	3	3	3	5	3	34	1	81	US	R007054	S007034	2026-03-17
5	4	5	5	4	4	5	4	3	5	42	1	96	US	R007055	S008874	2026-03-03
5	3	2	4	4	2	4	4	4	4	40	2	74	US	R007056	S001218	2026-03-20
5	4	2	5	4	4	5	5	4	4	31	2	96	US	R007057	S002894	2026-03-13
4	3	4	4	5	5	2	2	4	4	29	1	94	US	R007058	S007681	2026-02-17
5	4	4	4	2	5	4	4	4	5	44	1	93	US	R007059	S003301	2026-03-25
3	1	2	2	2	1	2	3	4	4	37	1	69	US	R007060	S008282	2026-03-22
2	2	3	3	3	1	4	4	4	5	40	2	88	US	R007061	S003345	2026-02-19
4	4	4	2	4	3	5	5	5	5	32	1	82	US	R007062	S005549	2026-02-21
5	4	4	4	3	1	2	5	3	1	34	1	85	US	R007063	S009365	2026-03-01
5	4	5	5	1	3	5	5	5	5	18	2	91	US	R007064	S001625	2026-02-17
1	5	5	4	4	4	4	1	5	5	20	1	90	US	R007065	S006005	2026-03-19
4	2	4	4	3	2	4	5	4	5	44	1	91	US	R007066	S007382	2026-02-28
5	5	4	4	5	2	3	4	2	5	52	1	93	US	R007067	S005230	2026-03-09
1	1	1	3	1	1	1	2	1	5	34	1	85	US	R007068	S011621	2026-02-14
4	1	2	4	4	4	1	2	3	4	45	2	95	US	R007069	S001394	2026-02-02
4	1	4	4	1	3	5	5	4	5	22	2	80	US	R007070	S007405	2026-03-13
4	4	4	5	4	4	5	4	5	4	51	1	88	US	R007071	S010214	2026-02-16
5	5	5	5	3	5	3	4	4	5	26	1	74	US	R007072	S008985	2026-03-09
5	3	4	4	3	3	5	4	5	4	45	2	77	US	R007073	S012097	2026-02-23
1	4	4	5	4	1	1	2	3	3	32	2	90	US	R007074	S010711	2026-03-19
4	5	2	3	4	1	5	5	4	4	39	1	73	US	R007075	S003713	2026-02-04
5	3	3	5	3	4	4	3	3	4	53	1	73	US	R007076	S011512	2026-03-04
5	5	4	4	5	3	5	5	5	5	31	1	78	US	R007077	S003042	2026-02-13
4	2	5	4	5	5	4	3	4	3	28	1	83	US	R007078	S008398	2026-02-02
4	2	5	5	4	5	5	4	4	5	51	2	76	US	R007079	S001221	2026-03-01
3	1	4	2	2	2	2	2	2	4	32	1	99	US	R007080	S004315	2026-03-01
1	1	4	4	1	1	4	4	4	4	51	1	80	US	R007081	S000036	2026-03-08
5	2	4	4	5	1	4	5	4	3	55	1	83	US	R007082	S012768	2026-02-04
4	1	4	3	2	1	5	4	3	4	44	2	99	US	R007083	S005438	2026-03-02
4	2	2	4	2	3	3	5	4	5	42	1	76	US	R007084	S003442	2026-02-07
5	3	3	5	5	4	5	4	5	4	30	2	76	US	R007085	S007639	2026-03-16
2	3	2	4	1	1	2	4	4	4	18	2	98	US	R007086	S011082	2026-02-05
4	5	1	1	1	2	2	2	2	2	48	1	94	US	R007087	S008169	2026-02-08
2	2	3	5	4	4	3	3	4	5	35	1	88	US	R007088	S001279	2026-03-15
5	2	5	5	5	4	5	5	4	5	34	1	85	US	R007089	S000983	2026-03-25
3	3	3	4	5	5	1	3	5	5	47	2	87	US	R007090	S000596	2026-03-04
3	5	2	4	3	1	2	4	4	3	43	2	79	US	R007091	S008254	2026-02-18
5	4	4	2	2	2	5	4	5	5	42	1	96	US	R007092	S012530	2026-03-07
5	2	2	5	3	1	2	3	2	4	45	2	85	US	R007093	S011238	2026-02-02
2	2	1	5	2	1	2	4	4	5	30	1	96	US	R007094	S012775	2026-03-05
5	5	3	4	5	2	2	5	4	3	37	1	63	US	R007095	S000745	2026-03-27
4	2	2	5	5	2	2	3	4	5	31	2	91	US	R007096	S002138	2026-02-08
1	3	4	5	3	4	2	4	2	2	45	1	96	US	R007097	S010516	2026-02-11
4	4	5	5	5	4	4	1	4	2	44	1	83	US	R007098	S006305	2026-03-17
4	3	2	3	4	1	4	5	3	5	41	1	86	US	R007099	S006680	2026-03-27
3	2	4	3	2	2	3	4	2	4	25	2	88	US	R007100	S004966	2026-02-04
5	4	5	4	5	4	1	4	2	2	23	1	69	US	R007101	S005174	2026-02-13
5	4	4	4	3	3	5	4	4	4	30	1	75	US	R007102	S004604	2026-02-18
5	3	5	5	3	4	2	2	3	4	38	1	74	US	R007103	S000329	2026-02-07
4	5	4	4	4	3	2	5	4	4	32	1	90	US	R007104	S001219	2026-02-28
5	2	3	5	4	2	3	1	3	4	33	1	87	US	R007105	S003137	2026-03-12
4	2	5	5	5	2	5	4	5	2	23	1	91	US	R007106	S010978	2026-02-21
4	3	4	5	3	1	3	3	4	4	52	1	96	US	R007107	S005430	2026-02-07
4	2	3	1	2	3	2	5	3	1	30	2	96	US	R007108	S005958	2026-03-08
3	3	5	4	5	4	3	4	4	5	51	2	65	US	R007109	S007037	2026-02-25
4	2	2	5	4	4	5	4	4	4	38	2	92	US	R007110	S003131	2026-02-27
4	5	2	4	4	2	3	5	4	3	23	1	80	US	R007111	S002832	2026-03-12
4	4	4	4	4	4	2	3	4	4	60	1	93	US	R007112	S004362	2026-03-13
3	3	2	5	3	3	1	4	2	3	33	1	80	US	R007113	S005963	2026-03-10
5	4	4	4	2	4	2	1	1	3	32	1	81	US	R007114	S010435	2026-02-24
2	1	1	4	4	2	2	4	3	2	31	2	84	US	R007115	S003207	2026-03-20
5	3	2	4	2	3	5	4	5	5	39	1	88	US	R007116	S007856	2026-02-14
1	1	5	4	4	2	4	4	5	2	52	2	69	US	R007117	S009080	2026-03-24
5	2	3	5	4	3	2	4	3	3	43	1	97	US	R007118	S011581	2026-02-02
4	2	4	5	5	5	1	4	2	3	24	1	92	US	R007119	S005650	2026-03-06
4	3	4	5	5	4	4	2	5	5	46	2	88	US	R007120	S010382	2026-02-26
2	4	3	1	4	1	2	4	3	4	52	1	89	US	R007121	S008795	2026-02-12
5	1	5	5	4	5	5	4	1	3	44	1	93	US	R007122	S002456	2026-02-10
5	2	5	4	5	1	3	4	4	4	34	2	98	US	R007123	S005602	2026-03-02
4	2	4	4	5	1	2	2	3	1	39	2	87	US	R007124	S005716	2026-02-02
4	2	3	2	2	2	4	4	2	4	18	1	81	US	R007125	S005871	2026-02-17
5	2	4	4	5	5	4	3	5	4	27	1	70	US	R007126	S009056	2026-02-08
5	4	3	4	3	1	4	4	5	4	42	1	92	US	R007127	S011936	2026-02-11
4	2	2	2	4	1	4	4	5	4	21	1	92	US	R007128	S012089	2026-03-27
2	3	3	4	3	4	4	4	4	5	53	1	95	US	R007129	S005037	2026-03-18
5	5	5	5	5	4	5	5	4	5	44	1	92	US	R007130	S008598	2026-03-12
5	5	2	4	1	1	3	2	5	5	28	1	84	US	R007131	S002170	2026-02-09
5	3	2	2	5	2	5	5	4	4	18	1	93	US	R007132	S001974	2026-03-26
5	5	5	2	4	4	4	5	5	5	50	1	91	US	R007133	S002355	2026-03-05
5	3	4	5	2	3	2	2	4	5	52	1	85	US	R007134	S008308	2026-02-22
4	2	4	3	2	2	2	2	2	2	29	1	98	US	R007135	S011290	2026-03-06
5	1	2	5	5	5	4	3	4	4	23	1	76	US	R007136	S012573	2026-03-01
4	2	4	5	3	4	5	2	5	2	23	2	95	US	R007137	S002494	2026-03-01
2	2	1	4	2	1	4	4	4	4	32	2	82	US	R007138	S002636	2026-02-02
5	5	3	5	4	2	2	4	3	3	22	2	92	US	R007139	S001387	2026-03-06
5	2	5	5	5	2	5	5	5	5	38	1	79	US	R007140	S003294	2026-02-07
4	2	1	5	2	1	2	3	1	2	47	1	98	US	R007141	S008586	2026-02-17
3	4	4	4	1	2	4	5	5	5	35	2	73	US	R007142	S004544	2026-03-22
3	1	3	3	2	4	2	5	2	5	25	2	82	US	R007143	S011033	2026-03-19
2	3	4	4	4	2	3	4	2	5	34	1	85	US	R007144	S007634	2026-03-17
4	5	2	3	4	1	4	1	4	5	51	1	84	US	R007145	S002656	2026-03-23
4	5	5	5	5	3	5	5	4	2	45	1	88	US	R007146	S010520	2026-03-25
5	3	3	3	3	2	3	5	4	5	60	1	86	US	R007147	S002599	2026-02-22
3	4	3	3	4	2	4	2	4	2	33	1	90	US	R007148	S012379	2026-03-04
4	3	4	5	5	3	4	4	4	5	39	1	93	US	R007149	S002747	2026-02-16
2	4	2	4	2	1	5	5	2	2	53	2	92	US	R007150	S007602	2026-03-23
4	5	1	4	4	2	2	1	3	4	23	1	86	US	R007151	S000500	2026-03-09
5	1	2	4	5	2	4	3	2	4	24	1	75	US	R007152	S005843	2026-02-21
5	4	5	4	4	4	5	5	4	5	23	1	94	US	R007153	S006713	2026-02-12
5	1	4	3	5	4	4	4	4	4	39	2	99	US	R007154	S003735	2026-02-02
5	4	3	3	2	1	5	5	4	5	41	2	61	US	R007155	S008589	2026-03-05
4	2	4	3	4	4	1	2	4	4	19	1	94	US	R007156	S002142	2026-03-20
1	2	3	3	2	1	3	4	3	3	29	1	92	US	R007157	S010438	2026-02-12
4	2	4	4	4	1	2	1	4	2	51	2	88	US	R007158	S005569	2026-03-15
4	4	4	3	5	5	2	5	4	4	29	1	98	US	R007159	S010765	2026-03-22
2	3	1	3	2	2	3	4	3	1	31	1	96	US	R007160	S003868	2026-02-24
5	3	5	5	3	2	1	1	3	3	30	1	95	US	R007161	S007147	2026-02-21
5	5	5	5	4	4	2	4	5	4	25	2	63	US	R007162	S004960	2026-03-23
1	5	2	4	1	1	2	3	1	4	30	1	96	US	R007163	S012342	2026-02-25
5	2	2	4	4	4	1	5	4	4	34	1	91	US	R007164	S001425	2026-03-27
2	4	2	4	4	3	2	5	4	2	47	1	71	US	R007165	S005891	2026-02-19
4	2	5	5	4	4	4	2	4	4	42	2	86	US	R007166	S010226	2026-03-12
4	3	4	5	4	2	1	4	2	2	40	2	77	US	R007167	S004210	2026-02-08
2	2	3	4	2	2	4	4	5	4	30	1	91	US	R007168	S010263	2026-02-24
5	4	4	4	5	5	3	5	4	5	22	2	73	US	R007169	S000568	2026-02-10
3	4	2	3	4	5	2	4	2	4	47	2	94	US	R007170	S001000	2026-03-12
3	4	2	5	5	2	5	5	4	1	31	2	87	US	R007171	S009910	2026-02-25
5	4	4	5	3	4	4	4	4	5	32	2	59	US	R007172	S003622	2026-02-20
3	2	2	5	2	5	5	4	4	3	30	1	87	US	R007173	S000779	2026-02-03
5	4	5	4	5	2	5	5	4	4	39	1	44	US	R007174	S001041	2026-03-16
5	2	4	5	3	2	1	2	4	5	36	2	83	US	R007175	S005951	2026-02-05
5	3	2	2	5	3	1	3	2	3	55	2	94	US	R007176	S010038	2026-03-14
2	2	1	3	2	1	4	5	3	4	47	2	92	US	R007177	S001252	2026-02-28
3	4	4	2	2	1	1	5	4	4	25	1	90	US	R007178	S010492	2026-03-10
5	5	5	5	4	5	3	4	4	5	36	1	87	US	R007179	S008426	2026-03-11
4	1	4	4	2	2	5	4	5	5	26	1	80	US	R007180	S007739	2026-03-17
4	2	4	4	5	2	5	4	4	4	32	2	97	US	R007181	S001660	2026-03-03
4	5	4	5	4	5	5	5	5	4	41	1	92	US	R007182	S008071	2026-03-24
5	3	4	5	5	4	4	4	5	3	21	2	96	US	R007183	S006691	2026-03-16
2	4	2	5	4	3	4	4	4	5	39	2	89	US	R007184	S012683	2026-02-20
2	1	4	3	3	2	1	1	4	1	41	1	94	US	R007185	S007187	2026-02-16
5	3	4	4	4	5	5	3	5	3	46	1	82	US	R007186	S002194	2026-03-07
5	2	4	5	4	3	2	3	2	1	42	2	94	US	R007187	S007098	2026-03-25
4	2	4	5	3	3	1	4	3	5	56	1	74	US	R007188	S007366	2026-03-05
5	2	3	4	2	1	2	2	5	4	44	2	91	US	R007189	S011209	2026-03-09
3	5	4	5	5	1	2	2	4	4	18	1	94	US	R007190	S009954	2026-02-03
4	1	3	4	4	1	1	4	2	2	25	2	71	US	R007191	S009904	2026-03-11
1	1	3	2	2	2	3	5	1	1	18	2	74	US	R007192	S001719	2026-03-21
4	5	4	4	5	3	5	5	4	3	38	1	91	US	R007193	S005425	2026-03-05
4	2	2	5	3	3	1	5	3	4	18	1	87	US	R007194	S000384	2026-02-12
5	3	2	5	4	2	2	3	4	3	41	2	88	US	R007195	S001778	2026-02-19
4	4	3	4	2	2	4	2	4	5	38	1	74	US	R007196	S009957	2026-03-08
5	2	4	4	2	3	4	5	4	4	48	2	96	US	R007197	S008747	2026-02-26
3	2	3	4	2	2	2	2	3	2	22	1	99	US	R007198	S001671	2026-03-08
5	2	5	5	5	4	4	3	4	5	34	2	73	US	R007199	S002024	2026-03-23
3	2	2	5	5	1	4	4	4	5	49	2	87	US	R007200	S000685	2026-02-09
4	1	3	4	4	3	2	4	3	4	36	1	90	US	R007201	S005233	2026-03-16
4	3	5	4	4	2	2	4	3	4	36	2	62	US	R007202	S011674	2026-02-27
5	3	4	5	5	4	5	5	5	5	35	2	92	US	R007203	S011152	2026-02-24
2	2	2	4	3	3	4	4	2	5	48	2	93	US	R007204	S004152	2026-02-27
4	2	4	4	5	2	3	3	5	5	42	1	95	US	R007205	S007731	2026-03-02
2	2	1	5	2	2	1	4	2	1	45	2	99	US	R007206	S008274	2026-02-23
4	1	2	2	2	3	2	4	1	4	41	1	81	US	R007207	S001370	2026-03-26
5	3	5	3	4	2	3	5	4	5	52	2	97	US	R007208	S007348	2026-02-03
2	2	2	2	2	1	2	4	4	4	24	1	84	US	R007209	S008497	2026-02-21
3	3	3	4	2	3	4	4	4	5	29	2	99	US	R007210	S003887	2026-02-12
5	3	4	4	4	4	5	5	2	5	42	2	84	US	R007211	S007469	2026-02-14
5	4	5	5	5	3	3	2	4	4	31	1	92	US	R007212	S008434	2026-03-13
3	5	2	3	2	3	2	2	1	4	18	2	98	US	R007213	S005176	2026-02-13
5	3	3	2	3	1	2	5	2	4	18	2	90	US	R007214	S005234	2026-03-03
4	5	1	4	2	2	2	4	4	5	23	1	92	US	R007215	S007158	2026-02-24
4	5	3	4	4	2	2	2	4	2	39	2	76	US	R007216	S005959	2026-03-05
4	5	5	4	5	5	1	4	3	5	43	1	67	US	R007217	S004574	2026-02-02
5	4	4	5	2	5	5	1	4	4	29	1	76	US	R007218	S001726	2026-02-25
1	2	2	2	1	1	1	1	1	1	22	1	95	US	R007219	S000980	2026-03-19
3	3	2	5	4	3	1	1	2	2	25	2	86	US	R007220	S003028	2026-03-22
5	2	4	5	5	2	4	5	5	4	32	2	95	US	R007221	S005745	2026-02-26
3	2	4	4	4	2	2	2	3	4	18	1	78	US	R007222	S003574	2026-02-10
5	3	3	4	4	5	2	5	3	2	44	1	98	US	R007223	S006426	2026-02-13
4	4	2	4	3	2	3	4	2	4	41	1	71	US	R007224	S004200	2026-02-20
5	1	4	5	2	4	2	4	3	2	27	1	93	US	R007225	S002159	2026-03-13
4	4	5	5	4	4	5	5	5	4	27	2	97	US	R007226	S004509	2026-03-09
5	2	1	4	5	5	1	2	2	1	18	2	67	US	R007227	S005421	2026-02-10
4	4	2	4	2	3	2	5	4	5	25	1	81	US	R007228	S003465	2026-02-11
4	2	5	5	5	5	5	5	4	3	44	2	77	US	R007229	S003235	2026-02-25
4	4	4	5	4	4	5	5	4	2	56	2	78	US	R007230	S006163	2026-03-05
3	5	2	3	3	5	4	4	4	5	34	2	84	US	R007231	S000104	2026-03-18
5	1	5	4	5	2	4	5	5	4	39	1	88	US	R007232	S000304	2026-03-03
5	3	4	5	4	2	4	4	4	5	39	2	85	US	R007233	S008600	2026-02-11
4	2	1	5	2	2	3	5	5	3	45	1	87	US	R007234	S005704	2026-03-06
5	5	4	5	5	3	4	4	4	4	54	2	77	US	R007235	S009328	2026-02-27
5	2	5	5	5	5	4	4	4	4	40	2	56	US	R007236	S006639	2026-03-06
3	2	3	4	4	3	1	2	2	2	22	1	70	US	R007237	S001855	2026-02-23
4	5	2	3	5	3	2	5	4	4	29	2	89	US	R007238	S008265	2026-03-05
3	3	2	4	1	2	5	5	4	4	29	1	88	US	R007239	S006919	2026-03-06
3	2	3	2	3	1	1	2	3	3	30	1	74	US	R007240	S001026	2026-02-09
3	2	2	4	2	1	1	2	2	3	18	2	80	US	R007241	S000728	2026-03-27
3	2	1	5	4	2	3	4	4	4	47	1	92	US	R007242	S000754	2026-02-03
5	4	4	4	4	1	4	5	5	5	30	1	100	US	R007243	S002051	2026-02-22
4	2	4	4	2	1	4	2	2	5	47	2	100	US	R007244	S004049	2026-03-17
2	4	2	4	2	1	4	4	4	5	31	2	85	US	R007245	S010620	2026-02-05
4	5	5	5	5	5	5	4	5	5	35	1	72	US	R007246	S010987	2026-03-26
2	3	4	3	2	1	3	5	4	5	34	1	97	US	R007247	S009586	2026-02-24
5	1	4	5	4	3	5	2	2	4	49	1	63	US	R007248	S005596	2026-03-07
4	4	4	5	5	2	5	4	3	4	29	1	94	US	R007249	S004839	2026-02-12
3	3	3	4	1	1	1	3	2	5	46	2	87	US	R007250	S009004	2026-02-04
2	3	1	2	1	1	1	2	1	3	34	1	72	US	R007251	S009355	2026-03-21
5	1	5	4	3	3	2	2	4	5	32	2	73	US	R007252	S011784	2026-03-25
4	1	5	5	2	3	4	5	3	5	26	1	68	US	R007253	S006331	2026-03-15
4	3	3	4	4	5	4	4	1	2	21	1	83	US	R007254	S002575	2026-03-10
5	4	4	2	2	2	5	5	4	5	41	1	88	US	R007255	S011214	2026-03-25
5	4	4	5	2	3	2	2	4	3	45	1	80	US	R007256	S001514	2026-03-23
1	2	2	3	1	1	4	2	5	5	36	1	78	US	R007257	S012263	2026-02-04
3	3	2	4	2	2	5	4	4	5	18	1	94	US	R007258	S012359	2026-02-16
4	5	2	5	3	2	2	2	2	4	52	2	93	US	R007259	S000925	2026-02-12
2	2	2	2	2	3	4	4	3	4	63	1	87	US	R007260	S004798	2026-03-08
4	2	4	2	4	5	5	3	5	5	27	2	66	US	R007261	S001242	2026-03-23
4	2	4	5	2	1	2	2	3	5	37	1	88	US	R007262	S011798	2026-02-25
3	4	5	5	4	4	2	2	5	5	23	1	93	US	R007263	S008035	2026-02-12
4	3	4	4	2	3	5	4	4	2	30	2	79	US	R007264	S001445	2026-02-16
3	1	1	4	1	1	1	2	3	4	46	1	91	US	R007265	S011715	2026-02-09
4	4	5	5	5	5	4	4	4	3	44	1	87	US	R007266	S009601	2026-03-06
3	4	3	5	2	1	1	4	2	4	18	2	90	US	R007267	S006682	2026-02-24
4	4	5	5	5	3	4	5	4	5	28	2	89	US	R007268	S005691	2026-03-17
4	5	4	5	4	5	5	5	5	4	41	1	92	US	R007269	S009931	2026-02-17
5	2	5	3	4	3	4	5	3	5	37	1	95	US	R007270	S012659	2026-03-20
4	4	2	1	4	2	2	2	3	4	37	2	50	US	R007271	S004500	2026-02-28
4	2	2	5	1	1	5	4	4	4	29	2	76	US	R007272	S006012	2026-03-09
4	5	2	4	4	3	4	4	3	5	33	1	96	US	R007273	S001975	2026-03-12
4	2	5	5	4	4	2	3	3	2	45	1	82	US	R007274	S004655	2026-03-21
2	2	4	2	3	3	3	2	4	2	32	2	88	US	R007275	S005280	2026-03-08
5	2	4	3	4	4	4	5	4	5	27	1	91	US	R007276	S007287	2026-03-05
5	3	4	5	5	3	4	2	5	4	27	1	84	US	R007277	S005116	2026-03-18
3	2	4	3	3	2	5	5	5	4	20	1	72	US	R007278	S008128	2026-02-15
3	3	4	3	2	3	4	4	4	4	35	1	94	US	R007279	S007099	2026-02-02
4	1	3	3	4	2	1	3	3	2	33	2	73	US	R007280	S005628	2026-03-05
2	3	5	5	3	2	1	1	2	1	26	2	94	US	R007281	S011161	2026-02-26
4	4	5	4	2	4	2	3	5	4	19	1	93	US	R007282	S010007	2026-02-27
2	2	3	4	1	1	3	5	1	2	35	2	66	US	R007283	S003460	2026-02-28
3	1	1	3	1	1	2	4	5	5	52	1	73	US	R007284	S000606	2026-03-27
2	2	4	4	2	4	2	2	4	4	43	1	93	US	R007285	S011141	2026-02-15
3	2	1	4	5	3	2	2	2	3	35	2	93	US	R007286	S000893	2026-03-07
2	2	1	3	2	1	2	1	4	5	25	2	92	US	R007287	S000756	2026-02-11
5	4	4	3	2	4	4	5	5	4	18	1	84	US	R007288	S009523	2026-02-11
5	2	5	5	5	4	1	2	5	4	26	1	51	US	R007289	S002816	2026-03-03
5	2	4	5	4	3	4	4	2	4	54	2	74	US	R007290	S006351	2026-03-22
2	2	3	4	1	1	4	3	4	5	22	2	65	US	R007291	S011358	2026-02-03
2	3	1	2	1	1	2	4	2	4	34	1	78	US	R007292	S006289	2026-03-17
2	2	2	2	2	1	4	5	5	3	42	1	80	US	R007293	S008987	2026-03-04
5	4	4	4	5	5	5	5	5	5	27	1	81	US	R007294	S000005	2026-02-22
5	1	3	3	3	3	1	2	1	1	38	1	92	US	R007295	S012785	2026-03-01
4	4	3	5	4	2	5	5	3	4	35	2	93	US	R007296	S000640	2026-02-17
4	4	3	5	4	1	1	1	2	2	26	2	81	US	R007297	S000442	2026-02-10
4	4	4	4	4	5	5	4	5	5	18	2	71	US	R007298	S006136	2026-03-07
4	5	2	4	5	4	5	5	2	4	44	1	87	US	R007299	S009896	2026-02-04
5	5	3	4	4	2	5	5	4	4	41	1	72	US	R007300	S001867	2026-03-21
3	2	1	4	2	1	2	5	4	4	32	1	97	US	R007301	S009288	2026-02-17
5	4	5	4	4	4	3	1	2	4	37	1	82	US	R007302	S011080	2026-03-08
5	3	4	4	4	4	2	2	4	4	41	2	87	US	R007303	S001009	2026-03-07
1	1	2	2	1	3	4	4	4	4	41	2	84	US	R007304	S008693	2026-03-12
5	3	1	5	5	4	4	4	4	4	32	2	90	US	R007305	S004847	2026-03-25
4	4	1	3	1	2	3	4	1	4	49	2	85	US	R007306	S008193	2026-03-14
4	4	4	3	3	3	4	4	4	3	36	2	91	US	R007307	S006714	2026-03-16
5	2	5	5	4	5	5	3	4	5	30	1	89	US	R007308	S003483	2026-02-05
4	2	4	4	5	3	3	5	2	5	35	1	87	US	R007309	S009102	2026-02-19
5	3	3	4	3	3	2	3	5	5	43	2	72	US	R007310	S010191	2026-03-07
5	3	4	4	5	5	4	5	1	2	60	2	92	US	R007311	S010380	2026-03-05
2	2	5	5	3	5	4	4	4	5	36	2	94	US	R007312	S006910	2026-03-25
5	4	5	5	5	5	4	4	5	4	48	2	90	US	R007313	S008105	2026-02-23
5	3	4	4	4	3	3	4	3	4	28	1	94	US	R007314	S005555	2026-03-13
4	2	4	5	5	4	5	4	4	5	29	2	97	US	R007315	S009108	2026-02-23
4	3	1	4	2	1	1	1	1	1	18	1	88	US	R007316	S009605	2026-02-02
4	2	4	3	1	1	5	4	4	5	28	2	93	US	R007317	S004218	2026-02-22
5	4	5	5	5	3	4	4	4	3	34	2	82	US	R007318	S001326	2026-02-21
4	3	5	4	5	5	4	5	4	4	43	2	75	US	R007319	S012037	2026-02-08
5	3	5	5	5	5	4	2	2	2	27	2	97	US	R007320	S006883	2026-03-08
4	2	4	5	4	4	4	4	4	4	25	1	99	US	R007321	S010686	2026-03-06
5	1	5	5	4	4	2	1	5	2	38	1	74	US	R007322	S007429	2026-03-25
5	2	2	4	2	4	5	5	5	5	36	1	93	US	R007323	S011796	2026-03-17
1	4	3	4	4	1	2	3	2	2	47	1	70	US	R007324	S002808	2026-03-19
4	2	4	4	3	4	2	4	4	5	42	1	99	US	R007325	S000208	2026-02-25
4	5	4	3	2	4	3	4	4	3	45	1	61	US	R007326	S002653	2026-02-07
5	3	2	4	4	5	3	4	4	5	26	1	90	US	R007327	S010805	2026-03-01
5	5	4	4	3	4	3	4	5	5	41	1	94	US	R007328	S001904	2026-02-17
4	3	3	4	3	3	2	4	2	3	46	2	79	US	R007329	S008468	2026-03-06
3	2	3	4	2	1	2	1	4	3	36	2	69	US	R007330	S002510	2026-03-01
4	2	4	5	3	5	5	5	3	4	41	2	83	US	R007331	S007116	2026-03-20
4	3	4	4	4	1	2	2	3	2	43	2	98	US	R007332	S002049	2026-03-27
5	2	4	4	5	3	5	5	2	4	40	1	85	US	R007333	S002040	2026-02-26
2	3	1	3	3	2	3	5	5	5	32	1	98	US	R007334	S011842	2026-03-22
5	5	5	4	4	5	5	4	5	5	36	2	79	US	R007335	S002924	2026-02-06
3	5	3	2	5	2	4	4	4	4	35	1	94	US	R007336	S012840	2026-03-17
5	5	5	5	5	4	5	5	5	5	45	1	84	US	R007337	S009171	2026-02-26
4	2	2	2	2	1	1	1	4	2	39	1	91	US	R007338	S007804	2026-02-21
2	4	4	5	4	5	1	4	4	4	37	1	94	US	R007339	S003286	2026-02-05
4	3	5	5	5	5	5	4	5	5	26	2	94	US	R007340	S011492	2026-03-10
5	2	5	5	5	5	3	2	4	3	24	1	71	US	R007341	S004471	2026-02-26
3	2	2	2	3	3	4	4	5	4	27	1	86	US	R007342	S005856	2026-03-27
2	2	2	4	2	1	4	4	2	4	27	2	80	US	R007343	S003614	2026-03-19
4	4	4	4	5	5	2	3	4	4	39	1	86	US	R007344	S011417	2026-02-23
5	4	4	5	4	3	2	2	4	3	44	2	89	US	R007345	S002971	2026-03-22
3	1	2	5	1	1	4	5	4	5	35	1	99	US	R007346	S001800	2026-03-26
4	3	5	5	4	4	5	5	4	5	32	1	86	US	R007347	S008461	2026-03-24
5	4	4	4	3	2	4	5	4	4	43	1	74	US	R007348	S005344	2026-03-18
4	3	3	4	4	2	4	3	4	1	26	2	73	US	R007349	S006292	2026-02-15
5	3	4	5	5	4	4	5	5	5	23	1	86	US	R007350	S012848	2026-03-15
4	4	2	3	1	1	1	1	1	3	18	1	61	US	R007351	S010899	2026-03-16
4	3	2	2	3	1	1	4	3	2	31	1	93	US	R007352	S012305	2026-02-13
5	2	3	5	4	4	4	4	4	5	21	1	92	US	R007353	S006981	2026-03-10
5	2	5	4	4	2	3	3	5	4	37	1	94	US	R007354	S003305	2026-02-28
2	3	5	4	4	3	2	2	2	3	39	1	95	US	R007355	S012599	2026-03-21
4	3	4	2	4	4	4	4	5	3	40	1	96	US	R007356	S011123	2026-03-17
5	2	4	5	4	1	1	3	2	5	47	1	85	US	R007357	S005210	2026-03-12
5	4	5	4	5	3	1	1	1	1	39	1	94	US	R007358	S010178	2026-03-01
3	2	2	4	3	4	2	2	4	3	49	2	75	US	R007359	S002188	2026-02-22
2	4	2	2	2	1	1	3	1	2	34	2	86	US	R007360	S009459	2026-02-28
4	2	5	4	4	2	4	4	3	4	28	1	77	US	R007361	S004319	2026-03-09
5	1	2	5	4	2	4	4	4	5	32	2	80	US	R007362	S002948	2026-02-20
2	2	4	4	4	3	4	4	4	3	50	1	84	US	R007363	S003591	2026-02-12
1	3	3	4	1	1	1	1	1	3	50	1	96	US	R007364	S011413	2026-03-07
4	3	5	5	5	4	2	2	5	1	22	2	78	US	R007365	S002209	2026-02-04
4	5	4	4	4	4	2	4	2	5	35	1	85	US	R007366	S005581	2026-02-20
4	2	1	4	2	1	1	4	5	4	33	2	68	US	R007367	S007063	2026-03-25
4	4	2	4	5	4	2	5	5	4	56	1	85	US	R007368	S011850	2026-03-22
4	1	2	5	2	2	5	5	4	4	31	1	95	US	R007369	S003706	2026-03-06
5	3	5	5	4	4	4	3	3	4	34	2	90	US	R007370	S011832	2026-03-26
4	3	2	3	4	4	4	4	5	4	18	2	90	US	R007371	S007569	2026-03-12
4	3	4	4	4	2	5	5	5	5	31	1	72	US	R007372	S012588	2026-02-09
4	5	4	5	5	5	3	4	4	2	40	1	81	US	R007373	S007905	2026-02-05
3	1	1	3	2	2	1	2	1	3	24	1	80	US	R007374	S008924	2026-03-20
4	1	4	5	3	1	4	4	5	3	38	1	93	US	R007375	S002205	2026-03-24
2	2	3	4	3	3	5	4	3	5	35	1	76	US	R007376	S003938	2026-03-04
5	2	5	3	4	2	2	4	3	4	42	2	50	US	R007377	S002012	2026-03-14
2	2	4	4	4	2	3	3	2	4	41	2	74	US	R007378	S006972	2026-02-04
5	3	2	4	2	2	5	5	2	5	43	1	66	US	R007379	S007386	2026-02-25
1	5	2	1	3	2	4	4	2	2	45	2	56	US	R007380	S004407	2026-02-25
4	2	3	4	5	1	5	5	5	5	26	2	85	US	R007381	S012664	2026-03-27
5	5	5	4	5	2	5	4	3	4	24	2	96	US	R007382	S007852	2026-02-15
5	3	5	5	5	5	5	5	4	5	38	1	79	US	R007383	S005554	2026-02-21
5	2	4	3	2	3	4	5	4	5	37	2	97	US	R007384	S006887	2026-02-18
3	2	4	5	4	2	2	4	5	5	50	1	94	US	R007385	S000793	2026-03-21
2	2	3	4	1	2	4	1	4	4	35	2	92	US	R007386	S005643	2026-02-07
2	3	3	1	4	1	5	2	2	4	27	1	93	US	R007387	S006690	2026-03-10
5	2	2	4	1	2	1	2	2	3	46	1	82	US	R007388	S011553	2026-03-04
4	3	3	5	2	2	4	5	4	4	29	1	65	US	R007389	S007930	2026-02-14
3	3	3	5	2	3	5	5	3	5	34	2	84	US	R007390	S002244	2026-02-09
5	4	5	4	4	4	4	4	2	4	18	1	96	US	R007391	S005290	2026-03-21
5	3	2	4	3	2	2	4	4	4	30	2	82	US	R007392	S001163	2026-03-11
3	2	3	5	5	2	5	5	4	4	41	1	92	US	R007393	S001066	2026-03-15
5	3	2	4	3	1	3	5	4	4	26	1	98	US	R007394	S009275	2026-03-09
4	3	4	4	5	4	4	5	4	5	33	2	79	US	R007395	S001879	2026-02-02
4	1	3	4	3	1	5	5	4	4	48	1	94	US	R007396	S003651	2026-02-15
1	3	3	4	2	2	2	1	3	4	35	2	85	US	R007397	S008041	2026-03-16
2	2	2	2	2	2	4	4	4	5	44	2	92	US	R007398	S007816	2026-02-18
4	1	2	4	1	3	3	5	2	4	39	1	72	US	R007399	S009865	2026-03-26
5	3	5	3	4	2	2	2	5	4	31	1	95	US	R007400	S012319	2026-03-21
2	4	5	5	5	4	1	3	2	2	34	1	75	US	R007401	S012454	2026-02-05
4	2	5	5	3	4	1	3	4	4	39	1	83	US	R007402	S007774	2026-02-16
5	2	2	4	4	3	4	5	3	4	24	2	97	US	R007403	S010299	2026-03-27
4	4	3	2	1	1	3	2	4	4	24	1	77	US	R007404	S002234	2026-02-12
5	5	5	5	5	4	2	4	4	4	24	1	90	US	R007405	S001966	2026-03-27
5	4	3	2	2	1	3	4	2	2	37	1	98	US	R007406	S012171	2026-03-02
4	2	4	3	2	3	2	4	3	2	30	2	91	US	R007407	S007643	2026-02-23
5	2	2	5	5	4	2	3	2	5	37	1	96	US	R007408	S003362	2026-02-04
3	2	4	4	4	2	1	1	4	2	39	2	62	US	R007409	S006916	2026-02-16
3	2	3	2	4	1	3	4	4	4	30	1	72	US	R007410	S008601	2026-03-18
4	2	3	5	4	3	4	4	4	2	33	2	58	US	R007411	S002603	2026-02-21
2	4	5	4	1	2	1	4	3	5	26	1	71	US	R007412	S005478	2026-03-04
2	2	4	5	5	1	4	4	4	5	36	1	92	US	R007413	S011844	2026-02-24
3	2	2	4	1	1	4	5	4	3	36	2	99	US	R007414	S003748	2026-02-27
5	4	2	4	4	4	1	4	3	4	51	2	90	US	R007415	S011838	2026-02-11
4	1	3	5	5	2	5	5	4	4	25	2	89	US	R007416	S002639	2026-03-03
4	3	2	3	2	1	4	5	4	4	22	1	85	US	R007417	S012502	2026-02-06
4	3	4	2	4	1	4	4	5	3	27	2	79	US	R007418	S007199	2026-02-22
5	2	5	4	3	3	4	4	4	5	50	2	95	US	R007419	S007947	2026-03-06
5	2	4	5	2	3	1	3	3	2	18	1	59	US	R007420	S012064	2026-02-16
2	2	1	4	1	2	4	4	4	4	43	1	72	US	R007421	S009571	2026-03-14
2	2	3	3	4	3	2	5	4	3	18	1	73	US	R007422	S008627	2026-03-15
5	4	4	4	5	3	2	4	4	5	25	1	84	US	R007423	S007108	2026-02-02
4	5	3	5	5	5	5	5	5	5	43	1	74	US	R007424	S005238	2026-02-03
3	4	2	4	4	2	4	3	4	5	45	1	58	US	R007425	S002428	2026-03-11
5	4	5	5	5	2	5	5	5	5	32	1	96	US	R007426	S005841	2026-02-18
4	2	2	4	2	2	1	2	4	2	27	2	96	US	R007427	S002838	2026-02-28
4	2	4	3	1	1	3	4	5	4	18	1	95	US	R007428	S008154	2026-02-23
4	1	5	5	4	2	5	4	4	1	21	2	96	US	R007429	S009416	2026-02-26
4	1	4	4	5	4	3	4	4	5	43	1	91	US	R007430	S002669	2026-03-27
5	5	5	4	5	3	1	4	4	4	36	2	95	US	R007431	S006891	2026-02-18
5	5	3	5	5	2	2	3	4	5	20	1	93	US	R007432	S002028	2026-03-25
3	2	2	4	4	2	2	2	4	2	20	1	92	US	R007433	S010260	2026-02-26
5	2	4	5	5	2	5	4	5	5	34	1	83	US	R007434	S012287	2026-03-04
3	1	3	3	2	1	4	5	5	5	44	2	89	US	R007435	S001598	2026-02-15
4	1	4	5	1	1	2	2	2	2	49	2	57	US	R007436	S003896	2026-02-20
5	4	5	5	5	4	2	5	5	4	32	1	78	US	R007437	S011231	2026-03-13
4	2	1	2	1	1	1	3	3	1	31	2	92	US	R007438	S006510	2026-03-27
5	4	3	5	4	3	1	3	1	3	43	1	91	US	R007439	S004703	2026-03-14
1	4	2	4	3	1	2	2	3	4	33	1	87	US	R007440	S011219	2026-03-10
4	2	1	5	5	4	5	5	4	2	33	1	70	US	R007441	S006366	2026-02-12
4	2	4	4	2	3	5	4	5	5	28	2	89	US	R007442	S006057	2026-03-06
3	3	3	3	2	2	1	1	1	2	43	2	98	US	R007443	S008854	2026-02-02
4	4	5	5	4	2	4	4	4	5	36	1	86	US	R007444	S012481	2026-03-17
4	2	3	4	2	1	2	5	3	4	36	1	94	US	R007445	S001933	2026-03-17
4	3	2	4	5	5	1	2	2	2	35	2	38	US	R007446	S011591	2026-02-23
5	3	4	4	5	2	2	3	2	2	34	1	90	US	R007447	S008817	2026-02-13
5	3	5	5	5	5	1	5	2	1	18	1	91	US	R007448	S008697	2026-03-02
5	1	2	1	2	1	1	2	4	2	23	2	95	US	R007449	S008243	2026-03-01
4	1	4	5	4	3	1	3	4	5	41	1	67	US	R007450	S003056	2026-03-19
1	3	2	2	3	2	1	2	2	2	29	2	89	US	R007451	S004379	2026-03-26
2	3	4	5	4	2	4	5	3	4	27	1	92	US	R007452	S012344	2026-03-05
4	3	4	4	5	4	2	3	1	1	28	2	80	US	R007453	S006137	2026-03-09
5	2	3	5	2	4	2	1	2	4	42	1	68	US	R007454	S010916	2026-02-07
4	3	5	4	3	4	4	5	5	5	45	1	77	US	R007455	S006892	2026-03-11
1	2	3	4	2	1	4	2	2	3	44	1	78	US	R007456	S001146	2026-03-04
2	1	4	3	2	5	5	4	5	5	63	2	85	US	R007457	S007660	2026-03-05
5	2	4	1	5	3	4	5	3	4	33	1	97	US	R007458	S000470	2026-02-18
4	1	5	4	4	4	5	4	5	5	27	1	64	US	R007459	S005152	2026-03-01
4	2	2	5	3	1	1	2	2	2	18	1	76	US	R007460	S011053	2026-03-13
5	4	5	4	4	4	5	3	5	5	26	2	99	US	R007461	S007441	2026-02-03
2	2	3	3	2	1	1	1	3	4	35	1	97	US	R007462	S002385	2026-03-11
2	3	3	5	4	4	2	4	2	4	32	1	88	US	R007463	S000472	2026-02-04
5	2	2	5	5	4	1	4	4	4	34	1	85	US	R007464	S002700	2026-03-13
3	2	1	3	1	4	5	3	3	4	29	2	95	US	R007465	S012269	2026-03-08
4	2	2	4	2	2	4	2	4	2	31	1	71	US	R007466	S012855	2026-02-11
4	5	5	5	4	2	1	4	1	1	18	2	80	US	R007467	S011454	2026-03-22
3	1	2	4	1	1	4	2	4	4	49	2	91	US	R007468	S004899	2026-03-25
5	5	2	4	4	2	4	4	5	3	40	2	95	US	R007469	S008428	2026-02-12
5	3	4	5	3	2	1	1	2	1	43	2	81	US	R007470	S003816	2026-02-07
5	4	3	4	3	2	2	2	2	4	44	1	85	US	R007471	S009521	2026-02-11
5	1	3	5	4	1	2	1	3	1	27	2	95	US	R007472	S003664	2026-02-27
1	2	1	3	4	1	4	2	3	4	36	1	93	US	R007473	S012444	2026-03-05
4	2	1	5	3	4	1	2	2	1	28	1	59	US	R007474	S009634	2026-03-01
5	5	5	5	5	5	5	5	5	4	34	2	73	US	R007475	S007265	2026-03-13
4	2	1	5	2	1	4	4	4	4	41	1	92	US	R007476	S011572	2026-03-26
5	4	5	5	5	5	4	4	5	4	25	2	64	US	R007477	S003626	2026-03-16
5	2	3	4	4	4	4	4	3	5	42	1	75	US	R007478	S009709	2026-02-12
3	2	4	5	2	1	4	4	4	4	41	2	91	US	R007479	S005672	2026-03-13
4	5	3	5	5	3	4	3	5	4	40	1	85	US	R007480	S010533	2026-02-13
5	2	5	4	5	4	4	5	5	5	27	2	89	US	R007481	S007927	2026-02-25
1	1	2	4	2	1	1	2	3	4	37	1	94	US	R007482	S002985	2026-03-15
3	2	4	3	2	2	2	5	1	4	43	1	95	US	R007483	S002820	2026-03-12
2	1	3	5	3	2	2	2	3	2	40	1	86	US	R007484	S002846	2026-03-23
4	1	3	4	2	2	2	2	2	3	43	1	96	US	R007485	S002649	2026-03-01
3	3	2	5	1	1	2	2	1	4	31	1	81	US	R007486	S006380	2026-02-19
4	3	4	4	4	4	2	5	3	1	43	1	94	US	R007487	S003857	2026-03-14
4	2	4	5	4	1	2	2	4	1	26	1	77	US	R007488	S002201	2026-03-16
3	4	4	2	1	3	4	1	4	1	21	1	92	US	R007489	S009511	2026-02-09
4	1	3	3	1	5	3	4	3	2	34	2	98	US	R007490	S006487	2026-03-18
5	4	2	5	5	1	2	4	4	5	57	1	73	US	R007491	S003847	2026-03-06
4	3	4	5	2	1	4	5	4	2	44	1	85	US	R007492	S004422	2026-02-13
3	2	2	2	3	1	4	3	4	4	34	2	84	US	R007493	S009144	2026-03-09
4	3	5	5	3	2	5	5	5	5	51	2	95	US	R007494	S006114	2026-03-11
4	3	4	4	5	3	4	5	4	4	31	2	92	US	R007495	S004193	2026-02-05
4	2	4	4	5	5	1	2	1	4	22	1	78	US	R007496	S007736	2026-02-13
3	3	2	2	2	1	4	4	2	2	18	1	91	US	R007497	S011274	2026-02-19
4	2	3	3	1	1	1	4	5	4	40	2	84	US	R007498	S007828	2026-03-17
5	2	5	4	5	5	4	3	2	2	25	1	96	US	R007499	S008081	2026-02-24
5	4	5	4	4	2	4	4	5	5	37	2	81	US	R007500	S001371	2026-02-13
5	3	5	5	4	4	2	3	4	2	18	2	65	US	R007501	S003796	2026-02-19
4	5	1	4	2	3	4	5	4	4	47	2	81	US	R007502	S006538	2026-02-10
4	5	4	4	4	4	1	2	2	4	34	2	95	US	R007503	S008251	2026-03-09
4	3	2	5	2	1	2	5	1	4	46	1	79	US	R007504	S010749	2026-03-07
4	4	4	4	2	4	4	4	5	4	22	1	83	US	R007505	S012127	2026-03-23
4	2	4	4	4	2	4	5	4	4	39	1	88	US	R007506	S007086	2026-03-12
4	4	1	5	3	3	4	4	4	3	36	1	93	US	R007507	S002472	2026-03-24
5	4	5	4	5	3	4	5	5	5	42	1	87	US	R007508	S001556	2026-03-03
4	4	5	4	5	2	4	3	2	4	52	2	82	US	R007509	S000181	2026-03-18
5	1	5	5	4	4	4	5	4	4	55	2	80	US	R007510	S011918	2026-02-25
5	1	5	5	4	5	4	5	5	5	24	2	66	US	R007511	S007555	2026-03-10
5	2	3	4	5	5	5	5	5	5	24	1	88	US	R007512	S002218	2026-02-19
5	3	4	4	4	5	4	3	5	5	30	1	77	US	R007513	S003177	2026-03-27
4	4	2	5	4	2	5	4	5	4	53	2	97	US	R007514	S001725	2026-02-11
3	4	2	4	3	3	2	3	2	1	42	1	84	US	R007515	S003658	2026-03-13
3	3	3	4	2	1	1	5	2	4	34	2	78	US	R007516	S000368	2026-02-09
4	2	4	3	3	4	4	1	5	3	38	2	86	US	R007517	S003453	2026-03-10
5	2	4	5	4	2	4	3	4	4	20	2	88	US	R007518	S009115	2026-02-21
4	4	4	2	3	2	3	3	4	4	36	1	99	US	R007519	S007455	2026-02-14
5	5	2	4	2	5	2	4	4	2	25	2	96	US	R007520	S011254	2026-02-08
5	3	4	5	2	2	2	4	3	2	45	1	82	US	R007521	S012489	2026-02-06
5	5	5	4	4	4	5	5	5	4	23	1	83	US	R007522	S001078	2026-03-09
5	4	5	5	4	4	1	2	3	4	34	1	68	US	R007523	S002130	2026-02-02
5	5	4	5	5	4	3	4	4	4	30	1	97	US	R007524	S002152	2026-03-23
4	1	4	3	4	2	1	2	2	4	54	1	91	US	R007525	S000038	2026-02-11
4	1	5	5	5	4	4	4	4	5	41	1	85	US	R007526	S012093	2026-02-05
4	5	4	5	5	2	4	3	5	5	50	2	95	US	R007527	S007434	2026-03-13
4	4	2	2	2	4	4	4	4	5	25	1	63	US	R007528	S004168	2026-02-15
5	4	3	5	4	2	1	2	1	2	40	1	74	US	R007529	S001484	2026-03-02
4	5	5	4	3	2	2	1	3	5	25	1	80	US	R007530	S012318	2026-03-04
4	2	4	2	1	2	3	2	5	4	39	1	80	US	R007531	S009515	2026-03-26
4	5	4	5	5	2	2	2	3	4	37	2	88	US	R007532	S011902	2026-03-10
4	3	2	4	1	3	1	4	2	4	32	1	85	US	R007533	S007715	2026-02-23
4	2	2	3	2	2	1	2	1	1	30	1	73	US	R007534	S007460	2026-02-15
2	3	4	4	5	4	3	3	2	2	37	1	91	US	R007535	S005072	2026-03-04
3	2	3	4	4	2	1	3	1	2	43	1	85	US	R007536	S010420	2026-03-27
4	1	1	4	3	1	2	4	4	4	70	1	99	US	R007537	S008018	2026-03-02
2	4	1	3	2	2	4	2	5	4	44	2	96	US	R007538	S005754	2026-03-04
5	2	3	5	5	2	4	4	5	5	31	2	80	US	R007539	S010364	2026-02-20
5	2	4	2	4	1	3	2	2	4	47	1	86	US	R007540	S003519	2026-02-24
5	2	2	5	2	5	5	3	5	3	18	2	81	US	R007541	S012873	2026-03-01
4	2	4	4	2	1	1	2	3	2	38	2	93	US	R007542	S012315	2026-03-08
4	2	4	5	4	1	3	2	4	4	48	1	92	US	R007543	S000081	2026-02-09
4	3	4	4	4	3	4	5	4	4	41	2	88	US	R007544	S003032	2026-02-25
4	4	3	5	5	5	5	5	4	5	18	1	93	US	R007545	S009354	2026-03-08
4	1	5	5	5	5	2	4	3	3	35	1	99	US	R007546	S004451	2026-03-10
4	2	5	5	5	2	5	4	5	2	23	1	91	US	R007547	S009215	2026-02-23
4	2	2	5	2	2	2	5	4	5	46	2	93	US	R007548	S010827	2026-03-20
5	4	4	5	5	5	5	5	5	5	18	1	88	US	R007549	S009991	2026-02-16
3	3	4	5	5	3	5	5	4	4	35	2	88	US	R007550	S005128	2026-03-10
2	1	4	4	2	2	1	3	2	3	46	2	90	US	R007551	S003925	2026-03-08
1	3	2	4	1	4	5	5	5	5	34	1	85	US	R007552	S004179	2026-02-12
2	3	5	3	1	5	5	5	4	5	18	1	86	US	R007553	S009794	2026-02-15
5	4	5	5	5	4	4	4	4	3	21	2	83	US	R007554	S004593	2026-02-14
5	4	3	3	2	2	5	4	4	5	25	1	97	US	R007555	S000496	2026-02-23
5	2	4	3	5	2	4	3	4	5	63	2	93	US	R007556	S003892	2026-03-11
5	3	4	5	4	4	4	3	4	4	44	1	94	US	R007557	S011143	2026-02-21
3	2	1	1	3	1	1	1	2	2	31	1	87	US	R007558	S009403	2026-02-12
4	3	4	5	5	5	5	5	5	5	34	2	86	US	R007559	S001979	2026-03-09
3	3	1	4	3	3	4	4	4	3	31	2	86	US	R007560	S004613	2026-02-22
4	3	3	4	2	2	3	4	5	5	41	2	74	US	R007561	S002181	2026-02-04
3	4	3	2	4	4	3	4	4	4	19	1	97	US	R007562	S001668	2026-03-23
4	4	4	4	5	4	3	2	3	3	42	2	68	US	R007563	S011787	2026-02-07
5	1	5	5	5	1	2	3	5	4	26	2	89	US	R007564	S000438	2026-02-06
4	3	2	4	2	1	1	5	1	3	29	1	78	US	R007565	S010820	2026-02-18
1	2	4	4	5	1	3	4	4	5	21	1	84	US	R007566	S003198	2026-02-08
2	2	2	2	5	3	5	4	5	5	44	1	91	US	R007567	S011898	2026-03-27
4	1	3	2	5	3	2	1	3	4	24	1	96	US	R007568	S010902	2026-02-19
4	2	5	5	5	4	5	4	5	3	39	1	92	US	R007569	S000878	2026-03-23
5	1	4	4	5	3	2	3	3	4	54	2	62	US	R007570	S009555	2026-03-02
4	5	5	4	5	4	4	2	4	3	37	2	73	US	R007571	S000361	2026-02-28
1	3	3	4	4	2	4	5	4	5	38	2	93	US	R007572	S012515	2026-03-07
4	1	4	4	3	2	2	2	3	4	22	1	86	US	R007573	S000199	2026-02-02
5	5	2	3	1	2	5	4	3	4	23	1	97	US	R007574	S002919	2026-02-16
5	2	5	4	5	4	4	1	2	4	39	1	71	US	R007575	S001943	2026-03-12
4	5	4	4	4	1	4	4	3	4	18	1	92	US	R007576	S012433	2026-02-11
4	3	4	4	3	1	5	4	4	5	28	1	87	US	R007577	S004489	2026-03-02
5	3	4	5	3	4	3	1	2	2	49	1	57	US	R007578	S007652	2026-02-20
4	5	4	5	5	5	4	1	2	4	47	1	93	US	R007579	S004610	2026-03-09
5	4	5	5	2	2	1	1	2	4	34	1	87	US	R007580	S002530	2026-03-17
4	1	2	4	2	1	2	2	2	5	45	2	71	US	R007581	S012375	2026-02-07
2	3	3	4	4	1	3	5	3	4	25	2	93	US	R007582	S002422	2026-03-23
5	2	5	5	4	5	4	5	5	5	34	2	82	US	R007583	S007845	2026-02-18
2	2	4	2	3	2	5	5	2	3	18	1	81	US	R007584	S003988	2026-02-12
5	2	5	4	5	4	2	4	5	4	44	1	95	US	R007585	S005825	2026-02-14
3	2	2	3	2	2	1	3	4	3	45	1	77	US	R007586	S006309	2026-02-08
5	4	4	5	4	4	1	5	2	1	35	2	82	US	R007587	S011154	2026-03-22
4	3	4	3	3	1	1	2	2	5	40	2	96	US	R007588	S003930	2026-03-03
5	3	4	2	2	1	4	5	3	3	45	2	96	US	R007589	S006117	2026-02-04
4	4	4	5	3	4	5	4	5	4	51	2	95	US	R007590	S004873	2026-02-18
4	4	3	5	4	3	4	4	5	5	42	2	92	US	R007591	S005076	2026-03-17
4	2	4	4	3	1	4	2	3	5	42	1	82	US	R007592	S001523	2026-03-11
4	4	4	5	5	4	3	3	3	5	47	1	86	US	R007593	S001600	2026-02-11
4	2	2	3	2	2	4	4	3	3	43	2	93	US	R007594	S010652	2026-03-05
1	2	1	4	3	1	2	1	2	4	28	2	87	US	R007595	S006547	2026-03-04
2	4	4	3	5	2	2	5	5	4	27	2	91	US	R007596	S003354	2026-02-20
2	4	4	4	2	1	3	5	3	5	49	1	94	US	R007597	S004829	2026-02-24
3	5	4	4	5	2	5	3	5	5	23	1	82	US	R007598	S009830	2026-03-16
5	1	2	4	3	1	2	3	4	2	40	2	79	US	R007599	S011565	2026-03-02
4	1	4	5	4	2	2	2	2	4	52	1	84	US	R007600	S009796	2026-03-20
5	3	2	5	4	2	5	5	4	4	33	2	72	US	R007601	S012380	2026-03-12
5	3	4	4	2	4	4	4	4	3	29	1	82	US	R007602	S005652	2026-02-09
2	5	2	5	3	4	5	5	4	4	18	2	81	US	R007603	S010366	2026-02-06
5	5	5	5	5	4	5	5	5	5	18	1	92	US	R007604	S011717	2026-02-06
4	2	2	1	3	1	2	4	1	4	25	2	98	US	R007605	S000569	2026-03-15
5	1	4	5	3	2	2	5	4	5	26	1	83	US	R007606	S011323	2026-02-26
5	2	5	5	5	4	5	5	4	5	35	1	78	US	R007607	S007526	2026-03-19
3	2	4	5	4	3	4	3	4	1	56	1	85	US	R007608	S005676	2026-03-21
3	3	5	5	2	5	5	5	4	5	30	1	48	US	R007609	S008590	2026-03-08
5	2	2	5	1	2	4	2	4	4	56	2	83	US	R007610	S007615	2026-03-20
3	3	2	3	2	1	3	1	4	3	25	1	97	US	R007611	S012911	2026-02-22
5	3	4	5	5	5	5	5	5	5	27	1	84	US	R007612	S003212	2026-03-11
5	1	2	5	1	2	1	2	1	2	28	1	92	US	R007613	S009232	2026-02-18
4	4	5	5	4	1	5	2	4	5	48	1	92	US	R007614	S006194	2026-02-19
5	2	1	4	2	1	1	4	4	5	18	1	82	US	R007615	S000652	2026-03-24
4	5	1	3	2	5	2	4	4	5	50	2	91	US	R007616	S005619	2026-02-27
2	3	2	5	4	2	2	5	1	4	31	1	98	US	R007617	S005689	2026-02-19
2	2	2	5	4	1	3	4	4	4	33	1	92	US	R007618	S011401	2026-02-06
4	4	3	4	2	1	2	4	5	4	39	2	86	US	R007619	S005416	2026-02-03
4	4	4	3	3	3	2	4	4	4	37	1	88	US	R007620	S000298	2026-03-03
1	1	1	4	2	1	1	3	2	3	46	2	92	US	R007621	S008389	2026-02-09
4	1	1	4	2	1	3	2	2	5	35	2	74	US	R007622	S000018	2026-03-14
4	2	4	4	2	4	4	3	4	5	45	1	91	US	R007623	S006196	2026-03-27
5	2	4	4	3	4	1	3	3	2	18	2	53	US	R007624	S003070	2026-03-11
4	5	5	5	4	2	4	4	4	4	59	1	77	US	R007625	S003645	2026-03-03
4	5	5	5	4	3	5	4	4	4	18	1	86	US	R007626	S009388	2026-02-13
3	4	1	1	2	3	3	4	3	3	29	2	88	US	R007627	S002805	2026-03-09
5	1	4	2	1	5	5	4	2	4	48	1	98	US	R007628	S012111	2026-02-19
5	5	5	5	5	3	4	3	5	4	41	1	93	US	R007629	S009811	2026-02-11
1	2	1	3	1	1	2	4	4	4	27	2	66	US	R007630	S009438	2026-02-23
4	2	3	5	4	2	3	4	3	4	40	1	95	US	R007631	S004651	2026-03-18
3	3	3	5	4	4	5	4	3	4	44	1	80	US	R007632	S001827	2026-02-15
5	4	3	5	2	2	4	4	2	4	39	1	95	US	R007633	S010210	2026-02-03
2	2	4	2	3	4	2	3	4	5	53	1	83	US	R007634	S005930	2026-02-10
5	3	3	4	2	1	1	1	2	5	26	2	92	US	R007635	S001702	2026-02-23
4	3	1	3	2	2	3	2	1	4	25	2	100	US	R007636	S006685	2026-03-21
1	5	3	5	2	4	2	2	2	3	45	1	93	US	R007637	S004048	2026-02-19
2	2	3	4	2	1	5	5	4	4	39	1	88	US	R007638	S006468	2026-02-08
4	1	2	2	4	1	4	4	4	4	33	1	93	US	R007639	S007414	2026-03-18
4	1	3	3	5	3	1	2	2	3	32	2	92	US	R007640	S004434	2026-03-06
5	5	4	5	5	5	5	2	5	4	54	1	96	US	R007641	S000875	2026-02-07
4	4	4	4	5	2	5	5	5	5	18	1	90	US	R007642	S005342	2026-02-04
4	4	2	4	4	1	3	3	4	4	18	2	93	US	R007643	S011928	2026-02-06
5	1	5	5	4	5	5	4	4	4	32	2	77	US	R007644	S008917	2026-02-10
4	2	2	4	1	1	1	4	4	5	46	1	93	US	R007645	S009889	2026-03-17
2	2	4	1	2	2	5	5	5	4	24	2	86	US	R007646	S003872	2026-02-12
2	4	4	4	3	2	4	1	2	1	27	1	79	US	R007647	S004183	2026-02-16
3	2	3	4	2	2	4	4	4	4	65	2	95	US	R007648	S005644	2026-03-13
5	2	4	3	3	3	2	1	4	4	57	2	75	US	R007649	S005599	2026-03-05
5	1	1	4	2	3	4	2	4	2	31	2	96	US	R007650	S007073	2026-03-16
2	5	3	5	4	5	3	4	3	4	18	2	88	US	R007651	S005799	2026-02-19
3	4	4	4	4	4	2	4	5	4	41	2	84	US	R007652	S002977	2026-02-20
5	4	4	5	3	4	5	4	4	4	18	2	87	US	R007653	S011598	2026-03-04
4	3	4	4	3	1	2	3	1	2	45	1	94	US	R007654	S006888	2026-03-15
5	2	5	4	4	2	2	5	4	4	25	1	87	US	R007655	S007031	2026-02-28
3	2	1	4	2	1	1	2	2	1	37	2	94	US	R007656	S001193	2026-02-10
3	1	2	4	2	2	2	5	3	5	31	1	80	US	R007657	S006636	2026-02-04
4	3	4	3	5	4	1	4	4	5	35	1	81	US	R007658	S008083	2026-03-18
4	4	3	3	4	5	5	5	5	4	33	1	65	US	R007659	S012629	2026-02-18
4	1	3	5	1	1	1	3	1	2	29	2	91	US	R007660	S004650	2026-02-08
3	2	1	4	2	2	3	4	4	4	52	1	96	US	R007661	S001657	2026-03-16
5	4	4	5	5	4	5	5	5	5	35	2	94	US	R007662	S008023	2026-02-22
5	4	5	5	5	5	5	5	5	5	28	2	97	US	R007663	S000812	2026-02-13
1	2	2	4	2	2	1	3	4	4	37	2	92	US	R007664	S004659	2026-02-16
1	4	2	1	1	2	4	4	4	2	24	1	61	US	R007665	S004916	2026-03-09
4	4	5	4	4	3	4	4	3	5	50	1	75	US	R007666	S012016	2026-03-16
4	1	2	4	1	1	3	2	4	5	18	1	63	US	R007667	S009816	2026-02-16
3	2	2	3	2	2	3	2	4	5	18	1	78	US	R007668	S008976	2026-02-12
4	4	5	4	4	2	3	3	3	5	27	1	83	US	R007669	S006815	2026-02-07
4	2	3	5	3	4	2	2	1	4	27	2	94	US	R007670	S001892	2026-02-23
4	3	4	3	4	2	5	4	3	4	37	2	97	US	R007671	S011223	2026-03-13
4	2	3	4	2	1	4	2	3	3	28	1	80	US	R007672	S000697	2026-02-27
4	4	1	4	2	1	4	2	4	4	32	1	83	US	R007673	S010745	2026-03-09
4	1	5	5	2	4	2	5	4	3	27	2	88	US	R007674	S002781	2026-03-27
3	3	2	2	2	1	1	4	3	2	49	1	86	US	R007675	S006104	2026-03-19
1	3	4	5	4	2	1	3	2	5	37	1	72	US	R007676	S009597	2026-02-09
4	5	4	4	4	2	2	5	2	2	25	1	83	US	R007677	S007757	2026-03-20
4	2	5	3	3	1	1	1	3	4	49	2	93	US	R007678	S000206	2026-03-09
4	2	2	4	3	4	2	4	2	5	39	2	67	US	R007679	S011756	2026-03-04
5	2	5	5	5	4	3	3	5	5	37	1	93	US	R007680	S002620	2026-03-19
2	3	1	4	2	1	1	1	1	3	45	2	70	US	R007681	S011870	2026-03-09
5	2	4	4	3	2	4	4	4	4	41	2	77	US	R007682	S003321	2026-02-07
5	4	5	5	4	4	3	4	4	4	26	1	89	US	R007683	S004549	2026-03-05
4	2	4	3	4	2	2	3	4	4	30	2	87	US	R007684	S005211	2026-03-24
5	3	5	5	4	4	2	2	5	4	29	2	95	US	R007685	S008981	2026-02-07
5	4	5	5	4	2	4	4	4	4	35	1	73	US	R007686	S006264	2026-03-10
4	2	5	5	4	5	5	5	5	5	44	2	73	US	R007687	S010761	2026-03-15
4	2	4	5	3	4	2	5	3	4	38	2	70	US	R007688	S004736	2026-02-17
4	3	3	4	2	1	5	5	5	4	34	1	91	US	R007689	S007107	2026-03-04
5	2	5	5	5	2	5	5	5	5	38	1	79	US	R007690	S004445	2026-02-11
5	2	4	4	4	2	4	4	2	3	39	1	85	US	R007691	S005954	2026-02-24
3	4	5	4	5	2	4	4	4	5	18	1	77	US	R007692	S012918	2026-03-02
4	2	4	5	4	5	2	5	4	4	46	1	69	US	R007693	S012565	2026-02-14
5	3	4	4	4	2	2	5	5	4	26	1	88	US	R007694	S005721	2026-02-26
4	2	5	4	5	3	4	4	3	4	32	1	78	US	R007695	S009332	2026-02-14
4	4	5	5	4	5	4	5	5	5	18	2	94	US	R007696	S005063	2026-03-05
4	3	2	5	3	2	2	3	4	5	41	1	94	US	R007697	S010347	2026-03-03
2	5	3	5	4	4	4	5	5	5	31	2	79	US	R007698	S007505	2026-02-26
4	3	4	4	3	4	4	5	4	4	42	1	98	US	R007699	S008606	2026-02-22
4	1	2	5	2	2	4	4	4	1	26	1	82	US	R007700	S003652	2026-03-11
3	2	1	4	1	2	1	4	3	2	18	1	92	US	R007701	S011542	2026-03-15
5	5	4	4	5	2	5	5	5	4	50	1	87	US	R007702	S006742	2026-02-27
3	1	1	3	1	2	1	2	2	1	18	2	75	US	R007703	S005341	2026-02-16
5	1	3	5	4	5	3	5	3	4	57	1	76	US	R007704	S002563	2026-02-28
5	2	4	5	1	2	4	2	2	2	55	1	75	US	R007705	S011065	2026-02-14
3	3	2	5	2	5	2	2	3	5	42	1	78	US	R007706	S011278	2026-02-17
5	5	2	4	3	5	4	4	4	1	51	1	91	US	R007707	S005133	2026-02-23
4	1	2	5	3	2	3	4	2	2	38	1	80	US	R007708	S002498	2026-03-06
4	4	4	5	3	2	4	4	4	4	37	1	90	US	R007709	S004139	2026-03-19
1	3	2	5	2	1	2	1	4	3	21	1	79	US	R007710	S012521	2026-02-07
5	3	5	4	1	1	5	5	5	4	18	1	86	US	R007711	S006480	2026-03-15
4	4	2	5	4	4	2	3	3	2	19	1	96	US	R007712	S012119	2026-02-09
4	5	2	5	2	1	3	5	2	3	48	2	61	US	R007713	S007550	2026-03-04
2	1	4	4	4	1	4	5	3	4	18	1	95	US	R007714	S010158	2026-03-19
4	4	4	4	5	2	4	2	3	4	46	2	99	US	R007715	S000365	2026-03-10
5	3	4	3	4	4	1	1	1	1	19	1	81	US	R007716	S000903	2026-03-14
5	1	5	5	5	2	5	4	5	4	33	2	99	US	R007717	S005770	2026-02-02
2	5	3	4	3	2	3	5	3	5	25	1	84	US	R007718	S000204	2026-03-26
4	1	2	4	1	1	5	5	5	4	22	2	90	US	R007719	S012220	2026-03-12
4	2	2	4	4	1	4	3	3	5	43	2	93	US	R007720	S005917	2026-02-09
5	4	4	5	5	4	3	3	4	4	38	2	66	US	R007721	S010233	2026-03-04
2	4	2	5	2	2	4	4	5	5	43	1	96	US	R007722	S010000	2026-02-12
4	2	4	2	1	1	3	4	1	4	44	2	92	US	R007723	S011559	2026-03-02
4	3	4	5	4	2	1	4	3	2	43	1	75	US	R007724	S002161	2026-03-27
3	1	5	5	5	3	2	1	2	4	36	2	87	US	R007725	S003234	2026-02-15
5	3	3	3	4	2	1	1	1	3	50	1	77	US	R007726	S009423	2026-02-02
5	5	5	5	5	5	3	5	4	5	41	1	74	US	R007727	S004462	2026-02-05
5	2	5	5	4	4	4	5	4	4	30	1	93	US	R007728	S006801	2026-02-26
5	2	5	4	4	3	4	4	3	5	36	1	93	US	R007729	S004032	2026-03-09
5	5	3	4	2	4	1	4	1	1	21	2	94	US	R007730	S000673	2026-02-05
3	2	2	4	2	1	2	2	2	4	45	1	89	US	R007731	S008810	2026-03-21
4	2	4	4	4	2	4	3	4	3	45	1	90	US	R007732	S002053	2026-02-20
4	1	3	5	2	1	2	2	5	4	33	2	96	US	R007733	S006806	2026-03-22
2	5	2	5	4	4	2	3	2	3	32	2	95	US	R007734	S009461	2026-03-05
4	4	2	5	2	1	4	2	4	4	56	2	98	US	R007735	S009966	2026-02-19
4	4	1	2	4	1	3	3	3	2	31	1	90	US	R007736	S004268	2026-02-09
5	2	2	2	4	2	1	2	2	4	44	2	68	US	R007737	S003387	2026-02-23
4	2	3	4	4	4	2	4	4	4	53	2	92	US	R007738	S004746	2026-02-22
4	2	2	5	2	1	4	2	4	4	23	1	74	US	R007739	S008665	2026-03-03
4	5	4	5	5	4	1	4	1	3	35	1	90	US	R007740	S002797	2026-03-01
2	2	4	4	3	2	3	5	4	1	35	1	98	US	R007741	S008680	2026-02-06
4	4	4	5	4	1	2	5	3	5	37	1	94	US	R007742	S009507	2026-02-24
4	1	4	4	3	3	4	2	3	2	19	2	88	US	R007743	S005494	2026-03-15
3	3	1	4	3	1	2	4	4	5	32	2	66	US	R007744	S012285	2026-03-22
4	3	3	4	5	4	5	2	5	3	38	2	92	US	R007745	S008152	2026-03-23
2	2	1	4	3	2	2	5	3	1	42	1	75	US	R007746	S000294	2026-03-08
1	3	1	3	1	2	4	5	4	3	35	2	79	US	R007747	S004927	2026-02-13
4	3	1	3	2	2	1	3	3	2	48	2	57	US	R007748	S005088	2026-03-02
4	1	4	4	1	2	1	2	5	3	24	2	84	US	R007749	S009843	2026-03-17
4	3	1	3	4	2	4	3	4	4	29	2	74	US	R007750	S000786	2026-03-04
5	4	4	5	4	3	3	5	5	2	45	2	91	US	R007751	S001372	2026-03-27
4	5	5	3	4	3	1	1	2	4	22	1	93	US	R007752	S000369	2026-03-23
5	2	4	5	4	4	5	5	5	5	37	2	96	US	R007753	S002990	2026-02-22
2	4	1	3	4	2	1	2	2	1	27	2	93	US	R007754	S011861	2026-03-08
3	3	3	5	4	1	4	5	4	4	36	2	80	US	R007755	S007092	2026-02-02
5	1	2	3	2	2	4	4	4	4	31	1	95	US	R007756	S001539	2026-03-21
1	4	1	2	2	2	1	3	4	4	40	1	95	US	R007757	S009271	2026-02-11
4	2	3	4	2	2	4	4	2	5	46	2	78	US	R007758	S005784	2026-03-11
4	2	4	5	5	5	4	5	4	4	46	2	99	US	R007759	S011568	2026-03-11
3	4	4	4	3	2	4	5	5	3	18	1	91	US	R007760	S001439	2026-02-23
5	5	5	4	5	4	3	5	4	3	27	1	90	US	R007761	S006181	2026-02-18
4	3	3	5	4	2	4	1	3	4	55	2	76	US	R007762	S008652	2026-02-15
4	1	5	5	5	3	4	2	5	5	28	2	92	US	R007763	S007742	2026-03-13
4	2	3	2	2	2	3	2	2	2	18	2	98	US	R007764	S001440	2026-02-13
2	4	4	5	5	2	5	5	5	5	32	1	86	US	R007765	S005170	2026-02-24
4	1	4	5	5	5	5	3	4	3	51	1	91	US	R007766	S010587	2026-02-05
5	2	4	5	4	4	2	5	4	5	18	2	69	US	R007767	S002345	2026-02-26
4	1	4	4	4	2	1	1	1	1	18	2	81	US	R007768	S011132	2026-02-02
5	1	5	5	5	5	5	5	4	5	36	2	87	US	R007769	S012247	2026-02-06
4	1	2	4	1	3	1	4	4	3	35	2	77	US	R007770	S010639	2026-03-22
5	4	5	5	5	4	4	5	4	5	31	1	94	US	R007771	S011257	2026-03-09
5	2	4	5	5	3	1	5	3	4	18	2	95	US	R007772	S012750	2026-02-15
2	3	2	2	1	1	2	2	3	3	35	1	87	US	R007773	S012262	2026-03-14
5	2	5	4	4	2	2	3	5	2	28	1	69	US	R007774	S006554	2026-03-15
4	4	3	4	4	2	5	4	4	5	43	1	84	US	R007775	S010273	2026-03-15
4	3	5	5	4	4	5	5	4	5	32	1	86	US	R007776	S006876	2026-03-12
5	4	1	3	1	5	5	3	4	3	44	2	89	US	R007777	S010654	2026-02-15
4	2	5	5	3	4	1	2	3	4	52	2	91	US	R007778	S003425	2026-03-02
2	3	3	4	4	1	2	3	2	4	18	2	89	US	R007779	S010605	2026-02-24
4	3	4	4	1	2	4	2	4	4	33	2	86	US	R007780	S006489	2026-02-17
3	3	2	2	2	3	2	2	3	4	19	1	98	US	R007781	S005049	2026-03-02
3	1	3	3	3	1	4	1	5	3	35	1	64	US	R007782	S007439	2026-02-04
5	4	4	4	2	1	1	3	2	1	41	1	78	US	R007783	S010597	2026-02-15
4	2	4	5	3	4	4	4	4	5	37	1	70	US	R007784	S005968	2026-03-19
4	1	2	4	2	2	3	4	1	5	37	1	69	US	R007785	S001475	2026-03-11
5	2	3	5	4	5	1	1	1	4	60	1	95	US	R007786	S007740	2026-02-27
4	2	2	5	4	2	2	2	3	4	41	1	63	US	R007787	S004279	2026-03-12
5	1	3	2	3	3	5	4	5	4	43	1	55	US	R007788	S000783	2026-03-17
2	2	1	2	1	2	1	3	2	2	43	2	91	US	R007789	S010816	2026-02-24
5	2	5	5	5	5	3	4	4	5	61	1	76	US	R007790	S006926	2026-02-03
5	5	5	5	5	5	3	2	2	5	37	1	88	US	R007791	S003367	2026-03-12
5	4	5	5	4	4	2	2	4	1	38	1	80	US	R007792	S003084	2026-03-20
5	2	5	5	4	5	4	5	5	4	19	2	83	US	R007793	S007417	2026-02-03
1	1	1	2	1	1	1	2	2	2	51	2	96	US	R007794	S008656	2026-03-19
5	2	5	5	5	3	5	5	5	5	32	2	66	US	R007795	S008742	2026-02-27
4	4	4	5	5	5	5	5	4	5	62	2	94	US	R007796	S001771	2026-03-03
2	2	1	3	2	1	1	5	1	4	22	1	83	US	R007797	S001532	2026-03-16
2	1	1	3	1	1	1	3	2	4	31	1	90	US	R007798	S009031	2026-03-17
5	4	5	4	5	2	4	5	5	5	32	1	96	US	R007799	S004646	2026-03-12
5	4	5	5	5	4	5	5	5	4	31	1	47	US	R007800	S010424	2026-03-13
4	2	2	4	2	1	2	1	2	4	31	2	71	US	R007801	S001619	2026-02-26
4	4	5	5	4	5	5	3	4	1	27	2	98	US	R007802	S011232	2026-02-10
3	5	4	3	5	2	3	2	4	4	35	1	96	US	R007803	S008673	2026-03-17
4	3	3	4	4	4	2	4	4	4	56	2	87	US	R007804	S001286	2026-03-19
1	1	2	3	2	1	1	4	2	4	45	1	86	US	R007805	S004795	2026-02-25
5	5	5	5	5	5	5	5	4	5	43	1	92	US	R007806	S002358	2026-03-03
4	1	4	5	2	2	4	1	3	4	30	1	77	US	R007807	S012810	2026-03-09
4	2	5	5	5	4	1	3	5	5	55	2	89	US	R007808	S010241	2026-03-10
2	5	4	2	2	1	1	1	4	1	51	1	80	US	R007809	S001760	2026-02-27
4	5	4	4	2	2	1	2	2	4	53	1	87	US	R007810	S005034	2026-02-18
5	3	4	4	4	3	3	4	5	5	30	1	78	US	R007811	S010134	2026-02-26
3	1	4	4	5	1	4	4	5	3	31	1	74	US	R007812	S011346	2026-03-21
2	2	2	4	5	4	3	5	2	5	37	1	73	US	R007813	S009750	2026-03-27
4	2	4	4	4	4	2	2	2	3	20	2	97	US	R007814	S004612	2026-02-27
2	4	3	5	3	2	1	2	2	1	40	1	96	US	R007815	S009979	2026-03-26
5	1	5	4	5	1	1	5	5	4	27	2	91	US	R007816	S007588	2026-03-20
4	2	5	4	4	3	4	5	4	5	24	2	82	US	R007817	S012061	2026-03-01
3	1	1	4	1	1	4	4	2	2	38	2	93	US	R007818	S003926	2026-03-08
5	3	3	5	3	1	5	5	5	5	51	2	85	US	R007819	S007973	2026-02-17
5	5	4	5	5	5	4	3	3	4	22	1	78	US	R007820	S003153	2026-03-20
5	2	5	3	5	5	5	5	5	5	41	2	77	US	R007821	S008696	2026-03-17
4	1	2	4	5	4	4	2	5	5	29	2	94	US	R007822	S012069	2026-03-12
3	1	3	4	2	1	1	1	1	1	18	1	95	US	R007823	S001729	2026-03-16
3	2	4	5	4	3	2	1	2	3	48	2	93	US	R007824	S008225	2026-03-05
2	4	2	4	1	1	3	2	4	4	25	2	96	US	R007825	S003490	2026-02-24
2	4	4	5	4	2	2	4	4	1	31	2	87	US	R007826	S001120	2026-02-15
5	5	5	5	5	4	5	2	5	4	27	1	86	US	R007827	S006977	2026-03-09
5	2	5	5	4	5	5	5	5	5	40	1	83	US	R007828	S006992	2026-02-10
2	3	2	5	4	2	2	1	4	4	28	1	98	US	R007829	S002222	2026-03-14
4	3	2	4	3	2	1	1	2	5	44	1	74	US	R007830	S011599	2026-02-24
4	3	3	5	2	1	3	4	5	3	48	1	88	US	R007831	S000227	2026-03-07
5	4	4	5	5	3	5	4	3	5	38	1	90	US	R007832	S005737	2026-02-02
5	4	2	5	2	2	1	5	3	5	43	1	80	US	R007833	S012442	2026-02-18
4	4	3	5	4	2	4	4	5	3	47	2	85	US	R007834	S006855	2026-03-12
4	3	2	4	5	2	4	4	3	5	43	2	94	US	R007835	S004146	2026-03-27
5	4	5	5	4	5	4	4	2	4	42	1	96	US	R007836	S002013	2026-02-21
2	2	1	3	4	3	1	4	5	4	30	2	61	US	R007837	S006340	2026-03-05
1	1	2	2	4	2	1	1	1	4	46	2	76	US	R007838	S007087	2026-03-24
2	1	2	3	4	1	5	5	5	5	47	2	90	US	R007839	S000034	2026-02-21
5	5	5	5	5	5	5	4	5	4	44	1	97	US	R007840	S008432	2026-03-12
2	4	3	5	3	3	4	2	4	5	29	2	81	US	R007841	S006942	2026-03-07
5	2	3	5	5	4	1	1	1	4	48	1	78	US	R007842	S009340	2026-02-03
2	1	4	4	4	2	2	5	3	2	26	2	100	US	R007843	S005325	2026-03-10
2	3	1	4	2	1	1	1	2	4	29	2	77	US	R007844	S012323	2026-03-07
4	2	3	4	2	2	4	4	4	4	30	1	98	US	R007845	S008605	2026-03-11
3	1	3	2	2	2	1	1	2	2	43	1	99	US	R007846	S007464	2026-02-05
5	5	5	5	4	4	5	4	5	5	20	2	85	US	R007847	S006897	2026-03-13
4	4	4	5	4	3	1	2	1	4	46	2	97	US	R007848	S003915	2026-02-06
5	4	3	5	5	3	4	5	4	5	34	1	82	US	R007849	S008821	2026-02-10
5	1	2	5	4	4	1	3	2	3	29	2	71	US	R007850	S000670	2026-03-02
5	4	2	4	2	4	2	2	4	4	25	1	94	US	R007851	S010343	2026-02-23
4	2	3	4	4	3	4	5	5	5	52	2	84	US	R007852	S004962	2026-03-11
2	5	5	3	5	1	1	5	5	4	39	1	97	US	R007853	S002089	2026-03-17
4	1	2	4	2	2	5	5	5	4	42	1	69	US	R007854	S002616	2026-03-13
3	2	4	5	2	1	1	4	1	4	36	1	44	US	R007855	S003715	2026-02-28
5	3	4	5	5	4	4	5	3	4	35	2	79	US	R007856	S004036	2026-03-01
3	3	4	5	3	2	4	5	5	4	30	1	96	US	R007857	S005568	2026-02-12
2	1	3	5	1	2	2	1	1	4	50	2	95	US	R007858	S005782	2026-02-18
4	2	4	5	5	4	4	5	3	5	25	1	73	US	R007859	S002909	2026-02-12
4	2	5	5	4	5	5	3	5	5	36	2	78	US	R007860	S010617	2026-02-24
5	5	5	5	5	2	3	2	5	4	39	1	76	US	R007861	S002104	2026-03-13
4	4	4	4	4	1	5	1	5	5	25	2	68	US	R007862	S003237	2026-03-17
1	2	1	3	2	1	1	4	2	2	41	1	90	US	R007863	S002312	2026-02-14
4	4	4	4	4	1	2	4	4	4	29	1	64	US	R007864	S012657	2026-03-05
2	1	2	4	1	1	1	2	1	1	47	1	90	US	R007865	S000306	2026-03-21
4	4	2	5	1	1	3	2	4	5	35	2	77	US	R007866	S003987	2026-03-08
4	3	5	5	4	3	3	4	5	5	30	1	92	US	R007867	S008291	2026-02-26
4	4	5	5	4	5	4	5	5	5	18	2	94	US	R007868	S006512	2026-02-14
4	4	4	4	4	5	5	4	5	5	18	2	71	US	R007869	S003186	2026-03-10
1	1	2	4	3	1	3	4	4	4	18	1	78	US	R007870	S009478	2026-02-24
4	4	3	3	5	3	2	3	4	4	32	1	85	US	R007871	S010292	2026-02-12
2	4	2	4	2	2	4	4	4	3	38	2	91	US	R007872	S001622	2026-03-07
1	3	2	4	2	2	2	4	4	5	22	1	89	US	R007873	S008208	2026-03-01
5	4	5	5	5	5	5	4	5	5	28	2	84	US	R007874	S012333	2026-02-22
4	4	4	3	4	4	4	2	4	3	36	2	83	US	R007875	S012604	2026-02-18
3	2	2	3	2	3	5	5	5	5	29	1	59	US	R007876	S010109	2026-03-13
2	5	4	5	5	3	3	4	4	4	37	2	93	US	R007877	S002121	2026-03-25
3	5	2	3	2	2	5	5	5	5	37	2	97	US	R007878	S009680	2026-03-19
4	4	5	2	2	4	1	2	2	2	42	1	69	US	R007879	S008815	2026-02-22
2	3	2	5	2	2	4	5	4	4	41	1	79	US	R007880	S003879	2026-03-27
2	4	4	4	5	3	2	1	4	2	28	1	97	US	R007881	S012409	2026-02-06
5	4	3	2	3	3	3	5	4	5	28	2	95	US	R007882	S009732	2026-02-28
4	5	4	4	3	1	4	3	2	1	66	2	73	US	R007883	S004714	2026-02-10
5	2	5	4	3	2	5	5	5	5	23	1	96	US	R007884	S009871	2026-03-21
5	2	2	2	2	1	2	4	4	2	24	1	77	US	R007885	S007754	2026-02-14
5	4	5	5	5	4	5	4	5	5	36	1	86	US	R007886	S009925	2026-02-23
4	2	5	2	5	2	3	3	4	4	51	2	69	US	R007887	S002324	2026-02-13
1	1	2	3	1	1	5	2	4	4	39	1	92	US	R007888	S001696	2026-03-14
5	1	2	4	3	1	4	5	5	4	47	2	78	US	R007889	S004545	2026-03-08
3	2	2	5	4	1	4	3	4	4	40	1	91	US	R007890	S004653	2026-03-09
4	3	4	4	3	1	4	2	3	2	38	1	84	US	R007891	S004278	2026-03-13
5	4	5	5	5	4	4	4	4	3	21	2	83	US	R007892	S009257	2026-02-02
4	2	2	4	4	3	3	5	4	4	36	2	97	US	R007893	S002975	2026-02-07
2	2	2	4	3	3	3	4	2	2	30	1	85	US	R007894	S005734	2026-02-24
3	4	5	5	4	4	1	1	2	1	32	1	76	US	R007895	S000511	2026-03-13
3	4	4	5	4	1	2	3	4	4	37	2	69	US	R007896	S003081	2026-02-18
4	2	4	5	5	4	5	3	2	5	41	1	81	US	R007897	S005649	2026-03-04
1	2	4	4	3	1	3	4	2	5	34	2	96	US	R007898	S006461	2026-03-27
5	2	4	4	4	5	5	4	5	5	40	1	91	US	R007899	S011246	2026-03-08
5	1	4	4	4	2	3	5	5	4	46	1	92	US	R007900	S004297	2026-02-23
1	2	4	4	3	2	1	3	1	2	41	2	94	US	R007901	S003105	2026-02-22
4	3	5	4	4	2	4	3	4	4	26	1	83	US	R007902	S008881	2026-03-13
4	5	2	4	5	1	4	4	2	2	33	1	85	US	R007903	S010777	2026-02-12
5	4	5	5	5	5	4	5	4	4	22	2	65	US	R007904	S012899	2026-03-04
5	3	5	4	5	4	3	4	3	4	27	1	99	US	R007905	S010897	2026-03-09
2	4	2	4	2	1	2	4	3	3	39	2	86	US	R007906	S012535	2026-02-27
2	2	2	3	2	1	1	2	1	2	45	1	92	US	R007907	S010839	2026-02-19
4	2	3	5	2	1	1	4	3	4	39	2	94	US	R007908	S003756	2026-03-03
4	2	2	3	4	2	1	1	4	3	35	2	83	US	R007909	S002453	2026-02-28
5	3	5	5	5	2	2	2	1	2	29	1	89	US	R007910	S003209	2026-03-01
4	2	2	5	5	3	2	2	3	4	34	2	92	US	R007911	S008167	2026-03-03
1	2	1	4	1	1	2	4	4	2	23	1	93	US	R007912	S011569	2026-02-10
5	5	4	4	5	3	4	4	5	4	49	1	93	US	R007913	S003605	2026-02-26
3	2	4	4	1	2	4	2	3	5	34	1	96	US	R007914	S007601	2026-02-03
4	3	4	5	4	5	1	4	2	4	36	2	87	US	R007915	S002702	2026-03-25
5	3	3	4	2	3	1	4	4	5	44	1	97	US	R007916	S001362	2026-03-15
4	3	3	4	3	2	4	4	3	4	31	1	91	US	R007917	S000266	2026-02-14
5	2	5	3	5	2	5	5	4	3	46	2	90	US	R007918	S005604	2026-03-22
4	2	3	5	2	2	2	5	5	2	30	2	70	US	R007919	S009602	2026-03-21
4	2	4	4	2	2	1	5	4	4	26	1	90	US	R007920	S002070	2026-02-17
5	5	4	4	4	4	4	4	2	4	36	2	85	US	R007921	S001646	2026-03-10
4	2	2	2	2	1	2	4	2	2	38	2	96	US	R007922	S012754	2026-02-12
1	4	1	4	1	1	3	2	4	1	28	1	81	US	R007923	S004134	2026-03-06
3	2	4	4	5	2	4	4	4	4	41	2	74	US	R007924	S012164	2026-03-02
4	1	3	5	4	2	4	3	4	4	28	2	71	US	R007925	S007435	2026-02-02
4	4	1	4	1	1	3	4	2	4	29	2	51	US	R007926	S008727	2026-02-20
2	1	1	2	2	1	2	2	2	1	43	2	100	US	R007927	S010660	2026-03-23
5	2	4	5	5	3	2	2	3	3	18	2	90	US	R007928	S012075	2026-02-12
1	2	1	3	1	1	1	1	1	1	18	2	85	US	R007929	S009682	2026-02-04
4	3	3	5	4	4	2	4	4	5	36	1	97	US	R007930	S009042	2026-02-07
4	3	2	4	4	1	4	5	5	5	29	1	97	US	R007931	S000609	2026-03-19
5	4	3	5	3	2	3	3	2	4	37	1	88	US	R007932	S008789	2026-03-11
5	3	5	5	5	4	4	5	3	5	43	2	92	US	R007933	S007562	2026-02-14
4	2	2	3	5	2	3	2	4	4	26	2	79	US	R007934	S002696	2026-02-03
4	2	5	5	3	3	5	5	4	5	40	1	72	US	R007935	S011655	2026-03-19
4	5	4	4	4	3	2	5	4	3	35	1	81	US	R007936	S004987	2026-02-18
3	2	5	4	2	1	4	1	4	4	39	1	87	US	R007937	S008425	2026-03-05
2	2	3	2	3	4	5	5	5	5	45	2	95	US	R007938	S003334	2026-03-02
1	1	3	4	3	3	5	2	4	4	37	2	98	US	R007939	S012841	2026-02-19
4	5	2	5	2	1	4	2	4	5	37	1	94	US	R007940	S011913	2026-02-15
5	2	2	4	2	1	1	3	2	2	31	2	77	US	R007941	S012431	2026-02-19
5	3	5	5	3	4	5	5	5	5	55	2	46	US	R007942	S004170	2026-03-17
2	3	1	4	1	1	4	2	3	5	18	1	90	US	R007943	S004280	2026-03-22
5	2	4	5	4	5	5	3	4	5	25	1	83	US	R007944	S002550	2026-03-16
4	2	3	5	5	3	5	5	5	5	22	1	95	US	R007945	S000819	2026-03-01
4	1	2	1	2	1	1	4	2	5	44	1	70	US	R007946	S011118	2026-02-12
2	2	2	5	1	1	2	2	3	5	21	1	77	US	R007947	S005118	2026-03-16
4	1	4	2	2	3	5	5	4	2	18	1	91	US	R007948	S007292	2026-03-02
2	1	4	5	4	4	5	5	5	5	29	2	70	US	R007949	S004942	2026-02-18
4	3	5	5	4	4	4	5	4	4	29	1	54	US	R007950	S009481	2026-03-22
2	2	2	4	2	2	2	2	2	1	45	1	69	US	R007951	S011139	2026-03-24
5	5	5	4	4	4	5	5	4	5	35	1	95	US	R007952	S000478	2026-03-02
2	4	3	3	3	2	4	4	4	4	34	1	77	US	R007953	S008846	2026-02-22
5	4	4	4	4	4	3	4	2	1	30	2	91	US	R007954	S001018	2026-02-16
4	2	2	4	1	1	2	2	4	5	34	2	73	US	R007955	S004480	2026-02-13
5	2	4	5	5	5	4	5	4	2	23	2	86	US	R007956	S003950	2026-03-01
4	2	3	4	3	2	4	3	4	5	44	1	74	US	R007957	S002765	2026-02-23
2	4	2	5	2	2	4	2	3	3	21	1	91	US	R007958	S005376	2026-03-16
5	1	3	4	5	4	1	2	1	4	26	1	80	US	R007959	S011807	2026-02-24
4	4	4	5	3	2	1	5	3	5	29	1	96	US	R007960	S009600	2026-02-22
5	3	4	5	5	4	4	2	5	5	18	1	77	US	R007961	S005639	2026-02-16
2	3	4	3	4	2	4	4	5	2	36	2	91	US	R007962	S009973	2026-03-22
3	3	5	3	3	4	2	4	2	4	47	1	75	US	R007963	S010912	2026-03-10
4	2	3	5	2	1	1	4	2	5	34	1	96	US	R007964	S005748	2026-03-04
5	3	5	5	5	5	5	5	5	5	29	2	95	US	R007965	S004591	2026-02-13
3	2	5	5	4	2	3	5	5	3	26	1	68	US	R007966	S010506	2026-02-09
5	4	4	3	5	2	2	4	4	2	51	2	86	US	R007967	S004643	2026-02-14
5	1	3	3	4	2	2	4	4	4	34	2	86	US	R007968	S004321	2026-03-16
5	3	4	4	2	3	4	4	5	5	47	2	83	US	R007969	S005446	2026-02-09
4	2	1	4	4	4	2	1	3	3	36	2	91	US	R007970	S005387	2026-02-02
4	2	3	4	4	2	4	5	2	5	56	1	69	US	R007971	S003815	2026-03-23
5	5	5	3	4	5	5	5	5	4	42	1	96	US	R007972	S002945	2026-02-13
4	2	3	3	4	5	3	4	4	4	39	2	73	US	R007973	S004413	2026-03-25
5	3	5	5	4	2	4	4	3	4	43	1	92	US	R007974	S008205	2026-02-20
5	2	3	3	3	3	4	5	5	5	37	1	93	US	R007975	S007844	2026-02-06
3	4	5	4	4	2	3	4	4	4	18	2	83	US	R007976	S006577	2026-03-19
5	2	5	5	3	1	2	1	2	1	36	2	72	US	R007977	S008131	2026-02-14
5	4	4	5	5	5	4	5	4	5	29	2	96	US	R007978	S002317	2026-02-13
4	4	2	4	4	1	4	3	4	5	29	1	99	US	R007979	S007393	2026-02-05
5	1	3	4	4	2	2	4	2	4	30	1	96	US	R007980	S000247	2026-03-21
3	5	3	3	2	4	4	5	5	4	33	1	62	US	R007981	S007097	2026-02-07
4	2	4	4	1	1	5	4	4	5	18	1	77	US	R007982	S008726	2026-02-04
4	4	4	5	5	5	4	5	5	5	28	1	81	US	R007983	S000105	2026-02-18
4	2	5	4	4	3	3	5	3	5	33	2	93	US	R007984	S010493	2026-03-26
4	2	2	1	2	3	5	5	5	5	46	2	71	US	R007985	S007264	2026-02-04
4	4	3	4	4	2	1	5	4	5	31	1	80	US	R007986	S005058	2026-02-02
2	2	2	5	2	4	5	5	5	5	36	1	87	US	R007987	S007805	2026-03-02
2	3	4	5	4	4	1	4	2	4	53	1	84	US	R007988	S000781	2026-02-09
4	2	4	4	1	3	2	5	3	4	38	1	90	US	R007989	S012364	2026-03-21
5	5	4	5	2	1	5	4	5	5	47	2	68	US	R007990	S003643	2026-03-11
4	3	5	5	4	3	2	4	4	4	42	1	73	US	R007991	S011435	2026-02-05
2	1	2	3	1	1	3	3	4	2	52	2	95	US	R007992	S006592	2026-02-17
3	4	1	1	1	2	2	2	2	3	42	1	86	US	R007993	S001669	2026-02-04
2	2	3	4	4	4	2	4	2	4	35	2	81	US	R007994	S003686	2026-02-08
5	4	2	3	5	3	2	3	4	4	48	1	54	US	R007995	S004289	2026-03-01
4	2	5	5	1	1	1	1	2	5	19	1	75	US	R007996	S002576	2026-02-04
5	3	5	5	5	4	3	5	4	5	29	1	96	US	R007997	S009531	2026-02-13
2	2	2	4	1	1	2	2	2	5	39	2	66	US	R007998	S012948	2026-02-24
4	1	2	4	2	2	2	4	2	4	26	2	100	US	R007999	S012339	2026-02-24
4	4	5	5	4	5	5	5	4	5	27	2	87	US	R008000	S012331	2026-03-26
5	4	2	4	4	1	5	4	5	5	41	1	93	US	R008001	S011383	2026-02-02
3	2	4	3	2	2	2	2	2	4	24	2	90	US	R008002	S011984	2026-03-09
5	4	4	5	3	5	2	3	5	4	37	1	94	US	R008003	S003287	2026-02-13
5	3	4	5	5	2	1	2	4	4	32	2	92	US	R008004	S006045	2026-03-05
5	5	3	3	2	5	4	4	5	5	18	1	96	US	R008005	S007699	2026-03-19
5	4	5	4	5	2	2	5	3	5	26	2	86	US	R008006	S003807	2026-03-25
5	3	5	4	5	4	2	4	4	4	38	1	83	US	R008007	S004586	2026-03-25
4	3	4	4	5	2	5	5	4	5	33	1	87	US	R008008	S001822	2026-02-16
2	2	4	1	4	3	5	4	5	4	38	1	86	US	R008009	S006261	2026-02-02
4	3	1	4	1	1	3	2	4	4	45	2	99	US	R008010	S004552	2026-03-19
1	2	1	4	1	1	1	2	4	4	51	2	82	US	R008011	S010692	2026-02-23
4	3	3	4	2	3	1	3	3	2	28	2	53	US	R008012	S008019	2026-02-13
2	3	5	5	4	3	2	1	2	2	37	2	95	US	R008013	S011773	2026-03-03
4	1	1	4	1	1	3	4	4	4	36	2	76	US	R008014	S002819	2026-02-17
4	5	2	4	2	2	1	1	1	3	27	1	78	US	R008015	S001664	2026-02-16
2	2	3	3	2	1	1	3	3	4	38	1	77	US	R008016	S005775	2026-03-02
4	3	2	4	2	2	4	4	5	5	37	1	80	US	R008017	S012143	2026-02-28
5	4	5	5	5	5	4	4	5	4	39	1	83	US	R008018	S007210	2026-02-17
2	3	2	2	3	1	4	4	5	4	38	2	93	US	R008019	S006412	2026-03-10
5	5	5	5	4	4	4	5	4	5	21	2	88	US	R008020	S005047	2026-03-10
1	1	2	3	3	4	4	5	3	4	57	1	90	US	R008021	S005920	2026-03-09
5	3	5	4	5	3	4	2	3	4	35	1	90	US	R008022	S001179	2026-02-08
5	5	4	3	3	1	4	5	4	4	20	1	96	US	R008023	S006408	2026-02-02
4	5	4	5	4	2	4	3	4	4	37	2	99	US	R008024	S010467	2026-03-13
5	3	4	5	4	2	3	3	4	3	19	1	93	US	R008025	S010935	2026-02-21
1	2	4	5	4	2	5	4	5	5	25	1	81	US	R008026	S001104	2026-02-03
5	2	5	4	2	3	1	1	4	3	43	2	83	US	R008027	S000802	2026-02-24
2	2	2	4	2	3	4	4	4	5	37	2	97	US	R008028	S001605	2026-03-18
5	3	4	4	4	2	2	4	4	5	39	1	88	US	R008029	S000098	2026-02-20
4	3	2	5	2	1	1	4	3	2	40	2	91	US	R008030	S007115	2026-02-23
3	1	3	3	2	1	4	5	4	5	26	2	78	US	R008031	S000051	2026-03-21
5	3	2	5	2	1	2	2	2	4	29	1	86	US	R008032	S003513	2026-03-03
2	4	2	2	2	1	1	1	2	2	34	2	54	US	R008033	S010685	2026-02-26
2	2	2	3	4	1	1	2	2	4	28	2	80	US	R008034	S002932	2026-02-27
2	5	2	3	2	2	4	5	5	5	30	1	88	US	R008035	S012585	2026-03-16
4	1	3	3	3	1	4	5	2	4	22	1	87	US	R008036	S003974	2026-02-25
2	2	1	1	1	1	1	3	1	1	18	1	88	US	R008037	S004802	2026-03-05
4	2	2	5	4	2	2	5	3	3	24	2	90	US	R008038	S011376	2026-02-27
4	3	4	2	3	1	4	4	5	5	29	1	70	US	R008039	S000922	2026-02-12
1	2	1	5	2	1	1	2	4	4	54	1	81	US	R008040	S001666	2026-03-06
1	4	1	3	2	1	5	3	3	3	37	2	83	US	R008041	S010404	2026-03-02
5	2	3	5	4	3	2	4	2	5	43	2	66	US	R008042	S006191	2026-02-02
5	4	4	5	4	1	2	2	4	5	31	2	70	US	R008043	S010802	2026-03-14
5	3	4	5	3	2	3	2	4	4	32	2	95	US	R008044	S008490	2026-02-15
4	4	4	5	5	5	4	5	5	5	28	1	81	US	R008045	S006355	2026-02-06
4	2	3	4	4	2	4	5	5	4	41	2	75	US	R008046	S004448	2026-03-17
4	2	4	5	4	2	2	2	1	4	46	2	78	US	R008047	S007958	2026-03-14
4	1	3	5	2	3	2	4	2	1	32	2	94	US	R008048	S006271	2026-02-04
5	3	3	2	1	1	3	2	4	4	42	1	86	US	R008049	S003530	2026-03-17
5	3	4	4	5	3	4	4	4	4	20	1	93	US	R008050	S012246	2026-02-13
4	2	2	1	2	2	1	4	1	5	41	2	97	US	R008051	S008173	2026-02-17
4	2	4	4	2	1	3	1	4	2	28	1	80	US	R008052	S004157	2026-02-05
4	3	4	5	3	1	5	5	4	4	35	2	76	US	R008053	S010409	2026-03-10
5	3	3	4	5	2	2	1	3	3	39	2	95	US	R008054	S002570	2026-03-09
2	3	4	1	1	2	3	4	2	5	44	1	90	US	R008055	S006353	2026-02-05
2	2	2	4	2	3	2	2	3	4	50	1	86	US	R008056	S008614	2026-02-10
3	2	2	4	2	4	4	4	2	5	18	1	80	US	R008057	S012236	2026-03-27
3	4	2	3	4	1	1	3	3	5	53	1	90	US	R008058	S009548	2026-02-02
5	2	4	5	4	3	4	3	3	5	31	2	97	US	R008059	S010881	2026-02-13
1	3	1	5	2	2	1	3	2	3	55	1	82	US	R008060	S010465	2026-03-06
4	2	3	4	3	1	3	1	4	5	18	1	93	US	R008061	S012211	2026-02-16
4	4	4	5	4	4	3	3	5	5	23	1	97	US	R008062	S008757	2026-03-26
5	4	5	5	2	4	5	2	3	5	41	1	99	US	R008063	S011738	2026-02-26
4	2	3	5	5	5	4	5	5	5	18	1	80	US	R008064	S001366	2026-02-21
5	4	2	3	4	3	2	5	2	4	40	1	94	US	R008065	S002740	2026-02-14
4	5	4	4	5	4	5	4	3	5	35	2	97	US	R008066	S010799	2026-03-11
5	2	5	5	3	3	4	4	2	4	24	2	80	US	R008067	S006310	2026-03-23
4	5	4	4	4	3	2	2	4	5	30	1	78	US	R008068	S011183	2026-03-03
5	5	5	5	5	5	5	5	4	5	43	1	92	US	R008069	S003135	2026-03-18
2	2	1	4	2	1	1	2	2	2	24	2	98	US	R008070	S003996	2026-02-22
3	4	4	5	5	4	4	5	5	4	52	1	89	US	R008071	S012620	2026-03-02
4	3	4	3	4	2	4	5	4	5	35	1	81	US	R008072	S010933	2026-03-11
3	3	2	4	1	3	2	4	1	5	46	2	77	US	R008073	S011523	2026-03-26
4	3	4	5	2	2	2	4	2	2	21	1	78	US	R008074	S004332	2026-02-21
2	2	3	4	2	1	4	4	5	5	53	1	91	US	R008075	S011240	2026-02-17
5	2	5	4	3	5	2	4	4	5	38	2	96	US	R008076	S009623	2026-02-18
5	2	3	5	4	4	4	3	5	5	27	1	97	US	R008077	S002941	2026-02-05
4	1	3	2	4	2	5	4	5	5	37	1	97	US	R008078	S011382	2026-02-16
2	3	2	4	4	2	2	3	2	4	44	2	94	US	R008079	S005515	2026-02-20
4	4	4	4	4	3	2	4	3	5	35	2	94	US	R008080	S010472	2026-02-20
3	3	4	4	4	2	2	5	1	4	30	1	96	US	R008081	S004059	2026-02-25
4	4	4	5	5	3	2	5	4	4	26	2	80	US	R008082	S004911	2026-02-10
4	1	3	4	4	1	5	5	5	4	30	1	94	US	R008083	S007808	2026-02-03
3	2	2	3	4	2	3	3	3	3	50	2	97	US	R008084	S008215	2026-02-19
4	2	2	2	2	1	4	2	5	3	28	1	85	US	R008085	S008157	2026-03-08
2	1	2	3	4	2	3	4	2	4	36	1	69	US	R008086	S011801	2026-02-16
4	3	5	4	2	2	2	2	2	4	34	1	82	US	R008087	S004017	2026-02-08
4	4	2	2	2	1	4	4	5	5	29	2	95	US	R008088	S012626	2026-03-21
5	3	5	3	5	5	5	5	4	2	32	1	90	US	R008089	S010332	2026-02-21
3	2	2	3	1	2	1	1	3	3	28	1	94	US	R008090	S008975	2026-02-07
5	4	4	5	5	5	3	4	3	5	18	1	95	US	R008091	S011478	2026-03-08
4	5	5	3	2	2	1	4	4	4	30	2	93	US	R008092	S006238	2026-02-23
4	2	4	5	1	2	5	5	5	5	33	1	70	US	R008093	S005109	2026-02-24
4	2	2	4	3	2	2	2	3	4	45	1	87	US	R008094	S003064	2026-03-15
4	5	4	4	4	5	4	4	4	5	58	2	76	US	R008095	S010170	2026-02-03
5	5	4	3	4	5	5	5	4	4	33	1	73	US	R008096	S003826	2026-02-06
4	3	4	4	5	2	2	2	5	2	30	1	93	US	R008097	S006610	2026-03-19
4	5	3	5	5	2	1	1	2	2	40	1	93	US	R008098	S000443	2026-02-04
4	2	4	5	3	5	4	4	4	5	24	2	92	US	R008099	S006895	2026-03-09
5	1	3	4	2	3	1	4	2	4	45	1	87	US	R008100	S010678	2026-02-19
1	2	1	4	1	1	4	3	3	5	44	1	94	US	R008101	S001335	2026-02-04
4	2	4	2	5	4	5	5	4	4	40	2	93	US	R008102	S010831	2026-03-02
4	4	5	4	5	5	4	5	3	3	57	1	71	US	R008103	S009953	2026-03-27
4	4	5	5	5	2	4	3	5	5	46	2	67	US	R008104	S000867	2026-03-07
4	5	2	5	3	3	4	4	4	5	56	1	92	US	R008105	S012057	2026-03-21
5	5	3	5	5	4	4	4	2	5	28	1	95	US	R008106	S001139	2026-02-15
5	1	4	4	2	2	4	3	4	3	38	1	86	US	R008107	S008407	2026-02-21
5	2	5	5	5	5	4	3	1	4	39	1	78	US	R008108	S011607	2026-03-26
4	1	2	2	2	2	2	3	2	3	34	1	60	US	R008109	S011097	2026-02-24
1	1	2	2	2	1	4	4	5	4	56	1	91	US	R008110	S007110	2026-03-19
5	5	4	4	5	2	2	4	3	5	38	1	90	US	R008111	S012218	2026-02-10
2	3	1	4	1	2	3	4	2	3	26	1	94	US	R008112	S000951	2026-02-04
4	5	5	5	5	5	5	3	5	4	35	1	100	US	R008113	S006826	2026-02-09
4	2	1	3	3	5	1	3	2	3	31	1	98	US	R008114	S004941	2026-02-24
2	1	3	4	4	4	5	5	5	5	25	1	96	US	R008115	S010717	2026-03-14
4	2	3	2	3	2	2	1	4	4	36	2	98	US	R008116	S008840	2026-02-27
5	2	4	5	4	5	5	5	5	5	33	1	85	US	R008117	S001150	2026-02-15
4	2	3	4	2	2	5	3	3	3	36	2	97	US	R008118	S010806	2026-02-23
4	3	4	5	4	1	4	5	5	5	40	2	85	US	R008119	S010324	2026-02-23
5	2	4	4	4	2	4	5	2	3	28	1	85	US	R008120	S003410	2026-03-16
5	4	5	5	4	3	5	4	5	5	23	2	62	US	R008121	S003964	2026-02-06
5	2	5	5	4	4	2	4	4	5	34	1	92	US	R008122	S002273	2026-03-15
2	2	1	2	4	2	1	1	1	2	18	1	78	US	R008123	S006668	2026-03-20
5	1	3	3	1	1	1	2	1	3	31	2	75	US	R008124	S009160	2026-02-14
3	2	4	3	5	2	4	4	4	2	50	1	90	US	R008125	S001316	2026-03-16
5	5	5	4	5	3	3	3	4	4	34	1	97	US	R008126	S001497	2026-03-22
4	5	4	5	4	3	4	4	5	5	32	1	94	US	R008127	S003418	2026-02-06
4	1	2	3	1	2	1	1	1	2	43	2	82	US	R008128	S008368	2026-03-15
2	2	2	4	3	2	4	2	1	2	41	1	62	US	R008129	S011546	2026-02-12
4	4	4	5	4	4	1	2	3	5	22	2	77	US	R008130	S010525	2026-03-09
5	2	5	5	5	4	4	5	2	4	31	2	93	US	R008131	S006020	2026-03-22
5	1	2	4	4	2	3	3	4	3	44	1	92	US	R008132	S012439	2026-03-24
4	4	4	5	3	1	3	5	4	4	32	2	89	US	R008133	S000957	2026-02-04
5	2	4	4	2	2	4	5	4	1	23	2	81	US	R008134	S009659	2026-03-04
4	1	2	3	2	1	1	4	3	2	42	1	95	US	R008135	S000986	2026-02-24
5	2	4	4	3	2	5	4	4	4	39	1	45	US	R008136	S011311	2026-02-06
4	2	2	3	2	2	1	4	5	5	18	1	69	US	R008137	S006150	2026-03-26
5	2	3	4	3	5	1	1	2	5	54	1	90	US	R008138	S002896	2026-03-23
4	1	2	3	5	1	2	1	3	3	43	1	93	US	R008139	S009111	2026-02-05
4	1	4	4	4	4	4	4	2	5	18	2	95	US	R008140	S001648	2026-03-02
5	2	5	4	4	4	4	5	4	4	39	2	88	US	R008141	S010510	2026-02-26
5	3	4	4	2	2	3	4	2	1	28	1	99	US	R008142	S001709	2026-03-08
5	4	2	5	4	4	3	3	5	5	36	1	82	US	R008143	S005259	2026-03-15
4	2	4	5	3	1	1	2	4	2	42	2	75	US	R008144	S004550	2026-02-13
1	4	5	2	2	1	4	3	4	5	33	1	88	US	R008145	S010875	2026-02-25
1	1	2	4	1	2	2	2	4	2	50	1	94	US	R008146	S001744	2026-03-20
1	1	4	3	4	1	1	5	2	4	58	2	79	US	R008147	S004719	2026-02-04
1	4	4	4	4	2	5	4	5	5	37	1	95	US	R008148	S007389	2026-03-12
4	4	2	4	3	1	2	4	3	4	51	2	85	US	R008149	S011692	2026-03-21
3	2	4	5	4	3	2	5	4	3	33	1	83	US	R008150	S009371	2026-03-11
4	1	2	5	4	2	4	4	4	5	34	1	95	US	R008151	S002709	2026-03-15
5	5	5	5	5	2	5	5	4	4	36	1	76	US	R008152	S012962	2026-02-25
4	4	4	5	4	4	2	5	4	4	37	2	76	US	R008153	S007743	2026-03-15
5	2	3	4	4	2	4	5	3	2	35	2	93	US	R008154	S006762	2026-03-02
4	5	4	4	2	3	1	1	1	2	35	2	85	US	R008155	S002212	2026-02-09
2	1	2	5	2	2	4	4	4	4	40	1	92	US	R008156	S010863	2026-02-15
2	4	2	4	1	2	1	3	2	3	27	2	98	US	R008157	S000102	2026-02-03
5	2	3	5	4	4	1	2	2	2	29	2	83	US	R008158	S007072	2026-02-04
2	4	2	3	3	1	5	1	5	4	41	1	65	US	R008159	S010975	2026-02-05
3	2	4	5	4	4	3	2	4	3	41	1	91	US	R008160	S005013	2026-02-13
5	1	5	5	5	5	4	2	4	3	44	2	53	US	R008161	S009987	2026-03-19
5	2	3	5	4	1	3	5	5	5	49	2	87	US	R008162	S006183	2026-03-01
4	5	1	3	2	3	5	5	5	5	32	2	93	US	R008163	S008582	2026-03-04
5	2	4	3	3	1	4	5	4	4	32	2	97	US	R008164	S001690	2026-02-25
2	2	1	1	1	2	1	4	3	5	44	1	76	US	R008165	S001750	2026-03-05
2	3	3	4	4	2	3	1	2	3	47	1	85	US	R008166	S004752	2026-03-12
2	2	2	3	3	1	4	1	4	4	44	1	97	US	R008167	S003426	2026-02-20
5	5	4	5	4	3	4	5	4	3	42	2	92	US	R008168	S007566	2026-02-21
5	1	4	5	2	4	3	4	3	4	47	1	83	US	R008169	S009874	2026-03-20
5	3	4	5	4	5	3	4	3	4	31	1	99	US	R008170	S008701	2026-02-17
2	3	2	4	4	2	2	3	3	4	22	1	87	US	R008171	S000726	2026-02-22
4	4	5	4	5	4	4	4	4	4	63	1	97	US	R008172	S002263	2026-03-12
5	2	5	5	5	4	1	3	4	4	31	1	71	US	R008173	S001329	2026-03-20
4	2	2	4	2	2	4	5	2	2	33	1	75	US	R008174	S008248	2026-02-03
5	3	5	4	4	4	4	4	4	5	30	1	94	US	R008175	S010117	2026-02-02
2	4	4	5	5	4	2	1	3	2	31	1	80	US	R008176	S000077	2026-02-22
4	2	5	4	5	5	5	5	5	4	31	2	77	US	R008177	S003546	2026-03-26
4	2	1	4	2	5	3	4	4	4	39	2	78	US	R008178	S006434	2026-03-05
5	4	2	5	5	5	1	1	1	3	27	1	87	US	R008179	S009905	2026-03-23
5	3	5	5	5	1	5	5	5	3	44	1	68	US	R008180	S001345	2026-03-27
4	1	5	4	4	4	2	2	1	5	18	1	72	US	R008181	S007908	2026-02-16
2	2	3	2	3	2	2	4	4	4	26	2	76	US	R008182	S002174	2026-02-19
5	2	4	4	3	5	1	4	4	4	46	2	83	US	R008183	S006644	2026-03-23
4	1	3	5	4	2	4	5	4	5	20	1	94	US	R008184	S008479	2026-02-13
5	1	4	5	4	2	5	4	3	4	35	1	75	US	R008185	S004531	2026-02-28
4	2	3	5	3	2	2	4	5	5	29	2	83	US	R008186	S003845	2026-03-01
5	5	5	4	4	4	4	2	5	5	31	1	54	US	R008187	S003750	2026-02-03
5	2	4	4	4	5	2	4	1	4	18	1	88	US	R008188	S007592	2026-03-16
5	4	4	4	2	5	5	5	4	5	36	1	99	US	R008189	S004741	2026-02-04
5	3	4	4	4	4	5	4	4	5	47	1	79	US	R008190	S008200	2026-02-15
4	1	4	5	4	1	4	4	4	5	31	1	83	US	R008191	S012368	2026-02-13
4	2	3	2	4	2	4	4	3	5	41	1	88	US	R008192	S007627	2026-02-28
4	3	4	4	4	2	4	4	4	4	38	1	87	US	R008193	S000035	2026-03-12
3	2	2	5	2	2	2	2	4	4	32	1	83	US	R008194	S006866	2026-02-15
4	2	2	4	4	3	5	5	4	4	47	2	72	US	R008195	S010958	2026-03-10
4	2	2	5	2	3	1	1	1	1	24	1	93	US	R008196	S004661	2026-02-13
4	2	4	5	5	2	2	2	4	4	34	1	87	US	R008197	S002335	2026-03-12
5	2	3	5	4	1	3	5	5	5	49	2	87	US	R008198	S001105	2026-02-21
4	1	2	5	3	2	4	4	4	4	26	1	71	US	R008199	S002087	2026-02-03
4	1	4	4	5	2	5	5	5	5	46	2	91	US	R008200	S005840	2026-03-06
3	2	4	4	3	2	1	5	4	2	29	2	98	US	R008201	S000065	2026-02-27
4	4	4	4	3	4	1	2	2	3	18	1	72	US	R008202	S007873	2026-03-02
4	5	4	5	5	4	2	3	4	5	40	2	85	US	R008203	S011957	2026-03-01
3	3	2	5	5	2	2	2	4	2	39	2	86	US	R008204	S002079	2026-03-25
4	3	4	2	2	3	4	5	4	4	29	1	63	US	R008205	S001166	2026-02-28
3	2	5	5	4	4	5	5	4	4	40	1	86	US	R008206	S007572	2026-03-09
3	2	4	5	3	1	2	5	2	4	44	1	84	US	R008207	S000366	2026-02-08
4	3	4	4	3	1	4	5	3	3	24	1	62	US	R008208	S005382	2026-03-19
5	1	4	5	3	1	4	4	4	3	30	1	83	US	R008209	S011983	2026-02-22
3	2	2	4	1	4	4	4	5	5	26	1	92	US	R008210	S009870	2026-02-14
2	2	1	1	1	1	2	2	1	4	27	2	98	US	R008211	S007306	2026-03-04
5	2	2	5	4	4	4	3	4	5	38	1	86	US	R008212	S011931	2026-02-12
5	4	5	5	4	3	5	4	5	5	23	2	62	US	R008213	S007553	2026-02-21
3	1	5	3	2	1	4	4	4	5	52	1	87	US	R008214	S012138	2026-03-06
2	4	2	3	1	1	1	4	3	2	41	2	98	US	R008215	S005792	2026-02-25
5	2	5	5	5	4	4	4	5	4	47	2	91	US	R008216	S008433	2026-02-22
5	4	3	4	4	4	4	5	4	5	44	1	80	US	R008217	S004792	2026-03-20
5	2	4	5	5	5	5	4	4	4	18	2	81	US	R008218	S000864	2026-02-03
5	2	1	4	2	1	4	4	2	4	23	1	89	US	R008219	S008528	2026-03-21
3	2	2	5	2	1	3	3	1	5	28	1	86	US	R008220	S006379	2026-02-12
3	3	2	4	2	1	5	5	5	4	32	1	82	US	R008221	S005407	2026-03-02
3	2	3	4	2	1	2	4	2	3	49	1	89	US	R008222	S003141	2026-02-25
5	2	4	2	2	2	1	1	4	2	28	2	81	US	R008223	S008182	2026-03-12
4	2	2	5	1	2	3	4	5	4	26	1	93	US	R008224	S001674	2026-03-25
1	1	2	4	3	1	1	1	2	2	28	1	81	US	R008225	S007259	2026-02-25
5	5	2	4	4	3	4	2	4	2	47	2	83	US	R008226	S010003	2026-02-19
5	2	3	4	3	2	2	4	4	2	45	1	97	US	R008227	S012774	2026-03-13
4	3	2	5	2	2	1	2	2	1	43	1	55	US	R008228	S002477	2026-02-03
1	2	4	4	1	3	1	4	4	3	18	1	88	US	R008229	S006706	2026-02-27
2	2	1	5	1	1	1	2	2	4	38	1	86	US	R008230	S011202	2026-02-24
4	2	4	2	5	5	1	2	2	4	42	1	84	US	R008231	S009045	2026-03-02
4	2	4	4	3	2	4	5	2	2	48	2	80	US	R008232	S003563	2026-02-02
4	2	3	4	2	1	3	4	4	4	31	2	94	US	R008233	S009698	2026-02-05
2	2	3	2	2	2	5	5	5	5	24	2	93	US	R008234	S012662	2026-03-23
5	3	4	5	5	5	4	2	1	3	39	2	59	US	R008235	S008446	2026-02-25
5	5	5	4	4	4	4	5	5	4	46	2	91	US	R008236	S011203	2026-02-04
4	2	4	4	4	5	2	4	3	1	36	2	90	US	R008237	S001028	2026-03-01
3	1	5	5	5	1	1	4	4	4	32	2	83	US	R008238	S007213	2026-02-22
4	5	3	5	4	4	4	3	4	2	20	2	97	US	R008239	S004664	2026-02-20
5	4	4	5	4	3	5	5	5	5	50	1	67	US	R008240	S004309	2026-03-23
4	5	2	3	4	2	1	4	2	3	19	1	74	US	R008241	S004437	2026-02-08
2	4	4	4	1	2	2	5	3	2	46	1	96	US	R008242	S002465	2026-03-11
3	3	4	5	4	3	1	1	4	3	53	1	89	US	R008243	S006103	2026-02-15
5	5	5	5	4	3	4	5	5	5	28	2	81	US	R008244	S009526	2026-02-04
2	4	4	5	5	4	5	4	4	4	38	2	87	US	R008245	S004858	2026-03-23
5	2	4	5	5	5	2	4	2	2	23	2	88	US	R008246	S001686	2026-03-23
5	5	5	5	5	5	5	4	4	4	56	1	91	US	R008247	S010564	2026-03-11
4	3	1	4	2	1	1	1	1	4	25	1	84	US	R008248	S006513	2026-02-18
4	2	1	5	4	4	3	5	3	5	26	1	97	US	R008249	S000242	2026-02-27
4	1	3	4	5	2	5	5	4	5	48	1	70	US	R008250	S003233	2026-03-16
5	3	5	5	5	3	5	5	4	5	25	2	90	US	R008251	S008380	2026-02-09
3	5	4	5	4	5	2	4	2	2	46	1	83	US	R008252	S012668	2026-02-17
4	1	2	4	5	2	5	4	3	4	37	2	90	US	R008253	S011626	2026-03-12
4	2	2	5	5	1	2	4	1	4	51	1	79	US	R008254	S004914	2026-02-18
4	3	3	4	1	2	1	4	3	5	25	1	63	US	R008255	S009946	2026-03-21
5	3	4	5	5	5	4	2	2	1	18	1	89	US	R008256	S004296	2026-03-24
4	1	4	4	5	2	5	5	5	4	18	2	80	US	R008257	S002596	2026-03-07
4	2	3	4	4	5	4	4	4	5	51	1	85	US	R008258	S002296	2026-02-14
3	5	4	5	5	4	1	1	5	4	31	1	84	US	R008259	S006268	2026-02-08
4	4	3	5	5	5	1	1	1	4	29	1	99	US	R008260	S011880	2026-02-07
5	2	4	4	2	4	4	5	5	4	44	2	74	US	R008261	S003721	2026-03-24
3	2	5	4	2	4	5	5	5	4	39	2	85	US	R008262	S006267	2026-02-22
4	3	4	4	3	2	1	4	3	5	56	1	83	US	R008263	S012887	2026-03-13
4	3	3	4	1	1	2	4	2	2	27	2	74	US	R008264	S008653	2026-02-09
5	4	5	4	5	5	5	5	5	5	42	1	77	US	R008265	S006575	2026-02-08
4	2	4	5	5	5	4	5	4	4	34	1	85	US	R008266	S009337	2026-02-06
1	3	2	2	2	2	4	4	3	3	36	2	71	US	R008267	S011012	2026-02-11
2	2	3	4	2	3	4	5	5	4	32	2	91	US	R008268	S002645	2026-03-24
5	4	5	5	5	4	5	5	4	4	41	1	88	US	R008269	S012778	2026-03-20
5	5	5	5	3	1	5	4	5	4	23	2	96	US	R008270	S005586	2026-02-25
2	3	2	5	2	1	5	4	4	5	36	2	90	US	R008271	S002341	2026-02-20
3	2	3	2	3	1	2	5	4	4	39	1	77	US	R008272	S009229	2026-02-19
5	1	5	5	4	2	4	4	5	4	32	2	97	US	R008273	S009685	2026-03-21
4	3	2	4	4	4	4	4	3	3	55	1	71	US	R008274	S000004	2026-03-06
4	5	5	5	3	4	3	2	2	3	18	2	83	US	R008275	S011233	2026-02-21
4	1	4	2	2	1	5	5	5	5	32	1	95	US	R008276	S010043	2026-03-21
5	4	4	4	5	1	4	5	2	4	48	1	83	US	R008277	S007163	2026-03-27
2	2	2	3	1	2	4	4	5	4	41	1	91	US	R008278	S004053	2026-03-04
5	2	4	5	5	5	4	1	5	5	36	1	95	US	R008279	S008755	2026-03-19
4	2	2	4	1	1	2	2	4	1	25	2	90	US	R008280	S010804	2026-02-25
1	1	2	2	4	2	1	1	2	4	51	1	93	US	R008281	S004439	2026-03-11
4	2	3	3	5	2	3	4	2	5	20	1	88	US	R008282	S008838	2026-03-25
5	2	4	4	4	4	5	5	4	4	40	1	68	US	R008283	S003280	2026-02-12
4	3	5	5	4	3	3	3	1	5	37	1	99	US	R008284	S001191	2026-03-04
3	2	2	1	4	2	1	1	1	1	32	2	71	US	R008285	S009060	2026-03-09
4	5	2	5	5	4	2	5	3	4	24	2	98	US	R008286	S008044	2026-03-07
3	5	2	3	2	2	4	4	1	1	28	2	71	US	R008287	S004863	2026-03-06
5	1	2	4	2	3	2	4	3	5	29	1	68	US	R008288	S010740	2026-03-09
4	5	5	4	4	2	1	4	3	2	48	1	40	US	R008289	S004467	2026-02-03
4	2	4	5	2	1	2	2	3	3	46	1	95	US	R008290	S005316	2026-02-28
3	4	4	2	3	2	3	4	5	2	27	2	90	US	R008291	S010541	2026-02-15
5	2	5	5	5	3	5	1	2	2	38	1	96	US	R008292	S007972	2026-02-09
4	2	4	4	5	4	2	2	3	2	19	1	80	US	R008293	S002333	2026-02-13
5	5	4	3	3	1	5	2	4	4	36	2	86	US	R008294	S003228	2026-03-15
4	2	5	4	3	1	2	4	2	4	49	1	65	US	R008295	S009324	2026-02-22
3	1	4	5	4	4	2	4	2	4	30	2	81	US	R008296	S000014	2026-03-03
5	1	3	4	2	4	3	2	3	3	38	1	64	US	R008297	S006377	2026-02-14
4	4	5	4	5	2	5	5	4	4	63	1	74	US	R008298	S012882	2026-03-01
5	5	4	5	4	3	2	3	4	5	31	2	87	US	R008299	S000510	2026-03-14
2	2	2	4	2	2	1	1	2	4	27	2	82	US	R008300	S010071	2026-02-11
5	2	5	5	4	3	2	5	4	5	28	1	98	US	R008301	S008947	2026-03-03
5	4	4	5	3	3	2	4	2	5	23	2	69	US	R008302	S005965	2026-02-26
4	3	4	4	4	4	4	4	4	4	49	1	89	US	R008303	S007142	2026-02-04
4	2	4	4	2	1	2	2	3	3	27	2	82	US	R008304	S005040	2026-02-19
4	5	5	4	4	5	4	5	3	4	31	1	78	US	R008305	S001751	2026-02-20
3	2	3	4	4	2	1	3	4	4	47	2	99	US	R008306	S012199	2026-03-12
5	1	4	3	4	2	2	1	1	5	38	1	80	US	R008307	S006124	2026-02-10
5	5	5	5	5	2	1	2	5	3	48	1	99	US	R008308	S003474	2026-03-02
5	4	4	5	3	2	2	5	5	4	20	1	94	US	R008309	S004335	2026-02-24
5	2	4	4	5	2	5	2	3	4	25	2	44	US	R008310	S002245	2026-03-27
2	5	4	3	1	2	3	2	3	5	37	1	90	US	R008311	S006439	2026-02-05
2	5	3	5	1	2	3	2	4	4	29	1	98	US	R008312	S001042	2026-02-02
5	5	4	4	5	4	4	4	5	5	34	1	97	US	R008313	S006385	2026-02-04
3	4	1	5	3	2	1	2	1	1	30	2	82	US	R008314	S002537	2026-02-02
5	4	4	4	4	3	1	4	2	2	34	2	90	US	R008315	S010190	2026-03-09
5	5	5	5	5	5	4	5	5	4	37	1	97	US	R008316	S009140	2026-02-20
4	2	1	2	2	2	4	4	4	5	44	2	82	US	R008317	S005912	2026-03-20
5	5	3	2	3	2	2	2	4	4	31	1	65	US	R008318	S005820	2026-02-26
4	4	4	5	4	4	5	4	4	5	33	1	83	US	R008319	S006920	2026-03-21
3	3	4	2	3	2	4	4	4	5	30	2	88	US	R008320	S005830	2026-03-02
4	2	5	3	4	3	4	3	2	4	36	1	66	US	R008321	S010832	2026-02-16
5	4	5	5	5	3	4	5	5	5	33	1	92	US	R008322	S011268	2026-03-06
4	2	2	3	2	2	2	4	4	4	36	1	93	US	R008323	S005027	2026-02-20
2	5	4	5	4	4	2	2	2	4	52	1	95	US	R008324	S012378	2026-03-13
4	2	1	4	3	1	2	2	4	2	40	2	96	US	R008325	S005346	2026-03-18
1	4	1	2	1	1	1	4	4	3	31	1	93	US	R008326	S009190	2026-02-19
5	2	4	5	4	2	1	1	1	4	18	1	77	US	R008327	S003302	2026-02-07
4	1	3	4	4	1	5	5	5	4	30	1	94	US	R008328	S009958	2026-03-22
5	5	5	5	4	4	4	4	4	4	37	2	95	US	R008329	S006418	2026-03-16
1	4	4	5	2	2	4	4	4	4	31	1	90	US	R008330	S011789	2026-02-22
4	2	4	3	4	5	4	4	4	5	39	1	81	US	R008331	S006527	2026-02-03
5	5	5	4	4	4	4	5	5	4	46	2	91	US	R008332	S009050	2026-03-12
3	1	2	4	4	5	1	4	2	2	32	1	84	US	R008333	S012443	2026-03-20
4	2	3	3	1	1	1	4	2	1	37	2	71	US	R008334	S011691	2026-02-20
4	1	1	3	4	1	2	5	4	4	53	2	89	US	R008335	S011926	2026-03-10
4	2	5	4	4	4	5	4	5	5	39	2	84	US	R008336	S010156	2026-02-12
3	1	5	4	2	4	2	4	4	3	44	1	97	US	R008337	S007954	2026-03-06
3	2	2	4	4	2	5	5	4	5	37	1	78	US	R008338	S002405	2026-02-07
4	4	5	5	5	5	4	4	5	4	50	2	92	US	R008339	S008578	2026-02-26
3	1	3	2	3	1	2	4	4	3	32	2	84	US	R008340	S007813	2026-03-14
5	4	5	5	5	4	2	1	3	4	38	2	95	US	R008341	S010454	2026-02-02
5	4	4	4	4	3	2	3	2	2	28	1	82	US	R008342	S008259	2026-03-22
5	1	4	4	2	2	2	3	2	4	18	2	97	US	R008343	S012356	2026-03-12
2	3	1	4	3	1	3	4	4	4	27	1	87	US	R008344	S000070	2026-03-23
5	2	3	5	4	2	2	1	4	4	30	1	88	US	R008345	S006941	2026-03-14
3	3	4	4	2	1	4	3	4	4	44	2	91	US	R008346	S009570	2026-02-03
4	1	3	5	4	1	4	5	1	4	27	1	82	US	R008347	S012587	2026-02-03
4	1	5	5	2	5	2	4	4	5	20	1	87	US	R008348	S007138	2026-02-14
4	4	5	5	5	4	1	5	5	4	40	1	79	US	R008349	S009168	2026-02-13
2	1	2	4	4	1	1	1	3	3	23	2	80	US	R008350	S000883	2026-02-24
2	3	1	5	2	2	4	5	5	5	24	1	85	US	R008351	S009836	2026-03-22
2	2	4	5	4	4	5	5	5	4	44	2	93	US	R008352	S009841	2026-02-11
4	1	2	3	2	2	2	2	3	1	34	1	75	US	R008353	S012491	2026-03-07
5	4	5	5	4	4	5	5	4	5	37	2	65	US	R008354	S001094	2026-02-28
3	2	3	4	1	1	4	2	4	4	25	1	95	US	R008355	S010724	2026-03-20
4	1	2	4	4	4	2	4	4	2	36	1	72	US	R008356	S008401	2026-03-13
4	4	2	4	1	1	5	5	4	5	19	2	75	US	R008357	S004920	2026-03-27
2	4	4	5	2	2	3	3	5	4	26	1	90	US	R008358	S001129	2026-02-15
5	5	4	4	5	5	1	3	3	4	35	1	98	US	R008359	S001308	2026-03-10
3	4	2	4	4	1	4	4	5	4	26	2	92	US	R008360	S000860	2026-03-18
3	5	1	4	4	2	4	3	3	4	39	1	88	US	R008361	S010429	2026-03-26
5	4	1	5	2	1	2	5	2	1	37	1	89	US	R008362	S010633	2026-03-08
5	2	5	5	5	4	5	5	5	5	30	1	73	US	R008363	S003848	2026-03-11
4	3	2	2	2	1	4	5	4	4	38	2	63	US	R008364	S011184	2026-03-06
5	1	5	5	2	4	4	1	2	4	27	2	85	US	R008365	S006192	2026-02-12
4	4	4	4	5	2	4	4	4	5	32	1	91	US	R008366	S012456	2026-02-03
3	1	5	5	4	2	4	4	4	2	31	2	80	US	R008367	S000982	2026-03-15
5	3	3	5	2	5	3	4	5	4	23	1	92	US	R008368	S006169	2026-03-25
5	2	4	5	4	5	4	2	5	2	24	2	91	US	R008369	S003851	2026-03-07
4	2	2	3	4	4	4	5	5	4	52	1	96	US	R008370	S005918	2026-03-13
5	3	5	5	5	5	4	5	5	4	32	2	93	US	R008371	S004523	2026-02-22
4	3	4	4	5	4	5	5	3	5	41	2	99	US	R008372	S010862	2026-02-10
5	2	5	5	4	2	2	5	4	3	43	1	86	US	R008373	S002925	2026-03-09
5	3	4	4	3	1	1	1	2	5	47	1	97	US	R008374	S006346	2026-02-14
4	1	2	4	2	2	3	2	1	3	52	1	88	US	R008375	S002626	2026-02-12
4	4	3	3	4	1	4	2	4	4	19	1	98	US	R008376	S012085	2026-03-16
4	3	4	4	4	1	4	4	4	4	39	1	97	US	R008377	S010484	2026-03-05
5	4	4	5	4	5	5	5	5	5	34	1	77	US	R008378	S007855	2026-03-14
2	3	2	4	2	2	1	5	1	2	38	1	87	US	R008379	S006859	2026-03-15
4	1	2	3	4	2	2	1	2	1	35	1	85	US	R008380	S004219	2026-02-17
2	3	1	3	1	2	4	2	3	5	43	1	93	US	R008381	S001064	2026-03-07
5	5	5	5	5	4	4	5	4	3	55	2	70	US	R008382	S003655	2026-02-02
5	4	2	4	2	2	2	5	2	4	39	1	62	US	R008383	S002343	2026-03-16
5	2	5	4	4	2	2	3	4	4	29	1	70	US	R008384	S003677	2026-02-27
4	5	5	4	5	5	4	5	4	5	29	1	59	US	R008385	S011601	2026-02-27
5	5	4	5	5	5	4	4	2	1	26	2	93	US	R008386	S001132	2026-03-08
5	2	5	5	4	4	1	4	5	5	27	2	86	US	R008387	S004345	2026-02-28
5	5	3	1	2	2	5	4	5	2	40	2	87	US	R008388	S004021	2026-02-13
4	2	2	3	2	4	3	4	4	2	55	2	68	US	R008389	S004606	2026-03-24
4	4	4	5	5	2	4	3	5	4	38	2	100	US	R008390	S002367	2026-02-25
5	2	2	3	3	2	1	5	1	2	41	1	71	US	R008391	S006686	2026-02-19
5	2	4	5	2	2	4	3	2	4	47	2	94	US	R008392	S003411	2026-03-21
2	4	3	3	5	1	4	4	5	5	18	1	86	US	R008393	S007656	2026-02-03
4	3	4	4	2	1	2	1	2	3	43	1	97	US	R008394	S001567	2026-03-09
3	5	2	4	4	4	1	5	4	5	42	1	87	US	R008395	S004794	2026-03-02
2	1	4	2	3	2	4	5	4	5	18	2	82	US	R008396	S005719	2026-02-02
2	3	4	2	3	1	2	2	4	4	31	2	96	US	R008397	S002376	2026-02-26
4	2	4	5	3	5	4	3	2	4	38	1	99	US	R008398	S004136	2026-02-23
4	3	4	5	5	3	4	3	3	3	33	1	94	US	R008399	S003552	2026-02-12
5	4	4	4	4	2	4	5	3	5	39	1	99	US	R008400	S010496	2026-02-15
4	3	5	5	5	5	5	4	4	5	47	1	49	US	R008401	S003262	2026-03-25
4	3	4	5	3	1	4	5	3	3	38	2	83	US	R008402	S012930	2026-02-08
4	5	2	5	5	3	4	2	4	3	23	2	88	US	R008403	S003569	2026-03-17
5	1	5	4	5	1	3	4	3	4	49	1	65	US	R008404	S003873	2026-02-10
4	4	2	3	1	1	2	4	4	5	31	1	92	US	R008405	S012570	2026-03-10
4	4	2	5	4	2	4	5	4	4	37	1	93	US	R008406	S001177	2026-02-22
2	4	5	4	3	4	5	1	5	4	43	2	90	US	R008407	S001217	2026-02-09
3	4	4	4	3	2	3	2	4	4	39	2	91	US	R008408	S006875	2026-02-27
2	1	4	5	2	4	4	5	4	5	40	2	87	US	R008409	S012913	2026-02-13
4	2	4	5	3	2	1	4	2	4	36	2	85	US	R008410	S002126	2026-03-02
4	2	3	4	4	2	5	4	5	5	49	2	75	US	R008411	S000844	2026-02-09
5	4	5	2	5	1	1	2	3	4	58	1	89	US	R008412	S000001	2026-03-07
5	4	4	4	5	2	2	4	2	5	46	1	87	US	R008413	S011255	2026-02-15
4	2	2	5	2	2	4	4	5	5	39	1	87	US	R008414	S003818	2026-03-24
4	4	3	4	4	1	2	4	3	2	44	2	68	US	R008415	S003370	2026-03-23
3	2	2	4	4	3	5	4	4	2	42	1	76	US	R008416	S012358	2026-03-09
1	3	4	5	2	3	4	2	1	2	33	2	74	US	R008417	S007407	2026-02-07
1	2	2	3	2	1	3	1	4	4	35	1	68	US	R008418	S004199	2026-03-03
3	2	2	4	2	2	1	1	1	1	34	2	86	US	R008419	S003733	2026-03-24
5	5	2	4	4	1	1	4	5	2	53	1	98	US	R008420	S011854	2026-03-11
1	1	2	4	3	1	1	2	1	2	18	1	96	US	R008421	S004507	2026-03-06
3	2	1	1	2	1	2	3	4	4	21	1	86	US	R008422	S007487	2026-02-26
3	5	4	5	2	2	2	2	4	5	37	2	94	US	R008423	S009411	2026-02-25
4	3	4	5	3	2	4	5	4	4	41	1	84	US	R008424	S001612	2026-03-16
4	3	2	2	3	2	2	3	2	2	59	1	93	US	R008425	S008702	2026-02-18
5	3	5	4	5	5	3	5	3	4	29	1	95	US	R008426	S002801	2026-03-13
1	1	1	3	1	1	1	4	4	4	38	2	86	US	R008427	S011406	2026-03-07
4	4	2	3	1	2	1	4	4	2	51	2	88	US	R008428	S002944	2026-02-11
3	3	3	3	2	2	4	1	3	3	43	2	90	US	R008429	S000165	2026-02-12
4	1	5	3	2	1	3	4	2	2	60	2	83	US	R008430	S005100	2026-02-20
3	1	2	5	1	1	2	2	2	4	34	1	89	US	R008431	S007931	2026-02-20
4	3	5	5	4	2	3	4	4	1	31	1	64	US	R008432	S011191	2026-02-17
5	4	2	5	3	2	4	2	4	4	47	2	63	US	R008433	S008444	2026-02-26
3	4	1	4	2	2	3	2	2	3	48	2	90	US	R008434	S008261	2026-03-23
5	5	5	5	5	5	5	2	5	5	50	2	82	US	R008435	S004769	2026-03-11
3	4	4	4	5	1	4	4	5	5	18	2	65	US	R008436	S004976	2026-03-09
4	5	4	2	1	1	4	2	4	4	30	1	75	US	R008437	S008767	2026-03-23
4	3	3	5	4	1	2	4	3	5	60	1	64	US	R008438	S010847	2026-03-21
5	2	5	5	4	5	4	3	4	4	33	1	98	US	R008439	S001161	2026-02-13
5	3	5	4	5	2	4	2	4	4	18	1	92	US	R008440	S008494	2026-02-02
5	1	5	5	2	3	5	5	5	5	39	2	89	US	R008441	S007112	2026-03-07
4	2	4	5	3	4	4	4	3	5	18	1	89	US	R008442	S005029	2026-02-04
4	3	1	3	1	1	4	4	4	4	18	1	77	US	R008443	S002309	2026-03-09
3	1	1	2	3	2	3	4	4	4	32	2	89	US	R008444	S005381	2026-03-11
3	4	5	5	5	2	5	5	5	5	41	1	87	US	R008445	S001851	2026-02-22
1	2	3	2	2	2	2	4	3	4	37	2	82	US	R008446	S002406	2026-03-20
4	2	4	5	2	1	5	4	2	4	35	1	89	US	R008447	S004773	2026-02-10
4	2	5	5	4	3	1	4	2	5	34	1	79	US	R008448	S002541	2026-03-09
1	5	2	4	2	2	1	4	4	3	39	1	71	US	R008449	S008674	2026-02-27
3	4	4	5	5	2	2	4	2	3	38	2	86	US	R008450	S012000	2026-03-12
1	1	2	4	4	4	1	3	3	3	47	2	88	US	R008451	S006573	2026-03-25
4	1	4	5	4	4	4	4	3	5	63	2	83	US	R008452	S002093	2026-03-01
4	2	4	5	2	5	5	4	4	3	33	1	99	US	R008453	S007772	2026-02-22
5	2	5	4	3	4	4	5	4	5	36	1	92	US	R008454	S004481	2026-02-11
3	1	4	5	4	1	4	2	2	3	44	1	86	US	R008455	S002837	2026-02-17
5	1	4	5	5	5	2	4	3	2	36	1	84	US	R008456	S000643	2026-03-24
4	5	5	5	5	5	5	4	4	5	30	1	83	US	R008457	S011579	2026-03-27
1	4	2	1	1	1	2	5	4	2	18	1	46	US	R008458	S009561	2026-02-28
4	1	2	2	1	1	1	1	1	4	57	1	81	US	R008459	S004298	2026-03-16
5	3	3	3	4	3	4	4	2	3	63	1	100	US	R008460	S007611	2026-03-03
5	3	5	5	5	4	5	4	4	4	54	1	54	US	R008461	S009638	2026-03-13
5	5	5	5	5	5	4	4	5	4	57	2	96	US	R008462	S006849	2026-03-14
5	2	1	4	2	1	2	4	5	4	32	1	92	US	R008463	S012833	2026-02-06
5	4	5	4	5	4	4	2	4	2	41	1	70	US	R008464	S000363	2026-02-24
1	5	5	5	3	4	3	4	4	4	42	1	87	US	R008465	S002114	2026-03-22
4	2	4	4	2	1	2	2	3	2	43	2	89	US	R008466	S001465	2026-02-24
3	2	2	5	3	5	2	3	4	3	36	2	90	US	R008467	S006458	2026-02-19
2	2	4	2	2	2	3	5	1	4	29	2	88	US	R008468	S011069	2026-03-13
4	1	4	4	2	4	5	4	2	5	55	1	89	US	R008469	S006970	2026-03-01
4	2	3	4	4	4	3	2	4	4	26	2	94	US	R008470	S004856	2026-02-23
4	2	2	3	2	2	4	2	4	2	43	2	82	US	R008471	S003487	2026-02-21
5	2	3	4	1	2	4	5	5	5	33	1	90	US	R008472	S002612	2026-02-08
5	4	5	5	3	1	2	4	5	5	40	1	95	US	R008473	S002177	2026-02-22
4	2	4	5	2	1	3	4	4	3	29	1	91	US	R008474	S001275	2026-02-17
4	4	1	4	3	1	3	3	4	4	58	1	72	US	R008475	S000762	2026-03-07
2	2	2	2	4	2	3	2	5	5	58	2	69	US	R008476	S007024	2026-03-22
4	4	5	2	2	4	4	2	4	4	25	1	65	US	R008477	S003088	2026-02-06
4	2	3	5	2	2	1	3	2	3	37	1	92	US	R008478	S005079	2026-03-25
4	3	2	4	3	2	2	2	3	4	39	1	56	US	R008479	S011529	2026-03-15
5	4	3	5	5	3	5	4	5	1	20	2	97	US	R008480	S012381	2026-03-22
4	1	1	2	2	2	4	4	4	5	27	1	96	US	R008481	S011611	2026-03-23
5	1	5	4	5	3	1	4	2	2	29	2	91	US	R008482	S003903	2026-02-13
4	4	2	5	5	3	2	1	1	4	20	1	75	US	R008483	S003089	2026-03-05
4	3	4	5	3	1	1	2	3	1	37	1	76	US	R008484	S005601	2026-02-21
2	2	4	4	3	2	3	3	5	4	18	1	90	US	R008485	S010237	2026-03-16
4	2	1	4	2	2	2	2	1	2	40	1	91	US	R008486	S009560	2026-03-05
2	4	2	5	3	2	1	4	3	1	19	1	97	US	R008487	S002501	2026-02-22
3	2	4	5	2	1	4	2	4	4	52	1	98	US	R008488	S004907	2026-02-21
4	4	4	5	5	5	5	5	4	4	22	2	85	US	R008489	S001005	2026-02-27
3	2	3	4	2	2	1	4	4	3	47	2	98	US	R008490	S004515	2026-02-14
5	4	5	5	5	5	4	4	4	4	40	2	94	US	R008491	S002604	2026-03-07
4	2	4	5	4	2	2	4	4	2	33	2	84	US	R008492	S007725	2026-03-12
4	4	4	4	2	1	1	3	2	3	41	1	84	US	R008493	S001247	2026-02-09
4	3	2	5	3	1	4	1	3	3	36	1	91	US	R008494	S002624	2026-03-15
4	4	3	3	3	4	4	4	3	3	21	1	87	US	R008495	S007305	2026-02-12
5	3	3	5	4	5	1	2	2	4	43	1	88	US	R008496	S004470	2026-03-11
4	5	4	4	5	4	4	4	4	4	28	2	83	US	R008497	S004339	2026-02-08
4	1	2	4	2	2	4	5	4	3	29	2	75	US	R008498	S011516	2026-02-13
4	4	4	4	2	3	4	4	5	4	47	2	78	US	R008499	S012933	2026-02-13
1	4	2	4	3	2	2	4	4	2	31	1	96	US	R008500	S004129	2026-03-15
5	4	2	4	3	2	2	2	3	1	35	1	64	US	R008501	S012578	2026-02-07
5	2	5	5	5	4	3	4	5	4	20	1	96	US	R008502	S011755	2026-03-22
5	2	5	4	5	5	2	5	4	4	18	2	59	US	R008503	S008094	2026-02-07
5	5	4	5	4	5	1	4	5	2	30	2	94	US	R008504	S008569	2026-03-24
2	3	3	4	3	1	4	3	3	4	52	1	85	US	R008505	S001182	2026-02-06
4	4	3	4	3	4	4	4	3	3	33	2	75	US	R008506	S000253	2026-02-17
4	5	3	5	5	1	4	4	4	4	21	2	70	US	R008507	S005036	2026-02-10
4	1	2	3	5	1	4	2	3	4	27	1	86	US	R008508	S006266	2026-02-20
4	5	5	5	5	3	5	5	5	5	22	1	67	US	R008509	S004293	2026-03-18
5	4	4	4	3	3	5	4	4	5	37	1	82	US	R008510	S005764	2026-03-08
4	3	3	3	2	1	3	4	4	4	18	1	100	US	R008511	S001538	2026-02-03
5	2	3	4	4	2	5	4	4	5	29	2	86	US	R008512	S006909	2026-02-05
5	2	2	4	4	3	5	5	4	4	23	1	88	US	R008513	S001953	2026-03-15
5	4	3	4	4	2	5	2	5	3	52	1	97	US	R008514	S009024	2026-02-16
1	5	2	4	2	2	1	4	4	2	37	2	72	US	R008515	S010466	2026-03-24
4	3	4	5	4	5	4	4	4	2	59	2	91	US	R008516	S008367	2026-02-12
4	2	4	5	5	2	4	4	2	2	43	1	78	US	R008517	S008042	2026-03-05
5	4	5	4	4	3	3	5	3	4	28	2	67	US	R008518	S000484	2026-03-11
2	1	2	2	2	1	4	4	2	5	18	1	51	US	R008519	S007868	2026-03-22
3	3	2	5	3	4	2	4	4	4	43	2	92	US	R008520	S009580	2026-02-17
5	4	5	4	5	3	4	2	1	5	26	2	98	US	R008521	S008073	2026-03-11
1	1	1	4	2	1	1	1	1	1	24	1	95	US	R008522	S002484	2026-03-06
4	2	3	5	4	2	4	5	5	4	60	1	84	US	R008523	S008948	2026-03-22
4	3	4	5	4	4	3	4	3	4	39	1	98	US	R008524	S000605	2026-02-20
2	2	4	4	4	2	2	5	4	4	27	1	87	US	R008525	S004490	2026-03-23
4	2	2	5	4	1	4	4	5	3	32	1	85	US	R008526	S000043	2026-03-19
2	2	2	3	3	1	3	2	4	4	38	1	64	US	R008527	S002282	2026-02-24
5	2	3	4	3	3	2	3	4	4	45	1	98	US	R008528	S012559	2026-02-20
1	3	4	4	4	3	2	5	2	3	26	1	96	US	R008529	S005495	2026-02-02
4	2	5	5	5	1	4	4	5	4	33	1	91	US	R008530	S006841	2026-03-06
4	4	4	4	5	1	3	3	4	4	41	2	91	US	R008531	S007184	2026-03-08
1	1	2	4	1	1	2	2	4	3	36	2	84	US	R008532	S004258	2026-02-09
5	4	4	5	4	2	3	4	4	1	42	2	70	US	R008533	S002561	2026-03-22
3	2	4	1	3	2	4	5	5	4	30	1	93	US	R008534	S001910	2026-03-18
3	3	5	4	4	3	2	4	4	5	29	1	61	US	R008535	S007924	2026-02-07
5	2	4	5	4	2	1	1	4	2	47	1	96	US	R008536	S001693	2026-03-01
4	4	3	3	4	3	5	3	4	5	38	2	75	US	R008537	S005572	2026-03-19
2	3	3	2	5	5	1	4	4	2	18	2	79	US	R008538	S010887	2026-02-20
5	4	4	5	5	2	4	4	4	5	25	2	94	US	R008539	S009334	2026-02-16
3	4	4	5	3	2	3	2	2	3	46	1	70	US	R008540	S004621	2026-02-09
5	3	4	5	4	4	4	4	5	5	32	1	90	US	R008541	S005539	2026-03-21
4	4	4	5	2	1	4	5	4	4	36	1	70	US	R008542	S004222	2026-02-17
3	3	3	5	2	3	5	5	5	4	48	1	87	US	R008543	S002398	2026-03-25
4	3	2	4	1	1	1	2	1	4	31	1	78	US	R008544	S001639	2026-03-23
4	1	4	4	5	4	4	4	4	4	49	1	93	US	R008545	S006165	2026-02-12
5	4	2	5	2	2	2	4	3	4	24	1	84	US	R008546	S002751	2026-02-02
4	2	4	5	4	5	4	3	5	5	29	1	97	US	R008547	S010325	2026-02-07
5	1	4	5	5	3	3	4	4	1	47	1	95	US	R008548	S008170	2026-02-17
3	2	2	2	1	2	3	4	4	5	30	1	98	US	R008549	S000662	2026-03-04
5	5	4	4	2	2	2	4	3	3	28	1	99	US	R008550	S009057	2026-02-21
3	2	5	5	4	5	5	5	4	5	39	1	74	US	R008551	S000536	2026-03-06
4	1	3	5	4	3	5	5	5	4	34	2	99	US	R008552	S007810	2026-02-11
4	4	2	2	4	2	4	5	4	3	39	1	89	US	R008553	S007514	2026-02-21
3	2	2	3	2	1	1	2	2	4	38	2	89	US	R008554	S003330	2026-03-15
3	4	4	5	4	1	2	4	2	4	38	2	85	US	R008555	S010437	2026-03-09
1	3	1	4	1	2	2	3	2	4	52	2	74	US	R008556	S010313	2026-02-27
4	3	2	5	5	2	1	4	1	3	37	1	95	US	R008557	S006262	2026-02-26
4	4	5	4	2	4	2	4	4	4	43	1	54	US	R008558	S003054	2026-02-17
4	3	2	2	3	2	2	4	5	5	22	2	68	US	R008559	S005163	2026-02-12
5	3	5	4	5	4	5	5	5	5	27	1	98	US	R008560	S003503	2026-03-10
3	4	3	5	2	4	3	3	3	2	41	1	94	US	R008561	S008897	2026-02-04
4	2	2	5	3	3	1	2	4	4	29	2	93	US	R008562	S005540	2026-03-22
2	4	4	5	4	2	5	5	5	5	41	1	94	US	R008563	S011218	2026-03-01
5	1	5	2	3	2	4	5	4	5	38	1	51	US	R008564	S008119	2026-02-12
5	3	4	5	5	2	4	5	4	4	44	1	88	US	R008565	S001734	2026-03-12
5	4	5	5	4	5	5	5	4	5	18	1	93	US	R008566	S000604	2026-02-05
2	3	1	2	4	1	2	5	2	4	27	1	92	US	R008567	S009364	2026-02-07
4	5	3	5	2	2	1	3	1	4	35	2	84	US	R008568	S008534	2026-02-10
5	3	4	2	4	3	4	4	5	4	22	2	98	US	R008569	S002134	2026-02-27
5	3	4	5	3	4	1	2	3	3	34	1	92	US	R008570	S008579	2026-02-21
4	4	2	4	4	2	1	2	4	1	32	2	85	US	R008571	S010599	2026-02-17
3	4	2	4	2	4	5	3	5	5	38	2	59	US	R008572	S008864	2026-02-22
1	2	1	1	1	1	3	4	4	4	23	2	97	US	R008573	S004191	2026-03-01
3	2	4	4	5	2	4	4	4	4	41	2	74	US	R008574	S007467	2026-03-23
2	2	1	2	1	1	1	2	4	3	52	1	96	US	R008575	S011019	2026-02-05
3	2	4	4	2	1	1	2	3	3	37	2	78	US	R008576	S001449	2026-03-10
5	2	5	5	5	3	3	2	3	4	27	2	62	US	R008577	S004974	2026-03-05
5	5	5	5	4	4	5	5	5	4	21	2	75	US	R008578	S002688	2026-02-16
2	4	4	5	2	3	5	4	5	4	42	1	95	US	R008579	S003076	2026-03-04
5	4	3	4	3	2	5	2	5	4	44	1	90	US	R008580	S011185	2026-03-07
4	1	4	4	4	3	2	2	4	5	38	1	71	US	R008581	S011530	2026-03-22
2	3	4	4	4	4	4	4	4	5	34	2	78	US	R008582	S006350	2026-03-18
5	3	2	4	2	2	4	4	2	4	48	1	85	US	R008583	S009405	2026-02-24
3	3	5	5	5	5	4	5	5	5	29	1	83	US	R008584	S009762	2026-03-26
4	2	4	5	4	5	5	5	5	4	28	1	74	US	R008585	S005591	2026-02-14
1	4	2	5	4	3	4	4	2	5	42	2	98	US	R008586	S004252	2026-03-14
3	1	1	4	1	1	5	5	5	4	32	1	92	US	R008587	S006746	2026-03-10
2	2	1	2	2	1	3	4	4	5	43	1	89	US	R008588	S006568	2026-03-04
4	5	4	4	5	4	3	2	4	5	19	1	80	US	R008589	S009969	2026-02-04
4	4	3	4	3	4	1	1	2	3	27	2	95	US	R008590	S006247	2026-03-12
4	2	2	5	4	5	4	3	5	4	18	2	74	US	R008591	S000351	2026-02-02
2	2	2	4	2	2	1	5	3	1	46	1	92	US	R008592	S008337	2026-02-12
4	1	4	4	1	1	4	2	4	4	28	2	87	US	R008593	S002841	2026-03-10
4	3	4	4	3	2	4	4	3	5	53	1	97	US	R008594	S007474	2026-02-13
5	2	3	4	4	1	4	2	4	4	45	2	92	US	R008595	S001134	2026-02-08
4	3	5	3	3	2	5	5	5	5	21	1	88	US	R008596	S002928	2026-02-15
5	4	5	4	2	2	5	4	4	5	37	1	72	US	R008597	S007029	2026-03-08
4	4	3	5	2	4	2	2	3	2	39	1	92	US	R008598	S012735	2026-03-02
4	2	3	5	3	4	1	4	2	2	33	1	82	US	R008599	S002569	2026-03-04
3	5	3	4	3	3	4	3	4	5	18	2	98	US	R008600	S011188	2026-03-02
2	4	3	4	3	1	5	2	3	2	21	2	79	US	R008601	S007350	2026-03-03
5	4	5	5	5	5	4	4	4	2	20	2	86	US	R008602	S012505	2026-03-23
4	2	4	3	4	1	1	3	4	4	37	2	84	US	R008603	S011326	2026-02-19
4	3	4	4	2	1	4	2	5	3	23	2	87	US	R008604	S003687	2026-02-06
2	3	2	4	2	1	4	3	3	2	39	1	98	US	R008605	S007960	2026-02-18
5	2	5	3	5	5	5	5	5	5	41	2	77	US	R008606	S004194	2026-02-23
5	2	5	5	5	4	3	3	4	4	40	1	99	US	R008607	S000140	2026-03-02
2	2	3	4	3	2	2	2	4	2	35	2	99	US	R008608	S006622	2026-02-25
4	5	4	5	4	5	5	5	5	5	22	1	98	US	R008609	S002171	2026-02-08
5	5	2	4	2	3	1	2	2	4	41	2	93	US	R008610	S009835	2026-03-07
4	4	1	1	2	2	4	5	5	3	34	1	79	US	R008611	S010836	2026-03-22
1	2	2	5	2	3	4	3	4	5	33	1	69	US	R008612	S002110	2026-02-03
3	1	3	5	2	2	5	4	5	5	44	1	69	US	R008613	S011813	2026-03-14
4	2	3	4	4	4	1	1	2	2	18	1	80	US	R008614	S011964	2026-03-17
5	3	3	4	3	2	1	1	1	3	46	1	92	US	R008615	S007536	2026-03-20
4	3	2	3	3	1	3	4	4	4	30	2	85	US	R008616	S008884	2026-02-02
5	2	4	4	4	4	1	1	3	1	33	2	72	US	R008617	S005075	2026-03-13
4	2	3	5	4	4	2	5	4	5	28	1	100	US	R008618	S005266	2026-02-12
4	4	3	4	4	5	4	1	4	4	33	2	63	US	R008619	S005570	2026-02-15
5	3	4	4	2	5	3	4	2	3	40	2	55	US	R008620	S008137	2026-03-13
5	5	5	5	5	5	4	3	3	4	18	2	91	US	R008621	S005944	2026-03-01
5	4	5	5	5	3	4	4	5	4	49	2	93	US	R008622	S004009	2026-02-24
4	4	3	5	2	3	4	5	4	4	51	2	73	US	R008623	S012633	2026-03-18
2	2	3	5	2	3	1	1	2	1	42	1	87	US	R008624	S005911	2026-03-01
5	2	3	5	5	1	5	4	5	4	34	1	97	US	R008625	S006390	2026-02-26
5	2	2	5	4	2	5	4	4	5	41	1	72	US	R008626	S004403	2026-03-05
5	1	4	4	5	3	4	4	4	5	32	2	87	US	R008627	S003953	2026-02-27
5	5	3	3	4	4	2	4	4	3	39	2	81	US	R008628	S006749	2026-02-20
2	5	4	5	4	1	2	1	5	4	26	1	77	US	R008629	S010622	2026-03-10
5	5	5	5	4	1	3	5	5	3	28	1	96	US	R008630	S003149	2026-02-07
5	4	5	4	4	4	4	4	5	5	42	1	88	US	R008631	S000532	2026-02-03
5	3	4	5	2	4	2	3	4	3	41	1	97	US	R008632	S011823	2026-02-11
5	3	5	3	5	4	3	4	4	5	39	2	85	US	R008633	S004057	2026-03-17
3	2	3	4	4	1	5	4	4	5	30	1	91	US	R008634	S002302	2026-02-19
1	2	3	4	2	1	5	3	4	4	44	1	84	US	R008635	S012235	2026-02-09
1	1	2	3	1	1	3	2	2	2	53	2	87	US	R008636	S010624	2026-03-17
1	1	2	3	1	1	2	1	4	1	55	1	84	US	R008637	S010598	2026-02-13
4	4	4	4	2	4	4	2	4	4	28	1	95	US	R008638	S009202	2026-02-26
5	4	2	4	2	4	5	2	4	5	20	1	74	US	R008639	S001291	2026-03-24
2	1	2	1	2	2	2	1	2	2	38	2	87	US	R008640	S012047	2026-02-07
3	1	4	5	4	2	1	2	1	1	18	1	84	US	R008641	S003204	2026-03-04
3	4	3	4	3	2	2	1	2	5	37	2	95	US	R008642	S010650	2026-03-15
5	5	4	3	4	5	5	5	4	4	33	1	73	US	R008643	S010373	2026-02-13
5	2	4	5	2	1	4	5	3	4	34	2	79	US	R008644	S002922	2026-02-13
5	5	1	4	1	1	4	4	3	4	35	2	55	US	R008645	S011493	2026-02-16
2	5	2	5	2	2	1	2	2	2	48	1	67	US	R008646	S002762	2026-02-22
4	2	2	5	2	1	2	4	4	4	26	2	81	US	R008647	S007205	2026-02-23
3	2	2	4	3	4	4	2	4	5	26	2	82	US	R008648	S011903	2026-03-17
2	1	2	5	2	2	4	3	4	5	58	2	58	US	R008649	S004983	2026-02-15
4	4	4	5	4	1	3	2	4	5	35	2	96	US	R008650	S005218	2026-03-27
5	4	5	4	5	3	5	5	4	4	32	1	94	US	R008651	S008058	2026-03-10
5	5	5	5	4	3	5	4	4	3	37	1	96	US	R008652	S012026	2026-02-18
3	3	2	5	5	2	5	4	4	2	46	1	77	US	R008653	S001130	2026-02-28
5	1	4	5	5	2	2	5	4	4	40	2	79	US	R008654	S003107	2026-02-12
4	1	1	5	2	2	4	4	4	4	18	1	86	US	R008655	S012045	2026-03-14
2	1	2	2	2	1	2	2	4	4	33	1	85	US	R008656	S002835	2026-02-04
5	2	5	4	5	2	5	4	5	5	29	2	72	US	R008657	S012361	2026-03-18
5	5	5	4	5	5	5	5	4	5	18	1	86	US	R008658	S011949	2026-03-25
4	2	4	3	5	2	3	2	3	2	36	1	87	US	R008659	S011837	2026-02-13
2	1	4	4	1	2	4	4	3	5	22	2	93	US	R008660	S007476	2026-03-07
5	2	3	2	1	2	5	5	4	5	44	1	88	US	R008661	S002605	2026-03-05
3	5	4	4	2	2	3	5	5	5	34	1	99	US	R008662	S000355	2026-02-25
3	3	3	4	3	2	4	4	5	5	29	2	87	US	R008663	S012245	2026-03-18
5	5	5	5	4	4	5	4	5	5	41	2	82	US	R008664	S005882	2026-03-22
3	2	3	2	2	1	2	4	3	4	29	2	78	US	R008665	S000710	2026-02-10
4	5	5	5	5	5	5	4	5	5	36	2	96	US	R008666	S000296	2026-03-08
4	4	3	4	4	2	5	5	4	4	27	1	85	US	R008667	S001314	2026-02-04
4	1	4	4	2	1	4	4	3	4	35	1	72	US	R008668	S011818	2026-02-24
1	4	2	3	3	1	4	3	4	4	38	1	92	US	R008669	S010596	2026-03-11
5	2	4	4	4	2	3	4	4	2	25	2	79	US	R008670	S006113	2026-03-24
4	1	2	4	2	3	2	3	4	3	40	1	97	US	R008671	S008116	2026-03-15
4	4	4	5	5	2	5	4	4	5	51	1	85	US	R008672	S007137	2026-03-02
4	1	2	5	4	2	3	5	4	3	18	1	95	US	R008673	S006997	2026-02-28
2	3	2	4	2	1	5	5	5	5	18	1	96	US	R008674	S003616	2026-03-14
4	2	4	4	2	1	5	4	4	5	35	1	74	US	R008675	S003672	2026-02-17
3	2	2	5	2	3	4	4	3	2	29	2	89	US	R008676	S005078	2026-02-23
3	2	4	4	1	2	1	4	4	1	18	1	87	US	R008677	S003231	2026-02-07
4	1	1	4	1	4	2	3	4	1	18	1	90	US	R008678	S001408	2026-02-28
5	3	4	4	3	4	4	2	5	5	27	2	94	US	R008679	S010643	2026-03-27
2	2	4	4	3	4	4	4	4	4	42	2	89	US	R008680	S005042	2026-02-24
3	2	3	4	4	1	4	2	4	4	60	1	88	US	R008681	S008546	2026-02-26
5	4	5	4	5	5	5	5	5	5	24	1	85	US	R008682	S009376	2026-02-04
4	5	5	4	2	4	3	4	4	4	50	2	92	US	R008683	S004884	2026-02-21
5	3	5	4	3	1	4	4	4	3	38	2	89	US	R008684	S004982	2026-02-20
2	2	4	4	5	2	5	4	4	5	35	1	81	US	R008685	S011583	2026-03-22
3	2	3	3	4	1	2	5	4	4	42	2	87	US	R008686	S000289	2026-02-26
5	5	4	5	4	4	4	5	2	4	47	1	89	US	R008687	S006539	2026-03-27
5	2	5	5	4	5	5	5	4	5	30	1	89	US	R008688	S008223	2026-02-04
1	3	1	4	1	1	4	4	3	4	18	2	66	US	R008689	S002625	2026-03-17
2	4	4	2	4	4	5	5	5	5	36	1	70	US	R008690	S004087	2026-02-07
4	2	3	4	3	5	4	5	2	4	34	2	80	US	R008691	S003322	2026-02-22
4	4	3	4	4	1	2	3	2	3	31	2	98	US	R008692	S010120	2026-02-15
2	3	2	1	1	2	1	4	3	4	30	2	98	US	R008693	S011198	2026-02-16
5	5	4	3	3	3	5	4	4	4	38	2	96	US	R008694	S000918	2026-03-08
5	5	4	5	3	1	3	2	2	4	45	2	67	US	R008695	S002961	2026-02-12
5	3	3	5	4	3	3	2	2	5	69	2	85	US	R008696	S003126	2026-03-09
4	2	2	5	1	1	1	4	4	4	21	1	84	US	R008697	S000332	2026-02-19
4	4	4	5	1	1	3	4	3	4	31	1	96	US	R008698	S003981	2026-03-05
4	4	2	4	4	4	4	4	5	4	57	2	78	US	R008699	S012910	2026-03-11
4	4	4	4	4	4	2	4	2	3	18	2	98	US	R008700	S004429	2026-03-21
2	2	2	2	2	1	1	2	2	4	52	2	71	US	R008701	S011763	2026-02-10
4	4	4	3	4	2	2	4	1	4	35	2	99	US	R008702	S007226	2026-02-24
4	4	2	4	4	2	5	4	5	5	47	1	92	US	R008703	S003223	2026-02-02
1	2	2	1	1	1	4	5	3	5	50	1	91	US	R008704	S010822	2026-03-11
2	3	4	4	2	1	4	4	3	3	46	2	86	US	R008705	S012903	2026-02-02
5	4	2	4	2	1	4	4	5	3	32	1	83	US	R008706	S009785	2026-03-12
5	4	3	5	3	3	5	5	4	4	43	1	96	US	R008707	S011703	2026-03-22
4	4	5	5	4	3	5	5	4	4	50	1	85	US	R008708	S004302	2026-03-16
4	2	3	4	3	3	4	4	4	3	44	2	100	US	R008709	S009121	2026-03-06
5	4	5	4	4	4	4	3	4	4	27	2	79	US	R008710	S005496	2026-02-22
4	4	3	3	2	3	1	2	1	3	43	1	89	US	R008711	S003125	2026-02-12
5	3	5	5	4	5	5	5	5	4	28	2	93	US	R008712	S011104	2026-03-12
4	4	2	1	5	2	2	4	3	3	29	1	75	US	R008713	S008770	2026-03-04
5	2	2	4	3	1	2	4	3	3	26	1	77	US	R008714	S002829	2026-02-26
4	2	4	4	2	3	5	4	5	5	28	2	89	US	R008715	S010169	2026-03-04
5	3	3	5	2	1	2	2	4	4	18	1	57	US	R008716	S003113	2026-03-08
3	1	1	4	2	2	3	4	3	2	31	1	61	US	R008717	S001792	2026-03-23
5	2	2	5	4	3	4	1	4	2	42	1	89	US	R008718	S005061	2026-03-12
4	2	4	5	5	2	2	3	2	5	33	1	73	US	R008719	S011270	2026-03-26
2	3	2	3	2	2	1	4	4	2	35	2	98	US	R008720	S005573	2026-02-16
2	3	2	4	2	2	5	3	2	2	36	1	61	US	R008721	S010106	2026-03-26
3	2	3	2	2	1	3	2	4	1	45	1	85	US	R008722	S002973	2026-02-24
4	2	2	3	3	1	1	4	2	4	26	2	75	US	R008723	S007204	2026-02-07
2	2	2	5	3	2	2	5	5	3	32	2	92	US	R008724	S007297	2026-03-03
5	1	2	4	5	4	5	5	2	4	43	1	91	US	R008725	S003323	2026-03-15
4	3	3	4	5	5	5	4	4	4	38	1	81	US	R008726	S009484	2026-03-18
4	1	5	4	4	2	3	3	3	3	47	2	72	US	R008727	S003794	2026-02-26
5	2	5	4	4	3	2	4	3	4	37	1	93	US	R008728	S010914	2026-02-25
4	3	2	4	2	2	2	2	4	5	25	1	93	US	R008729	S004759	2026-03-15
2	2	4	4	5	1	4	4	4	4	59	1	92	US	R008730	S010521	2026-02-09
3	3	1	4	1	1	4	1	1	3	49	2	69	US	R008731	S007829	2026-02-23
5	5	4	4	5	5	2	4	4	4	36	2	83	US	R008732	S003920	2026-02-10
5	3	3	5	3	3	4	5	5	5	24	1	77	US	R008733	S009670	2026-03-13
2	1	5	5	4	2	3	3	4	2	53	1	99	US	R008734	S009146	2026-02-24
5	5	5	5	5	5	4	5	5	2	28	2	98	US	R008735	S010218	2026-02-10
2	2	4	4	2	2	4	2	3	4	18	2	78	US	R008736	S002176	2026-03-01
5	3	2	4	2	3	1	1	3	2	39	1	90	US	R008737	S000943	2026-03-03
5	5	5	4	5	5	5	5	4	3	42	1	80	US	R008738	S001672	2026-03-13
4	2	4	5	3	4	2	4	4	2	36	1	83	US	R008739	S012765	2026-03-12
5	2	4	4	5	4	4	5	3	4	36	1	88	US	R008740	S007887	2026-03-24
5	2	2	5	4	2	2	5	4	2	43	1	88	US	R008741	S011575	2026-03-11
5	5	5	5	5	5	5	4	4	2	31	1	84	US	R008742	S007303	2026-03-12
1	1	3	3	1	1	3	4	3	3	52	1	78	US	R008743	S007216	2026-02-14
5	3	4	5	5	2	5	4	5	5	24	1	89	US	R008744	S001597	2026-03-02
4	2	2	5	3	2	4	2	5	4	18	2	84	US	R008745	S003355	2026-02-07
4	4	4	5	5	4	2	2	4	4	37	2	85	US	R008746	S011438	2026-02-27
4	2	4	3	2	4	2	2	1	1	53	2	84	US	R008747	S012714	2026-02-04
4	2	3	4	3	2	4	1	3	5	32	1	87	US	R008748	S006753	2026-03-12
5	2	4	5	4	4	5	4	5	5	33	2	66	US	R008749	S012790	2026-03-06
5	2	5	4	4	5	4	5	5	5	50	2	90	US	R008750	S001620	2026-03-12
5	4	5	4	3	4	5	5	4	5	32	2	91	US	R008751	S008571	2026-02-08
2	1	4	4	2	5	3	2	3	4	39	1	78	US	R008752	S003264	2026-03-24
2	4	4	5	4	5	5	5	2	4	27	1	56	US	R008753	S009320	2026-03-23
5	4	2	5	5	5	3	4	2	2	56	1	81	US	R008754	S003314	2026-03-02
2	1	1	2	2	2	1	3	2	1	29	2	72	US	R008755	S012109	2026-02-25
4	4	2	5	2	1	1	4	2	1	47	1	87	US	R008756	S006740	2026-02-10
5	2	5	5	4	2	4	5	1	5	45	1	95	US	R008757	S006669	2026-03-14
5	5	4	4	5	4	5	5	4	5	36	1	78	US	R008758	S007365	2026-02-04
1	4	2	5	2	2	1	2	4	3	52	1	92	US	R008759	S006214	2026-02-11
4	1	3	4	1	1	4	4	4	4	34	1	56	US	R008760	S004235	2026-02-10
4	3	2	2	2	2	3	3	4	2	54	1	99	US	R008761	S003710	2026-03-19
2	1	4	5	2	3	2	1	1	1	36	1	97	US	R008762	S002748	2026-03-20
4	2	2	2	2	1	1	3	4	4	30	2	81	US	R008763	S003338	2026-03-06
3	2	1	4	2	2	5	3	4	4	42	1	64	US	R008764	S005544	2026-02-12
4	4	4	5	3	5	3	4	4	3	39	2	90	US	R008765	S006696	2026-03-18
5	4	5	5	4	4	5	5	5	4	29	2	99	US	R008766	S012196	2026-03-14
2	2	4	4	2	4	4	3	5	4	36	2	93	US	R008767	S003007	2026-02-24
5	3	4	2	2	2	3	1	3	1	18	1	52	US	R008768	S009259	2026-02-18
4	3	2	3	3	2	3	5	4	3	33	1	87	US	R008769	S001022	2026-02-04
5	4	5	4	5	5	5	2	5	4	51	1	94	US	R008770	S011654	2026-02-07
4	1	4	4	4	3	2	4	3	5	34	2	93	US	R008771	S008787	2026-03-04
2	2	2	4	2	2	1	1	2	2	51	2	99	US	R008772	S009657	2026-03-16
5	4	2	5	2	1	4	4	4	4	61	2	97	US	R008773	S011828	2026-03-18
5	1	2	4	2	2	3	4	3	4	35	1	88	US	R008774	S010968	2026-02-24
5	2	4	3	5	4	1	2	2	2	30	1	84	US	R008775	S009752	2026-02-24
4	2	4	4	4	2	2	4	3	4	19	2	82	US	R008776	S006153	2026-03-12
1	4	3	3	1	2	2	3	4	3	36	2	66	US	R008777	S010903	2026-03-20
5	5	2	5	4	4	4	4	3	2	39	1	93	US	R008778	S011426	2026-03-14
5	1	4	5	5	3	2	2	3	4	30	1	87	US	R008779	S000025	2026-02-15
4	3	4	4	4	4	2	2	2	4	33	1	89	US	R008780	S010023	2026-03-09
5	5	4	4	4	1	3	4	4	4	30	1	80	US	R008781	S000981	2026-02-15
2	5	3	4	4	4	1	2	4	2	45	2	83	US	R008782	S001402	2026-02-23
5	4	4	5	5	2	1	2	2	5	38	1	97	US	R008783	S009458	2026-03-15
5	2	4	5	5	2	4	2	5	3	23	1	72	US	R008784	S003197	2026-03-25
4	4	2	4	4	2	2	5	4	4	43	1	86	US	R008785	S008829	2026-03-16
4	2	3	4	2	1	4	2	4	4	63	1	86	US	R008786	S010418	2026-03-25
5	5	5	5	2	4	4	4	4	3	18	1	61	US	R008787	S011676	2026-03-20
5	2	5	5	4	4	1	4	2	4	32	2	76	US	R008788	S010559	2026-02-26
5	4	5	5	5	4	4	4	4	4	51	2	80	US	R008789	S006847	2026-02-15
4	1	4	2	5	1	2	4	4	4	54	2	91	US	R008790	S008779	2026-02-08
3	4	2	3	2	4	4	1	2	5	45	1	85	US	R008791	S006569	2026-02-24
5	2	3	4	2	2	5	5	4	4	22	2	84	US	R008792	S003927	2026-03-09
1	4	1	3	1	1	1	3	3	3	18	1	92	US	R008793	S012949	2026-02-07
4	2	4	4	3	1	4	2	2	2	18	1	78	US	R008794	S012681	2026-03-18
4	1	4	5	2	4	4	4	4	5	39	1	90	US	R008795	S000858	2026-03-10
4	1	3	1	3	5	2	4	5	2	34	1	83	US	R008796	S009053	2026-03-18
2	1	3	5	2	2	1	2	2	5	22	2	95	US	R008797	S008396	2026-02-02
4	2	5	4	2	1	3	2	4	4	52	2	85	US	R008798	S010861	2026-03-23
3	2	2	5	2	1	3	5	4	4	38	1	96	US	R008799	S007419	2026-02-03
2	2	1	5	2	1	4	4	4	4	37	1	96	US	R008800	S001318	2026-03-14
2	4	2	4	5	3	4	1	5	5	46	2	86	US	R008801	S010110	2026-03-10
5	2	5	2	2	3	4	3	4	4	23	2	94	US	R008802	S007480	2026-03-13
1	1	2	1	2	2	1	1	1	2	45	2	73	US	R008803	S011149	2026-02-21
5	3	4	5	5	3	4	3	4	4	36	1	76	US	R008804	S010312	2026-02-17
2	2	2	5	4	3	2	2	1	4	44	2	99	US	R008805	S011026	2026-02-27
4	4	4	5	4	3	2	2	2	4	42	2	86	US	R008806	S005390	2026-03-10
4	4	2	5	4	1	5	2	4	4	33	2	92	US	R008807	S009092	2026-03-24
1	2	2	4	2	1	2	4	4	3	40	2	95	US	R008808	S001174	2026-03-16
4	1	1	4	3	2	4	2	4	5	37	2	66	US	R008809	S006296	2026-03-25
5	2	2	5	4	1	1	4	3	4	46	1	93	US	R008810	S008617	2026-02-12
5	5	2	5	4	4	1	1	2	4	59	1	98	US	R008811	S000217	2026-02-10
5	5	5	5	5	5	5	5	5	4	34	2	73	US	R008812	S004099	2026-02-26
4	3	4	5	2	2	2	2	4	4	29	1	91	US	R008813	S009167	2026-03-15
4	4	5	5	5	5	5	2	4	2	31	1	98	US	R008814	S000929	2026-03-15
3	2	3	5	5	3	3	5	1	5	38	1	97	US	R008815	S008065	2026-03-19
5	3	4	5	2	2	2	1	2	4	39	1	69	US	R008816	S010813	2026-03-27
5	2	4	3	4	2	1	2	3	1	36	1	95	US	R008817	S001580	2026-03-04
3	2	2	2	2	1	2	4	3	1	18	1	97	US	R008818	S009360	2026-03-19
4	2	4	5	4	2	5	4	4	5	32	1	93	US	R008819	S009063	2026-03-20
5	4	5	5	5	4	5	4	5	5	54	2	81	US	R008820	S010584	2026-02-19
4	4	4	4	4	3	5	2	5	4	34	1	86	US	R008821	S011363	2026-02-13
2	1	2	2	2	1	3	1	2	1	18	2	88	US	R008822	S001527	2026-02-24
2	2	3	3	3	3	4	4	3	5	25	1	98	US	R008823	S003455	2026-03-10
5	2	4	5	5	2	2	3	4	5	37	2	97	US	R008824	S003897	2026-03-02
5	3	1	4	2	1	1	2	2	4	39	2	90	US	R008825	S006052	2026-02-14
3	2	4	5	2	2	4	5	4	4	47	2	89	US	R008826	S003003	2026-02-09
3	2	2	2	5	5	5	5	4	4	43	1	72	US	R008827	S012731	2026-02-19
5	4	4	5	4	4	3	3	4	4	51	1	91	US	R008828	S012252	2026-03-25
4	3	1	4	4	4	2	2	2	1	18	1	79	US	R008829	S012241	2026-03-14
5	4	5	5	5	4	4	5	4	4	18	1	83	US	R008830	S001676	2026-03-18
4	1	3	5	5	2	5	5	4	5	18	1	86	US	R008831	S007712	2026-02-04
3	2	1	4	1	3	4	2	4	3	27	1	90	US	R008832	S001795	2026-03-22
2	2	2	4	2	2	4	5	4	2	24	1	93	US	R008833	S012019	2026-03-02
1	1	3	3	2	3	4	5	3	4	35	1	86	US	R008834	S005893	2026-03-01
3	3	4	4	4	2	5	4	5	4	38	1	87	US	R008835	S012284	2026-03-06
5	2	5	5	2	1	2	2	2	4	51	2	98	US	R008836	S001807	2026-03-06
3	1	2	3	1	1	1	2	1	3	18	2	94	US	R008837	S000439	2026-02-07
5	3	5	3	2	5	1	5	4	4	49	1	95	US	R008838	S003220	2026-02-08
4	4	4	5	4	4	3	5	4	4	27	1	91	US	R008839	S006765	2026-03-11
4	3	4	5	3	4	4	4	3	4	46	1	83	US	R008840	S008895	2026-02-12
4	4	2	5	3	3	1	2	1	2	43	2	91	US	R008841	S009881	2026-02-22
2	2	2	4	1	1	1	1	3	4	35	1	77	US	R008842	S003295	2026-02-06
4	5	4	4	2	2	3	2	3	3	35	1	80	US	R008843	S005630	2026-02-03
3	2	2	2	3	2	5	1	4	4	29	2	78	US	R008844	S003424	2026-03-22
4	4	4	4	1	5	4	5	5	3	51	1	79	US	R008845	S003050	2026-02-20
4	2	4	5	4	5	4	3	5	3	36	2	86	US	R008846	S012741	2026-02-04
4	4	4	4	4	3	2	2	2	3	20	1	86	US	R008847	S009960	2026-02-03
4	5	4	4	4	5	4	4	4	5	58	2	76	US	R008848	S004722	2026-02-10
3	3	1	2	1	1	2	2	3	4	25	2	81	US	R008849	S005467	2026-03-13
2	4	4	4	2	1	2	3	4	2	46	1	85	US	R008850	S005012	2026-02-02
5	4	5	4	2	2	3	2	4	4	40	2	99	US	R008851	S011122	2026-02-24
4	4	5	5	2	4	4	5	5	4	46	2	98	US	R008852	S011321	2026-03-20
4	2	2	5	4	1	5	5	5	4	20	2	88	US	R008853	S001902	2026-03-16
5	2	2	2	2	1	4	2	4	5	22	1	62	US	R008854	S003841	2026-03-01
4	3	3	4	2	2	2	5	5	3	52	1	97	US	R008855	S011338	2026-02-02
5	5	4	4	4	3	3	4	5	4	36	1	91	US	R008856	S001300	2026-02-27
5	2	4	5	4	2	3	4	5	4	43	2	70	US	R008857	S001776	2026-03-23
5	2	3	5	5	4	2	4	2	4	33	2	95	US	R008858	S010980	2026-02-19
4	1	5	4	2	2	3	4	4	4	18	2	61	US	R008859	S002546	2026-03-18
4	5	4	5	5	3	4	4	3	5	46	2	96	US	R008860	S008604	2026-03-11
2	2	4	4	5	1	4	4	4	4	59	1	92	US	R008861	S004781	2026-02-24
5	3	5	4	5	4	5	5	5	5	40	1	75	US	R008862	S012806	2026-03-18
4	2	4	2	3	4	3	2	2	3	38	1	95	US	R008863	S002088	2026-02-25
5	5	4	5	4	2	4	4	5	4	51	2	84	US	R008864	S009798	2026-03-03
5	2	5	5	5	5	4	5	3	4	43	1	88	US	R008865	S001319	2026-03-06
4	3	4	5	4	4	5	3	4	4	32	1	77	US	R008866	S003239	2026-02-07
2	1	3	2	3	1	3	4	4	4	35	2	91	US	R008867	S008820	2026-03-01
4	4	5	5	5	4	5	5	5	5	24	2	58	US	R008868	S006092	2026-02-09
2	5	2	4	1	1	4	4	3	3	30	2	81	US	R008869	S001721	2026-02-15
5	4	3	4	3	2	2	2	4	3	34	2	94	US	R008870	S002918	2026-02-09
4	4	2	4	4	2	4	3	5	5	30	1	89	US	R008871	S006386	2026-03-08
3	2	5	2	5	4	3	5	5	5	46	2	81	US	R008872	S006277	2026-03-01
5	2	5	4	5	4	3	4	4	4	57	2	84	US	R008873	S010595	2026-02-09
4	4	5	5	4	4	4	4	4	4	58	2	63	US	R008874	S010632	2026-03-09
4	1	3	4	4	4	4	5	4	5	48	1	95	US	R008875	S012321	2026-03-01
3	2	5	5	5	5	4	5	4	4	42	2	92	US	R008876	S005957	2026-03-18
5	4	4	4	3	4	4	3	4	3	32	1	75	US	R008877	S012770	2026-02-06
5	2	3	5	2	2	4	5	5	5	23	2	65	US	R008878	S003461	2026-02-11
5	1	4	4	2	1	1	1	4	3	36	1	97	US	R008879	S000559	2026-02-04
5	5	3	5	3	2	3	1	4	5	48	1	86	US	R008880	S000458	2026-02-05
5	2	4	5	4	2	5	5	5	4	34	1	95	US	R008881	S002256	2026-02-27
3	5	3	4	4	2	2	4	4	5	46	1	96	US	R008882	S007761	2026-03-20
3	4	2	4	3	2	4	5	3	5	44	1	91	US	R008883	S001802	2026-03-05
2	3	4	4	2	1	3	1	4	5	51	1	78	US	R008884	S004980	2026-02-13
5	1	4	4	3	2	4	4	3	4	24	2	62	US	R008885	S007741	2026-03-10
2	4	1	3	1	1	4	4	4	4	41	1	95	US	R008886	S007185	2026-02-27
4	4	4	5	2	2	3	5	4	4	42	1	94	US	R008887	S012477	2026-02-12
5	1	4	3	4	4	5	5	5	5	34	2	65	US	R008888	S007409	2026-02-16
3	1	2	4	3	2	2	3	1	4	18	2	90	US	R008889	S006146	2026-02-28
3	1	3	5	5	1	1	1	1	4	32	1	93	US	R008890	S009372	2026-03-11
5	1	5	5	5	3	5	4	5	5	28	2	83	US	R008891	S006302	2026-03-23
3	2	1	4	2	1	3	4	4	5	27	1	84	US	R008892	S003060	2026-03-24
2	2	2	5	2	1	1	2	2	1	48	1	89	US	R008893	S005517	2026-03-23
5	4	3	4	5	2	4	4	4	5	37	1	96	US	R008894	S007817	2026-02-26
4	2	4	3	4	3	5	4	4	5	31	2	91	US	R008895	S012273	2026-03-19
2	1	3	4	2	1	5	5	5	5	33	2	90	US	R008896	S008596	2026-03-01
4	2	1	5	3	1	4	3	3	4	46	2	94	US	R008897	S011014	2026-03-19
4	2	5	5	5	4	4	4	5	5	47	2	79	US	R008898	S001038	2026-03-16
5	4	3	3	3	1	1	1	1	4	18	1	90	US	R008899	S003578	2026-03-02
5	5	3	4	5	2	4	4	4	3	45	1	98	US	R008900	S011588	2026-02-07
4	4	5	5	5	5	5	5	5	4	30	1	85	US	R008901	S003299	2026-03-03
5	4	4	5	5	5	4	3	2	4	38	1	97	US	R008902	S009733	2026-03-02
4	1	5	3	4	4	5	5	5	5	26	2	75	US	R008903	S003525	2026-02-14
4	3	3	4	3	2	4	5	4	5	39	1	74	US	R008904	S009827	2026-02-24
4	3	1	5	3	2	2	3	4	5	32	1	92	US	R008905	S002098	2026-02-17
2	3	2	2	2	4	4	5	5	4	33	2	86	US	R008906	S002794	2026-02-17
5	2	4	4	3	2	5	5	4	4	44	1	73	US	R008907	S008970	2026-03-23
3	4	2	4	2	2	3	4	4	4	28	2	82	US	R008908	S004338	2026-02-27
5	2	5	5	4	5	5	5	5	5	42	2	88	US	R008909	S007123	2026-03-23
5	3	5	4	5	4	2	3	3	5	41	1	88	US	R008910	S012352	2026-02-06
5	3	5	3	4	5	5	5	5	4	38	1	91	US	R008911	S003188	2026-02-18
5	5	5	4	4	3	2	4	3	2	59	2	59	US	R008912	S004903	2026-03-13
5	5	5	5	3	2	5	5	4	5	49	1	87	US	R008913	S003472	2026-02-09
2	2	5	4	4	3	1	1	3	3	41	1	91	US	R008914	S004875	2026-02-04
5	4	5	4	2	2	1	4	2	4	38	2	62	US	R008915	S009039	2026-02-15
4	3	3	4	5	2	4	5	5	4	48	2	93	US	R008916	S005880	2026-03-17
4	1	3	4	2	2	1	4	4	4	18	2	98	US	R008917	S012327	2026-03-11
1	1	1	1	1	1	1	1	1	3	34	2	62	US	R008918	S001007	2026-02-14
5	4	5	5	5	4	4	5	4	5	30	2	92	US	R008919	S004161	2026-02-28
5	2	5	4	5	2	5	4	4	5	23	1	77	US	R008920	S007812	2026-03-01
5	2	4	5	2	2	5	3	2	1	28	1	94	US	R008921	S010052	2026-02-08
5	4	5	5	4	2	4	4	4	4	52	2	92	US	R008922	S004834	2026-03-06
4	3	3	2	3	3	5	3	4	5	48	1	92	US	R008923	S000774	2026-03-10
4	2	4	5	4	2	5	5	5	5	38	2	74	US	R008924	S001461	2026-02-27
4	5	3	4	3	1	2	4	4	4	43	2	85	US	R008925	S012152	2026-03-18
4	4	2	4	4	5	4	4	5	5	35	1	89	US	R008926	S008785	2026-02-13
4	4	2	4	4	2	5	4	5	5	26	1	98	US	R008927	S005319	2026-03-18
4	3	4	4	5	2	2	3	4	2	60	1	94	US	R008928	S009272	2026-03-25
4	2	1	3	2	1	1	2	4	4	34	1	90	US	R008929	S000946	2026-02-28
2	5	4	5	5	2	5	5	4	5	42	1	67	US	R008930	S003883	2026-03-03
2	1	2	5	4	2	4	5	4	3	39	2	96	US	R008931	S004573	2026-03-05
5	2	4	2	2	1	4	2	2	1	40	1	70	US	R008932	S000964	2026-02-23
2	2	5	5	5	4	3	4	4	5	35	1	98	US	R008933	S003736	2026-02-07
4	1	3	5	5	2	1	4	2	3	22	2	63	US	R008934	S005661	2026-02-10
4	2	4	5	4	5	3	2	1	3	46	2	92	US	R008935	S006174	2026-02-14
4	5	3	5	5	2	5	4	4	5	37	1	80	US	R008936	S002062	2026-02-15
4	1	4	4	5	3	3	3	4	4	25	2	50	US	R008937	S001530	2026-03-09
2	4	4	4	4	2	4	3	4	4	34	1	94	US	R008938	S008012	2026-02-15
5	5	5	5	5	5	5	4	4	4	18	2	92	US	R008939	S011632	2026-02-02
3	2	4	5	2	2	2	4	3	4	29	2	95	US	R008940	S005482	2026-03-22
4	2	5	5	5	4	4	5	5	5	33	2	96	US	R008941	S008475	2026-02-21
5	4	4	4	4	3	5	4	5	5	46	2	94	US	R008942	S000650	2026-02-27
5	1	2	3	3	1	4	2	4	5	30	1	75	US	R008943	S007664	2026-02-21
5	2	4	5	5	4	5	5	5	4	32	2	94	US	R008944	S009366	2026-03-09
5	4	5	5	5	5	2	2	4	2	51	2	56	US	R008945	S002391	2026-03-23
2	4	4	4	2	3	4	5	3	4	37	1	77	US	R008946	S004118	2026-03-26
4	2	4	5	5	5	4	5	2	2	36	1	83	US	R008947	S005690	2026-03-13
5	2	4	4	4	4	4	5	4	3	46	2	91	US	R008948	S011227	2026-02-08
3	2	3	3	3	1	1	2	4	2	32	2	94	US	R008949	S000350	2026-02-18
5	2	2	5	5	5	4	4	4	4	45	2	88	US	R008950	S011761	2026-03-07
3	2	1	4	2	2	4	3	4	5	54	1	69	US	R008951	S001932	2026-03-02
3	5	3	5	3	1	3	3	5	4	33	1	82	US	R008952	S010261	2026-03-27
2	5	2	5	4	3	1	3	4	4	39	2	83	US	R008953	S001813	2026-03-14
3	5	4	4	2	3	1	4	4	4	46	1	88	US	R008954	S004735	2026-03-13
4	4	4	4	4	2	1	2	2	1	28	2	92	US	R008955	S012322	2026-02-06
1	1	4	4	3	3	1	2	4	3	34	1	100	US	R008956	S003799	2026-03-11
4	2	2	4	4	1	5	4	5	5	60	1	77	US	R008957	S006401	2026-02-11
5	4	4	4	4	2	4	3	5	4	41	2	89	US	R008958	S010253	2026-02-18
1	1	1	1	1	1	2	1	2	2	33	1	92	US	R008959	S008615	2026-02-20
5	2	5	5	2	4	4	5	4	5	40	2	79	US	R008960	S012306	2026-02-19
5	4	2	5	4	1	3	4	2	5	40	2	85	US	R008961	S005589	2026-03-01
5	2	4	4	2	3	2	4	2	4	47	2	99	US	R008962	S010583	2026-03-11
4	3	2	4	1	2	1	4	2	4	41	1	74	US	R008963	S011708	2026-03-24
5	2	2	4	1	1	1	4	1	1	18	1	46	US	R008964	S012405	2026-02-13
4	2	2	4	2	1	3	4	3	1	41	1	92	US	R008965	S002714	2026-03-13
4	5	2	4	5	2	3	1	4	5	24	1	66	US	R008966	S003596	2026-02-23
5	5	3	4	3	3	1	1	2	3	39	1	83	US	R008967	S007675	2026-03-25
5	5	4	4	3	2	4	1	4	4	28	1	89	US	R008968	S008784	2026-03-27
5	2	4	4	4	4	3	5	4	5	22	2	73	US	R008969	S004885	2026-03-09
1	2	2	5	4	2	3	4	4	3	35	1	59	US	R008970	S006511	2026-02-02
5	4	4	5	4	3	5	5	5	5	37	2	93	US	R008971	S006008	2026-03-25
5	5	3	4	4	1	4	1	3	2	43	1	87	US	R008972	S011550	2026-02-06
5	2	5	4	4	3	4	5	4	4	46	2	97	US	R008973	S008712	2026-03-13
4	3	4	4	4	1	3	5	5	2	33	2	73	US	R008974	S011622	2026-02-05
4	2	5	5	4	2	1	1	2	4	30	2	84	US	R008975	S005725	2026-03-07
4	3	2	5	4	2	4	4	3	2	58	2	95	US	R008976	S005683	2026-02-26
5	3	3	2	2	3	4	2	4	3	19	1	59	US	R008977	S009663	2026-02-05
4	5	5	4	5	1	1	2	5	4	39	1	99	US	R008978	S000437	2026-03-12
3	5	2	2	3	2	4	4	3	4	45	2	65	US	R008979	S009705	2026-03-24
3	2	3	5	4	2	5	2	4	4	24	1	69	US	R008980	S004721	2026-02-06
5	2	2	4	2	1	2	3	1	5	26	1	93	US	R008981	S004002	2026-03-15
4	4	5	5	4	5	2	2	2	4	36	1	83	US	R008982	S010015	2026-03-02
4	1	4	4	3	4	4	4	4	4	51	2	86	US	R008983	S002281	2026-03-14
2	1	5	5	5	4	5	4	5	5	45	1	81	US	R008984	S007938	2026-03-04
4	2	3	3	3	3	1	4	1	2	53	1	85	US	R008985	S006641	2026-02-28
2	1	1	4	1	2	4	5	2	2	38	1	83	US	R008986	S004378	2026-03-11
3	2	2	4	5	2	1	2	4	2	29	2	94	US	R008987	S008567	2026-02-20
4	4	4	5	5	2	5	5	5	5	53	1	79	US	R008988	S005364	2026-03-19
1	1	1	4	2	1	2	2	4	3	38	2	73	US	R008989	S001931	2026-02-20
3	2	3	5	2	1	1	2	3	4	47	1	96	US	R008990	S012401	2026-03-12
4	5	4	4	4	5	5	4	5	4	26	2	82	US	R008991	S005679	2026-02-13
3	3	2	3	2	2	5	5	5	5	40	1	92	US	R008992	S003224	2026-02-10
2	1	2	5	5	3	2	2	4	3	18	1	66	US	R008993	S003481	2026-03-01
2	4	4	5	5	4	4	4	5	4	47	2	87	US	R008994	S009919	2026-02-12
3	2	3	2	2	3	4	2	2	3	26	2	80	US	R008995	S007085	2026-02-17
5	3	2	4	2	2	4	2	4	4	23	1	98	US	R008996	S011286	2026-02-25
5	2	5	5	4	5	5	5	5	4	24	1	79	US	R008997	S008011	2026-03-18
1	4	2	5	2	1	4	4	3	5	26	1	99	US	R008998	S012165	2026-02-16
2	3	1	4	2	2	4	4	5	4	29	2	85	US	R008999	S012059	2026-02-23
2	3	4	2	2	1	3	3	4	2	18	1	69	US	R009000	S010495	2026-02-02
3	2	4	3	3	2	4	5	5	5	19	1	75	US	R009001	S008024	2026-02-18
5	1	4	4	5	4	5	5	5	5	48	1	75	US	R009002	S008016	2026-03-27
5	5	2	4	4	2	4	4	4	5	24	1	79	US	R009003	S003984	2026-03-24
3	1	2	1	2	1	2	4	4	4	23	2	92	US	R009004	S006394	2026-03-26
4	4	5	5	5	3	4	4	4	4	54	1	79	US	R009005	S005897	2026-03-09
4	2	2	3	2	1	2	2	2	1	39	2	86	US	R009006	S003673	2026-03-18
3	4	5	5	4	2	5	5	4	4	26	1	85	US	R009007	S009154	2026-03-11
5	1	3	4	3	3	5	4	5	4	30	2	97	US	R009008	S006917	2026-03-17
1	4	2	5	1	2	2	2	4	4	28	2	77	US	R009009	S012290	2026-02-25
4	3	3	4	3	1	3	4	4	4	37	2	89	US	R009010	S003240	2026-03-25
5	4	3	4	2	1	3	2	3	4	33	2	91	US	R009011	S008983	2026-03-02
5	3	5	5	3	2	5	4	4	4	37	1	61	US	R009012	S000156	2026-03-23
3	1	4	2	1	1	2	2	2	3	26	2	97	US	R009013	S008956	2026-03-14
3	3	4	4	2	2	2	2	2	2	32	1	88	US	R009014	S010823	2026-02-05
2	2	3	5	3	2	3	5	4	5	24	1	92	US	R009015	S011917	2026-02-09
4	2	3	5	2	2	2	1	2	2	51	1	91	US	R009016	S011229	2026-03-12
4	2	3	4	3	2	3	4	4	4	40	1	85	US	R009017	S004805	2026-03-19
2	4	2	4	4	1	4	5	5	5	37	2	95	US	R009018	S007619	2026-03-20
3	5	5	5	4	5	4	4	4	2	30	2	86	US	R009019	S009071	2026-03-06
5	4	3	5	4	2	2	2	2	4	25	1	93	US	R009020	S007131	2026-03-24
5	2	4	4	5	5	1	2	4	3	45	2	92	US	R009021	S007021	2026-03-14
1	1	4	4	3	4	5	3	5	5	43	1	98	US	R009022	S012169	2026-03-03
4	1	4	4	4	4	4	4	3	5	33	2	95	US	R009023	S010555	2026-03-12
4	4	2	4	3	2	3	3	4	3	39	2	70	US	R009024	S004216	2026-02-07
4	2	4	2	5	2	2	2	3	3	42	1	39	US	R009025	S012271	2026-02-19
2	1	1	3	1	2	4	4	3	4	45	1	99	US	R009026	S008277	2026-03-03
5	1	4	5	3	4	2	4	4	4	21	1	83	US	R009027	S002519	2026-03-22
3	3	5	4	4	4	4	4	4	5	38	1	89	US	R009028	S009099	2026-02-09
3	1	4	3	3	3	2	4	3	5	48	1	88	US	R009029	S004281	2026-02-18
3	3	4	5	2	4	2	4	5	4	44	2	99	US	R009030	S012740	2026-03-24
4	3	2	4	3	1	3	4	3	3	49	1	75	US	R009031	S007156	2026-02-10
5	4	4	5	4	4	5	5	5	4	42	2	93	US	R009032	S000919	2026-02-17
4	3	5	3	4	2	4	4	5	4	52	2	91	US	R009033	S011444	2026-02-11
5	2	3	5	2	3	3	3	4	4	44	2	84	US	R009034	S006798	2026-02-09
4	4	5	5	5	4	2	5	5	5	42	1	98	US	R009035	S002377	2026-02-09
5	2	3	4	5	4	4	5	3	3	37	2	81	US	R009036	S000417	2026-03-06
2	1	4	4	4	2	4	4	3	4	51	2	83	US	R009037	S005397	2026-03-11
2	2	3	4	2	2	5	4	5	5	32	1	82	US	R009038	S008933	2026-02-08
5	1	2	4	3	5	3	4	5	4	35	2	78	US	R009039	S001796	2026-02-11
4	2	3	4	2	2	1	4	2	3	45	2	96	US	R009040	S005335	2026-02-14
1	4	2	4	2	4	2	4	4	2	38	2	89	US	R009041	S000586	2026-02-06
4	1	2	4	3	1	4	4	5	4	32	1	83	US	R009042	S009180	2026-03-24
5	5	4	4	4	2	4	4	4	4	18	2	91	US	R009043	S002279	2026-03-03
2	4	3	5	2	5	3	4	3	4	48	2	91	US	R009044	S006046	2026-02-24
4	2	2	4	2	1	1	4	2	2	48	2	85	US	R009045	S010703	2026-03-17
5	2	5	4	4	2	2	2	1	3	41	2	72	US	R009046	S002986	2026-03-14
5	5	5	5	5	5	2	2	4	5	39	1	89	US	R009047	S005486	2026-02-20
2	5	5	3	5	2	5	5	5	5	30	2	70	US	R009048	S002389	2026-03-08
1	2	4	4	2	3	4	2	4	4	45	2	88	US	R009049	S008262	2026-02-18
5	2	2	4	1	1	2	4	3	2	37	2	89	US	R009050	S009758	2026-03-10
5	4	5	4	5	5	4	5	4	4	34	1	88	US	R009051	S011767	2026-03-03
4	4	2	2	2	2	5	4	4	4	58	2	86	US	R009052	S005296	2026-03-14
3	4	2	4	2	2	4	3	4	4	18	1	89	US	R009053	S004241	2026-03-27
3	1	3	4	2	1	3	5	3	4	29	2	96	US	R009054	S005213	2026-02-22
5	2	4	5	5	3	2	5	4	4	30	1	99	US	R009055	S011868	2026-02-25
5	1	2	5	3	3	5	5	5	5	43	2	85	US	R009056	S002150	2026-02-21
3	2	3	3	2	1	1	2	2	4	44	1	98	US	R009057	S012099	2026-02-03
1	4	4	4	4	2	4	4	5	5	56	2	83	US	R009058	S005443	2026-02-20
1	2	4	4	4	2	5	4	1	4	40	1	94	US	R009059	S011746	2026-03-09
4	2	4	4	2	2	1	1	2	4	41	1	96	US	R009060	S000829	2026-03-11
2	4	1	5	2	4	2	4	4	2	28	1	90	US	R009061	S002413	2026-02-03
3	3	4	5	2	2	3	2	3	4	35	2	94	US	R009062	S006537	2026-02-13
4	3	2	5	5	2	4	4	2	4	35	2	85	US	R009063	S000268	2026-03-03
3	3	2	5	2	4	4	4	5	4	39	1	75	US	R009064	S010754	2026-02-17
5	4	3	2	5	3	3	3	3	2	20	1	85	US	R009065	S006167	2026-03-19
5	3	2	4	4	3	4	3	4	3	23	1	95	US	R009066	S004536	2026-02-15
3	2	4	4	4	2	1	4	4	4	28	1	76	US	R009067	S011573	2026-03-18
4	2	3	4	4	4	2	2	4	3	43	1	90	US	R009068	S008203	2026-03-03
4	4	1	5	3	2	4	3	5	4	44	1	93	US	R009069	S007583	2026-03-24
3	4	2	3	2	2	5	3	4	4	54	2	69	US	R009070	S006925	2026-03-26
2	4	2	4	4	1	2	1	2	1	30	1	59	US	R009071	S005839	2026-02-25
3	3	2	5	1	1	4	3	3	1	59	1	88	US	R009072	S010768	2026-02-19
5	2	4	5	1	2	3	4	4	4	61	2	100	US	R009073	S004748	2026-02-21
3	2	2	3	3	1	4	3	1	3	32	2	68	US	R009074	S002046	2026-03-27
4	2	4	3	3	4	1	4	2	3	18	2	74	US	R009075	S011914	2026-02-14
4	1	1	5	1	2	2	5	4	4	43	1	85	US	R009076	S006222	2026-02-17
4	2	4	5	2	1	2	3	3	4	19	1	80	US	R009077	S012313	2026-02-15
3	2	2	4	2	2	2	5	3	5	21	1	68	US	R009078	S006201	2026-02-28
3	2	4	3	3	1	4	2	4	4	18	1	88	US	R009079	S003344	2026-03-07
4	3	4	5	5	5	5	5	5	5	24	2	73	US	R009080	S001705	2026-02-21
5	5	2	4	3	5	3	3	4	5	55	1	89	US	R009081	S009183	2026-02-06
5	4	5	5	5	4	3	5	2	4	37	2	67	US	R009082	S011361	2026-03-02
1	1	2	4	2	1	1	1	1	3	42	1	90	US	R009083	S004322	2026-03-25
5	2	5	5	5	4	2	3	4	5	36	1	72	US	R009084	S010153	2026-03-27
2	2	1	2	2	2	5	4	3	2	27	1	74	US	R009085	S005288	2026-03-21
4	4	5	4	5	4	4	3	1	2	33	2	89	US	R009086	S003853	2026-03-21
1	2	2	1	1	1	1	2	2	1	24	2	93	US	R009087	S000517	2026-02-20
3	5	4	4	5	3	4	1	3	4	43	1	95	US	R009088	S008051	2026-02-09
4	3	4	4	5	2	4	5	5	4	34	1	85	US	R009089	S004180	2026-03-18
3	2	2	4	3	4	1	3	3	4	18	1	96	US	R009090	S003048	2026-03-27
4	2	4	5	4	1	2	5	4	4	34	1	85	US	R009091	S007984	2026-02-25
4	2	1	3	1	4	4	5	4	1	38	1	41	US	R009092	S002001	2026-02-20
4	5	5	5	5	4	4	4	5	5	37	1	55	US	R009093	S005228	2026-03-24
4	5	5	4	5	4	1	4	4	5	37	1	89	US	R009094	S004878	2026-03-03
5	2	4	3	4	2	2	4	3	2	35	2	84	US	R009095	S001192	2026-02-07
4	5	4	5	4	3	5	4	4	5	22	2	94	US	R009096	S000788	2026-02-06
3	3	5	4	4	3	1	4	5	4	31	1	91	US	R009097	S010841	2026-02-23
5	1	2	5	1	1	4	1	4	4	18	1	98	US	R009098	S006076	2026-02-13
4	2	4	4	2	2	5	4	5	4	55	1	87	US	R009099	S000714	2026-02-25
3	1	1	2	1	1	1	4	1	3	36	1	87	US	R009100	S004666	2026-02-26
1	4	3	4	5	1	4	4	4	4	51	1	87	US	R009101	S011666	2026-02-20
4	5	2	4	3	1	1	2	3	4	32	1	88	US	R009102	S003158	2026-02-08
4	2	4	5	2	2	4	4	2	4	20	1	95	US	R009103	S003009	2026-02-17
5	3	1	4	1	2	5	1	4	1	34	1	90	US	R009104	S004282	2026-03-15
5	4	4	2	3	2	3	4	3	4	24	2	54	US	R009105	S002955	2026-03-04
2	4	2	2	2	1	1	1	1	1	32	1	88	US	R009106	S009501	2026-03-06
3	2	2	5	3	4	2	2	3	2	25	1	79	US	R009107	S000371	2026-03-22
4	4	5	5	4	3	2	5	3	4	18	2	80	US	R009108	S010029	2026-02-24
5	2	5	5	4	4	3	4	5	4	39	1	96	US	R009109	S008275	2026-02-25
4	5	2	3	2	1	2	5	5	5	21	1	86	US	R009110	S003473	2026-03-02
4	2	4	5	5	4	4	2	4	4	40	1	77	US	R009111	S001262	2026-03-13
3	3	2	2	5	4	4	5	4	1	42	1	99	US	R009112	S010590	2026-03-19
5	5	5	4	5	2	5	5	4	4	43	1	88	US	R009113	S001400	2026-03-11
4	4	3	5	4	3	2	4	4	4	18	2	87	US	R009114	S005481	2026-03-27
4	3	4	4	5	4	4	5	4	5	33	2	79	US	R009115	S012080	2026-02-18
2	5	4	5	5	2	5	5	4	5	42	1	67	US	R009116	S010750	2026-03-15
1	1	3	3	2	2	1	2	2	3	53	1	76	US	R009117	S003041	2026-03-12
2	4	3	4	4	5	1	2	2	5	44	2	92	US	R009118	S011193	2026-02-10
5	4	5	5	4	4	5	4	4	5	29	1	97	US	R009119	S000222	2026-03-06
5	4	4	5	4	3	2	3	4	2	39	2	84	US	R009120	S002536	2026-03-24
2	2	4	2	1	1	1	5	2	1	26	1	91	US	R009121	S001282	2026-03-12
2	2	2	5	2	1	1	2	2	4	34	1	72	US	R009122	S008420	2026-02-11
1	5	1	2	1	1	3	2	1	4	18	1	85	US	R009123	S007181	2026-03-24
3	3	4	4	1	2	1	4	3	2	24	1	59	US	R009124	S012473	2026-03-08
4	2	4	4	5	2	5	4	4	4	36	1	87	US	R009125	S005239	2026-03-10
2	2	1	3	1	1	3	4	4	4	31	1	98	US	R009126	S005130	2026-02-10
3	2	1	2	1	1	1	4	4	3	46	2	98	US	R009127	S006476	2026-03-11
4	3	3	4	5	2	5	4	5	5	56	1	93	US	R009128	S001518	2026-03-23
5	2	5	3	2	5	1	2	3	2	31	1	89	US	R009129	S011531	2026-02-08
5	4	4	5	5	4	3	3	3	4	33	2	92	US	R009130	S011436	2026-02-14
5	3	4	5	5	5	4	5	4	4	18	2	60	US	R009131	S010148	2026-02-21
4	2	5	5	2	1	2	4	3	5	34	2	75	US	R009132	S006524	2026-02-16
2	5	2	4	4	3	4	4	5	4	27	2	89	US	R009133	S007597	2026-03-21
5	2	4	5	4	1	5	5	5	4	48	2	66	US	R009134	S004729	2026-03-23
4	4	3	4	4	1	2	1	4	4	21	1	91	US	R009135	S012334	2026-03-16
5	2	5	5	4	5	2	3	5	4	43	2	90	US	R009136	S004506	2026-02-05
4	2	4	5	5	4	1	5	4	1	61	1	69	US	R009137	S003944	2026-02-15
3	4	4	5	5	5	4	4	4	5	27	1	90	US	R009138	S006363	2026-03-04
2	1	2	4	4	1	1	1	2	2	43	1	91	US	R009139	S009544	2026-02-25
4	5	5	5	4	4	4	5	5	3	26	1	76	US	R009140	S007920	2026-02-26
2	2	4	4	2	1	5	5	5	5	34	1	98	US	R009141	S000888	2026-02-04
2	1	2	4	2	1	4	4	4	4	34	1	75	US	R009142	S003335	2026-02-05
1	5	4	5	2	3	2	4	4	3	49	1	94	US	R009143	S008078	2026-03-07
4	5	5	4	4	2	4	5	4	4	18	1	89	US	R009144	S008959	2026-02-23
1	3	2	1	1	2	2	4	4	2	18	2	83	US	R009145	S012947	2026-03-18
4	3	5	3	5	4	4	4	5	3	47	2	86	US	R009146	S001797	2026-03-27
3	3	3	3	2	1	1	4	1	2	18	1	90	US	R009147	S005560	2026-02-21
5	5	4	4	4	2	5	4	2	5	38	1	72	US	R009148	S007316	2026-03-24
1	3	2	2	4	2	5	4	5	4	33	2	79	US	R009149	S007120	2026-02-15
5	2	5	4	4	4	1	2	4	4	47	1	94	US	R009150	S011162	2026-02-19
5	5	2	5	3	2	3	1	3	2	48	2	78	US	R009151	S012839	2026-03-22
4	3	3	5	4	4	5	5	5	5	38	2	58	US	R009152	S010244	2026-03-13
5	2	4	5	4	3	5	4	3	5	31	1	89	US	R009153	S012202	2026-03-24
5	4	5	4	4	4	5	5	4	5	23	1	94	US	R009154	S009422	2026-03-24
5	2	5	4	5	4	4	5	4	4	38	1	93	US	R009155	S003637	2026-02-05
4	2	4	4	4	1	1	5	4	4	52	2	94	US	R009156	S005822	2026-02-05
3	2	4	4	4	5	5	4	5	5	50	2	89	US	R009157	S006255	2026-03-24
5	2	4	5	4	5	1	2	3	2	43	1	91	US	R009158	S012830	2026-02-10
5	4	4	4	4	3	5	4	5	3	59	1	69	US	R009159	S008929	2026-03-14
4	2	4	5	4	2	4	4	5	2	51	2	72	US	R009160	S009070	2026-02-17
3	3	4	5	3	2	3	5	5	4	35	2	95	US	R009161	S007412	2026-03-19
3	2	3	5	2	5	2	5	4	4	29	1	90	US	R009162	S008723	2026-02-06
5	2	5	5	4	4	4	3	2	5	35	2	90	US	R009163	S009448	2026-02-06
5	5	5	5	5	5	5	5	5	5	30	2	87	US	R009164	S006419	2026-03-10
2	2	4	4	4	4	3	2	4	3	38	1	63	US	R009165	S000448	2026-02-11
4	4	2	2	1	1	3	4	4	5	30	1	79	US	R009166	S001235	2026-03-09
4	2	5	5	2	3	2	4	5	4	36	2	90	US	R009167	S008695	2026-03-22
3	5	2	5	2	2	2	4	2	5	29	2	74	US	R009168	S010551	2026-02-02
4	1	3	5	3	3	4	4	4	4	41	1	59	US	R009169	S006125	2026-02-28
4	3	1	4	1	2	1	1	3	3	30	2	72	US	R009170	S001444	2026-02-16
4	3	2	3	2	4	4	2	5	4	44	2	89	US	R009171	S005817	2026-02-24
5	5	4	5	4	3	5	2	4	5	51	2	58	US	R009172	S004473	2026-02-17
5	5	2	1	4	2	4	2	2	4	39	2	92	US	R009173	S003709	2026-02-11
4	2	4	4	4	2	2	1	4	4	34	1	86	US	R009174	S002117	2026-03-14
2	1	1	2	2	1	1	3	2	1	30	1	99	US	R009175	S005761	2026-02-05
5	3	4	5	5	5	4	5	5	5	38	2	80	US	R009176	S010812	2026-03-27
5	3	5	4	5	5	5	5	5	4	29	1	94	US	R009177	S009581	2026-03-16
3	4	3	5	3	4	4	5	4	4	27	2	70	US	R009178	S010874	2026-03-25
4	2	1	4	1	2	1	5	4	4	57	2	94	US	R009179	S007438	2026-03-06
5	1	5	4	5	5	4	4	4	4	23	1	92	US	R009180	S004790	2026-02-17
4	5	4	4	2	4	4	4	5	4	34	2	95	US	R009181	S012889	2026-02-04
2	2	5	3	2	2	4	5	4	5	26	1	72	US	R009182	S002354	2026-02-13
5	3	4	5	5	2	5	4	5	5	24	1	89	US	R009183	S011962	2026-02-07
4	1	2	4	2	2	1	3	2	4	47	1	82	US	R009184	S008554	2026-03-26
4	1	2	3	3	1	2	4	3	5	26	2	57	US	R009185	S003047	2026-03-21
4	2	3	5	4	5	3	4	4	2	25	1	84	US	R009186	S002764	2026-02-26
5	3	5	4	4	4	1	3	4	5	35	2	78	US	R009187	S000760	2026-03-23
4	4	5	4	3	4	2	4	4	5	42	1	68	US	R009188	S012812	2026-02-19
2	2	3	4	3	3	4	4	2	3	18	1	89	US	R009189	S008146	2026-02-02
4	2	4	4	4	2	4	4	4	4	59	2	68	US	R009190	S005978	2026-03-16
5	5	5	5	5	5	4	3	2	5	45	1	97	US	R009191	S008850	2026-03-21
4	2	3	4	2	1	5	5	5	3	32	1	86	US	R009192	S001061	2026-02-12
5	1	4	5	3	2	5	5	5	5	28	1	78	US	R009193	S008859	2026-03-24
4	4	4	2	2	2	4	3	4	4	32	1	80	US	R009194	S011289	2026-02-25
5	5	5	4	5	4	2	2	3	3	35	1	89	US	R009195	S010275	2026-02-18
4	1	2	5	3	4	2	2	3	4	52	1	63	US	R009196	S011539	2026-02-19
4	4	4	3	4	1	3	3	4	2	34	1	96	US	R009197	S012909	2026-02-07
4	4	5	4	5	2	4	5	4	4	39	2	69	US	R009198	S003053	2026-03-18
1	1	1	4	1	2	2	3	3	3	31	2	78	US	R009199	S004658	2026-03-15
4	3	4	4	3	4	5	5	4	4	35	2	90	US	R009200	S003760	2026-02-10
3	4	4	5	5	2	1	4	3	4	44	1	72	US	R009201	S001227	2026-03-21
5	5	4	5	5	5	2	2	4	4	58	1	89	US	R009202	S004975	2026-02-16
4	2	3	5	2	2	2	4	5	4	38	2	86	US	R009203	S001269	2026-03-23
5	4	4	3	5	2	2	4	2	3	19	1	94	US	R009204	S004420	2026-03-14
2	1	1	2	3	1	2	3	4	2	31	2	83	US	R009205	S008032	2026-03-21
5	2	5	4	5	5	2	2	3	4	34	1	90	US	R009206	S010866	2026-02-03
4	1	4	4	5	2	4	2	4	5	43	1	55	US	R009207	S003501	2026-02-16
5	4	4	4	5	5	5	5	5	5	40	2	88	US	R009208	S010162	2026-03-15
4	2	5	2	5	2	3	3	4	4	51	2	69	US	R009209	S003175	2026-02-10
5	2	4	5	5	4	3	4	5	4	23	1	86	US	R009210	S007339	2026-03-23
5	1	5	5	5	5	4	5	3	2	39	2	87	US	R009211	S012914	2026-02-24
5	4	5	5	5	5	3	2	5	4	29	2	97	US	R009212	S012883	2026-03-18
5	4	5	4	5	5	5	5	5	4	25	1	88	US	R009213	S000863	2026-02-25
5	3	4	4	4	3	4	5	4	2	36	1	73	US	R009214	S007144	2026-02-27
5	2	4	4	2	2	4	4	1	3	41	1	57	US	R009215	S010697	2026-03-18
3	5	1	4	1	1	4	3	4	3	33	2	83	US	R009216	S008750	2026-03-10
3	3	5	4	2	4	2	2	4	4	36	2	86	US	R009217	S006827	2026-03-10
5	4	4	5	5	5	4	3	4	5	25	1	66	US	R009218	S000396	2026-02-18
4	5	4	5	5	4	2	5	1	4	32	1	79	US	R009219	S001432	2026-02-07
5	4	4	3	5	2	5	5	4	4	20	1	84	US	R009220	S005722	2026-03-23
2	3	2	3	2	1	5	2	4	4	31	1	91	US	R009221	S008931	2026-02-25
5	2	3	4	5	4	4	5	3	3	37	2	81	US	R009222	S002101	2026-02-13
3	3	4	5	4	3	4	4	5	5	28	2	79	US	R009223	S000041	2026-03-08
1	2	2	5	4	3	3	4	4	4	43	2	73	US	R009224	S011497	2026-02-16
5	3	5	5	5	2	5	5	5	5	35	2	90	US	R009225	S000846	2026-03-24
2	1	5	5	4	4	4	5	5	5	18	1	50	US	R009226	S006733	2026-02-05
4	3	4	4	1	2	1	5	2	1	44	1	76	US	R009227	S002853	2026-03-03
5	2	2	5	5	2	3	4	5	5	39	1	87	US	R009228	S009265	2026-03-03
3	4	5	5	5	3	4	5	4	5	48	1	80	US	R009229	S009322	2026-03-24
5	4	5	2	5	4	5	2	4	4	46	2	93	US	R009230	S002518	2026-02-28
5	1	5	5	5	3	5	4	4	4	46	2	70	US	R009231	S004320	2026-03-20
4	4	4	4	5	4	4	5	5	5	46	2	83	US	R009232	S002759	2026-02-22
5	5	4	5	5	2	4	5	2	4	42	1	83	US	R009233	S005522	2026-03-12
4	4	2	5	4	2	1	1	2	1	37	2	65	US	R009234	S000257	2026-03-26
4	4	2	5	4	2	4	5	5	4	26	1	88	US	R009235	S005774	2026-03-16
3	1	2	3	2	1	1	1	1	2	37	1	84	US	R009236	S005223	2026-03-04
3	2	2	4	2	1	5	5	4	5	59	1	71	US	R009237	S008419	2026-02-28
4	2	3	2	4	1	3	2	5	4	30	1	76	US	R009238	S012908	2026-03-17
4	2	1	5	2	3	1	2	1	1	46	1	62	US	R009239	S007986	2026-03-12
5	5	5	5	4	3	4	2	4	5	20	1	82	US	R009240	S007624	2026-03-25
2	4	4	5	2	2	2	2	4	1	36	2	70	US	R009241	S009251	2026-02-21
4	2	3	3	3	3	2	2	4	5	40	2	76	US	R009242	S009731	2026-02-05
4	1	4	4	2	2	5	4	4	5	41	1	84	US	R009243	S005144	2026-03-22
4	4	5	3	4	3	3	2	4	5	29	2	98	US	R009244	S006548	2026-02-26
1	2	2	4	4	2	3	2	2	4	43	2	89	US	R009245	S011932	2026-02-23
4	4	4	2	4	3	5	5	5	5	32	1	82	US	R009246	S006982	2026-03-27
3	1	2	2	3	1	1	2	1	2	37	1	50	US	R009247	S011675	2026-02-16
5	5	5	5	5	5	5	5	5	5	35	2	84	US	R009248	S010250	2026-02-05
5	5	5	5	5	5	3	2	4	1	63	1	87	US	R009249	S004160	2026-02-19
1	2	2	5	2	4	3	2	1	4	26	1	82	US	R009250	S010846	2026-03-13
2	3	4	4	5	4	5	3	4	4	39	1	92	US	R009251	S009892	2026-02-27
4	1	5	5	3	3	2	5	4	4	28	1	95	US	R009252	S009617	2026-02-27
4	4	5	5	3	2	4	5	4	5	18	2	89	US	R009253	S009761	2026-03-17
5	5	4	5	4	3	2	2	2	5	52	2	80	US	R009254	S010255	2026-02-23
4	2	2	4	1	2	1	4	4	4	30	1	89	US	R009255	S005675	2026-03-14
4	2	3	3	1	1	1	1	1	5	20	1	93	US	R009256	S009893	2026-03-10
2	3	4	4	3	2	2	5	1	5	49	1	74	US	R009257	S004096	2026-02-17
4	5	4	3	4	2	5	5	5	4	46	1	80	US	R009258	S006976	2026-03-03
4	4	4	4	4	1	1	2	1	4	33	1	86	US	R009259	S008392	2026-02-04
4	3	5	4	2	2	4	4	5	4	26	1	79	US	R009260	S002962	2026-03-18
5	3	4	3	2	2	2	5	5	5	40	1	92	US	R009261	S001636	2026-03-08
4	4	1	3	1	2	4	5	4	5	43	2	92	US	R009262	S012036	2026-02-05
4	5	2	4	1	2	3	3	2	3	40	2	95	US	R009263	S009687	2026-03-01
4	2	4	5	2	4	4	3	5	5	28	1	90	US	R009264	S005294	2026-03-14
2	4	4	4	2	2	2	3	1	1	22	2	77	US	R009265	S002426	2026-02-03
4	4	3	4	2	2	1	4	1	5	43	2	93	US	R009266	S010689	2026-03-08
4	4	3	5	4	4	4	2	1	5	43	2	74	US	R009267	S002478	2026-03-03
4	2	4	3	4	4	2	4	4	5	32	1	89	US	R009268	S006075	2026-03-08
3	4	4	4	3	4	4	2	4	4	26	1	90	US	R009269	S008085	2026-03-10
4	1	3	5	5	2	1	2	3	1	27	1	91	US	R009270	S007450	2026-02-09
5	3	5	5	2	1	1	4	1	4	38	2	83	US	R009271	S007764	2026-02-19
4	4	4	4	3	4	5	5	5	5	40	1	74	US	R009272	S010618	2026-03-04
1	5	1	5	3	1	4	4	4	5	18	1	96	US	R009273	S008706	2026-02-07
4	4	3	3	2	2	4	5	3	4	36	2	85	US	R009274	S004718	2026-02-05
2	2	2	2	1	1	1	3	3	4	35	1	95	US	R009275	S010923	2026-03-27
2	3	2	5	2	2	2	3	3	3	35	1	96	US	R009276	S006521	2026-03-07
2	4	5	5	5	3	5	5	4	4	29	1	71	US	R009277	S002006	2026-02-07
1	3	3	5	3	2	4	2	4	4	59	1	96	US	R009278	S005187	2026-03-27
4	1	1	3	2	1	1	2	1	3	48	1	37	US	R009279	S009989	2026-03-18
5	5	3	3	3	2	3	2	5	4	30	1	90	US	R009280	S010375	2026-03-14
5	3	4	4	4	4	4	5	5	4	35	2	89	US	R009281	S001270	2026-03-19
4	2	1	4	2	4	3	4	2	5	32	1	92	US	R009282	S001336	2026-02-27
5	2	3	3	4	4	3	4	1	4	25	1	72	US	R009283	S003389	2026-02-08
1	4	2	4	3	1	2	1	4	4	18	2	73	US	R009284	S002788	2026-02-02
4	3	4	5	2	1	1	2	4	5	26	1	81	US	R009285	S005551	2026-02-08
5	2	2	5	2	2	1	3	4	4	42	2	80	US	R009286	S007345	2026-02-21
4	2	2	4	2	2	4	3	2	5	32	2	78	US	R009287	S002999	2026-03-09
4	2	5	5	5	4	5	5	5	5	40	1	98	US	R009288	S004033	2026-03-20
5	4	4	4	5	2	1	2	1	1	50	1	78	US	R009289	S012603	2026-02-03
3	2	3	4	2	2	1	4	4	2	27	1	82	US	R009290	S008790	2026-03-09
4	4	5	4	4	2	4	2	5	3	33	1	97	US	R009291	S008647	2026-03-02
5	4	5	4	5	5	5	5	5	5	24	1	85	US	R009292	S010087	2026-03-08
5	4	4	3	1	1	4	4	1	4	55	1	84	US	R009293	S002198	2026-03-16
5	2	1	5	4	3	2	5	4	2	34	1	52	US	R009294	S005142	2026-02-13
4	3	3	4	2	3	2	2	3	4	19	1	95	US	R009295	S007551	2026-03-27
3	2	2	5	2	1	2	4	4	4	43	1	85	US	R009296	S008370	2026-02-03
4	5	3	4	2	4	4	3	4	4	39	2	67	US	R009297	S000291	2026-02-08
4	2	3	3	3	2	3	5	3	2	28	2	86	US	R009298	S008021	2026-02-21
4	2	2	4	4	4	3	2	4	4	37	1	96	US	R009299	S007240	2026-02-23
4	4	3	4	5	2	4	4	5	1	18	2	84	US	R009300	S012540	2026-03-27
2	2	3	4	4	4	3	5	4	5	29	1	84	US	R009301	S012672	2026-03-26
4	1	2	2	2	1	2	4	1	4	47	1	92	US	R009302	S003066	2026-03-18
4	1	5	5	4	3	3	3	3	3	18	1	69	US	R009303	S009980	2026-02-10
5	2	4	3	5	5	5	4	5	4	47	1	94	US	R009304	S000075	2026-02-09
2	2	2	5	1	1	2	1	3	4	35	2	94	US	R009305	S003373	2026-03-14
2	1	2	1	2	2	5	5	4	3	35	1	93	US	R009306	S009087	2026-02-14
5	3	3	3	4	2	4	2	3	4	38	2	93	US	R009307	S000743	2026-03-27
4	2	4	3	4	4	4	3	4	4	45	1	89	US	R009308	S010200	2026-02-24
5	2	4	5	4	2	4	2	4	3	22	1	96	US	R009309	S010333	2026-03-23
5	2	3	4	4	2	1	4	4	5	36	1	94	US	R009310	S012416	2026-02-25
5	4	5	5	5	5	5	5	4	5	38	1	98	US	R009311	S004923	2026-03-26
5	2	4	4	5	2	5	5	4	4	55	1	84	US	R009312	S007942	2026-03-06
4	5	4	5	4	5	3	5	4	5	33	2	73	US	R009313	S012229	2026-03-25
4	1	2	1	3	1	3	4	2	2	29	2	59	US	R009314	S009040	2026-02-07
4	3	4	3	2	4	4	5	4	4	45	1	92	US	R009315	S003324	2026-03-15
2	2	2	4	3	2	5	2	4	4	29	1	76	US	R009316	S003216	2026-03-05
4	5	4	4	5	3	4	4	5	4	40	1	90	US	R009317	S007219	2026-03-26
3	2	4	5	2	3	4	3	4	5	18	2	84	US	R009318	S008516	2026-02-23
4	4	4	4	4	2	3	5	4	5	42	1	98	US	R009319	S000758	2026-02-18
2	2	4	5	3	1	3	5	4	5	37	2	99	US	R009320	S003588	2026-02-20
4	2	4	5	3	4	5	3	5	5	41	2	86	US	R009321	S007035	2026-03-12
4	3	2	4	2	1	5	4	2	4	38	1	68	US	R009322	S011466	2026-03-11
2	2	1	4	1	1	1	2	2	4	34	1	69	US	R009323	S010302	2026-03-20
4	2	3	5	5	3	2	3	4	4	40	1	79	US	R009324	S011855	2026-02-05
3	1	3	4	4	2	2	1	2	5	22	2	85	US	R009325	S002474	2026-03-16
4	2	4	4	4	4	4	2	4	4	22	1	63	US	R009326	S004578	2026-02-13
5	3	4	3	5	2	1	3	3	4	33	1	80	US	R009327	S009764	2026-03-08
5	3	4	5	5	5	1	2	5	2	34	1	98	US	R009328	S005108	2026-02-21
3	2	4	4	1	1	2	2	1	3	41	2	87	US	R009329	S006245	2026-02-27
5	2	4	4	4	2	5	2	4	5	18	1	95	US	R009330	S006973	2026-02-23
4	4	3	1	4	1	2	3	1	3	45	2	78	US	R009331	S007324	2026-03-02
5	4	2	5	2	2	2	2	5	5	24	2	90	US	R009332	S000281	2026-03-07
4	4	5	5	5	4	5	5	5	4	33	2	98	US	R009333	S008545	2026-03-20
1	2	1	5	1	1	3	4	3	5	27	1	98	US	R009334	S011457	2026-02-21
5	1	4	4	5	4	2	3	4	4	18	1	87	US	R009335	S004969	2026-03-25
2	2	2	3	4	1	4	4	4	5	42	2	79	US	R009336	S000166	2026-02-08
4	2	2	3	3	1	5	2	4	4	37	1	78	US	R009337	S008101	2026-02-21
5	2	3	4	3	5	5	3	2	5	48	1	59	US	R009338	S009512	2026-03-10
4	3	2	4	4	1	3	5	4	5	39	2	89	US	R009339	S008823	2026-02-25
2	1	5	5	5	1	3	5	4	4	26	1	92	US	R009340	S007447	2026-03-27
5	4	5	5	2	5	3	1	4	4	18	1	94	US	R009341	S004554	2026-03-18
3	5	3	4	1	3	3	4	4	4	48	2	98	US	R009342	S006105	2026-03-02
5	3	2	4	4	2	3	4	2	3	49	2	85	US	R009343	S007996	2026-03-10
2	1	3	4	4	1	4	3	2	4	24	2	89	US	R009344	S004879	2026-02-16
5	5	4	5	2	2	4	5	5	5	47	2	88	US	R009345	S000486	2026-03-27
5	4	4	4	4	2	2	3	4	2	46	1	50	US	R009346	S004585	2026-02-03
4	2	2	4	4	3	5	5	5	5	30	2	55	US	R009347	S003326	2026-03-20
3	4	4	5	3	4	2	2	4	4	21	1	68	US	R009348	S005633	2026-02-04
4	4	4	5	4	1	4	2	4	5	47	1	91	US	R009349	S005048	2026-02-21
4	2	4	5	2	2	2	2	1	3	49	2	87	US	R009350	S008057	2026-02-23
4	1	4	4	3	1	4	5	5	5	34	1	60	US	R009351	S007667	2026-03-21
4	3	5	5	5	5	3	4	2	4	40	1	83	US	R009352	S000839	2026-02-07
2	1	2	4	2	2	3	1	4	2	32	1	92	US	R009353	S000037	2026-02-18
2	4	2	4	4	5	1	4	3	4	23	2	89	US	R009354	S004699	2026-03-22
3	1	2	2	1	2	2	3	4	5	47	1	87	US	R009355	S007777	2026-03-23
2	3	3	5	4	2	4	2	3	5	23	1	97	US	R009356	S011657	2026-03-19
4	3	5	5	3	4	4	5	5	3	37	1	84	US	R009357	S000413	2026-02-25
2	4	3	3	3	3	2	1	3	3	39	1	94	US	R009358	S010094	2026-02-13
3	5	1	4	2	2	2	2	2	5	33	2	90	US	R009359	S007055	2026-02-20
5	5	4	5	5	4	5	4	3	5	39	2	99	US	R009360	S005592	2026-03-07
5	1	5	5	4	3	4	4	4	5	42	1	96	US	R009361	S006657	2026-02-11
5	2	4	5	4	3	1	1	3	1	37	2	74	US	R009362	S011235	2026-03-12
5	4	5	4	3	4	1	2	4	2	38	1	83	US	R009363	S007296	2026-02-26
5	2	5	5	3	3	5	3	5	4	43	1	83	US	R009364	S003310	2026-02-16
4	3	2	4	2	1	2	4	2	3	46	1	62	US	R009365	S011488	2026-03-06
4	2	3	4	4	2	4	4	4	4	41	1	86	US	R009366	S000013	2026-02-19
5	4	4	5	5	4	2	5	5	5	35	1	95	US	R009367	S000588	2026-02-28
5	5	4	4	4	4	5	4	4	4	47	2	79	US	R009368	S007421	2026-03-20
4	4	3	5	4	4	2	2	5	3	39	1	71	US	R009369	S011752	2026-02-09
2	3	2	4	5	1	3	4	4	4	50	1	80	US	R009370	S001501	2026-03-06
3	4	3	3	4	2	4	4	4	5	40	1	94	US	R009371	S007669	2026-02-26
5	4	4	3	5	2	5	5	4	4	20	1	84	US	R009372	S011481	2026-02-27
4	4	4	4	5	5	2	1	4	4	49	1	92	US	R009373	S009293	2026-02-20
4	1	2	3	2	4	1	4	2	3	28	2	93	US	R009374	S007017	2026-03-02
4	2	5	4	4	2	3	1	3	4	34	1	93	US	R009375	S004766	2026-03-15
5	3	5	5	4	3	5	5	5	4	30	2	93	US	R009376	S003077	2026-03-02
5	5	4	4	4	4	2	1	1	3	30	2	86	US	R009377	S007899	2026-03-13
5	5	5	5	5	5	5	5	4	5	31	1	82	US	R009378	S006256	2026-03-01
4	1	4	3	4	2	5	4	4	4	41	1	89	US	R009379	S009861	2026-02-06
2	3	1	4	1	2	2	2	3	2	31	1	93	US	R009380	S007980	2026-03-18
2	2	5	5	2	3	5	5	5	5	20	2	76	US	R009381	S006730	2026-02-21
5	2	4	5	5	5	2	4	4	5	18	1	96	US	R009382	S007119	2026-02-15
3	5	2	5	2	2	3	5	4	3	47	1	92	US	R009383	S003416	2026-03-15
5	1	5	5	4	5	2	4	4	3	33	1	85	US	R009384	S005126	2026-03-20
5	2	3	5	4	2	3	3	3	4	26	1	99	US	R009385	S005300	2026-02-27
5	3	4	3	4	1	3	5	4	3	27	1	68	US	R009386	S008194	2026-02-21
5	3	5	4	2	1	4	3	4	5	22	1	97	US	R009387	S009943	2026-02-12
4	5	5	4	4	3	1	1	4	4	36	2	84	US	R009388	S004750	2026-03-01
4	2	4	3	5	1	4	2	4	5	33	1	84	US	R009389	S006064	2026-03-17
4	2	3	4	4	1	1	2	4	5	38	2	85	US	R009390	S011021	2026-02-10
4	1	2	5	2	1	2	4	4	2	54	1	96	US	R009391	S006505	2026-02-15
3	5	4	5	4	5	4	2	1	4	25	1	97	US	R009392	S006159	2026-03-10
2	2	2	4	3	3	3	5	4	2	48	1	87	US	R009393	S008452	2026-02-09
4	2	3	4	2	2	5	5	2	4	35	1	87	US	R009394	S004896	2026-02-06
5	4	4	4	4	5	4	4	4	5	37	2	89	US	R009395	S012572	2026-02-04
4	3	4	4	3	4	2	3	2	4	27	2	88	US	R009396	S011260	2026-03-22
3	3	2	3	1	2	4	4	4	4	22	1	56	US	R009397	S004079	2026-02-13
4	2	4	4	5	5	4	4	4	5	37	1	98	US	R009398	S005681	2026-03-23
4	2	5	5	5	5	1	1	2	3	30	1	80	US	R009399	S001254	2026-03-07
5	4	3	4	2	3	4	4	2	4	43	2	80	US	R009400	S004652	2026-02-24
5	5	5	3	5	5	5	5	4	2	18	1	85	US	R009401	S007668	2026-03-17
4	4	3	5	3	3	1	4	4	4	37	1	99	US	R009402	S001958	2026-03-11
4	4	3	5	2	2	5	4	5	4	43	1	77	US	R009403	S005371	2026-02-22
5	4	5	4	5	2	5	5	4	5	44	1	90	US	R009404	S008683	2026-02-21
2	2	2	5	1	2	4	4	3	4	39	1	84	US	R009405	S005016	2026-03-17
5	4	2	4	4	3	3	5	4	5	46	1	79	US	R009406	S002793	2026-03-08
3	2	4	3	5	2	2	3	3	4	45	1	83	US	R009407	S012858	2026-02-03
4	2	3	4	3	2	1	1	4	3	33	2	87	US	R009408	S001840	2026-02-24
3	2	5	5	2	4	2	1	4	4	41	1	94	US	R009409	S007770	2026-03-11
2	2	3	4	2	3	1	2	1	2	28	2	64	US	R009410	S008958	2026-03-13
2	2	4	5	3	1	2	2	3	4	40	1	89	US	R009411	S011098	2026-02-19
3	1	4	4	4	1	3	4	4	5	36	1	58	US	R009412	S012545	2026-03-13
5	4	4	5	5	3	4	4	4	3	25	1	94	US	R009413	S012222	2026-03-23
5	5	4	5	4	5	2	4	2	5	21	2	83	US	R009414	S002633	2026-02-28
2	1	3	4	1	1	4	4	3	2	26	1	87	US	R009415	S007522	2026-03-26
5	2	5	5	5	5	5	5	5	5	32	1	55	US	R009416	S007714	2026-03-09
4	4	2	4	4	2	3	3	1	4	48	1	99	US	R009417	S005600	2026-03-19
4	3	4	2	4	5	2	3	3	4	38	1	94	US	R009418	S011055	2026-02-08
5	4	5	5	5	4	4	5	4	4	23	2	94	US	R009419	S002327	2026-02-03
2	2	2	4	3	1	5	5	5	3	31	1	88	US	R009420	S004919	2026-02-04
2	2	2	4	3	5	2	2	4	4	29	2	96	US	R009421	S011781	2026-03-09
4	2	4	4	2	4	3	3	2	3	46	1	94	US	R009422	S012217	2026-02-18
1	3	4	5	4	1	4	2	1	2	44	2	86	US	R009423	S003640	2026-02-28
5	5	5	5	5	5	2	2	2	1	37	1	80	US	R009424	S010656	2026-03-22
3	2	5	4	5	2	4	2	5	4	56	1	96	US	R009425	S007877	2026-03-04
4	4	4	4	4	4	5	5	4	2	48	1	98	US	R009426	S011167	2026-03-11
4	2	4	5	4	4	1	2	1	2	29	1	61	US	R009427	S005024	2026-02-27
5	2	4	4	4	4	5	4	5	2	43	1	63	US	R009428	S006446	2026-03-10
5	2	5	5	5	4	5	4	4	5	18	1	99	US	R009429	S012921	2026-02-12
3	2	4	5	2	2	2	2	4	4	56	2	81	US	R009430	S012706	2026-02-02
4	2	3	4	2	2	5	4	5	4	18	1	76	US	R009431	S010581	2026-03-09
4	2	4	4	3	4	3	5	4	5	35	1	92	US	R009432	S004497	2026-02-23
2	1	3	4	1	1	2	5	1	2	36	1	96	US	R009433	S000680	2026-02-26
5	4	5	4	5	5	5	5	5	5	42	1	77	US	R009434	S012181	2026-02-06
5	4	4	4	5	4	4	4	1	3	37	2	78	US	R009435	S010274	2026-03-07
5	3	4	5	5	5	4	4	4	4	25	1	91	US	R009436	S004542	2026-03-26
5	3	4	4	4	2	4	4	5	5	27	1	62	US	R009437	S010083	2026-02-14
4	4	5	5	5	5	5	4	5	5	34	1	94	US	R009438	S008138	2026-02-10
5	3	4	5	4	5	5	5	5	5	44	1	71	US	R009439	S004103	2026-03-24
4	4	4	3	2	3	3	4	1	1	18	1	81	US	R009440	S010954	2026-03-22
3	3	4	4	4	1	2	1	3	1	27	1	92	US	R009441	S008268	2026-02-09
2	1	3	4	5	3	1	5	2	4	37	2	59	US	R009442	S004186	2026-02-21
5	2	4	4	4	5	1	2	2	1	53	1	82	US	R009443	S012120	2026-02-26
4	2	4	3	2	1	1	2	2	5	47	1	83	US	R009444	S006030	2026-02-21
2	2	1	5	2	2	3	4	4	5	39	2	80	US	R009445	S009280	2026-03-13
3	2	4	5	3	3	5	3	5	3	63	1	94	US	R009446	S003381	2026-02-23
3	3	1	3	2	1	4	3	4	3	26	2	79	US	R009447	S004330	2026-03-02
1	5	2	3	1	1	2	5	2	3	30	1	82	US	R009448	S010580	2026-02-12
1	2	1	1	1	1	3	4	1	4	31	1	82	US	R009449	S011503	2026-03-22
5	4	3	4	5	1	1	3	4	4	52	1	89	US	R009450	S003291	2026-03-02
4	4	1	5	3	2	1	3	2	2	39	2	81	US	R009451	S010890	2026-02-14
5	4	4	5	5	4	1	4	5	4	18	2	90	US	R009452	S010927	2026-02-12
3	2	1	2	2	2	3	1	1	4	44	1	85	US	R009453	S005578	2026-02-15
4	3	2	2	2	2	4	4	4	3	59	1	98	US	R009454	S002483	2026-03-12
4	1	3	5	4	1	4	4	4	4	51	1	65	US	R009455	S007079	2026-03-26
5	5	4	5	3	4	2	3	2	2	20	2	83	US	R009456	S008278	2026-02-26
1	1	1	3	1	1	2	5	5	4	36	1	93	US	R009457	S003722	2026-03-19
5	5	5	5	5	5	5	5	4	4	41	1	78	US	R009458	S003138	2026-02-22
4	4	3	4	2	3	2	2	4	3	25	1	86	US	R009459	S000493	2026-03-10
5	2	5	5	5	5	4	5	4	4	26	2	98	US	R009460	S005849	2026-02-27
5	1	2	5	3	1	4	4	4	3	38	2	85	US	R009461	S004742	2026-03-27
5	3	5	4	5	5	2	4	3	4	42	1	60	US	R009462	S003152	2026-03-04
4	5	3	5	4	4	5	5	5	5	41	1	86	US	R009463	S003598	2026-02-09
5	5	4	3	2	3	1	1	3	4	31	1	89	US	R009464	S005437	2026-03-07
5	4	3	4	3	4	2	3	2	5	18	2	66	US	R009465	S002382	2026-03-07
3	2	4	4	4	1	1	1	2	1	30	1	93	US	R009466	S005185	2026-03-14
3	1	2	5	2	3	5	2	3	3	25	1	89	US	R009467	S008412	2026-02-10
4	2	4	5	3	4	3	4	1	4	27	2	63	US	R009468	S001173	2026-02-15
4	2	5	5	4	5	5	4	5	4	46	2	85	US	R009469	S009577	2026-03-20
2	2	2	4	3	4	2	1	2	3	40	2	86	US	R009470	S002585	2026-03-09
2	1	4	3	3	4	2	2	3	4	43	1	77	US	R009471	S004740	2026-02-19
3	2	3	5	3	5	2	4	4	3	18	1	96	US	R009472	S001392	2026-03-12
5	2	3	4	5	3	2	4	4	4	26	1	72	US	R009473	S012820	2026-03-16
4	5	5	3	2	2	1	4	4	5	60	1	84	US	R009474	S001200	2026-03-08
3	1	2	4	5	2	4	4	5	5	32	1	76	US	R009475	S003693	2026-03-09
3	1	3	4	4	2	3	4	5	3	44	1	99	US	R009476	S009023	2026-02-11
4	2	4	3	3	4	2	5	5	4	27	1	94	US	R009477	S000857	2026-03-16
3	1	2	4	3	1	1	3	1	4	29	2	88	US	R009478	S008990	2026-02-21
5	1	1	5	2	2	3	4	2	4	19	2	76	US	R009479	S006961	2026-03-19
4	1	3	3	2	3	3	5	4	2	32	1	87	US	R009480	S005641	2026-03-03
2	4	1	3	2	1	1	1	1	3	37	1	93	US	R009481	S000464	2026-03-15
5	3	2	4	3	3	4	4	4	4	44	2	75	US	R009482	S003813	2026-02-17
5	4	4	5	5	2	4	4	4	2	21	1	80	US	R009483	S012907	2026-02-23
5	2	4	5	5	4	2	4	4	2	27	1	62	US	R009484	S004674	2026-02-20
4	3	2	4	3	2	4	2	4	4	29	1	90	US	R009485	S010475	2026-02-15
4	3	4	2	2	4	3	4	4	5	45	2	68	US	R009486	S001108	2026-02-22
5	2	4	3	4	2	3	5	5	4	47	1	79	US	R009487	S006843	2026-03-13
4	4	4	5	5	3	3	2	3	4	31	2	96	US	R009488	S010982	2026-02-24
3	2	1	5	4	2	1	3	3	1	49	1	77	US	R009489	S011487	2026-03-10
5	2	5	5	5	4	4	2	4	2	40	1	92	US	R009490	S006748	2026-02-06
4	4	3	2	2	1	2	3	5	5	18	2	43	US	R009491	S003108	2026-02-25
4	2	4	5	3	2	3	4	4	5	51	2	78	US	R009492	S010770	2026-03-16
4	3	2	5	2	2	1	4	2	4	35	2	92	US	R009493	S003890	2026-03-04
5	4	5	4	2	5	3	5	5	4	26	2	77	US	R009494	S005753	2026-03-01
5	5	4	4	5	1	3	2	3	3	61	1	79	US	R009495	S002236	2026-03-09
4	1	2	4	3	1	2	3	4	5	49	1	97	US	R009496	S000089	2026-02-22
5	4	5	5	5	5	4	5	2	3	40	1	70	US	R009497	S012582	2026-02-12
5	2	4	5	4	3	5	5	5	5	49	2	79	US	R009498	S006249	2026-03-23
5	5	4	4	4	3	4	5	4	2	26	1	79	US	R009499	S006290	2026-02-19
3	2	3	4	5	2	2	3	2	3	60	1	88	US	R009500	S009899	2026-02-08
4	3	3	3	4	2	3	4	4	5	40	1	78	US	R009501	S006063	2026-02-17
4	3	5	3	5	4	5	5	5	5	36	2	96	US	R009502	S011411	2026-02-22
3	1	4	5	4	3	3	2	4	2	34	2	56	US	R009503	S000481	2026-03-26
5	2	5	5	4	4	5	5	5	5	40	1	60	US	R009504	S002210	2026-02-04
5	5	5	5	4	4	3	4	3	4	18	2	96	US	R009505	S010032	2026-02-08
2	2	3	4	3	1	3	3	4	4	25	1	96	US	R009506	S008483	2026-02-19
5	5	4	2	5	4	5	4	5	5	25	1	59	US	R009507	S005115	2026-02-07
4	4	2	2	4	5	2	4	3	3	34	1	70	US	R009508	S012467	2026-03-05
5	4	5	3	4	5	1	4	4	4	26	1	90	US	R009509	S002989	2026-03-18
5	1	5	5	4	4	5	5	4	5	41	2	63	US	R009510	S001060	2026-02-04
4	2	2	4	2	3	2	5	2	4	38	2	97	US	R009511	S001114	2026-02-08
2	2	1	5	3	3	2	4	2	5	37	2	91	US	R009512	S010193	2026-02-13
4	3	4	5	2	5	3	3	2	4	33	1	90	US	R009513	S004999	2026-02-06
4	2	4	4	4	2	2	2	2	5	26	2	98	US	R009514	S001907	2026-02-19
4	4	5	4	3	3	2	4	4	5	18	2	95	US	R009515	S005361	2026-03-21
4	2	3	4	2	2	3	4	2	3	51	1	73	US	R009516	S002809	2026-03-17
4	1	2	4	2	3	1	4	1	2	19	1	93	US	R009517	S009357	2026-02-14
5	4	4	4	4	1	1	1	2	5	18	1	68	US	R009518	S005117	2026-02-04
2	3	3	5	3	1	2	4	4	4	31	2	69	US	R009519	S001472	2026-03-26
3	2	2	2	2	2	5	5	5	4	43	1	73	US	R009520	S006317	2026-02-21
1	1	2	4	2	2	4	3	4	2	33	2	62	US	R009521	S008904	2026-03-27
5	3	2	2	2	1	1	5	2	3	28	2	88	US	R009522	S000130	2026-02-13
4	4	3	4	2	2	2	2	2	1	30	1	94	US	R009523	S006348	2026-02-05
4	2	4	3	3	1	1	2	2	4	37	2	50	US	R009524	S008587	2026-03-09
5	3	3	4	5	1	1	5	3	3	34	2	81	US	R009525	S004780	2026-03-26
5	4	3	4	4	2	1	1	2	2	39	2	93	US	R009526	S000995	2026-02-12
5	2	2	4	1	2	1	2	4	2	48	2	87	US	R009527	S001982	2026-03-05
1	4	2	4	3	1	1	2	3	2	56	2	69	US	R009528	S008857	2026-02-28
5	2	5	5	5	5	5	4	5	5	36	2	96	US	R009529	S007780	2026-03-19
5	4	5	5	4	5	5	5	5	5	38	2	72	US	R009530	S004094	2026-03-17
4	3	3	4	1	2	4	4	2	4	24	2	75	US	R009531	S012168	2026-03-22
4	2	2	4	2	2	1	1	1	4	24	1	87	US	R009532	S012653	2026-02-02
3	2	2	5	3	2	4	5	4	4	18	1	57	US	R009533	S003876	2026-02-17
3	1	3	3	1	2	1	3	2	4	41	1	73	US	R009534	S009086	2026-02-22
2	4	3	4	4	1	2	2	2	4	42	2	94	US	R009535	S005455	2026-03-14
2	3	2	4	3	1	4	2	3	3	53	2	82	US	R009536	S010807	2026-02-13
5	2	4	4	3	2	4	3	4	4	26	1	81	US	R009537	S005508	2026-03-11
5	2	4	5	4	4	2	4	4	4	29	1	98	US	R009538	S010027	2026-02-10
4	4	3	5	2	3	3	5	4	2	26	2	97	US	R009539	S006618	2026-03-07
4	4	5	5	2	4	1	2	2	4	18	1	76	US	R009540	S010139	2026-02-02
5	4	2	1	1	1	3	4	5	4	28	2	93	US	R009541	S002175	2026-03-19
4	1	2	3	2	2	3	3	4	3	35	2	68	US	R009542	S007751	2026-03-22
4	4	2	2	4	2	4	2	5	5	20	1	64	US	R009543	S010201	2026-02-27
4	2	5	5	5	5	4	2	3	5	38	1	67	US	R009544	S001701	2026-02-10
4	3	2	5	4	3	2	4	2	2	37	1	92	US	R009545	S009990	2026-02-18
5	1	4	5	3	4	4	2	4	4	24	1	91	US	R009546	S004529	2026-02-27
5	4	4	5	5	2	3	4	3	2	18	2	95	US	R009547	S010256	2026-03-24
4	3	2	5	4	5	5	5	5	3	40	1	89	US	R009548	S003023	2026-03-11
5	4	2	4	3	1	4	3	2	4	32	2	82	US	R009549	S011623	2026-02-25
5	4	5	5	3	4	4	4	5	4	43	1	90	US	R009550	S001024	2026-03-12
4	2	4	2	3	2	1	2	1	3	33	2	99	US	R009551	S006172	2026-03-12
5	2	5	5	4	4	1	4	5	3	18	1	83	US	R009552	S007001	2026-03-03
5	1	2	5	2	1	4	5	4	4	23	1	78	US	R009553	S002384	2026-02-19
5	4	3	4	4	4	3	2	3	4	42	1	74	US	R009554	S000570	2026-02-26
4	5	2	5	4	3	5	5	5	4	38	2	80	US	R009555	S006728	2026-03-19
4	2	3	5	2	1	5	2	5	5	46	2	92	US	R009556	S010790	2026-03-03
5	3	1	4	3	4	5	4	5	2	20	1	99	US	R009557	S012596	2026-02-20
5	3	3	3	4	4	2	4	5	4	23	1	97	US	R009558	S000169	2026-03-14
4	4	4	4	4	2	1	5	2	1	68	1	94	US	R009559	S000526	2026-03-05
2	1	2	4	5	2	2	2	3	1	39	1	96	US	R009560	S008526	2026-02-17
4	1	4	5	3	3	2	2	3	5	48	2	78	US	R009561	S007737	2026-03-11
3	2	2	4	2	2	5	4	5	5	27	1	93	US	R009562	S001865	2026-03-23
4	3	1	2	2	3	1	4	4	4	22	1	85	US	R009563	S002399	2026-02-16
4	2	4	4	4	2	4	5	4	5	42	2	90	US	R009564	S000825	2026-03-20
4	4	5	5	1	3	4	4	3	5	51	2	98	US	R009565	S005529	2026-03-12
5	4	4	5	4	5	5	5	5	5	34	1	77	US	R009566	S011996	2026-03-24
5	4	4	3	5	5	1	2	4	2	38	1	88	US	R009567	S012893	2026-02-28
5	4	4	4	3	3	1	2	2	4	49	2	65	US	R009568	S004456	2026-02-06
4	1	4	4	2	1	4	4	3	4	44	2	54	US	R009569	S004912	2026-02-26
5	2	2	4	3	2	4	2	5	4	45	2	81	US	R009570	S004174	2026-02-10
5	2	4	3	4	3	4	3	5	5	35	1	94	US	R009571	S009162	2026-02-18
4	4	1	5	3	3	5	3	4	4	29	2	79	US	R009572	S007426	2026-03-08
4	5	3	5	3	2	3	5	4	4	19	2	93	US	R009573	S001416	2026-02-27
5	3	2	4	1	2	4	4	4	5	23	2	84	US	R009574	S005411	2026-03-18
4	5	3	4	3	3	2	4	1	2	36	1	78	US	R009575	S009439	2026-02-20
1	2	4	5	4	5	2	4	4	4	36	2	99	US	R009576	S007125	2026-02-05
2	2	4	5	5	2	2	5	4	5	59	1	77	US	R009577	S009981	2026-02-28
3	2	4	4	4	2	5	4	4	5	29	1	23	US	R009578	S006299	2026-03-24
4	4	2	2	1	1	2	3	4	3	34	1	87	US	R009579	S009784	2026-02-13
4	2	5	4	3	2	5	4	4	5	25	1	90	US	R009580	S004949	2026-03-26
5	2	4	5	5	3	2	4	3	4	18	1	79	US	R009581	S003022	2026-02-21
2	2	4	5	4	2	2	4	4	3	40	2	80	US	R009582	S011716	2026-02-28
2	1	4	1	5	3	2	4	2	4	37	2	94	US	R009583	S003008	2026-02-12
4	3	5	5	4	5	5	5	5	5	39	2	79	US	R009584	S000894	2026-03-01
2	2	3	3	2	1	2	5	4	5	28	1	97	US	R009585	S006084	2026-03-20
5	3	4	5	5	3	2	4	2	4	37	1	82	US	R009586	S010163	2026-02-17
5	3	4	4	5	5	5	3	3	5	38	2	68	US	R009587	S012648	2026-02-10
5	3	5	4	5	1	4	4	4	4	40	1	90	US	R009588	S011061	2026-02-26
3	4	2	4	4	3	4	4	5	5	38	2	85	US	R009589	S007304	2026-03-02
5	1	5	5	5	4	1	2	2	4	30	1	86	US	R009590	S007315	2026-03-12
4	2	5	5	4	2	4	4	3	4	44	2	88	US	R009591	S004628	2026-02-03
5	2	2	2	3	2	3	2	1	2	52	2	79	US	R009592	S010037	2026-02-06
5	2	4	5	5	4	4	5	2	4	31	2	81	US	R009593	S000231	2026-02-16
3	1	2	3	3	3	4	4	4	4	35	1	85	US	R009594	S005682	2026-02-02
5	3	4	5	4	5	2	2	5	4	40	2	73	US	R009595	S011208	2026-03-27
4	2	4	5	2	2	5	3	5	5	40	1	93	US	R009596	S008661	2026-03-08
5	3	4	3	5	5	5	2	3	1	18	1	76	US	R009597	S010922	2026-03-26
3	4	4	4	2	3	3	1	2	3	48	1	85	US	R009598	S010254	2026-03-07
5	2	4	4	4	5	4	3	4	3	36	2	86	US	R009599	S008418	2026-02-23
5	2	4	4	4	2	2	1	4	5	38	1	79	US	R009600	S002369	2026-03-14
4	2	2	5	4	5	5	1	4	4	40	1	98	US	R009601	S008532	2026-03-02
4	2	2	2	2	1	3	2	5	4	54	1	61	US	R009602	S008609	2026-03-18
5	3	4	5	5	4	5	5	5	5	43	1	73	US	R009603	S011827	2026-02-11
4	4	5	2	4	2	3	4	2	2	30	2	80	US	R009604	S007343	2026-03-09
4	5	2	2	4	2	2	4	4	4	43	1	86	US	R009605	S005949	2026-02-22
5	2	2	5	2	2	1	2	3	2	35	1	89	US	R009606	S007010	2026-02-14
5	5	5	5	4	5	4	5	4	4	19	2	93	US	R009607	S007041	2026-02-08
2	5	2	2	1	1	2	1	2	4	27	1	88	US	R009608	S003982	2026-02-19
4	3	3	2	2	3	5	5	4	5	39	2	87	US	R009609	S009194	2026-02-23
2	2	2	2	4	3	2	2	4	5	36	1	92	US	R009610	S003810	2026-03-17
5	4	5	5	4	4	4	5	5	5	27	2	56	US	R009611	S012402	2026-03-02
4	3	5	5	5	3	4	3	5	5	41	1	94	US	R009612	S000932	2026-02-22
4	4	3	4	3	2	3	5	4	3	46	2	79	US	R009613	S007697	2026-02-06
4	5	5	3	5	4	4	2	4	4	26	2	97	US	R009614	S009358	2026-03-15
4	4	3	3	4	4	3	1	1	3	31	1	96	US	R009615	S012571	2026-03-09
4	1	2	5	2	2	2	1	3	1	43	1	88	US	R009616	S011093	2026-02-02
4	2	3	2	4	2	2	4	4	2	42	2	99	US	R009617	S011387	2026-02-10
3	4	4	4	2	2	2	2	1	5	29	2	97	US	R009618	S000232	2026-02-05
3	3	1	2	3	1	2	4	4	5	38	1	86	US	R009619	S003364	2026-02-16
2	4	4	4	2	1	4	2	4	4	37	1	96	US	R009620	S012038	2026-03-20
4	2	1	5	2	1	3	4	2	5	46	1	57	US	R009621	S008381	2026-02-21
5	2	5	5	2	5	2	1	3	2	35	2	84	US	R009622	S009786	2026-03-17
3	2	5	4	3	2	4	5	4	4	18	1	83	US	R009623	S006723	2026-02-11
5	4	3	5	4	4	5	4	2	5	43	1	59	US	R009624	S002676	2026-02-27
2	1	2	4	4	4	3	5	4	4	42	2	82	US	R009625	S006871	2026-03-01
5	2	3	2	2	3	1	5	4	4	51	1	99	US	R009626	S007674	2026-02-04
4	3	4	4	5	3	5	5	5	4	18	2	87	US	R009627	S009554	2026-03-15
3	2	2	5	2	2	3	4	4	3	36	1	86	US	R009628	S006477	2026-03-01
3	4	4	5	2	5	4	3	3	4	35	1	63	US	R009629	S009131	2026-03-14
5	1	2	3	4	2	2	2	5	5	18	2	85	US	R009630	S003762	2026-02-08
3	4	2	5	5	3	5	5	5	5	49	1	93	US	R009631	S000813	2026-02-19
4	3	3	4	3	2	4	4	4	4	20	1	98	US	R009632	S009790	2026-03-01
4	2	2	5	3	1	1	1	2	4	38	2	71	US	R009633	S004690	2026-02-04
3	1	5	5	2	2	2	1	1	2	18	2	95	US	R009634	S011643	2026-03-20
5	3	5	4	4	4	4	4	4	4	35	1	79	US	R009635	S006479	2026-02-14
3	2	5	2	5	4	3	5	5	5	46	2	81	US	R009636	S011023	2026-02-11
4	2	2	3	1	1	2	4	1	2	52	1	98	US	R009637	S002803	2026-03-11
5	3	4	1	5	3	5	5	5	5	53	1	93	US	R009638	S002580	2026-03-14
4	4	3	4	2	2	2	2	4	1	54	2	90	US	R009639	S010694	2026-02-26
5	2	4	5	4	4	2	4	4	5	45	1	81	US	R009640	S007666	2026-02-07
5	1	5	4	4	4	4	4	4	2	41	1	73	US	R009641	S006529	2026-02-02
4	4	2	5	2	2	4	4	5	4	19	2	72	US	R009642	S012184	2026-02-06
4	2	2	4	1	2	1	4	2	4	24	1	89	US	R009643	S003112	2026-02-13
2	3	4	5	3	2	2	4	2	4	53	2	79	US	R009644	S012713	2026-03-10
4	5	4	4	3	4	3	3	3	5	26	1	87	US	R009645	S005850	2026-03-11
4	4	2	5	3	5	4	3	2	5	30	1	71	US	R009646	S000836	2026-02-20
2	2	1	3	2	1	5	2	4	5	36	2	72	US	R009647	S007269	2026-02-24
1	4	4	4	2	2	4	3	4	4	37	2	85	US	R009648	S010537	2026-03-12
2	1	1	5	1	1	4	2	4	4	25	2	84	US	R009649	S002660	2026-03-04
4	3	4	5	4	5	5	5	4	4	34	2	95	US	R009650	S005932	2026-03-16
2	4	3	4	5	4	4	3	4	4	41	2	78	US	R009651	S008197	2026-02-08
4	1	1	4	2	2	3	4	4	3	40	1	63	US	R009652	S002015	2026-02-18
5	2	4	5	4	5	3	5	4	4	39	1	93	US	R009653	S002741	2026-03-15
4	5	4	4	4	3	1	1	1	3	55	2	92	US	R009654	S006215	2026-03-09
3	1	2	2	2	1	5	5	4	5	31	1	74	US	R009655	S008022	2026-03-20
2	1	4	1	2	2	4	4	5	4	33	2	76	US	R009656	S008687	2026-03-17
4	3	2	5	4	1	4	4	4	2	36	2	73	US	R009657	S011815	2026-03-19
2	2	1	2	1	1	2	2	2	4	34	2	85	US	R009658	S001455	2026-02-25
4	1	5	5	5	2	2	3	4	2	52	1	79	US	R009659	S003340	2026-02-24
2	2	4	4	2	2	4	4	5	4	25	1	93	US	R009660	S011595	2026-02-22
4	1	5	5	5	2	5	5	5	5	36	2	68	US	R009661	S000974	2026-02-10
2	4	5	5	4	4	4	4	5	5	34	1	93	US	R009662	S003869	2026-02-06
5	4	3	5	4	4	2	4	4	2	48	1	96	US	R009663	S006207	2026-02-18
5	2	3	5	2	2	1	4	4	2	24	1	80	US	R009664	S004622	2026-02-07
5	3	5	5	4	4	5	4	4	4	62	1	63	US	R009665	S009228	2026-02-03
5	1	3	3	2	2	4	2	3	2	35	1	98	US	R009666	S007215	2026-03-13
4	4	2	3	2	1	5	2	4	5	19	2	72	US	R009667	S012704	2026-02-06
4	4	1	2	1	2	5	5	5	3	27	1	83	US	R009668	S003716	2026-02-14
2	1	5	5	5	4	5	4	5	5	45	1	81	US	R009669	S002543	2026-02-19
5	5	2	4	2	1	1	3	1	1	29	1	62	US	R009670	S011856	2026-02-02
4	3	3	4	4	4	4	5	4	4	18	1	53	US	R009671	S001520	2026-03-16
5	5	4	5	4	5	4	4	4	4	27	1	75	US	R009672	S011524	2026-02-11
2	1	2	4	1	1	2	5	4	5	18	2	74	US	R009673	S008709	2026-02-16
5	4	2	4	2	4	5	3	4	4	25	1	99	US	R009674	S006969	2026-03-03
4	2	4	4	2	4	4	4	5	5	42	1	91	US	R009675	S001209	2026-03-19
2	3	1	4	4	1	3	5	4	2	38	2	80	US	R009676	S009688	2026-03-12
5	2	3	3	4	2	2	1	4	5	31	1	85	US	R009677	S002151	2026-02-20
4	4	5	5	4	5	4	5	4	4	37	1	93	US	R009678	S002559	2026-03-06
5	5	4	3	3	2	4	4	4	5	55	1	65	US	R009679	S006400	2026-03-20
2	3	5	4	4	4	5	5	4	3	45	1	91	US	R009680	S009831	2026-02-10
4	4	5	5	4	5	4	5	4	4	37	1	93	US	R009681	S007194	2026-03-23
4	4	4	5	4	5	4	4	4	2	46	2	86	US	R009682	S009729	2026-03-15
5	3	2	3	4	2	3	5	4	2	27	2	81	US	R009683	S004135	2026-03-20
2	4	2	2	2	2	2	2	3	2	18	2	55	US	R009684	S002147	2026-02-25
2	4	2	4	4	3	2	1	1	4	30	1	95	US	R009685	S002023	2026-02-05
5	2	3	5	2	2	4	4	5	5	30	1	91	US	R009686	S006898	2026-02-27
3	1	4	4	4	5	2	3	4	4	39	2	83	US	R009687	S005104	2026-03-09
2	5	4	5	4	5	1	3	3	1	34	2	93	US	R009688	S001241	2026-03-11
4	4	2	4	2	1	4	4	2	3	18	2	97	US	R009689	S012655	2026-02-25
2	3	1	5	2	1	2	1	3	4	38	1	87	US	R009690	S006244	2026-02-14
4	1	3	4	2	2	3	4	2	5	39	2	93	US	R009691	S000806	2026-02-09
4	1	4	5	1	1	1	2	3	1	47	1	83	US	R009692	S008861	2026-02-04
2	1	2	2	1	2	1	1	4	1	50	1	66	US	R009693	S007632	2026-03-06
4	3	4	4	4	2	3	4	4	5	27	2	95	US	R009694	S011371	2026-03-07
5	2	5	4	4	3	4	5	4	4	46	2	97	US	R009695	S003524	2026-03-12
4	1	1	3	2	1	3	5	5	5	43	1	79	US	R009696	S006499	2026-02-23
5	2	3	5	4	5	5	5	4	5	18	1	96	US	R009697	S006689	2026-02-03
2	2	3	2	2	4	2	2	4	4	38	1	88	US	R009698	S001460	2026-03-13
4	4	3	3	5	3	1	5	2	4	46	2	86	US	R009699	S007317	2026-03-01
3	5	4	5	3	5	5	4	1	4	38	1	69	US	R009700	S011824	2026-03-14
2	2	1	1	2	1	2	4	3	3	27	1	67	US	R009701	S007369	2026-03-10
4	1	3	3	2	1	4	1	4	3	45	2	95	US	R009702	S007308	2026-03-16
5	5	5	5	4	5	5	5	5	5	22	1	91	US	R009703	S009435	2026-03-22
5	4	5	4	4	4	5	4	5	5	40	2	64	US	R009704	S004580	2026-02-20
4	2	2	4	2	1	2	1	4	4	49	1	100	US	R009705	S010557	2026-03-22
5	5	5	5	5	4	3	5	4	3	40	1	87	US	R009706	S005545	2026-03-03
5	5	5	4	3	2	1	3	2	4	35	1	94	US	R009707	S006507	2026-02-19
4	3	1	2	1	2	2	3	2	2	18	1	73	US	R009708	S006776	2026-02-26
4	4	4	5	5	2	4	5	4	5	27	2	97	US	R009709	S003579	2026-03-27
5	3	5	5	5	3	5	5	5	5	28	2	95	US	R009710	S006054	2026-02-18
1	2	2	3	2	1	1	1	3	2	34	1	80	US	R009711	S000987	2026-03-09
5	4	2	5	2	1	3	3	2	5	46	1	80	US	R009712	S005714	2026-02-28
3	2	3	3	5	1	4	2	3	4	48	1	87	US	R009713	S006805	2026-02-20
4	3	4	5	4	3	4	4	4	3	42	1	90	US	R009714	S004077	2026-03-24
4	4	4	4	5	5	3	3	4	5	28	2	72	US	R009715	S001575	2026-03-26
5	5	4	3	2	2	2	4	2	4	45	1	85	US	R009716	S008345	2026-02-05
2	5	4	5	4	4	2	3	4	5	37	2	85	US	R009717	S009565	2026-03-16
4	2	4	4	5	3	4	3	5	5	38	2	82	US	R009718	S008027	2026-03-22
4	2	3	3	3	4	3	3	3	5	35	2	95	US	R009719	S012188	2026-02-05
4	2	5	5	5	5	4	4	2	4	33	1	85	US	R009720	S011056	2026-03-26
5	4	5	5	1	3	5	5	5	5	18	2	91	US	R009721	S008114	2026-03-21
5	4	4	5	5	5	4	1	2	4	39	1	99	US	R009722	S000192	2026-03-15
4	4	2	3	2	1	3	1	2	4	43	1	87	US	R009723	S006623	2026-03-03
4	5	2	2	5	2	4	4	5	5	43	1	83	US	R009724	S003038	2026-03-22
1	2	1	3	3	1	1	1	2	3	49	1	66	US	R009725	S006375	2026-02-13
5	1	4	3	3	2	4	5	4	4	45	1	75	US	R009726	S009970	2026-03-21
4	2	3	4	3	2	2	2	4	3	43	1	94	US	R009727	S012583	2026-02-27
2	5	4	4	4	2	4	5	4	5	32	2	81	US	R009728	S000832	2026-02-11
5	4	3	5	5	3	5	4	5	1	20	2	97	US	R009729	S006319	2026-02-05
2	4	1	3	1	1	4	5	5	4	40	2	95	US	R009730	S000066	2026-02-10
3	3	4	5	5	4	4	5	5	5	32	2	73	US	R009731	S009493	2026-03-13
3	1	5	5	3	3	4	2	2	4	33	2	83	US	R009732	S003247	2026-02-16
5	2	5	3	5	4	1	4	2	3	46	1	95	US	R009733	S009971	2026-03-18
4	5	5	5	5	2	5	4	4	5	41	2	72	US	R009734	S008522	2026-03-09
5	3	5	4	4	5	4	4	5	5	45	1	90	US	R009735	S006709	2026-02-06
5	3	5	5	5	5	2	3	4	3	51	2	91	US	R009736	S012733	2026-03-08
5	3	1	3	1	1	1	4	4	1	38	1	93	US	R009737	S011471	2026-03-26
4	4	5	5	4	2	5	5	5	2	32	2	76	US	R009738	S001563	2026-03-08
3	2	4	5	2	1	1	4	4	2	42	1	57	US	R009739	S004460	2026-02-12
3	4	1	1	1	1	1	4	3	2	23	1	76	US	R009740	S003357	2026-03-14
5	3	5	4	5	3	2	5	5	4	18	2	97	US	R009741	S004075	2026-03-02
5	1	4	5	4	2	3	4	4	5	19	1	65	US	R009742	S006041	2026-03-04
5	5	2	5	3	4	4	5	5	5	41	1	90	US	R009743	S002779	2026-02-02
4	2	4	4	2	5	5	4	4	4	37	1	83	US	R009744	S009716	2026-02-10
4	1	1	4	1	2	2	4	2	3	32	2	84	US	R009745	S010320	2026-03-13
5	2	2	5	1	2	1	4	2	2	26	2	95	US	R009746	S007033	2026-02-28
4	4	2	4	4	2	2	4	2	4	34	2	95	US	R009747	S003173	2026-03-21
5	4	5	4	5	5	2	3	5	5	43	2	98	US	R009748	S000302	2026-02-08
2	1	2	2	1	1	3	2	5	4	39	1	77	US	R009749	S010206	2026-02-11
5	3	4	2	4	3	3	1	2	4	31	2	61	US	R009750	S012759	2026-02-05
2	3	4	3	3	2	2	4	4	4	32	1	75	US	R009751	S006402	2026-02-06
5	2	2	5	3	2	2	4	4	4	32	1	66	US	R009752	S011733	2026-03-09
4	3	4	4	4	4	1	2	1	4	38	2	87	US	R009753	S003123	2026-03-03
1	1	1	2	1	1	1	1	2	3	24	2	80	US	R009754	S004570	2026-03-09
5	4	5	5	5	5	5	4	5	5	33	2	88	US	R009755	S003222	2026-02-04
4	3	3	3	5	3	2	2	3	4	23	1	93	US	R009756	S005964	2026-02-11
2	3	4	5	1	1	2	3	4	4	34	1	90	US	R009757	S009998	2026-02-24
5	3	3	4	2	2	5	5	5	4	63	1	59	US	R009758	S010967	2026-02-27
4	4	4	4	4	5	4	2	3	5	36	1	81	US	R009759	S000671	2026-03-05
5	4	3	4	2	3	1	3	2	4	34	2	45	US	R009760	S005909	2026-03-25
5	4	4	5	5	2	5	5	4	5	45	1	95	US	R009761	S003375	2026-03-21
5	2	4	5	4	2	3	5	4	5	41	1	95	US	R009762	S007364	2026-02-09
5	3	4	5	4	4	3	4	2	5	23	1	80	US	R009763	S007811	2026-03-16
3	1	4	5	5	3	5	2	2	5	42	1	71	US	R009764	S006542	2026-02-11
5	4	4	3	2	2	1	3	2	3	44	1	91	US	R009765	S006741	2026-02-14
3	3	1	2	2	1	1	1	1	2	41	1	80	US	R009766	S011076	2026-03-21
5	5	5	2	4	2	3	5	4	4	48	1	66	US	R009767	S004327	2026-03-27
5	2	2	4	3	1	1	4	2	4	31	1	75	US	R009768	S011637	2026-03-21
1	1	2	3	2	2	4	4	4	3	52	1	81	US	R009769	S003401	2026-03-23
4	3	2	3	4	4	4	5	5	4	55	2	69	US	R009770	S004519	2026-03-06
5	2	5	4	5	4	4	4	4	5	40	2	79	US	R009771	S009169	2026-03-02
5	4	2	4	4	2	4	5	4	4	30	2	97	US	R009772	S007573	2026-02-25
5	1	1	5	4	2	4	5	5	4	25	2	93	US	R009773	S006830	2026-03-15
4	2	2	4	2	1	4	3	4	5	21	1	87	US	R009774	S005177	2026-03-24
4	2	3	3	2	2	4	4	5	4	25	1	73	US	R009775	S006902	2026-02-27
3	1	2	4	4	2	3	2	4	4	29	1	97	US	R009776	S004307	2026-02-23
4	2	5	5	2	2	4	4	5	4	25	2	67	US	R009777	S005309	2026-02-20
4	2	3	4	1	1	4	4	5	5	18	1	69	US	R009778	S004841	2026-03-09
4	2	3	4	3	3	1	4	2	1	33	2	79	US	R009779	S010247	2026-03-02
5	2	4	3	4	2	4	5	3	3	44	2	83	US	R009780	S008898	2026-03-06
2	1	1	4	1	1	1	2	2	4	34	1	83	US	R009781	S005096	2026-02-25
5	5	2	5	4	5	2	4	2	1	19	2	80	US	R009782	S004774	2026-03-14
5	4	5	5	4	3	1	3	4	3	28	2	84	US	R009783	S010176	2026-03-17
5	2	5	4	4	5	4	4	4	4	48	1	96	US	R009784	S005866	2026-03-10
5	3	4	5	4	2	5	5	2	5	23	1	84	US	R009785	S006528	2026-03-27
2	2	1	4	4	1	2	3	1	1	28	2	86	US	R009786	S010615	2026-03-13
4	2	4	3	1	2	4	2	5	3	41	1	80	US	R009787	S003385	2026-02-04
3	1	4	5	4	4	5	4	5	4	34	1	94	US	R009788	S012040	2026-03-11
4	4	4	4	4	2	1	1	4	2	48	1	92	US	R009789	S006475	2026-02-09
5	3	4	5	3	4	5	5	5	3	36	1	66	US	R009790	S000757	2026-02-24
3	5	5	5	4	4	4	5	4	4	43	1	95	US	R009791	S010388	2026-02-22
4	1	4	5	5	2	3	5	4	4	28	1	82	US	R009792	S001156	2026-03-03
3	4	2	4	2	2	2	4	2	3	25	2	93	US	R009793	S008634	2026-03-08
3	2	5	5	4	5	4	3	1	4	41	2	74	US	R009794	S004149	2026-02-09
5	4	5	5	5	5	5	5	5	5	29	2	75	US	R009795	S003646	2026-02-11
5	2	4	5	4	5	1	1	4	4	35	2	77	US	R009796	S005971	2026-03-21
5	3	4	3	1	2	5	5	4	2	42	2	96	US	R009797	S000205	2026-02-15
5	4	5	4	4	2	4	5	4	4	42	1	58	US	R009798	S003704	2026-03-09
5	2	5	4	2	3	4	2	2	3	26	1	89	US	R009799	S006637	2026-02-16
5	3	4	5	4	4	4	3	4	5	48	1	78	US	R009800	S006755	2026-02-24
2	3	4	4	4	2	2	5	4	3	32	1	98	US	R009801	S003395	2026-03-23
1	2	1	3	2	1	2	5	1	4	43	2	89	US	R009802	S006564	2026-02-25
3	4	3	4	4	2	2	1	4	2	27	1	81	US	R009803	S009230	2026-03-27
4	2	2	4	2	2	1	2	4	2	46	1	93	US	R009804	S010731	2026-03-03
5	5	5	5	5	5	4	2	5	5	35	1	88	US	R009805	S003488	2026-02-11
4	4	2	4	3	1	1	3	3	4	31	1	92	US	R009806	S007374	2026-02-08
3	3	1	3	1	3	1	2	1	4	32	2	61	US	R009807	S005052	2026-03-01
2	2	1	5	2	1	1	4	2	2	23	1	89	US	R009808	S010884	2026-03-03
5	3	5	4	4	4	2	4	5	1	48	1	95	US	R009809	S006040	2026-02-23
4	2	2	4	2	2	2	4	5	4	29	1	74	US	R009810	S002496	2026-03-02
5	5	5	4	5	5	5	5	5	2	28	2	64	US	R009811	S007507	2026-03-02
5	5	5	5	5	4	5	5	5	4	46	2	93	US	R009812	S012058	2026-03-19
4	2	5	5	4	3	3	3	4	4	47	1	90	US	R009813	S010577	2026-03-11
2	1	2	3	2	1	1	2	2	2	32	1	80	US	R009814	S006974	2026-03-10
5	5	5	5	5	5	4	3	2	5	28	1	83	US	R009815	S009848	2026-02-15
5	3	5	4	2	2	5	4	5	2	31	1	87	US	R009816	S010561	2026-02-23
4	2	2	4	2	4	1	5	2	4	31	1	83	US	R009817	S009757	2026-02-24
5	2	2	4	4	2	5	5	5	5	22	2	81	US	R009818	S003939	2026-03-10
5	1	4	4	5	2	4	5	4	4	32	1	55	US	R009819	S005149	2026-02-17
2	2	2	2	2	5	5	5	4	4	37	2	77	US	R009820	S012663	2026-02-17
4	2	2	4	5	2	2	3	2	3	34	1	85	US	R009821	S007878	2026-03-07
3	2	2	3	4	4	4	3	4	2	41	2	91	US	R009822	S002223	2026-03-10
4	2	4	4	5	2	4	4	5	2	35	2	93	US	R009823	S006944	2026-02-12
5	5	3	4	4	4	2	2	3	2	49	1	94	US	R009824	S003111	2026-03-14
5	4	5	5	5	2	1	4	2	1	18	1	69	US	R009825	S012088	2026-03-07
5	2	4	3	4	1	1	4	5	4	34	2	92	US	R009826	S008130	2026-02-15
3	2	1	3	2	2	4	5	2	5	37	1	72	US	R009827	S010833	2026-03-27
3	2	4	4	2	3	5	4	5	5	22	1	76	US	R009828	S005625	2026-03-07
3	2	3	4	2	2	2	4	5	4	30	2	83	US	R009829	S010808	2026-03-19
4	4	5	4	4	3	2	1	4	4	47	1	81	US	R009830	S003634	2026-02-02
3	3	2	4	3	5	2	4	4	4	29	1	85	US	R009831	S001421	2026-03-18
2	3	4	5	2	1	3	4	4	2	50	1	75	US	R009832	S003909	2026-03-11
2	2	1	5	2	1	1	1	4	3	46	1	77	US	R009833	S009000	2026-03-18
4	2	4	4	2	1	4	4	4	5	31	2	77	US	R009834	S009674	2026-03-04
5	1	2	3	2	1	4	2	4	2	46	1	99	US	R009835	S007728	2026-03-14
5	5	2	2	3	1	4	2	4	3	56	1	84	US	R009836	S005097	2026-02-04
4	3	2	5	3	1	2	1	2	2	18	1	84	US	R009837	S012865	2026-03-19
3	3	1	4	1	2	4	5	2	3	47	1	98	US	R009838	S007143	2026-03-25
4	3	5	5	5	4	1	2	2	4	26	1	87	US	R009839	S009370	2026-02-22
4	2	4	4	4	3	5	5	5	4	27	1	87	US	R009840	S003016	2026-02-15
5	2	4	5	5	4	4	5	4	2	47	2	85	US	R009841	S009753	2026-03-12
4	4	4	4	2	2	2	3	4	3	42	2	94	US	R009842	S001499	2026-02-21
4	2	5	5	4	4	4	3	5	4	30	1	80	US	R009843	S006257	2026-02-15
2	3	3	4	1	1	2	4	3	4	41	1	80	US	R009844	S007978	2026-03-18
3	1	3	3	4	2	1	1	3	4	34	1	77	US	R009845	S003187	2026-02-06
4	2	4	5	4	5	2	4	2	5	30	1	94	US	R009846	S000026	2026-02-08
5	2	5	5	4	2	2	2	5	3	40	1	96	US	R009847	S000213	2026-03-27
3	1	1	5	4	1	1	4	3	4	18	2	98	US	R009848	S007623	2026-03-21
5	3	4	3	5	5	5	2	3	1	18	1	76	US	R009849	S003479	2026-02-02
4	3	5	4	5	5	4	4	1	2	34	2	78	US	R009850	S010363	2026-03-27
4	5	4	4	4	2	4	5	4	5	19	2	99	US	R009851	S010974	2026-02-07
3	1	1	4	4	2	3	4	3	1	24	2	74	US	R009852	S011366	2026-03-18
4	3	5	5	5	5	3	4	5	5	18	2	93	US	R009853	S008731	2026-03-05
5	2	1	3	2	2	4	4	4	4	47	1	72	US	R009854	S001998	2026-03-03
4	4	4	5	5	5	5	5	5	3	45	1	95	US	R009855	S003504	2026-02-20
5	5	2	5	4	3	4	4	4	5	37	2	81	US	R009856	S009909	2026-03-18
4	4	2	2	3	1	2	4	4	4	44	2	87	US	R009857	S004590	2026-02-13
3	2	3	4	4	4	2	4	2	2	23	2	79	US	R009858	S011925	2026-02-07
4	5	5	4	4	5	4	2	4	4	25	1	86	US	R009859	S007834	2026-03-04
4	4	4	5	4	4	5	5	5	4	51	2	96	US	R009860	S002877	2026-03-14
3	3	5	5	3	5	2	5	5	4	20	1	99	US	R009861	S002512	2026-03-04
4	4	2	5	4	4	2	2	3	3	42	1	88	US	R009862	S011269	2026-02-17
2	2	2	4	4	3	4	2	4	3	18	2	92	US	R009863	S004685	2026-02-28
4	5	4	3	5	4	1	4	3	5	29	1	76	US	R009864	S004105	2026-03-23
5	2	2	5	3	2	4	4	5	4	41	2	95	US	R009865	S006407	2026-02-19
4	5	5	5	4	3	4	2	4	4	21	1	95	US	R009866	S005303	2026-03-27
5	5	2	4	5	3	4	3	4	4	39	1	84	US	R009867	S012372	2026-03-26
4	2	4	4	2	4	4	2	4	5	34	2	96	US	R009868	S000622	2026-03-20
4	4	5	5	5	5	5	4	4	2	26	2	93	US	R009869	S004843	2026-02-08
3	3	2	4	3	5	3	4	2	3	40	2	82	US	R009870	S008318	2026-03-06
4	4	5	5	4	5	4	2	4	4	28	1	99	US	R009871	S000342	2026-03-09
3	1	2	5	4	2	2	5	5	3	22	1	86	US	R009872	S005899	2026-03-19
5	2	5	5	5	3	3	4	4	2	33	1	86	US	R009873	S011554	2026-03-04
3	3	1	2	2	3	2	5	4	5	39	2	97	US	R009874	S011342	2026-02-26
3	3	2	4	1	3	1	3	3	4	18	1	80	US	R009875	S005687	2026-02-16
4	2	5	3	5	1	4	3	4	5	46	1	98	US	R009876	S003558	2026-02-09
3	1	4	5	4	5	4	4	5	5	28	2	81	US	R009877	S002825	2026-02-04
5	3	3	5	5	3	4	2	2	4	18	2	90	US	R009878	S011541	2026-03-16
2	1	2	2	2	1	1	3	2	1	18	1	90	US	R009879	S005980	2026-02-03
4	5	3	5	4	4	4	4	4	4	18	1	68	US	R009880	S011778	2026-03-13
5	3	4	5	5	4	5	5	5	5	43	1	73	US	R009881	S001524	2026-02-11
5	1	2	4	3	2	1	1	2	4	49	1	97	US	R009882	S012082	2026-03-03
5	1	4	5	2	4	5	4	4	4	54	1	97	US	R009883	S012811	2026-02-11
2	2	3	5	1	2	3	5	3	5	30	1	95	US	R009884	S006121	2026-02-11
4	1	4	4	4	2	1	4	1	3	51	2	78	US	R009885	S000896	2026-02-20
4	3	5	2	4	2	5	3	4	5	34	2	98	US	R009886	S001627	2026-03-25
3	3	3	5	5	5	2	1	4	2	52	2	64	US	R009887	S008636	2026-03-17
5	3	5	5	4	4	5	3	2	5	26	1	83	US	R009888	S002979	2026-03-25
1	2	3	5	3	2	4	4	4	4	47	2	74	US	R009889	S007818	2026-03-25
4	4	4	4	4	2	2	4	2	3	47	2	90	US	R009890	S002839	2026-03-18
4	3	4	4	4	4	2	4	4	5	18	2	82	US	R009891	S012807	2026-02-20
2	2	2	4	2	1	4	5	4	5	39	1	82	US	R009892	S001610	2026-03-02
3	3	3	3	5	2	4	3	3	4	25	1	92	US	R009893	S003020	2026-02-10
5	5	5	5	5	5	5	4	4	4	18	2	92	US	R009894	S006540	2026-02-09
4	2	4	4	4	1	2	3	5	5	29	1	88	US	R009895	S011811	2026-02-02
1	1	2	4	4	2	4	2	2	5	26	1	82	US	R009896	S008399	2026-02-08
2	1	2	4	1	2	1	3	1	5	43	1	90	US	R009897	S010126	2026-03-08
4	2	3	4	4	3	3	4	4	5	29	1	97	US	R009898	S007319	2026-03-05
5	2	4	4	4	2	4	4	4	5	53	2	47	US	R009899	S004323	2026-02-11
4	3	2	4	5	4	1	2	2	3	44	1	84	US	R009900	S005336	2026-02-14
2	5	2	2	2	2	4	2	4	5	63	2	93	US	R009901	S007201	2026-03-26
5	4	4	4	4	3	3	4	4	5	58	1	78	US	R009902	S008247	2026-02-19
5	4	5	5	5	5	4	2	4	5	20	2	95	US	R009903	S002866	2026-03-16
3	3	5	4	2	4	5	4	4	4	32	2	93	US	R009904	S003860	2026-02-26
4	5	4	4	4	4	4	5	4	4	44	2	84	US	R009905	S007052	2026-02-07
4	1	2	3	2	3	3	4	4	5	33	2	76	US	R009906	S009495	2026-03-27
4	3	4	2	4	5	5	5	2	5	33	1	85	US	R009907	S006339	2026-03-06
5	3	4	5	4	3	5	4	5	4	18	1	99	US	R009908	S011211	2026-02-05
4	2	2	3	2	1	2	2	2	2	30	2	90	US	R009909	S005180	2026-03-26
2	4	2	5	5	4	3	5	4	5	18	1	98	US	R009910	S010702	2026-02-17
2	3	4	5	1	4	3	2	5	3	31	1	93	US	R009911	S005996	2026-03-23
5	4	4	5	5	5	5	5	5	5	18	1	88	US	R009912	S000121	2026-03-03
1	4	1	3	1	1	4	4	5	4	40	1	88	US	R009913	S005270	2026-03-01
3	2	4	5	2	1	4	5	5	5	28	1	87	US	R009914	S009109	2026-02-07
5	2	5	5	5	3	5	5	5	4	46	2	84	US	R009915	S009887	2026-02-16
2	2	1	4	2	1	2	2	2	4	44	1	92	US	R009916	S011090	2026-02-24
2	3	4	1	2	2	4	1	4	4	20	1	94	US	R009917	S000338	2026-02-28
4	1	1	4	3	1	4	3	4	4	46	1	88	US	R009918	S005240	2026-02-28
2	2	2	5	2	1	2	2	4	2	44	1	92	US	R009919	S009552	2026-02-10
4	2	1	4	5	2	4	5	4	5	33	1	99	US	R009920	S003341	2026-02-22
4	3	5	5	2	1	5	4	2	4	48	2	97	US	R009921	S008794	2026-03-18
4	2	4	4	2	4	4	5	5	5	36	2	100	US	R009922	S005451	2026-03-05
4	4	2	4	4	2	2	4	3	3	30	1	91	US	R009923	S008080	2026-03-01
3	3	4	4	2	1	2	3	2	5	47	2	80	US	R009924	S000547	2026-03-21
2	1	4	4	2	2	1	2	1	1	18	1	83	US	R009925	S009043	2026-02-12
4	3	3	3	2	2	3	3	2	4	46	1	80	US	R009926	S004510	2026-02-18
5	4	4	5	4	4	4	5	5	5	28	2	93	US	R009927	S010269	2026-03-17
2	1	2	2	3	2	3	5	4	5	41	2	94	US	R009928	S000540	2026-03-09
5	3	4	5	4	3	2	4	4	4	31	1	96	US	R009929	S007493	2026-02-23
5	2	4	4	4	2	4	4	4	5	32	1	87	US	R009930	S011795	2026-03-26
2	5	3	4	2	2	4	4	5	5	34	2	94	US	R009931	S003265	2026-03-22
3	2	2	3	2	1	4	3	4	4	27	1	93	US	R009932	S003402	2026-03-07
4	2	3	4	2	2	1	4	4	3	49	2	98	US	R009933	S004326	2026-03-11
4	2	2	4	4	2	4	4	4	2	18	2	87	US	R009934	S011153	2026-03-23
5	3	5	5	5	3	2	3	2	4	46	2	77	US	R009935	S004594	2026-03-14
1	3	1	4	2	1	4	4	5	4	37	1	83	US	R009936	S000024	2026-02-27
4	2	5	3	4	2	3	5	2	4	53	1	80	US	R009937	S006583	2026-02-04
5	4	4	5	5	2	2	2	2	3	18	2	61	US	R009938	S003666	2026-02-18
4	1	2	2	3	3	4	3	4	4	35	2	88	US	R009939	S005474	2026-03-03
5	2	4	4	4	2	4	2	5	4	25	2	94	US	R009940	S000599	2026-03-06
4	5	4	4	4	3	3	1	4	1	38	2	96	US	R009941	S005003	2026-03-25
1	2	3	3	1	1	1	4	2	2	40	1	90	US	R009942	S007511	2026-03-26
3	4	4	5	2	3	1	1	2	2	38	1	78	US	R009943	S009346	2026-03-02
4	2	3	2	4	3	2	2	2	2	26	1	92	US	R009944	S004257	2026-02-07
4	5	4	5	3	2	1	4	3	2	43	2	72	US	R009945	S006790	2026-03-04
5	2	4	4	3	4	5	4	4	5	32	2	94	US	R009946	S003690	2026-03-01
4	2	1	4	2	2	3	4	4	5	38	1	95	US	R009947	S011514	2026-03-16
4	1	4	4	5	2	4	5	5	5	24	2	95	US	R009948	S011841	2026-03-14
5	5	4	4	5	2	2	3	2	3	24	1	77	US	R009949	S000563	2026-02-15
4	2	3	5	2	2	4	5	5	4	37	1	96	US	R009950	S009295	2026-03-19
4	2	1	2	3	2	2	4	4	5	38	1	69	US	R009951	S003386	2026-03-23
4	5	5	5	5	5	4	5	5	3	23	1	91	US	R009952	S006704	2026-03-22
5	2	2	4	2	4	1	1	4	3	30	1	81	US	R009953	S011973	2026-02-17
5	2	4	5	4	3	5	5	5	5	31	1	77	US	R009954	S010296	2026-02-07
5	3	4	5	4	5	4	4	3	4	36	1	95	US	R009955	S008360	2026-03-13
4	2	5	5	5	5	4	4	4	5	51	1	85	US	R009956	S002328	2026-03-02
5	3	4	4	5	4	4	3	5	5	44	1	95	US	R009957	S009200	2026-03-22
3	3	2	5	4	4	3	2	5	1	31	1	83	US	R009958	S000984	2026-03-24
4	4	3	5	4	1	4	2	4	2	26	1	62	US	R009959	S000072	2026-03-08
5	5	5	5	5	4	5	5	5	5	37	2	94	US	R009960	S009353	2026-02-07
1	2	4	4	2	2	1	5	4	4	35	1	71	US	R009961	S005499	2026-02-05
4	4	2	5	4	2	4	4	4	2	25	2	85	US	R009962	S012376	2026-03-15
5	4	5	5	2	1	5	5	5	5	58	1	99	US	R009963	S007286	2026-02-06
3	3	2	4	3	2	5	2	2	3	27	2	93	US	R009964	S011368	2026-03-15
4	2	3	4	3	4	4	3	3	4	27	1	87	US	R009965	S000815	2026-03-04
3	2	3	4	2	1	4	5	4	4	35	2	83	US	R009966	S007763	2026-03-16
5	2	4	5	5	4	2	2	3	1	43	1	91	US	R009967	S012691	2026-02-11
3	1	3	4	2	4	3	5	4	4	38	1	78	US	R009968	S000678	2026-03-22
5	4	4	5	2	4	3	4	4	4	18	1	89	US	R009969	S012388	2026-02-12
5	4	5	4	5	5	5	2	5	5	32	2	84	US	R009970	S005634	2026-03-10
4	1	4	3	5	2	4	2	4	5	34	2	83	US	R009971	S001860	2026-03-10
2	4	5	4	5	2	4	4	3	4	32	2	92	US	R009972	S007251	2026-02-05
3	2	3	3	2	2	2	2	3	4	46	1	83	US	R009973	S009559	2026-02-04
3	2	2	3	1	1	4	5	4	2	47	1	86	US	R009974	S011670	2026-03-26
5	4	5	5	4	2	5	5	5	5	40	2	99	US	R009975	S007334	2026-02-28
2	1	2	4	1	1	2	4	3	1	34	2	82	US	R009976	S006034	2026-03-10
4	3	4	5	5	5	4	5	2	5	33	1	91	US	R009977	S007428	2026-02-26
4	5	4	4	5	3	4	2	2	3	30	1	85	US	R009978	S007162	2026-03-25
4	2	4	5	1	1	5	4	4	4	57	2	83	US	R009979	S007626	2026-02-22
5	5	5	5	5	3	5	5	5	5	18	1	53	US	R009980	S001035	2026-02-10
4	4	5	4	4	5	4	4	4	5	35	1	91	US	R009981	S012259	2026-03-03
4	2	5	5	5	5	1	3	2	1	45	1	86	US	R009982	S008944	2026-03-05
4	5	5	4	4	1	2	1	2	2	31	1	94	US	R009983	S008142	2026-02-08
4	1	4	5	5	2	1	4	4	5	48	1	94	US	R009984	S002661	2026-02-27
4	4	3	4	4	2	3	5	5	5	36	1	93	US	R009985	S011544	2026-02-02
4	2	4	5	4	2	2	5	5	4	18	2	92	US	R009986	S012779	2026-03-27
5	2	4	5	2	4	2	3	5	4	27	2	88	US	R009987	S001939	2026-03-02
5	3	4	4	5	4	5	4	5	4	18	2	79	US	R009988	S011840	2026-03-25
5	5	5	5	5	5	2	3	5	4	36	2	77	US	R009989	S011234	2026-02-16
5	4	5	5	4	3	2	3	1	1	37	1	94	US	R009990	S004632	2026-03-03
4	2	4	4	4	4	4	2	4	4	23	1	81	US	R009991	S000835	2026-03-16
3	1	3	4	3	2	2	3	3	3	21	1	81	US	R009992	S006484	2026-03-23
5	2	3	5	2	3	1	4	4	5	46	2	61	US	R009993	S006218	2026-03-03
2	4	3	4	1	1	1	3	4	4	30	1	100	US	R009994	S002761	2026-03-12
4	2	2	1	2	1	2	2	4	1	47	1	96	US	R009995	S012193	2026-02-11
2	5	2	4	5	1	4	3	4	4	27	1	93	US	R009996	S002096	2026-02-26
5	4	2	3	2	1	5	2	4	4	34	1	66	US	R009997	S002063	2026-03-12
4	1	3	4	4	4	4	3	5	4	52	1	98	US	R009998	S002167	2026-02-10
4	2	5	5	5	3	5	4	5	4	25	1	64	US	R009999	S001356	2026-02-15
3	1	2	2	3	1	3	5	2	4	38	1	87	US	R010000	S009231	2026-03-09
2	2	5	4	4	4	4	4	3	5	42	2	89	US	R010001	S006600	2026-03-06
4	2	3	3	2	1	5	5	5	5	51	2	67	US	R010002	S007709	2026-03-26
5	4	4	5	4	4	4	4	5	5	22	1	91	US	R010003	S003630	2026-02-09
4	3	1	4	1	1	2	4	3	4	38	1	83	US	R010004	S008405	2026-03-08
2	3	2	3	3	3	1	4	1	2	31	2	72	US	R010005	S005466	2026-03-12
5	4	4	4	2	4	4	2	4	5	36	1	87	US	R010006	S001002	2026-03-15
2	3	2	5	4	2	2	4	2	4	30	2	90	US	R010007	S007224	2026-02-05
1	4	3	5	2	1	2	3	4	2	47	1	93	US	R010008	S010781	2026-03-26
5	2	2	5	2	5	2	5	4	5	33	1	80	US	R010009	S009730	2026-02-07
4	4	5	5	5	5	4	5	4	2	22	1	93	US	R010010	S007231	2026-02-23
5	4	5	5	4	5	3	3	5	1	28	1	96	US	R010011	S002235	2026-02-12
4	3	2	4	4	2	5	4	5	5	44	1	98	US	R010012	S008437	2026-02-28
3	4	3	4	3	2	4	2	4	4	40	2	92	US	R010013	S001790	2026-03-09
4	2	2	5	5	4	2	4	2	3	36	1	87	US	R010014	S003270	2026-03-16
5	1	3	1	3	1	1	1	4	2	35	1	90	US	R010015	S004458	2026-03-26
5	1	4	5	4	4	2	3	2	4	18	1	84	US	R010016	S010408	2026-03-09
4	4	4	5	4	5	4	4	5	2	33	2	85	US	R010017	S009576	2026-03-08
4	2	4	4	4	4	5	5	5	4	36	1	92	US	R010018	S006145	2026-02-15
5	4	2	5	4	1	1	1	3	2	44	1	30	US	R010019	S005832	2026-02-05
5	3	4	4	4	2	2	3	2	3	31	2	90	US	R010020	S004106	2026-03-03
1	2	1	4	1	2	4	3	4	5	21	1	87	US	R010021	S009018	2026-02-28
3	1	2	4	3	4	2	2	2	5	28	1	81	US	R010022	S012320	2026-03-05
3	2	1	3	2	1	1	1	4	3	35	1	89	US	R010023	S002565	2026-03-09
4	2	3	4	4	3	4	5	5	3	29	1	93	US	R010024	S001034	2026-02-28
5	1	4	5	4	1	1	5	4	2	26	1	90	US	R010025	S011044	2026-02-20
5	2	1	2	2	1	4	4	5	4	42	1	91	US	R010026	S012147	2026-02-13
2	2	4	4	2	2	2	2	2	3	24	2	69	US	R010027	S012156	2026-02-07
2	1	3	4	2	1	4	3	4	5	43	1	93	US	R010028	S012630	2026-03-06
4	2	2	5	4	5	5	4	5	5	31	1	90	US	R010029	S001623	2026-02-25
5	5	4	5	3	1	3	4	5	5	37	1	88	US	R010030	S000699	2026-03-24
4	2	4	5	4	1	2	3	4	3	41	1	76	US	R010031	S009110	2026-03-21
5	4	5	4	4	4	2	2	4	3	40	1	78	US	R010032	S005684	2026-03-19
4	4	2	4	4	4	3	3	5	5	21	2	72	US	R010033	S003886	2026-02-08
4	2	2	5	4	3	5	5	5	5	27	2	88	US	R010034	S001144	2026-03-22
4	2	5	5	2	2	1	3	2	4	25	2	72	US	R010035	S008507	2026-02-18
4	2	3	4	3	2	4	2	4	4	18	1	94	US	R010036	S008766	2026-03-17
4	4	1	5	4	3	2	2	2	1	18	1	95	US	R010037	S003176	2026-02-26
5	2	5	3	5	4	4	5	4	5	32	2	70	US	R010038	S011940	2026-02-17
2	2	3	5	3	4	2	4	4	2	18	1	78	US	R010039	S011923	2026-02-07
2	1	2	3	3	4	2	2	4	4	24	2	86	US	R010040	S010098	2026-03-24
2	4	2	4	3	3	3	5	5	5	18	1	54	US	R010041	S000482	2026-03-01
4	2	4	5	5	4	5	4	5	5	24	2	73	US	R010042	S009838	2026-02-08
4	2	5	4	4	2	4	4	4	5	22	1	86	US	R010043	S007882	2026-03-25
1	3	2	5	2	2	5	5	4	5	42	2	90	US	R010044	S011849	2026-02-18
5	3	5	5	5	5	5	4	2	4	33	2	66	US	R010045	S010505	2026-02-02
1	2	3	3	3	2	3	5	5	4	58	2	76	US	R010046	S010682	2026-03-04
4	3	1	4	5	4	4	5	3	4	49	1	65	US	R010047	S010157	2026-03-21
3	2	1	4	1	4	1	3	2	3	35	1	92	US	R010048	S012739	2026-02-16
5	5	5	5	3	2	2	4	5	5	26	2	88	US	R010049	S012639	2026-02-24
3	1	4	4	4	4	5	4	5	5	18	1	81	US	R010050	S006148	2026-02-08
3	4	2	3	2	2	3	2	4	4	18	1	99	US	R010051	S004165	2026-03-01
5	3	5	5	5	3	4	4	4	2	31	2	82	US	R010052	S005771	2026-02-22
3	4	4	5	3	4	4	5	5	1	18	1	77	US	R010053	S002340	2026-02-04
5	2	4	4	2	1	5	5	5	5	44	2	83	US	R010054	S007105	2026-03-02
5	1	2	5	4	5	3	4	3	3	20	2	97	US	R010055	S000397	2026-03-06
2	2	5	5	2	3	5	5	5	5	20	2	76	US	R010056	S012789	2026-03-10
4	1	2	4	2	2	1	1	1	4	25	1	99	US	R010057	S001482	2026-02-26
3	2	3	5	2	5	4	3	2	3	32	1	71	US	R010058	S007479	2026-03-14
5	4	4	4	2	5	4	2	3	3	28	2	91	US	R010059	S003276	2026-02-04
2	2	4	3	1	1	2	3	4	4	56	1	96	US	R010060	S010219	2026-02-14
5	4	4	5	5	2	1	2	5	2	28	1	88	US	R010061	S006295	2026-02-26
2	5	2	5	2	1	2	2	1	4	25	1	94	US	R010062	S008431	2026-03-21
4	1	4	5	2	2	5	4	5	5	64	2	82	US	R010063	S009474	2026-03-11
5	2	5	5	5	4	5	2	4	4	35	1	98	US	R010064	S005642	2026-03-17
2	2	1	2	1	1	1	4	2	2	41	2	92	US	R010065	S008335	2026-02-14
4	4	2	5	3	1	2	3	4	5	44	1	94	US	R010066	S005860	2026-02-11
2	2	2	4	4	4	1	1	4	3	26	1	86	US	R010067	S010474	2026-02-10
4	2	5	5	5	5	4	4	4	5	51	1	85	US	R010068	S009834	2026-02-19
5	3	1	5	2	3	1	1	1	2	35	1	95	US	R010069	S008180	2026-02-23
4	1	4	4	4	3	4	1	1	2	20	1	72	US	R010070	S004058	2026-02-25
2	1	3	3	4	2	1	3	4	4	34	2	89	US	R010071	S007891	2026-03-24
4	2	5	4	4	5	2	3	4	2	30	2	96	US	R010072	S012265	2026-02-28
4	4	5	5	3	4	3	1	5	5	31	1	80	US	R010073	S000040	2026-02-22
4	3	4	4	2	1	4	5	5	4	46	1	89	US	R010074	S006520	2026-03-23
2	1	1	1	4	1	3	1	2	2	40	1	89	US	R010075	S007546	2026-03-25
5	3	4	5	4	1	4	3	3	4	41	1	98	US	R010076	S003809	2026-02-15
2	3	2	3	2	4	5	5	4	2	32	1	97	US	R010077	S003000	2026-03-09
5	2	4	4	4	4	2	3	4	3	21	1	95	US	R010078	S003292	2026-03-18
5	4	4	5	4	4	4	5	5	4	56	2	88	US	R010079	S006937	2026-02-14
4	3	4	4	2	1	4	3	4	5	27	2	80	US	R010080	S005353	2026-02-20
5	5	5	5	5	4	4	5	4	2	18	2	81	US	R010081	S009851	2026-03-18
4	3	4	4	4	4	5	5	4	4	42	1	69	US	R010082	S000610	2026-02-07
2	2	1	4	2	2	3	3	3	2	35	1	89	US	R010083	S010345	2026-03-05
4	1	4	5	4	3	4	3	4	5	37	1	87	US	R010084	S007139	2026-03-26
4	1	1	4	2	1	1	2	1	5	18	1	90	US	R010085	S008286	2026-02-13
2	1	2	5	5	2	5	5	5	5	18	2	98	US	R010086	S012698	2026-03-12
4	1	2	4	3	2	1	4	4	4	24	2	99	US	R010087	S000112	2026-03-23
4	2	4	3	2	2	4	1	4	4	49	2	91	US	R010088	S010485	2026-03-22
5	4	4	3	3	2	5	2	1	5	37	1	48	US	R010089	S007824	2026-03-25
5	2	2	4	4	3	4	3	4	1	47	1	83	US	R010090	S012958	2026-03-09
3	1	4	5	4	2	2	5	4	5	49	1	69	US	R010091	S010144	2026-03-12
4	2	4	5	3	2	5	4	4	5	33	1	86	US	R010092	S003875	2026-02-12
5	4	5	4	5	4	5	4	5	5	18	1	77	US	R010093	S002179	2026-03-14
4	2	3	4	4	3	3	1	2	4	28	1	93	US	R010094	S007477	2026-03-11
5	4	5	5	5	5	5	5	5	5	29	2	75	US	R010095	S012586	2026-02-17
2	2	2	3	1	2	1	4	2	2	26	1	95	US	R010096	S002383	2026-03-25
5	3	5	3	4	5	5	5	5	4	38	1	91	US	R010097	S010554	2026-02-28
4	2	5	4	4	5	5	5	2	5	34	1	96	US	R010098	S006870	2026-02-20
4	3	3	5	4	1	3	3	4	4	45	2	96	US	R010099	S003039	2026-03-18
4	2	3	4	4	2	2	4	4	4	38	2	92	US	R010100	S004978	2026-02-06
2	4	3	4	3	4	4	1	3	1	56	1	98	US	R010101	S010571	2026-03-17
4	4	3	5	4	5	2	2	3	5	24	1	96	US	R010102	S002772	2026-03-16
4	4	4	2	1	2	3	3	3	2	37	2	79	US	R010103	S010019	2026-02-25
3	3	4	5	4	5	2	4	3	5	24	1	82	US	R010104	S008509	2026-02-12
4	2	5	4	3	4	1	4	1	5	18	2	76	US	R010105	S006646	2026-03-14
4	2	4	5	5	4	5	5	4	5	46	2	74	US	R010106	S002272	2026-03-03
4	4	5	5	2	5	5	5	5	5	36	2	85	US	R010107	S003010	2026-03-20
5	4	5	5	5	2	4	3	2	5	31	1	91	US	R010108	S005044	2026-02-11
5	1	5	2	4	1	2	1	1	4	40	1	77	US	R010109	S010049	2026-03-05
4	5	4	4	3	1	2	3	3	4	56	1	95	US	R010110	S008936	2026-03-10
3	1	1	4	2	4	4	4	5	5	25	2	96	US	R010111	S006177	2026-02-05
3	2	4	4	5	5	1	4	5	5	22	2	86	US	R010112	S010517	2026-02-15
5	5	3	5	4	2	4	4	5	4	18	2	93	US	R010113	S000011	2026-02-26
5	4	4	4	4	3	3	3	3	4	34	1	83	US	R010114	S005472	2026-03-27
2	2	2	4	2	4	5	4	3	4	35	2	99	US	R010115	S009227	2026-02-23
4	2	5	5	3	4	5	4	5	5	35	2	83	US	R010116	S012678	2026-03-18
4	2	3	2	3	1	1	2	4	4	21	1	85	US	R010117	S004908	2026-02-14
4	2	2	4	2	2	4	2	4	4	32	2	76	US	R010118	S003751	2026-02-03
2	2	1	5	3	2	2	5	4	4	18	2	98	US	R010119	S011786	2026-03-14
1	3	4	2	2	1	2	2	2	4	32	2	92	US	R010120	S008070	2026-03-19
4	3	3	4	2	1	1	3	1	2	22	2	93	US	R010121	S008940	2026-02-21
5	3	5	5	5	5	4	4	2	4	42	1	84	US	R010122	S007178	2026-02-04
3	3	4	4	3	1	5	4	4	5	41	1	79	US	R010123	S006397	2026-03-02
5	4	4	5	4	5	4	5	4	4	36	1	70	US	R010124	S009240	2026-02-02
5	2	5	5	5	5	5	4	5	5	36	2	96	US	R010125	S000245	2026-02-16
3	2	4	2	2	1	5	5	5	5	26	1	84	US	R010126	S001798	2026-03-12
4	3	4	5	2	2	3	5	4	4	27	2	88	US	R010127	S001148	2026-03-07
4	4	5	4	4	4	3	4	3	4	19	1	63	US	R010128	S008201	2026-02-26
2	4	5	4	4	3	1	2	4	5	20	1	73	US	R010129	S001560	2026-03-02
4	5	3	5	2	4	5	5	5	4	29	1	50	US	R010130	S012569	2026-03-21
2	4	2	3	2	4	1	1	4	3	33	1	92	US	R010131	S010637	2026-02-22
4	1	2	2	1	1	5	4	3	4	45	1	87	US	R010132	S001685	2026-03-03
2	5	2	5	3	1	2	4	4	4	28	2	81	US	R010133	S010323	2026-02-15
2	4	2	2	1	3	1	1	2	3	31	1	95	US	R010134	S012721	2026-03-21
5	5	5	5	5	5	5	4	5	4	44	1	97	US	R010135	S011719	2026-02-06
2	2	2	3	3	4	1	1	2	2	20	1	84	US	R010136	S009885	2026-03-27
2	2	4	4	2	1	2	4	4	2	30	1	62	US	R010137	S003421	2026-03-25
5	3	5	4	3	4	1	4	4	2	18	2	90	US	R010138	S006098	2026-02-24
4	1	3	5	4	2	4	5	5	5	46	1	81	US	R010139	S001382	2026-02-27
4	2	4	4	5	2	3	3	5	5	42	1	95	US	R010140	S009693	2026-02-24
5	1	1	4	3	2	1	2	1	2	26	1	83	US	R010141	S001277	2026-03-06
4	1	4	5	1	1	2	2	2	2	49	1	70	US	R010142	S004597	2026-03-14
5	5	5	4	4	2	2	4	4	5	33	1	80	US	R010143	S012163	2026-02-08
2	4	1	3	2	1	5	2	4	5	62	1	93	US	R010144	S007488	2026-03-07
3	4	4	3	4	2	2	4	2	4	43	1	95	US	R010145	S009968	2026-03-08
4	3	5	5	4	3	2	5	4	5	24	2	91	US	R010146	S011490	2026-02-28
4	2	5	5	4	5	5	4	4	4	41	1	91	US	R010147	S006217	2026-03-17
5	3	5	5	5	3	2	3	2	4	30	2	94	US	R010148	S006258	2026-03-19
5	4	5	5	5	5	4	4	5	5	38	2	85	US	R010149	S005933	2026-02-23
4	2	3	4	2	2	4	5	3	4	43	1	98	US	R010150	S003290	2026-02-18
4	5	4	5	4	3	5	3	4	4	38	1	70	US	R010151	S008031	2026-03-24
5	5	5	5	5	5	4	5	4	4	18	1	72	US	R010152	S004056	2026-02-28
2	2	2	4	3	1	4	4	4	4	43	2	94	US	R010153	S003377	2026-02-04
4	5	4	5	3	4	4	4	5	5	42	1	60	US	R010154	S007023	2026-03-21
1	2	2	4	2	1	4	4	4	4	28	1	82	US	R010155	S008803	2026-02-28
5	1	4	4	2	2	4	5	4	2	37	1	85	US	R010156	S012298	2026-02-12
4	3	5	4	3	4	5	4	2	3	25	1	58	US	R010157	S006810	2026-03-13
4	2	4	5	4	2	5	4	4	4	49	1	92	US	R010158	S008054	2026-02-24
5	2	4	5	5	4	4	5	5	4	32	1	93	US	R010159	S006109	2026-03-04
4	3	3	5	5	2	5	5	4	4	20	2	76	US	R010160	S006462	2026-02-15
5	4	2	5	4	1	4	4	3	4	38	1	99	US	R010161	S005735	2026-03-16
4	2	4	4	3	1	1	4	2	5	18	1	95	US	R010162	S008921	2026-03-22
3	3	2	3	1	2	4	4	5	5	18	2	82	US	R010163	S006561	2026-03-04
2	3	4	2	3	2	5	5	4	5	37	1	89	US	R010164	S012546	2026-03-21
3	4	4	3	3	3	1	3	3	3	47	1	74	US	R010165	S011243	2026-02-06
2	2	4	5	2	4	5	5	2	5	27	2	95	US	R010166	S010610	2026-02-22
5	2	4	4	5	2	5	3	4	4	45	1	73	US	R010167	S001529	2026-03-21
4	1	2	4	2	1	2	3	4	3	27	1	98	US	R010168	S005345	2026-02-10
4	4	4	4	3	4	1	4	2	2	31	1	81	US	R010169	S010858	2026-03-01
4	5	4	4	5	2	1	1	1	4	34	2	97	US	R010170	S004957	2026-02-12
4	2	2	2	1	2	4	4	4	4	26	1	94	US	R010171	S000659	2026-02-08
4	3	3	4	3	2	1	2	4	5	34	1	74	US	R010172	S000285	2026-03-23
4	3	4	5	5	2	3	3	4	4	48	2	97	US	R010173	S001493	2026-02-17
4	1	4	5	4	2	5	5	4	4	24	1	96	US	R010174	S000310	2026-02-25
2	2	4	5	5	4	2	5	2	4	43	1	99	US	R010175	S004452	2026-02-15
5	3	5	5	4	2	4	5	5	4	31	2	99	US	R010176	S002190	2026-02-20
4	2	4	5	4	4	4	4	3	3	35	2	99	US	R010177	S002016	2026-02-17
1	5	2	4	1	1	2	2	4	2	18	1	75	US	R010178	S002061	2026-02-05
2	2	2	5	2	1	4	2	4	3	31	1	95	US	R010179	S008932	2026-02-13
5	2	5	4	4	4	4	3	4	5	48	1	91	US	R010180	S002059	2026-03-18
5	2	1	2	1	1	4	4	2	4	35	2	88	US	R010181	S003086	2026-03-16
4	1	1	4	3	2	5	4	2	4	49	1	78	US	R010182	S007485	2026-02-09
4	3	3	3	2	2	4	4	5	4	25	1	90	US	R010183	S006335	2026-03-19
2	4	1	2	2	1	4	4	4	5	26	1	82	US	R010184	S001858	2026-02-24
4	2	3	3	1	1	4	4	5	4	25	2	80	US	R010185	S006929	2026-02-10
4	4	5	5	3	3	3	3	4	3	19	2	83	US	R010186	S006213	2026-02-05
3	3	2	3	4	2	4	5	4	4	36	1	72	US	R010187	S006316	2026-02-03
4	1	4	5	2	2	3	3	4	4	27	2	93	US	R010188	S001063	2026-03-12
5	4	2	3	3	1	3	5	4	5	64	2	71	US	R010189	S002041	2026-02-12
3	3	2	3	1	2	4	5	3	2	49	1	93	US	R010190	S000841	2026-03-07
5	2	5	5	3	3	5	3	5	4	43	1	83	US	R010191	S005283	2026-03-21
3	2	2	5	4	3	3	2	5	4	18	1	51	US	R010192	S010289	2026-02-22
3	3	1	2	1	1	3	4	5	5	41	2	84	US	R010193	S008397	2026-03-11
4	3	5	4	5	4	5	5	5	5	38	1	71	US	R010194	S001757	2026-03-20
4	1	2	1	4	3	1	2	4	4	31	1	86	US	R010195	S000372	2026-02-12
4	3	5	5	2	5	4	4	5	4	26	2	66	US	R010196	S005928	2026-03-14
4	2	3	2	2	4	5	4	4	5	40	1	90	US	R010197	S012406	2026-02-23
4	2	5	5	4	4	4	5	4	5	44	2	83	US	R010198	S000613	2026-03-11
4	3	5	5	5	1	5	3	5	5	40	1	68	US	R010199	S008327	2026-03-06
1	3	2	4	3	1	2	2	4	5	21	2	85	US	R010200	S009224	2026-02-06
4	2	3	5	5	5	2	3	1	1	49	1	93	US	R010201	S004799	2026-03-08
5	4	1	4	4	2	1	1	2	3	30	1	55	US	R010202	S006797	2026-02-12
5	2	4	5	4	4	4	3	5	4	24	1	78	US	R010203	S011511	2026-03-16
4	2	2	4	2	4	5	5	4	5	28	2	93	US	R010204	S010757	2026-03-05
5	2	4	4	4	5	5	3	4	5	45	1	87	US	R010205	S003600	2026-02-25
2	3	5	2	2	1	2	3	4	2	46	2	91	US	R010206	S000687	2026-02-11
5	4	4	5	4	4	2	4	1	4	48	2	91	US	R010207	S004383	2026-02-16
5	3	4	5	3	2	1	2	1	1	29	1	100	US	R010208	S012584	2026-02-15
4	2	4	4	4	2	1	2	1	4	54	1	87	US	R010209	S012524	2026-02-06
5	4	5	5	5	4	5	4	5	5	34	1	90	US	R010210	S011649	2026-03-21
4	5	5	4	5	4	5	5	5	5	43	1	95	US	R010211	S002253	2026-03-08
5	3	4	5	3	2	4	4	4	5	42	2	97	US	R010212	S007807	2026-02-25
5	2	4	4	1	2	4	4	1	4	18	1	70	US	R010213	S010067	2026-02-25
2	2	2	2	2	1	2	2	4	3	46	2	88	US	R010214	S004494	2026-02-07
5	2	4	5	3	2	4	5	5	4	30	1	85	US	R010215	S007371	2026-02-18
5	5	4	5	4	2	4	5	4	5	18	2	66	US	R010216	S001333	2026-02-18
5	4	3	5	4	5	5	4	5	5	23	1	96	US	R010217	S010904	2026-02-19
5	3	4	4	3	4	3	4	4	4	39	1	75	US	R010218	S003238	2026-02-25
4	2	2	5	3	2	4	4	3	3	23	1	97	US	R010219	S004308	2026-02-20
5	5	5	5	5	4	3	5	4	4	29	1	81	US	R010220	S009123	2026-03-21
3	4	4	5	5	4	4	4	4	4	41	2	86	US	R010221	S003617	2026-02-09
2	2	4	5	5	1	3	1	2	2	26	1	78	US	R010222	S001415	2026-03-21
4	3	2	3	2	2	4	3	3	2	28	1	89	US	R010223	S006647	2026-02-26
4	3	2	4	3	2	4	5	3	2	27	1	82	US	R010224	S006301	2026-03-22
4	5	4	5	4	3	3	4	3	4	30	1	45	US	R010225	S006011	2026-02-18
4	1	3	5	3	2	1	3	4	4	48	2	95	US	R010226	S003829	2026-03-01
4	2	4	5	4	3	4	3	2	5	54	1	96	US	R010227	S005939	2026-03-15
5	5	3	4	2	2	4	4	4	3	24	2	78	US	R010228	S009748	2026-03-04
4	5	5	5	5	5	4	3	4	4	44	2	84	US	R010229	S006287	2026-02-09
4	3	4	5	4	4	3	2	4	4	31	1	49	US	R010230	S007687	2026-02-09
5	2	3	4	1	1	4	3	4	5	35	2	92	US	R010231	S008907	2026-02-14
4	2	2	5	3	2	4	5	5	4	18	1	95	US	R010232	S003351	2026-03-23
5	4	2	5	2	1	4	4	5	5	38	1	93	US	R010233	S009361	2026-03-02
5	4	5	4	4	4	4	3	4	5	39	1	94	US	R010234	S004698	2026-03-12
5	5	4	5	5	2	1	4	4	1	35	2	88	US	R010235	S001203	2026-02-07
4	3	5	5	1	2	2	4	5	5	34	1	91	US	R010236	S008285	2026-02-28
5	4	2	5	3	5	4	4	4	3	52	2	86	US	R010237	S006928	2026-03-04
5	4	5	5	5	5	5	4	5	5	28	2	84	US	R010238	S003726	2026-02-28
4	2	4	4	2	1	1	2	2	2	28	1	94	US	R010239	S008508	2026-02-25
4	1	4	5	4	1	3	4	3	4	18	2	92	US	R010240	S012191	2026-02-17
4	4	5	5	2	5	5	5	5	5	36	2	85	US	R010241	S002168	2026-03-10
4	1	4	5	2	4	1	4	4	4	35	2	74	US	R010242	S005524	2026-03-15
2	2	5	4	4	2	1	3	4	2	42	1	52	US	R010243	S004476	2026-03-11
4	4	3	3	3	2	5	2	4	4	29	1	52	US	R010244	S003842	2026-03-20
5	4	4	5	4	4	4	5	5	4	31	1	78	US	R010245	S003817	2026-03-02
5	1	5	5	5	2	4	3	5	4	18	2	90	US	R010246	S001944	2026-03-14
5	4	4	4	4	3	4	5	5	5	41	2	85	US	R010247	S007258	2026-02-19
2	3	2	4	4	2	2	5	4	3	28	2	85	US	R010248	S003160	2026-02-08
4	2	4	4	1	1	3	3	4	3	21	1	87	US	R010249	S004390	2026-02-10
5	2	4	4	5	5	2	1	4	3	50	2	94	US	R010250	S007332	2026-03-10
5	2	1	5	2	3	2	1	2	3	47	1	92	US	R010251	S002009	2026-02-02
5	3	2	3	3	1	3	4	5	2	25	1	75	US	R010252	S007909	2026-03-18
4	3	4	5	3	2	3	4	4	4	26	1	76	US	R010253	S004015	2026-03-07
5	4	3	5	4	5	5	4	5	5	23	1	96	US	R010254	S003319	2026-03-26
3	4	4	5	3	2	3	3	5	4	26	1	96	US	R010255	S011668	2026-02-02
4	3	4	2	4	2	4	5	3	2	44	2	76	US	R010256	S003154	2026-02-13
5	3	1	3	1	2	1	3	1	4	29	1	93	US	R010257	S001730	2026-03-27
5	1	5	5	5	5	5	5	5	5	18	2	92	US	R010258	S006934	2026-02-05
2	2	2	4	3	3	5	5	5	5	23	2	78	US	R010259	S011946	2026-03-06
5	5	5	5	5	4	2	4	2	4	18	1	83	US	R010260	S008585	2026-03-11
3	2	1	2	2	1	2	4	4	1	18	1	95	US	R010261	S006766	2026-03-06
4	5	4	4	4	2	5	5	5	5	42	1	85	US	R010262	S010125	2026-02-06
3	1	5	5	5	4	1	1	4	2	22	1	51	US	R010263	S008460	2026-03-23
2	2	1	2	1	1	4	2	4	4	31	1	78	US	R010264	S003516	2026-02-24
3	4	1	4	2	1	5	2	5	5	32	1	100	US	R010265	S001541	2026-03-13
5	2	5	5	5	5	4	4	5	4	23	1	73	US	R010266	S007453	2026-03-21
4	5	3	5	5	2	5	4	4	5	37	1	80	US	R010267	S007997	2026-03-10
4	2	3	4	4	3	3	4	5	5	42	1	98	US	R010268	S008025	2026-03-15
4	4	3	5	4	4	4	5	4	5	30	2	89	US	R010269	S005537	2026-02-11
5	2	3	5	3	4	4	4	2	5	18	1	65	US	R010270	S010677	2026-02-07
4	5	3	4	2	2	4	4	5	5	27	2	82	US	R010271	S003288	2026-03-17
2	4	1	3	2	2	3	5	3	4	18	1	70	US	R010272	S011664	2026-03-12
2	1	2	2	3	1	1	1	1	5	43	2	97	US	R010273	S008269	2026-02-27
1	2	1	4	3	1	1	1	1	2	18	2	80	US	R010274	S011585	2026-02-06
2	2	3	4	3	3	1	4	2	2	40	2	83	US	R010275	S011757	2026-02-06
5	2	3	4	4	2	1	4	4	4	26	1	96	US	R010276	S012180	2026-02-21
5	4	4	5	4	4	1	4	3	4	35	1	54	US	R010277	S006080	2026-02-09
4	4	5	5	4	2	2	2	3	4	25	1	70	US	R010278	S000188	2026-02-15
5	4	4	4	2	2	5	5	4	4	42	1	71	US	R010279	S008592	2026-02-10
4	1	2	4	4	1	2	5	2	2	45	1	99	US	R010280	S004921	2026-03-03
1	1	1	5	1	1	4	4	5	5	34	1	81	US	R010281	S000702	2026-03-06
4	2	3	4	3	2	2	1	3	5	32	1	96	US	R010282	S005833	2026-03-21
4	1	2	4	3	1	4	2	1	2	21	1	80	US	R010283	S011636	2026-03-21
5	4	1	4	3	1	4	2	2	4	29	1	92	US	R010284	S005426	2026-03-12
2	3	1	2	1	1	1	2	4	3	35	1	77	US	R010285	S007005	2026-02-10
3	2	4	4	1	3	1	3	2	3	29	2	52	US	R010286	S010100	2026-03-07
5	3	3	5	4	3	1	1	1	2	36	1	85	US	R010287	S002404	2026-02-15
3	2	2	5	3	2	2	3	2	3	56	1	85	US	R010288	S011403	2026-02-10
4	4	5	5	5	5	4	1	4	4	37	2	95	US	R010289	S007482	2026-02-09
4	1	3	5	2	1	4	5	2	1	31	1	97	US	R010290	S009409	2026-02-23
4	2	3	4	4	1	4	4	3	4	58	1	86	US	R010291	S010603	2026-02-18
3	2	5	4	2	2	5	4	4	4	33	1	92	US	R010292	S002334	2026-02-28
5	2	5	4	5	4	5	5	5	5	39	2	97	US	R010293	S004109	2026-02-04
5	5	4	5	4	5	4	5	3	4	29	1	61	US	R010294	S007250	2026-03-20
2	2	2	4	4	1	4	3	5	4	24	1	98	US	R010295	S004158	2026-03-05
4	4	3	5	2	2	5	4	5	4	31	1	83	US	R010296	S006387	2026-03-23
4	2	4	5	4	3	5	2	4	5	31	1	69	US	R010297	S004496	2026-02-19
5	3	4	5	5	4	4	5	4	4	31	1	78	US	R010298	S011314	2026-02-27
5	1	4	5	5	4	5	5	5	4	27	2	97	US	R010299	S004396	2026-02-20
5	2	4	4	1	2	2	1	3	5	55	1	79	US	R010300	S012727	2026-02-04
3	4	3	4	4	1	4	4	2	3	45	1	92	US	R010301	S010367	2026-03-16
3	4	2	3	4	5	4	5	5	4	40	2	89	US	R010302	S006325	2026-03-10
4	2	4	4	4	1	3	4	5	5	36	2	89	US	R010303	S000221	2026-03-08
5	4	1	3	2	1	2	2	2	4	47	1	68	US	R010304	S011058	2026-02-14
4	2	3	5	5	3	5	5	5	5	22	1	95	US	R010305	S005946	2026-03-07
5	2	4	5	3	2	5	3	5	4	27	1	77	US	R010306	S001995	2026-02-07
4	2	1	4	3	2	2	4	4	3	22	1	95	US	R010307	S012953	2026-03-13
4	1	3	5	3	1	2	3	1	2	35	2	77	US	R010308	S006270	2026-02-24
5	4	2	5	5	1	2	4	4	5	57	1	73	US	R010309	S012084	2026-03-08
5	4	2	4	3	2	3	1	3	4	33	1	96	US	R010310	S008415	2026-03-10
4	1	2	1	1	2	2	4	2	3	29	1	93	US	R010311	S006545	2026-02-08
3	5	4	5	2	3	2	2	3	3	41	1	75	US	R010312	S000514	2026-02-21
5	4	5	5	5	4	5	5	5	5	45	1	81	US	R010313	S002466	2026-02-16
4	4	5	5	2	2	5	5	5	5	47	1	91	US	R010314	S006115	2026-02-25
5	4	5	4	4	4	5	3	5	5	26	2	99	US	R010315	S011299	2026-03-16
4	1	4	5	4	2	5	5	4	4	24	1	96	US	R010316	S004346	2026-02-20
3	1	2	2	1	3	3	1	2	3	44	1	88	US	R010317	S007027	2026-02-28
4	4	2	3	3	1	1	1	1	4	45	2	73	US	R010318	S009976	2026-03-05
5	5	5	5	5	4	5	5	5	5	45	1	84	US	R010319	S007503	2026-02-15
4	1	3	4	1	4	2	4	4	3	32	2	77	US	R010320	S001617	2026-03-02
5	1	5	4	5	4	4	3	5	5	19	2	97	US	R010321	S004944	2026-02-27
4	2	3	5	3	2	4	4	2	4	25	2	96	US	R010322	S000283	2026-02-07
3	2	2	5	4	2	2	5	5	5	35	2	80	US	R010323	S008937	2026-02-17
4	2	5	4	5	2	4	5	5	5	40	1	94	US	R010324	S004370	2026-02-10
2	1	2	2	4	3	2	3	2	2	40	1	92	US	R010325	S008463	2026-03-16
3	4	2	4	3	1	3	4	3	4	44	1	96	US	R010326	S005733	2026-03-07
4	2	4	3	2	3	3	2	2	4	32	1	65	US	R010327	S008330	2026-02-08
4	2	2	5	4	2	4	1	2	4	49	1	78	US	R010328	S003206	2026-02-20
4	2	5	4	1	2	5	5	3	5	50	2	94	US	R010329	S010232	2026-02-21
4	2	3	5	4	1	3	3	3	5	32	2	85	US	R010330	S005736	2026-03-13
5	3	5	4	4	2	5	3	5	5	58	1	92	US	R010331	S007586	2026-02-22
4	4	3	4	4	4	1	3	4	1	18	1	90	US	R010332	S006361	2026-03-12
5	5	5	5	5	5	4	4	5	4	34	2	95	US	R010333	S012357	2026-02-26
3	2	3	5	3	1	4	4	4	4	56	1	96	US	R010334	S001290	2026-02-02
5	2	5	4	5	3	5	5	5	5	32	2	96	US	R010335	S001211	2026-02-27
4	4	4	3	3	2	5	4	4	4	25	2	71	US	R010336	S004855	2026-03-27
5	2	5	4	4	5	4	4	4	5	24	2	99	US	R010337	S009763	2026-03-19
5	2	4	4	5	4	4	2	2	3	53	2	50	US	R010338	S006242	2026-02-17
4	5	5	4	5	5	2	5	4	4	35	2	67	US	R010339	S004070	2026-02-10
4	2	2	2	2	1	2	3	3	4	18	2	81	US	R010340	S007854	2026-02-13
4	2	3	3	5	2	3	4	2	5	20	1	88	US	R010341	S009876	2026-02-07
2	4	4	4	2	2	2	2	3	4	20	2	82	US	R010342	S003719	2026-02-11
4	3	5	4	5	4	1	4	2	3	19	2	86	US	R010343	S007283	2026-02-14
1	2	2	3	1	2	4	2	5	4	26	1	76	US	R010344	S005894	2026-02-28
4	4	1	4	1	2	1	4	4	5	21	2	89	US	R010345	S002906	2026-03-15
4	3	4	5	1	2	3	2	3	1	40	2	82	US	R010346	S001224	2026-03-23
4	1	4	2	5	4	1	1	3	2	36	1	97	US	R010347	S010463	2026-02-19
3	2	1	4	2	2	2	4	4	4	18	1	93	US	R010348	S011114	2026-03-20
5	4	4	4	5	3	2	4	4	5	25	1	84	US	R010349	S006834	2026-02-14
3	3	3	4	2	1	2	3	2	1	43	1	93	US	R010350	S004411	2026-02-10
4	3	3	4	2	1	2	4	3	4	42	2	96	US	R010351	S009818	2026-03-20
4	2	5	5	3	3	4	5	4	4	24	1	96	US	R010352	S012024	2026-03-10
4	1	4	4	3	3	4	4	4	4	48	1	92	US	R010353	S012728	2026-02-15
5	2	2	3	1	2	3	4	3	2	34	2	84	US	R010354	S011729	2026-03-12
4	4	3	5	3	1	4	5	4	5	18	1	95	US	R010355	S003384	2026-02-26
3	3	3	3	4	2	4	5	5	5	38	1	74	US	R010356	S012296	2026-02-24
2	1	5	5	5	5	1	4	2	3	49	1	86	US	R010357	S003821	2026-02-22
5	3	4	5	4	4	5	4	5	4	18	1	87	US	R010358	S004608	2026-03-22
5	1	4	5	3	1	2	3	4	1	50	1	91	US	R010359	S001338	2026-02-02
2	2	2	5	1	3	3	5	2	2	42	1	96	US	R010360	S006763	2026-03-17
3	1	5	4	3	2	3	4	3	3	43	1	95	US	R010361	S005080	2026-03-06
2	1	1	4	3	3	1	3	2	1	27	2	82	US	R010362	S009677	2026-03-10
5	2	2	4	4	1	3	4	3	4	38	1	86	US	R010363	S004508	2026-03-26
5	3	2	5	3	3	4	5	4	4	30	2	75	US	R010364	S006683	2026-02-15
4	4	2	4	1	1	1	4	3	3	33	2	96	US	R010365	S012890	2026-02-11
1	1	1	2	2	1	1	2	1	2	28	1	84	US	R010366	S005804	2026-03-24
5	2	4	3	5	4	5	5	5	4	34	1	89	US	R010367	S010028	2026-02-04
2	4	2	5	1	2	4	3	4	4	34	2	71	US	R010368	S012791	2026-02-05
4	1	1	4	1	2	4	4	3	5	18	1	87	US	R010369	S006576	2026-03-19
4	2	4	4	2	2	5	5	5	4	49	1	85	US	R010370	S004609	2026-02-25
4	2	4	5	2	1	4	5	4	5	50	2	90	US	R010371	S009804	2026-02-26
3	4	4	4	1	2	5	4	4	5	37	1	92	US	R010372	S000250	2026-02-26
5	4	4	4	5	5	2	4	2	3	41	2	84	US	R010373	S011391	2026-03-24
3	3	1	3	4	1	2	4	4	5	50	2	71	US	R010374	S008358	2026-03-13
4	2	2	4	3	1	5	4	4	4	32	1	95	US	R010375	S000395	2026-02-04
3	3	5	5	3	5	2	5	5	4	20	1	99	US	R010376	S003449	2026-03-21
4	4	2	4	5	2	2	2	4	5	46	2	88	US	R010377	S011619	2026-03-02
4	4	3	5	4	5	4	5	4	3	34	2	91	US	R010378	S004804	2026-02-22
5	3	2	5	2	5	4	5	4	3	33	1	82	US	R010379	S002593	2026-02-25
5	4	5	4	2	5	3	5	5	4	26	2	77	US	R010380	S000387	2026-03-16
5	5	5	5	5	5	5	5	4	5	34	1	75	US	R010381	S007504	2026-03-05
5	2	3	2	4	3	4	4	4	4	30	1	100	US	R010382	S011615	2026-02-20
5	4	4	3	2	4	5	5	5	4	40	2	99	US	R010383	S007196	2026-02-13
2	2	2	4	3	2	4	1	2	5	40	2	83	US	R010384	S012577	2026-03-06
2	2	4	5	3	4	1	5	1	2	23	2	79	US	R010385	S004810	2026-02-23
4	2	3	5	5	1	4	2	5	5	18	2	63	US	R010386	S004822	2026-03-15
5	4	5	4	4	5	5	5	5	5	34	1	74	US	R010387	S006918	2026-02-19
3	1	3	4	5	4	3	3	3	4	52	1	92	US	R010388	S011264	2026-02-14
4	3	5	5	5	4	5	3	2	4	54	1	86	US	R010389	S001147	2026-03-27
2	3	1	5	2	2	4	4	4	4	27	2	55	US	R010390	S006314	2026-03-24
5	1	5	4	4	2	1	1	4	1	36	1	93	US	R010391	S000656	2026-03-17
4	5	2	1	4	2	3	3	3	5	42	1	89	US	R010392	S012792	2026-02-13
5	3	4	4	4	4	1	4	5	3	29	1	75	US	R010393	S000631	2026-02-24
4	1	5	4	4	2	4	4	2	5	45	1	98	US	R010394	S001065	2026-03-13
4	2	1	4	3	1	3	3	2	2	55	1	88	US	R010395	S009136	2026-02-05
2	4	1	3	2	1	2	4	1	4	51	2	89	US	R010396	S007746	2026-03-08
4	5	4	4	2	1	5	4	5	2	30	2	71	US	R010397	S007189	2026-02-14
4	2	5	5	5	4	5	4	5	3	39	1	92	US	R010398	S011317	2026-03-25
4	2	4	5	1	1	5	5	5	4	38	1	77	US	R010399	S011959	2026-02-26
3	3	5	4	2	2	3	2	4	4	47	1	76	US	R010400	S008979	2026-02-18
2	2	2	4	2	2	2	2	2	2	50	2	81	US	R010401	S001793	2026-03-26
4	2	1	5	4	4	4	4	4	3	23	1	74	US	R010402	S007084	2026-02-10
5	2	3	5	3	2	2	1	4	2	41	2	70	US	R010403	S005858	2026-03-20
2	2	4	2	2	1	4	4	4	4	43	1	93	US	R010404	S007832	2026-03-03
4	2	4	4	2	3	2	3	3	4	24	1	69	US	R010405	S002721	2026-03-26
5	5	5	5	3	2	5	5	4	5	49	1	87	US	R010406	S008499	2026-03-02
4	2	3	2	4	3	4	5	2	4	33	2	93	US	R010407	S012593	2026-02-09
4	3	1	5	2	1	1	2	4	5	26	1	58	US	R010408	S012377	2026-02-22
4	4	4	4	4	5	4	5	2	5	45	2	82	US	R010409	S000487	2026-02-15
3	1	2	3	2	3	5	5	4	5	35	2	87	US	R010410	S004468	2026-02-27
4	3	4	2	2	1	2	4	4	4	36	2	64	US	R010411	S007500	2026-03-23
1	2	1	4	4	1	1	2	1	4	22	1	95	US	R010412	S001774	2026-02-13
5	2	4	4	5	3	4	2	2	2	26	2	97	US	R010413	S000109	2026-03-06
5	1	5	4	5	3	5	4	4	4	28	1	84	US	R010414	S010794	2026-02-20
4	4	2	5	4	3	2	4	4	4	32	1	96	US	R010415	S011895	2026-02-14
2	1	4	5	3	4	5	5	5	4	25	1	83	US	R010416	S007191	2026-03-09
3	2	2	5	2	1	1	2	5	5	46	1	72	US	R010417	S008163	2026-03-03
5	2	5	4	4	5	4	5	5	5	50	2	90	US	R010418	S000677	2026-02-28
4	1	4	4	4	2	3	4	1	4	34	2	92	US	R010419	S001584	2026-02-15
4	4	2	5	4	2	4	5	4	4	37	1	93	US	R010420	S011977	2026-02-19
4	3	4	5	4	2	1	4	2	2	40	2	77	US	R010421	S000990	2026-03-12
4	5	5	4	5	4	4	3	3	4	46	1	98	US	R010422	S000002	2026-02-10
4	1	5	4	2	4	4	5	4	4	33	1	61	US	R010423	S001927	2026-02-24
2	2	2	5	2	2	4	3	4	5	30	2	93	US	R010424	S005195	2026-02-04
5	4	5	4	5	4	1	3	2	4	36	2	97	US	R010425	S003665	2026-03-10
4	2	2	2	4	2	2	1	1	4	18	2	98	US	R010426	S012611	2026-03-14
4	2	5	4	5	2	1	5	3	3	29	1	90	US	R010427	S001278	2026-03-14
4	3	5	5	5	3	3	3	2	1	36	1	88	US	R010428	S006994	2026-02-03
5	2	5	4	4	5	1	3	4	4	42	1	91	US	R010429	S011633	2026-02-09
3	1	3	2	3	1	2	5	2	2	57	1	66	US	R010430	S008102	2026-03-14
4	4	4	5	2	3	2	2	3	5	37	2	66	US	R010431	S003688	2026-02-06
4	2	4	5	5	3	1	2	4	4	49	1	99	US	R010432	S011151	2026-02-07
4	5	2	5	2	3	2	2	2	2	39	1	92	US	R010433	S005453	2026-03-24
1	2	3	4	2	2	3	4	4	4	27	1	73	US	R010434	S005781	2026-03-19
4	3	5	4	3	1	2	3	4	2	31	1	91	US	R010435	S005877	2026-02-06
3	1	2	4	1	2	4	4	4	5	44	1	87	US	R010436	S012209	2026-02-19
4	2	4	5	2	2	4	5	5	5	38	1	86	US	R010437	S008443	2026-03-21
2	1	2	4	2	1	3	2	2	5	26	1	97	US	R010438	S000805	2026-03-27
4	2	2	4	3	5	5	5	4	5	20	1	97	US	R010439	S009041	2026-02-18
2	2	2	3	2	1	4	5	4	3	29	1	78	US	R010440	S000262	2026-03-16
5	2	4	4	2	2	4	3	4	3	18	1	72	US	R010441	S002326	2026-02-15
5	5	4	5	5	5	4	5	4	4	29	1	79	US	R010442	S003663	2026-02-23
3	3	2	4	3	1	4	2	4	3	34	1	91	US	R010443	S000885	2026-03-06
5	1	5	5	4	5	2	4	5	3	38	1	84	US	R010444	S009006	2026-03-18
3	4	2	3	4	1	1	1	5	4	48	2	93	US	R010445	S011766	2026-03-25
5	5	2	2	5	4	4	5	5	4	30	2	92	US	R010446	S003423	2026-03-25
4	3	3	4	2	4	2	5	4	4	24	1	79	US	R010447	S011474	2026-02-28
4	5	4	4	3	2	4	4	3	3	18	1	81	US	R010448	S011064	2026-02-27
1	1	2	4	1	1	5	3	4	2	27	1	98	US	R010449	S004532	2026-03-17
5	2	5	5	4	1	2	4	2	2	41	1	86	US	R010450	S005664	2026-02-24
2	1	4	5	3	4	4	5	4	4	27	2	98	US	R010451	S005473	2026-02-06
4	3	5	5	4	5	4	5	3	5	23	1	97	US	R010452	S008724	2026-02-09
4	4	1	4	2	4	4	5	5	4	18	1	88	US	R010453	S007695	2026-03-15
5	2	4	4	3	2	5	4	5	4	67	2	93	US	R010454	S006850	2026-03-13
5	5	2	2	4	3	4	5	5	4	18	1	59	US	R010455	S003703	2026-03-01
3	1	4	5	2	2	1	2	1	3	47	1	82	US	R010456	S009206	2026-03-19
4	3	5	4	3	5	2	1	3	3	41	1	100	US	R010457	S008913	2026-03-16
3	4	4	5	5	4	2	5	4	2	47	2	92	US	R010458	S011145	2026-02-27
4	3	2	4	4	3	4	4	4	4	42	2	69	US	R010459	S005262	2026-03-19
4	3	5	5	4	2	2	3	3	2	33	1	71	US	R010460	S010722	2026-02-08
3	2	2	5	2	2	2	4	3	4	33	1	88	US	R010461	S002321	2026-02-26
4	2	5	5	5	4	1	3	3	4	23	1	42	US	R010462	S001354	2026-02-12
5	5	4	4	5	3	5	4	4	4	40	1	72	US	R010463	S000735	2026-03-06
2	4	4	5	3	3	2	1	4	4	28	1	73	US	R010464	S012730	2026-02-06
1	1	1	4	5	2	4	5	4	3	27	2	98	US	R010465	S004376	2026-02-16
3	1	3	4	3	2	4	1	4	5	40	1	93	US	R010466	S011174	2026-03-21
2	1	3	4	4	2	3	4	4	4	25	1	95	US	R010467	S009587	2026-02-21
4	3	1	4	1	1	4	5	4	4	32	2	65	US	R010468	S008351	2026-02-19
5	3	4	5	3	4	3	2	2	1	25	2	85	US	R010469	S008378	2026-03-24
4	4	5	5	5	4	4	4	5	5	55	2	76	US	R010470	S004576	2026-02-03
4	1	3	4	2	5	1	2	1	4	41	2	90	US	R010471	S008878	2026-02-25
5	2	5	5	4	5	5	4	4	5	32	2	79	US	R010472	S010024	2026-03-27
1	3	5	4	4	3	5	1	3	4	19	2	63	US	R010473	S010693	2026-03-24
4	2	2	4	2	1	4	5	5	5	25	1	74	US	R010474	S001651	2026-03-18
3	4	2	5	2	2	1	1	1	1	38	1	83	US	R010475	S002297	2026-02-05
4	3	4	3	5	3	2	2	2	3	67	1	68	US	R010476	S004615	2026-02-23
4	2	4	4	4	4	4	2	1	4	35	1	88	US	R010477	S011462	2026-02-27
4	1	2	2	4	4	3	4	1	4	51	2	96	US	R010478	S000497	2026-03-22
3	3	4	4	5	4	5	5	5	5	43	2	80	US	R010479	S012564	2026-02-28
4	4	5	5	4	5	5	5	5	5	18	1	82	US	R010480	S005355	2026-02-25
3	2	1	4	2	3	1	1	1	1	21	1	96	US	R010481	S000535	2026-02-20
4	4	5	5	3	5	5	5	5	5	21	2	94	US	R010482	S004882	2026-02-24
4	3	2	4	5	2	4	3	4	5	34	1	91	US	R010483	S012230	2026-02-02
5	2	2	4	1	3	4	2	2	4	30	1	86	US	R010484	S009350	2026-03-04
4	2	5	5	4	2	2	3	4	2	37	1	78	US	R010485	S004419	2026-03-15
5	4	3	5	5	2	5	5	4	4	34	2	94	US	R010486	S006957	2026-02-18
5	2	4	5	3	2	1	3	1	3	47	1	62	US	R010487	S011982	2026-03-05
4	4	4	2	4	2	5	4	4	4	30	1	88	US	R010488	S010208	2026-02-28
4	4	5	5	4	1	1	1	3	5	18	1	66	US	R010489	S004277	2026-02-20
5	2	4	5	3	2	1	4	4	2	49	1	81	US	R010490	S011520	2026-02-08
5	1	3	4	4	4	1	4	4	5	37	2	97	US	R010491	S005976	2026-02-07
4	2	3	5	2	1	4	5	5	3	25	1	93	US	R010492	S001420	2026-02-10
4	5	5	4	5	4	3	4	2	4	31	1	94	US	R010493	S009742	2026-02-22
4	1	4	4	3	5	2	2	4	3	32	1	100	US	R010494	S008321	2026-02-14
4	5	5	5	4	4	5	5	3	4	18	1	77	US	R010495	S005236	2026-02-12
4	3	3	4	4	5	5	5	3	4	44	1	85	US	R010496	S005102	2026-03-06
4	1	5	5	4	5	1	4	2	2	60	1	71	US	R010497	S006486	2026-02-12
4	2	1	1	2	1	2	4	2	4	35	1	85	US	R010498	S001770	2026-02-22
5	2	4	4	4	3	3	4	4	4	35	1	79	US	R010499	S008311	2026-03-22
5	5	4	5	4	5	3	4	4	5	35	1	89	US	R010500	S000972	2026-02-28
4	4	2	4	2	4	5	5	5	5	28	1	68	US	R010501	S000668	2026-02-08
2	4	3	3	4	2	5	4	5	5	46	1	95	US	R010502	S011049	2026-02-15
4	3	2	5	2	5	2	5	3	2	44	2	73	US	R010503	S002506	2026-03-09
5	2	5	5	5	4	5	5	4	5	29	1	97	US	R010504	S010789	2026-02-28
3	3	2	4	1	3	2	4	1	2	36	1	93	US	R010505	S001680	2026-03-24
4	1	1	4	4	2	1	3	3	2	25	1	73	US	R010506	S010576	2026-02-24
4	5	3	4	2	5	5	5	3	5	40	2	93	US	R010507	S002249	2026-03-13
5	3	1	4	3	1	4	4	1	4	26	1	89	US	R010508	S005245	2026-02-16
5	2	3	4	3	2	4	4	4	5	50	2	97	US	R010509	S010764	2026-02-13
5	2	4	4	4	2	4	3	5	4	28	1	96	US	R010510	S009737	2026-02-27
4	4	4	4	5	3	2	2	2	2	41	2	79	US	R010511	S000187	2026-03-04
5	5	5	5	5	4	3	5	5	4	20	1	81	US	R010512	S011181	2026-02-04
4	4	2	4	2	1	4	4	2	5	57	1	70	US	R010513	S003142	2026-02-23
5	4	5	5	5	5	5	4	5	5	37	1	87	US	R010514	S000082	2026-02-14
5	2	4	5	5	3	4	4	3	4	26	1	97	US	R010515	S011272	2026-03-14
4	5	4	2	2	1	4	4	3	4	30	2	84	US	R010516	S001694	2026-03-24
5	5	4	5	5	5	4	5	5	4	22	1	97	US	R010517	S011587	2026-02-07
2	4	1	3	2	2	1	4	1	2	42	2	97	US	R010518	S004207	2026-03-17
4	2	1	2	2	1	4	4	3	2	23	2	81	US	R010519	S006818	2026-02-18
5	4	1	4	1	1	1	2	2	4	44	1	87	US	R010520	S012438	2026-03-15
5	3	4	5	4	3	1	4	4	3	24	1	94	US	R010521	S010556	2026-02-11
4	3	3	4	5	5	4	4	4	4	32	1	71	US	R010522	S011731	2026-02-28
5	1	3	5	4	4	4	5	5	5	25	1	98	US	R010523	S001142	2026-03-14
4	3	4	4	3	2	5	4	4	3	44	2	90	US	R010524	S007678	2026-02-09
5	2	2	5	4	1	1	3	1	2	27	2	96	US	R010525	S006300	2026-02-22
1	2	4	4	2	1	3	3	4	4	43	2	90	US	R010526	S009509	2026-03-17
4	3	4	5	2	3	4	2	4	4	38	1	87	US	R010527	S010205	2026-02-10
5	2	5	5	5	4	5	4	5	5	26	1	93	US	R010528	S011424	2026-03-04
3	2	2	2	2	3	4	4	4	5	43	1	83	US	R010529	S002458	2026-02-03
4	1	5	4	5	3	4	4	4	4	31	1	92	US	R010530	S004343	2026-02-09
4	5	2	5	4	5	4	4	4	5	55	1	85	US	R010531	S004028	2026-02-02
4	4	3	5	5	1	5	4	4	5	28	2	85	US	R010532	S000123	2026-03-22
5	2	5	4	5	5	2	4	4	5	47	1	91	US	R010533	S009342	2026-02-18
1	1	2	5	2	2	2	1	2	2	24	2	85	US	R010534	S002943	2026-03-24
5	2	4	3	4	3	3	5	4	5	22	1	92	US	R010535	S004045	2026-03-15
4	1	2	4	3	2	1	3	4	3	40	2	81	US	R010536	S002449	2026-02-19
5	3	5	2	4	3	2	4	5	5	19	1	84	US	R010537	S007988	2026-02-17
4	4	5	5	4	4	3	4	2	4	21	1	68	US	R010538	S005208	2026-03-09
4	2	3	5	2	4	5	3	4	5	53	1	89	US	R010539	S001999	2026-03-03
5	2	3	5	4	5	4	2	2	4	22	2	91	US	R010540	S001390	2026-03-04
2	4	4	3	5	5	4	5	4	4	37	1	88	US	R010541	S000212	2026-03-21
3	2	4	4	4	2	4	4	4	5	19	1	56	US	R010542	S004313	2026-02-08
5	4	5	5	4	4	4	4	4	4	31	1	80	US	R010543	S001199	2026-02-09
4	2	3	2	2	1	3	3	4	1	18	1	90	US	R010544	S012006	2026-02-18
5	1	2	4	4	1	1	3	4	4	45	2	94	US	R010545	S011974	2026-02-20
5	3	5	4	3	4	1	4	4	4	18	1	57	US	R010546	S008710	2026-02-18
4	2	4	5	4	3	2	5	4	2	57	1	86	US	R010547	S010876	2026-02-24
2	3	4	5	5	1	4	5	5	5	32	2	84	US	R010548	S004457	2026-02-19
4	3	4	3	3	4	3	2	2	5	30	1	94	US	R010549	S006817	2026-03-21
4	1	3	4	5	3	3	4	3	2	33	1	80	US	R010550	S005103	2026-03-10
5	2	5	5	2	2	1	2	4	5	18	1	96	US	R010551	S001418	2026-02-27
3	4	4	5	4	5	4	5	4	2	45	2	88	US	R010552	S006254	2026-03-08
3	2	2	4	2	2	2	3	4	2	32	1	73	US	R010553	S008624	2026-02-27
2	5	5	5	3	3	3	1	2	5	31	2	82	US	R010554	S003458	2026-02-20
4	2	1	4	3	2	2	3	4	4	23	1	96	US	R010555	S009506	2026-03-02
5	2	4	4	3	1	4	4	5	5	44	1	84	US	R010556	S001297	2026-03-25
4	1	3	3	2	4	4	5	4	5	21	1	75	US	R010557	S002427	2026-02-02
5	1	5	5	5	4	5	4	5	4	28	2	93	US	R010558	S001234	2026-03-01
5	5	4	5	4	5	5	5	5	4	31	2	76	US	R010559	S009390	2026-02-27
4	3	5	4	5	5	1	2	2	4	47	1	76	US	R010560	S005594	2026-02-27
5	2	4	5	4	5	4	3	2	1	33	2	93	US	R010561	S006341	2026-03-12
5	2	4	3	4	4	1	4	5	4	42	2	48	US	R010562	S006027	2026-03-05
2	1	4	3	2	1	1	3	2	3	33	2	85	US	R010563	S001377	2026-03-12
5	2	4	5	4	3	2	2	2	4	33	1	93	US	R010564	S009536	2026-02-07
5	2	3	3	5	4	1	1	1	1	19	2	77	US	R010565	S008730	2026-03-12
4	2	2	1	1	1	3	4	3	4	18	2	89	US	R010566	S012954	2026-03-08
3	3	2	4	4	1	1	2	4	5	35	1	81	US	R010567	S008890	2026-02-17
3	1	1	1	1	1	2	4	2	4	18	2	95	US	R010568	S012307	2026-02-11
5	1	4	5	4	3	5	5	4	4	39	1	75	US	R010569	S008352	2026-03-27
4	2	3	5	4	3	2	2	4	3	36	2	69	US	R010570	S006995	2026-03-23
5	2	4	4	4	3	2	4	4	4	24	1	98	US	R010571	S005429	2026-03-19
5	5	2	4	2	2	5	1	3	3	19	1	92	US	R010572	S007629	2026-03-09
5	3	4	5	4	2	4	1	1	4	48	2	87	US	R010573	S004479	2026-02-26
3	1	3	5	1	1	2	3	2	2	36	1	79	US	R010574	S010796	2026-03-09
4	2	2	5	3	2	3	4	4	3	58	1	72	US	R010575	S006519	2026-03-09
4	4	2	3	2	2	2	1	4	2	27	1	94	US	R010576	S006097	2026-03-06
2	1	2	2	2	1	1	3	3	4	26	1	84	US	R010577	S003477	2026-03-12
4	4	3	4	5	1	5	4	1	5	36	1	85	US	R010578	S002996	2026-02-05
5	2	5	5	5	2	3	1	3	2	38	2	91	US	R010579	S009997	2026-03-24
5	2	4	5	5	5	2	5	2	2	39	1	94	US	R010580	S000865	2026-03-04
4	1	4	4	2	2	5	3	4	4	35	1	90	US	R010581	S001805	2026-02-12
4	2	4	5	5	4	4	5	5	5	46	2	90	US	R010582	S008455	2026-03-12
4	4	5	5	5	5	5	5	5	5	24	2	93	US	R010583	S008191	2026-02-14
5	4	3	4	4	2	5	5	4	4	18	1	75	US	R010584	S012197	2026-03-26
4	5	3	5	5	5	4	4	4	1	28	1	80	US	R010585	S009813	2026-03-02
5	5	5	5	3	5	4	5	5	4	20	1	92	US	R010586	S007998	2026-02-11
1	2	1	3	2	1	4	4	4	5	35	1	70	US	R010587	S006297	2026-03-20
3	3	2	4	3	2	3	4	4	4	26	1	43	US	R010588	S007724	2026-03-12
5	4	5	5	5	5	1	2	1	4	18	2	80	US	R010589	S005408	2026-02-08
5	3	4	5	4	2	4	4	4	4	42	2	89	US	R010590	S008504	2026-02-10
5	2	4	4	4	2	4	4	4	3	42	1	75	US	R010591	S006550	2026-02-04
4	2	4	4	3	4	4	4	4	5	25	1	85	US	R010592	S007638	2026-02-02
4	4	2	4	4	3	1	2	2	2	21	1	53	US	R010593	S011287	2026-02-25
4	5	5	3	5	4	4	5	3	4	45	2	84	US	R010594	S000367	2026-02-03
4	4	3	3	3	1	1	4	4	4	18	1	78	US	R010595	S001653	2026-02-13
4	4	3	5	5	4	3	5	5	5	24	2	79	US	R010596	S000203	2026-02-06
4	1	3	5	3	1	2	2	2	4	37	1	62	US	R010597	S010870	2026-03-08
5	5	3	3	3	2	3	4	5	5	39	1	38	US	R010598	S009873	2026-03-27
3	1	3	4	4	2	2	5	5	4	31	1	78	US	R010599	S005647	2026-03-01
5	2	5	5	4	1	5	5	4	5	31	1	99	US	R010600	S005241	2026-02-09
3	5	3	5	4	2	4	3	5	2	37	2	68	US	R010601	S011068	2026-02-05
5	2	5	4	5	5	5	4	5	4	30	1	94	US	R010602	S002392	2026-03-22
3	2	4	4	4	4	4	4	4	4	21	2	92	US	R010603	S002459	2026-03-18
4	3	4	4	5	3	5	5	5	4	18	2	87	US	R010604	S008037	2026-03-02
5	3	4	4	5	1	4	4	4	2	36	1	94	US	R010605	S005476	2026-03-14
5	1	4	4	3	2	5	5	5	5	42	2	88	US	R010606	S009143	2026-02-16
5	2	5	4	5	5	4	3	2	4	30	1	86	US	R010607	S001363	2026-02-02
4	2	2	2	1	1	1	1	1	3	24	1	76	US	R010608	S008343	2026-02-18
4	2	4	4	4	5	2	1	4	4	40	2	74	US	R010609	S004115	2026-02-03
5	3	5	5	5	5	1	3	2	2	18	2	75	US	R010610	S004826	2026-02-02
2	2	4	5	3	2	4	4	2	5	48	2	65	US	R010611	S002505	2026-02-03
5	5	5	5	5	5	5	4	4	4	42	1	95	US	R010612	S001950	2026-03-24
5	4	2	5	3	5	4	2	4	4	38	1	96	US	R010613	S000817	2026-03-01
4	2	4	4	4	4	2	3	5	4	39	1	84	US	R010614	S011887	2026-02-25
5	2	5	5	4	3	5	3	5	5	52	2	86	US	R010615	S008204	2026-02-20
5	2	4	4	4	2	3	2	3	4	24	1	90	US	R010616	S009594	2026-02-24
4	3	5	5	5	5	2	5	1	1	50	2	96	US	R010617	S008575	2026-03-18
1	3	4	3	4	1	1	1	4	2	59	2	85	US	R010618	S007686	2026-03-02
4	3	4	4	4	4	2	4	4	4	25	1	38	US	R010619	S000996	2026-02-02
3	1	1	3	2	1	4	2	2	4	18	2	95	US	R010620	S009398	2026-02-09
4	1	1	4	2	1	1	2	2	1	22	2	74	US	R010621	S004435	2026-03-05
3	2	4	5	1	2	3	4	5	4	42	1	80	US	R010622	S001964	2026-03-26
4	3	3	5	3	1	1	3	4	4	37	1	84	US	R010623	S005640	2026-02-22
2	2	2	4	3	1	2	2	5	5	43	1	75	US	R010624	S003593	2026-02-17
5	3	4	4	4	2	3	2	2	5	25	1	86	US	R010625	S005391	2026-02-09
5	3	5	4	4	2	4	5	4	2	24	2	71	US	R010626	S006684	2026-02-16
4	2	3	2	4	4	4	4	5	3	40	1	79	US	R010627	S004560	2026-03-14
4	2	2	5	3	1	4	2	4	4	36	1	93	US	R010628	S009543	2026-03-20
3	5	5	5	4	2	1	3	1	3	40	1	93	US	R010629	S006304	2026-03-24
5	5	4	4	4	4	2	4	4	4	40	2	85	US	R010630	S003901	2026-02-11
5	3	5	5	4	3	5	5	5	5	31	1	82	US	R010631	S002683	2026-03-01
1	1	2	4	4	1	4	4	5	2	61	1	91	US	R010632	S008165	2026-02-12
4	1	3	4	2	3	4	1	3	1	35	1	82	US	R010633	S008716	2026-03-22
3	3	5	4	2	3	4	4	5	5	45	2	95	US	R010634	S009703	2026-03-04
5	3	4	4	4	4	5	3	4	5	22	1	78	US	R010635	S008147	2026-02-16
5	5	3	5	2	4	4	4	4	5	40	1	80	US	R010636	S000488	2026-02-20
3	3	4	4	4	5	2	4	3	3	33	1	89	US	R010637	S006595	2026-03-12
1	2	4	5	4	1	2	4	2	4	30	1	96	US	R010638	S005287	2026-02-26
3	1	4	4	3	1	2	5	2	4	31	2	58	US	R010639	S009514	2026-03-18
4	2	5	5	4	3	3	5	4	4	37	2	84	US	R010640	S000742	2026-03-23
5	4	4	2	2	2	4	3	3	1	18	1	84	US	R010641	S008775	2026-03-07
3	3	4	5	5	1	3	2	5	4	43	2	75	US	R010642	S011166	2026-02-23
4	2	4	3	2	2	2	1	1	3	33	1	69	US	R010643	S008344	2026-03-11
4	3	5	5	4	3	1	4	5	3	36	1	92	US	R010644	S009425	2026-03-06
4	2	2	5	4	2	1	4	1	4	25	1	90	US	R010645	S012516	2026-02-20
2	2	1	3	1	2	1	3	1	3	56	2	96	US	R010646	S004459	2026-03-02
3	2	4	3	2	3	2	4	4	5	27	1	80	US	R010647	S008961	2026-03-09
2	2	2	4	1	2	1	2	2	1	23	1	99	US	R010648	S006306	2026-02-15
4	1	3	4	4	5	3	4	4	5	40	1	86	US	R010649	S008745	2026-03-22
4	3	1	4	1	4	1	1	3	1	31	2	83	US	R010650	S012528	2026-03-17
5	4	5	4	2	3	5	4	5	5	19	2	90	US	R010651	S006963	2026-03-13
5	2	4	4	4	5	4	2	4	3	41	2	52	US	R010652	S012349	2026-02-06
3	4	3	3	4	1	3	4	3	5	32	1	92	US	R010653	S009902	2026-03-19
5	4	5	5	5	4	4	4	2	3	38	1	92	US	R010654	S007540	2026-03-14
5	4	3	4	2	1	5	4	4	4	23	1	90	US	R010655	S010729	2026-02-04
5	2	5	5	5	5	4	4	4	2	41	2	64	US	R010656	S000621	2026-03-03
5	4	4	5	4	5	1	2	4	4	20	1	78	US	R010657	S011168	2026-02-17
4	1	2	5	1	1	1	1	1	2	34	2	89	US	R010658	S011390	2026-02-20
5	3	4	5	4	4	2	4	4	4	36	1	88	US	R010659	S010918	2026-02-14
4	4	3	5	5	1	2	3	4	2	37	1	86	US	R010660	S009281	2026-02-13
2	2	4	2	3	1	5	5	4	5	38	1	93	US	R010661	S006959	2026-02-24
5	1	2	4	2	1	4	5	4	5	34	1	79	US	R010662	S008952	2026-02-05
1	2	3	3	3	2	1	3	3	4	36	1	93	US	R010663	S007943	2026-03-04
1	2	1	3	2	1	3	4	4	3	32	1	86	US	R010664	S008654	2026-03-01
3	5	2	2	3	2	3	4	4	2	25	1	85	US	R010665	S008900	2026-02-02
4	4	3	4	3	2	1	1	4	5	44	1	91	US	R010666	S004484	2026-03-13
5	5	5	5	4	4	4	5	4	5	21	2	88	US	R010667	S006737	2026-02-09
2	3	1	4	1	1	1	3	4	2	47	2	76	US	R010668	S001264	2026-02-19
1	2	2	4	2	1	2	3	4	4	38	1	74	US	R010669	S002540	2026-03-25
5	2	2	5	4	3	4	4	4	4	36	1	85	US	R010670	S011180	2026-03-27
4	2	4	5	2	2	4	2	4	4	42	1	67	US	R010671	S008806	2026-03-24
4	2	4	4	4	2	3	3	3	1	36	1	81	US	R010672	S010868	2026-03-18
2	1	4	3	3	3	4	4	4	3	28	2	64	US	R010673	S011439	2026-02-17
5	3	5	5	5	5	5	5	5	5	29	2	95	US	R010674	S012638	2026-02-13
1	1	1	3	1	1	2	2	2	1	19	1	48	US	R010675	S001981	2026-02-06
4	5	4	3	2	2	2	2	3	1	22	1	84	US	R010676	S001375	2026-03-01
5	3	1	4	3	2	2	2	3	4	24	1	65	US	R010677	S005757	2026-03-04
5	5	3	5	3	3	5	5	5	5	57	1	73	US	R010678	S001713	2026-03-25
5	2	3	4	2	2	3	1	4	3	30	1	92	US	R010679	S002852	2026-03-07
2	4	4	4	3	1	2	3	3	5	24	1	82	US	R010680	S000989	2026-03-05
4	4	5	4	3	4	4	5	3	4	39	1	68	US	R010681	S006952	2026-02-22
4	1	4	4	4	4	3	4	4	4	40	1	73	US	R010682	S005383	2026-02-27
4	4	5	5	4	4	4	5	5	4	36	1	95	US	R010683	S007376	2026-02-15
2	3	2	4	5	2	5	4	4	3	31	1	96	US	R010684	S003412	2026-02-27
2	3	3	4	3	4	1	2	3	4	49	1	76	US	R010685	S011330	2026-02-12
4	4	4	4	4	4	4	5	4	5	29	1	88	US	R010686	S004126	2026-02-04
5	3	4	5	4	4	5	5	5	4	37	1	83	US	R010687	S008039	2026-02-03
5	4	5	5	5	5	5	4	4	5	33	1	71	US	R010688	S003058	2026-03-11
5	2	5	4	5	4	5	5	5	5	39	2	97	US	R010689	S005490	2026-02-20
4	2	3	5	5	4	5	4	4	5	30	1	92	US	R010690	S001887	2026-03-04
4	2	2	2	1	1	2	5	4	4	19	2	65	US	R010691	S003121	2026-03-22
5	2	4	4	5	5	4	1	3	4	49	2	80	US	R010692	S002149	2026-02-11
4	2	4	4	3	3	1	5	2	3	36	1	88	US	R010693	S004587	2026-02-16
2	2	4	5	3	3	4	3	5	5	41	2	93	US	R010694	S012756	2026-03-21
2	3	3	2	2	1	2	5	4	4	32	2	92	US	R010695	S012391	2026-03-16
4	1	3	3	4	2	4	4	2	3	40	1	89	US	R010696	S004564	2026-03-26
3	5	4	5	4	2	3	4	4	4	35	2	82	US	R010697	S004866	2026-03-10
5	1	3	5	3	2	1	4	1	4	51	1	96	US	R010698	S006492	2026-03-03
4	1	4	3	4	3	4	5	5	4	22	2	65	US	R010699	S001577	2026-03-07
4	5	3	5	5	4	5	4	4	5	38	1	90	US	R010700	S001194	2026-03-09
5	5	4	5	4	5	3	4	4	4	18	1	98	US	R010701	S004230	2026-02-13
1	3	2	4	2	4	4	4	4	3	18	2	62	US	R010702	S008741	2026-02-06
4	3	3	5	3	2	3	5	2	2	34	2	82	US	R010703	S001900	2026-03-09
4	2	5	5	2	5	5	4	4	4	38	2	88	US	R010704	S006874	2026-03-26
2	2	2	5	1	1	4	1	5	4	29	2	95	US	R010705	S001369	2026-03-22
4	3	4	4	3	4	1	2	1	1	38	1	97	US	R010706	S009165	2026-02-22
5	2	2	5	4	2	5	4	5	5	35	1	82	US	R010707	S006157	2026-03-25
4	4	5	4	4	5	4	2	4	4	43	2	90	US	R010708	S009454	2026-03-26
1	2	4	3	2	2	2	3	4	4	38	2	87	US	R010709	S011685	2026-03-12
5	1	5	4	5	4	4	3	5	5	22	1	90	US	R010710	S001019	2026-02-26
4	3	5	5	5	3	2	2	1	4	35	2	88	US	R010711	S002195	2026-03-03
4	2	4	4	4	5	2	4	3	1	36	2	90	US	R010712	S008026	2026-02-23
5	4	5	5	5	4	4	5	4	5	52	1	58	US	R010713	S010845	2026-02-02
5	5	5	5	5	2	4	5	5	4	28	2	94	US	R010714	S000263	2026-03-10
3	3	3	4	4	1	3	2	1	3	44	2	88	US	R010715	S003561	2026-02-20
2	5	2	2	1	2	2	3	3	3	43	1	81	US	R010716	S000712	2026-02-13
4	4	3	5	4	2	5	5	5	4	41	1	94	US	R010717	S010286	2026-03-19
4	3	2	4	2	4	1	2	3	1	50	2	89	US	R010718	S003934	2026-02-05
5	1	5	5	3	5	3	4	4	3	32	1	79	US	R010719	S005200	2026-03-20
2	3	3	5	3	2	4	4	4	4	40	1	95	US	R010720	S000876	2026-03-26
3	4	2	5	5	2	2	2	3	2	30	2	74	US	R010721	S002192	2026-02-10
4	1	1	4	3	1	1	3	4	4	18	2	90	US	R010722	S005254	2026-02-28
5	3	4	5	5	2	5	3	5	5	43	1	90	US	R010723	S000422	2026-03-21
4	2	2	5	3	3	3	5	4	3	28	2	92	US	R010724	S011836	2026-02-16
5	2	3	2	2	5	2	2	2	2	41	1	97	US	R010725	S001137	2026-03-20
5	2	4	3	5	3	3	4	3	5	46	2	96	US	R010726	S001076	2026-02-02
2	2	4	3	3	3	5	2	4	2	44	2	80	US	R010727	S004915	2026-03-16
5	2	4	3	4	4	2	1	2	5	27	1	80	US	R010728	S008721	2026-03-08
4	2	4	5	2	3	1	3	2	3	39	1	90	US	R010729	S012963	2026-02-25
5	4	5	4	4	2	3	2	4	3	47	2	88	US	R010730	S001229	2026-02-13
5	2	3	4	3	4	2	4	4	4	37	1	75	US	R010731	S004696	2026-03-22
4	2	4	4	3	2	5	4	4	4	42	1	77	US	R010732	S010860	2026-03-06
2	2	4	3	2	2	4	1	1	4	27	1	66	US	R010733	S004354	2026-02-28
4	2	2	4	2	1	4	4	1	4	28	1	94	US	R010734	S006042	2026-02-06
4	3	2	5	4	2	1	3	2	4	35	2	82	US	R010735	S005197	2026-03-08
4	4	4	4	4	1	2	3	2	4	43	1	86	US	R010736	S003682	2026-02-25
5	5	2	4	4	4	5	3	5	4	23	2	97	US	R010737	S009246	2026-03-06
5	4	4	5	2	3	3	5	4	2	37	2	91	US	R010738	S002254	2026-03-12
4	3	2	4	2	1	4	4	4	4	32	1	79	US	R010739	S011379	2026-02-16
4	1	1	2	1	1	4	5	3	5	26	1	91	US	R010740	S002060	2026-02-25
4	2	4	4	1	1	2	4	2	4	20	1	72	US	R010741	S003536	2026-02-13
5	2	4	3	2	4	3	2	1	1	28	1	66	US	R010742	S007100	2026-02-24
2	2	2	4	2	2	1	4	1	3	27	1	72	US	R010743	S006506	2026-02-25
5	3	2	4	1	3	1	1	3	2	51	2	95	US	R010744	S002166	2026-03-10
4	2	3	5	2	2	4	4	4	5	44	1	82	US	R010745	S004384	2026-02-13
3	4	5	4	4	2	3	4	5	3	51	2	71	US	R010746	S003348	2026-02-21
4	4	3	4	5	5	3	2	1	2	27	2	86	US	R010747	S005470	2026-02-19
3	2	2	5	4	3	3	5	4	3	39	1	61	US	R010748	S009479	2026-03-21
3	2	2	3	3	1	5	3	3	3	35	2	87	US	R010749	S009300	2026-02-02
4	3	2	4	3	4	3	2	5	3	38	1	69	US	R010750	S000706	2026-03-06
4	4	3	4	2	3	4	4	4	2	32	2	62	US	R010751	S007560	2026-03-19
4	3	3	4	2	3	5	5	4	4	26	1	82	US	R010752	S004695	2026-02-02
4	2	3	5	4	1	4	4	4	5	28	1	74	US	R010753	S000646	2026-03-01
5	4	2	4	3	3	5	4	3	2	28	2	97	US	R010754	S005432	2026-02-07
4	4	1	2	2	1	3	4	4	3	38	2	84	US	R010755	S000595	2026-02-28
1	3	1	3	1	2	4	3	3	3	30	1	83	US	R010756	S005613	2026-02-22
4	2	4	3	4	2	5	4	4	5	22	2	72	US	R010757	S003571	2026-03-23
5	1	2	5	2	3	1	4	4	2	30	1	86	US	R010758	S011843	2026-03-23
5	2	2	5	5	4	2	3	4	4	32	1	87	US	R010759	S009944	2026-03-14
5	5	5	5	5	4	5	5	5	5	35	2	78	US	R010760	S000508	2026-03-24
4	4	3	4	4	2	5	5	5	4	35	1	61	US	R010761	S001361	2026-03-12
5	4	4	4	4	3	3	4	5	4	48	1	85	US	R010762	S004530	2026-02-19
5	5	4	4	4	2	5	4	4	5	27	2	78	US	R010763	S002294	2026-03-16
4	3	1	5	2	2	5	5	4	2	53	1	87	US	R010764	S007679	2026-03-02
4	2	2	5	2	5	2	4	5	4	33	2	70	US	R010765	S006612	2026-02-18
2	3	4	5	4	4	1	1	2	2	28	1	95	US	R010766	S002982	2026-02-19
5	2	5	4	4	3	2	1	3	3	54	1	93	US	R010767	S007406	2026-02-05
5	2	5	4	5	3	4	5	4	4	39	1	98	US	R010768	S002116	2026-03-19
5	2	4	5	5	2	5	4	5	5	34	1	83	US	R010769	S009318	2026-02-20
4	4	4	5	5	5	1	1	2	1	25	1	58	US	R010770	S009382	2026-03-07
3	4	4	4	2	4	2	2	4	2	36	1	78	US	R010771	S011797	2026-03-24
2	1	2	4	4	1	1	3	3	2	35	1	66	US	R010772	S011737	2026-02-03
4	4	1	4	1	3	2	2	5	4	27	1	84	US	R010773	S006882	2026-03-09
4	4	3	2	2	3	2	1	5	4	35	2	50	US	R010774	S003221	2026-02-11
5	4	5	4	5	3	4	5	2	4	41	1	48	US	R010775	S002500	2026-02-09
4	2	2	4	5	5	3	4	4	4	37	1	82	US	R010776	S011189	2026-03-04
5	4	2	5	5	3	3	4	2	3	42	2	96	US	R010777	S004290	2026-02-19
4	5	4	3	5	2	2	5	5	1	33	2	88	US	R010778	S012351	2026-02-25
5	3	4	4	4	2	4	4	5	2	21	1	93	US	R010779	S003051	2026-02-10
4	2	1	4	2	1	2	4	2	3	40	2	96	US	R010780	S011372	2026-03-19
4	3	3	5	3	2	1	2	2	4	57	1	91	US	R010781	S006988	2026-03-12
4	4	3	4	4	3	2	2	2	4	32	2	93	US	R010782	S005295	2026-03-10
5	3	1	5	4	2	2	4	5	3	36	1	97	US	R010783	S008626	2026-03-12
2	5	3	4	4	1	4	5	5	5	25	1	47	US	R010784	S005250	2026-02-09
5	4	2	2	1	1	2	2	4	3	42	2	93	US	R010785	S004348	2026-02-19
5	4	5	5	5	5	4	5	4	4	37	1	85	US	R010786	S010908	2026-02-22
4	1	4	5	5	3	4	5	4	5	27	1	93	US	R010787	S007773	2026-03-19
5	1	4	4	4	4	2	4	2	4	24	2	82	US	R010788	S008686	2026-03-14
5	4	3	4	4	2	3	5	4	5	38	1	83	US	R010789	S003346	2026-03-26
5	3	1	4	1	1	5	5	5	3	37	2	89	US	R010790	S012787	2026-03-15
5	2	2	5	2	5	2	5	4	5	33	1	80	US	R010791	S002770	2026-02-08
2	4	4	4	5	5	4	3	4	5	25	2	94	US	R010792	S012170	2026-03-09
3	4	2	5	2	2	4	2	5	4	31	1	91	US	R010793	S012463	2026-03-21
2	2	4	5	5	5	5	4	5	4	20	1	86	US	R010794	S001546	2026-03-03
2	2	4	4	2	2	1	5	2	4	40	1	98	US	R010795	S006329	2026-02-23
4	3	1	5	2	1	1	2	1	3	34	2	93	US	R010796	S009929	2026-03-26
5	2	4	5	4	3	5	5	5	5	49	2	79	US	R010797	S004014	2026-02-03
5	2	3	4	3	4	5	5	5	4	41	1	88	US	R010798	S008161	2026-03-02
4	2	1	5	5	2	2	4	2	4	27	2	69	US	R010799	S010061	2026-03-27
3	3	2	4	2	1	4	3	4	4	30	2	85	US	R010800	S010490	2026-02-10
5	4	3	5	5	4	5	2	3	2	39	2	91	US	R010801	S000287	2026-03-13
2	3	1	2	1	1	2	2	4	4	35	2	84	US	R010802	S012303	2026-03-04
2	5	4	2	2	2	4	2	2	4	29	1	61	US	R010803	S009532	2026-02-04
3	2	3	5	2	1	1	5	3	5	21	1	72	US	R010804	S010970	2026-02-13
3	5	5	4	5	2	1	2	3	1	46	2	99	US	R010805	S001113	2026-03-04
4	5	5	5	4	2	2	4	4	4	46	2	96	US	R010806	S005323	2026-03-07
4	4	2	3	2	4	1	4	4	1	21	1	84	US	R010807	S011873	2026-03-13
3	2	2	5	4	2	4	2	5	4	37	1	91	US	R010808	S003415	2026-03-20
4	5	4	3	4	2	5	5	4	4	45	1	98	US	R010809	S001287	2026-03-25
4	1	3	1	4	4	2	3	2	2	38	1	82	US	R010810	S004785	2026-02-08
5	4	1	4	1	1	2	2	3	1	40	1	95	US	R010811	S001470	2026-03-25
3	1	2	4	2	2	4	5	5	4	33	2	90	US	R010812	S012825	2026-02-14
5	4	5	4	5	3	4	4	4	4	38	2	99	US	R010813	S003140	2026-02-09
4	4	3	4	2	5	2	2	2	2	37	2	99	US	R010814	S009941	2026-03-06
4	4	4	5	4	5	1	2	1	2	42	1	89	US	R010815	S007620	2026-03-27
5	1	2	4	2	2	4	5	4	4	42	2	70	US	R010816	S003467	2026-02-16
2	1	2	5	2	1	1	3	3	2	25	1	81	US	R010817	S010892	2026-02-28
2	2	4	2	2	1	1	4	4	2	46	1	74	US	R010818	S001872	2026-02-16
4	4	3	1	2	1	1	3	2	4	35	1	89	US	R010819	S001118	2026-03-01
4	4	3	5	5	4	2	1	3	4	29	1	92	US	R010820	S012608	2026-03-12
4	3	3	4	4	4	4	4	4	4	26	2	93	US	R010821	S010879	2026-03-26
1	4	2	4	3	1	4	2	4	3	37	1	79	US	R010822	S007658	2026-03-07
4	5	1	2	4	1	3	4	2	1	30	1	85	US	R010823	S005242	2026-02-23
2	1	5	5	4	1	4	5	4	5	47	1	79	US	R010824	S005543	2026-03-13
5	5	3	5	2	1	5	5	5	5	28	1	89	US	R010825	S004064	2026-03-16
5	3	4	2	4	3	4	4	5	4	22	2	98	US	R010826	S006603	2026-02-02
4	2	4	5	4	3	4	4	5	5	50	2	94	US	R010827	S004825	2026-03-02
5	4	4	4	3	3	4	4	4	4	38	1	64	US	R010828	S004854	2026-03-13
3	3	2	4	1	2	2	4	1	4	44	2	77	US	R010829	S000703	2026-03-25
4	5	5	2	3	4	5	3	5	5	30	1	59	US	R010830	S003581	2026-03-11
5	4	4	5	3	2	1	1	4	4	64	2	81	US	R010831	S003273	2026-03-18
2	3	2	5	5	4	4	3	5	3	36	1	68	US	R010832	S001003	2026-03-06
4	4	4	1	3	2	4	3	4	3	39	2	94	US	R010833	S006517	2026-03-22
5	3	5	5	4	3	4	4	2	3	46	2	88	US	R010834	S003099	2026-03-21
1	4	4	2	2	2	5	4	5	5	47	1	92	US	R010835	S012798	2026-02-08
2	2	2	3	2	1	3	4	4	4	43	1	84	US	R010836	S002664	2026-03-24
3	3	1	4	2	1	1	1	2	1	38	1	94	US	R010837	S008858	2026-02-16
4	3	3	2	5	5	2	2	1	5	48	1	50	US	R010838	S006650	2026-02-22
4	3	4	4	1	1	1	1	4	1	34	1	50	US	R010839	S005258	2026-02-07
5	1	2	4	4	5	1	4	2	4	27	2	79	US	R010840	S001889	2026-02-28
5	2	1	5	4	2	2	4	2	5	19	1	64	US	R010841	S003720	2026-02-11
4	4	2	3	5	2	2	4	2	4	57	2	80	US	R010842	S005859	2026-03-27
4	2	4	4	5	2	5	3	4	4	35	1	98	US	R010843	S005503	2026-03-13
2	4	3	3	4	1	1	2	1	2	35	1	87	US	R010844	S006176	2026-03-16
4	2	2	4	2	2	4	4	5	2	33	2	79	US	R010845	S000450	2026-02-17
3	3	2	4	1	3	4	5	5	4	33	1	79	US	R010846	S012403	2026-03-09
4	3	5	5	4	3	4	5	4	4	23	2	86	US	R010847	S004416	2026-03-22
3	3	2	4	4	2	4	3	1	5	18	1	73	US	R010848	S002410	2026-03-05
4	2	4	5	2	2	2	4	4	4	25	1	87	US	R010849	S012888	2026-02-16
2	2	1	2	1	2	1	1	2	3	28	1	84	US	R010850	S010502	2026-03-04
4	2	2	4	4	1	1	3	2	4	53	2	83	US	R010851	S005450	2026-02-18
4	5	4	5	4	5	3	4	4	4	22	1	85	US	R010852	S008185	2026-02-02
4	4	5	5	1	2	1	4	2	4	36	1	72	US	R010853	S011319	2026-02-02
3	1	1	3	1	4	2	1	2	4	18	1	98	US	R010854	S001962	2026-03-03
4	5	5	4	5	4	4	2	4	3	37	2	73	US	R010855	S000647	2026-03-16
1	2	1	4	1	1	1	3	4	5	25	2	92	US	R010856	S010626	2026-02-18
3	3	2	5	1	1	4	5	2	4	33	1	88	US	R010857	S003956	2026-02-02
2	2	4	5	4	4	2	4	4	5	52	1	98	US	R010858	S006845	2026-03-11
5	2	3	4	3	2	3	2	1	5	34	2	91	US	R010859	S002125	2026-02-16
5	4	4	4	5	5	2	4	4	4	31	1	50	US	R010860	S000345	2026-03-12
4	2	2	2	2	2	2	2	4	3	23	1	95	US	R010861	S000410	2026-03-04
3	3	1	3	4	2	4	2	4	4	22	1	81	US	R010862	S000963	2026-02-14
5	3	4	5	4	5	4	3	4	4	27	1	92	US	R010863	S002339	2026-02-08
2	4	5	4	5	1	2	4	4	3	35	1	77	US	R010864	S006932	2026-03-22
2	2	5	3	3	1	4	4	3	3	40	2	86	US	R010865	S007375	2026-03-07
4	4	4	4	5	3	3	4	5	5	31	1	81	US	R010866	S009558	2026-03-18
4	2	2	3	5	4	5	5	3	4	33	2	86	US	R010867	S006438	2026-02-20
4	2	3	4	5	5	4	4	4	4	50	1	83	US	R010868	S010720	2026-02-23
5	3	5	3	4	4	2	4	3	4	37	1	90	US	R010869	S012144	2026-03-09
5	4	2	4	2	1	2	3	2	4	60	1	87	US	R010870	S010690	2026-02-06
4	4	4	5	5	5	2	4	5	4	33	2	94	US	R010871	S009713	2026-03-05
4	4	4	5	5	5	4	5	4	4	33	2	69	US	R010872	S008791	2026-03-25
4	1	2	2	1	1	4	4	4	5	42	2	94	US	R010873	S008075	2026-03-13
4	2	5	4	4	5	2	2	2	3	37	1	77	US	R010874	S005814	2026-02-27
2	3	4	4	5	2	3	5	4	4	37	1	84	US	R010875	S004670	2026-02-09
4	4	4	4	5	4	2	4	4	5	52	2	89	US	R010876	S003143	2026-03-10
2	4	2	3	5	1	1	4	4	4	45	1	95	US	R010877	S006152	2026-03-27
4	5	3	4	4	5	5	5	5	5	27	2	91	US	R010878	S001568	2026-03-23
2	1	3	5	1	1	5	1	4	4	33	2	94	US	R010879	S006036	2026-02-16
1	1	1	2	2	1	3	2	4	5	52	1	69	US	R010880	S002969	2026-03-15
2	5	3	2	2	1	3	5	3	4	36	2	88	US	R010881	S003263	2026-02-25
2	2	2	4	1	1	2	4	4	3	42	2	70	US	R010882	S002381	2026-03-08
4	4	5	5	5	5	2	4	4	3	22	1	76	US	R010883	S003730	2026-03-15
3	5	2	5	2	2	4	3	4	5	47	2	90	US	R010884	S006773	2026-03-15
4	3	3	5	4	3	5	5	5	4	37	1	94	US	R010885	S007534	2026-03-08
3	2	2	3	2	4	2	1	3	2	34	1	59	US	R010886	S011764	2026-02-26
2	4	2	5	2	1	2	5	3	3	41	2	89	US	R010887	S008117	2026-03-24
5	1	5	5	5	3	5	4	5	4	18	2	92	US	R010888	S010060	2026-02-05
2	2	4	5	1	1	5	5	5	3	47	1	85	US	R010889	S002774	2026-03-21
4	4	4	5	3	2	2	4	2	5	37	1	67	US	R010890	S004772	2026-03-22
4	4	2	4	3	1	2	2	4	5	24	1	96	US	R010891	S003871	2026-03-21
3	1	4	4	2	1	2	2	2	4	39	2	60	US	R010892	S004405	2026-03-04
4	1	4	4	2	4	4	2	4	3	44	1	76	US	R010893	S001799	2026-03-04
5	1	4	5	4	3	2	4	4	4	40	1	82	US	R010894	S001587	2026-02-12
4	1	1	4	2	1	1	3	5	4	42	1	64	US	R010895	S001606	2026-03-06
5	4	4	5	5	5	2	4	4	4	23	1	76	US	R010896	S005921	2026-02-10
5	4	4	4	4	3	2	2	4	2	23	2	87	US	R010897	S003277	2026-03-06
4	4	2	4	2	2	4	4	5	4	36	1	85	US	R010898	S004846	2026-03-26
4	1	2	4	2	2	2	1	1	3	23	1	70	US	R010899	S012337	2026-02-11
5	4	3	5	3	2	4	4	5	4	60	1	89	US	R010900	S002934	2026-02-20
5	3	5	5	5	4	5	3	5	5	38	1	91	US	R010901	S002590	2026-03-14
2	2	2	2	1	2	2	2	3	1	23	2	98	US	R010902	S011563	2026-03-08
4	3	4	4	4	2	4	3	3	5	41	1	57	US	R010903	S012794	2026-03-06
1	5	1	5	1	3	1	1	1	1	28	1	71	US	R010904	S001738	2026-02-27
3	2	4	4	2	2	1	2	1	4	33	1	69	US	R010905	S004486	2026-02-04
4	2	2	5	5	4	2	3	3	4	35	1	94	US	R010906	S011224	2026-02-28
5	2	4	5	2	1	4	3	3	4	24	1	83	US	R010907	S007291	2026-03-09
2	3	2	4	4	1	5	5	5	4	28	1	79	US	R010908	S003320	2026-03-21
3	2	3	3	5	1	2	3	4	3	22	2	95	US	R010909	S006279	2026-03-24
5	1	4	5	4	4	5	4	4	5	18	1	97	US	R010910	S002252	2026-03-17
4	1	4	5	4	2	5	5	4	5	27	2	98	US	R010911	S009445	2026-02-02
4	1	2	4	1	1	4	4	4	4	59	1	88	US	R010912	S008393	2026-03-19
2	1	2	4	2	1	2	4	2	4	28	1	90	US	R010913	S007159	2026-02-19
3	2	4	5	2	1	1	2	1	4	31	1	92	US	R010914	S005452	2026-03-06
4	3	5	5	5	3	2	3	2	4	49	1	94	US	R010915	S005220	2026-03-27
3	2	3	1	5	2	4	4	4	4	38	1	83	US	R010916	S004414	2026-02-23
4	1	4	4	2	2	1	4	3	4	24	2	99	US	R010917	S011777	2026-03-26
4	5	5	4	5	5	5	4	5	5	41	1	87	US	R010918	S005414	2026-02-20
4	2	1	5	1	1	4	4	5	4	31	2	87	US	R010919	S009135	2026-02-27
3	3	3	3	3	2	2	2	2	3	23	1	97	US	R010920	S000021	2026-03-08
2	2	2	5	2	2	2	2	1	5	32	2	91	US	R010921	S003365	2026-03-16
1	5	3	5	3	2	1	2	2	1	33	2	87	US	R010922	S004623	2026-03-16
4	2	3	2	2	2	4	3	4	4	39	1	81	US	R010923	S000730	2026-03-08
4	2	4	4	2	3	5	3	3	2	31	1	88	US	R010924	S004595	2026-03-02
5	2	4	5	4	5	3	2	2	2	18	1	94	US	R010925	S009082	2026-03-09
4	3	5	4	5	3	1	3	2	4	38	1	81	US	R010926	S000241	2026-02-08
5	2	5	5	5	5	5	5	4	4	55	2	66	US	R010927	S003214	2026-03-05
1	4	2	3	1	2	4	4	3	5	19	1	97	US	R010928	S007983	2026-03-18
5	3	2	5	5	3	4	4	4	4	33	2	79	US	R010929	S003049	2026-02-24
5	2	4	4	5	4	1	1	4	4	42	2	95	US	R010930	S004098	2026-03-27
2	1	2	5	1	1	1	2	2	1	25	2	88	US	R010931	S001816	2026-03-25
5	5	4	2	5	4	5	4	5	5	25	1	59	US	R010932	S004464	2026-02-27
5	4	4	4	5	4	4	4	3	4	26	1	89	US	R010933	S000468	2026-03-07
2	2	4	5	2	3	4	4	4	5	47	2	95	US	R010934	S010925	2026-03-04
4	2	3	5	3	3	4	2	4	4	37	1	93	US	R010935	S009211	2026-02-28
2	2	2	2	1	1	3	2	4	1	40	2	90	US	R010936	S005154	2026-03-01
3	4	5	5	5	3	4	5	4	5	48	1	80	US	R010937	S003540	2026-02-27
5	2	5	5	5	4	5	5	5	5	47	1	87	US	R010938	S008720	2026-03-03
5	1	2	5	4	1	5	4	4	4	55	1	85	US	R010939	S003432	2026-02-23
4	2	3	1	4	4	5	5	4	5	24	2	85	US	R010940	S002045	2026-03-21
4	2	2	4	3	3	2	1	2	2	49	1	85	US	R010941	S005265	2026-03-08
5	1	2	2	2	1	4	5	4	2	38	1	71	US	R010942	S010097	2026-02-25
5	1	5	5	5	4	4	5	5	5	39	2	63	US	R010943	S003383	2026-02-10
4	3	4	3	2	1	4	3	5	3	42	2	89	US	R010944	S009856	2026-03-24
5	2	2	5	4	4	5	5	4	4	48	1	87	US	R010945	S004125	2026-02-06
4	3	1	4	5	2	4	4	4	4	49	2	72	US	R010946	S011904	2026-02-12
4	3	5	5	5	2	2	1	3	2	45	1	97	US	R010947	S008482	2026-02-18
4	2	4	4	3	3	3	5	5	2	38	2	83	US	R010948	S011412	2026-03-21
3	4	2	5	4	4	3	4	2	4	33	1	88	US	R010949	S011743	2026-02-17
3	3	2	2	1	1	3	4	1	3	18	2	71	US	R010950	S011820	2026-02-13
5	3	2	5	2	1	2	5	3	4	59	2	90	US	R010951	S002085	2026-02-17
3	3	3	4	4	3	3	2	2	4	29	2	92	US	R010952	S000994	2026-03-16
4	2	4	4	2	3	3	4	4	4	40	2	71	US	R010953	S009724	2026-03-11
3	3	5	4	4	2	1	2	1	5	37	2	82	US	R010954	S004367	2026-02-18
4	3	4	5	4	2	5	4	5	5	20	2	98	US	R010955	S006209	2026-02-06
4	2	4	1	4	3	4	3	4	4	30	1	70	US	R010956	S010647	2026-02-06
5	4	3	4	5	5	5	5	4	5	41	2	87	US	R010957	S010509	2026-03-12
3	2	2	5	4	4	3	2	1	1	43	1	63	US	R010958	S002577	2026-02-22
4	1	4	4	1	1	2	2	4	4	47	2	96	US	R010959	S008623	2026-03-22
2	2	4	4	3	3	2	3	1	4	50	1	76	US	R010960	S001198	2026-03-19
4	2	3	5	5	1	2	5	4	2	35	2	98	US	R010961	S009735	2026-03-10
4	4	4	5	4	2	2	2	3	2	36	1	62	US	R010962	S003595	2026-02-28
5	2	2	4	2	4	1	1	2	4	42	1	93	US	R010963	S004238	2026-02-17
5	4	4	5	5	5	4	5	4	5	29	2	96	US	R010964	S005823	2026-02-05
4	2	3	4	4	2	5	4	4	3	18	1	87	US	R010965	S000884	2026-02-19
4	1	3	1	4	2	4	4	4	3	27	2	93	US	R010966	S012027	2026-03-08
5	5	5	5	5	4	4	4	4	4	46	2	85	US	R010967	S012441	2026-03-27
2	2	4	3	4	2	4	4	3	4	30	1	76	US	R010968	S005500	2026-02-10
5	1	4	3	4	5	3	4	4	3	29	2	96	US	R010969	S011747	2026-03-25
2	2	4	2	2	2	2	3	2	4	24	1	73	US	R010970	S003791	2026-03-08
5	5	5	5	5	4	2	4	5	4	31	2	92	US	R010971	S002684	2026-02-19
5	4	5	4	5	4	5	5	4	5	28	1	96	US	R010972	S007385	2026-03-07
5	4	4	5	3	1	5	5	5	4	18	2	91	US	R010973	S003676	2026-03-17
5	2	5	5	5	5	5	5	5	5	42	1	71	US	R010974	S009618	2026-02-14
5	1	5	5	3	2	3	4	4	4	34	1	77	US	R010975	S010538	2026-03-02
4	2	2	3	3	2	4	4	4	5	35	1	87	US	R010976	S001908	2026-02-28
5	2	4	5	5	5	2	3	3	5	35	2	81	US	R010977	S005424	2026-02-05
2	2	1	3	1	1	5	3	4	4	51	2	76	US	R010978	S002897	2026-03-25
2	2	2	2	1	1	2	2	4	3	38	1	96	US	R010979	S010530	2026-02-14
4	1	5	4	4	2	4	5	4	4	32	2	72	US	R010980	S010636	2026-02-16
5	2	3	5	3	2	3	5	4	5	35	1	71	US	R010981	S010514	2026-03-24
4	2	4	4	4	2	4	4	5	4	43	2	84	US	R010982	S008943	2026-02-08
2	2	2	5	1	3	1	1	1	5	42	1	73	US	R010983	S000578	2026-02-24
4	2	2	4	4	4	5	4	5	4	30	1	87	US	R010984	S003639	2026-03-09
2	2	2	5	3	2	2	5	4	2	32	1	72	US	R010985	S005191	2026-02-15
4	2	4	4	2	2	4	4	5	5	40	1	92	US	R010986	S012254	2026-03-21
4	2	5	5	5	5	4	2	4	1	33	1	75	US	R010987	S000354	2026-02-12
2	2	2	3	1	3	4	5	3	5	43	2	96	US	R010988	S012612	2026-03-26
4	2	3	5	2	1	4	5	4	3	26	1	86	US	R010989	S007257	2026-02-11
2	3	2	2	3	3	2	4	4	3	37	1	89	US	R010990	S001438	2026-02-18
5	5	5	3	5	2	4	3	4	3	48	1	92	US	R010991	S006237	2026-03-19
5	4	2	4	5	3	3	4	4	4	18	1	73	US	R010992	S000117	2026-02-05
3	2	4	4	3	3	4	3	4	2	32	1	65	US	R010993	S012615	2026-03-13
2	4	1	4	2	1	3	4	5	1	38	2	71	US	R010994	S002421	2026-03-17
4	1	2	4	5	4	4	2	5	5	29	2	94	US	R010995	S012753	2026-02-16
4	3	2	4	2	1	2	4	4	4	33	2	75	US	R010996	S009394	2026-03-02
5	3	4	4	5	5	4	4	4	5	31	2	96	US	R010997	S002288	2026-02-25
5	5	5	5	5	2	2	4	4	2	40	2	76	US	R010998	S006140	2026-03-24
5	4	5	5	5	2	4	5	4	4	41	2	97	US	R010999	S000933	2026-03-08
5	4	5	5	5	5	5	5	5	3	36	2	86	US	R011000	S011484	2026-03-23
5	4	5	5	5	2	4	4	5	5	43	1	93	US	R011001	S004635	2026-02-05
5	2	4	5	5	4	2	2	4	5	33	2	87	US	R011002	S003969	2026-03-20
2	2	2	2	2	2	3	1	4	2	39	1	80	US	R011003	S003587	2026-03-24
4	2	3	4	2	2	1	3	1	1	45	2	95	US	R011004	S007261	2026-02-14
5	2	5	4	5	4	5	4	4	2	50	1	59	US	R011005	S010127	2026-03-11
1	1	2	4	2	1	4	4	5	5	18	1	91	US	R011006	S003550	2026-02-16
4	4	4	5	4	5	4	4	4	4	36	1	93	US	R011007	S000385	2026-03-11
2	1	1	2	3	2	1	1	2	3	37	1	69	US	R011008	S011561	2026-03-24
1	1	2	4	2	1	1	4	2	2	18	2	99	US	R011009	S009347	2026-02-27
5	1	5	5	5	5	5	4	5	5	50	1	41	US	R011010	S005550	2026-02-15
5	4	5	5	5	4	5	5	5	5	45	1	81	US	R011011	S005086	2026-03-15
5	2	4	5	2	1	1	3	3	1	26	2	90	US	R011012	S007067	2026-03-11
4	1	3	4	3	1	3	3	2	3	44	2	86	US	R011013	S005788	2026-03-23
4	4	4	4	3	4	2	2	5	3	42	1	91	US	R011014	S000331	2026-02-13
5	4	3	5	3	3	1	4	1	3	35	1	91	US	R011015	S010895	2026-03-14
5	3	4	5	4	2	5	4	4	4	45	1	95	US	R011016	S001737	2026-02-11
4	2	5	4	5	3	5	4	3	4	30	2	90	US	R011017	S011472	2026-02-21
5	5	5	4	5	4	4	4	5	5	34	1	58	US	R011018	S009074	2026-03-22
4	1	2	4	4	2	1	4	1	4	26	1	81	US	R011019	S011059	2026-03-25
5	2	5	4	5	4	2	4	5	4	44	1	95	US	R011020	S001271	2026-02-08
2	2	5	4	3	2	5	5	3	4	49	2	90	US	R011021	S009319	2026-03-26
5	4	5	5	5	2	3	4	4	2	18	1	84	US	R011022	S010648	2026-03-27
4	2	2	4	3	3	3	3	3	2	50	1	98	US	R011023	S005685	2026-03-12
2	3	4	2	4	2	4	4	5	4	46	1	83	US	R011024	S012140	2026-02-26
5	2	1	2	4	2	1	4	2	2	31	1	83	US	R011025	S007631	2026-02-11
5	1	4	5	4	2	5	4	4	5	26	1	67	US	R011026	S011869	2026-02-03
4	4	5	5	4	5	5	5	5	4	35	1	80	US	R011027	S007910	2026-03-13
3	1	2	5	3	1	2	3	2	4	24	2	93	US	R011028	S008313	2026-03-18
5	5	5	5	4	2	2	4	4	5	33	1	89	US	R011029	S007994	2026-02-10
4	2	2	4	4	2	5	5	3	5	47	2	91	US	R011030	S000292	2026-02-09
4	5	2	3	1	4	4	5	5	2	59	1	62	US	R011031	S002887	2026-03-06
3	2	3	4	1	1	2	4	3	3	44	1	95	US	R011032	S006821	2026-03-03
3	2	2	5	3	2	3	3	3	4	29	1	66	US	R011033	S009321	2026-03-09
4	4	3	1	4	1	4	5	5	2	45	2	80	US	R011034	S003464	2026-03-13
4	5	2	3	4	5	5	4	4	5	47	1	93	US	R011035	S005505	2026-03-15
1	3	1	4	2	3	4	5	3	4	22	1	88	US	R011036	S008172	2026-03-17
4	4	4	4	2	2	2	4	4	5	24	1	92	US	R011037	S004712	2026-03-13
4	4	4	5	4	4	5	5	4	5	39	2	79	US	R011038	S003852	2026-03-04
2	4	3	5	3	1	1	1	1	1	29	1	97	US	R011039	S011718	2026-03-17
5	4	3	5	5	2	5	5	4	4	34	2	94	US	R011040	S010989	2026-03-12
5	4	5	5	4	5	5	5	4	5	18	1	93	US	R011041	S011002	2026-03-23
5	1	4	5	5	4	5	4	5	4	45	2	80	US	R011042	S006702	2026-02-21
2	4	5	4	4	4	1	3	4	5	35	2	62	US	R011043	S010497	2026-02-21
5	5	5	5	5	5	5	5	4	5	31	1	82	US	R011044	S011921	2026-02-27
4	2	2	4	2	1	2	2	2	3	34	1	90	US	R011045	S005136	2026-02-17
5	2	4	4	3	2	3	4	2	5	43	2	85	US	R011046	S001724	2026-02-22
2	4	2	3	4	4	2	4	4	4	39	1	70	US	R011047	S004636	2026-02-18
4	3	2	4	2	2	4	5	3	4	28	1	78	US	R011048	S006453	2026-02-28
5	2	1	3	4	2	3	3	4	5	28	1	98	US	R011049	S000474	2026-02-22
4	1	4	5	3	1	4	5	5	4	18	1	98	US	R011050	S004244	2026-03-08
3	2	1	5	2	2	1	5	4	3	25	1	62	US	R011051	S008252	2026-02-14
5	2	2	3	5	5	5	5	5	5	30	1	83	US	R011052	S007344	2026-02-15
3	2	4	3	3	1	4	4	5	4	19	1	74	US	R011053	S001736	2026-02-19
4	2	2	3	2	3	3	5	1	3	50	2	62	US	R011054	S008366	2026-02-02
5	2	2	4	4	2	3	4	3	5	44	2	94	US	R011055	S003189	2026-03-19
4	2	2	4	1	2	1	2	1	2	48	1	88	US	R011056	S006717	2026-03-05
4	3	5	4	4	2	2	2	2	2	28	2	93	US	R011057	S000518	2026-02-06
5	5	5	4	5	3	3	4	4	5	40	1	92	US	R011058	S003948	2026-03-12
4	4	4	4	5	5	3	2	4	2	40	1	91	US	R011059	S008549	2026-03-25
1	5	2	2	4	3	1	3	3	3	27	1	85	US	R011060	S012641	2026-03-20
4	4	4	4	4	1	5	5	5	5	46	2	79	US	R011061	S007030	2026-02-16
4	4	4	5	5	2	5	4	4	5	19	1	91	US	R011062	S006509	2026-02-24
5	5	5	4	5	5	5	4	5	5	25	1	70	US	R011063	S003537	2026-02-16
4	2	2	2	2	2	1	1	1	4	18	2	93	US	R011064	S000064	2026-03-12
2	3	1	3	1	2	2	2	2	3	53	1	86	US	R011065	S004756	2026-03-22
2	2	3	4	2	3	2	2	1	1	39	1	86	US	R011066	S008906	2026-02-20
5	5	4	5	5	3	2	2	2	5	39	1	45	US	R011067	S009203	2026-03-25
5	5	4	2	2	3	1	3	2	4	26	1	89	US	R011068	S009100	2026-03-26
3	3	1	3	2	2	1	4	4	3	41	1	97	US	R011069	S008832	2026-03-17
4	2	1	4	3	2	3	3	4	3	37	1	89	US	R011070	S002525	2026-02-11
5	4	5	5	5	5	4	5	4	3	48	2	67	US	R011071	S006373	2026-03-02
2	2	2	3	2	1	3	2	3	4	42	1	90	US	R011072	S003683	2026-03-27
4	2	4	5	5	4	4	4	5	5	34	2	86	US	R011073	S009492	2026-03-12
2	1	2	4	1	3	4	2	2	3	56	2	72	US	R011074	S001699	2026-03-01
3	1	2	2	1	2	1	3	2	2	18	2	70	US	R011075	S009717	2026-02-05
4	4	4	5	4	2	2	4	4	5	39	2	82	US	R011076	S007398	2026-03-04
4	4	2	4	3	1	4	3	2	1	39	1	61	US	R011077	S011769	2026-02-11
4	2	3	5	5	3	4	2	5	4	38	1	91	US	R011078	S008752	2026-02-28
4	2	5	5	4	3	2	4	3	2	23	2	98	US	R011079	S009800	2026-03-26
4	3	2	4	3	2	1	3	1	1	57	2	75	US	R011080	S011070	2026-02-12
4	3	4	5	2	2	1	3	4	3	43	1	85	US	R011081	S006601	2026-02-25
4	2	2	4	4	5	2	3	5	4	32	2	83	US	R011082	S009219	2026-03-09
4	2	2	5	3	3	2	4	4	4	29	2	65	US	R011083	S011963	2026-02-20
5	2	4	4	3	1	5	4	5	5	28	1	81	US	R011084	S001309	2026-02-28
5	3	5	5	5	4	4	2	5	5	29	1	50	US	R011085	S011709	2026-02-05
4	2	5	5	4	4	2	4	3	5	23	1	93	US	R011086	S009628	2026-03-27
2	1	1	1	1	1	2	1	2	2	22	1	84	US	R011087	S000531	2026-03-19
3	2	3	5	4	2	2	5	4	5	30	1	82	US	R011088	S007713	2026-03-03
2	2	4	5	4	2	4	3	4	4	51	1	97	US	R011089	S008123	2026-03-26
4	1	2	4	4	4	3	4	3	4	28	2	91	US	R011090	S012386	2026-02-25
2	2	1	5	2	2	3	5	3	2	53	2	93	US	R011091	S002394	2026-02-02
3	2	2	4	2	3	3	2	1	2	43	1	72	US	R011092	S011389	2026-03-10
4	1	3	5	5	5	2	4	2	5	35	2	72	US	R011093	S000421	2026-02-15
4	4	4	3	4	2	2	5	3	4	34	2	98	US	R011094	S000814	2026-02-24
4	3	4	5	4	5	4	4	4	2	23	1	97	US	R011095	S007168	2026-02-27
5	3	5	5	4	5	5	5	5	4	28	2	93	US	R011096	S005484	2026-03-03
5	4	2	2	2	2	4	4	4	4	38	1	98	US	R011097	S012046	2026-02-05
5	5	3	4	2	2	4	2	3	4	44	1	58	US	R011098	S003303	2026-02-14
2	2	2	4	1	2	1	2	2	4	24	1	72	US	R011099	S003627	2026-02-27
2	2	2	4	2	1	4	5	3	5	44	1	68	US	R011100	S004812	2026-02-20
4	2	2	4	4	2	4	5	4	5	31	1	88	US	R011101	S006006	2026-03-01
5	4	4	5	5	4	2	3	3	4	42	2	88	US	R011102	S005870	2026-02-19
4	2	2	4	5	2	3	4	5	5	23	1	82	US	R011103	S000944	2026-02-23
1	2	1	4	2	2	1	3	2	1	37	1	92	US	R011104	S009253	2026-02-25
1	4	3	4	1	1	1	1	3	4	54	1	99	US	R011105	S004553	2026-03-11
4	3	4	5	5	3	3	5	3	4	39	2	73	US	R011106	S001107	2026-03-25
5	4	2	5	3	2	3	3	4	4	47	1	66	US	R011107	S011760	2026-02-19
2	5	4	4	2	3	2	4	4	2	18	1	87	US	R011108	S000736	2026-03-23
5	4	4	5	2	5	4	2	4	5	47	2	95	US	R011109	S004271	2026-02-04
3	3	3	2	3	4	4	2	4	5	50	1	83	US	R011110	S003554	2026-02-28
5	1	5	2	3	3	1	5	4	4	34	2	82	US	R011111	S005863	2026-02-19
5	4	5	5	5	5	4	5	4	4	22	2	65	US	R011112	S000713	2026-03-08
1	1	2	3	1	1	2	1	5	3	44	2	95	US	R011113	S006090	2026-03-02
4	3	2	4	2	2	2	4	4	5	47	2	94	US	R011114	S001773	2026-02-10
5	4	2	4	5	2	1	4	3	4	31	1	86	US	R011115	S006229	2026-02-26
4	4	2	4	4	5	2	1	3	3	44	1	64	US	R011116	S005724	2026-03-16
5	2	5	5	3	4	1	3	2	4	18	1	93	US	R011117	S005415	2026-02-19
5	1	2	3	1	2	2	2	2	4	41	2	76	US	R011118	S010339	2026-02-23
4	2	3	5	1	2	5	5	5	4	39	1	60	US	R011119	S004737	2026-03-13
3	4	2	4	4	2	2	3	2	4	49	1	90	US	R011120	S004577	2026-02-10
4	4	4	5	4	3	4	2	4	4	42	1	91	US	R011121	S012178	2026-02-10
1	4	2	2	1	1	3	3	2	5	31	1	91	US	R011122	S001976	2026-02-22
4	2	2	4	4	4	4	3	4	5	25	2	87	US	R011123	S007381	2026-02-27
4	2	3	2	4	4	1	4	2	2	26	1	72	US	R011124	S006572	2026-03-10
5	4	5	5	5	5	5	4	4	3	26	2	84	US	R011125	S006330	2026-03-09
4	2	3	1	4	2	3	4	5	1	18	2	88	US	R011126	S001145	2026-03-19
3	5	4	5	3	2	3	4	2	4	22	2	87	US	R011127	S012432	2026-02-04
3	2	3	5	2	4	4	2	5	4	39	2	86	US	R011128	S003884	2026-03-07
3	5	5	4	2	4	4	4	4	4	75	1	76	US	R011129	S009932	2026-03-01
2	2	3	4	2	4	4	4	3	1	34	2	86	US	R011130	S008089	2026-03-16
5	4	5	3	5	3	4	5	4	2	32	1	93	US	R011131	S011353	2026-03-22
2	2	2	4	2	2	2	2	1	3	28	1	89	US	R011132	S009287	2026-03-07
3	2	2	5	2	2	5	4	5	5	34	1	89	US	R011133	S003097	2026-03-21
5	3	3	5	4	1	2	1	3	2	35	2	91	US	R011134	S001091	2026-03-06
3	3	2	3	1	2	4	4	2	4	36	2	84	US	R011135	S010336	2026-03-02
5	3	2	2	3	2	5	5	5	5	36	1	86	US	R011136	S010017	2026-02-11
4	1	1	4	3	4	3	3	2	4	41	2	52	US	R011137	S006587	2026-03-18
2	2	3	3	1	1	3	4	4	2	46	2	99	US	R011138	S004738	2026-03-21
4	2	4	4	4	3	5	3	5	3	35	2	87	US	R011139	S007217	2026-02-19
2	3	2	4	4	1	4	5	5	4	26	2	76	US	R011140	S002614	2026-02-26
4	1	4	4	2	1	5	4	5	5	24	1	78	US	R011141	S004351	2026-03-21
3	2	3	5	4	1	2	3	2	2	41	1	93	US	R011142	S010279	2026-03-22
2	4	3	5	2	3	4	3	3	4	28	2	82	US	R011143	S009844	2026-03-16
2	1	3	4	3	1	4	5	4	2	35	1	88	US	R011144	S007141	2026-03-07
3	2	2	5	5	5	5	5	5	5	48	2	82	US	R011145	S008307	2026-02-08
4	3	3	4	4	2	5	5	5	2	25	1	70	US	R011146	S004285	2026-02-26
4	5	2	2	2	2	2	4	2	3	57	2	77	US	R011147	S008224	2026-02-19
5	5	5	5	5	4	4	4	4	3	30	2	95	US	R011148	S002746	2026-02-19
5	3	5	4	5	5	4	3	2	4	18	2	97	US	R011149	S004360	2026-03-27
4	2	3	5	5	2	2	4	5	1	41	1	81	US	R011150	S006464	2026-02-27
3	2	2	5	2	2	1	2	3	2	43	2	98	US	R011151	S002129	2026-03-23
4	5	3	4	1	1	2	4	4	1	18	2	90	US	R011152	S008174	2026-03-06
1	2	4	4	3	1	4	5	4	3	47	1	76	US	R011153	S004454	2026-03-15
4	2	4	4	4	1	2	1	1	2	37	1	94	US	R011154	S009236	2026-02-27
2	2	2	1	2	2	5	5	4	4	45	1	84	US	R011155	S007470	2026-02-14
4	3	3	5	2	1	3	4	2	5	48	2	88	US	R011156	S001743	2026-02-13
5	4	4	5	3	1	5	4	5	4	39	2	87	US	R011157	S001781	2026-03-23
4	3	4	4	2	1	2	1	2	1	40	2	89	US	R011158	S001047	2026-02-06
5	5	5	4	5	5	2	4	2	2	41	1	55	US	R011159	S000660	2026-03-05
4	4	5	4	4	2	4	2	2	4	27	1	83	US	R011160	S002647	2026-02-09
4	3	5	4	4	2	4	3	4	2	28	1	91	US	R011161	S004753	2026-03-22
5	5	4	5	5	5	1	3	3	2	42	1	89	US	R011162	S004886	2026-02-26
4	3	4	5	5	4	4	3	4	5	18	2	96	US	R011163	S000008	2026-02-03
5	2	4	5	5	5	3	4	4	3	38	1	86	US	R011164	S003749	2026-02-06
5	3	5	5	5	2	5	5	5	5	49	1	90	US	R011165	S010852	2026-02-02
4	1	2	3	2	1	4	5	5	4	39	2	86	US	R011166	S008655	2026-02-15
2	2	4	5	4	2	2	2	3	3	45	2	93	US	R011167	S006410	2026-03-11
4	3	3	4	5	4	1	2	2	2	36	2	98	US	R011168	S001480	2026-02-02
1	2	2	3	2	1	3	2	3	1	27	1	85	US	R011169	S002010	2026-02-26
4	2	2	4	4	1	4	4	4	5	34	2	87	US	R011170	S009937	2026-02-03
1	4	4	4	2	2	4	4	5	5	47	1	98	US	R011171	S011482	2026-03-20
2	4	2	5	4	3	1	5	3	1	43	2	71	US	R011172	S005477	2026-02-05
3	2	2	2	3	3	4	2	4	5	20	1	81	US	R011173	S004663	2026-02-08
4	1	4	4	2	1	1	5	4	3	34	2	97	US	R011174	S010803	2026-03-15
4	4	2	4	2	2	2	3	4	2	41	2	71	US	R011175	S000432	2026-03-21
4	2	4	5	2	1	1	2	2	4	19	1	88	US	R011176	S004996	2026-03-07
3	2	5	3	3	4	4	4	5	4	57	2	86	US	R011177	S008485	2026-02-11
4	1	1	4	5	4	4	5	4	4	38	2	82	US	R011178	S007881	2026-03-17
5	2	3	4	4	2	4	4	4	5	24	1	81	US	R011179	S000334	2026-03-24
4	2	3	3	2	2	4	4	5	5	29	1	63	US	R011180	S004995	2026-03-27
5	3	5	4	4	4	5	5	5	5	37	2	83	US	R011181	S003521	2026-03-27
4	2	4	2	2	3	4	4	5	5	34	2	84	US	R011182	S001186	2026-02-05
5	5	4	5	5	2	2	3	4	5	37	1	74	US	R011183	S011865	2026-03-08
2	1	4	5	3	2	5	3	4	5	40	1	94	US	R011184	S008264	2026-03-16
4	2	2	3	2	2	4	2	4	5	43	1	88	US	R011185	S010013	2026-03-08
1	2	1	4	1	1	1	2	2	2	42	2	84	US	R011186	S004217	2026-03-21
4	2	2	3	2	2	5	2	4	5	36	1	91	US	R011187	S005231	2026-03-13
4	3	4	4	2	2	3	1	3	3	20	1	91	US	R011188	S002545	2026-03-17
4	2	2	5	4	5	4	2	4	4	50	1	78	US	R011189	S009003	2026-03-20
4	4	5	5	4	2	3	4	4	4	38	2	91	US	R011190	S001711	2026-03-08
4	3	2	2	1	2	3	5	3	5	50	1	84	US	R011191	S000103	2026-02-16
4	3	4	5	4	3	4	5	3	5	28	1	73	US	R011192	S010014	2026-02-18
4	4	2	4	3	1	4	4	5	4	28	1	95	US	R011193	S002216	2026-03-19
4	4	5	5	5	5	5	4	5	5	37	1	74	US	R011194	S001263	2026-03-08
4	1	4	5	5	2	3	4	4	4	22	1	80	US	R011195	S011604	2026-02-15
5	4	4	4	5	4	4	4	4	4	36	2	60	US	R011196	S008231	2026-03-26
4	3	4	5	5	5	5	5	5	5	34	2	86	US	R011197	S008754	2026-02-04
4	3	1	4	2	2	4	2	5	4	35	1	94	US	R011198	S002554	2026-03-08
4	4	4	2	4	4	1	3	2	1	41	1	85	US	R011199	S007968	2026-02-16
3	2	3	4	4	2	1	1	3	5	38	1	70	US	R011200	S002749	2026-03-11
3	2	2	4	2	2	1	2	4	2	19	2	40	US	R011201	S011072	2026-03-12
4	3	1	2	1	1	2	3	4	4	35	1	90	US	R011202	S011040	2026-03-10
4	3	1	4	2	1	4	4	5	4	25	1	81	US	R011203	S007949	2026-02-12
3	4	2	5	4	4	2	4	4	2	29	1	51	US	R011204	S005813	2026-02-28
4	5	5	5	5	5	3	2	4	5	42	1	74	US	R011205	S002538	2026-02-13
3	2	5	4	2	2	4	5	5	4	51	2	83	US	R011206	S002485	2026-02-27
2	5	5	3	4	1	1	4	1	2	36	1	88	US	R011207	S001448	2026-03-15
3	2	3	4	5	2	2	4	2	3	41	1	76	US	R011208	S008442	2026-02-05
4	5	3	4	5	1	4	5	5	5	41	2	93	US	R011209	S009262	2026-03-15
5	4	4	5	4	4	4	4	4	5	41	2	94	US	R011210	S007134	2026-03-01
4	2	5	4	5	5	5	5	5	5	31	1	92	US	R011211	S001093	2026-02-18
4	1	5	2	2	2	4	4	4	2	29	1	95	US	R011212	S011513	2026-02-02
4	3	2	4	4	2	5	4	4	4	18	1	81	US	R011213	S003822	2026-02-12
3	3	1	4	4	2	1	2	2	2	36	1	96	US	R011214	S004324	2026-03-18
5	5	4	4	3	2	5	5	5	5	30	1	70	US	R011215	S000163	2026-03-09
4	2	2	1	3	2	2	4	3	3	39	1	77	US	R011216	S002557	2026-03-16
5	2	4	5	5	5	5	5	4	4	29	1	90	US	R011217	S007295	2026-02-03
4	3	2	4	3	1	1	1	4	2	44	2	91	US	R011218	S010081	2026-02-11
5	3	4	5	3	2	3	3	4	4	31	2	93	US	R011219	S007128	2026-03-24
5	2	4	5	5	4	5	5	5	5	35	1	93	US	R011220	S007923	2026-03-27
4	3	2	5	2	1	1	3	3	4	18	1	86	US	R011221	S011935	2026-03-13
4	4	2	2	4	5	3	4	4	4	18	1	87	US	R011222	S001826	2026-03-11
5	4	5	5	2	2	1	2	1	2	43	1	63	US	R011223	S010635	2026-03-26
2	4	4	2	1	1	2	2	4	4	29	1	90	US	R011224	S009473	2026-02-06
5	3	5	4	4	4	5	5	4	5	41	1	96	US	R011225	S002242	2026-03-07
3	4	2	4	4	4	4	4	4	3	38	2	94	US	R011226	S000069	2026-03-18
2	2	3	4	3	1	2	2	2	1	26	2	88	US	R011227	S002855	2026-02-14
4	3	5	5	5	3	1	1	4	1	48	2	91	US	R011228	S002711	2026-03-25
5	1	1	2	4	2	5	1	5	5	26	1	81	US	R011229	S003711	2026-02-26
4	2	3	3	2	4	2	4	5	5	36	2	96	US	R011230	S005384	2026-02-27
4	5	5	5	5	5	2	5	4	4	39	2	66	US	R011231	S010130	2026-02-09
5	5	3	5	4	4	4	1	3	1	37	1	76	US	R011232	S007944	2026-02-22
3	2	3	4	4	2	1	2	2	4	21	1	74	US	R011233	S000764	2026-03-09
2	2	2	1	1	1	4	4	5	4	18	1	89	US	R011234	S005331	2026-02-26
1	2	2	2	2	1	2	3	2	3	59	1	89	US	R011235	S006861	2026-03-03
5	2	5	5	5	4	5	4	4	5	31	2	87	US	R011236	S005243	2026-02-16
4	2	4	4	4	4	4	4	2	4	46	1	84	US	R011237	S012563	2026-03-10
1	3	1	3	2	1	1	2	4	1	53	2	96	US	R011238	S008030	2026-02-16
5	3	4	3	2	1	2	3	4	4	20	1	77	US	R011239	S000236	2026-02-20
4	1	3	4	2	4	4	3	4	4	42	2	94	US	R011240	S000321	2026-02-18
4	2	1	3	1	2	1	2	3	2	26	1	91	US	R011241	S000349	2026-02-23
5	3	2	4	2	1	1	4	2	4	32	1	70	US	R011242	S011694	2026-02-09
2	1	2	4	2	2	1	2	4	1	39	1	79	US	R011243	S012366	2026-02-14
5	5	2	4	2	4	1	2	1	3	18	1	81	US	R011244	S011077	2026-03-13
4	2	3	5	5	2	5	5	5	2	19	1	89	US	R011245	S000383	2026-02-23
5	4	5	3	5	2	2	4	4	4	50	1	83	US	R011246	S012293	2026-02-07
3	4	3	5	4	4	4	4	4	4	34	1	77	US	R011247	S010664	2026-02-21
3	5	5	4	5	3	4	4	3	4	39	1	97	US	R011248	S011341	2026-03-17
4	3	4	4	5	1	4	2	3	2	31	1	97	US	R011249	S002882	2026-03-23
5	5	4	4	3	4	3	4	5	5	41	1	94	US	R011250	S010318	2026-02-19
5	4	4	5	5	2	5	5	4	4	37	2	84	US	R011251	S011551	2026-03-25
4	2	4	4	5	1	4	4	4	5	26	2	70	US	R011252	S010021	2026-03-02
2	3	5	5	2	5	4	4	5	5	46	1	95	US	R011253	S004164	2026-02-22
4	3	4	4	4	4	2	2	3	3	37	1	87	US	R011254	S000157	2026-02-07
4	3	4	4	3	4	4	4	4	3	19	1	99	US	R011255	S005977	2026-03-26
2	2	3	4	2	3	1	1	4	5	46	2	93	US	R011256	S007771	2026-02-13
4	1	5	5	3	2	5	4	5	4	23	1	97	US	R011257	S000433	2026-03-21
5	1	2	4	5	3	3	2	4	3	37	1	85	US	R011258	S006911	2026-03-01
4	4	2	4	4	2	1	1	1	5	44	1	97	US	R011259	S003241	2026-03-22
4	4	4	2	4	2	5	4	4	4	30	1	88	US	R011260	S004472	2026-02-27
4	2	5	4	4	3	4	4	5	5	20	2	46	US	R011261	S006411	2026-02-21
4	4	4	5	5	4	5	5	5	4	35	1	92	US	R011262	S006848	2026-03-24
5	3	2	5	4	1	1	2	4	4	37	2	88	US	R011263	S008010	2026-03-10
4	2	2	4	1	2	5	4	4	3	28	2	89	US	R011264	S001644	2026-03-12
4	5	4	4	5	4	4	2	4	5	35	2	89	US	R011265	S001993	2026-03-14
2	4	3	1	3	4	1	4	2	2	44	1	97	US	R011266	S004287	2026-02-09
4	4	1	3	1	1	2	2	3	3	46	1	80	US	R011267	S004132	2026-02-25
2	2	2	5	5	2	4	3	4	4	49	1	99	US	R011268	S002558	2026-03-16
5	2	2	4	5	5	4	2	4	5	41	1	97	US	R011269	S004598	2026-02-12
3	2	2	4	1	1	2	4	3	2	38	2	83	US	R011270	S001814	2026-02-09
2	1	1	1	1	1	1	2	1	2	20	1	94	US	R011271	S008171	2026-02-21
2	4	1	2	1	3	5	3	5	4	64	2	87	US	R011272	S005457	2026-02-26
3	1	4	5	1	2	1	4	3	2	21	2	87	US	R011273	S007062	2026-03-20
3	2	4	4	1	2	3	4	3	2	45	1	62	US	R011274	S007791	2026-02-11
2	2	3	3	1	2	2	2	2	4	49	1	99	US	R011275	S012964	2026-03-24
4	3	4	4	4	2	2	4	5	5	29	1	82	US	R011276	S007233	2026-02-04
2	2	4	3	2	3	4	4	3	4	22	1	86	US	R011277	S012640	2026-03-11
4	4	1	5	2	2	4	1	3	2	18	2	69	US	R011278	S012264	2026-03-11
5	4	4	5	4	4	4	5	4	4	58	1	88	US	R011279	S010701	2026-03-16
4	2	4	5	2	2	5	4	4	4	40	1	97	US	R011280	S000053	2026-03-17
5	4	3	4	4	3	5	4	4	3	22	1	79	US	R011281	S009880	2026-03-20
5	5	2	2	4	2	4	4	3	4	44	2	50	US	R011282	S009595	2026-03-24
4	4	2	2	3	1	3	1	4	4	29	1	82	US	R011283	S012411	2026-03-08
4	2	2	3	4	2	2	2	2	3	36	1	86	US	R011284	S012087	2026-03-26
1	1	1	1	1	1	2	3	4	4	52	1	82	US	R011285	S003403	2026-03-05
4	4	2	4	2	2	4	4	4	4	24	1	94	US	R011286	S008869	2026-02-26
2	3	4	3	4	3	1	4	2	4	44	2	95	US	R011287	S010488	2026-02-27
3	1	2	3	2	2	2	1	1	5	27	2	91	US	R011288	S008357	2026-02-22
5	4	5	5	3	3	4	3	5	5	36	2	81	US	R011289	S003329	2026-02-25
5	2	4	5	2	1	2	4	5	2	30	1	86	US	R011290	S007594	2026-03-19
3	1	4	4	2	3	2	4	4	2	29	1	90	US	R011291	S012853	2026-03-02
5	1	2	4	2	2	3	2	3	2	22	1	87	US	R011292	S011985	2026-03-01
5	4	5	5	5	4	4	5	5	5	18	2	80	US	R011293	S007563	2026-02-26
5	1	2	5	5	3	2	2	2	4	20	2	81	US	R011294	S002379	2026-02-11
4	3	4	4	4	1	1	4	2	4	18	1	93	US	R011295	S004068	2026-03-27
4	4	5	5	5	4	2	4	3	5	18	2	92	US	R011296	S006452	2026-02-03
5	4	4	4	4	3	4	2	3	2	65	2	86	US	R011297	S005313	2026-02-07
4	3	2	3	1	4	2	5	4	3	33	1	97	US	R011298	S009539	2026-02-05
2	2	2	4	2	2	1	2	1	4	52	2	78	US	R011299	S010713	2026-02-04
4	3	2	2	4	1	5	4	2	3	40	2	90	US	R011300	S005821	2026-03-15
4	2	4	5	5	4	2	4	2	4	51	2	87	US	R011301	S003613	2026-03-13
3	3	2	4	2	4	1	4	4	4	34	1	45	US	R011302	S007425	2026-02-11
5	2	3	4	4	4	4	2	4	1	35	1	68	US	R011303	S005393	2026-02-19
4	3	4	5	5	3	2	2	4	4	44	1	94	US	R011304	S001197	2026-03-24
3	4	2	4	4	1	1	4	5	2	52	1	99	US	R011305	S009037	2026-03-15
5	2	2	3	4	2	2	2	2	3	30	1	81	US	R011306	S004243	2026-03-09
3	2	3	3	2	1	5	4	4	5	43	2	92	US	R011307	S009921	2026-02-18
4	1	3	3	4	3	3	2	4	2	45	2	75	US	R011308	S008632	2026-02-26
5	4	5	4	5	4	5	5	5	5	29	1	84	US	R011309	S008473	2026-02-11
4	4	2	4	4	3	4	5	3	5	18	1	87	US	R011310	S007990	2026-02-24
5	2	5	5	4	5	4	3	5	4	29	1	98	US	R011311	S009291	2026-03-08
3	3	4	5	2	2	5	2	3	5	55	1	81	US	R011312	S012720	2026-03-14
5	1	5	5	5	4	4	5	5	5	39	2	63	US	R011313	S009810	2026-03-14
4	1	5	4	3	2	3	2	3	4	48	1	88	US	R011314	S011768	2026-03-02
2	3	4	5	5	3	4	1	4	2	59	1	79	US	R011315	S005418	2026-02-13
4	4	4	5	5	2	2	2	3	3	49	1	80	US	R011316	S010667	2026-02-02
4	5	2	3	2	1	2	4	2	4	43	2	72	US	R011317	S009413	2026-02-18
4	2	4	4	5	4	4	4	4	4	29	1	68	US	R011318	S006634	2026-02-27
4	4	4	5	5	5	3	4	4	3	44	1	85	US	R011319	S004196	2026-02-26
3	2	4	4	2	2	4	4	4	5	41	2	89	US	R011320	S006285	2026-02-17
4	4	5	5	4	4	5	2	3	5	25	2	86	US	R011321	S009075	2026-02-15
4	2	2	5	2	2	5	5	4	4	49	1	96	US	R011322	S010586	2026-02-27
4	2	1	4	1	1	5	5	5	4	18	1	90	US	R011323	S007413	2026-03-21
4	4	3	4	2	1	2	2	2	4	33	2	74	US	R011324	S010691	2026-02-08
1	1	2	1	1	1	4	2	2	2	35	1	82	US	R011325	S010082	2026-02-09
3	4	2	2	2	1	1	1	3	4	47	1	87	US	R011326	S011445	2026-02-14
5	2	5	5	4	1	1	1	3	2	25	2	88	US	R011327	S012436	2026-03-17
3	2	2	2	1	1	5	5	4	4	37	1	95	US	R011328	S001321	2026-03-21
5	5	5	5	5	5	2	5	5	4	33	2	90	US	R011329	S012613	2026-02-19
4	1	1	5	2	3	3	2	3	4	28	1	98	US	R011330	S003331	2026-03-15
5	4	5	5	5	5	5	4	5	5	33	2	88	US	R011331	S009702	2026-02-04
5	3	4	4	4	4	5	5	5	5	44	1	47	US	R011332	S007519	2026-02-11
3	2	4	4	2	1	5	4	2	4	40	1	83	US	R011333	S005073	2026-03-05
5	5	5	4	5	1	5	4	4	5	35	1	82	US	R011334	S008106	2026-02-03
5	2	4	4	3	4	4	5	2	4	21	2	79	US	R011335	S012905	2026-03-11
1	5	4	4	1	1	2	2	2	4	24	1	84	US	R011336	S011845	2026-03-03
5	2	1	2	1	2	2	4	4	4	40	1	98	US	R011337	S010112	2026-03-23
3	3	4	4	2	2	1	3	5	1	26	2	71	US	R011338	S008121	2026-03-27
1	3	2	3	1	1	2	3	4	4	18	1	73	US	R011339	S002891	2026-02-20
5	4	4	5	4	5	4	2	4	5	33	2	88	US	R011340	S004172	2026-03-12
3	4	5	5	4	4	3	5	4	4	26	2	82	US	R011341	S009380	2026-02-08
4	2	3	4	2	3	3	3	1	4	21	2	93	US	R011342	S001714	2026-02-15
2	1	2	5	2	1	4	4	1	4	30	2	77	US	R011343	S002380	2026-03-11
5	5	4	2	3	4	2	2	4	3	35	1	88	US	R011344	S002162	2026-02-11
3	2	3	3	4	1	3	3	3	5	35	2	91	US	R011345	S004521	2026-03-11
4	1	2	4	2	2	2	1	4	5	38	1	94	US	R011346	S002778	2026-02-21
4	3	2	5	1	2	1	3	4	2	24	1	69	US	R011347	S008608	2026-03-19
4	2	5	5	5	2	3	3	2	4	39	1	90	US	R011348	S007523	2026-02-28
5	2	5	3	5	3	5	3	5	5	36	2	97	US	R011349	S008377	2026-03-08
4	2	3	5	4	1	1	1	1	3	24	1	86	US	R011350	S011724	2026-03-05
3	4	3	4	5	2	4	2	4	3	36	1	99	US	R011351	S001604	2026-03-04
3	2	4	3	1	3	5	4	4	5	26	2	81	US	R011352	S005198	2026-03-03
4	2	4	4	4	3	1	4	1	4	60	2	71	US	R011353	S008505	2026-02-16
4	4	1	5	4	3	4	4	5	4	47	1	82	US	R011354	S010848	2026-03-10
5	4	4	4	5	2	4	5	2	5	30	2	81	US	R011355	S004329	2026-03-20
4	3	3	4	3	2	5	5	5	5	22	1	80	US	R011356	S002460	2026-03-24
4	5	5	4	4	4	2	4	4	4	18	2	93	US	R011357	S008893	2026-03-12
5	5	3	3	4	4	2	4	4	3	39	2	81	US	R011358	S004761	2026-03-23
4	1	3	5	2	1	5	5	5	2	22	1	85	US	R011359	S002682	2026-03-11
5	5	4	5	5	2	3	5	4	4	59	1	85	US	R011360	S012091	2026-03-19
5	2	4	5	5	4	4	5	5	4	32	1	93	US	R011361	S000237	2026-03-02
4	5	3	3	2	2	5	4	5	3	43	2	92	US	R011362	S012030	2026-03-17
5	5	5	5	5	5	5	5	5	5	39	1	74	US	R011363	S005413	2026-02-17
2	2	2	5	1	2	5	5	5	5	21	1	78	US	R011364	S000489	2026-02-22
3	3	5	5	5	5	4	5	5	5	29	1	83	US	R011365	S002904	2026-02-06
5	4	4	2	2	2	5	5	5	3	22	1	68	US	R011366	S000178	2026-02-19
5	2	5	4	4	2	2	2	4	4	39	1	88	US	R011367	S001352	2026-03-21
4	2	2	4	4	2	4	3	4	5	36	2	88	US	R011368	S001483	2026-02-23
5	5	5	4	5	2	4	4	4	4	32	1	92	US	R011369	S002792	2026-02-24
4	2	4	4	3	3	2	1	2	2	42	1	84	US	R011370	S009184	2026-02-05
4	2	3	5	2	2	3	4	2	4	31	2	90	US	R011371	S005702	2026-03-14
4	3	5	4	5	3	5	2	4	5	18	2	98	US	R011372	S010166	2026-03-16
3	2	2	3	2	2	3	1	4	3	27	1	90	US	R011373	S004816	2026-02-05
4	2	2	3	2	2	1	4	2	2	26	2	90	US	R011374	S008771	2026-03-02
2	4	4	4	5	4	3	3	4	4	22	1	95	US	R011375	S012076	2026-02-15
2	1	4	4	5	2	5	5	4	4	47	2	95	US	R011376	S008290	2026-03-01
4	2	2	5	1	2	4	5	4	4	34	2	83	US	R011377	S004337	2026-02-21
2	2	1	2	4	1	2	2	2	3	36	2	86	US	R011378	S012803	2026-03-21
4	4	4	4	3	2	3	5	5	5	24	1	76	US	R011379	S003195	2026-03-13
4	3	3	4	3	2	5	5	5	5	22	1	80	US	R011380	S002267	2026-02-23
5	4	5	4	5	3	2	3	2	2	36	2	76	US	R011381	S010910	2026-02-28
5	5	5	4	4	4	3	2	4	5	18	2	88	US	R011382	S005273	2026-03-13
4	4	1	4	4	2	1	1	4	5	30	2	86	US	R011383	S007700	2026-02-15
4	2	2	4	2	1	1	2	4	5	18	1	72	US	R011384	S000667	2026-03-06
4	2	5	4	4	3	5	4	4	4	34	2	87	US	R011385	S001202	2026-02-04
2	3	4	2	3	2	2	2	4	5	44	1	86	US	R011386	S001746	2026-02-13
4	2	4	4	4	4	5	5	4	4	24	1	93	US	R011387	S004828	2026-03-23
5	3	3	4	2	3	5	5	5	4	42	1	78	US	R011388	S004233	2026-02-04
2	2	4	3	4	5	4	5	5	4	40	1	93	US	R011389	S009820	2026-02-15
4	4	3	3	5	5	2	1	2	4	40	2	94	US	R011390	S009352	2026-03-08
4	4	3	3	4	2	3	2	2	4	18	2	75	US	R011391	S001498	2026-03-03
4	2	1	4	4	3	2	4	5	4	36	1	69	US	R011392	S009001	2026-03-11
3	5	4	4	3	4	5	2	5	3	27	2	82	US	R011393	S008642	2026-02-24
5	2	4	5	5	3	4	5	4	1	38	1	83	US	R011394	S010726	2026-02-06
4	4	4	4	5	2	2	4	4	2	24	1	84	US	R011395	S006613	2026-03-08
4	3	5	4	4	4	2	4	2	3	70	2	87	US	R011396	S010748	2026-02-16
4	2	3	5	4	2	3	5	5	3	30	1	71	US	R011397	S003618	2026-03-20
5	5	2	4	3	1	1	3	2	4	24	1	93	US	R011398	S000934	2026-03-25
4	3	1	2	3	2	1	1	1	3	42	1	91	US	R011399	S005924	2026-02-07
4	1	4	5	5	4	4	4	4	4	33	1	93	US	R011400	S012632	2026-02-03
5	4	5	4	5	4	5	5	2	5	28	1	71	US	R011401	S004239	2026-02-02
5	5	4	3	3	4	4	2	4	4	22	2	94	US	R011402	S004389	2026-02-15
4	4	4	5	2	3	3	1	4	4	42	2	95	US	R011403	S005608	2026-02-10
5	4	3	5	5	5	2	2	4	4	34	2	79	US	R011404	S011566	2026-02-22
4	2	4	5	3	4	1	4	3	4	18	1	77	US	R011405	S010350	2026-03-25
4	4	2	4	4	2	1	1	2	3	35	2	93	US	R011406	S005065	2026-02-02
4	4	5	4	5	4	2	3	2	2	22	1	97	US	R011407	S005886	2026-03-14
5	1	3	4	2	3	3	3	2	5	58	1	55	US	R011408	S006658	2026-02-27
5	3	4	4	4	4	2	2	2	3	47	2	96	US	R011409	S009684	2026-02-28
5	3	4	5	4	2	4	5	3	4	46	2	79	US	R011410	S010065	2026-02-27
4	5	3	4	4	5	2	3	3	3	39	1	76	US	R011411	S001692	2026-02-08
2	1	2	5	4	2	2	2	4	2	39	1	90	US	R011412	S007934	2026-03-06
4	4	2	3	2	3	4	4	4	4	23	1	95	US	R011413	S004487	2026-02-08
4	2	3	5	5	1	3	3	4	4	20	1	98	US	R011414	S008480	2026-03-09
2	3	2	3	4	2	2	4	3	1	39	2	99	US	R011415	S001522	2026-02-13
2	3	2	4	1	4	2	4	4	5	51	1	70	US	R011416	S001782	2026-03-05
5	4	4	4	5	4	5	5	4	4	39	1	83	US	R011417	S007614	2026-02-05
2	2	4	2	1	1	4	2	1	3	40	1	91	US	R011418	S002509	2026-03-14
5	4	3	4	4	2	4	3	4	4	21	2	67	US	R011419	S004527	2026-03-17
5	5	5	5	5	5	4	4	2	4	37	2	87	US	R011420	S002756	2026-02-22
1	1	1	4	2	2	2	2	4	4	31	1	78	US	R011421	S010572	2026-03-22
3	3	1	3	2	1	1	2	1	1	42	2	88	US	R011422	S009805	2026-03-01
4	1	2	3	3	2	2	2	4	5	40	2	82	US	R011423	S004237	2026-02-05
4	2	5	3	4	4	1	3	4	3	38	1	94	US	R011424	S011975	2026-02-04
5	3	5	5	5	5	2	5	4	2	29	1	88	US	R011425	S002775	2026-03-27
2	2	2	3	2	4	4	4	3	4	46	1	88	US	R011426	S010621	2026-03-15
5	3	4	5	4	5	4	5	4	2	31	1	86	US	R011427	S010008	2026-02-21
4	3	5	5	4	4	4	5	5	3	34	2	88	US	R011428	S009197	2026-03-09
4	5	5	4	5	5	1	2	4	4	30	2	72	US	R011429	S004669	2026-02-23
2	2	2	4	3	2	4	5	1	4	25	1	94	US	R011430	S010199	2026-03-20
2	5	3	5	5	2	4	4	1	2	46	1	55	US	R011431	S012548	2026-03-02
4	2	5	3	2	2	1	1	3	3	31	2	78	US	R011432	S003621	2026-03-21
4	4	4	3	1	2	2	4	2	4	28	1	67	US	R011433	S010330	2026-02-05
3	3	4	4	2	2	4	4	2	3	30	1	88	US	R011434	S003700	2026-02-09
3	2	4	2	1	1	4	1	3	4	40	2	98	US	R011435	S000820	2026-02-12
5	2	5	4	5	5	3	5	4	5	38	2	85	US	R011436	S010907	2026-03-14
4	2	4	5	5	2	2	4	4	4	43	1	81	US	R011437	S003781	2026-03-05
5	4	4	5	4	4	3	2	4	2	28	2	95	US	R011438	S005800	2026-02-18
5	1	4	5	4	4	4	4	4	4	41	2	72	US	R011439	S003018	2026-02-18
5	2	4	5	5	4	2	3	4	5	37	1	46	US	R011440	S007671	2026-02-20
1	2	2	4	2	2	5	4	2	5	39	2	68	US	R011441	S008927	2026-03-23
4	2	2	3	2	2	2	3	4	5	26	2	88	US	R011442	S011100	2026-02-11
5	3	2	5	3	2	4	2	5	3	55	2	96	US	R011443	S009351	2026-02-08
4	5	4	5	4	4	4	5	4	4	28	2	90	US	R011444	S008279	2026-02-21
2	2	5	3	2	2	4	2	2	1	50	1	93	US	R011445	S008369	2026-03-19
3	3	4	2	3	1	1	2	2	2	18	2	82	US	R011446	S012600	2026-02-24
2	1	1	3	1	1	1	2	2	4	38	1	96	US	R011447	S001913	2026-02-09
2	4	3	5	4	3	3	4	2	3	39	1	89	US	R011448	S004931	2026-03-16
3	4	1	2	4	1	1	2	2	1	22	1	99	US	R011449	S010843	2026-03-11
5	3	4	3	3	5	2	2	3	3	35	1	96	US	R011450	S001397	2026-02-02
5	4	5	5	5	4	5	3	5	3	30	1	84	US	R011451	S010239	2026-03-25
4	2	2	5	4	4	5	4	4	4	38	2	92	US	R011452	S012618	2026-02-28
5	1	5	5	3	3	2	5	4	4	55	2	96	US	R011453	S010984	2026-02-09
4	2	4	5	4	3	4	5	4	2	41	2	86	US	R011454	S007787	2026-02-04
1	1	2	5	2	2	2	2	1	2	64	2	90	US	R011455	S002917	2026-02-28
4	1	3	2	3	4	5	5	5	4	55	1	92	US	R011456	S007260	2026-03-07
5	3	4	2	5	1	4	5	4	4	32	1	96	US	R011457	S011495	2026-03-12
4	4	2	3	3	2	5	5	4	4	45	1	84	US	R011458	S001513	2026-02-04
4	4	4	4	4	4	5	5	5	5	45	2	91	US	R011459	S007749	2026-03-17
3	4	2	4	1	1	2	4	4	2	24	1	62	US	R011460	S006591	2026-02-27
5	2	4	4	4	3	4	4	5	4	40	1	77	US	R011461	S012186	2026-02-04
5	2	5	4	5	2	2	4	2	5	42	1	96	US	R011462	S012205	2026-03-02
2	4	3	5	4	4	5	5	5	5	38	1	95	US	R011463	S005485	2026-03-13
3	1	2	5	4	1	1	4	4	4	66	1	84	US	R011464	S007820	2026-03-21
5	3	2	3	4	1	1	3	1	2	26	2	62	US	R011465	S012343	2026-03-06
4	5	5	4	5	5	3	4	3	5	43	1	96	US	R011466	S001112	2026-03-11
1	2	1	3	2	1	1	3	2	3	28	1	89	US	R011467	S010948	2026-03-24
5	4	2	5	5	4	4	4	4	4	35	1	82	US	R011468	S001401	2026-03-08
4	1	3	1	2	1	2	5	2	2	46	1	99	US	R011469	S007705	2026-02-17
4	3	3	5	4	4	5	4	4	4	51	2	88	US	R011470	S010519	2026-03-04
5	4	5	3	4	2	3	5	4	3	48	2	79	US	R011471	S003533	2026-02-11
5	5	4	5	5	2	2	4	3	5	45	1	72	US	R011472	S002895	2026-03-17
4	5	5	5	5	4	4	5	5	4	28	1	97	US	R011473	S005533	2026-02-18
3	5	2	3	2	2	4	5	2	4	41	2	77	US	R011474	S011244	2026-03-18
5	5	5	5	5	5	2	2	4	5	39	1	89	US	R011475	S007183	2026-02-19
2	1	2	4	1	1	2	3	2	3	38	1	94	US	R011476	S012552	2026-03-01
5	2	2	5	3	2	5	4	5	5	22	2	89	US	R011477	S003611	2026-03-23
4	3	3	5	4	3	1	3	2	1	18	2	86	US	R011478	S006700	2026-03-11
4	4	3	4	2	2	4	3	3	5	31	1	91	US	R011479	S007410	2026-03-02
3	4	4	5	2	1	1	2	4	5	18	2	76	US	R011480	S006186	2026-02-17
1	1	1	2	1	1	1	1	3	4	39	2	83	US	R011481	S012457	2026-02-28
5	2	2	5	2	2	1	3	2	5	38	1	81	US	R011482	S002532	2026-02-12
4	2	4	2	1	1	1	1	4	1	28	2	92	US	R011483	S011369	2026-02-12
5	4	3	5	4	4	5	1	2	3	22	2	83	US	R011484	S012647	2026-02-09
4	4	5	4	3	4	1	2	1	3	26	2	62	US	R011485	S008939	2026-03-04
4	5	5	5	5	4	3	3	4	4	32	2	90	US	R011486	S012413	2026-02-05
5	1	5	4	5	4	4	3	5	5	22	1	90	US	R011487	S010834	2026-03-11
4	2	5	4	5	3	5	4	4	4	18	1	87	US	R011488	S000249	2026-03-04
4	3	1	2	2	2	4	3	4	4	48	2	53	US	R011489	S009942	2026-02-19
5	2	2	5	5	2	5	3	5	2	43	1	94	US	R011490	S007704	2026-03-24
5	3	3	5	5	5	5	4	4	5	39	1	84	US	R011491	S011502	2026-02-10
5	5	4	5	4	5	4	4	3	4	49	1	90	US	R011492	S008301	2026-02-16
5	4	4	5	5	5	1	3	3	5	48	1	49	US	R011493	S009872	2026-03-07
1	2	2	4	1	1	4	4	2	4	39	1	87	US	R011494	S001809	2026-02-19
4	3	4	2	4	4	4	5	4	5	32	1	72	US	R011495	S003397	2026-02-11
4	2	2	5	5	4	5	5	4	3	43	2	81	US	R011496	S011907	2026-03-15
5	3	4	4	3	4	2	1	2	1	29	1	74	US	R011497	S006015	2026-03-15
5	3	4	4	3	4	4	3	3	4	26	1	97	US	R011498	S010338	2026-02-12
4	2	3	2	4	1	5	5	3	5	27	2	94	US	R011499	S009814	2026-02-12
5	2	1	4	2	2	1	4	1	3	26	1	80	US	R011500	S004023	2026-03-27
2	3	3	4	3	2	4	4	3	4	39	1	91	US	R011501	S009863	2026-02-14
5	4	5	4	5	2	5	5	4	5	44	1	90	US	R011502	S009500	2026-02-12
2	2	4	5	2	2	4	2	4	4	33	2	71	US	R011503	S003855	2026-02-13
4	4	4	4	5	5	4	5	4	5	37	2	94	US	R011504	S003983	2026-03-13
5	2	4	5	5	5	2	5	5	3	24	1	76	US	R011505	S009126	2026-02-14
4	1	4	3	5	5	5	4	3	5	24	2	76	US	R011506	S006259	2026-03-19
3	3	3	5	4	3	3	5	4	5	37	1	80	US	R011507	S004061	2026-03-02
4	5	4	5	5	3	1	3	4	4	51	1	72	US	R011508	S003347	2026-03-25
4	3	4	4	4	4	5	5	5	5	51	2	76	US	R011509	S002029	2026-03-02
5	1	5	4	2	4	2	2	2	1	28	2	84	US	R011510	S007214	2026-03-15
5	4	4	4	5	4	2	2	2	5	42	1	91	US	R011511	S008064	2026-02-05
5	3	3	5	2	2	2	5	3	4	55	1	96	US	R011512	S011882	2026-03-03
5	2	2	1	2	1	2	4	2	2	39	2	97	US	R011513	S002298	2026-02-07
2	2	3	4	4	1	3	4	4	4	50	2	43	US	R011514	S000966	2026-02-20
4	2	2	4	4	1	5	5	4	4	46	2	85	US	R011515	S012412	2026-02-16
4	3	5	5	5	5	4	5	5	5	37	1	100	US	R011516	S007925	2026-03-18
5	5	5	5	5	3	2	5	4	5	34	1	76	US	R011517	S001951	2026-03-11
2	1	2	5	4	1	4	4	4	5	18	1	68	US	R011518	S008402	2026-02-15
4	2	4	4	5	4	4	4	2	4	37	1	79	US	R011519	S012827	2026-03-09
3	1	1	3	1	2	2	2	5	2	41	2	73	US	R011520	S011147	2026-03-22
2	2	2	3	2	1	1	4	1	2	38	1	65	US	R011521	S004894	2026-03-27
2	2	4	4	5	4	3	2	4	4	37	2	89	US	R011522	S005609	2026-03-10
3	3	4	3	3	4	5	4	4	5	40	1	75	US	R011523	S010068	2026-02-06
5	5	3	5	3	3	5	5	5	5	57	1	73	US	R011524	S008020	2026-02-23
5	4	4	5	4	5	4	3	4	3	41	2	71	US	R011525	S008222	2026-02-13
4	2	2	4	2	1	4	4	2	5	20	1	68	US	R011526	S001595	2026-03-10
3	4	1	4	2	1	2	5	3	2	30	1	88	US	R011527	S008892	2026-02-17
5	4	5	5	5	4	5	5	5	3	38	2	72	US	R011528	S012844	2026-03-25
4	2	4	5	5	5	4	4	4	4	28	1	77	US	R011529	S008992	2026-02-09
5	4	4	5	5	1	4	5	5	5	34	1	87	US	R011530	S004455	2026-03-27
5	5	4	5	4	5	1	4	4	1	18	1	79	US	R011531	S006293	2026-02-22
4	1	2	3	2	1	2	3	3	2	32	1	78	US	R011532	S001364	2026-03-05
5	3	4	5	4	5	5	5	5	5	27	1	86	US	R011533	S007171	2026-03-10
4	3	1	3	2	2	1	1	4	2	18	1	88	US	R011534	S004442	2026-03-17
2	1	4	5	2	1	4	5	5	5	51	1	76	US	R011535	S011491	2026-02-18
4	1	3	4	3	1	2	2	1	2	33	1	78	US	R011536	S010334	2026-03-04
4	1	3	3	2	3	4	4	5	4	50	1	90	US	R011537	S005620	2026-02-07
4	2	4	5	4	5	2	1	4	4	18	2	70	US	R011538	S002105	2026-03-22
5	5	5	5	5	5	5	2	5	5	50	2	82	US	R011539	S010412	2026-03-26
2	3	4	4	3	2	3	4	4	5	23	1	97	US	R011540	S007279	2026-03-05
5	4	4	5	5	4	2	4	4	5	18	1	79	US	R011541	S002785	2026-02-26
3	4	5	5	2	2	5	5	3	4	46	1	77	US	R011542	S007044	2026-03-05
4	3	2	4	2	2	4	4	3	4	50	2	69	US	R011543	S007975	2026-03-06
4	2	2	3	1	2	5	4	5	4	31	2	50	US	R011544	S001977	2026-02-15
2	1	3	4	2	1	1	1	2	4	18	1	83	US	R011545	S002632	2026-03-26
5	3	2	5	2	4	3	5	3	4	48	1	67	US	R011546	S002869	2026-02-26
4	5	4	3	2	4	4	4	4	2	37	1	91	US	R011547	S010548	2026-02-05
1	2	1	4	4	3	4	4	4	4	30	1	91	US	R011548	S005966	2026-03-22
4	4	3	3	4	2	4	4	3	4	25	1	82	US	R011549	S010093	2026-02-03
4	4	5	5	5	5	4	5	5	5	29	1	76	US	R011550	S005785	2026-03-20
5	1	4	4	4	2	2	4	4	2	33	1	60	US	R011551	S001467	2026-02-03
3	2	2	3	2	2	4	4	4	5	37	1	84	US	R011552	S007058	2026-03-18
4	5	5	5	4	4	4	5	5	5	39	1	98	US	R011553	S005623	2026-02-17
4	2	4	1	3	4	3	4	3	4	47	2	96	US	R011554	S003333	2026-03-11
4	4	2	3	4	4	1	4	3	3	47	2	91	US	R011555	S003155	2026-02-10
4	4	5	5	3	3	5	5	4	3	24	1	81	US	R011556	S009927	2026-03-14
5	4	5	5	5	5	5	5	4	5	22	1	76	US	R011557	S003392	2026-02-09
4	4	3	4	4	2	1	2	4	5	36	2	82	US	R011558	S000170	2026-02-03
1	2	2	4	1	1	5	5	5	4	28	1	89	US	R011559	S009373	2026-03-23
5	4	4	4	4	3	4	5	5	5	41	2	85	US	R011560	S010979	2026-02-26
3	2	5	4	5	1	2	1	3	3	55	1	75	US	R011561	S009270	2026-02-06
3	1	1	1	1	1	1	4	2	4	23	1	74	US	R011562	S009103	2026-03-16
3	3	2	2	4	1	2	4	4	5	50	2	95	US	R011563	S002373	2026-02-05
4	5	5	5	3	3	5	4	5	4	33	1	74	US	R011564	S007567	2026-03-27
5	3	4	3	4	5	5	4	5	4	53	2	87	US	R011565	S012289	2026-02-26
2	2	4	5	4	2	4	2	2	5	31	1	48	US	R011566	S006894	2026-03-24
5	4	3	5	2	2	1	2	4	1	44	2	72	US	R011567	S000012	2026-03-15
5	4	2	4	4	2	4	5	5	4	32	2	93	US	R011568	S009791	2026-03-08
1	1	2	3	1	2	4	2	3	4	44	1	78	US	R011569	S005140	2026-02-25
4	3	2	4	4	3	5	4	3	5	18	2	86	US	R011570	S001122	2026-02-21
5	4	5	4	5	3	3	4	4	4	19	1	91	US	R011571	S000161	2026-03-05
5	4	4	4	5	5	3	5	4	5	22	2	73	US	R011572	S005315	2026-03-11
3	2	4	5	4	2	5	5	5	5	20	2	90	US	R011573	S007582	2026-02-05
2	2	2	4	1	4	2	4	5	2	18	2	79	US	R011574	S009379	2026-02-13
4	2	4	5	2	2	3	4	4	3	28	2	90	US	R011575	S007074	2026-03-23
4	4	3	5	2	1	3	4	3	4	46	1	84	US	R011576	S002211	2026-02-05
4	4	3	4	2	2	4	4	5	5	36	2	69	US	R011577	S010171	2026-02-21
2	1	3	4	4	1	2	2	2	4	36	2	95	US	R011578	S001012	2026-02-05
3	3	2	4	2	5	1	2	1	4	37	1	98	US	R011579	S009768	2026-03-19
2	1	2	2	2	3	2	5	3	3	37	2	92	US	R011580	S002927	2026-02-07
4	2	5	5	5	4	5	4	5	5	36	2	98	US	R011581	S001303	2026-03-24
3	5	4	2	4	4	4	4	4	4	18	1	81	US	R011582	S004611	2026-02-25
3	2	4	5	4	3	4	4	5	5	38	1	66	US	R011583	S007278	2026-02-03
5	1	4	5	2	2	5	5	4	1	33	2	95	US	R011584	S005053	2026-02-09
4	2	4	4	4	4	5	5	3	5	34	1	95	US	R011585	S007164	2026-02-17
5	5	3	5	4	3	5	5	4	4	59	1	89	US	R011586	S002995	2026-03-18
5	2	4	4	2	3	1	2	2	3	26	1	80	US	R011587	S000404	2026-02-22
3	5	4	4	4	2	1	2	3	4	33	1	66	US	R011588	S002455	2026-03-22
5	3	4	5	5	2	5	3	5	5	43	1	90	US	R011589	S005471	2026-03-19
3	3	5	2	4	2	2	4	4	4	55	1	72	US	R011590	S006938	2026-03-19
5	2	3	4	4	1	5	5	4	4	43	2	72	US	R011591	S005046	2026-03-19
4	3	3	3	3	2	4	5	5	4	31	1	91	US	R011592	S010116	2026-02-18
4	2	4	4	3	2	4	5	4	2	38	1	83	US	R011593	S002220	2026-02-02
4	1	2	2	2	2	2	4	4	4	46	2	84	US	R011594	S007603	2026-02-25
1	2	1	3	1	1	2	4	2	4	21	2	73	US	R011595	S008316	2026-02-20
4	4	3	5	2	1	4	4	2	4	27	1	93	US	R011596	S006188	2026-02-26
4	4	2	4	2	3	5	4	3	4	39	2	91	US	R011597	S002264	2026-02-26
2	3	2	3	3	2	4	4	4	4	20	1	90	US	R011598	S002517	2026-03-02
5	4	4	4	4	2	3	4	1	4	32	1	92	US	R011599	S003662	2026-02-16
4	3	4	4	3	3	3	4	3	4	51	2	90	US	R011600	S009983	2026-03-03
2	1	2	2	3	1	1	4	4	4	56	1	76	US	R011601	S001552	2026-03-25
4	2	2	2	3	1	4	4	3	4	49	1	80	US	R011602	S010259	2026-03-06
4	5	5	5	5	2	5	4	4	5	41	2	72	US	R011603	S006381	2026-03-06
3	4	2	4	4	2	1	1	1	1	33	1	93	US	R011604	S009187	2026-03-12
4	1	2	4	4	4	3	4	2	1	54	2	45	US	R011605	S009616	2026-02-02
4	1	2	5	4	4	3	1	4	4	56	2	89	US	R011606	S007806	2026-02-09
4	1	5	5	5	4	4	5	2	3	49	2	93	US	R011607	S005085	2026-02-06
4	5	3	5	4	4	2	3	3	4	51	2	99	US	R011608	S007533	2026-03-23
5	4	4	5	5	5	4	3	4	5	25	1	66	US	R011609	S004463	2026-03-09
4	4	3	5	4	4	1	2	3	3	34	1	89	US	R011610	S003603	2026-03-24
5	2	4	5	5	4	5	3	4	5	43	1	97	US	R011611	S000967	2026-02-03
2	3	4	4	2	2	3	1	4	3	47	2	90	US	R011612	S011142	2026-02-26
2	2	2	3	1	1	4	4	3	4	39	1	93	US	R011613	S009297	2026-03-12
5	3	4	4	5	4	5	4	5	4	18	2	79	US	R011614	S010894	2026-03-18
4	4	5	5	5	2	3	4	3	4	60	2	95	US	R011615	S002481	2026-02-27
4	3	4	5	5	2	4	3	5	5	33	1	71	US	R011616	S008001	2026-02-12
5	5	4	4	3	4	5	5	3	5	43	2	95	US	R011617	S010760	2026-03-08
4	2	4	4	4	3	2	2	2	3	41	2	85	US	R011618	S008646	2026-03-12
5	4	4	5	4	2	5	4	3	5	39	2	92	US	R011619	S011146	2026-03-17
4	4	2	5	3	4	4	4	2	5	25	1	97	US	R011620	S000833	2026-02-15
5	2	1	3	5	1	1	3	2	4	53	1	84	US	R011621	S005112	2026-03-06
2	3	1	1	3	1	4	5	5	3	47	1	95	US	R011622	S010257	2026-02-06
4	1	5	4	4	4	4	2	5	4	18	1	57	US	R011623	S008233	2026-02-20
2	2	1	3	1	2	4	2	3	5	38	1	75	US	R011624	S009859	2026-03-23
4	2	1	5	3	3	3	4	4	5	20	1	88	US	R011625	S006322	2026-02-23
3	2	3	5	2	1	4	3	4	5	18	1	75	US	R011626	S000816	2026-02-11
5	5	4	4	2	4	4	5	4	2	42	2	95	US	R011627	S003592	2026-03-09
5	3	4	5	5	4	4	3	2	4	40	1	86	US	R011628	S000522	2026-03-09
4	3	3	4	4	4	3	5	4	4	40	1	69	US	R011629	S001938	2026-02-17
4	2	5	4	5	1	3	4	4	4	27	1	96	US	R011630	S008558	2026-03-11
2	4	5	4	4	3	5	4	5	5	38	1	94	US	R011631	S010288	2026-03-23
5	3	3	4	4	1	1	2	4	4	33	1	84	US	R011632	S007914	2026-03-05
5	5	4	5	5	5	4	5	5	4	28	1	90	US	R011633	S000696	2026-02-07
4	2	5	4	4	4	5	2	5	4	33	1	78	US	R011634	S002970	2026-03-24
3	2	2	3	4	1	2	4	1	4	30	1	93	US	R011635	S011348	2026-03-08
5	2	4	5	4	5	3	5	3	3	48	2	86	US	R011636	S011732	2026-02-27
3	2	2	2	2	1	4	3	5	4	37	1	78	US	R011637	S007584	2026-03-05
4	2	4	5	4	2	4	5	4	5	21	1	84	US	R011638	S002763	2026-02-18
4	4	5	4	3	3	5	5	4	4	42	1	57	US	R011639	S007961	2026-02-13
2	1	4	3	2	5	5	4	4	4	47	1	79	US	R011640	S011646	2026-03-14
3	4	3	4	3	2	5	4	5	5	25	1	71	US	R011641	S000063	2026-03-06
4	2	2	3	3	4	5	4	4	3	49	2	76	US	R011642	S000228	2026-03-04
5	3	3	5	5	2	4	4	3	5	35	1	72	US	R011643	S008091	2026-03-13
5	4	4	5	5	5	5	5	5	4	24	1	76	US	R011644	S004100	2026-03-02
5	3	4	3	3	4	4	4	4	5	40	2	96	US	R011645	S002480	2026-03-23
5	1	4	4	4	3	5	5	4	5	48	2	86	US	R011646	S000141	2026-02-15
2	1	2	4	1	2	4	2	3	4	29	1	86	US	R011647	S001239	2026-03-07
4	3	2	4	3	2	4	5	5	5	39	2	95	US	R011648	S007255	2026-03-26
4	2	4	3	2	3	1	5	4	2	20	1	57	US	R011649	S011981	2026-02-26
3	5	3	4	1	2	2	2	5	4	37	1	78	US	R011650	S000456	2026-03-12
4	2	2	4	2	2	5	4	5	5	18	1	86	US	R011651	S002542	2026-03-04
2	3	2	3	2	1	5	4	5	4	38	1	94	US	R011652	S010553	2026-03-26
5	2	3	2	1	4	4	4	5	4	35	1	65	US	R011653	S005979	2026-03-03
4	3	4	5	2	5	2	4	4	3	44	2	74	US	R011654	S003638	2026-03-13
5	4	4	4	5	2	5	5	5	3	37	2	82	US	R011655	S010625	2026-02-22
5	2	5	4	4	4	5	5	5	5	34	2	91	US	R011656	S008942	2026-03-18
3	2	2	5	3	1	5	5	4	4	54	1	85	US	R011657	S005264	2026-02-28
4	3	5	5	3	4	4	4	2	4	25	1	85	US	R011658	S009170	2026-02-12
3	2	2	4	5	4	4	5	4	4	35	1	86	US	R011659	S001232	2026-02-04
1	1	2	5	4	3	4	2	1	4	49	1	89	US	R011660	S003512	2026-03-12
5	2	5	5	4	3	4	3	1	3	37	2	79	US	R011661	S000914	2026-03-06
3	3	4	4	4	2	4	4	4	3	35	2	82	US	R011662	S000804	2026-02-23
1	4	2	5	2	1	1	1	1	1	46	2	94	US	R011663	S009192	2026-03-22
4	4	5	5	5	3	5	5	2	4	40	1	89	US	R011664	S012543	2026-03-26
4	2	3	4	4	3	4	5	4	5	26	2	87	US	R011665	S012700	2026-03-18
5	2	4	3	3	3	4	5	5	4	31	2	89	US	R011666	S002572	2026-02-16
4	4	2	4	3	2	5	1	2	4	29	1	93	US	R011667	S000664	2026-02-09
4	2	3	4	5	5	4	5	4	5	41	2	88	US	R011668	S005441	2026-03-09
5	4	3	4	4	3	3	4	1	2	41	1	92	US	R011669	S005394	2026-03-19
5	1	4	4	4	4	1	3	2	4	34	1	81	US	R011670	S006495	2026-03-20
3	2	1	5	3	1	1	1	1	3	40	2	70	US	R011671	S006968	2026-02-21
5	5	5	4	5	5	4	2	4	5	18	1	92	US	R011672	S004619	2026-02-21
3	2	2	5	2	1	1	2	4	4	35	2	71	US	R011673	S009284	2026-02-21
5	4	5	5	5	2	4	3	3	4	32	2	83	US	R011674	S006336	2026-02-24
5	5	3	5	3	4	5	4	5	5	36	1	86	US	R011675	S007022	2026-02-22
5	5	3	5	5	2	2	2	4	5	28	2	97	US	R011676	S009913	2026-02-09
1	1	1	5	2	2	1	2	1	4	27	2	81	US	R011677	S002349	2026-02-07
2	3	1	2	1	2	5	5	5	4	44	1	70	US	R011678	S004898	2026-02-02
4	3	5	5	4	3	1	3	1	4	27	1	89	US	R011679	S000032	2026-02-27
4	5	1	4	3	2	4	5	5	4	33	1	84	US	R011680	S000107	2026-03-13
4	1	4	5	4	4	2	4	3	2	27	2	91	US	R011681	S012900	2026-02-11
5	2	5	5	5	3	1	1	1	1	44	2	81	US	R011682	S011461	2026-02-23
4	2	2	4	2	4	5	5	4	5	28	2	93	US	R011683	S008324	2026-03-11
5	3	5	5	5	5	2	4	4	5	44	2	94	US	R011684	S007648	2026-03-25
5	2	5	5	2	2	1	4	2	4	37	2	95	US	R011685	S011328	2026-02-19
4	3	2	4	1	1	5	5	2	5	20	1	97	US	R011686	S012250	2026-02-07
5	4	5	4	5	5	4	4	4	5	28	2	65	US	R011687	S007337	2026-03-26
4	2	3	2	1	1	4	5	3	4	21	1	79	US	R011688	S007310	2026-03-22
4	4	3	4	2	1	1	3	2	4	36	2	93	US	R011689	S012680	2026-03-18
5	1	5	5	4	5	4	5	5	5	24	2	66	US	R011690	S008408	2026-03-12
1	3	2	3	2	2	2	2	4	2	33	2	62	US	R011691	S004512	2026-03-17
5	2	4	5	2	3	2	2	2	4	26	2	91	US	R011692	S010034	2026-02-21
5	2	5	5	4	3	3	4	2	3	41	1	64	US	R011693	S012645	2026-03-15
5	4	4	4	4	4	4	5	4	4	37	1	92	US	R011694	S009993	2026-03-06
4	4	3	4	4	2	1	2	3	2	18	1	88	US	R011695	S008839	2026-03-06
4	3	2	4	4	2	5	5	5	5	33	1	77	US	R011696	S008140	2026-02-21
4	4	1	3	2	1	4	4	3	5	26	1	83	US	R011697	S012619	2026-02-12
3	3	2	3	2	2	2	4	2	3	35	1	71	US	R011698	S006415	2026-02-20
4	2	5	3	4	1	4	4	4	4	25	2	96	US	R011699	S009736	2026-02-16
4	4	2	2	2	1	1	1	2	2	49	1	85	US	R011700	S001936	2026-03-23
4	2	4	4	5	1	2	4	4	5	18	2	87	US	R011701	S006518	2026-03-18
4	2	2	4	2	1	2	4	5	5	45	1	86	US	R011702	S003775	2026-03-21
5	4	4	4	1	3	4	4	4	5	33	2	92	US	R011703	S004945	2026-03-04
4	3	3	4	4	1	2	3	4	4	18	2	82	US	R011704	S005984	2026-02-23
5	5	5	4	4	4	5	5	5	5	22	2	86	US	R011705	S001168	2026-03-09
3	2	3	5	4	4	4	5	4	5	40	1	93	US	R011706	S004656	2026-03-26
4	3	4	5	5	2	1	5	5	5	44	1	93	US	R011707	S006648	2026-02-14
5	3	5	5	5	4	3	5	4	5	42	2	97	US	R011708	S011030	2026-03-19
4	4	4	4	4	1	2	4	4	5	32	2	97	US	R011709	S006372	2026-03-01
5	2	4	5	4	4	2	2	4	5	25	2	84	US	R011710	S006670	2026-03-11
2	4	4	5	4	2	5	5	5	5	29	2	94	US	R011711	S001014	2026-02-15
4	5	4	4	5	3	3	4	4	5	33	1	74	US	R011712	S002898	2026-03-21
2	3	2	4	2	2	2	2	5	3	45	1	99	US	R011713	S006101	2026-02-22
5	4	5	5	5	5	4	5	4	3	48	2	67	US	R011714	S011028	2026-02-07
5	3	2	3	5	2	2	1	4	2	28	1	97	US	R011715	S008063	2026-03-20
4	4	1	5	2	1	2	3	4	2	27	1	91	US	R011716	S003184	2026-02-10
4	1	5	5	4	1	5	5	5	5	42	2	67	US	R011717	S000278	2026-03-25
3	4	2	4	4	1	3	2	4	5	44	1	66	US	R011718	S008699	2026-03-22
3	4	2	5	2	1	4	5	4	5	30	1	98	US	R011719	S008414	2026-02-07
2	1	1	2	4	1	1	2	3	4	27	2	97	US	R011720	S001410	2026-03-16
3	2	2	2	1	1	4	4	5	5	31	2	94	US	R011721	S001360	2026-02-18
4	4	4	4	5	4	4	5	2	4	38	2	86	US	R011722	S004097	2026-03-02
5	4	5	5	3	3	4	4	2	4	23	1	97	US	R011723	S001715	2026-03-05
1	4	5	4	4	1	2	2	2	1	32	1	73	US	R011724	S006478	2026-03-17
5	3	4	2	3	1	1	2	4	2	30	1	85	US	R011725	S007416	2026-02-28
3	1	2	3	4	2	5	5	5	4	43	1	80	US	R011726	S010905	2026-02-03
4	3	5	5	5	4	4	4	4	5	33	1	95	US	R011727	S000936	2026-02-19
5	3	5	5	4	5	4	5	5	5	30	1	94	US	R011728	S004733	2026-03-23
4	4	4	4	5	2	2	4	4	4	22	2	69	US	R011729	S008901	2026-03-22
2	4	3	5	4	4	5	5	5	5	38	1	95	US	R011730	S003743	2026-02-15
4	3	2	4	3	2	4	2	4	4	30	2	98	US	R011731	S005217	2026-03-27
4	2	4	4	2	2	5	5	5	4	58	1	60	US	R011732	S009349	2026-02-03
3	2	4	4	5	2	5	4	4	5	41	1	97	US	R011733	S009689	2026-03-07
3	2	1	4	1	2	2	2	2	3	36	1	76	US	R011734	S008999	2026-03-11
5	3	2	3	4	3	1	4	3	2	36	1	84	US	R011735	S002066	2026-02-25
4	4	2	2	1	2	2	2	5	4	20	1	99	US	R011736	S010403	2026-03-25
4	2	3	5	4	3	4	5	3	4	20	1	95	US	R011737	S011175	2026-02-08
3	2	1	2	4	2	3	4	4	5	30	2	85	US	R011738	S000690	2026-03-03
4	4	2	5	5	2	3	5	3	4	41	2	93	US	R011739	S007833	2026-03-12
4	2	3	5	5	1	4	2	5	5	18	2	63	US	R011740	S010059	2026-03-17
2	2	4	4	1	3	2	1	3	2	22	1	79	US	R011741	S012605	2026-02-09
5	1	2	2	3	1	1	3	4	4	26	1	96	US	R011742	S011291	2026-03-03
4	3	2	4	4	4	2	4	4	4	18	2	48	US	R011743	S002773	2026-02-23
2	4	5	3	4	2	2	2	3	4	37	2	90	US	R011744	S010294	2026-02-08
4	1	2	3	2	4	1	2	2	4	25	1	88	US	R011745	S012341	2026-02-18
4	5	4	5	5	2	5	5	5	4	39	1	76	US	R011746	S002450	2026-03-05
5	4	5	5	4	4	5	5	5	5	29	2	81	US	R011747	S000950	2026-03-02
1	1	3	5	4	2	4	3	2	5	23	1	96	US	R011748	S001540	2026-03-22
5	2	3	5	5	2	4	3	5	5	27	1	83	US	R011749	S011129	2026-02-09
5	5	5	5	4	4	2	1	5	1	20	2	85	US	R011750	S009107	2026-02-22
4	1	2	5	2	1	4	4	5	3	53	1	50	US	R011751	S010483	2026-02-17
5	2	4	5	5	5	2	5	4	5	24	1	85	US	R011752	S001046	2026-02-04
5	1	3	4	1	3	3	3	4	4	61	2	95	US	R011753	S007993	2026-02-07
4	2	2	4	3	1	4	4	4	4	18	2	71	US	R011754	S004417	2026-03-03
5	2	5	5	5	2	2	2	5	4	44	2	81	US	R011755	S009947	2026-02-15
5	4	5	5	4	4	4	5	5	1	32	2	93	US	R011756	S001010	2026-03-12
5	2	4	5	5	4	4	4	4	5	34	2	80	US	R011757	S000409	2026-02-07
4	3	4	5	3	2	4	2	4	3	47	1	75	US	R011758	S002457	2026-02-20
4	5	3	4	4	5	5	4	4	4	37	2	99	US	R011759	S010491	2026-02-21
5	4	2	2	2	1	1	2	2	3	37	1	95	US	R011760	S008486	2026-02-23
4	1	4	5	2	2	4	1	5	5	23	1	97	US	R011761	S001106	2026-02-10
5	5	3	5	1	2	5	3	5	5	52	1	83	US	R011762	S001804	2026-02-19
3	3	2	4	2	2	2	4	3	3	34	1	80	US	R011763	S004692	2026-02-12
4	3	2	2	1	1	3	4	4	5	64	1	85	US	R011764	S011020	2026-02-19
4	5	5	5	5	4	4	4	4	5	31	1	82	US	R011765	S003980	2026-03-10
4	1	5	5	4	4	4	2	5	4	33	2	70	US	R011766	S003928	2026-03-10
5	2	2	4	4	5	4	5	4	4	51	1	69	US	R011767	S000308	2026-03-01
4	1	4	4	4	2	5	5	5	5	18	1	79	US	R011768	S009248	2026-03-17
4	3	4	5	5	4	3	2	1	2	47	1	86	US	R011769	S005350	2026-03-10
2	1	3	4	2	1	2	4	4	4	37	1	98	US	R011770	S000738	2026-02-16
4	1	3	2	1	1	4	4	3	4	36	1	76	US	R011771	S007420	2026-02-19
2	2	1	5	3	3	1	2	2	4	37	1	85	US	R011772	S008635	2026-02-02
3	2	3	4	1	2	1	2	5	1	34	2	76	US	R011773	S009331	2026-03-27
4	3	4	4	3	2	2	2	1	2	18	1	86	US	R011774	S007837	2026-02-06
4	5	2	3	5	2	1	2	1	1	28	1	92	US	R011775	S000074	2026-02-05
5	4	4	3	4	3	4	3	3	5	42	2	85	US	R011776	S002215	2026-02-24
5	5	4	2	5	3	5	5	5	4	43	1	73	US	R011777	S004888	2026-02-18
4	1	3	4	5	4	3	1	2	2	36	1	83	US	R011778	S011558	2026-03-24
4	2	4	4	5	2	3	3	1	3	23	1	79	US	R011779	S006889	2026-03-14
4	4	4	3	4	2	5	5	5	4	36	2	81	US	R011780	S001013	2026-02-04
4	5	5	4	2	3	2	5	2	5	39	1	71	US	R011781	S004274	2026-03-05
4	2	4	5	5	5	4	5	4	5	44	1	95	US	R011782	S004700	2026-03-14
4	5	5	4	4	4	5	4	5	5	19	1	96	US	R011783	S012874	2026-03-16
5	4	4	3	3	3	5	5	5	5	48	1	78	US	R011784	S000733	2026-03-08
5	2	3	4	4	4	5	4	4	5	30	1	95	US	R011785	S012232	2026-02-26
2	2	4	4	4	4	2	3	3	4	24	2	88	US	R011786	S002207	2026-02-10
5	4	3	5	5	4	4	5	2	4	52	2	95	US	R011787	S007951	2026-03-12
3	2	4	4	3	1	1	1	4	2	18	1	96	US	R011788	S011496	2026-03-12
3	3	4	5	4	2	1	3	3	3	41	1	87	US	R011789	S012015	2026-02-07
4	4	3	3	4	1	2	4	3	2	30	1	78	US	R011790	S010114	2026-02-26
4	4	4	5	4	1	2	2	4	4	39	1	96	US	R011791	S004533	2026-03-15
5	2	4	5	4	2	2	3	2	4	46	2	99	US	R011792	S000097	2026-03-13
5	5	2	5	4	3	4	4	2	3	28	1	62	US	R011793	S002952	2026-02-12
4	4	3	4	3	2	5	4	4	4	50	2	95	US	R011794	S004563	2026-03-01
5	4	3	5	3	2	2	3	5	4	26	1	84	US	R011795	S008664	2026-03-27
3	3	4	4	2	2	1	3	4	2	18	1	92	US	R011796	S011701	2026-03-05
4	5	5	5	5	5	5	5	4	4	28	1	91	US	R011797	S000348	2026-02-18
4	1	5	5	5	2	5	5	5	5	36	2	68	US	R011798	S006814	2026-02-27
5	4	4	5	4	2	4	5	4	4	60	2	73	US	R011799	S007501	2026-02-24
3	2	3	4	4	2	4	4	4	3	34	2	94	US	R011800	S008219	2026-02-24
3	2	4	5	2	4	1	3	4	2	24	2	70	US	R011801	S007613	2026-02-11
1	2	2	4	2	2	4	4	4	5	32	2	80	US	R011802	S008812	2026-03-07
5	2	5	3	1	5	4	4	3	4	39	1	82	US	R011803	S011031	2026-03-21
5	2	5	4	4	2	5	4	4	4	23	2	97	US	R011804	S010051	2026-03-03
4	2	2	4	4	2	2	2	2	2	48	1	82	US	R011805	S003408	2026-03-03
3	4	4	5	2	2	1	1	1	4	39	2	57	US	R011806	S008328	2026-02-09
3	1	3	5	1	3	3	5	4	4	40	2	70	US	R011807	S011275	2026-03-01
4	2	4	4	4	1	1	2	2	1	35	1	62	US	R011808	S000218	2026-03-10
2	3	5	4	2	5	1	2	2	3	38	1	93	US	R011809	S005132	2026-02-12
1	2	1	3	1	1	5	4	3	3	39	1	81	US	R011810	S009017	2026-02-08
3	5	5	5	4	2	2	1	3	2	46	2	97	US	R011811	S010041	2026-03-27
4	2	4	5	4	1	3	2	4	4	27	1	55	US	R011812	S000106	2026-02-18
5	5	4	5	4	5	4	2	4	3	32	2	84	US	R011813	S007009	2026-03-07
5	2	2	4	4	3	4	4	5	4	26	1	82	US	R011814	S003793	2026-02-10
5	2	2	4	5	3	3	1	4	4	22	1	93	US	R011815	S010957	2026-02-10
3	2	3	4	5	1	4	5	5	4	44	1	79	US	R011816	S004012	2026-03-22
4	5	5	5	4	4	4	5	5	3	26	1	76	US	R011817	S006946	2026-02-09
2	3	2	3	2	1	4	4	2	3	33	1	89	US	R011818	S001140	2026-03-03
4	1	5	5	5	2	2	4	4	3	28	2	98	US	R011819	S009972	2026-03-16
4	1	5	5	5	2	2	4	4	3	28	2	98	US	R011820	S006780	2026-02-17
4	3	3	4	2	2	1	2	2	4	23	1	91	US	R011821	S000552	2026-03-15
3	4	1	4	4	2	4	5	4	4	27	1	83	US	R011822	S000246	2026-03-16
4	2	5	4	4	5	5	4	4	5	21	1	95	US	R011823	S003979	2026-02-18
1	4	4	4	5	4	5	5	4	2	46	2	84	US	R011824	S011313	2026-02-08
4	3	2	4	3	1	1	1	2	3	18	1	100	US	R011825	S012092	2026-03-19
5	3	5	4	4	4	1	4	1	4	36	1	88	US	R011826	S012340	2026-02-19
2	2	1	5	2	3	1	4	1	1	27	1	94	US	R011827	S010700	2026-02-19
4	4	3	5	4	2	4	4	2	5	31	1	95	US	R011828	S009421	2026-02-28
4	2	2	2	1	1	5	5	4	3	36	1	86	US	R011829	S008845	2026-02-03
5	5	4	5	4	5	3	4	4	5	35	1	89	US	R011830	S012346	2026-02-12
5	3	5	5	5	3	3	5	3	2	25	1	83	US	R011831	S009862	2026-02-08
4	2	1	3	4	2	2	4	4	4	30	1	88	US	R011832	S004266	2026-03-21
4	5	4	4	3	5	2	4	4	2	36	2	76	US	R011833	S003668	2026-03-21
5	3	4	4	5	3	4	5	4	4	57	2	87	US	R011834	S010079	2026-02-27
2	2	1	4	1	1	1	1	3	2	20	2	95	US	R011835	S012414	2026-02-19
4	1	4	5	4	5	5	5	5	4	40	1	82	US	R011836	S003951	2026-02-28
5	2	3	4	1	2	1	2	2	2	42	1	79	US	R011837	S005618	2026-03-06
5	2	4	4	4	4	4	2	3	4	31	1	93	US	R011838	S012705	2026-03-02
4	2	4	4	3	3	4	4	2	5	28	1	87	US	R011839	S010054	2026-03-01
5	1	5	4	5	4	4	3	5	5	19	2	97	US	R011840	S002874	2026-03-11
4	2	3	4	4	4	4	3	2	1	42	1	90	US	R011841	S009583	2026-03-09
5	3	4	4	5	4	2	2	3	4	35	1	72	US	R011842	S004187	2026-02-11
5	5	4	4	3	2	4	4	4	5	34	2	85	US	R011843	S008980	2026-03-19
4	2	2	4	2	4	3	4	4	4	45	1	83	US	R011844	S004897	2026-02-17
3	2	2	5	2	2	4	4	5	5	24	1	73	US	R011845	S001406	2026-03-19
5	2	1	4	2	1	4	5	4	4	36	1	97	US	R011846	S009444	2026-03-26
4	3	2	5	4	2	2	4	2	2	44	1	71	US	R011847	S010030	2026-02-21
4	2	5	4	4	2	2	3	4	3	32	2	99	US	R011848	S001052	2026-02-11
5	4	4	5	4	3	2	2	1	2	33	2	93	US	R011849	S006029	2026-03-06
5	2	4	5	4	5	5	5	5	5	50	2	91	US	R011850	S011450	2026-02-14
4	2	4	3	4	3	5	5	5	4	37	1	97	US	R011851	S000086	2026-03-19
1	2	4	4	4	3	1	4	5	5	24	2	96	US	R011852	S000979	2026-02-16
5	1	4	5	2	4	4	4	5	5	23	2	92	US	R011853	S003747	2026-03-16
4	4	5	5	5	3	3	2	4	4	32	2	50	US	R011854	S009244	2026-03-08
2	5	4	4	5	1	1	1	1	4	36	1	69	US	R011855	S002949	2026-03-26
4	1	4	3	2	2	1	1	2	4	28	1	86	US	R011856	S005338	2026-02-19
4	2	4	5	5	4	5	5	5	5	36	1	98	US	R011857	S005469	2026-03-26
4	1	3	5	3	4	2	5	3	4	40	1	96	US	R011858	S010671	2026-02-23
5	5	5	5	5	4	5	4	4	4	21	1	87	US	R011859	S010361	2026-02-09
2	4	2	2	2	4	5	1	4	3	48	1	91	US	R011860	S002725	2026-02-13
4	4	4	5	5	5	3	4	2	4	24	1	88	US	R011861	S012634	2026-02-23
4	4	2	4	4	2	4	3	2	4	34	2	98	US	R011862	S001747	2026-02-15
5	1	5	5	4	3	5	4	5	5	42	2	99	US	R011863	S005105	2026-03-26
5	4	5	4	4	3	5	4	5	4	48	2	98	US	R011864	S000509	2026-02-02
4	2	2	3	4	2	5	5	5	5	24	1	85	US	R011865	S009738	2026-03-07
4	5	3	4	2	2	1	2	2	4	47	1	98	US	R011866	S007858	2026-02-20
5	1	5	5	4	5	3	2	4	4	34	2	82	US	R011867	S007340	2026-02-26
2	3	2	5	2	1	4	4	4	4	40	1	92	US	R011868	S001973	2026-03-25
3	2	4	4	5	2	5	4	4	5	41	1	97	US	R011869	S012440	2026-02-09
5	2	5	5	5	4	5	4	4	5	18	1	99	US	R011870	S011429	2026-02-19
4	3	5	3	5	4	5	5	5	5	36	2	96	US	R011871	S012831	2026-02-02
2	1	2	4	4	2	5	4	3	2	42	1	89	US	R011872	S006321	2026-02-15
2	5	2	3	1	2	2	3	4	3	40	1	98	US	R011873	S011792	2026-03-16
4	4	4	5	4	1	5	5	4	5	36	1	87	US	R011874	S012965	2026-03-01
3	2	5	5	4	3	2	2	2	4	19	1	80	US	R011875	S006525	2026-03-08
5	2	3	4	3	3	2	4	4	4	29	2	96	US	R011876	S011298	2026-02-02
5	4	5	5	5	5	5	5	4	5	38	1	98	US	R011877	S010006	2026-03-03
1	4	2	3	2	1	1	2	2	4	64	2	99	US	R011878	S008292	2026-03-05
5	2	4	5	4	4	4	4	4	2	18	2	91	US	R011879	S003210	2026-02-28
4	2	2	5	1	2	5	5	4	4	43	2	95	US	R011880	S003985	2026-03-18
5	2	4	4	1	1	4	5	2	3	45	1	88	US	R011881	S001100	2026-03-16
4	3	3	5	4	4	2	4	2	2	19	1	99	US	R011882	S003832	2026-02-27
2	2	2	5	1	1	3	3	2	2	34	1	87	US	R011883	S007254	2026-03-04
3	1	4	4	3	2	5	5	4	4	41	2	81	US	R011884	S004713	2026-03-27
4	3	3	5	3	1	4	4	3	4	36	1	73	US	R011885	S000691	2026-02-17
5	1	2	4	3	2	5	5	5	3	36	2	65	US	R011886	S011672	2026-03-05
4	2	1	4	2	3	3	2	4	4	25	2	87	US	R011887	S002213	2026-02-21
5	2	4	4	3	5	4	2	5	4	19	2	87	US	R011888	S005092	2026-02-04
5	2	4	5	2	2	3	5	5	4	29	1	91	US	R011889	S012738	2026-02-04
5	3	3	5	5	2	4	4	3	5	35	1	72	US	R011890	S012129	2026-03-26
3	3	5	5	5	5	5	3	5	5	35	2	65	US	R011891	S007766	2026-02-03
4	4	5	5	4	4	5	5	4	5	28	2	81	US	R011892	S005523	2026-02-24
2	3	3	2	4	2	1	3	4	2	34	1	96	US	R011893	S011803	2026-03-11
4	4	4	5	2	1	5	4	4	5	18	1	95	US	R011894	S006197	2026-03-10
4	5	3	3	3	1	5	1	4	4	37	1	76	US	R011895	S010588	2026-03-04
4	3	2	4	2	1	1	3	1	4	27	1	88	US	R011896	S000378	2026-02-12
4	2	3	4	4	1	1	3	2	3	31	2	87	US	R011897	S001717	2026-02-04
5	2	5	4	5	5	5	5	3	5	24	1	84	US	R011898	S001896	2026-03-12
4	2	3	5	2	2	1	1	4	4	37	1	60	US	R011899	S008221	2026-02-08
4	3	4	3	1	1	2	2	2	2	32	2	93	US	R011900	S006383	2026-02-19
4	2	4	4	3	2	1	2	2	3	40	1	71	US	R011901	S000427	2026-03-13
4	2	3	2	4	3	2	5	2	4	39	2	96	US	R011902	S008718	2026-02-24
3	2	3	4	2	1	5	4	4	3	34	1	83	US	R011903	S009125	2026-03-25
5	3	5	5	5	4	1	2	4	5	27	2	83	US	R011904	S001670	2026-03-05
3	2	2	4	2	2	1	4	4	4	61	2	98	US	R011905	S004088	2026-03-10
3	1	2	2	1	1	3	1	2	4	29	1	85	US	R011906	S000965	2026-02-18
5	3	2	4	1	2	4	5	5	4	28	2	88	US	R011907	S012485	2026-03-19
4	3	4	4	4	4	5	4	5	4	54	1	66	US	R011908	S004642	2026-03-10
4	1	3	4	5	5	1	4	5	3	33	2	82	US	R011909	S000057	2026-03-15
4	1	5	5	5	3	4	4	3	4	42	1	80	US	R011910	S004034	2026-02-27
2	4	2	4	2	1	1	5	2	5	24	1	79	US	R011911	S005041	2026-03-14
5	4	4	4	4	3	5	4	4	3	40	1	72	US	R011912	S000080	2026-02-28
5	4	4	5	4	5	4	5	5	4	29	1	95	US	R011913	S008435	2026-02-09
4	2	4	5	3	2	2	4	5	5	59	2	85	US	R011914	S012931	2026-02-05
4	4	2	5	2	2	4	3	2	5	28	1	95	US	R011915	S007151	2026-02-06
4	5	5	4	4	4	1	4	1	4	18	2	91	US	R011916	S010549	2026-03-19
5	4	2	4	4	1	2	4	3	4	37	2	94	US	R011917	S010759	2026-03-09
2	4	1	4	4	3	3	4	3	5	36	2	86	US	R011918	S004393	2026-02-26
3	3	3	2	2	1	5	5	5	5	33	1	84	US	R011919	S002790	2026-02-04
4	1	3	4	3	3	5	4	4	4	38	2	85	US	R011920	S012679	2026-03-08
4	3	4	5	5	2	5	4	4	4	40	2	84	US	R011921	S000252	2026-02-19
3	1	4	4	4	5	3	5	3	2	33	2	92	US	R011922	S009978	2026-02-02
3	4	2	4	1	2	4	1	3	3	31	1	82	US	R011923	S001853	2026-03-07
4	4	4	4	4	4	5	5	4	4	23	1	93	US	R011924	S000882	2026-02-23
2	2	4	4	2	2	4	5	4	5	34	2	66	US	R011925	S012886	2026-03-01
5	3	4	5	5	2	1	2	3	4	35	2	94	US	R011926	S002514	2026-03-24
4	1	5	5	4	3	5	5	5	5	30	2	70	US	R011927	S007527	2026-03-06
4	4	5	5	3	2	4	5	4	3	39	1	93	US	R011928	S010046	2026-03-11
4	3	4	5	2	2	2	3	2	4	43	2	96	US	R011929	S011355	2026-02-21
4	5	4	5	2	4	1	3	2	3	40	2	96	US	R011930	S004253	2026-03-13
5	4	5	5	5	5	2	2	2	5	55	2	89	US	R011931	S001753	2026-02-12
2	1	2	4	2	4	2	3	2	1	44	2	96	US	R011932	S001570	2026-03-10
5	3	2	1	3	2	2	4	3	5	48	1	85	US	R011933	S007368	2026-02-07
5	5	5	4	5	5	5	5	4	3	42	1	80	US	R011934	S006455	2026-03-27
5	5	3	5	5	2	2	4	1	4	18	1	92	US	R011935	S009410	2026-03-19
2	2	3	5	4	5	1	5	4	5	36	2	87	US	R011936	S011600	2026-03-10
4	5	2	5	2	3	4	4	5	4	31	1	96	US	R011937	S005067	2026-03-06
1	2	4	5	3	1	4	4	5	4	35	1	90	US	R011938	S002353	2026-02-03
5	4	2	3	5	2	2	1	4	4	42	2	92	US	R011939	S012228	2026-03-13
2	3	4	5	2	2	1	4	4	3	38	2	50	US	R011940	S008867	2026-02-10
5	1	4	4	5	4	4	5	5	5	40	2	99	US	R011941	S010152	2026-02-20
5	3	4	4	4	4	5	4	4	5	41	1	94	US	R011942	S000927	2026-02-10
1	2	5	5	4	3	4	2	4	4	38	1	83	US	R011943	S012614	2026-02-09
1	2	2	4	2	2	4	4	4	4	54	1	84	US	R011944	S006677	2026-02-12
4	4	4	5	5	3	4	3	4	5	22	2	83	US	R011945	S011393	2026-03-03
5	4	4	5	4	1	2	1	4	2	62	1	98	US	R011946	S009797	2026-03-04
5	3	4	2	5	2	4	5	4	4	41	2	77	US	R011947	S012685	2026-03-22
5	2	4	4	4	2	4	2	2	2	24	1	83	US	R011948	S005111	2026-03-26
3	4	2	4	2	2	1	2	2	2	29	1	59	US	R011949	S007124	2026-03-02
4	2	5	5	5	5	4	5	4	4	28	1	93	US	R011950	S004283	2026-03-22
2	3	3	4	1	3	4	4	4	5	22	2	71	US	R011951	S008513	2026-03-24
5	2	5	5	5	4	3	4	4	4	35	1	100	US	R011952	S003680	2026-02-23
5	1	3	5	4	3	4	2	3	4	19	2	92	US	R011953	S009562	2026-03-03
3	2	3	5	1	1	2	1	1	5	47	2	90	US	R011954	S008244	2026-03-06
3	2	5	5	4	4	1	2	4	4	18	1	91	US	R011955	S003759	2026-02-20
1	1	2	3	1	1	3	4	4	4	34	1	88	US	R011956	S001863	2026-03-26
4	5	3	4	4	4	5	4	5	4	43	2	93	US	R011957	S006792	2026-03-10
5	2	2	4	5	2	4	2	5	5	41	2	98	US	R011958	S007558	2026-03-16
4	2	2	2	3	2	3	4	4	4	36	2	96	US	R011959	S012912	2026-02-05
4	3	4	4	4	5	1	2	4	2	32	2	71	US	R011960	S001830	2026-03-10
4	3	5	5	3	4	5	4	4	3	48	2	100	US	R011961	S006312	2026-03-23
4	2	4	5	5	4	4	4	5	2	27	1	97	US	R011962	S002071	2026-02-21
4	3	4	4	5	4	4	5	5	5	44	1	84	US	R011963	S002814	2026-02-02
4	3	4	5	3	2	1	4	1	4	23	1	68	US	R011964	S011713	2026-03-24
5	2	4	2	3	3	4	2	3	5	44	2	95	US	R011965	S006085	2026-02-23
4	2	5	5	5	3	2	1	2	5	46	1	90	US	R011966	S000118	2026-03-25
4	1	2	2	2	1	5	3	4	3	46	2	93	US	R011967	S010498	2026-03-05
1	2	1	4	2	1	5	2	2	1	21	1	89	US	R011968	S012003	2026-02-13
4	2	4	4	2	1	1	4	4	4	21	1	99	US	R011969	S008379	2026-02-04
4	5	5	4	5	4	1	2	4	4	36	2	71	US	R011970	S003454	2026-02-10
4	4	4	4	5	2	2	1	3	3	23	1	79	US	R011971	S007207	2026-02-08
4	4	4	4	5	2	4	5	4	4	30	1	73	US	R011972	S002362	2026-02-23
2	2	2	3	1	1	3	5	3	2	30	1	75	US	R011973	S003647	2026-03-15
1	5	2	4	3	3	1	5	1	1	38	1	84	US	R011974	S001758	2026-03-15
4	2	4	4	2	2	2	3	2	4	32	1	66	US	R011975	S012510	2026-02-25
5	5	2	5	3	1	4	2	5	5	40	1	61	US	R011976	S000800	2026-03-20
5	3	4	4	5	3	4	3	4	5	30	2	89	US	R011977	S010249	2026-03-11
4	4	2	5	4	4	4	2	5	4	37	1	97	US	R011978	S000682	2026-03-15
5	5	5	5	5	2	5	4	4	5	41	1	60	US	R011979	S000423	2026-02-14
5	4	4	4	5	2	2	2	4	3	31	1	73	US	R011980	S011373	2026-02-24
3	3	2	3	4	2	4	4	5	2	30	1	76	US	R011981	S010993	2026-02-02
5	2	5	4	4	5	2	1	1	3	24	2	90	US	R011982	S001427	2026-03-14
4	2	5	4	5	5	5	5	4	3	38	1	96	US	R011983	S000823	2026-03-17
4	1	3	4	1	2	2	2	3	2	22	2	86	US	R011984	S007948	2026-02-15
5	1	2	4	2	5	3	3	2	5	18	2	92	US	R011985	S004340	2026-03-13
4	5	4	4	5	5	1	2	2	3	53	1	65	US	R011986	S006614	2026-03-06
4	4	5	4	2	2	4	2	4	5	25	1	99	US	R011987	S004301	2026-03-19
4	5	3	5	4	1	5	4	4	5	30	1	79	US	R011988	S012777	2026-02-16
5	4	5	4	5	5	5	5	5	5	44	2	94	US	R011989	S001535	2026-03-08
5	5	5	4	4	4	5	3	5	4	25	1	91	US	R011990	S001754	2026-02-23
4	4	2	5	1	2	3	2	4	5	35	2	85	US	R011991	S006226	2026-02-13
4	4	3	4	3	1	4	5	5	4	39	1	86	US	R011992	S002119	2026-03-14
4	5	4	4	3	3	3	2	4	4	30	2	79	US	R011993	S004971	2026-02-24
5	2	3	4	4	4	1	1	2	2	43	2	97	US	R011994	S012005	2026-02-11
3	2	3	5	2	2	4	4	2	4	41	1	94	US	R011995	S004409	2026-03-27
4	1	5	2	3	2	1	1	2	3	43	2	68	US	R011996	S007663	2026-03-25
5	3	2	3	3	4	3	5	2	2	44	1	91	US	R011997	S008014	2026-02-05
2	5	5	4	2	2	2	1	2	1	28	1	91	US	R011998	S009446	2026-03-01
4	3	5	5	4	5	4	5	4	4	49	1	84	US	R011999	S012682	2026-02-15
4	3	4	5	3	4	3	5	4	4	32	1	89	US	R012000	S011465	2026-02-21
5	3	4	4	4	2	5	4	4	5	25	2	89	US	R012001	S001056	2026-02-02
4	2	4	3	2	1	2	4	4	4	18	1	97	US	R012002	S011790	2026-03-09
4	4	5	5	5	4	5	5	5	4	33	2	98	US	R012003	S006016	2026-02-26
5	4	4	4	2	4	5	3	5	4	55	1	99	US	R012004	S009081	2026-02-04
4	4	4	4	4	2	5	5	4	5	44	1	93	US	R012005	S001315	2026-03-16
2	3	4	5	4	2	5	4	5	3	37	1	82	US	R012006	S010010	2026-03-06
3	1	4	3	1	1	3	2	2	3	18	1	85	US	R012007	S008633	2026-03-26
3	3	5	5	3	2	3	3	2	3	38	1	89	US	R012008	S011696	2026-02-06
5	2	4	4	5	2	3	5	5	5	47	1	79	US	R012009	S001133	2026-02-19
5	3	2	4	2	2	2	2	2	3	18	1	85	US	R012010	S008768	2026-02-02
5	5	4	4	5	3	3	5	2	5	21	2	94	US	R012011	S005251	2026-02-11
4	2	4	4	5	4	1	3	2	3	30	1	97	US	R012012	S008539	2026-03-10
2	2	1	2	4	4	5	5	4	5	40	2	86	US	R012013	S006530	2026-03-07
2	2	2	3	2	4	1	2	3	1	40	2	92	US	R012014	S003836	2026-02-07
5	2	5	4	4	3	1	3	2	1	22	2	69	US	R012015	S005009	2026-03-23
3	1	3	4	4	2	4	2	4	4	32	1	83	US	R012016	S010410	2026-03-16
4	4	3	5	4	3	4	4	5	5	42	2	92	US	R012017	S011103	2026-02-26
1	4	5	2	3	4	4	3	4	4	39	2	89	US	R012018	S010676	2026-03-16
3	4	4	5	2	2	4	2	5	4	42	1	96	US	R012019	S007418	2026-02-16
5	2	5	4	3	2	2	1	2	1	32	1	86	US	R012020	S001195	2026-02-22
4	1	1	2	2	1	5	4	1	4	50	2	83	US	R012021	S002534	2026-03-02
5	3	2	4	5	3	4	5	5	4	24	1	85	US	R012022	S002937	2026-02-10
4	3	5	4	5	4	5	5	5	5	38	1	71	US	R012023	S004054	2026-03-19
5	5	5	5	5	5	2	2	1	4	18	1	69	US	R012024	S004599	2026-02-14
4	4	4	5	4	2	1	1	4	2	18	1	99	US	R012025	S000216	2026-03-15
1	1	2	2	2	1	1	1	2	4	29	1	71	US	R012026	S011857	2026-02-05
5	4	4	5	5	1	3	3	3	4	45	2	92	US	R012027	S011148	2026-03-20
4	3	5	4	2	2	4	4	2	5	44	1	90	US	R012028	S003689	2026-03-17
5	4	3	4	4	4	2	4	4	4	26	1	97	US	R012029	S009911	2026-02-02
5	2	5	1	2	2	5	5	5	5	39	2	86	US	R012030	S007929	2026-03-09
1	3	2	4	3	4	5	5	5	4	38	2	90	US	R012031	S004208	2026-02-28
4	2	2	5	3	2	3	4	3	5	30	2	91	US	R012032	S007593	2026-03-06
5	4	4	4	4	4	5	5	4	4	23	1	99	US	R012033	S009386	2026-03-25
5	4	3	5	4	1	4	4	5	4	49	2	91	US	R012034	S005806	2026-02-13
1	2	2	4	4	1	5	4	4	4	52	2	84	US	R012035	S005969	2026-03-03
2	2	1	1	1	1	1	1	2	2	18	2	79	US	R012036	S006465	2026-03-15
5	4	5	4	5	2	4	5	5	5	43	1	91	US	R012037	S005901	2026-03-25
4	5	5	5	4	3	5	5	5	5	25	2	80	US	R012038	S005014	2026-02-09
4	2	4	5	5	5	5	5	4	5	39	2	97	US	R012039	S011662	2026-03-27
4	2	4	5	4	3	4	2	4	4	33	1	83	US	R012040	S009164	2026-02-08
4	4	2	4	4	3	5	4	2	3	30	1	88	US	R012041	S005728	2026-02-21
5	4	5	5	4	2	2	5	3	3	32	2	85	US	R012042	S012694	2026-02-26
2	1	2	5	1	1	1	1	1	3	25	1	98	US	R012043	S011066	2026-02-05
1	2	4	3	1	1	4	2	4	4	36	2	92	US	R012044	S004120	2026-02-15
4	3	1	3	4	2	2	1	1	4	58	1	71	US	R012045	S001920	2026-03-21
5	3	3	2	2	2	4	4	4	3	41	1	99	US	R012046	S011038	2026-02-11
2	3	2	4	3	2	2	4	4	5	35	1	93	US	R012047	S000477	2026-03-07
4	3	3	4	4	1	5	5	5	4	49	2	85	US	R012048	S007384	2026-02-10
4	3	1	4	2	1	2	4	1	1	28	2	94	US	R012049	S004483	2026-03-19
3	2	4	4	2	2	2	1	1	1	52	1	97	US	R012050	S000512	2026-02-26
5	2	3	4	4	2	4	5	4	5	39	1	86	US	R012051	S002259	2026-03-22
1	2	2	3	2	2	4	3	3	4	38	1	97	US	R012052	S005742	2026-03-05
2	5	4	3	2	1	3	3	2	4	37	2	90	US	R012053	S011126	2026-03-02
4	2	2	4	1	2	1	1	1	4	20	1	89	US	R012054	S003272	2026-02-20
3	2	2	1	2	1	1	2	2	3	44	2	82	US	R012055	S004482	2026-03-25
4	2	4	5	4	5	4	4	2	4	32	2	93	US	R012056	S006219	2026-03-10
5	4	4	5	4	5	4	5	5	4	29	1	95	US	R012057	S004994	2026-02-21
5	5	4	5	4	5	1	4	5	4	51	2	90	US	R012058	S011075	2026-03-07
4	1	5	5	4	2	1	4	2	3	29	2	73	US	R012059	S005772	2026-02-22
5	4	5	5	4	5	4	5	5	5	44	2	67	US	R012060	S000179	2026-03-23
3	2	4	4	4	5	5	4	5	5	30	2	84	US	R012061	S006881	2026-03-09
3	2	2	4	1	1	4	4	4	3	29	2	82	US	R012062	S001379	2026-02-27
5	4	4	5	3	4	5	5	5	5	27	2	78	US	R012063	S000988	2026-02-02
5	2	3	5	4	5	2	2	3	2	41	1	91	US	R012064	S009451	2026-03-10
4	4	2	4	2	1	3	2	4	3	28	2	89	US	R012065	S008935	2026-03-15
5	2	5	5	5	5	5	4	4	5	36	2	84	US	R012066	S005214	2026-03-12
2	3	1	4	2	1	3	5	2	5	42	1	91	US	R012067	S000926	2026-02-05
5	2	4	4	3	4	5	4	5	5	30	1	96	US	R012068	S012309	2026-02-24
4	2	5	4	4	4	4	5	5	5	43	2	71	US	R012069	S008749	2026-03-07
5	3	4	4	4	2	5	4	5	5	27	1	84	US	R012070	S005095	2026-03-22
4	2	3	3	2	1	1	1	4	2	46	1	78	US	R012071	S009967	2026-02-08
4	1	4	4	4	4	5	4	4	5	37	1	91	US	R012072	S003219	2026-03-01
2	2	2	4	3	2	2	3	2	1	26	1	70	US	R012073	S004391	2026-03-19
2	3	2	4	1	5	1	1	1	4	47	1	89	US	R012074	S003636	2026-02-17
2	5	3	4	2	5	4	5	4	4	42	2	97	US	R012075	S007012	2026-03-06
3	2	4	4	3	4	2	2	3	4	48	2	75	US	R012076	S010012	2026-02-11
1	2	2	1	2	1	3	4	4	5	18	2	96	US	R012077	S011852	2026-02-19
5	1	3	5	3	2	2	4	2	2	38	1	98	US	R012078	S011205	2026-02-28
4	1	1	4	2	1	2	2	4	1	44	2	88	US	R012079	S001240	2026-02-22
2	5	4	4	2	3	2	1	4	4	43	1	89	US	R012080	S003801	2026-02-08
5	2	4	4	4	4	1	3	2	4	22	1	86	US	R012081	S000818	2026-02-20
2	2	1	4	1	1	4	2	2	4	35	1	97	US	R012082	S004175	2026-02-15
5	5	3	5	5	4	3	4	4	2	30	1	90	US	R012083	S011120	2026-03-26
5	2	4	4	4	2	1	1	1	1	43	2	84	US	R012084	S006047	2026-03-26
3	2	2	4	2	4	2	4	5	4	27	1	97	US	R012085	S003787	2026-03-04
5	2	5	5	5	2	5	4	5	3	41	2	93	US	R012086	S001536	2026-03-05
2	2	1	5	2	1	2	3	4	4	18	2	88	US	R012087	S001585	2026-02-28
2	4	1	5	2	4	2	3	3	4	24	2	88	US	R012088	S003506	2026-03-01
1	3	2	5	2	2	2	4	4	5	31	1	98	US	R012089	S005948	2026-03-06
5	2	4	5	5	2	3	1	5	4	27	2	93	US	R012090	S001027	2026-02-21
5	1	3	5	3	1	5	3	4	2	43	2	84	US	R012091	S002915	2026-03-09
3	5	2	4	4	3	2	2	4	4	22	1	86	US	R012092	S004013	2026-02-15
2	3	2	4	4	2	2	3	1	2	40	2	84	US	R012093	S001322	2026-03-16
3	3	2	5	2	1	1	3	2	4	40	1	90	US	R012094	S002823	2026-02-11
5	5	5	5	5	4	2	2	4	4	32	1	93	US	R012095	S006638	2026-03-02
4	3	3	5	2	1	1	4	1	4	29	1	90	US	R012096	S009671	2026-03-01
3	3	4	4	4	2	1	2	4	3	27	1	76	US	R012097	S008006	2026-03-04
2	2	2	2	1	1	2	2	1	4	20	2	93	US	R012098	S004688	2026-03-17
4	5	2	3	4	1	3	4	4	4	32	1	100	US	R012099	S004775	2026-02-09
4	1	3	3	4	3	2	4	4	5	18	2	91	US	R012100	S008126	2026-03-08
2	3	2	2	3	2	2	4	1	3	44	2	95	US	R012101	S004101	2026-03-21
4	2	4	4	5	5	5	5	5	5	29	1	94	US	R012102	S005595	2026-02-12
2	4	2	3	2	1	2	4	4	4	34	2	85	US	R012103	S006457	2026-03-09
5	1	5	5	3	4	4	4	4	3	37	1	85	US	R012104	S002628	2026-02-24
5	4	4	4	4	4	1	5	2	2	41	1	89	US	R012105	S002097	2026-03-13
4	3	2	5	2	1	3	5	4	4	31	1	71	US	R012106	S002857	2026-03-11
4	3	5	4	3	3	4	2	4	4	18	2	89	US	R012107	S002650	2026-02-19
5	4	3	4	4	3	4	2	5	4	27	1	94	US	R012108	S003116	2026-03-10
5	5	4	5	5	2	4	4	4	4	22	1	90	US	R012109	S004838	2026-03-27
4	4	4	5	5	4	4	4	4	5	34	2	70	US	R012110	S008651	2026-03-05
2	2	2	4	2	1	5	3	5	4	49	1	95	US	R012111	S002269	2026-03-10
4	2	3	5	4	5	4	4	4	3	37	2	74	US	R012112	S012455	2026-02-03
4	2	5	5	5	3	5	5	5	4	26	1	84	US	R012113	S007581	2026-02-18
5	3	4	5	4	4	5	4	5	5	20	2	98	US	R012114	S004102	2026-03-22
5	2	5	5	5	5	5	5	4	4	43	2	90	US	R012115	S004344	2026-03-18
1	3	2	5	2	1	1	4	3	3	53	2	96	US	R012116	S008698	2026-02-26
5	4	5	5	5	5	2	4	4	4	34	2	71	US	R012117	S008096	2026-02-28
4	4	4	4	5	5	2	4	5	5	34	2	58	US	R012118	S007394	2026-02-20
4	4	2	2	3	3	5	3	4	2	47	1	91	US	R012119	S002827	2026-03-17
4	3	1	5	3	2	4	2	4	4	55	1	96	US	R012120	S001069	2026-02-25
5	2	5	5	5	4	2	3	2	4	31	2	69	US	R012121	S007906	2026-02-09
5	4	4	4	4	5	4	4	4	4	41	1	71	US	R012122	S010342	2026-02-26
4	2	3	4	1	4	4	4	4	4	45	1	95	US	R012123	S004148	2026-02-17
5	4	5	4	4	3	2	4	2	4	18	1	81	US	R012124	S012519	2026-02-04
4	5	2	5	4	5	4	3	5	4	26	2	63	US	R012125	S008515	2026-02-25
5	3	4	5	5	2	2	2	3	5	34	2	86	US	R012126	S007680	2026-03-19
2	1	1	2	2	1	1	2	4	2	35	2	96	US	R012127	S008258	2026-02-21
5	2	3	5	3	2	5	5	5	4	24	2	78	US	R012128	S011556	2026-03-27
4	2	2	5	4	2	2	1	5	2	22	2	83	US	R012129	S005511	2026-03-10
4	2	3	5	5	5	3	2	4	3	22	2	91	US	R012130	S007483	2026-03-10
3	2	3	3	4	2	5	4	4	4	46	1	65	US	R012131	S006950	2026-02-02
4	2	2	5	4	4	1	2	3	3	35	2	88	US	R012132	S000389	2026-03-07
5	5	4	5	4	3	4	5	4	5	28	2	63	US	R012133	S008714	2026-03-25
5	4	2	4	3	2	1	3	2	4	19	2	95	US	R012134	S007014	2026-03-20
4	4	2	4	2	2	2	4	4	4	37	1	92	US	R012135	S002196	2026-02-13
3	2	3	4	2	2	1	1	1	3	56	1	91	US	R012136	S004364	2026-03-24
4	2	2	5	4	4	1	1	1	1	40	1	97	US	R012137	S011170	2026-02-10
5	4	5	5	4	4	4	4	4	4	29	1	84	US	R012138	S005271	2026-03-07
4	2	4	4	2	1	1	1	1	2	42	1	84	US	R012139	S006675	2026-03-16
4	1	3	5	2	2	5	4	4	4	31	1	65	US	R012140	S008521	2026-02-23
5	5	5	5	5	4	2	2	2	4	41	2	95	US	R012141	S004395	2026-03-16
2	3	3	3	2	1	1	2	1	1	33	1	80	US	R012142	S012891	2026-02-20
4	2	2	4	5	3	2	2	4	1	26	1	93	US	R012143	S012514	2026-03-07
4	4	4	5	5	4	4	4	3	3	45	1	75	US	R012144	S006585	2026-03-15
4	3	4	4	4	1	4	5	4	3	46	2	82	US	R012145	S005256	2026-03-10
3	5	4	4	5	2	5	4	5	5	26	2	90	US	R012146	S004203	2026-03-14
3	1	1	2	2	1	2	3	5	4	23	1	75	US	R012147	S010383	2026-02-28
5	2	4	4	4	1	4	3	4	5	24	2	73	US	R012148	S006497	2026-03-04
4	2	4	5	3	1	5	5	5	5	27	1	91	US	R012149	S001549	2026-02-09
4	3	2	4	2	3	3	5	4	4	40	2	85	US	R012150	S010482	2026-02-23
4	3	4	4	5	2	4	5	4	5	33	1	93	US	R012151	S000849	2026-02-02
2	4	1	4	1	1	1	3	4	4	41	2	98	US	R012152	S008382	2026-03-07
3	2	4	3	4	2	1	3	4	4	36	2	93	US	R012153	S011669	2026-03-11
4	3	2	4	2	1	1	1	4	3	36	2	85	US	R012154	S008737	2026-02-03
4	1	2	4	1	4	2	4	2	5	50	2	91	US	R012155	S004215	2026-03-09
4	1	3	5	4	1	3	2	4	4	41	1	80	US	R012156	S004754	2026-03-19
3	1	3	3	3	1	2	3	4	4	33	1	79	US	R012157	S007916	2026-02-22
5	2	4	4	2	5	4	1	4	3	18	1	90	US	R012158	S008612	2026-03-13
2	2	5	5	5	4	5	5	5	4	36	1	69	US	R012159	S007900	2026-02-13
4	1	4	4	2	1	2	4	3	4	30	2	97	US	R012160	S003590	2026-02-10
2	5	1	2	2	2	1	4	3	4	58	2	77	US	R012161	S006073	2026-03-05
4	1	3	3	2	1	4	5	4	4	26	1	56	US	R012162	S003922	2026-02-04
4	3	5	5	4	3	4	3	4	3	27	2	92	US	R012163	S010886	2026-02-12
5	4	3	5	5	3	4	5	4	5	34	1	82	US	R012164	S007840	2026-02-16
4	2	4	4	3	2	2	2	3	4	50	2	81	US	R012165	S006842	2026-02-11
5	1	4	5	5	4	5	4	5	4	45	2	80	US	R012166	S012425	2026-03-27
2	3	5	5	3	2	1	1	3	4	39	2	92	US	R012167	S007182	2026-03-18
5	3	5	4	5	5	5	2	4	4	34	1	86	US	R012168	S004697	2026-03-26
4	4	4	4	4	1	1	1	4	4	18	1	84	US	R012169	S000778	2026-03-15
4	3	3	5	1	2	1	1	2	4	18	2	98	US	R012170	S010096	2026-02-14
3	4	1	5	3	2	4	5	4	4	22	1	91	US	R012171	S005777	2026-03-11
5	5	5	5	4	1	5	2	5	5	41	2	72	US	R012172	S006588	2026-02-04
4	4	2	3	1	1	4	1	4	4	24	1	97	US	R012173	S008966	2026-02-14
4	2	4	4	2	1	1	4	3	3	28	1	79	US	R012174	S007442	2026-03-11
5	4	2	5	2	1	2	5	2	3	36	2	95	US	R012175	S011037	2026-02-27
4	3	1	4	3	4	5	4	5	5	41	1	85	US	R012176	S006072	2026-02-22
4	4	5	4	4	5	4	5	4	3	37	1	70	US	R012177	S008069	2026-02-13
2	4	3	3	1	1	4	2	4	4	46	1	93	US	R012178	S005297	2026-03-13
5	5	4	5	5	4	5	5	4	5	46	1	90	US	R012179	S000544	2026-02-03
5	5	2	4	4	2	2	2	5	4	33	2	81	US	R012180	S011452	2026-03-26
1	2	2	4	1	1	1	2	3	2	41	2	80	US	R012181	S007902	2026-03-20
4	1	2	4	4	2	3	2	4	1	18	1	80	US	R012182	S012617	2026-03-02
1	2	5	4	2	3	3	3	4	5	23	2	86	US	R012183	S004185	2026-03-14
4	2	4	5	4	1	5	4	5	4	28	1	61	US	R012184	S011710	2026-03-09
1	3	1	4	5	1	4	4	4	5	27	2	91	US	R012185	S000376	2026-03-14
4	2	4	4	3	3	5	5	5	5	21	2	91	US	R012186	S011791	2026-03-19
5	1	4	4	4	3	2	5	3	4	18	1	96	US	R012187	S006037	2026-03-05
5	3	4	5	2	2	4	4	2	3	34	2	70	US	R012188	S007486	2026-02-03
2	4	4	4	4	2	5	5	5	5	39	1	88	US	R012189	S009209	2026-03-01
5	3	3	5	4	2	5	2	4	4	35	1	94	US	R012190	S002752	2026-02-24
4	1	2	5	4	2	3	2	4	3	48	1	97	US	R012191	S008735	2026-03-08
4	4	2	2	2	5	1	1	1	3	35	1	89	US	R012192	S004673	2026-03-02
5	4	4	5	4	4	2	2	3	2	39	2	72	US	R012193	S006025	2026-03-21
5	3	4	4	4	4	5	4	4	5	47	1	79	US	R012194	S010675	2026-02-10
4	4	4	2	2	2	1	4	4	4	38	1	89	US	R012195	S007301	2026-02-18
3	2	3	3	1	1	4	1	3	5	27	1	79	US	R012196	S000912	2026-02-20
2	2	2	4	1	1	1	3	4	5	24	2	92	US	R012197	S007892	2026-02-14
4	3	2	4	2	1	2	4	2	4	33	2	91	US	R012198	S007401	2026-02-14
4	3	3	4	4	2	5	5	5	2	25	1	70	US	R012199	S000784	2026-03-15
5	2	4	5	2	4	2	4	3	5	36	2	83	US	R012200	S000207	2026-03-05
3	1	4	2	4	1	4	3	5	5	45	1	99	US	R012201	S011334	2026-03-24
1	5	2	2	3	1	4	3	4	5	32	1	95	US	R012202	S009697	2026-02-15
5	2	4	5	5	2	2	3	4	4	36	1	93	US	R012203	S003500	2026-02-07
5	5	4	5	2	4	2	4	4	4	35	1	74	US	R012204	S008246	2026-03-11
5	5	4	5	4	5	4	4	4	4	27	1	75	US	R012205	S005087	2026-02-19
5	2	2	4	4	2	5	5	5	5	22	2	81	US	R012206	S010215	2026-03-27
2	2	4	5	2	3	4	4	3	4	56	1	98	US	R012207	S001756	2026-03-09
5	2	5	5	3	4	4	3	3	5	28	1	67	US	R012208	S001583	2026-03-12
1	2	1	4	4	2	2	1	2	3	21	1	86	US	R012209	S006168	2026-02-27
5	2	2	4	3	3	4	2	4	2	54	1	85	US	R012210	S001621	2026-02-17
3	3	4	2	4	4	4	4	4	4	18	1	86	US	R012211	S003215	2026-03-06
5	2	2	3	4	2	1	2	2	1	18	1	70	US	R012212	S007198	2026-03-12
5	2	5	4	4	4	1	1	3	3	40	2	98	US	R012213	S008955	2026-03-12
4	2	4	5	5	5	4	5	4	4	34	1	85	US	R012214	S003019	2026-02-11
5	2	5	5	2	3	4	4	1	3	49	2	66	US	R012215	S005308	2026-02-23
4	2	2	5	2	2	4	3	1	5	48	1	92	US	R012216	S002311	2026-02-11
5	4	3	5	5	5	5	4	4	4	33	2	60	US	R012217	S000940	2026-02-06
5	4	2	4	2	5	5	5	5	5	30	1	53	US	R012218	S000906	2026-02-04
4	2	4	4	2	2	4	2	4	2	47	1	88	US	R012219	S004505	2026-02-21
2	4	4	5	5	5	4	4	4	5	47	2	63	US	R012220	S012225	2026-02-24
4	4	5	4	5	5	4	4	4	5	41	2	84	US	R012221	S001810	2026-02-04
4	1	2	5	5	5	2	3	4	4	22	1	72	US	R012222	S010869	2026-03-22
4	4	5	4	3	2	5	5	4	5	32	2	91	US	R012223	S008281	2026-02-04
4	4	5	3	1	1	2	5	4	2	39	2	89	US	R012224	S006437	2026-02-21
1	2	2	4	1	1	3	1	1	4	61	2	90	US	R012225	S000220	2026-03-01
3	2	5	5	5	4	4	4	5	4	63	1	88	US	R012226	S000620	2026-03-09
4	4	4	3	4	2	2	4	1	4	35	2	99	US	R012227	S011430	2026-02-06
5	2	2	5	2	2	5	2	2	4	20	1	73	US	R012228	S007665	2026-03-24
5	5	3	5	5	5	5	2	4	5	50	1	78	US	R012229	S011113	2026-03-15
5	3	4	5	4	2	3	3	3	3	20	1	66	US	R012230	S000597	2026-02-03
4	2	2	4	1	2	2	2	3	3	35	1	96	US	R012231	S005695	2026-02-05
5	3	4	5	4	2	3	4	2	4	31	2	98	US	R012232	S000504	2026-02-09
2	3	3	5	1	1	5	4	4	4	35	1	81	US	R012233	S000017	2026-03-11
4	1	4	5	2	4	5	4	4	5	64	2	82	US	R012234	S012268	2026-03-12
3	2	4	4	5	2	3	4	4	4	25	1	47	US	R012235	S007423	2026-02-19
3	4	1	4	2	3	1	2	1	1	47	1	87	US	R012236	S003792	2026-02-26
5	2	2	4	4	2	5	2	4	2	43	1	98	US	R012237	S011866	2026-02-26
4	2	4	4	3	2	5	4	4	4	53	1	85	US	R012238	S009691	2026-02-09
5	2	4	4	3	2	3	1	4	4	35	2	88	US	R012239	S010800	2026-03-13
1	2	3	2	2	2	4	4	4	4	45	2	78	US	R012240	S001189	2026-03-18
5	5	5	5	5	4	5	2	5	4	27	1	86	US	R012241	S011805	2026-02-03
4	2	5	5	5	4	3	1	1	2	43	2	92	US	R012242	S001196	2026-03-17
2	4	3	5	3	2	1	4	4	2	46	2	61	US	R012243	S009377	2026-02-04
4	2	2	4	4	4	4	4	4	2	32	2	85	US	R012244	S001337	2026-03-15
5	2	3	5	4	4	1	4	1	4	27	1	86	US	R012245	S007415	2026-03-02
3	2	3	5	5	4	5	3	4	5	41	2	73	US	R012246	S008198	2026-03-04
5	4	4	5	5	2	5	5	4	5	45	1	95	US	R012247	S002440	2026-03-22
3	2	2	4	3	1	1	4	2	3	20	2	81	US	R012248	S001972	2026-03-07
5	1	1	3	4	4	3	2	4	4	18	2	81	US	R012249	S007064	2026-03-20
2	4	4	5	4	2	5	5	5	5	41	1	94	US	R012250	S001784	2026-02-05
4	5	4	4	4	1	1	3	2	1	28	1	80	US	R012251	S007328	2026-02-21
2	2	2	5	2	2	2	1	3	3	29	1	79	US	R012252	S008886	2026-02-09
3	3	2	5	1	2	5	4	5	5	28	1	96	US	R012253	S011728	2026-02-18
1	1	1	1	1	1	3	2	4	5	53	2	87	US	R012254	S009472	2026-02-24
2	1	4	4	2	4	2	2	1	4	49	2	97	US	R012255	S001385	2026-02-08
3	3	4	5	4	2	4	5	4	5	36	1	93	US	R012256	S003786	2026-03-22
5	1	5	4	4	4	5	5	4	4	21	1	92	US	R012257	S009267	2026-03-05
5	4	5	2	4	1	2	4	3	4	34	1	69	US	R012258	S009569	2026-02-21
5	4	4	3	4	5	2	2	2	4	45	1	72	US	R012259	S003780	2026-03-13
4	3	4	5	5	5	3	4	4	5	20	1	94	US	R012260	S004006	2026-03-11
4	2	1	4	4	1	1	1	2	4	32	2	90	US	R012261	S008387	2026-03-08
2	4	2	5	4	3	2	3	4	2	26	1	97	US	R012262	S006784	2026-02-10
1	4	2	4	2	2	3	4	1	4	34	2	95	US	R012263	S006200	2026-03-24
4	4	3	5	4	5	5	5	5	4	36	2	78	US	R012264	S012532	2026-03-15
3	2	1	4	3	1	5	4	4	4	31	1	82	US	R012265	S007032	2026-02-21
5	4	4	5	5	2	2	4	3	4	34	1	83	US	R012266	S010111	2026-03-12
4	3	4	2	2	4	2	1	3	4	35	2	70	US	R012267	S007821	2026-02-18
4	4	3	5	5	2	5	5	4	3	30	1	87	US	R012268	S008088	2026-02-28
1	2	2	5	4	1	5	5	5	4	50	2	72	US	R012269	S001576	2026-02-09
4	2	2	4	2	1	4	4	3	5	29	1	88	US	R012270	S010145	2026-02-04
5	5	5	5	5	2	4	5	4	4	23	2	65	US	R012271	S012690	2026-03-08
1	3	4	4	4	5	4	4	2	2	36	2	72	US	R012272	S008957	2026-02-05
4	3	4	3	2	1	4	3	5	3	42	2	89	US	R012273	S010086	2026-03-02
4	2	2	4	2	1	4	4	4	5	46	1	87	US	R012274	S004047	2026-02-10
5	2	4	4	5	4	1	2	2	1	42	2	85	US	R012275	S002360	2026-03-15
4	2	1	4	2	3	2	5	3	5	29	1	96	US	R012276	S008882	2026-03-03
5	2	5	4	5	4	5	4	4	4	35	2	93	US	R012277	S003904	2026-03-27
5	2	2	3	2	2	1	1	2	1	34	2	71	US	R012278	S007245	2026-02-26
1	1	4	2	2	1	5	4	4	4	21	2	73	US	R012279	S007635	2026-03-08
4	3	1	4	1	4	3	4	3	4	18	1	67	US	R012280	S005188	2026-03-07
4	3	1	2	2	2	4	5	4	4	40	1	89	US	R012281	S008962	2026-02-03
4	3	2	4	2	2	5	4	4	4	31	2	95	US	R012282	S004245	2026-02-19
3	2	3	5	4	4	4	5	4	5	40	1	93	US	R012283	S012684	2026-02-07
5	2	3	5	5	5	4	5	4	4	26	2	68	US	R012284	S005285	2026-03-11
3	4	3	5	3	3	5	5	5	5	23	2	92	US	R012285	S008270	2026-03-17
5	4	5	5	5	5	4	4	4	4	59	1	95	US	R012286	S003169	2026-03-24
4	3	4	3	3	3	4	5	3	5	41	1	84	US	R012287	S006082	2026-02-24
4	4	3	4	4	1	1	4	3	4	30	1	90	US	R012288	S000150	2026-03-21
5	2	3	4	4	5	4	5	5	4	24	1	80	US	R012289	S008637	2026-03-19
3	2	4	5	2	1	4	5	2	4	41	1	76	US	R012290	S004833	2026-02-26
4	5	2	3	2	2	1	4	2	4	18	2	77	US	R012291	S000776	2026-03-09
2	1	3	5	4	2	5	4	4	2	36	2	89	US	R012292	S004770	2026-03-12
2	2	1	1	1	1	2	2	1	4	45	1	66	US	R012293	S001098	2026-03-01
4	5	3	4	1	1	1	2	3	3	23	1	76	US	R012294	S000618	2026-03-18
4	4	3	4	4	4	5	2	4	5	33	1	74	US	R012295	S003025	2026-02-12
4	4	5	4	4	3	4	5	5	4	34	1	97	US	R012296	S002112	2026-03-10
5	4	4	5	3	4	2	3	3	5	34	1	85	US	R012297	S001349	2026-02-11
5	1	4	5	2	3	1	4	3	2	23	1	88	US	R012298	S008113	2026-02-02
4	2	4	3	3	2	3	4	1	2	36	1	65	US	R012299	S006313	2026-02-24
3	5	5	5	2	3	4	5	5	4	33	1	88	US	R012300	S002889	2026-02-12
5	3	5	5	3	5	3	4	2	4	41	2	88	US	R012301	S011765	2026-03-03
5	3	2	4	3	2	1	2	3	3	40	1	78	US	R012302	S005828	2026-02-24
5	5	5	5	5	4	5	4	4	4	21	1	87	US	R012303	S008862	2026-02-04
4	3	4	4	2	4	3	3	4	4	35	1	97	US	R012304	S007955	2026-02-09
5	4	5	5	5	5	4	5	4	4	37	1	85	US	R012305	S012940	2026-02-28
5	3	4	5	4	4	5	5	5	4	37	1	83	US	R012306	S008469	2026-02-26
5	2	4	4	4	5	2	2	2	4	30	1	89	US	R012307	S002347	2026-03-10
3	1	1	3	1	2	2	5	4	4	33	1	92	US	R012308	S005598	2026-03-04
4	4	5	5	5	1	4	4	4	4	29	1	95	US	R012309	S003880	2026-02-04
3	3	4	4	1	3	3	5	4	2	38	1	82	US	R012310	S012554	2026-02-06
4	2	4	5	3	3	5	5	5	5	32	1	62	US	R012311	S012056	2026-03-05
5	3	5	5	5	5	4	4	4	4	21	1	82	US	R012312	S003015	2026-02-08
4	2	3	4	4	2	4	2	5	2	36	2	97	US	R012313	S010265	2026-03-27
5	4	3	4	2	1	1	1	1	2	64	1	88	US	R012314	S010679	2026-03-19
5	2	3	5	4	3	2	4	2	5	43	2	66	US	R012315	S003489	2026-03-04
3	1	1	3	2	2	5	5	5	5	32	1	87	US	R012316	S007850	2026-03-05
3	3	3	4	5	2	4	3	4	5	54	1	96	US	R012317	S003908	2026-03-01
3	2	3	4	4	5	2	3	3	5	44	1	92	US	R012318	S002840	2026-03-25
4	4	2	5	4	4	3	2	5	5	33	1	86	US	R012319	S004624	2026-03-08
3	2	4	5	5	3	3	4	4	4	36	2	100	US	R012320	S009676	2026-03-16
4	2	3	5	4	1	2	1	4	2	31	1	61	US	R012321	S012723	2026-03-19
1	2	2	4	3	1	1	2	1	3	34	2	91	US	R012322	S005164	2026-03-27
4	4	5	4	3	3	5	5	4	4	42	1	57	US	R012323	S007459	2026-03-27
4	3	5	4	3	5	1	4	5	4	40	1	90	US	R012324	S008241	2026-03-06
4	1	1	4	1	1	4	4	5	2	26	2	97	US	R012325	S009466	2026-02-20
3	3	5	5	4	3	1	3	2	1	28	2	77	US	R012326	S000749	2026-02-19
5	4	3	4	2	2	3	2	3	5	23	1	62	US	R012327	S002674	2026-03-03
5	4	3	3	4	4	3	4	2	3	20	1	73	US	R012328	S007357	2026-03-27
5	1	3	3	2	1	4	3	4	4	25	1	97	US	R012329	S005588	2026-03-02
3	2	2	4	1	1	4	4	5	5	46	1	93	US	R012330	S004913	2026-03-17
2	1	4	4	4	5	2	3	2	2	27	2	96	US	R012331	S004029	2026-03-01
5	4	5	5	5	4	5	3	5	3	30	1	84	US	R012332	S000200	2026-02-16
1	2	2	4	2	1	1	4	2	3	36	1	100	US	R012333	S000555	2026-02-09
5	4	5	4	5	5	2	4	4	5	39	1	90	US	R012334	S005131	2026-02-07
4	3	2	5	5	3	3	3	3	5	40	1	87	US	R012335	S007785	2026-02-09
4	1	2	4	2	2	1	2	3	2	21	1	60	US	R012336	S008912	2026-02-05
1	4	4	5	2	1	4	5	2	3	23	2	82	US	R012337	S005548	2026-03-16
4	4	4	5	2	2	3	3	4	4	21	1	90	US	R012338	S003583	2026-03-20
5	2	2	4	3	1	1	1	1	3	37	1	79	US	R012339	S001125	2026-03-12
4	5	2	4	1	2	4	2	3	5	32	1	72	US	R012340	S006864	2026-03-01
5	2	5	5	5	5	2	5	3	5	18	1	83	US	R012341	S006998	2026-03-13
2	4	1	3	1	2	1	2	3	4	42	2	99	US	R012342	S011750	2026-03-24
4	1	4	5	5	5	4	4	1	2	42	1	89	US	R012343	S004214	2026-03-03
4	2	1	3	1	1	3	4	4	3	29	1	77	US	R012344	S006364	2026-03-09
5	3	2	5	2	1	5	5	3	5	37	2	91	US	R012345	S004352	2026-02-04
2	4	3	4	2	1	2	4	3	4	37	1	92	US	R012346	S007950	2026-02-11
4	2	4	4	4	2	5	3	5	4	36	1	90	US	R012347	S007976	2026-03-03
5	1	2	4	3	4	2	4	4	1	34	1	96	US	R012348	S012795	2026-02-19
5	3	4	5	4	5	5	5	5	5	44	1	71	US	R012349	S001722	2026-02-28
2	2	1	2	1	2	2	4	3	3	34	2	92	US	R012350	S003307	2026-03-16
4	3	4	5	4	4	1	4	2	5	46	2	99	US	R012351	S011332	2026-02-16
5	3	4	5	5	3	4	5	4	5	32	1	79	US	R012352	S005021	2026-03-17
2	2	3	5	2	4	2	5	2	3	42	2	97	US	R012353	S002957	2026-02-03
4	2	4	4	5	1	2	4	3	4	30	1	87	US	R012354	S012142	2026-03-11
4	2	3	4	4	3	5	4	3	5	18	1	69	US	R012355	S005268	2026-03-11
5	4	5	4	2	3	4	4	2	5	34	2	98	US	R012356	S004224	2026-02-05
5	2	4	5	5	5	5	5	5	4	39	2	94	US	R012357	S006813	2026-03-17
5	2	2	5	5	2	3	5	4	5	45	1	90	US	R012358	S007707	2026-03-07
5	2	3	4	3	2	2	3	2	3	27	1	95	US	R012359	S012079	2026-03-24
3	1	2	2	2	1	1	2	1	2	37	1	76	US	R012360	S011891	2026-03-09
4	2	3	5	2	1	1	2	2	3	55	2	86	US	R012361	S010455	2026-03-23
5	4	4	5	4	5	2	4	2	2	44	1	77	US	R012362	S000425	2026-02-26
4	1	5	5	2	2	3	4	2	3	24	2	91	US	R012363	S010351	2026-03-19
5	5	4	5	4	5	4	5	5	5	43	2	86	US	R012364	S005431	2026-02-27
4	2	5	5	5	4	5	4	5	5	37	1	94	US	R012365	S010616	2026-02-23
5	3	4	5	4	5	5	5	5	5	54	1	81	US	R012366	S012385	2026-03-23
5	1	2	4	4	4	5	4	5	5	18	2	95	US	R012367	S000039	2026-03-14
5	2	5	5	4	4	4	3	2	5	35	2	90	US	R012368	S009788	2026-02-27
4	5	4	5	2	2	1	2	2	1	34	2	81	US	R012369	S006624	2026-03-05
4	2	3	4	5	1	1	3	4	2	49	2	78	US	R012370	S000401	2026-02-12
4	5	3	3	4	4	4	5	4	3	41	1	95	US	R012371	S005759	2026-02-07
4	4	3	2	4	2	4	4	4	4	35	1	91	US	R012372	S010426	2026-03-02
5	5	4	4	5	5	4	3	4	4	42	1	85	US	R012373	S000434	2026-02-14
4	1	3	4	4	5	2	1	2	2	18	2	83	US	R012374	S004547	2026-02-10
3	4	4	5	5	2	4	4	4	4	37	1	66	US	R012375	S006620	2026-03-26
5	4	4	5	2	2	1	3	3	4	46	1	61	US	R012376	S008386	2026-03-21
3	3	2	3	4	2	5	3	4	5	35	1	96	US	R012377	S004107	2026-02-08
5	4	5	4	4	5	3	1	4	4	29	1	93	US	R012378	S004430	2026-02-22
5	1	5	5	2	4	5	5	5	4	29	2	93	US	R012379	S003085	2026-02-07
3	2	3	3	3	1	4	4	4	2	44	2	87	US	R012380	S011998	2026-02-21
2	1	2	2	1	2	3	4	2	3	18	2	90	US	R012381	S010659	2026-03-07
4	3	3	4	4	2	4	2	3	4	21	1	79	US	R012382	S005621	2026-03-16
2	1	3	1	1	1	1	4	1	2	38	1	91	US	R012383	S012579	2026-02-12
3	1	1	5	4	1	4	5	2	4	27	2	97	US	R012384	S006231	2026-03-23
5	1	4	3	3	3	1	4	2	3	51	2	79	US	R012385	S006678	2026-03-27
3	4	4	5	3	1	3	2	4	2	29	2	96	US	R012386	S005973	2026-03-27
5	4	5	5	5	5	4	5	3	4	42	2	99	US	R012387	S010824	2026-03-03
4	5	5	5	5	2	2	4	4	3	41	1	92	US	R012388	S003011	2026-02-19
4	3	5	5	4	2	2	2	4	2	30	2	73	US	R012389	S000194	2026-03-01
2	3	5	5	4	2	2	2	2	5	32	1	91	US	R012390	S001739	2026-03-09
2	2	2	5	1	1	1	2	4	2	37	2	74	US	R012391	S007333	2026-03-01
4	4	3	2	5	1	1	5	4	3	21	1	90	US	R012392	S010985	2026-02-13
5	4	3	4	4	5	4	3	5	5	21	2	92	US	R012393	S005137	2026-03-10
1	2	1	5	2	1	1	2	4	1	22	2	94	US	R012394	S002136	2026-02-02
4	5	3	4	3	1	4	4	4	4	30	1	86	US	R012395	S009250	2026-02-08
5	1	3	4	4	5	1	2	4	4	57	1	98	US	R012396	S008993	2026-02-13
5	4	5	5	5	4	5	5	5	4	44	2	77	US	R012397	S001911	2026-03-03
5	2	4	5	5	5	5	4	5	5	45	2	84	US	R012398	S002120	2026-03-16
4	4	2	4	1	2	3	5	4	4	42	1	77	US	R012399	S004708	2026-03-02
5	2	4	4	4	4	2	2	1	2	44	2	44	US	R012400	S012671	2026-03-22
5	4	4	4	4	2	5	4	2	4	23	2	78	US	R012401	S006719	2026-03-09
4	4	4	4	5	5	5	4	4	5	40	2	65	US	R012402	S004917	2026-02-17
4	2	3	4	2	1	1	4	1	1	18	1	78	US	R012403	S009823	2026-02-27
3	1	4	4	5	2	1	5	1	4	43	1	86	US	R012404	S001281	2026-03-25
3	2	1	4	1	1	2	5	4	3	25	1	75	US	R012405	S007556	2026-03-23
5	1	3	4	3	1	4	4	4	4	49	1	94	US	R012406	S007585	2026-02-21
5	3	3	4	1	1	2	1	1	3	27	1	74	US	R012407	S009483	2026-03-05
3	2	1	3	1	1	1	4	3	4	31	2	76	US	R012408	S002627	2026-03-26
2	1	4	5	2	2	4	5	5	5	30	1	84	US	R012409	S012243	2026-02-16
4	1	3	5	2	2	2	1	1	2	32	1	78	US	R012410	S011176	2026-03-20
4	2	4	4	3	2	1	4	1	2	32	1	75	US	R012411	S002821	2026-03-15
5	5	4	4	5	2	4	3	4	4	18	1	99	US	R012412	S011816	2026-02-19
2	2	1	1	1	1	4	4	4	4	33	1	97	US	R012413	S002285	2026-02-03
4	2	2	4	3	2	5	4	4	5	32	1	89	US	R012414	S004711	2026-02-04
4	1	4	4	3	1	1	4	4	3	22	2	90	US	R012415	S010414	2026-03-17
5	1	2	3	4	1	2	1	4	2	45	2	73	US	R012416	S000466	2026-02-16
4	3	2	5	2	1	1	2	2	5	26	2	94	US	R012417	S007117	2026-03-27
3	4	5	4	5	3	4	5	5	4	40	2	87	US	R012418	S002489	2026-03-04
4	2	3	4	2	2	2	1	2	3	24	1	84	US	R012419	S010357	2026-03-15
5	3	2	4	5	3	2	1	5	4	18	1	81	US	R012420	S011284	2026-02-13
4	1	1	3	2	1	2	3	4	4	42	2	86	US	R012421	S008887	2026-02-09
3	3	2	3	4	2	3	4	4	2	23	2	90	US	R012422	S008797	2026-03-21
5	2	4	5	4	3	1	2	1	2	18	2	77	US	R012423	S008403	2026-02-02
2	5	2	2	3	2	4	3	4	4	46	2	74	US	R012424	S004440	2026-02-21
5	5	5	4	3	3	2	3	4	3	42	2	93	US	R012425	S000948	2026-03-07
5	4	4	5	3	2	5	3	4	3	26	1	90	US	R012426	S000162	2026-02-21
5	2	4	5	4	5	3	5	4	4	30	2	81	US	R012427	S001808	2026-03-27
5	4	5	5	5	2	4	5	4	4	41	2	97	US	R012428	S003527	2026-03-02
5	5	4	2	4	4	2	1	2	1	28	1	75	US	R012429	S004864	2026-03-09
1	3	5	4	5	4	2	3	2	5	18	1	96	US	R012430	S010470	2026-02-27
4	1	4	3	3	1	4	3	4	5	34	2	83	US	R012431	S009945	2026-03-20
4	4	4	4	3	4	2	5	4	4	43	1	74	US	R012432	S004260	2026-03-17
4	1	2	4	4	1	3	1	4	4	44	1	89	US	R012433	S007841	2026-03-08
5	2	3	5	5	4	3	2	3	4	19	2	78	US	R012434	S012048	2026-02-10
2	2	2	4	3	4	3	5	5	4	28	2	98	US	R012435	S011282	2026-03-07
2	5	5	4	4	5	4	5	5	4	18	1	84	US	R012436	S008552	2026-03-27
4	1	2	3	2	1	2	2	4	4	36	2	97	US	R012437	S009029	2026-02-21
3	2	2	5	2	1	1	2	4	5	43	2	55	US	R012438	S009401	2026-02-06
4	4	2	2	4	4	3	5	4	5	28	1	88	US	R012439	S000393	2026-03-27
4	2	1	3	2	1	3	2	4	4	62	1	88	US	R012440	S007167	2026-02-06
4	3	4	3	5	1	4	4	3	4	22	1	81	US	R012441	S000171	2026-02-18
5	4	5	5	5	5	5	5	4	4	37	2	75	US	R012442	S008066	2026-03-17
1	2	1	3	1	1	4	5	5	3	41	1	96	US	R012443	S004276	2026-03-01
3	2	3	4	2	1	2	4	2	4	51	2	81	US	R012444	S006651	2026-03-08
4	5	5	3	4	3	5	5	4	4	32	1	80	US	R012445	S010644	2026-02-24
4	1	4	5	5	1	1	5	2	5	31	1	93	US	R012446	S007238	2026-03-17
5	3	5	5	3	3	1	3	4	4	53	1	91	US	R012447	S003118	2026-03-18
5	5	5	5	5	5	5	4	5	3	40	1	95	US	R012448	S009766	2026-02-03
4	4	4	4	3	1	4	5	3	5	18	2	94	US	R012449	S010889	2026-03-26
5	2	4	5	5	3	3	4	2	4	40	1	71	US	R012450	S005492	2026-03-07
2	5	5	4	3	2	2	3	5	4	32	1	95	US	R012451	S009696	2026-03-11
2	5	2	5	1	2	5	5	4	5	51	2	78	US	R012452	S004325	2026-02-02
5	2	4	5	5	2	2	2	3	1	18	1	65	US	R012453	S012017	2026-03-24
5	3	3	5	4	1	2	2	1	1	37	2	79	US	R012454	S004835	2026-03-04
4	4	2	4	3	3	3	4	4	4	30	1	84	US	R012455	S012862	2026-02-11
3	2	1	3	1	2	3	4	2	4	31	1	88	US	R012456	S010787	2026-03-25
5	3	4	5	3	2	4	3	3	2	42	2	97	US	R012457	S003564	2026-03-27
5	3	4	4	4	4	4	3	5	5	38	2	75	US	R012458	S011486	2026-03-16
5	1	3	4	1	4	1	2	4	4	23	1	69	US	R012459	S008960	2026-03-04
3	2	4	4	3	1	4	4	4	4	45	2	63	US	R012460	S002047	2026-02-11
4	4	5	5	4	4	5	2	3	5	25	2	86	US	R012461	S012066	2026-03-23
4	2	3	4	5	5	4	3	4	5	18	2	76	US	R012462	S007524	2026-03-08
5	2	5	5	4	1	5	5	4	5	31	1	99	US	R012463	S002867	2026-02-22
4	4	3	5	3	2	3	2	2	5	39	2	89	US	R012464	S010376	2026-02-21
5	4	4	3	4	2	4	5	3	4	27	1	76	US	R012465	S011404	2026-02-24
4	2	2	4	3	1	3	5	4	5	36	1	72	US	R012466	S012133	2026-03-11
4	2	5	5	5	5	4	4	2	4	28	1	97	US	R012467	S000453	2026-02-11
4	2	4	4	3	1	2	5	3	5	46	1	89	US	R012468	S011640	2026-02-07
5	2	4	3	5	1	2	3	4	3	58	1	74	US	R012469	S000277	2026-02-22
5	5	4	5	3	2	4	5	5	3	32	1	98	US	R012470	S003044	2026-02-25
4	3	2	1	3	3	1	4	2	3	44	2	57	US	R012471	S011896	2026-03-22
5	2	4	4	4	1	2	4	2	4	41	2	80	US	R012472	S003034	2026-02-06
3	2	5	4	2	5	3	5	5	5	25	2	92	US	R012473	S007090	2026-03-01
4	2	4	5	5	3	4	5	2	5	41	1	91	US	R012474	S005956	2026-02-20
5	1	4	3	2	4	2	3	2	3	42	1	89	US	R012475	S010821	2026-03-23
4	5	4	5	4	5	4	5	5	5	28	1	99	US	R012476	S007358	2026-03-20
4	2	4	5	4	5	4	3	4	4	26	1	66	US	R012477	S005181	2026-02-15
5	3	5	4	5	4	4	2	4	2	42	1	96	US	R012478	S012815	2026-03-26
4	5	2	2	5	2	4	2	5	4	18	1	95	US	R012479	S005593	2026-02-05
5	2	3	5	5	1	2	3	3	4	19	1	92	US	R012480	S006597	2026-02-20
5	5	5	5	5	5	4	3	3	4	18	2	91	US	R012481	S002655	2026-02-06
4	1	4	4	4	2	4	3	5	4	49	1	97	US	R012482	S002981	2026-02-07
4	2	3	4	4	2	2	3	5	5	54	1	88	US	R012483	S001391	2026-02-09
4	4	5	4	5	5	4	3	4	2	39	2	65	US	R012484	S003790	2026-03-25
4	2	2	4	3	1	1	1	1	2	49	1	86	US	R012485	S007282	2026-02-13
4	2	2	4	2	2	1	5	3	2	34	1	89	US	R012486	S004373	2026-03-25
2	4	3	4	5	2	4	1	2	3	43	2	96	US	R012487	S011186	2026-03-24
5	3	3	4	1	3	2	4	3	4	29	2	78	US	R012488	S002631	2026-02-18
4	4	2	3	1	2	1	4	2	1	28	1	84	US	R012489	S011994	2026-03-19
5	3	4	5	3	3	4	2	2	5	46	2	81	US	R012490	S008875	2026-02-06
2	2	4	4	3	4	4	4	2	5	46	2	69	US	R012491	S012560	2026-03-13
4	2	2	2	2	4	5	5	4	5	57	1	45	US	R012492	S001581	2026-02-09
5	2	4	5	5	2	3	5	4	4	51	2	85	US	R012493	S001815	2026-02-28
4	4	3	3	5	2	4	3	2	4	38	1	85	US	R012494	S008879	2026-03-21
3	4	2	4	5	3	4	2	4	4	23	2	58	US	R012495	S003480	2026-02-27
4	2	1	4	2	1	4	2	5	4	26	2	97	US	R012496	S006673	2026-03-06
4	4	5	3	3	4	5	4	5	5	31	2	96	US	R012497	S010898	2026-02-09
4	3	4	4	5	2	2	2	4	4	18	1	87	US	R012498	S008650	2026-03-12
5	5	5	5	5	5	4	5	5	5	55	2	79	US	R012499	S001946	2026-03-25
4	1	1	5	4	1	1	3	2	4	30	1	83	US	R012500	S005864	2026-03-04
3	1	2	5	2	4	4	3	2	5	32	2	78	US	R012501	S012823	2026-03-15
4	2	5	5	4	3	3	5	4	4	45	2	91	US	R012502	S009777	2026-02-14
5	4	4	5	4	4	5	5	5	4	42	2	93	US	R012503	S007234	2026-02-19
5	2	5	4	5	5	2	1	4	4	43	2	63	US	R012504	S003933	2026-02-08
4	5	4	5	4	3	1	4	3	4	29	1	42	US	R012505	S004926	2026-03-08
4	4	4	4	3	5	3	4	4	5	41	2	100	US	R012506	S003031	2026-03-24
5	1	5	4	4	5	4	5	4	5	51	1	92	US	R012507	S005972	2026-03-15
4	2	4	4	4	2	5	4	5	4	39	1	75	US	R012508	S009765	2026-02-17
2	4	2	5	4	1	2	2	4	4	24	1	85	US	R012509	S005854	2026-02-16
4	3	5	4	5	5	1	2	2	4	47	1	76	US	R012510	S005673	2026-03-03
5	5	5	5	5	5	4	4	5	4	34	2	95	US	R012511	S008060	2026-02-17
4	2	4	4	4	3	4	5	4	4	35	2	86	US	R012512	S010563	2026-02-28
4	1	5	5	5	2	4	3	4	4	31	1	90	US	R012513	S005332	2026-02-10
4	5	2	4	4	1	3	3	4	3	18	1	79	US	R012514	S009344	2026-03-13
5	1	3	3	2	1	3	2	5	5	52	2	82	US	R012515	S004231	2026-03-04
4	1	3	5	1	1	1	3	2	4	18	1	94	US	R012516	S009217	2026-03-25
4	2	2	4	2	1	1	1	2	4	44	2	88	US	R012517	S001384	2026-02-11
5	2	3	4	2	2	4	5	4	4	31	2	92	US	R012518	S008973	2026-03-21
5	2	5	5	5	2	5	5	4	5	47	2	77	US	R012519	S004973	2026-02-20
4	2	5	5	2	2	1	4	2	3	31	1	89	US	R012520	S010159	2026-03-24
1	2	4	5	4	2	2	1	4	2	39	1	28	US	R012521	S002000	2026-03-02
3	3	3	5	4	2	5	4	4	4	26	2	93	US	R012522	S012478	2026-03-05
5	4	4	4	5	4	4	5	5	5	27	2	80	US	R012523	S005896	2026-02-24
4	1	2	5	1	4	2	5	5	4	46	2	87	US	R012524	S000381	2026-02-16
4	1	4	4	4	1	1	4	2	2	35	2	90	US	R012525	S001049	2026-03-08
3	4	2	4	3	3	1	1	2	3	48	1	63	US	R012526	S011648	2026-02-03
4	2	2	2	2	2	1	1	1	2	20	2	85	US	R012527	S007095	2026-02-05
4	1	3	4	2	2	1	1	2	2	19	1	88	US	R012528	S004310	2026-03-05
3	1	2	3	2	1	1	3	1	1	47	1	68	US	R012529	S012012	2026-03-01
3	1	1	1	2	1	1	2	2	2	34	1	77	US	R012530	S005937	2026-02-14
5	3	5	4	5	1	2	4	4	3	43	2	69	US	R012531	S001543	2026-03-15
5	4	5	4	4	4	5	4	5	5	40	2	64	US	R012532	S009664	2026-02-12
2	1	2	3	4	1	2	3	2	4	31	2	93	US	R012533	S012060	2026-03-15
2	4	3	4	1	1	2	3	2	4	34	1	85	US	R012534	S012952	2026-03-12
2	3	2	5	1	1	2	4	2	4	44	1	67	US	R012535	S002951	2026-03-19
3	1	3	5	1	1	3	4	4	5	18	2	87	US	R012536	S012449	2026-03-06
4	4	5	5	5	2	5	4	2	5	30	2	87	US	R012537	S003541	2026-02-04
5	5	4	5	4	4	4	4	5	5	50	1	84	US	R012538	S003542	2026-02-02
4	2	5	4	4	4	2	4	4	2	39	2	75	US	R012539	S001344	2026-03-03
4	3	4	4	5	2	2	4	3	4	45	1	74	US	R012540	S008034	2026-02-05
2	2	1	2	2	1	1	1	2	1	42	1	85	US	R012541	S008873	2026-02-09
5	3	4	4	4	4	5	4	4	5	41	1	94	US	R012542	S009356	2026-02-24
3	2	2	4	1	1	4	4	4	4	30	1	82	US	R012543	S009551	2026-02-19
4	1	4	5	4	3	3	4	2	4	27	1	72	US	R012544	S010772	2026-02-27
1	3	2	3	1	2	1	5	2	5	31	1	91	US	R012545	S012174	2026-03-21
4	5	4	4	2	2	4	2	4	4	41	1	86	US	R012546	S003975	2026-02-25
5	2	2	5	1	2	1	4	4	4	41	2	69	US	R012547	S005999	2026-02-25
4	5	2	5	4	2	2	1	4	5	71	2	98	US	R012548	S006549	2026-02-10
2	3	2	5	4	4	2	4	1	4	24	1	66	US	R012549	S003531	2026-02-11
4	4	5	5	4	5	4	5	4	5	38	1	96	US	R012550	S012654	2026-02-14
5	4	4	4	4	4	4	4	5	5	27	1	91	US	R012551	S002277	2026-02-10
2	4	3	4	3	3	3	4	3	4	43	2	98	US	R012552	S001659	2026-03-13
5	2	4	2	5	3	2	5	3	3	61	2	94	US	R012553	S002783	2026-03-02
2	4	2	2	2	2	2	3	2	2	34	2	95	US	R012554	S011027	2026-03-20
5	4	4	5	4	4	3	4	5	5	28	2	97	US	R012555	S001036	2026-03-07
5	5	5	5	5	4	5	5	5	5	37	2	94	US	R012556	S011303	2026-02-06
1	1	2	5	1	1	3	4	3	4	42	1	85	US	R012557	S003714	2026-03-15
1	2	2	3	1	1	4	3	3	4	18	1	74	US	R012558	S012083	2026-03-17
4	3	3	4	3	1	2	4	4	5	19	1	63	US	R012559	S010036	2026-03-07
3	1	4	4	4	4	5	5	5	4	27	1	57	US	R012560	S007161	2026-02-25
4	1	4	4	5	2	5	5	5	5	46	2	91	US	R012561	S001948	2026-03-12
5	3	5	5	5	5	5	5	5	5	40	2	83	US	R012562	S012518	2026-02-09
2	5	2	3	2	2	5	4	5	4	49	1	77	US	R012563	S007979	2026-03-04
2	3	4	4	4	2	2	4	3	2	27	2	99	US	R012564	S001151	2026-02-21
2	2	4	5	1	3	2	4	4	4	43	1	71	US	R012565	S002387	2026-02-25
5	4	3	3	1	2	2	5	2	5	40	1	93	US	R012566	S000152	2026-02-13
5	2	2	2	1	1	4	4	4	5	38	1	82	US	R012567	S002946	2026-02-23
3	4	4	5	3	4	3	4	3	2	40	2	86	US	R012568	S003260	2026-03-02
2	2	4	3	4	3	5	5	5	4	37	1	97	US	R012569	S011506	2026-03-23
4	4	5	3	5	2	4	4	4	4	29	2	95	US	R012570	S001710	2026-03-11
4	4	2	4	4	3	1	2	2	4	32	1	86	US	R012571	S012797	2026-02-08
4	3	5	4	4	2	4	4	4	4	34	2	75	US	R012572	S002043	2026-03-20
4	4	5	4	4	5	4	4	5	3	55	2	68	US	R012573	S008493	2026-03-19
4	2	2	4	1	1	2	4	4	4	36	2	78	US	R012574	S004616	2026-02-19
5	2	5	5	5	3	4	5	5	4	40	1	87	US	R012575	S007320	2026-02-17
3	1	2	4	4	1	5	4	4	5	34	1	90	US	R012576	S008440	2026-02-20
3	2	2	4	4	2	2	4	3	2	46	1	98	US	R012577	S004641	2026-03-04
4	5	4	4	4	4	2	5	4	5	20	1	91	US	R012578	S004922	2026-02-03
2	2	2	5	2	5	3	1	3	4	25	2	95	US	R012579	S011283	2026-02-12
3	2	1	4	1	1	4	5	3	5	44	1	85	US	R012580	S002018	2026-02-25
2	2	2	1	1	1	1	2	3	2	42	2	81	US	R012581	S004556	2026-03-13
1	1	2	4	2	1	1	1	3	3	45	2	81	US	R012582	S010966	2026-02-12
4	2	1	3	4	4	1	5	4	4	26	1	92	US	R012583	S011875	2026-03-02
4	2	4	5	3	2	5	4	4	5	46	1	68	US	R012584	S006699	2026-03-22
2	2	1	1	2	1	3	3	5	4	22	2	93	US	R012585	S009016	2026-02-11
5	1	5	5	2	3	5	5	5	5	39	2	89	US	R012586	S003444	2026-02-18
5	4	5	4	5	5	4	2	5	5	23	1	97	US	R012587	S002048	2026-02-25
4	1	4	3	2	2	1	5	1	4	41	2	88	US	R012588	S004424	2026-02-03
4	4	4	4	5	2	5	3	4	5	37	1	85	US	R012589	S006110	2026-03-05
3	4	2	4	4	2	1	4	1	4	33	1	92	US	R012590	S005380	2026-03-25
5	4	5	5	4	5	1	2	4	2	40	1	94	US	R012591	S008883	2026-02-27
4	1	2	4	2	4	3	4	5	4	46	1	84	US	R012592	S012938	2026-02-10
5	1	2	3	5	2	2	4	3	4	23	1	91	US	R012593	S009112	2026-02-26
5	5	4	4	5	5	2	1	4	4	55	2	69	US	R012594	S007053	2026-03-18
3	2	4	5	2	1	4	2	4	4	26	2	91	US	R012595	S001325	2026-03-01
1	4	5	5	3	5	3	4	2	4	31	2	94	US	R012596	S011197	2026-02-11
5	3	4	4	2	4	4	5	4	4	34	2	64	US	R012597	S010705	2026-03-06
3	3	4	5	2	2	3	2	3	4	44	2	75	US	R012598	S002323	2026-03-20
1	2	1	3	2	2	4	4	3	1	23	1	76	US	R012599	S001537	2026-02-18
3	4	2	3	3	1	4	4	4	5	28	1	88	US	R012600	S011339	2026-02-06
5	3	2	4	5	1	5	4	5	4	41	1	86	US	R012601	S011905	2026-03-11
4	4	4	4	1	3	1	1	2	3	41	1	95	US	R012602	S004137	2026-02-13
5	2	5	5	5	2	5	4	5	3	41	2	93	US	R012603	S010473	2026-03-01
4	5	4	5	1	3	4	5	4	4	38	1	98	US	R012604	S005853	2026-03-07
4	3	2	5	2	4	5	5	4	3	22	2	80	US	R012605	S003466	2026-02-16
5	4	5	4	5	4	3	5	4	4	47	1	67	US	R012606	S006227	2026-03-19
5	2	3	4	5	3	2	2	2	1	36	1	94	US	R012607	S006095	2026-03-04
3	5	4	4	2	4	3	4	4	5	33	2	87	US	R012608	S008618	2026-02-25
3	3	4	5	4	2	5	4	5	4	30	1	72	US	R012609	S010687	2026-03-13
4	2	3	5	3	2	2	3	2	4	21	1	98	US	R012610	S009599	2026-03-23
4	3	4	4	5	1	2	5	4	5	37	1	93	US	R012611	S005310	2026-02-28
5	2	4	5	4	3	5	3	5	4	39	1	87	US	R012612	S010780	2026-02-23
4	2	3	4	4	3	4	5	5	3	29	1	93	US	R012613	S000416	2026-02-02
4	4	3	5	2	3	4	5	4	5	32	2	86	US	R012614	S000708	2026-03-17
4	1	3	5	4	4	3	1	3	1	37	1	81	US	R012615	S006939	2026-03-06
5	2	5	3	5	4	3	4	4	4	19	1	80	US	R012616	S001765	2026-03-05
2	1	2	3	2	1	2	3	4	5	35	2	94	US	R012617	S001554	2026-02-28
4	3	4	5	5	5	2	2	4	1	31	1	98	US	R012618	S009276	2026-02-06
5	4	4	5	4	2	1	1	1	1	32	1	83	US	R012619	S008295	2026-02-05
5	2	4	3	2	2	2	2	2	4	36	1	88	US	R012620	S010197	2026-02-13
4	2	2	4	4	4	4	4	3	4	44	1	80	US	R012621	S012004	2026-03-21
5	4	5	5	4	4	4	4	3	3	30	2	77	US	R012622	S006536	2026-03-16
3	2	2	5	4	2	4	3	4	5	36	1	96	US	R012623	S003306	2026-02-08
5	1	5	5	4	5	3	5	4	4	24	1	98	US	R012624	S010657	2026-03-03
4	3	5	5	4	4	5	5	5	5	39	2	81	US	R012625	S001430	2026-03-10
2	2	1	1	1	1	2	2	2	3	49	2	67	US	R012626	S003702	2026-02-22
5	2	5	4	5	5	2	2	3	4	34	1	90	US	R012627	S003913	2026-03-07
5	2	4	4	5	2	4	5	4	5	58	2	91	US	R012628	S007506	2026-03-16
2	1	2	4	1	1	1	2	3	2	48	1	76	US	R012629	S001492	2026-03-02
4	5	4	5	5	3	5	4	4	4	18	2	73	US	R012630	S010565	2026-02-17
4	4	4	5	4	4	3	2	4	2	27	2	86	US	R012631	S004649	2026-02-25
4	1	2	3	1	2	4	4	5	5	53	2	88	US	R012632	S006203	2026-03-17
2	2	1	3	2	1	1	1	2	3	18	2	88	US	R012633	S010436	2026-03-14
3	4	4	4	3	4	4	2	3	5	18	1	95	US	R012634	S010786	2026-02-22
4	2	5	4	4	4	5	2	5	4	33	1	78	US	R012635	S001220	2026-03-20
2	2	4	5	1	1	2	4	1	5	31	1	63	US	R012636	S003929	2026-03-12
4	4	5	4	4	3	2	3	4	1	45	1	87	US	R012637	S007473	2026-03-20
4	3	4	5	4	2	4	5	4	4	43	1	98	US	R012638	S006485	2026-03-15
5	2	5	5	5	5	4	4	3	5	40	1	95	US	R012639	S003684	2026-02-14
5	4	4	5	4	2	5	5	5	5	19	1	55	US	R012640	S010354	2026-02-14
5	4	4	5	5	2	5	5	5	5	26	1	92	US	R012641	S011979	2026-03-11
4	1	4	3	4	5	5	4	4	4	27	1	96	US	R012642	S000248	2026-02-03
5	2	5	5	5	5	5	4	4	4	35	2	87	US	R012643	S011230	2026-02-22
3	5	5	4	5	2	4	4	2	4	32	1	94	US	R012644	S002815	2026-03-26
2	3	3	4	4	2	3	2	3	3	48	1	78	US	R012645	S010419	2026-02-24
4	2	1	2	1	1	2	4	4	4	30	2	75	US	R012646	S007351	2026-02-11
4	1	2	4	2	2	2	3	2	4	43	1	72	US	R012647	S004568	2026-02-06
5	3	4	5	4	1	5	4	3	5	41	1	83	US	R012648	S000240	2026-03-22
3	3	2	4	1	2	2	3	2	2	46	2	98	US	R012649	S005566	2026-02-09
3	2	1	4	1	4	2	2	1	5	36	2	94	US	R012650	S001261	2026-03-02
4	2	4	4	4	2	5	5	5	5	44	1	95	US	R012651	S011660	2026-02-26
5	3	5	4	4	4	4	4	5	5	18	2	94	US	R012652	S011300	2026-02-15
4	5	3	4	3	3	5	5	4	5	49	2	90	US	R012653	S010155	2026-03-09
2	2	2	4	3	1	3	5	3	4	33	1	94	US	R012654	S002552	2026-02-17
4	3	4	3	3	2	3	2	4	2	23	1	93	US	R012655	S002659	2026-03-04
4	5	2	4	3	3	1	4	1	5	39	1	86	US	R012656	S004691	2026-03-24
4	5	5	5	4	5	5	4	5	3	27	2	83	US	R012657	S003993	2026-02-09
5	5	5	5	4	3	4	5	5	4	22	1	92	US	R012658	S006943	2026-03-02
3	1	4	2	2	1	5	4	2	5	50	2	78	US	R012659	S000694	2026-02-22
4	4	4	2	3	1	4	2	3	2	43	2	96	US	R012660	S002056	2026-02-21
5	5	5	5	5	5	5	5	3	4	30	1	80	US	R012661	S007637	2026-03-04
4	5	5	4	4	5	3	4	4	5	29	1	94	US	R012662	S005848	2026-03-26
5	3	5	5	4	4	2	1	1	4	33	2	95	US	R012663	S008067	2026-03-18
3	4	3	2	3	1	4	4	3	3	36	2	64	US	R012664	S007280	2026-02-05
5	5	5	5	5	4	4	2	4	3	48	1	88	US	R012665	S009922	2026-03-09
4	2	1	4	3	2	4	2	4	4	18	1	97	US	R012666	S009362	2026-02-13
5	2	4	5	5	1	5	5	5	5	37	1	97	US	R012667	S010316	2026-03-21
5	3	5	4	4	4	5	5	5	3	44	2	86	US	R012668	S012832	2026-03-24
4	2	2	4	1	4	4	5	4	4	34	1	87	US	R012669	S012566	2026-03-02
3	4	5	5	5	3	1	4	2	3	47	1	46	US	R012670	S001267	2026-03-11
5	2	5	4	4	4	5	5	5	5	32	1	76	US	R012671	S000135	2026-02-21
4	3	3	3	3	2	2	2	2	3	46	1	76	US	R012672	S000722	2026-02-24
4	3	5	5	4	3	4	4	5	5	48	2	84	US	R012673	S004958	2026-02-23
5	1	2	4	4	4	2	4	3	4	33	1	77	US	R012674	S008950	2026-03-07
3	1	3	5	2	1	3	4	4	4	41	1	59	US	R012675	S012935	2026-02-04
2	2	4	5	4	2	5	5	4	2	31	2	71	US	R012676	S006463	2026-02-14
4	2	2	5	2	2	2	5	4	4	60	2	77	US	R012677	S004076	2026-02-15
4	3	5	5	5	5	4	5	5	5	38	1	95	US	R012678	S000612	2026-02-04
5	2	4	4	4	1	2	3	4	4	28	1	70	US	R012679	S002574	2026-03-12
1	4	1	2	1	1	2	3	2	2	21	1	79	US	R012680	S001180	2026-03-18
5	3	2	2	3	2	5	5	5	5	36	1	86	US	R012681	S005635	2026-02-20
5	2	3	3	3	3	4	5	5	5	37	1	93	US	R012682	S006250	2026-02-18
3	1	3	4	1	2	4	4	3	3	25	2	92	US	R012683	S009166	2026-03-23
5	4	4	4	5	2	3	1	4	4	34	2	89	US	R012684	S008196	2026-03-26
3	4	2	4	4	1	2	5	4	4	45	2	89	US	R012685	S005680	2026-02-05
5	3	4	5	2	2	1	2	2	5	38	2	87	US	R012686	S001021	2026-03-12
2	3	3	5	3	2	4	4	4	4	40	1	95	US	R012687	S001970	2026-03-19
5	2	2	4	2	2	1	2	2	1	38	1	92	US	R012688	S000317	2026-03-21
4	4	2	2	2	3	3	4	5	4	25	1	88	US	R012689	S002228	2026-03-20
4	3	4	4	4	2	2	4	2	4	22	1	87	US	R012690	S001419	2026-03-10
5	4	4	4	5	5	2	3	4	2	42	1	92	US	R012691	S006269	2026-03-16
4	2	3	3	2	2	2	1	1	2	37	1	94	US	R012692	S007457	2026-02-08
3	4	5	5	4	4	4	4	4	2	24	2	91	US	R012693	S000138	2026-03-10
2	1	4	5	2	2	1	2	2	4	31	1	83	US	R012694	S010977	2026-02-10
5	4	3	5	5	3	2	2	4	3	34	2	70	US	R012695	S011060	2026-03-11
4	2	2	1	4	1	2	4	4	1	42	2	95	US	R012696	S009822	2026-02-17
4	3	4	5	4	5	1	5	3	2	22	1	69	US	R012697	S000799	2026-03-04
4	5	5	5	5	4	2	2	4	4	48	1	69	US	R012698	S002266	2026-02-09
5	5	5	5	4	5	3	4	4	5	36	1	87	US	R012699	S011950	2026-03-25
2	4	2	5	5	4	4	4	3	4	44	2	99	US	R012700	S000525	2026-03-15
5	4	4	5	5	4	4	2	4	5	28	2	89	US	R012701	S012310	2026-03-09
1	3	1	4	2	1	2	2	3	5	46	1	85	US	R012702	S011644	2026-02-18
5	4	4	4	3	4	3	1	1	4	44	1	84	US	R012703	S006013	2026-03-20
4	5	3	4	4	4	2	2	4	3	57	2	91	US	R012704	S012595	2026-02-12
5	4	4	3	2	2	3	3	4	3	54	2	94	US	R012705	S004114	2026-02-24
2	1	2	3	2	1	2	2	3	2	58	1	93	US	R012706	S004679	2026-02-18
5	1	4	4	4	3	4	4	5	4	25	2	83	US	R012707	S001634	2026-03-07
3	2	2	4	3	2	2	4	3	4	26	2	76	US	R012708	S011937	2026-02-06
4	2	2	3	4	4	4	5	4	5	43	2	85	US	R012709	S004145	2026-02-21
1	1	1	2	1	1	5	4	5	5	41	2	98	US	R012710	S010223	2026-03-08
2	2	4	5	4	2	3	4	4	3	25	2	61	US	R012711	S001718	2026-03-09
2	1	1	3	4	2	1	2	4	2	53	1	84	US	R012712	S010828	2026-02-06
2	3	2	4	2	4	3	5	4	3	29	2	95	US	R012713	S007444	2026-03-08
3	2	2	4	2	2	2	5	4	5	29	1	90	US	R012714	S007823	2026-02-13
1	3	3	4	2	2	4	2	4	2	29	1	91	US	R012715	S010075	2026-02-15
5	1	3	4	4	2	2	2	4	4	34	2	89	US	R012716	S009530	2026-02-16
5	5	4	3	5	1	4	5	5	5	41	1	93	US	R012717	S007922	2026-02-07
4	3	2	3	5	1	4	4	4	4	18	2	94	US	R012718	S010906	2026-02-09
4	4	4	5	4	4	2	2	3	4	23	2	81	US	R012719	S004080	2026-02-18
3	2	2	5	3	2	5	4	4	5	30	1	95	US	R012720	S007126	2026-03-16
3	4	5	5	5	4	1	1	1	1	38	1	95	US	R012721	S002108	2026-03-22
5	4	4	5	5	4	4	5	5	4	18	1	82	US	R012722	S008077	2026-03-24
5	5	5	4	4	5	4	4	4	4	68	1	83	US	R012723	S003894	2026-02-17
4	3	3	4	1	2	4	3	3	2	31	1	85	US	R012724	S008835	2026-03-10
3	1	1	4	2	2	1	2	1	4	32	2	84	US	R012725	S011213	2026-02-05
4	3	3	5	2	1	5	5	4	4	37	2	91	US	R012726	S008156	2026-02-25
2	4	1	2	1	2	4	4	1	4	31	2	93	US	R012727	S009264	2026-03-13
1	4	1	4	1	1	1	2	4	3	40	2	75	US	R012728	S012198	2026-03-15
1	2	3	5	4	1	4	3	3	5	27	2	90	US	R012729	S010243	2026-02-10
5	5	5	5	5	4	4	5	4	3	55	2	70	US	R012730	S010055	2026-03-23
3	2	3	5	4	2	5	5	4	4	31	1	85	US	R012731	S008792	2026-02-17
4	2	4	3	4	2	4	2	3	3	44	1	64	US	R012732	S001190	2026-03-05
4	5	2	4	1	2	4	4	4	5	35	1	93	US	R012733	S011830	2026-03-20
2	1	3	3	2	4	5	1	4	4	30	2	81	US	R012734	S010941	2026-03-16
4	4	2	5	3	1	3	5	3	4	32	1	77	US	R012735	S012642	2026-03-04
1	5	4	5	3	3	2	4	3	4	52	1	76	US	R012736	S000985	2026-02-05
2	1	1	3	1	1	1	1	2	3	28	1	97	US	R012737	S012822	2026-02-04
5	4	5	4	5	5	5	2	5	5	32	2	84	US	R012738	S010092	2026-02-17
4	3	4	5	4	1	4	5	5	5	40	2	85	US	R012739	S006384	2026-02-22
4	2	3	4	4	3	4	5	5	5	52	2	84	US	R012740	S001703	2026-02-04
2	2	4	4	1	2	3	5	5	4	51	2	93	US	R012741	S008772	2026-03-01
5	4	4	3	5	2	3	4	4	5	37	1	90	US	R012742	S002225	2026-03-27
2	2	2	4	2	1	1	1	1	2	34	1	97	US	R012743	S002976	2026-02-05
1	1	1	1	2	1	1	2	1	3	58	1	82	US	R012744	S012374	2026-03-10
4	4	3	5	2	1	5	5	4	4	42	1	71	US	R012745	S002731	2026-03-04
2	4	4	5	4	3	2	4	2	2	24	1	96	US	R012746	S005378	2026-02-08
4	2	4	4	2	3	3	3	2	4	43	1	60	US	R012747	S001834	2026-03-10
5	4	4	5	4	5	4	5	4	4	33	1	75	US	R012748	S004849	2026-03-11
2	3	2	3	2	1	2	4	4	5	34	1	83	US	R012749	S004112	2026-02-24
1	4	2	2	2	2	1	2	1	4	28	1	57	US	R012750	S005835	2026-03-21
5	4	3	3	3	2	3	2	3	1	46	1	73	US	R012751	S002131	2026-03-07
4	2	4	4	4	2	2	3	4	2	30	1	83	US	R012752	S006409	2026-03-08
4	4	5	5	5	3	5	4	5	3	27	1	87	US	R012753	S012429	2026-03-20
4	4	4	4	4	5	3	5	5	4	19	1	90	US	R012754	S009133	2026-03-05
5	2	5	4	2	2	5	4	3	3	27	2	68	US	R012755	S003518	2026-03-13
4	5	3	4	1	2	3	2	4	2	18	1	77	US	R012756	S005396	2026-02-12
5	4	3	4	4	4	4	3	3	3	46	1	90	US	R012757	S009487	2026-02-23
2	2	2	5	4	2	2	4	4	4	38	1	96	US	R012758	S011074	2026-03-15
1	5	1	3	2	1	2	4	3	2	35	1	96	US	R012759	S004272	2026-02-25
5	4	3	5	3	1	4	4	5	5	36	2	88	US	R012760	S011810	2026-02-28
5	2	2	4	2	1	3	5	4	5	38	1	92	US	R012761	S009775	2026-02-11
2	4	2	4	4	3	2	4	5	5	42	2	84	US	R012762	S003631	2026-03-17
4	4	2	4	4	2	4	4	5	5	29	2	95	US	R012763	S008855	2026-03-12
5	4	4	3	2	4	2	5	4	4	43	2	99	US	R012764	S007991	2026-03-01
3	2	4	4	4	5	4	1	2	5	44	1	84	US	R012765	S002352	2026-03-15
4	2	3	5	5	2	4	5	2	4	27	2	76	US	R012766	S001403	2026-02-22
2	3	1	4	1	2	2	4	3	3	34	1	74	US	R012767	S011015	2026-02-11
5	2	5	5	5	4	4	2	1	4	28	1	89	US	R012768	S003485	2026-03-10
2	1	1	4	1	1	3	5	3	3	41	2	89	US	R012769	S005812	2026-02-13
4	2	5	3	4	2	1	4	3	4	25	1	85	US	R012770	S010248	2026-03-20
4	2	4	4	3	2	2	2	4	2	40	1	84	US	R012771	S012314	2026-03-23
4	2	2	5	4	2	1	1	2	3	39	2	98	US	R012772	S009106	2026-02-28
3	4	2	2	2	2	2	4	4	4	39	2	93	US	R012773	S010441	2026-03-06
1	2	4	5	2	1	5	5	4	5	46	1	70	US	R012774	S012898	2026-03-14
4	1	1	4	3	1	3	3	1	1	52	2	65	US	R012775	S007276	2026-03-20
5	5	5	5	5	5	5	4	5	4	19	1	90	US	R012776	S008148	2026-03-24
5	5	3	5	4	3	4	2	4	2	49	1	74	US	R012777	S009743	2026-03-11
5	4	3	3	4	2	4	5	5	4	34	1	89	US	R012778	S007977	2026-03-19
4	1	3	5	4	5	5	4	5	4	42	2	91	US	R012779	S004803	2026-02-03
2	2	2	4	2	2	1	3	1	4	44	1	88	US	R012780	S012562	2026-02-11
4	4	5	4	3	2	3	4	5	4	24	2	94	US	R012781	S008028	2026-03-18
3	2	4	3	4	1	2	2	2	3	45	1	70	US	R012782	S002359	2026-03-01
4	4	4	4	4	4	3	4	2	2	42	1	91	US	R012783	S004008	2026-02-15
2	4	1	4	4	2	4	5	5	5	57	2	88	US	R012784	S001117	2026-03-08
5	3	1	4	2	2	5	4	4	5	53	2	89	US	R012785	S002262	2026-02-10
5	5	5	4	4	3	4	4	3	5	35	1	73	US	R012786	S007454	2026-03-24
4	4	2	4	4	2	1	2	2	3	37	1	98	US	R012787	S001016	2026-02-02
4	4	1	4	3	2	2	2	3	4	19	1	60	US	R012788	S002429	2026-02-27
3	3	5	3	2	3	4	4	4	2	36	2	92	US	R012789	S003942	2026-03-26
4	5	2	3	3	2	4	4	5	4	36	1	96	US	R012790	S009940	2026-03-26
4	5	2	5	3	2	5	4	5	4	29	2	85	US	R012791	S003784	2026-02-24
5	2	5	4	3	4	5	4	5	5	32	2	83	US	R012792	S008186	2026-02-19
3	2	1	4	2	2	4	2	4	5	50	2	97	US	R012793	S007436	2026-02-13
2	1	2	3	1	1	4	5	3	2	49	2	81	US	R012794	S000862	2026-03-14
5	5	4	4	4	4	5	4	4	4	47	2	79	US	R012795	S008538	2026-02-26
5	3	2	4	2	2	2	4	2	5	59	2	76	US	R012796	S006185	2026-02-16
3	1	4	5	4	4	5	2	4	4	37	1	78	US	R012797	S008385	2026-02-18
5	3	5	5	5	2	3	2	3	4	47	2	84	US	R012798	S012764	2026-03-11
4	2	4	5	5	5	5	5	4	5	39	2	97	US	R012799	S002143	2026-02-07
4	2	5	5	4	2	4	5	5	4	45	1	67	US	R012800	S002303	2026-02-22
3	1	4	4	3	4	3	4	5	5	31	1	69	US	R012801	S008175	2026-02-25
5	2	1	2	4	3	3	4	4	3	21	1	98	US	R012802	S010783	2026-03-27
3	2	4	5	3	1	4	5	5	5	32	1	92	US	R012803	S001885	2026-02-26
4	5	3	2	4	3	5	4	4	5	32	1	96	US	R012804	S003859	2026-02-24
5	2	3	3	3	1	1	1	3	3	55	1	87	US	R012805	S012786	2026-02-13
4	1	4	4	4	4	1	3	2	4	29	2	84	US	R012806	S012028	2026-03-22
4	2	5	4	5	2	4	3	2	4	28	2	82	US	R012807	S008141	2026-03-15
2	3	5	3	1	5	5	5	4	5	18	1	86	US	R012808	S001842	2026-03-15
4	2	3	4	4	2	1	3	4	1	31	1	92	US	R012809	S006077	2026-02-17
4	2	2	3	2	2	1	1	1	2	43	1	94	US	R012810	S003482	2026-02-07
5	2	4	3	4	4	2	3	2	4	22	1	98	US	R012811	S011262	2026-02-13
4	2	5	5	5	3	5	5	5	4	26	1	84	US	R012812	S008074	2026-02-21
4	4	3	2	4	2	4	4	3	4	18	1	95	US	R012813	S001959	2026-02-08
5	1	5	5	5	3	2	3	4	4	46	1	85	US	R012814	S009269	2026-02-04
4	2	3	4	4	4	2	5	4	5	55	2	70	US	R012815	S009974	2026-02-25
4	5	2	4	4	2	2	1	1	3	36	1	83	US	R012816	S003834	2026-03-22
4	3	4	5	3	2	1	2	4	3	42	2	70	US	R012817	S003133	2026-03-27
2	1	4	4	2	2	1	4	2	4	42	1	89	US	R012818	S005121	2026-02-16
4	2	4	5	5	4	5	5	5	5	49	1	87	US	R012819	S009090	2026-03-17
4	3	4	5	4	5	4	4	4	5	27	1	97	US	R012820	S012453	2026-03-21
2	2	4	4	5	3	5	5	5	5	56	2	71	US	R012821	S012498	2026-02-09
5	4	4	5	5	5	4	5	4	5	42	2	91	US	R012822	S010566	2026-02-07
2	1	1	3	2	1	4	4	4	4	18	1	70	US	R012823	S002757	2026-02-04
4	1	2	4	2	2	1	2	3	4	49	1	97	US	R012824	S007367	2026-02-22
4	5	5	4	4	4	2	5	4	4	47	2	61	US	R012825	S000045	2026-02-03
4	2	2	3	1	2	3	3	2	2	42	1	82	US	R012826	S011195	2026-03-18
5	3	4	4	2	4	1	5	4	5	29	1	91	US	R012827	S011455	2026-03-12
5	2	4	4	5	4	4	5	5	5	47	1	68	US	R012828	S010231	2026-03-19
4	2	4	5	4	4	4	4	4	5	52	2	97	US	R012829	S004541	2026-03-17
5	2	4	4	3	1	1	3	4	1	26	1	94	US	R012830	S007796	2026-02-19
4	2	1	5	1	1	1	2	4	2	21	2	53	US	R012831	S005791	2026-02-11
4	1	2	5	4	1	2	4	2	4	35	2	96	US	R012832	S011647	2026-02-13
4	1	4	4	2	2	3	5	5	5	33	1	88	US	R012833	S011381	2026-02-23
4	5	4	5	5	4	4	4	2	2	42	2	78	US	R012834	S009984	2026-02-16
5	5	5	5	4	4	4	5	4	5	26	1	91	US	R012835	S004538	2026-03-02
3	3	2	3	5	1	4	5	2	4	37	2	77	US	R012836	S006388	2026-03-25
4	1	3	3	2	2	1	1	3	4	27	1	85	US	R012837	S010095	2026-02-13
5	2	2	4	5	4	2	1	1	2	38	1	73	US	R012838	S010842	2026-03-02
3	3	2	3	2	2	2	3	3	4	42	1	85	US	R012839	S010981	2026-02-22
4	4	4	4	4	4	3	4	2	2	42	1	91	US	R012840	S007825	2026-03-22
3	4	2	5	5	3	5	5	5	5	49	1	93	US	R012841	S012146	2026-03-26
2	2	2	3	2	5	2	4	2	4	21	1	52	US	R012842	S012158	2026-02-02
4	3	4	4	4	3	4	1	2	4	45	2	80	US	R012843	S009452	2026-03-19
2	1	3	4	1	1	2	2	4	4	31	2	73	US	R012844	S004303	2026-03-10
4	2	2	5	4	2	2	2	4	5	19	2	79	US	R012845	S010225	2026-02-13
1	1	1	2	1	2	2	4	4	1	34	1	65	US	R012846	S009611	2026-02-13
4	4	2	5	2	4	2	4	4	4	27	1	86	US	R012847	S008660	2026-03-11
1	5	2	4	2	1	5	5	5	5	43	2	95	US	R012848	S007002	2026-03-07
5	5	4	4	5	1	5	2	5	4	21	2	86	US	R012849	S005875	2026-02-15
3	2	5	5	4	2	2	1	4	4	32	1	86	US	R012850	S003864	2026-03-08
5	2	4	4	4	2	1	2	1	3	32	1	77	US	R012851	S012154	2026-02-21
4	2	5	4	3	4	4	3	2	4	27	1	93	US	R012852	S006783	2026-02-24
1	1	2	4	4	1	2	3	4	4	41	1	92	US	R012853	S010349	2026-03-14
5	2	5	5	5	2	5	3	5	5	43	1	85	US	R012854	S002520	2026-03-19
5	1	5	4	5	2	4	5	3	3	37	1	87	US	R012855	S010189	2026-03-12
5	2	5	5	2	4	1	2	5	4	50	2	92	US	R012856	S003494	2026-02-17
4	2	3	4	5	1	4	5	5	5	25	1	79	US	R012857	S004891	2026-03-16
5	4	5	5	3	4	5	5	5	5	33	1	97	US	R012858	S011150	2026-02-27
3	1	4	3	5	5	2	2	2	5	35	1	96	US	R012859	S004331	2026-02-11
4	2	3	5	4	4	4	2	5	5	36	2	88	US	R012860	S011993	2026-02-24
2	2	2	1	3	1	1	2	2	3	45	1	74	US	R012861	S011698	2026-03-12
4	4	4	4	4	4	4	5	5	5	24	2	83	US	R012862	S010458	2026-02-19
5	1	4	5	5	2	1	4	2	3	46	1	86	US	R012863	S006526	2026-02-18
5	2	4	5	4	5	4	4	5	4	23	1	78	US	R012864	S006171	2026-03-20
5	3	1	2	1	2	3	5	4	4	55	1	89	US	R012865	S003106	2026-03-20
3	1	2	4	4	5	2	2	2	4	56	1	90	US	R012866	S006454	2026-02-25
3	1	4	5	2	1	4	4	5	4	45	2	90	US	R012867	S002828	2026-03-01
4	5	4	4	1	1	2	1	2	1	31	1	98	US	R012868	S000725	2026-03-10
4	2	5	5	3	4	2	2	4	4	42	2	100	US	R012869	S012834	2026-02-18
4	2	3	4	2	1	5	4	5	4	35	1	94	US	R012870	S012470	2026-03-23
5	2	4	5	3	4	4	4	5	5	18	2	73	US	R012871	S001869	2026-03-25
4	3	1	5	4	2	4	2	5	1	33	1	69	US	R012872	S006166	2026-03-27
3	1	2	5	2	2	4	4	4	4	51	2	89	US	R012873	S007819	2026-03-22
5	2	4	5	4	5	3	4	4	5	33	1	78	US	R012874	S009477	2026-03-06
5	4	4	4	3	4	4	4	2	4	54	2	70	US	R012875	S005873	2026-02-28
3	2	5	4	5	1	4	2	4	4	25	1	88	US	R012876	S005915	2026-03-10
3	2	2	4	3	1	3	1	2	5	37	1	55	US	R012877	S001346	2026-03-20
5	5	5	5	5	4	5	5	5	4	46	2	93	US	R012878	S005967	2026-03-23
1	3	2	4	3	2	3	2	5	2	29	1	88	US	R012879	S004581	2026-02-13
4	4	3	3	3	3	2	4	4	5	51	1	85	US	R012880	S006788	2026-03-24
5	3	4	5	5	4	5	4	4	5	37	1	84	US	R012881	S007284	2026-03-21
2	1	3	3	4	3	4	3	5	5	39	1	91	US	R012882	S012760	2026-03-15
4	3	4	5	4	2	5	4	4	5	36	2	94	US	R012883	S005324	2026-02-26
3	1	3	4	2	2	4	5	4	4	45	1	93	US	R012884	S007232	2026-02-22
5	2	5	3	5	4	4	5	4	4	36	2	86	US	R012885	S011265	2026-02-28
2	3	3	4	4	2	1	2	1	3	58	1	74	US	R012886	S007945	2026-02-28
5	2	1	3	3	2	4	3	4	4	18	1	95	US	R012887	S003211	2026-02-16
5	2	5	5	4	3	5	5	5	5	36	1	81	US	R012888	S008095	2026-03-14
4	2	3	4	4	2	4	3	4	2	23	1	81	US	R012889	S012021	2026-03-14
3	1	3	4	3	2	4	4	3	1	37	1	81	US	R012890	S001924	2026-03-03
4	4	4	5	2	4	3	2	2	5	71	1	89	US	R012891	S000307	2026-02-20
3	4	5	4	4	1	5	4	3	4	40	1	91	US	R012892	S002493	2026-03-14
5	4	5	4	4	2	2	4	3	5	39	1	80	US	R012893	S003420	2026-03-15
4	4	3	4	2	4	1	2	1	2	29	1	62	US	R012894	S003078	2026-02-26
5	2	5	4	4	4	5	5	5	5	32	1	76	US	R012895	S008296	2026-02-20
1	3	3	4	2	2	5	5	5	5	28	2	96	US	R012896	S006886	2026-02-26
3	3	4	5	2	1	4	4	4	5	30	2	58	US	R012897	S008557	2026-03-26
5	1	4	4	4	4	2	5	4	4	37	1	85	US	R012898	S011322	2026-03-12
2	4	4	3	2	2	4	3	3	5	25	2	96	US	R012899	S009650	2026-03-03
4	5	5	3	5	2	1	4	2	3	41	2	74	US	R012900	S000274	2026-02-23
5	2	5	5	5	4	4	5	4	4	21	1	71	US	R012901	S009066	2026-02-20
4	1	2	4	2	2	3	5	4	4	47	1	95	US	R012902	S001752	2026-02-24
4	2	2	5	2	3	1	4	2	4	33	2	71	US	R012903	S005514	2026-02-08
4	3	3	5	4	4	3	4	3	4	18	1	88	US	R012904	S008086	2026-02-19
5	3	4	5	5	4	4	2	5	5	18	1	77	US	R012905	S001521	2026-03-01
4	4	4	5	5	5	4	5	5	5	18	2	66	US	R012906	S001490	2026-03-27
4	4	4	5	4	2	2	4	4	2	35	1	97	US	R012907	S003162	2026-02-12
5	4	4	5	5	4	4	5	4	5	40	2	62	US	R012908	S004060	2026-03-12
3	2	1	2	2	2	3	4	2	2	20	1	51	US	R012909	S010220	2026-02-27
3	1	4	4	3	4	3	4	5	5	31	1	69	US	R012910	S012382	2026-02-24
5	2	4	4	4	2	4	4	4	4	21	1	92	US	R012911	S000370	2026-03-02
2	2	2	4	2	2	5	4	4	5	34	1	91	US	R012912	S007876	2026-03-26
4	4	3	2	4	1	1	3	1	4	47	1	89	US	R012913	S000938	2026-03-21
2	3	2	5	3	4	1	2	1	4	60	1	93	US	R012914	S010182	2026-03-17
3	4	5	5	5	5	4	5	5	5	45	1	89	US	R012915	S010665	2026-03-04
4	5	2	5	2	3	1	2	1	3	38	1	100	US	R012916	S000269	2026-03-16
4	1	2	5	3	3	3	4	4	4	38	1	96	US	R012917	S009188	2026-02-23
5	2	5	5	4	2	1	2	4	2	33	1	98	US	R012918	S003902	2026-02-24
5	2	5	5	5	5	3	4	4	5	61	1	76	US	R012919	S000052	2026-02-26
5	5	3	3	3	1	5	4	4	5	38	1	92	US	R012920	S009120	2026-02-18
5	2	4	5	4	3	1	2	1	3	27	1	98	US	R012921	S006908	2026-02-19
5	5	4	5	4	2	2	3	2	1	19	1	83	US	R012922	S000692	2026-03-06
4	1	3	3	5	2	4	5	4	4	50	2	82	US	R012923	S001126	2026-03-06
2	2	2	5	2	1	1	1	2	4	35	1	81	US	R012924	S004645	2026-02-22
3	2	5	4	4	5	4	3	4	5	41	1	84	US	R012925	S003208	2026-03-02
4	1	2	4	4	3	1	2	1	1	24	1	66	US	R012926	S006440	2026-02-02
3	2	3	5	3	1	1	2	4	2	18	1	91	US	R012927	S012667	2026-03-26
3	1	4	5	5	2	4	5	2	5	40	1	90	US	R012928	S000015	2026-02-08
3	1	1	4	1	1	1	1	2	2	67	2	86	US	R012929	S003232	2026-02-10
5	5	4	3	4	5	5	5	4	5	32	1	87	US	R012930	S006608	2026-03-03
3	3	3	3	1	2	2	1	2	4	48	1	86	US	R012931	S010099	2026-03-09
5	2	3	3	4	1	2	5	4	4	47	1	96	US	R012932	S002610	2026-03-01
5	4	2	4	4	3	5	4	2	3	18	1	76	US	R012933	S012544	2026-02-25
3	3	2	4	3	5	3	2	2	3	34	1	66	US	R012934	S008150	2026-02-08
2	3	2	5	4	4	4	2	3	4	29	1	94	US	R012935	S005274	2026-02-14
1	2	4	5	4	3	3	4	2	4	46	1	68	US	R012936	S002320	2026-03-26
1	2	2	5	2	1	2	1	4	3	43	1	95	US	R012937	S000158	2026-02-13
2	1	4	4	2	1	2	5	4	4	44	1	96	US	R012938	S001317	2026-03-23
4	1	4	4	4	4	5	5	5	4	49	2	90	US	R012939	S010709	2026-02-15
5	3	2	5	4	2	5	5	4	4	33	2	72	US	R012940	S007106	2026-03-12
5	3	5	3	3	4	5	5	4	4	36	1	38	US	R012941	S002090	2026-02-17
4	1	5	4	4	4	5	5	5	5	37	2	92	US	R012942	S004255	2026-03-04
4	2	3	4	2	3	4	2	3	3	39	2	75	US	R012943	S004979	2026-02-19
5	2	5	5	5	3	2	4	3	4	30	1	87	US	R012944	S002967	2026-02-21
4	4	3	4	5	4	4	4	4	4	45	1	74	US	R012945	S003538	2026-02-13
4	1	2	4	1	2	5	5	5	5	35	1	94	US	R012946	S007723	2026-03-08
5	5	5	4	3	2	5	4	4	4	23	1	85	US	R012947	S003069	2026-02-04
4	4	3	4	3	1	4	5	5	4	39	1	86	US	R012948	S002396	2026-03-16
2	4	2	5	4	3	4	5	5	4	33	2	70	US	R012949	S010951	2026-03-13
4	1	2	3	3	4	5	4	4	2	41	1	56	US	R012950	S010385	2026-03-15
3	2	2	2	1	1	5	4	4	4	27	1	98	US	R012951	S003573	2026-02-22
4	1	4	5	5	2	2	3	3	2	36	1	69	US	R012952	S008733	2026-02-15
4	4	2	3	2	4	1	1	2	2	27	1	86	US	R012953	S008707	2026-02-16
4	2	4	2	3	4	3	5	5	5	35	2	76	US	R012954	S003625	2026-03-03
4	2	5	5	4	5	5	4	4	4	41	1	91	US	R012955	S003033	2026-03-25
4	4	1	2	1	1	4	4	4	2	38	1	81	US	R012956	S012616	2026-03-25
5	2	2	4	4	1	4	4	4	5	56	1	96	US	R012957	S000767	2026-02-21
3	4	2	4	3	2	1	5	3	1	21	1	98	US	R012958	S000276	2026-03-09
3	2	5	5	5	4	3	5	2	1	18	1	51	US	R012959	S002337	2026-03-20
2	3	4	3	2	2	2	3	3	3	42	2	53	US	R012960	S007574	2026-02-24
5	4	5	5	5	2	4	5	5	5	35	1	93	US	R012961	S006922	2026-03-02
4	2	4	2	2	3	4	4	4	4	26	1	94	US	R012962	S006914	2026-03-18
3	1	1	4	1	1	2	2	2	2	34	1	100	US	R012963	S007448	2026-02-21
5	3	2	3	2	2	4	4	4	2	29	2	86	US	R012964	S007886	2026-02-03
2	2	4	4	1	3	2	2	4	5	55	1	85	US	R012965	S002403	2026-03-23
