participant_id	HSNS1	HSNS2	HSNS3	HSNS4	HSNS5	HSNS6	HSNS7	HSNS8	HSNS9	HSNS10	gender	behavior
T00000	5	5	5	5	5	5	5	5	3	3	1	0.04007887838418989
T00001	1	2	1	2	1	4	1	2	5	1	1	-1.199045807646169
T00002	4	3	3	3	2	4	4	3	2	3	2	2.393712304704172
T00003	5	4	4	4	4	4	3	5	4	1	2	0.6575655309163778
T00004	4	4	4	4	2	4	3	1	5	3	2	-0.4553383317213814
T00005	4	2	2	2	4	5	2	5	5	4	2	1.3652005232355808
T00006	4	5	4	4	4	2	5	5	5	4	2	1.683458959754479
T00007	4	2	2	3	2	4	4	2	1	4	1	-0.12984266827503022
T00008	5	5	5	5	5	5	4	4	5	2	2	1.2431741027998957
T00009	4	4	4	1	0	4	2	3	2	1	1	-1.2390363805509927
T00010	5	2	4	2	4	4	4	4	3	3	1	1.25647998677341
T00011	2	5	2	4	3	5	3	2	4	2	2	-0.533410884009924
T00012	5	3	5	4	5	5	4	4	5	4	1	-0.5150678544358781
T00013	4	4	4	3	1	5	4	4	4	2	1	-0.6947256081419191
T00014	5	5	5	4	4	5	4	4	5	5	2	0.9084835609699619
T00015	4	4	5	4	5	5	5	5	5	5	2	1.958152927242064
T00016	4	1	2	4	1	3	2	1	4	2	1	-0.3743442167670835
T00017	2	2	3	4	5	4	4	5	4	3	2	0.11159501221903345
T00018	4	5	4	3	0	5	5	4	4	5	2	1.4852122722076027
T00019	2	2	1	1	5	3	3	5	5	1	1	-0.36804513155618657
T00020	5	5	0	5	4	5	5	4	5	5	2	1.5905770374689874
T00021	4	2	4	2	4	4	2	2	2	1	1	-0.283193897208719
T00022	5	5	2	1	4	4	5	4	4	4	1	-0.557968666815932
T00023	3	4	1	3	4	5	4	3	2	4	2	0.08100909511783672
T00024	4	4	2	4	5	4	4	3	3	5	2	0.049592950994188034
T00025	5	4	0	2	2	4	0	1	3	3	2	0.7806669562593632
T00026	4	0	4	2	5	5	5	2	4	5	2	0.9031797908597993
T00027	4	4	1	1	1	4	2	2	1	2	1	-0.7075720258685786
T00028	5	5	5	4	5	5	5	5	4	5	2	0.9225144023568724
T00029	5	5	5	4	5	5	5	5	5	5	2	0.5172534079071573
T00030	4	3	3	4	2	4	4	4	2	3	2	-0.21700160656873346
T00031	4	2	5	2	2	4	2	4	2	1	1	-1.68189598379994
T00032	5	5	4	4	4	4	5	5	5	5	2	1.1047683681019673
T00033	3	2	1	4	3	4	5	2	4	4	1	-0.30401637602163106
T00034	5	4	4	3	3	4	5	4	5	3	2	0.8412015071203789
T00035	1	3	3	3	3	3	2	2	2	2	2	0.04375062350309902
T00036	4	3	3	3	2	5	3	4	4	4	1	0.5305771990188566
T00037	4	5	2	2	2	5	2	2	4	1	2	-0.11607069001101744
T00038	5	5	3	4	4	5	4	5	5	5	2	-0.32704665267243993
T00039	3	2	2	3	2	5	4	3	5	3	1	-0.06770344116325994
T00040	4	2	4	2	5	5	2	5	4	2	1	-1.6039022467561161
T00041	5	3	3	4	4	5	3	2	4	2	1	0.6243340711308519
T00042	5	5	5	4	4	5	5	5	5	2	2	2.4471827331835243
T00043	3	3	4	2	2	2	4	4	4	2	1	0.7256024820226942
T00044	5	0	4	3	5	5	5	2	4	1	1	-0.838789213489781
T00045	1	2	2	0	2	4	3	2	4	2	1	0.19405109174979063
T00046	4	5	5	5	5	4	4	4	5	4	1	0.11195640076213237
T00047	3	4	5	3	4	4	3	2	3	4	1	0.10521785504829817
T00048	5	2	5	5	4	2	4	2	5	4	1	-0.05363419589464055
T00049	5	4	4	0	4	5	4	5	4	3	2	0.9699513993436563
T00050	4	0	2	2	2	4	3	2	2	3	1	-0.8762193666382078
T00051	4	5	5	5	5	4	5	4	5	5	2	0.491907963327918
T00052	4	1	3	1	2	3	2	1	3	1	2	-0.19014577961811482
T00053	4	4	5	3	3	5	4	2	4	5	2	0.3667143734642239
T00054	4	2	4	4	2	4	4	2	2	2	2	0.8654744377845995
T00055	4	5	4	5	5	5	5	5	5	3	1	0.7912232169282968
T00056	3	1	3	2	5	4	2	4	3	2	1	-0.4910148778106935
T00057	4	1	5	2	3	4	2	4	4	3	1	-0.3502639262581172
T00058	4	2	3	4	4	4	2	4	2	1	1	-1.4064308628823845
T00059	3	5	5	4	5	5	5	5	4	2	2	1.115140108234543
T00060	4	1	4	2	4	5	3	4	2	4	1	0.28571299216873836
T00061	5	2	2	2	2	3	4	3	3	2	1	-0.46270674603617534
T00062	5	4	5	3	3	5	4	5	4	5	2	1.4499655937030198
T00063	5	4	2	4	3	4	3	4	5	2	1	0.10860136123512701
T00064	2	5	3	2	4	4	1	2	4	2	1	-1.1997720430486731
T00065	5	4	4	4	5	2	5	4	5	2	1	0.28033519524461
T00066	4	1	4	3	4	5	4	2	3	3	1	-1.5452959460247517
T00067	5	3	3	2	4	4	4	4	5	2	1	0.34448353633018447
T00068	5	5	4	3	5	0	3	5	5	5	2	-0.5213659656970202
T00069	3	1	1	2	3	0	4	1	2	1	1	-0.15729902518546357
T00070	4	2	4	2	4	5	4	4	2	4	1	-0.3641798353872597
T00071	4	2	4	3	3	5	4	3	4	1	2	0.45875301942108176
T00072	4	5	5	5	4	4	4	4	4	2	2	-0.24688875105473562
T00073	5	5	5	2	5	5	4	4	5	5	2	0.8343653753420132
T00074	4	2	5	5	4	5	5	3	5	4	2	0.5405944562285029
T00075	4	1	0	1	4	2	4	4	3	1	1	0.5093572082936852
T00076	5	4	4	4	3	5	4	5	4	5	2	0.31183822314257365
T00077	4	4	3	2	4	4	3	2	3	2	1	0.5994436126820673
T00078	4	4	2	4	4	4	4	3	5	2	1	-0.23954598056734022
T00079	4	4	4	1	4	4	4	3	4	2	1	0.6984773193434235
T00080	1	2	2	1	2	4	1	3	1	1	1	-1.7987426828630948
T00081	4	2	4	2	4	4	4	3	3	2	1	0.48200490760084846
T00082	5	5	4	4	4	5	4	5	5	4	2	0.6175442741094695
T00083	5	4	2	2	4	5	4	2	4	4	2	-0.08764017508338728
T00084	3	2	1	2	3	5	5	3	2	1	1	0.13037254494334208
T00085	4	3	5	4	4	4	3	4	4	1	1	0.770602348468608
T00086	5	5	4	4	3	5	4	3	2	4	1	-0.8649964226753217
T00087	4	3	4	1	2	2	4	2	2	1	1	-1.2027919469283679
T00088	4	2	1	5	3	4	5	3	5	2	1	0.28474958099656467
T00089	4	3	5	4	5	5	4	5	4	5	2	0.9895209947409691
T00090	4	1	5	3	3	4	4	5	5	3	2	-0.7310262560156684
T00091	4	3	2	3	2	4	4	2	2	2	1	0.8208950776726739
T00092	5	2	5	4	4	4	4	4	4	2	1	-0.6118934762806829
T00093	5	4	5	2	4	4	5	4	5	4	2	0.5400652824096146
T00094	4	2	4	5	5	5	3	4	5	4	2	0.39010287106562874
T00095	2	2	5	2	4	5	5	5	3	2	2	0.3984336978032133
T00096	5	4	4	5	5	4	5	5	5	5	2	1.0572308803919586
T00097	5	4	5	2	0	5	4	4	5	2	1	0.273462625797229
T00098	4	4	5	5	4	5	5	5	5	3	1	0.3832458840250233
T00099	4	3	1	2	2	5	5	2	4	5	1	-0.21315624657414034
T00100	5	4	5	5	5	4	4	5	4	4	2	1.1359204988620681
T00101	5	5	4	3	4	3	3	4	4	4	1	-0.7226515978012027
T00102	5	5	5	5	5	5	5	5	5	0	2	0.9898634732380516
T00103	4	1	4	3	2	4	4	2	5	2	2	-0.11159986516791914
T00104	2	4	2	3	3	2	4	4	3	2	1	-1.0702961422741
T00105	5	2	4	2	4	4	4	3	5	2	1	-0.41909571744437824
T00106	5	5	4	4	4	5	5	5	4	5	1	0.3182523034066291
T00107	4	2	5	3	4	5	4	4	5	2	1	-0.7568189546120145
T00108	4	1	3	5	4	5	5	4	2	2	1	0.2846383642317522
T00109	4	1	4	1	2	4	5	3	5	4	1	0.09017363928344063
T00110	5	5	5	3	5	5	5	5	5	4	1	1.2859936256396616
T00111	4	5	4	5	4	3	5	5	5	3	2	1.6749658429359324
T00112	4	5	5	2	3	2	5	2	3	3	2	0.22311059605415934
T00113	5	1	2	4	2	4	2	2	2	4	1	-0.77161111313072
T00114	5	4	4	4	2	5	4	4	4	4	2	1.23477260513698
T00115	5	5	4	5	4	4	4	4	5	4	2	0.8170796463668072
T00116	3	2	2	2	3	5	2	4	3	1	2	-0.1729948927090684
T00117	5	4	4	5	5	5	5	5	5	5	1	0.47989209385724835
T00118	5	4	4	4	4	5	4	2	5	4	2	2.192613285699185
T00119	5	5	4	5	5	5	4	4	5	5	2	0.9818591263871742
T00120	5	5	5	4	3	4	5	5	5	4	1	1.5751193486593826
T00121	5	5	5	5	5	5	5	5	4	3	2	2.867191138297751
T00122	4	2	2	2	4	4	4	4	2	2	1	0.3093976434379297
T00123	4	1	1	1	4	3	1	2	4	2	1	-0.9062611200299565
T00124	5	2	5	4	5	5	4	4	5	3	1	-0.15801926953092282
T00125	5	5	5	3	5	5	5	4	5	2	2	0.25749936624205505
T00126	4	2	4	5	5	3	4	4	5	3	1	0.22619614609285285
T00127	4	4	1	4	3	5	4	2	5	1	1	-0.6353655144889526
T00128	4	3	1	4	2	4	5	4	5	4	2	-0.27128431871705805
T00129	4	4	5	4	5	5	4	5	5	4	1	-0.16241095415708798
T00130	5	5	2	5	4	4	4	4	5	2	1	-0.3299220173610802
T00131	5	5	4	4	4	5	4	5	5	5	2	0.25012126927175904
T00132	2	2	3	1	2	4	1	1	3	0	1	-1.0114414239112524
T00133	4	5	5	5	4	5	5	5	3	4	2	0.6347312814495272
T00134	5	4	5	4	5	5	4	5	2	5	1	1.7887705232614612
T00135	2	3	2	1	1	5	2	2	1	2	2	1.5707794727147355
T00136	3	4	4	2	2	4	3	2	5	2	1	-0.9861765374630094
T00137	4	5	4	1	4	4	4	4	4	4	1	0.25142934316098814
T00138	4	4	5	4	4	5	4	2	4	4	1	-0.14070163897111784
T00139	5	3	5	4	3	4	4	4	4	2	2	1.9144478860850023
T00140	4	5	5	3	4	5	5	5	5	5	1	-0.26063778627427026
T00141	3	3	2	2	2	3	3	1	1	4	1	0.12056212500469005
T00142	5	5	4	5	2	5	5	4	5	3	2	-0.18212315083026342
T00143	4	4	5	4	4	4	5	5	4	2	2	0.3582574555980369
T00144	2	2	2	2	1	3	4	1	2	1	1	-0.9103915665926676
T00145	5	2	3	1	4	5	3	4	4	2	1	0.10625809342143927
T00146	5	3	4	3	4	5	4	2	5	2	2	0.44573356386028823
T00147	4	4	5	3	4	5	4	5	4	4	1	-0.24612158174818294
T00148	1	1	2	2	2	4	4	3	2	1	1	0.023114452179142653
T00149	4	2	4	4	4	4	4	2	4	2	1	0.034205169968826485
T00150	5	0	4	5	5	4	5	4	5	4	2	0.9165701007822932
T00151	5	3	0	2	2	4	4	4	5	2	1	-0.5738789694065236
T00152	3	4	2	4	4	4	5	5	5	2	2	1.9082789352763325
T00153	4	5	4	2	4	5	4	5	4	4	2	0.31133402326425597
T00154	4	5	4	5	4	4	2	5	5	4	2	-0.2465409535778812
T00155	4	2	3	4	4	4	2	4	4	3	1	-0.9663442580231398
T00156	4	4	2	2	4	5	5	2	4	1	1	-0.2827537336121808
T00157	2	1	3	3	2	4	2	3	2	3	2	-0.03364743970807571
T00158	4	2	3	3	3	5	2	3	5	1	1	1.0618318679293144
T00159	4	5	5	5	3	5	4	5	4	5	1	1.2285149095582084
T00160	5	5	5	4	4	5	4	5	4	5	2	0.4893995510029416
T00161	5	4	5	2	4	2	3	5	4	3	1	0.6070074987574443
T00162	2	3	4	1	2	4	2	2	2	1	1	-0.7736681440123885
T00163	4	4	4	2	3	4	1	2	4	5	1	0.4102064443215079
T00164	3	2	4	1	2	3	2	3	3	2	2	-1.0352136973785289
T00165	2	3	3	3	4	5	2	4	4	3	1	0.39438389510306693
T00166	3	3	3	2	4	5	3	4	2	2	1	-0.08544240897896509
T00167	4	0	2	4	4	4	3	4	4	1	1	-0.1210955589449926
T00168	5	4	4	4	5	2	5	3	5	0	2	-0.3998340809333376
T00169	3	3	1	2	1	5	2	3	1	1	1	0.020351828892283153
T00170	5	4	5	5	4	5	4	5	5	4	2	0.7242544880124421
T00171	5	5	5	4	5	5	5	5	5	4	2	1.6287693163266441
T00172	1	1	1	2	3	0	3	3	5	1	1	-0.08718110436000776
T00173	4	2	2	2	3	3	2	2	5	2	1	-1.0236928717594092
T00174	3	1	4	1	1	4	2	1	4	1	1	-0.3926752894790184
T00175	5	4	5	5	4	5	5	5	5	4	2	1.6235275546332524
T00176	4	3	4	4	2	4	4	3	5	2	1	0.5052354744378399
T00177	4	3	3	3	5	5	4	1	4	1	1	-0.8685365167201766
T00178	4	4	5	5	4	5	4	5	0	0	1	-0.8324355607613783
T00179	5	4	3	5	4	5	4	4	5	5	1	0.6189247983868345
T00180	3	1	3	2	4	3	4	4	5	2	1	-0.4890953204128267
T00181	5	5	5	5	5	5	5	5	5	5	2	0.2549746339007215
T00182	0	5	4	2	5	5	5	4	4	5	2	1.964981098945755
T00183	4	1	2	4	5	4	2	2	4	2	1	-0.6917285377452069
T00184	5	5	5	5	5	5	5	5	5	5	1	0.7542599449202866
T00185	5	5	4	2	3	5	4	4	5	5	2	0.09106114519227598
T00186	5	5	5	3	5	5	5	5	5	5	2	1.7485701581872994
T00187	4	3	3	4	5	5	4	3	5	2	1	0.05601902712022931
T00188	3	5	2	1	4	4	4	3	4	1	2	0.8441069089448832
T00189	5	4	4	5	5	5	4	4	4	5	2	0.35633496814435794
T00190	2	5	4	5	5	5	5	3	5	5	2	1.3327276116000364
T00191	4	0	5	4	4	4	4	4	3	1	1	0.211146933740137
T00192	5	1	1	3	4	5	5	1	5	4	1	0.08718819115583976
T00193	5	5	3	3	4	4	4	4	5	2	1	-0.2652129927211332
T00194	5	4	4	5	4	4	5	5	5	5	2	0.9722337443830418
T00195	3	5	4	2	4	5	4	3	5	5	1	-0.9565048995198195
T00196	5	5	5	5	4	4	5	5	5	5	2	1.6595715378403744
T00197	5	5	5	4	4	5	4	5	5	4	1	0.42512071953194785
T00198	2	4	2	3	2	5	4	4	4	2	2	0.8431317535311758
T00199	3	4	5	3	5	5	4	4	2	4	1	0.022971672040415926
T00200	5	3	4	4	3	5	4	2	4	3	1	-0.47850818311420196
T00201	5	5	5	5	5	5	3	5	5	1	2	0.12155390678147393
T00202	4	1	4	2	4	4	4	2	2	1	2	0.810759721816527
T00203	5	5	4	3	5	4	4	4	5	3	2	-0.22309263239660482
T00204	5	3	4	4	3	5	4	5	3	2	2	2.2596554011735814
T00205	2	1	1	2	1	3	2	1	3	1	1	-0.7863893923497178
T00206	4	2	1	3	2	1	3	4	3	2	2	0.4859579002541129
T00207	4	3	4	2	4	4	3	2	5	2	2	0.7397740591720734
T00208	5	5	5	3	4	5	4	4	5	5	1	-0.4542770479859425
T00209	4	3	4	2	5	5	3	4	4	2	2	-1.3998742784746767
T00210	4	5	4	2	4	5	4	5	4	3	1	-0.47623318745819077
T00211	5	4	5	4	5	4	3	4	4	3	2	1.181545736483956
T00212	5	5	5	5	4	4	5	5	5	4	2	2.5165131777081102
T00213	5	5	5	5	4	4	4	3	5	2	2	0.38378826956035633
T00214	5	3	5	5	3	5	4	4	4	5	2	-0.12287017122246502
T00215	5	5	5	3	5	5	5	3	5	5	2	0.4939361000492126
T00216	5	4	5	4	4	5	4	4	4	4	1	1.168033658444577
T00217	4	3	5	1	3	4	4	5	4	2	2	1.585773103449665
T00218	4	3	5	1	3	5	2	2	4	1	1	-0.15302632121385984
T00219	5	2	4	4	5	4	5	4	5	2	1	1.8061921453284966
T00220	5	4	4	3	4	4	5	4	3	4	1	-0.27188272700427973
T00221	5	5	5	4	4	5	4	5	5	2	2	0.9484163106653073
T00222	4	4	2	5	2	3	4	2	4	2	1	-1.5259546692876187
T00223	5	5	5	5	5	5	5	5	5	5	2	2.8118978359581535
T00224	5	5	5	5	4	5	4	5	4	3	2	0.311197826210376
T00225	5	4	4	2	5	2	2	4	2	2	1	-1.0368993832970343
T00226	5	5	5	4	5	5	5	5	5	5	2	0.7068561712337693
T00227	4	1	5	4	3	4	4	1	4	4	2	0.6034247347714908
T00228	5	4	4	4	5	0	2	5	4	2	2	-0.18613403563679398
T00229	5	5	5	5	5	4	4	5	5	3	2	0.7700356900065594
T00230	2	2	1	2	2	2	1	2	4	1	1	0.10587207381220032
T00231	5	1	3	2	2	3	2	3	3	1	1	-0.28929894104218534
T00232	5	4	4	5	5	4	5	5	4	5	1	1.0991452797751333
T00233	4	1	2	1	3	5	4	4	3	2	1	-0.10071976324689658
T00234	5	4	3	4	4	3	2	2	3	4	1	0.2638549276267287
T00235	4	2	1	1	2	4	2	2	4	1	1	0.24215047920796828
T00236	5	5	5	5	5	5	5	5	0	2	2	1.9924156456033346
T00237	3	3	2	4	2	5	1	4	4	2	2	-1.1134445412967113
T00238	5	5	5	4	5	5	4	4	5	4	2	1.2004181864964023
T00239	3	1	2	2	1	4	3	1	2	2	1	-0.6452866495840186
T00240	2	2	4	3	4	1	2	2	3	2	1	-0.886248238514155
T00241	2	2	4	2	2	4	2	4	3	1	1	-0.5645140626886428
T00242	4	5	4	5	5	5	4	2	5	4	2	0.5588707166897482
T00243	5	2	2	2	0	4	4	4	4	2	1	0.3344832320901308
T00244	5	2	3	2	4	4	4	4	5	1	2	0.7790121522493991
T00245	3	4	5	4	5	4	3	4	4	2	1	-0.4715315661954205
T00246	4	4	4	4	4	4	4	4	2	4	2	1.3106772439912282
T00247	0	4	5	3	4	5	5	5	5	3	1	1.1475529365286752
T00248	1	2	2	3	2	2	4	2	2	4	1	1.2497332427178762
T00249	4	4	4	3	4	5	4	2	4	5	2	0.432829576674127
T00250	5	1	5	4	5	5	3	4	4	5	2	0.6636281130041131
T00251	4	4	5	4	4	2	4	4	5	4	2	0.16554411003986008
T00252	1	1	2	2	3	1	3	1	2	1	1	-0.7039771337729079
T00253	3	2	2	2	4	4	4	1	1	2	1	-0.46020396913272704
T00254	3	4	4	5	4	4	2	4	4	1	1	-0.0457587613414171
T00255	5	4	4	2	5	4	4	3	5	3	1	1.1068919172293197
T00256	4	4	5	4	5	4	5	4	4	1	2	0.86844974702479
T00257	4	4	3	2	3	5	4	2	4	5	1	0.5648356883395708
T00258	5	2	5	4	4	4	4	5	4	3	1	-0.6331042597810973
T00259	4	5	5	2	5	4	5	5	4	4	2	-0.09233849469846067
T00260	4	4	5	2	4	5	5	5	3	5	2	1.8535862034539545
T00261	5	2	4	2	2	4	4	1	0	1	1	0.8891379386543381
T00262	1	2	2	2	1	4	4	1	1	1	1	-0.031527524452700684
T00263	5	4	4	5	3	5	5	4	5	5	1	1.2309959948537281
T00264	4	4	5	0	4	5	4	4	4	1	2	1.3448736291602685
T00265	5	5	5	4	5	5	5	4	5	5	1	1.1361250858840206
T00266	4	4	5	4	2	5	4	2	2	2	1	0.03544527685360499
T00267	4	1	3	1	2	4	3	2	4	1	2	-0.043547304585006344
T00268	5	4	4	4	5	4	4	3	4	3	2	0.7113120122636292
T00269	4	4	2	3	5	4	2	2	4	1	2	-0.5364931565482567
T00270	5	5	5	5	3	5	5	4	5	2	1	0.9899959502714251
T00271	2	2	4	3	5	5	2	4	4	2	1	-0.37020906963908323
T00272	3	4	2	4	2	5	2	2	4	4	2	-0.12351129328804633
T00273	5	5	3	4	4	5	5	4	4	1	2	1.2036888639320282
T00274	4	4	5	2	4	5	5	5	3	3	2	0.83547407542891
T00275	3	4	4	2	4	3	2	3	3	1	1	-0.6172813505605173
T00276	5	5	5	4	5	4	4	5	4	4	2	1.0835694908977431
T00277	4	4	5	5	4	5	0	5	3	5	2	2.344035360488254
T00278	5	5	4	5	5	3	5	4	5	5	2	1.2006141419540783
T00279	5	3	5	5	4	5	4	2	5	4	2	0.9026096412675918
T00280	4	2	2	4	4	3	4	2	4	1	1	-0.35979557280264274
T00281	4	3	5	3	4	4	5	5	4	2	2	0.5636424365847827
T00282	5	4	5	4	4	5	4	4	4	4	2	-0.8257559823668401
T00283	4	2	2	2	3	5	3	1	3	1	1	-0.08995782004563607
T00284	5	5	4	3	5	5	2	0	5	2	1	0.23510585322609037
T00285	2	2	1	3	2	3	2	4	4	3	1	-0.8674218239759961
T00286	5	5	5	4	4	4	5	4	5	5	2	-0.6358801389571347
T00287	3	2	3	3	3	3	2	2	4	2	2	-0.5733240223654401
T00288	5	1	5	4	4	3	2	2	4	0	1	-0.10009878097957853
T00289	5	5	5	0	4	4	4	4	5	4	1	0.5099069533487643
T00290	4	4	4	2	4	4	4	4	0	4	1	0.12081114906629112
T00291	2	1	2	1	2	4	2	2	4	1	1	-0.6293363149355125
T00292	4	4	4	2	2	4	2	1	3	0	1	-0.6097875030322188
T00293	3	5	5	4	5	5	4	5	5	2	1	0.6435413119278579
T00294	5	5	5	5	5	5	5	5	5	5	2	1.336146344418232
T00295	2	2	4	2	2	0	1	2	4	1	1	-1.8720375290169198
T00296	3	4	0	4	3	5	5	4	5	2	2	0.16859709714121196
T00297	5	2	0	5	0	3	3	3	2	2	1	-0.46981301127057695
T00298	3	5	2	2	4	3	4	4	5	4	1	0.4555702071281474
T00299	5	2	4	3	2	5	3	4	5	3	2	-0.4111209923007367
T00300	4	5	4	2	4	5	3	5	4	5	1	0.0012536106016351328
T00301	3	2	1	2	2	4	2	2	3	1	1	-0.04872097342660836
T00302	5	5	5	5	5	5	5	5	5	5	2	1.0511720661219783
T00303	3	4	5	3	4	5	4	3	4	3	1	0.1448708098731593
T00304	4	2	1	3	1	4	3	5	2	3	1	0.5647882250762155
T00305	4	2	3	2	2	3	5	2	4	2	2	0.2502134557712796
T00306	5	5	4	2	4	5	4	3	5	3	2	0.7081158963298817
T00307	5	2	5	5	4	4	4	2	5	3	1	-0.11782472139869346
T00308	5	5	4	2	4	5	5	5	4	3	2	0.30663258154626316
T00309	5	5	4	2	2	5	4	4	5	4	1	0.5193744191417389
T00310	5	4	3	4	5	5	5	5	5	3	1	0.4380819203711346
T00311	5	5	4	5	5	5	5	4	5	3	1	0.19645237267918547
T00312	4	4	5	5	3	5	4	4	5	2	1	0.5750502233013544
T00313	4	1	4	4	4	4	5	4	3	3	2	1.478920586419898
T00314	4	2	4	2	5	4	4	2	2	2	2	0.7033692830625687
T00315	5	5	5	3	5	5	4	3	5	2	2	-0.06221496308544572
T00316	5	1	4	3	3	5	2	3	1	2	2	0.12376344639343409
T00317	4	5	5	5	4	5	4	5	4	5	2	0.12429206683791605
T00318	0	2	5	2	1	2	2	1	3	2	1	-0.5760652680242396
T00319	5	4	2	4	4	5	4	2	2	3	1	-0.7433917868713956
T00320	4	4	4	3	4	4	2	4	3	4	2	-0.03536199893591335
T00321	4	1	2	2	3	4	4	2	5	2	1	0.28111361632330617
T00322	5	5	5	5	5	5	4	5	5	4	2	0.8004746645041618
T00323	3	2	3	2	3	4	2	3	4	3	1	-0.8405402022501987
T00324	4	1	4	1	4	3	2	3	4	2	2	0.7483779702682776
T00325	4	4	4	2	5	5	5	4	5	2	1	0.8660303100754478
T00326	2	1	1	1	1	1	1	1	1	1	2	0.0020446538417887017
T00327	4	5	5	4	5	4	5	4	4	3	2	1.2708292047434329
T00328	5	4	4	4	4	3	4	4	4	1	1	0.258208731251176
T00329	5	5	5	5	5	5	3	5	5	4	2	1.0076596019262238
T00330	5	4	5	4	5	5	5	4	4	5	2	0.7782537969490633
T00331	4	5	4	2	1	4	1	4	3	2	1	-0.5202520944068527
T00332	4	4	4	2	3	4	3	4	3	4	1	1.1858404221534413
T00333	4	2	4	2	2	5	4	3	4	4	2	0.9110238624570404
T00334	5	5	4	4	3	5	5	4	5	2	2	1.467064422804914
T00335	3	4	5	1	3	4	4	5	5	4	1	-0.32619345215045065
T00336	2	4	2	2	4	4	4	5	4	1	2	0.3632413599195927
T00337	4	4	4	5	4	5	4	5	5	3	1	1.0531235064817406
T00338	4	3	3	5	4	5	4	2	4	2	1	1.1620737344425902
T00339	5	4	3	2	5	5	5	5	5	5	2	1.2621284006790834
T00340	2	3	1	1	3	4	4	0	3	1	1	0.030317972216762547
T00341	5	4	5	5	5	5	5	5	5	5	2	0.565283343146375
T00342	4	3	4	2	5	4	5	2	3	2	2	1.5040617988213318
T00343	4	5	5	4	2	4	4	5	4	2	2	0.11804018492103086
T00344	5	4	0	0	4	2	5	4	5	2	1	0.426575406361683
T00345	4	5	4	5	5	5	4	5	4	2	1	-0.46226800968773385
T00346	3	4	4	2	5	3	5	4	3	5	2	0.5529823303849571
T00347	5	3	2	3	3	4	5	3	5	3	1	0.1443093143080531
T00348	5	3	4	4	5	0	5	5	4	3	2	0.9729847723565893
T00349	5	5	4	4	5	5	5	5	4	5	2	0.7474566219070287
T00350	5	3	5	4	5	4	4	3	4	2	1	0.3162597243882729
T00351	4	5	5	2	2	3	4	3	5	1	1	-0.982703064937406
T00352	5	4	5	2	2	4	4	4	3	3	2	0.8308460035661748
T00353	5	2	5	2	2	4	4	3	3	2	2	0.6306578353179559
T00354	1	4	2	4	1	4	1	2	2	2	1	-1.509607530911817
T00355	2	4	5	1	2	4	4	2	3	2	2	0.5633140070432799
T00356	4	3	4	3	3	0	2	4	4	3	1	0.7884444657505428
T00357	2	2	5	2	4	5	3	2	4	2	1	-0.7716054246757096
T00358	5	4	2	2	4	5	3	5	4	2	2	-0.1420542658729031
T00359	5	4	4	5	3	5	4	5	4	5	2	0.2229343780952847
T00360	5	4	3	4	5	3	4	3	5	4	2	0.6140004788369964
T00361	5	4	4	5	5	4	5	5	4	3	2	0.3383167376947569
T00362	4	5	5	4	2	3	4	5	4	4	1	0.171300812128662
T00363	5	5	3	4	5	4	5	4	4	3	1	1.2919353606718476
T00364	2	4	4	1	3	5	4	2	2	2	2	1.4129975118337113
T00365	5	3	5	4	2	5	4	5	4	4	2	-0.2685290335479871
T00366	5	4	5	5	4	4	4	4	5	5	2	0.8619923846794149
T00367	4	1	5	3	5	3	3	2	4	2	1	0.427974991643266
T00368	2	1	2	2	2	4	3	1	5	1	1	-0.7308806840146147
T00369	3	1	5	1	1	4	3	2	3	1	2	-0.24538835468868567
T00370	5	4	5	3	4	4	4	5	4	4	1	0.2356394303432106
T00371	4	5	4	3	4	4	4	5	5	5	1	0.5196558597140386
T00372	5	4	5	3	5	5	4	5	5	5	1	-0.10060214632021802
T00373	5	2	3	5	5	5	4	4	4	2	2	0.36888767138574796
T00374	3	2	4	4	3	5	5	3	4	2	2	-0.009258490916240647
T00375	4	4	3	3	5	4	2	2	0	5	1	-1.0463746221915493
T00376	4	2	2	4	2	4	4	4	4	4	1	-1.0975286714015802
T00377	4	4	2	2	0	4	4	3	4	2	2	0.23486754038591537
T00378	5	3	3	3	4	3	4	5	5	4	1	-0.2402466309536992
T00379	5	5	5	5	5	5	5	5	5	5	2	1.65505752903114
T00380	5	3	4	2	2	5	4	4	3	1	2	1.174076094212285
T00381	5	5	2	4	4	4	5	4	5	2	1	1.0015505988490856
T00382	5	4	5	5	5	5	5	5	5	5	2	0.7188377324254441
T00383	3	1	4	3	3	5	2	3	1	4	2	-0.5661482378457772
T00384	2	4	4	4	4	5	3	2	4	3	1	-1.8342178756500978
T00385	5	5	4	2	5	4	4	4	4	2	2	0.23554265415616604
T00386	2	3	4	2	2	4	4	3	2	1	1	-0.9401131638847301
T00387	1	2	2	1	1	2	1	1	2	3	1	-1.3206797778802328
T00388	5	5	5	4	4	5	4	5	4	3	1	0.7041904740776679
T00389	3	4	3	4	3	4	4	4	0	4	1	0.7375107637353524
T00390	3	4	4	3	2	4	4	4	5	2	1	-0.9150556818801067
T00391	5	5	5	5	4	5	5	5	5	3	2	1.3314633203651083
T00392	5	5	5	3	5	4	5	4	4	4	1	-0.0613764519122143
T00393	2	3	4	2	4	4	1	2	4	4	2	0.421396665159978
T00394	4	5	5	3	5	4	5	5	5	5	2	0.19821564617658827
T00395	4	1	2	2	4	5	2	2	3	1	1	0.06489918356897262
T00396	4	4	0	4	0	0	4	4	4	3	2	-0.21570651486779113
T00397	5	2	4	4	3	4	3	4	5	4	2	1.5292009996591251
T00398	3	1	4	5	4	5	3	4	5	2	2	0.019019604027003367
T00399	5	4	0	3	5	4	4	4	5	2	1	0.45551291546889994
T00400	3	4	3	3	2	5	4	4	5	4	2	0.20573729115984052
T00401	5	5	5	5	5	5	4	3	3	5	1	1.0949701829767262
T00402	4	2	4	3	4	3	4	3	5	3	2	0.27803265699377017
T00403	5	4	5	4	4	4	5	4	5	2	2	2.0548519268090253
T00404	5	4	5	5	4	5	4	4	4	0	2	1.1366663795564698
T00405	4	3	3	4	2	5	4	5	4	2	2	0.6304009390625996
T00406	5	4	4	4	5	5	5	5	5	2	2	1.0804548215107284
T00407	3	4	4	5	4	4	4	4	3	3	2	-0.07345354839630347
T00408	5	1	2	2	2	4	3	2	4	1	1	-0.32627400648710264
T00409	5	5	5	5	4	5	5	5	5	4	2	0.5757558238148668
T00410	1	3	2	2	4	4	3	2	5	3	1	-1.107619322615816
T00411	4	5	4	2	4	3	2	3	2	3	2	0.08998654852692983
T00412	5	1	2	1	2	4	2	1	2	2	1	-0.4788939453885185
T00413	5	2	4	2	2	2	3	3	4	2	2	-0.7740053725354649
T00414	5	3	5	1	2	4	4	4	5	4	1	0.5441111576610063
T00415	3	5	4	3	2	4	4	4	4	2	2	0.806267781436061
T00416	4	4	4	4	5	2	4	2	0	2	2	-0.07240407296401458
T00417	5	5	5	3	5	5	5	5	5	5	2	0.7765117918556386
T00418	3	4	4	4	4	3	5	4	5	4	2	0.9146497090473569
T00419	3	1	2	1	1	5	2	2	3	1	1	-1.3016977304558686
T00420	5	5	2	4	4	5	5	5	5	0	2	1.5666457465426828
T00421	5	4	4	2	5	5	5	4	4	2	2	1.4016548561097673
T00422	0	3	4	4	4	5	4	4	5	2	2	0.1180255891115129
T00423	3	4	4	4	2	2	3	2	4	4	1	-0.6222949968650355
T00424	3	5	4	4	3	4	4	3	4	3	1	0.6928107252182212
T00425	5	1	2	3	2	4	2	5	3	4	1	-0.33499707668387535
T00426	5	5	4	5	3	5	4	4	5	2	2	1.1471072031881326
T00427	3	2	5	2	4	5	4	5	2	1	1	-0.32353594557897686
T00428	4	4	5	4	3	5	4	5	5	2	1	0.5344631887534976
T00429	5	2	5	2	5	4	4	3	4	2	2	0.18572848763469169
T00430	3	5	4	3	5	4	4	4	4	4	1	-0.2283040773062657
T00431	2	2	4	2	4	4	1	2	3	4	1	-0.14247045966497596
T00432	4	3	4	1	4	3	5	4	5	0	2	0.8383037242192626
T00433	5	5	5	4	4	5	4	4	4	5	2	0.5806747780065115
T00434	4	5	4	5	5	4	5	5	5	5	1	1.8421778660004777
T00435	2	1	2	1	2	3	1	2	1	1	1	-1.1645796927157894
T00436	2	1	2	1	2	2	2	1	2	1	1	-0.3231519666314826
T00437	4	3	2	2	2	4	4	2	4	2	1	-1.6746134620418236
T00438	2	2	2	2	3	3	4	2	4	1	2	0.2026239430108946
T00439	4	4	4	2	2	5	3	2	4	2	1	-0.020727995807433203
T00440	5	4	5	5	5	5	5	5	5	4	2	0.9774122263481335
T00441	5	3	4	3	4	5	3	4	5	2	2	-1.0840648165445999
T00442	3	4	5	4	4	5	5	2	4	1	1	1.5513329090440688
T00443	1	2	5	2	2	5	4	4	2	2	1	-0.11918406841021015
T00444	3	5	4	2	2	4	3	2	4	2	2	0.2330670794369029
T00445	4	2	1	4	3	5	4	2	4	3	1	0.4021124081351089
T00446	5	2	4	2	3	4	4	4	5	2	1	0.5899344349060762
T00447	4	3	5	4	4	5	4	5	5	4	2	2.1707049170250543
T00448	5	4	5	3	5	5	4	5	5	4	2	1.6690052069713217
T00449	3	2	2	3	2	4	4	2	5	4	2	0.7539791530430651
T00450	4	5	4	4	4	4	4	3	5	4	1	-0.1372760883351576
T00451	4	2	5	3	3	3	4	3	5	2	2	0.3398722535020641
T00452	5	5	5	5	5	5	5	5	5	5	2	1.6467980004402338
T00453	5	2	4	4	5	5	5	5	5	4	2	0.7241374313324177
T00454	4	4	3	1	2	3	3	2	1	1	2	0.18316259912114558
T00455	5	2	5	2	5	5	4	4	5	1	2	1.296064703425932
T00456	4	5	4	4	5	3	4	5	5	5	2	1.0893991794570117
T00457	5	4	4	3	4	5	5	3	4	2	2	0.8659013272195076
T00458	5	4	5	2	4	5	4	5	4	2	1	0.5050597916329037
T00459	2	4	4	3	3	5	5	3	5	2	1	1.0551798231027596
T00460	5	5	5	4	4	5	5	5	4	5	1	0.14240077626022501
T00461	4	2	4	1	2	4	2	2	2	1	1	0.20443991907635384
T00462	2	1	2	1	2	2	2	2	1	1	1	0.345146291991026
T00463	4	2	3	4	4	5	5	5	5	2	2	0.7581185627048361
T00464	5	4	4	5	0	4	5	4	4	2	1	1.2008733885635872
T00465	4	4	5	3	5	5	4	5	5	3	2	0.6839014479498712
T00466	2	2	2	4	4	5	3	1	3	2	1	0.06442876949993764
T00467	3	5	4	3	2	5	2	4	4	3	2	-0.1178897472454517
T00468	5	5	4	5	5	5	5	5	5	4	2	0.39034567072674187
T00469	4	4	4	5	4	5	5	4	4	3	2	2.2297403531784763
T00470	5	5	0	4	5	5	5	5	5	0	2	2.1013754780695737
T00471	5	5	5	4	5	5	5	5	5	5	2	1.7874351572940406
T00472	1	2	1	2	2	3	1	1	2	2	1	-1.197889580065305
T00473	5	4	5	1	3	5	4	4	4	2	1	-0.4384450683129569
T00474	3	5	4	5	4	4	4	4	4	4	1	-0.9095737307148621
T00475	5	2	3	3	3	5	5	4	4	4	2	0.3479080520197855
T00476	3	1	3	2	4	4	4	3	5	5	1	-0.04286226540397982
T00477	3	4	4	5	4	4	4	5	4	4	1	0.7179254711369487
T00478	4	5	4	3	3	4	2	4	4	1	2	-1.116159894416347
T00479	2	4	1	4	2	3	2	0	4	4	1	-0.19629512132401422
T00480	4	5	5	5	4	4	5	5	5	4	2	0.12634334058676777
T00481	5	4	4	3	4	5	3	4	5	4	1	-0.1464270954721657
T00482	5	4	5	5	5	4	5	5	4	5	2	1.093463364752337
T00483	5	4	3	3	3	5	4	1	4	4	1	-0.7651625425342208
T00484	4	5	4	5	3	4	5	4	3	3	2	1.675951932927475
T00485	5	5	5	4	4	5	5	5	5	5	2	1.8654149487881315
T00486	4	4	3	1	4	5	2	2	3	1	1	-0.13427492075473413
T00487	3	3	4	2	4	4	1	4	4	2	1	-0.1842948165340949
T00488	4	3	4	5	4	5	4	4	3	2	2	-0.3847363998771737
T00489	2	3	1	2	4	5	5	3	4	2	1	0.5841053418885751
T00490	4	2	1	1	3	5	3	3	3	1	1	0.06998372342789197
T00491	4	4	5	2	5	5	3	2	0	4	2	0.821988889093916
T00492	5	5	4	4	4	5	4	1	4	2	2	0.0556905811031565
T00493	4	3	5	4	5	5	4	4	4	2	2	1.4149535987301332
T00494	4	0	5	5	4	5	5	5	5	4	1	0.47905682730664206
T00495	4	1	4	3	2	3	5	3	4	1	1	-0.39950700410438345
T00496	3	4	3	2	5	5	4	4	3	4	2	-0.24778477454884001
T00497	5	5	3	3	3	5	5	4	2	4	2	1.5555642285393014
T00498	5	5	5	0	4	5	5	5	4	5	1	1.0169258108673582
T00499	4	2	1	1	2	5	2	1	4	1	1	-0.27656600862871994
T00500	2	4	1	2	3	5	3	4	4	1	1	-0.5455646526008971
T00501	5	4	5	5	5	5	5	4	5	0	2	1.0414323839071167
T00502	4	1	3	5	5	5	2	3	5	1	1	0.6724553291213635
T00503	5	4	5	5	5	5	5	3	5	5	1	0.4305790864792813
T00504	4	4	4	4	5	5	5	4	4	2	2	0.3445083450586659
T00505	5	5	5	5	5	5	5	5	4	5	2	0.1938684666719208
T00506	4	0	3	2	3	3	2	3	3	3	1	0.2648008768525385
T00507	4	3	3	2	4	5	4	4	3	2	1	-0.25882078351029225
T00508	5	4	4	2	5	4	4	4	4	4	1	-0.08069246551455056
T00509	2	3	2	5	5	5	4	5	4	4	1	-0.1747896689216301
T00510	4	4	4	2	3	4	4	4	4	2	2	1.4854081975509612
T00511	4	4	4	2	3	4	4	4	3	3	1	0.23803755547987274
T00512	5	3	4	5	4	3	4	5	5	1	2	1.2274668042776604
T00513	4	3	4	4	2	5	4	4	5	5	2	-0.003943800002047415
T00514	5	5	4	2	5	5	4	4	5	4	2	0.261518979209691
T00515	5	3	4	0	0	5	5	5	4	2	2	0.6789942243721452
T00516	4	4	2	3	2	5	4	5	3	4	2	0.6217204911382017
T00517	2	2	1	1	1	5	2	1	4	2	2	0.0611201601399429
T00518	5	2	5	1	4	1	4	3	4	4	2	0.20456838514718995
T00519	5	4	4	4	4	5	4	5	4	1	1	0.46759155032132527
T00520	5	4	4	4	4	5	5	4	5	2	2	1.2143553458289915
T00521	5	5	5	5	4	5	3	2	5	2	1	0.28365365221333527
T00522	2	1	1	4	4	5	2	3	4	2	1	-0.5452724198103112
T00523	5	4	3	2	3	5	4	4	4	3	2	0.7723622654425986
T00524	5	3	5	3	4	5	5	2	4	4	2	0.5503462648510662
T00525	4	4	2	3	3	4	1	2	4	3	2	-0.7373858464267029
T00526	5	2	2	4	3	5	4	5	3	1	1	0.15528642836213397
T00527	3	2	4	2	2	5	1	2	2	2	1	-1.425042072114766
T00528	4	2	3	2	5	4	2	3	2	3	1	-0.526289502063468
T00529	5	5	5	5	5	5	5	5	5	5	2	1.895750545589311
T00530	4	0	5	2	5	4	2	4	2	1	2	-0.6419726695188637
T00531	5	5	4	4	2	4	4	4	4	1	2	0.8911543241951317
T00532	5	5	5	5	5	5	5	5	5	5	2	1.293002443386706
T00533	4	2	3	1	2	5	3	4	3	1	2	1.029766747007594
T00534	4	4	1	2	2	4	2	4	4	4	2	-0.39300979518614476
T00535	3	5	5	4	3	4	4	3	3	4	2	0.7090124264347994
T00536	4	5	4	2	4	5	4	4	4	4	1	0.24696228940388415
T00537	4	3	3	2	2	5	3	1	1	1	1	0.03306202142432657
T00538	2	1	4	3	4	5	3	4	4	1	1	-0.7295260281444548
T00539	5	5	5	4	4	5	5	4	4	5	1	0.6835203330145334
T00540	5	5	5	4	5	2	5	3	4	4	2	2.980812150008121
T00541	2	4	5	3	4	5	1	4	3	3	2	0.5194247630902229
T00542	4	3	3	4	2	5	4	2	4	3	1	1.2430722584272345
T00543	4	4	2	4	5	5	3	4	4	1	1	-0.6071471052027612
T00544	5	4	4	5	4	4	5	4	4	4	2	0.9527239051892888
T00545	3	1	3	2	3	4	5	4	5	2	2	0.47749724103521385
T00546	3	1	2	2	4	4	2	3	2	0	1	-0.3028417035310074
T00547	4	2	3	2	4	4	4	3	5	1	1	0.29054332736153676
T00548	5	4	4	2	4	4	4	5	4	4	2	1.2146809706283819
T00549	5	3	3	5	4	4	3	2	5	2	2	0.061611303996735534
T00550	3	2	2	1	2	5	2	1	5	1	1	-0.5657033104578097
T00551	5	5	5	5	4	5	5	5	5	4	2	1.9688850931287551
T00552	3	4	4	3	5	5	4	4	2	3	2	0.28717923012560653
T00553	5	5	5	2	5	4	4	4	5	4	2	0.14900393942989482
T00554	5	5	5	5	5	4	5	5	4	2	2	0.07002677509881794
T00555	3	0	4	2	3	4	5	5	4	4	1	0.7748703359647959
T00556	4	4	5	3	3	5	5	5	5	5	2	1.9024097709264032
T00557	4	4	5	2	4	5	4	5	5	4	1	0.016455568397064912
T00558	0	1	3	2	2	4	1	2	2	1	2	-0.7582337062460847
T00559	4	2	2	5	3	3	2	2	4	3	1	0.36758826576719406
T00560	4	3	3	3	1	3	3	3	5	4	1	-0.26491410441610347
T00561	4	3	2	2	4	5	5	4	5	4	1	0.9022717155685929
T00562	5	3	5	4	5	4	4	4	4	5	2	0.4710453118264989
T00563	4	3	4	3	2	5	4	4	4	2	2	0.22459786123102726
T00564	2	5	4	5	4	5	5	1	4	5	2	1.0159795006769352
T00565	4	1	5	2	5	2	3	1	5	2	1	-0.6218572628178383
T00566	4	4	5	3	4	5	5	5	4	2	2	1.2156191892054748
T00567	4	4	4	2	4	4	3	1	4	4	2	0.6516118555367718
T00568	5	5	5	5	4	5	5	5	5	3	2	0.6700635264973277
T00569	3	0	3	1	1	2	1	2	4	2	1	0.663055262019448
T00570	5	5	5	3	2	4	5	5	4	4	2	1.5200509088256768
T00571	5	3	4	4	2	5	3	4	4	1	2	0.5828965006609526
T00572	5	4	5	1	4	5	4	4	3	2	2	0.4111655191285479
T00573	5	5	4	5	4	5	5	4	4	5	2	2.9538923078253125
T00574	3	5	5	2	4	4	3	5	5	5	2	0.7088200660809651
T00575	4	4	3	3	4	3	5	2	5	4	1	-0.13855589739013718
T00576	4	3	2	4	3	5	2	2	5	4	1	-0.865597620978507
T00577	2	1	1	1	1	4	1	2	2	1	2	-0.3215229648136663
T00578	5	5	5	5	5	5	5	5	5	5	2	2.6698278533646036
T00579	4	1	1	2	2	1	2	4	4	2	1	-0.8565100941004715
T00580	5	4	5	5	5	5	5	5	5	5	2	2.319004897400415
T00581	5	5	5	4	4	5	5	5	5	5	2	1.6710367483677167
T00582	5	5	5	4	5	5	4	5	5	4	2	1.7004357913125538
T00583	4	1	4	3	1	4	3	2	4	1	1	-0.3687768399787821
T00584	5	4	3	4	2	3	4	4	3	5	1	1.4952158677714673
T00585	2	4	3	0	4	4	5	5	4	2	2	0.5744588334737141
T00586	3	4	1	2	2	0	2	2	3	2	2	0.10374264912966126
T00587	5	4	4	4	3	5	3	2	5	2	2	-1.4983224380652926
T00588	4	3	4	5	5	5	4	4	3	4	2	-0.7864741063249464
T00589	2	1	2	5	3	5	1	2	4	0	1	0.7317002958925235
T00590	4	2	1	1	4	4	2	1	4	3	1	-0.15678526810195142
T00591	3	1	2	3	3	5	4	3	4	1	1	-0.6155139224671388
T00592	5	4	4	5	5	5	5	4	5	4	2	0.6837846209084922
T00593	5	4	4	3	2	5	2	3	4	4	1	0.23501909710160157
T00594	5	5	5	4	5	5	4	5	5	5	2	1.2423246460498036
T00595	4	2	4	2	2	4	3	2	3	2	1	1.105936763638312
T00596	4	2	1	2	3	4	1	2	4	1	1	-0.2305483229155283
T00597	4	4	4	5	4	4	4	2	5	3	2	1.4384524570012076
T00598	5	5	5	5	5	5	5	4	4	5	2	1.0036192361648724
T00599	4	2	5	5	2	4	5	4	4	3	2	1.160007412801317
T00600	4	5	4	1	4	5	4	4	5	3	1	0.07399100302448669
T00601	5	5	5	5	5	5	5	4	4	5	2	2.002384695545548
T00602	4	3	3	2	2	4	2	1	5	4	2	-1.059293308857346
T00603	1	4	4	3	3	5	3	5	5	4	1	0.7212854842761629
T00604	4	4	4	3	0	4	5	3	4	4	2	1.6285831464526588
T00605	2	1	4	3	3	4	4	4	2	1	1	-0.23743388285228167
T00606	5	5	5	2	5	5	4	5	5	5	2	0.458162580972646
T00607	5	4	4	2	5	4	4	5	5	4	2	0.8915392013906966
T00608	4	3	4	3	4	5	3	2	2	1	1	-0.23116689292926104
T00609	3	4	0	4	3	3	4	2	5	2	2	-0.09813705387694788
T00610	2	2	4	2	4	4	4	2	4	3	1	0.13126938927069232
T00611	4	4	1	4	4	5	4	3	4	2	1	0.025846827038802367
T00612	4	1	4	3	4	2	2	3	2	2	1	-0.5489810598450431
T00613	2	3	1	1	2	4	4	2	1	4	2	0.4110678517287586
T00614	2	2	1	2	2	4	2	2	5	1	1	0.32858527116319675
T00615	4	5	4	3	5	5	4	2	2	5	1	0.27071849631235223
T00616	5	2	3	2	1	5	2	4	5	1	1	-0.6545583927210821
T00617	5	2	1	3	4	4	2	4	2	2	2	-0.1667425335124044
T00618	5	5	5	5	5	5	5	5	5	5	2	0.958186644009875
T00619	3	2	4	4	2	4	5	0	3	3	1	-0.2664319157674528
T00620	5	2	4	3	4	4	5	3	4	4	2	1.4330836228680406
T00621	3	1	3	2	3	4	3	1	1	2	1	-1.7123818892383076
T00622	4	0	1	2	4	4	3	2	4	2	1	-0.13129677389010264
T00623	5	3	3	3	4	4	5	3	5	1	2	0.505563057896627
T00624	5	4	4	4	5	2	3	5	5	1	1	1.7352075499329296
T00625	5	2	4	3	4	5	0	4	5	4	2	1.006231650278622
T00626	5	5	4	5	5	5	4	4	4	0	2	1.7736097316159007
T00627	4	1	4	2	3	4	5	5	4	1	1	1.7787473562000133
T00628	4	1	3	2	4	4	3	4	1	2	1	0.8805886833109237
T00629	4	4	3	3	4	4	5	3	4	1	1	-0.9442171407330631
T00630	5	4	5	0	2	4	4	3	4	5	1	0.32612406462614885
T00631	1	1	2	4	1	4	2	2	3	1	2	-2.2135499250843114
T00632	5	4	5	2	4	4	4	5	5	2	2	1.0488592909896082
T00633	5	4	4	1	4	4	4	2	5	1	2	1.4014930844083524
T00634	3	3	5	5	4	4	2	4	4	4	1	-0.31044402590735626
T00635	4	2	4	1	4	4	4	2	3	1	1	0.2722201471680107
T00636	5	4	5	2	5	5	4	4	4	4	2	0.633559916661784
T00637	5	5	4	4	5	5	5	4	5	5	1	0.7181471824938332
T00638	4	3	4	3	2	5	5	4	5	2	1	0.5585404437746733
T00639	5	5	5	4	5	4	5	5	5	4	2	2.052977978979948
T00640	5	3	4	5	4	4	4	3	5	2	1	0.45815893486303405
T00641	5	2	3	2	1	4	4	2	2	2	1	-1.8789147098898389
T00642	5	5	5	4	5	5	5	5	5	5	1	1.5666376556838553
T00643	4	3	4	5	4	4	5	3	4	5	1	0.03690832449933512
T00644	4	3	4	1	4	5	4	4	5	4	1	0.21939442336514525
T00645	5	5	5	5	5	5	5	5	5	4	2	1.21586423534739
T00646	2	3	2	2	2	3	2	4	1	2	1	-0.045354385448556744
T00647	4	4	5	5	3	5	4	2	3	2	2	1.2731014671686756
T00648	4	1	1	1	0	5	4	1	2	1	1	-1.1150835467095759
T00649	5	3	4	4	3	4	5	3	4	3	2	-0.09605084341835413
T00650	2	5	4	4	3	3	3	3	5	4	1	0.6197520046493401
T00651	5	2	5	3	5	4	4	5	4	3	2	0.7352171842902748
T00652	5	3	5	5	5	5	4	5	5	4	2	1.1454414793713485
T00653	1	1	2	1	2	3	2	1	2	2	1	-0.7397950548968454
T00654	5	4	4	3	5	4	3	2	4	4	2	0.327360952598869
T00655	4	4	2	2	4	2	4	4	5	4	1	-0.5371652679661357
T00656	5	3	4	3	2	4	4	5	4	4	2	-0.1033847387554312
T00657	2	2	3	0	1	4	0	3	4	1	1	-0.13598221032094987
T00658	4	3	4	2	5	5	2	4	3	3	1	0.17471002297979915
T00659	5	5	5	5	5	5	5	5	5	5	1	0.8732139142871509
T00660	0	1	4	4	3	4	4	4	5	3	1	0.9019985604421958
T00661	5	4	4	3	2	4	4	5	5	3	1	-0.08057680404269485
T00662	5	5	5	5	5	5	5	5	5	4	2	1.4568613915927047
T00663	4	2	5	5	5	5	3	1	4	4	2	0.4239158349768687
T00664	4	5	5	1	5	4	4	5	5	2	2	1.1154800436363628
T00665	5	1	3	4	4	4	3	5	5	3	1	-0.9095056550002747
T00666	5	4	3	4	3	5	3	4	4	5	2	1.608563053693271
T00667	3	2	2	4	3	5	3	3	3	1	1	-0.8856656372924742
T00668	4	5	5	5	2	5	4	5	4	4	1	0.4079371680607023
T00669	4	4	4	2	4	4	2	2	4	1	1	-1.226462334196266
T00670	3	1	4	2	1	3	4	3	2	2	1	-0.0976447941488551
T00671	2	3	5	5	5	4	4	5	5	3	2	0.8334908345531108
T00672	4	3	4	2	3	4	4	4	1	3	2	1.471414496828415
T00673	5	4	5	3	4	5	4	5	5	5	1	-0.9222274220416444
T00674	5	2	5	2	5	4	4	4	2	4	1	1.305344089690561
T00675	1	1	2	2	2	4	3	1	4	1	1	2.01265083826062
T00676	5	5	5	5	5	5	4	5	5	5	2	0.5257330700723956
T00677	4	2	4	5	5	5	5	2	2	4	2	0.941492288806827
T00678	5	5	5	5	5	5	5	0	5	5	2	1.5476023726140296
T00679	4	3	4	2	4	5	4	5	4	4	2	2.8971790583647623
T00680	4	5	5	4	5	5	4	5	5	5	1	-0.2466802994559505
T00681	5	5	5	5	5	0	4	5	5	5	2	1.0408935024245314
T00682	5	5	2	4	5	5	5	5	4	5	2	1.0624130046035791
T00683	4	2	5	2	2	4	3	2	2	2	1	-0.7249301419434975
T00684	5	4	2	4	4	4	4	3	4	4	2	-0.3079439561341771
T00685	5	2	4	4	4	5	4	4	5	1	2	0.47033076342514096
T00686	5	4	5	5	4	3	4	5	5	4	2	0.8197914291253793
T00687	2	3	1	1	3	3	4	2	4	2	1	0.08946880682297922
T00688	3	1	2	3	4	3	4	4	4	3	1	-0.1258531198746793
T00689	5	3	5	2	2	4	3	4	5	2	1	-1.0156896314988306
T00690	4	4	2	2	5	4	5	3	3	2	2	1.1652962933312527
T00691	4	2	4	2	2	3	4	2	2	2	2	-0.27667153837539826
T00692	5	5	4	5	4	5	4	3	5	4	2	2.3265041336911922
T00693	3	2	1	2	4	5	4	4	4	1	1	0.13216728692961316
T00694	4	3	3	2	4	4	3	2	3	2	1	-1.030489139979307
T00695	4	2	5	4	4	5	4	4	2	4	2	0.12948845966469918
T00696	5	4	5	5	4	4	5	5	4	3	2	1.9066068393091173
T00697	3	3	2	5	2	5	4	4	5	5	1	0.8568810846617123
T00698	5	5	4	5	5	5	4	5	4	4	2	-0.6659676880618689
T00699	5	5	4	5	4	2	4	5	5	4	2	0.7792230490166582
T00700	3	4	4	2	5	5	4	4	5	4	2	0.5427628541773315
T00701	2	1	2	3	3	5	2	1	4	1	1	-0.12955460736964974
T00702	2	2	1	2	1	5	2	2	1	1	1	0.5900967674634745
T00703	5	4	5	2	5	5	4	5	5	3	1	0.23083099185963685
T00704	5	3	4	3	5	4	3	4	5	5	2	0.2834526051123544
T00705	4	4	2	2	4	3	3	4	4	1	2	0.1373188243590651
T00706	4	4	5	3	4	5	4	5	3	2	1	0.5855112325811507
T00707	4	3	5	5	5	5	4	4	4	4	2	1.3381480142163678
T00708	4	4	5	5	5	5	4	4	3	2	2	0.6579201356278817
T00709	3	2	4	3	5	4	4	2	5	4	2	0.11725120866322963
T00710	5	2	5	4	5	4	4	5	5	4	1	0.02664925255897216
T00711	5	5	2	3	5	4	2	5	4	2	2	-0.6504565769570977
T00712	4	2	3	2	3	4	4	2	4	4	2	0.9761208454540908
T00713	5	4	2	4	4	4	3	2	4	3	1	0.7305143528235051
T00714	4	5	4	4	4	5	4	4	4	4	1	0.40594118336322504
T00715	5	5	5	5	5	5	5	5	5	4	1	1.8498215980770119
T00716	5	4	5	5	4	5	4	5	4	5	2	-0.01305635291650542
T00717	5	4	4	2	4	5	5	3	4	4	2	0.3750443681996344
T00718	5	4	4	2	3	4	4	3	5	2	1	0.7098386191955108
T00719	5	5	5	4	5	4	5	5	5	3	2	1.0587745225309408
T00720	4	4	4	2	5	5	2	1	5	2	1	-0.9661048077243215
T00721	5	5	4	2	5	5	5	5	5	4	2	1.8512287888620447
T00722	4	5	3	4	2	5	4	4	4	3	2	-0.21071198346151365
T00723	4	5	5	2	5	5	4	4	4	5	1	0.9236309676276553
T00724	2	2	3	1	2	3	2	1	0	1	1	-0.4727599692647767
T00725	2	4	4	5	5	5	4	4	2	3	2	-0.8029431247854185
T00726	2	4	5	4	4	4	2	4	5	4	2	-1.1411038888723637
T00727	5	4	3	5	2	5	4	2	4	2	1	-0.33242394896890587
T00728	4	4	3	2	2	4	4	2	5	1	2	0.1529595406352149
T00729	1	3	1	1	1	3	4	2	4	1	1	0.6636242701648947
T00730	4	4	4	2	1	3	3	2	5	2	1	-0.5652453025528417
T00731	4	4	4	4	5	5	4	5	5	5	1	-0.3442090787116435
T00732	5	1	2	3	5	5	4	2	4	4	1	-0.7914365358459423
T00733	2	2	2	4	5	4	4	4	2	2	1	0.2979803893157757
T00734	2	3	4	2	4	4	4	2	3	1	1	-0.82652976904726
T00735	5	4	4	3	5	5	2	2	5	1	2	0.6162344312798651
T00736	5	5	4	4	4	5	2	5	5	3	2	-0.13745309525110022
T00737	3	5	3	3	4	5	5	4	5	3	1	1.2675276489458738
T00738	2	5	4	4	2	3	2	4	5	4	1	0.8951917079837775
T00739	5	5	5	3	5	5	4	5	5	5	2	0.28764060085946286
T00740	4	4	4	2	5	5	4	3	5	4	1	1.1131812013647424
T00741	4	3	3	3	3	4	2	1	2	4	2	-0.1378884111292894
T00742	4	4	4	2	2	4	4	4	4	1	1	-1.33092337814367
T00743	4	4	2	2	4	5	5	3	4	5	1	0.5937017001910694
T00744	4	4	4	4	3	4	4	4	5	2	1	-0.43064219261626796
T00745	2	2	4	3	2	1	4	3	2	1	2	-0.23918291697437288
T00746	4	5	4	0	2	4	4	2	2	2	1	0.05351790369333992
T00747	5	5	4	4	3	5	5	4	4	3	2	0.026638596132355308
T00748	4	4	3	2	4	4	4	3	4	2	2	1.6810842991344737
T00749	4	4	3	2	2	4	3	2	2	4	2	-0.5629445426290318
T00750	0	5	2	4	2	2	4	5	4	5	2	0.4825340783914063
T00751	5	1	5	3	5	5	2	4	4	3	1	0.5325703410757447
T00752	4	4	4	1	4	4	5	4	4	4	2	0.9696852614404969
T00753	5	2	3	4	4	4	5	3	4	2	2	1.5545443813710853
T00754	5	2	5	4	5	5	4	5	5	5	2	1.5966430843269093
T00755	5	4	4	3	5	2	4	4	5	5	2	1.6175449350670563
T00756	5	4	3	5	3	5	5	3	3	2	2	0.4992555673384487
T00757	5	4	5	2	5	4	5	1	4	2	1	0.2973583666926844
T00758	4	3	2	1	2	4	2	3	2	1	2	0.38946146528482944
T00759	2	2	4	2	2	5	5	4	3	3	2	-0.09818539174642305
T00760	4	3	4	2	4	5	4	5	4	5	1	-0.16239664086077726
T00761	4	3	4	5	5	5	5	5	4	5	1	0.2074377200876486
T00762	3	3	5	4	4	5	3	4	0	1	1	0.5786871428258832
T00763	5	4	4	5	4	5	5	5	5	5	2	1.3321524293950242
T00764	4	3	5	4	5	5	5	5	4	3	2	1.8959754685917118
T00765	2	4	2	1	3	3	4	3	4	3	1	-0.14981003382167601
T00766	3	4	4	2	3	2	1	4	3	1	1	-0.8180356314493555
T00767	4	4	3	3	4	5	4	4	5	1	1	0.15208935408464933
T00768	5	5	0	4	4	4	5	3	4	4	1	0.7303703116542403
T00769	4	4	4	2	5	5	4	5	5	4	1	0.058476952520337244
T00770	4	5	5	4	3	5	2	4	4	5	1	0.523830521364471
T00771	5	3	4	2	5	5	4	3	5	1	1	-0.36810889879556513
T00772	4	4	2	3	3	4	5	3	5	4	1	0.5879408987828976
T00773	5	5	4	4	4	4	5	5	5	4	1	1.0059529448797568
T00774	4	2	2	2	4	4	2	1	3	1	1	0.470381702900835
T00775	2	4	4	4	2	5	3	2	5	1	2	0.47190958069805095
T00776	5	2	4	2	3	3	4	1	2	1	1	0.05697914594000382
T00777	4	5	5	4	3	4	5	5	4	4	2	2.002320688595282
T00778	4	5	5	3	0	5	5	5	5	4	2	1.3729727669002685
T00779	2	2	3	3	4	5	2	5	4	1	1	-1.07395129497879
T00780	4	2	2	4	2	3	2	2	1	2	1	-0.8564740721252565
T00781	5	5	5	4	5	5	5	4	5	5	1	1.3342529477032352
T00782	5	4	5	3	4	5	5	5	5	5	1	0.019780598187180698
T00783	2	4	5	2	4	5	4	4	5	2	1	0.012751651077365034
T00784	5	5	2	3	5	5	5	3	4	2	1	0.5618627457960453
T00785	4	2	5	2	2	4	5	4	5	3	2	0.49186893072003024
T00786	5	5	5	4	5	5	5	5	5	5	2	0.3569668034834972
T00787	3	1	2	2	2	4	3	1	3	4	1	0.33914235466031595
T00788	5	4	4	4	2	5	3	4	4	5	2	-1.1015716277919136
T00789	5	5	4	5	4	4	5	5	5	5	2	1.8206524892483966
T00790	1	1	1	1	1	4	2	1	1	1	1	-1.0550207101042024
T00791	5	1	4	3	1	4	4	2	3	4	1	0.735266656225317
T00792	5	4	5	5	5	5	5	5	5	5	2	1.9306949146415198
T00793	4	4	4	4	2	5	4	4	4	3	2	-0.12141817287208656
T00794	5	4	5	4	4	4	5	5	5	4	2	1.1167866754803917
T00795	5	4	5	5	4	5	5	2	4	4	2	0.32526357179194565
T00796	5	4	4	4	5	5	4	5	5	4	2	0.3088368229411424
T00797	4	1	3	2	4	4	4	4	2	3	1	1.0971330054868738
T00798	5	5	5	5	5	5	5	5	4	5	2	-0.36566187551493834
T00799	5	0	5	2	4	5	5	4	4	4	2	1.1398856612220885
T00800	4	4	4	1	4	5	4	4	4	2	2	0.06948199149910356
T00801	5	2	4	2	4	4	2	4	5	3	2	0.6385657260179947
T00802	5	4	5	4	5	5	4	5	5	2	2	1.217540300172455
T00803	5	4	5	5	5	5	5	5	4	4	1	-0.03322371516626743
T00804	5	5	4	2	5	5	5	5	3	5	2	2.0493263498054413
T00805	5	5	5	5	5	5	4	5	5	5	1	0.42111754139974306
T00806	0	5	5	5	4	4	4	5	4	4	2	1.830690732253553
T00807	2	2	3	2	4	5	2	4	2	1	2	0.22705773141177282
T00808	4	5	4	5	4	4	3	4	4	2	1	-0.32378295611521196
T00809	5	4	4	5	5	4	4	3	4	2	1	-0.4919731257114492
T00810	3	1	4	2	1	4	1	1	4	2	1	0.16897408149493864
T00811	3	3	4	3	1	2	4	3	3	1	1	-0.14938965659879588
T00812	5	3	5	5	5	5	5	5	5	5	2	1.3616713966842835
T00813	4	4	2	4	4	5	2	3	4	5	2	-0.24051672266826934
T00814	5	4	4	2	1	5	4	4	4	2	2	-0.8469878875322918
T00815	3	1	3	2	3	3	1	1	3	2	1	-0.09238810517082041
T00816	5	4	2	2	4	4	4	3	4	1	1	-0.8878890713184321
T00817	4	4	1	1	2	4	2	2	1	2	1	-0.9478510677522622
T00818	5	4	5	5	5	5	5	4	5	3	1	1.8725813717758542
T00819	4	2	3	2	4	4	2	2	5	2	1	-0.4055946389940583
T00820	4	5	4	4	5	4	2	0	5	5	1	0.7486291836886777
T00821	5	4	5	5	5	5	5	4	5	3	2	0.8863846733067149
T00822	5	5	5	2	4	4	3	4	4	3	2	0.5848853422295858
T00823	5	4	5	4	4	4	5	5	5	5	1	1.121851935356034
T00824	2	5	5	2	4	5	4	2	4	1	1	0.9968460335871483
T00825	1	2	1	2	1	1	2	1	3	1	1	-0.8352495946970463
T00826	5	5	5	5	4	5	5	5	5	3	2	1.1785990511419568
T00827	5	5	5	4	4	5	5	5	5	5	2	2.4674571506028053
T00828	5	2	2	2	4	5	5	2	4	2	1	0.40967744232146897
T00829	5	4	4	2	5	5	5	5	4	4	2	2.300924932175076
T00830	4	5	4	3	3	3	2	4	4	4	1	-0.6908205688079583
T00831	2	4	2	4	0	5	2	2	3	4	1	0.14657966449123794
T00832	4	4	2	2	4	5	4	4	2	1	2	0.3258490966118126
T00833	4	3	4	4	3	5	3	4	4	2	1	0.40478516753371785
T00834	5	4	4	4	3	4	2	4	5	3	2	-0.44007128686629254
T00835	5	5	4	4	2	4	5	5	5	3	2	2.452203662173031
T00836	4	5	5	5	5	5	5	5	5	4	2	1.0411150629488157
T00837	2	1	4	2	1	3	2	2	2	3	1	0.489426587321547
T00838	4	2	2	1	1	4	2	2	1	1	2	1.0249127070168786
T00839	5	5	5	4	4	5	5	3	5	3	2	0.8413448224098006
T00840	5	4	2	3	4	5	4	4	3	5	2	0.08077318296313862
T00841	1	2	1	1	2	2	1	3	5	2	1	-0.7174434951192823
T00842	4	3	2	2	2	4	4	4	5	2	1	-0.18408153744422462
T00843	5	5	4	4	4	4	4	4	0	4	1	0.6514424578980809
T00844	5	5	4	2	5	5	4	4	5	5	2	0.0545240382205362
T00845	4	2	5	1	4	5	1	3	3	5	2	-0.20256117725937622
T00846	5	5	4	2	5	5	4	0	5	4	1	0.3119697251914069
T00847	5	3	5	4	4	3	5	5	4	5	2	1.0051820787488572
T00848	4	1	4	2	2	3	4	2	4	1	1	0.6547886297849529
T00849	4	4	4	3	3	5	0	4	4	2	2	-0.023136091251587942
T00850	5	4	4	2	4	5	4	4	3	5	2	0.0886385067161416
T00851	4	4	4	4	4	5	5	3	5	2	1	0.7079079918902629
T00852	5	2	4	2	5	5	5	3	4	2	2	1.3639918658838388
T00853	3	4	5	1	4	3	4	2	4	3	2	0.8091198065188394
T00854	4	2	4	3	5	5	4	2	5	2	1	-0.12192922716659207
T00855	4	4	5	4	4	5	5	5	5	4	2	0.26568509285252606
T00856	5	5	5	3	5	5	5	5	5	5	2	0.12074836570897518
T00857	5	3	4	2	4	4	4	4	5	1	2	0.16384669433105353
T00858	2	2	2	3	5	5	2	3	0	2	1	-1.5849273507437536
T00859	5	4	5	5	4	4	4	5	4	2	1	0.4996960065052734
T00860	5	5	5	5	4	5	5	5	5	4	2	0.6190762012734541
T00861	3	5	3	3	3	5	5	5	5	3	1	2.346870366611513
T00862	2	1	1	1	3	3	1	2	4	1	1	-0.7746550997343712
T00863	5	5	5	5	5	5	5	5	5	0	1	-0.9339637209757887
T00864	5	4	5	4	5	4	5	2	5	4	2	1.6991288976802297
T00865	2	3	3	2	2	2	1	1	2	1	1	-0.19002665323302448
T00866	4	5	5	4	3	5	3	3	4	4	1	0.13729342103617226
T00867	4	4	4	0	2	4	4	4	4	1	2	-0.3617889475277153
T00868	4	4	4	4	5	5	4	4	5	5	2	1.0307337330160449
T00869	4	3	5	3	4	4	2	4	5	1	2	-0.03639299770497709
T00870	4	1	5	1	2	4	4	4	3	1	2	0.5222947804830615
T00871	4	4	4	2	4	5	4	4	5	4	2	1.552061934981335
T00872	0	3	4	2	1	4	3	3	3	3	2	1.2331750457269932
T00873	3	4	2	4	3	3	3	3	2	2	1	-1.1045085596340136
T00874	4	2	2	3	1	3	0	2	4	2	1	0.22258604748105748
T00875	4	4	5	2	4	3	4	5	4	2	1	0.1489221870476118
T00876	4	4	4	5	2	4	4	5	5	4	2	-0.006098125238544028
T00877	4	4	2	2	1	4	4	2	3	4	2	-0.18650808790445017
T00878	5	1	2	3	3	4	4	3	4	2	2	-0.0775845031245439
T00879	5	5	5	4	5	5	4	5	5	5	2	0.5480993607757818
T00880	4	3	4	3	4	5	4	5	4	2	1	1.2585882679726335
T00881	5	5	4	5	5	5	5	5	4	5	2	2.400748734023244
T00882	3	1	4	1	4	5	4	4	2	2	2	-0.9808342711123651
T00883	3	5	4	1	4	5	4	2	5	2	1	-0.11158536998553986
T00884	4	4	4	3	4	2	4	5	2	3	2	0.41872013909676203
T00885	4	3	4	3	5	4	1	5	2	5	2	-0.5045268335207624
T00886	4	5	3	2	2	5	2	5	4	2	2	-0.350513234142248
T00887	5	4	5	4	5	5	5	5	4	5	2	1.5320694937804722
T00888	3	5	4	4	4	4	4	2	4	4	2	0.847945364086408
T00889	4	4	3	1	1	3	1	3	3	4	1	-0.7998784767447856
T00890	4	1	4	1	3	3	2	1	3	1	2	-1.2237015934369382
T00891	5	5	3	4	2	5	4	0	4	2	1	-0.12700789287239364
T00892	5	3	4	3	4	4	4	4	3	4	1	-0.3206458645663392
T00893	4	3	5	3	5	5	4	4	5	2	2	2.332288334945729
T00894	5	5	4	4	5	4	4	3	5	5	1	0.8294399962432046
T00895	2	1	1	3	2	5	2	2	4	2	1	-1.0662443902588312
T00896	5	4	5	4	5	5	5	5	4	3	2	0.7333681535445995
T00897	4	5	5	5	4	5	5	5	5	5	2	2.1514752515075477
T00898	4	2	4	3	4	4	4	3	5	2	2	0.09251809356937768
T00899	4	5	5	2	2	5	3	2	5	2	2	0.6235446771127897
T00900	5	5	5	2	5	5	5	5	5	5	2	1.6243469306359604
T00901	4	5	4	2	3	3	5	4	5	5	1	-0.4236782453099466
T00902	2	1	3	2	4	4	4	4	5	2	1	0.8465244531360135
T00903	4	4	4	4	4	5	5	5	5	4	2	1.207682106724842
T00904	5	5	5	5	5	4	5	4	0	5	2	1.5364797127962575
T00905	5	4	2	2	2	5	4	1	2	2	1	-0.666679975123232
T00906	4	4	4	1	3	2	4	4	3	2	2	-0.9580849701340405
T00907	4	4	4	2	5	3	5	5	4	5	1	0.14897294685914386
T00908	4	2	2	2	3	4	3	3	4	1	1	-0.699407413042481
T00909	4	1	2	1	3	5	2	4	2	2	1	-1.4751036593741396
T00910	5	4	4	4	4	4	5	5	3	5	2	1.2067196928071104
T00911	4	5	5	4	4	4	5	5	5	4	2	1.3671186893269012
T00912	4	3	3	3	2	3	3	4	4	3	2	-0.4924484944220635
T00913	5	4	4	5	5	1	4	5	5	2	1	1.2103452048601662
T00914	4	2	3	2	2	4	2	2	2	2	2	-0.46539482731323123
T00915	5	4	5	3	5	5	5	5	5	5	2	0.8719885240737373
T00916	5	5	5	5	5	5	5	5	5	5	2	0.4617281451054558
T00917	2	4	3	4	5	5	4	4	4	2	1	-0.33482682814038733
T00918	5	5	5	5	5	4	5	5	5	4	2	0.9159666329801256
T00919	4	2	2	1	1	4	4	3	1	2	1	0.5310093841312181
T00920	5	5	5	5	5	5	5	5	5	5	2	2.1883991081380634
T00921	5	4	3	2	5	2	4	3	2	4	1	0.503366312590944
T00922	1	1	4	2	2	2	1	1	2	1	1	-0.013037245809944809
T00923	5	3	2	3	4	4	2	2	4	2	1	-0.33085524611899736
T00924	5	4	4	3	4	5	5	2	5	2	2	0.5010409520576602
T00925	0	3	3	5	3	5	3	4	3	2	2	0.2320613950738995
T00926	4	5	5	3	3	4	5	5	4	3	2	0.7066129443624696
T00927	2	3	3	3	4	5	3	3	5	3	2	0.5644259733427344
T00928	5	2	4	5	0	5	2	1	3	2	2	0.6635042440265108
T00929	4	4	2	2	2	5	3	2	4	3	1	0.1107837845915619
T00930	4	2	3	5	4	5	4	4	5	5	1	1.161312531735279
T00931	5	4	5	5	5	0	5	5	5	4	2	1.110058856706489
T00932	5	5	2	4	4	5	5	5	5	4	2	0.7891155594535837
T00933	2	1	4	1	3	3	4	1	3	2	1	-1.4121483678244222
T00934	5	4	4	3	5	4	5	3	4	2	2	1.1900551716744023
T00935	3	4	3	2	4	4	2	4	5	3	1	0.13549977365715338
T00936	2	2	4	1	2	4	3	5	3	2	2	-1.1149775621213094
T00937	5	5	5	5	5	5	5	5	5	3	2	0.36814888458869777
T00938	5	4	4	3	4	5	5	4	5	4	1	0.5572580004073296
T00939	5	3	5	4	4	4	4	4	5	3	1	0.018938575865567492
T00940	5	3	3	2	5	5	4	5	5	4	2	0.3031493438866593
T00941	5	4	5	4	3	5	4	3	4	4	2	1.3176221741446394
T00942	5	4	5	3	3	4	3	3	5	2	2	-0.14652195968378878
T00943	5	4	5	3	5	5	5	5	5	5	1	1.1267540041265653
T00944	3	1	2	1	3	4	4	1	4	2	1	-1.2939288833683462
T00945	5	3	4	2	2	5	4	3	4	3	1	0.1167937057252731
T00946	4	3	2	3	4	5	3	4	3	4	1	-0.4419163230636898
T00947	3	5	5	2	5	4	5	4	4	4	1	-0.39113584882401115
T00948	4	1	2	1	2	3	2	1	2	1	1	-0.6079375815108581
T00949	4	5	4	4	4	5	4	5	5	5	1	0.8595850535141666
T00950	5	3	4	5	5	5	4	4	4	3	1	-0.04983510443037814
T00951	4	1	5	1	1	4	2	1	4	4	2	1.2547403481964163
T00952	5	1	4	3	2	4	2	2	4	4	2	1.694897908697349
T00953	4	3	4	3	5	4	4	4	4	4	1	1.082056239921728
T00954	4	5	2	3	1	4	4	4	4	2	1	0.5750909048311561
T00955	5	4	5	4	5	5	4	4	4	4	2	0.9458995662891908
T00956	2	2	4	2	3	4	4	2	4	4	1	-0.8749680571024379
T00957	4	4	5	5	5	5	5	5	5	3	1	0.6049713458465897
T00958	4	3	5	5	5	5	4	3	3	4	1	-1.048049356370462
T00959	3	2	4	3	2	4	2	4	4	1	2	0.30307700875931376
T00960	4	4	2	2	4	4	4	5	4	5	1	0.9943728235891018
T00961	5	5	4	4	5	5	5	5	4	5	2	2.191237014010106
T00962	4	2	3	2	1	5	4	2	1	1	1	-0.9509570482742167
T00963	5	5	5	5	4	5	5	5	4	4	1	0.29733380057021297
T00964	2	2	2	2	1	4	2	2	4	1	1	0.3403315841961193
T00965	3	1	4	2	3	4	3	2	2	4	1	1.2071196982046104
T00966	2	3	4	1	1	4	4	2	4	1	1	-0.3774545763696673
T00967	5	4	5	3	5	5	5	4	4	3	2	0.9183560294553851
T00968	2	4	2	2	4	5	5	2	2	1	1	1.3579766458947677
T00969	1	2	5	1	1	5	2	4	4	1	1	0.08362930337907792
T00970	4	3	2	3	1	3	2	2	1	3	1	-0.6068407636213143
T00971	5	1	5	4	3	5	4	4	5	4	2	0.9760653105057637
T00972	4	4	2	2	3	5	2	4	4	1	1	-1.7244251322377036
T00973	3	4	2	1	2	4	3	1	3	0	1	-0.2825560781746763
T00974	4	2	5	3	5	4	3	4	5	4	1	-1.326393989408963
T00975	4	3	3	4	5	3	5	5	4	2	2	2.722959349990321
T00976	5	5	5	5	5	4	5	5	5	4	2	0.8001059646764175
T00977	4	5	5	3	5	5	5	5	5	3	2	1.0666190985013826
T00978	5	4	4	5	4	5	3	3	4	3	2	-0.7670308707892485
T00979	5	4	4	5	5	3	5	5	4	5	1	-0.19666086608691113
T00980	4	5	5	4	5	5	4	5	4	4	2	0.2814053260313646
T00981	4	3	4	5	2	5	4	5	3	3	2	0.4201828858353587
T00982	4	2	5	3	4	5	4	3	4	3	2	0.7414186916324799
T00983	5	4	4	4	5	5	4	5	5	5	2	2.2885342169412035
T00984	3	3	5	2	4	4	3	1	4	2	1	-0.879361704737347
T00985	2	4	4	4	2	4	4	4	4	2	2	1.7562254448026136
T00986	4	2	4	5	3	4	4	4	4	1	1	-1.143290168578107
T00987	5	5	5	5	4	5	5	5	5	4	1	0.21299776322421515
T00988	4	4	5	4	3	5	4	2	2	5	1	-0.5234569357011162
T00989	5	5	4	1	3	5	4	4	4	2	2	0.0246757375305518
T00990	3	4	1	3	2	4	3	2	4	2	1	-0.12180274795947056
T00991	2	3	3	1	3	5	4	3	5	4	2	0.22836649030077158
T00992	5	4	5	4	4	5	5	5	5	4	1	0.6927589336044984
T00993	2	3	4	2	5	3	4	1	4	2	1	-0.2942613503139372
T00994	4	4	3	2	5	5	2	3	2	1	1	-0.6810939413484994
T00995	5	5	4	5	5	5	5	5	5	4	2	0.17080997071641701
T00996	2	4	3	2	4	2	2	1	4	4	2	-0.14023311958842644
T00997	3	1	4	3	3	5	4	4	5	3	1	0.21875211646203482
T00998	5	5	5	4	4	4	5	5	5	5	2	0.393682796630883
T00999	5	5	5	4	4	5	5	5	4	3	2	2.8275079427536474
T01000	5	5	4	5	4	5	4	4	5	3	2	0.5296555810256105
T01001	5	3	5	5	4	4	4	2	5	5	2	-0.19810683677633434
T01002	4	4	3	3	4	4	4	5	4	4	1	0.07409465482116578
T01003	4	1	4	1	2	5	3	2	5	2	1	-0.28609621007213565
T01004	4	1	2	3	3	3	5	1	4	2	1	-0.13139442052108924
T01005	5	3	4	2	4	2	4	5	2	4	1	-0.9516135866395254
T01006	5	5	4	5	4	4	4	5	4	4	1	0.7297483711259445
T01007	5	4	4	5	5	0	4	2	4	2	1	0.087241340580332
T01008	5	0	3	3	5	5	4	2	5	1	1	0.5085166627332813
T01009	4	4	4	2	2	4	2	2	4	2	1	0.2958640652750978
T01010	4	2	4	2	2	5	3	3	5	2	1	-0.29321050392793735
T01011	5	5	5	5	5	4	5	5	5	5	2	0.8414237071380497
T01012	4	2	2	2	2	4	3	2	1	0	1	-0.5215312742862295
T01013	3	4	3	0	4	2	2	2	5	1	1	-2.043049003657855
T01014	0	5	5	4	5	5	5	5	5	5	2	0.736025063275364
T01015	4	2	1	3	5	4	4	4	4	2	1	-1.282805872663901
T01016	5	5	4	4	5	5	5	0	4	3	1	0.23844601304394164
T01017	5	4	4	4	3	3	4	3	3	2	2	-0.5501795584491711
T01018	4	4	3	3	4	5	4	5	5	4	2	1.4178974500916883
T01019	0	4	2	5	5	4	3	4	4	3	1	-0.6719888764380948
T01020	4	5	4	5	2	5	5	3	5	5	1	1.187645235167576
T01021	5	4	5	1	4	5	4	4	4	5	2	-0.47923962311753543
T01022	2	1	2	2	1	4	1	4	4	1	1	-1.4623597745523225
T01023	2	1	2	2	2	4	2	2	2	3	1	0.9221336473257931
T01024	5	4	5	2	5	3	2	3	5	5	2	0.12207693257203041
T01025	5	5	5	5	5	5	5	4	5	4	2	1.1849558038126258
T01026	3	1	3	1	4	4	2	2	3	1	1	-0.40491583794206754
T01027	4	2	4	4	2	4	4	5	5	2	1	0.087203057771994
T01028	0	4	1	3	2	3	5	4	5	2	2	0.4859152350277363
T01029	5	4	4	2	5	4	5	4	4	4	1	1.9978652396328522
T01030	5	4	5	5	4	5	4	4	4	4	2	1.4599450523323103
T01031	5	2	2	3	3	5	4	4	4	1	1	0.3352865746736179
T01032	4	4	0	1	1	5	2	1	3	2	1	-0.08909678778049801
T01033	5	2	4	2	4	5	4	2	5	2	1	1.5397630336741563
T01034	5	5	5	4	5	5	5	5	5	5	2	1.5202924994807994
T01035	5	3	5	4	3	5	3	2	5	2	1	-0.4693987503203785
T01036	1	3	5	3	2	0	4	0	4	5	2	1.4792802297638308
T01037	3	5	5	5	5	5	5	5	5	5	2	1.0453847399391978
T01038	5	2	4	2	2	3	4	2	4	2	2	0.5656061994540413
T01039	1	2	3	3	1	5	4	2	2	2	1	0.43042041769361805
T01040	5	2	4	5	4	5	5	3	1	4	1	0.9508452211804647
T01041	4	4	4	3	4	5	5	5	5	3	2	1.117474460468466
T01042	4	5	1	1	3	4	2	1	4	2	1	0.3975522461984292
T01043	5	4	5	4	4	5	2	4	4	5	2	0.4723653445462501
T01044	5	3	2	5	3	4	5	4	5	5	2	0.6159456924970761
T01045	4	2	2	2	5	4	5	4	5	2	2	1.1940142981908268
T01046	3	5	2	2	2	4	3	2	5	2	2	0.23117455293850514
T01047	3	2	4	3	4	3	4	3	2	2	2	0.28111642278354
T01048	5	5	2	2	3	4	4	5	4	4	1	0.9548042147381631
T01049	3	1	4	3	2	4	4	2	3	2	1	0.5631475590643659
T01050	4	4	4	2	5	5	4	1	5	2	2	0.9461087880336978
T01051	5	4	5	5	5	5	5	5	5	5	2	1.4592776009877786
T01052	4	2	4	2	1	4	2	2	4	1	1	-0.4921144072553006
T01053	5	4	4	4	4	3	4	0	5	3	1	-0.19535033953768793
T01054	4	2	4	3	5	3	5	2	5	3	1	1.481251391979378
T01055	3	2	4	2	2	3	2	4	4	1	1	0.14039603203975426
T01056	5	4	5	5	5	5	5	4	2	5	2	1.4780107479255855
T01057	3	4	1	4	4	5	5	4	5	1	1	0.5294446769484175
T01058	5	3	2	3	2	4	2	3	4	2	2	0.7946061899061971
T01059	3	5	2	3	4	2	3	5	5	2	1	0.1290006454701208
T01060	2	4	2	3	2	3	4	4	3	1	2	1.6426322997246063
T01061	5	4	5	4	4	5	5	4	4	2	2	0.9661538690085296
T01062	3	4	4	4	5	5	4	2	5	3	1	-0.07663649739852943
T01063	4	2	5	5	3	3	4	4	5	5	1	0.5625205951775202
T01064	3	2	2	3	2	5	4	5	3	3	2	-0.1779637427048243
T01065	4	5	5	2	3	2	4	4	5	2	1	-0.8285336208510731
T01066	5	4	5	2	4	4	5	4	4	4	2	-0.11276758126219977
T01067	5	5	4	4	4	5	0	2	5	4	2	1.3004530662005052
T01068	2	3	3	3	2	5	2	3	2	2	1	0.5756924625995791
T01069	3	1	1	2	1	3	2	1	2	1	1	-1.0022790027575863
T01070	5	2	5	4	4	4	4	4	4	3	1	0.5269420447872
T01071	5	4	5	1	3	5	5	2	4	4	1	0.5131589572803072
T01072	4	4	2	4	3	5	4	5	4	1	1	-0.3902290283527442
T01073	5	4	3	4	3	4	4	4	4	3	2	0.7826258682368088
T01074	4	3	4	2	3	4	2	2	2	2	2	0.4146800363168402
T01075	2	2	4	3	3	5	3	4	4	3	2	0.0230642825410788
T01076	4	2	4	2	1	3	2	3	3	3	1	0.3509007155752525
T01077	3	3	5	3	5	4	3	3	4	1	1	-0.6094517440824476
T01078	5	5	5	4	5	5	3	4	2	3	1	-0.6115855432331971
T01079	5	5	2	5	5	5	5	4	5	3	2	1.2324699183481636
T01080	5	4	4	2	4	5	4	4	4	3	2	0.7100292995872073
T01081	4	3	3	4	2	5	4	4	5	4	1	-0.23522474131045307
T01082	2	4	4	2	4	4	4	5	3	1	1	-0.48944130415686
T01083	5	2	5	4	1	5	5	2	5	4	1	-0.3377551107360234
T01084	4	3	4	1	3	5	2	4	3	2	2	-0.6662485221747259
T01085	4	3	2	2	5	5	4	4	4	2	1	1.4711027578679023
T01086	4	1	4	1	4	4	5	4	4	2	1	-0.6069985078424185
T01087	4	0	2	4	4	5	2	2	5	2	2	0.8909450110861338
T01088	5	5	5	0	5	5	5	5	4	5	2	1.2888062364495616
T01089	5	4	5	3	4	5	4	5	5	4	2	0.38139196940426445
T01090	2	1	2	2	3	3	4	2	1	4	2	0.6720160906979216
T01091	4	1	2	2	4	3	2	2	4	1	1	-1.5192325304781564
T01092	4	2	4	2	4	5	4	4	5	2	2	-0.9835904455303732
T01093	5	4	4	3	2	3	5	5	3	1	1	1.8805400410047837
T01094	0	5	5	2	2	5	4	4	3	2	1	0.5202222242576259
T01095	5	2	4	4	4	4	4	5	5	4	1	0.45431346605024703
T01096	5	4	5	5	4	4	4	4	5	5	1	-0.4804944679709197
T01097	1	3	2	2	4	3	2	2	1	5	2	0.5752627424481658
T01098	5	4	2	2	1	3	2	3	3	1	1	-0.42134236575215245
T01099	4	4	3	4	3	3	4	2	5	3	1	-0.7068404676463194
T01100	4	4	5	5	4	4	4	4	4	2	2	1.1268308352130805
T01101	0	4	4	3	5	5	2	3	4	5	2	0.9549901786214465
T01102	4	2	3	2	5	2	4	5	2	1	2	1.009633715469001
T01103	2	1	2	1	1	4	1	1	1	1	1	-0.9062837216854527
T01104	5	5	5	5	4	5	5	5	5	5	2	1.5694737959384741
T01105	3	4	4	2	2	5	4	4	4	1	1	0.6404550888949095
T01106	4	1	4	2	2	3	3	3	1	1	2	0.5561008542469728
T01107	5	5	4	2	3	5	5	5	5	5	2	1.1149257559552421
T01108	4	0	5	4	4	0	4	4	4	3	2	0.8757228872765275
T01109	4	5	4	3	0	4	4	3	5	4	2	0.5245833187518951
T01110	2	4	5	2	3	4	2	4	5	2	2	-1.1437914247262748
T01111	4	5	5	3	3	4	5	5	5	4	2	1.497355039452399
T01112	4	3	2	1	2	4	4	4	5	3	2	-0.3240824073117334
T01113	5	5	5	4	4	5	4	5	5	2	1	-0.05186786091146456
T01114	2	2	3	2	3	4	1	2	1	1	1	-0.533058719879401
T01115	3	4	4	0	1	4	5	4	4	2	2	-0.5755358099703709
T01116	4	4	4	0	4	5	4	4	5	4	1	-0.5657974040550353
T01117	4	4	4	3	3	2	3	2	5	4	1	-1.023841148507136
T01118	2	1	4	4	4	3	5	4	2	1	1	0.4819921468685917
T01119	4	4	3	2	1	4	3	2	4	2	1	-1.0270033131141627
T01120	4	4	2	2	2	5	1	5	2	2	1	-1.3407584452092327
T01121	5	5	5	2	4	4	3	4	5	2	1	-0.7620544336490105
T01122	5	3	5	3	3	4	3	4	4	3	2	0.21399753767059848
T01123	4	4	1	2	3	5	4	4	3	2	1	0.06394302258548235
T01124	5	5	5	4	4	5	5	5	5	5	2	1.5619501131397302
T01125	4	2	1	2	2	5	2	3	4	2	1	-0.08217931555569202
T01126	5	5	5	5	5	5	5	5	5	5	2	2.7343108634900166
T01127	2	2	4	1	4	4	3	2	2	2	2	1.0779753925439999
T01128	5	4	5	5	5	5	5	5	5	5	2	0.12852569577283135
T01129	2	1	2	3	4	4	2	4	4	1	2	-0.39530003922752655
T01130	5	5	4	3	5	4	4	5	4	2	2	0.351514082569167
T01131	5	2	4	3	4	3	4	1	4	1	1	-1.5663228427511116
T01132	2	2	0	2	2	5	1	1	1	1	1	0.2690372319216203
T01133	5	4	4	4	4	4	4	5	5	5	2	1.6647382178829284
T01134	3	2	2	3	5	5	2	4	5	4	2	0.40347487523073505
T01135	5	2	4	0	2	5	3	4	3	2	2	-0.09669295345166065
T01136	1	2	2	1	2	5	1	5	4	2	1	0.4304948590408523
T01137	2	1	1	1	4	1	2	1	4	2	1	-0.6472513730631799
T01138	4	4	5	5	4	5	4	4	4	3	1	0.059954486519746164
T01139	5	5	4	4	4	3	4	5	4	5	1	0.1731485072725119
T01140	4	2	4	4	3	2	3	4	4	1	1	-0.11580455568429968
T01141	4	2	4	3	3	5	4	2	5	1	2	0.614757156576344
T01142	5	4	3	4	5	4	4	4	5	5	2	-0.8401936106860921
T01143	5	4	5	3	2	5	5	5	4	2	1	0.5168523279303484
T01144	5	2	4	3	2	2	3	2	3	1	2	-0.7258233900493785
T01145	4	5	4	4	3	4	4	5	5	4	2	0.5595650997994357
T01146	5	5	5	4	3	4	5	5	5	0	2	1.0556068752192682
T01147	4	4	4	3	5	5	5	4	5	5	1	1.7307474958907783
T01148	5	5	1	3	2	5	4	4	4	4	1	0.5008238047731722
T01149	4	0	4	2	5	5	4	4	5	1	2	0.6231465990758375
T01150	4	5	5	5	5	5	5	5	4	4	2	1.6478330621683228
T01151	5	5	5	5	5	5	4	4	5	2	2	1.8253374205284454
T01152	2	4	5	2	4	5	4	3	5	5	1	0.5902150750894313
T01153	4	5	5	2	3	5	4	4	4	2	2	0.15301944104355142
T01154	4	3	5	4	2	5	0	4	2	1	2	0.23615319948012997
T01155	4	5	5	5	5	4	5	4	4	4	2	1.270375276152088
T01156	5	5	4	5	5	0	5	4	5	3	2	2.0303126956872393
T01157	2	3	3	5	2	4	5	5	4	5	2	-0.26023838499126717
T01158	5	4	0	4	5	4	4	3	5	4	2	-0.39153046499279287
T01159	2	1	2	1	2	3	2	3	2	1	1	-1.9157718787257099
T01160	5	4	3	5	5	4	5	5	5	4	1	0.6180130322782615
T01161	4	1	3	1	2	2	4	1	3	2	1	-0.922157021842915
T01162	4	3	4	2	5	2	4	2	4	1	1	-0.47008153016490134
T01163	5	4	5	4	4	5	4	5	5	4	2	1.9535585232565653
T01164	4	1	1	4	2	0	4	3	3	2	1	-0.2483594101121191
T01165	2	1	4	2	3	4	2	1	4	3	1	-0.342469127255731
T01166	4	2	4	3	3	2	2	4	4	3	1	0.3194659728994752
T01167	5	3	4	4	5	5	4	5	5	5	2	1.6697165133821241
T01168	4	1	1	2	2	4	2	2	2	1	1	0.4783356041355362
T01169	5	5	5	5	5	5	5	5	4	5	2	0.8578886068802015
T01170	3	3	5	2	2	3	4	3	5	2	2	-0.07777522108594032
T01171	4	5	4	1	3	3	3	4	4	4	1	-0.3226617937083208
T01172	5	5	5	5	4	5	5	5	5	4	2	0.9678150858356431
T01173	4	1	4	2	4	4	3	3	4	2	2	0.5602233868264842
T01174	1	1	1	2	1	4	1	1	3	4	1	-1.4107534836261606
T01175	4	4	5	5	5	5	5	3	5	3	2	1.4622155838264197
T01176	4	1	1	2	2	4	3	2	1	2	1	-0.5648811668445904
T01177	5	5	5	5	4	3	5	5	5	3	2	1.0266989528505237
T01178	3	1	5	3	5	3	5	5	5	4	1	0.5182943488736302
T01179	4	2	3	4	4	5	4	2	4	4	2	0.3260738226307956
T01180	4	5	5	5	5	5	5	4	5	5	2	2.0899533275899334
T01181	5	5	5	5	4	4	5	5	5	5	1	0.9192398962871643
T01182	3	4	2	2	4	4	4	3	5	3	1	1.1492304500656592
T01183	5	5	5	5	4	5	4	4	4	5	1	-0.05852659119252368
T01184	4	3	3	2	2	4	4	2	4	4	1	-0.4707349139342798
T01185	1	2	2	2	1	1	1	2	3	1	2	-0.1872883401284114
T01186	5	5	4	5	5	5	5	5	4	5	2	1.3204941008058224
T01187	4	3	5	2	4	5	4	4	1	2	1	0.012912856043009957
T01188	2	1	5	1	4	3	5	4	4	1	2	1.7622510136932281
T01189	4	3	3	4	5	4	5	3	4	2	2	0.6124328620203912
T01190	2	1	3	1	1	5	3	1	2	1	1	-0.8703397026397905
T01191	5	3	5	4	5	4	5	2	3	1	2	1.5862297512261774
T01192	5	5	5	5	4	5	3	5	5	4	2	1.5318349742503234
T01193	4	4	3	2	3	5	4	4	5	4	2	1.026141701993923
T01194	5	4	3	2	4	5	3	3	2	4	2	0.1921900984460381
T01195	5	4	5	3	4	5	5	5	5	5	2	1.8792703341026873
T01196	4	4	4	5	3	5	5	5	5	4	2	0.3492210578456407
T01197	5	2	4	2	2	4	4	2	1	1	1	-0.042824996168267335
T01198	5	5	5	4	5	5	4	3	5	2	2	0.9816869497481189
T01199	2	2	4	4	5	5	4	3	5	3	1	1.3708166950222902
T01200	4	5	5	5	4	4	4	4	5	2	2	0.1928367983012163
T01201	3	4	5	4	5	5	5	3	4	2	1	1.6522012934909212
T01202	5	5	3	4	5	4	5	5	5	2	2	0.3562696574267381
T01203	5	4	4	2	4	4	4	5	3	4	1	-0.08470306226625263
T01204	4	3	2	4	3	4	2	4	4	5	2	-1.0603569415304437
T01205	4	2	5	4	5	5	4	5	5	5	2	0.18568673693829707
T01206	3	2	2	2	3	3	5	3	3	4	2	-0.04326937932711261
T01207	5	2	4	3	4	4	2	2	3	2	1	-0.3608200351045033
T01208	2	4	4	3	5	3	4	4	2	5	1	0.02988931409755352
T01209	4	3	2	3	4	3	1	2	4	4	1	-0.9087048339718784
T01210	5	4	3	5	4	5	5	5	5	3	2	2.329833993088804
T01211	5	5	5	3	5	5	4	5	5	2	1	0.5704774023076415
T01212	3	2	2	2	2	4	3	1	4	1	1	-0.34926450189429914
T01213	3	3	4	4	4	4	4	4	3	2	2	0.6031626498913774
T01214	5	5	5	3	4	3	4	5	5	2	2	1.9931012313869636
T01215	3	1	2	2	1	4	3	1	1	1	1	-1.4648205049678689
T01216	5	4	4	5	4	3	4	4	5	4	1	-0.9264189586633436
T01217	5	5	4	4	4	5	5	5	4	5	2	1.7514698811811087
T01218	2	3	1	2	3	3	0	2	3	1	1	-1.191266881370982
T01219	5	4	4	0	4	3	4	5	5	3	2	0.66722745270673
T01220	5	5	4	4	4	3	4	4	5	1	1	0.5383785633628444
T01221	5	4	5	2	4	4	4	5	2	2	1	1.1257685537657105
T01222	5	2	1	2	2	4	3	5	4	2	1	-1.2884394284975533
T01223	5	5	4	3	5	4	4	5	5	5	1	0.030118569870542566
T01224	4	2	2	1	1	4	2	2	1	1	1	-0.04467539664557413
T01225	5	3	3	2	3	5	5	4	4	3	2	0.3356700139116099
T01226	5	5	4	4	5	5	5	4	5	5	1	1.6948867576587843
T01227	4	4	2	2	3	4	3	3	2	3	1	0.9545142374407884
T01228	5	3	4	5	4	5	4	4	4	1	2	-0.16497377290618953
T01229	5	5	3	5	4	5	3	4	5	5	2	0.47827998883042355
T01230	5	4	5	5	5	4	4	5	5	4	2	2.1254637665664964
T01231	5	5	5	1	4	2	4	2	5	5	2	0.07621319261863135
T01232	4	5	5	2	5	5	5	5	2	2	1	1.6114332193122785
T01233	4	3	3	2	2	4	4	5	4	1	1	-0.6040435119279634
T01234	5	4	5	2	1	5	5	5	4	3	2	0.5931183925384449
T01235	2	4	4	2	2	3	4	3	4	3	2	0.12910090783282877
T01236	5	5	2	5	4	5	4	4	5	4	2	0.7751176335102852
T01237	1	1	1	1	2	2	1	1	2	1	1	-0.440545419994948
T01238	4	3	2	4	3	2	4	2	5	1	1	1.1155088832632398
T01239	2	4	2	2	4	3	2	2	2	1	1	-0.4395355646163013
T01240	4	5	4	4	3	5	4	5	2	2	1	-0.7419287470072397
T01241	4	4	4	2	3	5	2	3	2	3	1	-0.12146994845245879
T01242	5	5	5	5	5	5	4	5	2	4	2	2.39453297633109
T01243	4	2	1	3	4	4	2	4	3	2	2	0.7219740022141359
T01244	5	5	5	5	5	5	4	5	5	3	2	2.211457484894541
T01245	4	5	3	4	3	5	4	2	4	4	2	0.19247361020325704
T01246	5	4	5	4	5	5	5	5	4	3	1	1.2692529888238717
T01247	1	1	2	2	2	5	3	2	4	1	1	-1.0689422775860546
T01248	2	4	1	2	2	5	2	2	2	2	1	-1.283807804594295
T01249	5	4	5	5	4	4	5	4	5	3	2	1.9332921597689108
T01250	4	0	4	4	4	4	4	4	4	5	1	-0.5906467702630621
T01251	3	3	4	4	4	5	4	2	3	4	1	0.5183759603641337
T01252	4	2	4	4	4	4	2	2	3	2	1	-0.6948939820649034
T01253	5	2	5	3	4	4	4	4	4	1	1	1.8557718102842067
T01254	4	1	3	2	4	3	2	2	4	1	2	-0.3323758129196578
T01255	4	2	4	2	2	4	4	2	3	2	2	0.25025194694192865
T01256	5	4	2	3	5	5	4	1	4	2	2	0.7913566656041995
T01257	5	4	4	4	2	5	5	2	3	3	1	0.5809014920859205
T01258	5	5	2	4	4	4	5	4	4	2	2	0.6404183697172241
T01259	2	1	2	2	2	5	2	1	2	2	1	-0.7482003468213966
T01260	3	2	2	1	5	4	2	1	0	3	2	-0.21662665722957078
T01261	4	5	5	3	5	5	5	4	5	4	2	1.810215866069289
T01262	5	4	3	1	4	5	4	3	5	2	1	-0.41535279999194474
T01263	5	5	5	5	5	5	5	5	5	4	1	2.0118604277827816
T01264	5	5	5	4	5	5	5	5	5	5	2	0.748600474949402
T01265	5	1	2	4	4	4	3	4	0	2	2	0.06685857442276774
T01266	5	4	3	3	4	4	4	3	4	4	2	0.9646057849405323
T01267	3	3	5	3	2	2	4	1	4	2	1	-0.2952751656894127
T01268	3	2	5	2	2	5	4	5	4	1	2	0.33745697836383526
T01269	4	4	5	3	4	5	0	5	2	2	1	0.4651713302517001
T01270	5	4	4	5	5	4	4	2	5	2	2	1.6369525222112642
T01271	5	5	2	5	5	4	4	5	2	3	1	1.574729482319061
T01272	5	5	0	3	5	4	4	2	4	2	2	-0.6574636591736789
T01273	5	5	5	4	5	5	5	5	5	4	2	1.3293788151552095
T01274	4	1	3	2	4	4	4	2	3	2	2	0.5213097932098756
T01275	2	4	0	5	4	3	4	5	5	4	1	0.5147527865331117
T01276	5	5	4	4	5	5	4	5	5	2	1	1.074100590708274
T01277	3	4	2	2	1	2	2	2	2	2	2	-0.634370243502879
T01278	4	4	3	1	3	4	5	2	4	2	1	0.02442789525230743
T01279	5	1	2	4	4	3	4	4	0	3	1	-0.006297725835195431
T01280	4	2	4	3	2	4	4	3	4	5	1	0.4351963824497216
T01281	5	4	4	4	5	5	3	4	4	4	1	-0.48814601963312615
T01282	4	1	4	2	2	2	5	3	4	1	2	-0.3174797378242755
T01283	5	5	5	3	5	5	4	4	5	2	1	-0.3379881586812443
T01284	4	4	3	3	1	5	4	2	3	1	1	-0.32020035189551477
T01285	5	4	2	3	2	4	1	4	2	4	2	1.257296435604522
T01286	5	4	5	4	5	4	5	5	4	5	2	1.5942785020673287
T01287	2	3	4	4	1	3	3	4	4	3	1	0.9909903807824063
T01288	4	4	4	4	4	5	4	2	4	4	2	0.6027447833229126
T01289	4	3	4	3	2	4	4	0	4	5	2	0.2753143235564792
T01290	5	5	3	3	4	4	4	3	5	2	2	0.5464244001835367
T01291	4	2	5	2	4	3	3	2	4	1	2	-0.4471817046181302
T01292	5	1	5	4	4	4	5	4	5	3	1	0.36308194868734045
T01293	5	2	5	4	3	4	1	3	4	1	1	0.7747446516157476
T01294	4	2	4	5	4	4	5	4	4	5	2	2.061395505421288
T01295	3	2	4	4	4	3	4	2	4	5	1	0.3478748884629438
T01296	3	5	4	4	4	5	5	5	5	3	2	1.2978159972102632
T01297	4	4	5	2	3	4	4	5	5	4	1	-0.032616106097152264
T01298	4	5	3	4	5	5	5	4	5	4	2	1.3848477678832798
T01299	4	3	5	2	3	4	4	4	5	2	2	-1.3641107230991252
T01300	3	2	4	2	4	5	2	2	3	3	1	-0.6164761713546165
T01301	5	5	5	2	4	4	4	4	4	2	2	1.2849701102666964
T01302	5	3	5	3	5	5	4	5	5	4	1	0.7516577294872501
T01303	5	4	4	5	4	4	5	5	5	4	2	1.1589260279262854
T01304	5	5	5	5	5	3	5	5	4	2	2	0.464748689867607
T01305	2	3	4	4	2	4	4	5	5	1	2	-1.125234638317493
T01306	5	2	2	2	2	5	2	4	3	5	1	-0.7780757216667477
T01307	5	4	5	2	4	4	4	2	2	3	1	1.173399248808019
T01308	2	1	4	3	4	4	1	1	1	1	1	-0.4596072315308971
T01309	5	4	5	2	4	5	4	2	5	3	1	-0.7317702858936683
T01310	5	4	4	5	5	4	5	5	3	2	2	1.9557429698278548
T01311	5	3	5	2	4	5	5	5	4	4	2	1.0041484420851898
T01312	5	4	4	4	4	5	4	5	5	4	2	1.1256590968519022
T01313	4	2	2	2	3	5	2	2	2	2	1	0.611680736515858
T01314	4	2	3	2	2	3	1	4	4	2	1	0.019013195509238523
T01315	4	4	4	2	4	5	3	1	3	2	1	-0.19036993739451868
T01316	5	4	4	4	5	5	5	0	5	4	2	3.0122859107733078
T01317	5	4	5	4	4	3	5	5	3	4	2	1.0809262149407104
T01318	4	4	4	4	4	2	1	4	2	1	2	0.5124353209389412
T01319	4	1	4	2	5	5	1	4	3	1	1	-1.2358983041865155
T01320	5	5	5	4	4	5	4	4	5	5	2	-0.14796815221743453
T01321	2	2	5	2	2	2	3	2	4	1	2	0.46294174671188126
T01322	4	4	3	4	4	4	4	2	5	5	2	1.179530594285659
T01323	5	4	4	5	5	5	2	5	4	4	1	0.11690952312113961
T01324	4	3	1	1	2	4	4	2	3	5	2	0.7655298376694596
T01325	5	4	2	3	4	5	3	4	5	4	1	0.7916907981756807
T01326	5	5	5	5	5	4	5	5	5	5	1	0.5226346940133381
T01327	4	2	5	5	0	4	4	5	4	3	2	0.13141096678057929
T01328	5	4	3	5	5	3	4	3	4	2	2	0.64280450722368
T01329	2	2	4	2	1	4	1	1	4	1	1	-1.0962043438120586
T01330	4	1	2	4	4	4	3	2	0	2	2	0.7844199664720488
T01331	5	5	5	5	4	5	5	4	5	5	1	2.2868179738892307
T01332	4	4	4	3	3	3	4	1	5	4	2	0.21103416710993328
T01333	3	1	3	0	0	4	2	4	4	1	2	0.6803634535724508
T01334	5	4	4	5	4	5	5	5	5	4	2	1.383809925012677
T01335	5	2	4	3	2	5	4	2	4	2	1	0.41428433100511275
T01336	5	5	5	5	0	5	5	5	5	5	2	1.7839763514210363
T01337	4	1	1	2	4	5	5	2	5	2	1	0.6840475105435396
T01338	2	1	5	1	1	4	1	3	2	1	1	-1.9721744069853047
T01339	5	4	5	5	5	5	5	5	5	5	2	2.3958610473941153
T01340	4	4	2	3	2	5	4	5	4	4	2	0.39001864969070776
T01341	1	1	2	1	3	4	2	3	4	2	1	-0.48007050353735325
T01342	5	5	5	4	5	5	5	4	4	3	1	-0.21061907755490916
T01343	4	3	5	4	5	4	4	4	5	5	2	2.360717950534762
T01344	2	1	3	5	2	3	4	4	3	2	1	0.15969125069706522
T01345	2	1	2	3	5	3	5	3	5	1	2	0.5021210177172329
T01346	3	1	5	3	4	5	3	3	1	1	1	0.06273865422850922
T01347	4	3	5	3	5	5	4	2	5	1	2	0.9050713572063119
T01348	2	1	2	1	3	3	4	2	4	2	1	-1.1134229893203897
T01349	5	4	2	2	5	5	4	4	4	3	2	-0.22187323599987518
T01350	4	5	3	3	4	4	4	5	4	2	2	-0.01798552632674444
T01351	5	2	2	5	2	5	2	2	3	1	1	-1.115848768130239
T01352	4	4	5	2	3	4	3	5	5	4	2	1.1560287855453477
T01353	5	4	5	5	5	5	4	5	5	2	1	1.3110419288792987
T01354	4	4	3	5	4	4	4	1	4	2	2	0.5240466510423549
T01355	5	5	5	1	4	5	2	5	3	5	1	-0.28711166726654547
T01356	4	2	4	1	2	3	4	4	2	3	1	-0.8956861835210421
T01357	5	5	5	5	5	4	5	5	5	5	2	0.8378213623764315
T01358	4	5	3	4	5	5	5	3	2	3	2	0.2280655540958566
T01359	4	4	5	2	5	2	4	0	5	5	2	1.1066462981382428
T01360	5	5	5	5	5	5	5	4	4	3	1	0.9913383789753664
T01361	5	4	5	5	5	4	5	4	4	4	1	-0.32258955606173023
T01362	5	5	5	4	5	4	5	4	4	4	1	0.5423835069931293
T01363	4	3	3	1	5	4	4	4	5	1	1	0.13584168220982448
T01364	4	1	4	3	3	5	2	4	3	4	2	0.05090115390648779
T01365	2	4	5	2	5	5	5	4	4	5	1	1.0180271624442394
T01366	5	5	2	4	5	5	4	4	4	3	2	0.8084557204346983
T01367	5	2	5	5	5	5	4	5	3	2	1	0.3359455587264307
T01368	5	1	0	2	1	5	1	1	2	2	1	-0.2858184511000551
T01369	4	5	5	3	5	5	4	5	4	5	2	1.4408455491561218
T01370	4	4	2	1	2	2	2	1	3	1	1	-0.944143714877225
T01371	5	4	5	4	4	5	4	4	5	2	2	0.7217915747989722
T01372	4	4	4	5	5	4	4	4	5	3	2	1.832917683408225
T01373	4	1	2	1	2	5	4	4	4	2	1	-0.1437625027051857
T01374	4	2	3	4	4	3	3	2	4	3	1	-0.2655782954603225
T01375	4	4	5	4	5	4	5	4	5	5	2	1.9203338515230617
T01376	5	5	3	3	4	5	5	5	4	4	2	0.512942061990161
T01377	5	3	4	4	5	3	4	5	5	4	2	1.762978754751344
T01378	5	4	5	5	5	5	5	5	4	5	1	1.9243146417839156
T01379	5	4	4	2	3	5	4	4	4	2	2	1.2666165449958067
T01380	4	2	4	2	2	5	4	1	4	2	2	0.19339721364960616
T01381	5	0	5	4	5	4	4	4	5	3	1	-1.034714992040135
T01382	5	2	5	4	4	5	5	4	4	4	2	0.2603813011085957
T01383	5	4	4	3	4	4	5	4	3	5	2	1.407663841924157
T01384	5	4	5	5	4	5	5	4	5	4	1	0.7265801009630242
T01385	5	5	5	5	5	4	5	5	4	5	2	2.9612033208253523
T01386	5	4	5	4	4	5	5	4	4	2	1	1.2201570445396288
T01387	3	3	2	2	1	4	4	2	4	2	1	0.21903589922128724
T01388	4	2	4	4	1	5	3	2	4	2	2	0.17926028398774288
T01389	5	5	5	5	5	5	5	5	5	5	2	1.0176171189107923
T01390	3	1	2	4	3	4	4	2	1	2	1	0.5743443413376246
T01391	4	4	3	3	4	4	3	2	5	4	2	0.14608468211609438
T01392	4	4	4	2	4	4	4	4	4	2	2	2.3861541448946104
T01393	3	4	4	2	3	4	2	2	4	1	1	-0.646749120478439
T01394	3	2	0	3	3	4	3	2	4	0	1	-0.7939237335427589
T01395	2	5	4	5	4	4	4	5	4	2	2	1.7718939154653341
T01396	2	2	5	3	4	3	4	4	3	4	2	0.40746816851594686
T01397	5	3	4	4	2	4	4	0	5	2	1	-0.04853340432617416
T01398	5	4	3	3	3	3	4	4	4	4	2	0.26049354958623877
T01399	4	2	2	2	4	0	4	2	3	2	1	-0.3214915466564462
T01400	3	1	1	1	4	5	4	1	4	2	2	0.6880977898742493
T01401	2	2	3	2	2	1	2	1	2	2	1	0.31515369786516145
T01402	2	2	2	2	4	4	2	2	3	2	2	-0.08690612273789748
T01403	4	5	4	2	5	5	2	4	3	4	2	-0.09208525017700336
T01404	5	4	4	5	4	5	5	4	4	4	1	1.879130957609955
T01405	1	2	2	1	4	4	4	2	3	1	1	-0.6137922789216165
T01406	4	5	0	3	4	5	4	4	5	4	1	-0.18732697605482634
T01407	4	2	5	3	2	4	2	4	4	3	1	-1.7429418533812546
T01408	5	4	4	2	4	4	4	4	5	5	1	-0.2092077885287047
T01409	2	1	2	2	2	5	2	2	2	1	2	-0.3117011195301681
T01410	4	4	2	2	2	4	4	3	4	2	2	0.10867080218012898
T01411	5	4	5	2	4	4	4	5	5	4	2	-0.12477425152525234
T01412	4	4	2	2	5	3	4	4	4	2	2	0.698352820676308
T01413	4	1	1	1	4	4	5	4	5	3	1	1.833404446057055
T01414	4	4	4	4	2	5	3	4	4	4	1	-0.2710777388346174
T01415	4	4	4	5	5	5	5	5	5	2	1	2.0294600208833327
T01416	4	3	4	3	3	5	4	4	4	4	1	0.4279437884738136
T01417	5	5	5	4	3	4	5	2	5	3	1	0.9081844949704758
T01418	1	2	5	4	2	4	1	4	3	4	1	-0.6469121860897189
T01419	3	1	3	2	1	3	2	2	2	1	1	1.2636240963003684
T01420	4	5	5	4	5	4	5	4	2	2	1	0.47762779662329874
T01421	4	4	4	2	3	5	4	4	4	1	1	0.6666357344228173
T01422	4	5	5	4	5	5	4	4	3	3	2	0.15576258012204036
T01423	5	3	5	5	2	4	4	5	4	4	2	1.360627531529894
T01424	2	3	3	4	1	4	4	2	2	4	1	-0.3022739837730787
T01425	5	5	5	5	5	5	5	4	3	4	2	1.7470218504816946
T01426	5	5	5	4	5	4	4	5	5	3	1	0.22407923588773654
T01427	2	1	1	3	2	4	2	2	4	2	1	-1.881411244572123
T01428	5	2	5	3	3	3	4	3	2	2	2	-0.018395687699291285
T01429	5	1	4	2	4	5	3	1	2	2	1	-0.30525210214617593
T01430	4	3	4	2	3	4	4	5	4	2	1	1.9813132233722597
T01431	4	1	3	1	2	4	0	3	4	1	1	-0.7116321213977752
T01432	4	4	2	5	3	5	5	4	4	3	1	0.43838837819484194
T01433	5	2	4	2	2	3	2	3	2	1	2	-0.3317532409631643
T01434	5	5	5	4	5	5	5	5	5	4	2	0.13986985166307586
T01435	5	5	5	3	3	5	5	4	5	3	1	0.608193877626387
T01436	5	4	4	5	5	4	4	5	5	5	2	1.203180696383197
T01437	4	4	5	5	5	4	5	2	5	3	1	0.4441666837988816
T01438	4	4	4	3	5	5	4	3	4	2	1	0.35324808011933473
T01439	2	5	1	1	2	5	5	3	5	2	1	-0.5006632937231543
T01440	3	3	5	3	5	5	5	4	4	1	1	-0.6063337973752144
T01441	3	4	5	4	5	5	4	4	5	5	1	0.5725423067856646
T01442	4	3	4	2	5	4	5	4	3	0	2	-0.41211781964662664
T01443	5	5	5	4	5	1	4	5	5	3	2	0.9325525450082003
T01444	4	5	5	4	5	3	5	4	3	1	2	0.6829157031714728
T01445	4	4	5	3	2	4	4	4	4	4	2	1.3921362431886324
T01446	4	1	2	3	5	4	4	3	4	2	1	-1.8868433335722838
T01447	5	5	5	3	5	5	3	5	5	4	2	0.8288299604314637
T01448	5	5	4	5	5	0	5	4	2	3	1	1.223409673326418
T01449	5	5	5	3	5	3	5	4	5	2	2	0.11481781433480742
T01450	5	4	5	2	5	5	5	5	0	4	1	0.22748469980855834
T01451	5	4	5	5	5	3	5	4	5	2	2	1.8025348050360037
T01452	5	2	5	5	4	5	4	3	5	4	1	1.5098998791997884
T01453	5	5	5	3	5	5	4	5	5	5	2	1.719184652126965
T01454	4	2	3	3	2	5	2	3	1	2	2	-0.8794977306033787
T01455	5	5	5	5	5	5	5	5	5	5	2	2.2813001796867196
T01456	5	5	5	3	5	5	5	5	5	3	2	1.259353726261396
T01457	5	1	5	2	1	4	4	4	5	1	1	-0.34532338744153634
T01458	5	5	5	5	5	5	5	4	5	3	2	1.371171383021701
T01459	3	5	5	3	5	4	4	5	5	2	2	1.3201975063555893
T01460	4	5	4	4	5	5	4	4	5	5	1	-0.47118424195547753
T01461	4	5	4	1	3	5	4	3	3	2	1	0.974363868348031
T01462	5	2	5	3	3	4	4	4	3	3	1	0.1910962129601712
T01463	5	3	5	4	5	4	4	2	4	4	2	1.2775772674433874
T01464	5	4	4	5	3	5	4	5	4	5	2	0.687570558863829
T01465	4	4	5	4	2	5	4	5	5	2	1	1.2293848132218737
T01466	4	5	5	5	4	4	5	5	4	3	2	1.143907208471557
T01467	5	1	4	4	3	4	4	2	2	1	1	-0.18417131609886092
T01468	4	1	4	3	4	2	3	4	5	4	1	-0.9965460827874216
T01469	2	1	2	2	1	3	2	3	5	1	1	-0.2029375111137301
T01470	5	4	5	5	4	4	4	5	4	2	2	0.9301175797909167
T01471	4	1	3	2	3	5	2	2	2	3	1	1.0491493298102352
T01472	5	2	4	2	5	5	4	4	4	4	2	0.43759050936801347
T01473	5	2	3	3	3	4	4	3	4	2	2	0.5427715766725656
T01474	4	4	3	4	4	3	5	5	4	4	1	0.6941744299841242
T01475	3	4	2	4	3	5	4	4	4	5	1	0.3581561336712397
T01476	4	4	2	3	4	4	3	2	2	1	2	0.2998330315786367
T01477	5	4	5	4	5	4	4	0	5	4	1	0.633067340794814
T01478	4	3	2	2	3	5	3	4	5	2	1	-0.0748274958958522
T01479	3	4	4	3	5	4	4	5	0	4	2	-0.5026146189328646
T01480	5	3	5	4	4	4	3	4	4	4	2	1.5656456911233407
T01481	0	1	4	2	3	4	4	0	3	1	1	1.1959786885350945
T01482	4	4	5	4	3	5	4	2	4	2	1	0.22322593879723987
T01483	4	4	4	4	3	4	4	3	3	2	1	-0.6420892200012737
T01484	5	5	4	3	5	5	5	4	5	5	2	2.4991765675400415
T01485	4	3	4	2	4	5	5	4	4	5	1	-1.3939556476808437
T01486	5	4	3	1	2	4	2	4	4	2	2	-0.32088531603241227
T01487	5	5	3	4	5	5	3	3	4	2	1	0.19020263483829608
T01488	5	4	3	2	2	5	4	4	4	2	1	-0.24955873606630719
T01489	4	2	5	4	3	4	3	4	3	2	2	-0.7030202884102057
T01490	5	4	4	4	5	5	5	5	5	5	2	0.0953694053724563
T01491	2	3	2	1	2	3	3	2	1	1	2	-0.41650598031281066
T01492	4	1	2	3	4	4	2	3	4	2	2	-0.45151715341196197
T01493	5	5	5	3	4	5	5	5	4	4	1	-0.18436030343951726
T01494	5	4	3	3	3	5	4	4	4	4	1	-0.4342642974489077
T01495	2	2	4	1	4	3	2	2	4	4	1	0.7977732509806347
T01496	4	2	5	3	4	4	4	5	5	2	2	2.1342836855692555
T01497	4	4	4	3	3	3	4	0	4	1	1	-0.70499360114231
T01498	4	2	2	2	4	3	4	4	4	5	2	0.2757727496226708
T01499	3	2	5	4	2	4	4	2	4	3	1	0.4240616578109314
T01500	5	5	4	5	5	5	5	5	5	5	2	0.28334294500183277
T01501	1	2	4	2	2	5	2	1	1	1	1	-1.1651261480520128
T01502	5	5	5	5	5	4	5	5	5	5	2	1.2150434136856594
T01503	5	2	5	2	3	5	3	4	4	3	2	-0.0128200962144846
T01504	3	3	4	1	4	4	4	3	5	2	1	0.059232002022686275
T01505	5	4	4	4	2	3	4	5	5	4	2	1.0652645954409583
T01506	3	4	1	2	4	5	4	2	3	1	1	-0.2967981681002334
T01507	4	4	2	1	4	4	4	4	5	1	1	-0.3105436104531269
T01508	3	1	4	3	5	5	3	4	1	1	1	0.8267634549319959
T01509	5	5	5	3	5	4	5	5	5	5	2	0.2398066902716116
T01510	1	1	1	1	2	5	2	1	2	1	2	-0.19136937741519183
T01511	0	5	5	5	4	4	5	5	0	5	1	0.24606153674457892
T01512	4	2	5	3	2	5	5	4	5	4	2	0.2977713510772496
T01513	4	2	5	5	3	4	4	5	4	5	1	0.4125620362020826
T01514	2	2	4	1	1	4	3	2	2	1	1	0.15533935689013784
T01515	2	1	4	4	1	3	3	2	4	3	1	-0.028604700553990392
T01516	4	2	5	4	3	4	5	2	4	1	1	0.023627581024484035
T01517	2	5	5	5	5	4	5	4	5	4	1	-0.07948514144235341
T01518	4	2	4	2	2	3	4	4	3	1	1	-0.45172692789950397
T01519	5	5	5	5	5	5	5	5	5	4	2	0.2778757910033298
T01520	4	4	1	0	3	1	4	4	4	2	2	1.2259594170045278
T01521	4	4	4	4	2	4	3	2	4	4	1	0.39535997555510705
T01522	5	3	5	3	5	5	5	5	4	3	2	0.8776859099071812
T01523	1	2	4	1	3	4	2	4	5	2	1	-1.5878035053411446
T01524	2	2	2	2	2	1	4	3	3	1	1	-1.0144276244224744
T01525	4	1	4	1	2	3	5	4	4	2	2	1.5333913569034867
T01526	4	0	2	3	4	3	4	3	3	2	2	-0.5653700175040082
T01527	5	4	4	3	4	4	4	5	5	5	1	1.4140577785375577
T01528	4	4	4	4	4	1	3	2	5	3	1	-0.14269079951675773
T01529	5	3	5	3	4	5	4	3	5	5	1	0.7505946378531712
T01530	2	3	1	2	3	4	2	2	1	4	1	-1.1408383420969845
T01531	2	1	1	1	2	3	1	2	2	2	1	-0.8080153615223906
T01532	4	2	4	4	2	3	4	5	3	2	1	0.6855786376824895
T01533	4	4	4	4	5	4	5	5	1	1	1	-0.20230437962512288
T01534	5	5	5	5	4	4	4	4	5	5	2	-0.14563631814861655
T01535	5	5	5	4	4	5	4	2	5	4	2	-0.21624416673712643
T01536	4	3	5	2	4	5	4	2	5	5	2	1.5733459348441976
T01537	4	4	2	5	4	5	3	4	2	1	1	0.4715437485729326
T01538	5	5	3	4	5	3	4	0	3	5	1	0.07936834929999029
T01539	4	1	2	1	3	3	1	2	2	1	1	-1.773679187090314
T01540	2	4	5	5	2	2	2	2	5	1	1	-1.2804717749956536
T01541	5	2	5	2	5	5	4	5	4	2	1	0.889642269710327
T01542	2	4	2	4	2	4	4	2	5	4	1	-0.48035901456772023
T01543	5	5	5	5	4	5	5	5	5	2	2	-0.04448492253007852
T01544	4	4	5	5	4	4	4	4	5	2	2	1.7037939781496232
T01545	4	4	4	5	4	0	5	5	5	3	2	-0.270030235858008
T01546	3	1	4	1	3	4	4	4	4	3	1	0.5803074918348352
T01547	5	5	5	4	0	5	5	4	5	4	2	2.0051082005385106
T01548	4	2	2	1	4	1	4	3	3	2	1	-0.4080029928840301
T01549	5	4	0	5	4	3	4	5	5	5	2	1.6555669978284524
T01550	4	5	5	3	5	5	4	4	5	3	1	-0.06319043290491877
T01551	2	4	4	5	3	4	4	4	4	3	1	0.6332449373205284
T01552	0	5	5	5	4	5	4	3	5	3	1	0.37639512853239127
T01553	4	4	3	2	2	4	3	1	3	4	1	-0.9117692579553003
T01554	4	4	2	2	2	4	3	3	2	4	2	0.4437529961651304
T01555	3	2	4	4	3	5	4	4	4	2	2	0.4970828878730671
T01556	5	5	5	5	5	5	5	5	5	4	2	0.028690904577139742
T01557	5	4	4	3	4	5	4	5	5	4	1	-0.3597345985494674
T01558	4	5	4	4	4	5	4	4	4	4	2	-0.14714407549680353
T01559	5	4	5	3	4	5	4	5	5	4	2	0.9676855266926054
T01560	2	1	2	1	1	4	2	1	3	1	1	-1.3753751915112842
T01561	2	4	2	1	1	3	2	1	3	3	1	-0.4577666736001529
T01562	5	3	5	4	4	5	5	4	5	5	1	1.3813799691948243
T01563	5	5	4	5	4	5	5	5	5	5	2	1.6921825364353897
T01564	4	2	2	2	4	4	4	2	4	2	1	-0.490276700899365
T01565	2	5	3	4	3	5	3	4	4	2	1	-0.5612242700047552
T01566	5	5	5	5	4	5	5	3	5	5	2	1.5758353525223354
T01567	3	2	4	3	5	5	5	4	4	3	1	0.8692208548708403
T01568	3	4	4	4	4	5	3	5	4	2	1	0.04883536319283649
T01569	3	5	5	5	5	4	3	5	4	2	1	1.571286268994711
T01570	5	4	4	3	3	3	3	2	5	2	1	0.004672944336160972
T01571	5	5	5	2	5	5	4	4	5	4	2	0.6283850665798087
T01572	3	4	4	2	3	5	2	4	5	4	2	0.43180919252844263
T01573	5	3	5	5	4	4	3	5	5	5	1	0.38157691825323736
T01574	5	4	5	5	5	5	5	5	5	5	2	0.007869485386888808
T01575	2	2	5	3	2	4	3	1	4	3	1	0.19898092418565522
T01576	5	5	4	2	5	4	5	5	5	4	2	-0.2688963219778848
T01577	5	4	5	4	1	4	5	4	5	3	2	0.6431045592145764
T01578	4	4	5	4	5	5	4	5	5	5	1	-0.48774057422894634
T01579	3	2	2	1	4	5	4	2	5	4	1	0.8828138966678665
T01580	2	3	3	4	3	2	0	4	1	1	1	-0.8648083533511802
T01581	4	4	4	4	4	4	4	3	4	3	2	-0.0006480442713216461
T01582	5	4	2	2	4	5	5	5	4	5	2	0.7709916631140753
T01583	4	5	2	4	5	5	4	4	5	3	2	1.5160373158966418
T01584	4	5	2	3	4	5	4	3	5	5	2	0.3793934737880001
T01585	4	1	4	3	2	5	4	1	4	1	1	-0.3603336476098665
T01586	4	4	5	2	4	5	4	4	4	3	2	2.1760785884454874
T01587	4	4	4	4	4	5	5	4	5	4	2	0.7739328766430484
T01588	1	1	1	2	2	5	4	1	4	3	2	1.4317116242290242
T01589	4	4	4	2	2	4	2	3	5	2	1	-0.10172764379555921
T01590	4	3	3	2	1	2	4	2	4	2	2	-0.3744972321515477
T01591	4	4	4	1	2	3	2	2	2	2	2	0.7103408341242898
T01592	4	3	2	2	2	5	2	2	2	2	1	-0.5152137070390573
T01593	4	5	5	5	5	4	5	5	0	5	2	0.4277051525464003
T01594	5	5	5	4	4	2	4	5	4	5	2	0.6786568063899875
T01595	3	4	2	1	2	4	2	2	3	1	1	-0.2000221444799739
T01596	3	4	4	4	2	4	4	4	5	3	1	0.5034780493134119
T01597	1	4	1	3	4	4	5	4	2	1	1	-0.2893600612755805
T01598	5	5	5	3	3	5	4	5	3	4	1	-0.14502799812737083
T01599	5	4	5	5	5	5	5	5	5	5	2	1.1622825293195915
T01600	2	3	3	4	2	5	4	4	4	4	2	-0.5448727567299481
T01601	2	2	5	2	2	4	1	5	4	1	1	-0.6579867622849244
T01602	5	5	5	5	5	5	5	5	4	5	2	2.251071649369317
T01603	5	4	4	1	4	4	5	4	5	3	2	1.507719755743313
T01604	4	1	4	1	2	3	3	4	4	2	1	-0.5963563246455084
T01605	2	0	2	3	3	4	4	4	2	2	1	-1.3778365818439562
T01606	2	1	2	1	1	2	1	1	4	0	1	-1.3539537879324357
T01607	4	4	1	3	3	1	1	3	4	4	1	-0.40705138633888105
T01608	5	4	4	3	3	5	5	3	5	5	2	0.12838654986677267
T01609	4	2	2	4	5	5	4	3	5	1	1	-0.7299494561509723
T01610	4	3	5	5	4	4	5	5	5	5	2	1.0247493372582144
T01611	3	4	4	4	5	4	4	5	4	2	2	0.22722305495739054
T01612	2	1	1	1	1	1	1	1	2	2	1	0.8111764677329047
T01613	4	4	4	0	2	4	4	5	5	1	2	-0.047476036996073556
T01614	4	2	4	2	3	5	4	5	4	2	2	-0.4816230896056001
T01615	5	1	3	3	4	4	4	5	5	2	1	1.35186846307863
T01616	4	3	4	1	3	4	4	4	5	4	2	1.0785834212673093
T01617	4	3	4	2	3	4	3	4	5	2	2	0.14435470494236602
T01618	4	4	4	2	3	4	3	2	3	2	1	-0.2724770289441503
T01619	5	4	5	5	4	5	5	5	3	4	1	0.7433929093485636
T01620	5	3	4	2	4	2	4	5	4	3	1	0.26818492071477334
T01621	4	4	5	5	4	5	4	5	5	5	1	-0.1833799115872503
T01622	3	3	3	3	3	5	3	4	4	2	2	-0.2831408502164114
T01623	3	4	3	2	3	4	3	2	4	3	2	0.8459449761978417
T01624	3	1	1	2	2	3	2	2	4	2	1	-0.42416483018965234
T01625	5	5	3	2	5	5	4	2	5	4	2	-0.028142217288724236
T01626	4	2	5	2	2	4	4	3	1	1	1	-0.9334512596978295
T01627	2	2	4	2	1	4	2	2	4	1	1	0.46425636095827016
T01628	4	1	1	2	2	4	2	3	5	2	2	1.05549228987255
T01629	5	5	4	3	5	5	5	5	4	5	2	1.4737320627511994
T01630	4	1	4	2	2	3	4	3	2	4	1	1.3854323852839672
T01631	3	5	4	4	3	5	4	5	5	5	2	-0.2415879114723456
T01632	2	2	4	2	2	3	1	3	3	2	1	-0.27297312697285864
T01633	4	4	4	4	0	5	4	3	4	3	1	0.3298268997614009
T01634	5	5	5	5	5	5	5	5	4	5	2	2.225842045077543
T01635	4	3	5	5	1	3	3	5	2	4	1	0.3838543227199459
T01636	0	1	4	1	1	4	3	1	3	2	1	-1.004188040278698
T01637	5	5	4	5	5	5	5	5	4	4	2	0.08060964446814878
T01638	1	1	2	2	4	2	2	5	3	1	1	-0.5485645770604776
T01639	4	4	4	2	2	5	3	4	5	5	1	1.384406798592065
T01640	4	2	4	2	2	5	2	5	4	4	1	-0.836698049517029
T01641	5	5	5	1	3	5	4	5	4	5	1	0.5562460560652999
T01642	5	5	5	4	5	5	5	4	5	3	1	1.564388367405047
T01643	4	4	4	2	5	4	4	4	5	5	1	0.7575137964579799
T01644	3	1	2	2	3	3	1	2	3	1	1	-1.320229640404223
T01645	5	4	3	3	3	5	4	4	4	2	1	0.29933343936328494
T01646	5	2	2	3	5	4	4	4	2	3	2	-0.4177015688870369
T01647	5	5	0	5	5	5	5	5	5	5	2	1.4525536333669098
T01648	3	5	3	2	4	5	5	4	5	4	2	0.7580223130628602
T01649	5	2	4	4	2	4	4	4	3	2	1	-0.3113389925881362
T01650	4	0	4	3	3	5	3	3	4	5	2	0.9635624089177817
T01651	5	4	2	3	2	5	5	4	4	4	2	1.0043193336379461
T01652	4	4	4	3	4	2	3	3	4	2	1	-0.3221194396684764
T01653	4	4	4	2	1	4	2	4	5	3	1	-1.428866974130584
T01654	4	1	5	4	4	4	5	4	3	3	1	-0.5212938425773337
T01655	5	5	5	5	5	5	5	5	4	5	2	1.5327551260784198
T01656	5	5	5	4	5	5	5	5	5	4	2	2.6943325252302825
T01657	4	3	4	2	2	4	2	5	3	1	1	0.18347809903081413
T01658	4	3	2	2	3	4	4	3	3	2	1	-0.34717161490189263
T01659	2	2	1	2	2	1	4	2	3	1	1	0.016224700440585493
T01660	5	5	4	4	5	3	5	2	5	5	2	1.3734423471759682
T01661	3	1	4	5	2	4	3	2	5	3	1	0.8305974571689052
T01662	5	5	5	5	5	4	5	4	5	5	2	1.0119828255902004
T01663	5	5	5	4	5	5	5	5	5	4	2	1.183972027237608
T01664	5	5	4	3	3	4	4	3	5	4	1	0.30120586960703744
T01665	5	5	5	4	4	4	3	5	4	2	2	1.1828382167547362
T01666	3	1	2	2	5	3	2	1	4	1	1	0.32991719252873597
T01667	5	5	4	5	5	5	5	5	4	5	2	0.6591057865434925
T01668	5	5	5	3	5	4	4	3	5	3	2	-0.529079241646518
T01669	4	4	5	4	5	5	5	4	5	2	2	1.0479107711003033
T01670	4	4	5	2	4	4	3	5	5	4	2	0.6274108758791705
T01671	5	4	4	2	3	5	4	5	0	2	1	-0.17844934905018103
T01672	2	2	2	5	3	4	4	2	2	2	2	0.8500094194482009
T01673	4	5	5	5	4	4	4	4	2	2	1	-0.04146404781665072
T01674	5	3	2	2	4	5	2	2	5	1	2	-0.02885878945728118
T01675	4	1	4	2	4	5	2	2	4	2	1	-1.432480589773098
T01676	4	4	4	5	5	5	4	5	5	5	2	-0.5611054970321835
T01677	5	2	3	2	4	5	5	4	4	1	1	0.21106544900072244
T01678	5	4	4	2	5	5	5	4	4	3	1	0.223644350664642
T01679	5	5	5	5	5	5	5	5	5	5	2	0.9246299621839098
T01680	4	5	3	2	3	4	4	2	3	3	1	1.090155409287152
T01681	4	2	3	3	2	4	4	4	4	2	2	0.42817520291968963
T01682	4	4	4	3	4	5	4	5	4	4	1	0.403371368258977
T01683	5	5	5	3	3	5	2	5	4	4	2	0.6148528207762305
T01684	3	4	4	3	5	5	4	4	4	2	1	-0.37948154369484377
T01685	1	5	4	5	4	4	4	5	3	2	1	1.2099912935536246
T01686	4	2	5	5	3	5	4	2	4	4	2	0.1381441454535567
T01687	5	5	5	5	5	5	4	5	5	5	2	1.1061326497837303
T01688	5	2	5	5	5	5	5	5	5	4	1	0.28860562043815785
T01689	5	4	3	4	4	3	5	4	4	5	1	0.49898320876478675
T01690	5	4	3	2	4	4	2	4	5	2	2	0.3634527441836636
T01691	5	0	5	2	2	4	2	4	5	4	1	-0.30633700759682797
T01692	4	5	4	0	4	5	4	5	5	2	2	0.9283311544574349
T01693	4	2	4	3	4	4	2	4	2	2	2	0.41710428812323674
T01694	4	5	5	4	4	2	4	3	4	4	2	0.3337605947327649
T01695	5	5	4	3	4	5	5	5	5	3	1	0.31511194633044987
T01696	4	1	4	1	3	4	2	1	4	2	1	-0.20508675422887299
T01697	5	3	3	5	5	0	5	5	4	2	2	0.5153129157603017
T01698	4	2	4	1	4	4	2	2	4	1	1	-0.5038642487615513
T01699	4	2	4	2	0	4	4	4	5	1	1	-0.2934524284059902
T01700	2	3	2	2	5	4	2	2	4	4	1	0.576940350293033
T01701	4	1	0	2	1	4	2	4	4	1	1	-1.8583002583411756
T01702	5	5	4	4	5	3	5	4	4	5	1	0.1462556142499033
T01703	5	4	3	2	2	4	5	4	5	2	2	0.8008661740633277
T01704	4	1	2	4	4	3	2	2	5	2	1	0.498643947741003
T01705	5	5	4	4	3	5	4	4	4	4	2	-0.09826486236325238
T01706	4	1	1	2	3	4	3	3	4	3	1	-0.8673508331322435
T01707	2	1	2	2	1	3	0	2	3	2	1	-0.8396853406279987
T01708	2	2	4	2	2	4	2	1	2	3	1	-0.6708290737461502
T01709	5	4	4	4	5	5	4	5	5	2	1	-0.32391842899035694
T01710	5	5	5	5	5	5	5	5	5	3	2	1.3834882970168236
T01711	5	4	4	4	3	3	5	4	5	1	2	0.6602394550155912
T01712	4	2	2	2	5	4	4	4	4	4	2	-0.030795805493641415
T01713	4	2	4	4	4	5	5	5	5	3	2	-0.09869383329935899
T01714	5	4	2	2	5	5	4	4	4	2	1	0.4591142086558302
T01715	4	3	4	1	1	3	2	3	4	1	1	-1.221940992903702
T01716	2	4	4	3	2	5	4	2	2	2	1	0.36342453884472686
T01717	4	5	2	4	3	5	5	5	5	5	2	2.354467138351267
T01718	5	4	4	4	5	5	4	5	4	4	2	1.7304547008697309
T01719	5	5	5	4	5	5	5	4	5	5	1	0.049321145597942206
T01720	5	3	4	4	4	5	4	5	4	2	2	-0.14394568330236368
T01721	5	4	5	4	4	3	5	5	4	3	2	1.7208482595640864
T01722	4	3	3	2	4	5	5	4	5	5	1	0.06995572534593475
T01723	4	4	2	4	5	4	3	5	4	0	2	-1.0129509753806598
T01724	5	4	4	2	3	4	4	3	3	2	1	-0.2028311802308561
T01725	3	5	3	2	3	4	4	4	4	2	2	-0.15457059529302586
T01726	3	2	1	4	4	3	5	3	5	4	2	0.40875007588866646
T01727	4	2	4	3	2	5	1	4	4	2	2	-0.7449764519049176
T01728	4	3	5	3	4	5	5	4	4	4	1	0.3890433342318912
T01729	5	0	0	4	4	4	5	4	5	5	2	1.042897174324938
T01730	5	5	4	3	5	4	3	5	3	4	2	1.2243521231187122
T01731	4	4	5	4	5	4	4	2	3	2	1	-0.0985966755255099
T01732	2	2	4	2	5	2	3	1	2	1	1	-0.7045801567013087
T01733	4	4	4	1	2	4	4	3	2	1	1	0.18460591086110884
T01734	4	1	4	3	2	3	2	2	2	1	1	-0.9437842759020727
T01735	5	4	5	4	4	4	4	5	4	2	1	-0.6791344751152804
T01736	5	5	5	5	5	5	5	4	5	5	1	0.5575757788449285
T01737	2	1	5	3	3	5	4	2	4	1	1	1.3291631157353685
T01738	4	2	4	2	5	5	5	5	4	2	1	-0.24315762628213444
T01739	4	4	4	2	5	4	3	4	5	2	2	0.4498939934911321
T01740	4	1	4	3	5	5	3	3	4	3	1	-0.22499626512152526
T01741	3	2	1	2	3	5	2	4	2	1	1	-0.19704389656658228
T01742	4	2	3	1	2	5	0	3	4	3	1	0.14867290559010202
T01743	4	3	2	3	3	5	3	2	3	1	1	-0.38493886992336646
T01744	5	3	5	2	5	5	5	3	3	2	1	1.1915313354643802
T01745	2	4	4	2	4	4	3	2	3	3	1	-1.150342097174758
T01746	1	1	2	1	1	4	1	1	1	1	1	0.1788436629473048
T01747	5	4	4	2	4	4	4	4	4	2	1	1.0423327412942864
T01748	5	4	4	3	4	0	4	3	4	3	2	0.08795820248070624
T01749	5	4	4	2	4	3	3	3	2	2	2	0.8075845863276656
T01750	5	2	4	0	4	5	4	4	4	2	2	0.7491605315061639
T01751	4	1	2	2	2	5	3	1	1	1	1	-1.4928163906796752
T01752	4	5	5	3	5	5	5	3	4	3	2	0.7409691131255821
T01753	5	4	5	4	5	5	4	4	5	4	1	0.3952019147701188
T01754	5	5	5	5	5	5	5	5	5	5	2	1.6013053700100628
T01755	3	2	2	2	4	4	3	4	5	2	2	1.490611691187607
T01756	5	5	4	3	5	4	5	3	4	2	2	1.7775411581145408
T01757	5	4	5	3	5	0	5	4	5	5	2	0.701103966430908
T01758	5	5	5	3	4	5	2	5	5	2	1	0.1368106649289205
T01759	2	4	4	1	2	4	4	2	3	2	1	-0.1790238138895764
T01760	5	5	5	2	4	5	4	5	5	4	2	1.132009918477171
T01761	2	1	4	3	4	4	2	4	2	4	2	0.8138899879906416
T01762	4	3	3	4	1	4	4	3	4	1	1	0.3175181852737771
T01763	2	4	4	2	5	4	2	5	4	5	1	2.202181371555592
T01764	5	5	3	5	4	5	5	5	4	5	1	1.035362689951276
T01765	5	5	5	2	4	5	5	5	5	2	2	-0.09296688523373575
T01766	4	4	4	2	4	4	4	5	5	2	2	0.8710178780770423
T01767	2	3	3	2	4	4	4	5	4	4	2	0.09078533004769179
T01768	4	5	2	4	4	5	4	5	4	4	2	1.4256566335688163
T01769	5	2	4	2	4	5	4	4	4	2	2	1.4512362917380468
T01770	2	4	5	3	4	5	4	2	4	1	1	-0.33616711255189213
T01771	5	4	2	4	5	5	3	5	4	1	1	-0.0867195271361115
T01772	4	2	2	2	0	4	4	4	4	3	2	1.1963442165425113
T01773	5	4	5	3	5	5	4	4	4	4	2	1.669425728033765
T01774	4	4	4	2	1	4	4	2	4	4	1	-0.32146847144195073
T01775	5	5	5	2	5	4	4	4	4	4	2	-0.14403024314000046
T01776	3	2	2	3	2	5	1	2	4	1	1	-0.7475410970657006
T01777	4	4	4	2	2	3	4	1	4	4	2	1.9430342234112206
T01778	4	1	5	4	2	2	4	4	4	2	1	-1.0202085829461447
T01779	5	2	3	3	4	4	4	4	4	5	2	-0.5251453530364669
T01780	5	4	5	4	5	4	3	3	5	4	2	1.2798402356625036
T01781	3	1	5	3	3	4	3	2	1	1	2	-0.37465724391434957
T01782	4	5	5	5	4	4	5	3	5	2	2	1.1955287327491195
T01783	4	5	5	5	5	4	5	4	0	5	1	0.39557288539304114
T01784	0	2	2	2	4	4	4	4	2	1	1	0.06364458432475871
T01785	4	4	4	1	4	4	2	1	2	2	1	-1.3317290192070457
T01786	1	4	4	4	3	0	4	4	4	1	1	0.3389910253555008
T01787	4	2	5	4	4	5	3	5	4	2	1	1.091614762393826
T01788	5	5	5	4	5	5	5	5	0	5	2	2.339329344541606
T01789	3	3	4	0	4	5	2	2	4	3	1	-0.004549345660301574
T01790	5	5	4	4	3	4	4	5	0	5	2	0.845531949374962
T01791	1	1	2	1	1	3	1	1	1	1	1	-1.7758321128444277
T01792	4	1	5	2	4	4	4	4	4	4	1	-0.5761223387936758
T01793	4	4	2	2	2	4	3	4	2	1	1	0.14916493781579415
T01794	4	5	5	3	1	3	5	5	4	3	2	1.6785040695632079
T01795	2	5	1	2	3	3	2	1	2	1	1	-0.6362258647023868
T01796	4	1	2	2	4	4	4	3	1	2	1	-0.31802584971082193
T01797	5	1	3	2	5	5	2	2	3	3	1	0.2780178719390056
T01798	5	5	4	5	5	5	5	5	5	5	2	1.9332137753152117
T01799	2	4	2	1	2	5	3	3	4	1	1	-2.216126886104672
T01800	4	4	4	4	4	4	4	4	5	3	2	-0.33642458260546704
T01801	4	1	2	2	2	2	3	2	4	2	1	0.32291902824350527
T01802	5	4	4	4	4	4	4	5	5	2	2	0.5417146206626939
T01803	5	5	5	2	4	5	5	4	4	5	2	1.5664168742576834
T01804	5	4	4	5	4	5	5	4	1	5	2	0.9668681949305263
T01805	2	3	4	2	1	4	3	4	1	1	1	-0.7712050633130787
T01806	4	3	4	3	4	3	4	5	4	2	1	-0.27856048114079024
T01807	3	3	2	3	2	5	2	2	4	3	1	-0.34235347201651434
T01808	5	1	2	2	2	2	4	2	2	2	1	-0.2375128071214862
T01809	5	5	5	5	5	5	5	5	5	5	2	2.0416251424498846
T01810	3	0	4	2	2	4	2	2	2	3	2	-0.44471550191456555
T01811	4	1	4	2	4	4	4	2	4	2	1	0.8503165468671605
T01812	5	5	4	3	5	5	5	4	3	2	1	0.9031375531161985
T01813	4	4	4	2	4	2	2	4	4	4	1	0.14434887311785055
T01814	4	4	5	2	5	5	5	5	5	4	1	-0.5094896965440163
T01815	5	5	2	4	4	5	5	4	4	3	2	-0.18111338339297167
T01816	5	4	3	2	2	4	4	3	4	1	2	0.3753199445505127
T01817	4	4	2	2	5	4	1	4	4	3	2	-0.17595845756550876
T01818	4	2	5	2	2	2	2	2	4	2	1	0.3656323249698126
T01819	5	4	5	3	4	5	4	3	3	1	2	-0.626961073586898
T01820	4	5	5	4	5	4	3	3	5	2	1	-0.3027297032777779
T01821	5	4	5	5	5	5	5	5	5	4	2	1.0017999766841164
T01822	5	2	5	3	5	5	5	5	4	5	2	0.9198773297383703
T01823	4	4	4	2	0	5	5	4	5	2	1	0.17976842679522748
T01824	5	3	5	5	5	5	5	5	5	5	1	1.2781995281164504
T01825	5	5	4	5	4	4	5	5	4	4	1	0.5942527890914954
T01826	3	5	5	2	3	1	3	2	4	2	1	-0.343630728226269
T01827	4	4	5	0	2	4	4	4	5	3	2	1.176335252157469
T01828	5	4	5	3	4	5	5	5	5	4	2	0.13368647073586704
T01829	5	5	5	4	5	4	5	5	5	5	2	0.82893789970584
T01830	4	3	4	2	2	4	4	2	4	2	1	-0.4742449982930947
T01831	2	1	4	2	3	2	2	2	4	3	1	-0.7238777748329408
T01832	3	0	4	5	5	5	5	4	5	0	1	-0.9562426728377691
T01833	4	1	5	1	4	4	4	4	4	4	1	0.20438451509992692
T01834	4	2	3	2	3	4	4	4	2	3	1	0.3163050444364372
T01835	4	3	5	2	4	5	3	4	5	4	2	0.9632495101674146
T01836	4	3	3	4	4	4	5	4	4	2	1	0.8849737020882422
T01837	5	5	4	4	4	5	4	0	5	5	2	1.399466303696772
T01838	2	1	2	2	4	4	3	2	3	2	2	-0.8337687245011607
T01839	3	2	4	1	4	4	1	0	2	2	2	-0.3788183571290776
T01840	4	4	4	2	5	4	3	4	4	1	1	0.45741341359296256
T01841	2	1	2	2	2	1	2	4	4	1	2	-1.5870148524397707
T01842	5	4	5	5	4	5	3	3	3	4	2	0.012366581462320392
T01843	4	2	4	2	4	3	3	2	3	2	1	0.12854718769708642
T01844	4	4	5	5	5	4	5	5	5	2	1	2.447306551527707
T01845	5	4	4	3	4	5	4	5	4	5	2	-0.2978915437119708
T01846	4	2	3	2	2	2	5	3	3	2	1	1.5399528448658288
T01847	5	5	4	5	4	0	5	4	5	3	2	0.42967623608567085
T01848	5	5	5	4	4	3	5	5	5	3	2	-0.001426618557147874
T01849	4	1	2	2	1	2	4	2	4	2	2	0.8436394856297573
T01850	3	4	4	4	4	4	4	3	1	2	2	0.42205068626530023
T01851	3	3	5	2	1	4	2	2	2	3	1	-1.414369891794394
T01852	5	4	4	2	4	4	5	4	3	5	2	0.8437264080025022
T01853	0	4	4	3	5	3	4	2	4	4	2	0.862728487808186
T01854	3	1	5	4	2	4	3	4	4	2	2	0.7860032337521491
T01855	1	3	5	3	2	5	4	4	4	4	1	-0.8676430571011873
T01856	4	2	2	3	3	4	2	3	3	1	1	-1.6848407588482783
T01857	4	4	1	3	1	4	2	2	3	2	1	-1.0370027128824963
T01858	3	4	5	2	4	4	4	4	3	4	1	-1.1817586737418773
T01859	5	4	4	4	5	5	4	2	2	5	1	-0.76903222525102
T01860	3	4	4	2	2	4	2	2	4	1	1	0.6650106234689823
T01861	2	2	4	3	4	4	3	3	2	1	1	0.3363244262634213
T01862	4	2	5	4	3	4	5	4	4	5	1	0.03189561665832075
T01863	5	2	4	5	3	3	4	4	3	1	1	-0.37590872271961984
T01864	5	3	4	2	3	5	2	5	2	2	1	-0.8859100994396613
T01865	0	5	4	3	2	5	4	3	5	4	2	0.2557691019362047
T01866	5	5	4	5	4	5	4	4	5	5	2	1.1034342117079439
T01867	4	4	3	1	4	2	4	4	4	2	2	1.1792680603526469
T01868	5	3	2	3	1	5	5	5	4	3	1	1.2703912205308208
T01869	5	0	5	4	5	5	3	4	5	4	2	-0.8428845309992915
T01870	4	2	5	4	5	5	5	5	5	5	2	1.0189114342974834
T01871	2	5	5	4	5	4	4	5	4	4	1	0.18061906053294963
T01872	0	4	5	5	5	5	5	5	5	5	2	1.0097404440056432
T01873	5	4	2	2	5	2	5	5	5	3	2	2.626313002942803
T01874	4	2	1	3	2	4	2	2	3	2	2	-0.223713411840403
T01875	4	2	4	3	1	4	3	4	2	2	2	-1.298587736996891
T01876	2	1	0	2	4	4	2	5	4	2	2	-0.7207069581407846
T01877	4	2	2	3	3	4	5	2	1	3	2	1.5038346256196624
T01878	4	3	2	3	2	4	2	2	3	2	1	-0.3329537858765767
T01879	4	0	3	3	4	5	5	4	4	4	2	-0.18536927214574606
T01880	4	4	5	3	5	4	3	2	3	1	2	0.35139726636334273
T01881	5	1	1	0	1	3	2	1	2	1	1	-1.1037408214227817
T01882	4	4	4	2	5	4	3	3	4	2	1	-1.101885282477714
T01883	3	3	4	2	3	3	2	1	3	2	1	-0.640990259387836
T01884	4	4	4	4	3	4	3	5	3	3	1	0.11808837157479202
T01885	1	1	1	2	1	4	3	2	4	1	1	-0.16763417672941128
T01886	5	4	5	3	5	5	4	4	4	3	1	0.3742996226024319
T01887	5	3	4	5	4	4	4	2	5	4	2	0.6964076888812634
T01888	5	5	5	5	4	5	4	3	4	1	1	0.6270998724377443
T01889	5	4	5	4	5	5	5	5	5	3	2	1.8683039765887637
T01890	5	5	4	4	5	5	5	4	5	5	1	0.7933787893403819
T01891	5	4	5	4	5	5	5	2	4	2	1	0.2751708201088577
T01892	3	2	5	4	5	4	4	4	5	5	1	0.5408586014786418
T01893	4	5	4	4	4	4	3	3	4	5	1	-0.585876926646579
T01894	4	4	3	4	3	4	5	2	2	3	2	1.0279101081043738
T01895	3	4	4	3	4	5	4	4	4	4	1	0.7359892321701895
T01896	0	5	5	3	5	5	4	4	5	4	2	-0.2585523603231972
T01897	3	4	4	2	4	5	3	2	3	1	2	0.528023539433198
T01898	4	4	4	3	5	4	5	5	4	5	2	1.6604309509265816
T01899	5	5	5	5	5	4	5	4	5	4	2	1.8806919759787162
T01900	5	3	4	2	2	3	2	1	3	2	1	-0.9330306371524945
T01901	4	2	1	1	1	2	4	4	2	2	2	0.032794621560846504
T01902	2	2	1	3	4	4	2	2	2	2	1	-0.046090998927146715
T01903	5	4	2	5	5	5	4	5	5	3	2	1.2431461333218392
T01904	4	5	5	2	3	4	5	4	5	2	1	-0.6608420697050885
T01905	5	3	4	2	2	3	2	4	1	2	1	0.6929590466854413
T01906	4	1	1	2	3	4	2	2	4	1	1	-0.9537364452652296
T01907	5	5	4	4	4	5	2	4	5	3	1	0.2560863348986405
T01908	4	5	4	3	2	5	5	5	4	3	2	2.1624994762848675
T01909	4	4	1	3	4	5	4	5	5	5	1	-0.16378948616097755
T01910	4	3	4	3	2	4	3	3	3	4	1	-0.5757069078904713
T01911	4	4	2	3	4	5	4	4	5	5	1	-0.0002856195879876594
T01912	3	2	3	2	4	4	4	3	3	2	1	-0.17798697671535474
T01913	4	1	2	2	2	3	4	4	4	1	2	0.6139231806588257
T01914	3	2	4	2	4	3	2	3	1	1	1	-0.7134267201281923
T01915	4	2	5	4	4	4	4	2	4	4	2	0.8641042391692455
T01916	4	3	1	2	2	4	5	1	3	1	1	-0.4699570223276931
T01917	5	4	3	5	5	4	4	4	5	1	1	-0.2558305820224025
T01918	5	3	4	4	4	4	3	5	4	5	1	0.7137276183136678
T01919	4	3	5	3	2	4	4	4	3	2	1	0.6602704503402039
T01920	5	5	4	3	5	2	4	4	5	5	2	0.8724616428362975
T01921	5	2	4	4	4	2	5	3	4	2	2	0.3391699636683194
T01922	4	2	3	3	2	4	3	2	1	1	1	-0.4403087904898428
T01923	4	2	4	4	2	4	3	5	3	4	2	0.9317251561066442
T01924	3	1	2	4	4	4	4	2	4	1	1	0.5500360915567264
T01925	5	3	4	2	3	5	4	4	5	3	1	-0.47994429813547085
T01926	2	1	1	4	5	5	4	3	4	3	1	-0.37218086512751125
T01927	3	5	4	4	5	3	4	5	5	2	1	0.4227151432615046
T01928	5	5	5	4	4	5	4	5	5	5	2	0.48508237459012066
T01929	4	3	5	3	3	4	3	0	5	4	1	-0.4238139173620593
T01930	5	4	5	3	5	4	5	2	5	4	1	0.17520515943602943
T01931	5	4	4	5	5	5	4	4	5	5	1	0.13193636833253403
T01932	3	5	5	2	5	4	0	4	4	5	2	1.8006198668320357
T01933	2	3	4	1	1	5	2	2	1	4	1	-0.02273583035349591
T01934	4	4	5	2	2	4	2	4	4	2	1	0.5236328975441039
T01935	4	5	4	3	5	4	4	1	5	2	1	0.5407911042495925
T01936	4	4	2	4	4	3	3	2	4	2	1	-1.0243678589100105
T01937	5	3	3	3	4	4	4	1	4	1	1	-0.9837332434806967
T01938	4	0	1	3	5	4	3	3	3	4	1	-0.33265163181034174
T01939	5	5	4	3	4	0	5	4	4	3	2	0.8836558606018418
T01940	3	1	1	3	2	2	1	4	2	1	1	-0.5736976238040324
T01941	5	3	4	2	2	5	4	5	5	1	1	0.3067167397793895
T01942	1	2	4	2	3	5	3	2	1	1	1	-0.6550667645785451
T01943	3	1	1	2	4	4	2	1	2	1	2	0.1701834531698992
T01944	4	4	5	1	5	5	3	4	3	5	1	0.5006421746317272
T01945	4	5	5	3	4	5	4	3	5	2	2	0.39600906916751516
T01946	3	2	3	2	1	4	4	2	5	1	1	-0.19377593032108095
T01947	3	2	2	0	2	5	4	2	2	2	1	-0.8717269840350863
T01948	4	2	4	3	3	4	4	0	4	2	1	0.7745640601329361
T01949	4	3	4	3	2	5	3	4	4	4	2	0.9046101466765557
T01950	4	2	3	2	4	4	4	1	5	3	1	-0.5338279608130005
T01951	3	1	4	1	4	4	1	1	2	2	2	-0.46478503847827723
T01952	2	1	4	2	4	4	2	4	4	3	2	0.20064241050573084
T01953	4	4	5	4	5	4	5	4	4	4	2	0.8928116166339883
T01954	5	5	5	5	5	5	5	5	3	5	2	-0.08889144402374471
T01955	4	5	4	5	4	4	4	5	5	5	2	0.6014444377150931
T01956	1	1	2	3	1	4	2	2	1	2	2	0.636668176488376
T01957	3	1	1	2	4	2	2	1	4	1	1	-1.5916008785915046
T01958	4	3	2	2	5	5	4	4	4	5	1	0.8822657902531827
T01959	2	4	4	2	2	3	1	2	4	2	1	-0.908428966159998
T01960	5	5	2	4	4	4	4	5	4	3	1	-0.1146020423523545
T01961	5	2	5	1	2	4	3	2	5	3	2	0.8974540392899256
T01962	2	2	3	2	3	3	2	4	4	1	2	-0.7502276451224565
T01963	4	2	5	2	1	4	3	2	2	1	1	0.3647614875163692
T01964	4	5	5	4	4	5	4	5	5	4	1	-0.02771299573192576
T01965	4	5	5	2	2	2	3	4	4	0	2	-0.06817656879257533
T01966	5	3	5	0	4	3	4	5	3	2	1	0.3340708356091187
T01967	5	4	3	4	4	5	3	4	3	3	2	-0.5767039093513264
T01968	2	4	2	2	3	4	4	4	3	2	1	-1.0813152361970368
T01969	3	2	3	2	4	4	0	4	3	2	1	-0.9014835712593894
T01970	4	2	2	5	4	4	2	5	4	3	1	-1.1190602021873164
T01971	4	1	3	5	5	5	4	3	3	4	1	1.083783254138387
T01972	5	5	5	5	5	5	5	5	5	4	2	0.7929785798626398
T01973	1	1	2	2	4	3	5	3	3	4	2	1.1003734648007124
T01974	4	4	5	5	5	5	4	5	4	2	1	0.9680209256479906
T01975	5	5	5	5	5	5	4	5	5	4	2	1.6735160926020156
T01976	2	5	2	1	1	3	2	2	2	3	1	-0.8761383236037529
T01977	5	2	3	2	4	4	2	2	0	2	1	0.09235443935891446
T01978	3	2	4	2	3	5	4	1	4	2	1	0.02638600137418018
T01979	4	5	5	4	4	5	4	3	5	3	2	0.6947733555911334
T01980	5	0	4	3	5	5	2	4	5	2	1	-0.543299437235051
T01981	2	4	2	5	4	3	1	2	4	1	1	-0.31369964438630005
T01982	4	4	3	2	5	4	2	4	4	1	1	0.34575353524761704
T01983	5	4	2	4	5	5	4	5	3	4	1	0.2883738910307007
T01984	5	5	4	5	5	5	5	5	3	5	2	0.07339123147493887
T01985	3	2	3	2	2	4	4	1	3	1	1	0.551360588672893
T01986	5	5	5	2	5	4	5	5	5	5	2	1.053400183136497
T01987	5	3	4	4	3	3	5	2	3	3	1	1.3866417128123576
T01988	5	4	3	3	5	5	3	4	4	2	1	0.24923350200732547
T01989	2	2	4	4	5	5	5	4	5	4	1	-0.10112375525029771
T01990	4	3	5	2	4	4	3	3	5	2	1	0.9132525008914815
T01991	5	3	3	4	5	5	3	4	4	4	2	0.42884542334848463
T01992	5	4	3	5	4	5	5	4	0	3	1	0.32100850421649774
T01993	2	1	4	2	1	5	2	2	4	1	2	-0.8699649752511288
T01994	5	2	2	4	2	4	5	4	4	3	2	0.6515170342927492
T01995	4	4	3	2	3	4	5	5	4	3	1	0.5096101288755883
T01996	5	0	4	4	3	5	4	5	4	3	2	0.8208670789803034
T01997	4	3	5	5	5	5	4	5	5	2	2	-0.5928117231689483
T01998	3	4	4	2	2	4	3	4	4	1	2	0.2830332497316965
T01999	4	4	4	4	5	5	3	4	5	4	2	0.7551614561591492
T02000	4	2	2	2	4	4	5	4	5	2	2	0.2649495792603876
T02001	3	4	2	2	2	4	4	3	4	4	2	0.7495949222178977
T02002	5	4	5	4	5	4	4	5	5	5	2	0.8337161323844745
T02003	4	1	5	1	1	4	3	3	2	1	1	-1.145588819240858
T02004	5	5	5	5	5	5	5	5	4	5	2	1.6099964112668546
T02005	5	1	2	2	1	4	2	1	4	2	2	0.8109870120365079
T02006	5	5	4	4	5	5	5	5	5	2	2	0.1635407868880574
T02007	2	2	4	3	2	5	5	2	4	4	1	-0.5804578791982948
T02008	4	2	4	4	2	5	4	1	4	4	1	1.042440343123032
T02009	5	3	4	3	4	4	4	5	5	4	2	0.4845248842227776
T02010	5	4	4	5	5	4	5	4	5	4	2	0.9612085734925088
T02011	4	4	5	5	5	5	5	5	5	5	2	1.7903144368458388
T02012	5	5	4	4	4	4	5	5	5	3	2	0.6941200687112811
T02013	5	5	5	3	0	5	5	4	5	5	2	1.2223553457257563
T02014	5	5	4	5	5	4	5	4	5	4	2	1.2633001146338505
T02015	5	5	5	5	5	5	5	5	5	5	2	1.3113318657582425
T02016	3	2	1	4	1	3	5	1	2	1	1	1.3820269258337898
T02017	4	4	4	4	2	4	4	4	5	3	1	-0.15951839601379914
T02018	5	5	4	5	5	5	5	5	5	5	1	0.6452792520874192
T02019	5	4	4	3	4	3	4	5	4	2	2	0.5126970227272089
T02020	3	3	3	4	4	5	2	5	1	2	1	-0.21424505775515396
T02021	4	3	3	2	4	4	2	4	5	4	2	0.09144902930518725
T02022	5	4	4	4	4	5	5	4	5	3	2	0.39938135551331666
T02023	4	1	2	2	1	2	1	2	1	1	1	-1.153213192168342
T02024	5	4	4	5	5	5	5	4	4	2	1	2.1550712754791164
T02025	4	2	2	2	1	4	2	4	4	2	1	-1.3600310110955378
T02026	5	5	5	5	4	5	5	4	2	3	1	1.5116515786572473
T02027	3	2	4	2	4	4	4	2	4	4	1	0.4422168678784846
T02028	4	4	4	1	2	3	2	4	1	1	1	-1.6761920765977232
T02029	2	0	4	3	2	4	3	4	4	4	1	-0.015920172005441824
T02030	4	3	4	3	1	4	2	4	4	3	1	0.42842206393732896
T02031	5	4	5	4	4	5	5	5	5	4	2	1.1266271887681139
T02032	4	4	4	2	4	5	5	4	5	4	2	0.6450879198145485
T02033	2	4	4	4	3	4	4	2	5	1	1	1.2554953300722824
T02034	4	4	2	5	4	4	5	3	4	3	2	1.0428068031232187
T02035	3	1	5	4	3	4	2	2	5	1	1	-0.7454751603703627
T02036	4	4	4	1	4	4	4	5	4	3	2	-0.3408067199440651
T02037	5	5	4	2	3	2	4	5	4	4	1	-0.3837679771770029
T02038	4	5	5	5	5	5	0	5	5	5	2	0.9530106179524132
T02039	4	1	5	2	2	5	2	2	2	2	2	0.6592225672793783
T02040	5	5	4	2	4	4	3	5	5	4	2	1.1399139904470652
T02041	0	5	5	2	4	4	5	5	5	5	2	1.0424885304115243
T02042	0	5	3	2	4	5	4	4	4	2	2	0.06769209440978347
T02043	4	4	5	2	4	4	4	1	4	2	1	0.3363824590215915
T02044	2	4	4	2	4	4	5	5	4	1	1	1.8136964841320646
T02045	3	2	3	3	1	4	2	1	4	2	1	1.3407591000465615
T02046	5	5	5	0	5	5	5	5	5	4	2	1.1653046317326465
T02047	5	4	4	2	4	4	4	4	5	2	1	0.7795646315011107
T02048	3	4	5	5	4	5	5	5	5	5	2	2.1336321798297817
T02049	5	1	4	1	2	3	4	2	2	1	1	-0.7955801540257674
T02050	2	1	4	1	4	4	2	2	4	1	2	0.4315388412743879
T02051	4	2	4	5	3	3	4	4	4	2	2	0.04729963085359157
T02052	5	3	5	3	5	5	5	2	5	5	2	0.963261742277146
T02053	4	2	4	4	4	4	4	5	4	5	2	1.8552659016104995
T02054	5	5	5	5	5	4	5	5	5	5	1	1.397747809022358
T02055	4	3	4	4	3	5	5	5	4	2	2	0.7059724031449105
T02056	4	4	5	0	5	5	4	3	5	3	2	0.23765717296744227
T02057	3	5	1	3	5	5	4	4	4	5	2	1.8443470574330603
T02058	3	2	2	2	1	2	2	4	2	1	2	0.11611741473780368
T02059	4	3	2	2	3	5	3	4	4	2	2	0.14812187045984354
T02060	1	4	2	3	4	4	0	2	3	1	1	-0.7066923050249448
T02061	5	2	4	2	4	2	4	3	3	3	1	0.10352597393293712
T02062	3	4	5	0	3	5	4	2	5	4	2	1.2482923984364085
T02063	2	3	5	4	4	4	4	4	4	5	1	0.1041588075740352
T02064	5	5	5	4	4	5	4	5	5	5	2	1.4257375577455995
T02065	5	2	3	2	4	5	4	5	3	2	2	-0.3537445650752406
T02066	5	4	4	3	4	4	4	4	5	2	1	-0.06064850836454394
T02067	4	4	4	4	5	5	4	2	4	2	1	0.9608982425432919
T02068	5	4	5	2	2	5	4	4	4	5	2	0.47524269543166675
T02069	0	2	4	4	4	5	4	4	5	5	1	-0.06191191302428654
T02070	5	5	5	4	5	5	5	5	4	5	2	2.041817594372465
T02071	4	4	5	4	3	4	4	5	4	3	2	-0.7679150404299095
T02072	4	5	4	5	5	2	5	2	4	3	2	0.3903272415108122
T02073	5	5	5	5	4	5	4	5	5	4	2	0.6859735821966276
T02074	5	3	4	1	4	5	5	5	4	4	1	1.12534216993498
T02075	1	1	2	1	1	3	2	2	3	2	2	-1.7013731395701555
T02076	5	2	1	3	2	5	4	2	4	1	2	0.7889445843199067
T02077	5	5	4	4	5	4	5	5	4	5	2	0.0524017792793019
T02078	5	3	3	2	2	4	3	4	4	2	2	0.7593996810511279
T02079	4	4	4	4	3	4	5	4	0	4	1	0.7671594318792764
T02080	3	4	5	4	4	5	3	5	5	3	2	0.9575557123269431
T02081	3	3	5	3	4	5	3	3	0	4	2	-0.5373560290810084
T02082	5	5	5	3	4	5	5	3	4	2	1	0.07461058359678902
T02083	3	2	3	5	2	3	2	0	4	4	1	-1.2761687705916551
T02084	4	4	3	4	4	4	5	3	4	4	1	0.8001976743919345
T02085	5	4	5	2	5	5	4	4	5	4	2	0.4123946912485189
T02086	4	1	4	4	4	4	2	4	4	4	1	-0.7535005280330148
T02087	5	4	4	2	5	5	5	4	5	2	2	1.214319849617815
T02088	5	5	2	1	4	4	3	2	4	2	2	0.28918213542015403
T02089	5	4	5	5	3	5	3	3	4	2	2	-0.13183890950971433
T02090	4	4	2	5	5	4	5	4	0	5	2	2.2659050365283058
T02091	4	2	5	1	4	5	2	4	4	2	2	0.5849278771356216
T02092	5	2	4	5	5	5	3	5	4	4	1	-0.28029680378239286
T02093	5	3	4	5	5	5	4	3	4	3	2	1.3026105324490904
T02094	5	2	5	4	4	4	4	4	2	2	2	-0.05749672340552525
T02095	5	5	2	5	5	4	4	4	5	5	1	-0.9730433367929894
T02096	5	4	4	4	5	4	4	4	2	4	2	1.3730460195690748
T02097	4	1	4	2	3	4	4	4	3	2	1	-0.6457116860459787
T02098	4	5	4	2	5	4	5	5	4	3	2	1.2706765440542922
T02099	5	5	5	5	4	5	4	5	5	5	1	1.0832321490775492
T02100	4	4	4	5	4	1	4	1	4	2	2	1.4085446058197846
T02101	1	1	3	1	3	3	1	2	3	2	1	-0.2418840991032286
T02102	5	4	4	3	3	1	3	3	5	2	2	0.16031076115198656
T02103	4	2	4	4	5	4	4	4	5	5	1	1.3601979270877278
T02104	4	4	2	3	3	4	2	4	3	3	2	0.2835979123241568
T02105	4	4	5	2	5	2	4	4	4	4	1	-0.31461279305169604
T02106	5	2	5	1	3	4	0	5	4	2	2	-0.5663545820833897
T02107	3	4	5	2	1	3	1	2	1	2	1	0.317971187858644
T02108	5	4	5	2	2	4	2	2	3	3	1	-0.5565447162686123
T02109	4	3	4	1	4	5	4	2	4	2	2	1.160455202332901
T02110	4	1	2	3	3	4	3	4	4	3	1	0.1551764872882579
T02111	4	3	4	2	2	5	4	4	4	3	1	-0.805848120181119
T02112	3	2	1	1	1	2	2	1	3	1	1	-1.1804643282637572
T02113	4	4	1	2	3	2	5	2	5	1	2	1.1213426984487704
T02114	5	2	3	3	4	4	4	4	4	1	1	0.25567697054747773
T02115	2	1	1	2	5	3	5	2	3	2	1	0.6222663828731598
T02116	4	2	3	2	3	3	4	3	3	1	1	-0.685288337358176
T02117	3	5	4	2	1	3	4	2	3	1	2	0.9358226394523927
T02118	4	3	5	4	1	5	0	5	4	5	1	1.317118671479997
T02119	5	4	5	4	5	4	4	4	5	5	1	-0.5350243876462871
T02120	4	2	2	2	2	4	2	2	3	3	1	-0.0987798373209619
T02121	2	2	1	1	2	4	1	1	5	2	1	-1.3915136519592055
T02122	5	4	2	4	4	4	2	2	5	2	1	-0.9988035032114957
T02123	5	5	4	5	5	5	5	5	5	3	2	0.46003151500061046
T02124	2	3	3	2	3	2	4	1	4	3	1	0.7223960822990805
T02125	5	5	4	4	4	5	4	3	2	5	2	-0.5882193735832284
T02126	5	5	5	4	5	5	5	5	5	5	2	0.817940770961234
T02127	2	1	2	3	3	4	4	4	4	2	1	-0.3419190792333998
T02128	4	0	4	3	3	3	4	2	5	2	1	-0.4317603547088262
T02129	4	4	5	2	5	3	5	4	4	4	2	1.8511987301302373
T02130	1	2	1	1	2	5	2	2	2	1	1	-0.9613377894754213
T02131	5	4	5	4	4	5	4	4	4	3	2	0.8068386077437767
T02132	5	3	5	4	5	5	2	5	5	4	1	-0.09246270971863024
T02133	0	2	4	3	4	5	4	4	2	2	1	-0.18512394646427388
T02134	4	1	3	2	2	2	2	3	4	0	1	0.20100738790548522
T02135	4	4	4	5	3	4	5	4	5	1	2	0.2525282178193258
T02136	5	2	4	3	3	5	2	4	0	2	1	-0.6147246293117788
T02137	4	5	1	2	3	5	4	4	5	2	2	0.4195670864577392
T02138	4	2	4	2	4	5	2	2	4	2	1	0.0366213391423969
T02139	4	5	3	3	5	4	5	5	4	4	1	0.6817857157804238
T02140	2	3	4	2	5	4	4	2	4	2	2	0.9036684845336701
T02141	2	1	1	4	2	2	3	2	1	2	1	1.2715719322196537
T02142	5	0	4	5	2	5	4	2	5	1	1	0.793717217085419
T02143	3	2	4	4	4	4	2	4	4	2	1	0.6891189912033595
T02144	5	2	5	2	3	5	4	4	3	3	1	-1.2152741003612586
T02145	2	1	1	1	1	5	2	1	2	2	1	-0.2596919019478361
T02146	2	3	2	3	3	2	3	2	4	4	1	0.39175494931897686
T02147	2	4	5	5	4	4	4	5	4	3	2	-0.5878275165929763
T02148	4	4	3	4	4	5	5	2	3	4	2	2.3484745349377008
T02149	3	1	1	1	4	2	2	2	2	1	1	0.18167473310323667
T02150	1	2	1	1	4	4	2	2	2	1	1	-1.70144582328086
T02151	4	3	4	4	4	5	1	2	5	1	1	-1.7228545940278028
T02152	5	5	5	4	5	5	5	5	5	5	2	0.9718041355216444
T02153	5	4	4	4	4	5	5	5	5	4	2	1.0538782283202761
T02154	5	3	4	2	4	4	3	4	4	3	1	0.020788316814522895
T02155	4	2	3	2	4	5	4	4	4	3	2	1.0211220812220403
T02156	5	5	5	5	5	4	5	5	5	5	2	1.897670609805898
T02157	5	4	5	5	5	5	5	5	5	5	2	-0.07582610381613097
T02158	5	2	4	4	5	3	4	4	5	1	2	0.8644666742354362
T02159	3	4	1	2	3	5	3	5	5	2	2	-0.5370212051681345
T02160	5	4	4	5	5	5	5	5	4	3	1	1.5936290596168257
T02161	4	2	5	4	4	4	5	4	5	2	1	0.24218026988487062
T02162	4	4	5	2	4	4	3	2	4	4	2	0.5863908139517799
T02163	5	5	2	3	5	4	5	4	5	2	1	0.7211178286121123
T02164	5	5	5	5	2	4	5	3	4	4	2	0.2587241222258758
T02165	5	4	5	5	5	5	5	5	5	4	2	2.422483167257134
T02166	5	5	5	3	5	5	5	4	5	4	1	0.344484792016168
T02167	5	4	5	3	3	5	4	5	5	3	2	1.763843219310948
T02168	2	1	2	4	4	4	1	3	3	2	1	-1.3937400093909331
T02169	2	5	5	5	5	4	4	4	4	4	2	-0.3140727929577607
T02170	3	0	4	2	3	5	4	4	2	2	1	-1.1666341461419774
T02171	1	4	2	2	4	4	2	5	4	2	1	0.2484355903037438
T02172	4	3	4	4	2	2	4	0	4	2	1	-0.5676580529564547
T02173	5	4	5	5	5	4	5	3	5	3	2	1.546732583775776
T02174	4	4	4	3	4	4	3	3	5	2	2	1.891336934070396
T02175	5	5	5	5	4	4	0	5	5	4	2	1.9217963772140563
T02176	5	5	5	2	4	5	4	5	5	4	2	0.6874816724846075
T02177	4	4	4	5	4	4	4	2	5	3	2	-0.06539847517634445
T02178	4	4	1	2	3	4	2	1	5	4	2	0.7228409387177048
T02179	5	4	2	3	5	5	5	4	2	2	1	0.9918065314417
T02180	3	4	3	1	3	4	4	3	4	3	2	-0.6114309798614852
T02181	5	4	4	5	3	5	3	5	4	2	2	1.2619715272240963
T02182	5	5	5	4	5	5	4	5	5	5	1	-0.02452870913260774
T02183	3	1	4	3	3	2	4	3	1	1	1	0.3891520582698297
T02184	4	4	1	5	4	4	5	3	5	5	1	0.6659765523462514
T02185	4	3	1	1	2	4	4	1	3	1	2	1.7909064953772333
T02186	5	3	5	5	5	5	4	4	2	2	2	1.5844382169590376
T02187	4	2	2	2	4	4	2	2	1	2	1	0.4940815739281824
T02188	5	5	4	5	5	5	5	5	5	5	2	2.0131509295519625
T02189	5	4	5	2	0	5	5	5	5	3	2	0.6087970085692995
T02190	4	2	4	2	4	5	4	3	2	2	2	-1.2520679157539547
T02191	2	4	5	2	2	4	2	2	4	2	1	0.8114227411341319
T02192	3	4	4	4	5	5	5	4	3	4	2	1.1760453854776403
T02193	5	5	5	5	5	5	5	5	5	5	2	0.965506108744301
T02194	1	1	3	2	3	3	1	2	3	1	1	-0.5486175387536086
T02195	4	4	5	4	4	5	4	4	5	4	2	0.2399197099127537
T02196	3	2	5	0	2	4	2	3	4	3	1	0.10794215891564019
T02197	4	4	4	5	2	5	3	3	1	1	1	0.05073253011852352
T02198	5	2	4	4	5	4	5	4	4	2	2	1.3891551700422091
T02199	2	2	4	3	4	4	1	3	4	1	2	1.0545073675707077
T02200	2	3	4	2	1	3	2	3	5	2	1	-0.31181319702966553
T02201	4	4	5	2	3	4	3	4	4	2	2	0.6827016598518411
T02202	3	5	4	5	1	5	3	5	4	5	1	-0.11793175775675074
T02203	2	1	4	3	3	5	4	3	5	2	2	-1.0106001292995201
T02204	5	4	4	3	4	5	4	4	5	2	2	-0.7973758289009639
T02205	5	3	3	3	5	5	5	4	4	4	2	1.4191441142007082
T02206	2	2	1	1	1	2	1	1	1	1	1	-1.7116650291542204
T02207	5	3	5	2	4	4	5	3	4	4	2	0.9757576889251685
T02208	4	3	5	2	3	5	4	2	4	1	1	-0.07000157865356768
T02209	4	4	5	4	5	4	3	4	4	2	2	0.12324157924733367
T02210	4	4	2	2	2	3	4	4	5	2	1	-0.1281157288060747
T02211	5	4	4	2	4	5	0	5	5	4	2	0.9304098834740036
T02212	5	3	2	2	4	4	1	2	5	2	1	-0.7742594547290327
T02213	5	5	5	2	4	5	2	4	4	3	1	0.7033037168806376
T02214	4	4	3	2	4	4	4	5	4	4	1	0.1972206960202287
T02215	4	4	4	2	3	4	5	4	5	1	2	-0.14022610070761676
T02216	2	3	4	0	4	4	4	1	4	2	2	1.214992418208199
T02217	3	2	4	4	5	4	5	4	5	2	1	0.5446652208461074
T02218	4	2	1	1	2	4	1	2	2	0	2	0.778310825656275
T02219	1	2	4	3	2	1	1	3	2	2	1	-0.8541718109291694
T02220	4	4	5	5	2	4	5	4	5	5	2	0.039376102630155785
T02221	1	1	1	2	1	0	3	4	1	1	1	0.14231402652860892
T02222	3	3	4	3	4	5	4	2	4	3	2	-0.16103228171024536
T02223	5	4	5	2	5	3	4	3	4	1	2	-0.7401084612403521
T02224	4	5	4	3	4	4	4	3	2	1	1	-0.055805958824353866
T02225	0	2	4	4	4	4	4	3	4	2	2	0.8348287068286696
T02226	5	2	4	3	4	0	3	4	4	1	1	0.5654776360925257
T02227	5	4	1	4	5	4	2	2	5	2	1	-0.02610763732620741
T02228	4	2	4	2	2	5	3	4	4	2	1	0.6799503039711792
T02229	4	4	2	2	3	5	2	1	4	4	2	-0.19482232363410273
T02230	4	1	4	3	4	2	4	4	3	1	2	0.7442265937669583
T02231	5	4	4	4	4	5	4	4	5	2	1	-0.34037266886333134
T02232	5	5	5	5	5	5	5	5	5	5	2	1.293505672296893
T02233	2	3	2	1	2	1	1	1	2	1	1	-0.04827125646130903
T02234	5	4	4	2	4	5	4	4	4	4	2	-0.04303108189019844
T02235	3	1	2	2	3	3	2	2	2	1	1	-1.9731736994557427
T02236	3	4	1	2	1	5	2	0	2	4	1	-1.3590971709279804
T02237	3	2	3	1	4	3	2	2	4	4	1	-0.5312836120715355
T02238	3	2	3	2	2	2	4	1	4	1	1	-0.17501835255472667
T02239	0	4	4	3	3	5	4	2	5	2	2	1.425594975042256
T02240	4	2	4	2	3	2	4	3	3	2	2	0.18816746468779488
T02241	4	5	4	3	4	4	4	5	5	3	1	-0.9521577127397614
T02242	5	4	3	3	5	4	5	4	4	3	1	0.7650606399098467
T02243	3	4	4	4	2	5	4	4	4	1	2	0.9736600176879078
T02244	4	4	4	4	5	5	4	4	5	4	1	0.5578836589413261
T02245	3	4	5	5	5	5	5	5	5	5	2	-0.43144116898157203
T02246	2	2	4	3	0	5	1	3	2	2	1	-0.7921161118602822
T02247	4	4	2	3	4	4	4	2	3	4	2	-0.3572531712758006
T02248	4	4	1	2	2	4	4	1	4	2	2	0.8260976245962995
T02249	4	3	5	2	5	0	4	5	5	4	2	1.0137343010428654
T02250	3	1	1	4	2	5	4	4	1	1	1	0.09903026695827706
T02251	2	2	3	2	1	3	5	1	4	3	1	0.41832975815866213
T02252	5	5	5	5	5	5	4	4	5	4	2	0.6919007540771956
T02253	5	2	3	3	2	4	4	2	3	2	2	0.9855589611287119
T02254	3	2	4	2	2	4	4	3	0	1	1	0.4364060637334585
T02255	4	2	2	2	3	5	4	3	4	1	1	0.38916147822347347
T02256	4	4	4	3	4	4	4	5	5	4	2	1.5160748345425776
T02257	0	1	4	3	2	4	2	2	2	2	2	1.1430151645039779
T02258	4	4	4	3	2	4	2	4	5	2	2	-0.024841710342061674
T02259	3	4	4	3	4	4	4	2	4	3	1	-0.4515167679670896
T02260	5	3	5	4	5	3	4	4	5	2	2	0.6977434912039273
T02261	3	4	5	3	2	4	4	2	3	3	1	-0.6005555142786569
T02262	4	5	4	3	4	4	2	4	4	4	1	-0.9151509932135212
T02263	5	5	5	3	4	5	5	4	4	4	2	1.8215957493563302
T02264	2	2	4	1	4	3	4	2	4	4	1	0.03812138522491703
T02265	5	3	4	2	4	5	3	3	3	2	2	0.5189182901653586
T02266	5	2	5	4	5	5	5	4	4	2	1	-0.9708995528873261
T02267	4	4	3	3	5	3	4	4	4	2	2	0.7737443382690012
T02268	5	2	5	5	4	5	4	4	5	5	2	1.0553150569522054
T02269	5	5	5	5	5	4	5	5	5	5	2	-0.23140620013818136
T02270	2	5	2	4	2	4	4	5	4	2	2	0.700369139192961
T02271	5	5	4	3	5	4	5	5	4	3	2	1.1760098120485656
T02272	5	4	5	5	5	5	5	4	2	2	2	0.6588396083595319
T02273	4	1	2	3	2	5	2	3	0	3	1	-0.9515135307978629
T02274	5	4	3	3	5	5	4	3	4	2	1	-0.4409943498095944
T02275	2	3	2	2	5	4	5	4	2	2	1	-0.326231621792836
T02276	4	5	4	5	4	5	5	5	5	5	1	0.1131061096650865
T02277	5	5	3	3	4	5	5	5	5	4	2	0.5492311674566055
T02278	5	5	5	3	5	5	5	4	4	5	2	1.4919160419646262
T02279	5	5	5	5	4	5	5	5	5	4	2	2.6393692155537547
T02280	4	5	4	4	5	5	4	4	5	4	2	0.4115808576343596
T02281	3	4	4	3	2	5	4	4	3	4	2	0.5333643437980379
T02282	4	4	1	3	2	4	4	4	5	5	2	0.19613605852411553
T02283	5	4	4	3	2	3	5	5	4	2	1	0.06075381642043992
T02284	4	4	4	1	2	4	2	3	3	2	1	-0.021846651488797275
T02285	4	3	4	2	2	4	2	3	3	2	1	0.7391267944255293
T02286	5	2	4	3	4	4	4	4	5	4	2	0.2444878533348846
T02287	5	4	3	5	4	5	5	5	4	2	2	1.6473774524021558
T02288	2	3	1	1	2	4	3	2	3	1	1	-0.02739901433006975
T02289	4	3	2	4	4	3	4	2	4	2	1	0.359791700061623
T02290	4	4	5	2	5	0	2	2	3	2	1	-0.12341370134800483
T02291	4	2	4	2	2	3	2	4	4	1	2	0.9475974341126651
T02292	4	5	5	2	2	5	4	4	5	2	1	0.2413224937473315
T02293	4	4	4	2	2	5	4	4	5	1	2	1.417151351305336
T02294	5	4	3	5	4	4	5	4	5	2	2	-0.18445232264343803
T02295	5	5	5	5	5	5	5	5	5	5	2	1.2030576437816451
T02296	4	1	4	3	4	5	4	3	2	2	1	0.5850703594275053
T02297	4	4	5	4	2	4	4	2	4	1	1	0.6719312169408291
T02298	4	5	5	2	4	5	4	5	5	4	1	0.9252166262997185
T02299	0	2	5	4	5	5	4	5	4	2	2	-0.060562875429259866
T02300	5	5	5	5	5	4	5	5	0	5	1	0.9168949127677287
T02301	2	4	5	4	2	4	2	2	5	1	1	-0.7264022736001052
T02302	3	4	4	3	4	5	5	5	5	1	2	1.4636111893344612
T02303	5	2	4	2	4	4	4	1	4	2	1	-0.2161057897408761
T02304	5	5	5	4	5	5	5	1	5	4	2	-0.15079876700283756
T02305	5	5	4	4	5	4	5	5	5	2	2	0.42431609561702455
T02306	5	4	2	2	3	4	4	2	4	3	2	0.7501404635208184
T02307	4	4	2	2	3	4	3	2	5	4	1	-0.12240552358287952
T02308	3	1	3	2	2	3	2	1	4	1	1	-0.9747052054691765
T02309	3	4	5	3	4	5	5	3	4	4	1	-0.07473721008562095
T02310	4	5	4	4	0	5	4	3	5	5	1	-0.4965669405770635
T02311	4	2	3	4	4	5	3	5	5	3	1	0.5314919312448947
T02312	5	5	5	0	4	4	5	4	5	4	2	0.8321626754807443
T02313	5	5	5	4	5	5	5	5	5	5	2	1.4028264169924474
T02314	4	1	4	4	4	5	2	1	5	3	1	0.050496044199926926
T02315	4	1	3	1	4	3	1	4	4	4	1	0.17390265940276828
T02316	5	3	5	2	5	5	5	5	5	3	2	0.8605989679494503
T02317	5	4	5	2	2	5	2	5	3	4	2	0.7125503081955307
T02318	4	5	3	2	4	4	4	4	3	1	1	-0.09201075879674216
T02319	4	3	3	2	3	4	4	4	3	4	1	-0.725858775854852
T02320	4	2	5	2	4	3	4	3	2	1	1	0.2143445046899
T02321	2	0	1	1	2	4	3	3	2	1	1	-0.15731804468054772
T02322	5	5	2	2	5	5	4	5	5	3	1	0.4777159297464234
T02323	0	4	4	4	4	4	3	5	2	5	1	-0.15457531361481724
T02324	5	4	4	2	5	5	5	5	4	5	2	0.8460026670326019
T02325	4	2	5	3	1	5	4	1	4	2	1	-0.23498688962152983
T02326	5	5	5	5	5	5	5	5	5	5	2	1.5043450896258868
T02327	5	1	2	3	2	3	4	2	2	1	1	0.19410297083678943
T02328	5	4	5	5	5	5	5	5	5	5	2	0.6869725809439615
T02329	4	4	4	3	4	4	4	4	4	2	1	-0.3001000155653595
T02330	5	3	4	2	4	5	2	2	0	4	1	-0.5723827201829923
T02331	1	3	1	2	1	4	2	3	3	2	1	-0.24550066821208377
T02332	4	3	4	3	3	4	4	3	4	1	1	0.2644071516513116
T02333	2	5	4	3	2	5	5	4	5	4	2	1.3368415939328644
T02334	4	2	4	2	3	2	2	3	4	1	1	-1.264218445692767
T02335	4	4	5	4	4	4	3	1	4	4	1	0.5729910322481984
T02336	4	4	4	2	4	4	2	3	3	2	2	2.399179425200452
T02337	3	3	4	3	1	4	4	5	2	1	1	-0.30422564199953883
T02338	4	4	5	5	5	4	5	4	4	5	2	0.0008722121394437732
T02339	2	5	2	1	4	5	4	5	4	3	1	-0.5672415794597253
T02340	2	1	2	2	2	4	2	2	4	2	1	-0.9632242380756453
T02341	2	1	3	2	2	3	3	3	2	1	1	-0.55730333735354
T02342	5	2	5	2	4	3	4	4	4	0	2	1.8996188194719816
T02343	3	5	5	3	5	4	5	5	5	4	2	1.556612772388815
T02344	2	1	1	2	1	4	2	2	2	1	1	-0.1877428926279735
T02345	4	3	4	2	4	3	4	5	3	4	2	1.2045265603841466
T02346	2	4	3	1	1	3	3	4	3	2	1	-0.7419139848605079
T02347	2	3	4	3	4	5	5	5	5	4	1	0.011736724822639488
T02348	3	4	4	5	3	3	1	5	4	3	2	0.3614544014174199
T02349	4	4	5	2	4	4	4	4	5	4	2	1.7243839518352302
T02350	4	2	1	2	1	2	3	2	4	2	1	-0.2255448068298235
T02351	1	3	4	2	3	3	2	1	2	2	1	-1.0907217126336148
T02352	3	4	4	3	4	4	4	5	4	2	1	1.1378120017726425
T02353	4	5	4	3	2	5	4	2	5	3	2	-0.022123340285528537
T02354	5	3	5	4	5	4	5	5	5	5	1	-0.5193339192126825
T02355	4	5	5	4	5	5	4	4	4	4	1	-0.41036989013591973
T02356	4	5	5	3	4	5	5	5	5	5	1	0.5959784504667818
T02357	4	3	4	3	3	5	2	5	4	5	1	-1.1976918184569922
T02358	4	2	2	2	3	5	2	4	4	4	1	-2.123675820255193
T02359	3	3	2	2	2	5	2	4	2	2	2	0.808962721228081
T02360	5	4	5	4	5	3	5	5	5	5	1	0.8839097132598015
T02361	2	3	4	1	3	4	2	4	2	1	1	1.304157932522949
T02362	5	4	4	2	4	4	5	4	3	2	1	-0.08890681100452949
T02363	5	1	4	2	3	1	4	4	4	2	1	-0.27903467485520494
T02364	2	4	3	1	4	4	2	1	4	2	2	0.0961581901204855
T02365	5	4	4	2	5	5	3	2	4	3	1	-0.12778498771940128
T02366	5	5	4	3	5	4	5	5	5	4	2	1.5580444890884015
T02367	4	4	5	3	5	4	3	5	5	4	2	-0.1681628685298539
T02368	4	4	5	3	5	5	4	3	4	2	1	-1.6272292630163827
T02369	5	5	4	3	4	4	5	5	4	3	2	2.1218918513964398
T02370	4	5	5	5	2	5	4	5	5	2	1	-0.3239650440653338
T02371	2	2	1	1	4	2	2	3	4	2	1	-0.16719737248556477
T02372	4	5	2	2	5	5	4	4	4	2	1	0.30507304519226297
T02373	4	3	4	2	4	3	5	2	3	1	2	-0.4623448478421358
T02374	4	4	0	4	2	5	5	2	4	4	1	1.3478226951771308
T02375	0	4	4	5	5	5	4	5	5	4	2	0.414933697897621
T02376	3	1	2	3	2	3	3	2	1	1	1	1.1918535080719126
T02377	5	4	5	5	5	5	5	5	0	4	2	0.7739731712650844
T02378	0	2	5	3	4	5	4	5	4	4	1	-0.31441850082574596
T02379	4	4	4	5	5	4	4	5	5	5	1	-0.5279657235692776
T02380	5	5	3	5	5	5	5	4	4	5	2	0.973571196739844
T02381	4	4	5	4	4	5	5	5	5	3	2	1.771306290538218
T02382	3	4	5	2	2	5	4	4	5	3	2	0.5258891474140482
T02383	4	5	5	4	4	5	4	4	5	5	2	-0.7123207347605993
T02384	4	5	4	2	0	3	4	4	5	5	1	0.06856259897749095
T02385	4	1	2	2	4	5	4	5	2	2	1	-0.5335758602780654
T02386	5	1	4	4	4	5	4	4	4	2	1	0.9972037938950435
T02387	5	5	5	4	4	5	3	5	5	4	2	-0.0008844303189851077
T02388	4	2	2	4	5	4	3	4	4	4	2	2.696297725623555
T02389	4	3	5	4	4	2	4	2	5	3	1	0.8289142505340279
T02390	4	4	3	2	4	4	3	2	4	1	1	-0.6018328455551594
T02391	2	3	3	1	2	5	3	4	4	1	1	0.9183816946916081
T02392	2	4	2	4	1	4	3	4	1	1	1	-0.7246599980386109
T02393	5	5	5	4	5	5	5	5	4	3	1	0.7628307767642212
T02394	4	4	4	5	5	5	5	5	5	5	2	2.1510393685507117
T02395	5	5	5	4	4	4	4	4	5	4	2	0.5253164638360879
T02396	5	5	5	3	4	5	5	5	5	4	1	-0.7943216948340037
T02397	5	4	0	5	5	5	4	5	4	2	1	-0.5658255084802651
T02398	4	3	5	5	4	4	4	5	5	2	2	0.8958435763693993
T02399	3	2	1	3	5	5	4	5	4	2	1	0.7076829643858269
T02400	3	1	2	2	4	4	4	2	4	3	2	0.8522045014876587
T02401	2	1	3	1	2	4	2	1	5	2	1	-1.1369243686146229
T02402	2	4	5	4	5	4	5	5	5	3	2	1.3023820044380188
T02403	2	4	4	1	4	4	2	1	4	2	2	-0.0840751934146177
T02404	4	2	3	2	2	5	4	1	4	1	1	0.30977645601353665
T02405	5	2	5	2	5	3	5	2	4	5	1	-0.15651188995060517
T02406	5	4	1	1	5	4	4	2	5	1	2	0.24877607632533302
T02407	3	5	4	4	5	5	4	5	5	5	2	3.105239130963843
T02408	5	3	4	2	2	4	4	2	4	2	1	0.030912724852087806
T02409	4	1	4	4	2	4	4	3	4	4	1	0.43700090947937553
T02410	5	4	5	4	5	5	5	5	5	2	2	0.7335863997857145
T02411	5	4	5	2	2	5	2	2	5	4	1	-0.8905687973211296
T02412	3	2	4	1	3	2	2	2	4	2	2	0.04393986079916722
T02413	4	1	5	2	5	3	4	3	2	4	1	0.31650978762079657
T02414	4	4	3	3	4	4	4	3	3	4	2	0.6721278921648209
T02415	5	4	3	3	5	5	4	4	4	4	2	-0.1794078779245718
T02416	2	4	4	4	4	5	5	4	4	5	1	0.8325181772914475
T02417	5	5	5	5	4	5	4	5	4	5	2	1.1171814070481705
T02418	5	2	5	2	5	5	5	5	5	1	1	0.48056939218525574
T02419	5	4	5	4	1	4	3	5	5	5	2	0.939007448653292
T02420	0	4	5	3	5	5	4	4	5	5	1	1.7586281157983947
T02421	5	2	4	4	4	5	4	4	5	5	1	1.071166566467586
T02422	4	4	4	2	4	5	4	4	5	2	1	0.3504417477686785
T02423	3	4	1	2	2	3	2	4	4	1	2	-1.2642216547738145
T02424	5	4	4	4	2	5	4	4	5	2	1	0.14002270875333364
T02425	4	2	4	4	4	3	2	3	5	2	2	-0.16227848070069933
T02426	5	5	5	4	4	4	5	5	5	4	2	3.057425351020263
T02427	3	1	5	3	4	5	4	5	5	3	1	-0.5269267424253852
T02428	3	4	2	2	5	5	4	2	2	3	2	2.2743223302910454
T02429	4	2	1	4	4	5	4	4	4	4	2	0.26547220544860706
T02430	4	2	4	4	1	4	4	4	5	2	2	1.0168632064757568
T02431	5	2	5	5	3	5	4	5	4	2	1	0.3896629472170988
T02432	5	5	5	5	5	5	5	5	5	5	2	1.6025449243068755
T02433	2	2	4	1	2	5	4	3	2	1	2	-0.42431507814506847
T02434	4	3	2	4	5	4	5	2	3	1	1	0.5438319371346102
T02435	5	4	3	5	3	2	4	5	3	4	1	-0.7374600051881085
T02436	4	0	4	4	4	5	4	4	4	4	2	1.6371704965730614
T02437	5	2	4	2	4	3	5	5	5	1	1	1.1174326250650672
T02438	5	3	4	4	5	5	4	4	5	5	1	-0.004205663924932601
T02439	3	3	2	2	4	5	4	4	3	4	2	0.8913679101952354
T02440	5	5	5	5	5	4	4	5	5	3	2	1.891639261195329
T02441	5	5	5	5	5	5	5	5	5	5	2	1.3756625032603274
T02442	5	4	5	5	4	5	4	5	5	5	2	0.7768706549157458
T02443	2	4	2	2	5	4	4	5	5	2	2	0.6629833466085486
T02444	5	4	4	4	4	5	4	4	4	4	2	1.004886546305101
T02445	3	5	5	4	4	5	4	5	3	2	2	0.5809403808157236
T02446	4	4	2	2	4	5	3	4	2	2	1	-0.6554186804488729
T02447	4	2	3	3	4	5	3	4	2	2	2	0.8696783027796986
T02448	5	4	5	4	5	2	5	5	5	5	1	1.1177829545012343
T02449	5	4	3	5	5	0	4	5	5	2	1	-0.2019523754064476
T02450	5	4	5	3	5	4	4	4	4	4	1	0.06297888145614683
T02451	5	2	1	3	5	5	4	5	1	4	2	0.598768068268158
T02452	4	4	2	2	3	3	4	4	4	2	1	0.265983600173139
T02453	4	3	4	2	2	5	4	4	4	3	2	-0.43326499445418887
T02454	4	1	3	2	4	2	3	3	4	1	1	-0.09340586900517196
T02455	3	4	2	1	4	4	3	2	3	3	1	0.8352262556932478
T02456	5	5	5	5	5	4	5	5	3	4	2	1.8796584766561861
T02457	5	5	5	5	5	5	4	5	5	5	1	1.3977230719557987
T02458	5	4	4	3	5	3	5	5	0	4	1	-0.40137858782583224
T02459	4	4	4	4	5	5	5	3	5	4	2	0.03306088470710544
T02460	5	5	5	4	4	5	5	4	4	2	1	0.018526694005935096
T02461	5	5	5	5	5	5	4	5	4	5	1	1.0293144164913637
T02462	4	4	4	3	5	4	4	5	4	1	2	0.5584899495495171
T02463	3	1	1	1	1	4	0	1	2	1	1	-1.2614161859100714
T02464	2	1	1	2	1	3	2	2	2	1	2	-1.1867825950602964
T02465	4	4	4	2	4	4	4	1	4	4	1	-0.8752377945970822
T02466	2	3	2	4	2	4	2	4	4	2	2	-0.8674645466231706
T02467	4	2	2	2	1	5	4	2	4	2	2	0.7191643108474156
T02468	5	4	5	2	2	4	4	5	5	1	1	-0.1249710791500358
T02469	2	2	2	4	4	5	4	1	5	1	1	0.3701217369305803
T02470	3	2	1	1	2	3	1	2	3	1	1	-0.8545900811584785
T02471	2	1	2	5	1	3	4	4	3	3	2	0.49705289561946386
T02472	5	4	5	4	5	5	4	4	4	4	2	-0.5418659815148831
T02473	5	5	5	5	2	4	3	4	4	4	1	0.16838188176450614
T02474	4	1	2	4	1	4	2	1	4	2	1	-0.8649553971916728
T02475	4	2	4	3	4	4	4	2	4	4	2	0.12463993244232796
T02476	4	4	2	4	4	5	4	4	2	2	2	1.35128164657945
T02477	5	3	4	0	3	3	4	5	4	2	1	-0.2692833857943399
T02478	5	5	5	3	5	5	5	4	5	5	2	0.14283108528456445
T02479	4	0	5	2	4	4	4	3	4	3	2	-0.03236838024826666
T02480	3	3	2	2	4	3	1	2	3	1	1	0.1469824259248954
T02481	5	5	5	4	5	5	4	5	5	5	2	0.5093354757647004
T02482	3	1	5	1	2	4	1	2	3	1	1	-0.44212176995100505
T02483	4	4	5	5	4	5	4	2	5	3	1	0.7618666134365205
T02484	4	0	5	4	4	4	2	3	3	2	1	-0.050002208665675285
T02485	5	3	4	3	3	5	3	1	4	3	1	-0.09887220938555877
T02486	5	4	5	2	4	5	3	2	4	4	2	-0.2845863366635337
T02487	5	5	5	5	4	4	4	5	5	4	1	0.03655310888767371
T02488	4	2	4	2	5	4	5	4	4	5	2	1.2859830710152382
T02489	5	4	4	3	4	4	4	5	5	2	2	0.8064273145508187
T02490	4	2	4	2	4	4	4	3	4	1	1	-0.14870992413682793
T02491	5	5	5	4	4	4	5	5	5	4	2	0.09290579995948123
T02492	3	5	5	2	5	5	4	5	4	3	2	1.270171884472525
T02493	0	2	2	2	2	4	1	1	1	1	2	-0.32926096053855475
T02494	2	4	4	2	1	4	4	4	4	3	1	0.9275988365354949
T02495	2	2	1	2	3	2	2	2	4	1	1	-1.195579161144351
T02496	5	3	3	4	4	4	4	2	4	1	1	0.5329322770119296
T02497	5	4	5	3	4	5	5	5	0	5	1	0.34181494796779444
T02498	4	1	2	2	4	4	4	2	4	2	1	-0.01880024108194528
T02499	3	4	5	5	4	5	5	4	5	4	2	-0.9283932004307516
T02500	4	2	2	2	2	5	4	2	3	2	1	-0.9691126304838995
T02501	5	0	4	4	5	4	4	4	3	2	1	0.046816310434963704
T02502	3	1	5	3	5	5	2	1	5	4	2	0.6913588865346242
T02503	2	2	4	1	2	4	4	0	4	2	1	0.031821808253458074
T02504	4	1	5	4	4	3	4	5	4	0	1	1.9582705691986129
T02505	4	4	5	2	5	5	4	4	5	3	1	0.9472131556027155
T02506	4	5	0	4	5	4	5	5	4	5	2	1.6676924251340008
T02507	2	2	4	4	4	5	4	4	2	2	1	-0.15020429042292757
T02508	5	5	5	4	5	5	5	5	5	5	2	1.3012846006147736
T02509	4	2	3	2	5	4	4	4	4	5	2	1.3329996015055259
T02510	3	2	1	1	4	5	4	1	3	1	2	0.8605202802184189
T02511	3	5	5	5	5	5	5	5	5	5	2	1.2911049485350397
T02512	5	5	4	5	5	5	5	4	4	4	2	1.5950002179840324
T02513	5	2	3	1	4	4	4	1	4	4	2	1.22014773092089
T02514	5	1	5	2	3	3	2	1	4	2	2	-0.5280383863047844
T02515	3	3	4	2	4	3	4	3	1	2	1	0.7033694934792873
T02516	3	3	4	2	4	2	3	3	3	1	1	-0.1776084636978214
T02517	5	4	5	4	5	4	4	5	4	2	2	1.0227267246168703
T02518	4	4	3	2	2	3	2	2	2	5	2	-0.9811368466962418
T02519	4	4	2	1	5	5	5	3	4	3	1	-0.09153132020009214
T02520	4	4	2	5	4	4	4	4	3	1	1	0.8489337613456652
T02521	4	5	4	5	3	5	4	5	5	4	2	0.6607004065408093
T02522	5	4	4	4	4	3	2	4	5	2	1	-0.3144412948585309
T02523	1	2	4	1	2	2	4	1	2	2	1	0.15070886108606887
T02524	2	2	2	4	2	2	2	3	3	1	1	0.7369077902019867
T02525	5	5	4	3	4	5	4	5	3	1	2	1.1084438537745036
T02526	2	2	4	1	4	0	2	3	5	4	1	0.4334871927619982
T02527	3	2	1	3	5	4	3	1	2	3	1	0.17570262741933018
T02528	4	4	3	2	5	4	4	5	3	4	1	-0.46537139435371566
T02529	5	5	4	4	4	5	5	5	5	4	2	-0.16146796916727824
T02530	3	4	3	2	4	2	1	4	2	2	1	0.6114448938845602
T02531	5	5	5	3	5	5	5	4	5	3	2	0.45365728389768334
T02532	2	1	4	1	2	4	3	2	3	1	1	-0.3658632104534369
T02533	5	4	5	5	3	4	5	4	4	2	2	1.9383387061841781
T02534	4	4	5	5	5	5	5	5	5	4	2	0.1211081851595115
T02535	1	1	3	3	2	3	4	1	4	3	1	-0.6602661172120754
T02536	5	4	5	4	5	5	5	5	3	5	1	0.9664844771219465
T02537	3	2	4	4	1	5	2	3	4	4	1	-0.7497978821691449
T02538	5	5	4	1	4	4	5	2	5	3	1	-0.05291766324941244
T02539	3	2	2	2	3	5	3	2	4	1	2	-0.4339357209315184
T02540	4	4	2	2	4	5	3	4	1	1	2	0.7134039202458764
T02541	4	4	4	5	4	5	4	5	4	2	1	0.8491351816828693
T02542	5	4	5	5	5	5	5	5	5	5	1	1.692428446881613
T02543	5	5	5	4	5	5	4	5	5	5	2	1.477283736151161
T02544	5	4	4	4	5	5	5	5	4	3	2	0.49864922394667677
T02545	4	2	2	4	2	3	0	1	4	1	1	-1.8123516959076786
T02546	2	4	2	4	4	3	4	4	3	3	1	0.5396867770871588
T02547	5	5	5	5	4	5	3	4	5	2	2	0.20840733607325929
T02548	4	3	4	4	5	4	4	4	2	3	2	0.38629545118707287
T02549	5	3	5	3	4	5	4	5	4	4	1	0.8001645746875441
T02550	5	5	4	4	4	5	5	4	4	5	2	0.5866092472365789
T02551	4	3	5	2	3	3	3	2	4	2	2	0.583385108413121
T02552	4	3	5	3	4	5	4	4	5	1	2	0.6701081519881414
T02553	4	4	5	5	4	5	4	5	3	5	2	0.5409797724906298
T02554	3	5	5	2	3	4	5	4	2	4	2	-0.11421091756008273
T02555	4	4	4	5	3	5	4	4	3	2	2	1.0356365462468402
T02556	5	4	4	3	2	5	5	3	5	5	1	0.16858734575563766
T02557	0	2	4	5	2	5	4	3	4	4	1	0.5402218986021403
T02558	5	2	2	2	4	4	4	2	5	2	2	-1.1724089112015155
T02559	4	3	5	4	3	2	4	4	5	1	1	0.0987644394120225
T02560	5	4	5	4	5	4	5	4	5	5	2	1.571839154361259
T02561	5	5	5	4	3	3	4	5	3	5	1	0.49406075724989074
T02562	5	5	4	4	4	4	5	5	5	5	1	0.07096689344391272
T02563	4	2	4	2	2	5	1	3	3	3	1	-1.11331473110579
T02564	4	3	5	4	4	5	4	3	5	2	2	0.7444678281851752
T02565	2	0	1	1	1	3	4	2	1	1	1	-1.778985213799215
T02566	4	2	5	3	3	4	4	1	5	2	1	0.9989040847713508
T02567	3	2	1	5	3	3	4	2	4	4	1	0.28217373955207636
T02568	5	4	5	4	1	5	4	3	5	1	1	-1.0206048759084723
T02569	5	5	4	3	4	5	5	5	5	5	2	1.2115357000283498
T02570	4	4	4	4	5	4	5	5	5	2	2	1.0939954414087265
T02571	4	4	2	5	3	2	2	4	3	5	2	0.8555202851795091
T02572	5	5	2	2	5	5	5	4	5	2	2	1.1055297078468933
T02573	3	1	1	2	2	2	1	4	4	2	1	-0.7329912772691525
T02574	4	5	5	2	4	5	4	3	5	2	1	0.46915336661886164
T02575	4	2	2	3	3	4	3	2	4	1	1	-0.07475097269248027
T02576	4	4	2	4	4	4	3	3	5	2	2	1.3524937368338872
T02577	4	4	5	5	4	5	5	5	5	2	1	-0.06029346783121048
T02578	4	2	3	3	2	4	3	3	2	2	1	-0.28469986754353305
T02579	5	2	3	4	5	4	0	5	5	4	2	0.3864262836512028
T02580	4	4	2	1	2	4	4	3	4	2	1	-1.0021169101196115
T02581	0	3	5	4	5	5	4	5	5	3	2	1.921333000318182
T02582	4	3	4	2	4	4	4	3	5	2	1	-0.5694395627642022
T02583	5	5	4	4	4	5	4	5	5	5	2	0.2611701103913635
T02584	4	5	1	2	4	5	4	4	4	3	1	-0.4768284243497318
T02585	5	3	5	5	0	5	5	5	3	4	1	1.303347547921265
T02586	2	3	5	3	5	4	4	3	4	2	1	-0.8485732164888324
T02587	5	5	5	3	4	5	3	4	5	3	2	-0.2932651843394759
T02588	5	1	3	3	4	4	2	2	3	1	1	-0.9189438748787214
T02589	4	4	4	2	4	4	3	5	3	2	2	0.06255958989280394
T02590	3	3	5	5	4	4	5	5	5	4	2	0.3991070991965149
T02591	4	2	5	3	4	5	5	5	3	3	2	0.6135843428899357
T02592	5	5	5	3	5	3	5	3	4	2	1	1.3769968757889806
T02593	5	4	4	3	4	5	4	5	3	5	1	0.08265294118867214
T02594	4	2	5	1	3	4	2	3	4	1	2	-0.5205935990345858
T02595	2	1	1	2	2	2	1	2	4	1	1	0.05839735371468491
T02596	3	0	3	2	1	2	1	1	4	1	1	-0.7285252755077947
T02597	1	3	1	2	1	1	1	2	4	2	1	-0.13466978697899457
T02598	5	4	2	3	4	5	5	4	4	3	1	0.5906196558379848
T02599	4	4	5	3	4	4	4	2	2	4	1	-1.5141976746920638
T02600	4	3	2	5	5	5	4	4	5	2	1	1.441268694278088
T02601	2	4	4	1	4	4	2	2	2	4	1	0.09519020459107685
T02602	5	2	1	2	1	2	2	2	4	1	1	-1.1578684772752328
T02603	2	2	3	4	2	5	4	2	4	2	2	-0.5907366887846606
T02604	4	1	4	2	4	4	4	4	4	4	1	0.6789321691552092
T02605	5	5	4	5	5	5	5	4	4	3	1	0.5723093881561124
T02606	4	4	3	2	4	4	4	4	5	2	2	0.6301117854957273
T02607	3	4	5	5	4	5	4	2	4	5	2	-0.7196495242232893
T02608	2	2	1	1	1	3	1	2	1	1	1	-1.3962898331588365
T02609	2	5	4	2	4	5	4	4	5	4	1	-0.5516974392378612
T02610	5	4	4	5	4	4	5	4	5	5	2	0.966207292904966
T02611	5	4	3	2	3	5	4	2	3	2	1	-0.6430238369597909
T02612	5	5	4	4	4	5	4	4	4	4	2	-0.310761143029885
T02613	1	4	3	1	4	4	4	2	2	2	1	-0.7030370867532978
T02614	3	2	4	2	5	5	4	4	4	3	2	-0.6887108292668974
T02615	4	5	2	5	5	5	5	4	5	2	1	1.539515882631866
T02616	4	4	4	4	4	4	4	4	5	1	2	2.021347686287932
T02617	4	3	2	5	5	5	5	3	3	5	2	0.6821830553616688
T02618	5	5	5	5	4	4	5	4	5	5	1	1.6285907589014383
T02619	4	2	4	4	3	4	5	5	4	2	2	1.1821307440171633
T02620	4	5	5	2	2	4	3	4	3	5	1	0.46324116706404594
T02621	2	4	5	2	4	4	5	4	5	3	2	1.0263256795606008
T02622	4	5	2	5	4	5	5	5	4	4	2	1.3606859726111769
T02623	2	4	4	3	2	5	4	4	4	4	2	-0.0002247092096157033
T02624	4	4	4	4	3	5	4	4	5	3	2	1.2325685140785239
T02625	3	4	4	5	5	5	4	5	5	4	2	0.8700147930092105
T02626	5	4	3	2	3	2	5	2	5	5	2	0.27982268899117957
T02627	4	3	4	2	2	2	2	4	5	2	2	0.629736680595444
T02628	5	5	4	5	5	4	5	5	4	5	1	-0.40167604025747783
T02629	4	3	2	2	3	5	3	5	4	4	2	0.3779013654700809
T02630	5	4	5	5	5	5	5	5	5	2	1	1.5689235281257996
T02631	4	2	4	3	4	1	4	2	3	3	1	-1.1252413832299777
T02632	3	2	4	2	4	3	4	3	4	4	1	0.9596789588944408
T02633	5	5	5	3	5	5	5	5	5	5	2	1.6249592846999044
T02634	4	3	4	4	5	5	5	4	5	4	2	1.0656610386282854
T02635	4	1	3	2	3	4	4	0	4	1	2	0.037097762989772576
T02636	3	3	3	2	2	4	4	2	2	4	2	-0.8441805811105437
T02637	2	4	5	2	5	4	3	5	2	4	1	-0.45642804323241215
T02638	4	2	4	2	4	1	4	2	4	2	1	1.2594843584118522
T02639	4	5	5	4	4	5	0	4	4	4	2	-0.7632227848110866
T02640	5	4	2	5	4	5	5	4	5	4	2	0.35597072646167155
T02641	4	4	5	5	3	3	4	3	5	2	1	-1.1537066047780857
T02642	4	5	4	3	4	5	3	4	4	5	2	1.1503528480252996
T02643	3	4	3	2	2	4	5	4	4	3	2	1.059760871933329
T02644	4	5	4	2	4	4	5	5	5	4	2	1.0108144026450065
T02645	4	5	5	5	5	5	5	5	5	5	2	1.2060991380159436
T02646	5	5	4	2	2	4	2	2	4	2	2	-0.0689369815483937
T02647	4	2	4	2	3	5	2	3	5	5	1	-0.6303569599765037
T02648	4	4	3	2	2	3	4	2	3	1	2	0.12817393726617687
T02649	2	4	5	5	4	5	4	5	2	3	2	0.004603965719744085
T02650	4	5	4	4	4	5	4	0	4	3	1	0.7491725824688273
T02651	4	3	3	4	4	4	3	2	4	4	2	0.9035650521758885
T02652	5	5	4	2	5	5	5	4	5	3	2	1.007117781213918
T02653	4	2	4	3	4	4	4	2	5	1	2	-0.05777202083709254
T02654	4	3	4	4	4	4	5	2	2	5	1	-0.8859967347616236
T02655	5	4	4	2	5	4	5	5	4	4	2	1.8789772733458308
T02656	4	2	3	2	4	2	5	1	4	4	1	-0.8858569005354212
T02657	3	3	2	3	1	4	4	3	4	2	1	0.5952682584126392
T02658	5	1	3	2	2	4	0	2	4	5	2	0.6775338960069468
T02659	3	2	4	2	2	4	1	2	5	2	1	-0.8387997800318799
T02660	5	4	4	2	5	5	2	4	4	5	1	-0.5147386229485023
T02661	5	3	5	4	4	5	3	4	4	5	1	-0.08825039900548136
T02662	4	4	5	2	4	4	1	2	4	3	2	-0.9756243338166279
T02663	4	1	3	4	2	4	2	3	4	3	1	0.6251550355313155
T02664	3	2	2	2	4	4	2	4	3	3	2	0.12031068627713035
T02665	2	5	4	4	4	5	4	0	3	4	1	0.5619902810827523
T02666	4	4	3	2	4	2	4	3	5	3	2	1.610989013207502
T02667	5	5	5	2	5	5	5	5	4	5	2	1.4757149094486026
T02668	5	4	1	3	3	3	3	2	4	1	2	0.2269970013524089
T02669	3	1	1	1	4	4	1	1	2	1	1	-1.3323490115008019
T02670	5	5	5	5	5	5	4	5	4	4	2	1.5406028343481986
T02671	4	3	4	4	4	5	2	4	3	4	2	-0.8373882334935535
T02672	5	5	5	5	5	5	5	5	5	5	2	2.5246005468535415
T02673	5	4	4	5	4	5	4	4	4	3	2	0.37291257314274073
T02674	5	5	3	4	4	5	4	4	5	4	1	-0.30912234217714935
T02675	5	4	5	5	5	4	4	4	5	4	1	0.23380971020158203
T02676	1	2	1	4	4	1	4	1	1	1	1	1.2656084069920015
T02677	3	3	2	1	3	4	5	4	5	2	2	-0.2414214649702675
T02678	5	3	5	3	5	5	4	5	4	4	2	0.11489066406908255
T02679	5	4	3	2	4	4	4	5	2	2	1	1.3435693075128894
T02680	5	5	5	2	3	4	4	5	2	4	2	0.9341233172463703
T02681	2	3	3	2	2	5	4	2	4	2	1	-0.2464220138903273
T02682	5	2	4	4	4	5	3	3	4	2	1	0.4656684311735085
T02683	4	4	1	1	2	4	4	3	4	2	2	1.2980765560348337
T02684	2	4	3	4	5	5	3	2	2	2	2	0.625550930424347
T02685	5	4	4	3	5	3	5	5	4	2	2	1.136847910237771
T02686	5	5	4	3	4	4	5	4	2	5	2	0.378665056691108
T02687	5	3	4	3	1	2	4	2	4	1	1	-0.5129682940276249
T02688	5	3	4	2	3	4	2	3	4	4	2	1.9899816325299193
T02689	4	2	4	3	5	5	3	3	5	3	1	-1.2759799620087524
T02690	4	5	4	2	4	5	4	2	5	4	2	0.6334581267169742
T02691	5	5	5	5	2	5	5	4	5	2	1	1.4434810359857049
T02692	5	4	2	5	5	4	5	5	4	3	2	1.6735063038057416
T02693	5	5	5	5	5	5	5	5	4	5	1	1.3494973908564374
T02694	4	4	3	3	4	4	4	3	4	3	1	0.899850956657255
T02695	5	5	4	4	5	5	4	5	5	4	1	1.6369017739513498
T02696	1	2	3	1	2	3	3	2	4	1	2	0.7082674986126168
T02697	4	5	5	5	5	5	4	5	5	5	2	1.2068008202351035
T02698	4	2	3	3	2	4	4	3	4	2	1	0.6461655188160029
T02699	2	4	3	2	3	5	4	3	5	2	2	0.24352304578676284
T02700	2	4	1	2	2	3	2	1	2	3	1	-1.4621572028014636
T02701	5	5	2	4	4	5	4	4	4	5	2	-0.2666944833091571
T02702	4	4	4	5	3	5	5	4	4	1	2	0.7392457850057061
T02703	4	1	4	2	2	4	3	2	1	1	1	0.2622144591853861
T02704	4	4	5	1	4	4	4	1	4	4	2	0.32727846037363206
T02705	3	2	4	2	3	4	5	4	4	3	1	1.4815806880248363
T02706	4	3	2	4	3	2	3	2	4	1	2	-0.11357517403715617
T02707	2	1	1	1	2	4	1	3	1	2	1	-0.9133734055184546
T02708	5	3	5	5	5	5	5	4	3	4	2	0.9305470700855001
T02709	2	4	0	5	4	2	4	5	4	2	1	0.6834071146044235
T02710	5	5	4	3	5	5	5	2	4	1	2	1.2306984797988434
T02711	4	2	3	5	4	4	5	5	4	5	1	-0.8315051268930711
T02712	2	1	2	2	5	4	2	4	4	2	2	-0.4508675703708868
T02713	4	2	1	2	4	2	2	2	1	1	1	-0.2567118301107216
T02714	5	5	3	5	2	3	4	1	5	1	1	0.1189594561923362
T02715	5	4	2	2	4	5	4	2	4	2	2	0.6625916230360728
T02716	3	1	5	5	4	4	4	5	2	2	2	1.7308609639763686
T02717	2	1	2	2	2	0	1	2	5	1	1	-1.2704689042308956
T02718	5	5	5	2	3	5	5	5	5	4	2	1.4908551778967434
T02719	2	4	5	2	5	4	2	2	4	4	2	-0.07042784150141285
T02720	3	4	5	4	4	5	4	4	5	4	1	-0.8922939183004023
T02721	3	4	2	3	4	1	4	4	4	4	2	1.537329487448492
T02722	5	4	4	4	4	5	5	5	5	4	2	2.3012416880620172
T02723	5	4	4	3	4	4	5	4	5	3	2	-0.14776522567415595
T02724	5	2	2	5	2	5	3	1	4	5	2	0.4461450341982204
T02725	5	4	5	3	5	5	3	1	5	4	1	0.3227226984586827
T02726	5	4	4	4	3	3	3	4	2	5	1	0.13015040475955128
T02727	4	5	5	4	5	5	5	5	3	4	2	1.9995164325598325
T02728	4	4	2	3	1	3	4	3	5	4	1	-0.7341089076488418
T02729	5	2	4	5	3	5	4	4	0	2	2	1.2820996915190834
T02730	4	5	5	3	2	4	4	2	2	3	1	0.607406351992479
T02731	2	4	3	1	2	4	4	3	4	1	1	-0.5396598501054917
T02732	5	5	4	3	4	5	5	4	4	4	2	2.0443414741614516
T02733	4	4	5	2	4	5	4	2	2	4	2	1.273188920189329
T02734	4	5	4	2	5	5	5	4	4	3	2	1.5929724621019115
T02735	4	2	4	2	5	5	2	4	3	2	2	0.22091830048660194
T02736	5	5	4	5	5	4	5	5	0	5	2	1.2146071110536063
T02737	4	2	2	2	4	3	4	2	4	2	1	-0.7021325267707758
T02738	4	3	4	1	5	5	5	5	3	2	2	0.47462601154812534
T02739	2	4	4	2	4	4	3	5	4	1	1	0.44503672237927555
T02740	5	4	5	2	5	5	4	4	3	4	2	0.8223696519516234
T02741	4	3	4	3	2	5	3	4	4	3	2	0.5768591009755846
T02742	3	4	2	2	2	4	2	3	5	2	1	-0.33589278096643216
T02743	5	2	3	3	3	4	5	3	5	2	2	0.5648928997719722
T02744	4	3	4	2	5	5	3	1	4	4	1	0.5435451767718631
T02745	5	4	5	5	4	5	4	5	2	5	2	0.43014283508429024
T02746	5	1	3	3	2	5	3	3	4	2	2	-0.16166682015407424
T02747	4	3	4	2	3	4	3	2	3	2	2	-0.7613359882591662
T02748	5	5	5	3	4	5	5	2	5	5	2	1.3701656730661724
T02749	3	4	4	3	4	5	4	4	4	2	1	-0.01225377824348553
T02750	4	4	4	5	5	3	4	5	5	3	2	1.823803410435038
T02751	3	2	4	2	3	4	4	4	4	2	1	0.9575730991388489
T02752	4	3	2	1	4	4	3	2	4	1	2	-0.09302577339034437
T02753	3	2	4	2	3	2	5	2	2	2	2	1.3974019310804224
T02754	4	4	4	4	5	4	5	4	4	0	1	1.9439743350379217
T02755	5	3	4	2	4	5	4	5	5	2	2	1.1691837538175416
T02756	5	2	2	2	3	5	4	3	4	2	1	0.1022010967021662
T02757	4	2	2	3	2	1	4	4	5	4	2	1.381343137409516
T02758	4	3	5	2	2	4	5	4	4	2	1	0.4528436766202404
T02759	5	4	4	4	4	5	4	3	4	2	1	0.47185657123625807
T02760	4	2	5	3	2	5	5	5	4	4	1	0.9113522719652023
T02761	4	3	3	2	5	5	3	4	2	4	2	0.7083458532129903
T02762	4	3	2	2	2	5	4	1	3	2	1	0.9065457797470297
T02763	2	4	4	5	4	4	4	4	2	1	2	1.0711908042167484
T02764	5	5	2	1	4	5	5	4	4	5	2	0.9917438449723044
T02765	4	4	4	2	4	4	3	4	4	2	2	-0.5982199646560658
T02766	2	2	4	5	2	1	5	3	5	3	2	1.5104102313368402
T02767	4	4	4	2	4	4	1	4	4	1	1	-1.6392140712778258
T02768	2	4	3	3	3	4	4	0	2	1	2	0.17672659830631998
T02769	4	1	5	2	1	4	1	2	2	1	1	-1.8495030315187637
T02770	4	1	2	3	4	4	2	4	4	4	2	-0.6293306617568011
T02771	5	2	4	2	3	4	5	2	4	2	1	0.7415210243798933
T02772	5	5	5	2	4	5	5	5	4	5	2	1.7785847567485205
T02773	5	4	4	5	4	5	4	4	4	4	2	1.8998932929238355
T02774	4	2	1	2	1	4	1	4	3	4	1	-0.46739951074134745
T02775	5	5	5	5	3	4	4	4	4	4	2	0.0865285433216455
T02776	4	3	2	2	2	4	3	3	4	4	1	0.17274143954130494
T02777	5	5	5	5	5	5	4	5	5	4	1	0.855127601416922
T02778	5	5	4	4	3	4	4	4	5	4	2	1.1462683833020895
T02779	4	5	5	5	5	5	4	5	4	2	1	1.3220669348578231
T02780	4	4	2	5	4	5	5	4	5	2	2	0.9207374105886614
T02781	5	3	5	4	3	2	4	2	5	3	1	-0.3514768415739788
T02782	3	3	4	2	2	4	3	2	3	1	1	0.017807423900402797
T02783	5	2	4	2	2	1	3	3	5	2	1	-1.2720546674052176
T02784	4	3	4	2	2	4	5	2	3	4	2	-0.06003447251906591
T02785	4	3	4	4	2	4	1	1	3	1	2	-0.04189499226991805
T02786	5	2	4	4	4	4	2	3	5	5	2	0.7244454275206216
T02787	1	1	1	1	2	4	1	2	1	2	1	-1.591823390623969
T02788	4	2	1	2	1	4	2	1	2	2	1	-1.4272896126370616
T02789	5	5	4	2	3	3	5	4	4	4	1	0.6865092689942875
T02790	3	4	4	4	4	4	4	3	4	2	2	0.5945867242671287
T02791	4	4	1	3	3	5	3	2	3	2	1	0.6404275996395017
T02792	1	1	1	1	3	4	1	1	4	1	1	0.18168969657883216
T02793	5	5	5	5	4	5	5	4	5	4	2	2.7002425428134362
T02794	5	3	5	4	5	5	4	4	4	5	2	1.2090685307791738
T02795	4	2	2	4	2	2	4	3	4	4	1	-0.9091121298083639
T02796	2	2	2	2	1	4	2	2	4	1	1	-0.5837284054624182
T02797	5	5	5	5	5	5	5	5	4	5	2	1.6538294886916463
T02798	4	2	5	1	2	5	5	3	3	1	1	-0.1587695442044268
T02799	3	3	4	1	4	3	2	4	4	2	1	-0.544171440094336
T02800	4	4	3	3	2	3	3	3	3	0	1	-0.059129734319062516
T02801	4	2	4	2	4	4	4	4	2	2	1	1.1252972200583127
T02802	4	2	4	2	2	4	1	2	4	1	1	-0.38144685520804555
T02803	4	2	4	5	5	5	4	5	5	2	2	-0.3146218072875525
T02804	5	4	5	2	5	4	5	5	2	2	2	1.0750234929056772
T02805	4	5	5	5	5	5	5	5	5	4	2	2.086092413260778
T02806	4	4	4	4	3	5	2	2	2	2	1	-0.10976231366447219
T02807	3	4	3	2	4	3	4	2	3	3	2	1.3348809053079784
T02808	4	5	5	4	5	5	5	5	5	4	2	1.6593846518376758
T02809	3	2	3	2	2	5	2	4	5	1	1	0.664908928673259
T02810	3	2	1	2	2	4	2	2	4	1	1	-0.5397250410517196
T02811	2	5	5	4	3	5	5	4	5	4	2	0.6461947756330336
T02812	5	3	5	5	4	5	5	5	5	2	1	1.123127177738456
T02813	4	4	5	3	5	5	5	4	4	2	2	0.92810126786948
T02814	5	2	5	4	4	3	4	4	4	3	1	0.39929055195081203
T02815	4	3	2	1	2	2	2	2	4	3	1	0.5469000938248415
T02816	3	4	5	3	1	5	4	3	3	5	1	-0.06998173925915535
T02817	5	0	4	2	2	5	4	5	5	4	2	0.42952575815142746
T02818	4	4	5	4	5	4	4	5	4	0	1	-0.3071231773444979
T02819	2	1	3	1	3	5	4	4	2	3	1	-1.1080602317592532
T02820	4	1	4	4	1	5	1	4	4	4	1	-1.1069745154862773
T02821	2	2	1	2	2	4	3	4	5	2	1	-1.3372173079204956
T02822	4	1	4	3	3	0	3	2	2	1	2	0.30419067308784326
T02823	5	3	5	2	0	5	3	4	4	5	2	-0.3517974411555972
T02824	4	4	1	2	4	4	3	3	2	3	1	0.2254064187792278
T02825	5	3	5	4	3	4	4	5	4	1	2	0.2728014723412007
T02826	5	5	5	4	5	5	5	5	5	2	1	1.4726593846712417
T02827	5	5	5	4	5	5	5	5	5	5	1	0.8422889775222415
T02828	4	4	4	2	3	5	3	4	4	4	2	0.26978924760614237
T02829	5	2	5	3	3	5	3	2	5	4	2	-0.6466994877041075
T02830	4	4	3	4	5	5	3	4	5	2	2	0.4590073107168883
T02831	5	5	5	5	5	4	5	5	4	4	2	1.4888141034326685
T02832	4	4	5	2	4	4	4	2	4	3	1	0.6806649979432684
T02833	4	4	5	3	4	4	4	5	5	3	1	0.5421830905538778
T02834	5	5	4	4	5	5	4	4	4	4	2	1.3865144724521663
T02835	5	4	3	4	4	4	4	4	2	2	2	0.8185798879870139
T02836	5	5	5	3	5	5	4	5	5	4	2	1.0499883490316615
T02837	4	3	3	2	4	4	4	4	2	1	2	-0.5045978552830876
T02838	5	5	4	5	2	5	4	5	4	3	2	1.167768425064193
T02839	3	1	1	2	1	1	3	2	1	0	1	-1.3512651331816843
T02840	4	1	4	2	3	2	2	3	4	2	2	0.23422260597957806
T02841	4	5	4	4	2	4	4	4	4	3	2	0.7830858050019789
T02842	5	5	4	5	4	5	5	5	5	5	2	2.0732748843425997
T02843	4	5	4	4	5	5	5	4	4	5	2	0.10810263389310193
T02844	4	1	1	1	2	4	1	2	3	1	2	-1.1605111108436366
T02845	3	2	4	2	3	2	4	3	5	2	1	-0.04250837035434384
T02846	5	4	5	2	0	4	5	5	5	2	2	0.13693033416149225
T02847	3	1	4	1	3	4	2	3	5	2	1	-0.38052856890773995
T02848	5	1	4	2	4	4	3	4	3	4	1	0.6319916213130928
T02849	4	4	5	1	5	4	4	4	5	4	1	0.11005437208572516
T02850	5	5	5	5	5	5	5	3	5	5	2	1.316690736282875
T02851	4	4	4	5	3	5	4	1	5	4	1	-0.8921790927116579
T02852	5	5	4	3	4	5	4	2	4	3	2	0.6589565173815517
T02853	5	2	2	4	3	5	3	0	4	4	1	-0.3791885314833584
T02854	5	5	3	5	4	2	5	4	5	4	2	1.1788445622424069
T02855	5	5	5	5	5	5	5	5	5	5	2	0.7002167502731302
T02856	5	5	4	5	5	5	5	5	5	4	2	1.1023845454046861
T02857	4	3	5	5	5	4	5	4	5	5	2	1.7557001101160723
T02858	4	4	2	1	3	4	3	1	4	2	1	0.40853302903614463
T02859	4	1	4	2	4	4	4	3	2	2	1	-0.4917748142589632
T02860	5	4	5	4	5	5	4	5	4	4	1	0.3651835550026792
T02861	5	4	5	4	4	4	4	5	5	5	2	0.7661303780441161
T02862	2	1	5	1	2	4	5	4	4	2	2	1.010523673051881
T02863	5	3	4	5	3	4	4	4	4	5	1	0.7165498131185466
T02864	5	4	5	2	4	4	5	5	5	4	2	2.005073357516958
T02865	5	4	3	3	5	5	4	2	4	4	2	-0.1774766208946016
T02866	4	3	4	4	4	5	4	4	4	3	2	0.05044956169754378
T02867	5	5	2	2	4	4	4	4	5	2	1	0.7477495619283416
T02868	4	5	5	4	5	5	4	5	5	4	2	0.39505322165141443
T02869	5	5	5	5	4	5	5	5	5	5	2	1.9214502645632776
T02870	2	1	1	3	2	4	3	2	4	1	1	-0.8688437122502947
T02871	5	5	5	5	4	5	4	5	4	5	2	1.2388456404417703
T02872	3	5	5	5	3	5	4	5	5	5	2	0.5077123655420289
T02873	5	5	5	0	2	5	4	5	5	4	1	1.1655646228448933
T02874	3	2	4	2	3	5	4	5	4	4	2	0.047745893751031554
T02875	4	1	2	2	3	4	3	3	4	3	1	-0.3870918861451359
T02876	4	4	5	3	4	4	3	3	4	5	2	0.4715767231215836
T02877	5	4	4	5	5	5	4	4	4	2	1	0.7048771230267763
T02878	2	4	4	4	3	4	4	4	4	2	2	1.8334446626542629
T02879	5	2	5	2	4	5	4	5	5	5	1	-0.07467989854869372
T02880	4	4	5	4	4	5	4	5	5	2	2	0.5260362954748912
T02881	4	5	4	1	4	4	5	3	4	5	1	0.5691571602139238
T02882	2	2	1	3	2	4	3	4	1	1	2	0.34700238724210086
T02883	5	3	4	2	3	5	2	2	5	1	2	0.14984658282512828
T02884	5	5	5	5	5	5	4	5	5	4	2	1.0715659248733491
T02885	0	5	5	2	3	1	4	3	5	1	2	1.91843646266363
T02886	5	5	4	4	4	5	5	5	5	5	2	0.9849456398865435
T02887	2	1	2	2	3	5	4	1	3	3	1	-1.3483106500622628
T02888	5	1	2	2	4	2	4	2	4	1	1	1.1522653227056119
T02889	5	3	5	4	4	4	5	4	5	5	1	1.09688722098661
T02890	4	2	4	2	3	0	4	2	3	3	2	0.7469949270165553
T02891	5	4	4	2	4	5	4	4	4	5	1	-1.3792900737126437
T02892	4	1	1	2	3	2	1	4	2	1	1	-0.36245882475953695
T02893	5	5	5	3	5	5	5	4	5	5	1	0.5847060525296943
T02894	4	4	4	3	4	5	5	4	5	5	2	0.472224099833176
T02895	2	1	3	1	2	4	3	2	3	1	1	-0.9903266442188933
T02896	4	4	2	5	5	4	5	5	4	2	2	1.751028617665874
T02897	5	5	4	4	4	4	5	4	4	4	1	0.6440107307642592
T02898	4	3	4	4	4	5	3	2	3	4	1	-0.21236126920984122
T02899	4	1	4	1	4	4	4	3	1	5	1	0.8744448285678372
T02900	5	4	4	4	2	5	4	2	5	2	2	1.8680663669485909
T02901	4	1	2	4	2	2	4	3	4	2	1	1.6058861517717002
T02902	5	2	4	4	4	5	4	2	4	5	2	0.4516621804264351
T02903	5	3	1	2	4	4	1	4	2	2	1	-0.14474557671649702
T02904	5	4	5	5	5	4	5	2	5	4	1	1.577948900225004
T02905	4	2	0	3	3	4	4	4	3	1	2	0.5229636223857981
T02906	0	2	3	4	5	3	4	5	4	3	2	-1.3285997384373083
T02907	4	5	5	4	4	5	5	5	5	4	2	1.9123820264112155
T02908	4	4	5	2	3	4	4	4	5	5	2	0.20426212395340337
T02909	1	5	4	4	4	4	4	4	2	4	1	0.031510219339788856
T02910	5	4	5	4	5	5	5	5	4	2	1	1.4862873802600003
T02911	4	4	4	5	4	4	5	5	1	3	2	0.7939264356938771
T02912	4	5	5	3	4	5	5	4	5	5	2	1.470497379286759
T02913	4	4	4	2	4	5	4	0	4	4	1	0.02859930958888548
T02914	3	4	2	4	2	4	3	3	2	1	1	-0.127220399570011
T02915	5	4	4	2	3	5	5	4	5	3	2	1.1201942075323383
T02916	4	4	4	0	4	4	2	4	4	4	1	-0.03226054096669004
T02917	3	4	4	2	4	3	5	3	4	4	2	0.32264147265745835
T02918	4	3	3	3	2	5	4	5	4	4	1	0.5705380410133684
T02919	5	4	2	2	4	4	4	4	4	2	2	1.2522095222761989
T02920	4	4	5	2	5	5	4	4	4	3	2	0.21548099352470407
T02921	5	5	4	4	3	4	5	5	4	4	2	1.3668219879526675
T02922	4	2	4	4	2	5	4	3	2	2	1	-1.1284764010218622
T02923	5	5	3	5	5	5	4	5	5	0	2	1.3839699470223292
T02924	4	4	4	2	5	5	4	5	5	3	2	-0.16799320125265493
T02925	5	5	3	4	5	3	4	2	3	2	1	0.0459109577287705
T02926	4	2	4	1	4	3	4	2	4	2	1	0.5895347244844331
T02927	4	2	5	4	2	5	4	4	5	5	2	1.5314404247457674
T02928	0	3	2	2	2	2	2	2	2	1	2	-0.3309394024950595
T02929	3	4	2	2	4	5	4	4	5	4	1	0.8713844754518343
T02930	3	5	5	2	3	4	4	4	5	1	1	-0.3190995450091145
T02931	5	5	4	4	5	4	2	5	4	5	2	1.1531560053769878
T02932	3	4	4	2	2	4	2	1	1	4	2	-0.12859794299611263
T02933	4	4	3	3	4	5	5	4	5	2	2	0.7466075729746655
T02934	3	4	4	4	4	4	4	2	2	2	2	0.17027168905618967
T02935	5	4	5	4	5	4	4	5	4	2	2	0.5553781634592905
T02936	4	2	4	1	2	4	2	3	2	4	1	-0.20671634977551476
T02937	4	2	2	1	2	4	2	4	2	1	1	-1.3391967426178677
T02938	5	5	5	5	5	5	5	4	5	5	2	1.1681185998547354
T02939	4	3	3	2	2	3	3	3	4	1	2	-0.7305979384746556
T02940	5	4	4	4	4	5	4	5	3	3	1	0.166135221699563
T02941	2	3	1	2	1	2	4	1	4	1	1	-0.06298873699746821
T02942	3	4	4	3	2	4	3	1	3	1	1	-0.6120139460073443
T02943	3	3	2	2	3	4	2	2	4	2	1	-0.4466046937411966
T02944	5	5	5	5	5	5	5	5	5	5	1	0.28936897219035285
T02945	5	5	5	5	5	5	5	5	5	4	2	1.5387122084735694
T02946	5	5	5	5	3	4	4	3	5	4	2	1.5980594928488663
T02947	5	2	4	3	2	4	2	2	2	2	1	-2.403236875386406
T02948	4	1	4	1	1	4	2	2	3	2	1	-0.923634077442789
T02949	4	2	3	2	5	4	3	5	5	1	2	0.3825804839355964
T02950	5	4	4	4	4	5	5	5	5	4	2	1.0841292373024023
T02951	5	2	4	3	3	4	2	2	1	1	1	-0.10500555215358309
T02952	4	4	5	5	5	5	4	4	4	2	2	-0.7075759083161958
T02953	2	2	3	4	4	4	4	2	4	2	1	0.07938628285915009
T02954	5	4	5	4	5	5	4	4	5	5	2	0.21654029011270304
T02955	3	1	4	2	1	4	2	2	1	1	1	-0.7837899291057666
T02956	4	4	4	2	3	5	4	3	5	3	2	0.1741618836158781
T02957	5	1	5	3	5	4	4	4	5	2	2	1.7965132640337689
T02958	5	5	3	1	5	3	5	5	4	5	2	1.7743738256888835
T02959	2	4	5	2	3	4	3	0	4	4	1	-0.27596035841178396
T02960	5	4	2	4	5	4	4	4	4	3	2	0.6877635329980294
T02961	2	2	1	2	1	3	2	1	2	2	1	-1.2822323367054835
T02962	5	4	4	5	4	5	4	5	4	4	1	1.285060730794536
T02963	4	3	4	2	5	5	4	1	4	3	2	0.5306648278623226
T02964	5	5	5	5	5	4	5	5	4	5	1	-0.39759236959318456
T02965	5	5	4	4	5	5	5	5	5	5	2	0.5278578011476216
T02966	5	3	4	1	4	4	4	4	2	2	1	0.5550070846263572
T02967	5	5	5	4	5	5	4	5	5	5	2	2.5604206509875223
T02968	4	2	1	4	2	4	2	4	3	0	1	-1.4235930690259677
T02969	3	4	2	1	4	5	2	1	2	2	1	-1.7908476939148508
T02970	4	4	0	3	5	4	5	5	4	2	2	0.33443414499338076
T02971	4	1	4	4	3	2	4	3	2	2	1	-0.32620486855189557
T02972	4	4	3	2	3	2	2	2	4	1	2	-0.286941079701287
T02973	5	4	3	2	4	5	5	3	4	2	2	0.5190934566324038
T02974	5	5	5	4	5	5	4	5	5	2	2	1.2106093397322362
T02975	5	5	5	4	5	5	5	4	5	5	2	0.4725466165367157
T02976	4	1	4	2	3	4	2	2	4	2	2	-0.38229217292427264
T02977	4	2	5	4	4	5	4	2	4	4	1	0.7276668370886875
T02978	4	4	2	2	3	5	4	5	4	2	2	0.14409399696247188
T02979	4	0	4	2	5	4	5	3	4	3	2	0.42861012362303236
T02980	4	1	1	2	4	2	2	3	4	2	1	-0.7652738055112761
T02981	4	3	3	4	3	5	5	4	5	5	2	0.5945176590629542
T02982	5	3	5	3	5	4	5	4	5	3	1	0.33216008527199337
T02983	5	5	5	4	4	5	4	5	5	5	2	1.0977699847243805
T02984	4	1	2	1	1	4	2	2	3	1	1	-0.11441266704938263
T02985	5	4	4	4	4	5	2	2	2	4	2	0.42536833342009156
T02986	3	3	2	2	4	5	5	5	4	5	1	-0.6603631206654998
T02987	3	2	1	3	1	2	2	1	1	1	1	-0.9476710877665893
T02988	5	2	5	3	4	4	4	3	4	5	1	0.4827698644922719
T02989	3	4	5	4	3	5	4	4	4	2	1	0.6682997899388555
T02990	5	4	4	3	4	4	4	4	3	1	2	0.5360360181030014
T02991	5	4	5	4	5	5	4	5	4	5	2	1.0442964171341564
T02992	4	3	3	2	3	3	1	2	5	1	1	-0.7534490540471135
T02993	3	2	2	1	2	4	2	2	2	2	1	0.3420177774227545
T02994	3	4	4	1	3	5	0	1	2	4	1	-0.6148506123967407
T02995	5	4	4	1	4	5	4	2	3	1	1	0.6166937351450517
T02996	5	1	4	4	4	5	5	3	4	4	1	1.2159016865605563
T02997	5	3	2	2	4	5	5	2	3	1	2	0.8511139747283549
T02998	4	2	3	2	5	5	2	3	4	1	1	-0.6810112361604714
T02999	3	1	4	2	2	4	3	2	4	2	1	-0.08839804305954277
T03000	3	2	4	4	2	2	2	2	5	4	1	0.24447760012727393
T03001	3	1	1	1	1	2	1	1	2	2	1	-0.9255777528573688
T03002	5	4	4	4	4	5	4	2	4	3	1	1.4685810979332077
T03003	0	1	3	1	1	4	2	1	3	1	2	1.314681727412251
T03004	2	3	4	1	4	4	2	4	4	3	2	-1.129165981618318
T03005	1	0	2	2	2	3	1	1	3	1	1	0.40637032057595124
T03006	5	2	5	2	4	4	3	3	5	4	2	0.9617182831614941
T03007	4	4	5	3	4	4	4	4	4	2	2	1.1588504600538863
T03008	5	5	5	4	5	5	5	4	5	4	2	1.2029382651246239
T03009	4	3	5	2	0	3	2	1	2	2	1	-1.3971556024692764
T03010	3	5	4	3	2	2	3	2	5	1	1	-1.5647174099812629
T03011	2	3	3	3	4	4	2	2	2	1	1	-0.05336820460065517
T03012	5	2	5	4	5	4	2	4	4	4	1	-1.0158423680672077
T03013	5	1	5	4	4	2	3	4	4	4	1	-1.2596183789010638
T03014	3	1	5	2	3	4	3	4	4	0	1	0.5400936669379865
T03015	5	4	5	3	5	2	4	3	5	5	1	-0.14521341237728955
T03016	5	5	5	5	5	3	5	5	5	5	2	2.8499964788068377
T03017	4	2	4	2	1	5	4	2	3	3	2	0.08037598797181772
T03018	5	4	5	3	2	4	4	1	2	1	1	-0.1913868523385664
T03019	2	3	3	2	3	5	3	4	3	4	1	-0.042932428718709004
T03020	4	4	5	4	4	3	5	4	4	4	2	1.0664345830475925
T03021	5	3	5	4	2	4	4	2	4	4	1	-0.6734321551134022
T03022	4	4	4	1	4	5	4	4	4	3	1	-0.14383408677337575
T03023	3	3	5	2	3	3	2	2	5	4	1	1.6929107093126705
T03024	4	4	4	4	5	4	5	3	5	3	1	0.9624628313265743
T03025	5	3	4	3	2	5	4	4	4	4	1	0.47497991705120335
T03026	3	4	2	1	2	4	4	2	1	2	1	-0.246573225343153
T03027	4	4	4	2	3	4	4	3	3	1	1	-0.9838093287329323
T03028	5	5	5	4	5	5	5	5	5	2	1	1.417400784128675
T03029	5	4	5	1	5	3	3	5	4	3	1	-1.1986706007307273
T03030	4	4	3	3	3	5	5	4	4	2	1	0.11103627315344333
T03031	3	2	5	2	4	4	4	4	5	2	1	0.41143368096956046
T03032	2	4	1	2	5	5	1	1	3	2	2	0.374125475802485
T03033	1	1	4	2	3	5	1	2	5	1	1	-1.9707504871770143
T03034	5	5	4	5	4	5	4	5	4	5	2	0.9752387975114343
T03035	4	5	4	2	4	4	3	4	5	2	2	-0.7769433670928532
T03036	5	3	4	2	2	5	4	3	4	1	1	-0.5707220372782105
T03037	3	4	4	3	3	4	4	2	2	5	1	-0.3245418265750396
T03038	5	0	5	4	0	3	2	3	4	1	1	0.8949728667370773
T03039	5	4	2	2	3	4	4	4	2	1	2	0.7237151988647196
T03040	2	4	4	4	4	4	4	1	4	3	1	-0.7074321150253466
T03041	4	4	5	4	4	5	4	5	5	3	2	0.5557286338588858
T03042	3	4	4	2	5	5	4	5	2	2	2	0.5324071026645268
T03043	4	2	4	2	4	4	1	2	3	2	2	-0.07489221932386371
T03044	4	1	2	2	3	2	4	4	4	1	1	1.815568186670433
T03045	4	2	3	2	3	4	3	4	5	2	2	0.9763322182012671
T03046	4	5	5	3	3	5	5	5	5	4	2	1.01789661589489
T03047	5	5	5	2	4	5	5	5	5	5	2	0.9580450739544704
T03048	2	3	2	3	2	2	4	3	4	3	1	-0.3911566300306144
T03049	5	4	1	2	2	4	4	1	3	2	1	0.28771818307315444
T03050	5	5	5	5	5	5	5	5	5	5	2	1.3135818802304717
T03051	4	4	5	5	4	5	4	2	4	5	2	1.8580197472443516
T03052	5	5	5	5	4	3	5	4	4	2	1	0.5223214942406758
T03053	4	3	4	4	4	4	4	2	5	2	1	-0.47612080614143765
T03054	4	4	4	4	5	5	4	4	5	2	2	1.1617247249041167
T03055	4	3	5	5	4	5	3	2	5	3	2	0.7688365062256153
T03056	4	2	1	1	4	4	2	2	4	2	1	-0.05556107778085584
T03057	5	3	2	2	2	5	4	4	4	4	1	-0.44726151411606063
T03058	3	4	4	3	4	5	5	2	4	4	2	0.3262261205050857
T03059	5	0	2	5	5	4	4	5	5	2	2	1.3901426200129254
T03060	5	5	5	4	5	5	5	5	4	5	2	0.5404102259713385
T03061	4	1	4	2	2	3	4	3	4	3	1	-0.4760684987172059
T03062	5	5	5	5	5	5	5	5	5	5	2	1.7592736888071716
T03063	2	4	4	4	2	5	5	4	3	3	1	-0.006591807809478989
T03064	5	5	5	5	5	5	5	5	5	5	2	1.7406594843170886
T03065	5	5	3	4	5	5	5	4	5	2	2	2.729460653239032
T03066	2	1	2	1	2	4	1	1	2	1	2	-0.2655396205533682
T03067	4	4	5	3	5	4	5	2	4	3	1	0.3276971034567285
T03068	3	4	4	2	3	5	3	5	4	3	2	-0.24134362465356157
T03069	5	5	5	5	5	4	5	5	5	5	2	1.2500504681697107
T03070	4	4	5	5	5	4	4	5	5	2	1	-0.7851109492008577
T03071	5	5	5	4	5	5	4	5	5	3	2	1.4767397615151636
T03072	2	3	4	4	4	5	5	4	4	2	2	0.6674524587037871
T03073	4	3	3	1	2	1	2	1	5	1	1	-0.7803783158349361
T03074	5	4	5	2	5	4	4	4	0	4	1	1.863328066858439
T03075	4	4	3	2	5	4	3	3	4	4	1	-0.09334356736820808
T03076	4	4	4	4	3	4	4	5	5	3	2	0.006223150352204221
T03077	4	2	4	3	4	2	5	4	4	3	2	0.3271880387388604
T03078	4	3	2	4	3	5	4	1	3	2	1	-0.16214412216144475
T03079	5	4	0	5	3	5	4	4	3	4	2	-0.1276859083387516
T03080	4	1	2	2	2	2	1	1	5	1	1	-0.3754417807018244
T03081	5	4	3	2	2	3	4	3	2	2	1	-0.3607044158069928
T03082	5	0	3	2	3	5	4	5	4	4	2	1.0848957587200254
T03083	1	1	1	2	1	4	2	1	1	0	1	0.0587109184561867
T03084	1	2	5	1	4	1	4	2	5	2	2	1.116581811505719
T03085	2	1	2	2	1	2	4	1	1	1	1	-0.1749264324115706
T03086	4	4	3	4	5	5	5	4	5	5	2	2.6100313165120297
T03087	4	2	1	2	2	3	2	1	2	1	1	-0.9923156839985825
T03088	5	5	5	4	4	5	5	4	5	2	1	0.11697987317269087
T03089	5	4	5	4	5	3	4	4	4	4	2	0.6263417528906893
T03090	5	4	2	3	3	5	4	2	5	1	2	0.5774204189134098
T03091	5	3	2	2	5	4	2	1	4	2	2	-0.4652842815047895
T03092	5	3	4	3	5	4	3	4	0	1	1	-0.7051863619938363
T03093	4	2	3	2	2	4	1	3	3	1	1	-0.22107117107703278
T03094	4	5	4	5	5	4	4	4	3	4	2	1.7709158224703434
T03095	5	4	5	3	3	4	4	5	4	4	2	0.09218782304513923
T03096	4	5	5	3	5	4	4	4	4	3	2	0.2696948622577158
T03097	3	3	3	3	2	4	4	4	5	1	1	-1.345152992848056
T03098	5	4	4	4	5	5	2	5	4	3	2	0.20018490572862377
T03099	5	2	4	2	4	3	4	2	3	1	1	-1.0797915122380235
T03100	4	3	1	4	5	5	4	5	4	3	1	-0.3163112530609649
T03101	5	2	5	5	5	4	3	5	5	4	2	-1.0412020015148244
T03102	5	5	5	5	5	5	5	5	5	5	2	0.869465349394956
T03103	4	4	4	2	2	2	3	2	3	2	2	0.23913669246628078
T03104	5	3	4	5	4	5	4	4	4	4	2	0.9774160155205661
T03105	4	4	4	0	4	5	5	4	4	2	1	-0.13292798231359215
T03106	5	3	2	4	3	5	4	3	4	3	2	2.5293201317507172
T03107	4	5	5	2	4	5	5	5	5	1	2	1.6510854598120175
T03108	4	1	2	2	3	4	2	1	5	1	1	-0.7210245854170602
T03109	4	5	4	3	4	2	4	3	4	5	1	0.5588290217123288
T03110	4	5	1	3	2	4	4	5	4	4	1	-0.9250552609890386
T03111	3	0	4	1	2	5	3	4	4	1	1	1.1540658828309711
T03112	4	1	1	1	1	4	2	1	4	2	1	-0.584697561607685
T03113	2	4	3	5	4	5	4	5	4	2	2	-0.29006201229206174
T03114	2	1	1	1	1	3	2	2	4	4	1	-0.4488730521946224
T03115	1	2	1	3	2	4	3	1	4	4	1	1.7826028096819357
T03116	2	2	2	2	3	4	2	2	4	1	1	-1.286962260241094
T03117	5	5	5	5	4	5	4	5	4	5	1	0.7471931425347025
T03118	5	5	5	5	4	5	5	5	4	3	1	1.9489405021060886
T03119	5	5	4	4	4	5	4	4	4	4	1	0.08685693807413748
T03120	5	3	4	1	2	4	5	5	4	2	1	0.6848944979499425
T03121	5	5	3	4	4	4	2	4	5	1	2	0.8239482662804272
T03122	5	2	4	5	5	5	4	5	4	2	1	0.6953770230431764
T03123	4	3	1	2	4	2	2	3	2	2	1	-0.6439127081272827
T03124	5	5	4	5	5	5	2	2	4	2	2	0.8495071502544544
T03125	5	2	3	3	4	5	5	3	4	3	2	0.32783947346454867
T03126	4	2	4	2	2	5	2	2	5	1	1	-0.8543622023070749
T03127	3	5	4	3	4	4	5	4	4	2	1	-0.6848579253719216
T03128	4	4	5	2	4	4	4	5	5	3	1	0.9473110661340965
T03129	3	2	2	1	4	5	4	4	4	2	1	0.19762128954343458
T03130	4	4	5	4	3	5	4	4	5	2	2	-0.4488669743043556
T03131	5	5	5	3	5	5	5	5	4	5	2	1.998478771253511
T03132	3	2	2	4	2	3	3	2	4	1	1	-1.6786541332302785
T03133	4	3	4	4	3	4	5	5	5	4	2	0.14842129426096362
T03134	3	2	1	1	1	2	3	1	3	2	2	0.5670561603815534
T03135	5	5	5	5	5	5	5	4	5	5	2	1.2628663624296341
T03136	5	1	2	5	3	4	4	1	4	2	2	-0.06608451273841665
T03137	3	1	1	1	3	0	2	1	3	1	2	0.45700421466391994
T03138	5	5	5	5	5	5	5	4	5	5	1	1.5331885326691836
T03139	4	5	4	5	5	5	4	5	5	4	2	0.01618253801968661
T03140	2	1	4	1	2	3	1	1	4	1	1	-1.2940009721478134
T03141	4	5	3	2	4	5	4	5	4	2	2	0.06726760356445588
T03142	5	4	3	2	4	5	5	3	5	1	2	0.11739685119695598
T03143	5	5	5	3	5	5	5	5	5	5	1	-0.8803864917732287
T03144	5	5	5	4	5	5	4	5	5	4	2	1.5117991790430865
T03145	3	2	2	1	1	4	3	2	4	3	2	0.5359422730908558
T03146	5	5	4	4	4	5	5	4	5	5	2	0.4479297835571311
T03147	4	4	5	3	4	4	4	5	5	2	1	1.0591476185763833
T03148	4	1	5	2	2	4	2	4	5	2	2	0.14125809873243467
T03149	0	5	5	5	3	4	5	5	5	4	1	1.856081055871041
T03150	5	5	5	5	5	5	5	5	5	5	2	2.9879576893728674
T03151	5	2	4	4	5	4	4	4	5	2	1	-0.8038080844806796
T03152	4	4	2	3	5	2	2	5	4	4	1	-1.47754678268428
T03153	5	4	4	4	4	5	5	4	5	4	2	0.39904122135236597
T03154	4	1	4	1	1	4	2	2	1	1	1	-0.1611094784059411
T03155	4	5	3	2	3	5	4	5	5	4	1	-0.26573732393672544
T03156	4	4	4	2	5	4	4	4	4	4	1	0.12136088022844937
T03157	4	4	5	4	4	5	4	4	4	3	2	1.9599382233422973
T03158	5	1	1	1	2	4	1	2	1	2	1	0.027431530657914927
T03159	2	1	1	1	1	1	1	1	1	1	1	-0.34676579734502033
T03160	4	3	4	2	2	4	3	2	0	3	1	-0.08896268587053467
T03161	4	4	4	4	5	3	4	4	4	1	2	0.20806796767234031
T03162	3	1	4	1	2	5	3	1	2	1	1	0.49806603550573114
T03163	4	4	4	5	4	5	4	4	5	4	2	1.5331860095949286
T03164	4	4	5	5	4	5	4	3	4	5	1	1.8595462000055802
T03165	5	4	5	5	2	5	5	5	5	3	1	1.9329145482390726
T03166	3	3	2	2	2	4	4	1	4	2	2	0.29620210615996845
T03167	4	3	4	2	5	5	4	4	4	1	1	-0.44730293971092583
T03168	5	4	4	4	5	4	4	5	5	4	2	-0.39327489114945613
T03169	4	5	5	5	4	5	5	4	5	2	2	1.534125932170499
T03170	4	3	4	4	3	5	4	2	5	5	1	-0.6569681004755978
T03171	5	4	3	2	5	5	4	5	4	2	2	-0.45842880976658296
T03172	2	1	2	1	1	4	2	1	1	1	2	-1.3977779099228311
T03173	5	5	5	3	5	5	4	4	4	5	2	-1.1928457429483872
T03174	5	5	3	4	5	5	4	3	4	4	1	0.2532862051534498
T03175	4	5	4	4	5	5	5	4	5	4	2	0.6211469971208813
T03176	4	3	1	2	3	4	2	5	5	2	2	0.504644679634265
T03177	4	3	4	4	3	2	4	2	0	3	1	0.779616275964846
T03178	4	4	3	3	5	5	5	3	5	2	2	1.3233515311941486
T03179	5	2	3	1	5	3	3	2	3	2	1	0.4075684883895817
T03180	5	2	4	4	5	4	5	5	5	2	2	2.115146658863792
T03181	2	1	2	2	3	4	4	2	3	2	1	2.1058253842683134
T03182	3	3	2	5	2	3	5	5	4	1	1	0.27539481571467717
T03183	5	5	4	4	5	5	5	5	5	5	1	1.0090387062978852
T03184	1	3	3	2	5	5	4	4	4	4	2	-0.3130794785803501
T03185	4	3	4	3	4	4	4	2	5	1	1	1.3628731625958217
T03186	2	2	2	1	2	3	2	4	5	2	2	0.4082007710874095
T03187	5	5	5	2	5	5	4	3	5	3	1	1.280475872860801
T03188	4	4	3	4	4	0	5	4	5	4	2	1.8387032705228856
T03189	3	1	2	1	3	3	2	2	3	2	1	-0.365705547898962
T03190	3	3	3	1	2	4	4	3	3	1	2	0.1954125620316734
T03191	5	2	2	2	1	2	3	4	4	2	1	-0.8327911072058608
T03192	5	5	5	5	5	5	5	5	5	4	2	2.285575086587457
T03193	5	4	4	5	4	3	5	5	5	5	1	-0.1434729789689526
T03194	4	4	4	5	5	5	3	5	5	5	2	1.1377831979526545
T03195	4	2	5	2	0	5	5	4	5	2	1	0.44455617843252804
T03196	4	2	5	3	4	4	4	4	4	2	1	-0.6680500333092161
T03197	4	2	2	2	3	4	4	3	5	4	2	1.174644257425109
T03198	5	4	4	2	4	3	3	3	4	2	1	0.6178747684175767
T03199	3	2	4	5	2	4	4	4	3	2	1	-0.9688502031564707
T03200	4	2	5	2	4	4	3	5	5	5	2	0.3811591793105046
T03201	2	1	1	2	1	2	2	1	1	1	1	-0.6354322823796984
T03202	5	2	2	3	1	4	2	2	3	2	1	-1.360328715986836
T03203	4	4	5	4	3	0	1	4	5	2	1	-0.3768705679357637
T03204	5	4	4	4	4	5	5	5	5	5	2	1.1292448030330589
T03205	4	5	4	4	0	5	5	5	4	3	1	0.936141345462567
T03206	5	3	4	3	4	4	1	4	4	4	2	0.17946410279451164
T03207	5	4	5	5	5	5	5	4	5	5	1	1.099643051134714
T03208	4	3	2	2	2	2	4	4	4	5	1	0.6413514738913644
T03209	3	1	2	4	1	4	3	1	4	4	1	-0.5956359125591615
T03210	4	4	4	2	5	4	5	5	5	4	2	0.6635200935352693
T03211	3	1	3	1	4	4	4	2	4	2	1	-0.628512672831797
T03212	5	2	4	4	2	4	2	4	5	1	1	-0.9079012802526506
T03213	1	1	2	2	2	2	2	4	3	1	2	-0.2141997241794511
T03214	4	3	2	2	4	5	1	4	4	2	1	-0.7769997964765207
T03215	4	4	2	1	3	3	2	2	4	2	1	-0.4184459666546658
T03216	2	1	4	2	3	4	1	1	3	1	1	-0.3963662390895848
T03217	5	5	5	5	5	5	5	5	5	3	2	2.2584505723537136
T03218	5	4	1	2	2	5	4	3	2	3	1	-0.9012607464311413
T03219	3	2	3	1	1	3	1	2	4	2	1	-0.32280564759627334
T03220	5	4	3	2	5	4	5	4	4	3	1	-0.6103808080270127
T03221	4	5	4	3	2	4	2	4	5	3	2	0.6039616632264753
T03222	4	2	4	5	4	5	4	2	5	3	1	0.19276500490866935
T03223	5	1	4	2	5	5	2	3	4	2	1	0.428003192946098
T03224	4	4	4	4	3	5	4	4	4	3	2	0.8658488019008299
T03225	3	3	4	2	4	4	4	3	4	4	2	0.5951118297749488
T03226	5	5	4	5	4	5	4	5	5	2	1	0.1667332427694917
T03227	2	3	3	4	2	5	3	4	4	2	2	0.10065715469936058
T03228	4	3	4	4	4	4	3	4	5	2	2	0.11672706529844762
T03229	5	4	2	3	3	5	3	4	4	4	2	-0.3235260013629647
T03230	4	2	4	5	4	5	2	3	2	2	1	0.3167369428471245
T03231	2	4	5	2	5	4	5	5	3	2	2	1.0886267604310444
T03232	4	2	4	5	4	3	5	5	4	4	1	1.0617061061567814
T03233	4	5	4	3	4	5	5	4	5	4	1	0.002922685176655504
T03234	3	2	1	2	3	3	2	4	3	2	2	0.3806062605118944
T03235	5	5	5	3	4	4	2	5	5	2	2	-0.13455930439383612
T03236	5	4	5	4	2	5	5	3	5	5	1	0.47703268367192736
T03237	5	5	2	2	5	4	5	5	2	2	1	0.266685885545189
T03238	3	5	5	2	4	4	5	3	4	3	1	0.5844286141089874
T03239	4	3	4	4	2	4	2	3	4	3	1	-0.4988941312106739
T03240	4	4	5	3	4	4	3	3	5	3	2	-0.6320215700173513
T03241	1	4	1	1	4	4	2	1	1	1	1	1.0232353464076864
T03242	4	4	2	1	2	4	2	4	4	1	2	0.3716838530210775
T03243	5	4	5	3	5	5	5	5	5	4	2	0.9669737074892694
T03244	5	4	5	4	5	4	3	5	3	3	2	0.21667424879753255
T03245	5	4	4	2	5	5	4	5	5	4	2	0.09893318718083788
T03246	5	5	5	5	5	5	5	5	5	5	2	2.0713214373054893
T03247	3	4	4	3	4	4	2	3	4	2	2	0.3653973701694496
T03248	4	4	4	3	3	4	2	2	4	2	2	1.3574772812783384
T03249	4	4	5	2	5	3	5	5	4	2	2	-0.10429346530722405
T03250	2	5	4	4	4	5	0	2	5	4	2	-0.11042688413904689
T03251	4	3	4	5	3	5	5	2	4	2	1	-0.27243408049595164
T03252	5	5	0	5	1	4	5	4	4	2	2	0.5143689699676979
T03253	4	1	4	4	3	4	2	4	4	2	1	1.1119394983763544
T03254	5	5	4	2	4	4	4	5	3	1	2	0.28960085951350645
T03255	5	5	5	5	5	5	4	5	5	5	2	-0.5945776272930627
T03256	3	5	5	2	4	5	4	4	4	3	1	0.09245453275338057
T03257	2	1	3	4	1	2	1	1	4	1	2	0.37867984064283
T03258	4	5	5	4	5	4	5	5	5	5	2	0.6208917972804379
T03259	4	4	4	2	3	4	5	4	5	2	2	0.3358304163258549
T03260	5	3	4	4	4	4	4	4	4	3	1	-0.29263874363453735
T03261	4	4	4	2	5	5	5	4	4	3	1	0.47496996087019405
T03262	4	2	5	4	4	5	2	2	4	2	1	0.106439188233684
T03263	5	5	5	5	5	5	5	5	4	5	2	2.4863315470296037
T03264	1	1	4	1	1	5	2	1	3	1	1	1.0523097840398266
T03265	3	1	1	1	1	5	3	2	4	1	2	0.40850839166925623
T03266	3	1	4	1	2	3	1	1	2	3	1	-0.1498989591270018
T03267	4	2	4	3	4	4	2	3	5	1	2	0.6861556960916193
T03268	3	2	4	2	1	4	2	4	4	2	2	-0.43931698217228904
T03269	5	4	5	5	4	5	5	5	4	5	2	0.03536645634999369
T03270	4	4	5	4	4	4	4	5	2	4	1	0.34040065675092107
T03271	3	4	4	4	2	2	3	3	3	3	1	-0.40321322653701974
T03272	4	4	5	4	4	5	4	3	4	5	2	0.9514190727150516
T03273	4	1	3	1	4	5	2	1	5	1	1	-0.002344201504763943
T03274	5	4	2	2	5	4	5	1	5	5	2	-0.04276184663838867
T03275	5	3	5	3	4	5	5	5	5	4	1	1.0144584392389027
T03276	4	4	2	3	3	3	5	4	5	3	1	0.3351421485342758
T03277	5	5	5	5	5	5	4	5	5	4	2	0.3388445962408192
T03278	2	2	3	3	2	4	1	1	3	0	1	-1.2284941261547946
T03279	2	4	4	4	2	4	3	2	5	4	1	0.41710955980298386
T03280	1	2	1	2	1	4	3	1	2	2	1	1.0316861150593717
T03281	2	2	2	3	3	3	4	2	1	1	1	-0.45700487808547063
T03282	3	2	2	1	1	1	2	2	4	2	1	-1.1209504485685327
T03283	5	5	5	2	4	5	4	3	2	2	1	1.1266886297615637
T03284	5	4	4	5	5	4	4	4	5	2	2	0.5730170484376852
T03285	3	4	3	1	4	4	4	4	5	2	1	-1.3509627801844335
T03286	5	5	5	3	5	5	5	4	5	5	1	0.6061770314829832
T03287	5	2	3	2	2	5	4	5	3	1	2	0.48384625277680937
T03288	4	5	4	4	4	2	5	3	4	3	2	0.15985873577816068
T03289	3	2	3	2	2	4	3	2	5	2	1	1.0097005259098677
T03290	5	5	3	4	4	5	5	5	4	3	2	0.6628352441733005
T03291	5	4	4	3	5	4	4	5	4	3	2	1.118027823473156
T03292	4	4	5	3	2	5	5	5	2	4	2	0.38356784829738466
T03293	2	5	4	3	3	2	3	4	5	4	1	0.15263317245915187
T03294	5	4	4	4	3	2	3	2	1	2	2	-0.4248003622221847
T03295	5	2	4	2	2	4	4	5	4	4	2	0.14178105627045262
T03296	2	4	5	2	4	3	4	4	4	2	2	0.7140791016662867
T03297	4	4	4	4	4	5	4	4	1	4	2	0.08125021215778416
T03298	3	3	4	4	4	5	5	4	4	2	1	0.7163140303795614
T03299	4	2	3	4	4	4	4	4	5	2	2	1.234245574850899
T03300	4	1	2	2	2	4	4	0	4	2	1	1.0198295513725635
T03301	5	2	4	2	2	5	4	4	4	1	1	0.9527740239624592
T03302	5	5	5	5	5	5	5	5	5	2	1	0.11553376227396428
T03303	5	4	5	3	5	5	5	5	5	2	1	-0.036333571929754394
T03304	5	4	5	3	4	4	4	4	5	5	2	1.2758391978196326
T03305	3	2	4	2	2	2	2	3	2	3	1	-0.3526639165737161
T03306	2	1	1	1	2	2	1	1	3	2	1	-0.033365544322960794
T03307	2	1	1	1	2	4	2	2	5	1	1	-1.1013251693702353
T03308	5	4	4	4	5	4	5	5	5	5	2	-0.05113393703897584
T03309	3	4	5	3	3	5	4	3	3	2	2	0.36149393074448766
T03310	4	4	4	4	4	5	3	5	2	4	1	-0.8181073679971809
T03311	5	5	5	5	4	5	5	5	2	4	2	1.7840743431300123
T03312	5	5	5	4	5	5	4	5	5	5	1	0.21676441298026278
T03313	4	4	3	3	3	4	3	4	3	3	1	-0.5242776029230856
T03314	3	2	4	4	4	2	4	3	4	3	1	0.4284210175445732
T03315	5	5	5	5	0	5	5	5	5	5	2	0.2537507116886146
T03316	3	2	1	4	1	3	3	4	1	2	1	-0.570494363379457
T03317	4	5	3	2	3	5	5	5	5	4	2	1.85416102646088
T03318	3	3	1	3	3	4	3	3	5	1	2	0.020196672819340566
T03319	4	5	4	3	3	4	4	4	5	3	1	-0.8175999396054142
T03320	4	1	1	2	1	3	3	2	2	1	1	-0.8501199682773422
T03321	5	4	1	4	4	4	4	4	4	3	2	1.287435679583079
T03322	3	1	4	2	3	4	4	4	4	1	1	0.684221173807095
T03323	5	5	5	5	5	5	5	5	5	3	2	2.4052293383389607
T03324	3	5	4	4	5	4	5	5	5	0	1	0.5653731778320181
T03325	3	5	4	1	4	5	5	5	5	5	2	-0.16759269411772948
T03326	5	4	4	4	2	5	4	4	4	3	2	1.3982772817563291
T03327	5	5	5	3	5	5	4	5	4	5	2	2.422586671843346
T03328	4	5	2	3	3	4	3	5	5	5	2	0.1732494177431685
T03329	5	5	4	4	3	2	2	4	5	5	2	-1.4608002835261669
T03330	5	4	4	2	3	5	5	5	3	1	2	-0.15529971535636278
T03331	4	5	4	2	4	4	4	4	4	2	1	-0.6572499295746639
T03332	5	5	5	5	4	5	3	4	5	2	1	-1.5698223409332008
T03333	2	1	1	1	1	4	1	1	3	1	1	-2.6291405219478614
T03334	5	5	5	5	5	5	5	5	5	5	2	2.2489165283846435
T03335	5	2	4	3	3	2	4	2	4	2	1	-0.5248033648154289
T03336	4	4	4	3	4	4	3	3	5	4	1	-1.0117241069812042
T03337	4	2	4	1	4	4	3	2	2	3	1	-0.1614087897855495
T03338	5	3	2	2	1	4	4	4	4	3	1	-0.6614184465265894
T03339	4	4	2	4	4	4	5	5	4	0	2	1.1696399537078728
T03340	5	5	4	5	4	5	5	5	5	5	1	0.3871767491158158
T03341	2	1	2	1	4	3	2	1	2	1	1	-0.7282846837482545
T03342	5	5	5	5	5	5	5	5	5	5	2	1.9289312150142204
T03343	5	4	4	2	3	4	5	4	4	2	2	1.485183070566159
T03344	2	2	4	1	1	4	1	2	2	1	1	0.6774373232812856
T03345	2	2	3	2	4	1	1	1	2	1	2	-2.064885515418173
T03346	5	4	5	5	5	4	4	5	5	4	2	0.16040669548769748
T03347	3	4	2	2	2	4	5	2	3	2	2	1.2973362697845214
T03348	5	4	4	3	4	5	4	2	2	2	1	-0.544024599086951
T03349	2	4	4	2	4	2	4	2	4	1	1	0.9636800003139185
T03350	3	1	1	4	2	4	1	1	2	2	1	-0.317666332374543
T03351	4	5	4	4	5	5	5	3	4	3	2	0.25477311222623844
T03352	4	4	5	5	5	4	4	4	5	3	1	-0.2340678571208256
T03353	5	2	4	2	2	3	2	2	3	2	2	-0.39300769432504007
T03354	1	2	4	1	2	1	2	2	3	4	1	-1.0086525881933297
T03355	5	3	3	2	5	5	4	2	4	3	1	1.124368150589146
T03356	5	4	5	5	5	5	5	5	5	5	2	1.74056922380377
T03357	5	5	5	5	4	4	5	5	5	3	2	1.7411630041106418
T03358	4	5	4	5	4	5	5	5	3	4	1	0.32059720529116664
T03359	4	5	4	0	3	4	3	4	3	3	1	0.7953612042698508
T03360	4	5	5	5	4	4	4	5	5	4	2	0.5434363669432701
T03361	4	2	4	2	4	5	4	4	3	1	1	-0.12929682770530262
T03362	4	2	5	3	3	5	4	5	2	4	2	1.8047081288633775
T03363	3	2	4	3	2	0	4	3	0	2	1	-0.30137634242645
T03364	3	2	4	1	4	2	1	4	4	2	1	-0.3266308889587581
T03365	5	4	4	2	5	3	4	4	4	2	2	1.1397293273237776
T03366	2	2	1	2	1	2	4	4	4	5	2	0.5801020075515604
T03367	5	4	5	4	4	3	4	4	4	2	2	0.6743553550554091
T03368	5	4	5	5	2	5	5	5	5	3	2	1.441807222960285
T03369	3	1	4	4	3	4	2	1	4	2	2	0.2715340042231141
T03370	3	5	4	5	4	3	4	5	4	4	2	1.3790415593330227
T03371	4	2	4	5	4	5	3	5	5	3	1	1.144396122765639
T03372	2	2	4	3	4	4	4	4	4	3	2	1.7246483142884905
T03373	4	2	4	2	3	5	4	4	4	2	1	0.4556896038273888
T03374	5	5	4	5	3	5	5	5	5	4	1	0.5278409963724143
T03375	5	3	4	2	5	4	3	2	4	1	2	0.031552432660707286
T03376	4	2	2	1	5	4	4	3	5	3	1	-0.3878214709544733
T03377	3	2	1	1	1	2	2	2	2	1	1	-0.9632738386076714
T03378	4	2	5	4	3	4	4	5	4	5	2	2.3887572335405793
T03379	2	3	3	2	2	4	4	2	4	3	2	-0.006771815948226234
T03380	4	4	4	2	5	4	4	4	4	3	2	1.3126797021967498
T03381	5	4	4	0	5	0	4	5	5	4	1	1.6313020909539815
T03382	5	3	2	3	1	2	4	1	4	2	2	0.34249869477025385
T03383	5	5	5	2	2	4	5	0	4	1	2	-0.3594283286522636
T03384	2	2	0	2	5	4	2	4	2	3	1	-0.09865569966549409
T03385	5	4	4	4	2	5	4	5	5	3	2	0.03996783902185175
T03386	5	2	5	5	5	5	5	5	4	5	2	0.6693592815046215
T03387	5	1	4	4	1	5	3	3	4	3	1	-0.14661031988896736
T03388	3	4	2	5	3	4	5	2	4	1	2	1.919881031867868
T03389	5	5	5	5	5	5	4	5	5	5	2	-0.15111264228441967
T03390	3	4	1	3	4	2	4	2	5	1	2	-0.28704322912974956
T03391	5	5	5	0	5	5	4	4	5	4	2	1.0543509590447393
T03392	4	4	5	4	4	5	5	5	5	2	2	-0.018826504655995224
T03393	5	4	2	2	4	5	5	4	4	1	1	0.7192811465476608
T03394	3	2	4	1	2	2	1	4	2	1	1	-0.8987641457075772
T03395	4	2	2	4	4	5	4	2	3	4	1	-0.78519335204168
T03396	3	1	1	2	2	4	1	1	2	1	2	-1.302359943825131
T03397	5	4	4	2	4	5	5	4	5	5	2	-0.09813555979937183
T03398	5	4	1	4	4	4	4	4	3	2	1	0.6845003480971055
T03399	5	4	4	2	4	4	3	3	3	2	1	0.3704258422986054
T03400	3	2	4	1	4	5	3	4	5	1	2	-0.05433168243129882
T03401	5	4	5	5	5	4	5	5	5	3	2	1.219882458667408
T03402	4	4	3	5	4	5	4	5	2	5	2	2.0133693424623913
T03403	5	4	5	4	5	5	5	5	5	5	1	1.3638242752937666
T03404	1	3	1	2	2	5	4	3	3	3	2	0.30973559463286193
T03405	2	5	2	3	2	5	1	4	2	5	2	-0.6349636470738398
T03406	5	4	5	5	4	5	5	5	5	5	2	0.5521944602302093
T03407	2	2	3	2	2	3	4	2	3	2	1	0.6640185292383287
T03408	0	4	5	4	5	5	5	4	5	4	1	1.5626642916175455
T03409	5	5	5	5	5	5	5	5	5	3	2	1.546802207119028
T03410	5	5	4	4	4	5	5	5	5	4	2	1.3853906426779827
T03411	4	4	4	4	4	5	3	4	4	4	2	0.7980325579526866
T03412	5	5	5	5	5	5	5	4	5	4	2	3.166510280081858
T03413	5	3	4	4	4	5	4	3	5	5	1	0.636783121841127
T03414	4	2	2	4	2	4	4	1	4	1	1	-0.3481880468795797
T03415	5	4	4	2	4	5	5	2	2	2	2	-0.14929511822800445
T03416	5	5	4	3	2	1	3	3	5	2	2	-0.05695398009817387
T03417	4	5	3	5	5	5	4	5	5	4	2	0.9916922204119669
T03418	2	2	2	2	2	3	3	2	2	2	1	0.42396508642106645
T03419	3	3	2	3	3	4	2	2	0	1	1	-0.3225115093119868
T03420	2	2	3	5	4	5	5	4	4	2	1	0.839703138781505
T03421	4	2	2	2	5	4	3	3	5	2	1	0.045929804291759954
T03422	5	4	2	4	4	4	3	1	4	1	1	-0.6827631744753377
T03423	2	2	1	5	2	3	4	2	3	1	1	-0.5641593143673495
T03424	4	1	4	4	2	5	4	0	4	2	1	-0.3330962288400174
T03425	5	3	1	2	4	3	4	3	4	2	1	0.8078672679125729
T03426	4	3	3	2	4	5	4	4	3	2	1	-0.4549835545943714
T03427	4	5	4	3	5	5	5	4	5	2	1	0.29866582602060276
T03428	4	4	2	2	5	4	4	3	5	2	2	2.0331821675046924
T03429	1	1	5	2	4	5	3	2	4	4	1	-0.36040703247703076
T03430	4	1	3	2	1	4	4	1	2	1	1	-0.31017812414721846
T03431	4	4	4	2	4	3	5	4	4	3	2	0.13156903906347694
T03432	4	3	4	3	4	5	4	2	4	2	2	0.3511009036108128
T03433	3	2	2	2	4	4	2	4	5	4	2	0.19106784510166808
T03434	1	1	4	1	1	4	1	3	2	1	1	-2.3042908691357273
T03435	4	4	2	5	2	5	5	5	4	5	2	1.1990174672384057
T03436	4	4	2	3	3	5	2	0	2	1	2	-0.7601231132335359
T03437	5	5	0	4	5	5	5	4	5	5	2	-0.3177198100183758
T03438	4	2	4	3	2	4	3	5	5	2	1	0.33561693856647284
T03439	3	2	4	3	1	2	2	4	4	4	1	-0.04735183772603174
T03440	4	3	1	3	3	5	1	2	4	1	1	-1.2543203719566405
T03441	4	4	5	1	2	3	4	5	3	4	1	0.029259053156813097
T03442	3	1	4	1	2	5	5	1	4	1	2	1.5277898503997114
T03443	5	5	5	5	5	5	5	5	5	5	2	1.5487706443342333
T03444	2	1	4	2	1	5	4	1	4	1	1	-0.4168761020387582
T03445	5	4	5	3	5	2	5	4	4	3	2	0.8899758516947271
T03446	4	2	4	2	3	5	4	2	4	5	2	0.9323502402262489
T03447	4	2	2	4	0	3	4	4	4	4	2	1.8234352535801865
T03448	5	5	4	4	5	5	4	4	5	3	2	0.9894868798169432
T03449	5	4	5	4	4	4	4	5	5	4	2	-0.2308629040847956
T03450	5	5	5	2	5	5	4	5	4	4	1	0.8631447155415554
T03451	4	4	5	2	5	5	3	4	4	3	2	0.8450908310253569
T03452	4	4	4	2	4	5	3	3	3	2	1	-0.1689511689638754
T03453	5	1	4	2	4	5	4	2	1	1	1	0.6858522321769449
T03454	4	4	5	4	4	4	5	4	5	5	2	0.9908614508253676
T03455	2	1	1	2	2	2	1	1	1	1	1	-2.3728275891395665
T03456	5	5	4	4	4	4	5	5	4	3	2	1.0858056786837404
T03457	2	2	1	2	2	1	1	1	4	1	2	-0.3388644648039682
T03458	5	5	5	2	3	5	5	5	5	5	2	1.3163679920218612
T03459	4	4	4	3	4	4	4	5	4	3	2	0.5413170662950538
T03460	2	3	2	3	3	4	3	4	4	3	1	-0.36065665995267043
T03461	5	2	2	3	4	4	4	3	3	1	1	-0.6017974685183984
T03462	4	4	2	2	4	3	2	3	1	1	1	-0.16902651754509126
T03463	3	2	3	2	3	4	5	4	4	4	2	-0.6903268638497297
T03464	2	4	2	4	2	1	4	2	4	0	1	-0.3028074484991692
T03465	5	4	5	2	5	0	4	4	4	5	1	1.2687075162064807
T03466	5	4	4	3	4	5	5	5	5	4	2	1.1786683841235737
T03467	1	1	1	1	2	2	2	1	3	1	1	-1.0408745910967738
T03468	4	5	2	2	4	5	3	3	5	2	1	-0.9320325067043207
T03469	4	4	5	0	5	5	2	2	4	1	1	0.19357791893319162
T03470	3	2	2	2	2	4	4	3	3	2	1	0.38218108675399576
T03471	3	1	1	3	2	2	1	3	1	1	1	-1.6689459701304878
T03472	4	5	5	2	5	5	4	3	0	5	2	1.3266024642678067
T03473	4	5	5	4	5	4	4	2	4	3	2	-0.07902436740392815
T03474	5	1	4	2	4	4	4	3	4	2	1	1.2437719400728329
T03475	2	1	2	3	2	4	4	1	3	2	1	-0.09614594201948254
T03476	1	1	1	1	2	2	1	1	1	1	1	-1.6637478979728786
T03477	3	4	2	2	4	5	5	3	4	3	2	0.9507077948468181
T03478	3	5	2	3	4	4	4	4	3	2	2	-0.2732384479442052
T03479	4	1	2	2	2	3	4	2	4	1	2	0.5695548386016807
T03480	4	2	5	4	5	4	2	3	5	3	2	-0.680113786407061
T03481	5	5	5	3	5	5	4	5	5	5	1	0.09322615807579787
T03482	4	2	5	4	5	4	4	4	5	2	2	0.886031397369707
T03483	5	5	5	4	4	5	5	4	4	4	2	1.954804487085501
T03484	4	5	5	4	2	5	5	4	5	5	2	0.6054464985395693
T03485	5	4	5	4	5	4	5	5	5	2	2	2.4392929917790958
T03486	4	5	4	5	4	5	5	5	5	5	1	0.30922093091533437
T03487	0	4	2	1	4	4	3	5	4	1	1	-0.7108524117434387
T03488	4	3	4	2	4	5	4	4	3	3	2	0.1307374886274782
T03489	5	1	4	2	2	4	4	4	2	4	2	-0.8443830147742865
T03490	2	1	3	2	4	4	3	1	2	1	1	0.5082698842702897
T03491	5	4	5	5	5	5	4	5	5	4	2	0.24485095494598474
T03492	4	4	5	2	2	4	3	2	4	2	2	-0.4743097687503641
T03493	4	2	2	3	2	2	3	3	4	4	1	-0.5780208220666183
T03494	4	4	5	2	4	4	5	4	4	5	2	1.0225100053871583
T03495	5	4	5	4	5	5	5	5	4	4	2	1.1650825575112373
T03496	5	1	5	5	4	5	4	3	5	5	1	-0.6626966884647321
T03497	4	4	5	2	4	5	5	3	4	2	1	0.014206376599960713
T03498	5	5	5	5	4	5	4	5	5	4	2	0.41059696138082336
T03499	5	5	0	5	4	4	4	4	4	2	2	0.6181152797546189
T03500	4	3	4	2	5	4	3	2	4	1	1	-1.0453722797523202
T03501	4	5	5	4	5	5	5	4	4	5	2	-0.07775709868104674
T03502	4	5	4	2	4	5	4	4	0	4	1	1.030134396557738
T03503	4	2	4	2	5	4	4	2	3	5	2	-1.1457804649120669
T03504	4	4	3	2	3	5	5	4	5	5	2	1.7073043093590452
T03505	4	2	4	1	1	4	2	3	1	4	1	0.0005829542841342961
T03506	4	0	2	3	3	5	2	4	4	2	1	-0.9290803443066808
T03507	4	5	5	5	4	5	5	4	5	4	2	0.159960527234299
T03508	4	2	5	2	4	5	5	5	4	4	1	0.07307097988095335
T03509	4	4	4	2	5	4	4	2	5	2	2	1.3090963752001405
T03510	4	4	3	4	4	5	5	5	5	3	2	0.816271103085799
T03511	3	5	1	1	4	4	4	2	2	2	2	0.10592647889048168
T03512	3	4	4	2	4	5	2	2	4	2	1	-2.0541871723570706
T03513	4	5	4	2	4	5	2	3	5	2	2	1.4508938621789824
T03514	5	5	5	4	4	5	2	5	2	3	2	-0.3102828549000518
T03515	3	2	1	2	0	5	2	3	1	2	1	-1.3127604079785045
T03516	5	5	5	5	5	5	5	5	5	5	2	1.780170226121383
T03517	4	2	1	2	3	2	2	2	4	1	1	-0.36966868961544486
T03518	5	5	1	4	4	4	2	3	5	4	1	-0.6555740575349521
T03519	2	2	4	3	4	4	3	0	4	4	2	-1.3508910186642582
T03520	4	2	2	2	1	3	4	2	4	2	1	-2.011105035255442
T03521	4	3	4	3	5	3	4	2	4	2	1	-0.24793494237744906
T03522	5	5	5	5	5	5	5	5	5	4	2	1.6846014052311222
T03523	2	4	3	1	4	3	3	5	2	2	1	-1.6345382845033063
T03524	5	2	4	5	4	5	5	4	5	5	2	2.2664331455880955
T03525	4	5	5	4	5	5	5	2	5	5	2	1.754131991545926
T03526	5	4	5	4	5	5	5	4	4	3	2	2.125457594805376
T03527	0	2	4	4	4	5	4	3	3	3	1	0.44728701806289717
T03528	5	4	5	4	4	5	4	4	4	4	1	0.18322076126584153
T03529	4	2	1	3	4	4	5	4	2	4	1	1.2905683390280198
T03530	5	5	4	5	4	4	5	0	5	5	2	0.6237539427771912
T03531	5	5	5	5	5	5	5	5	5	5	2	2.35209336261243
T03532	5	4	5	4	5	5	5	3	5	2	2	1.5810734669084607
T03533	4	2	4	4	2	4	4	3	2	3	1	1.1166383403532616
T03534	4	4	5	2	4	5	4	2	4	1	2	0.7026047636014805
T03535	4	2	2	1	3	4	4	3	4	1	1	-0.4600743888507942
T03536	3	1	3	1	1	2	2	2	1	1	1	0.12057950216005853
T03537	4	3	5	4	5	5	4	5	4	4	2	0.9014172164945087
T03538	5	4	4	4	4	0	4	5	5	4	1	1.6247883501854539
T03539	3	1	2	2	1	3	1	3	1	2	1	-0.8958632385827672
T03540	3	4	4	2	3	5	5	1	4	2	2	0.6646980337239635
T03541	2	3	4	4	4	3	3	5	5	5	2	0.8986164693504378
T03542	4	4	4	5	5	4	4	2	4	5	2	1.422470622492796
T03543	4	5	5	4	4	5	4	4	4	2	2	-0.12281125529963532
T03544	4	4	5	5	4	5	5	5	5	4	1	0.9889445125571069
T03545	2	4	4	4	5	3	4	2	5	2	2	1.762976004096041
T03546	5	5	5	4	5	3	4	4	2	5	1	0.5271410343297454
T03547	4	3	5	5	5	4	4	4	3	5	2	-0.3299284832070516
T03548	5	4	5	4	5	5	4	5	5	5	2	1.2872818155846
T03549	5	5	2	3	4	5	4	4	5	5	2	0.6525952051641336
T03550	4	3	2	3	3	4	3	4	4	2	1	0.008843983211191508
T03551	4	4	5	4	3	5	4	4	4	2	1	1.0727529058485241
T03552	5	4	4	2	4	5	3	3	5	4	1	-0.8361343676386668
T03553	4	5	4	2	4	4	4	2	4	2	1	-0.44760237213789017
T03554	3	4	3	2	4	2	4	2	4	2	1	0.6286911744722458
T03555	5	2	4	3	1	4	2	3	5	4	2	-0.31994015712344803
T03556	1	1	1	1	2	3	1	2	1	2	1	-1.0392122344441215
T03557	2	3	4	2	1	2	1	1	1	2	1	-0.7335955877253846
T03558	4	2	5	0	1	5	3	4	4	1	2	0.7764179936120464
T03559	4	4	5	3	2	4	4	3	1	2	2	0.7932826509835329
T03560	5	2	4	4	1	3	4	2	4	1	2	0.3756327229688451
T03561	5	5	4	5	5	5	4	5	5	4	2	0.1544100370144066
T03562	5	2	4	4	4	5	4	5	4	5	2	0.23071315748727456
T03563	5	1	4	2	3	3	1	2	4	3	1	0.07916172223537421
T03564	3	4	4	2	2	1	2	2	1	1	1	-0.3879967706215832
T03565	4	2	2	5	2	2	2	2	5	2	1	-1.4693672062386631
T03566	4	4	5	2	3	4	4	5	4	4	1	0.6298310712966793
T03567	5	4	3	3	4	5	5	4	4	3	2	1.1911136413072188
T03568	4	5	4	4	4	4	3	5	5	2	1	0.09042611582866505
T03569	3	1	4	2	4	3	5	4	3	5	1	-0.3255418703594727
T03570	3	1	1	2	1	4	1	4	1	1	1	-1.2434780423626297
T03571	5	4	5	5	5	5	5	5	5	5	1	1.553466014332344
T03572	4	4	4	2	2	4	3	2	3	1	2	0.2521891162760173
T03573	5	5	5	2	2	5	4	2	4	3	2	0.4923172395654674
T03574	4	3	4	4	4	5	3	4	5	1	2	0.22270490683522978
T03575	1	3	4	2	0	4	4	3	4	0	1	0.24396865165147075
T03576	2	1	1	1	2	5	2	2	3	1	1	-0.4679623789852232
T03577	4	1	2	0	1	2	2	2	2	1	2	-0.7011430797193139
T03578	4	5	5	3	2	5	1	2	4	1	2	0.9720031114031149
T03579	4	4	3	4	5	5	5	5	5	4	2	1.7447822176251466
T03580	4	2	4	3	2	5	4	3	2	2	1	0.9999014078079541
T03581	2	2	4	4	4	0	4	2	4	3	2	0.7772308683140363
T03582	0	4	5	4	5	4	4	5	5	5	2	-0.07869401687947297
T03583	3	5	5	5	4	5	5	5	5	5	2	0.6770428333422063
T03584	3	4	4	2	3	4	3	2	1	3	2	0.1534626836257239
T03585	5	5	4	5	2	5	4	4	4	3	2	1.5318713889169564
T03586	5	5	5	4	5	5	5	4	5	4	1	0.5630762491280994
T03587	4	4	4	3	3	5	4	4	4	1	1	0.3959992302230958
T03588	5	4	5	5	4	4	5	5	4	2	2	1.917476165933472
T03589	4	5	4	5	4	5	5	3	5	5	2	1.1662156531517667
T03590	4	4	5	4	4	5	4	4	3	2	1	-1.3458646428465784
T03591	5	4	3	3	2	5	3	4	2	5	1	-1.2542942479314212
T03592	5	4	5	3	4	5	4	2	3	5	2	-0.11042025657798138
T03593	4	4	5	5	4	5	5	5	5	5	2	1.499773539030194
T03594	5	0	2	2	4	3	2	5	4	4	2	-0.7903308583442
T03595	4	4	4	4	2	5	4	4	3	2	2	-1.0145429075925954
T03596	1	1	1	2	1	2	2	2	3	2	1	-0.532913917190026
T03597	5	4	4	2	4	4	4	4	5	1	1	0.027085535960378118
T03598	5	4	5	4	3	5	4	5	4	2	1	0.4923186596024145
T03599	5	3	5	4	4	5	4	2	4	3	1	1.0844646506188707
T03600	4	0	5	5	5	5	5	5	5	2	2	0.6277655490902119
T03601	5	3	4	4	2	5	4	4	0	4	1	-0.2578630427471764
T03602	4	4	4	4	4	4	0	4	4	5	2	0.08073405218581914
T03603	4	2	5	5	5	3	4	4	4	5	1	0.7384614723430177
T03604	3	4	4	4	1	5	5	4	4	2	1	0.31943355301407533
T03605	3	5	1	2	2	3	4	2	3	2	2	-0.8735367554271043
T03606	3	2	3	3	2	5	3	1	4	1	1	1.1882228019888685
T03607	4	2	4	3	3	4	2	4	5	4	2	-0.0424296769371863
T03608	4	4	5	4	4	4	4	4	4	1	2	0.18860977543008262
T03609	4	5	4	0	4	4	5	5	4	3	2	0.9457025132814862
T03610	5	4	4	4	4	5	4	4	5	4	2	1.0719136099784405
T03611	3	5	5	4	4	5	5	4	4	4	2	-0.49766502272167834
T03612	5	5	4	4	2	5	4	3	4	5	2	0.6692027886652305
T03613	4	2	4	3	1	4	4	2	5	3	1	1.2913156912266024
T03614	2	4	4	1	3	4	4	4	3	2	1	-0.6427779426427456
T03615	5	4	5	1	4	4	3	5	3	3	2	-0.7024813298992802
T03616	5	4	5	4	4	5	5	5	5	2	2	0.12449323798786971
T03617	5	5	5	5	5	5	4	4	4	4	2	-0.551764445188226
T03618	0	2	2	4	3	4	1	4	3	2	1	0.8090661623753361
T03619	5	5	5	4	4	5	5	5	5	4	1	1.7916446723165316
T03620	5	5	5	2	4	5	2	4	5	4	2	-0.6577672395311194
T03621	5	5	5	4	4	5	5	5	5	4	2	1.1770344972407822
T03622	2	3	3	4	2	1	4	2	4	3	1	0.01347156704057556
T03623	5	5	4	3	5	5	4	5	5	2	2	0.4872819461031368
T03624	4	2	4	2	2	2	2	4	2	1	1	-0.964056084977491
T03625	4	4	4	1	2	5	3	3	4	1	1	-1.0751010133085777
T03626	2	2	4	2	4	5	3	4	2	2	2	0.5531514804349857
T03627	4	5	4	1	4	4	2	3	4	4	2	0.7632716112203166
T03628	5	5	4	5	5	5	5	4	5	5	2	2.1813052060370857
T03629	4	2	2	3	5	5	4	5	4	4	1	1.1134823654054458
T03630	2	2	3	4	5	5	4	4	5	3	2	0.5110093270576606
T03631	4	4	5	5	4	5	4	5	4	2	1	0.8474055714092907
T03632	4	4	3	2	3	3	4	2	5	2	1	0.8073129343992866
T03633	3	3	4	3	2	5	4	4	4	4	1	-0.7416559289179158
T03634	4	5	5	5	0	5	5	4	5	4	2	0.40186972649522623
T03635	2	4	4	4	3	5	4	4	4	5	2	0.46924823625393564
T03636	5	5	4	5	5	4	5	5	3	4	2	2.0852978082057243
T03637	4	5	5	3	5	5	4	4	5	1	1	0.4513776430370835
T03638	4	5	4	5	3	3	4	3	5	4	1	0.34698238717812435
T03639	4	1	2	1	1	0	2	2	4	1	1	-0.9036851247801491
T03640	2	4	4	4	5	4	4	4	5	3	2	0.2949797283381056
T03641	5	4	4	5	4	4	5	4	4	5	2	0.4589582121179291
T03642	5	4	5	4	3	4	5	3	5	4	2	1.1614479536457
T03643	4	1	4	1	3	5	1	2	4	2	1	-1.0454638639141418
T03644	5	4	5	4	2	5	5	4	5	4	1	0.30002837448758757
T03645	5	5	5	5	5	5	4	5	5	2	2	1.4278511962823046
T03646	5	5	5	5	3	4	5	2	4	4	2	2.297157239711618
T03647	5	4	2	2	5	3	4	5	5	5	1	0.5827836998520621
T03648	2	3	2	4	1	5	2	4	4	2	1	-0.34728918014567095
T03649	5	5	4	4	5	4	5	5	5	5	1	0.7346027719795476
T03650	5	4	2	2	5	4	3	5	3	4	1	-0.707197150166126
T03651	5	5	5	4	5	4	5	5	5	5	1	1.2724894015251804
T03652	5	3	2	3	4	5	4	2	4	3	1	-0.26913607530831185
T03653	5	2	5	4	5	4	4	4	4	4	2	0.8801648437218413
T03654	3	3	2	2	2	3	5	2	4	3	2	0.9524405177016847
T03655	5	5	4	2	5	5	4	4	5	2	2	1.3809389215567924
T03656	3	1	2	2	4	4	3	4	1	1	2	0.6340738745759631
T03657	4	3	2	2	4	5	4	2	3	4	1	0.5666350139586921
T03658	4	4	2	4	0	4	4	3	4	3	1	0.5978613130432519
T03659	4	4	4	5	5	3	4	4	4	4	2	0.6698890117827612
T03660	5	4	5	5	5	5	2	5	4	4	1	-0.355386629466926
T03661	3	3	4	2	2	2	2	5	4	3	2	0.8446082539859525
T03662	4	5	5	2	2	3	3	4	4	4	2	-0.4926402380000884
T03663	5	4	4	4	2	5	4	2	3	2	1	0.4344918689218001
T03664	3	4	1	2	4	4	2	4	5	1	2	-0.23083234408866252
T03665	5	5	5	5	4	5	5	5	5	5	2	1.5808823270574572
T03666	4	4	5	5	4	5	5	4	5	2	2	0.9138819163112106
T03667	4	2	2	2	2	4	2	2	4	3	1	-0.3711095390738003
T03668	2	4	4	2	4	3	3	3	4	3	2	-0.4838503190496525
T03669	4	2	4	2	2	2	2	2	4	2	1	-1.015240182114424
T03670	4	5	4	5	5	5	3	4	5	5	1	0.44565887688236905
T03671	5	3	3	2	2	2	4	2	5	1	2	0.5965887103244671
T03672	4	5	4	2	4	5	5	5	5	4	1	0.0363765588215641
T03673	4	4	2	3	3	4	5	4	5	1	1	1.0522808519317743
T03674	5	2	4	4	4	4	4	5	2	3	1	1.1207884520703464
T03675	5	5	5	5	5	5	5	5	4	4	2	0.6988932702209971
T03676	2	2	4	1	3	4	5	2	5	2	1	-0.01934084605454467
T03677	5	5	5	4	4	4	4	3	3	4	2	0.21883285660597962
T03678	4	4	1	2	4	4	3	5	4	5	2	0.08915677908199493
T03679	4	2	3	2	4	2	2	1	3	1	1	-0.04267632987198233
T03680	4	5	4	5	5	5	5	5	5	5	1	1.3696532842227358
T03681	5	4	4	4	5	5	4	5	5	5	2	1.0318780852186764
T03682	3	5	5	2	4	5	4	4	2	4	2	2.2499382105946273
T03683	5	2	4	4	1	1	3	5	3	2	1	-0.8322005863098035
T03684	4	5	5	4	2	5	3	4	2	2	1	-0.8993075775495393
T03685	5	4	4	4	4	5	5	5	4	4	2	0.9455958535392476
T03686	5	5	5	5	5	5	5	5	5	4	2	1.7535110934719431
T03687	5	2	4	3	3	5	4	3	5	4	1	-1.4735750575446782
T03688	2	4	5	1	2	4	2	2	2	2	1	-1.658447975837222
T03689	4	2	5	2	2	4	3	4	4	4	2	1.5950147588767878
T03690	5	4	1	2	3	3	2	2	5	1	2	0.6978362146342287
T03691	5	4	5	5	4	4	4	3	4	2	1	-0.3586250305520672
T03692	4	5	4	4	4	5	3	4	4	2	1	-0.5677812038893536
T03693	4	1	1	2	1	2	2	2	2	1	1	-0.851710856679323
T03694	3	1	2	2	4	4	3	1	2	4	1	0.5346437286219358
T03695	4	3	5	5	4	4	4	4	5	1	2	0.6942613017214462
T03696	5	4	5	5	2	4	4	4	5	4	2	0.09494707113650391
T03697	5	4	5	3	4	4	3	3	4	1	2	0.29607209075907703
T03698	5	2	4	4	5	4	4	4	4	3	2	0.5832147825280593
T03699	4	2	3	4	2	4	4	4	3	4	1	-0.5240926909418865
T03700	2	2	3	3	2	4	2	3	5	1	1	-0.2510175569793315
T03701	4	4	3	4	5	5	5	4	4	5	2	0.8163095022488185
T03702	4	5	4	3	5	4	5	4	4	4	1	0.22756295157443285
T03703	4	4	4	4	2	4	4	4	5	4	2	2.136859118718902
T03704	5	2	5	4	3	4	4	4	2	1	1	0.7331873582673063
T03705	3	1	5	2	4	4	4	4	3	2	1	-1.1912298673700947
T03706	5	5	4	0	5	3	4	4	5	4	1	0.8606091276762948
T03707	3	2	4	2	4	2	3	1	2	1	1	-0.4424374927233952
T03708	5	4	5	5	5	5	5	4	5	3	2	1.0942810410043573
T03709	4	2	4	2	4	5	4	4	2	3	1	0.9620649475609739
T03710	4	2	5	4	1	4	2	1	1	1	1	-1.2951907002784946
T03711	5	2	5	4	5	5	4	5	4	3	1	-0.4163974614772803
T03712	4	4	3	2	5	5	5	5	5	3	2	0.7833140693492854
T03713	5	4	5	2	4	5	4	5	5	5	2	1.7412439705466984
T03714	5	3	4	3	3	5	4	3	1	2	2	-1.013542216115219
T03715	4	5	4	3	4	4	4	5	4	5	2	0.6411255677781064
T03716	5	5	4	4	5	5	4	5	5	5	2	2.649580496771134
T03717	1	1	1	1	1	2	1	2	1	1	1	-1.4886934354765122
T03718	4	4	2	2	2	3	3	2	4	1	2	0.87785460476889
T03719	5	5	5	3	5	5	5	4	5	4	2	0.8175374801534389
T03720	5	4	5	4	5	4	5	5	5	5	1	0.33439595856127463
T03721	2	1	4	1	2	4	4	3	3	2	2	0.6194190602309729
T03722	5	5	5	3	5	3	5	5	4	5	2	-0.32252595816245533
T03723	4	3	4	2	2	4	3	2	3	1	1	-0.7619652260999903
T03724	5	5	5	5	4	5	4	2	5	4	2	0.7538940665046504
T03725	5	4	5	4	4	5	4	4	5	4	2	1.134207701923382
T03726	0	5	5	5	4	3	4	4	5	0	2	0.5139516218638855
T03727	4	3	5	4	2	5	4	4	4	3	1	0.41130909146604505
T03728	4	1	2	3	1	3	2	4	4	4	2	0.8893720033821351
T03729	3	3	4	4	4	5	4	4	5	0	1	0.029695369143077355
T03730	5	1	4	4	4	4	4	2	4	4	2	0.09713005300559796
T03731	4	5	5	3	4	5	5	5	5	5	2	1.662476534766637
T03732	4	4	4	2	2	4	2	3	4	4	1	-1.5062675297470725
T03733	5	1	5	3	2	4	4	2	4	2	1	-0.10940425285515526
T03734	1	2	4	2	4	5	4	5	2	2	1	-0.15018664554417488
T03735	1	2	2	2	4	4	3	5	4	2	2	0.5393804822936239
T03736	3	2	2	1	4	5	4	2	2	1	1	-1.925481743557611
T03737	3	4	4	2	2	3	4	3	4	3	2	0.6568635859020961
T03738	0	5	4	1	4	3	2	2	4	2	2	0.8316389888134774
T03739	4	4	5	2	5	5	3	3	5	2	1	-0.22307157405617883
T03740	4	4	3	1	4	4	4	3	4	2	1	0.5662137068117149
T03741	5	5	5	3	5	5	5	5	5	5	1	0.5888541547819361
T03742	5	4	4	4	5	5	4	4	5	4	1	0.43220182643322225
T03743	5	5	5	4	5	4	5	5	3	4	2	1.9843777568733114
T03744	4	4	4	3	4	5	4	2	4	5	2	1.1931707177339272
T03745	1	1	2	2	2	5	2	2	3	1	1	-0.38782723079460246
T03746	5	2	5	5	0	5	5	4	5	2	2	1.9445310996862877
T03747	5	5	4	4	4	5	4	5	5	5	1	0.7446147464044798
T03748	4	2	1	2	1	2	1	1	3	1	1	-1.7464530373712086
T03749	5	4	3	4	3	5	4	4	4	2	2	0.6105687377217696
T03750	2	1	2	1	4	1	4	2	4	4	1	-0.9434627062263438
T03751	3	4	4	1	2	4	4	2	2	3	1	-0.7032686180740166
T03752	4	1	2	2	4	3	3	5	1	4	1	0.0224948739709354
T03753	3	2	1	1	2	2	2	1	2	1	1	-0.755274813446122
T03754	5	4	4	3	4	5	5	3	5	5	2	2.848853388479415
T03755	4	4	2	4	4	5	3	3	4	2	1	-0.028275980691886887
T03756	4	1	4	1	4	3	2	3	2	0	1	0.37791763579681764
T03757	4	4	4	3	4	5	5	5	5	2	2	0.8740932841857438
T03758	5	2	3	1	4	0	1	2	2	1	1	0.2028627411780468
T03759	5	5	5	2	4	5	5	5	5	4	2	1.9453068761591923
T03760	5	4	5	3	2	4	4	5	3	4	1	0.43615268527913853
T03761	5	5	5	5	4	2	5	4	5	2	1	0.9823123711616388
T03762	5	5	4	3	4	4	2	4	4	5	1	0.004677249290836016
T03763	3	4	3	4	4	3	4	2	5	4	1	0.9453509713467191
T03764	4	4	3	2	2	2	4	4	4	4	1	-0.8009919156846961
T03765	5	4	4	4	5	5	2	5	5	4	1	-0.8899004571497777
T03766	5	5	3	1	3	5	5	5	5	3	1	0.7135019886016487
T03767	4	3	4	2	5	3	4	2	3	2	2	1.3470055733485249
T03768	3	2	4	4	5	3	3	4	4	3	1	-0.8928260380029593
T03769	1	1	1	1	2	1	1	1	2	1	1	-0.0993311362133189
T03770	2	4	1	2	4	4	3	1	4	4	1	0.8523608057466995
T03771	0	2	5	2	4	4	4	2	5	4	1	-0.4836100969964412
T03772	4	2	4	4	3	0	4	4	4	4	1	0.19313451603441303
T03773	5	3	4	3	4	5	5	4	4	5	2	1.5222907445037077
T03774	5	4	5	4	5	5	5	5	5	2	1	1.5819194453367298
T03775	5	5	5	5	5	4	5	5	5	4	2	2.6800197340182903
T03776	4	2	4	2	5	3	0	3	4	3	1	-0.5463383624708074
T03777	5	5	5	2	5	5	5	3	5	5	1	1.274641591872002
T03778	5	3	4	3	5	4	4	4	3	2	2	0.67993403305383
T03779	4	1	0	4	1	4	4	4	3	4	1	-0.18784555232141179
T03780	3	4	5	5	4	5	4	5	5	3	2	1.5032730315910863
T03781	4	2	3	2	4	4	4	2	4	3	1	0.03759469251486147
T03782	5	5	2	2	4	4	4	4	3	2	1	0.23570166561605108
T03783	5	4	5	2	4	5	4	5	4	2	1	-0.15239706446836396
T03784	4	1	3	5	4	3	2	5	5	2	1	-1.0348163170132572
T03785	4	4	5	2	4	2	2	2	2	3	1	0.36544837097403754
T03786	4	2	2	3	3	5	4	3	5	3	2	-0.5748476900745687
T03787	5	5	4	4	4	5	4	4	4	4	2	0.7161175517886592
T03788	5	4	4	5	4	5	4	5	4	2	2	1.400216258119249
T03789	4	4	3	4	4	5	3	5	4	3	1	0.26207235951351504
T03790	3	1	4	3	2	5	4	1	4	2	2	-0.8741559689067839
T03791	5	4	4	5	3	5	3	4	5	5	2	0.9441708907506354
T03792	5	5	5	4	5	5	5	2	5	4	2	0.29726627116109783
T03793	4	5	4	2	2	3	4	5	4	4	2	0.585646754167798
T03794	2	4	2	3	3	3	4	0	4	2	2	0.14255455609882078
T03795	4	4	2	2	4	5	4	4	4	2	1	0.5139704975242029
T03796	4	5	5	4	4	4	4	5	5	4	2	1.4525521274491742
T03797	3	1	2	2	2	5	2	2	1	1	1	-1.6841000966437711
T03798	2	4	5	2	2	5	3	4	4	5	1	-1.2025564146569003
T03799	2	1	2	2	2	2	5	1	2	1	1	1.035382668248593
T03800	2	2	4	3	2	4	0	1	5	1	1	-0.08588938686119818
T03801	4	2	4	1	4	5	4	4	5	2	1	0.8240991014171524
T03802	5	3	5	2	3	5	4	5	2	3	1	-1.1897729972927478
T03803	3	2	5	1	4	2	4	4	3	1	1	0.39891110841878624
T03804	3	2	2	1	2	2	4	2	2	1	2	0.3798724043913517
T03805	4	2	4	4	4	5	4	2	1	5	1	-0.5544747056332944
T03806	2	3	2	2	2	2	4	1	2	4	1	0.24703469514002802
T03807	5	5	5	4	4	5	4	4	5	2	2	0.7761231168943188
T03808	4	4	4	4	2	4	4	2	5	2	2	-0.5344841530822537
T03809	4	2	2	5	1	4	4	2	5	1	2	0.8190828232323577
T03810	4	5	2	4	5	5	5	4	5	5	2	0.2971281384972706
T03811	2	4	4	2	3	4	2	2	4	4	1	-1.1232452248202869
T03812	5	3	5	4	4	5	5	4	4	4	2	2.1403741163232164
T03813	5	2	4	3	5	4	5	4	5	2	1	1.3116399301706612
T03814	5	5	2	2	5	5	4	4	4	4	2	0.564026648491578
T03815	5	4	4	1	2	5	4	4	3	1	1	0.8028513293259
T03816	5	3	3	5	3	4	5	4	4	4	1	-0.23150123548849055
T03817	4	2	2	2	3	4	3	1	2	2	1	0.16818661059884793
T03818	4	3	4	1	3	3	4	4	5	4	1	1.0521296780908729
T03819	5	5	5	4	4	5	5	4	4	2	2	-0.2976125839277486
T03820	5	5	4	4	5	5	5	5	5	4	2	0.6641492266678326
T03821	4	2	2	2	4	4	4	2	4	5	2	0.5572046453997954
T03822	4	5	4	5	4	5	4	5	5	4	2	0.08705155968711442
T03823	4	4	4	5	5	5	5	4	4	2	2	1.361675821509111
T03824	3	4	3	2	3	4	5	5	5	4	1	-0.6490725278432501
T03825	5	5	4	2	5	4	2	4	3	3	1	0.5714494272935606
T03826	4	3	2	2	5	5	4	4	4	3	2	1.2626960088047783
T03827	5	4	4	4	4	5	5	4	5	4	2	1.804450798038936
T03828	4	3	1	2	1	4	2	2	3	2	1	-1.6992660619167337
T03829	2	2	4	5	5	4	2	2	5	4	1	-1.241586879538496
T03830	4	4	0	2	5	0	5	5	5	2	2	2.2053500126037795
T03831	4	4	4	2	5	3	4	4	4	5	1	0.7211539330809569
T03832	2	2	2	2	5	5	4	4	5	4	2	0.5513852142467743
T03833	1	1	1	1	1	1	2	1	3	1	1	-0.8747737003568706
T03834	2	4	1	4	5	3	2	4	4	1	2	0.5537009939782498
T03835	3	3	4	2	4	3	4	4	4	4	2	1.5222522753600922
T03836	4	2	4	4	3	4	2	4	4	4	2	0.16103620186403572
T03837	1	2	1	2	1	4	1	1	2	1	1	-1.4885470113152932
T03838	2	4	5	4	4	5	5	5	3	5	2	1.1425115066435871
T03839	2	3	1	2	2	2	2	5	1	2	1	0.05106060877894503
T03840	0	5	5	4	5	4	3	4	5	4	2	-0.037011859633783395
T03841	4	2	5	1	3	4	4	3	4	3	2	-1.406810386459918
T03842	4	4	5	3	4	5	4	5	3	3	1	0.20479121834875752
T03843	4	4	2	4	4	4	5	5	5	4	1	0.8134725670009186
T03844	1	3	2	3	4	5	4	4	4	4	1	0.825677733552577
T03845	3	1	2	0	1	1	1	1	2	2	1	-0.5145136171133234
T03846	1	4	3	0	2	4	2	2	3	3	2	0.6803982239282927
T03847	5	5	5	5	5	0	5	5	5	5	2	2.7399216223655753
T03848	3	5	4	3	3	5	5	4	4	3	2	1.1471387628248353
T03849	4	4	4	5	5	5	4	4	5	3	2	0.7044353120736634
T03850	4	2	4	1	4	3	2	3	5	1	1	0.5218360587700858
T03851	4	3	3	2	3	4	1	2	4	1	1	0.2831465904820283
T03852	4	2	4	2	3	5	3	3	4	3	2	-0.3176751050373275
T03853	4	4	2	2	3	4	3	2	2	2	1	-0.20375483327141058
T03854	4	1	1	1	2	1	1	4	1	1	1	-0.36745321715965396
T03855	5	5	4	3	5	5	5	5	4	2	1	1.7271679281196088
T03856	5	4	5	1	5	5	5	5	5	5	2	0.6987141288646403
T03857	5	4	4	5	5	5	4	4	4	2	1	0.2797377644835662
T03858	5	4	3	2	2	3	3	3	3	2	1	0.47611217668570266
T03859	4	2	4	5	4	4	5	4	3	4	2	0.7279400057649342
T03860	2	2	2	2	1	2	2	1	2	2	2	-0.7947419493664449
T03861	4	4	5	5	5	5	5	4	5	2	1	0.3127342097487065
T03862	4	4	2	2	4	5	1	3	3	4	2	-0.523054958294204
T03863	5	2	4	5	3	4	5	4	5	2	1	0.6350667840386348
T03864	5	2	4	3	4	4	4	5	4	5	1	0.9109699764798033
T03865	5	5	5	4	5	5	5	5	5	4	1	1.1828586198877933
T03866	3	3	2	2	3	5	4	2	2	1	1	-0.15726507595830072
T03867	5	4	5	2	4	4	4	4	4	4	1	0.09996665717549984
T03868	2	1	1	1	2	3	1	1	3	4	1	-1.5773759854686067
T03869	5	5	5	2	5	5	5	5	5	4	2	0.8092244402903278
T03870	1	1	1	1	1	4	2	1	4	1	1	-0.7961620913597357
T03871	5	5	5	5	5	5	5	5	5	5	2	0.7953215150537332
T03872	4	3	2	2	4	5	2	2	3	2	1	-0.7716141949427806
T03873	5	5	3	4	2	5	5	4	5	5	2	1.337931346108014
T03874	2	4	2	3	1	5	2	4	4	1	1	-0.8884663749917066
T03875	5	4	5	4	5	4	4	2	4	5	1	0.6287806225399815
T03876	5	5	4	4	4	5	5	4	4	3	2	1.9002198656436529
T03877	3	4	0	2	5	5	4	4	4	4	1	1.9905207069311743
T03878	3	2	2	1	1	5	4	2	5	2	1	-0.08818268505653966
T03879	1	1	1	1	1	2	1	1	2	1	1	-0.5687860551914752
T03880	4	1	5	1	4	5	4	1	3	2	1	1.1282674110168558
T03881	3	1	3	3	2	5	2	2	2	3	1	-0.4712668926603355
T03882	5	5	5	5	5	5	5	5	5	5	2	0.7838016771068685
T03883	5	0	5	5	5	5	5	5	5	5	2	1.9024888821764097
T03884	4	4	4	2	4	4	2	4	4	1	1	0.1393597881695916
T03885	1	2	4	2	1	4	4	2	2	2	1	0.00992299409458404
T03886	2	4	1	2	2	4	2	3	4	2	1	-1.744859818781448
T03887	5	5	4	5	5	5	4	5	4	3	1	1.4200783401475519
T03888	4	4	2	4	4	5	4	5	1	5	2	-0.011749929195654096
T03889	2	3	4	2	3	5	3	4	4	3	1	-0.36220947032612616
T03890	5	3	4	5	5	5	5	5	5	5	2	1.2668390513036238
T03891	4	4	3	2	4	3	5	4	5	3	1	0.8519293174391931
T03892	5	4	4	4	3	0	4	4	5	4	2	1.0210252286448749
T03893	2	1	1	2	2	4	1	1	1	1	1	-1.7287927152534597
T03894	5	4	4	3	5	5	5	4	3	1	2	-0.11900847363109657
T03895	1	1	1	1	1	4	2	2	1	2	1	-1.085122353291144
T03896	3	2	2	2	2	5	2	5	3	1	1	-1.0942246616194362
T03897	4	1	4	3	5	4	4	4	5	1	2	1.3316542069434176
T03898	5	5	4	5	5	4	4	5	5	4	2	0.8125627989788534
T03899	2	1	2	1	1	5	3	2	1	1	1	-0.17650040770562223
T03900	3	4	3	1	1	4	5	3	4	2	1	1.3370667987634413
T03901	5	5	4	3	3	5	4	4	4	4	1	0.5517920332394073
T03902	1	1	2	2	3	4	4	1	4	1	1	-0.6221931665211999
T03903	5	5	5	4	4	5	4	5	5	5	2	1.2807568896448787
T03904	5	4	5	4	4	2	4	5	5	2	2	0.6379085000572992
T03905	4	5	2	2	2	4	4	5	4	4	1	1.1966504250106753
T03906	5	5	4	5	4	5	5	3	5	3	1	1.1039741114552306
T03907	4	2	2	2	5	3	4	3	3	2	1	0.9653869817300818
T03908	5	4	5	2	4	5	5	5	5	4	2	0.7057737262182501
T03909	5	5	5	4	5	5	5	0	5	5	1	-0.9992508357013271
T03910	4	3	4	5	5	5	5	4	5	3	2	1.757285551332286
T03911	4	4	5	5	4	5	4	5	5	5	2	0.9151255998889438
T03912	3	2	2	1	4	3	4	1	2	2	2	0.7466029421979624
T03913	4	4	0	2	3	3	3	1	3	1	1	-0.2038902046539059
T03914	4	2	3	1	4	4	4	2	5	1	1	-0.29906409533129075
T03915	3	4	2	2	3	5	4	4	5	4	1	0.2468384548103046
T03916	0	4	2	3	4	4	5	3	0	3	1	0.8754513625454161
T03917	5	4	5	4	5	4	4	5	5	5	2	0.6565848604318346
T03918	1	1	2	1	1	5	2	2	1	1	2	0.333032220073064
T03919	2	4	4	2	4	3	2	2	4	1	1	-0.2502906405316594
T03920	5	5	5	5	4	5	5	4	4	5	2	0.5260308258543249
T03921	5	5	5	4	5	5	2	4	5	5	2	1.5970950677613307
T03922	4	4	4	3	3	5	3	5	4	2	2	1.482930125951484
T03923	2	1	2	2	3	3	1	4	4	2	1	-0.10182825634648918
T03924	4	4	5	3	5	4	3	4	4	1	1	-1.107363973503973
T03925	4	4	4	2	3	5	2	2	3	3	1	-0.0700797620879583
T03926	5	4	2	3	4	3	2	2	4	2	1	-0.2656912437714856
T03927	4	4	4	4	2	5	2	5	4	2	1	0.3687912487094879
T03928	5	5	3	5	4	5	5	5	5	4	2	1.4772427590751223
T03929	5	5	5	4	3	5	4	4	5	4	2	0.3250319765849118
T03930	5	3	5	4	5	4	4	4	4	4	2	1.709617420217345
T03931	5	4	5	2	4	4	4	5	4	4	1	0.4979701906472933
T03932	5	4	5	2	3	5	5	3	5	5	1	-0.2096333529382901
T03933	2	4	4	1	2	4	1	2	2	1	1	-0.10392243543788471
T03934	5	5	5	2	5	4	4	5	5	5	1	0.7349271551294717
T03935	2	3	4	2	2	4	4	2	4	2	1	0.06579786722707257
T03936	3	4	4	4	3	4	4	4	4	2	2	0.18208504927440716
T03937	3	2	4	2	3	4	2	2	4	2	2	-0.4030896513405189
T03938	4	5	4	3	4	5	5	4	4	2	2	0.8280848596063501
T03939	3	4	4	3	4	4	4	4	5	5	2	1.1923678334826613
T03940	5	4	5	3	5	5	5	4	4	5	2	1.1441123908957933
T03941	3	1	4	5	5	5	2	4	4	5	2	-1.0772795578468572
T03942	4	1	4	1	4	4	0	4	3	4	2	0.8629999549297458
T03943	3	4	4	1	3	5	3	3	4	5	1	-0.11450318565085527
T03944	5	2	2	4	4	4	3	2	2	2	1	0.31341790040389317
T03945	5	3	2	1	1	4	2	1	2	1	1	-1.0213865951921741
T03946	0	4	5	4	4	5	4	4	4	2	1	0.14491993236855846
T03947	5	5	5	2	4	4	4	5	4	3	1	-1.1094630331137787
T03948	4	4	4	3	2	5	4	2	3	5	2	0.39557573569602883
T03949	4	2	4	2	3	3	4	4	5	2	1	-1.2392102685456854
T03950	5	5	4	5	5	3	4	5	5	5	2	0.9061240760431835
T03951	5	4	5	2	4	5	4	4	5	3	1	-0.8999509694847575
T03952	2	5	5	1	4	5	5	5	5	5	2	0.5377419052533805
T03953	4	5	2	5	5	4	4	4	4	2	1	0.27375185416033765
T03954	5	3	5	4	5	4	5	4	4	5	2	0.4448872207398977
T03955	3	1	5	2	3	5	5	3	5	2	1	0.7949996279852478
T03956	5	5	4	5	3	4	5	5	5	4	2	1.8676596766411473
T03957	4	4	4	2	4	3	3	2	2	2	1	-0.3568176223507256
T03958	4	2	2	2	3	4	4	2	2	1	1	0.9119702661553275
T03959	2	1	3	2	2	5	2	2	0	4	1	0.26565981048571186
T03960	5	4	4	4	4	5	2	4	2	4	2	-0.6449151654927585
T03961	4	5	4	4	2	5	4	4	4	5	2	-0.21685945515820104
T03962	3	2	2	1	2	3	3	4	2	2	1	0.21994178900908617
T03963	5	4	3	3	1	4	5	3	4	4	1	1.3474662762933984
T03964	3	1	3	1	3	3	2	4	4	2	2	-0.6097134994333564
T03965	3	4	5	2	2	2	2	2	0	2	1	0.7258873536796551
T03966	5	5	5	3	4	4	5	5	5	4	2	1.304973934088576
T03967	3	4	2	4	5	3	4	2	4	1	1	0.6157602270996129
T03968	5	3	3	3	2	4	4	5	3	4	1	0.8396506889512518
T03969	4	4	5	4	5	5	4	5	5	1	2	1.1171758012814839
T03970	5	3	5	2	5	5	4	4	4	4	1	0.2656201976505408
T03971	4	5	4	4	5	4	4	2	5	2	1	2.068003115632608
T03972	5	4	5	4	5	4	5	4	5	5	2	0.5393226771558165
T03973	3	5	2	4	1	4	2	3	4	1	2	-0.4157479755143191
T03974	5	5	5	2	5	5	4	2	4	4	1	-0.7840935831787873
T03975	5	5	5	5	5	5	5	5	5	5	2	2.5550198580490413
T03976	5	5	4	5	5	5	4	4	5	2	2	0.12483242112282256
T03977	3	1	5	1	1	2	2	2	3	3	2	-0.41747135050924766
T03978	1	2	4	3	1	4	3	1	1	1	1	-0.31466615869770187
T03979	2	1	4	1	4	4	1	2	4	4	1	-1.1282983002366265
T03980	5	2	3	3	4	5	5	4	4	2	2	0.4640262856361683
T03981	5	4	4	5	5	5	4	4	5	3	1	-0.10389697610571547
T03982	3	3	2	2	5	4	2	5	5	2	2	1.2645583183021165
T03983	4	4	5	4	3	4	4	3	4	5	1	-0.5991966978264112
T03984	4	3	4	2	4	4	5	4	5	1	2	1.0261974672815037
T03985	4	5	5	2	3	4	5	2	5	3	2	1.9473841099754874
T03986	5	4	4	3	5	5	2	4	5	3	1	0.9527840546084291
T03987	3	2	3	1	2	4	1	2	4	1	1	-1.0296077088614244
T03988	4	2	3	2	2	4	4	1	5	2	2	0.18965326167896174
T03989	4	4	1	3	2	5	4	2	4	4	1	0.6107876792129673
T03990	4	4	2	2	1	1	3	4	4	1	1	0.22122097177051325
T03991	4	3	4	1	3	2	3	0	3	1	1	-1.5912013820118593
T03992	5	5	4	5	3	5	5	4	5	2	2	1.6765399097070048
T03993	4	5	5	5	5	5	5	5	5	3	2	0.8202646867999399
T03994	5	4	5	3	4	0	4	5	4	4	2	1.86137955311316
T03995	2	2	2	2	5	4	4	4	2	4	2	1.694225655008903
T03996	0	2	5	2	3	5	5	5	4	2	2	1.183909231009976
T03997	3	4	5	4	4	5	4	4	5	4	2	0.6459460596356258
T03998	4	2	1	1	5	1	1	2	2	1	2	-0.6473670859774541
T03999	5	4	4	4	2	4	5	4	5	4	2	1.142595984815805
T04000	4	2	3	4	2	4	2	1	3	3	1	-0.13661239681059884
T04001	2	2	4	2	1	5	5	5	5	2	1	-0.17708695444368955
T04002	5	4	1	3	4	4	4	3	3	2	1	0.03178002292764699
T04003	4	4	2	4	5	5	4	4	5	5	2	0.14222023476254375
T04004	5	5	4	2	4	4	4	5	5	2	2	0.29681761297539844
T04005	5	4	5	5	4	4	5	5	5	5	2	0.4102851977109794
T04006	4	1	2	2	5	5	4	0	4	2	1	0.410692579808838
T04007	5	4	5	4	5	5	5	5	5	4	2	1.2085896280037738
T04008	4	4	5	5	5	5	4	5	5	5	1	-0.044765383432023076
T04009	5	3	4	3	5	3	5	2	4	3	1	1.3285515711232536
T04010	4	2	4	2	3	4	4	4	4	2	2	0.7062297117461313
T04011	5	3	4	3	2	2	4	2	4	0	1	-0.7427234686962644
T04012	5	2	5	1	3	4	3	4	4	2	1	0.9855370098388563
T04013	5	5	5	4	5	5	5	5	5	4	2	-0.5817418774394543
T04014	1	4	2	1	3	4	4	3	5	2	2	-0.5296844627178419
T04015	5	2	5	4	3	4	2	4	5	4	1	0.6136318077349994
T04016	5	5	5	2	4	5	5	5	5	4	1	0.11208901624788292
T04017	4	5	4	5	5	4	3	4	5	4	2	0.2889563521336579
T04018	4	4	2	3	2	5	3	4	3	4	1	-0.8378773100868321
T04019	4	4	5	2	4	4	4	2	4	2	2	0.5997590835737346
T04020	4	2	4	2	3	4	4	3	4	2	1	0.49496525447547357
T04021	4	5	5	3	4	5	4	5	5	4	1	0.121689704357268
T04022	4	5	5	2	5	4	4	5	5	5	2	1.1481549275764587
T04023	2	4	2	4	2	5	4	2	3	2	1	1.9444252226768965
T04024	1	3	2	3	1	4	2	2	2	2	1	-0.3109860112288389
T04025	5	4	5	2	5	5	4	4	5	5	2	0.2994493504456944
T04026	4	5	3	3	5	4	4	4	5	4	2	-0.24479570321465766
T04027	5	4	5	5	5	4	5	5	5	5	2	1.4597527434926232
T04028	2	4	5	2	2	5	3	5	3	4	1	-0.35647992975830967
T04029	5	4	2	4	5	5	2	5	4	1	2	-0.7800750763189039
T04030	3	2	2	3	4	5	4	4	3	2	1	-0.10399119549464221
T04031	5	5	5	3	5	5	4	0	5	4	1	0.7059673823370778
T04032	3	4	2	2	4	5	4	4	4	2	2	-0.16566663889334948
T04033	4	2	2	2	1	4	4	3	1	1	1	-1.8891469888984873
T04034	4	3	5	5	4	3	5	5	4	2	1	-0.09375347559790093
T04035	3	1	1	2	1	3	2	1	2	1	1	-0.7205439731405779
T04036	5	5	5	4	4	5	5	5	5	5	2	1.9965818402590716
T04037	5	4	5	4	4	5	4	3	5	4	2	1.9373233930143212
T04038	5	5	4	2	5	4	5	5	5	2	2	0.6881083913350351
T04039	4	3	2	2	4	2	4	2	5	2	1	0.23641349281547794
T04040	5	5	5	4	5	5	5	4	5	5	2	1.8546497950868124
T04041	2	0	3	2	1	2	2	2	2	1	1	-0.6337339501792137
T04042	5	4	5	4	5	5	5	4	5	5	2	0.3263403056444756
T04043	5	3	4	2	2	4	5	2	4	2	1	1.6452027615875118
T04044	4	5	5	5	5	5	5	4	4	5	2	1.6273894665338997
T04045	5	5	5	5	4	5	5	4	5	4	2	2.373542666008105
T04046	5	5	4	5	4	5	5	5	2	2	2	-0.07717692292027933
T04047	5	4	4	5	5	5	0	5	5	3	1	0.6401625137578566
T04048	1	2	2	5	3	5	2	2	5	1	2	-0.906565152182289
T04049	5	4	4	5	3	2	5	4	3	4	2	0.7584851337531173
T04050	5	2	3	1	4	5	3	3	5	2	1	-0.5469181050753887
T04051	4	5	5	3	5	5	4	5	5	0	2	0.17281559744424846
T04052	3	1	2	1	3	4	2	3	0	1	1	-0.880408369548744
T04053	4	3	2	3	4	5	4	4	5	4	1	1.0848385162024092
T04054	4	4	4	3	3	2	3	3	5	3	1	-1.796327582585558
T04055	2	1	4	2	4	3	2	2	4	1	1	0.2510809160763271
T04056	5	5	5	5	4	5	5	5	0	5	2	1.3083077738978575
T04057	5	4	3	4	5	5	2	4	2	5	2	-0.1516075079463428
T04058	5	3	3	2	2	4	4	1	5	1	1	0.11102770520592775
T04059	5	2	4	4	4	5	5	5	5	5	2	2.216837778472184
T04060	4	1	3	4	1	4	4	4	2	2	1	-1.0806512910826238
T04061	4	4	2	2	4	4	4	3	4	2	1	-1.1362843663956022
T04062	5	3	4	4	4	4	4	2	5	4	2	0.6843667938051297
T04063	2	4	5	3	3	4	1	3	2	2	2	-0.34815476367139614
T04064	5	5	5	5	4	5	5	4	4	5	2	1.1655448975864946
T04065	5	2	4	2	2	5	5	1	5	5	1	-0.0187322585083331
T04066	5	4	5	3	5	4	3	4	5	5	1	-0.38872260917559026
T04067	3	5	3	4	1	4	3	4	4	4	1	-0.8080264174203355
T04068	5	3	5	4	5	5	5	5	5	4	2	1.8236756365196225
T04069	5	4	5	5	4	5	5	5	5	4	1	1.0630239368925725
T04070	5	5	5	5	4	4	5	5	5	5	2	2.047829806787199
T04071	3	4	3	1	3	5	4	2	4	4	2	0.3291029281677761
T04072	4	4	0	5	5	5	4	4	2	4	2	1.528077907572479
T04073	5	3	5	5	3	4	5	5	3	3	2	1.627657721474295
T04074	4	4	4	3	5	4	5	4	4	2	2	0.02554169543584872
T04075	4	5	5	2	2	3	3	4	5	2	2	0.30711838846664247
T04076	3	2	4	5	3	4	5	5	4	3	1	0.7695989758724615
T04077	4	4	5	3	5	5	5	5	5	4	2	1.173089131379561
T04078	5	4	5	2	4	4	4	2	5	2	1	1.5572031028161815
T04079	5	4	4	2	5	5	2	5	4	4	1	-0.3589842813053465
T04080	4	5	5	5	3	5	5	2	4	2	2	1.5678222544196116
T04081	5	5	5	5	5	5	5	5	5	4	2	0.8755646461064222
T04082	2	5	4	3	5	5	4	3	5	4	1	0.3857415009314652
T04083	5	1	2	4	2	5	2	3	1	1	1	-1.0971278090906083
T04084	5	5	5	4	5	5	5	5	5	3	2	2.269446717861358
T04085	3	2	4	5	5	3	2	3	3	1	1	-0.43857732188619514
T04086	4	4	4	1	5	3	4	2	3	4	1	1.2570448642745227
T04087	3	2	4	2	3	5	5	3	2	2	2	0.1930720670943183
T04088	3	4	1	2	1	4	3	3	5	1	1	-1.1559174875778424
T04089	5	4	5	5	4	5	4	4	4	4	1	-0.028914622952934677
T04090	5	4	5	4	4	3	4	5	5	4	1	1.1914213201066763
T04091	2	1	1	1	2	4	2	2	2	1	2	-0.6035547963916679
T04092	4	2	4	1	2	5	2	5	4	5	1	-1.031559684974639
T04093	5	5	3	4	4	5	4	5	4	2	1	0.1946959267953677
T04094	4	2	4	4	5	3	4	4	4	3	2	0.011394905989200232
T04095	2	4	2	4	2	5	1	1	4	2	1	-1.2330993014538032
T04096	5	5	5	4	4	4	4	4	4	5	1	1.7024199534793865
T04097	5	2	4	5	5	5	5	2	4	2	1	0.6646920469252745
T04098	5	5	5	4	5	5	4	5	5	3	2	1.5427891743453603
T04099	5	2	2	1	2	4	4	2	2	2	2	0.3559202537871232
T04100	3	1	1	1	1	4	3	1	3	1	1	0.04369109284228728
T04101	4	4	5	3	4	5	5	5	5	5	2	1.1895444298538707
T04102	4	5	4	3	4	5	5	3	5	4	2	0.899267955708505
T04103	3	2	2	3	3	4	2	3	4	2	2	0.6104146201174186
T04104	5	5	5	3	5	5	4	4	5	4	2	0.5840267523028222
T04105	2	5	4	5	5	4	5	3	4	4	2	1.6163333710587984
T04106	5	5	5	5	4	5	4	4	4	4	2	0.7354843873055379
T04107	4	4	1	1	4	4	4	2	1	1	2	0.2154434570414991
T04108	5	3	5	4	4	4	4	5	4	4	2	1.9049701694839363
T04109	3	3	4	1	3	4	4	4	5	2	2	0.4796764767301404
T04110	5	5	3	4	3	5	5	4	5	3	1	0.7326790701011836
T04111	5	4	4	3	4	5	5	4	5	2	1	1.4958618842409153
T04112	4	5	5	4	5	0	4	4	5	5	1	-0.5892579170883009
T04113	1	4	5	4	4	4	4	3	4	3	2	0.08242741652247298
T04114	5	4	2	3	4	5	1	5	4	4	1	0.306331960169574
T04115	5	4	1	4	4	5	2	1	5	4	2	-1.075261619972935
T04116	5	2	3	4	1	4	2	3	3	2	2	0.9511696136520974
T04117	5	4	4	4	2	5	5	3	4	3	2	0.19872019749002334
T04118	5	4	5	4	2	5	4	4	2	4	2	0.6708497382884466
T04119	5	5	3	4	5	5	5	5	4	4	2	3.1998525179997532
T04120	4	1	4	5	4	3	4	2	4	5	2	0.23693561994660406
T04121	4	1	3	3	2	4	1	2	4	0	2	0.315184236525333
T04122	4	4	3	4	2	5	4	3	4	2	1	0.13885703644330166
T04123	2	4	4	5	4	4	5	5	0	2	2	0.3002909801400869
T04124	2	1	1	3	1	4	2	1	2	2	1	-0.63214680651174
T04125	4	5	2	5	4	5	4	5	5	2	1	0.027218954150516284
T04126	3	1	4	3	4	3	5	3	4	1	1	0.0946288861973379
T04127	5	5	3	4	4	5	5	5	5	4	2	2.285667534646736
T04128	5	5	5	5	5	5	4	5	5	5	2	0.8501068397473615
T04129	4	4	4	2	5	5	4	2	2	2	2	0.7780951688519788
T04130	4	4	4	4	4	4	2	3	3	0	1	-0.2096511544790566
T04131	5	5	5	2	5	4	4	5	3	5	1	0.11886204321400512
T04132	5	5	4	3	5	5	5	5	5	0	2	-0.03846825942995369
T04133	3	2	5	5	3	5	3	3	4	1	1	0.787390299496443
T04134	5	5	5	4	5	4	5	5	5	5	2	0.34175294569591286
T04135	5	4	4	5	5	4	5	4	4	2	1	0.5424546994181557
T04136	3	2	0	2	4	5	4	2	3	2	1	0.1998028310785297
T04137	3	1	1	2	3	2	4	2	2	2	1	-0.3519900176987387
T04138	4	3	3	1	2	3	4	1	4	1	1	-0.6361476928925167
T04139	5	4	5	5	4	5	5	5	5	5	2	1.2357866292534903
T04140	5	5	5	5	4	5	5	5	5	5	2	2.1970206475072516
T04141	5	5	4	5	4	5	5	5	4	5	2	1.518136850723248
T04142	4	5	1	1	2	5	5	3	5	2	1	0.5534416708100751
T04143	5	4	4	3	5	5	5	5	5	4	1	0.6450488149361913
T04144	3	1	5	1	3	2	2	2	3	2	1	1.4260699192184392
T04145	4	1	2	2	4	4	2	2	4	1	1	-1.146550041504519
T04146	5	3	4	2	3	4	4	4	3	2	1	-0.12802180722026774
T04147	2	2	3	2	2	5	3	3	4	1	2	-1.137348463977972
T04148	4	5	4	5	4	5	5	4	3	3	2	0.68683227587066
T04149	5	3	2	2	5	4	4	2	5	2	2	-0.5618919208850974
T04150	2	4	4	3	5	4	3	2	4	2	2	0.18782357801078828
T04151	5	4	5	4	3	4	3	3	4	2	1	-0.11743510502079677
T04152	5	5	5	5	5	5	5	5	5	2	2	2.136036532667549
T04153	3	4	2	4	3	0	2	1	5	0	2	-0.24187010348341764
T04154	4	5	2	3	4	2	4	4	4	2	2	2.619487760570183
T04155	5	1	4	5	3	2	4	4	4	4	2	0.639519672126607
T04156	3	2	5	4	4	5	5	0	5	3	1	0.6202155456462333
T04157	5	4	5	2	4	5	2	3	5	2	2	-0.917146449686179
T04158	5	5	5	4	5	5	4	5	4	5	2	-0.41714494403784785
T04159	5	5	5	3	4	4	5	4	1	4	2	1.2301591884705354
T04160	4	5	4	4	4	4	4	2	4	5	1	-0.08789451459681465
T04161	5	5	5	4	4	5	5	5	5	3	1	-0.17838779891901912
T04162	4	5	4	4	5	5	5	2	5	5	2	1.3296526836752125
T04163	4	2	4	3	4	1	5	3	4	2	1	0.03309050876044878
T04164	2	3	2	3	2	3	4	2	5	2	1	-0.7900725855940075
T04165	2	2	1	1	1	3	2	2	1	2	1	-0.44039819678616093
T04166	4	5	5	3	3	4	5	3	4	5	1	0.3804652615609856
T04167	4	3	5	2	4	2	4	2	4	4	1	0.40650001814201375
T04168	5	4	4	4	5	4	5	5	0	2	1	0.11390149338087974
T04169	5	2	3	3	2	3	3	3	4	2	1	-0.6865302074716804
T04170	5	0	4	3	4	4	5	4	4	4	2	0.9491218521388494
T04171	4	2	4	3	2	5	5	3	3	2	1	0.474790869996771
T04172	4	2	4	2	2	5	2	1	4	1	1	-0.26083047037392326
T04173	4	4	3	4	3	3	4	4	4	2	2	1.4328103187053782
T04174	4	1	2	3	2	4	3	4	3	1	1	-1.0067420014787871
T04175	5	4	4	4	5	5	5	5	5	2	2	2.301275898084661
T04176	4	1	2	2	3	4	3	2	4	1	1	-0.7099260040506912
T04177	4	4	4	2	3	5	4	4	5	2	2	0.5807997396477496
T04178	3	2	3	2	2	5	4	2	4	2	2	0.6902650329725385
T04179	2	3	4	3	5	5	5	3	5	3	1	0.49728909917298225
T04180	5	4	5	4	5	5	4	4	5	4	2	-0.2962380441426554
T04181	5	5	4	3	4	5	5	4	5	2	2	0.6821569172023094
T04182	5	1	4	0	2	4	4	1	4	4	2	0.13407605176839527
T04183	2	2	1	2	4	3	4	3	3	2	1	-0.7384659669562257
T04184	2	1	1	2	2	3	1	1	3	2	1	-1.0770167305187277
T04185	5	4	2	3	5	4	5	2	2	4	2	1.2271811230489842
T04186	5	0	4	3	2	4	5	2	4	3	2	0.7281885401340743
T04187	4	2	3	5	5	5	5	4	4	2	1	0.6181291592155946
T04188	4	5	2	4	4	4	0	3	5	2	1	-0.0010170527127930373
T04189	5	5	5	2	4	5	5	5	3	5	2	1.10503404094122
T04190	4	4	4	1	2	2	2	2	4	2	1	-0.09403130237929441
T04191	4	4	5	1	4	4	3	4	5	2	1	-0.09267872199323628
T04192	2	2	5	3	2	4	4	3	5	1	2	-0.23756664585389842
T04193	3	4	2	2	3	5	4	2	4	1	1	-0.5484164593998304
T04194	5	5	5	2	4	4	4	5	4	5	1	0.7433492924155138
T04195	1	4	4	1	4	4	4	2	1	2	1	-0.4565295102038219
T04196	5	5	5	5	4	5	5	5	5	5	2	1.6076021642170668
T04197	3	1	5	4	3	4	2	2	4	3	2	1.2870004840198959
T04198	4	3	3	4	2	4	4	4	5	1	1	-0.02733898627712505
T04199	5	4	4	5	4	5	4	5	4	4	2	-0.03832725618043231
T04200	3	2	5	2	2	5	4	3	3	2	1	0.9842335682986599
T04201	5	1	0	3	2	0	1	5	4	3	1	-0.8478570746323477
T04202	4	3	2	1	4	4	4	4	4	0	2	0.2176150121746715
T04203	4	4	5	3	3	4	5	5	4	1	2	0.3429266597751828
T04204	5	4	5	2	5	4	4	5	5	4	1	-1.0269806585017682
T04205	5	4	5	5	3	4	3	4	4	1	2	0.0629865857071964
T04206	4	2	2	4	1	3	2	4	3	2	1	-0.45737795986422614
T04207	5	5	4	3	3	5	4	5	5	3	1	-0.4594983928184574
T04208	5	1	3	3	3	3	4	5	2	1	1	0.22193208617109772
T04209	4	4	4	5	5	5	5	5	4	5	2	0.7577937178534364
T04210	5	5	5	5	5	5	4	5	5	5	1	-0.5106482096904196
T04211	5	0	5	3	3	4	3	3	5	2	1	1.7103066530384492
T04212	2	4	4	1	2	5	2	1	5	2	1	-0.9751008015321536
T04213	2	1	2	5	4	4	1	1	4	2	2	0.11483452904923058
T04214	4	4	5	4	4	4	4	4	3	2	2	1.7437608171885932
T04215	5	5	5	5	5	5	4	4	5	5	2	0.8978137946192126
T04216	5	4	4	5	5	4	4	5	0	5	1	0.09920240328374497
T04217	4	2	2	4	3	5	4	4	4	4	1	1.1096713831403067
T04218	3	2	4	2	5	4	4	5	4	2	1	0.13452110728146788
T04219	3	2	2	2	1	3	2	4	3	1	2	-0.4077554311718321
T04220	4	2	4	4	4	5	5	3	4	2	2	1.2504648843635007
T04221	5	5	5	3	4	4	4	4	1	2	1	0.000263826215784968
T04222	5	4	3	5	4	5	4	5	4	3	1	-0.1832818337503742
T04223	5	4	5	3	4	4	4	4	5	2	2	0.02102699210561698
T04224	5	5	5	5	3	4	4	3	2	2	1	-0.14129841654533903
T04225	5	1	4	2	4	4	0	4	5	1	2	-0.007839455213755286
T04226	5	5	5	5	5	4	5	5	5	5	1	0.39049316437924525
T04227	5	4	4	5	5	4	4	1	2	4	2	0.9199081514420098
T04228	4	4	4	5	4	4	4	2	3	5	1	0.006324114865963515
T04229	0	5	3	2	3	5	2	3	1	4	2	0.22144155580669075
T04230	4	3	4	2	4	2	4	2	5	2	1	1.0904580538808641
T04231	3	4	4	3	2	2	5	2	4	2	1	0.4681451485363448
T04232	3	3	5	5	2	4	5	2	2	4	1	-0.15119665855753006
T04233	4	4	2	5	3	5	5	2	1	4	1	1.2594235446189352
T04234	5	4	3	4	4	5	4	5	5	5	2	-0.19932309094669776
T04235	4	2	5	2	2	2	2	1	4	2	1	1.1073527337622466
T04236	4	5	5	3	5	5	5	5	4	5	2	1.5009873546517878
T04237	5	5	4	5	5	5	4	5	4	5	1	0.4383944623133146
T04238	3	3	3	2	1	4	2	4	2	2	1	0.264910476495881
T04239	1	1	2	1	2	4	2	2	1	1	1	-1.1314128558206347
T04240	3	5	5	4	4	2	4	2	4	2	1	-0.575980199763827
T04241	2	1	5	3	2	4	5	2	3	3	1	0.6079100783500154
T04242	5	4	4	5	4	5	5	5	4	5	1	1.135002575024834
T04243	5	2	2	2	3	4	4	4	1	5	1	0.4027914475122256
T04244	5	5	3	3	4	5	4	3	5	2	1	0.3967270591007921
T04245	5	2	5	2	2	4	4	5	4	3	1	0.5681849149651739
T04246	5	2	5	3	2	5	3	4	3	4	2	0.2767749296013261
T04247	5	5	4	5	5	5	5	5	5	5	2	1.5829747379971635
T04248	5	4	5	4	2	5	2	1	5	2	2	0.340139286872411
T04249	2	2	4	2	4	5	4	5	4	5	2	0.440792762199444
T04250	5	4	4	4	4	5	5	3	5	4	2	1.220910118901067
T04251	5	5	5	5	5	5	5	5	5	5	2	1.5232724802165194
T04252	4	5	3	5	4	5	4	4	5	5	1	1.2035294410924777
T04253	5	5	5	2	3	5	4	3	5	4	1	0.2855897672286474
T04254	0	2	2	2	1	4	4	4	2	5	1	-0.9061302073414211
T04255	4	5	3	4	2	5	5	5	4	4	2	1.0840866371314957
T04256	1	1	2	2	2	4	4	4	2	2	1	-0.6323462638866697
T04257	5	2	4	4	4	5	4	2	4	3	1	1.285512474924419
T04258	5	5	4	3	5	5	5	5	4	2	2	0.7159131767516554
T04259	5	5	5	4	4	4	4	5	4	4	2	0.37638079415337705
T04260	4	4	3	2	2	4	4	3	4	1	1	0.13984568888378593
T04261	4	4	1	3	1	4	3	3	4	2	2	-0.5416416648769828
T04262	5	4	5	4	4	2	5	4	4	3	1	0.9272899148973357
T04263	5	5	5	5	4	5	5	5	5	5	1	0.6968741631356408
T04264	2	5	2	5	5	4	4	2	5	2	2	0.4084588912880788
T04265	3	4	2	2	4	3	4	3	5	1	1	0.6583488591652272
T04266	4	4	5	4	2	5	3	5	3	1	1	-0.5373144778404197
T04267	5	3	2	3	2	5	4	4	5	4	1	1.351237582980676
T04268	4	3	3	2	2	3	4	4	4	2	1	0.7225117194257572
T04269	5	5	5	5	5	5	5	5	5	5	2	1.322051576951588
T04270	4	3	5	4	5	5	5	3	3	4	2	0.9821295321994642
T04271	4	2	4	2	4	5	1	4	4	3	1	0.26230166271240596
T04272	5	5	5	4	5	5	5	5	4	2	1	0.6251673652903644
T04273	4	1	3	1	1	4	2	2	5	1	2	-0.2274558912796681
T04274	4	5	5	4	5	4	5	5	5	5	1	0.7292568948499819
T04275	4	4	1	1	4	4	4	4	3	2	1	-0.7820567290113773
T04276	3	1	3	2	1	4	1	2	2	1	1	-0.5524401931252672
T04277	4	4	5	5	5	4	3	5	5	5	1	-1.1816336688756879
T04278	5	4	3	4	4	5	5	5	5	0	2	0.2644566757315647
T04279	1	1	2	1	3	2	1	2	3	2	1	-0.4125281958829732
T04280	4	2	3	5	3	4	4	5	5	4	2	0.4428380060784066
T04281	5	5	5	4	5	4	4	5	5	3	2	0.7672232690732812
T04282	5	4	4	3	4	5	3	3	4	5	2	1.4112677701788157
T04283	4	5	2	5	4	5	4	4	5	5	1	-0.5915769560768905
T04284	4	4	5	2	1	1	4	3	5	4	1	-0.5079197121217832
T04285	5	4	5	5	4	5	4	2	5	2	1	-0.18867526836886478
T04286	5	2	4	4	4	3	4	5	4	2	2	0.8374259228811138
T04287	4	3	5	3	2	5	3	5	3	3	1	-0.3612193494450197
T04288	3	2	5	2	3	4	3	4	3	1	2	1.5171861570838399
T04289	5	4	4	3	5	4	5	5	5	2	1	0.08623050201629756
T04290	5	5	5	4	5	3	4	4	4	5	2	-0.05703217702635188
T04291	2	2	2	1	3	5	2	2	3	1	2	0.5715595217430665
T04292	2	4	4	4	4	2	5	4	4	2	1	0.14466225122607523
T04293	5	3	3	3	4	3	4	2	4	2	2	0.8953183483622063
T04294	4	2	4	4	4	4	4	5	3	3	2	0.5720719199407546
T04295	4	4	4	4	4	4	5	4	1	4	1	1.9657435307301108
T04296	5	4	4	3	5	3	2	2	5	2	1	-0.7892200352215246
T04297	5	4	5	5	5	5	5	5	5	5	2	0.6069197379992999
T04298	3	2	1	2	1	4	3	1	2	1	1	-0.8930881016701553
T04299	5	5	3	5	5	5	4	2	5	1	2	0.3627055157441556
T04300	2	1	1	1	1	0	1	1	2	1	1	-1.2603568663753328
T04301	5	5	4	2	4	5	4	4	5	3	2	1.397448283989833
T04302	4	4	4	4	2	5	4	2	5	4	2	0.5392510704492292
T04303	5	3	4	3	4	4	5	3	3	2	1	0.4580550814234835
T04304	3	1	5	2	2	3	2	4	2	2	1	-0.3398192814226535
T04305	5	5	5	5	4	5	5	5	5	5	2	2.302893889658444
T04306	5	3	4	5	4	5	5	5	4	5	2	2.8081912233156885
T04307	5	4	5	4	4	5	5	5	5	4	2	0.8514712548629467
T04308	5	4	4	3	5	5	3	0	4	4	2	-1.1088306364142064
T04309	4	4	4	2	2	5	0	4	4	2	1	0.7809340874599858
T04310	5	5	5	5	5	5	5	5	5	4	1	1.3259085480302102
T04311	2	2	2	2	3	4	2	3	4	4	1	-1.0134285542422299
T04312	5	2	2	2	0	3	3	1	3	2	1	-0.6892704966848846
T04313	4	2	4	5	4	5	2	2	5	2	2	-0.6130141236684232
T04314	5	3	5	5	5	5	4	5	4	3	1	0.9064932820777477
T04315	5	4	2	2	1	4	2	5	2	1	1	-0.2595363055533041
T04316	1	2	4	3	2	4	4	3	3	1	2	0.08004111998939928
T04317	5	3	2	3	4	5	2	4	4	2	1	-0.4020669750724721
T04318	2	5	2	3	5	4	5	4	4	1	1	0.3211671787896144
T04319	4	3	3	3	4	5	4	5	4	2	1	0.25293910600469904
T04320	5	4	5	5	5	5	4	4	5	5	2	-0.17699369574794277
T04321	3	2	1	2	1	4	1	2	2	3	1	-1.7354896449938464
T04322	4	3	2	4	4	4	5	2	4	2	1	0.6483909944060491
T04323	5	2	4	3	4	5	4	5	4	3	1	1.2862162303382567
T04324	4	4	4	2	5	5	4	4	4	3	2	0.6966288518916681
T04325	4	1	4	3	2	4	5	4	3	3	1	-0.6526706506689938
T04326	5	4	4	4	2	4	4	5	5	3	1	0.6086786704024629
T04327	3	2	5	3	3	2	4	2	5	3	2	0.36140390019058644
T04328	5	5	4	4	3	4	4	2	4	2	1	-0.26982762676936944
T04329	5	1	2	2	3	4	2	4	4	5	1	0.04394871321671712
T04330	2	2	3	3	3	4	3	4	4	2	1	-0.20736427082993325
T04331	4	4	4	2	5	5	4	4	4	2	1	-0.49448328581068224
T04332	4	4	4	5	3	4	4	4	2	3	2	0.6431691459669233
T04333	4	3	3	5	5	5	5	5	3	5	1	0.821820947341962
T04334	4	3	2	1	2	5	2	4	2	2	1	-0.6126425474069775
T04335	4	3	4	3	5	3	4	5	3	4	1	-0.15744465208647784
T04336	5	4	4	5	5	4	5	5	5	3	2	2.0085192998763133
T04337	5	2	4	2	5	5	3	2	4	2	1	1.016501948041137
T04338	1	4	4	2	2	3	1	1	3	2	1	1.1505488729070281
T04339	4	3	2	2	5	4	4	2	3	2	2	1.7806121360456686
T04340	2	2	4	4	1	3	3	5	5	1	2	0.12479718813881624
T04341	3	5	5	2	4	5	5	5	3	5	1	1.07055205107357
T04342	5	4	5	3	4	5	5	5	4	5	1	-0.07485303754499495
T04343	1	1	3	1	1	3	1	1	1	1	1	-0.19811582359343594
T04344	1	1	4	2	4	4	1	3	3	1	1	-1.7946370656896002
T04345	4	4	1	3	4	2	4	1	4	1	1	0.5837193867756276
T04346	5	2	5	5	5	4	4	3	4	4	1	-0.8236824282173129
T04347	4	0	2	4	4	3	4	5	5	4	2	0.7529442595313957
T04348	4	2	4	1	2	4	4	5	4	1	2	0.9365307364676899
T04349	4	2	5	4	2	4	5	4	4	2	1	0.3948372441897069
T04350	5	5	4	4	4	4	4	4	5	4	1	-0.13611480723934466
T04351	3	1	2	2	4	4	3	3	4	1	1	-1.081126735249941
T04352	3	4	4	2	2	4	2	2	0	1	1	0.03869402281918055
T04353	5	2	4	3	2	4	3	3	4	3	2	-0.34120445382650255
T04354	4	3	5	3	2	5	1	4	0	2	1	-0.48223396611365754
T04355	5	4	4	3	3	4	2	4	4	2	2	-0.21064469355069515
T04356	2	2	3	3	4	2	4	1	4	2	2	0.6175508245160115
T04357	5	4	4	4	5	4	4	4	5	2	2	0.7860003881928539
T04358	2	2	2	2	1	2	1	1	1	2	1	-1.3403121462540661
T04359	5	4	3	2	4	4	5	3	2	2	2	0.7869413025138687
T04360	5	1	2	4	3	3	3	4	4	5	2	0.43751496190811545
T04361	4	5	4	2	5	5	5	5	4	5	2	1.5222308473383612
T04362	1	1	5	1	2	1	2	1	3	4	1	-0.6469135215393789
T04363	5	5	5	5	5	5	4	5	5	5	2	1.8562611048411033
T04364	5	5	5	4	5	5	5	5	5	4	1	0.975799712504383
T04365	5	5	5	5	5	4	4	5	4	5	2	0.5613804279643956
T04366	5	4	5	4	5	5	4	3	5	3	2	0.8952358400889875
T04367	5	1	4	4	4	5	2	4	4	1	2	-0.17962080349942727
T04368	4	4	5	3	2	5	4	4	4	4	2	1.2499117192997768
T04369	5	3	5	4	5	5	5	5	5	2	2	1.4353561221403992
T04370	4	4	4	3	5	5	5	4	3	3	1	0.9564859641915975
T04371	4	4	5	5	5	5	4	5	5	4	2	-0.3024051751488368
T04372	2	2	4	3	0	3	2	2	5	2	2	0.9664312427588739
T04373	4	4	4	2	2	4	4	5	2	3	2	-0.6217301274689284
T04374	5	5	5	4	5	5	5	5	5	5	2	1.0763795932739915
T04375	1	1	1	1	1	5	1	1	4	1	1	-0.9183566326653713
T04376	4	2	4	3	3	2	0	2	2	1	1	-0.897689812732035
T04377	5	3	4	2	3	5	4	5	5	2	1	1.574708046869232
T04378	5	2	3	1	2	4	2	3	4	1	1	-1.2547476194994611
T04379	5	4	5	2	2	4	2	5	4	1	2	1.6621564626407428
T04380	4	4	2	4	3	3	4	4	0	2	2	1.0150414265217873
T04381	5	2	4	1	3	4	4	3	4	2	1	-0.3343442869800171
T04382	1	2	2	3	1	5	4	1	1	1	1	0.099243735899094
T04383	5	4	4	2	2	4	2	2	4	1	2	-0.19932355388325848
T04384	4	5	5	1	4	4	3	3	4	2	2	-0.6245257111434537
T04385	5	3	4	4	4	4	4	2	4	2	2	2.0458296775901603
T04386	1	2	3	2	2	4	2	3	4	2	1	-0.7974409059529846
T04387	5	4	5	2	5	5	5	5	4	2	1	1.0012578398354357
T04388	5	5	4	5	4	5	5	5	4	4	2	-0.5513210610880444
T04389	2	4	4	4	5	5	4	5	4	5	1	0.972657332111762
T04390	4	5	5	5	4	5	4	5	4	5	2	0.8932152655674761
T04391	5	3	4	4	4	2	4	4	3	4	2	1.0852080842933725
T04392	3	5	5	3	5	4	5	5	5	4	1	0.5163429027420425
T04393	4	4	3	1	2	4	4	4	4	1	2	-0.27470510382624336
T04394	5	4	4	1	4	5	4	2	4	4	2	0.5688609144697487
T04395	3	3	1	1	2	0	2	1	1	2	2	-0.6474099476373738
T04396	4	2	2	2	2	4	4	2	4	1	1	-0.40316995728431176
T04397	3	2	4	1	2	4	5	4	4	2	1	0.478224451487174
T04398	2	2	1	1	2	5	3	3	5	1	1	0.7441481478842936
T04399	2	4	2	2	5	5	4	0	4	2	2	0.566829401569751
T04400	4	1	4	2	4	4	4	4	3	4	1	-0.3764947543476706
T04401	5	5	5	2	4	5	4	5	1	2	2	0.22401893066138345
T04402	4	1	2	2	4	5	4	4	5	3	1	0.2107743791824163
T04403	4	5	5	4	4	5	4	2	5	2	2	1.7464203437542798
T04404	4	5	4	3	5	5	5	3	5	5	2	1.4494300272379166
T04405	4	3	2	1	3	4	4	3	5	5	1	1.4132862631960876
T04406	5	2	4	3	1	5	4	2	4	4	1	-0.17814533078661157
T04407	5	1	3	3	2	5	3	2	4	1	1	0.5943320002624128
T04408	1	1	4	2	2	4	2	1	2	2	1	-0.3748745318926032
T04409	4	5	1	4	2	3	3	4	5	2	2	-0.9469196250755785
T04410	2	3	3	2	4	4	4	5	3	1	1	0.9570390282837574
T04411	5	5	5	2	5	5	4	5	5	5	2	0.6805357319704186
T04412	1	1	3	2	2	4	1	1	3	2	1	-0.15758997659290708
T04413	1	1	2	3	2	4	1	3	4	1	1	-0.2536798160429763
T04414	4	4	5	5	2	0	5	4	5	5	2	2.522338432139422
T04415	2	4	4	4	4	4	3	0	4	2	2	-1.0672547108486958
T04416	3	3	4	2	4	5	4	5	5	3	2	0.08538535426419913
T04417	4	4	4	4	4	3	5	4	4	4	1	0.6514949507616332
T04418	4	4	5	3	5	4	5	4	5	5	2	1.5073280303347127
T04419	5	4	5	5	5	4	4	5	5	5	1	0.5089101219667675
T04420	4	2	4	1	5	4	3	4	2	3	2	-0.9316552747666834
T04421	4	5	5	4	5	5	5	5	5	2	1	0.6648477083992954
T04422	5	4	4	3	1	2	4	2	4	1	2	1.1421948824703403
T04423	2	2	4	0	4	2	0	3	4	1	2	0.7386616106524132
T04424	5	5	5	4	5	5	5	5	3	3	2	1.922143368651104
T04425	4	4	3	2	3	2	4	2	3	4	1	-0.5715579283741681
T04426	3	2	1	3	4	2	4	2	4	2	2	-0.6375922871132603
T04427	2	3	4	2	5	4	4	2	5	4	1	0.030154303690059316
T04428	4	2	4	5	4	5	2	4	5	3	2	1.106753968377646
T04429	4	2	4	2	2	4	2	2	3	2	1	-0.9008274565977372
T04430	4	5	4	2	4	5	1	4	4	1	1	0.04849603624258403
T04431	5	4	2	4	0	4	4	5	4	5	1	0.07904914914846747
T04432	2	2	2	2	2	3	4	3	1	2	1	0.7173979932164221
T04433	3	2	4	2	4	5	3	2	5	4	2	-0.4968021860919859
T04434	5	4	5	5	3	5	5	4	5	3	2	-0.05871635192610514
T04435	5	5	4	5	4	4	5	5	5	5	2	1.5254612616221657
T04436	4	2	2	2	3	5	0	1	3	4	1	0.6109322010210919
T04437	2	2	4	2	2	4	2	2	2	2	1	-0.14498450701854354
T04438	4	5	5	4	4	4	2	4	4	4	2	0.5916855243336105
T04439	4	5	2	2	4	5	5	4	5	2	1	-0.6664877131483412
T04440	5	5	5	5	5	5	4	4	4	5	1	-0.27080161927902735
T04441	3	2	4	3	3	1	5	4	5	2	1	0.7895497835954819
T04442	2	4	4	4	2	4	4	4	3	3	1	-1.0436053954056994
T04443	0	4	2	1	4	3	2	2	2	1	1	-0.29105318090647253
T04444	5	3	5	1	4	4	4	4	4	3	2	-0.46839008348317757
T04445	3	2	2	1	4	5	4	4	4	2	1	-1.11939190880987
T04446	4	2	4	5	4	3	3	5	3	2	1	-0.3883510313941685
T04447	4	5	4	3	3	4	4	2	2	1	1	-0.9044539952604069
T04448	5	5	4	2	5	5	5	5	4	4	2	1.0480978658311453
T04449	2	1	5	4	2	4	2	2	5	2	1	0.810139980994175
T04450	4	2	5	5	1	4	2	2	4	2	1	0.9704452053926249
T04451	4	4	5	4	4	5	4	4	4	4	1	-0.12683464191727714
T04452	5	5	5	5	5	4	5	4	5	3	2	2.217889827110148
T04453	5	5	5	5	5	5	5	4	4	5	2	1.542459301226887
T04454	1	4	5	3	3	4	4	2	4	1	1	1.006864785677515
T04455	2	2	5	2	4	3	0	4	3	4	1	-0.6303566129900491
T04456	1	1	1	2	2	3	1	2	2	1	1	-1.727235504082632
T04457	5	5	2	2	5	4	5	3	4	3	2	0.6577089910960618
T04458	5	5	5	2	4	5	4	5	5	4	2	0.6507510830198269
T04459	4	3	5	3	4	5	5	3	4	2	2	1.0350523406174483
T04460	2	2	3	3	1	3	3	3	4	2	1	0.1526115236122788
T04461	5	3	5	5	5	4	4	4	4	4	2	0.22769930891198387
T04462	4	2	3	2	4	4	5	4	2	4	1	0.3086728672085551
T04463	4	3	5	4	4	5	4	5	4	2	2	0.7470126867137473
T04464	4	1	4	4	3	4	3	2	5	3	1	-0.7445887619664406
T04465	4	4	3	2	2	4	4	4	5	1	1	0.5744617206783168
T04466	2	1	4	1	2	4	4	4	4	1	2	-0.3683482012512309
T04467	1	2	4	4	1	5	2	4	4	2	1	-0.3213548727890169
T04468	5	2	5	5	5	5	4	5	5	2	2	0.923635994212962
T04469	4	2	4	4	2	4	3	3	5	2	1	-0.04696881248649573
T04470	5	5	4	2	4	4	3	5	5	5	1	0.05202804814881559
T04471	4	5	4	5	5	5	5	5	4	4	2	0.5130182605489947
T04472	3	4	4	3	5	0	4	4	5	4	2	0.8963394079913898
T04473	3	4	4	2	5	5	4	3	4	4	2	-0.6536171002566862
T04474	4	2	2	4	3	5	5	5	4	1	1	0.5252270445730589
T04475	4	3	5	5	4	5	5	5	5	3	2	0.7062715689824417
T04476	5	4	5	3	2	5	3	5	4	2	1	-0.5177394808418389
T04477	4	5	5	4	4	5	5	5	5	4	2	0.9104484728585308
T04478	5	4	3	4	4	5	3	5	4	2	1	0.633003041223071
T04479	4	4	4	4	4	4	4	4	3	2	1	0.13108616284875244
T04480	4	4	4	4	3	5	5	4	4	2	2	0.06279413339608386
T04481	4	2	3	4	4	3	3	3	4	1	2	1.5941320547686912
T04482	5	2	2	2	3	4	4	3	3	2	2	-0.3182707808514543
T04483	3	4	4	1	4	3	4	1	4	2	2	-0.20762662741217902
T04484	5	4	2	2	5	5	5	4	4	2	2	0.5067222108920584
T04485	5	5	4	4	5	5	5	4	5	5	2	1.365761427907031
T04486	5	4	4	4	5	5	5	5	4	5	2	1.1611783124534352
T04487	3	1	1	3	1	2	3	1	1	2	1	-0.2610328311559216
T04488	5	4	3	1	2	2	4	5	4	2	1	0.11036277043333925
T04489	5	1	4	4	4	4	5	4	4	3	1	-0.7441127874734578
T04490	4	4	5	4	5	5	5	4	4	4	1	0.03670184659696751
T04491	3	2	2	3	3	5	2	4	4	1	1	-1.7398806744593251
T04492	4	5	5	3	4	5	4	4	4	1	2	1.0825819826802903
T04493	5	3	5	2	4	4	5	4	5	3	2	0.7539322282972455
T04494	4	3	4	2	4	5	4	2	5	0	1	0.1372853478817429
T04495	2	1	2	1	1	4	1	2	1	2	1	-1.8506664413883915
T04496	5	4	4	4	4	5	5	0	5	4	1	0.49844912803833596
T04497	4	5	4	2	4	4	4	4	4	2	2	0.23116764025628128
T04498	5	4	5	4	5	5	5	5	5	5	2	0.4924206151428199
T04499	5	5	4	4	5	5	4	4	3	4	2	1.5469879469801375
T04500	5	5	5	4	4	5	4	4	4	5	1	-0.6637058257381201
T04501	5	4	5	5	5	5	5	4	4	3	2	1.0670267023438653
T04502	5	3	0	5	4	5	4	5	4	2	1	-0.14854957184383655
T04503	5	4	4	5	4	5	5	5	5	5	1	0.2674852891606205
T04504	3	2	3	1	4	2	3	1	3	1	1	-0.0033392169710784736
T04505	4	5	5	2	2	5	5	2	3	2	1	1.6405233739294312
T04506	3	5	5	1	4	5	4	5	4	1	2	0.5162150036361447
T04507	4	4	5	4	5	4	5	4	4	5	2	1.2267343739110843
T04508	4	2	5	3	2	5	2	4	4	2	1	-0.13209883978536902
T04509	2	4	5	2	4	2	2	4	4	2	1	0.09975244720203547
T04510	3	4	4	2	4	4	4	3	4	1	2	-0.47243407423998574
T04511	1	2	2	1	1	4	1	1	3	1	1	-0.8628375316335121
T04512	4	4	3	1	3	5	3	1	4	2	1	-0.41638204416112334
T04513	2	2	4	4	3	5	4	2	5	4	1	0.9093582748062154
T04514	5	1	4	3	2	3	4	5	3	5	1	-1.4806438909474415
T04515	4	4	2	5	3	4	3	4	3	4	1	0.018950955438337524
T04516	4	4	3	4	4	5	2	2	4	3	1	-0.028828399184262832
T04517	1	1	3	2	3	2	4	1	2	1	1	0.3183528416081195
T04518	3	3	3	3	2	5	2	2	3	1	1	-0.6482099264638276
T04519	2	3	2	1	1	2	2	2	3	2	2	-1.122569295598221
T04520	5	4	4	2	5	5	3	2	5	2	1	1.3656585168159576
T04521	4	4	4	4	5	4	4	4	4	5	1	0.035549614097044935
T04522	3	2	2	2	4	5	2	2	4	4	2	-0.198428468516207
T04523	2	2	5	2	3	3	4	4	4	2	2	0.5741572655265851
T04524	5	4	4	5	4	4	4	4	5	1	1	0.14791335936521727
T04525	5	4	5	4	4	5	4	4	5	4	2	1.0333507145652852
T04526	5	2	5	4	3	3	5	5	4	1	2	1.5545928707139955
T04527	1	4	2	2	4	5	5	4	3	2	1	-0.12289108545116872
T04528	5	5	3	4	2	5	4	5	4	2	2	-0.25538304294384384
T04529	5	1	4	5	4	4	4	3	4	4	2	1.369387372231138
T04530	3	4	4	5	5	4	4	3	5	5	2	0.5548931424532524
T04531	5	2	5	3	4	5	5	1	3	4	1	-0.6951051150090402
T04532	4	3	2	1	2	4	3	2	5	2	1	-0.37244590794972193
T04533	5	2	5	3	3	4	3	4	2	2	1	0.9820478659078316
T04534	4	4	2	3	5	5	5	2	4	0	1	1.878104225385349
T04535	5	5	4	5	5	5	5	5	4	2	1	1.4873283188224233
T04536	0	1	1	1	2	4	4	4	2	1	1	0.15206986105010278
T04537	4	4	4	3	2	5	4	5	4	2	1	-0.6948877927757964
T04538	5	4	4	4	3	5	4	5	5	5	2	2.3551690292605074
T04539	2	1	3	1	1	2	1	2	4	1	1	-1.4252880433136013
T04540	5	5	5	4	3	3	5	5	4	4	2	-0.4517206409942297
T04541	3	4	5	3	4	5	4	4	4	5	2	1.9875277901247281
T04542	0	1	4	4	3	4	2	2	2	3	1	-0.9095809630933777
T04543	0	4	4	2	4	5	4	5	4	2	2	-0.05191839497120487
T04544	5	4	4	5	4	4	5	4	5	2	2	1.35700358087001
T04545	5	2	2	2	4	2	3	2	4	2	1	-0.6382563939483528
T04546	5	4	5	2	5	4	4	4	5	2	1	0.11423929868304626
T04547	4	3	3	2	2	3	2	5	3	2	2	0.18991917147395698
T04548	2	1	1	2	2	5	4	3	2	1	1	0.021629148392993763
T04549	4	4	3	1	4	4	4	4	0	5	2	1.4691865922343585
T04550	2	2	2	2	2	3	5	2	5	2	1	-0.5107855684088349
T04551	3	1	3	1	1	2	1	1	0	2	1	-0.705306452799095
T04552	2	2	5	4	5	5	4	5	4	4	1	0.1656996951185829
T04553	3	5	4	4	4	5	5	3	5	4	1	1.69960541136092
T04554	5	5	3	4	5	5	4	1	5	5	2	1.721258048635906
T04555	5	5	5	5	5	5	5	4	5	4	2	0.9987716332355911
T04556	5	5	5	3	3	4	5	3	4	2	1	0.06652759698508531
T04557	3	3	3	4	2	5	2	2	4	1	1	-0.30910913213832036
T04558	4	4	3	5	3	4	4	4	4	2	1	-0.22427484822015453
T04559	3	4	5	1	2	4	5	1	5	1	1	1.2713097896955545
T04560	4	2	2	4	3	2	2	4	4	2	1	-0.5697530902051062
T04561	3	2	2	2	3	3	3	1	3	1	1	0.7569884787987581
T04562	5	2	4	3	2	4	5	3	4	4	2	0.7459717536746616
T04563	4	5	5	3	4	5	4	3	5	4	2	2.7887433880288754
T04564	5	4	4	2	2	4	2	2	5	1	1	0.721617535797284
T04565	5	2	4	4	4	4	4	5	4	4	2	-0.018202060988491753
T04566	5	5	4	5	5	5	5	5	5	5	2	1.1071450830574128
T04567	4	1	4	4	5	5	5	4	5	2	1	0.9004158803723515
T04568	3	3	3	1	2	2	4	2	2	2	1	0.46306127973021727
T04569	4	3	2	2	4	5	2	2	5	2	1	-1.1900172368433046
T04570	5	5	5	3	5	5	5	5	4	5	2	1.8279540916020056
T04571	5	4	5	3	5	1	1	3	2	2	2	0.24453071218692846
T04572	1	4	2	0	3	4	3	1	3	2	1	-0.024352757218370824
T04573	4	1	2	2	3	4	5	2	2	1	2	0.3227351551117841
T04574	4	5	5	5	5	4	5	4	4	4	2	0.8789414573860747
T04575	4	5	5	2	5	4	5	4	5	3	2	0.5353923821165207
T04576	5	5	5	2	0	5	4	5	5	4	2	1.3291257974730202
T04577	2	2	3	2	4	4	4	1	1	2	1	0.8129038015039478
T04578	4	3	2	2	5	5	5	4	3	3	1	0.36499304107922614
T04579	3	2	4	2	4	5	4	5	2	5	2	-0.04728261992436178
T04580	3	5	4	4	5	4	4	4	5	2	1	-0.6029404305069654
T04581	4	5	5	5	5	5	5	5	5	5	2	0.9441589811013871
T04582	5	3	4	4	4	4	4	5	4	4	2	0.8058552899865339
T04583	5	5	5	5	5	4	5	5	5	2	2	0.9839765543557977
T04584	4	3	4	4	5	4	2	2	4	2	2	-1.3304040861008297
T04585	1	1	1	1	1	0	1	2	2	1	1	-1.6285159340896445
T04586	4	0	4	3	2	3	1	1	5	1	2	-1.4706784296297812
T04587	4	2	2	2	2	4	3	1	4	1	1	-0.6152758277035715
T04588	5	5	4	5	4	5	5	5	5	5	1	0.8805892463477873
T04589	5	5	5	2	4	2	5	2	5	4	1	0.8338072868808883
T04590	5	5	5	4	5	4	5	5	4	4	2	2.028139705703484
T04591	4	3	2	2	4	3	4	4	4	1	1	0.4171511316622504
T04592	5	4	5	5	5	5	5	5	4	4	2	1.3086499153614082
T04593	4	5	5	5	5	4	5	5	5	5	1	0.5428059130222214
T04594	4	1	5	1	2	4	3	4	5	1	1	0.16589429788068988
T04595	2	1	4	5	2	5	3	5	4	1	1	-0.06990048389205204
T04596	5	4	5	3	5	4	5	5	4	5	1	0.645612481507007
T04597	4	5	5	4	4	4	3	5	4	4	2	0.09838275191082224
T04598	1	1	1	2	4	4	4	3	2	2	1	-0.381193407706934
T04599	3	5	4	3	2	5	4	3	5	4	2	0.03135710276667203
T04600	3	4	4	2	0	4	3	3	5	3	2	0.9382084300579587
T04601	4	4	3	4	4	5	2	4	4	4	2	-0.7329810952873799
T04602	3	3	2	5	3	5	4	4	2	5	1	1.0144739256256692
T04603	3	3	3	2	3	5	5	4	2	1	1	0.4157748713653604
T04604	5	5	4	4	5	5	4	5	5	5	2	0.7954648011130492
T04605	5	4	5	4	4	4	2	4	4	3	2	0.21340913460481215
T04606	3	2	4	2	4	5	2	2	4	1	1	1.6026815690604015
T04607	5	5	4	2	4	4	4	5	3	5	1	0.19869122859340344
T04608	4	5	4	4	2	4	4	4	0	5	2	-0.19543082784364318
T04609	5	4	4	2	0	5	4	5	4	1	2	0.41032231864035235
T04610	4	4	5	2	2	4	0	2	3	1	2	-0.9852138282301346
T04611	5	5	4	5	5	4	5	5	4	5	1	2.3494046565115076
T04612	5	5	5	4	3	5	5	4	4	4	2	1.5346204264616352
T04613	5	4	4	4	3	4	3	4	2	2	2	0.6069693839971716
T04614	3	4	4	3	5	4	4	3	4	3	2	-0.9561770776877172
T04615	4	1	4	4	1	5	4	5	4	2	1	0.5428083064547081
T04616	4	1	2	2	2	4	3	1	1	1	1	-0.8650968884524025
T04617	5	4	5	2	5	5	5	4	4	3	2	2.812919629261572
T04618	2	2	1	3	3	4	2	1	1	4	1	-0.26664887127306663
T04619	4	2	2	3	3	3	4	1	4	2	1	0.20612210232991934
T04620	5	5	5	3	5	5	5	5	5	4	1	1.612779108495936
T04621	5	5	5	5	4	5	5	4	4	3	2	0.16576166279204663
T04622	2	2	2	2	2	5	4	3	4	3	1	-0.36435414376149766
T04623	5	5	5	4	5	5	5	5	5	5	1	1.1942086574348234
T04624	5	3	4	4	5	4	5	5	4	4	2	1.832014456167693
T04625	3	2	4	3	4	5	3	4	4	4	2	0.5608974500925892
T04626	4	2	4	4	4	5	2	3	4	3	1	0.7616257721766275
T04627	5	5	5	5	5	5	5	5	5	5	2	1.7236894933016802
T04628	2	5	4	4	3	4	5	5	5	2	2	0.32261684000234503
T04629	5	3	3	4	5	4	5	5	4	4	1	0.5142400106213165
T04630	5	4	4	4	2	3	4	2	3	2	2	1.0891985614623814
T04631	5	5	5	5	5	5	4	5	5	5	2	1.810334639049324
T04632	5	4	2	3	4	5	3	5	3	3	1	-0.37230359011336
T04633	4	4	2	4	4	4	4	5	5	2	2	2.1439995449597746
T04634	4	4	3	2	2	4	4	3	2	3	1	-0.446360246938045
T04635	5	5	5	4	5	5	4	5	5	4	1	0.1576206699406647
T04636	2	0	3	1	5	3	4	2	3	4	2	0.20616967429847766
T04637	5	5	5	5	5	5	5	4	5	4	2	0.498781832327874
T04638	4	5	4	3	4	5	5	4	4	3	1	-0.018639943153761274
T04639	5	2	4	5	4	5	3	5	4	4	2	-0.34622211805895964
T04640	3	5	4	3	5	5	4	5	5	4	1	1.1929248683669718
T04641	4	2	4	5	4	4	4	4	4	1	2	0.383098260204804
T04642	3	1	0	2	4	4	4	2	2	1	1	0.21491655554855538
T04643	2	2	2	4	4	4	4	2	4	1	1	0.40230433848534775
T04644	5	4	4	5	4	5	5	5	5	5	1	1.0338012324501082
T04645	4	4	4	4	3	3	4	5	5	1	2	0.8202497349506824
T04646	5	5	5	5	4	5	4	4	5	5	2	0.3991579628819906
T04647	5	5	4	3	5	5	5	5	5	5	1	-0.8265187648759142
T04648	2	4	4	4	5	4	5	5	5	4	1	-0.3529212318165398
T04649	4	5	5	4	5	5	5	4	5	5	2	1.361640903574751
T04650	5	5	2	2	2	5	3	4	4	1	2	0.7492787564022907
T04651	5	4	4	5	2	5	4	4	5	5	2	0.9077740728507276
T04652	5	3	2	2	4	4	5	2	4	2	1	0.3066491085499028
T04653	4	4	5	1	1	2	1	2	3	4	1	-1.8603515001865907
T04654	4	5	2	4	2	5	5	3	5	3	2	1.4901639690580888
T04655	4	2	3	1	3	4	1	2	3	2	1	-1.1176619794840663
T04656	5	5	5	4	5	5	4	5	4	3	2	0.6993196960511566
T04657	2	2	3	5	4	4	4	2	4	4	1	0.039461053600037405
T04658	5	1	1	3	4	4	4	3	2	4	2	1.0227118517443292
T04659	5	4	3	3	5	0	4	5	5	5	2	0.8168350832585437
T04660	4	4	2	2	2	4	4	4	4	4	1	-0.18890757766898172
T04661	4	4	4	2	3	2	4	4	4	3	1	0.2096327758977516
T04662	4	3	2	3	1	4	4	5	3	3	2	0.07533525447530809
T04663	5	4	5	4	5	4	5	5	5	5	2	1.2448627038014075
T04664	5	5	5	5	5	5	5	5	5	5	2	2.5957256412374803
T04665	5	5	5	5	4	4	4	4	5	2	2	0.3694982289497536
T04666	5	2	2	2	3	4	5	3	5	4	2	1.9088064065033263
T04667	3	2	1	2	2	3	3	2	1	1	1	-0.4657298922530392
T04668	4	4	5	4	5	5	0	5	4	5	2	-0.8453665134647848
T04669	5	5	5	5	5	4	4	3	5	5	2	0.3442350875237232
T04670	4	3	4	4	5	5	4	5	5	1	1	-0.20960079603714893
T04671	4	1	4	1	3	5	4	3	5	2	1	-0.1636773096459131
T04672	1	2	2	2	2	5	4	2	4	4	2	0.17501582250863812
T04673	4	3	3	4	1	4	2	4	2	3	2	0.1730370567246527
T04674	5	4	5	4	3	4	5	5	5	5	1	0.1917207710040676
T04675	5	5	3	3	3	5	5	1	4	4	2	1.1797845952418593
T04676	5	4	5	4	5	5	5	5	5	4	1	1.1185720280041667
T04677	4	5	5	3	5	5	3	2	4	5	2	0.7997312268178676
T04678	4	5	5	5	3	4	4	5	5	4	2	1.3069906289891602
T04679	4	3	0	4	3	3	4	3	4	1	1	0.25187506634571327
T04680	2	1	3	0	3	5	2	4	4	2	1	-1.4300909926971537
T04681	5	5	4	5	3	5	5	4	5	4	2	0.04471312688856033
T04682	2	1	3	2	4	4	2	1	4	1	1	-0.0014193699074904753
T04683	5	4	3	1	1	4	5	4	4	2	2	0.05937879536012136
T04684	5	4	5	3	4	4	5	4	5	3	1	1.4681967645604561
T04685	5	2	5	2	3	2	4	2	4	1	1	-0.5432836852934376
T04686	2	1	5	4	4	5	5	3	0	4	2	1.6289967805287855
T04687	4	1	2	2	1	5	4	2	4	4	1	0.2149217839933528
T04688	4	5	4	4	4	5	4	4	4	4	1	0.7426086520457484
T04689	5	4	2	5	5	5	5	5	5	5	1	1.5305345246807964
T04690	5	3	5	4	3	5	3	2	2	2	1	-0.7054915222051887
T04691	4	3	4	2	4	4	2	4	3	1	1	-1.0071144571283932
T04692	5	5	2	4	0	5	5	5	5	2	2	-0.6035426677603597
T04693	5	5	4	5	5	5	5	5	5	5	2	1.48413626558387
T04694	5	5	5	5	5	4	4	5	5	2	2	0.7657758018961224
T04695	4	4	1	3	3	4	2	4	4	1	1	-0.3003841856596283
T04696	4	2	2	4	4	5	4	2	2	2	1	-0.2247789011927071
T04697	3	5	5	3	3	4	5	5	5	2	2	0.33335906073128574
T04698	2	2	4	2	1	5	5	5	4	2	2	-0.5489543498577367
T04699	5	2	1	1	2	4	3	4	4	2	2	1.4986529510633115
T04700	5	3	4	4	2	4	4	5	5	2	2	-0.5006377551575865
T04701	4	1	3	3	2	2	1	1	3	1	1	-1.9099672605876954
T04702	5	1	4	2	1	2	2	3	4	1	1	-0.4373701930382884
T04703	2	1	2	1	3	4	2	3	1	2	1	1.2389694592264031
T04704	4	4	3	5	4	5	3	5	5	1	1	0.8074393491273161
T04705	5	5	0	4	5	4	5	5	5	3	2	0.6748953195174391
T04706	4	2	5	3	5	4	2	4	4	2	1	-0.3340413296604969
T04707	5	3	1	2	3	5	4	4	4	5	2	-0.814777434400465
T04708	4	3	2	3	2	4	4	4	4	4	1	0.5818701663096887
T04709	4	1	4	4	1	4	3	3	4	1	1	-0.13481090370593046
T04710	4	2	2	3	1	3	1	2	5	1	1	-0.9346098234111762
T04711	1	1	2	1	2	1	1	2	4	1	2	-0.06551964726896597
T04712	5	5	5	2	5	5	5	5	5	3	1	0.0453644149566611
T04713	5	2	4	4	4	5	4	3	4	2	2	0.07479324571773366
T04714	4	1	1	3	4	2	5	4	4	1	1	-0.22135612861368617
T04715	4	4	4	4	3	3	3	1	5	2	1	0.3572366568949005
T04716	4	4	2	2	4	2	4	2	2	2	1	0.8898374490621163
T04717	5	5	4	0	5	5	5	4	5	2	2	1.2245385852984885
T04718	4	3	4	1	1	4	1	1	2	1	1	-1.3092479963970622
T04719	4	2	5	4	5	2	4	5	4	3	2	1.1787839168127017
T04720	2	4	1	2	5	5	5	4	0	4	1	0.49299014494125953
T04721	5	5	5	3	5	4	4	5	5	4	2	0.6119985050723166
T04722	2	4	2	1	1	2	2	4	2	4	1	-0.9844802328623417
T04723	5	5	5	2	4	2	5	5	2	5	2	1.9189664015001175
T04724	4	5	3	5	5	5	5	5	5	2	1	0.10052895424104813
T04725	4	5	3	3	2	5	5	5	5	4	1	0.05967623752797779
T04726	5	5	3	4	4	4	3	4	2	1	2	0.47324951513339053
T04727	4	3	5	5	3	5	5	5	5	2	2	1.3355321114437422
T04728	4	5	4	5	2	5	5	5	5	3	2	1.4461429126295668
T04729	5	5	5	5	4	5	4	5	5	5	2	1.2472986394859213
T04730	4	5	2	2	2	5	2	4	4	2	1	-1.154882112557452
T04731	3	1	4	4	2	4	4	1	5	2	1	0.8802811574601015
T04732	4	1	4	2	3	4	2	3	1	3	1	-1.2545718167363717
T04733	5	5	5	5	5	5	5	5	5	5	2	0.5679050518169814
T04734	5	5	5	3	4	5	4	4	5	5	2	0.5029264120486663
T04735	1	2	1	2	3	4	3	1	3	2	2	-0.047630513176079047
T04736	2	1	1	2	4	4	0	2	4	2	2	0.20391858882594138
T04737	2	5	4	3	5	3	5	3	5	3	1	1.1887385452989645
T04738	5	4	5	5	5	5	5	4	5	5	1	0.33377458175579294
T04739	5	4	3	4	5	5	4	4	4	1	2	-0.3925014410469605
T04740	5	5	4	4	3	4	4	4	4	2	1	0.1062551268245398
T04741	4	3	5	2	4	3	4	4	5	4	1	0.2331225492145803
T04742	5	3	4	4	5	5	5	4	4	4	2	0.466284039084827
T04743	5	1	2	4	2	2	2	4	3	2	2	-0.2381257005763003
T04744	4	3	2	4	2	4	5	4	4	2	2	0.5683773719064582
T04745	5	4	5	4	4	5	5	3	5	4	2	1.495775744437244
T04746	5	4	5	5	4	4	5	2	4	4	2	1.5179055869530553
T04747	4	2	4	4	3	5	3	2	3	4	2	0.11006582445847451
T04748	4	3	4	4	5	5	4	3	5	2	2	0.6398320064889371
T04749	4	4	5	4	5	4	4	3	4	3	1	0.2865441884324783
T04750	2	1	4	4	4	5	4	4	4	1	1	-0.19831726493904697
T04751	4	2	5	1	2	4	2	0	3	1	1	-0.8672159715228138
T04752	5	4	4	5	4	4	5	5	3	1	1	0.3056030656897137
T04753	5	4	4	2	4	2	5	4	3	5	1	0.3673805108412107
T04754	4	3	2	4	4	4	4	2	5	3	2	-0.023333547308484026
T04755	4	3	4	5	3	3	5	3	2	3	1	-0.476715287829708
T04756	2	5	5	3	0	4	5	3	4	4	2	0.191954318994481
T04757	2	2	1	2	2	2	4	3	5	4	1	-0.4404757129215393
T04758	2	1	4	3	2	4	4	2	4	3	2	-0.06732395439333272
T04759	5	2	5	5	3	5	4	3	4	4	2	2.2656980456047853
T04760	5	5	4	5	5	4	4	5	5	2	2	1.8591568679601482
T04761	4	4	4	5	4	5	5	4	5	3	2	1.865314766176434
T04762	5	4	4	3	3	5	3	3	4	2	1	0.964296275939481
T04763	5	1	5	4	4	4	5	1	5	5	1	0.49471625541567277
T04764	3	2	2	1	4	5	2	4	3	1	2	0.4376431082596274
T04765	4	5	5	4	3	4	5	3	4	4	1	1.1784327300559874
T04766	5	1	3	2	5	4	5	3	4	2	2	1.072405920440626
T04767	5	4	4	4	3	5	4	4	5	4	1	0.41607638752309384
T04768	5	3	3	2	2	5	3	0	4	3	1	0.3980705708383968
T04769	4	4	5	4	4	4	4	4	4	5	2	0.03297705440231835
T04770	4	2	4	5	5	4	5	4	5	5	2	1.824405025204142
T04771	2	3	4	2	4	3	1	4	2	3	2	-0.19024191579505206
T04772	5	4	4	5	4	5	4	4	3	2	2	0.7484422820223604
T04773	5	4	4	3	5	5	5	4	4	4	2	-0.4747375208941529
T04774	3	2	4	2	1	5	4	2	3	2	1	-0.8547831479239573
T04775	4	2	2	1	2	4	1	2	4	1	1	-1.842587227693326
T04776	3	2	5	3	4	4	4	4	5	1	1	0.45982207530800284
T04777	4	4	5	5	4	4	5	4	3	2	1	1.0320516687411252
T04778	4	4	5	4	2	4	4	5	5	4	1	0.599699852565626
T04779	3	1	1	1	2	3	1	1	0	1	1	-1.453789535378072
T04780	5	5	5	4	5	5	5	5	5	4	2	0.8508142194942371
T04781	4	2	2	4	4	3	3	3	1	1	1	0.39956308500924786
T04782	4	4	5	5	5	0	3	5	4	4	2	0.6354962173254439
T04783	4	5	2	5	4	5	3	4	5	4	2	0.7317557064178122
T04784	5	5	4	5	5	0	4	5	4	5	2	0.8695814795058079
T04785	5	5	5	5	5	5	5	5	4	5	1	0.6465145860895796
T04786	3	3	2	4	2	4	1	3	1	1	1	-0.9787365118986592
T04787	4	2	5	2	1	4	5	4	4	2	2	0.14002927254650543
T04788	4	5	5	5	4	4	4	4	5	5	2	0.16617644061349268
T04789	1	4	4	5	3	3	4	4	5	4	2	0.11551638717827292
T04790	5	4	4	2	4	5	4	4	5	5	2	1.0188774290007652
T04791	5	4	5	2	4	4	4	5	4	5	2	0.7726219132084324
T04792	2	5	5	4	5	5	2	5	5	3	2	-0.6868813389093039
T04793	4	4	4	2	5	4	4	3	2	3	1	-2.0875223926868944
T04794	4	5	5	2	3	5	4	4	5	2	2	1.0380818657410562
T04795	4	2	4	3	2	4	3	2	3	2	2	0.1555650438182815
T04796	5	3	5	2	3	5	3	3	4	2	1	-0.11970591992588833
T04797	5	4	4	3	4	3	3	2	5	2	2	-0.3448505629604964
T04798	5	5	5	5	5	5	5	5	5	5	2	-0.3228892988924692
T04799	4	4	4	3	4	4	4	4	5	4	2	0.8020360395239757
T04800	2	1	1	2	4	5	2	1	0	2	1	-0.30295780387216786
T04801	3	1	3	1	2	4	3	4	0	2	1	-1.2525059491858184
T04802	4	2	5	2	4	5	4	5	4	3	2	-0.30640121241554885
T04803	5	4	2	2	5	5	4	4	3	3	2	0.994055470358744
T04804	4	3	2	4	3	4	2	1	5	1	2	0.4721016678969637
T04805	5	5	5	4	4	2	5	5	5	3	1	-0.831333359948584
T04806	4	3	4	1	2	4	3	1	4	3	1	-0.24213284536613497
T04807	5	4	4	2	4	5	3	5	4	3	1	0.37763765204768557
T04808	5	5	2	2	5	5	5	5	4	5	1	0.5485819667293158
T04809	4	3	1	2	2	4	1	1	5	1	1	-0.5787128780872582
T04810	4	1	4	5	4	3	4	5	5	1	2	-0.36725860508705793
T04811	5	5	3	4	4	4	5	5	5	4	1	0.641746528980716
T04812	4	1	2	1	1	2	1	1	2	1	1	-1.5268821592301234
T04813	5	3	3	2	3	4	3	2	4	4	2	-0.29808375039597435
T04814	3	4	3	2	1	4	2	2	4	1	1	-0.32291976839569514
T04815	5	5	2	5	2	4	5	5	5	3	2	0.22629270339172058
T04816	5	5	5	4	5	4	5	5	5	5	2	0.4879400820604112
T04817	5	3	4	5	4	5	5	5	5	5	2	0.7538984480212878
T04818	5	4	4	4	5	4	4	2	3	2	2	0.7529179125858944
T04819	4	4	5	2	2	4	5	4	4	4	2	0.968041809310226
T04820	5	4	5	4	4	4	4	4	5	2	2	-0.1475260215945421
T04821	5	4	5	5	5	5	5	5	4	5	1	1.2046518647405509
T04822	5	1	5	1	4	4	2	5	4	5	1	-1.6946350436127002
T04823	4	5	4	3	3	5	4	5	5	0	1	0.7684514697334955
T04824	5	5	5	3	5	5	5	2	5	4	2	0.6505964844369573
T04825	5	5	5	5	5	4	5	5	5	4	1	0.4042494680208635
T04826	4	1	2	2	1	5	2	2	2	1	1	-1.543674465435862
T04827	2	4	2	2	4	3	4	4	4	2	2	2.345926866395154
T04828	2	2	4	2	5	4	3	2	4	1	1	-0.22084927134040847
T04829	5	5	5	5	4	1	4	4	4	5	2	-1.8190196787071484
T04830	5	5	5	5	5	5	5	5	5	5	2	1.382908728772058
T04831	4	2	5	4	4	4	4	5	5	2	1	0.12658621318387756
T04832	4	5	4	3	2	2	3	4	5	5	2	0.7320455945659926
T04833	4	5	5	4	4	5	4	3	3	2	2	0.5372833524831007
T04834	4	5	3	2	3	5	4	4	4	2	1	-0.7460585725289858
T04835	5	5	4	5	4	5	5	2	5	5	2	1.2714307876837307
T04836	5	5	5	4	5	5	4	4	4	4	1	1.0480324832105594
T04837	3	4	5	3	4	4	5	1	2	4	1	0.5672720948470147
T04838	5	4	5	5	5	3	5	4	4	4	2	1.3043603302467595
T04839	5	5	5	5	5	0	5	5	5	5	2	1.7386094943248305
T04840	5	5	5	4	5	5	4	5	5	5	2	1.296312498346017
T04841	5	2	5	2	5	5	5	5	5	2	2	0.5486796043186646
T04842	4	4	3	3	4	4	4	5	3	2	1	0.04072733283084187
T04843	5	4	5	4	5	5	5	4	4	3	2	1.6347328857604515
T04844	3	1	4	2	2	3	1	4	2	2	1	-2.0043539909622696
T04845	4	3	3	3	5	5	4	4	5	4	2	-0.42697109319992843
T04846	2	4	2	2	4	4	4	2	4	1	1	-0.08181837799004558
T04847	5	5	5	4	4	0	4	4	4	5	2	0.21621351988076687
T04848	4	3	3	3	3	3	2	5	2	2	2	-1.1519567913674313
T04849	4	2	1	1	2	3	1	2	1	1	1	-0.0834739927663688
T04850	5	4	4	3	5	2	5	2	5	4	2	1.41143209731461
T04851	4	4	5	4	2	5	3	3	3	2	2	0.08681906419435259
T04852	4	4	4	4	3	4	4	2	5	4	2	0.706310489647374
T04853	3	1	4	2	4	4	2	5	2	2	1	-1.6616204591608819
T04854	5	5	2	3	5	5	4	5	5	4	1	0.9285410048387329
T04855	5	4	4	5	4	5	4	5	4	1	2	1.5901408522560612
T04856	4	4	3	4	2	4	4	4	4	2	1	0.803522144796764
T04857	4	3	5	3	4	5	4	3	5	4	2	1.3641202522734626
T04858	4	4	4	5	2	4	4	5	4	3	2	1.4118444252346851
T04859	5	5	2	5	5	4	4	4	5	2	2	-0.3276980660849962
T04860	4	5	4	4	5	5	5	5	5	5	2	1.8545615057854237
T04861	5	4	4	3	2	5	2	4	3	3	2	-0.6110675063944033
T04862	5	5	5	5	5	4	5	3	5	5	2	1.7819552741816083
T04863	2	4	5	3	3	4	5	5	4	5	2	1.01002549337351
T04864	5	5	4	4	5	5	4	5	2	3	2	0.24817822077837304
T04865	4	4	3	2	4	5	4	4	4	4	1	-1.0735612012267053
T04866	5	5	5	3	4	5	5	5	4	0	2	0.7359980753549421
T04867	4	1	5	3	3	5	5	4	3	3	2	0.4916578093464049
T04868	5	4	4	5	3	4	5	3	5	4	1	0.9186321964549264
T04869	4	1	4	2	2	3	4	4	4	1	2	0.10356415276960262
T04870	5	5	5	4	4	4	4	5	3	4	2	0.35487101127352105
T04871	4	4	5	2	4	4	5	5	3	4	1	0.18570071766036378
T04872	4	4	3	5	5	5	4	4	5	2	2	0.7746497975520822
T04873	4	1	4	1	5	4	2	1	4	1	1	-0.556002093443427
T04874	5	5	3	4	5	5	5	4	5	5	2	1.0954616813870515
T04875	4	1	2	2	1	5	4	3	5	3	1	0.6998818879843931
T04876	4	4	1	2	2	4	4	3	4	2	2	-0.2925752791713482
T04877	4	2	4	5	1	5	5	5	5	4	1	0.050038883902065345
T04878	3	4	4	2	4	5	2	2	4	5	1	-1.111445889684486
T04879	1	1	2	2	1	2	2	2	2	1	1	-0.0222806118250104
T04880	2	4	3	2	4	4	0	3	5	3	1	0.8026607750369985
T04881	5	3	5	3	3	5	4	2	3	3	1	1.3873400393949646
T04882	5	1	2	3	3	4	4	3	4	3	2	1.2902908816535024
T04883	5	5	3	3	2	4	3	4	5	5	2	0.2603762980788618
T04884	4	1	4	1	2	4	3	2	4	2	1	0.019668323710468116
T04885	4	2	3	3	4	4	2	4	4	1	1	-0.892104091355068
T04886	1	1	1	3	4	5	4	5	2	2	1	-0.7133024010062013
T04887	2	3	4	1	2	4	4	2	3	3	1	-0.40460136274836517
T04888	5	4	3	4	5	5	4	4	3	4	2	-0.13047068645826998
T04889	5	5	5	4	4	4	5	5	4	2	2	2.436299525632366
T04890	5	5	4	4	5	5	5	5	5	4	2	2.0630040256751707
T04891	4	4	1	1	2	3	4	2	5	1	1	-0.5532778944769069
T04892	4	5	3	3	2	3	3	5	5	5	2	1.481544302507799
T04893	4	2	0	2	1	2	4	0	2	2	1	-0.4062440064155585
T04894	5	4	4	4	5	5	4	4	3	4	1	-0.055441395903559565
T04895	4	3	2	3	2	4	3	3	4	2	1	0.760159815813189
T04896	5	5	4	5	5	5	5	4	5	5	1	0.29423102868301876
T04897	5	5	5	2	5	5	5	4	4	4	2	-0.05501419792580453
T04898	1	2	3	1	2	3	2	1	4	2	1	-0.02287457658437453
T04899	0	2	3	3	1	3	3	1	1	1	1	1.2733734038150903
T04900	4	4	2	2	3	5	3	1	4	1	1	-1.0547301075302105
T04901	5	2	4	2	4	4	5	0	4	4	1	-0.6333220523544388
T04902	4	4	5	5	3	5	2	4	5	4	1	-0.603988044549016
T04903	4	4	0	3	4	5	4	2	4	2	1	0.027399711940026952
T04904	4	4	4	4	4	5	4	5	4	3	1	-0.6753829104890879
T04905	2	5	4	2	4	5	4	5	3	1	1	-0.8728243254629661
T04906	4	2	3	2	3	4	4	2	5	2	1	-1.024379662143374
T04907	3	2	2	2	2	4	1	2	4	1	1	-0.866648979543625
T04908	2	0	1	2	2	4	1	2	2	1	1	-1.2239347778519658
T04909	5	1	1	1	2	2	4	5	5	1	2	0.3208133815774755
T04910	5	5	5	4	5	0	4	5	5	2	2	-0.11824613956799568
T04911	3	1	1	0	4	5	3	1	4	1	1	0.6709366935725782
T04912	4	5	5	5	5	5	5	4	4	5	2	1.3980686225555452
T04913	4	4	4	4	4	4	5	3	4	2	2	0.10596585587697083
T04914	2	2	2	2	1	1	1	2	1	1	1	-1.5960262831605099
T04915	5	4	5	4	5	5	4	5	5	2	1	0.3974760681632363
T04916	5	4	5	4	5	5	5	5	5	5	2	-0.9753368901198725
T04917	4	4	4	2	4	3	5	4	4	1	1	0.90086836281852
T04918	5	0	5	4	5	4	4	5	5	5	2	1.4259836493004214
T04919	5	4	5	4	2	4	4	4	4	2	1	-0.7206971112463264
T04920	4	1	4	1	4	5	4	4	4	2	1	0.7372544409979664
T04921	4	1	4	3	3	5	4	5	2	2	2	1.5060904555848174
T04922	2	1	1	1	1	3	1	1	4	1	1	0.26159775814406405
T04923	2	1	4	1	4	5	2	3	4	2	1	-0.8294646334213258
T04924	3	1	3	3	1	2	2	2	2	0	1	-0.8173608975728095
T04925	4	2	1	2	1	4	5	2	2	2	1	0.09304671227541902
T04926	2	5	2	1	3	4	2	2	5	4	1	-0.5260161377515482
T04927	4	3	5	4	5	4	5	5	3	2	2	0.05812471572051514
T04928	4	5	5	5	2	5	4	5	4	1	2	0.9077912861970133
T04929	4	4	5	5	5	5	4	5	4	4	1	0.9022795187733677
T04930	5	4	5	2	4	4	2	4	4	4	2	0.05237524588468326
T04931	4	4	5	5	5	5	5	4	5	3	1	0.4772163750109407
T04932	5	5	4	5	5	4	5	5	5	2	2	0.5152417835013137
T04933	5	2	4	5	4	4	5	3	5	5	2	1.4330012744290983
T04934	3	4	2	5	4	5	3	2	2	3	2	0.7643300743571829
T04935	3	3	2	5	2	3	3	4	5	2	1	0.1433826555374974
T04936	5	1	4	4	3	3	5	4	4	2	2	0.2517994874684861
T04937	4	2	4	1	4	4	4	3	4	2	2	0.8329823066462176
T04938	4	1	2	4	2	2	1	2	4	1	2	-0.16130245905575813
T04939	2	1	4	2	5	5	4	0	3	3	2	1.1801152934886643
T04940	5	5	5	4	5	5	4	5	4	3	2	0.7165452905054457
T04941	5	4	5	3	5	5	5	5	5	4	2	1.1467876169766544
T04942	2	3	4	3	4	5	5	1	4	3	1	0.7024561052603027
T04943	4	4	4	3	3	5	5	4	1	3	1	-0.3491024617456187
T04944	5	5	5	5	5	5	5	5	5	5	1	0.35945657827752797
T04945	4	4	4	5	3	4	5	4	4	3	1	0.5882692524860653
T04946	4	4	4	3	3	3	3	3	4	2	1	1.4434210067395412
T04947	4	4	2	5	4	5	4	3	4	2	2	1.1746393920585738
T04948	5	5	2	4	5	5	5	5	5	4	1	0.33191792261849795
T04949	5	5	5	0	5	5	5	5	5	5	1	0.8652457854758824
T04950	5	3	5	4	4	4	4	4	5	5	2	1.0914358795059296
T04951	0	1	2	1	1	3	2	3	1	1	2	-0.47619301407176157
T04952	5	2	4	3	4	5	5	5	5	2	1	0.057882637130586057
T04953	4	5	4	3	5	5	4	2	4	4	2	0.8281178010893127
T04954	2	4	2	1	4	5	4	5	5	2	1	-0.6307353421645732
T04955	5	4	5	4	5	5	4	4	4	2	2	0.09268062428840035
T04956	5	4	4	2	5	4	4	4	2	1	1	0.32945191904723464
T04957	4	4	1	4	4	3	4	5	5	4	2	0.12438243720761932
T04958	5	4	4	2	3	4	4	4	3	2	1	0.9790960521821984
T04959	5	2	4	4	2	4	2	2	2	2	2	0.8356800411778792
T04960	5	2	2	5	5	5	4	3	5	2	2	1.4831263195953746
T04961	4	1	4	2	2	4	2	2	4	1	2	0.5251402735952222
T04962	4	4	5	3	4	3	5	5	2	3	2	0.781684192111147
T04963	3	1	5	4	2	3	3	4	3	2	2	-0.3112219351821545
T04964	4	3	1	4	5	5	4	5	4	4	1	-0.49914999055622067
T04965	5	5	5	4	5	5	4	5	5	3	2	0.05889344093492943
T04966	5	5	3	3	4	4	4	4	5	1	2	-1.342691372043554
T04967	4	5	5	5	4	4	5	4	4	3	2	1.0370056326215054
T04968	3	2	1	2	3	5	1	4	4	3	1	-1.1988490133269436
T04969	4	3	2	2	0	3	4	2	4	3	1	-0.676355876301163
T04970	4	4	2	3	2	5	4	2	1	4	2	0.7390930514763149
T04971	4	5	5	4	5	5	5	5	4	4	2	1.081541850017347
T04972	3	4	3	4	2	3	2	3	4	3	1	-0.542194644050788
T04973	0	5	5	4	5	4	4	5	5	5	1	-0.2539047415950758
T04974	4	4	3	2	4	4	2	3	4	3	1	-1.4324418965076609
T04975	4	2	5	5	4	5	5	2	5	4	1	0.473799236642317
T04976	5	2	2	3	3	4	3	4	3	4	2	0.3234590054614484
T04977	5	5	2	4	4	3	4	5	4	3	1	-0.4667124421787411
T04978	3	4	4	2	5	4	3	1	4	2	2	1.064132661652152
T04979	5	4	5	4	2	4	5	5	5	2	2	0.8443691976170562
T04980	4	4	4	2	4	5	5	4	4	4	2	1.6750310827937498
T04981	5	2	5	4	5	5	5	5	5	2	2	1.2678721860862636
T04982	3	5	4	2	2	3	4	4	5	3	1	0.4511953424449894
T04983	2	4	4	2	3	4	0	1	4	4	1	-0.012435100758115394
T04984	3	4	2	2	2	4	4	4	1	4	1	1.1704289662291396
T04985	5	5	2	5	3	5	4	5	5	5	2	0.37218201758879477
T04986	4	4	5	5	5	4	4	4	4	2	2	-0.055190851967505394
T04987	3	2	4	1	0	2	3	1	2	1	1	-0.4123120055316083
T04988	4	4	5	2	4	4	5	5	4	5	1	1.099541059021277
T04989	4	4	4	1	1	3	2	5	4	3	1	-0.8766453336976189
T04990	5	5	4	5	3	5	4	5	5	5	2	2.0922721681641656
T04991	4	4	4	5	2	4	4	2	4	5	1	-0.46692853205718715
T04992	3	2	4	2	2	3	3	2	4	2	2	0.16993043834783883
T04993	5	4	5	3	5	4	4	4	5	5	1	0.7825105458978656
T04994	4	3	4	5	3	3	2	4	4	2	2	0.9864931131255139
T04995	5	4	4	4	4	5	4	2	5	3	1	-1.015851958071253
T04996	4	5	5	3	4	5	5	5	5	5	2	0.44176715775869857
T04997	5	4	2	3	5	3	4	4	5	3	2	0.1432980063594238
T04998	3	5	5	4	4	5	3	4	4	4	2	1.796175612940452
T04999	4	4	5	2	4	1	2	3	2	2	2	-0.37960213088417066
T05000	3	1	3	1	4	4	3	2	2	2	1	-0.6287077404010917
T05001	5	3	4	4	4	5	5	5	5	5	2	0.2076800661551621
T05002	3	4	3	2	2	2	3	4	1	1	1	0.5179376014375119
T05003	2	1	2	2	2	4	1	2	4	4	1	-0.5844728935250402
T05004	4	5	5	3	5	5	5	4	4	4	1	-0.22023248833255993
T05005	5	4	2	2	4	4	4	4	5	4	1	0.8377407812845363
T05006	5	5	5	5	5	5	5	5	5	2	1	0.6614434853224764
T05007	4	4	2	2	4	4	2	2	4	2	2	-0.1284602173102113
T05008	5	3	2	3	2	2	4	4	4	1	2	-0.29276818260492754
T05009	5	1	1	4	2	3	2	4	5	1	1	-0.8776559881503436
T05010	4	2	2	2	2	4	3	3	2	1	1	-0.3198954259741314
T05011	4	5	4	2	3	4	5	4	5	3	2	-1.216600956898111
T05012	5	5	4	5	4	4	5	4	5	5	2	0.7385405291665688
T05013	4	1	2	1	4	3	2	1	5	1	2	-0.5040880920674038
T05014	1	1	1	1	1	4	2	3	3	3	1	-0.7395931662530405
T05015	4	4	5	2	2	4	4	4	5	1	1	0.3161622919643544
T05016	4	4	2	2	4	4	2	3	4	2	1	-1.0233316583044327
T05017	5	4	5	3	4	4	2	4	1	4	1	0.6054733037852311
T05018	5	5	5	5	4	4	5	5	5	5	2	2.296008972243062
T05019	4	3	2	2	3	5	3	4	4	2	1	0.8918001370559809
T05020	5	4	4	5	5	4	2	5	4	2	2	1.4991239922370316
T05021	5	4	4	4	5	5	4	3	5	3	1	1.556465040867837
T05022	4	5	4	5	5	5	5	5	5	5	1	-0.3277437026914698
T05023	2	1	4	3	2	3	3	2	3	2	1	-0.8632693424590024
T05024	4	4	2	4	4	4	2	3	2	2	2	0.14549269756830455
T05025	5	5	3	5	5	3	5	2	5	5	2	0.07652609503100738
T05026	5	3	4	2	4	4	4	4	4	4	1	-0.38468261223130706
T05027	4	3	4	5	4	4	4	2	5	2	2	1.5865893943621856
T05028	4	5	1	2	1	2	4	4	4	0	1	0.6903497579127467
T05029	4	4	2	2	2	2	2	3	5	2	1	1.2711313330158012
T05030	5	5	5	4	4	4	4	5	4	4	2	1.3780407244061004
T05031	2	1	1	2	3	2	2	1	4	2	1	-0.16985037599795905
T05032	4	2	2	1	2	5	1	2	4	2	1	-1.5598446685609038
T05033	5	4	5	0	3	4	5	4	4	2	2	1.4575404942986152
T05034	4	4	2	2	4	5	4	4	4	1	2	0.11685756676462788
T05035	5	5	5	4	4	5	5	4	5	4	2	1.4692644338055987
T05036	2	1	2	3	2	4	1	1	4	5	1	-1.4950602723099837
T05037	5	5	4	3	4	3	3	3	4	2	1	-0.41015464829485576
T05038	1	2	1	2	2	5	3	1	1	2	1	-0.3336297521966951
T05039	3	1	5	2	5	4	5	4	4	4	1	0.6672457243339583
T05040	2	1	4	1	1	3	1	0	1	1	2	-1.034594129672369
T05041	4	5	4	4	5	5	4	5	5	4	2	0.5187607728618437
T05042	5	0	3	3	4	5	2	4	5	3	2	-0.6378361593680141
T05043	3	2	3	5	4	5	4	3	3	4	1	0.10308477196730342
T05044	4	2	4	2	2	4	1	4	5	2	1	-0.28568032696230733
T05045	5	5	4	5	5	4	5	5	5	2	2	1.6587967108988617
T05046	5	4	5	3	5	4	4	5	5	4	2	2.2098251357917453
T05047	4	4	4	2	4	4	3	4	4	1	1	-0.6845977486481529
T05048	4	4	2	3	2	2	4	2	5	2	1	0.45820862120280625
T05049	1	4	4	3	5	4	5	5	4	2	2	-1.1312134319659661
T05050	4	3	3	3	4	4	4	4	4	3	2	-0.3366418919710832
T05051	2	1	5	2	3	5	4	2	4	2	1	0.8980526949253922
T05052	4	4	2	2	4	5	5	4	4	3	2	0.28353226099253964
T05053	4	4	4	4	3	3	5	4	4	4	1	-0.29583564233309234
T05054	4	5	4	3	0	5	5	4	5	3	2	2.2329381561245976
T05055	4	1	4	2	4	4	4	5	4	1	2	0.3886034728175978
T05056	4	3	4	3	3	5	4	5	2	4	1	0.17969416626967483
T05057	4	2	3	3	2	4	3	3	2	2	1	-0.3172442370035462
T05058	4	4	5	2	4	5	5	5	5	5	2	1.0588448037730092
T05059	5	4	3	3	4	4	4	4	2	4	2	-0.8428005174396951
T05060	1	4	4	1	1	3	4	2	2	2	1	-0.8999595118842547
T05061	3	4	4	4	4	2	2	3	3	3	2	-1.2738296597613006
T05062	4	2	3	2	2	3	2	2	4	1	1	0.03369301756801579
T05063	4	4	4	5	5	5	5	5	0	3	2	0.5874869206045513
T05064	5	4	5	3	3	4	4	3	5	3	2	0.40678225285825753
T05065	4	2	2	4	5	4	4	4	5	4	2	-0.4653440641018922
T05066	5	4	5	4	4	5	2	4	5	3	2	0.7213916096460239
T05067	5	0	5	3	4	5	5	4	1	4	2	-0.35391449278401954
T05068	2	2	3	2	4	3	3	4	1	2	1	-0.03775923183543617
T05069	5	4	4	2	5	4	4	2	5	4	1	0.5407858295333681
T05070	5	4	5	4	5	2	4	2	4	3	2	0.5947387094590985
T05071	4	4	4	2	4	4	4	3	5	4	1	-0.48931319306554005
T05072	2	5	3	2	4	3	3	2	4	5	2	0.25105708171316526
T05073	4	5	5	2	5	4	5	4	4	4	2	1.1310655514860273
T05074	5	4	5	5	3	5	4	5	4	5	2	-0.018785202424371927
T05075	4	4	5	4	4	5	4	4	5	5	2	0.2946725915778601
T05076	5	4	4	3	4	5	5	5	4	2	1	1.004499323930736
T05077	3	4	2	2	4	2	3	2	1	2	2	0.08918820682606542
T05078	3	2	5	2	2	4	3	1	1	5	1	-0.5582155583607499
T05079	5	4	5	5	5	3	4	5	4	4	2	-0.8664067954690537
T05080	4	4	3	4	2	0	5	4	4	5	2	1.728413504243624
T05081	5	5	4	3	4	4	4	4	4	3	1	-0.12426398511566705
T05082	5	3	5	5	2	5	4	4	5	3	2	2.4200426481997726
T05083	5	5	5	4	5	5	4	5	5	4	2	0.8885733575327159
T05084	5	2	4	2	3	5	4	3	5	1	1	0.6072904926223531
T05085	4	2	4	1	3	3	2	1	4	2	2	-0.31107720778830406
T05086	3	4	1	1	5	4	3	2	3	2	2	0.3233807467122097
T05087	5	4	4	5	5	4	4	2	5	5	2	0.339801915004565
T05088	5	5	2	5	4	5	5	5	5	2	2	-0.5243847316866161
T05089	4	4	4	4	5	4	3	3	2	2	2	0.3038252620968076
T05090	1	1	0	3	4	5	2	2	3	1	1	-0.5943748597197848
T05091	1	5	3	2	4	5	4	3	4	1	1	-1.2472458344618695
T05092	4	3	3	2	2	2	5	1	4	3	2	0.2133136280899846
T05093	5	3	4	2	3	4	3	2	5	5	1	-0.3754082094417453
T05094	2	2	4	1	3	4	3	1	1	1	2	0.008186220897571057
T05095	3	2	4	2	4	3	3	1	3	2	1	-0.16178856256479482
T05096	4	3	5	5	4	3	4	4	2	2	2	0.807239664714419
T05097	3	5	4	5	5	4	5	5	5	4	2	1.988271392700411
T05098	2	4	5	3	1	4	1	3	3	1	1	0.196075570916656
T05099	5	5	4	4	3	5	5	4	4	5	2	2.6546869626987384
T05100	4	5	4	2	4	4	4	5	2	2	1	-0.5780651577579015
T05101	2	2	2	1	1	2	4	2	4	1	1	0.1963987863255897
T05102	4	4	2	1	4	2	3	2	4	5	1	0.8775065420999555
T05103	4	5	5	4	5	5	5	3	5	5	1	-0.6582898134894102
T05104	2	3	1	1	2	2	3	1	1	4	1	-0.6641658563074825
T05105	4	4	5	1	2	4	2	4	2	1	1	-0.24475810723556163
T05106	5	2	3	1	1	2	1	2	1	1	1	-0.8637754009468689
T05107	5	4	5	5	3	5	5	5	5	3	2	0.5886506489965325
T05108	4	4	4	4	4	4	4	3	5	4	1	1.0268152984295116
T05109	5	5	5	5	5	5	5	5	5	3	2	0.7771407168764495
T05110	5	4	4	3	4	5	4	5	4	3	2	0.048004959337003106
T05111	5	5	5	2	4	5	4	5	4	3	2	-0.37071242321535613
T05112	4	4	4	2	3	5	4	3	3	2	2	-0.720001790931881
T05113	4	2	4	2	2	1	3	3	2	2	1	-1.0592853192099914
T05114	4	5	2	4	2	5	5	4	5	3	2	0.7438357945513372
T05115	4	1	4	2	2	5	4	5	5	1	1	-0.14487601716574955
T05116	5	5	4	5	5	5	5	5	4	1	2	1.1769469189863606
T05117	5	4	5	5	3	5	5	4	5	4	2	0.6997114945737559
T05118	4	3	4	2	2	4	2	2	4	1	1	-0.22102313951451522
T05119	4	2	4	2	2	4	4	4	4	1	1	0.04840460126749062
T05120	4	2	4	2	5	4	4	3	5	2	1	0.08362257721081526
T05121	5	1	4	4	2	5	4	2	3	1	1	0.44455993649441966
T05122	5	3	4	5	5	5	5	4	4	4	2	1.5175918478368597
T05123	2	3	4	2	4	2	3	3	4	1	1	-0.7824519319243742
T05124	3	4	5	2	4	4	4	2	4	4	1	0.0670907711519617
T05125	4	5	5	5	5	5	4	4	5	3	2	0.9294343057542607
T05126	4	1	1	2	3	4	2	4	5	1	1	-0.9798331143972985
T05127	4	5	4	2	3	4	3	4	5	2	1	-0.2957595879104107
T05128	5	4	4	5	5	3	3	5	4	5	2	1.5614057730292283
T05129	5	5	5	4	5	5	5	5	5	4	2	1.852359328010619
T05130	4	2	4	4	4	5	5	5	4	4	1	0.19535362812227092
T05131	5	5	5	5	5	5	5	5	4	5	2	0.43516709143518106
T05132	4	1	2	3	4	4	2	4	4	2	2	-1.1772709094845908
T05133	3	2	4	4	3	5	4	3	5	3	2	0.1775893956489608
T05134	5	4	4	3	0	4	4	4	5	4	1	-0.27763978332419326
T05135	5	4	5	3	5	5	5	5	4	5	2	1.6672090238314405
T05136	2	4	1	2	3	4	3	4	2	1	1	0.3419789713609085
T05137	3	2	3	3	1	4	1	1	1	1	1	-1.5146661575695586
T05138	5	5	5	4	5	5	5	5	5	4	2	0.8394289268417456
T05139	5	5	4	5	5	5	5	5	5	5	2	2.050168544846966
T05140	4	1	5	2	2	4	2	1	4	1	1	0.5872778271452211
T05141	2	3	4	4	3	4	5	5	3	4	2	1.637292269030355
T05142	4	5	4	4	3	3	5	3	5	4	2	0.0022009774767974832
T05143	3	2	2	2	1	5	4	2	4	1	1	-0.8742276069035309
T05144	5	0	2	3	2	5	4	2	4	2	1	0.6689676738463426
T05145	3	2	3	2	1	3	3	1	4	1	2	0.9909776722179252
T05146	4	5	4	5	4	2	4	5	5	0	1	1.064381258428187
T05147	4	4	5	3	2	4	4	4	4	4	1	0.33243159482429196
T05148	5	2	4	5	5	5	4	4	0	5	2	1.540709513914524
T05149	5	4	4	1	4	4	4	2	5	4	2	-0.48658202765982017
T05150	3	2	4	1	3	2	2	1	1	4	1	-0.35353916603754676
T05151	4	4	3	2	3	5	3	4	5	1	1	0.15479689848845363
T05152	4	5	5	5	1	5	2	5	4	4	2	0.07717710616302925
T05153	4	5	2	4	5	4	5	4	4	2	2	0.6898426307956194
T05154	4	5	3	4	5	5	5	5	5	5	2	1.9568696507012127
T05155	5	5	4	4	5	4	4	5	4	2	2	0.5684187742324723
T05156	4	0	5	5	2	5	3	1	4	4	1	1.7730955194643587
T05157	5	5	5	5	5	5	4	5	5	3	2	1.704917648328434
T05158	5	5	5	5	5	5	5	5	5	5	2	2.522733805270708
T05159	4	2	4	4	4	4	4	3	5	3	1	1.792284718516845
T05160	4	5	3	3	4	5	5	5	3	5	1	0.3984229153767918
T05161	5	1	2	2	4	4	2	3	2	4	1	1.0374103871782718
T05162	5	4	4	4	3	4	4	4	1	2	2	-1.3520846397542223
T05163	2	1	2	1	1	4	1	1	2	1	1	-2.0002130585229327
T05164	1	1	2	1	1	4	1	1	2	1	1	-0.9892666237154741
T05165	5	4	3	2	5	4	4	3	4	3	1	-0.15893295418480047
T05166	4	4	4	2	5	4	4	5	5	3	2	0.0019736869900334186
T05167	3	1	3	2	1	4	4	3	2	1	1	-0.3535658119682596
T05168	4	4	5	3	4	5	5	1	5	1	1	0.0058489931919677995
T05169	5	3	5	2	3	5	4	1	5	2	2	0.012968945917359365
T05170	4	5	2	1	1	4	3	4	4	2	2	-0.41853037235702084
T05171	4	4	5	2	4	4	4	4	5	3	2	0.37436461934071513
T05172	5	5	4	5	5	4	5	5	5	5	2	0.4349305055232796
T05173	5	2	3	4	2	3	5	5	4	5	2	1.4760603657265534
T05174	5	1	4	3	4	3	5	5	4	5	2	0.4424350160645474
T05175	5	3	4	5	4	4	4	4	4	2	2	1.530669613264986
T05176	5	4	4	4	4	4	0	4	5	4	2	1.1343217573616087
T05177	5	5	2	4	4	4	5	4	4	4	2	1.8667437473802595
T05178	4	4	4	2	5	4	4	4	5	3	1	0.6089614153163023
T05179	5	5	5	5	5	4	5	5	5	4	1	1.7408433670450614
T05180	2	4	4	4	4	4	5	4	5	1	1	1.4118223783387471
T05181	5	4	4	3	1	2	4	4	4	4	2	0.5007522539430286
T05182	4	0	4	5	4	2	5	3	5	4	2	1.3151862130035505
T05183	5	5	2	3	3	5	5	5	5	5	2	1.2589974241460868
T05184	5	5	5	5	5	5	5	5	5	4	2	1.415653577555637
T05185	5	5	5	3	4	4	5	4	5	1	2	1.8863778400586992
T05186	4	5	2	4	5	5	4	4	4	5	1	-0.19606593613492257
T05187	1	0	5	2	2	4	4	4	3	2	1	0.49561922036664785
T05188	5	4	2	4	4	4	4	2	4	2	2	0.9403633748195761
T05189	4	2	2	2	2	3	2	1	4	1	1	-0.019880333776306436
T05190	4	5	5	4	4	5	5	5	5	5	2	0.8276917490447312
T05191	4	1	2	3	3	5	4	1	4	4	1	-0.8518725379295519
T05192	4	4	5	3	4	4	2	2	4	2	2	-0.4681469239528205
T05193	0	3	4	2	3	5	4	4	4	4	2	-0.24050346955717194
T05194	3	4	5	3	4	5	4	4	4	3	1	-1.0452902165521478
T05195	5	5	5	4	4	4	4	5	5	3	2	0.5886942460764544
T05196	3	2	4	1	3	4	4	1	1	4	1	-0.24255094519604706
T05197	4	5	5	5	4	5	5	5	2	4	2	3.4229215126252415
T05198	4	2	2	2	4	4	4	2	4	2	1	-0.4741176377462786
T05199	5	4	4	4	4	5	5	2	4	4	2	1.036585984502728
T05200	3	1	1	1	4	5	3	1	2	2	1	-1.2059846896199657
T05201	5	5	4	2	3	5	2	5	5	4	2	0.3887976512434581
T05202	5	4	4	4	4	5	4	4	5	3	1	-0.9043419008684356
T05203	5	5	5	4	5	4	5	5	5	4	2	1.7294531399666535
T05204	2	4	4	3	2	4	2	1	4	3	1	-0.8410397910243615
T05205	4	4	5	5	3	5	4	5	5	2	1	0.8488608870161443
T05206	5	4	4	4	4	4	2	4	2	2	1	0.6099343776458259
T05207	4	3	5	3	2	3	3	4	4	2	2	0.3181684226951786
T05208	4	1	4	2	5	5	5	5	5	5	1	1.4067922921803597
T05209	4	4	4	4	5	5	4	5	4	5	2	0.6792085269250078
T05210	4	3	4	5	5	5	4	5	5	5	2	0.5890828413067907
T05211	4	5	5	2	5	5	5	4	5	4	2	1.915298308672523
T05212	4	3	4	3	4	4	4	4	4	2	1	0.8552974020555545
T05213	5	5	4	2	2	3	4	4	4	5	2	-0.4232030499913604
T05214	4	2	2	2	3	2	0	2	3	1	1	0.5919751021267524
T05215	5	4	2	1	4	4	4	2	4	1	1	-0.4085899594142974
T05216	4	2	4	3	4	4	3	2	2	1	1	-0.45363679363411274
T05217	4	3	3	3	4	3	3	5	3	2	1	0.9572780867937822
T05218	1	1	3	1	2	3	3	4	2	1	2	-0.24039535644720167
T05219	4	4	4	2	5	5	3	5	5	5	2	1.3955778390895341
T05220	4	3	1	2	3	4	2	2	1	4	1	-0.45275468291401993
T05221	5	5	4	3	4	5	2	3	4	0	1	-0.011571682304566233
T05222	4	1	4	2	4	4	4	3	4	1	1	0.25871069937138835
T05223	4	2	3	2	5	3	4	3	2	2	1	-0.1702546654222355
T05224	5	5	5	5	3	5	5	5	5	5	2	3.0391634815286714
T05225	4	4	5	2	5	4	4	4	5	2	1	-0.5510671349662735
T05226	5	5	5	4	3	4	4	5	4	3	2	0.8870715023214528
T05227	5	5	5	3	4	4	2	3	4	4	2	0.1315986188078783
T05228	5	5	5	4	5	5	4	5	5	4	1	0.14814147104276515
T05229	5	1	2	2	3	4	3	3	2	3	1	-0.21224616033138807
T05230	4	5	5	4	4	5	3	5	4	4	2	0.1957241783032448
T05231	3	2	4	0	2	3	1	1	4	2	2	1.2017564463824841
T05232	5	2	3	3	4	5	5	5	4	5	1	0.37196782012022345
T05233	4	2	5	3	2	5	2	5	4	4	2	0.4171986820617825
T05234	1	1	3	2	3	4	4	2	1	1	1	0.2515229775305534
T05235	5	2	4	4	4	4	1	3	4	4	1	-1.3449990823258584
T05236	5	4	4	3	0	5	4	4	4	3	1	-1.1435975345011429
T05237	5	1	1	2	4	4	4	5	5	1	1	0.168156588949207
T05238	5	5	5	4	5	4	4	5	4	3	2	0.14053300496160404
T05239	2	1	5	4	2	5	2	4	4	1	2	-0.5935944850764985
T05240	5	5	5	5	5	5	5	5	5	5	2	1.9021023430058788
T05241	4	5	5	5	4	5	4	5	5	2	2	1.025934481014726
T05242	2	1	4	3	2	4	3	2	5	1	1	0.34817598598858834
T05243	4	5	5	2	4	2	1	4	2	2	1	-0.5617623902581541
T05244	3	4	4	4	4	5	4	5	5	4	1	0.4522149777779424
T05245	4	2	1	4	4	2	4	2	1	1	1	0.2518634630181791
T05246	3	5	4	4	5	5	5	3	5	5	2	1.7677189027342592
T05247	5	4	5	4	4	5	4	3	2	3	2	-0.444693517540674
T05248	4	0	1	2	4	4	3	4	5	3	1	0.7655341114118972
T05249	5	2	4	2	4	5	4	3	2	1	1	1.0656645982507682
T05250	5	5	4	4	4	5	4	2	4	3	1	0.6726463290257966
T05251	3	2	2	2	3	4	3	2	2	2	1	-0.005553715596760295
T05252	5	2	1	2	4	1	1	2	4	2	1	0.732953073048529
T05253	5	1	1	4	1	4	2	3	5	3	2	0.37642794838591376
T05254	3	4	2	2	2	5	2	3	3	2	2	0.7248746380137625
T05255	5	4	5	4	4	5	5	5	5	5	2	0.8005207612153774
T05256	5	5	5	5	5	5	5	5	5	5	2	0.6990365554979686
T05257	4	1	2	2	2	4	3	2	3	1	1	0.5271649814341971
T05258	5	3	4	2	4	4	4	5	4	4	1	0.28353181682259637
T05259	5	5	5	5	5	4	5	5	5	4	2	1.2447013435490202
T05260	1	2	2	2	2	2	3	1	3	2	1	-0.7515529938235527
T05261	5	4	3	1	5	0	4	2	4	0	1	1.676884519467392
T05262	4	4	3	3	4	5	5	4	5	5	2	0.9405636160700722
T05263	4	4	1	3	4	5	4	4	5	2	1	0.22053331427247186
T05264	4	5	3	3	4	2	1	2	4	3	1	-0.13698954269506003
T05265	4	5	5	4	5	3	4	4	5	3	2	1.4139150413027548
T05266	2	2	4	2	2	2	2	2	2	1	2	-0.3493503286969094
T05267	3	5	4	3	5	5	4	3	5	3	2	0.5604356029448888
T05268	4	1	4	3	5	5	3	4	2	2	1	0.0904119836854895
T05269	4	5	5	4	4	4	5	5	4	5	2	-0.9857334160989699
T05270	5	5	5	5	5	5	5	0	5	4	2	0.3529730675365672
T05271	4	5	5	2	5	4	5	5	4	2	2	1.3491233358233277
T05272	5	5	5	4	4	4	4	4	4	2	1	0.8443104753501041
T05273	5	3	4	3	5	4	2	5	5	4	2	-0.5708229767303317
T05274	4	4	2	2	2	5	4	2	3	2	1	0.21578866090119997
T05275	2	2	2	3	1	4	4	1	2	1	1	-0.9291576522202016
T05276	4	4	5	4	2	5	5	5	3	2	1	-0.2364853400406589
T05277	2	4	2	2	4	5	3	2	4	2	2	0.32573890797373556
T05278	3	1	4	5	2	4	2	2	2	2	2	-0.7325654211457073
T05279	3	1	2	2	2	4	3	2	2	3	1	0.3092105739631109
T05280	5	4	5	5	5	5	5	5	5	5	2	1.8258611044402073
T05281	5	5	5	5	5	5	5	5	4	5	2	1.2461764242783486
T05282	4	4	4	4	3	5	4	4	5	4	1	0.6139380144023483
T05283	5	1	2	3	4	5	4	2	5	4	1	0.8573682748693972
T05284	5	3	4	2	4	5	3	3	5	2	1	-0.607793078224386
T05285	5	5	3	3	4	4	5	4	5	2	2	1.171162070238281
T05286	2	3	5	5	5	4	5	4	4	2	2	1.2401189948518823
T05287	5	5	4	4	5	5	3	4	4	4	2	-0.24153181054189643
T05288	4	5	4	4	5	5	4	5	5	4	2	1.4318355751888143
T05289	4	4	4	2	5	4	5	5	5	1	2	0.981712765829484
T05290	5	5	5	4	5	3	5	5	5	4	2	0.9340151997739878
T05291	4	5	4	5	5	5	5	3	5	5	1	1.7722913281603345
T05292	5	5	4	3	4	4	5	4	5	4	2	2.2375657205739348
T05293	5	2	2	2	5	4	5	3	4	2	1	-0.5342465978742599
T05294	5	4	4	3	4	5	4	5	4	4	2	0.7938914054322987
T05295	4	5	0	3	4	4	4	4	0	5	2	1.2626137703693732
T05296	2	2	2	2	2	1	2	1	1	1	1	-0.45945777681631994
T05297	5	4	4	4	5	5	5	5	5	2	2	0.659469722669219
T05298	5	4	4	4	4	5	4	4	5	4	2	0.20759646346646488
T05299	4	3	4	4	2	5	4	5	4	2	1	-0.8247905910158846
T05300	2	4	2	1	2	4	5	1	2	3	2	-0.7001612842524542
T05301	2	1	1	1	1	3	2	2	2	1	1	-0.46585504366367253
T05302	2	3	4	2	4	4	2	2	4	2	1	0.6217818390198193
T05303	4	3	4	1	4	5	2	4	3	2	1	-0.508414791375083
T05304	4	4	4	2	3	5	5	2	5	4	2	0.8186411914930298
T05305	3	2	4	2	3	5	2	2	5	4	1	-0.08943024198138344
T05306	5	5	5	4	5	4	5	4	5	5	1	2.3573313928553463
T05307	4	2	5	2	3	4	1	1	2	1	1	-0.27567489573204007
T05308	4	4	4	2	3	5	4	5	5	2	1	-0.8659013266321988
T05309	5	4	3	3	5	4	2	5	5	4	1	-0.5271972812308641
T05310	5	5	5	5	4	5	5	4	5	5	2	1.4986852347475752
T05311	3	3	5	3	2	3	5	2	2	2	1	-0.0028665578513955015
T05312	3	2	1	2	4	5	2	1	4	2	2	1.0807185945189683
T05313	4	2	4	2	4	4	5	2	4	4	2	0.42545382330164
T05314	5	1	2	4	3	4	4	2	5	3	2	0.18830446747595203
T05315	2	3	2	3	4	4	3	2	4	2	1	-0.27190009491513567
T05316	4	5	4	2	5	4	4	2	4	1	2	1.469831090545423
T05317	3	1	4	1	5	2	3	3	3	1	1	-0.5358109124308865
T05318	5	4	5	4	4	5	3	5	5	3	1	0.10653731948838922
T05319	5	1	2	1	3	5	3	2	3	1	2	-0.07714480498568752
T05320	5	1	1	2	2	4	3	2	3	2	1	-0.21695946388545587
T05321	4	4	5	2	5	5	5	4	2	4	1	0.9382007253131468
T05322	5	4	4	5	5	5	4	5	4	3	2	-0.2241268212132126
T05323	4	3	5	3	5	4	4	5	4	4	2	0.2093064140194395
T05324	4	4	2	3	4	3	4	2	4	2	1	1.1331091979676193
T05325	5	3	2	2	5	5	3	5	4	2	2	0.01753840988094718
T05326	4	2	5	3	3	4	4	4	4	5	1	0.33473187668907983
T05327	5	4	4	4	2	4	4	3	3	4	1	-0.02019880223261905
T05328	4	2	4	3	4	5	3	4	5	5	2	1.578635443364847
T05329	4	5	4	2	4	5	2	1	4	2	1	0.9277559449433666
T05330	2	4	1	2	4	4	2	3	4	2	1	0.33999030199946434
T05331	2	1	5	2	1	4	2	3	2	3	1	-1.007736898051792
T05332	5	5	5	3	5	5	5	5	5	5	2	1.2813310371615458
T05333	4	2	1	1	1	2	2	1	1	1	1	-1.0484270973388492
T05334	4	2	5	1	4	2	4	1	1	2	2	-0.2552783939126363
T05335	1	2	2	2	3	5	4	3	1	1	1	1.8328149126748108
T05336	4	5	4	3	5	5	3	0	4	5	1	-0.25245776441691725
T05337	4	2	5	2	4	5	4	4	2	2	2	-0.2838082920254063
T05338	5	5	5	4	5	5	5	0	5	2	2	1.8253264400407707
T05339	5	4	5	4	5	4	4	2	4	2	2	1.7338732947122393
T05340	5	4	5	5	5	5	5	3	5	3	2	1.4158152027754316
T05341	4	2	4	1	2	4	4	4	4	1	1	-1.345369679822931
T05342	4	4	5	5	4	4	5	3	3	2	2	-0.15374872363529835
T05343	4	3	2	5	5	5	1	2	4	2	2	0.11045068090249688
T05344	1	1	3	1	3	4	3	2	3	1	1	-0.4204341965508167
T05345	5	4	4	4	5	5	4	3	5	4	1	0.06915903597819084
T05346	5	2	4	2	4	5	4	4	4	3	1	1.0036535100834556
T05347	5	5	5	5	5	5	5	5	5	4	2	2.166839093997464
T05348	4	4	5	5	4	4	4	2	2	3	2	0.5501540038607972
T05349	5	2	4	3	2	3	4	1	2	1	1	0.05674491783660032
T05350	3	3	2	3	2	5	4	2	2	5	2	0.9426467200090116
T05351	4	4	4	4	5	4	0	2	2	4	1	0.7225399979782893
T05352	3	2	3	2	3	4	5	3	2	1	1	0.8924062019468674
T05353	4	4	4	2	4	4	4	2	4	0	2	-0.15128266614677727
T05354	4	4	4	2	3	5	4	2	4	2	1	-0.23791687080956953
T05355	4	1	5	4	2	5	3	3	4	2	2	0.6091393237515494
T05356	4	4	4	3	3	5	5	4	5	4	1	0.8990215884766886
T05357	5	4	5	3	2	4	5	2	4	3	1	0.06687963084364812
T05358	5	5	4	4	4	5	5	5	4	3	2	0.34952098733490755
T05359	4	1	4	1	1	3	4	2	2	2	1	0.21708393626635578
T05360	4	3	4	3	5	3	4	5	5	2	2	0.320798870592436
T05361	5	5	4	4	0	3	5	5	5	4	2	0.5082542635888126
T05362	2	2	4	3	1	5	4	1	4	4	2	-0.49304664106583135
T05363	3	3	4	2	5	5	4	2	5	3	2	0.2727283383004129
T05364	4	4	5	4	2	3	4	5	3	4	2	1.664381929710372
T05365	2	4	2	4	2	5	2	3	3	2	2	-1.500011797684033
T05366	3	2	4	4	3	4	5	4	2	1	2	0.9777819959176011
T05367	3	4	4	2	2	5	2	2	4	2	2	0.5659027282184892
T05368	3	3	4	1	2	5	1	4	4	2	2	0.35493856136740537
T05369	1	1	3	2	2	5	2	3	1	1	1	-1.3058352994351914
T05370	2	3	2	3	2	4	4	4	5	1	1	-0.33128653461382396
T05371	1	4	3	2	2	5	2	1	3	1	1	0.15474285218159722
T05372	5	4	4	4	4	4	4	5	5	5	1	0.5285570511522233
T05373	3	5	5	3	2	5	4	5	4	4	2	1.2134209406884044
T05374	5	5	4	3	3	0	4	2	5	3	1	0.4778758166431147
T05375	5	4	2	3	4	4	4	4	4	3	1	-0.628292347859774
T05376	4	4	2	2	4	4	1	4	4	2	1	-0.44906242778153266
T05377	5	5	4	5	5	5	5	5	5	4	2	1.3392461178619082
T05378	4	4	4	3	5	5	4	2	5	3	1	-0.6341628715906876
T05379	5	5	4	4	4	5	4	5	5	4	2	1.0856694763671622
T05380	5	4	5	4	5	5	5	5	5	3	2	0.6030227056656258
T05381	4	3	2	3	4	5	4	4	2	1	2	-0.23931511622967844
T05382	2	2	4	2	4	5	2	4	4	3	2	0.5942915772207928
T05383	5	2	4	3	2	4	2	3	4	1	1	1.177957377196376
T05384	4	4	4	2	4	4	4	5	0	2	2	2.298579580604021
T05385	4	4	3	2	2	2	5	4	3	3	1	0.010387591216547643
T05386	0	4	4	5	4	5	5	3	5	1	2	2.2904328959193125
T05387	4	2	4	3	2	5	3	4	3	2	1	-1.4329493135717466
T05388	4	2	5	1	2	5	4	1	5	1	1	0.19242618692473204
T05389	3	2	4	2	4	5	3	2	4	4	1	0.3955321673411922
T05390	5	3	5	2	4	4	4	5	5	4	1	0.7694722183417505
T05391	4	4	2	3	4	2	4	4	2	2	2	1.0182525782997645
T05392	3	4	4	4	4	3	4	3	2	3	2	1.0458592343745363
T05393	0	4	5	4	4	5	5	5	5	4	2	1.0884799172012576
T05394	5	5	5	4	4	5	4	4	5	3	2	1.5123064555837922
T05395	5	5	5	5	5	5	3	4	4	3	2	-0.11524746830254984
T05396	4	3	2	3	5	4	3	4	3	4	1	-0.2675273246061703
T05397	5	5	5	5	0	5	5	5	5	5	2	0.9546299855392172
T05398	5	5	5	2	4	5	5	4	5	3	2	0.31658301071620165
T05399	4	2	5	4	4	1	4	2	3	2	1	0.09165614884687823
T05400	5	4	5	2	2	4	3	4	4	3	1	0.5872218332109499
T05401	5	5	4	5	5	5	5	4	5	5	2	0.4438529738272202
T05402	5	4	5	4	5	5	5	5	3	5	1	1.1100916207209344
T05403	5	5	5	4	5	5	5	5	4	5	2	1.1232201653444402
T05404	4	5	4	3	5	5	5	5	4	5	2	-0.5898051554974146
T05405	1	3	2	5	5	3	4	2	4	2	1	-0.15244821987658172
T05406	3	4	4	5	4	3	3	3	2	1	1	0.2194518854501627
T05407	5	4	5	5	3	4	5	3	5	4	2	0.5855033659623554
T05408	5	5	4	4	1	5	5	4	4	3	1	0.18775214629996007
T05409	5	4	0	4	5	5	5	4	4	2	2	2.019174730835992
T05410	2	2	2	3	4	5	2	2	4	1	1	-0.9569626294368145
T05411	2	4	2	2	5	3	2	5	4	1	1	-0.5728483573295138
T05412	5	1	2	2	4	5	1	2	5	4	2	0.04921604853781114
T05413	3	1	4	2	5	4	4	2	2	1	2	-0.030316702160751552
T05414	5	5	5	5	5	5	5	5	4	5	2	0.8927178494770965
T05415	2	5	3	4	2	4	4	3	2	4	2	0.7793812272007962
T05416	5	5	4	2	4	5	4	3	5	4	2	0.5912106420043718
T05417	1	2	4	2	3	3	3	2	4	2	1	-0.6662266675278266
T05418	2	1	1	2	1	3	2	2	4	1	1	-0.712348869884131
T05419	4	5	4	4	4	5	4	4	4	2	1	-0.2151883530768023
T05420	5	2	5	3	2	4	4	5	5	1	2	-0.3271340485543134
T05421	3	2	2	1	2	3	1	2	3	1	1	-1.3085010733310565
T05422	3	4	4	2	2	4	4	3	3	4	1	-0.4052420694368404
T05423	5	5	3	4	5	3	4	4	4	5	2	0.504770805632397
T05424	4	2	1	5	4	3	2	1	2	2	2	-0.5992023616412347
T05425	5	5	4	4	5	5	5	3	4	4	1	0.9714113539967544
T05426	4	3	5	2	5	5	3	2	5	3	2	0.031447815747020436
T05427	4	3	4	5	5	5	5	5	5	5	1	1.3616563145757739
T05428	5	4	5	4	4	5	5	5	5	4	1	0.8181300776920288
T05429	4	5	4	3	5	5	5	5	2	4	1	-0.43791039145708255
T05430	5	4	4	4	4	4	5	3	5	4	1	-0.7997695699267338
T05431	4	2	5	3	4	5	4	5	4	3	1	1.8462675199895657
T05432	5	5	5	5	2	4	5	4	4	3	1	0.027842399720363398
T05433	4	2	5	3	4	5	3	3	4	2	2	1.4147550689194752
T05434	5	0	4	4	4	4	5	5	5	2	1	1.561593124253775
T05435	5	4	2	3	3	5	2	4	2	5	1	-0.41700659620701286
T05436	4	4	4	4	5	4	4	4	4	4	2	0.6223965701425819
T05437	5	3	4	3	4	4	4	5	4	5	2	-0.01189706779387889
T05438	5	2	4	3	3	3	4	4	4	0	1	0.34747717722834776
T05439	5	1	5	2	4	5	5	2	4	1	1	-0.04448704064857856
T05440	4	2	2	3	1	4	3	4	2	2	1	0.37220479398253375
T05441	3	2	1	2	1	4	4	3	3	2	2	-0.1748413972638182
T05442	5	4	4	5	4	3	5	4	4	3	2	0.8840449628239303
T05443	3	2	3	2	1	1	1	2	4	1	1	-1.5986524788251621
T05444	4	4	2	2	3	4	3	4	5	4	2	0.28671271562817785
T05445	1	3	1	1	3	4	2	1	2	4	1	-0.8289849133819577
T05446	5	2	4	2	2	4	2	4	4	1	1	-0.3181844777163554
T05447	3	2	2	4	4	4	2	2	4	2	1	0.9862228911743605
T05448	5	5	4	5	5	4	5	5	5	4	2	1.5607820884423538
T05449	4	2	4	3	3	4	2	4	2	3	1	-0.6724209551009788
T05450	3	5	4	3	5	5	4	4	5	4	2	0.045436288198256736
T05451	4	4	5	4	4	4	3	3	4	2	1	1.0495873487756193
T05452	5	5	2	1	4	4	4	4	4	3	2	1.7059520713546303
T05453	5	5	2	3	5	5	4	5	5	2	2	0.49171849230531817
T05454	2	5	3	2	4	0	2	2	4	2	2	-0.39045935797032816
T05455	4	1	3	2	3	4	4	2	3	2	2	1.0886712040087994
T05456	0	2	2	2	3	5	5	2	3	2	1	-0.17626405346920304
T05457	4	4	0	4	2	5	4	3	4	2	2	-0.7648118464222697
T05458	5	4	3	3	3	5	4	5	5	4	2	-0.5778061357116174
T05459	1	2	3	5	3	5	4	5	2	2	2	-0.1651230550593471
T05460	3	4	2	1	2	3	4	4	3	1	2	0.3789225945814081
T05461	4	1	2	3	5	5	4	5	5	2	1	-0.059928213055816575
T05462	3	3	5	0	5	4	5	4	4	2	1	0.9796830630257818
T05463	5	5	5	5	5	5	5	5	5	5	2	1.6703267243848234
T05464	4	2	2	5	4	5	2	5	5	2	1	-0.0825717956521316
T05465	4	5	4	4	4	4	2	4	5	2	2	0.9814861238105074
T05466	5	5	5	5	5	5	5	5	5	4	1	1.1685738459535489
T05467	5	3	5	4	2	3	4	4	4	1	1	0.3026629905226216
T05468	4	5	5	2	4	3	4	3	4	2	2	-1.168414448490827
T05469	4	3	4	4	5	4	3	2	4	4	1	-0.8369246001944254
T05470	5	4	4	4	4	5	5	5	4	5	2	1.2509618879514353
T05471	5	2	5	3	4	4	0	4	5	3	1	1.030932223386877
T05472	4	3	3	5	4	4	4	2	3	2	2	0.38406926382135276
T05473	5	4	5	3	2	5	4	5	3	3	2	0.012065016820745234
T05474	5	5	5	3	4	5	4	5	4	5	2	0.16142471266137393
T05475	4	3	4	3	5	5	5	2	4	4	2	0.6803350796891356
T05476	5	5	3	5	4	3	5	5	4	4	2	0.7812662734876011
T05477	5	5	5	3	5	5	5	5	5	5	2	1.350213303339593
T05478	0	4	5	5	4	5	5	5	5	2	2	1.25290247135298
T05479	2	2	5	5	4	5	4	5	4	5	1	0.30067058960114573
T05480	3	5	5	5	3	5	5	5	5	4	1	0.3367755850509925
T05481	3	2	5	2	3	3	2	5	4	2	1	-0.02672485569212929
T05482	5	4	3	2	2	4	4	5	2	2	2	0.49644042448102577
T05483	5	4	2	4	4	4	5	4	4	4	2	-0.19184411357975706
T05484	5	5	3	4	2	5	5	4	5	4	1	0.08839156192125752
T05485	4	4	5	4	5	3	3	3	4	4	2	0.8786460895850049
T05486	5	4	4	2	2	5	4	3	5	2	1	1.112559189589168
T05487	4	3	3	2	5	5	4	4	2	5	2	-0.03579121191977552
T05488	4	4	4	3	5	5	5	3	5	2	2	2.304394927072563
T05489	4	2	4	4	4	4	2	4	4	2	2	1.1348223014963839
T05490	5	4	4	2	4	4	3	4	4	2	1	-0.40060529479135554
T05491	4	2	1	4	1	4	2	3	4	2	2	1.0035956483391362
T05492	4	4	5	3	0	4	3	5	4	3	1	-0.2390153631572019
T05493	3	5	4	4	4	5	5	4	4	3	2	0.4523424458548466
T05494	2	2	4	4	2	4	4	5	4	2	1	-1.0955780299161413
T05495	3	2	3	3	3	4	3	4	4	4	2	0.6004521370482199
T05496	4	2	5	2	5	4	5	4	5	4	1	0.9907797617584475
T05497	4	4	4	4	2	4	4	4	4	4	1	0.42820165484682027
T05498	5	2	4	4	4	4	4	2	4	2	1	-0.3102776737095016
T05499	4	1	3	2	4	5	4	4	4	3	1	-0.0041272283486991496
T05500	5	5	4	2	4	5	4	5	4	4	2	0.9916280614020208
T05501	5	5	4	5	4	5	5	4	4	4	2	1.7356654588002278
T05502	5	5	5	4	4	4	5	4	5	4	1	0.24660893343395401
T05503	5	5	5	5	5	4	5	5	5	5	2	0.8235038072302168
T05504	5	5	5	4	5	4	4	5	5	5	2	0.42430679252316506
T05505	4	2	3	0	4	4	4	0	2	2	1	0.7121278373185631
T05506	5	5	5	2	4	4	4	4	4	2	2	0.8509084954775934
T05507	5	4	3	4	5	5	0	5	5	3	2	-1.645803671819604
T05508	4	4	2	4	5	4	4	5	4	1	1	1.1960052235572967
T05509	5	4	5	2	5	4	4	5	5	5	1	1.5418666217231594
T05510	4	4	5	5	4	5	5	5	4	5	2	0.39367959347331294
T05511	3	3	3	4	2	3	4	4	4	0	1	0.5395219558423225
T05512	4	1	1	3	1	4	3	2	4	4	1	-1.7090339349709474
T05513	5	5	2	3	5	5	4	4	4	4	2	-0.8693282047718554
T05514	4	3	5	3	2	4	3	5	3	4	2	-0.46092132116338624
T05515	3	4	2	2	3	5	4	3	4	4	1	0.2712704385536002
T05516	5	3	5	2	2	4	4	5	4	1	1	1.5366761843271157
T05517	2	4	4	2	4	5	4	1	3	2	1	-0.7123196085262569
T05518	5	5	4	4	5	5	4	5	5	4	1	0.7885601486159803
T05519	4	1	5	2	3	5	1	3	2	1	2	0.7895947049546763
T05520	4	4	1	1	4	5	4	4	3	2	2	1.7405079002206623
T05521	4	4	2	2	2	5	4	2	4	2	1	-1.796834767013674
T05522	4	4	5	3	2	3	2	1	3	2	2	0.48872312811096585
T05523	5	1	4	1	4	4	5	2	2	4	1	-0.3635808246369725
T05524	2	2	4	2	2	4	5	3	2	3	1	-0.8447286524545181
T05525	1	2	4	1	1	3	2	1	1	0	1	-0.638490395068534
T05526	3	2	3	3	3	4	2	2	3	1	2	0.20837496949514486
T05527	4	3	2	4	3	5	4	3	5	4	1	1.2464591781147458
T05528	4	3	5	5	5	5	4	2	4	1	2	-0.09158634204645966
T05529	2	1	1	1	2	5	1	1	1	2	1	0.4195324369077116
T05530	4	2	5	2	2	5	4	1	2	2	2	0.5755099008012547
T05531	5	4	5	1	5	5	5	4	4	4	1	0.7805554429245782
T05532	5	5	4	5	4	5	4	5	4	5	1	0.9687589534435006
T05533	2	2	3	1	2	2	2	2	2	2	1	0.3359839672313991
T05534	2	3	2	1	5	5	4	4	5	3	2	1.242650022168292
T05535	4	4	4	4	4	2	4	4	4	2	1	0.06864921905258484
T05536	4	4	5	3	4	2	2	4	4	2	2	0.48099167289630473
T05537	4	5	5	5	5	4	5	4	4	5	1	1.4308239440346777
T05538	4	4	4	5	5	5	4	2	4	3	1	0.2423807669305844
T05539	3	3	2	1	1	5	4	2	3	1	1	0.8579309575594514
T05540	5	3	5	5	4	5	4	5	5	2	2	1.0963992765275021
T05541	4	0	3	3	3	3	5	2	4	2	1	1.2941949858972377
T05542	4	2	4	2	2	4	2	4	3	4	2	-0.15973846091185842
T05543	4	3	4	4	5	4	3	2	4	2	1	-0.2758163838752047
T05544	2	2	4	4	4	4	2	2	3	3	1	-1.157348528323596
T05545	5	5	5	5	5	5	5	4	5	4	2	0.6472979238347893
T05546	4	0	1	2	1	4	4	2	2	2	2	-0.36648809327891757
T05547	3	4	5	2	5	5	4	2	5	2	2	-0.0016739714237772318
T05548	5	2	5	3	4	4	4	3	0	2	1	0.5070092105077718
T05549	5	1	4	1	4	5	5	4	4	4	2	0.7116412806312219
T05550	4	1	1	2	1	0	4	4	3	2	1	-0.36562637005559867
T05551	4	3	3	5	2	3	4	2	4	1	1	-0.3188059414767461
T05552	5	5	4	2	3	0	4	4	4	1	2	-0.02209146857864852
T05553	5	4	5	3	2	5	4	4	5	1	1	-0.01835811793719072
T05554	5	5	5	4	3	5	5	5	2	5	1	0.23955345692429114
T05555	1	4	4	5	5	4	4	3	4	2	1	1.5128703338901313
T05556	5	5	5	2	0	4	2	4	4	2	1	-0.49545207780739087
T05557	5	4	2	4	5	5	4	4	1	4	2	0.2630024942756844
T05558	5	4	5	2	5	5	5	4	5	5	2	2.4950337908534204
T05559	4	5	4	5	5	5	5	4	5	2	1	0.7566928180304472
T05560	4	4	3	2	4	4	4	2	4	2	1	0.44900823819452396
T05561	4	1	4	2	2	4	4	4	4	3	2	0.2904706673526267
T05562	4	3	4	2	2	4	4	3	4	1	1	-0.045329943366118106
T05563	3	2	4	2	1	4	4	2	3	1	1	0.6151239558078151
T05564	5	1	4	4	5	2	3	2	3	2	1	0.9782767476291081
T05565	4	4	4	2	2	5	4	4	4	5	1	-0.46639416519134524
T05566	4	1	5	3	4	4	4	4	5	4	2	1.5054676974532841
T05567	3	1	2	2	2	2	2	4	2	1	1	0.5495949017480397
T05568	4	5	4	5	5	5	5	5	5	5	2	-0.04625299221066381
T05569	4	1	2	0	2	3	2	1	2	2	1	-2.4208787900786795
T05570	5	4	2	5	2	0	4	4	4	4	2	1.1197728454096096
T05571	5	5	5	5	5	5	5	5	5	5	1	-0.0192012506168574
T05572	5	4	5	4	4	5	4	5	5	5	2	1.9038972183918714
T05573	4	2	4	2	1	3	0	2	2	2	2	0.7045805543360233
T05574	5	5	5	5	4	5	4	5	4	5	2	1.483903169319544
T05575	5	5	5	4	4	4	3	4	3	5	2	0.72844418081331
T05576	4	1	1	2	2	5	4	4	4	1	1	-0.7138185557267359
T05577	2	3	0	2	3	5	3	4	4	1	2	-0.02912048682809651
T05578	3	5	5	5	4	5	5	4	5	4	1	0.03576181913813037
T05579	3	4	2	5	0	5	3	5	4	2	2	-0.5193361492245505
T05580	2	3	3	2	3	4	4	2	3	2	1	0.6464710006180839
T05581	5	4	2	2	3	4	2	3	3	2	1	0.8036809449187132
T05582	5	5	4	4	4	5	5	5	5	5	1	-0.4706107776068331
T05583	5	4	5	3	5	5	5	5	5	5	2	0.8300588275598568
T05584	4	4	3	3	1	4	1	3	2	1	1	-0.745480348020928
T05585	5	3	3	1	3	3	3	2	3	2	1	0.43330518534365126
T05586	4	4	5	4	4	5	5	5	5	5	1	0.5941102323617269
T05587	5	5	4	3	4	5	5	3	3	4	2	0.8736670647347063
T05588	5	2	2	2	5	4	2	2	4	2	1	-1.5212281546637958
T05589	4	4	5	3	2	5	3	4	0	3	2	1.2404570782020659
T05590	3	2	5	2	5	4	4	0	4	1	1	0.41962425654749147
T05591	3	3	4	2	4	5	3	3	4	5	1	-0.7512572532772309
T05592	4	3	4	3	2	3	4	4	4	2	2	-0.26795808251509823
T05593	5	3	5	3	4	5	4	5	5	3	1	0.4364716324346758
T05594	5	5	5	5	4	5	5	5	5	4	2	0.9412993652817383
T05595	4	3	4	4	4	4	5	5	4	4	1	0.757788774658001
T05596	5	5	5	4	5	4	4	2	3	5	2	0.9626219838533774
T05597	4	5	4	4	5	5	4	4	5	5	1	-0.7398817507183821
T05598	5	5	4	3	4	5	4	2	4	3	1	0.3423998470236993
T05599	5	3	4	3	3	5	4	5	4	5	1	-0.22705057041249094
T05600	5	5	4	4	5	5	5	4	5	0	1	1.1892471701833647
T05601	3	3	5	2	4	5	4	0	5	2	2	-0.8504059229382459
T05602	4	4	4	2	4	5	4	4	4	4	2	1.1387989907372609
T05603	5	5	5	5	5	5	4	4	5	5	2	0.04680557271762986
T05604	4	4	5	3	3	5	5	5	5	1	2	0.9838912424034381
T05605	3	3	3	2	4	4	4	4	3	2	1	0.16139078414150132
T05606	3	4	1	2	2	4	3	2	1	2	2	0.5325807341381796
T05607	4	5	5	2	4	2	4	4	5	2	1	0.5895671088627678
T05608	4	4	4	2	4	5	4	4	5	1	1	0.381589199947545
T05609	5	4	5	4	5	4	4	4	5	2	2	1.4844818125666168
T05610	4	3	4	2	3	4	2	3	4	4	2	0.1661725336378233
T05611	4	4	2	4	4	4	3	2	5	2	1	-0.7648235593982363
T05612	2	2	4	2	4	4	2	3	3	2	1	-0.3048928128745145
T05613	5	4	5	3	5	5	5	0	5	2	1	-0.09708886123489802
T05614	2	4	4	1	3	3	4	4	5	2	1	-0.12714863375512808
T05615	5	4	5	2	4	5	4	4	1	4	1	0.9397577663490001
T05616	5	5	5	2	4	5	5	4	5	3	2	0.8850221525633825
T05617	2	2	2	4	2	5	2	1	4	1	1	0.2670914672741662
T05618	5	2	4	2	4	5	4	4	4	5	2	1.1791451253596323
T05619	4	4	5	4	4	4	4	5	4	3	1	0.07753642745426292
T05620	3	5	5	2	5	5	4	4	4	0	2	0.6688619927402238
T05621	1	1	2	1	1	2	1	3	4	2	1	-0.15938249327454856
T05622	5	4	4	4	5	5	2	1	5	3	1	-1.1640182411769755
T05623	4	5	4	3	4	5	5	4	4	5	1	1.3261910855873071
T05624	5	5	5	5	4	5	5	5	5	5	2	0.053098326476809676
T05625	1	1	2	3	1	3	2	1	1	1	1	-1.2432647977321354
T05626	3	2	2	2	5	4	4	3	2	5	2	0.5429844790467978
T05627	5	5	4	4	4	3	5	4	5	2	2	-0.18312840333586133
T05628	3	4	2	2	2	4	1	3	2	1	1	-0.667065431951207
T05629	5	4	5	4	4	3	5	5	5	3	2	1.5912807286387667
T05630	5	4	2	2	5	5	4	5	4	2	1	0.46394225820285667
T05631	1	1	3	3	2	4	1	1	2	1	1	-1.0238458156344254
T05632	4	2	5	5	4	5	5	5	5	1	1	0.9860044459714699
T05633	4	3	3	4	3	4	4	5	4	1	2	0.5087077760469826
T05634	5	4	2	2	1	0	2	5	4	2	2	0.6978233827819732
T05635	0	1	1	1	2	4	4	2	1	1	1	0.4784777236943225
T05636	5	5	5	5	4	5	5	5	5	4	2	0.24476270219313812
T05637	5	2	4	5	2	4	5	2	5	2	2	1.2474153037011215
T05638	4	5	2	4	5	5	4	5	4	4	2	0.8826171134095981
T05639	5	3	5	5	5	5	4	5	5	2	1	0.8080428792277082
T05640	5	4	5	4	2	5	4	4	5	4	2	-0.18152752171771047
T05641	4	5	5	3	5	4	4	5	4	3	2	0.9710321445466157
T05642	4	5	4	4	3	5	5	5	5	5	2	1.0701631930559075
T05643	4	1	3	4	2	4	5	5	4	2	2	-0.06964910712324313
T05644	2	4	5	5	3	5	3	3	3	4	2	-0.6741128951346075
T05645	3	4	2	2	1	5	2	4	5	2	1	0.3543303329740176
T05646	4	0	5	5	5	5	4	5	4	4	1	1.0962347659967617
T05647	5	0	5	3	4	3	4	4	5	1	1	-0.6875368150485973
T05648	4	3	4	4	1	2	2	4	3	3	2	0.13186294314934266
T05649	4	5	5	4	5	4	4	5	5	5	2	2.326073190317869
T05650	4	5	3	3	5	5	5	5	4	3	1	1.0914733145504796
T05651	4	4	1	4	2	2	4	4	3	4	2	0.8533083997407332
T05652	5	5	5	5	4	5	5	5	5	5	1	1.8328122717732884
T05653	3	2	1	1	1	1	2	1	4	1	2	0.6322979867814659
T05654	2	2	1	1	2	3	2	1	1	1	1	-1.5278576507919968
T05655	5	5	5	5	4	5	5	4	2	5	1	0.37253895837143775
T05656	4	3	5	4	5	4	4	4	5	3	1	1.1300767536019922
T05657	4	4	4	2	4	3	4	4	5	5	2	-0.026345311810345384
T05658	5	4	5	4	5	5	5	5	5	5	2	1.4124634164250764
T05659	2	1	2	2	2	4	1	2	3	1	1	-0.4126431988379569
T05660	2	1	4	3	3	4	4	2	3	2	1	-0.8580444453774454
T05661	3	1	0	1	2	1	1	2	1	1	1	-0.28825357503848703
T05662	4	4	5	4	5	4	2	2	4	2	2	-0.37844883816189573
T05663	5	5	4	3	4	4	4	5	4	4	1	0.3699005277434474
T05664	3	1	2	1	2	5	2	1	2	2	1	-0.6021116682298961
T05665	3	5	4	4	4	3	2	4	5	2	1	0.13242902993512373
T05666	4	3	4	2	4	4	2	2	4	4	2	0.282749057570418
T05667	4	2	4	3	4	5	4	2	3	5	1	-0.9325917531174622
T05668	5	4	5	3	4	5	3	4	5	4	1	-0.033973052425294636
T05669	2	2	4	3	4	4	4	4	3	1	1	0.9606691940544253
T05670	4	4	2	4	4	4	4	2	4	2	1	-0.5237301963430578
T05671	4	0	1	3	2	4	5	2	2	2	2	-0.36981538320760954
T05672	2	2	4	2	5	4	3	3	4	2	2	0.47278888461248497
T05673	5	4	4	5	5	5	5	5	5	5	1	0.4412844060177675
T05674	3	4	2	1	4	3	2	2	1	1	1	0.14541316952031091
T05675	5	4	4	2	4	3	4	5	4	2	1	-0.38911293936071134
T05676	2	1	3	0	4	1	3	4	2	3	2	1.1148076026177411
T05677	4	4	4	4	4	2	4	0	2	3	2	0.8434962749833013
T05678	5	5	5	5	5	5	5	5	5	4	2	1.5180755815097526
T05679	5	2	2	2	5	5	2	3	4	2	2	1.4440088427729139
T05680	5	4	5	5	5	5	3	4	4	4	2	0.34141926351799556
T05681	4	2	3	3	2	4	3	1	2	1	2	0.5015127082835616
T05682	3	2	2	3	3	5	4	3	4	2	1	-1.263046342455927
T05683	5	4	4	4	4	5	4	0	5	3	1	-0.46327197806951026
T05684	4	4	2	5	3	4	2	2	2	5	2	-0.08824348693056006
T05685	4	5	4	2	1	3	2	1	2	1	1	0.7490889266147944
T05686	5	4	1	2	4	5	4	2	2	5	1	0.02711348058543625
T05687	4	4	4	2	2	4	2	4	4	4	1	-1.4426380752188026
T05688	4	5	4	5	5	5	4	3	4	3	2	0.34518423618915817
T05689	5	4	2	5	5	5	5	4	4	5	2	0.6858153004787668
T05690	5	4	5	4	5	5	5	4	5	4	2	2.7222538916041
T05691	4	1	4	3	2	4	2	2	4	2	2	0.6884283986051318
T05692	4	3	5	4	4	4	2	4	4	2	1	0.10190525261352401
T05693	5	5	4	5	4	5	5	4	5	5	2	0.948721512114535
T05694	5	1	2	4	2	3	1	2	1	1	2	0.7282590312380248
T05695	5	5	5	5	5	5	5	5	5	5	2	2.3139352572961496
T05696	2	2	5	2	2	4	5	4	5	1	1	-0.8291066846281049
T05697	5	5	5	2	4	5	4	5	4	4	1	0.6790476536981562
T05698	4	4	2	4	0	5	4	1	5	2	2	-0.31067091562632554
T05699	5	4	5	4	3	5	5	5	5	5	2	2.6992581727606675
T05700	5	5	5	2	4	4	5	4	5	3	1	0.03246574410887337
T05701	5	4	4	1	3	4	3	4	4	2	1	0.43365633448754154
T05702	4	5	5	3	5	5	4	4	4	0	2	1.1418478649356834
T05703	5	5	5	5	0	5	5	0	5	5	2	0.40195616385031174
T05704	3	2	4	2	5	0	3	3	4	1	1	-0.053675977066135264
T05705	4	2	3	1	4	4	3	4	2	2	1	0.9383269058609731
T05706	4	5	5	5	5	5	5	4	5	4	2	1.0927763239128747
T05707	4	5	2	4	2	5	3	3	5	3	1	0.1250963435885688
T05708	5	4	4	5	5	4	5	2	4	4	2	1.6915444619558797
T05709	2	5	4	2	5	5	4	2	5	3	1	0.039157699691944825
T05710	4	1	2	1	2	4	4	4	1	2	1	-0.09917210516952817
T05711	4	3	5	4	5	4	5	5	5	5	2	0.7214130977720223
T05712	2	1	3	2	3	5	3	1	3	2	1	-0.4101853564855379
T05713	3	4	4	0	5	5	4	4	5	2	1	0.28641936917755334
T05714	5	5	5	4	5	5	5	5	4	5	2	1.1968834983763137
T05715	5	5	5	5	4	5	5	4	5	5	2	1.750713853782517
T05716	2	4	5	2	4	4	4	5	5	4	2	0.6019577901252987
T05717	5	5	5	3	4	5	5	0	3	3	2	1.2720250900322618
T05718	4	1	2	4	2	4	2	4	1	1	2	0.16276966897428913
T05719	4	4	4	4	4	5	4	5	3	4	2	0.3844355330061106
T05720	5	4	5	2	4	4	2	5	4	2	1	-0.8475141254929112
T05721	4	1	2	3	3	4	3	2	4	1	1	0.912694589145773
T05722	4	5	5	4	5	5	5	5	5	5	1	0.7811099728512556
T05723	4	4	5	1	5	5	5	2	4	5	1	0.5128558780698328
T05724	2	5	2	4	4	5	1	3	5	1	1	-0.29151551760537475
T05725	3	2	2	2	3	4	4	5	0	4	2	0.3859633088680107
T05726	3	1	2	2	3	5	3	2	5	1	1	0.3318308430735128
T05727	2	4	4	3	4	2	3	4	4	1	1	-1.0354777169144695
T05728	2	2	2	2	3	3	3	4	4	3	2	-0.998790389996969
T05729	4	5	2	3	4	5	4	4	4	2	2	0.5704524023947181
T05730	5	4	4	3	3	4	4	2	4	5	2	0.30728703029616955
T05731	0	2	4	4	2	5	3	3	5	4	1	-0.6392095783561775
T05732	3	4	2	2	3	4	3	2	5	2	1	-0.4082756351592383
T05733	2	2	3	2	2	5	2	4	3	1	1	-1.7189248390363208
T05734	5	0	4	4	5	5	5	5	5	2	2	1.1781817337073393
T05735	3	4	4	2	4	5	4	2	2	3	1	-0.09935110878199221
T05736	5	1	1	4	4	0	4	2	4	2	1	0.6039751291384111
T05737	5	5	5	4	5	5	5	5	5	3	2	1.4021147839220618
T05738	5	5	2	2	2	5	4	3	5	2	1	-0.6651442597366244
T05739	4	3	4	4	3	5	3	4	4	1	2	0.522511602731565
T05740	3	5	4	5	5	5	5	5	4	5	1	1.5186422153940602
T05741	5	5	5	5	5	5	5	5	5	5	2	1.0099991435514455
T05742	5	4	5	3	3	5	5	2	4	3	1	-0.35229902543495417
T05743	4	5	2	1	4	4	4	1	2	3	1	1.2845171469084518
T05744	4	1	1	2	1	3	2	2	4	2	1	1.6783896108740004
T05745	2	4	1	1	2	3	1	2	2	2	2	-0.9118335903519409
T05746	5	4	5	3	5	5	4	3	2	4	1	1.6834147103477202
T05747	5	5	5	5	5	5	5	5	5	5	2	-0.32327051503408555
T05748	2	5	5	5	5	2	4	5	5	3	2	-0.01408514058537813
T05749	4	4	3	2	3	3	4	4	2	2	1	-0.3477246043707162
T05750	5	5	5	2	5	4	5	5	5	3	2	1.6565571871111273
T05751	4	1	3	3	2	4	4	3	2	1	1	-0.21629132019297198
T05752	4	4	4	3	0	5	4	5	4	5	2	1.1150367539688641
T05753	4	2	5	5	5	3	5	3	5	4	1	-1.1276263847949504
T05754	4	5	2	2	2	4	1	5	3	1	1	-1.3136671454480366
T05755	5	1	5	2	4	4	3	2	3	3	1	0.36226035837518555
T05756	5	5	5	4	3	5	5	5	5	5	2	1.8377569445395063
T05757	5	5	5	3	5	5	4	4	4	4	2	2.0382947874595865
T05758	2	1	2	1	1	4	0	2	4	1	1	0.06515095783396829
T05759	5	5	5	5	4	5	5	5	5	4	2	1.8209942209600198
T05760	4	4	3	2	5	4	0	4	5	1	2	0.10749207505702851
T05761	5	5	5	4	5	4	4	5	4	5	2	0.02188029409820036
T05762	5	5	4	5	5	5	5	4	4	3	1	0.23163819770823235
T05763	5	4	4	2	3	0	4	3	4	3	1	0.2678635552338029
T05764	5	4	4	2	5	5	4	5	4	4	2	1.2398539705697769
T05765	5	5	0	5	5	5	4	5	4	5	2	0.6714816669205081
T05766	4	3	4	3	4	3	2	4	5	3	1	-0.32434477528002825
T05767	5	5	4	5	5	5	5	5	4	5	2	1.7397776422569575
T05768	4	2	5	1	4	5	4	2	3	1	1	0.7364420216214227
T05769	5	5	5	5	5	5	5	5	5	4	2	0.214335295220892
T05770	2	2	4	2	3	3	4	3	3	4	1	-0.2471339241377044
T05771	2	2	4	2	1	4	4	2	2	1	1	0.23578704713874082
T05772	1	3	2	2	5	4	3	3	5	1	1	-0.6092982873725703
T05773	5	5	5	4	4	4	5	5	4	3	2	1.218518006059746
T05774	4	2	3	4	3	5	5	2	4	3	1	0.6247267896703436
T05775	5	4	4	3	4	5	5	4	4	4	2	0.7900494300837617
T05776	5	5	3	1	5	4	5	2	3	2	1	1.5794230499181732
T05777	4	2	2	2	2	5	1	4	3	1	1	0.7282690140502515
T05778	4	1	4	2	2	4	2	1	3	4	1	-1.1600851607911078
T05779	5	3	4	4	4	4	5	4	5	4	1	-0.1556659355105045
T05780	2	1	2	2	3	4	4	4	3	1	1	0.3562967513332166
T05781	5	5	4	5	5	5	4	4	5	5	1	-0.007406806890705275
T05782	5	4	4	4	5	5	5	4	5	2	1	1.126271522667191
T05783	5	4	5	5	5	5	5	3	5	5	2	0.8550029097435967
T05784	5	2	4	2	2	1	2	2	4	2	2	0.5892891592509553
T05785	5	0	4	4	5	4	5	5	5	5	1	0.2343796369857391
T05786	3	2	4	1	4	3	3	0	5	1	1	-0.269449701060524
T05787	4	2	5	2	3	4	4	4	2	3	1	-0.4384261036324939
T05788	5	5	5	5	5	5	5	5	5	5	2	2.1016407106723736
T05789	1	4	4	4	5	5	3	2	5	3	2	0.1046285843213085
T05790	4	3	4	2	4	5	4	4	3	4	2	1.178245326830866
T05791	5	4	4	3	4	4	5	4	5	2	2	1.2900075724112532
T05792	5	0	5	0	0	5	4	5	5	3	2	-0.01568861866852378
T05793	5	5	5	4	5	2	5	4	4	5	1	1.3873876296551706
T05794	5	5	5	4	3	5	5	4	5	5	1	1.7650504845343904
T05795	4	2	3	2	2	2	5	1	2	2	2	2.0215026821405617
T05796	5	5	2	2	2	4	3	4	4	5	2	0.05671731948558792
T05797	4	2	4	4	4	3	4	4	4	0	2	0.18088874695095886
T05798	4	5	4	2	4	4	2	3	4	4	1	0.7975547150046004
T05799	4	3	4	2	3	3	2	2	4	2	1	0.7340927497413481
T05800	2	0	2	1	3	3	2	1	1	1	2	-0.9974675867977527
T05801	4	1	5	3	5	4	4	3	1	4	2	0.7347386148758499
T05802	5	5	5	5	5	5	5	5	5	4	2	2.3483835463656306
T05803	5	5	5	1	4	5	4	5	5	5	1	0.2535654916880534
T05804	5	2	2	1	2	2	1	2	1	2	1	-1.6394411912331397
T05805	3	1	2	1	2	4	3	3	3	1	1	0.16329742815668402
T05806	5	2	0	3	1	4	0	2	3	1	1	-1.9527928626668853
T05807	4	5	4	3	4	5	4	4	4	3	1	-0.9599296751407204
T05808	4	4	2	4	2	5	4	4	4	3	1	0.8086435041566815
T05809	5	4	5	5	5	5	5	5	5	4	1	1.6922512459815429
T05810	4	3	3	4	2	2	1	3	4	2	2	0.21359550453818377
T05811	5	5	2	4	5	4	5	5	5	4	2	0.9369907416717723
T05812	4	5	5	4	5	4	4	4	3	3	1	0.25688553399893527
T05813	5	4	4	5	4	5	4	0	4	5	2	0.05743963180864886
T05814	4	4	3	3	5	2	4	2	3	1	1	-0.9032193269094001
T05815	4	5	5	5	5	5	4	5	5	2	2	-0.30132108033224647
T05816	5	4	4	3	4	3	4	5	5	5	2	0.5975522989117571
T05817	4	2	4	4	5	5	5	4	4	4	1	1.3092302715034778
T05818	5	4	5	3	5	5	4	5	5	4	2	1.532389198911217
T05819	5	4	5	3	4	3	4	4	3	4	1	0.3373056873444608
T05820	5	5	4	5	2	5	4	5	4	3	1	-0.5147519026121679
T05821	3	5	5	5	4	4	4	3	5	5	2	-0.3359493084253406
T05822	5	5	2	3	4	5	2	2	3	2	1	-1.4933896471840895
T05823	4	3	5	2	2	3	2	3	3	1	2	0.2485072295514079
T05824	4	1	4	2	2	5	3	2	2	4	1	0.40645850621522717
T05825	4	2	1	4	1	4	4	1	2	2	2	-1.2254294527550071
T05826	5	4	3	4	2	5	1	4	5	3	1	0.36550219686065993
T05827	4	5	2	2	4	4	5	5	2	2	1	0.8882504967860056
T05828	1	4	3	1	2	3	2	2	2	2	1	1.1468244354694166
T05829	5	5	4	4	5	4	4	5	4	3	2	0.4799551947088987
T05830	4	3	2	3	4	4	4	5	5	2	2	0.14012344641217034
T05831	5	4	4	4	5	5	5	5	4	5	2	1.0477043273477045
T05832	5	2	5	2	5	4	4	4	3	3	2	0.988769207273604
T05833	5	4	5	4	4	5	4	5	5	2	1	0.26372504188490137
T05834	5	5	5	3	4	5	5	5	4	5	2	0.8245271201921288
T05835	5	5	5	2	5	4	5	2	5	5	2	1.673982577299023
T05836	2	2	1	1	2	5	4	3	5	1	2	0.3966215521899746
T05837	5	5	3	4	4	5	5	5	5	2	2	1.1539785660148163
T05838	2	2	2	3	4	5	3	3	5	1	2	0.8818649646992015
T05839	5	4	5	3	5	5	3	4	5	2	2	-0.10886094152951276
T05840	2	3	3	2	4	4	5	2	4	2	2	0.16625409339788366
T05841	4	5	4	2	5	5	5	5	5	5	2	-0.3385195589790737
T05842	4	3	1	2	3	5	4	5	4	4	2	1.1055696967447755
T05843	5	4	4	3	4	5	3	4	4	1	1	-1.2517968735592497
T05844	5	5	5	5	5	5	5	5	5	5	2	2.76939848690534
T05845	5	2	3	2	5	5	4	2	2	4	1	-1.5094197138124206
T05846	4	5	2	2	4	5	5	5	5	4	1	0.575128919070273
T05847	5	2	4	2	2	5	4	3	4	4	2	-0.32270677491650146
T05848	4	4	3	4	4	4	4	2	3	1	1	1.6940371210957406
T05849	3	1	4	2	2	4	4	2	3	2	1	0.2843751475795001
T05850	3	4	4	2	4	5	1	2	2	4	1	0.08160317311295051
T05851	3	4	2	3	4	2	5	1	4	5	1	-0.15560917015111572
T05852	4	5	4	2	4	4	3	5	5	3	2	0.5595219872279661
T05853	5	4	5	2	2	4	4	5	4	2	1	0.28454514282078325
T05854	2	2	3	1	1	5	2	2	3	1	2	-0.23242044580044255
T05855	5	4	5	2	4	4	5	4	5	4	2	1.8994906408014218
T05856	4	2	4	2	5	4	4	4	2	2	1	-0.28758012550901063
T05857	5	4	5	5	4	5	5	3	5	5	2	2.2113367164538804
T05858	4	2	4	4	4	3	4	3	4	4	1	-0.7033275570825835
T05859	5	5	3	3	4	5	5	5	5	3	2	0.5955728795810055
T05860	3	2	4	2	1	4	3	4	4	0	1	-0.18864322350491
T05861	5	5	5	5	5	5	5	5	5	5	2	1.7411722119487933
T05862	4	4	5	2	5	5	4	5	5	2	2	0.41378333282526514
T05863	1	2	4	2	2	5	2	2	5	1	2	-0.4256836620200644
T05864	3	3	1	2	2	4	5	3	4	2	2	1.4779012911620468
T05865	5	5	5	5	5	4	5	5	5	5	1	0.6343957515593847
T05866	5	5	5	5	5	5	5	5	5	5	2	1.6147049712153785
T05867	4	4	5	2	3	4	4	4	4	3	1	-0.024264521489470003
T05868	3	1	2	2	2	5	2	4	1	2	1	-0.386519613971773
T05869	5	4	4	5	4	5	5	4	5	2	2	0.7713015668112415
T05870	4	4	5	4	0	5	5	4	4	4	2	1.377402574927665
T05871	5	2	0	3	5	5	4	4	5	1	2	0.35801746964280473
T05872	5	5	5	3	4	5	4	4	4	4	2	0.627900342342024
T05873	5	5	5	5	5	4	5	5	4	5	2	2.125624624731089
T05874	5	4	3	2	3	4	3	4	4	4	2	0.026451653952307835
T05875	4	4	2	4	5	4	4	2	3	4	1	0.05804550161352282
T05876	3	2	4	5	2	5	4	3	3	3	1	-0.8332348787421782
T05877	4	4	5	3	2	5	5	4	5	2	1	1.352787157787155
T05878	3	2	2	3	4	5	1	2	3	2	1	-0.19044294131079958
T05879	4	5	5	4	4	5	5	4	3	5	2	1.5139263871631126
T05880	4	4	1	2	2	2	1	2	4	2	1	-0.4405580166943659
T05881	4	2	2	2	4	2	4	4	2	1	1	-0.25969912133948125
T05882	4	5	5	5	4	4	4	4	5	3	2	0.889353099989782
T05883	3	4	0	3	2	4	3	4	4	5	1	-0.36238341066738333
T05884	5	4	5	5	5	4	5	5	5	5	2	-0.18931708388934188
T05885	3	2	2	3	3	3	2	3	3	4	2	-0.3634578197729835
T05886	4	5	5	4	3	5	4	4	5	4	2	1.154825937283801
T05887	5	1	3	4	4	2	4	5	4	4	2	-0.7662546932268287
T05888	3	2	2	3	2	4	3	1	2	2	2	-0.6986724272467604
T05889	5	5	5	5	5	4	5	5	5	5	2	1.9262135326357104
T05890	3	1	2	2	2	2	3	2	2	1	1	0.14506000974505281
T05891	4	4	4	4	3	5	2	3	4	3	2	-0.06600091963345726
T05892	5	2	1	2	3	4	2	2	3	1	1	0.7861667116970195
T05893	5	4	4	5	3	4	4	4	4	3	1	0.46709616953580124
T05894	5	5	4	4	5	4	5	5	5	3	2	0.9101040369954425
T05895	2	4	0	3	2	4	2	2	1	1	2	0.1950718497357363
T05896	2	2	4	3	2	3	4	2	5	2	1	-0.522281797260943
T05897	4	3	5	3	4	3	5	2	4	2	2	0.7438331846280369
T05898	4	1	4	2	3	3	4	2	3	2	1	0.8349527900161812
T05899	5	4	3	3	4	2	4	4	3	4	2	1.7403972898486244
T05900	3	3	1	3	2	4	5	2	2	1	1	1.5141038278410033
T05901	4	3	4	2	2	3	4	5	3	1	1	0.12326888568507197
T05902	4	3	4	5	3	4	4	4	4	3	2	0.19442346542179406
T05903	5	2	4	3	4	5	4	4	4	2	1	0.4655270820959319
T05904	4	4	4	2	2	3	4	3	3	2	2	0.8309857802946096
T05905	5	3	4	0	4	5	5	4	5	4	2	1.2466725340207685
T05906	4	4	5	3	5	5	4	5	4	1	1	-0.7808716599755328
T05907	5	1	3	3	4	4	2	5	3	4	1	0.12307985184806502
T05908	4	3	5	3	4	4	4	5	4	2	2	0.13806158671783247
T05909	3	4	5	3	4	5	5	4	5	4	1	0.2447549016237056
T05910	3	0	2	2	3	4	1	2	4	1	1	-0.2115264985984961
T05911	3	3	3	2	4	5	4	2	4	1	2	0.547993081764367
T05912	4	2	3	3	2	4	3	4	4	4	1	0.11354634439084832
T05913	3	3	4	2	4	4	2	1	2	1	2	0.266653869002725
T05914	5	5	5	2	2	5	3	5	5	2	1	-0.5924097651525031
T05915	5	1	5	1	5	4	4	4	3	1	1	0.238721863803869
T05916	2	2	5	2	3	4	0	4	5	2	2	0.999185366045326
T05917	4	1	4	1	2	5	2	1	2	1	1	-0.040375922780582274
T05918	0	3	5	4	5	5	5	5	5	4	1	1.0801304321143408
T05919	4	3	5	5	4	4	5	5	4	4	2	1.7047039833961732
T05920	4	5	5	5	3	5	4	3	4	4	2	-0.376192344770786
T05921	4	4	5	4	5	5	4	2	5	4	1	-0.1560975434530113
T05922	5	5	4	4	4	5	4	5	3	5	1	-1.205890392115437
T05923	5	4	4	2	3	4	3	5	4	2	1	-0.42371978021235046
T05924	5	5	4	4	4	4	5	5	5	4	1	0.3278549499570825
T05925	4	4	4	1	4	2	2	5	1	3	1	-1.022757563003086
T05926	5	5	5	4	4	5	4	4	0	5	1	0.41231385498840806
T05927	4	5	4	5	5	5	5	5	5	5	1	0.5492427550330383
T05928	3	1	1	1	2	2	2	1	1	1	1	-1.226074115914764
T05929	1	3	3	4	3	5	4	2	4	2	1	0.6116271199438932
T05930	4	1	2	2	4	5	4	2	5	2	2	1.1913031468397492
T05931	4	2	5	2	4	5	5	4	4	1	2	1.2624581193654112
T05932	4	1	4	2	3	5	3	1	3	2	1	-0.01905675665081827
T05933	4	5	1	4	2	3	1	3	4	4	1	0.40216562419832547
T05934	4	2	4	2	2	5	4	1	5	1	2	1.7428039396005433
T05935	5	1	3	2	1	3	3	2	3	1	1	-0.5493371006079918
T05936	4	2	5	3	4	3	5	5	4	4	2	0.07980446091443716
T05937	5	5	5	5	5	5	5	5	5	4	2	1.3102904931252661
T05938	4	1	2	5	1	4	2	4	5	4	1	-0.5648230672900976
T05939	4	5	0	4	0	5	4	4	5	4	1	-0.5853341648217566
T05940	4	2	2	3	4	3	2	3	4	2	2	0.35435569112795035
T05941	2	1	2	2	2	5	4	4	4	1	1	-1.023610952793883
T05942	3	1	2	1	4	3	3	1	1	1	1	-1.170744384962963
T05943	4	4	5	3	4	4	3	2	4	4	2	1.2648812101462956
T05944	3	2	5	4	2	4	4	4	5	1	1	0.6638551810127861
T05945	5	3	4	2	4	5	4	4	4	4	1	0.491666972306703
T05946	4	2	3	1	2	5	1	2	4	2	1	-2.10366836639833
T05947	4	4	4	3	2	5	4	5	5	2	2	-0.9837063617675577
T05948	5	4	5	4	5	5	4	4	5	5	2	0.5088195749930811
T05949	2	5	4	1	2	4	4	1	4	2	1	0.15501401102474963
T05950	4	3	5	2	3	4	5	4	1	3	2	1.8902483915171198
T05951	5	5	4	4	4	5	4	4	5	4	2	0.8155620028833466
T05952	5	5	4	5	5	3	5	3	5	4	2	1.6718174141332764
T05953	4	1	3	3	3	4	2	2	3	1	1	-0.40514691935342634
T05954	3	4	3	2	4	2	5	4	1	2	1	-0.7194481970391752
T05955	4	4	5	2	3	5	5	4	4	2	1	0.9584454953370225
T05956	3	4	4	4	2	4	4	4	4	1	2	-0.06239724832040272
T05957	5	4	4	4	4	4	4	5	4	4	2	-0.35073674527133303
T05958	5	3	4	3	4	5	5	5	4	5	1	1.120197851012307
T05959	3	1	3	4	4	3	4	4	4	1	1	0.2741884330086303
T05960	5	4	4	2	4	4	4	4	4	4	2	1.113669370240522
T05961	5	4	4	4	5	5	4	5	5	5	2	-0.030082259415642243
T05962	5	5	3	5	5	5	4	5	4	0	2	1.6798589585133659
T05963	3	5	5	4	2	5	4	4	5	1	2	1.2583667224499875
T05964	4	4	2	2	2	3	2	4	1	2	1	0.560891704767374
T05965	3	4	4	3	3	4	4	1	3	2	1	-1.3309308310817656
T05966	5	0	5	3	3	5	4	3	5	3	1	-0.23715685017186394
T05967	4	4	5	4	5	5	5	4	5	2	1	0.04016026231416181
T05968	5	4	5	4	5	5	5	5	4	5	2	1.3086620921923213
T05969	1	4	3	1	4	3	2	1	2	2	2	0.7463258394661919
T05970	4	5	5	0	4	5	4	4	4	2	1	-0.04275586145544835
T05971	4	3	4	2	3	4	3	4	2	2	2	0.03812219485384637
T05972	4	1	5	1	4	3	2	2	5	1	2	0.6467082542737087
T05973	5	0	5	2	0	5	4	0	5	3	2	-0.24930073783960283
T05974	4	5	5	4	5	4	4	5	5	4	1	0.6138571210301511
T05975	4	1	2	1	2	4	4	5	3	1	1	-1.0535182434374593
T05976	5	5	5	5	3	5	5	5	4	4	2	0.22808450054413243
T05977	4	5	4	2	2	4	4	3	5	4	1	0.09734463280731334
T05978	3	4	4	2	3	4	5	3	4	3	2	0.24083768147926987
T05979	3	4	4	3	2	5	4	2	4	1	2	0.5137833459933709
T05980	5	5	5	4	5	5	5	5	4	5	2	1.9678899376912131
T05981	4	3	3	3	3	2	3	3	4	2	1	-0.542971972693439
T05982	3	4	2	2	3	5	3	4	5	4	1	0.8084637620938807
T05983	5	4	5	3	5	5	5	5	5	4	2	1.4104518318627388
T05984	5	3	5	3	2	3	4	3	2	2	1	-0.8285021572578598
T05985	4	4	4	5	5	4	5	4	5	2	1	1.039123128369998
T05986	5	5	4	3	4	5	4	5	2	3	1	0.46972798000651195
T05987	1	2	2	2	2	3	2	2	1	2	1	0.4495075464886815
T05988	3	1	3	2	1	2	1	1	2	1	1	-1.12663137847009
T05989	5	4	5	4	4	5	5	4	4	5	1	0.8820589388869344
T05990	4	5	4	5	5	5	3	3	5	4	1	0.6402240298826165
T05991	4	4	5	2	3	4	4	4	4	3	1	-0.27304076617421
T05992	5	5	5	2	5	5	4	5	5	2	2	0.7916452076087587
T05993	1	1	2	2	2	1	2	1	4	1	1	0.16354587601249237
T05994	5	4	4	5	2	3	4	4	5	2	1	-0.812621661737472
T05995	4	4	4	2	4	4	5	5	4	2	2	-0.21766783376754295
T05996	3	5	4	4	5	5	5	4	5	4	2	0.5161668645844733
T05997	2	2	4	2	4	2	4	2	5	4	1	0.33734320216876457
T05998	3	4	5	2	4	5	5	4	5	2	2	1.7136257289597645
T05999	4	3	5	2	3	4	4	5	3	3	1	0.07454109045749518
