respondent_id	Q01	Q02	Q03	Q04	Q05	Q06	Q07	Q08	Q09	Q10	Q11	Q12
dataset_04_00000	4	4	5	4	4	5	5	4	5	2	3	5
dataset_04_00001	5	4	4	3	2	5	3	4	5	4	1	4
dataset_04_00002	4	5	5	5	5	5	5	5	5	3	5	4
dataset_04_00003	4	4	2	5	5	5	4	1	2	2	4	2
dataset_04_00004	5	2	2	2	1	4	3	4	4	2	2	2
dataset_04_00005	4	4	3	2	3	3	5	3	4	2	5	4
dataset_04_00006	5	2	4	4	4	4	4	5	5	4	2	4
dataset_04_00007	4	4	4	3	4	4	4	4	5	5	4	4
dataset_04_00008	2	2	2	2	1	2	1	1	1	1	1	1
dataset_04_00009	5	4	4	4	4	5	5	2	4	2	4	1
dataset_04_00010	4	1	1	1	2	2	2	4	2	2	2	4
dataset_04_00011	2	3	2	2	3	3	3	2	4	2	2	2
dataset_04_00012	3	2	2	2	2	3	4	4	4	2	1	1
dataset_04_00013	5	2	4	3	2	3	4	3	4	2	2	4
dataset_04_00014	4	2	3	2	3	2	4	3	3	2	2	2
dataset_04_00015	4	5	4	3	2	5	5	3	3	2	1	2
dataset_04_00016	3	2	3	1	2	5	4	1	2	2	2	2
dataset_04_00017	5	4	5	4	5	5	5	5	3	4	5	3
dataset_04_00018	4	2	5	1	3	4	5	2	4	4	2	3
dataset_04_00019	4	4	5	3	5	5	2	2	4	3	4	3
dataset_04_00020	5	5	3	4	3	5	5	5	5	2	2	3
dataset_04_00021	4	4	3	4	2	4	4	5	2	2	2	3
dataset_04_00022	4	2	3	4	2	3	2	4	5	5	4	4
dataset_04_00023	4	2	1	2	2	3	3	2	2	2	3	2
dataset_04_00024	5	5	5	4	4	5	5	5	5	5	4	5
dataset_04_00025	5	2	4	3	2	4	4	5	2	4	1	2
dataset_04_00026	2	1	1	3	1	2	2	1	1	2	1	1
dataset_04_00027	4	5	5	4	5	5	4	5	4	5	4	2
dataset_04_00028	4	1	5	5	3	5	5	2	4	4	4	1
dataset_04_00029	5	4	3	4	2	5	5	4	5	4	4	4
dataset_04_00030	5	4	2	4	4	5	5	4	4	3	5	2
dataset_04_00031	4	4	3	2	4	3	4	4	2	1	1	2
dataset_04_00032	4	1	2	1	1	3	4	3	4	1	1	1
dataset_04_00033	3	2	2	2	2	2	1	2	4	1	1	1
dataset_04_00034	2	1	1	2	1	3	2	2	1	1	1	1
dataset_04_00035	5	2	5	1	4	5	4	2	4	3	4	3
dataset_04_00036	5	5	5	4	5	5	5	5	5	5	5	3
dataset_04_00037	5	4	4	3	5	5	4	5	5	3	4	4
dataset_04_00038	4	5	5	4	4	5	5	4	5	5	1	3
dataset_04_00039	5	4	5	4	4	4	3	4	5	5	3	5
dataset_04_00040	1	2	2	1	4	4	1	2	3	1	2	1
dataset_04_00041	4	4	2	5	5	5	5	4	1	2	2	5
dataset_04_00042	5	5	4	5	5	5	5	4	5	5	4	5
dataset_04_00043	3	5	2	2	5	2	2	2	2	1	1	3
dataset_04_00044	4	4	3	3	5	4	4	5	4	2	3	2
dataset_04_00045	5	4	3	4	4	4	5	4	2	5	2	5
dataset_04_00046	5	4	5	4	5	4	4	4	5	3	4	5
dataset_04_00047	4	2	4	2	2	4	3	2	3	1	2	2
dataset_04_00048	4	3	2	2	1	4	1	4	4	2	1	2
dataset_04_00049	3	1	4	1	3	4	4	2	3	1	3	2
dataset_04_00050	5	4	5	2	2	4	5	5	3	2	3	2
dataset_04_00051	4	4	3	5	5	5	5	5	5	5	3	4
dataset_04_00052	4	3	1	2	2	4	3	3	1	2	5	1
dataset_04_00053	4	3	3	4	3	4	5	3	3	2	1	1
dataset_04_00054	5	4	5	5	3	4	5	5	5	1	5	5
dataset_04_00055	5	4	4	2	3	4	4	3	1	1	3	1
dataset_04_00056	4	5	4	2	4	5	5	4	5	4	4	5
dataset_04_00057	4	4	5	5	5	5	5	4	5	5	4	4
dataset_04_00058	4	4	5	5	4	5	5	4	5	4	5	4
dataset_04_00059	2	1	2	4	4	4	2	5	2	3	2	1
dataset_04_00060	4	2	2	2	2	5	3	3	1	5	1	2
dataset_04_00061	4	2	4	2	5	5	4	4	4	1	3	5
dataset_04_00062	3	4	4	3	4	4	2	2	1	2	3	4
dataset_04_00063	4	4	4	3	2	4	3	3	1	2	1	1
dataset_04_00064	2	2	4	2	2	4	3	2	4	2	2	2
dataset_04_00065	5	4	5	3	4	4	5	5	5	3	5	5
dataset_04_00066	2	1	4	3	3	4	3	4	4	1	2	2
dataset_04_00067	3	1	1	1	2	4	3	3	2	1	1	1
dataset_04_00068	4	1	2	4	2	2	1	3	4	2	2	1
dataset_04_00069	4	4	5	2	1	3	4	3	4	2	1	2
dataset_04_00070	4	4	5	4	3	4	5	5	5	4	3	4
dataset_04_00071	1	4	2	2	2	3	4	1	4	3	4	2
dataset_04_00072	4	3	3	2	1	5	4	3	3	1	2	2
dataset_04_00073	3	2	4	2	2	3	4	2	4	2	4	1
dataset_04_00074	3	5	1	2	4	4	4	4	4	2	1	4
dataset_04_00075	5	2	4	1	5	4	3	1	3	2	3	3
dataset_04_00076	2	1	2	2	3	4	2	2	3	2	2	2
dataset_04_00077	5	5	2	3	4	4	3	4	4	2	1	1
dataset_04_00078	5	3	5	2	3	3	1	3	4	3	3	2
dataset_04_00079	4	3	4	2	4	5	2	5	4	2	5	5
dataset_04_00080	2	2	2	3	1	5	4	5	4	1	1	2
dataset_04_00081	1	5	4	4	3	3	4	4	4	1	2	2
dataset_04_00082	4	2	4	3	2	4	3	2	3	3	4	4
dataset_04_00083	4	4	4	4	2	5	4	4	4	3	4	2
dataset_04_00084	4	2	5	4	3	3	2	2	4	1	4	2
dataset_04_00085	4	4	5	4	5	5	5	4	4	3	5	3
dataset_04_00086	1	4	4	5	5	5	3	4	4	1	2	3
dataset_04_00087	4	2	4	1	5	4	4	2	5	2	5	2
dataset_04_00088	5	3	4	4	5	5	5	4	5	5	5	3
dataset_04_00089	5	4	3	5	4	4	5	4	5	5	2	5
dataset_04_00090	4	4	2	4	2	4	3	2	3	2	4	2
dataset_04_00091	5	5	4	4	5	5	4	5	5	5	5	4
dataset_04_00092	5	1	5	3	2	5	4	3	4	2	4	4
dataset_04_00093	4	1	2	3	3	4	4	2	4	1	3	1
dataset_04_00094	5	4	5	4	3	5	5	5	4	2	5	5
dataset_04_00095	4	4	3	3	4	4	3	4	4	2	2	5
dataset_04_00096	4	5	4	4	4	5	5	5	5	5	4	3
dataset_04_00097	2	4	4	3	2	4	2	3	2	2	2	2
dataset_04_00098	5	4	5	3	4	4	4	3	4	3	4	5
dataset_04_00099	3	5	3	2	3	3	4	4	5	3	1	1
dataset_04_00100	3	3	3	2	2	4	3	2	5	1	1	2
dataset_04_00101	4	3	2	2	3	4	3	1	1	1	2	5
dataset_04_00102	3	2	1	2	1	5	3	3	4	2	1	2
dataset_04_00103	4	3	4	2	1	2	4	4	3	2	1	1
dataset_04_00104	5	4	5	4	4	3	3	1	5	2	2	2
dataset_04_00105	2	2	4	1	2	5	2	2	3	4	2	3
dataset_04_00106	4	3	4	4	4	5	5	5	3	4	2	3
dataset_04_00107	4	2	4	5	5	5	3	2	5	2	5	2
dataset_04_00108	5	2	5	2	4	5	4	5	3	5	4	5
dataset_04_00109	4	4	5	5	4	4	4	4	3	2	5	2
dataset_04_00110	2	2	3	3	2	4	2	1	2	2	1	1
dataset_04_00111	4	4	4	3	2	4	4	2	5	4	4	2
dataset_04_00112	4	4	4	2	1	4	2	5	3	1	4	2
dataset_04_00113	5	5	4	4	5	5	4	2	4	2	4	4
dataset_04_00114	2	2	2	2	4	4	3	2	3	3	1	1
dataset_04_00115	2	2	1	3	2	2	5	4	4	1	1	2
dataset_04_00116	4	2	5	2	2	5	5	4	4	3	5	2
dataset_04_00117	4	4	3	4	4	5	5	4	4	2	5	5
dataset_04_00118	4	3	2	1	2	2	1	4	4	5	1	2
dataset_04_00119	4	2	2	3	2	3	4	3	4	2	3	1
dataset_04_00120	5	5	5	4	2	5	5	4	5	4	5	5
dataset_04_00121	3	1	1	2	3	4	4	2	2	1	2	4
dataset_04_00122	4	4	2	2	4	3	2	5	4	5	1	2
dataset_04_00123	5	5	5	4	4	5	2	4	5	4	4	3
dataset_04_00124	4	2	2	4	1	4	1	1	2	3	1	3
dataset_04_00125	5	1	2	1	2	4	5	4	3	2	4	2
dataset_04_00126	4	4	3	2	4	5	3	2	4	4	1	1
dataset_04_00127	4	4	2	2	2	4	3	4	4	2	3	2
dataset_04_00128	3	4	2	3	3	4	1	3	3	2	2	2
dataset_04_00129	4	3	5	2	3	3	3	4	5	2	5	1
dataset_04_00130	5	5	4	5	5	5	5	5	4	5	4	5
dataset_04_00131	4	5	4	2	4	3	4	2	5	4	4	4
dataset_04_00132	5	5	5	4	5	5	5	2	5	5	2	4
dataset_04_00133	4	2	4	5	1	4	4	3	5	4	1	3
dataset_04_00134	3	2	2	2	4	4	2	3	4	3	4	2
dataset_04_00135	4	2	4	1	2	5	3	4	2	2	1	2
dataset_04_00136	3	2	4	2	3	4	3	5	5	2	3	4
dataset_04_00137	1	3	2	2	4	4	2	1	2	1	1	2
dataset_04_00138	4	3	5	2	2	2	2	4	4	2	2	1
dataset_04_00139	3	4	1	2	2	4	2	4	4	1	2	2
dataset_04_00140	4	4	5	2	5	5	4	4	4	1	5	4
dataset_04_00141	2	2	4	2	3	5	2	2	4	1	1	2
dataset_04_00142	5	5	5	5	4	5	5	5	5	3	5	3
dataset_04_00143	2	1	2	2	4	4	4	1	4	1	1	1
dataset_04_00144	1	1	1	2	1	4	2	1	1	1	1	1
dataset_04_00145	2	1	3	1	1	4	3	3	4	1	1	1
dataset_04_00146	5	2	4	2	4	3	4	5	5	2	2	3
dataset_04_00147	2	2	2	1	3	2	4	3	4	1	1	2
dataset_04_00148	3	2	2	3	2	4	4	5	5	4	3	2
dataset_04_00149	5	4	5	3	5	5	4	3	5	5	4	4
dataset_04_00150	4	4	2	3	4	5	3	3	4	2	1	1
dataset_04_00151	2	4	4	1	2	5	5	4	1	3	1	1
dataset_04_00152	2	3	2	3	2	2	1	4	2	2	3	2
dataset_04_00153	5	1	4	2	4	4	5	4	4	2	3	5
dataset_04_00154	4	1	3	2	3	4	2	3	4	1	4	2
dataset_04_00155	1	1	3	1	2	1	1	1	4	2	1	1
dataset_04_00156	5	5	5	4	5	5	5	5	5	5	5	5
dataset_04_00157	2	1	4	4	3	5	4	4	3	2	4	1
dataset_04_00158	3	4	3	2	3	2	2	3	4	1	1	1
dataset_04_00159	3	4	5	5	5	5	4	5	4	2	4	3
dataset_04_00160	4	5	4	4	4	5	5	4	4	3	4	4
dataset_04_00161	5	4	5	3	5	5	5	5	4	4	5	5
dataset_04_00162	4	5	3	1	3	4	2	5	3	1	2	2
dataset_04_00163	2	3	3	3	2	3	2	2	3	2	2	2
dataset_04_00164	5	5	4	3	5	5	5	4	5	3	2	2
dataset_04_00165	3	2	3	4	4	2	3	3	3	1	3	3
dataset_04_00166	2	4	1	1	1	3	2	2	1	1	2	3
dataset_04_00167	1	1	1	1	2	1	2	1	2	1	1	1
dataset_04_00168	5	4	5	2	5	5	5	5	5	5	4	4
dataset_04_00169	2	2	2	4	2	5	2	4	4	1	2	2
dataset_04_00170	3	1	1	2	2	5	3	2	3	1	1	2
dataset_04_00171	1	1	1	1	1	1	1	2	1	1	1	1
dataset_04_00172	2	2	2	2	2	3	3	2	1	2	1	1
dataset_04_00173	2	2	5	2	2	5	4	3	5	2	2	4
dataset_04_00174	4	1	5	4	3	4	3	2	5	4	4	4
dataset_04_00175	5	5	5	4	5	5	5	5	5	4	3	2
dataset_04_00176	3	3	4	1	2	3	4	2	5	1	2	2
dataset_04_00177	3	2	4	2	3	4	4	3	1	5	1	2
dataset_04_00178	4	5	5	2	4	4	4	4	5	2	4	4
dataset_04_00179	4	2	1	2	4	4	5	4	4	1	1	1
dataset_04_00180	5	4	5	4	4	5	3	5	4	2	4	1
dataset_04_00181	2	4	3	4	2	4	2	3	3	2	1	3
dataset_04_00182	2	3	2	2	2	2	3	3	2	2	2	2
dataset_04_00183	5	4	5	4	5	5	3	3	4	5	5	4
dataset_04_00184	4	4	4	4	5	4	2	4	5	1	5	4
dataset_04_00185	5	4	4	3	5	3	3	2	4	3	5	2
dataset_04_00186	4	1	2	1	2	1	1	3	5	3	1	1
dataset_04_00187	4	4	3	1	4	4	3	1	4	2	4	3
dataset_04_00188	3	4	4	5	4	5	4	4	5	2	2	3
dataset_04_00189	5	1	1	1	1	3	2	2	4	1	5	2
dataset_04_00190	5	5	4	5	4	4	4	2	4	1	2	2
dataset_04_00191	5	4	5	4	5	4	5	5	5	5	5	5
dataset_04_00192	3	4	3	5	2	5	4	4	4	1	4	2
dataset_04_00193	2	1	4	2	2	5	4	4	4	2	1	2
dataset_04_00194	5	2	3	4	2	5	5	3	5	4	5	4
dataset_04_00195	5	5	4	3	3	4	4	3	2	4	2	2
dataset_04_00196	5	4	5	4	5	5	4	5	4	3	5	5
dataset_04_00197	4	4	4	2	5	5	5	3	4	2	5	3
dataset_04_00198	4	2	4	5	5	4	4	3	4	2	2	4
dataset_04_00199	2	3	4	2	2	3	2	2	4	3	1	1
dataset_04_00200	4	3	4	5	2	4	4	4	4	4	3	2
dataset_04_00201	4	4	3	3	3	2	4	4	5	2	3	1
dataset_04_00202	3	1	2	2	3	4	4	3	4	2	1	2
dataset_04_00203	2	1	1	4	2	3	2	2	3	1	2	1
dataset_04_00204	5	4	4	5	4	5	4	3	5	2	4	4
dataset_04_00205	5	3	4	5	4	4	3	5	4	3	4	5
dataset_04_00206	1	2	2	2	2	2	2	2	2	1	1	2
dataset_04_00207	4	4	5	4	5	4	4	4	5	5	2	2
dataset_04_00208	4	4	1	5	4	5	5	5	3	2	5	4
dataset_04_00209	2	2	4	2	2	4	2	1	4	2	1	2
dataset_04_00210	5	2	3	3	2	3	4	3	3	2	5	2
dataset_04_00211	4	4	4	2	5	4	4	3	5	3	1	2
dataset_04_00212	5	3	5	5	5	5	5	4	5	5	4	4
dataset_04_00213	3	2	2	1	4	4	4	5	3	2	1	2
dataset_04_00214	4	4	4	5	5	4	4	3	3	4	4	4
dataset_04_00215	4	4	5	3	4	5	4	5	5	4	2	3
dataset_04_00216	5	5	5	4	4	5	5	5	4	3	5	3
dataset_04_00217	1	1	2	1	3	3	3	2	1	1	1	1
dataset_04_00218	5	5	5	5	4	5	4	4	5	4	5	4
dataset_04_00219	2	4	4	3	2	4	2	2	2	1	4	1
dataset_04_00220	5	5	5	5	5	5	5	5	5	5	4	5
dataset_04_00221	4	3	2	2	2	5	4	4	2	3	2	2
dataset_04_00222	5	3	4	4	3	5	5	2	5	1	1	3
dataset_04_00223	4	4	2	2	2	4	4	1	3	1	1	3
dataset_04_00224	5	5	5	4	4	5	5	3	3	2	3	5
dataset_04_00225	4	2	4	1	5	3	4	3	2	1	1	1
dataset_04_00226	4	4	2	5	4	5	4	4	5	3	5	3
dataset_04_00227	3	2	4	2	2	3	1	2	2	1	1	2
dataset_04_00228	4	1	4	1	3	5	1	2	1	3	4	2
dataset_04_00229	4	2	4	1	2	4	1	2	2	1	4	1
dataset_04_00230	5	3	4	4	4	5	4	5	3	4	4	4
dataset_04_00231	4	5	5	4	2	5	5	5	5	3	5	2
dataset_04_00232	2	2	2	3	2	5	2	4	2	1	2	3
dataset_04_00233	4	3	3	4	2	4	1	4	2	1	2	3
dataset_04_00234	4	2	2	2	3	3	3	4	4	2	2	2
dataset_04_00235	4	3	3	3	3	4	4	3	3	2	1	1
dataset_04_00236	5	5	5	5	5	5	5	5	5	5	5	5
dataset_04_00237	2	1	2	4	3	4	4	5	4	2	2	4
dataset_04_00238	3	2	4	3	4	5	5	4	5	4	2	1
dataset_04_00239	3	2	5	3	4	4	4	2	3	2	2	2
dataset_04_00240	2	2	1	1	2	4	4	3	2	1	4	2
dataset_04_00241	5	4	4	5	3	5	4	4	4	4	4	4
dataset_04_00242	3	3	4	2	2	3	3	2	4	2	4	2
dataset_04_00243	4	3	4	2	3	4	2	5	4	2	1	1
dataset_04_00244	4	4	5	5	5	5	4	4	5	5	5	5
dataset_04_00245	2	5	3	3	4	5	4	2	2	1	5	1
dataset_04_00246	5	4	4	4	2	3	5	2	4	1	1	2
dataset_04_00247	4	2	2	4	5	4	3	2	5	4	1	2
dataset_04_00248	3	4	2	4	4	4	4	4	3	2	1	4
dataset_04_00249	5	2	4	2	2	5	5	5	4	2	4	2
dataset_04_00250	4	5	5	5	5	5	5	5	5	2	5	5
dataset_04_00251	5	5	5	5	5	5	5	5	5	3	5	5
dataset_04_00252	2	3	2	2	3	3	3	2	2	4	3	1
dataset_04_00253	2	3	3	4	4	1	3	1	4	3	1	1
dataset_04_00254	2	1	2	2	1	4	2	2	3	1	1	2
dataset_04_00255	3	2	3	2	3	2	4	3	3	1	3	1
dataset_04_00256	2	5	2	5	4	5	4	3	4	5	2	3
dataset_04_00257	4	2	5	2	4	4	4	4	5	4	4	5
dataset_04_00258	5	2	4	2	5	5	4	4	5	2	2	4
dataset_04_00259	4	4	2	1	2	4	4	2	2	2	2	3
dataset_04_00260	5	3	3	2	4	4	4	4	5	2	5	3
dataset_04_00261	4	5	4	5	4	5	5	5	5	5	4	5
dataset_04_00262	5	4	2	3	3	4	4	4	5	2	4	3
dataset_04_00263	4	1	3	3	5	3	4	3	5	3	2	4
dataset_04_00264	5	3	4	4	2	5	4	5	5	2	4	3
dataset_04_00265	2	4	2	2	2	2	2	2	2	1	1	1
dataset_04_00266	5	5	5	5	5	4	5	5	5	5	3	2
dataset_04_00267	3	4	1	2	5	4	2	4	4	3	2	4
dataset_04_00268	4	2	3	1	4	5	4	4	2	4	1	2
dataset_04_00269	5	1	2	1	5	4	4	1	3	2	1	1
dataset_04_00270	4	2	2	2	4	4	4	3	4	2	3	3
dataset_04_00271	4	1	2	3	4	2	1	2	3	2	2	2
dataset_04_00272	4	5	4	4	4	4	4	5	5	3	2	4
dataset_04_00273	4	4	3	1	3	4	3	2	2	3	2	2
dataset_04_00274	4	4	2	2	4	4	2	4	4	2	4	2
dataset_04_00275	4	4	4	4	2	4	4	4	4	2	3	2
dataset_04_00276	4	4	4	4	4	5	4	5	5	4	4	3
dataset_04_00277	4	4	5	1	4	5	4	2	4	2	1	1
dataset_04_00278	4	3	4	3	2	5	4	3	4	4	5	5
dataset_04_00279	5	1	2	4	2	1	3	4	3	1	3	1
dataset_04_00280	2	3	1	4	4	5	2	4	3	4	4	1
dataset_04_00281	5	5	4	3	4	4	5	3	5	5	5	4
dataset_04_00282	5	4	4	2	4	5	4	3	4	2	4	5
dataset_04_00283	5	4	4	2	5	5	3	3	2	1	5	2
dataset_04_00284	3	3	4	2	2	4	2	3	4	3	2	2
dataset_04_00285	4	2	4	5	5	3	2	3	4	3	5	2
dataset_04_00286	4	4	4	4	5	5	4	2	4	3	2	2
dataset_04_00287	5	2	5	4	5	4	5	5	5	5	5	4
dataset_04_00288	2	1	2	1	3	2	2	1	1	1	1	2
dataset_04_00289	3	3	2	2	3	2	4	4	4	3	2	2
dataset_04_00290	4	1	2	4	3	5	1	1	4	4	2	4
dataset_04_00291	4	4	4	5	5	5	4	4	4	4	4	4
dataset_04_00292	4	4	3	4	2	5	4	3	5	1	3	2
dataset_04_00293	4	5	1	3	4	4	4	4	2	2	1	2
dataset_04_00294	2	2	4	2	3	4	2	1	4	2	4	1
dataset_04_00295	5	4	5	4	3	5	3	2	4	3	5	3
dataset_04_00296	5	5	4	2	2	4	4	5	5	3	4	2
dataset_04_00297	5	5	5	5	5	5	5	5	5	3	5	3
dataset_04_00298	5	4	4	4	5	4	4	5	4	2	2	4
dataset_04_00299	4	4	5	5	5	5	5	4	4	5	5	5
dataset_04_00300	2	2	4	3	3	4	2	2	2	2	1	1
dataset_04_00301	5	4	4	4	2	4	2	3	4	2	2	1
dataset_04_00302	5	4	4	2	3	4	4	2	5	4	2	4
dataset_04_00303	3	2	2	4	4	4	4	2	4	2	4	3
dataset_04_00304	5	5	4	2	2	3	3	4	2	1	4	1
dataset_04_00305	4	3	2	2	1	4	1	2	3	1	2	2
dataset_04_00306	5	3	5	4	4	5	4	5	3	4	5	4
dataset_04_00307	5	4	5	1	4	4	4	4	4	2	1	2
dataset_04_00308	4	2	2	2	3	4	3	1	4	2	4	2
dataset_04_00309	5	3	3	1	4	4	1	3	2	3	2	2
dataset_04_00310	3	4	2	4	3	4	4	2	5	3	3	2
dataset_04_00311	4	2	3	2	2	3	4	4	3	3	1	1
dataset_04_00312	5	5	5	4	5	5	5	3	4	2	4	4
dataset_04_00313	3	1	1	2	3	3	4	3	2	1	1	1
dataset_04_00314	4	4	4	2	3	4	3	3	4	2	3	2
dataset_04_00315	4	4	4	2	4	5	2	5	5	2	4	3
dataset_04_00316	5	4	5	5	5	5	4	5	5	4	2	5
dataset_04_00317	5	4	5	5	5	5	5	5	5	5	5	5
dataset_04_00318	3	2	3	2	2	4	4	2	4	1	1	2
dataset_04_00319	4	4	4	5	2	4	5	4	4	3	1	4
dataset_04_00320	5	5	4	5	5	4	4	3	4	3	5	1
dataset_04_00321	4	1	2	1	1	2	4	3	3	1	2	1
dataset_04_00322	3	1	2	2	3	4	2	4	5	2	3	1
dataset_04_00323	4	4	5	4	4	4	2	2	4	4	4	2
dataset_04_00324	4	4	4	5	4	5	4	2	5	4	3	1
dataset_04_00325	4	2	4	1	4	4	2	3	3	2	4	2
dataset_04_00326	2	2	5	2	2	5	4	4	1	3	1	1
dataset_04_00327	4	5	5	4	2	5	4	4	5	5	4	5
dataset_04_00328	4	5	4	2	4	5	4	4	4	4	2	5
dataset_04_00329	4	4	5	4	4	5	4	5	5	2	5	3
dataset_04_00330	4	4	4	1	4	4	4	2	3	3	1	1
dataset_04_00331	4	3	1	4	4	3	3	4	1	2	1	2
dataset_04_00332	5	3	2	4	5	5	4	5	4	1	4	5
dataset_04_00333	4	2	2	2	3	4	4	4	2	2	5	3
dataset_04_00334	4	4	4	4	2	4	4	1	4	3	4	1
dataset_04_00335	4	5	4	4	4	4	4	5	5	5	4	4
dataset_04_00336	4	5	4	4	4	4	2	4	3	2	2	3
dataset_04_00337	4	4	4	1	4	4	4	5	5	1	4	5
dataset_04_00338	3	4	4	4	4	4	4	4	5	5	5	2
dataset_04_00339	2	4	4	5	4	5	4	2	4	4	4	4
dataset_04_00340	3	3	2	2	3	3	4	2	4	1	1	1
dataset_04_00341	3	4	5	3	4	5	4	5	3	2	1	1
dataset_04_00342	5	4	5	2	5	5	5	2	4	4	1	3
dataset_04_00343	2	1	4	2	1	2	5	2	2	1	1	2
dataset_04_00344	4	1	3	2	2	4	4	4	4	2	1	1
dataset_04_00345	5	4	4	2	5	5	5	4	4	5	4	4
dataset_04_00346	5	4	3	2	2	4	3	4	4	4	4	4
dataset_04_00347	2	4	2	3	2	4	4	2	4	3	2	3
dataset_04_00348	3	1	2	3	2	5	2	2	5	1	4	5
dataset_04_00349	4	2	4	2	3	4	4	3	2	1	3	4
dataset_04_00350	1	3	1	1	2	3	1	5	4	1	2	3
dataset_04_00351	5	4	5	2	5	5	2	4	4	3	4	3
dataset_04_00352	4	2	4	2	1	4	3	3	3	1	1	3
dataset_04_00353	3	4	2	2	2	5	4	3	3	3	5	4
dataset_04_00354	5	3	4	4	3	5	4	3	5	2	2	3
dataset_04_00355	2	2	5	3	2	4	3	3	5	3	2	4
dataset_04_00356	4	3	5	3	5	4	3	3	2	2	4	1
dataset_04_00357	4	2	3	2	2	4	2	2	4	2	2	1
dataset_04_00358	4	4	1	2	3	3	2	4	2	4	2	2
dataset_04_00359	2	1	1	2	2	2	1	3	4	1	2	1
dataset_04_00360	4	4	4	4	5	5	4	3	2	4	4	2
dataset_04_00361	4	3	4	3	3	4	4	3	1	2	1	4
dataset_04_00362	4	3	5	3	4	5	2	4	4	3	1	3
dataset_04_00363	2	1	5	3	5	5	2	2	4	2	1	2
dataset_04_00364	3	2	1	3	2	3	2	3	4	1	4	1
dataset_04_00365	4	3	3	4	4	4	5	4	5	4	4	4
dataset_04_00366	5	3	2	2	2	4	4	1	4	2	4	3
dataset_04_00367	3	3	4	4	2	2	2	2	3	2	2	3
dataset_04_00368	5	3	4	5	2	5	3	2	4	2	2	2
dataset_04_00369	3	2	2	2	2	2	2	2	1	1	1	1
dataset_04_00370	5	5	5	3	5	5	4	5	5	4	4	3
dataset_04_00371	4	4	5	5	5	5	5	4	5	4	5	5
dataset_04_00372	1	1	1	1	4	5	3	2	5	1	1	2
dataset_04_00373	4	5	5	5	4	4	4	5	4	2	1	3
dataset_04_00374	4	2	4	2	1	4	3	1	2	1	4	1
dataset_04_00375	4	5	3	2	2	3	4	3	2	2	3	3
dataset_04_00376	5	5	2	3	5	5	4	4	5	5	5	4
dataset_04_00377	5	5	5	5	5	5	5	5	5	5	3	5
dataset_04_00378	3	2	1	2	4	4	3	4	4	1	2	1
dataset_04_00379	3	4	2	2	4	5	4	2	4	2	3	1
dataset_04_00380	4	5	2	4	5	5	4	4	5	2	4	2
dataset_04_00381	4	1	4	4	4	5	4	2	4	1	2	4
dataset_04_00382	3	4	5	2	4	3	3	3	5	5	3	2
dataset_04_00383	2	1	4	1	2	2	3	1	4	1	1	2
dataset_04_00384	5	4	3	4	1	4	2	3	5	2	5	3
dataset_04_00385	2	1	1	1	2	2	2	3	1	1	1	1
dataset_04_00386	2	2	2	1	3	4	2	3	2	1	2	1
dataset_04_00387	5	5	2	2	3	5	4	4	4	4	3	4
dataset_04_00388	4	3	2	3	4	5	2	2	2	3	2	4
dataset_04_00389	4	4	4	4	4	5	5	5	4	2	4	5
dataset_04_00390	4	4	4	2	3	5	1	1	1	1	1	2
dataset_04_00391	4	1	2	1	2	5	2	2	3	4	2	3
dataset_04_00392	2	1	2	1	1	2	1	1	1	1	1	1
dataset_04_00393	5	4	1	3	1	4	5	2	4	3	4	1
dataset_04_00394	4	4	3	2	2	4	4	2	4	3	2	2
dataset_04_00395	3	2	3	2	2	4	3	3	4	2	1	2
dataset_04_00396	4	1	4	3	2	4	4	4	4	4	2	2
dataset_04_00397	4	5	5	5	4	5	5	5	5	5	5	5
dataset_04_00398	4	5	3	3	4	5	4	5	3	5	4	2
dataset_04_00399	3	3	5	3	4	4	1	1	2	3	2	2
dataset_04_00400	3	1	1	2	4	4	2	2	1	2	1	4
dataset_04_00401	3	4	2	2	3	2	4	4	3	1	1	3
dataset_04_00402	2	2	2	1	1	2	2	4	1	1	2	1
dataset_04_00403	4	4	5	3	4	3	4	4	4	5	4	3
dataset_04_00404	4	3	2	2	2	5	4	3	4	4	3	4
dataset_04_00405	5	5	4	3	4	5	4	5	5	1	4	4
dataset_04_00406	4	3	4	4	4	5	4	2	5	5	5	3
dataset_04_00407	5	4	4	4	4	5	4	5	4	4	4	5
dataset_04_00408	3	3	4	2	2	4	2	3	5	1	1	2
dataset_04_00409	2	1	1	2	2	2	2	2	2	1	1	2
dataset_04_00410	3	2	4	4	2	3	2	2	3	2	1	2
dataset_04_00411	2	4	4	2	2	4	2	2	3	1	2	3
dataset_04_00412	4	3	4	2	3	4	2	4	4	2	4	2
dataset_04_00413	1	1	3	3	2	3	2	1	3	3	1	2
dataset_04_00414	4	5	5	3	4	4	4	5	5	2	4	4
dataset_04_00415	2	2	2	1	2	4	4	2	2	1	1	1
dataset_04_00416	5	2	4	2	3	4	4	5	3	4	2	3
dataset_04_00417	5	4	4	5	5	5	4	4	5	2	5	2
dataset_04_00418	1	2	2	4	1	4	2	1	4	2	1	1
dataset_04_00419	4	3	4	2	4	2	2	1	3	2	1	1
dataset_04_00420	4	1	4	3	4	5	5	4	5	2	3	4
dataset_04_00421	5	5	5	5	5	5	5	5	5	5	4	5
dataset_04_00422	4	3	4	4	5	5	5	3	5	5	4	4
dataset_04_00423	5	5	3	2	2	5	4	4	5	1	2	2
dataset_04_00424	4	4	1	2	4	3	3	4	3	2	4	2
dataset_04_00425	5	2	5	5	5	5	4	5	5	3	3	4
dataset_04_00426	4	4	1	2	3	5	3	1	3	1	4	2
dataset_04_00427	5	2	1	2	2	4	4	2	4	2	1	2
dataset_04_00428	5	5	3	3	4	5	4	4	4	5	3	5
dataset_04_00429	5	4	5	5	5	4	4	5	5	2	2	3
dataset_04_00430	1	3	5	3	4	4	4	1	1	3	1	1
dataset_04_00431	5	4	5	4	5	5	5	5	5	4	5	4
dataset_04_00432	4	1	2	1	2	3	2	2	3	2	2	1
dataset_04_00433	4	4	3	1	3	5	4	2	2	4	2	2
dataset_04_00434	4	3	1	1	1	2	1	1	1	1	1	1
dataset_04_00435	4	1	4	2	3	3	4	3	2	1	2	1
dataset_04_00436	5	3	4	2	5	4	5	4	5	2	5	1
dataset_04_00437	4	4	5	3	2	4	5	4	5	4	4	1
dataset_04_00438	2	2	4	5	2	4	2	2	5	4	4	3
dataset_04_00439	4	4	3	3	4	4	3	5	5	2	4	2
dataset_04_00440	4	2	4	4	4	5	4	5	5	3	2	4
dataset_04_00441	2	3	5	4	4	4	4	2	4	1	4	3
dataset_04_00442	3	4	3	4	4	4	5	2	5	2	4	2
dataset_04_00443	4	4	5	3	4	5	4	3	4	2	2	2
dataset_04_00444	4	2	5	4	3	4	3	4	4	2	2	4
dataset_04_00445	2	1	1	1	2	1	4	1	1	1	1	1
dataset_04_00446	5	4	4	4	4	5	3	4	5	3	2	1
dataset_04_00447	1	3	4	1	3	4	2	5	2	1	3	1
dataset_04_00448	4	2	4	5	4	4	4	3	5	2	2	5
dataset_04_00449	4	2	3	4	2	5	5	4	3	3	1	4
dataset_04_00450	4	2	4	2	2	4	1	3	4	1	1	1
dataset_04_00451	5	4	4	5	2	4	4	4	4	2	3	3
dataset_04_00452	5	4	3	3	4	4	2	2	4	3	2	5
dataset_04_00453	2	2	4	3	3	4	3	3	4	3	4	1
dataset_04_00454	4	3	3	2	2	4	5	2	5	5	4	2
dataset_04_00455	4	4	4	3	4	5	4	3	5	5	4	2
dataset_04_00456	5	2	5	4	2	5	4	4	4	3	2	3
dataset_04_00457	4	4	3	3	3	5	3	5	4	4	3	4
dataset_04_00458	2	5	4	2	4	5	4	1	1	1	2	1
dataset_04_00459	2	1	4	1	2	2	4	1	4	1	1	2
dataset_04_00460	3	2	3	2	5	4	5	2	4	2	1	1
dataset_04_00461	4	4	4	4	4	5	5	4	5	4	2	4
dataset_04_00462	4	5	3	5	4	4	4	3	2	1	4	2
dataset_04_00463	4	4	2	2	3	5	4	2	4	2	2	3
dataset_04_00464	5	4	4	4	5	4	4	3	4	4	2	2
dataset_04_00465	5	4	2	3	5	4	4	4	3	2	2	4
dataset_04_00466	4	3	2	2	2	3	2	4	2	1	2	1
dataset_04_00467	4	1	4	2	5	4	3	3	3	2	3	2
dataset_04_00468	2	4	1	4	2	2	4	1	5	4	2	2
dataset_04_00469	3	1	2	1	1	4	3	1	5	2	1	1
dataset_04_00470	5	5	5	5	5	5	5	5	5	5	5	5
dataset_04_00471	3	1	1	2	2	2	2	2	5	1	1	2
dataset_04_00472	3	2	3	1	1	5	2	4	2	1	4	2
dataset_04_00473	5	1	4	4	3	4	3	4	4	2	3	3
dataset_04_00474	5	4	5	5	5	4	4	5	5	5	2	4
dataset_04_00475	2	4	5	2	4	5	4	5	4	1	5	4
dataset_04_00476	5	4	5	4	4	5	4	5	5	2	3	4
dataset_04_00477	1	2	4	2	1	4	1	1	2	2	1	2
dataset_04_00478	4	4	3	4	4	5	5	3	5	3	4	4
dataset_04_00479	4	2	5	3	3	4	4	3	3	3	2	4
dataset_04_00480	4	3	5	3	3	1	1	3	3	2	2	3
dataset_04_00481	4	4	2	2	3	4	5	2	5	3	1	1
dataset_04_00482	4	2	4	3	2	4	3	2	4	2	1	2
dataset_04_00483	4	1	1	1	1	4	2	1	4	1	2	2
dataset_04_00484	4	2	3	2	2	3	2	3	4	3	1	2
dataset_04_00485	5	4	4	5	4	4	4	4	5	4	3	5
dataset_04_00486	3	4	3	4	4	5	4	4	2	3	2	2
dataset_04_00487	5	4	3	5	5	5	2	5	4	4	5	3
dataset_04_00488	5	5	5	5	5	5	3	5	5	4	3	2
dataset_04_00489	4	4	4	4	4	5	5	4	5	1	4	3
dataset_04_00490	2	1	4	4	4	4	4	5	4	4	5	2
dataset_04_00491	3	4	5	1	4	4	5	4	2	5	2	4
dataset_04_00492	4	4	3	4	2	2	4	2	2	4	2	4
dataset_04_00493	4	5	5	5	5	5	5	4	5	5	4	5
dataset_04_00494	5	3	4	2	3	5	4	4	4	4	1	2
dataset_04_00495	1	1	1	1	1	2	3	1	3	2	1	1
dataset_04_00496	5	4	5	4	5	5	4	5	5	5	5	4
dataset_04_00497	2	1	2	2	2	4	4	4	3	2	2	1
dataset_04_00498	4	4	4	4	5	5	4	3	4	2	3	2
dataset_04_00499	5	4	4	2	4	5	5	4	4	2	3	4
dataset_04_00500	3	2	2	2	4	4	4	3	4	2	2	2
dataset_04_00501	4	1	4	1	3	2	4	2	4	4	3	1
dataset_04_00502	5	4	5	5	2	5	5	3	4	5	5	5
dataset_04_00503	5	4	4	2	4	4	2	4	5	4	4	1
dataset_04_00504	5	5	4	4	4	4	5	5	5	2	5	2
dataset_04_00505	3	3	4	3	3	4	2	4	1	2	3	2
dataset_04_00506	2	4	4	4	4	3	4	2	4	2	1	1
dataset_04_00507	4	1	3	2	2	2	3	4	2	1	3	1
dataset_04_00508	4	1	5	5	4	5	2	4	5	5	2	2
dataset_04_00509	4	4	5	2	3	3	4	1	5	2	3	2
dataset_04_00510	3	2	2	2	3	3	4	2	4	3	1	1
dataset_04_00511	1	2	3	1	2	4	3	2	4	1	1	1
dataset_04_00512	5	5	5	4	5	5	5	3	5	3	5	2
dataset_04_00513	5	4	5	4	4	5	5	4	5	3	4	4
dataset_04_00514	4	1	3	4	5	4	3	4	3	3	4	1
dataset_04_00515	4	4	5	2	3	5	2	1	5	2	2	1
dataset_04_00516	4	4	2	4	5	5	5	4	5	3	4	3
dataset_04_00517	4	1	4	3	4	2	4	4	2	1	2	4
dataset_04_00518	4	1	3	3	1	4	4	3	4	3	3	2
dataset_04_00519	4	2	4	2	4	4	4	2	4	1	4	1
dataset_04_00520	5	5	5	4	4	5	5	4	5	5	5	4
dataset_04_00521	5	5	3	3	3	4	2	2	5	4	2	2
dataset_04_00522	5	4	5	4	5	5	5	2	5	4	2	4
dataset_04_00523	3	2	2	1	1	3	4	3	1	2	3	1
dataset_04_00524	4	2	4	4	3	5	4	3	5	4	4	5
dataset_04_00525	4	4	5	2	4	5	4	4	5	4	2	5
dataset_04_00526	5	5	5	3	2	5	5	4	4	3	5	4
dataset_04_00527	1	2	2	3	3	5	4	2	4	1	2	1
dataset_04_00528	4	4	1	5	4	5	2	4	4	1	2	4
dataset_04_00529	3	2	3	2	2	5	4	1	4	2	1	2
dataset_04_00530	5	1	4	2	4	5	3	2	5	2	2	2
dataset_04_00531	4	3	2	4	2	4	4	2	5	2	3	2
dataset_04_00532	2	1	2	2	2	4	3	2	3	1	1	1
dataset_04_00533	5	2	5	3	4	4	4	3	5	5	4	4
dataset_04_00534	4	2	4	1	2	4	2	3	2	1	3	4
dataset_04_00535	5	3	3	3	4	4	5	2	4	2	4	4
dataset_04_00536	4	4	4	2	3	3	3	2	5	2	5	1
dataset_04_00537	4	2	3	2	3	4	2	2	4	3	3	3
dataset_04_00538	4	1	2	3	4	4	2	4	4	2	1	2
dataset_04_00539	4	2	3	1	3	2	2	2	4	1	1	3
dataset_04_00540	3	1	2	2	2	4	4	4	4	1	4	1
dataset_04_00541	1	1	4	2	2	4	3	4	3	2	2	1
dataset_04_00542	2	5	5	4	4	5	4	4	4	2	4	3
dataset_04_00543	5	4	5	2	5	4	5	5	5	4	5	3
dataset_04_00544	2	2	2	2	2	4	5	2	2	1	1	1
dataset_04_00545	4	3	2	3	4	4	3	2	4	1	3	1
dataset_04_00546	2	4	3	2	1	3	4	4	4	4	2	3
dataset_04_00547	4	3	2	5	4	5	3	2	4	2	5	3
dataset_04_00548	1	1	3	2	2	4	3	1	2	2	2	1
dataset_04_00549	4	3	4	3	3	5	2	2	4	5	2	2
dataset_04_00550	5	2	3	3	4	4	5	3	5	2	3	4
dataset_04_00551	5	5	5	1	2	4	5	5	5	2	1	2
dataset_04_00552	5	5	5	2	5	5	4	4	4	4	2	2
dataset_04_00553	3	2	3	4	4	5	1	3	5	3	4	2
dataset_04_00554	3	4	2	3	4	4	5	3	2	4	4	2
dataset_04_00555	4	2	4	4	3	4	3	2	4	2	2	2
dataset_04_00556	5	3	4	5	4	5	4	4	5	3	5	4
dataset_04_00557	4	2	4	2	2	2	4	2	3	2	4	2
dataset_04_00558	4	3	2	1	2	3	4	2	2	2	1	1
dataset_04_00559	4	3	5	2	4	5	3	4	4	3	3	4
dataset_04_00560	5	2	5	2	3	4	5	4	3	5	5	1
dataset_04_00561	2	2	1	2	3	1	2	2	4	1	1	2
dataset_04_00562	5	5	4	5	5	5	5	5	5	4	5	4
dataset_04_00563	4	5	4	3	5	4	4	5	4	1	3	5
dataset_04_00564	5	4	4	4	3	4	3	3	5	3	1	4
dataset_04_00565	2	4	4	3	2	5	4	5	4	3	3	1
dataset_04_00566	4	3	5	3	4	4	4	4	4	2	2	3
dataset_04_00567	4	5	2	2	3	5	2	4	4	2	2	4
dataset_04_00568	4	2	5	4	4	5	5	5	4	2	2	5
dataset_04_00569	2	2	4	2	2	3	3	4	2	1	2	2
dataset_04_00570	4	2	2	2	2	4	2	2	3	1	1	2
dataset_04_00571	3	4	3	5	2	2	4	3	4	1	2	4
dataset_04_00572	4	2	3	2	1	1	1	2	3	2	1	1
dataset_04_00573	4	2	1	1	1	2	2	2	3	2	1	2
dataset_04_00574	2	1	4	1	1	1	4	1	2	1	2	1
dataset_04_00575	3	1	1	1	2	4	2	1	1	2	2	3
dataset_04_00576	3	4	3	1	1	3	4	4	3	2	1	1
dataset_04_00577	4	2	4	2	2	4	3	4	4	3	2	2
dataset_04_00578	2	2	4	1	1	4	4	3	2	1	3	2
dataset_04_00579	2	4	4	3	5	5	4	4	5	5	5	2
dataset_04_00580	4	2	4	2	3	5	3	5	5	3	1	2
dataset_04_00581	3	4	2	2	1	4	4	2	4	2	2	1
dataset_04_00582	5	2	3	3	4	5	2	4	5	1	2	5
dataset_04_00583	2	2	1	2	2	4	2	2	4	3	1	1
dataset_04_00584	3	4	5	2	5	4	4	4	4	2	4	4
dataset_04_00585	5	3	4	1	5	4	4	4	5	4	4	1
dataset_04_00586	1	2	3	1	4	2	4	1	3	2	1	2
dataset_04_00587	3	4	5	4	2	4	5	4	4	4	1	2
dataset_04_00588	5	4	5	2	5	4	5	5	4	2	4	2
dataset_04_00589	4	3	4	1	2	2	4	4	3	2	1	2
dataset_04_00590	4	1	4	3	2	4	2	2	4	2	1	1
dataset_04_00591	4	4	3	5	3	4	4	5	5	2	4	3
dataset_04_00592	4	5	4	2	3	5	4	2	4	1	1	2
dataset_04_00593	5	4	5	5	4	5	5	5	5	5	5	5
dataset_04_00594	4	5	5	5	5	5	5	5	4	5	4	5
dataset_04_00595	1	4	1	1	1	3	2	1	3	1	4	1
dataset_04_00596	4	2	5	2	4	4	4	2	4	1	3	1
dataset_04_00597	4	2	3	4	4	2	5	4	4	2	2	2
dataset_04_00598	5	4	5	2	2	4	5	2	5	1	2	2
dataset_04_00599	4	4	2	4	5	5	4	4	5	4	2	5
dataset_04_00600	5	5	5	4	4	4	4	5	5	5	5	2
dataset_04_00601	4	4	4	5	4	4	4	4	5	5	4	4
dataset_04_00602	2	2	3	2	2	4	2	4	4	3	5	1
dataset_04_00603	5	4	4	4	5	4	4	4	2	5	1	4
dataset_04_00604	1	2	2	1	1	3	4	2	1	2	3	4
dataset_04_00605	3	1	2	1	2	3	2	1	2	1	1	1
dataset_04_00606	5	5	5	5	5	5	5	4	5	5	5	5
dataset_04_00607	5	4	4	3	3	2	3	1	4	1	2	1
dataset_04_00608	3	5	5	3	5	4	5	4	5	2	3	1
dataset_04_00609	3	2	5	2	5	5	4	5	5	4	3	2
dataset_04_00610	3	1	1	2	1	4	1	1	2	2	1	1
dataset_04_00611	4	1	3	1	3	5	2	3	4	3	2	3
dataset_04_00612	4	5	3	2	4	5	4	4	4	3	2	5
dataset_04_00613	4	5	4	2	2	5	3	3	5	1	2	2
dataset_04_00614	5	2	3	3	4	4	2	4	4	3	2	2
dataset_04_00615	2	1	3	1	3	3	2	2	4	1	4	1
dataset_04_00616	2	1	4	3	4	4	3	5	2	2	5	4
dataset_04_00617	4	2	5	2	3	5	5	4	4	4	5	3
dataset_04_00618	3	1	2	1	2	4	3	1	3	2	1	1
dataset_04_00619	3	4	4	4	3	5	5	2	4	3	5	3
dataset_04_00620	4	3	3	1	3	4	3	4	5	2	2	3
dataset_04_00621	2	2	1	1	4	3	4	3	4	1	4	1
dataset_04_00622	4	2	3	1	3	5	3	4	2	2	2	1
dataset_04_00623	5	1	3	2	2	1	4	1	4	1	1	2
dataset_04_00624	5	2	3	2	1	5	5	4	4	4	4	3
dataset_04_00625	5	4	3	2	3	5	5	2	4	1	5	2
dataset_04_00626	4	4	1	4	2	5	4	3	4	2	2	1
dataset_04_00627	4	1	4	2	3	4	4	4	3	2	3	1
dataset_04_00628	4	4	4	5	4	5	4	3	5	4	5	4
dataset_04_00629	5	4	4	3	3	4	2	4	2	2	3	3
dataset_04_00630	5	4	4	2	4	4	5	4	5	4	3	2
dataset_04_00631	5	4	4	5	5	5	5	2	5	3	4	2
dataset_04_00632	5	4	4	2	2	3	4	4	5	2	4	3
dataset_04_00633	5	1	4	3	4	4	2	1	5	2	2	2
dataset_04_00634	4	3	5	3	2	5	3	3	4	2	2	5
dataset_04_00635	4	1	4	2	2	4	2	4	2	2	1	2
dataset_04_00636	5	5	4	2	4	5	4	4	4	3	1	4
dataset_04_00637	3	4	5	4	4	5	5	4	4	5	2	4
dataset_04_00638	4	4	5	2	4	4	4	4	5	2	4	4
dataset_04_00639	5	2	2	2	2	3	4	2	5	4	2	3
dataset_04_00640	3	1	5	2	2	3	2	4	4	1	2	2
dataset_04_00641	4	5	4	3	3	3	5	4	4	3	4	4
dataset_04_00642	5	5	4	3	4	5	5	2	5	4	4	3
dataset_04_00643	5	5	4	5	4	4	4	4	5	5	4	5
dataset_04_00644	4	4	4	2	4	4	2	3	4	5	1	1
dataset_04_00645	4	4	4	2	4	5	4	4	4	5	2	1
dataset_04_00646	5	4	3	2	4	5	5	3	4	4	2	5
dataset_04_00647	5	3	4	4	2	3	4	2	4	2	2	3
dataset_04_00648	4	4	5	4	5	4	4	5	5	3	4	3
dataset_04_00649	3	4	2	2	5	5	4	2	5	2	3	1
dataset_04_00650	4	1	2	2	2	5	3	1	4	2	1	2
dataset_04_00651	4	3	4	2	4	4	4	4	4	3	5	2
dataset_04_00652	4	4	2	2	2	2	4	1	4	2	3	3
dataset_04_00653	4	5	2	3	2	3	4	3	4	1	4	5
dataset_04_00654	5	1	5	2	3	3	2	4	4	2	3	1
dataset_04_00655	5	3	4	2	4	5	4	2	5	4	2	3
dataset_04_00656	4	2	4	4	1	4	4	2	2	2	4	2
dataset_04_00657	4	4	3	2	4	4	3	1	2	2	2	5
dataset_04_00658	3	1	4	2	2	4	4	2	4	1	2	4
dataset_04_00659	4	5	4	5	5	5	5	4	5	5	5	4
dataset_04_00660	4	3	3	2	2	5	5	4	2	2	2	2
dataset_04_00661	2	1	1	2	1	3	2	1	1	1	1	1
dataset_04_00662	4	4	5	2	3	5	4	3	4	3	4	3
dataset_04_00663	5	3	4	5	5	5	5	3	5	5	4	5
dataset_04_00664	4	5	2	2	5	5	5	4	3	2	5	2
dataset_04_00665	5	5	2	3	4	5	5	5	5	5	3	2
dataset_04_00666	5	2	4	1	4	3	2	2	5	3	4	4
dataset_04_00667	4	3	5	2	3	4	4	5	5	5	2	3
dataset_04_00668	5	4	4	5	5	5	5	3	5	5	3	2
dataset_04_00669	5	4	4	2	2	4	4	3	2	2	5	2
dataset_04_00670	4	4	2	3	3	5	2	3	4	2	1	2
dataset_04_00671	5	4	2	5	5	4	3	4	5	5	5	5
dataset_04_00672	4	4	2	2	3	2	4	2	4	1	1	2
dataset_04_00673	5	5	3	4	4	5	4	4	4	3	1	2
dataset_04_00674	4	1	2	3	2	5	2	4	4	2	2	2
dataset_04_00675	5	2	5	3	4	5	4	4	5	5	4	5
dataset_04_00676	3	1	2	2	2	4	3	3	2	2	1	1
dataset_04_00677	4	4	2	4	2	4	4	4	3	1	4	4
dataset_04_00678	4	5	3	2	2	5	3	4	4	1	1	5
dataset_04_00679	1	1	2	2	2	3	1	2	4	1	1	1
dataset_04_00680	3	3	4	2	2	3	4	2	4	2	4	1
dataset_04_00681	4	1	3	2	4	4	5	4	5	1	4	3
dataset_04_00682	1	4	2	2	2	4	4	3	4	4	4	1
dataset_04_00683	4	4	3	2	3	5	4	2	4	1	4	2
dataset_04_00684	5	3	3	4	5	4	5	2	3	2	3	4
dataset_04_00685	3	1	4	4	2	4	5	2	3	1	1	2
dataset_04_00686	4	3	3	3	2	4	3	1	4	3	4	2
dataset_04_00687	4	5	4	3	4	5	4	4	4	4	2	2
dataset_04_00688	1	1	2	1	2	3	1	1	2	1	1	3
dataset_04_00689	3	3	3	2	4	4	2	1	1	1	2	1
dataset_04_00690	4	1	4	1	1	4	2	3	3	1	2	2
dataset_04_00691	4	3	1	1	2	3	4	4	3	3	1	4
dataset_04_00692	2	1	2	1	3	4	2	3	3	1	2	2
dataset_04_00693	4	4	2	2	2	4	2	4	2	2	3	2
dataset_04_00694	5	2	3	3	4	4	4	3	3	1	1	2
dataset_04_00695	3	2	2	1	2	3	2	2	2	1	1	1
dataset_04_00696	2	4	2	2	1	2	2	3	1	1	1	1
dataset_04_00697	2	2	2	3	1	2	2	3	4	2	4	2
dataset_04_00698	5	5	5	4	4	5	5	5	5	4	1	2
dataset_04_00699	5	5	5	4	4	5	4	4	5	2	4	4
dataset_04_00700	4	5	5	4	4	5	4	4	5	2	4	5
dataset_04_00701	4	3	5	2	4	5	5	3	5	2	4	3
dataset_04_00702	4	3	4	2	2	4	4	2	4	4	4	2
dataset_04_00703	4	5	5	2	4	3	5	5	4	2	2	2
dataset_04_00704	5	5	4	4	3	4	5	5	5	4	4	4
dataset_04_00705	4	2	4	2	4	4	1	3	4	1	1	2
dataset_04_00706	5	5	5	4	3	5	5	4	5	3	2	5
dataset_04_00707	4	4	4	4	4	4	4	5	2	2	4	3
dataset_04_00708	5	3	5	2	1	4	4	2	2	2	4	4
dataset_04_00709	4	1	3	2	2	2	4	3	4	2	2	1
dataset_04_00710	5	4	5	4	4	4	5	4	5	5	3	3
dataset_04_00711	3	4	2	2	2	4	4	2	2	1	4	1
dataset_04_00712	5	2	2	1	2	4	3	1	1	2	2	1
dataset_04_00713	4	4	3	4	5	5	3	5	4	5	4	4
dataset_04_00714	5	4	2	2	3	3	4	4	4	2	2	1
dataset_04_00715	4	4	4	2	4	5	4	5	3	3	5	5
dataset_04_00716	5	5	4	5	5	5	4	5	5	4	4	4
dataset_04_00717	4	5	5	4	2	5	5	3	4	4	5	2
dataset_04_00718	5	5	4	4	5	4	5	5	4	4	4	3
dataset_04_00719	4	2	4	2	2	2	2	2	4	4	4	1
dataset_04_00720	5	2	2	4	4	4	4	4	2	1	1	3
dataset_04_00721	4	4	5	4	4	5	5	4	5	4	5	5
dataset_04_00722	5	4	4	3	4	4	2	4	4	4	4	3
dataset_04_00723	2	2	4	4	2	3	3	2	4	2	1	1
dataset_04_00724	3	4	4	2	4	5	4	3	4	4	4	3
dataset_04_00725	1	1	2	3	1	2	1	2	3	1	2	1
dataset_04_00726	5	4	4	4	3	5	4	4	3	5	5	3
dataset_04_00727	4	4	4	2	5	5	2	4	5	4	4	3
dataset_04_00728	2	2	2	2	3	4	2	1	5	2	1	1
dataset_04_00729	4	1	2	1	1	4	2	1	4	1	1	1
dataset_04_00730	4	2	2	2	5	4	3	4	3	4	4	4
dataset_04_00731	4	2	1	3	2	4	4	4	5	2	4	2
dataset_04_00732	5	2	4	5	3	4	4	2	5	2	2	2
dataset_04_00733	4	2	5	2	3	5	4	2	3	2	4	2
dataset_04_00734	5	3	3	4	2	5	4	2	4	4	2	1
dataset_04_00735	5	4	4	2	5	5	5	2	4	5	5	3
dataset_04_00736	3	4	3	3	2	4	1	1	4	4	3	1
dataset_04_00737	2	1	1	2	2	4	2	3	4	1	1	1
dataset_04_00738	5	2	4	3	3	5	4	5	5	4	2	3
dataset_04_00739	5	3	5	5	5	5	4	5	5	2	1	3
dataset_04_00740	4	5	4	2	4	4	4	3	4	2	1	2
dataset_04_00741	4	1	2	3	5	4	2	3	4	1	1	1
dataset_04_00742	4	5	4	2	2	4	5	2	4	4	4	3
dataset_04_00743	1	2	3	2	2	3	2	2	4	3	1	1
dataset_04_00744	3	3	1	1	1	2	1	1	3	1	1	1
dataset_04_00745	4	4	4	1	2	4	4	4	2	2	4	2
dataset_04_00746	4	4	1	4	3	3	4	4	4	3	1	3
dataset_04_00747	5	4	4	2	4	4	4	5	5	3	3	2
dataset_04_00748	4	4	4	3	4	4	3	2	4	2	4	3
dataset_04_00749	5	5	5	3	5	4	4	5	4	4	4	1
dataset_04_00750	4	2	1	2	3	2	2	1	2	1	1	1
dataset_04_00751	2	1	1	2	2	2	4	1	4	1	1	3
dataset_04_00752	4	3	5	2	2	4	3	2	5	2	2	5
dataset_04_00753	4	1	3	2	5	4	2	2	2	1	1	3
dataset_04_00754	2	3	1	2	3	5	5	3	2	1	3	2
dataset_04_00755	3	5	5	4	4	3	2	2	5	3	1	2
dataset_04_00756	2	3	4	2	3	4	2	1	4	1	1	1
dataset_04_00757	5	5	5	5	5	5	5	5	5	5	5	5
dataset_04_00758	3	4	5	2	2	4	4	3	5	2	3	4
dataset_04_00759	5	4	4	4	5	4	5	5	5	5	5	5
dataset_04_00760	4	2	2	4	2	4	4	2	3	2	5	2
dataset_04_00761	3	4	4	5	2	5	4	3	3	2	1	3
dataset_04_00762	3	2	2	2	1	3	1	1	3	1	1	1
dataset_04_00763	3	5	2	2	4	5	4	4	3	2	1	2
dataset_04_00764	4	4	4	2	2	3	5	3	4	2	5	3
dataset_04_00765	2	4	4	2	4	4	2	2	4	2	2	2
dataset_04_00766	4	2	2	3	1	4	2	4	4	2	1	2
dataset_04_00767	4	4	4	4	4	5	4	4	4	4	5	4
dataset_04_00768	5	4	4	4	4	4	5	3	4	5	1	3
dataset_04_00769	2	1	2	3	2	4	4	3	4	1	2	3
dataset_04_00770	4	3	5	4	4	5	4	5	4	4	2	2
dataset_04_00771	4	2	3	3	3	3	5	1	3	4	1	2
dataset_04_00772	2	3	4	2	2	4	4	2	4	3	1	2
dataset_04_00773	4	2	2	2	3	4	4	4	4	2	1	1
dataset_04_00774	5	2	4	5	5	5	5	3	5	3	5	2
dataset_04_00775	4	3	5	2	3	5	5	4	5	5	4	1
dataset_04_00776	4	4	5	4	3	4	5	4	5	2	4	5
dataset_04_00777	4	2	2	2	4	4	2	2	2	2	4	1
dataset_04_00778	5	3	3	3	2	3	2	4	4	2	2	1
dataset_04_00779	5	5	5	3	4	5	4	4	5	5	2	5
dataset_04_00780	5	2	2	4	2	3	4	2	5	4	2	1
dataset_04_00781	2	1	4	2	1	3	1	1	3	1	1	2
dataset_04_00782	5	2	3	1	2	3	2	2	4	1	1	1
dataset_04_00783	4	1	3	3	3	4	4	2	3	3	4	1
dataset_04_00784	2	2	1	1	1	3	2	2	4	1	2	1
dataset_04_00785	5	4	5	1	5	5	4	2	3	3	4	1
dataset_04_00786	5	5	4	3	2	5	4	2	5	2	2	4
dataset_04_00787	2	1	3	2	1	4	2	3	2	1	1	1
dataset_04_00788	2	4	1	2	3	1	2	1	4	2	2	1
dataset_04_00789	4	1	4	3	4	5	3	2	5	2	2	1
dataset_04_00790	3	1	4	1	2	4	4	4	5	2	2	4
dataset_04_00791	2	2	5	1	4	3	4	3	4	2	3	2
dataset_04_00792	5	4	4	3	2	5	4	4	4	4	1	4
dataset_04_00793	5	4	5	2	4	4	4	4	5	4	3	4
dataset_04_00794	4	3	4	2	2	4	2	2	4	2	2	4
dataset_04_00795	4	3	2	5	5	5	4	5	5	4	5	4
dataset_04_00796	5	5	5	5	4	4	3	3	4	2	5	2
dataset_04_00797	2	1	1	1	2	3	1	1	3	1	1	1
dataset_04_00798	2	4	3	1	1	4	4	1	1	1	4	1
dataset_04_00799	4	2	4	3	3	2	2	3	3	2	2	2
dataset_04_00800	4	2	1	1	4	3	1	2	1	1	2	2
dataset_04_00801	2	4	3	5	4	4	4	4	4	4	3	5
dataset_04_00802	3	4	2	1	3	4	4	3	1	1	3	1
dataset_04_00803	5	3	2	2	2	4	2	2	2	2	1	4
dataset_04_00804	2	1	5	1	1	4	1	1	4	1	2	1
dataset_04_00805	3	2	2	1	2	4	2	2	5	1	3	2
dataset_04_00806	1	2	3	3	4	4	3	2	4	2	2	1
dataset_04_00807	5	3	5	2	4	5	3	4	5	5	2	4
dataset_04_00808	4	3	5	5	2	5	4	4	4	5	4	2
dataset_04_00809	5	3	4	4	4	5	5	5	4	4	4	4
dataset_04_00810	2	3	3	1	4	4	2	5	1	1	1	1
dataset_04_00811	4	4	4	4	2	5	3	5	4	2	2	1
dataset_04_00812	3	4	4	2	4	5	4	5	5	4	3	5
dataset_04_00813	4	3	3	1	5	2	4	3	4	3	4	2
dataset_04_00814	5	1	4	2	4	5	4	3	4	1	4	4
dataset_04_00815	2	1	1	1	1	2	2	1	1	1	1	2
dataset_04_00816	3	4	5	4	5	4	4	5	5	4	4	3
dataset_04_00817	5	5	4	5	4	5	3	4	5	4	5	3
dataset_04_00818	5	4	3	5	2	4	4	3	5	4	1	2
dataset_04_00819	4	4	3	2	4	5	4	2	5	4	4	4
dataset_04_00820	5	2	4	2	2	3	2	2	4	3	1	2
dataset_04_00821	4	5	4	2	5	5	5	4	5	4	2	4
dataset_04_00822	3	1	2	1	5	3	2	2	4	1	1	1
dataset_04_00823	4	2	5	2	2	4	4	2	4	2	1	1
dataset_04_00824	2	3	3	4	2	5	3	2	4	2	2	2
dataset_04_00825	4	3	2	1	2	4	2	2	3	1	3	1
dataset_04_00826	5	4	1	1	4	4	4	4	4	2	4	2
dataset_04_00827	5	5	5	5	5	5	5	5	5	4	5	4
dataset_04_00828	5	1	2	3	3	4	1	3	5	1	1	2
dataset_04_00829	3	2	3	2	2	5	5	5	4	5	3	4
dataset_04_00830	4	5	3	2	2	4	3	3	4	3	4	3
dataset_04_00831	5	4	4	5	4	4	4	3	5	3	3	4
dataset_04_00832	4	2	4	2	3	3	3	3	2	4	3	2
dataset_04_00833	5	2	2	2	4	2	3	1	2	1	1	1
dataset_04_00834	4	5	5	2	5	5	5	4	5	4	3	3
dataset_04_00835	4	2	5	4	4	4	4	4	2	1	4	1
dataset_04_00836	2	3	3	2	4	4	4	2	5	1	1	2
dataset_04_00837	2	3	5	4	2	4	4	5	4	5	2	4
dataset_04_00838	2	1	1	1	1	2	3	4	2	1	2	1
dataset_04_00839	3	2	2	3	3	4	2	2	4	2	1	3
dataset_04_00840	2	3	4	4	3	4	3	4	2	2	1	2
dataset_04_00841	4	1	1	2	1	2	2	2	2	1	1	1
dataset_04_00842	2	2	3	1	2	2	3	2	3	2	1	1
dataset_04_00843	5	5	3	1	3	5	4	4	5	4	2	5
dataset_04_00844	4	3	3	2	4	5	4	4	5	2	5	4
dataset_04_00845	5	3	4	2	5	4	5	4	3	2	1	3
dataset_04_00846	3	1	3	2	2	4	4	4	1	2	1	2
dataset_04_00847	4	2	4	3	3	3	4	4	5	2	2	1
dataset_04_00848	2	2	3	1	2	4	3	2	4	1	1	3
dataset_04_00849	4	2	1	4	3	5	5	4	5	2	1	4
dataset_04_00850	5	1	4	2	3	4	4	3	3	1	1	2
dataset_04_00851	4	5	4	2	2	5	3	4	4	2	5	4
dataset_04_00852	5	4	2	2	4	5	2	2	4	1	2	1
dataset_04_00853	4	2	4	1	3	2	2	1	4	2	1	1
dataset_04_00854	1	1	2	1	1	2	1	1	1	1	1	1
dataset_04_00855	5	2	2	4	5	2	4	3	4	1	4	1
dataset_04_00856	4	4	4	2	4	4	4	4	4	2	4	3
dataset_04_00857	1	2	1	1	1	4	1	1	1	1	1	1
dataset_04_00858	3	2	3	2	4	5	4	5	5	1	5	2
dataset_04_00859	4	5	5	2	4	4	4	4	2	5	5	2
dataset_04_00860	1	1	3	1	1	3	1	1	3	1	1	1
dataset_04_00861	4	2	2	1	1	5	2	2	4	2	2	1
dataset_04_00862	5	2	4	4	4	5	3	5	2	4	4	2
dataset_04_00863	5	4	5	2	4	5	4	5	5	3	2	5
dataset_04_00864	2	1	1	1	3	2	1	2	4	2	2	1
dataset_04_00865	4	2	5	3	4	5	4	5	5	4	1	2
dataset_04_00866	2	3	2	2	3	2	1	1	2	1	3	1
dataset_04_00867	4	4	2	1	4	5	3	2	1	1	2	2
dataset_04_00868	4	3	3	3	4	4	2	4	5	1	3	1
dataset_04_00869	3	2	1	2	2	4	2	2	3	1	1	1
dataset_04_00870	4	2	4	3	3	5	4	2	4	1	2	3
dataset_04_00871	1	1	2	1	2	3	1	1	4	1	1	1
dataset_04_00872	4	4	4	2	4	4	4	2	5	5	3	4
dataset_04_00873	4	4	3	1	4	5	2	4	4	2	2	2
dataset_04_00874	3	1	4	1	2	2	3	2	2	1	1	1
dataset_04_00875	5	3	3	5	3	5	5	4	4	5	2	5
dataset_04_00876	4	4	5	1	2	5	4	3	3	3	3	4
dataset_04_00877	4	2	4	4	5	5	2	4	4	2	4	3
dataset_04_00878	4	5	5	5	4	5	4	4	4	4	5	2
dataset_04_00879	3	2	4	3	4	3	4	4	4	2	3	1
dataset_04_00880	5	5	5	5	5	5	5	5	5	5	5	4
dataset_04_00881	4	5	2	3	2	4	5	3	2	3	1	2
dataset_04_00882	3	2	5	4	1	4	3	4	4	1	4	1
dataset_04_00883	4	1	5	2	3	5	4	2	4	2	4	2
dataset_04_00884	4	1	4	3	4	4	4	3	4	2	2	1
dataset_04_00885	5	5	4	3	5	5	4	5	5	2	1	2
dataset_04_00886	4	4	1	4	2	4	4	2	1	1	3	1
dataset_04_00887	5	2	4	3	5	4	4	4	4	2	1	1
dataset_04_00888	4	3	2	3	4	4	4	2	4	3	3	3
dataset_04_00889	4	5	5	1	5	4	5	5	5	5	2	2
dataset_04_00890	4	1	2	2	1	5	3	4	4	4	3	3
dataset_04_00891	4	4	4	5	5	4	5	5	4	4	4	5
dataset_04_00892	4	4	2	4	3	4	4	2	4	2	3	3
dataset_04_00893	4	4	3	4	4	4	4	2	5	5	5	1
dataset_04_00894	3	2	2	3	2	4	4	3	4	2	1	1
dataset_04_00895	4	3	4	3	2	4	5	4	4	3	5	2
dataset_04_00896	3	4	2	2	2	4	2	3	3	2	1	1
dataset_04_00897	5	2	5	5	5	5	5	5	4	5	4	5
dataset_04_00898	5	5	2	4	5	5	4	2	5	3	5	5
dataset_04_00899	5	2	4	3	2	4	3	3	5	2	3	3
dataset_04_00900	4	4	4	3	2	4	3	5	4	5	5	3
dataset_04_00901	1	1	4	4	3	4	1	1	2	2	2	1
dataset_04_00902	5	5	4	5	5	5	5	5	5	5	5	5
dataset_04_00903	4	1	2	1	2	1	3	2	5	2	1	1
dataset_04_00904	5	5	5	5	4	4	5	5	5	4	4	5
dataset_04_00905	5	5	5	5	5	4	5	5	5	5	4	5
dataset_04_00906	2	4	3	1	2	3	2	2	5	2	2	2
dataset_04_00907	2	2	5	2	2	4	4	2	4	1	4	2
dataset_04_00908	2	2	2	1	4	3	2	3	4	1	2	1
dataset_04_00909	3	4	4	2	2	4	4	4	3	3	2	1
dataset_04_00910	3	2	2	2	1	3	1	1	2	4	1	2
dataset_04_00911	2	4	3	1	3	4	1	2	2	2	2	1
dataset_04_00912	4	1	5	4	5	5	3	4	5	2	5	4
dataset_04_00913	4	1	1	1	3	4	3	2	2	3	1	1
dataset_04_00914	3	1	3	2	4	5	2	4	2	4	2	4
dataset_04_00915	4	2	1	2	4	4	2	2	3	1	4	1
dataset_04_00916	4	2	5	3	3	4	2	4	4	2	2	2
dataset_04_00917	2	2	3	1	4	4	2	2	2	1	2	1
dataset_04_00918	3	3	4	2	3	4	2	5	3	1	1	5
dataset_04_00919	2	4	1	3	4	5	4	3	4	2	2	4
dataset_04_00920	2	2	4	1	3	4	3	2	2	2	4	2
dataset_04_00921	5	5	5	3	5	4	4	5	5	5	5	4
dataset_04_00922	3	1	4	3	4	4	4	2	2	2	3	4
dataset_04_00923	2	1	4	1	3	5	3	1	5	3	1	1
dataset_04_00924	4	4	2	2	4	4	5	2	4	3	4	2
dataset_04_00925	5	2	4	2	2	5	2	4	4	4	4	4
dataset_04_00926	4	3	5	2	3	5	4	4	5	4	1	4
dataset_04_00927	4	4	2	2	4	4	5	5	4	1	3	4
dataset_04_00928	2	4	4	4	4	5	1	5	3	2	1	5
dataset_04_00929	2	3	3	2	2	2	1	4	3	1	1	2
dataset_04_00930	3	1	4	3	2	3	2	4	4	1	2	3
dataset_04_00931	4	4	4	4	3	5	4	4	5	3	2	2
dataset_04_00932	4	4	5	3	2	3	3	1	4	1	2	1
dataset_04_00933	5	3	4	2	5	4	4	4	3	4	2	1
dataset_04_00934	5	2	5	3	4	5	4	5	5	2	5	5
dataset_04_00935	2	2	2	1	4	3	2	4	4	1	3	2
dataset_04_00936	2	1	1	2	4	2	1	2	1	2	1	3
dataset_04_00937	5	4	2	1	3	3	2	2	1	2	2	1
dataset_04_00938	4	4	4	5	3	5	4	4	4	2	2	2
dataset_04_00939	3	5	3	3	4	5	2	4	5	3	4	5
dataset_04_00940	4	1	5	3	4	4	4	4	3	1	4	2
dataset_04_00941	5	3	2	3	3	4	4	3	4	3	2	2
dataset_04_00942	5	5	5	5	5	5	4	5	4	5	5	3
dataset_04_00943	4	2	3	2	2	4	3	3	4	2	3	2
dataset_04_00944	3	2	4	3	2	2	3	1	4	1	2	2
dataset_04_00945	5	4	4	4	4	5	5	4	4	2	2	3
dataset_04_00946	5	5	5	3	5	5	4	4	2	4	3	2
dataset_04_00947	3	2	1	1	2	3	1	2	3	2	1	2
dataset_04_00948	5	5	5	4	4	5	5	5	4	5	4	5
dataset_04_00949	4	4	4	5	5	5	3	5	5	4	5	4
dataset_04_00950	4	2	2	3	4	5	5	3	4	3	2	5
dataset_04_00951	2	1	2	1	1	2	3	2	2	2	1	1
dataset_04_00952	5	5	5	1	3	5	4	5	4	2	3	3
dataset_04_00953	4	5	4	4	5	5	4	3	4	3	4	2
dataset_04_00954	4	4	2	5	4	2	2	4	4	4	1	4
dataset_04_00955	1	1	2	1	5	1	2	1	3	1	2	1
dataset_04_00956	2	2	3	4	4	5	2	3	4	2	4	1
dataset_04_00957	5	3	4	2	3	5	4	2	4	2	3	1
dataset_04_00958	5	4	4	2	5	5	2	5	5	3	4	2
dataset_04_00959	4	2	5	2	5	4	4	5	5	5	2	2
dataset_04_00960	1	2	5	1	1	5	2	2	4	2	1	4
dataset_04_00961	2	4	5	1	2	5	4	2	4	2	3	1
dataset_04_00962	5	3	4	5	2	5	5	4	5	5	5	3
dataset_04_00963	5	4	4	3	3	5	5	5	5	3	5	4
dataset_04_00964	2	1	2	1	2	4	3	1	5	1	2	1
dataset_04_00965	5	5	5	5	5	5	4	4	5	5	5	4
dataset_04_00966	5	4	2	2	4	5	4	5	4	2	2	2
dataset_04_00967	5	5	5	3	4	5	5	5	5	5	4	4
dataset_04_00968	4	2	3	3	4	4	4	4	4	2	5	3
dataset_04_00969	4	3	1	2	3	4	2	2	3	2	4	2
dataset_04_00970	4	5	5	4	5	5	4	5	5	4	5	4
dataset_04_00971	2	2	1	3	1	2	3	1	2	2	1	1
dataset_04_00972	3	4	3	4	5	5	5	4	5	5	5	4
dataset_04_00973	5	1	4	4	3	5	5	4	4	1	2	4
dataset_04_00974	5	4	5	4	4	4	4	3	3	3	2	2
dataset_04_00975	5	5	3	5	5	5	4	3	4	5	2	3
dataset_04_00976	4	2	4	2	4	4	2	1	2	2	1	1
dataset_04_00977	5	3	5	5	5	5	5	4	5	4	4	4
dataset_04_00978	2	1	1	2	1	3	3	2	2	5	2	1
dataset_04_00979	5	3	2	2	4	4	4	4	2	5	4	1
dataset_04_00980	5	5	5	5	5	4	4	4	2	2	5	4
dataset_04_00981	4	4	2	1	2	5	3	4	4	3	1	2
dataset_04_00982	4	2	3	1	2	5	4	1	4	4	4	1
dataset_04_00983	5	5	5	5	2	4	5	5	5	5	4	4
dataset_04_00984	4	1	4	3	3	5	4	4	4	3	4	1
dataset_04_00985	2	2	2	1	3	3	4	1	4	4	1	3
dataset_04_00986	4	4	5	4	4	4	4	4	4	2	2	2
dataset_04_00987	4	3	4	4	5	4	4	2	4	1	4	3
dataset_04_00988	4	4	2	1	3	1	2	4	4	4	2	1
dataset_04_00989	4	1	2	2	1	2	1	2	5	2	2	1
dataset_04_00990	1	2	2	2	2	2	1	3	2	2	1	1
dataset_04_00991	4	4	2	2	3	3	3	2	4	1	2	2
dataset_04_00992	5	3	5	2	5	4	4	2	5	5	2	5
dataset_04_00993	5	5	3	3	1	5	4	3	3	3	2	2
dataset_04_00994	4	3	4	4	4	5	4	2	4	4	4	3
dataset_04_00995	4	4	4	4	4	4	3	4	3	5	4	1
dataset_04_00996	5	5	4	2	4	5	3	5	4	2	5	1
dataset_04_00997	4	3	3	4	4	4	2	3	1	2	2	2
dataset_04_00998	4	3	2	1	2	2	4	2	2	1	1	1
dataset_04_00999	5	4	4	5	5	5	4	2	5	3	4	3
dataset_04_01000	4	5	4	2	2	4	3	4	2	2	1	1
dataset_04_01001	3	1	2	5	3	4	4	4	5	1	5	1
dataset_04_01002	1	1	2	2	3	3	2	3	3	1	1	1
dataset_04_01003	4	2	4	1	1	4	3	4	5	1	2	2
dataset_04_01004	5	1	4	5	4	5	4	5	5	5	3	5
dataset_04_01005	1	3	3	2	1	3	1	2	2	1	1	2
dataset_04_01006	5	4	5	3	2	5	5	4	4	2	4	2
dataset_04_01007	5	4	2	3	3	5	4	5	4	3	4	4
dataset_04_01008	4	4	4	5	4	4	4	3	4	4	1	3
dataset_04_01009	4	4	3	2	4	4	4	2	4	1	2	1
dataset_04_01010	4	5	5	5	5	3	5	5	4	1	5	5
dataset_04_01011	4	4	4	4	4	5	4	3	2	4	4	1
dataset_04_01012	4	4	2	2	2	1	3	2	4	2	4	2
dataset_04_01013	3	1	3	4	2	5	2	2	4	3	3	3
dataset_04_01014	5	4	4	2	5	5	5	5	5	3	2	5
dataset_04_01015	2	4	5	3	3	2	4	2	4	2	3	4
dataset_04_01016	5	4	5	4	4	5	4	4	5	5	3	4
dataset_04_01017	5	3	5	2	2	5	4	4	4	1	1	2
dataset_04_01018	4	4	2	5	2	4	1	4	5	5	3	1
dataset_04_01019	1	1	2	1	1	2	1	1	2	1	1	2
dataset_04_01020	4	3	1	2	4	4	1	4	4	2	1	1
dataset_04_01021	5	1	4	2	2	2	4	4	4	4	2	2
dataset_04_01022	3	1	5	4	2	4	4	3	4	1	2	2
dataset_04_01023	3	3	4	3	5	4	4	2	5	2	3	2
dataset_04_01024	5	2	4	3	4	4	5	5	3	2	4	2
dataset_04_01025	3	5	5	4	4	5	5	5	4	4	2	5
dataset_04_01026	2	4	4	2	4	5	5	4	2	1	4	4
dataset_04_01027	5	5	4	4	4	4	4	5	5	4	5	5
dataset_04_01028	4	5	4	2	4	5	4	5	4	4	5	4
dataset_04_01029	4	1	1	2	2	2	1	2	2	4	2	1
dataset_04_01030	5	4	4	3	4	4	4	5	5	4	2	2
dataset_04_01031	2	1	2	2	4	4	2	3	1	1	1	1
dataset_04_01032	4	4	2	2	2	4	4	3	4	4	2	4
dataset_04_01033	1	1	4	2	4	2	1	2	1	2	2	1
dataset_04_01034	4	2	4	2	2	5	1	1	4	1	1	2
dataset_04_01035	4	2	4	2	4	2	2	4	2	3	2	1
dataset_04_01036	3	4	3	4	2	4	2	2	2	3	1	3
dataset_04_01037	4	1	5	5	4	5	5	2	4	5	4	2
dataset_04_01038	4	2	4	4	4	5	2	4	4	2	1	2
dataset_04_01039	4	4	5	2	4	5	5	2	5	2	2	2
dataset_04_01040	4	2	3	3	4	4	4	3	3	2	1	2
dataset_04_01041	4	4	5	4	4	5	4	5	4	4	3	5
dataset_04_01042	5	5	5	4	4	5	5	5	5	5	5	5
dataset_04_01043	5	4	5	5	4	5	5	4	5	5	5	2
dataset_04_01044	4	2	2	3	4	4	3	5	3	2	5	3
dataset_04_01045	4	5	4	4	4	5	4	4	4	4	2	3
dataset_04_01046	4	4	2	2	2	3	2	1	4	3	1	2
dataset_04_01047	3	1	4	1	1	4	3	2	2	2	2	1
dataset_04_01048	2	4	1	1	1	1	1	2	1	1	1	1
dataset_04_01049	5	4	2	2	4	4	3	2	5	5	3	3
dataset_04_01050	4	3	2	3	2	4	3	2	3	1	2	2
dataset_04_01051	4	4	5	4	3	4	5	2	4	2	3	3
dataset_04_01052	2	2	2	2	2	4	1	4	4	4	1	2
dataset_04_01053	3	4	4	1	4	4	1	4	4	1	1	1
dataset_04_01054	2	1	1	1	1	1	1	1	2	1	1	1
dataset_04_01055	3	4	3	4	4	5	4	3	4	1	4	1
dataset_04_01056	2	4	3	2	2	4	3	4	3	2	2	1
dataset_04_01057	4	2	2	2	1	3	1	2	1	1	2	1
dataset_04_01058	5	5	5	5	5	5	5	5	5	5	5	5
dataset_04_01059	5	5	5	5	5	5	5	5	5	3	3	5
dataset_04_01060	3	2	4	4	5	4	4	4	5	2	2	2
dataset_04_01061	5	2	3	4	2	5	3	5	5	5	4	5
dataset_04_01062	5	3	5	2	5	4	4	2	4	4	2	5
dataset_04_01063	5	5	2	4	5	4	4	3	5	2	4	3
dataset_04_01064	4	1	2	3	4	4	3	4	4	2	1	2
dataset_04_01065	5	2	5	1	3	4	4	3	1	3	1	2
dataset_04_01066	5	2	3	3	3	4	3	3	2	4	4	1
dataset_04_01067	5	2	2	2	4	3	2	4	2	1	2	1
dataset_04_01068	3	3	4	4	2	4	1	4	3	2	3	1
dataset_04_01069	3	3	1	1	1	2	1	1	1	1	1	1
dataset_04_01070	4	4	4	4	4	5	3	5	5	4	3	4
dataset_04_01071	5	5	4	5	3	5	4	5	5	5	5	4
dataset_04_01072	5	1	5	4	2	4	3	5	4	5	2	4
dataset_04_01073	4	4	5	4	4	4	5	5	4	1	4	4
dataset_04_01074	1	2	2	3	2	3	2	2	1	1	4	1
dataset_04_01075	3	2	2	3	3	4	4	4	4	1	2	1
dataset_04_01076	2	1	4	1	4	2	3	3	3	1	4	1
dataset_04_01077	4	4	4	3	4	4	4	3	4	4	2	1
dataset_04_01078	5	4	1	2	3	4	2	5	3	1	1	1
dataset_04_01079	4	4	5	5	4	5	5	4	4	3	4	5
dataset_04_01080	4	2	5	2	2	2	3	3	5	2	2	2
dataset_04_01081	5	2	4	5	4	4	4	4	4	2	4	2
dataset_04_01082	4	5	3	5	5	5	5	5	4	4	3	5
dataset_04_01083	5	2	3	3	2	3	2	4	2	2	1	1
dataset_04_01084	4	1	4	3	2	4	4	2	4	4	1	3
dataset_04_01085	3	4	5	2	1	4	2	2	2	3	2	1
dataset_04_01086	5	4	5	3	4	5	4	4	4	5	4	1
dataset_04_01087	3	1	2	2	3	5	2	3	1	2	3	1
dataset_04_01088	4	2	5	2	5	5	5	3	4	1	3	3
dataset_04_01089	2	2	1	4	2	5	4	3	2	2	1	4
dataset_04_01090	4	1	4	2	3	4	3	2	2	1	2	1
dataset_04_01091	4	5	5	2	4	4	5	5	5	2	2	1
dataset_04_01092	5	4	4	4	4	5	4	3	3	3	2	5
dataset_04_01093	5	4	5	3	5	5	4	5	5	3	2	4
dataset_04_01094	2	1	3	1	3	4	3	2	3	1	2	1
dataset_04_01095	2	1	4	4	2	2	4	4	3	1	1	2
dataset_04_01096	4	2	4	3	2	5	4	5	5	2	2	1
dataset_04_01097	4	4	4	2	3	5	5	4	2	1	2	2
dataset_04_01098	2	2	4	3	4	5	4	2	4	1	4	3
dataset_04_01099	5	2	4	2	3	2	2	1	1	1	1	1
dataset_04_01100	4	5	2	3	2	4	4	2	5	2	4	3
dataset_04_01101	1	1	1	2	1	3	3	1	2	1	1	1
dataset_04_01102	5	5	5	5	5	5	5	5	5	3	5	5
dataset_04_01103	4	2	3	2	4	4	4	3	2	2	4	5
dataset_04_01104	4	3	2	1	1	4	3	2	4	4	1	2
dataset_04_01105	4	3	4	4	5	5	3	2	5	2	4	2
dataset_04_01106	4	2	1	1	3	5	4	4	1	2	1	2
dataset_04_01107	4	2	4	3	4	4	4	2	4	3	2	2
dataset_04_01108	4	2	5	4	5	2	4	4	5	3	5	3
dataset_04_01109	4	1	2	1	3	4	4	4	3	4	2	2
dataset_04_01110	4	1	1	1	4	2	4	2	2	2	3	2
dataset_04_01111	4	1	1	1	2	4	2	2	2	1	1	1
dataset_04_01112	4	1	1	4	5	4	3	3	4	1	3	2
dataset_04_01113	4	4	2	3	2	4	2	1	4	1	2	3
dataset_04_01114	4	3	4	2	4	5	2	5	4	2	4	4
dataset_04_01115	5	2	4	4	3	5	5	5	4	5	2	3
dataset_04_01116	5	5	5	4	5	5	4	4	4	4	5	4
dataset_04_01117	5	5	4	5	4	5	4	5	5	2	2	4
dataset_04_01118	4	4	5	3	3	3	1	4	2	2	4	2
dataset_04_01119	5	4	5	3	3	5	4	4	4	4	4	2
dataset_04_01120	3	5	5	4	4	5	3	5	5	3	2	3
dataset_04_01121	3	3	2	2	2	5	2	4	2	1	5	2
dataset_04_01122	2	2	5	3	3	3	4	5	5	3	3	3
dataset_04_01123	4	4	5	2	4	4	4	3	4	2	5	4
dataset_04_01124	2	2	1	3	1	1	1	3	3	1	1	2
dataset_04_01125	5	4	4	4	5	5	5	5	5	5	5	5
dataset_04_01126	5	5	5	5	5	4	5	5	5	3	4	5
dataset_04_01127	1	3	3	1	1	3	4	4	4	1	1	3
dataset_04_01128	4	4	3	2	1	5	3	3	2	1	2	2
dataset_04_01129	4	5	4	3	3	5	5	4	4	3	4	2
dataset_04_01130	4	1	4	2	4	4	2	1	2	1	3	1
dataset_04_01131	5	1	4	2	4	4	4	4	3	2	1	3
dataset_04_01132	5	5	5	5	5	5	5	5	5	5	5	3
dataset_04_01133	1	3	3	2	1	3	2	5	3	2	4	1
dataset_04_01134	5	3	2	2	3	3	4	2	3	3	1	1
dataset_04_01135	5	5	5	4	2	4	4	3	4	4	5	5
dataset_04_01136	4	2	4	2	4	5	2	4	4	2	2	2
dataset_04_01137	4	2	3	4	4	4	4	5	4	4	3	2
dataset_04_01138	5	4	4	4	3	5	4	5	4	4	4	5
dataset_04_01139	4	4	1	2	3	4	2	1	5	2	1	1
dataset_04_01140	4	4	5	3	3	5	5	4	5	3	5	4
dataset_04_01141	4	3	4	3	3	2	3	5	5	4	4	1
dataset_04_01142	5	5	5	5	5	5	5	5	5	5	5	5
dataset_04_01143	3	1	1	5	2	4	3	2	4	4	2	2
dataset_04_01144	4	5	5	4	4	5	4	4	5	5	5	3
dataset_04_01145	5	4	4	3	5	5	3	5	4	2	5	3
dataset_04_01146	3	1	4	3	2	4	5	5	4	2	4	3
dataset_04_01147	5	1	1	3	3	4	4	4	4	1	4	5
dataset_04_01148	4	4	2	2	2	4	2	2	4	1	4	1
dataset_04_01149	5	4	5	5	5	5	5	5	5	5	5	4
dataset_04_01150	5	1	2	5	1	4	4	3	4	3	1	2
dataset_04_01151	2	2	2	3	1	2	2	4	4	2	1	1
dataset_04_01152	5	4	5	3	1	2	5	2	5	4	3	3
dataset_04_01153	4	4	4	4	3	4	4	1	3	3	1	2
dataset_04_01154	5	4	5	4	4	4	4	5	4	4	2	3
dataset_04_01155	4	4	4	4	3	5	4	3	4	2	2	3
dataset_04_01156	4	3	5	5	3	5	5	5	5	4	1	3
dataset_04_01157	4	2	2	2	4	4	5	5	4	2	1	4
dataset_04_01158	5	5	5	4	4	5	4	5	5	4	5	4
dataset_04_01159	2	4	4	4	4	5	5	4	4	3	1	2
dataset_04_01160	2	1	4	3	1	3	2	1	2	1	1	1
dataset_04_01161	4	3	4	2	2	4	2	2	5	2	4	5
dataset_04_01162	5	5	5	4	5	5	5	5	5	5	5	5
dataset_04_01163	4	2	5	2	3	4	5	4	4	2	3	5
dataset_04_01164	5	3	3	3	4	5	4	2	4	2	1	2
dataset_04_01165	4	3	2	1	3	4	4	3	3	3	4	1
dataset_04_01166	4	3	3	1	3	5	3	4	3	2	4	2
dataset_04_01167	5	5	3	3	5	5	4	5	5	4	3	5
dataset_04_01168	5	4	4	3	5	5	4	5	4	2	4	1
dataset_04_01169	4	2	4	3	2	4	3	1	4	3	1	1
dataset_04_01170	2	1	2	3	2	4	3	4	2	2	1	3
dataset_04_01171	4	4	5	3	4	5	4	5	5	5	4	5
dataset_04_01172	4	1	1	2	2	4	4	3	2	3	2	2
dataset_04_01173	4	2	5	4	4	5	4	4	4	4	4	2
dataset_04_01174	4	4	4	4	5	5	4	4	4	3	4	4
dataset_04_01175	4	3	4	5	5	5	4	4	4	4	4	4
dataset_04_01176	1	4	2	2	1	3	2	2	4	1	4	2
dataset_04_01177	1	2	4	4	5	5	4	4	4	2	1	3
dataset_04_01178	4	2	2	2	3	4	4	3	4	1	1	2
dataset_04_01179	1	1	4	2	2	2	1	1	1	1	2	3
dataset_04_01180	3	4	4	4	4	5	4	1	4	2	5	1
dataset_04_01181	5	5	5	2	5	5	5	4	3	4	5	3
dataset_04_01182	2	2	4	4	2	3	4	2	2	2	2	2
dataset_04_01183	3	2	2	3	4	4	4	4	4	4	1	1
dataset_04_01184	5	4	5	3	5	3	5	5	2	4	4	2
dataset_04_01185	5	5	5	5	5	5	5	3	5	5	5	5
dataset_04_01186	2	2	4	5	4	4	3	4	5	1	1	4
dataset_04_01187	2	1	4	2	2	4	4	4	2	1	1	1
dataset_04_01188	5	2	4	2	5	4	4	4	5	4	3	4
dataset_04_01189	2	3	1	3	1	4	4	2	1	2	1	1
dataset_04_01190	5	3	2	2	3	5	4	3	4	1	4	3
dataset_04_01191	5	5	5	3	4	5	5	5	5	5	5	4
dataset_04_01192	2	1	4	2	1	4	5	3	1	1	1	3
dataset_04_01193	5	4	4	4	4	5	4	5	4	2	3	5
dataset_04_01194	4	4	5	4	4	5	5	5	5	1	4	5
dataset_04_01195	4	1	3	1	4	5	5	3	4	4	5	5
dataset_04_01196	3	4	5	2	3	4	4	4	4	2	3	3
dataset_04_01197	5	1	5	2	4	4	2	2	3	2	1	3
dataset_04_01198	1	2	5	2	4	3	3	4	2	2	2	2
dataset_04_01199	2	3	2	4	2	4	3	1	4	2	1	2
dataset_04_01200	4	4	4	2	4	4	4	3	4	2	5	3
dataset_04_01201	4	2	3	2	2	4	2	2	2	2	2	1
dataset_04_01202	3	2	1	3	1	3	5	1	4	2	1	1
dataset_04_01203	5	3	3	5	4	5	5	5	4	4	5	2
dataset_04_01204	5	5	5	4	5	5	5	4	5	4	3	4
dataset_04_01205	4	4	3	3	3	5	2	2	2	1	1	2
dataset_04_01206	4	2	2	3	2	4	1	4	4	2	3	2
dataset_04_01207	4	1	4	2	4	4	4	1	1	1	2	3
dataset_04_01208	4	1	3	5	4	3	4	2	2	4	2	1
dataset_04_01209	5	5	5	5	4	5	5	5	5	4	4	2
dataset_04_01210	4	2	2	1	3	5	2	3	4	1	1	1
dataset_04_01211	2	1	4	1	4	4	2	2	3	1	1	1
dataset_04_01212	4	4	4	3	5	3	4	2	4	2	2	1
dataset_04_01213	4	1	4	2	4	5	4	4	4	1	4	3
dataset_04_01214	5	4	5	3	4	5	4	5	5	3	5	5
dataset_04_01215	2	1	4	2	2	4	4	3	5	5	2	1
dataset_04_01216	5	5	5	5	5	5	5	3	5	5	3	4
dataset_04_01217	5	5	5	2	4	4	2	5	5	5	1	2
dataset_04_01218	2	4	4	2	4	2	4	2	5	2	2	2
dataset_04_01219	1	2	4	2	3	4	3	2	4	2	4	2
dataset_04_01220	3	3	1	1	1	5	1	2	4	1	4	1
dataset_04_01221	5	4	5	1	5	4	4	2	5	3	3	3
dataset_04_01222	5	5	4	5	5	5	5	5	5	5	4	5
dataset_04_01223	4	1	3	2	4	3	3	4	5	4	4	3
dataset_04_01224	1	1	2	1	2	3	2	2	3	1	1	2
dataset_04_01225	4	4	2	4	2	5	4	3	4	4	4	4
dataset_04_01226	5	3	3	2	4	5	4	3	4	4	5	2
dataset_04_01227	4	2	1	1	2	5	4	1	4	1	2	1
dataset_04_01228	2	5	4	3	2	2	2	1	2	1	1	2
dataset_04_01229	5	2	5	2	4	5	4	4	5	3	4	1
dataset_04_01230	2	4	3	3	3	3	2	4	2	2	2	1
dataset_04_01231	5	3	5	3	5	5	5	5	4	5	2	5
dataset_04_01232	5	4	5	5	5	5	5	5	5	4	4	5
dataset_04_01233	5	2	5	5	4	4	4	4	4	4	4	3
dataset_04_01234	2	4	2	3	2	4	2	4	1	1	1	1
dataset_04_01235	4	4	4	2	2	5	3	4	4	2	2	4
dataset_04_01236	4	2	4	3	2	4	4	2	4	4	5	2
dataset_04_01237	2	1	3	4	2	4	1	2	1	2	2	1
dataset_04_01238	4	1	4	3	4	5	3	4	2	1	2	1
dataset_04_01239	4	4	2	5	2	2	2	2	1	2	4	2
dataset_04_01240	5	4	4	4	3	5	5	5	5	3	4	5
dataset_04_01241	4	4	4	4	1	5	4	3	4	5	1	2
dataset_04_01242	1	1	1	1	1	2	2	1	1	1	1	1
dataset_04_01243	3	4	4	5	3	4	4	2	4	2	2	4
dataset_04_01244	5	2	3	2	4	5	2	2	4	1	2	1
dataset_04_01245	5	5	4	2	3	5	4	2	5	2	5	1
dataset_04_01246	4	1	4	1	2	2	3	1	4	1	1	1
dataset_04_01247	4	5	5	5	4	5	5	4	5	5	5	2
dataset_04_01248	5	2	2	4	1	4	2	3	4	4	2	1
dataset_04_01249	3	2	2	2	2	5	4	4	5	2	4	1
dataset_04_01250	4	1	4	2	1	4	1	2	4	1	2	3
dataset_04_01251	4	2	2	2	4	4	4	3	5	2	1	2
dataset_04_01252	3	4	3	5	2	4	4	2	3	2	1	3
dataset_04_01253	5	4	2	1	2	4	4	4	4	1	1	2
dataset_04_01254	4	1	2	1	4	2	2	3	3	2	1	2
dataset_04_01255	4	4	4	2	2	5	5	5	4	4	4	5
dataset_04_01256	4	2	5	3	3	4	4	2	2	1	4	4
dataset_04_01257	1	1	2	1	1	3	1	1	2	2	1	1
dataset_04_01258	5	2	4	2	5	4	4	2	4	2	3	2
dataset_04_01259	5	4	5	5	5	5	4	5	4	4	5	4
dataset_04_01260	4	2	2	1	2	2	2	4	2	1	4	1
dataset_04_01261	4	2	1	4	2	3	1	3	1	1	4	1
dataset_04_01262	4	3	4	2	2	1	4	2	5	4	2	5
dataset_04_01263	4	4	5	5	5	5	4	4	5	3	4	2
dataset_04_01264	3	4	5	2	3	4	2	4	5	2	1	1
dataset_04_01265	5	3	2	2	2	4	2	3	4	2	1	2
dataset_04_01266	4	1	3	1	3	4	2	2	4	1	2	1
dataset_04_01267	5	4	5	4	5	5	5	5	5	5	4	5
dataset_04_01268	3	2	4	1	2	5	4	4	4	1	1	2
dataset_04_01269	4	3	5	3	4	3	4	2	4	2	1	4
dataset_04_01270	4	3	2	3	4	5	3	4	4	1	2	4
dataset_04_01271	2	1	1	1	1	3	1	1	1	2	2	1
dataset_04_01272	3	4	5	3	4	4	4	4	2	2	5	1
dataset_04_01273	3	4	5	3	4	4	4	4	4	2	4	4
dataset_04_01274	1	1	1	2	1	3	1	1	1	1	2	1
dataset_04_01275	5	5	5	4	5	5	5	5	5	5	5	4
dataset_04_01276	1	2	2	2	2	4	4	3	3	2	1	1
dataset_04_01277	3	3	1	4	4	3	4	2	3	1	3	1
dataset_04_01278	3	1	4	2	2	4	3	5	5	2	1	3
dataset_04_01279	2	2	1	2	1	2	4	3	2	1	1	1
dataset_04_01280	4	1	4	4	4	4	3	3	4	5	1	2
dataset_04_01281	4	2	3	3	4	4	1	4	3	2	1	2
dataset_04_01282	4	1	1	2	2	4	2	2	4	1	3	3
dataset_04_01283	4	2	3	1	2	2	4	2	1	1	2	2
dataset_04_01284	4	5	5	5	5	5	5	5	5	1	4	4
dataset_04_01285	3	1	3	1	2	4	4	3	2	2	2	1
dataset_04_01286	4	4	4	3	5	5	2	3	3	1	4	4
dataset_04_01287	5	5	5	3	3	4	4	3	3	1	2	2
dataset_04_01288	5	4	5	4	4	5	4	5	4	3	4	1
dataset_04_01289	5	5	5	4	5	4	3	4	5	1	4	4
dataset_04_01290	4	1	3	2	1	2	3	2	4	1	3	2
dataset_04_01291	2	1	2	2	2	3	4	4	2	2	1	1
dataset_04_01292	3	5	3	3	3	5	3	3	3	2	1	4
dataset_04_01293	5	4	4	3	3	4	5	4	5	2	4	1
dataset_04_01294	4	4	2	2	3	4	2	4	3	2	4	2
dataset_04_01295	4	2	5	3	2	5	2	3	5	5	2	4
dataset_04_01296	5	5	4	5	5	4	4	3	5	2	4	2
dataset_04_01297	2	2	1	1	1	5	2	2	2	1	1	2
dataset_04_01298	4	5	4	2	4	5	4	4	4	4	4	3
dataset_04_01299	5	5	4	2	4	5	5	4	5	3	4	3
dataset_04_01300	1	1	1	1	4	2	2	2	2	1	2	1
dataset_04_01301	5	5	5	3	5	5	5	5	5	5	4	2
dataset_04_01302	1	2	2	3	1	4	2	2	2	1	1	1
dataset_04_01303	5	5	5	3	4	5	4	5	5	5	5	4
dataset_04_01304	4	5	5	4	4	4	3	3	3	5	5	2
dataset_04_01305	3	3	1	1	3	5	1	2	2	2	1	2
dataset_04_01306	5	4	4	4	2	5	2	4	3	3	2	5
dataset_04_01307	5	1	4	1	4	5	3	5	5	4	1	2
dataset_04_01308	4	5	4	3	5	5	4	4	4	3	5	4
dataset_04_01309	4	1	3	1	4	3	4	2	1	1	2	2
dataset_04_01310	5	4	2	4	5	5	5	4	5	2	5	2
dataset_04_01311	5	5	5	4	5	5	5	5	4	5	5	5
dataset_04_01312	5	5	5	5	3	5	5	3	5	4	4	4
dataset_04_01313	5	4	5	2	2	3	3	4	3	2	1	2
dataset_04_01314	5	5	4	4	5	4	4	5	4	3	5	4
dataset_04_01315	4	2	4	2	4	5	5	5	5	4	5	5
dataset_04_01316	3	2	2	1	2	2	2	2	3	2	2	4
dataset_04_01317	3	1	3	5	3	4	2	4	4	1	1	2
dataset_04_01318	5	4	4	2	4	5	5	5	4	4	1	4
dataset_04_01319	5	1	4	2	3	2	3	4	4	1	4	1
dataset_04_01320	2	2	2	2	4	4	1	2	5	2	4	2
dataset_04_01321	4	4	1	2	2	5	4	3	4	2	2	4
dataset_04_01322	2	2	1	1	1	2	1	1	4	1	1	1
dataset_04_01323	4	2	5	5	4	5	4	5	4	5	2	3
dataset_04_01324	1	1	1	1	1	3	1	1	2	1	1	1
dataset_04_01325	4	2	5	3	4	5	4	4	4	1	4	2
dataset_04_01326	3	5	5	5	3	4	3	2	5	5	5	3
dataset_04_01327	5	4	5	2	3	5	4	5	4	4	3	2
dataset_04_01328	4	2	3	4	4	5	4	4	5	4	5	4
dataset_04_01329	5	1	5	3	2	4	4	3	2	2	3	2
dataset_04_01330	1	1	2	2	4	2	1	2	2	2	2	3
dataset_04_01331	2	2	1	1	3	4	3	1	2	1	1	1
dataset_04_01332	4	3	5	4	4	4	3	4	4	2	4	4
dataset_04_01333	2	4	1	1	1	5	2	3	3	1	1	1
dataset_04_01334	3	2	4	1	4	5	4	2	2	3	2	2
dataset_04_01335	5	4	2	2	2	5	5	4	5	3	4	3
dataset_04_01336	4	2	4	2	4	5	4	1	4	4	2	3
dataset_04_01337	1	1	2	1	1	2	2	2	1	1	1	1
dataset_04_01338	5	2	4	2	3	3	5	2	3	3	3	2
dataset_04_01339	4	4	4	2	5	5	5	4	5	4	4	2
dataset_04_01340	4	4	5	2	4	5	4	4	5	3	4	5
dataset_04_01341	3	3	2	2	4	2	2	3	2	2	4	2
dataset_04_01342	1	1	1	2	2	2	1	3	4	1	1	1
dataset_04_01343	4	1	4	5	5	5	5	4	4	5	2	4
dataset_04_01344	2	2	2	2	3	3	1	2	2	2	1	1
dataset_04_01345	4	1	4	2	2	4	3	2	4	4	3	2
dataset_04_01346	2	1	3	1	2	5	3	3	3	1	1	1
dataset_04_01347	5	2	2	4	5	5	4	5	3	4	4	4
dataset_04_01348	4	5	4	5	4	5	4	4	5	2	2	4
dataset_04_01349	5	4	3	2	2	4	4	4	4	3	4	3
dataset_04_01350	4	2	4	3	3	4	3	4	4	1	2	2
dataset_04_01351	4	4	4	4	2	3	2	4	4	4	1	2
dataset_04_01352	4	4	4	2	2	4	5	4	3	2	3	3
dataset_04_01353	4	2	4	3	3	4	3	2	3	3	4	4
dataset_04_01354	2	2	3	2	1	4	1	1	1	1	1	2
dataset_04_01355	5	3	4	2	3	5	4	5	4	4	4	3
dataset_04_01356	4	4	5	3	2	4	3	2	4	2	2	1
dataset_04_01357	5	4	5	3	3	2	3	3	4	2	1	3
dataset_04_01358	3	5	5	3	2	4	4	4	5	3	2	1
dataset_04_01359	3	1	3	2	2	4	4	2	4	2	1	2
dataset_04_01360	4	2	4	3	2	4	3	4	4	2	2	2
dataset_04_01361	3	1	4	1	2	4	1	1	4	1	1	2
dataset_04_01362	4	2	2	1	2	3	2	2	4	2	3	1
dataset_04_01363	5	5	5	4	3	5	5	4	5	4	4	3
dataset_04_01364	4	3	1	1	2	5	4	2	3	4	1	1
dataset_04_01365	2	2	2	1	2	3	4	2	4	1	1	1
dataset_04_01366	5	4	5	2	2	4	4	1	4	1	2	4
dataset_04_01367	4	4	4	3	2	4	4	5	4	4	1	5
dataset_04_01368	5	3	5	5	4	5	3	2	5	5	3	2
dataset_04_01369	5	4	5	3	4	5	5	4	5	4	4	4
dataset_04_01370	4	2	2	4	5	4	3	4	4	2	3	2
dataset_04_01371	5	3	5	2	4	5	3	4	5	2	5	5
dataset_04_01372	5	4	4	3	5	4	4	4	3	1	3	2
dataset_04_01373	4	2	2	2	2	2	2	3	1	1	1	1
dataset_04_01374	2	2	1	1	2	3	1	1	2	1	2	2
dataset_04_01375	4	2	3	4	5	4	4	5	4	2	1	3
dataset_04_01376	4	3	2	4	3	4	4	4	4	1	1	1
dataset_04_01377	3	5	2	4	4	4	4	2	4	2	4	2
dataset_04_01378	5	2	4	2	4	5	5	3	5	2	3	5
dataset_04_01379	2	2	3	4	2	4	5	4	4	2	2	1
dataset_04_01380	4	1	5	2	1	4	2	2	4	1	3	1
dataset_04_01381	2	1	2	1	1	1	1	2	4	2	2	3
dataset_04_01382	4	1	4	1	1	4	2	4	2	3	2	1
dataset_04_01383	4	4	3	2	2	5	4	3	3	2	1	4
dataset_04_01384	4	2	2	2	2	5	3	3	4	1	1	2
dataset_04_01385	4	3	4	2	2	4	4	5	4	2	4	2
dataset_04_01386	1	2	4	5	4	4	3	1	2	1	2	4
dataset_04_01387	4	1	3	2	2	4	4	2	3	1	1	1
dataset_04_01388	5	5	4	5	5	4	5	3	4	5	3	3
dataset_04_01389	5	3	2	2	2	3	3	2	3	1	1	1
dataset_04_01390	5	5	5	2	3	4	3	2	5	2	4	4
dataset_04_01391	5	4	1	3	2	4	4	4	2	3	4	2
dataset_04_01392	4	2	4	3	3	5	3	4	5	2	2	2
dataset_04_01393	5	3	4	3	4	5	5	4	5	4	2	2
dataset_04_01394	5	2	3	4	4	4	4	3	3	4	2	2
dataset_04_01395	4	1	2	3	3	3	3	4	4	2	1	1
dataset_04_01396	5	4	5	4	5	5	5	3	5	1	4	4
dataset_04_01397	3	4	3	3	4	5	5	4	1	3	2	3
dataset_04_01398	5	5	4	5	4	5	5	4	5	5	5	2
dataset_04_01399	5	5	5	2	4	4	4	4	4	5	5	2
dataset_04_01400	5	4	5	4	4	5	4	4	5	4	5	5
dataset_04_01401	4	5	5	5	4	5	5	5	5	4	5	4
dataset_04_01402	3	2	5	3	3	4	2	3	1	4	1	4
dataset_04_01403	5	5	4	5	5	4	5	5	5	5	5	5
dataset_04_01404	1	3	2	1	4	4	2	3	3	1	2	2
dataset_04_01405	5	4	1	1	4	4	4	4	4	2	2	2
dataset_04_01406	2	2	1	2	4	3	4	2	5	1	1	3
dataset_04_01407	4	4	4	5	4	4	4	5	3	3	2	3
dataset_04_01408	4	2	1	2	4	5	3	3	4	1	2	2
dataset_04_01409	4	1	4	2	4	3	4	2	1	1	2	1
dataset_04_01410	3	4	4	4	3	4	4	4	3	2	3	2
dataset_04_01411	4	4	5	4	2	5	4	2	4	3	4	1
dataset_04_01412	4	3	4	2	2	5	3	4	5	2	2	2
dataset_04_01413	4	2	4	2	2	4	4	4	4	2	4	2
dataset_04_01414	5	4	5	4	4	5	4	5	4	5	5	3
dataset_04_01415	2	2	3	2	1	2	2	1	1	2	3	2
dataset_04_01416	4	2	5	3	4	4	4	5	2	4	5	4
dataset_04_01417	5	4	5	4	5	4	4	5	3	2	2	3
dataset_04_01418	5	4	5	3	4	5	4	4	5	3	2	3
dataset_04_01419	4	5	2	2	3	4	4	4	4	4	2	2
dataset_04_01420	2	5	3	1	4	5	2	1	4	2	2	4
dataset_04_01421	2	4	2	2	4	5	3	5	4	3	4	2
dataset_04_01422	3	2	4	4	4	4	3	2	2	3	1	2
dataset_04_01423	4	1	2	2	2	3	3	2	4	1	1	2
dataset_04_01424	3	2	1	3	1	4	4	3	3	1	2	4
dataset_04_01425	4	3	4	1	4	2	2	2	3	2	2	2
dataset_04_01426	5	2	5	5	5	5	5	5	5	5	5	5
dataset_04_01427	4	4	5	1	1	3	4	4	5	2	4	2
dataset_04_01428	2	4	2	2	1	3	1	2	2	1	2	2
dataset_04_01429	5	4	4	5	4	4	4	3	4	3	4	3
dataset_04_01430	5	4	4	3	5	4	4	3	5	2	4	1
dataset_04_01431	5	4	3	5	4	4	4	1	4	3	2	4
dataset_04_01432	4	4	4	4	4	5	4	3	5	5	2	3
dataset_04_01433	4	4	5	3	3	5	4	4	3	4	4	4
dataset_04_01434	5	4	5	4	2	5	4	5	4	3	2	5
dataset_04_01435	5	4	4	5	5	5	5	5	4	4	1	2
dataset_04_01436	4	5	2	3	4	4	2	2	5	2	5	4
dataset_04_01437	3	4	3	2	5	4	4	4	4	2	5	1
dataset_04_01438	2	2	2	2	2	3	4	2	3	2	4	1
dataset_04_01439	4	4	5	2	3	5	2	3	4	4	4	4
dataset_04_01440	4	2	5	1	4	3	4	4	4	2	2	4
dataset_04_01441	5	4	4	5	3	5	3	4	4	4	3	2
dataset_04_01442	5	4	5	5	5	5	5	4	4	5	4	4
dataset_04_01443	5	3	4	3	3	5	4	4	4	2	2	4
dataset_04_01444	5	3	3	2	4	4	4	4	4	2	3	1
dataset_04_01445	4	4	2	2	5	4	3	2	4	1	1	5
dataset_04_01446	4	4	3	4	3	3	4	3	4	1	2	2
dataset_04_01447	4	1	2	1	4	4	2	1	1	2	1	1
dataset_04_01448	4	4	4	1	1	5	4	4	3	2	2	4
dataset_04_01449	3	1	2	4	3	2	2	2	4	2	2	1
dataset_04_01450	4	2	4	4	2	3	4	4	4	4	2	1
dataset_04_01451	4	1	4	3	3	3	3	4	4	2	3	1
dataset_04_01452	1	1	2	1	3	2	3	2	4	1	1	1
dataset_04_01453	3	3	4	4	1	2	2	1	2	2	4	2
dataset_04_01454	5	3	5	3	4	5	5	4	5	2	4	3
dataset_04_01455	5	4	4	2	2	4	5	2	4	2	1	3
dataset_04_01456	4	4	1	1	3	4	4	2	4	1	2	2
dataset_04_01457	3	1	3	4	3	4	2	1	1	2	2	1
dataset_04_01458	4	2	4	2	2	4	4	2	3	1	2	1
dataset_04_01459	3	1	2	1	1	2	1	4	2	1	1	1
dataset_04_01460	4	2	2	4	3	3	4	5	5	2	2	2
dataset_04_01461	2	1	2	2	1	3	4	2	2	1	1	1
dataset_04_01462	2	3	2	3	3	5	1	3	2	2	2	2
dataset_04_01463	4	4	4	4	4	5	5	3	5	3	5	2
dataset_04_01464	5	5	5	3	5	4	4	4	4	2	4	2
dataset_04_01465	5	4	1	2	2	4	2	2	3	1	4	1
dataset_04_01466	4	4	4	1	4	4	1	1	2	1	1	1
dataset_04_01467	4	4	5	3	4	5	4	4	5	3	4	5
dataset_04_01468	5	5	5	2	5	5	5	5	5	3	5	4
dataset_04_01469	2	1	1	1	1	3	1	1	2	1	1	1
dataset_04_01470	3	2	2	2	3	5	2	2	2	3	4	1
dataset_04_01471	2	1	1	2	2	4	2	2	2	1	1	2
dataset_04_01472	4	5	4	4	4	5	4	4	5	2	4	4
dataset_04_01473	4	2	2	3	2	5	1	2	3	2	2	2
dataset_04_01474	3	2	4	2	3	3	4	1	3	5	2	2
dataset_04_01475	5	5	5	3	4	4	5	5	4	5	4	5
dataset_04_01476	1	1	2	2	1	2	2	2	4	1	2	2
dataset_04_01477	4	4	4	3	5	4	2	3	5	4	4	2
dataset_04_01478	3	4	2	2	2	5	4	3	4	2	2	2
dataset_04_01479	4	4	4	2	3	4	4	4	5	3	4	1
dataset_04_01480	5	2	1	3	4	4	3	3	4	4	2	2
dataset_04_01481	2	2	4	2	4	4	3	4	4	2	3	1
dataset_04_01482	5	2	4	3	2	4	5	2	2	2	4	1
dataset_04_01483	5	5	5	4	5	4	4	5	5	5	5	5
dataset_04_01484	3	4	4	2	2	2	2	2	3	1	2	1
dataset_04_01485	3	2	4	2	1	5	4	5	5	4	3	2
dataset_04_01486	4	1	4	4	2	5	4	2	2	2	1	1
dataset_04_01487	5	5	2	3	4	5	5	5	5	3	4	4
dataset_04_01488	4	5	5	4	4	5	5	5	4	4	5	4
dataset_04_01489	5	5	3	2	5	5	4	4	5	2	2	4
dataset_04_01490	3	2	4	3	2	4	5	3	3	1	2	3
dataset_04_01491	3	2	1	1	2	4	2	2	1	3	1	1
dataset_04_01492	2	2	1	2	1	4	4	1	2	1	5	1
dataset_04_01493	5	4	5	4	2	4	5	2	5	1	4	4
dataset_04_01494	1	4	3	1	4	3	4	2	3	1	2	1
dataset_04_01495	3	2	1	3	2	4	3	1	4	2	2	1
dataset_04_01496	2	1	4	2	1	4	1	2	4	2	2	2
dataset_04_01497	3	3	3	1	2	5	2	4	4	2	1	1
dataset_04_01498	2	1	4	2	2	3	1	2	3	1	1	1
dataset_04_01499	3	1	1	4	4	5	3	3	4	4	3	2
dataset_04_01500	5	4	4	4	4	5	5	5	4	5	5	3
dataset_04_01501	3	5	5	4	4	4	5	4	5	5	4	4
dataset_04_01502	5	5	2	2	5	5	4	4	3	2	2	1
dataset_04_01503	3	2	5	4	5	5	4	4	4	2	2	2
dataset_04_01504	5	5	5	5	5	5	5	5	5	5	2	4
dataset_04_01505	5	4	5	5	5	5	4	5	3	2	2	5
dataset_04_01506	4	2	3	4	2	4	4	5	5	2	4	2
dataset_04_01507	1	1	1	1	4	3	2	1	2	2	2	1
dataset_04_01508	4	4	2	2	2	3	2	1	4	1	1	2
dataset_04_01509	5	5	4	4	4	5	4	4	4	2	1	3
dataset_04_01510	4	2	4	3	4	3	3	2	4	1	1	2
dataset_04_01511	2	1	1	3	2	3	3	2	2	1	1	2
dataset_04_01512	4	3	4	2	4	5	5	4	3	1	4	2
dataset_04_01513	5	4	5	1	1	2	4	3	4	2	4	2
dataset_04_01514	5	4	5	5	3	4	2	3	5	5	5	2
dataset_04_01515	4	2	4	3	1	3	2	3	3	3	1	2
dataset_04_01516	1	4	4	3	2	4	4	3	4	2	5	2
dataset_04_01517	4	2	1	2	3	4	5	1	2	1	1	2
dataset_04_01518	5	4	4	4	5	5	5	3	5	5	4	5
dataset_04_01519	5	5	5	4	2	5	3	3	3	2	4	1
dataset_04_01520	4	2	3	2	4	5	4	5	4	2	1	2
dataset_04_01521	2	2	4	4	1	4	1	2	2	2	1	1
dataset_04_01522	5	4	5	4	5	5	4	5	4	5	4	3
dataset_04_01523	5	2	3	1	3	4	4	3	2	2	1	3
dataset_04_01524	2	2	3	2	3	4	3	1	4	2	1	1
dataset_04_01525	3	1	2	2	2	3	2	2	2	2	2	1
dataset_04_01526	5	2	4	2	3	5	4	4	4	3	3	3
dataset_04_01527	2	4	4	4	4	4	4	3	5	5	1	2
dataset_04_01528	2	2	3	2	1	3	1	1	1	2	2	1
dataset_04_01529	3	4	4	4	4	5	2	2	4	2	4	2
dataset_04_01530	5	4	5	4	5	5	4	5	5	4	3	3
dataset_04_01531	5	5	5	4	4	5	5	5	5	5	5	5
dataset_04_01532	5	5	2	4	5	5	3	3	5	4	3	3
dataset_04_01533	5	5	5	5	5	4	5	5	5	5	5	5
dataset_04_01534	5	2	2	1	2	5	4	5	3	4	3	5
dataset_04_01535	5	5	4	5	5	5	4	4	5	2	5	5
dataset_04_01536	4	4	4	4	4	3	2	5	5	2	4	5
dataset_04_01537	2	1	3	1	1	4	4	4	2	1	1	2
dataset_04_01538	1	1	1	1	1	1	1	1	3	1	1	1
dataset_04_01539	2	2	4	2	5	4	4	5	5	3	2	1
dataset_04_01540	5	3	3	5	5	3	4	4	5	2	2	3
dataset_04_01541	5	3	4	2	5	4	5	5	3	4	3	4
dataset_04_01542	1	4	3	2	4	3	4	4	4	2	2	2
dataset_04_01543	3	4	4	3	4	4	4	4	4	2	4	2
dataset_04_01544	5	3	4	3	4	4	2	2	4	4	2	1
dataset_04_01545	1	1	4	1	1	3	3	2	2	1	1	2
dataset_04_01546	2	2	3	2	2	4	2	2	2	1	1	1
dataset_04_01547	2	2	3	3	2	4	3	3	3	2	4	1
dataset_04_01548	5	4	5	4	5	5	5	3	2	4	5	2
dataset_04_01549	5	5	5	4	5	5	5	4	5	5	5	5
dataset_04_01550	5	4	2	4	2	4	5	4	5	2	5	3
dataset_04_01551	2	2	2	3	3	4	4	4	3	2	2	2
dataset_04_01552	2	4	3	2	5	4	3	2	2	1	4	1
dataset_04_01553	5	5	5	5	5	4	4	4	5	4	5	5
dataset_04_01554	4	2	4	2	2	4	1	3	3	2	2	1
dataset_04_01555	4	1	4	4	5	5	2	2	2	2	2	3
dataset_04_01556	4	3	4	2	2	1	2	4	2	1	2	1
dataset_04_01557	3	5	5	4	3	4	5	3	5	2	1	2
dataset_04_01558	5	5	5	4	4	5	4	5	5	4	4	5
dataset_04_01559	2	1	1	3	2	2	3	3	5	4	1	2
dataset_04_01560	3	2	5	2	2	5	2	4	5	2	4	2
dataset_04_01561	4	2	4	3	2	2	4	2	4	2	4	1
dataset_04_01562	5	2	5	4	5	4	5	4	5	5	5	5
dataset_04_01563	4	5	5	2	4	5	4	4	5	3	4	2
dataset_04_01564	1	1	1	1	1	3	2	1	4	1	1	1
dataset_04_01565	3	4	2	2	4	5	4	4	2	2	2	1
dataset_04_01566	5	1	4	2	4	4	2	4	2	4	2	2
dataset_04_01567	5	4	4	3	4	5	4	5	5	4	4	3
dataset_04_01568	4	4	4	5	5	5	5	5	4	2	4	2
dataset_04_01569	4	4	2	5	4	5	4	4	2	2	4	2
dataset_04_01570	4	1	3	2	2	2	2	1	2	1	1	1
dataset_04_01571	1	2	5	3	4	2	4	3	4	2	2	4
dataset_04_01572	2	1	2	1	5	2	4	1	4	2	2	1
dataset_04_01573	4	2	1	1	3	5	4	4	3	2	3	2
dataset_04_01574	4	4	2	2	4	5	4	5	4	1	2	1
dataset_04_01575	2	2	2	2	4	4	2	2	4	1	1	4
dataset_04_01576	4	1	3	1	1	5	5	2	4	1	4	2
dataset_04_01577	3	1	4	2	1	2	3	3	4	2	3	3
dataset_04_01578	4	1	1	1	2	3	1	3	2	2	1	1
dataset_04_01579	3	4	3	4	3	5	3	2	4	2	5	1
dataset_04_01580	3	2	4	1	3	3	4	2	3	2	3	1
dataset_04_01581	1	1	1	1	1	2	1	2	2	1	1	2
dataset_04_01582	4	2	4	3	4	5	4	4	4	2	2	5
dataset_04_01583	4	4	4	5	5	4	4	4	3	1	1	4
dataset_04_01584	5	2	5	2	1	2	3	4	4	1	2	1
dataset_04_01585	1	1	3	1	1	2	2	2	3	2	2	1
dataset_04_01586	5	4	5	4	4	4	5	5	5	5	5	2
dataset_04_01587	5	4	5	4	4	5	5	4	5	2	4	1
dataset_04_01588	4	2	1	4	2	5	3	1	4	2	1	1
dataset_04_01589	3	4	2	2	2	4	4	1	3	3	1	1
dataset_04_01590	5	3	4	2	1	4	4	3	4	2	5	2
dataset_04_01591	4	1	1	2	3	4	1	4	4	2	2	1
dataset_04_01592	5	5	3	2	3	4	2	4	4	2	4	2
dataset_04_01593	2	4	2	2	3	5	4	4	4	1	4	1
dataset_04_01594	1	4	4	2	4	5	5	2	5	5	4	5
dataset_04_01595	3	2	2	4	4	2	4	3	5	2	2	2
dataset_04_01596	4	5	4	4	4	5	2	2	4	5	3	3
dataset_04_01597	5	4	4	4	4	5	4	4	5	4	2	2
dataset_04_01598	4	2	3	4	3	3	2	3	2	2	2	1
dataset_04_01599	4	5	3	1	2	4	4	5	4	2	2	1
dataset_04_01600	4	4	4	4	2	5	4	2	3	2	2	4
dataset_04_01601	4	5	5	3	5	5	4	4	4	3	4	3
dataset_04_01602	1	2	4	1	2	4	2	3	1	1	1	2
dataset_04_01603	1	1	2	1	4	4	4	4	2	1	2	1
dataset_04_01604	5	4	4	1	4	4	4	4	5	3	3	4
dataset_04_01605	5	5	4	5	5	5	4	4	5	5	2	2
dataset_04_01606	5	4	3	3	4	5	5	4	4	5	4	5
dataset_04_01607	5	1	2	4	2	3	3	4	5	2	3	3
dataset_04_01608	2	3	1	2	4	2	1	1	3	3	1	1
dataset_04_01609	5	5	5	4	3	5	5	5	5	4	4	4
dataset_04_01610	3	1	2	3	2	4	1	2	4	1	2	1
dataset_04_01611	4	3	3	3	4	5	4	2	4	2	2	2
dataset_04_01612	3	3	5	2	4	5	1	4	4	2	1	3
dataset_04_01613	2	4	4	4	2	5	3	2	3	2	1	1
dataset_04_01614	4	2	1	1	1	4	2	4	3	2	4	3
dataset_04_01615	5	2	2	1	5	3	2	2	4	4	1	2
dataset_04_01616	5	5	3	4	4	4	4	5	3	2	4	2
dataset_04_01617	2	4	5	2	2	1	1	1	2	1	1	1
dataset_04_01618	4	2	2	1	3	4	4	1	1	1	2	1
dataset_04_01619	4	1	3	5	4	3	4	2	4	4	1	3
dataset_04_01620	5	2	2	3	2	4	4	3	2	1	1	2
dataset_04_01621	5	4	4	4	4	5	1	5	5	4	4	5
dataset_04_01622	2	1	2	2	1	4	1	5	2	2	2	1
dataset_04_01623	5	2	5	1	4	2	4	4	2	2	1	1
dataset_04_01624	5	4	3	2	3	5	4	2	4	1	1	2
dataset_04_01625	4	5	4	3	3	4	5	5	5	4	4	2
dataset_04_01626	5	4	3	3	5	5	4	5	4	4	4	2
dataset_04_01627	3	1	1	1	1	4	1	2	4	1	2	2
dataset_04_01628	5	5	5	5	5	5	5	5	5	5	5	5
dataset_04_01629	5	4	5	2	2	5	4	3	4	2	1	5
dataset_04_01630	4	3	2	1	4	4	4	2	2	2	1	4
dataset_04_01631	4	4	5	5	5	5	4	4	5	5	5	5
dataset_04_01632	5	4	4	2	4	5	4	3	4	5	3	5
dataset_04_01633	4	5	4	5	5	5	5	5	5	4	2	4
dataset_04_01634	5	3	1	4	2	5	5	2	4	5	2	1
dataset_04_01635	3	1	4	2	3	5	2	2	5	4	1	4
dataset_04_01636	3	5	2	2	4	3	2	2	3	2	1	1
dataset_04_01637	5	5	5	3	4	3	4	5	5	2	5	5
dataset_04_01638	2	2	4	2	3	3	3	2	3	1	1	2
dataset_04_01639	4	4	4	4	5	5	2	4	4	2	4	4
dataset_04_01640	5	4	4	2	3	5	4	5	4	4	4	3
dataset_04_01641	5	3	4	2	4	4	2	5	4	2	2	5
dataset_04_01642	4	4	3	5	5	5	4	2	5	5	3	2
dataset_04_01643	1	2	3	2	4	3	2	2	1	1	1	3
dataset_04_01644	4	4	4	2	5	5	4	3	5	1	2	4
dataset_04_01645	4	3	4	4	3	5	4	2	2	1	1	3
dataset_04_01646	5	5	4	5	5	4	2	2	5	5	4	4
dataset_04_01647	5	4	5	5	4	4	5	4	5	2	5	1
dataset_04_01648	4	5	5	2	5	4	4	4	4	4	2	5
dataset_04_01649	5	4	4	4	4	4	4	5	4	5	3	2
dataset_04_01650	4	2	2	2	2	4	4	2	4	2	1	1
dataset_04_01651	2	2	2	2	2	5	1	2	2	2	1	1
dataset_04_01652	4	3	3	2	3	4	3	2	3	2	3	1
dataset_04_01653	4	4	5	1	5	4	3	3	5	4	4	4
dataset_04_01654	4	2	2	1	3	3	4	2	4	1	1	2
dataset_04_01655	4	2	2	2	3	5	3	2	4	4	4	4
dataset_04_01656	4	2	1	2	3	4	4	1	3	2	2	4
dataset_04_01657	5	3	4	5	3	4	4	3	5	3	5	2
dataset_04_01658	4	5	3	4	4	4	3	2	2	1	2	2
dataset_04_01659	2	3	1	1	3	3	3	2	4	2	1	1
dataset_04_01660	4	3	4	4	5	4	5	4	4	2	2	5
dataset_04_01661	2	5	1	4	3	5	3	3	3	2	4	4
dataset_04_01662	4	4	3	4	2	5	2	3	4	4	4	4
dataset_04_01663	5	4	5	5	2	4	4	4	4	5	4	4
dataset_04_01664	1	1	5	3	5	5	3	2	4	2	4	4
dataset_04_01665	5	4	5	1	2	4	4	3	5	2	3	3
dataset_04_01666	4	3	3	2	3	5	5	4	4	4	5	2
dataset_04_01667	5	3	5	3	2	4	4	5	3	4	2	1
dataset_04_01668	4	5	4	2	5	5	4	5	4	3	2	3
dataset_04_01669	5	3	3	4	2	4	4	3	3	2	3	2
dataset_04_01670	4	2	2	1	1	3	2	2	4	2	1	2
dataset_04_01671	4	2	2	1	1	4	3	1	3	1	2	1
dataset_04_01672	5	4	5	5	4	4	5	1	5	3	4	4
dataset_04_01673	5	4	5	5	5	5	5	5	5	5	5	3
dataset_04_01674	3	4	1	2	2	4	2	1	2	2	2	2
dataset_04_01675	4	3	2	3	3	4	4	3	1	1	2	4
dataset_04_01676	4	2	5	4	4	4	1	5	4	2	2	2
dataset_04_01677	2	3	3	1	2	2	1	1	4	4	1	1
dataset_04_01678	4	2	4	4	4	5	4	2	4	1	3	2
dataset_04_01679	4	2	3	4	2	5	3	2	4	4	4	4
dataset_04_01680	3	2	3	3	2	4	4	5	4	4	3	2
dataset_04_01681	4	4	4	1	2	4	3	4	2	1	1	1
dataset_04_01682	2	2	5	2	4	4	2	2	4	1	1	2
dataset_04_01683	4	2	4	2	1	5	2	5	4	3	3	2
dataset_04_01684	4	2	5	5	4	5	5	3	2	4	1	5
dataset_04_01685	5	2	2	2	4	3	4	3	2	2	4	1
dataset_04_01686	1	2	4	2	2	4	4	2	3	2	1	1
dataset_04_01687	4	5	4	3	3	5	5	4	4	5	4	4
dataset_04_01688	4	4	3	4	2	4	4	4	3	2	1	2
dataset_04_01689	5	4	2	4	5	5	4	5	5	5	4	5
dataset_04_01690	4	2	4	1	4	4	4	1	1	1	1	2
dataset_04_01691	5	2	2	2	2	5	3	3	2	2	1	3
dataset_04_01692	3	3	1	1	2	4	4	2	3	2	1	1
dataset_04_01693	5	4	4	4	4	5	5	4	4	4	4	4
dataset_04_01694	2	1	2	2	4	2	4	4	3	1	1	2
dataset_04_01695	5	4	4	4	4	3	5	4	4	4	4	4
dataset_04_01696	4	2	2	3	4	4	2	3	3	4	5	2
dataset_04_01697	5	5	4	3	5	5	5	5	5	4	5	3
dataset_04_01698	5	5	4	4	4	5	5	4	5	4	4	4
dataset_04_01699	4	1	4	3	4	2	2	2	5	2	2	2
dataset_04_01700	2	5	4	2	4	4	1	5	5	3	2	1
dataset_04_01701	4	2	3	2	2	4	4	5	4	1	4	1
dataset_04_01702	4	4	2	2	2	5	4	3	4	5	4	4
dataset_04_01703	3	1	2	1	2	2	1	2	2	1	1	1
dataset_04_01704	3	1	2	1	2	2	1	3	4	2	1	1
dataset_04_01705	2	5	3	3	5	4	5	2	1	2	2	4
dataset_04_01706	2	2	3	4	2	3	4	2	2	1	1	2
dataset_04_01707	3	2	5	2	5	3	4	4	3	1	2	5
dataset_04_01708	3	4	5	5	2	2	4	2	4	2	2	1
dataset_04_01709	4	4	1	4	4	4	2	2	4	2	2	3
dataset_04_01710	5	5	2	2	4	5	4	3	4	4	4	3
dataset_04_01711	2	1	4	2	2	4	2	1	2	1	1	1
dataset_04_01712	3	1	1	3	3	5	4	4	3	1	3	3
dataset_04_01713	1	1	2	1	2	4	4	3	3	1	1	1
dataset_04_01714	5	5	5	4	3	5	5	5	2	4	4	1
dataset_04_01715	5	4	4	4	5	5	4	3	4	4	4	2
dataset_04_01716	2	1	1	1	2	4	2	1	2	2	1	1
dataset_04_01717	4	2	4	4	2	2	4	3	4	4	4	2
dataset_04_01718	5	1	2	2	1	1	3	5	4	1	2	1
dataset_04_01719	4	4	5	3	5	5	5	4	4	2	4	2
dataset_04_01720	3	1	5	2	5	4	3	4	5	5	3	1
dataset_04_01721	5	5	5	2	5	5	5	5	5	2	5	5
dataset_04_01722	5	5	5	5	4	5	5	5	5	3	4	5
dataset_04_01723	5	4	5	4	5	5	2	4	4	5	4	2
dataset_04_01724	3	4	2	1	1	3	1	2	2	2	2	3
dataset_04_01725	5	5	5	4	5	5	5	5	5	4	5	3
dataset_04_01726	4	1	3	2	3	2	2	2	3	3	1	1
dataset_04_01727	4	2	3	2	5	5	3	5	4	2	1	3
dataset_04_01728	3	2	2	1	2	3	3	2	1	1	1	1
dataset_04_01729	5	4	5	3	5	5	3	5	4	3	1	4
dataset_04_01730	3	4	2	2	3	4	4	4	4	5	3	5
dataset_04_01731	4	3	2	3	3	4	2	2	4	2	3	4
dataset_04_01732	4	3	2	2	2	3	3	1	2	1	1	3
dataset_04_01733	3	1	1	2	2	5	1	1	2	1	2	1
dataset_04_01734	4	2	3	2	2	4	2	2	4	1	4	5
dataset_04_01735	5	4	4	4	4	3	3	4	4	5	2	4
dataset_04_01736	4	4	4	2	4	5	4	2	5	5	4	2
dataset_04_01737	3	5	5	3	4	5	4	4	4	3	4	5
dataset_04_01738	4	2	4	2	2	4	3	3	5	4	5	4
dataset_04_01739	3	4	4	5	2	3	4	3	4	3	1	1
dataset_04_01740	4	3	4	2	4	4	4	5	5	2	5	4
dataset_04_01741	2	1	3	2	2	4	3	2	1	2	1	2
dataset_04_01742	3	1	3	3	3	3	2	4	2	2	1	4
dataset_04_01743	5	5	4	4	4	5	4	2	4	4	2	2
dataset_04_01744	2	2	5	5	4	5	5	5	5	4	4	5
dataset_04_01745	5	5	4	4	4	5	5	5	4	5	4	5
dataset_04_01746	3	4	4	1	3	4	3	3	2	1	2	2
dataset_04_01747	3	2	4	3	5	5	4	2	3	3	4	2
dataset_04_01748	4	2	2	3	3	3	4	4	4	2	3	4
dataset_04_01749	3	2	3	1	3	4	2	1	2	1	2	2
dataset_04_01750	1	1	4	1	2	2	1	1	2	1	1	1
dataset_04_01751	2	4	5	2	4	5	2	4	3	1	1	3
dataset_04_01752	5	5	5	4	4	5	2	5	4	2	4	5
dataset_04_01753	4	2	4	3	2	2	4	4	4	2	2	2
dataset_04_01754	4	4	4	3	2	4	4	4	4	1	3	2
dataset_04_01755	2	4	2	2	1	4	4	2	2	1	1	1
dataset_04_01756	5	4	5	5	5	4	5	4	5	5	4	4
dataset_04_01757	5	3	4	1	2	5	4	1	5	2	3	2
dataset_04_01758	4	4	5	4	5	5	5	5	5	5	5	2
dataset_04_01759	4	4	5	2	2	5	4	4	5	5	4	5
dataset_04_01760	3	4	3	4	3	3	4	2	4	2	2	2
dataset_04_01761	5	3	4	3	4	5	4	3	2	2	4	4
dataset_04_01762	4	4	4	5	4	5	4	4	5	4	4	3
dataset_04_01763	5	5	2	5	3	4	4	4	4	4	2	5
dataset_04_01764	4	4	4	2	4	4	5	4	5	1	1	5
dataset_04_01765	5	4	5	5	5	4	4	5	4	2	2	3
dataset_04_01766	5	3	2	1	4	4	3	4	4	2	2	1
dataset_04_01767	4	5	4	4	3	5	4	5	4	4	3	2
dataset_04_01768	5	5	5	3	5	5	4	5	5	5	5	4
dataset_04_01769	4	4	4	4	2	4	4	3	4	2	2	2
dataset_04_01770	4	4	4	2	2	4	2	2	2	2	2	1
dataset_04_01771	5	3	4	4	5	3	4	4	5	3	3	2
dataset_04_01772	3	3	2	2	4	5	4	3	5	2	3	4
dataset_04_01773	5	4	3	4	4	5	2	4	4	5	2	1
dataset_04_01774	4	2	3	2	3	5	4	4	3	3	2	2
dataset_04_01775	4	5	4	5	4	5	5	5	4	4	5	5
dataset_04_01776	4	4	3	2	1	4	2	4	3	2	2	2
dataset_04_01777	5	5	5	2	4	5	4	5	4	4	2	5
dataset_04_01778	2	1	2	1	1	1	1	3	1	1	1	2
dataset_04_01779	3	4	5	1	2	3	3	4	5	4	5	2
dataset_04_01780	5	5	5	5	3	5	3	4	5	3	4	2
dataset_04_01781	4	4	2	2	2	4	2	3	1	1	2	2
dataset_04_01782	5	5	5	4	4	5	4	2	4	3	3	4
dataset_04_01783	4	4	2	5	4	3	4	5	4	1	4	2
dataset_04_01784	2	1	4	1	1	3	3	3	4	2	3	1
dataset_04_01785	5	4	5	2	4	5	3	5	4	4	5	5
dataset_04_01786	4	5	2	4	4	5	5	3	5	4	4	4
dataset_04_01787	4	4	2	4	4	3	4	5	5	2	4	2
dataset_04_01788	4	1	2	2	4	4	4	4	3	2	1	2
dataset_04_01789	4	3	4	1	3	4	2	2	2	4	2	1
dataset_04_01790	4	2	2	1	1	3	1	1	4	1	1	1
dataset_04_01791	4	2	4	2	3	3	4	4	5	2	2	4
dataset_04_01792	4	2	3	4	3	5	4	2	5	2	3	5
dataset_04_01793	4	3	4	4	4	5	4	2	4	2	1	2
dataset_04_01794	3	5	2	3	2	5	4	4	3	1	1	1
dataset_04_01795	2	1	1	2	1	2	2	2	1	1	1	2
dataset_04_01796	3	2	5	4	4	5	5	4	5	4	4	4
dataset_04_01797	3	4	5	4	5	3	4	2	3	3	3	5
dataset_04_01798	5	2	2	3	3	4	4	5	4	4	1	1
dataset_04_01799	4	2	2	3	3	4	4	4	5	2	1	4
dataset_04_01800	4	2	3	1	2	4	3	4	4	1	3	1
dataset_04_01801	4	5	4	2	4	2	3	5	3	4	5	2
dataset_04_01802	4	5	5	4	5	5	5	2	5	4	1	4
dataset_04_01803	4	4	3	3	4	5	4	4	4	4	4	4
dataset_04_01804	5	4	5	5	5	4	5	4	4	4	2	2
dataset_04_01805	2	1	4	2	5	2	3	2	2	3	3	2
dataset_04_01806	4	4	5	5	5	5	4	5	3	4	5	3
dataset_04_01807	5	5	5	4	4	5	4	4	4	4	4	2
dataset_04_01808	4	1	4	4	3	3	2	1	2	2	1	1
dataset_04_01809	2	3	2	2	1	2	3	2	4	1	1	1
dataset_04_01810	5	4	2	5	4	5	5	5	5	3	3	4
dataset_04_01811	4	1	4	2	5	4	4	2	4	2	1	1
dataset_04_01812	4	1	5	3	2	4	4	4	5	2	4	5
dataset_04_01813	2	1	2	2	5	2	4	4	2	4	4	4
dataset_04_01814	4	4	3	3	4	4	4	4	5	4	1	1
dataset_04_01815	3	3	1	4	2	4	4	4	4	1	2	3
dataset_04_01816	4	3	4	4	3	4	4	5	4	4	2	4
dataset_04_01817	2	3	4	2	2	4	3	4	4	1	1	1
dataset_04_01818	5	3	2	2	3	4	4	3	3	3	4	2
dataset_04_01819	4	1	2	1	3	3	4	3	4	2	1	1
dataset_04_01820	2	4	2	4	5	4	4	3	4	3	5	5
dataset_04_01821	5	5	4	4	5	4	5	5	5	5	4	4
dataset_04_01822	2	5	1	2	1	4	4	1	4	1	4	1
dataset_04_01823	2	2	2	2	4	2	3	4	4	3	3	1
dataset_04_01824	4	2	4	4	3	3	3	5	5	2	1	2
dataset_04_01825	5	3	2	2	3	5	4	3	3	3	2	1
dataset_04_01826	5	4	5	3	4	5	4	4	5	3	5	5
dataset_04_01827	5	5	4	3	4	5	4	4	4	4	5	3
dataset_04_01828	4	3	3	2	4	2	2	1	2	3	4	2
dataset_04_01829	3	2	2	1	2	3	4	2	1	1	2	1
dataset_04_01830	4	1	2	1	3	4	4	2	2	1	1	4
dataset_04_01831	3	5	5	2	4	5	5	4	5	4	2	1
dataset_04_01832	5	3	4	4	4	4	4	3	2	1	2	4
dataset_04_01833	5	1	4	2	4	5	2	2	2	2	4	2
dataset_04_01834	5	3	5	3	5	5	4	5	5	5	5	4
dataset_04_01835	5	3	1	2	3	3	5	4	3	2	2	5
dataset_04_01836	4	3	4	2	2	5	5	3	4	1	1	2
dataset_04_01837	3	4	2	4	2	4	4	2	3	4	1	2
dataset_04_01838	5	1	2	2	1	4	3	2	5	2	1	1
dataset_04_01839	5	2	5	2	4	4	4	4	4	2	5	3
dataset_04_01840	3	2	4	3	2	4	4	4	5	3	2	2
dataset_04_01841	5	4	5	5	4	5	5	5	5	5	4	4
dataset_04_01842	4	3	2	2	4	5	4	2	3	2	3	2
dataset_04_01843	4	3	2	2	1	3	1	2	1	1	1	1
dataset_04_01844	5	4	3	3	4	3	4	3	2	2	1	2
dataset_04_01845	4	5	4	5	5	4	5	4	5	4	5	2
dataset_04_01846	4	4	4	2	5	4	2	2	4	1	2	2
dataset_04_01847	2	1	4	4	2	5	4	2	2	1	3	1
dataset_04_01848	5	5	5	4	5	5	4	5	4	2	4	4
dataset_04_01849	4	5	2	2	4	3	3	4	5	2	2	2
dataset_04_01850	2	2	4	1	1	4	4	2	3	1	2	5
dataset_04_01851	5	5	5	3	4	5	5	5	5	4	5	4
dataset_04_01852	4	2	3	2	2	4	2	1	4	2	1	2
dataset_04_01853	5	3	4	4	4	5	3	4	4	5	4	4
dataset_04_01854	5	4	4	2	5	5	4	2	4	2	4	4
dataset_04_01855	2	3	4	2	3	4	4	2	5	3	2	2
dataset_04_01856	4	2	1	1	2	4	2	2	2	2	1	2
dataset_04_01857	4	4	4	2	3	3	1	3	3	2	1	4
dataset_04_01858	2	4	4	2	4	4	4	3	5	5	1	4
dataset_04_01859	1	2	1	1	2	2	2	1	4	2	1	1
dataset_04_01860	4	4	5	4	3	5	4	4	5	2	5	5
dataset_04_01861	3	3	4	4	3	4	3	4	4	2	3	1
dataset_04_01862	4	4	3	2	4	5	4	4	3	1	2	1
dataset_04_01863	2	2	4	1	3	5	4	2	4	2	2	5
dataset_04_01864	3	4	2	2	1	4	1	3	1	3	3	2
dataset_04_01865	5	3	5	3	3	5	5	4	5	3	5	4
dataset_04_01866	4	1	4	2	4	3	3	2	4	1	1	2
dataset_04_01867	5	5	4	5	4	5	3	4	5	4	5	3
dataset_04_01868	3	4	1	2	1	5	4	3	5	1	1	5
dataset_04_01869	5	5	4	3	5	5	5	3	4	5	5	2
dataset_04_01870	4	2	2	4	2	5	4	2	4	2	3	4
dataset_04_01871	3	4	5	4	3	4	3	2	2	1	4	1
dataset_04_01872	5	5	4	4	3	4	3	3	5	2	2	3
dataset_04_01873	2	4	4	2	2	3	2	2	4	1	1	3
dataset_04_01874	4	1	2	2	3	4	2	3	5	3	2	2
dataset_04_01875	5	2	4	3	3	3	4	4	5	5	5	2
dataset_04_01876	5	5	5	3	5	5	5	4	5	4	5	2
dataset_04_01877	5	2	4	4	5	5	5	5	5	3	4	5
dataset_04_01878	4	2	3	3	1	2	1	1	4	2	1	1
dataset_04_01879	5	4	5	5	4	5	5	5	5	5	4	5
dataset_04_01880	5	5	4	4	4	4	5	5	5	2	3	5
dataset_04_01881	4	3	4	4	2	3	5	2	2	2	3	2
dataset_04_01882	5	5	5	5	5	5	5	5	4	5	4	2
dataset_04_01883	5	4	4	3	3	5	4	4	5	4	1	3
dataset_04_01884	1	1	2	1	1	4	1	1	1	1	2	1
dataset_04_01885	4	3	4	4	3	4	4	2	5	3	2	4
dataset_04_01886	4	3	4	4	4	4	4	5	4	1	4	5
dataset_04_01887	5	3	3	2	2	5	4	2	4	2	4	3
dataset_04_01888	4	4	3	4	4	2	4	3	4	3	2	2
dataset_04_01889	1	1	2	1	1	1	1	1	3	1	1	1
dataset_04_01890	4	2	5	4	3	4	4	3	2	3	1	2
dataset_04_01891	3	2	4	2	1	4	2	1	2	1	1	1
dataset_04_01892	4	3	2	2	2	5	3	2	4	3	2	2
dataset_04_01893	4	4	3	4	5	5	4	1	5	2	4	4
dataset_04_01894	5	4	4	5	5	5	5	4	5	5	4	4
dataset_04_01895	5	4	2	4	4	4	5	5	3	4	3	2
dataset_04_01896	5	3	5	4	4	5	4	4	5	4	5	4
dataset_04_01897	2	1	1	1	2	3	4	1	2	1	1	1
dataset_04_01898	3	4	2	4	4	4	2	2	3	1	4	2
dataset_04_01899	5	4	5	4	5	5	3	5	5	5	4	2
dataset_04_01900	2	4	2	1	2	3	1	3	5	1	1	1
dataset_04_01901	5	4	4	4	5	5	2	4	4	3	3	2
dataset_04_01902	3	1	3	1	1	2	1	1	2	1	1	1
dataset_04_01903	4	3	4	4	4	5	5	5	5	2	5	2
dataset_04_01904	5	2	3	5	4	3	4	4	3	1	1	3
dataset_04_01905	4	4	5	4	4	5	5	4	4	2	5	4
dataset_04_01906	3	4	4	4	4	4	4	5	4	1	2	3
dataset_04_01907	4	5	4	4	5	3	4	5	4	5	3	3
dataset_04_01908	4	4	4	5	4	5	4	3	4	2	5	1
dataset_04_01909	4	3	3	1	1	4	4	2	4	3	1	3
dataset_04_01910	5	4	4	2	3	4	5	4	5	2	1	1
dataset_04_01911	4	2	2	5	3	5	4	5	5	2	2	5
dataset_04_01912	4	5	5	5	5	5	5	5	5	4	5	5
dataset_04_01913	5	4	4	5	4	5	4	4	5	4	4	4
dataset_04_01914	4	3	1	1	4	2	4	3	3	1	1	3
dataset_04_01915	2	5	4	5	5	5	5	5	5	4	3	5
dataset_04_01916	4	3	4	3	4	3	3	1	4	2	3	1
dataset_04_01917	5	3	5	3	5	5	5	5	3	4	4	2
dataset_04_01918	5	4	4	1	2	3	2	2	4	2	4	1
dataset_04_01919	4	4	5	3	4	4	4	4	4	2	4	1
dataset_04_01920	4	4	2	1	5	4	4	4	5	4	3	2
dataset_04_01921	5	1	2	4	2	4	2	2	3	1	1	5
dataset_04_01922	3	2	4	3	3	4	2	4	4	5	1	2
dataset_04_01923	5	5	5	5	5	5	5	5	5	5	4	2
dataset_04_01924	4	4	4	4	4	4	5	4	5	4	1	2
dataset_04_01925	4	1	3	1	2	2	4	2	3	2	4	1
dataset_04_01926	1	2	1	2	4	2	2	2	2	1	1	2
dataset_04_01927	4	3	5	2	3	4	4	5	5	2	2	2
dataset_04_01928	5	5	5	4	4	5	5	5	5	3	3	2
dataset_04_01929	2	4	4	3	3	5	4	4	5	2	4	1
dataset_04_01930	4	4	3	2	4	5	4	4	4	2	5	4
dataset_04_01931	5	4	5	4	5	5	4	5	5	5	4	5
dataset_04_01932	3	4	5	2	4	5	5	5	5	5	3	2
dataset_04_01933	4	5	2	3	4	5	3	1	5	2	2	4
dataset_04_01934	1	1	1	1	1	4	1	1	2	1	1	1
dataset_04_01935	4	5	4	2	4	2	4	5	5	4	4	5
dataset_04_01936	2	2	3	2	2	4	2	4	2	2	1	1
dataset_04_01937	4	4	5	3	4	5	2	5	4	2	4	3
dataset_04_01938	3	3	2	1	2	5	2	5	2	5	3	2
dataset_04_01939	5	5	4	3	5	5	5	5	5	4	2	3
dataset_04_01940	2	4	2	3	3	4	4	5	4	2	2	2
dataset_04_01941	4	1	1	1	2	4	2	1	2	1	1	4
dataset_04_01942	4	4	2	1	4	4	4	4	4	1	2	2
dataset_04_01943	5	2	3	2	3	3	3	4	4	2	2	4
dataset_04_01944	4	2	4	3	4	5	4	5	5	1	2	2
dataset_04_01945	3	2	2	2	3	4	3	1	4	2	2	2
dataset_04_01946	5	4	5	4	2	5	4	4	4	4	3	1
dataset_04_01947	3	3	4	4	3	5	4	2	4	2	4	1
dataset_04_01948	3	5	5	2	3	4	2	2	1	2	2	1
dataset_04_01949	4	4	5	3	4	5	3	2	5	5	4	3
dataset_04_01950	4	4	4	4	4	4	5	5	3	4	4	5
dataset_04_01951	5	4	4	3	5	4	3	3	3	1	2	2
dataset_04_01952	4	2	3	3	4	4	4	3	1	5	5	2
dataset_04_01953	3	3	4	3	3	5	4	2	3	1	3	4
dataset_04_01954	4	1	2	3	4	4	4	4	4	4	1	2
dataset_04_01955	4	3	4	5	2	5	3	4	4	2	2	2
dataset_04_01956	4	1	5	2	4	3	3	5	4	3	2	1
dataset_04_01957	2	4	1	2	2	4	3	1	2	1	2	2
dataset_04_01958	2	3	3	3	4	4	1	4	4	2	4	1
dataset_04_01959	4	4	4	3	3	5	4	5	2	4	4	3
dataset_04_01960	2	1	2	1	2	2	2	2	3	2	1	3
dataset_04_01961	4	4	3	2	1	4	2	2	2	1	1	2
dataset_04_01962	4	1	2	1	1	2	4	3	4	1	2	2
dataset_04_01963	4	4	3	4	2	4	4	4	5	1	4	2
dataset_04_01964	1	1	1	2	2	3	2	2	1	1	2	1
dataset_04_01965	2	2	5	4	3	3	4	4	4	2	2	4
dataset_04_01966	5	2	4	2	3	3	4	3	4	4	1	1
dataset_04_01967	2	4	3	2	2	4	4	3	4	3	3	3
dataset_04_01968	3	3	5	3	4	4	4	5	4	1	4	5
dataset_04_01969	3	2	4	2	3	4	1	4	5	2	2	1
dataset_04_01970	5	5	5	5	5	4	5	4	5	5	3	5
dataset_04_01971	4	1	1	2	2	4	3	1	2	1	1	1
dataset_04_01972	2	1	4	2	4	4	3	1	3	1	2	1
dataset_04_01973	4	2	2	5	4	4	5	4	4	5	5	1
dataset_04_01974	5	4	5	4	4	4	4	4	2	2	5	3
dataset_04_01975	4	4	4	3	4	5	5	3	3	5	5	2
dataset_04_01976	4	4	3	4	4	5	4	5	5	4	5	3
dataset_04_01977	2	2	5	1	2	2	4	1	2	1	1	1
dataset_04_01978	2	2	2	3	4	4	2	2	4	2	1	3
dataset_04_01979	2	1	3	3	2	2	1	1	1	1	1	1
dataset_04_01980	4	4	3	3	4	5	4	3	2	2	1	1
dataset_04_01981	5	4	5	5	5	5	5	5	5	4	5	4
dataset_04_01982	2	1	2	2	1	3	2	1	4	1	2	1
dataset_04_01983	2	1	2	2	2	4	3	1	2	3	2	2
dataset_04_01984	4	3	3	4	2	5	3	3	4	3	1	3
dataset_04_01985	2	5	4	1	2	3	2	3	3	1	1	1
dataset_04_01986	4	5	4	4	5	4	4	5	4	2	3	3
dataset_04_01987	4	1	2	2	2	4	4	1	5	1	2	1
dataset_04_01988	2	4	4	1	2	5	3	2	4	3	2	2
dataset_04_01989	1	5	4	2	3	3	2	2	3	1	1	2
dataset_04_01990	2	2	4	2	3	3	4	2	4	5	1	1
dataset_04_01991	5	4	4	4	4	4	4	5	4	4	4	5
dataset_04_01992	5	3	4	3	5	5	4	4	4	3	5	5
dataset_04_01993	4	5	4	5	3	5	4	5	3	2	4	2
dataset_04_01994	1	1	2	1	1	2	2	2	1	1	1	1
dataset_04_01995	4	4	5	2	4	4	3	4	4	2	2	5
dataset_04_01996	3	2	4	2	4	4	3	2	4	3	2	1
dataset_04_01997	5	3	2	3	4	4	4	5	4	5	3	5
dataset_04_01998	1	1	2	2	2	2	2	1	2	2	1	4
dataset_04_01999	4	5	5	3	2	5	4	3	4	4	4	5
dataset_04_02000	4	3	4	1	2	4	4	3	4	3	4	2
dataset_04_02001	1	1	3	1	2	4	1	1	4	1	1	2
dataset_04_02002	4	2	3	4	4	3	2	1	2	4	1	1
dataset_04_02003	2	3	3	4	3	5	3	2	4	4	3	3
dataset_04_02004	3	5	4	2	2	5	4	4	4	5	3	3
dataset_04_02005	3	2	5	4	2	5	3	4	4	1	3	2
dataset_04_02006	4	1	2	2	2	5	4	2	4	4	1	1
dataset_04_02007	4	4	4	4	4	4	5	2	4	3	2	1
dataset_04_02008	5	5	5	2	2	4	5	4	5	2	4	1
dataset_04_02009	4	4	5	2	5	5	5	4	5	5	4	5
dataset_04_02010	5	3	3	2	2	4	3	1	3	2	4	2
dataset_04_02011	5	3	5	5	5	5	4	5	5	5	4	5
dataset_04_02012	5	4	5	2	5	5	5	5	5	2	5	2
dataset_04_02013	4	4	2	4	4	4	3	2	4	1	3	3
dataset_04_02014	5	4	5	4	2	4	3	5	4	2	2	4
dataset_04_02015	3	4	5	2	3	5	4	4	5	4	1	2
dataset_04_02016	5	5	5	4	3	5	5	5	5	4	4	1
dataset_04_02017	2	2	2	1	4	1	4	1	1	2	1	1
dataset_04_02018	5	2	4	5	4	4	4	5	4	2	4	3
dataset_04_02019	5	5	5	5	5	5	4	2	4	2	5	5
dataset_04_02020	2	4	5	3	3	4	3	2	2	1	2	2
dataset_04_02021	5	5	4	3	3	4	3	4	4	3	5	1
dataset_04_02022	4	3	3	4	3	4	4	5	2	2	4	2
dataset_04_02023	5	5	5	4	3	5	4	4	4	5	1	4
dataset_04_02024	3	4	5	2	3	4	3	5	5	4	3	3
dataset_04_02025	5	4	5	5	3	5	5	2	4	4	4	5
dataset_04_02026	4	2	2	1	3	3	4	4	4	2	4	3
dataset_04_02027	1	1	4	3	3	5	4	3	4	1	1	5
dataset_04_02028	5	3	4	1	3	5	4	2	3	2	3	1
dataset_04_02029	3	4	3	4	5	5	5	5	4	5	4	2
dataset_04_02030	5	1	5	2	3	4	2	2	5	1	3	2
dataset_04_02031	2	3	1	1	3	1	4	2	3	1	2	1
dataset_04_02032	5	1	4	4	4	4	4	2	4	4	1	2
dataset_04_02033	5	3	4	2	3	4	2	2	4	2	4	2
dataset_04_02034	5	5	5	2	4	4	2	3	5	4	2	1
dataset_04_02035	3	4	1	1	1	4	2	1	4	2	2	1
dataset_04_02036	5	5	5	5	4	5	5	4	5	5	5	5
dataset_04_02037	4	3	2	1	3	4	4	1	4	2	3	3
dataset_04_02038	4	4	5	2	2	4	4	4	4	4	1	3
dataset_04_02039	4	2	4	3	4	4	3	3	4	4	5	2
dataset_04_02040	4	2	2	2	4	4	2	1	3	3	2	2
dataset_04_02041	3	2	1	2	4	4	3	1	3	4	2	2
dataset_04_02042	4	2	5	3	4	4	4	4	5	2	2	1
dataset_04_02043	5	2	3	5	4	5	4	5	4	2	5	5
dataset_04_02044	2	3	5	4	4	4	4	2	5	2	3	2
dataset_04_02045	3	1	4	2	2	5	1	3	2	4	2	1
dataset_04_02046	2	1	2	2	2	2	1	2	2	2	4	2
dataset_04_02047	5	3	4	4	5	5	4	3	5	3	5	5
dataset_04_02048	1	2	2	2	3	3	1	1	1	2	4	1
dataset_04_02049	4	5	5	3	4	4	5	2	4	5	2	4
dataset_04_02050	2	1	1	2	2	3	3	2	2	2	2	1
dataset_04_02051	2	4	2	1	4	4	2	2	5	2	1	4
dataset_04_02052	4	4	5	1	1	4	2	2	2	1	2	1
dataset_04_02053	5	2	5	3	4	5	1	5	4	4	4	5
dataset_04_02054	3	2	1	1	1	1	1	2	1	1	1	1
dataset_04_02055	4	3	5	3	4	3	4	4	1	5	2	4
dataset_04_02056	4	2	1	1	3	4	1	2	3	2	1	2
dataset_04_02057	5	3	4	3	4	5	4	4	5	5	4	5
dataset_04_02058	4	2	5	4	4	5	4	2	4	2	4	4
dataset_04_02059	4	4	2	2	4	4	2	2	4	2	1	2
dataset_04_02060	4	1	4	3	3	4	1	2	5	2	4	3
dataset_04_02061	4	1	1	2	2	4	1	2	2	2	3	1
dataset_04_02062	5	4	4	1	3	3	4	4	3	1	2	2
dataset_04_02063	2	1	3	3	2	5	3	3	5	1	2	2
dataset_04_02064	5	4	4	4	4	5	1	3	5	4	5	4
dataset_04_02065	5	4	2	2	1	4	4	2	3	2	4	2
dataset_04_02066	4	2	5	4	4	5	4	4	4	4	5	4
dataset_04_02067	3	4	2	2	3	4	2	2	5	2	1	2
dataset_04_02068	1	2	2	2	2	1	1	2	1	2	3	3
dataset_04_02069	5	2	4	5	4	4	4	3	4	1	2	2
dataset_04_02070	3	2	3	1	2	4	3	4	2	2	2	4
dataset_04_02071	2	5	4	5	4	4	4	3	4	4	2	2
dataset_04_02072	3	4	4	2	1	4	2	2	1	3	1	2
dataset_04_02073	5	3	5	5	4	5	3	4	4	4	5	2
dataset_04_02074	4	2	3	3	2	3	4	2	3	1	3	2
dataset_04_02075	4	4	5	2	4	4	3	5	5	1	1	1
dataset_04_02076	2	1	2	1	2	4	2	3	2	1	2	1
dataset_04_02077	4	5	5	2	5	4	5	5	4	3	5	4
dataset_04_02078	4	3	4	5	5	5	5	4	5	5	5	4
dataset_04_02079	5	4	5	3	3	4	5	4	2	5	2	2
dataset_04_02080	3	3	3	4	3	4	5	1	3	2	1	2
dataset_04_02081	1	1	1	2	2	1	2	1	4	2	2	1
dataset_04_02082	3	4	2	2	4	4	2	1	4	3	1	1
dataset_04_02083	2	1	1	2	1	4	2	4	3	1	2	2
dataset_04_02084	3	3	2	3	4	3	2	2	3	2	3	4
dataset_04_02085	2	4	3	4	5	4	4	1	2	1	2	2
dataset_04_02086	2	4	3	2	1	4	2	4	4	2	1	1
dataset_04_02087	2	2	4	3	2	4	3	2	2	3	1	1
dataset_04_02088	3	1	2	5	5	5	3	4	3	1	3	2
dataset_04_02089	4	1	2	3	2	1	3	3	4	2	3	2
dataset_04_02090	4	4	4	4	5	4	5	4	4	5	5	4
dataset_04_02091	4	2	1	1	2	1	3	2	2	1	3	1
dataset_04_02092	5	3	5	5	4	4	4	5	4	1	4	1
dataset_04_02093	4	2	3	2	4	5	2	2	3	1	2	2
dataset_04_02094	4	5	5	3	5	5	5	4	4	4	3	1
dataset_04_02095	4	5	2	3	4	3	4	4	4	1	3	2
dataset_04_02096	4	3	5	2	5	5	2	4	4	3	1	2
dataset_04_02097	4	2	4	1	3	4	3	4	1	1	2	3
dataset_04_02098	1	2	2	2	2	2	2	4	2	1	1	3
dataset_04_02099	5	5	5	4	5	5	5	4	5	5	5	5
dataset_04_02100	4	4	5	5	4	5	4	4	4	5	4	5
dataset_04_02101	5	4	3	2	4	5	4	3	5	3	4	2
dataset_04_02102	1	4	4	2	2	3	2	2	4	1	1	1
dataset_04_02103	4	1	4	1	3	4	4	4	4	1	4	3
dataset_04_02104	4	2	3	2	2	5	5	4	3	2	2	2
dataset_04_02105	4	4	1	3	3	4	2	2	2	1	1	1
dataset_04_02106	4	4	4	2	3	3	4	2	4	4	1	1
dataset_04_02107	5	3	4	4	5	5	4	4	4	2	2	2
dataset_04_02108	1	1	1	1	1	4	4	1	2	1	1	1
dataset_04_02109	4	5	4	1	5	5	4	3	4	2	4	2
dataset_04_02110	3	3	4	2	4	3	4	5	5	4	5	5
dataset_04_02111	5	4	5	3	4	5	4	5	4	5	5	2
dataset_04_02112	3	1	1	2	1	4	2	2	3	1	2	1
dataset_04_02113	5	5	4	4	3	5	4	5	4	4	4	3
dataset_04_02114	4	4	4	4	5	5	5	5	4	5	4	4
dataset_04_02115	5	2	4	5	5	5	4	3	4	4	4	4
dataset_04_02116	4	1	1	1	1	5	4	2	3	1	1	2
dataset_04_02117	5	3	4	4	5	4	4	2	5	5	5	3
dataset_04_02118	4	2	2	4	5	4	5	4	3	2	5	3
dataset_04_02119	4	4	4	4	5	5	5	5	5	2	5	2
dataset_04_02120	3	4	2	4	3	3	5	5	5	1	2	2
dataset_04_02121	4	4	3	2	4	4	5	4	5	1	5	2
dataset_04_02122	3	1	4	4	3	4	2	4	3	2	1	2
dataset_04_02123	4	4	5	3	5	5	5	5	5	2	5	4
dataset_04_02124	5	1	3	2	3	4	2	4	2	3	4	4
dataset_04_02125	4	4	3	2	4	5	4	5	3	5	2	2
dataset_04_02126	2	1	2	1	4	4	4	1	4	1	3	2
dataset_04_02127	3	3	5	3	2	3	4	2	2	1	2	2
dataset_04_02128	4	5	1	2	2	5	2	3	4	5	2	2
dataset_04_02129	2	2	2	1	1	3	1	1	2	1	1	1
dataset_04_02130	1	3	4	4	2	4	3	2	5	1	1	1
dataset_04_02131	4	4	5	3	3	4	4	4	5	5	3	4
dataset_04_02132	4	5	4	2	3	4	5	3	4	2	2	2
dataset_04_02133	4	4	2	2	4	5	3	5	4	1	1	1
dataset_04_02134	4	4	4	4	4	4	4	3	4	5	4	4
dataset_04_02135	5	4	4	2	4	5	3	5	5	4	3	3
dataset_04_02136	1	2	1	1	2	4	1	1	1	1	1	1
dataset_04_02137	5	4	5	4	4	5	5	5	4	5	5	3
dataset_04_02138	5	4	5	2	4	4	5	4	4	2	3	2
dataset_04_02139	5	5	5	5	5	5	5	4	5	5	5	4
dataset_04_02140	5	4	4	2	5	5	4	5	4	5	4	5
dataset_04_02141	3	3	4	2	2	4	5	2	4	3	2	4
dataset_04_02142	4	2	5	2	4	4	2	2	1	3	3	5
dataset_04_02143	4	1	4	2	3	4	2	2	1	2	2	4
dataset_04_02144	3	1	4	2	3	4	4	4	2	1	1	2
dataset_04_02145	2	1	2	1	3	2	2	2	1	1	1	1
dataset_04_02146	4	1	3	2	2	4	3	3	2	2	2	3
dataset_04_02147	2	4	2	2	4	3	2	3	4	3	2	1
dataset_04_02148	5	5	5	5	5	5	5	5	5	5	4	4
dataset_04_02149	5	4	5	3	4	4	4	5	5	3	4	5
dataset_04_02150	4	2	3	2	3	4	1	2	4	1	1	1
dataset_04_02151	4	1	4	1	2	4	4	2	3	1	1	1
dataset_04_02152	5	5	5	3	5	5	5	5	5	3	4	5
dataset_04_02153	5	5	5	3	5	5	4	5	5	5	5	4
dataset_04_02154	4	1	4	2	4	4	4	3	5	4	2	3
dataset_04_02155	4	2	2	2	4	3	4	4	4	3	1	2
dataset_04_02156	3	3	1	2	4	4	5	3	4	1	4	1
dataset_04_02157	5	1	2	2	4	4	4	4	2	1	2	1
dataset_04_02158	5	2	2	4	5	3	4	2	4	3	2	1
dataset_04_02159	4	2	4	2	2	4	3	3	4	2	2	1
dataset_04_02160	5	3	2	2	2	4	4	3	4	1	1	1
dataset_04_02161	4	2	2	5	1	3	4	5	5	1	3	2
dataset_04_02162	4	5	4	3	4	5	4	5	4	3	3	4
dataset_04_02163	4	4	4	2	4	4	5	5	4	4	5	1
dataset_04_02164	2	2	2	2	2	4	2	3	4	1	1	4
dataset_04_02165	5	4	5	3	4	5	5	2	4	5	5	2
dataset_04_02166	4	3	3	4	2	4	5	2	4	1	3	3
dataset_04_02167	4	4	3	2	4	5	5	5	5	4	4	1
dataset_04_02168	3	3	3	2	3	2	4	2	5	2	3	2
dataset_04_02169	4	4	2	5	3	4	4	4	4	2	4	2
dataset_04_02170	4	5	3	4	5	5	4	4	4	5	4	2
dataset_04_02171	4	4	4	5	4	5	5	3	5	5	2	2
dataset_04_02172	4	2	2	2	3	5	5	2	4	2	2	5
dataset_04_02173	5	3	4	2	2	5	2	2	5	4	4	5
dataset_04_02174	5	1	2	4	2	4	3	2	4	1	1	2
dataset_04_02175	5	2	5	1	3	4	4	1	3	1	1	1
dataset_04_02176	5	3	4	4	4	4	4	3	4	4	2	4
dataset_04_02177	4	2	3	1	3	4	4	2	5	1	4	2
dataset_04_02178	5	4	4	4	4	4	4	5	4	2	1	2
dataset_04_02179	5	5	5	5	4	5	5	5	5	5	5	5
dataset_04_02180	1	1	1	2	1	4	2	1	2	2	1	2
dataset_04_02181	5	4	5	4	5	4	4	4	5	5	5	4
dataset_04_02182	2	2	4	3	4	4	3	5	4	5	2	3
dataset_04_02183	5	5	4	3	4	5	5	3	4	4	5	5
dataset_04_02184	4	5	5	4	5	5	5	4	4	4	4	2
dataset_04_02185	2	2	4	5	3	5	3	5	5	4	1	4
dataset_04_02186	1	1	2	2	2	4	2	1	2	2	1	1
dataset_04_02187	5	5	4	2	3	5	4	5	5	4	2	4
dataset_04_02188	5	1	4	3	5	5	3	4	4	4	2	2
dataset_04_02189	3	2	4	2	4	2	3	3	4	1	4	1
dataset_04_02190	2	4	4	2	4	4	4	4	4	1	1	2
dataset_04_02191	3	3	2	3	2	3	1	2	4	1	1	1
dataset_04_02192	5	5	4	3	2	4	4	2	5	4	2	4
dataset_04_02193	2	2	4	1	2	3	4	2	2	1	1	1
dataset_04_02194	3	3	2	2	2	5	2	4	2	2	1	2
dataset_04_02195	4	2	5	2	2	2	4	2	4	2	2	2
dataset_04_02196	3	2	1	4	1	2	4	1	3	1	1	2
dataset_04_02197	5	5	4	2	4	5	4	4	5	3	5	3
dataset_04_02198	5	3	4	2	2	4	2	2	5	2	2	5
dataset_04_02199	5	5	5	4	4	4	4	5	5	5	4	5
dataset_04_02200	3	1	4	1	1	4	2	1	4	2	2	2
dataset_04_02201	2	1	2	2	2	4	2	3	2	1	1	1
dataset_04_02202	3	2	3	4	3	4	4	2	4	1	1	3
dataset_04_02203	5	5	5	4	5	4	4	4	4	4	4	4
dataset_04_02204	5	4	5	5	5	5	5	5	5	5	5	4
dataset_04_02205	1	2	4	1	2	4	2	4	4	3	2	1
dataset_04_02206	5	4	2	2	3	4	4	4	4	2	4	1
dataset_04_02207	4	1	4	1	2	3	2	4	2	1	1	1
dataset_04_02208	3	2	3	2	1	3	4	1	4	1	1	4
dataset_04_02209	5	4	4	4	5	5	5	4	5	5	5	5
dataset_04_02210	1	2	2	1	4	2	3	1	4	1	2	1
dataset_04_02211	4	4	3	3	4	4	4	4	4	1	3	2
dataset_04_02212	4	2	4	5	3	4	4	4	3	1	4	2
dataset_04_02213	3	3	2	1	1	3	3	4	2	1	1	1
dataset_04_02214	4	1	2	4	2	4	3	4	2	4	3	4
dataset_04_02215	4	2	3	3	4	4	4	2	4	5	2	2
dataset_04_02216	3	1	4	3	3	2	5	1	2	1	1	2
dataset_04_02217	4	2	4	3	2	2	2	3	5	1	1	1
dataset_04_02218	2	3	2	2	4	4	4	4	5	2	5	2
dataset_04_02219	4	2	4	3	2	5	3	2	4	2	4	2
dataset_04_02220	3	5	4	1	4	3	4	2	5	1	2	2
dataset_04_02221	3	4	2	2	5	4	3	3	4	1	3	2
dataset_04_02222	4	4	3	2	2	5	3	3	4	1	3	2
dataset_04_02223	2	1	3	2	2	4	3	1	4	1	1	1
dataset_04_02224	2	1	1	2	2	3	3	1	1	1	1	2
dataset_04_02225	5	2	5	2	4	5	4	4	4	1	2	1
dataset_04_02226	4	4	3	3	5	5	4	1	4	2	2	1
dataset_04_02227	4	3	2	3	4	3	4	2	4	2	1	2
dataset_04_02228	4	4	4	3	4	4	4	4	2	4	3	1
dataset_04_02229	2	2	4	2	3	4	4	1	4	1	1	1
dataset_04_02230	4	4	5	4	5	4	4	5	2	3	4	5
dataset_04_02231	4	3	1	2	2	4	4	2	3	2	1	1
dataset_04_02232	2	4	2	1	1	3	1	1	1	1	4	1
dataset_04_02233	2	3	4	3	4	4	4	3	5	2	3	2
dataset_04_02234	1	2	1	1	1	2	1	1	1	1	1	1
dataset_04_02235	4	1	2	2	2	5	5	4	3	2	2	1
dataset_04_02236	4	3	3	1	2	2	1	2	1	1	1	1
dataset_04_02237	3	4	4	2	2	4	2	4	4	1	1	2
dataset_04_02238	2	4	4	3	3	5	5	3	3	4	3	1
dataset_04_02239	4	5	5	5	5	5	4	4	5	5	2	5
dataset_04_02240	3	4	5	1	3	4	4	3	4	2	3	2
dataset_04_02241	5	5	4	5	5	5	5	5	5	5	5	5
dataset_04_02242	4	4	4	1	4	4	3	2	2	3	2	2
dataset_04_02243	5	5	5	4	3	5	3	4	5	3	5	2
dataset_04_02244	4	3	1	1	2	4	5	1	1	1	1	1
dataset_04_02245	5	3	2	4	2	3	4	4	4	5	4	5
dataset_04_02246	5	3	4	5	4	5	5	5	4	2	4	3
dataset_04_02247	4	4	3	2	2	5	2	2	4	2	3	1
dataset_04_02248	3	3	3	2	2	3	3	2	4	2	3	2
dataset_04_02249	5	3	2	4	4	4	3	2	4	4	3	2
dataset_04_02250	4	4	2	2	2	4	4	3	4	2	1	4
dataset_04_02251	4	4	4	3	4	4	4	4	4	1	4	3
dataset_04_02252	5	4	4	5	5	5	4	4	4	4	4	3
dataset_04_02253	3	2	2	4	5	5	4	3	5	4	4	2
dataset_04_02254	5	1	4	2	4	4	1	5	5	2	4	1
dataset_04_02255	2	1	2	1	2	4	4	2	1	1	2	1
dataset_04_02256	5	5	5	3	4	4	4	5	4	4	4	4
dataset_04_02257	5	2	4	5	5	5	2	4	4	2	2	5
dataset_04_02258	5	4	5	3	4	4	4	5	5	2	3	3
dataset_04_02259	3	1	2	1	3	4	3	3	4	2	3	1
dataset_04_02260	4	3	2	2	3	2	4	4	4	2	1	2
dataset_04_02261	4	2	2	2	3	4	2	3	4	1	1	1
dataset_04_02262	4	2	3	2	2	4	5	4	4	3	1	2
dataset_04_02263	4	5	5	4	3	5	4	4	5	5	1	4
dataset_04_02264	4	4	2	2	5	5	4	2	2	2	5	3
dataset_04_02265	4	1	3	2	4	5	3	2	4	2	3	2
dataset_04_02266	4	2	4	3	5	4	4	3	5	2	2	1
dataset_04_02267	5	5	5	5	4	5	4	4	5	3	4	2
dataset_04_02268	3	1	2	2	2	2	3	4	2	1	2	1
dataset_04_02269	3	2	3	4	4	5	3	3	4	1	3	3
dataset_04_02270	3	4	4	5	4	4	4	2	2	3	4	1
dataset_04_02271	4	4	2	2	4	4	2	3	3	2	3	3
dataset_04_02272	3	1	2	2	3	4	4	3	3	1	1	1
dataset_04_02273	4	4	4	3	3	5	4	2	2	3	3	1
dataset_04_02274	2	2	2	3	4	4	3	3	4	2	3	4
dataset_04_02275	4	4	5	5	5	4	5	4	4	4	4	3
dataset_04_02276	2	1	1	2	2	4	1	2	2	1	1	2
dataset_04_02277	2	1	1	2	2	3	2	3	4	2	1	1
dataset_04_02278	3	2	2	2	1	3	1	1	2	1	1	1
dataset_04_02279	1	2	1	2	1	2	1	2	3	2	3	2
dataset_04_02280	3	4	2	1	2	4	3	3	2	2	2	3
dataset_04_02281	4	1	4	2	4	4	4	3	5	2	3	2
dataset_04_02282	4	5	4	3	5	5	4	5	4	5	4	5
dataset_04_02283	4	4	4	3	2	4	5	4	5	2	4	2
dataset_04_02284	5	5	4	4	5	5	3	4	5	5	4	3
dataset_04_02285	1	3	4	2	1	2	3	1	4	1	1	2
dataset_04_02286	3	3	5	4	3	5	3	5	4	4	5	3
dataset_04_02287	4	4	4	4	3	5	5	5	4	4	3	4
dataset_04_02288	4	5	4	4	4	5	4	4	4	4	2	5
dataset_04_02289	4	4	4	2	3	5	4	4	3	4	4	2
dataset_04_02290	1	1	4	1	2	3	2	3	2	1	1	1
dataset_04_02291	1	1	1	1	1	2	1	1	1	1	1	1
dataset_04_02292	4	4	4	4	3	2	4	3	4	1	3	2
dataset_04_02293	5	3	2	4	3	5	3	2	4	3	2	1
dataset_04_02294	2	4	3	3	2	5	2	2	5	1	2	1
dataset_04_02295	5	4	2	2	4	5	4	4	4	3	3	4
dataset_04_02296	2	2	2	1	2	3	2	3	1	1	2	1
dataset_04_02297	5	5	5	5	5	5	5	5	5	5	5	5
dataset_04_02298	4	3	4	4	5	4	5	5	3	2	3	5
dataset_04_02299	5	4	5	4	3	5	5	5	4	5	4	5
dataset_04_02300	4	1	2	2	1	5	1	2	3	1	1	1
dataset_04_02301	4	4	4	2	5	5	2	2	4	4	4	4
dataset_04_02302	4	2	2	2	3	5	3	2	4	4	1	1
dataset_04_02303	4	2	5	4	4	4	2	2	4	2	3	4
dataset_04_02304	4	3	2	2	3	4	4	1	5	1	1	1
dataset_04_02305	4	4	3	2	2	4	2	4	3	3	4	4
dataset_04_02306	2	2	3	1	2	3	3	1	4	1	1	2
dataset_04_02307	5	5	5	5	4	5	4	5	5	3	5	5
dataset_04_02308	5	5	5	5	5	4	4	5	5	2	3	5
dataset_04_02309	4	5	3	2	1	5	3	1	2	1	3	1
dataset_04_02310	5	2	3	4	4	5	5	4	4	5	5	2
dataset_04_02311	3	5	5	4	5	5	4	4	5	4	4	3
dataset_04_02312	4	4	2	2	5	3	2	2	2	3	4	3
dataset_04_02313	1	2	3	1	1	2	2	2	3	2	3	2
dataset_04_02314	2	1	2	1	1	2	2	2	2	2	1	1
dataset_04_02315	5	4	4	2	5	5	5	5	5	5	2	3
dataset_04_02316	4	2	4	2	4	3	4	4	4	1	2	2
dataset_04_02317	3	1	1	1	1	1	2	1	1	1	1	2
dataset_04_02318	3	5	4	3	4	3	4	4	4	1	2	3
dataset_04_02319	4	3	3	3	3	4	3	3	4	2	2	2
dataset_04_02320	4	1	2	2	5	5	3	3	4	5	3	1
dataset_04_02321	4	1	3	2	3	4	3	3	3	2	1	1
dataset_04_02322	4	4	5	4	5	5	4	1	5	2	4	1
dataset_04_02323	5	4	5	4	5	5	4	4	5	5	4	4
dataset_04_02324	1	3	3	2	3	4	3	2	4	1	3	4
dataset_04_02325	2	2	1	2	2	3	2	4	2	2	1	1
dataset_04_02326	4	4	3	2	5	3	3	2	4	2	4	2
dataset_04_02327	2	3	2	2	4	4	4	2	2	1	2	1
dataset_04_02328	4	2	4	3	2	3	4	4	3	2	2	3
dataset_04_02329	5	1	4	3	2	5	4	5	5	2	3	2
dataset_04_02330	1	1	2	1	2	4	2	2	4	1	4	1
dataset_04_02331	2	1	2	1	1	2	1	1	2	1	1	1
dataset_04_02332	3	2	4	1	2	4	4	3	3	1	1	1
dataset_04_02333	3	3	4	2	5	4	4	3	4	3	3	4
dataset_04_02334	5	4	3	4	4	3	5	4	5	5	4	3
dataset_04_02335	5	5	3	5	4	4	4	3	5	3	2	3
dataset_04_02336	4	2	3	1	3	4	2	3	3	1	4	1
dataset_04_02337	4	4	4	2	4	5	4	4	5	2	2	2
dataset_04_02338	2	2	1	2	3	4	3	2	2	3	3	4
dataset_04_02339	2	3	2	1	4	4	2	2	4	1	1	2
dataset_04_02340	4	3	2	4	4	4	4	5	4	1	3	2
dataset_04_02341	4	4	4	3	1	4	4	2	4	5	4	5
dataset_04_02342	5	3	3	2	3	3	2	2	2	3	2	1
dataset_04_02343	5	3	4	2	5	3	2	4	4	2	3	4
dataset_04_02344	4	2	5	3	3	4	5	1	5	3	1	2
dataset_04_02345	4	5	4	4	4	3	5	3	5	4	5	4
dataset_04_02346	4	4	4	4	4	5	5	4	5	3	2	2
dataset_04_02347	2	1	2	1	1	2	2	1	1	1	1	1
dataset_04_02348	4	4	4	1	2	4	4	1	2	1	2	2
dataset_04_02349	5	4	4	2	2	4	2	5	4	3	2	2
dataset_04_02350	2	2	4	1	1	3	2	2	2	1	2	2
dataset_04_02351	1	2	2	1	2	3	1	1	3	1	2	1
dataset_04_02352	4	4	5	1	3	4	2	2	4	4	1	2
dataset_04_02353	4	5	4	3	1	5	4	5	4	3	4	1
dataset_04_02354	2	1	2	3	4	3	3	3	1	1	1	1
dataset_04_02355	3	2	2	3	2	4	4	4	1	1	1	1
dataset_04_02356	3	5	4	2	2	5	4	2	5	2	2	4
dataset_04_02357	4	2	4	2	2	4	5	1	4	2	3	4
dataset_04_02358	3	3	4	1	3	4	2	4	4	2	2	2
dataset_04_02359	4	1	1	3	4	4	4	2	3	2	4	1
dataset_04_02360	2	2	2	3	3	4	2	2	1	1	1	1
dataset_04_02361	5	4	4	4	4	4	5	2	3	4	4	4
dataset_04_02362	5	4	4	5	4	4	4	4	4	4	4	5
dataset_04_02363	4	1	3	3	4	4	5	4	3	4	4	3
dataset_04_02364	5	4	4	4	4	3	5	2	3	1	2	2
dataset_04_02365	5	3	4	5	4	5	4	5	4	4	2	2
dataset_04_02366	4	2	2	1	2	4	2	1	3	2	1	1
dataset_04_02367	4	4	2	1	2	3	4	4	3	3	3	1
dataset_04_02368	5	4	4	2	4	5	4	3	4	3	4	4
dataset_04_02369	1	2	2	3	1	4	1	1	1	2	1	3
dataset_04_02370	4	1	4	2	4	5	4	3	4	2	2	5
dataset_04_02371	4	1	3	2	3	5	4	2	4	1	3	2
dataset_04_02372	4	2	2	2	1	3	2	2	3	1	2	1
dataset_04_02373	4	2	5	2	3	5	4	4	5	2	1	2
dataset_04_02374	1	1	1	1	1	4	1	1	4	1	1	1
dataset_04_02375	4	4	1	2	4	3	4	4	3	2	1	1
dataset_04_02376	5	5	4	5	5	5	5	4	5	5	5	5
dataset_04_02377	4	3	3	5	3	5	4	2	4	5	2	4
dataset_04_02378	5	5	5	5	5	5	5	5	5	4	5	5
dataset_04_02379	5	5	4	3	5	5	4	4	5	3	3	4
dataset_04_02380	5	4	4	4	4	5	4	5	5	4	4	4
dataset_04_02381	4	2	5	3	5	5	5	4	4	4	5	3
dataset_04_02382	4	4	3	2	2	4	3	5	4	2	2	2
dataset_04_02383	4	4	1	4	3	5	3	5	3	2	4	4
dataset_04_02384	2	4	2	1	2	2	1	1	2	1	2	1
dataset_04_02385	5	4	4	2	4	5	3	4	4	2	5	3
dataset_04_02386	3	2	2	3	2	2	2	4	3	3	1	2
dataset_04_02387	4	2	2	2	2	4	2	2	4	2	2	1
dataset_04_02388	2	1	2	1	3	4	3	1	3	2	1	2
dataset_04_02389	5	4	4	4	4	5	3	5	4	4	1	4
dataset_04_02390	4	4	3	3	4	5	4	2	4	3	4	4
dataset_04_02391	2	1	1	1	1	3	1	1	1	1	1	1
dataset_04_02392	3	3	1	1	3	3	3	1	2	2	1	2
dataset_04_02393	2	3	2	1	1	5	1	3	3	1	1	2
dataset_04_02394	4	1	4	5	2	5	4	3	4	2	4	1
dataset_04_02395	2	1	2	3	4	3	3	2	4	1	2	1
dataset_04_02396	2	2	2	3	3	4	4	4	3	2	2	2
dataset_04_02397	4	2	4	4	2	5	3	4	4	1	2	1
dataset_04_02398	2	2	2	2	3	3	3	2	2	2	1	2
dataset_04_02399	5	5	5	5	5	5	5	5	5	5	5	4
dataset_04_02400	5	2	5	4	5	4	5	4	5	5	5	5
dataset_04_02401	4	4	4	4	4	4	4	3	4	5	4	4
dataset_04_02402	1	1	2	2	2	3	1	2	4	1	1	1
dataset_04_02403	4	5	2	2	3	5	2	4	4	2	2	4
dataset_04_02404	5	1	2	2	4	4	4	4	2	1	2	1
dataset_04_02405	2	3	2	2	2	2	3	3	2	2	2	2
dataset_04_02406	2	1	1	3	1	2	2	1	1	2	1	1
dataset_04_02407	2	4	1	1	1	1	1	2	1	1	1	1
dataset_04_02408	5	5	5	2	5	5	5	5	5	3	5	4
dataset_04_02409	5	2	3	1	2	3	2	2	4	1	1	1
dataset_04_02410	1	1	1	1	1	4	1	1	4	1	1	1
dataset_04_02411	4	1	4	3	4	2	4	4	2	1	2	4
dataset_04_02412	4	4	5	1	5	4	3	3	5	4	4	4
dataset_04_02413	5	5	2	3	4	4	3	4	4	2	1	1
dataset_04_02414	4	4	4	2	2	5	3	4	4	2	2	4
dataset_04_02415	5	5	5	4	5	5	5	4	5	4	3	4
dataset_04_02416	4	4	4	5	4	4	4	4	5	5	4	4
dataset_04_02417	5	2	4	2	3	3	5	2	3	3	3	2
dataset_04_02418	4	3	4	2	2	4	4	2	4	4	4	2
dataset_04_02419	4	4	5	1	4	5	4	2	4	2	1	1
dataset_04_02420	4	4	4	3	2	4	4	4	4	1	3	2
dataset_04_02421	4	5	5	3	2	5	4	3	4	4	4	5
dataset_04_02422	4	1	2	1	4	4	2	1	1	2	1	1
dataset_04_02423	4	1	2	4	3	5	1	1	4	4	2	4
dataset_04_02424	4	2	4	2	4	5	4	1	4	4	2	3
dataset_04_02425	5	3	2	2	2	4	4	3	4	1	1	1
dataset_04_02426	3	2	3	2	3	2	4	3	3	1	3	1
dataset_04_02427	5	4	5	4	3	5	5	5	4	2	5	5
dataset_04_02428	5	3	4	2	5	3	2	4	4	2	3	4
dataset_04_02429	5	3	2	2	2	4	2	2	2	2	1	4
dataset_04_02430	4	2	3	3	3	3	5	1	3	4	1	2
dataset_04_02431	5	5	4	5	4	5	4	5	5	2	2	4
dataset_04_02432	4	2	2	2	3	3	3	4	4	2	2	2
dataset_04_02433	4	2	5	2	2	2	4	2	4	2	2	2
dataset_04_02434	2	4	4	2	4	4	4	3	5	5	1	4
dataset_04_02435	4	3	5	3	4	3	4	2	4	2	1	4
dataset_04_02436	4	2	5	3	4	4	4	5	2	4	5	4
dataset_04_02437	4	1	4	2	3	4	4	4	3	2	3	1
dataset_04_02438	2	1	2	4	3	4	4	5	4	2	2	4
dataset_04_02439	2	4	4	1	2	5	5	4	1	3	1	1
dataset_04_02440	3	1	4	2	1	2	3	3	4	2	3	3
dataset_04_02441	2	1	1	2	2	2	1	3	4	1	2	1
dataset_04_02442	5	5	5	3	2	5	5	4	4	3	5	4
dataset_04_02443	4	5	5	4	5	5	5	4	4	4	4	2
dataset_04_02444	5	5	5	2	4	5	4	5	4	4	2	5
dataset_04_02445	5	4	5	4	5	5	2	4	4	5	4	2
dataset_04_02446	4	4	4	2	5	4	4	3	5	3	1	2
dataset_04_02447	4	4	5	3	2	4	3	2	4	2	2	1
dataset_04_02448	5	5	5	5	5	4	4	5	5	2	3	5
dataset_04_02449	3	2	4	4	5	4	4	4	5	2	2	2
dataset_04_02450	4	1	4	1	2	3	2	4	2	1	1	1
dataset_04_02451	4	3	1	2	2	4	3	3	1	2	5	1
dataset_04_02452	2	4	5	2	2	1	1	1	2	1	1	1
dataset_04_02453	5	4	2	3	3	5	4	5	4	3	4	4
dataset_04_02454	5	4	4	2	3	4	4	3	1	1	3	1
dataset_04_02455	2	1	1	2	2	3	3	1	1	1	1	2
dataset_04_02456	2	4	4	4	4	4	4	3	5	5	1	2
dataset_04_02457	5	4	4	1	2	3	2	2	4	2	4	1
dataset_04_02458	5	5	5	4	4	5	5	5	4	5	4	5
dataset_04_02459	2	4	1	4	2	2	4	1	5	4	2	2
dataset_04_02460	3	2	2	2	3	3	4	2	4	3	1	1
dataset_04_02461	4	4	3	4	5	5	4	1	5	2	4	4
dataset_04_02462	5	4	2	2	4	5	4	5	4	2	2	2
dataset_04_02463	5	5	5	4	5	4	4	5	5	5	5	5
dataset_04_02464	4	2	3	2	2	3	4	4	3	3	1	1
dataset_04_02465	4	5	4	4	4	3	5	3	5	4	5	4
dataset_04_02466	4	5	4	2	4	4	4	3	4	2	1	2
dataset_04_02467	4	2	2	1	1	3	2	2	4	2	1	2
dataset_04_02468	5	5	4	5	5	4	5	5	5	5	5	5
dataset_04_02469	4	4	5	5	4	5	5	4	5	4	5	4
dataset_04_02470	2	4	4	3	2	5	4	5	4	3	3	1
dataset_04_02471	4	1	5	4	3	4	3	2	5	4	4	4
dataset_04_02472	5	5	2	4	5	5	3	3	5	4	3	3
dataset_04_02473	4	3	5	2	3	4	4	5	5	2	2	2
dataset_04_02474	5	5	5	4	5	5	5	5	4	5	5	5
dataset_04_02475	4	4	3	2	4	5	4	4	3	1	2	1
dataset_04_02476	3	3	3	1	2	5	2	4	4	2	1	1
dataset_04_02477	3	3	3	4	3	4	5	1	3	2	1	2
dataset_04_02478	4	4	5	4	4	4	5	5	4	1	4	4
dataset_04_02479	4	4	5	2	4	4	3	4	4	2	2	5
dataset_04_02480	5	4	5	5	5	4	5	4	4	4	2	2
dataset_04_02481	5	1	2	4	2	1	3	4	3	1	3	1
dataset_04_02482	5	5	5	5	5	5	5	5	5	5	5	5
dataset_04_02483	4	5	4	4	4	5	5	5	5	5	4	3
dataset_04_02484	5	4	4	4	4	5	4	3	3	3	2	5
dataset_04_02485	4	4	2	1	3	1	2	4	4	4	2	1
dataset_04_02486	5	5	4	3	3	4	3	4	4	3	5	1
dataset_04_02487	3	3	3	2	2	4	3	2	5	1	1	2
dataset_04_02488	4	1	4	2	1	4	1	2	4	1	2	3
dataset_04_02489	1	5	4	4	3	3	4	4	4	1	2	2
dataset_04_02490	4	1	2	2	2	5	5	4	3	2	2	1
dataset_04_02491	1	2	4	2	3	4	3	2	4	2	4	2
dataset_04_02492	3	4	1	1	1	4	2	1	4	2	2	1
dataset_04_02493	1	1	1	1	1	2	3	1	3	2	1	1
dataset_04_02494	5	3	4	2	5	4	5	4	3	2	1	3
dataset_04_02495	5	3	3	3	2	3	2	4	4	2	2	1
dataset_04_02496	4	4	5	4	3	4	5	4	5	2	4	5
dataset_04_02497	4	3	3	2	3	5	5	4	4	4	5	2
dataset_04_02498	4	2	4	3	3	3	4	4	5	2	2	1
dataset_04_02499	2	3	5	4	2	4	4	5	4	5	2	4
dataset_04_02500	4	4	4	2	5	5	2	4	5	4	4	3
dataset_04_02501	2	1	2	1	2	4	2	3	2	1	2	1
dataset_04_02502	4	3	3	2	2	5	5	4	2	2	2	2
dataset_04_02503	4	1	3	2	3	5	4	2	4	1	3	2
dataset_04_02504	2	1	4	2	4	4	3	1	3	1	2	1
dataset_04_02505	3	2	5	4	5	5	4	4	4	2	2	2
dataset_04_02506	3	1	4	1	1	4	3	2	2	2	2	1
dataset_04_02507	5	1	4	4	3	4	3	4	4	2	3	3
dataset_04_02508	4	4	1	2	3	4	2	1	5	2	1	1
dataset_04_02509	4	4	5	4	4	5	5	4	5	2	3	5
dataset_04_02510	5	5	2	4	5	5	4	2	5	3	5	5
dataset_04_02511	3	2	5	4	4	5	5	4	5	4	4	4
dataset_04_02512	4	3	4	3	3	4	4	3	1	2	1	4
dataset_04_02513	3	4	3	1	1	3	4	4	3	2	1	1
dataset_04_02514	2	1	2	2	1	3	4	2	2	1	1	1
dataset_04_02515	3	5	4	3	4	3	4	4	4	1	2	3
dataset_04_02516	4	5	5	2	4	4	4	4	2	5	5	2
dataset_04_02517	5	4	5	4	5	5	5	3	5	1	4	4
dataset_04_02518	5	2	2	2	2	3	4	2	5	4	2	3
dataset_04_02519	2	4	2	1	1	3	1	1	1	1	4	1
dataset_04_02520	3	2	3	2	2	4	3	3	4	2	1	2
dataset_04_02521	1	1	2	1	1	2	2	2	1	1	1	1
dataset_04_02522	3	5	5	4	5	5	4	4	5	4	4	3
dataset_04_02523	5	4	4	2	5	5	4	5	4	5	4	5
dataset_04_02524	4	3	2	1	2	4	2	2	3	1	3	1
dataset_04_02525	4	5	4	4	4	5	4	4	4	4	2	3
dataset_04_02526	4	5	4	1	5	5	4	3	4	2	4	2
dataset_04_02527	3	4	1	2	1	5	4	3	5	1	1	5
dataset_04_02528	4	5	4	2	4	5	4	4	4	4	2	5
dataset_04_02529	5	5	4	5	4	5	3	4	5	4	5	3
dataset_04_02530	2	2	4	1	3	4	3	2	2	2	4	2
dataset_04_02531	4	1	4	2	4	4	4	3	5	2	3	2
dataset_04_02532	4	3	2	2	2	5	4	3	4	4	3	4
dataset_04_02533	4	3	3	1	3	5	3	4	3	2	4	2
dataset_04_02534	2	3	2	2	3	3	3	2	2	4	3	1
dataset_04_02535	5	4	5	5	4	5	5	5	5	5	5	5
dataset_04_02536	5	3	4	2	3	5	4	5	4	4	4	3
dataset_04_02537	2	1	1	2	2	2	4	1	4	1	1	3
dataset_04_02538	4	4	4	4	5	5	2	4	4	2	4	4
dataset_04_02539	3	4	2	4	3	4	4	2	5	3	3	2
dataset_04_02540	5	4	3	4	1	4	2	3	5	2	5	3
dataset_04_02541	4	2	2	2	4	4	5	5	4	2	1	4
dataset_04_02542	3	1	4	4	3	4	2	4	3	2	1	2
dataset_04_02543	5	4	4	4	4	5	4	5	4	2	3	5
dataset_04_02544	5	4	4	4	4	5	1	3	5	4	5	4
dataset_04_02545	4	4	4	2	4	4	4	3	4	2	5	3
dataset_04_02546	5	4	4	3	5	4	4	4	3	1	3	2
dataset_04_02547	3	2	4	3	4	5	5	4	5	4	2	1
dataset_04_02548	4	4	5	5	5	4	5	4	4	4	4	3
dataset_04_02549	4	2	3	2	1	1	1	2	3	2	1	1
dataset_04_02550	4	4	4	4	3	4	4	1	3	3	1	2
dataset_04_02551	4	4	2	2	3	3	3	2	4	1	2	2
dataset_04_02552	5	2	3	2	1	5	5	4	4	4	4	3
dataset_04_02553	4	5	5	5	5	5	5	5	4	5	4	5
dataset_04_02554	5	5	5	2	5	5	5	4	3	4	5	3
dataset_04_02555	5	3	3	3	4	5	4	2	4	2	1	2
dataset_04_02556	3	2	4	2	3	3	4	1	3	5	2	2
dataset_04_02557	2	1	1	2	2	4	1	2	2	1	1	2
dataset_04_02558	5	5	5	5	5	4	5	5	5	3	4	5
dataset_04_02559	4	3	2	4	3	4	4	4	4	1	1	1
dataset_04_02560	5	5	5	5	5	5	5	5	5	5	3	5
dataset_04_02561	2	2	2	2	3	3	3	2	2	2	1	2
dataset_04_02562	1	2	4	1	2	4	2	3	1	1	1	2
dataset_04_02563	4	1	2	3	4	4	2	4	4	2	1	2
dataset_04_02564	4	4	5	5	4	5	5	4	4	3	4	5
dataset_04_02565	5	3	4	4	3	5	5	2	5	1	1	3
dataset_04_02566	2	1	2	4	4	4	2	5	2	3	2	1
dataset_04_02567	5	3	1	2	3	3	5	4	3	2	2	5
dataset_04_02568	4	4	2	2	5	4	3	2	4	1	1	5
dataset_04_02569	4	2	2	4	2	4	4	2	3	2	5	2
dataset_04_02570	5	4	4	3	5	4	3	3	3	1	2	2
dataset_04_02571	4	2	3	4	2	4	4	5	5	2	4	2
dataset_04_02572	4	5	5	5	4	5	4	4	4	4	5	2
dataset_04_02573	4	4	2	2	4	4	5	2	4	3	4	2
dataset_04_02574	5	5	5	5	4	5	4	5	5	3	5	5
dataset_04_02575	5	5	4	4	3	5	4	5	4	4	4	3
dataset_04_02576	2	2	5	1	2	2	4	1	2	1	1	1
dataset_04_02577	5	4	5	2	5	5	5	5	5	2	5	2
dataset_04_02578	4	1	4	2	2	4	2	4	2	2	1	2
dataset_04_02579	4	2	1	2	4	4	5	4	4	1	1	1
dataset_04_02580	2	4	5	3	3	4	3	2	2	1	2	2
dataset_04_02581	2	3	1	4	4	5	2	4	3	4	4	1
dataset_04_02582	4	4	4	2	4	5	4	4	5	2	2	2
dataset_04_02583	5	5	4	2	2	4	4	5	5	3	4	2
dataset_04_02584	5	5	5	3	4	4	5	5	4	5	4	5
dataset_04_02585	5	3	5	2	5	4	4	2	4	4	2	5
dataset_04_02586	4	4	2	4	4	3	4	5	5	2	4	2
dataset_04_02587	4	2	1	1	2	1	3	2	2	1	3	1
dataset_04_02588	5	5	5	4	5	5	5	5	5	5	5	5
dataset_04_02589	5	5	4	3	4	5	5	3	4	4	5	5
dataset_04_02590	5	4	5	4	4	5	4	4	5	4	5	5
dataset_04_02591	3	2	3	2	5	4	5	2	4	2	1	1
dataset_04_02592	2	4	2	1	2	3	1	3	5	1	1	1
dataset_04_02593	5	4	5	5	5	5	5	5	5	5	5	4
dataset_04_02594	3	3	5	3	4	4	4	5	4	1	4	5
dataset_04_02595	4	4	2	5	2	4	1	4	5	5	3	1
dataset_04_02596	5	5	5	3	5	5	4	4	2	4	3	2
dataset_04_02597	2	4	4	3	2	4	2	3	2	2	2	2
dataset_04_02598	5	4	2	3	3	4	4	4	5	2	4	3
dataset_04_02599	4	4	3	2	4	5	4	5	3	5	2	2
dataset_04_02600	1	3	3	1	1	3	4	4	4	1	1	3
dataset_04_02601	3	3	4	2	3	4	2	5	3	1	1	5
dataset_04_02602	5	2	5	4	5	4	5	5	5	5	5	4
dataset_04_02603	3	3	2	2	4	5	4	3	5	2	3	4
dataset_04_02604	5	4	5	5	3	4	5	5	5	1	5	5
dataset_04_02605	5	2	3	3	4	4	2	4	4	3	2	2
dataset_04_02606	4	3	3	2	3	4	3	2	3	2	3	1
dataset_04_02607	4	5	5	2	4	3	5	5	4	2	2	2
dataset_04_02608	4	3	3	4	4	4	2	3	1	2	2	2
dataset_04_02609	5	5	4	3	4	5	4	4	4	4	5	3
dataset_04_02610	4	1	4	1	2	4	4	2	3	1	1	1
dataset_04_02611	5	4	5	2	4	4	4	4	5	4	3	4
dataset_04_02612	4	4	5	2	3	5	2	1	5	2	2	1
dataset_04_02613	4	5	2	4	4	5	5	3	5	4	4	4
dataset_04_02614	1	1	1	1	1	4	4	1	2	1	1	1
dataset_04_02615	5	4	5	5	2	5	5	3	4	5	5	5
dataset_04_02616	5	4	4	5	5	5	5	2	5	3	4	2
dataset_04_02617	5	4	4	4	4	3	5	4	4	4	4	4
dataset_04_02618	4	4	2	5	4	5	4	4	5	3	5	3
dataset_04_02619	4	4	4	4	4	3	2	5	5	2	4	5
dataset_04_02620	2	3	2	2	1	2	3	2	4	1	1	1
dataset_04_02621	4	3	2	2	1	4	1	4	4	2	1	2
dataset_04_02622	1	1	3	1	2	4	1	1	4	1	1	2
dataset_04_02623	4	5	4	4	4	5	2	2	4	5	3	3
dataset_04_02624	2	2	4	2	3	5	2	2	4	1	1	2
dataset_04_02625	3	2	1	3	1	4	4	3	3	1	2	4
dataset_04_02626	5	4	5	4	5	5	5	5	5	4	5	4
dataset_04_02627	1	4	2	2	2	4	4	3	4	4	4	1
dataset_04_02628	4	4	5	3	5	5	5	5	5	2	5	4
dataset_04_02629	5	5	4	2	4	5	3	5	4	2	5	1
dataset_04_02630	4	2	3	3	1	2	1	1	4	2	1	1
dataset_04_02631	4	3	2	2	4	5	4	2	3	2	3	2
dataset_04_02632	4	1	4	4	3	3	2	1	2	2	1	1
dataset_04_02633	4	4	4	4	2	4	4	3	4	2	2	2
dataset_04_02634	4	4	4	5	4	4	4	5	3	3	2	3
dataset_04_02635	5	3	4	3	4	5	5	4	5	4	2	2
dataset_04_02636	4	4	5	5	5	5	4	4	5	5	5	5
dataset_04_02637	4	3	3	2	1	5	4	3	3	1	2	2
dataset_04_02638	4	2	5	4	3	4	3	4	4	2	2	4
dataset_04_02639	3	4	3	2	3	2	2	3	4	1	1	1
dataset_04_02640	5	5	5	4	3	5	5	5	2	4	4	1
dataset_04_02641	4	5	5	4	4	5	4	4	5	2	4	5
dataset_04_02642	4	4	4	2	5	5	2	2	4	4	4	4
dataset_04_02643	2	1	2	2	2	4	2	3	2	1	1	1
dataset_04_02644	5	5	2	2	5	5	4	4	3	2	2	1
dataset_04_02645	4	4	5	4	4	5	5	5	5	1	4	5
dataset_04_02646	4	2	3	2	2	4	2	2	2	2	2	1
dataset_04_02647	5	4	5	4	5	5	4	4	5	5	4	4
dataset_04_02648	2	1	1	2	2	4	2	2	2	1	1	2
dataset_04_02649	4	4	3	3	3	5	3	5	4	4	3	4
dataset_04_02650	4	3	3	1	5	2	4	3	4	3	4	2
dataset_04_02651	3	4	3	3	2	4	1	1	4	4	3	1
dataset_04_02652	3	2	2	2	4	4	2	3	4	3	4	2
dataset_04_02653	4	4	5	2	3	5	2	3	4	4	4	4
dataset_04_02654	5	4	3	4	4	5	2	4	4	5	2	1
dataset_04_02655	2	2	2	3	1	2	2	3	4	2	4	2
dataset_04_02656	2	2	1	2	2	4	2	2	4	3	1	1
dataset_04_02657	5	3	3	4	2	5	4	2	4	4	2	1
dataset_04_02658	4	5	3	3	4	5	4	5	3	5	4	2
dataset_04_02659	4	4	4	1	4	4	4	2	3	3	1	1
dataset_04_02660	5	5	3	4	4	4	4	5	3	2	4	2
dataset_04_02661	5	4	5	5	5	5	5	5	5	5	5	5
dataset_04_02662	3	2	2	3	4	4	4	4	4	4	1	1
dataset_04_02663	1	1	3	3	2	3	2	1	3	3	1	2
dataset_04_02664	4	3	4	2	2	1	4	2	5	4	2	5
dataset_04_02665	4	4	4	3	2	4	3	5	4	5	5	3
dataset_04_02666	2	2	4	2	3	4	4	1	4	1	1	1
dataset_04_02667	1	1	4	1	1	3	3	2	2	1	1	2
dataset_04_02668	3	1	2	2	3	5	2	3	1	2	3	1
dataset_04_02669	4	3	1	1	2	4	5	1	1	1	1	1
dataset_04_02670	5	4	5	3	4	4	4	5	5	2	3	3
dataset_04_02671	3	3	4	1	2	3	4	2	5	1	2	2
dataset_04_02672	5	5	5	5	4	5	5	5	5	4	4	2
dataset_04_02673	5	4	2	4	2	4	5	4	5	2	5	3
dataset_04_02674	4	1	4	2	3	4	2	2	1	2	2	4
dataset_04_02675	4	2	4	3	3	4	3	4	4	1	2	2
dataset_04_02676	4	5	4	5	5	4	5	4	5	4	5	2
dataset_04_02677	1	2	1	1	2	2	2	1	4	2	1	1
dataset_04_02678	3	4	4	4	4	5	2	2	4	2	4	2
dataset_04_02679	4	1	1	2	1	2	2	2	2	1	1	1
dataset_04_02680	5	5	5	4	4	5	5	5	5	5	5	5
dataset_04_02681	2	1	1	1	2	2	2	3	1	1	1	1
dataset_04_02682	2	4	2	3	3	4	4	5	4	2	2	2
dataset_04_02683	1	1	4	3	3	5	4	3	4	1	1	5
dataset_04_02684	4	2	3	2	4	5	4	5	4	2	1	2
dataset_04_02685	3	2	2	1	2	3	2	2	2	1	1	1
dataset_04_02686	4	3	3	3	3	4	3	3	4	2	2	2
dataset_04_02687	2	2	2	3	3	4	2	2	1	1	1	1
dataset_04_02688	4	1	3	2	3	4	3	3	3	2	1	1
dataset_04_02689	4	2	4	3	2	4	3	2	4	2	1	2
dataset_04_02690	3	3	4	2	2	4	2	3	5	1	1	2
dataset_04_02691	1	1	2	1	1	3	1	1	2	2	1	1
dataset_04_02692	4	2	4	5	5	4	4	3	4	2	2	4
dataset_04_02693	5	5	4	5	5	5	5	5	5	5	5	5
dataset_04_02694	4	3	2	2	3	4	4	1	5	1	1	1
dataset_04_02695	4	2	2	1	2	3	2	2	4	2	3	1
dataset_04_02696	5	3	4	5	4	5	4	4	5	3	5	4
dataset_04_02697	4	2	3	2	2	3	2	3	4	3	1	2
dataset_04_02698	4	1	2	4	2	2	1	3	4	2	2	1
dataset_04_02699	4	4	4	3	5	3	4	2	4	2	2	1
dataset_04_02700	5	5	4	4	3	4	5	5	5	4	4	4
dataset_04_02701	4	2	4	2	2	4	5	1	4	2	3	4
dataset_04_02702	5	4	5	4	5	5	4	5	5	5	5	4
dataset_04_02703	3	2	3	2	4	5	4	5	5	1	5	2
dataset_04_02704	4	2	4	3	4	5	4	5	5	1	2	2
dataset_04_02705	1	4	2	2	2	3	4	1	4	3	4	2
dataset_04_02706	4	2	1	1	2	4	2	2	2	2	1	2
dataset_04_02707	5	5	4	4	5	4	5	5	5	5	4	4
dataset_04_02708	4	2	1	2	4	4	2	2	3	1	4	1
dataset_04_02709	3	2	1	2	2	4	2	2	3	1	1	1
dataset_04_02710	5	5	5	5	5	4	5	5	5	5	3	2
dataset_04_02711	4	3	5	4	4	5	4	5	4	4	2	2
dataset_04_02712	2	2	1	2	3	4	3	2	2	3	3	4
dataset_04_02713	5	5	5	4	5	5	5	4	5	5	5	5
dataset_04_02714	4	2	5	2	4	4	4	2	4	1	3	1
dataset_04_02715	5	5	4	3	4	5	4	5	5	1	4	4
dataset_04_02716	5	3	3	2	4	4	4	4	4	2	3	1
dataset_04_02717	5	5	4	3	3	4	4	3	2	4	2	2
dataset_04_02718	4	4	2	2	2	2	4	1	4	2	3	3
dataset_04_02719	4	2	2	4	2	5	4	2	4	2	3	4
