Installed 26 packages in 86ms
23:58:26 - LiteLLM:DEBUG: litellm_logging.py:240 - [Non-Blocking] Unable to import GenericAPILogger - LiteLLM Enterprise Feature - No module named 'litellm_enterprise'
23:58:26 - LiteLLM:DEBUG: http_handler.py:1172 - Using AiohttpTransport...
23:58:26 - LiteLLM:DEBUG: http_handler.py:1238 - Creating AiohttpTransport...
23:58:26 - LiteLLM:DEBUG: http_handler.py:1275 - NEW SESSION: Creating new ClientSession (no shared session provided)
23:58:26 - LiteLLM:DEBUG: http_handler.py:1172 - Using AiohttpTransport...
23:58:26 - LiteLLM:DEBUG: http_handler.py:1238 - Creating AiohttpTransport...
23:58:26 - LiteLLM:DEBUG: http_handler.py:1275 - NEW SESSION: Creating new ClientSession (no shared session provided)
23:58:26 - LiteLLM:DEBUG: http_handler.py:1172 - Using AiohttpTransport...
23:58:26 - LiteLLM:DEBUG: http_handler.py:1238 - Creating AiohttpTransport...
23:58:26 - LiteLLM:DEBUG: http_handler.py:1275 - NEW SESSION: Creating new ClientSession (no shared session provided)
23:58:26 - LiteLLM:DEBUG: http_handler.py:1172 - Using AiohttpTransport...
23:58:26 - LiteLLM:DEBUG: http_handler.py:1238 - Creating AiohttpTransport...
23:58:26 - LiteLLM:DEBUG: http_handler.py:1275 - NEW SESSION: Creating new ClientSession (no shared session provided)
2026-10-01 23:58:27.262 | INFO     | runtime | benchmark.started | benchmark.started

23:58:38 - LiteLLM:DEBUG: litellm_logging.py:240 - [Non-Blocking] Unable to import GenericAPILogger - LiteLLM Enterprise Feature - No module named 'litellm_enterprise'
23:58:38 - LiteLLM:DEBUG: http_handler.py:1172 - Using AiohttpTransport...
23:58:38 - LiteLLM:DEBUG: http_handler.py:1238 - Creating AiohttpTransport...
23:58:38 - LiteLLM:DEBUG: http_handler.py:1275 - NEW SESSION: Creating new ClientSession (no shared session provided)
23:58:38 - LiteLLM:DEBUG: http_handler.py:1172 - Using AiohttpTransport...
23:58:38 - LiteLLM:DEBUG: http_handler.py:1238 - Creating AiohttpTransport...
23:58:38 - LiteLLM:DEBUG: http_handler.py:1275 - NEW SESSION: Creating new ClientSession (no shared session provided)
23:58:38 - LiteLLM:DEBUG: http_handler.py:1172 - Using AiohttpTransport...
23:58:38 - LiteLLM:DEBUG: http_handler.py:1238 - Creating AiohttpTransport...
23:58:38 - LiteLLM:DEBUG: http_handler.py:1275 - NEW SESSION: Creating new ClientSession (no shared session provided)
23:58:38 - LiteLLM:DEBUG: http_handler.py:1172 - Using AiohttpTransport...
23:58:38 - LiteLLM:DEBUG: http_handler.py:1238 - Creating AiohttpTransport...
23:58:38 - LiteLLM:DEBUG: http_handler.py:1275 - NEW SESSION: Creating new ClientSession (no shared session provided)
23:58:38 - LiteLLM:DEBUG: logging_worker.py:503 - [LoggingWorker] atexit: No queue initialized
23:58:40 - LiteLLM:DEBUG: litellm_logging.py:240 - [Non-Blocking] Unable to import GenericAPILogger - LiteLLM Enterprise Feature - No module named 'litellm_enterprise'
23:58:40 - LiteLLM:DEBUG: http_handler.py:1172 - Using AiohttpTransport...
23:58:40 - LiteLLM:DEBUG: http_handler.py:1238 - Creating AiohttpTransport...
23:58:40 - LiteLLM:DEBUG: http_handler.py:1275 - NEW SESSION: Creating new ClientSession (no shared session provided)
23:58:40 - LiteLLM:DEBUG: http_handler.py:1172 - Using AiohttpTransport...
23:58:40 - LiteLLM:DEBUG: http_handler.py:1238 - Creating AiohttpTransport...
23:58:40 - LiteLLM:DEBUG: http_handler.py:1275 - NEW SESSION: Creating new ClientSession (no shared session provided)
23:58:40 - LiteLLM:DEBUG: http_handler.py:1172 - Using AiohttpTransport...
23:58:40 - LiteLLM:DEBUG: http_handler.py:1238 - Creating AiohttpTransport...
23:58:40 - LiteLLM:DEBUG: http_handler.py:1275 - NEW SESSION: Creating new ClientSession (no shared session provided)
23:58:40 - LiteLLM:DEBUG: http_handler.py:1172 - Using AiohttpTransport...
23:58:40 - LiteLLM:DEBUG: http_handler.py:1238 - Creating AiohttpTransport...
23:58:40 - LiteLLM:DEBUG: http_handler.py:1275 - NEW SESSION: Creating new ClientSession (no shared session provided)
23:58:40 - LiteLLM:DEBUG: logging_worker.py:503 - [LoggingWorker] atexit: No queue initialized
23:58:41 - LiteLLM:DEBUG: litellm_logging.py:240 - [Non-Blocking] Unable to import GenericAPILogger - LiteLLM Enterprise Feature - No module named 'litellm_enterprise'
23:58:41 - LiteLLM:DEBUG: http_handler.py:1172 - Using AiohttpTransport...
23:58:41 - LiteLLM:DEBUG: http_handler.py:1238 - Creating AiohttpTransport...
23:58:41 - LiteLLM:DEBUG: http_handler.py:1275 - NEW SESSION: Creating new ClientSession (no shared session provided)
23:58:41 - LiteLLM:DEBUG: http_handler.py:1172 - Using AiohttpTransport...
23:58:41 - LiteLLM:DEBUG: http_handler.py:1238 - Creating AiohttpTransport...
23:58:41 - LiteLLM:DEBUG: http_handler.py:1275 - NEW SESSION: Creating new ClientSession (no shared session provided)
23:58:41 - LiteLLM:DEBUG: http_handler.py:1172 - Using AiohttpTransport...
23:58:41 - LiteLLM:DEBUG: http_handler.py:1238 - Creating AiohttpTransport...
23:58:41 - LiteLLM:DEBUG: http_handler.py:1275 - NEW SESSION: Creating new ClientSession (no shared session provided)
23:58:41 - LiteLLM:DEBUG: http_handler.py:1172 - Using AiohttpTransport...
23:58:41 - LiteLLM:DEBUG: http_handler.py:1238 - Creating AiohttpTransport...
23:58:41 - LiteLLM:DEBUG: http_handler.py:1275 - NEW SESSION: Creating new ClientSession (no shared session provided)
23:58:42 - LiteLLM:DEBUG: logging_worker.py:503 - [LoggingWorker] atexit: No queue initialized
23:58:44 - LiteLLM:DEBUG: litellm_logging.py:240 - [Non-Blocking] Unable to import GenericAPILogger - LiteLLM Enterprise Feature - No module named 'litellm_enterprise'
23:58:44 - LiteLLM:DEBUG: http_handler.py:1172 - Using AiohttpTransport...
23:58:44 - LiteLLM:DEBUG: http_handler.py:1238 - Creating AiohttpTransport...
23:58:44 - LiteLLM:DEBUG: http_handler.py:1275 - NEW SESSION: Creating new ClientSession (no shared session provided)
23:58:44 - LiteLLM:DEBUG: http_handler.py:1172 - Using AiohttpTransport...
23:58:44 - LiteLLM:DEBUG: http_handler.py:1238 - Creating AiohttpTransport...
23:58:44 - LiteLLM:DEBUG: http_handler.py:1275 - NEW SESSION: Creating new ClientSession (no shared session provided)
23:58:44 - LiteLLM:DEBUG: http_handler.py:1172 - Using AiohttpTransport...
23:58:44 - LiteLLM:DEBUG: http_handler.py:1238 - Creating AiohttpTransport...
23:58:44 - LiteLLM:DEBUG: http_handler.py:1275 - NEW SESSION: Creating new ClientSession (no shared session provided)
23:58:44 - LiteLLM:DEBUG: http_handler.py:1172 - Using AiohttpTransport...
23:58:44 - LiteLLM:DEBUG: http_handler.py:1238 - Creating AiohttpTransport...
23:58:44 - LiteLLM:DEBUG: http_handler.py:1275 - NEW SESSION: Creating new ClientSession (no shared session provided)
23:58:44 - LiteLLM:DEBUG: logging_worker.py:503 - [LoggingWorker] atexit: No queue initialized
23:58:49 - LiteLLM:DEBUG: litellm_logging.py:240 - [Non-Blocking] Unable to import GenericAPILogger - LiteLLM Enterprise Feature - No module named 'litellm_enterprise'
23:58:49 - LiteLLM:DEBUG: http_handler.py:1172 - Using AiohttpTransport...
23:58:49 - LiteLLM:DEBUG: http_handler.py:1238 - Creating AiohttpTransport...
23:58:49 - LiteLLM:DEBUG: http_handler.py:1275 - NEW SESSION: Creating new ClientSession (no shared session provided)
23:58:49 - LiteLLM:DEBUG: http_handler.py:1172 - Using AiohttpTransport...
23:58:49 - LiteLLM:DEBUG: http_handler.py:1238 - Creating AiohttpTransport...
23:58:49 - LiteLLM:DEBUG: http_handler.py:1275 - NEW SESSION: Creating new ClientSession (no shared session provided)
23:58:49 - LiteLLM:DEBUG: http_handler.py:1172 - Using AiohttpTransport...
23:58:49 - LiteLLM:DEBUG: http_handler.py:1238 - Creating AiohttpTransport...
23:58:49 - LiteLLM:DEBUG: http_handler.py:1275 - NEW SESSION: Creating new ClientSession (no shared session provided)
23:58:49 - LiteLLM:DEBUG: http_handler.py:1172 - Using AiohttpTransport...
23:58:49 - LiteLLM:DEBUG: http_handler.py:1238 - Creating AiohttpTransport...
23:58:49 - LiteLLM:DEBUG: http_handler.py:1275 - NEW SESSION: Creating new ClientSession (no shared session provided)
23:58:50 - LiteLLM:DEBUG: logging_worker.py:503 - [LoggingWorker] atexit: No queue initialized
23:58:53 - LiteLLM:DEBUG: litellm_logging.py:240 - [Non-Blocking] Unable to import GenericAPILogger - LiteLLM Enterprise Feature - No module named 'litellm_enterprise'
23:58:53 - LiteLLM:DEBUG: http_handler.py:1172 - Using AiohttpTransport...
23:58:53 - LiteLLM:DEBUG: http_handler.py:1238 - Creating AiohttpTransport...
23:58:53 - LiteLLM:DEBUG: http_handler.py:1275 - NEW SESSION: Creating new ClientSession (no shared session provided)
23:58:53 - LiteLLM:DEBUG: http_handler.py:1172 - Using AiohttpTransport...
23:58:53 - LiteLLM:DEBUG: http_handler.py:1238 - Creating AiohttpTransport...
23:58:53 - LiteLLM:DEBUG: http_handler.py:1275 - NEW SESSION: Creating new ClientSession (no shared session provided)
23:58:53 - LiteLLM:DEBUG: http_handler.py:1172 - Using AiohttpTransport...
23:58:53 - LiteLLM:DEBUG: http_handler.py:1238 - Creating AiohttpTransport...
23:58:53 - LiteLLM:DEBUG: http_handler.py:1275 - NEW SESSION: Creating new ClientSession (no shared session provided)
23:58:53 - LiteLLM:DEBUG: http_handler.py:1172 - Using AiohttpTransport...
23:58:53 - LiteLLM:DEBUG: http_handler.py:1238 - Creating AiohttpTransport...
23:58:53 - LiteLLM:DEBUG: http_handler.py:1275 - NEW SESSION: Creating new ClientSession (no shared session provided)
23:58:55 - LiteLLM:DEBUG: logging_worker.py:503 - [LoggingWorker] atexit: No queue initialized
23:58:56 - LiteLLM:DEBUG: litellm_logging.py:240 - [Non-Blocking] Unable to import GenericAPILogger - LiteLLM Enterprise Feature - No module named 'litellm_enterprise'
23:58:56 - LiteLLM:DEBUG: http_handler.py:1172 - Using AiohttpTransport...
23:58:56 - LiteLLM:DEBUG: http_handler.py:1238 - Creating AiohttpTransport...
23:58:56 - LiteLLM:DEBUG: http_handler.py:1275 - NEW SESSION: Creating new ClientSession (no shared session provided)
23:58:56 - LiteLLM:DEBUG: http_handler.py:1172 - Using AiohttpTransport...
23:58:56 - LiteLLM:DEBUG: http_handler.py:1238 - Creating AiohttpTransport...
23:58:56 - LiteLLM:DEBUG: http_handler.py:1275 - NEW SESSION: Creating new ClientSession (no shared session provided)
23:58:56 - LiteLLM:DEBUG: http_handler.py:1172 - Using AiohttpTransport...
23:58:56 - LiteLLM:DEBUG: http_handler.py:1238 - Creating AiohttpTransport...
23:58:56 - LiteLLM:DEBUG: http_handler.py:1275 - NEW SESSION: Creating new ClientSession (no shared session provided)
23:58:56 - LiteLLM:DEBUG: http_handler.py:1172 - Using AiohttpTransport...
23:58:56 - LiteLLM:DEBUG: http_handler.py:1238 - Creating AiohttpTransport...
23:58:56 - LiteLLM:DEBUG: http_handler.py:1275 - NEW SESSION: Creating new ClientSession (no shared session provided)
2026-10-01 23:58:57.861 | INFO     | dependency | dependency.log | No graphviz package found, visualization method is unavailable

23:59:01 - LiteLLM:DEBUG: logging_worker.py:503 - [LoggingWorker] atexit: No queue initialized
23:59:04 - LiteLLM:DEBUG: litellm_logging.py:240 - [Non-Blocking] Unable to import GenericAPILogger - LiteLLM Enterprise Feature - No module named 'litellm_enterprise'
23:59:04 - LiteLLM:DEBUG: http_handler.py:1172 - Using AiohttpTransport...
23:59:04 - LiteLLM:DEBUG: http_handler.py:1238 - Creating AiohttpTransport...
23:59:04 - LiteLLM:DEBUG: http_handler.py:1275 - NEW SESSION: Creating new ClientSession (no shared session provided)
23:59:04 - LiteLLM:DEBUG: http_handler.py:1172 - Using AiohttpTransport...
23:59:04 - LiteLLM:DEBUG: http_handler.py:1238 - Creating AiohttpTransport...
23:59:04 - LiteLLM:DEBUG: http_handler.py:1275 - NEW SESSION: Creating new ClientSession (no shared session provided)
23:59:04 - LiteLLM:DEBUG: http_handler.py:1172 - Using AiohttpTransport...
23:59:04 - LiteLLM:DEBUG: http_handler.py:1238 - Creating AiohttpTransport...
23:59:04 - LiteLLM:DEBUG: http_handler.py:1275 - NEW SESSION: Creating new ClientSession (no shared session provided)
23:59:04 - LiteLLM:DEBUG: http_handler.py:1172 - Using AiohttpTransport...
23:59:04 - LiteLLM:DEBUG: http_handler.py:1238 - Creating AiohttpTransport...
23:59:04 - LiteLLM:DEBUG: http_handler.py:1275 - NEW SESSION: Creating new ClientSession (no shared session provided)
23:59:05 - LiteLLM:DEBUG: logging_worker.py:503 - [LoggingWorker] atexit: No queue initialized
23:59:12 - LiteLLM:DEBUG: litellm_logging.py:240 - [Non-Blocking] Unable to import GenericAPILogger - LiteLLM Enterprise Feature - No module named 'litellm_enterprise'
23:59:12 - LiteLLM:DEBUG: http_handler.py:1172 - Using AiohttpTransport...
23:59:12 - LiteLLM:DEBUG: http_handler.py:1238 - Creating AiohttpTransport...
23:59:12 - LiteLLM:DEBUG: http_handler.py:1275 - NEW SESSION: Creating new ClientSession (no shared session provided)
23:59:12 - LiteLLM:DEBUG: http_handler.py:1172 - Using AiohttpTransport...
23:59:12 - LiteLLM:DEBUG: http_handler.py:1238 - Creating AiohttpTransport...
23:59:12 - LiteLLM:DEBUG: http_handler.py:1275 - NEW SESSION: Creating new ClientSession (no shared session provided)
23:59:12 - LiteLLM:DEBUG: http_handler.py:1172 - Using AiohttpTransport...
23:59:12 - LiteLLM:DEBUG: http_handler.py:1238 - Creating AiohttpTransport...
23:59:12 - LiteLLM:DEBUG: http_handler.py:1275 - NEW SESSION: Creating new ClientSession (no shared session provided)
23:59:12 - LiteLLM:DEBUG: http_handler.py:1172 - Using AiohttpTransport...
23:59:12 - LiteLLM:DEBUG: http_handler.py:1238 - Creating AiohttpTransport...
23:59:12 - LiteLLM:DEBUG: http_handler.py:1275 - NEW SESSION: Creating new ClientSession (no shared session provided)
23:59:15 - LiteLLM:DEBUG: logging_worker.py:503 - [LoggingWorker] atexit: No queue initialized
23:59:18 - LiteLLM:DEBUG: litellm_logging.py:240 - [Non-Blocking] Unable to import GenericAPILogger - LiteLLM Enterprise Feature - No module named 'litellm_enterprise'
23:59:18 - LiteLLM:DEBUG: http_handler.py:1172 - Using AiohttpTransport...
23:59:18 - LiteLLM:DEBUG: http_handler.py:1238 - Creating AiohttpTransport...
23:59:18 - LiteLLM:DEBUG: http_handler.py:1275 - NEW SESSION: Creating new ClientSession (no shared session provided)
23:59:18 - LiteLLM:DEBUG: http_handler.py:1172 - Using AiohttpTransport...
23:59:18 - LiteLLM:DEBUG: http_handler.py:1238 - Creating AiohttpTransport...
23:59:18 - LiteLLM:DEBUG: http_handler.py:1275 - NEW SESSION: Creating new ClientSession (no shared session provided)
23:59:18 - LiteLLM:DEBUG: http_handler.py:1172 - Using AiohttpTransport...
23:59:18 - LiteLLM:DEBUG: http_handler.py:1238 - Creating AiohttpTransport...
23:59:18 - LiteLLM:DEBUG: http_handler.py:1275 - NEW SESSION: Creating new ClientSession (no shared session provided)
23:59:18 - LiteLLM:DEBUG: http_handler.py:1172 - Using AiohttpTransport...
23:59:18 - LiteLLM:DEBUG: http_handler.py:1238 - Creating AiohttpTransport...
23:59:18 - LiteLLM:DEBUG: http_handler.py:1275 - NEW SESSION: Creating new ClientSession (no shared session provided)
2026-10-01 23:59:20.483 | INFO     | dependency | dependency.log | No graphviz package found, visualization method is unavailable

23:59:23 - LiteLLM:DEBUG: logging_worker.py:503 - [LoggingWorker] atexit: No queue initialized
23:59:31 - LiteLLM:DEBUG: litellm_logging.py:240 - [Non-Blocking] Unable to import GenericAPILogger - LiteLLM Enterprise Feature - No module named 'litellm_enterprise'
23:59:32 - LiteLLM:DEBUG: http_handler.py:1172 - Using AiohttpTransport...
23:59:32 - LiteLLM:DEBUG: http_handler.py:1238 - Creating AiohttpTransport...
23:59:32 - LiteLLM:DEBUG: http_handler.py:1275 - NEW SESSION: Creating new ClientSession (no shared session provided)
23:59:32 - LiteLLM:DEBUG: http_handler.py:1172 - Using AiohttpTransport...
23:59:32 - LiteLLM:DEBUG: http_handler.py:1238 - Creating AiohttpTransport...
23:59:32 - LiteLLM:DEBUG: http_handler.py:1275 - NEW SESSION: Creating new ClientSession (no shared session provided)
23:59:32 - LiteLLM:DEBUG: http_handler.py:1172 - Using AiohttpTransport...
23:59:32 - LiteLLM:DEBUG: http_handler.py:1238 - Creating AiohttpTransport...
23:59:32 - LiteLLM:DEBUG: http_handler.py:1275 - NEW SESSION: Creating new ClientSession (no shared session provided)
23:59:32 - LiteLLM:DEBUG: http_handler.py:1172 - Using AiohttpTransport...
23:59:32 - LiteLLM:DEBUG: http_handler.py:1238 - Creating AiohttpTransport...
23:59:32 - LiteLLM:DEBUG: http_handler.py:1275 - NEW SESSION: Creating new ClientSession (no shared session provided)
23:59:39 - LiteLLM:DEBUG: litellm_logging.py:240 - [Non-Blocking] Unable to import GenericAPILogger - LiteLLM Enterprise Feature - No module named 'litellm_enterprise'
23:59:39 - LiteLLM:DEBUG: http_handler.py:1172 - Using AiohttpTransport...
23:59:39 - LiteLLM:DEBUG: http_handler.py:1238 - Creating AiohttpTransport...
23:59:39 - LiteLLM:DEBUG: http_handler.py:1275 - NEW SESSION: Creating new ClientSession (no shared session provided)
23:59:39 - LiteLLM:DEBUG: http_handler.py:1172 - Using AiohttpTransport...
23:59:39 - LiteLLM:DEBUG: http_handler.py:1238 - Creating AiohttpTransport...
23:59:39 - LiteLLM:DEBUG: http_handler.py:1275 - NEW SESSION: Creating new ClientSession (no shared session provided)
23:59:39 - LiteLLM:DEBUG: http_handler.py:1172 - Using AiohttpTransport...
23:59:39 - LiteLLM:DEBUG: http_handler.py:1238 - Creating AiohttpTransport...
23:59:39 - LiteLLM:DEBUG: http_handler.py:1275 - NEW SESSION: Creating new ClientSession (no shared session provided)
23:59:39 - LiteLLM:DEBUG: http_handler.py:1172 - Using AiohttpTransport...
23:59:39 - LiteLLM:DEBUG: http_handler.py:1238 - Creating AiohttpTransport...
23:59:39 - LiteLLM:DEBUG: http_handler.py:1275 - NEW SESSION: Creating new ClientSession (no shared session provided)
23:59:43 - LiteLLM:DEBUG: litellm_logging.py:240 - [Non-Blocking] Unable to import GenericAPILogger - LiteLLM Enterprise Feature - No module named 'litellm_enterprise'
23:59:44 - LiteLLM:DEBUG: http_handler.py:1172 - Using AiohttpTransport...
23:59:44 - LiteLLM:DEBUG: http_handler.py:1238 - Creating AiohttpTransport...
23:59:44 - LiteLLM:DEBUG: http_handler.py:1275 - NEW SESSION: Creating new ClientSession (no shared session provided)
23:59:44 - LiteLLM:DEBUG: http_handler.py:1172 - Using AiohttpTransport...
23:59:44 - LiteLLM:DEBUG: http_handler.py:1238 - Creating AiohttpTransport...
23:59:44 - LiteLLM:DEBUG: http_handler.py:1275 - NEW SESSION: Creating new ClientSession (no shared session provided)
23:59:44 - LiteLLM:DEBUG: http_handler.py:1172 - Using AiohttpTransport...
23:59:44 - LiteLLM:DEBUG: http_handler.py:1238 - Creating AiohttpTransport...
23:59:44 - LiteLLM:DEBUG: http_handler.py:1275 - NEW SESSION: Creating new ClientSession (no shared session provided)
23:59:44 - LiteLLM:DEBUG: http_handler.py:1172 - Using AiohttpTransport...
23:59:44 - LiteLLM:DEBUG: http_handler.py:1238 - Creating AiohttpTransport...
23:59:44 - LiteLLM:DEBUG: http_handler.py:1275 - NEW SESSION: Creating new ClientSession (no shared session provided)
23:59:44 - LiteLLM:DEBUG: logging_worker.py:503 - [LoggingWorker] atexit: No queue initialized
2026-10-01 23:59:46.269 | INFO     | dependency | dependency.log | No graphviz package found, visualization method is unavailable

23:59:54 - LiteLLM:DEBUG: logging_worker.py:503 - [LoggingWorker] atexit: No queue initialized
23:59:54 - LiteLLM:DEBUG: logging_worker.py:503 - [LoggingWorker] atexit: No queue initialized
00:00:09 - LiteLLM:DEBUG: litellm_logging.py:240 - [Non-Blocking] Unable to import GenericAPILogger - LiteLLM Enterprise Feature - No module named 'litellm_enterprise'
00:00:09 - LiteLLM:DEBUG: http_handler.py:1172 - Using AiohttpTransport...
00:00:09 - LiteLLM:DEBUG: http_handler.py:1238 - Creating AiohttpTransport...
00:00:09 - LiteLLM:DEBUG: http_handler.py:1275 - NEW SESSION: Creating new ClientSession (no shared session provided)
00:00:09 - LiteLLM:DEBUG: http_handler.py:1172 - Using AiohttpTransport...
00:00:09 - LiteLLM:DEBUG: http_handler.py:1238 - Creating AiohttpTransport...
00:00:09 - LiteLLM:DEBUG: http_handler.py:1275 - NEW SESSION: Creating new ClientSession (no shared session provided)
00:00:09 - LiteLLM:DEBUG: http_handler.py:1172 - Using AiohttpTransport...
00:00:09 - LiteLLM:DEBUG: http_handler.py:1238 - Creating AiohttpTransport...
00:00:09 - LiteLLM:DEBUG: http_handler.py:1275 - NEW SESSION: Creating new ClientSession (no shared session provided)
00:00:09 - LiteLLM:DEBUG: http_handler.py:1172 - Using AiohttpTransport...
00:00:09 - LiteLLM:DEBUG: http_handler.py:1238 - Creating AiohttpTransport...
00:00:09 - LiteLLM:DEBUG: http_handler.py:1275 - NEW SESSION: Creating new ClientSession (no shared session provided)
00:00:19 - LiteLLM:DEBUG: litellm_logging.py:240 - [Non-Blocking] Unable to import GenericAPILogger - LiteLLM Enterprise Feature - No module named 'litellm_enterprise'
00:00:20 - LiteLLM:DEBUG: http_handler.py:1172 - Using AiohttpTransport...
00:00:20 - LiteLLM:DEBUG: http_handler.py:1238 - Creating AiohttpTransport...
00:00:20 - LiteLLM:DEBUG: http_handler.py:1275 - NEW SESSION: Creating new ClientSession (no shared session provided)
00:00:20 - LiteLLM:DEBUG: http_handler.py:1172 - Using AiohttpTransport...
00:00:20 - LiteLLM:DEBUG: http_handler.py:1238 - Creating AiohttpTransport...
00:00:20 - LiteLLM:DEBUG: http_handler.py:1275 - NEW SESSION: Creating new ClientSession (no shared session provided)
00:00:20 - LiteLLM:DEBUG: http_handler.py:1172 - Using AiohttpTransport...
00:00:20 - LiteLLM:DEBUG: http_handler.py:1238 - Creating AiohttpTransport...
00:00:20 - LiteLLM:DEBUG: http_handler.py:1275 - NEW SESSION: Creating new ClientSession (no shared session provided)
00:00:20 - LiteLLM:DEBUG: http_handler.py:1172 - Using AiohttpTransport...
00:00:20 - LiteLLM:DEBUG: http_handler.py:1238 - Creating AiohttpTransport...
00:00:20 - LiteLLM:DEBUG: http_handler.py:1275 - NEW SESSION: Creating new ClientSession (no shared session provided)
00:00:25 - LiteLLM:DEBUG: litellm_logging.py:240 - [Non-Blocking] Unable to import GenericAPILogger - LiteLLM Enterprise Feature - No module named 'litellm_enterprise'
00:00:25 - LiteLLM:DEBUG: http_handler.py:1172 - Using AiohttpTransport...
00:00:25 - LiteLLM:DEBUG: http_handler.py:1238 - Creating AiohttpTransport...
00:00:25 - LiteLLM:DEBUG: http_handler.py:1275 - NEW SESSION: Creating new ClientSession (no shared session provided)
00:00:25 - LiteLLM:DEBUG: http_handler.py:1172 - Using AiohttpTransport...
00:00:25 - LiteLLM:DEBUG: http_handler.py:1238 - Creating AiohttpTransport...
00:00:25 - LiteLLM:DEBUG: http_handler.py:1275 - NEW SESSION: Creating new ClientSession (no shared session provided)
00:00:25 - LiteLLM:DEBUG: http_handler.py:1172 - Using AiohttpTransport...
00:00:25 - LiteLLM:DEBUG: http_handler.py:1238 - Creating AiohttpTransport...
00:00:25 - LiteLLM:DEBUG: http_handler.py:1275 - NEW SESSION: Creating new ClientSession (no shared session provided)
00:00:25 - LiteLLM:DEBUG: http_handler.py:1172 - Using AiohttpTransport...
00:00:25 - LiteLLM:DEBUG: http_handler.py:1238 - Creating AiohttpTransport...
00:00:25 - LiteLLM:DEBUG: http_handler.py:1275 - NEW SESSION: Creating new ClientSession (no shared session provided)
00:00:26 - LiteLLM:DEBUG: logging_worker.py:503 - [LoggingWorker] atexit: No queue initialized
00:00:26 - LiteLLM:DEBUG: logging_worker.py:503 - [LoggingWorker] atexit: No queue initialized
00:00:28 - LiteLLM:DEBUG: logging_worker.py:503 - [LoggingWorker] atexit: No queue initialized
00:00:32 - LiteLLM:DEBUG: litellm_logging.py:240 - [Non-Blocking] Unable to import GenericAPILogger - LiteLLM Enterprise Feature - No module named 'litellm_enterprise'
00:00:32 - LiteLLM:DEBUG: http_handler.py:1172 - Using AiohttpTransport...
00:00:32 - LiteLLM:DEBUG: http_handler.py:1238 - Creating AiohttpTransport...
00:00:32 - LiteLLM:DEBUG: http_handler.py:1275 - NEW SESSION: Creating new ClientSession (no shared session provided)
00:00:32 - LiteLLM:DEBUG: http_handler.py:1172 - Using AiohttpTransport...
00:00:32 - LiteLLM:DEBUG: http_handler.py:1238 - Creating AiohttpTransport...
00:00:32 - LiteLLM:DEBUG: http_handler.py:1275 - NEW SESSION: Creating new ClientSession (no shared session provided)
00:00:32 - LiteLLM:DEBUG: http_handler.py:1172 - Using AiohttpTransport...
00:00:32 - LiteLLM:DEBUG: http_handler.py:1238 - Creating AiohttpTransport...
00:00:32 - LiteLLM:DEBUG: http_handler.py:1275 - NEW SESSION: Creating new ClientSession (no shared session provided)
00:00:32 - LiteLLM:DEBUG: http_handler.py:1172 - Using AiohttpTransport...
00:00:32 - LiteLLM:DEBUG: http_handler.py:1238 - Creating AiohttpTransport...
00:00:32 - LiteLLM:DEBUG: http_handler.py:1275 - NEW SESSION: Creating new ClientSession (no shared session provided)
00:00:33 - LiteLLM:DEBUG: logging_worker.py:503 - [LoggingWorker] atexit: No queue initialized
00:00:39 - LiteLLM:DEBUG: litellm_logging.py:240 - [Non-Blocking] Unable to import GenericAPILogger - LiteLLM Enterprise Feature - No module named 'litellm_enterprise'
00:00:39 - LiteLLM:DEBUG: http_handler.py:1172 - Using AiohttpTransport...
00:00:39 - LiteLLM:DEBUG: http_handler.py:1238 - Creating AiohttpTransport...
00:00:39 - LiteLLM:DEBUG: http_handler.py:1275 - NEW SESSION: Creating new ClientSession (no shared session provided)
00:00:39 - LiteLLM:DEBUG: http_handler.py:1172 - Using AiohttpTransport...
00:00:39 - LiteLLM:DEBUG: http_handler.py:1238 - Creating AiohttpTransport...
00:00:39 - LiteLLM:DEBUG: http_handler.py:1275 - NEW SESSION: Creating new ClientSession (no shared session provided)
00:00:39 - LiteLLM:DEBUG: http_handler.py:1172 - Using AiohttpTransport...
00:00:39 - LiteLLM:DEBUG: http_handler.py:1238 - Creating AiohttpTransport...
00:00:39 - LiteLLM:DEBUG: http_handler.py:1275 - NEW SESSION: Creating new ClientSession (no shared session provided)
00:00:39 - LiteLLM:DEBUG: http_handler.py:1172 - Using AiohttpTransport...
00:00:39 - LiteLLM:DEBUG: http_handler.py:1238 - Creating AiohttpTransport...
00:00:39 - LiteLLM:DEBUG: http_handler.py:1275 - NEW SESSION: Creating new ClientSession (no shared session provided)
00:00:39 - LiteLLM:DEBUG: logging_worker.py:503 - [LoggingWorker] atexit: No queue initialized
00:00:57 - LiteLLM:DEBUG: litellm_logging.py:240 - [Non-Blocking] Unable to import GenericAPILogger - LiteLLM Enterprise Feature - No module named 'litellm_enterprise'
00:00:57 - LiteLLM:DEBUG: http_handler.py:1172 - Using AiohttpTransport...
00:00:57 - LiteLLM:DEBUG: http_handler.py:1238 - Creating AiohttpTransport...
00:00:57 - LiteLLM:DEBUG: http_handler.py:1275 - NEW SESSION: Creating new ClientSession (no shared session provided)
00:00:57 - LiteLLM:DEBUG: http_handler.py:1172 - Using AiohttpTransport...
00:00:57 - LiteLLM:DEBUG: http_handler.py:1238 - Creating AiohttpTransport...
00:00:57 - LiteLLM:DEBUG: http_handler.py:1275 - NEW SESSION: Creating new ClientSession (no shared session provided)
00:00:57 - LiteLLM:DEBUG: http_handler.py:1172 - Using AiohttpTransport...
00:00:57 - LiteLLM:DEBUG: http_handler.py:1238 - Creating AiohttpTransport...
00:00:57 - LiteLLM:DEBUG: http_handler.py:1275 - NEW SESSION: Creating new ClientSession (no shared session provided)
00:00:57 - LiteLLM:DEBUG: http_handler.py:1172 - Using AiohttpTransport...
00:00:57 - LiteLLM:DEBUG: http_handler.py:1238 - Creating AiohttpTransport...
00:00:57 - LiteLLM:DEBUG: http_handler.py:1275 - NEW SESSION: Creating new ClientSession (no shared session provided)
00:00:59 - LiteLLM:DEBUG: logging_worker.py:503 - [LoggingWorker] atexit: No queue initialized
00:01:04 - LiteLLM:DEBUG: litellm_logging.py:240 - [Non-Blocking] Unable to import GenericAPILogger - LiteLLM Enterprise Feature - No module named 'litellm_enterprise'
00:01:05 - LiteLLM:DEBUG: http_handler.py:1172 - Using AiohttpTransport...
00:01:05 - LiteLLM:DEBUG: http_handler.py:1238 - Creating AiohttpTransport...
00:01:05 - LiteLLM:DEBUG: http_handler.py:1275 - NEW SESSION: Creating new ClientSession (no shared session provided)
00:01:05 - LiteLLM:DEBUG: http_handler.py:1172 - Using AiohttpTransport...
00:01:05 - LiteLLM:DEBUG: http_handler.py:1238 - Creating AiohttpTransport...
00:01:05 - LiteLLM:DEBUG: http_handler.py:1275 - NEW SESSION: Creating new ClientSession (no shared session provided)
00:01:05 - LiteLLM:DEBUG: http_handler.py:1172 - Using AiohttpTransport...
00:01:05 - LiteLLM:DEBUG: http_handler.py:1238 - Creating AiohttpTransport...
00:01:05 - LiteLLM:DEBUG: http_handler.py:1275 - NEW SESSION: Creating new ClientSession (no shared session provided)
00:01:05 - LiteLLM:DEBUG: http_handler.py:1172 - Using AiohttpTransport...
00:01:05 - LiteLLM:DEBUG: http_handler.py:1238 - Creating AiohttpTransport...
00:01:05 - LiteLLM:DEBUG: http_handler.py:1275 - NEW SESSION: Creating new ClientSession (no shared session provided)
00:01:05 - LiteLLM:DEBUG: logging_worker.py:503 - [LoggingWorker] atexit: No queue initialized
00:01:10 - LiteLLM:DEBUG: litellm_logging.py:240 - [Non-Blocking] Unable to import GenericAPILogger - LiteLLM Enterprise Feature - No module named 'litellm_enterprise'
00:01:10 - LiteLLM:DEBUG: http_handler.py:1172 - Using AiohttpTransport...
00:01:10 - LiteLLM:DEBUG: http_handler.py:1238 - Creating AiohttpTransport...
00:01:10 - LiteLLM:DEBUG: http_handler.py:1275 - NEW SESSION: Creating new ClientSession (no shared session provided)
00:01:10 - LiteLLM:DEBUG: http_handler.py:1172 - Using AiohttpTransport...
00:01:10 - LiteLLM:DEBUG: http_handler.py:1238 - Creating AiohttpTransport...
00:01:10 - LiteLLM:DEBUG: http_handler.py:1275 - NEW SESSION: Creating new ClientSession (no shared session provided)
00:01:10 - LiteLLM:DEBUG: http_handler.py:1172 - Using AiohttpTransport...
00:01:10 - LiteLLM:DEBUG: http_handler.py:1238 - Creating AiohttpTransport...
00:01:10 - LiteLLM:DEBUG: http_handler.py:1275 - NEW SESSION: Creating new ClientSession (no shared session provided)
00:01:10 - LiteLLM:DEBUG: http_handler.py:1172 - Using AiohttpTransport...
00:01:10 - LiteLLM:DEBUG: http_handler.py:1238 - Creating AiohttpTransport...
00:01:10 - LiteLLM:DEBUG: http_handler.py:1275 - NEW SESSION: Creating new ClientSession (no shared session provided)
00:01:11 - LiteLLM:DEBUG: logging_worker.py:503 - [LoggingWorker] atexit: No queue initialized
00:01:11 - LiteLLM:DEBUG: litellm_logging.py:240 - [Non-Blocking] Unable to import GenericAPILogger - LiteLLM Enterprise Feature - No module named 'litellm_enterprise'
00:01:11 - LiteLLM:DEBUG: http_handler.py:1172 - Using AiohttpTransport...
00:01:11 - LiteLLM:DEBUG: http_handler.py:1238 - Creating AiohttpTransport...
00:01:11 - LiteLLM:DEBUG: http_handler.py:1275 - NEW SESSION: Creating new ClientSession (no shared session provided)
00:01:11 - LiteLLM:DEBUG: http_handler.py:1172 - Using AiohttpTransport...
00:01:11 - LiteLLM:DEBUG: http_handler.py:1238 - Creating AiohttpTransport...
00:01:11 - LiteLLM:DEBUG: http_handler.py:1275 - NEW SESSION: Creating new ClientSession (no shared session provided)
00:01:11 - LiteLLM:DEBUG: http_handler.py:1172 - Using AiohttpTransport...
00:01:11 - LiteLLM:DEBUG: http_handler.py:1238 - Creating AiohttpTransport...
00:01:11 - LiteLLM:DEBUG: http_handler.py:1275 - NEW SESSION: Creating new ClientSession (no shared session provided)
00:01:11 - LiteLLM:DEBUG: http_handler.py:1172 - Using AiohttpTransport...
00:01:11 - LiteLLM:DEBUG: http_handler.py:1238 - Creating AiohttpTransport...
00:01:11 - LiteLLM:DEBUG: http_handler.py:1275 - NEW SESSION: Creating new ClientSession (no shared session provided)
00:01:12 - LiteLLM:DEBUG: logging_worker.py:503 - [LoggingWorker] atexit: No queue initialized
00:01:21 - LiteLLM:DEBUG: litellm_logging.py:240 - [Non-Blocking] Unable to import GenericAPILogger - LiteLLM Enterprise Feature - No module named 'litellm_enterprise'
00:01:21 - LiteLLM:DEBUG: http_handler.py:1172 - Using AiohttpTransport...
00:01:21 - LiteLLM:DEBUG: http_handler.py:1238 - Creating AiohttpTransport...
00:01:21 - LiteLLM:DEBUG: http_handler.py:1275 - NEW SESSION: Creating new ClientSession (no shared session provided)
00:01:21 - LiteLLM:DEBUG: http_handler.py:1172 - Using AiohttpTransport...
00:01:21 - LiteLLM:DEBUG: http_handler.py:1238 - Creating AiohttpTransport...
00:01:21 - LiteLLM:DEBUG: http_handler.py:1275 - NEW SESSION: Creating new ClientSession (no shared session provided)
00:01:21 - LiteLLM:DEBUG: http_handler.py:1172 - Using AiohttpTransport...
00:01:21 - LiteLLM:DEBUG: http_handler.py:1238 - Creating AiohttpTransport...
00:01:21 - LiteLLM:DEBUG: http_handler.py:1275 - NEW SESSION: Creating new ClientSession (no shared session provided)
00:01:21 - LiteLLM:DEBUG: http_handler.py:1172 - Using AiohttpTransport...
00:01:21 - LiteLLM:DEBUG: http_handler.py:1238 - Creating AiohttpTransport...
00:01:21 - LiteLLM:DEBUG: http_handler.py:1275 - NEW SESSION: Creating new ClientSession (no shared session provided)
00:01:24 - LiteLLM:DEBUG: logging_worker.py:503 - [LoggingWorker] atexit: No queue initialized
00:01:28 - LiteLLM:DEBUG: litellm_logging.py:240 - [Non-Blocking] Unable to import GenericAPILogger - LiteLLM Enterprise Feature - No module named 'litellm_enterprise'
00:01:29 - LiteLLM:DEBUG: http_handler.py:1172 - Using AiohttpTransport...
00:01:29 - LiteLLM:DEBUG: http_handler.py:1238 - Creating AiohttpTransport...
00:01:29 - LiteLLM:DEBUG: http_handler.py:1275 - NEW SESSION: Creating new ClientSession (no shared session provided)
00:01:29 - LiteLLM:DEBUG: http_handler.py:1172 - Using AiohttpTransport...
00:01:29 - LiteLLM:DEBUG: http_handler.py:1238 - Creating AiohttpTransport...
00:01:29 - LiteLLM:DEBUG: http_handler.py:1275 - NEW SESSION: Creating new ClientSession (no shared session provided)
00:01:29 - LiteLLM:DEBUG: http_handler.py:1172 - Using AiohttpTransport...
00:01:29 - LiteLLM:DEBUG: http_handler.py:1238 - Creating AiohttpTransport...
00:01:29 - LiteLLM:DEBUG: http_handler.py:1275 - NEW SESSION: Creating new ClientSession (no shared session provided)
00:01:29 - LiteLLM:DEBUG: http_handler.py:1172 - Using AiohttpTransport...
00:01:29 - LiteLLM:DEBUG: http_handler.py:1238 - Creating AiohttpTransport...
00:01:29 - LiteLLM:DEBUG: http_handler.py:1275 - NEW SESSION: Creating new ClientSession (no shared session provided)
/Users/n0w0f/git/n0w0f_2027/corral_psychometric/corral/tasks/psychometrics/.venv/lib/python3.12/site-packages/numpy/_core/fromnumeric.py:3860: RuntimeWarning: Mean of empty slice.
  return _methods._mean(a, axis=axis, dtype=dtype,
/Users/n0w0f/git/n0w0f_2027/corral_psychometric/corral/tasks/psychometrics/.venv/lib/python3.12/site-packages/numpy/_core/_methods.py:145: RuntimeWarning: invalid value encountered in scalar divide
  ret = ret.dtype.type(ret / rcount)
/Users/n0w0f/git/n0w0f_2027/corral_psychometric/corral/tasks/psychometrics/.venv/lib/python3.12/site-packages/numpy/_core/fromnumeric.py:3860: RuntimeWarning: Mean of empty slice.
  return _methods._mean(a, axis=axis, dtype=dtype,
/Users/n0w0f/git/n0w0f_2027/corral_psychometric/corral/tasks/psychometrics/.venv/lib/python3.12/site-packages/numpy/_core/_methods.py:145: RuntimeWarning: invalid value encountered in scalar divide
  ret = ret.dtype.type(ret / rcount)
00:01:32 - LiteLLM:DEBUG: litellm_logging.py:240 - [Non-Blocking] Unable to import GenericAPILogger - LiteLLM Enterprise Feature - No module named 'litellm_enterprise'
00:01:32 - LiteLLM:DEBUG: http_handler.py:1172 - Using AiohttpTransport...
00:01:32 - LiteLLM:DEBUG: http_handler.py:1238 - Creating AiohttpTransport...
00:01:32 - LiteLLM:DEBUG: http_handler.py:1275 - NEW SESSION: Creating new ClientSession (no shared session provided)
00:01:32 - LiteLLM:DEBUG: http_handler.py:1172 - Using AiohttpTransport...
00:01:32 - LiteLLM:DEBUG: http_handler.py:1238 - Creating AiohttpTransport...
00:01:32 - LiteLLM:DEBUG: http_handler.py:1275 - NEW SESSION: Creating new ClientSession (no shared session provided)
00:01:32 - LiteLLM:DEBUG: http_handler.py:1172 - Using AiohttpTransport...
00:01:32 - LiteLLM:DEBUG: http_handler.py:1238 - Creating AiohttpTransport...
00:01:32 - LiteLLM:DEBUG: http_handler.py:1275 - NEW SESSION: Creating new ClientSession (no shared session provided)
00:01:32 - LiteLLM:DEBUG: http_handler.py:1172 - Using AiohttpTransport...
00:01:32 - LiteLLM:DEBUG: http_handler.py:1238 - Creating AiohttpTransport...
00:01:32 - LiteLLM:DEBUG: http_handler.py:1275 - NEW SESSION: Creating new ClientSession (no shared session provided)
/Users/n0w0f/git/n0w0f_2027/corral_psychometric/corral/tasks/psychometrics/.venv/lib/python3.12/site-packages/numpy/_core/fromnumeric.py:3860: RuntimeWarning: Mean of empty slice.
  return _methods._mean(a, axis=axis, dtype=dtype,
/Users/n0w0f/git/n0w0f_2027/corral_psychometric/corral/tasks/psychometrics/.venv/lib/python3.12/site-packages/numpy/_core/_methods.py:145: RuntimeWarning: invalid value encountered in scalar divide
  ret = ret.dtype.type(ret / rcount)
00:01:33 - LiteLLM:DEBUG: logging_worker.py:503 - [LoggingWorker] atexit: No queue initialized
/Users/n0w0f/git/n0w0f_2027/corral_psychometric/corral/tasks/psychometrics/.venv/lib/python3.12/site-packages/numpy/_core/fromnumeric.py:3860: RuntimeWarning: Mean of empty slice.
  return _methods._mean(a, axis=axis, dtype=dtype,
/Users/n0w0f/git/n0w0f_2027/corral_psychometric/corral/tasks/psychometrics/.venv/lib/python3.12/site-packages/numpy/_core/_methods.py:145: RuntimeWarning: invalid value encountered in scalar divide
  ret = ret.dtype.type(ret / rcount)
/Users/n0w0f/git/n0w0f_2027/corral_psychometric/corral/tasks/psychometrics/.venv/lib/python3.12/site-packages/numpy/_core/fromnumeric.py:3860: RuntimeWarning: Mean of empty slice.
  return _methods._mean(a, axis=axis, dtype=dtype,
/Users/n0w0f/git/n0w0f_2027/corral_psychometric/corral/tasks/psychometrics/.venv/lib/python3.12/site-packages/numpy/_core/_methods.py:145: RuntimeWarning: invalid value encountered in scalar divide
  ret = ret.dtype.type(ret / rcount)
/Users/n0w0f/git/n0w0f_2027/corral_psychometric/corral/tasks/psychometrics/.venv/lib/python3.12/site-packages/numpy/_core/fromnumeric.py:3860: RuntimeWarning: Mean of empty slice.
  return _methods._mean(a, axis=axis, dtype=dtype,
/Users/n0w0f/git/n0w0f_2027/corral_psychometric/corral/tasks/psychometrics/.venv/lib/python3.12/site-packages/numpy/_core/_methods.py:145: RuntimeWarning: invalid value encountered in scalar divide
  ret = ret.dtype.type(ret / rcount)
/Users/n0w0f/git/n0w0f_2027/corral_psychometric/corral/tasks/psychometrics/.venv/lib/python3.12/site-packages/numpy/_core/fromnumeric.py:3860: RuntimeWarning: Mean of empty slice.
  return _methods._mean(a, axis=axis, dtype=dtype,
/Users/n0w0f/git/n0w0f_2027/corral_psychometric/corral/tasks/psychometrics/.venv/lib/python3.12/site-packages/numpy/_core/_methods.py:145: RuntimeWarning: invalid value encountered in scalar divide
  ret = ret.dtype.type(ret / rcount)
/Users/n0w0f/git/n0w0f_2027/corral_psychometric/corral/tasks/psychometrics/.venv/lib/python3.12/site-packages/numpy/_core/fromnumeric.py:3860: RuntimeWarning: Mean of empty slice.
  return _methods._mean(a, axis=axis, dtype=dtype,
/Users/n0w0f/git/n0w0f_2027/corral_psychometric/corral/tasks/psychometrics/.venv/lib/python3.12/site-packages/numpy/_core/_methods.py:145: RuntimeWarning: invalid value encountered in scalar divide
  ret = ret.dtype.type(ret / rcount)
/Users/n0w0f/git/n0w0f_2027/corral_psychometric/corral/tasks/psychometrics/.venv/lib/python3.12/site-packages/numpy/_core/fromnumeric.py:3860: RuntimeWarning: Mean of empty slice.
  return _methods._mean(a, axis=axis, dtype=dtype,
/Users/n0w0f/git/n0w0f_2027/corral_psychometric/corral/tasks/psychometrics/.venv/lib/python3.12/site-packages/numpy/_core/_methods.py:145: RuntimeWarning: invalid value encountered in scalar divide
  ret = ret.dtype.type(ret / rcount)
/Users/n0w0f/git/n0w0f_2027/corral_psychometric/corral/tasks/psychometrics/.venv/lib/python3.12/site-packages/numpy/_core/fromnumeric.py:3860: RuntimeWarning: Mean of empty slice.
  return _methods._mean(a, axis=axis, dtype=dtype,
/Users/n0w0f/git/n0w0f_2027/corral_psychometric/corral/tasks/psychometrics/.venv/lib/python3.12/site-packages/numpy/_core/_methods.py:145: RuntimeWarning: invalid value encountered in scalar divide
  ret = ret.dtype.type(ret / rcount)
/Users/n0w0f/git/n0w0f_2027/corral_psychometric/corral/tasks/psychometrics/.venv/lib/python3.12/site-packages/numpy/_core/fromnumeric.py:3860: RuntimeWarning: Mean of empty slice.
  return _methods._mean(a, axis=axis, dtype=dtype,
/Users/n0w0f/git/n0w0f_2027/corral_psychometric/corral/tasks/psychometrics/.venv/lib/python3.12/site-packages/numpy/_core/_methods.py:145: RuntimeWarning: invalid value encountered in scalar divide
  ret = ret.dtype.type(ret / rcount)
/Users/n0w0f/git/n0w0f_2027/corral_psychometric/corral/tasks/psychometrics/.venv/lib/python3.12/site-packages/numpy/_core/fromnumeric.py:3860: RuntimeWarning: Mean of empty slice.
  return _methods._mean(a, axis=axis, dtype=dtype,
/Users/n0w0f/git/n0w0f_2027/corral_psychometric/corral/tasks/psychometrics/.venv/lib/python3.12/site-packages/numpy/_core/_methods.py:145: RuntimeWarning: invalid value encountered in scalar divide
  ret = ret.dtype.type(ret / rcount)
/Users/n0w0f/git/n0w0f_2027/corral_psychometric/corral/tasks/psychometrics/.venv/lib/python3.12/site-packages/numpy/_core/fromnumeric.py:3860: RuntimeWarning: Mean of empty slice.
  return _methods._mean(a, axis=axis, dtype=dtype,
/Users/n0w0f/git/n0w0f_2027/corral_psychometric/corral/tasks/psychometrics/.venv/lib/python3.12/site-packages/numpy/_core/_methods.py:145: RuntimeWarning: invalid value encountered in scalar divide
  ret = ret.dtype.type(ret / rcount)
/Users/n0w0f/git/n0w0f_2027/corral_psychometric/corral/tasks/psychometrics/.venv/lib/python3.12/site-packages/numpy/_core/fromnumeric.py:3860: RuntimeWarning: Mean of empty slice.
  return _methods._mean(a, axis=axis, dtype=dtype,
/Users/n0w0f/git/n0w0f_2027/corral_psychometric/corral/tasks/psychometrics/.venv/lib/python3.12/site-packages/numpy/_core/_methods.py:145: RuntimeWarning: invalid value encountered in scalar divide
  ret = ret.dtype.type(ret / rcount)
/Users/n0w0f/git/n0w0f_2027/corral_psychometric/corral/tasks/psychometrics/.venv/lib/python3.12/site-packages/numpy/_core/fromnumeric.py:3860: RuntimeWarning: Mean of empty slice.
  return _methods._mean(a, axis=axis, dtype=dtype,
/Users/n0w0f/git/n0w0f_2027/corral_psychometric/corral/tasks/psychometrics/.venv/lib/python3.12/site-packages/numpy/_core/_methods.py:145: RuntimeWarning: invalid value encountered in scalar divide
  ret = ret.dtype.type(ret / rcount)
/Users/n0w0f/git/n0w0f_2027/corral_psychometric/corral/tasks/psychometrics/.venv/lib/python3.12/site-packages/numpy/_core/fromnumeric.py:3860: RuntimeWarning: Mean of empty slice.
  return _methods._mean(a, axis=axis, dtype=dtype,
/Users/n0w0f/git/n0w0f_2027/corral_psychometric/corral/tasks/psychometrics/.venv/lib/python3.12/site-packages/numpy/_core/_methods.py:145: RuntimeWarning: invalid value encountered in scalar divide
  ret = ret.dtype.type(ret / rcount)
/Users/n0w0f/git/n0w0f_2027/corral_psychometric/corral/tasks/psychometrics/.venv/lib/python3.12/site-packages/numpy/_core/fromnumeric.py:3860: RuntimeWarning: Mean of empty slice.
  return _methods._mean(a, axis=axis, dtype=dtype,
/Users/n0w0f/git/n0w0f_2027/corral_psychometric/corral/tasks/psychometrics/.venv/lib/python3.12/site-packages/numpy/_core/_methods.py:145: RuntimeWarning: invalid value encountered in scalar divide
  ret = ret.dtype.type(ret / rcount)
/Users/n0w0f/git/n0w0f_2027/corral_psychometric/corral/tasks/psychometrics/.venv/lib/python3.12/site-packages/numpy/_core/fromnumeric.py:3860: RuntimeWarning: Mean of empty slice.
  return _methods._mean(a, axis=axis, dtype=dtype,
/Users/n0w0f/git/n0w0f_2027/corral_psychometric/corral/tasks/psychometrics/.venv/lib/python3.12/site-packages/numpy/_core/_methods.py:145: RuntimeWarning: invalid value encountered in scalar divide
  ret = ret.dtype.type(ret / rcount)
/Users/n0w0f/git/n0w0f_2027/corral_psychometric/corral/tasks/psychometrics/.venv/lib/python3.12/site-packages/numpy/_core/fromnumeric.py:3860: RuntimeWarning: Mean of empty slice.
  return _methods._mean(a, axis=axis, dtype=dtype,
/Users/n0w0f/git/n0w0f_2027/corral_psychometric/corral/tasks/psychometrics/.venv/lib/python3.12/site-packages/numpy/_core/_methods.py:145: RuntimeWarning: invalid value encountered in scalar divide
  ret = ret.dtype.type(ret / rcount)
/Users/n0w0f/git/n0w0f_2027/corral_psychometric/corral/tasks/psychometrics/.venv/lib/python3.12/site-packages/numpy/_core/fromnumeric.py:3860: RuntimeWarning: Mean of empty slice.
  return _methods._mean(a, axis=axis, dtype=dtype,
/Users/n0w0f/git/n0w0f_2027/corral_psychometric/corral/tasks/psychometrics/.venv/lib/python3.12/site-packages/numpy/_core/_methods.py:145: RuntimeWarning: invalid value encountered in scalar divide
  ret = ret.dtype.type(ret / rcount)
00:01:55 - LiteLLM:DEBUG: litellm_logging.py:240 - [Non-Blocking] Unable to import GenericAPILogger - LiteLLM Enterprise Feature - No module named 'litellm_enterprise'
00:01:55 - LiteLLM:DEBUG: http_handler.py:1172 - Using AiohttpTransport...
00:01:55 - LiteLLM:DEBUG: http_handler.py:1238 - Creating AiohttpTransport...
00:01:55 - LiteLLM:DEBUG: http_handler.py:1275 - NEW SESSION: Creating new ClientSession (no shared session provided)
00:01:55 - LiteLLM:DEBUG: http_handler.py:1172 - Using AiohttpTransport...
00:01:55 - LiteLLM:DEBUG: http_handler.py:1238 - Creating AiohttpTransport...
00:01:55 - LiteLLM:DEBUG: http_handler.py:1275 - NEW SESSION: Creating new ClientSession (no shared session provided)
00:01:55 - LiteLLM:DEBUG: http_handler.py:1172 - Using AiohttpTransport...
00:01:55 - LiteLLM:DEBUG: http_handler.py:1238 - Creating AiohttpTransport...
00:01:55 - LiteLLM:DEBUG: http_handler.py:1275 - NEW SESSION: Creating new ClientSession (no shared session provided)
00:01:55 - LiteLLM:DEBUG: http_handler.py:1172 - Using AiohttpTransport...
00:01:55 - LiteLLM:DEBUG: http_handler.py:1238 - Creating AiohttpTransport...
00:01:55 - LiteLLM:DEBUG: http_handler.py:1275 - NEW SESSION: Creating new ClientSession (no shared session provided)
/Users/n0w0f/git/n0w0f_2027/corral_psychometric/corral/tasks/psychometrics/.venv/lib/python3.12/site-packages/numpy/_core/fromnumeric.py:3860: RuntimeWarning: Mean of empty slice.
  return _methods._mean(a, axis=axis, dtype=dtype,
/Users/n0w0f/git/n0w0f_2027/corral_psychometric/corral/tasks/psychometrics/.venv/lib/python3.12/site-packages/numpy/_core/_methods.py:145: RuntimeWarning: invalid value encountered in scalar divide
  ret = ret.dtype.type(ret / rcount)
/Users/n0w0f/git/n0w0f_2027/corral_psychometric/corral/tasks/psychometrics/.venv/lib/python3.12/site-packages/numpy/_core/fromnumeric.py:3860: RuntimeWarning: Mean of empty slice.
  return _methods._mean(a, axis=axis, dtype=dtype,
/Users/n0w0f/git/n0w0f_2027/corral_psychometric/corral/tasks/psychometrics/.venv/lib/python3.12/site-packages/numpy/_core/_methods.py:145: RuntimeWarning: invalid value encountered in scalar divide
  ret = ret.dtype.type(ret / rcount)
/Users/n0w0f/git/n0w0f_2027/corral_psychometric/corral/tasks/psychometrics/.venv/lib/python3.12/site-packages/numpy/_core/fromnumeric.py:3860: RuntimeWarning: Mean of empty slice.
  return _methods._mean(a, axis=axis, dtype=dtype,
/Users/n0w0f/git/n0w0f_2027/corral_psychometric/corral/tasks/psychometrics/.venv/lib/python3.12/site-packages/numpy/_core/_methods.py:145: RuntimeWarning: invalid value encountered in scalar divide
  ret = ret.dtype.type(ret / rcount)
/Users/n0w0f/git/n0w0f_2027/corral_psychometric/corral/tasks/psychometrics/.venv/lib/python3.12/site-packages/numpy/_core/fromnumeric.py:3860: RuntimeWarning: Mean of empty slice.
  return _methods._mean(a, axis=axis, dtype=dtype,
/Users/n0w0f/git/n0w0f_2027/corral_psychometric/corral/tasks/psychometrics/.venv/lib/python3.12/site-packages/numpy/_core/_methods.py:145: RuntimeWarning: invalid value encountered in scalar divide
  ret = ret.dtype.type(ret / rcount)
/Users/n0w0f/git/n0w0f_2027/corral_psychometric/corral/tasks/psychometrics/.venv/lib/python3.12/site-packages/numpy/_core/fromnumeric.py:3860: RuntimeWarning: Mean of empty slice.
  return _methods._mean(a, axis=axis, dtype=dtype,
/Users/n0w0f/git/n0w0f_2027/corral_psychometric/corral/tasks/psychometrics/.venv/lib/python3.12/site-packages/numpy/_core/_methods.py:145: RuntimeWarning: invalid value encountered in scalar divide
  ret = ret.dtype.type(ret / rcount)
/Users/n0w0f/git/n0w0f_2027/corral_psychometric/corral/tasks/psychometrics/.venv/lib/python3.12/site-packages/numpy/_core/fromnumeric.py:3860: RuntimeWarning: Mean of empty slice.
  return _methods._mean(a, axis=axis, dtype=dtype,
/Users/n0w0f/git/n0w0f_2027/corral_psychometric/corral/tasks/psychometrics/.venv/lib/python3.12/site-packages/numpy/_core/_methods.py:145: RuntimeWarning: invalid value encountered in scalar divide
  ret = ret.dtype.type(ret / rcount)
/Users/n0w0f/git/n0w0f_2027/corral_psychometric/corral/tasks/psychometrics/.venv/lib/python3.12/site-packages/numpy/_core/fromnumeric.py:3860: RuntimeWarning: Mean of empty slice.
  return _methods._mean(a, axis=axis, dtype=dtype,
/Users/n0w0f/git/n0w0f_2027/corral_psychometric/corral/tasks/psychometrics/.venv/lib/python3.12/site-packages/numpy/_core/_methods.py:145: RuntimeWarning: invalid value encountered in scalar divide
  ret = ret.dtype.type(ret / rcount)
/Users/n0w0f/git/n0w0f_2027/corral_psychometric/corral/tasks/psychometrics/.venv/lib/python3.12/site-packages/numpy/_core/fromnumeric.py:3860: RuntimeWarning: Mean of empty slice.
  return _methods._mean(a, axis=axis, dtype=dtype,
/Users/n0w0f/git/n0w0f_2027/corral_psychometric/corral/tasks/psychometrics/.venv/lib/python3.12/site-packages/numpy/_core/_methods.py:145: RuntimeWarning: invalid value encountered in scalar divide
  ret = ret.dtype.type(ret / rcount)
/Users/n0w0f/git/n0w0f_2027/corral_psychometric/corral/tasks/psychometrics/.venv/lib/python3.12/site-packages/numpy/_core/fromnumeric.py:3860: RuntimeWarning: Mean of empty slice.
  return _methods._mean(a, axis=axis, dtype=dtype,
/Users/n0w0f/git/n0w0f_2027/corral_psychometric/corral/tasks/psychometrics/.venv/lib/python3.12/site-packages/numpy/_core/_methods.py:145: RuntimeWarning: invalid value encountered in scalar divide
  ret = ret.dtype.type(ret / rcount)
/Users/n0w0f/git/n0w0f_2027/corral_psychometric/corral/tasks/psychometrics/.venv/lib/python3.12/site-packages/numpy/_core/fromnumeric.py:3860: RuntimeWarning: Mean of empty slice.
  return _methods._mean(a, axis=axis, dtype=dtype,
/Users/n0w0f/git/n0w0f_2027/corral_psychometric/corral/tasks/psychometrics/.venv/lib/python3.12/site-packages/numpy/_core/_methods.py:145: RuntimeWarning: invalid value encountered in scalar divide
  ret = ret.dtype.type(ret / rcount)
/Users/n0w0f/git/n0w0f_2027/corral_psychometric/corral/tasks/psychometrics/.venv/lib/python3.12/site-packages/numpy/_core/fromnumeric.py:3860: RuntimeWarning: Mean of empty slice.
  return _methods._mean(a, axis=axis, dtype=dtype,
/Users/n0w0f/git/n0w0f_2027/corral_psychometric/corral/tasks/psychometrics/.venv/lib/python3.12/site-packages/numpy/_core/_methods.py:145: RuntimeWarning: invalid value encountered in scalar divide
  ret = ret.dtype.type(ret / rcount)
/Users/n0w0f/git/n0w0f_2027/corral_psychometric/corral/tasks/psychometrics/.venv/lib/python3.12/site-packages/numpy/_core/fromnumeric.py:3860: RuntimeWarning: Mean of empty slice.
  return _methods._mean(a, axis=axis, dtype=dtype,
/Users/n0w0f/git/n0w0f_2027/corral_psychometric/corral/tasks/psychometrics/.venv/lib/python3.12/site-packages/numpy/_core/_methods.py:145: RuntimeWarning: invalid value encountered in scalar divide
  ret = ret.dtype.type(ret / rcount)
00:02:12 - LiteLLM:DEBUG: logging_worker.py:503 - [LoggingWorker] atexit: No queue initialized
00:02:29 - LiteLLM:DEBUG: logging_worker.py:503 - [LoggingWorker] atexit: No queue initialized
00:02:53 - LiteLLM:DEBUG: litellm_logging.py:240 - [Non-Blocking] Unable to import GenericAPILogger - LiteLLM Enterprise Feature - No module named 'litellm_enterprise'
00:02:54 - LiteLLM:DEBUG: http_handler.py:1172 - Using AiohttpTransport...
00:02:54 - LiteLLM:DEBUG: http_handler.py:1238 - Creating AiohttpTransport...
00:02:54 - LiteLLM:DEBUG: http_handler.py:1275 - NEW SESSION: Creating new ClientSession (no shared session provided)
00:02:54 - LiteLLM:DEBUG: http_handler.py:1172 - Using AiohttpTransport...
00:02:54 - LiteLLM:DEBUG: http_handler.py:1238 - Creating AiohttpTransport...
00:02:54 - LiteLLM:DEBUG: http_handler.py:1275 - NEW SESSION: Creating new ClientSession (no shared session provided)
00:02:54 - LiteLLM:DEBUG: http_handler.py:1172 - Using AiohttpTransport...
00:02:54 - LiteLLM:DEBUG: http_handler.py:1238 - Creating AiohttpTransport...
00:02:54 - LiteLLM:DEBUG: http_handler.py:1275 - NEW SESSION: Creating new ClientSession (no shared session provided)
00:02:54 - LiteLLM:DEBUG: http_handler.py:1172 - Using AiohttpTransport...
00:02:54 - LiteLLM:DEBUG: http_handler.py:1238 - Creating AiohttpTransport...
00:02:54 - LiteLLM:DEBUG: http_handler.py:1275 - NEW SESSION: Creating new ClientSession (no shared session provided)
/Users/n0w0f/git/n0w0f_2027/corral_psychometric/corral/tasks/psychometrics/.venv/lib/python3.12/site-packages/sklearn/ensemble/_base.py:168: UserWarning: Loky-backed parallel loops cannot be called in a multiprocessing, setting n_jobs=1
  n_jobs = min(effective_n_jobs(n_jobs), n_estimators)
/Users/n0w0f/git/n0w0f_2027/corral_psychometric/corral/tasks/psychometrics/.venv/lib/python3.12/site-packages/sklearn/ensemble/_base.py:168: UserWarning: Loky-backed parallel loops cannot be called in a multiprocessing, setting n_jobs=1
  n_jobs = min(effective_n_jobs(n_jobs), n_estimators)
/Users/n0w0f/git/n0w0f_2027/corral_psychometric/corral/tasks/psychometrics/.venv/lib/python3.12/site-packages/sklearn/ensemble/_base.py:168: UserWarning: Loky-backed parallel loops cannot be called in a multiprocessing, setting n_jobs=1
  n_jobs = min(effective_n_jobs(n_jobs), n_estimators)
/Users/n0w0f/git/n0w0f_2027/corral_psychometric/corral/tasks/psychometrics/.venv/lib/python3.12/site-packages/sklearn/ensemble/_base.py:168: UserWarning: Loky-backed parallel loops cannot be called in a multiprocessing, setting n_jobs=1
  n_jobs = min(effective_n_jobs(n_jobs), n_estimators)
/Users/n0w0f/git/n0w0f_2027/corral_psychometric/corral/tasks/psychometrics/.venv/lib/python3.12/site-packages/sklearn/ensemble/_base.py:168: UserWarning: Loky-backed parallel loops cannot be called in a multiprocessing, setting n_jobs=1
  n_jobs = min(effective_n_jobs(n_jobs), n_estimators)
/Users/n0w0f/git/n0w0f_2027/corral_psychometric/corral/tasks/psychometrics/.venv/lib/python3.12/site-packages/sklearn/ensemble/_base.py:168: UserWarning: Loky-backed parallel loops cannot be called in a multiprocessing, setting n_jobs=1
  n_jobs = min(effective_n_jobs(n_jobs), n_estimators)
/Users/n0w0f/git/n0w0f_2027/corral_psychometric/corral/tasks/psychometrics/.venv/lib/python3.12/site-packages/sklearn/ensemble/_base.py:168: UserWarning: Loky-backed parallel loops cannot be called in a multiprocessing, setting n_jobs=1
  n_jobs = min(effective_n_jobs(n_jobs), n_estimators)
/Users/n0w0f/git/n0w0f_2027/corral_psychometric/corral/tasks/psychometrics/.venv/lib/python3.12/site-packages/sklearn/ensemble/_base.py:168: UserWarning: Loky-backed parallel loops cannot be called in a multiprocessing, setting n_jobs=1
  n_jobs = min(effective_n_jobs(n_jobs), n_estimators)
/Users/n0w0f/git/n0w0f_2027/corral_psychometric/corral/tasks/psychometrics/.venv/lib/python3.12/site-packages/sklearn/ensemble/_base.py:168: UserWarning: Loky-backed parallel loops cannot be called in a multiprocessing, setting n_jobs=1
  n_jobs = min(effective_n_jobs(n_jobs), n_estimators)
/Users/n0w0f/git/n0w0f_2027/corral_psychometric/corral/tasks/psychometrics/.venv/lib/python3.12/site-packages/sklearn/ensemble/_base.py:168: UserWarning: Loky-backed parallel loops cannot be called in a multiprocessing, setting n_jobs=1
  n_jobs = min(effective_n_jobs(n_jobs), n_estimators)
/Users/n0w0f/git/n0w0f_2027/corral_psychometric/corral/tasks/psychometrics/.venv/lib/python3.12/site-packages/sklearn/ensemble/_base.py:168: UserWarning: Loky-backed parallel loops cannot be called in a multiprocessing, setting n_jobs=1
  n_jobs = min(effective_n_jobs(n_jobs), n_estimators)
/Users/n0w0f/git/n0w0f_2027/corral_psychometric/corral/tasks/psychometrics/.venv/lib/python3.12/site-packages/sklearn/ensemble/_base.py:168: UserWarning: Loky-backed parallel loops cannot be called in a multiprocessing, setting n_jobs=1
  n_jobs = min(effective_n_jobs(n_jobs), n_estimators)
/Users/n0w0f/git/n0w0f_2027/corral_psychometric/corral/tasks/psychometrics/.venv/lib/python3.12/site-packages/sklearn/ensemble/_base.py:168: UserWarning: Loky-backed parallel loops cannot be called in a multiprocessing, setting n_jobs=1
  n_jobs = min(effective_n_jobs(n_jobs), n_estimators)
/Users/n0w0f/git/n0w0f_2027/corral_psychometric/corral/tasks/psychometrics/.venv/lib/python3.12/site-packages/sklearn/ensemble/_base.py:168: UserWarning: Loky-backed parallel loops cannot be called in a multiprocessing, setting n_jobs=1
  n_jobs = min(effective_n_jobs(n_jobs), n_estimators)
/Users/n0w0f/git/n0w0f_2027/corral_psychometric/corral/tasks/psychometrics/.venv/lib/python3.12/site-packages/sklearn/ensemble/_base.py:168: UserWarning: Loky-backed parallel loops cannot be called in a multiprocessing, setting n_jobs=1
  n_jobs = min(effective_n_jobs(n_jobs), n_estimators)
/Users/n0w0f/git/n0w0f_2027/corral_psychometric/corral/tasks/psychometrics/.venv/lib/python3.12/site-packages/sklearn/ensemble/_base.py:168: UserWarning: Loky-backed parallel loops cannot be called in a multiprocessing, setting n_jobs=1
  n_jobs = min(effective_n_jobs(n_jobs), n_estimators)
/Users/n0w0f/git/n0w0f_2027/corral_psychometric/corral/tasks/psychometrics/.venv/lib/python3.12/site-packages/sklearn/ensemble/_base.py:168: UserWarning: Loky-backed parallel loops cannot be called in a multiprocessing, setting n_jobs=1
  n_jobs = min(effective_n_jobs(n_jobs), n_estimators)
00:03:07 - LiteLLM:DEBUG: logging_worker.py:503 - [LoggingWorker] atexit: No queue initialized
00:03:10 - LiteLLM:DEBUG: litellm_logging.py:240 - [Non-Blocking] Unable to import GenericAPILogger - LiteLLM Enterprise Feature - No module named 'litellm_enterprise'
00:03:11 - LiteLLM:DEBUG: http_handler.py:1172 - Using AiohttpTransport...
00:03:11 - LiteLLM:DEBUG: http_handler.py:1238 - Creating AiohttpTransport...
00:03:11 - LiteLLM:DEBUG: http_handler.py:1275 - NEW SESSION: Creating new ClientSession (no shared session provided)
00:03:11 - LiteLLM:DEBUG: http_handler.py:1172 - Using AiohttpTransport...
00:03:11 - LiteLLM:DEBUG: http_handler.py:1238 - Creating AiohttpTransport...
00:03:11 - LiteLLM:DEBUG: http_handler.py:1275 - NEW SESSION: Creating new ClientSession (no shared session provided)
00:03:11 - LiteLLM:DEBUG: http_handler.py:1172 - Using AiohttpTransport...
00:03:11 - LiteLLM:DEBUG: http_handler.py:1238 - Creating AiohttpTransport...
00:03:11 - LiteLLM:DEBUG: http_handler.py:1275 - NEW SESSION: Creating new ClientSession (no shared session provided)
00:03:11 - LiteLLM:DEBUG: http_handler.py:1172 - Using AiohttpTransport...
00:03:11 - LiteLLM:DEBUG: http_handler.py:1238 - Creating AiohttpTransport...
00:03:11 - LiteLLM:DEBUG: http_handler.py:1275 - NEW SESSION: Creating new ClientSession (no shared session provided)
00:03:11 - LiteLLM:DEBUG: logging_worker.py:503 - [LoggingWorker] atexit: No queue initialized
00:03:28 - LiteLLM:DEBUG: litellm_logging.py:240 - [Non-Blocking] Unable to import GenericAPILogger - LiteLLM Enterprise Feature - No module named 'litellm_enterprise'
00:03:28 - LiteLLM:DEBUG: http_handler.py:1172 - Using AiohttpTransport...
00:03:28 - LiteLLM:DEBUG: http_handler.py:1238 - Creating AiohttpTransport...
00:03:28 - LiteLLM:DEBUG: http_handler.py:1275 - NEW SESSION: Creating new ClientSession (no shared session provided)
00:03:28 - LiteLLM:DEBUG: http_handler.py:1172 - Using AiohttpTransport...
00:03:28 - LiteLLM:DEBUG: http_handler.py:1238 - Creating AiohttpTransport...
00:03:28 - LiteLLM:DEBUG: http_handler.py:1275 - NEW SESSION: Creating new ClientSession (no shared session provided)
00:03:28 - LiteLLM:DEBUG: http_handler.py:1172 - Using AiohttpTransport...
00:03:28 - LiteLLM:DEBUG: http_handler.py:1238 - Creating AiohttpTransport...
00:03:28 - LiteLLM:DEBUG: http_handler.py:1275 - NEW SESSION: Creating new ClientSession (no shared session provided)
00:03:28 - LiteLLM:DEBUG: http_handler.py:1172 - Using AiohttpTransport...
00:03:28 - LiteLLM:DEBUG: http_handler.py:1238 - Creating AiohttpTransport...
00:03:28 - LiteLLM:DEBUG: http_handler.py:1275 - NEW SESSION: Creating new ClientSession (no shared session provided)
00:03:29 - LiteLLM:DEBUG: logging_worker.py:503 - [LoggingWorker] atexit: No queue initialized
00:04:04 - LiteLLM:DEBUG: litellm_logging.py:240 - [Non-Blocking] Unable to import GenericAPILogger - LiteLLM Enterprise Feature - No module named 'litellm_enterprise'
00:04:04 - LiteLLM:DEBUG: http_handler.py:1172 - Using AiohttpTransport...
00:04:04 - LiteLLM:DEBUG: http_handler.py:1238 - Creating AiohttpTransport...
00:04:04 - LiteLLM:DEBUG: http_handler.py:1275 - NEW SESSION: Creating new ClientSession (no shared session provided)
00:04:04 - LiteLLM:DEBUG: http_handler.py:1172 - Using AiohttpTransport...
00:04:04 - LiteLLM:DEBUG: http_handler.py:1238 - Creating AiohttpTransport...
00:04:04 - LiteLLM:DEBUG: http_handler.py:1275 - NEW SESSION: Creating new ClientSession (no shared session provided)
00:04:04 - LiteLLM:DEBUG: http_handler.py:1172 - Using AiohttpTransport...
00:04:04 - LiteLLM:DEBUG: http_handler.py:1238 - Creating AiohttpTransport...
00:04:04 - LiteLLM:DEBUG: http_handler.py:1275 - NEW SESSION: Creating new ClientSession (no shared session provided)
00:04:04 - LiteLLM:DEBUG: http_handler.py:1172 - Using AiohttpTransport...
00:04:04 - LiteLLM:DEBUG: http_handler.py:1238 - Creating AiohttpTransport...
00:04:04 - LiteLLM:DEBUG: http_handler.py:1275 - NEW SESSION: Creating new ClientSession (no shared session provided)
00:04:08 - LiteLLM:DEBUG: logging_worker.py:503 - [LoggingWorker] atexit: No queue initialized
00:04:48 - LiteLLM:DEBUG: litellm_logging.py:240 - [Non-Blocking] Unable to import GenericAPILogger - LiteLLM Enterprise Feature - No module named 'litellm_enterprise'
00:04:48 - LiteLLM:DEBUG: http_handler.py:1172 - Using AiohttpTransport...
00:04:48 - LiteLLM:DEBUG: http_handler.py:1238 - Creating AiohttpTransport...
00:04:48 - LiteLLM:DEBUG: http_handler.py:1275 - NEW SESSION: Creating new ClientSession (no shared session provided)
00:04:48 - LiteLLM:DEBUG: http_handler.py:1172 - Using AiohttpTransport...
00:04:48 - LiteLLM:DEBUG: http_handler.py:1238 - Creating AiohttpTransport...
00:04:48 - LiteLLM:DEBUG: http_handler.py:1275 - NEW SESSION: Creating new ClientSession (no shared session provided)
00:04:48 - LiteLLM:DEBUG: http_handler.py:1172 - Using AiohttpTransport...
00:04:48 - LiteLLM:DEBUG: http_handler.py:1238 - Creating AiohttpTransport...
00:04:48 - LiteLLM:DEBUG: http_handler.py:1275 - NEW SESSION: Creating new ClientSession (no shared session provided)
00:04:48 - LiteLLM:DEBUG: http_handler.py:1172 - Using AiohttpTransport...
00:04:48 - LiteLLM:DEBUG: http_handler.py:1238 - Creating AiohttpTransport...
00:04:48 - LiteLLM:DEBUG: http_handler.py:1275 - NEW SESSION: Creating new ClientSession (no shared session provided)
00:04:49 - LiteLLM:DEBUG: logging_worker.py:503 - [LoggingWorker] atexit: No queue initialized
00:05:00 - LiteLLM:DEBUG: litellm_logging.py:240 - [Non-Blocking] Unable to import GenericAPILogger - LiteLLM Enterprise Feature - No module named 'litellm_enterprise'
00:05:00 - LiteLLM:DEBUG: http_handler.py:1172 - Using AiohttpTransport...
00:05:00 - LiteLLM:DEBUG: http_handler.py:1238 - Creating AiohttpTransport...
00:05:00 - LiteLLM:DEBUG: http_handler.py:1275 - NEW SESSION: Creating new ClientSession (no shared session provided)
00:05:00 - LiteLLM:DEBUG: http_handler.py:1172 - Using AiohttpTransport...
00:05:00 - LiteLLM:DEBUG: http_handler.py:1238 - Creating AiohttpTransport...
00:05:00 - LiteLLM:DEBUG: http_handler.py:1275 - NEW SESSION: Creating new ClientSession (no shared session provided)
00:05:00 - LiteLLM:DEBUG: http_handler.py:1172 - Using AiohttpTransport...
00:05:00 - LiteLLM:DEBUG: http_handler.py:1238 - Creating AiohttpTransport...
00:05:00 - LiteLLM:DEBUG: http_handler.py:1275 - NEW SESSION: Creating new ClientSession (no shared session provided)
00:05:00 - LiteLLM:DEBUG: http_handler.py:1172 - Using AiohttpTransport...
00:05:00 - LiteLLM:DEBUG: http_handler.py:1238 - Creating AiohttpTransport...
00:05:00 - LiteLLM:DEBUG: http_handler.py:1275 - NEW SESSION: Creating new ClientSession (no shared session provided)
00:05:01 - LiteLLM:DEBUG: logging_worker.py:503 - [LoggingWorker] atexit: No queue initialized
00:05:06 - LiteLLM:DEBUG: litellm_logging.py:240 - [Non-Blocking] Unable to import GenericAPILogger - LiteLLM Enterprise Feature - No module named 'litellm_enterprise'
00:05:06 - LiteLLM:DEBUG: http_handler.py:1172 - Using AiohttpTransport...
00:05:06 - LiteLLM:DEBUG: http_handler.py:1238 - Creating AiohttpTransport...
00:05:06 - LiteLLM:DEBUG: http_handler.py:1275 - NEW SESSION: Creating new ClientSession (no shared session provided)
00:05:06 - LiteLLM:DEBUG: http_handler.py:1172 - Using AiohttpTransport...
00:05:06 - LiteLLM:DEBUG: http_handler.py:1238 - Creating AiohttpTransport...
00:05:06 - LiteLLM:DEBUG: http_handler.py:1275 - NEW SESSION: Creating new ClientSession (no shared session provided)
00:05:06 - LiteLLM:DEBUG: http_handler.py:1172 - Using AiohttpTransport...
00:05:06 - LiteLLM:DEBUG: http_handler.py:1238 - Creating AiohttpTransport...
00:05:06 - LiteLLM:DEBUG: http_handler.py:1275 - NEW SESSION: Creating new ClientSession (no shared session provided)
00:05:06 - LiteLLM:DEBUG: http_handler.py:1172 - Using AiohttpTransport...
00:05:06 - LiteLLM:DEBUG: http_handler.py:1238 - Creating AiohttpTransport...
00:05:06 - LiteLLM:DEBUG: http_handler.py:1275 - NEW SESSION: Creating new ClientSession (no shared session provided)
00:05:08 - LiteLLM:DEBUG: logging_worker.py:503 - [LoggingWorker] atexit: No queue initialized
00:05:13 - LiteLLM:DEBUG: litellm_logging.py:240 - [Non-Blocking] Unable to import GenericAPILogger - LiteLLM Enterprise Feature - No module named 'litellm_enterprise'
00:05:13 - LiteLLM:DEBUG: http_handler.py:1172 - Using AiohttpTransport...
00:05:13 - LiteLLM:DEBUG: http_handler.py:1238 - Creating AiohttpTransport...
00:05:13 - LiteLLM:DEBUG: http_handler.py:1275 - NEW SESSION: Creating new ClientSession (no shared session provided)
00:05:13 - LiteLLM:DEBUG: http_handler.py:1172 - Using AiohttpTransport...
00:05:13 - LiteLLM:DEBUG: http_handler.py:1238 - Creating AiohttpTransport...
00:05:13 - LiteLLM:DEBUG: http_handler.py:1275 - NEW SESSION: Creating new ClientSession (no shared session provided)
00:05:13 - LiteLLM:DEBUG: http_handler.py:1172 - Using AiohttpTransport...
00:05:13 - LiteLLM:DEBUG: http_handler.py:1238 - Creating AiohttpTransport...
00:05:13 - LiteLLM:DEBUG: http_handler.py:1275 - NEW SESSION: Creating new ClientSession (no shared session provided)
00:05:13 - LiteLLM:DEBUG: http_handler.py:1172 - Using AiohttpTransport...
00:05:13 - LiteLLM:DEBUG: http_handler.py:1238 - Creating AiohttpTransport...
00:05:13 - LiteLLM:DEBUG: http_handler.py:1275 - NEW SESSION: Creating new ClientSession (no shared session provided)
2026-10-02 00:05:15.718 | INFO     | dependency | dependency.log | No graphviz package found, visualization method is unavailable

00:05:16 - LiteLLM:DEBUG: logging_worker.py:503 - [LoggingWorker] atexit: No queue initialized
00:05:31 - LiteLLM:DEBUG: litellm_logging.py:240 - [Non-Blocking] Unable to import GenericAPILogger - LiteLLM Enterprise Feature - No module named 'litellm_enterprise'
00:05:32 - LiteLLM:DEBUG: http_handler.py:1172 - Using AiohttpTransport...
00:05:32 - LiteLLM:DEBUG: http_handler.py:1238 - Creating AiohttpTransport...
00:05:32 - LiteLLM:DEBUG: http_handler.py:1275 - NEW SESSION: Creating new ClientSession (no shared session provided)
00:05:32 - LiteLLM:DEBUG: http_handler.py:1172 - Using AiohttpTransport...
00:05:32 - LiteLLM:DEBUG: http_handler.py:1238 - Creating AiohttpTransport...
00:05:32 - LiteLLM:DEBUG: http_handler.py:1275 - NEW SESSION: Creating new ClientSession (no shared session provided)
00:05:32 - LiteLLM:DEBUG: http_handler.py:1172 - Using AiohttpTransport...
00:05:32 - LiteLLM:DEBUG: http_handler.py:1238 - Creating AiohttpTransport...
00:05:32 - LiteLLM:DEBUG: http_handler.py:1275 - NEW SESSION: Creating new ClientSession (no shared session provided)
00:05:32 - LiteLLM:DEBUG: http_handler.py:1172 - Using AiohttpTransport...
00:05:32 - LiteLLM:DEBUG: http_handler.py:1238 - Creating AiohttpTransport...
00:05:32 - LiteLLM:DEBUG: http_handler.py:1275 - NEW SESSION: Creating new ClientSession (no shared session provided)
2026-10-02 00:05:33.995 | INFO     | dependency | dependency.log | No graphviz package found, visualization method is unavailable

00:06:02 - LiteLLM:DEBUG: litellm_logging.py:240 - [Non-Blocking] Unable to import GenericAPILogger - LiteLLM Enterprise Feature - No module named 'litellm_enterprise'
00:06:02 - LiteLLM:DEBUG: http_handler.py:1172 - Using AiohttpTransport...
00:06:02 - LiteLLM:DEBUG: http_handler.py:1238 - Creating AiohttpTransport...
00:06:02 - LiteLLM:DEBUG: http_handler.py:1275 - NEW SESSION: Creating new ClientSession (no shared session provided)
00:06:02 - LiteLLM:DEBUG: http_handler.py:1172 - Using AiohttpTransport...
00:06:02 - LiteLLM:DEBUG: http_handler.py:1238 - Creating AiohttpTransport...
00:06:02 - LiteLLM:DEBUG: http_handler.py:1275 - NEW SESSION: Creating new ClientSession (no shared session provided)
00:06:02 - LiteLLM:DEBUG: http_handler.py:1172 - Using AiohttpTransport...
00:06:02 - LiteLLM:DEBUG: http_handler.py:1238 - Creating AiohttpTransport...
00:06:02 - LiteLLM:DEBUG: http_handler.py:1275 - NEW SESSION: Creating new ClientSession (no shared session provided)
00:06:02 - LiteLLM:DEBUG: http_handler.py:1172 - Using AiohttpTransport...
00:06:02 - LiteLLM:DEBUG: http_handler.py:1238 - Creating AiohttpTransport...
00:06:02 - LiteLLM:DEBUG: http_handler.py:1275 - NEW SESSION: Creating new ClientSession (no shared session provided)
2026-10-02 00:06:04.043 | INFO     | dependency | dependency.log | No graphviz package found, visualization method is unavailable

00:06:04 - LiteLLM:DEBUG: logging_worker.py:503 - [LoggingWorker] atexit: No queue initialized
00:06:18 - LiteLLM:DEBUG: litellm_logging.py:240 - [Non-Blocking] Unable to import GenericAPILogger - LiteLLM Enterprise Feature - No module named 'litellm_enterprise'
00:06:18 - LiteLLM:DEBUG: http_handler.py:1172 - Using AiohttpTransport...
00:06:18 - LiteLLM:DEBUG: http_handler.py:1238 - Creating AiohttpTransport...
00:06:18 - LiteLLM:DEBUG: http_handler.py:1275 - NEW SESSION: Creating new ClientSession (no shared session provided)
00:06:18 - LiteLLM:DEBUG: http_handler.py:1172 - Using AiohttpTransport...
00:06:18 - LiteLLM:DEBUG: http_handler.py:1238 - Creating AiohttpTransport...
00:06:18 - LiteLLM:DEBUG: http_handler.py:1275 - NEW SESSION: Creating new ClientSession (no shared session provided)
00:06:18 - LiteLLM:DEBUG: http_handler.py:1172 - Using AiohttpTransport...
00:06:18 - LiteLLM:DEBUG: http_handler.py:1238 - Creating AiohttpTransport...
00:06:18 - LiteLLM:DEBUG: http_handler.py:1275 - NEW SESSION: Creating new ClientSession (no shared session provided)
00:06:18 - LiteLLM:DEBUG: http_handler.py:1172 - Using AiohttpTransport...
00:06:18 - LiteLLM:DEBUG: http_handler.py:1238 - Creating AiohttpTransport...
00:06:18 - LiteLLM:DEBUG: http_handler.py:1275 - NEW SESSION: Creating new ClientSession (no shared session provided)
2026-10-02 00:06:20.658 | INFO     | dependency | dependency.log | No graphviz package found, visualization method is unavailable

00:06:27 - LiteLLM:DEBUG: logging_worker.py:503 - [LoggingWorker] atexit: No queue initialized
00:06:42 - LiteLLM:DEBUG: litellm_logging.py:240 - [Non-Blocking] Unable to import GenericAPILogger - LiteLLM Enterprise Feature - No module named 'litellm_enterprise'
00:06:43 - LiteLLM:DEBUG: http_handler.py:1172 - Using AiohttpTransport...
00:06:43 - LiteLLM:DEBUG: http_handler.py:1238 - Creating AiohttpTransport...
00:06:43 - LiteLLM:DEBUG: http_handler.py:1275 - NEW SESSION: Creating new ClientSession (no shared session provided)
00:06:43 - LiteLLM:DEBUG: http_handler.py:1172 - Using AiohttpTransport...
00:06:43 - LiteLLM:DEBUG: http_handler.py:1238 - Creating AiohttpTransport...
00:06:43 - LiteLLM:DEBUG: http_handler.py:1275 - NEW SESSION: Creating new ClientSession (no shared session provided)
00:06:43 - LiteLLM:DEBUG: http_handler.py:1172 - Using AiohttpTransport...
00:06:43 - LiteLLM:DEBUG: http_handler.py:1238 - Creating AiohttpTransport...
00:06:43 - LiteLLM:DEBUG: http_handler.py:1275 - NEW SESSION: Creating new ClientSession (no shared session provided)
00:06:43 - LiteLLM:DEBUG: http_handler.py:1172 - Using AiohttpTransport...
00:06:43 - LiteLLM:DEBUG: http_handler.py:1238 - Creating AiohttpTransport...
00:06:43 - LiteLLM:DEBUG: http_handler.py:1275 - NEW SESSION: Creating new ClientSession (no shared session provided)
2026-10-02 00:06:46.027 | INFO     | dependency | dependency.log | No graphviz package found, visualization method is unavailable

2026-10-02 00:10:57.729 | WARNING  | agent | log.message | LLM call retry 1/3 after MidStreamFallbackError: litellm.MidStreamFallbackError: litellm.APIConnectionError: APIConnectionError: OpenAIException - Timeout on reading data from socket Original exception: APIConnectionError: litellm.APIConnectionError: APIConnectionError: OpenAIException - Timeout on reading data from socket; waiting 30s

2026-10-02 00:11:24.489 | WARNING  | agent | log.message | LLM call retry 1/3 after MidStreamFallbackError: litellm.MidStreamFallbackError: litellm.APIConnectionError: APIConnectionError: OpenAIException - Response payload is not completed: <TransferEncodingError: 400, message='Not enough data to satisfy transfer length header.'> Original exception: APIConnectionError: litellm.APIConnectionError: APIConnectionError: OpenAIException - Response payload is not completed: <TransferEncodingError: 400, message='Not enough data to satisfy transfer length header.'>; waiting 30s


[1;31mGive Feedback / Get Help: https://github.com/BerriAI/litellm/issues/new[0m
LiteLLM.Info: If you need to debug this error, use `litellm._turn_on_debug()'.


[1;31mGive Feedback / Get Help: https://github.com/BerriAI/litellm/issues/new[0m
LiteLLM.Info: If you need to debug this error, use `litellm._turn_on_debug()'.

00:12:15 - LiteLLM:DEBUG: litellm_logging.py:240 - [Non-Blocking] Unable to import GenericAPILogger - LiteLLM Enterprise Feature - No module named 'litellm_enterprise'
00:12:16 - LiteLLM:DEBUG: http_handler.py:1172 - Using AiohttpTransport...
00:12:16 - LiteLLM:DEBUG: http_handler.py:1238 - Creating AiohttpTransport...
00:12:16 - LiteLLM:DEBUG: http_handler.py:1275 - NEW SESSION: Creating new ClientSession (no shared session provided)
00:12:16 - LiteLLM:DEBUG: http_handler.py:1172 - Using AiohttpTransport...
00:12:16 - LiteLLM:DEBUG: http_handler.py:1238 - Creating AiohttpTransport...
00:12:16 - LiteLLM:DEBUG: http_handler.py:1275 - NEW SESSION: Creating new ClientSession (no shared session provided)
00:12:16 - LiteLLM:DEBUG: http_handler.py:1172 - Using AiohttpTransport...
00:12:16 - LiteLLM:DEBUG: http_handler.py:1238 - Creating AiohttpTransport...
00:12:16 - LiteLLM:DEBUG: http_handler.py:1275 - NEW SESSION: Creating new ClientSession (no shared session provided)
00:12:16 - LiteLLM:DEBUG: http_handler.py:1172 - Using AiohttpTransport...
00:12:16 - LiteLLM:DEBUG: http_handler.py:1238 - Creating AiohttpTransport...
00:12:16 - LiteLLM:DEBUG: http_handler.py:1275 - NEW SESSION: Creating new ClientSession (no shared session provided)
00:12:18 - LiteLLM:DEBUG: logging_worker.py:503 - [LoggingWorker] atexit: No queue initialized
00:12:39 - LiteLLM:DEBUG: litellm_logging.py:240 - [Non-Blocking] Unable to import GenericAPILogger - LiteLLM Enterprise Feature - No module named 'litellm_enterprise'
00:12:40 - LiteLLM:DEBUG: http_handler.py:1172 - Using AiohttpTransport...
00:12:40 - LiteLLM:DEBUG: http_handler.py:1238 - Creating AiohttpTransport...
00:12:40 - LiteLLM:DEBUG: http_handler.py:1275 - NEW SESSION: Creating new ClientSession (no shared session provided)
00:12:40 - LiteLLM:DEBUG: http_handler.py:1172 - Using AiohttpTransport...
00:12:40 - LiteLLM:DEBUG: http_handler.py:1238 - Creating AiohttpTransport...
00:12:40 - LiteLLM:DEBUG: http_handler.py:1275 - NEW SESSION: Creating new ClientSession (no shared session provided)
00:12:40 - LiteLLM:DEBUG: http_handler.py:1172 - Using AiohttpTransport...
00:12:40 - LiteLLM:DEBUG: http_handler.py:1238 - Creating AiohttpTransport...
00:12:40 - LiteLLM:DEBUG: http_handler.py:1275 - NEW SESSION: Creating new ClientSession (no shared session provided)
00:12:40 - LiteLLM:DEBUG: http_handler.py:1172 - Using AiohttpTransport...
00:12:40 - LiteLLM:DEBUG: http_handler.py:1238 - Creating AiohttpTransport...
00:12:40 - LiteLLM:DEBUG: http_handler.py:1275 - NEW SESSION: Creating new ClientSession (no shared session provided)
00:12:41 - LiteLLM:DEBUG: logging_worker.py:503 - [LoggingWorker] atexit: No queue initialized
00:13:10 - LiteLLM:DEBUG: litellm_logging.py:240 - [Non-Blocking] Unable to import GenericAPILogger - LiteLLM Enterprise Feature - No module named 'litellm_enterprise'
00:13:11 - LiteLLM:DEBUG: http_handler.py:1172 - Using AiohttpTransport...
00:13:11 - LiteLLM:DEBUG: http_handler.py:1238 - Creating AiohttpTransport...
00:13:11 - LiteLLM:DEBUG: http_handler.py:1275 - NEW SESSION: Creating new ClientSession (no shared session provided)
00:13:11 - LiteLLM:DEBUG: http_handler.py:1172 - Using AiohttpTransport...
00:13:11 - LiteLLM:DEBUG: http_handler.py:1238 - Creating AiohttpTransport...
00:13:11 - LiteLLM:DEBUG: http_handler.py:1275 - NEW SESSION: Creating new ClientSession (no shared session provided)
00:13:11 - LiteLLM:DEBUG: http_handler.py:1172 - Using AiohttpTransport...
00:13:11 - LiteLLM:DEBUG: http_handler.py:1238 - Creating AiohttpTransport...
00:13:11 - LiteLLM:DEBUG: http_handler.py:1275 - NEW SESSION: Creating new ClientSession (no shared session provided)
00:13:11 - LiteLLM:DEBUG: http_handler.py:1172 - Using AiohttpTransport...
00:13:11 - LiteLLM:DEBUG: http_handler.py:1238 - Creating AiohttpTransport...
00:13:11 - LiteLLM:DEBUG: http_handler.py:1275 - NEW SESSION: Creating new ClientSession (no shared session provided)
2026-10-02 00:13:17.631 | INFO     | dependency | dependency.log | No graphviz package found, visualization method is unavailable

00:13:44 - LiteLLM:DEBUG: logging_worker.py:503 - [LoggingWorker] atexit: No queue initialized
00:13:59 - LiteLLM:DEBUG: litellm_logging.py:240 - [Non-Blocking] Unable to import GenericAPILogger - LiteLLM Enterprise Feature - No module named 'litellm_enterprise'
00:13:59 - LiteLLM:DEBUG: http_handler.py:1172 - Using AiohttpTransport...
00:13:59 - LiteLLM:DEBUG: http_handler.py:1238 - Creating AiohttpTransport...
00:13:59 - LiteLLM:DEBUG: http_handler.py:1275 - NEW SESSION: Creating new ClientSession (no shared session provided)
00:13:59 - LiteLLM:DEBUG: http_handler.py:1172 - Using AiohttpTransport...
00:13:59 - LiteLLM:DEBUG: http_handler.py:1238 - Creating AiohttpTransport...
00:13:59 - LiteLLM:DEBUG: http_handler.py:1275 - NEW SESSION: Creating new ClientSession (no shared session provided)
00:13:59 - LiteLLM:DEBUG: http_handler.py:1172 - Using AiohttpTransport...
00:13:59 - LiteLLM:DEBUG: http_handler.py:1238 - Creating AiohttpTransport...
00:13:59 - LiteLLM:DEBUG: http_handler.py:1275 - NEW SESSION: Creating new ClientSession (no shared session provided)
00:13:59 - LiteLLM:DEBUG: http_handler.py:1172 - Using AiohttpTransport...
00:13:59 - LiteLLM:DEBUG: http_handler.py:1238 - Creating AiohttpTransport...
00:13:59 - LiteLLM:DEBUG: http_handler.py:1275 - NEW SESSION: Creating new ClientSession (no shared session provided)
2026-10-02 00:14:02.344 | INFO     | dependency | dependency.log | No graphviz package found, visualization method is unavailable

00:18:12 - LiteLLM:DEBUG: logging_worker.py:503 - [LoggingWorker] atexit: No queue initialized
00:18:29 - LiteLLM:DEBUG: litellm_logging.py:240 - [Non-Blocking] Unable to import GenericAPILogger - LiteLLM Enterprise Feature - No module named 'litellm_enterprise'
00:18:30 - LiteLLM:DEBUG: http_handler.py:1172 - Using AiohttpTransport...
00:18:30 - LiteLLM:DEBUG: http_handler.py:1238 - Creating AiohttpTransport...
00:18:30 - LiteLLM:DEBUG: http_handler.py:1275 - NEW SESSION: Creating new ClientSession (no shared session provided)
00:18:30 - LiteLLM:DEBUG: http_handler.py:1172 - Using AiohttpTransport...
00:18:30 - LiteLLM:DEBUG: http_handler.py:1238 - Creating AiohttpTransport...
00:18:30 - LiteLLM:DEBUG: http_handler.py:1275 - NEW SESSION: Creating new ClientSession (no shared session provided)
00:18:30 - LiteLLM:DEBUG: http_handler.py:1172 - Using AiohttpTransport...
00:18:30 - LiteLLM:DEBUG: http_handler.py:1238 - Creating AiohttpTransport...
00:18:30 - LiteLLM:DEBUG: http_handler.py:1275 - NEW SESSION: Creating new ClientSession (no shared session provided)
00:18:30 - LiteLLM:DEBUG: http_handler.py:1172 - Using AiohttpTransport...
00:18:30 - LiteLLM:DEBUG: http_handler.py:1238 - Creating AiohttpTransport...
00:18:30 - LiteLLM:DEBUG: http_handler.py:1275 - NEW SESSION: Creating new ClientSession (no shared session provided)
2026-10-02 00:18:34.589 | INFO     | dependency | dependency.log | No graphviz package found, visualization method is unavailable

2026-10-02 00:22:01.323 | WARNING  | agent | log.message | LLM call retry 2/3 after MidStreamFallbackError: litellm.MidStreamFallbackError: litellm.APIConnectionError: APIConnectionError: OpenAIException - Timeout on reading data from socket Original exception: APIConnectionError: litellm.APIConnectionError: APIConnectionError: OpenAIException - Timeout on reading data from socket; waiting 60s

00:33:19 - LiteLLM:DEBUG: logging_worker.py:503 - [LoggingWorker] atexit: No queue initialized

[1;31mGive Feedback / Get Help: https://github.com/BerriAI/litellm/issues/new[0m
LiteLLM.Info: If you need to debug this error, use `litellm._turn_on_debug()'.

00:33:36 - LiteLLM:DEBUG: litellm_logging.py:240 - [Non-Blocking] Unable to import GenericAPILogger - LiteLLM Enterprise Feature - No module named 'litellm_enterprise'
00:33:36 - LiteLLM:DEBUG: http_handler.py:1172 - Using AiohttpTransport...
00:33:36 - LiteLLM:DEBUG: http_handler.py:1238 - Creating AiohttpTransport...
00:33:36 - LiteLLM:DEBUG: http_handler.py:1275 - NEW SESSION: Creating new ClientSession (no shared session provided)
00:33:36 - LiteLLM:DEBUG: http_handler.py:1172 - Using AiohttpTransport...
00:33:36 - LiteLLM:DEBUG: http_handler.py:1238 - Creating AiohttpTransport...
00:33:36 - LiteLLM:DEBUG: http_handler.py:1275 - NEW SESSION: Creating new ClientSession (no shared session provided)
00:33:36 - LiteLLM:DEBUG: http_handler.py:1172 - Using AiohttpTransport...
00:33:36 - LiteLLM:DEBUG: http_handler.py:1238 - Creating AiohttpTransport...
00:33:36 - LiteLLM:DEBUG: http_handler.py:1275 - NEW SESSION: Creating new ClientSession (no shared session provided)
00:33:36 - LiteLLM:DEBUG: http_handler.py:1172 - Using AiohttpTransport...
00:33:36 - LiteLLM:DEBUG: http_handler.py:1238 - Creating AiohttpTransport...
00:33:36 - LiteLLM:DEBUG: http_handler.py:1275 - NEW SESSION: Creating new ClientSession (no shared session provided)
2026-10-02 00:33:38.811 | INFO     | dependency | dependency.log | No graphviz package found, visualization method is unavailable

00:34:09 - LiteLLM:DEBUG: logging_worker.py:503 - [LoggingWorker] atexit: No queue initialized
00:34:53 - LiteLLM:DEBUG: litellm_logging.py:240 - [Non-Blocking] Unable to import GenericAPILogger - LiteLLM Enterprise Feature - No module named 'litellm_enterprise'
00:34:54 - LiteLLM:DEBUG: http_handler.py:1172 - Using AiohttpTransport...
00:34:54 - LiteLLM:DEBUG: http_handler.py:1238 - Creating AiohttpTransport...
00:34:54 - LiteLLM:DEBUG: http_handler.py:1275 - NEW SESSION: Creating new ClientSession (no shared session provided)
00:34:54 - LiteLLM:DEBUG: http_handler.py:1172 - Using AiohttpTransport...
00:34:54 - LiteLLM:DEBUG: http_handler.py:1238 - Creating AiohttpTransport...
00:34:54 - LiteLLM:DEBUG: http_handler.py:1275 - NEW SESSION: Creating new ClientSession (no shared session provided)
00:34:54 - LiteLLM:DEBUG: http_handler.py:1172 - Using AiohttpTransport...
00:34:54 - LiteLLM:DEBUG: http_handler.py:1238 - Creating AiohttpTransport...
00:34:54 - LiteLLM:DEBUG: http_handler.py:1275 - NEW SESSION: Creating new ClientSession (no shared session provided)
00:34:54 - LiteLLM:DEBUG: http_handler.py:1172 - Using AiohttpTransport...
00:34:54 - LiteLLM:DEBUG: http_handler.py:1238 - Creating AiohttpTransport...
00:34:54 - LiteLLM:DEBUG: http_handler.py:1275 - NEW SESSION: Creating new ClientSession (no shared session provided)
00:34:55 - LiteLLM:DEBUG: logging_worker.py:503 - [LoggingWorker] atexit: No queue initialized
00:35:07 - LiteLLM:DEBUG: litellm_logging.py:240 - [Non-Blocking] Unable to import GenericAPILogger - LiteLLM Enterprise Feature - No module named 'litellm_enterprise'
00:35:08 - LiteLLM:DEBUG: http_handler.py:1172 - Using AiohttpTransport...
00:35:08 - LiteLLM:DEBUG: http_handler.py:1238 - Creating AiohttpTransport...
00:35:08 - LiteLLM:DEBUG: http_handler.py:1275 - NEW SESSION: Creating new ClientSession (no shared session provided)
00:35:08 - LiteLLM:DEBUG: http_handler.py:1172 - Using AiohttpTransport...
00:35:08 - LiteLLM:DEBUG: http_handler.py:1238 - Creating AiohttpTransport...
00:35:08 - LiteLLM:DEBUG: http_handler.py:1275 - NEW SESSION: Creating new ClientSession (no shared session provided)
00:35:08 - LiteLLM:DEBUG: http_handler.py:1172 - Using AiohttpTransport...
00:35:08 - LiteLLM:DEBUG: http_handler.py:1238 - Creating AiohttpTransport...
00:35:08 - LiteLLM:DEBUG: http_handler.py:1275 - NEW SESSION: Creating new ClientSession (no shared session provided)
00:35:08 - LiteLLM:DEBUG: http_handler.py:1172 - Using AiohttpTransport...
00:35:08 - LiteLLM:DEBUG: http_handler.py:1238 - Creating AiohttpTransport...
00:35:08 - LiteLLM:DEBUG: http_handler.py:1275 - NEW SESSION: Creating new ClientSession (no shared session provided)
00:35:09 - LiteLLM:DEBUG: logging_worker.py:503 - [LoggingWorker] atexit: No queue initialized

[1;31mGive Feedback / Get Help: https://github.com/BerriAI/litellm/issues/new[0m
LiteLLM.Info: If you need to debug this error, use `litellm._turn_on_debug()'.

00:35:39 - LiteLLM:DEBUG: litellm_logging.py:240 - [Non-Blocking] Unable to import GenericAPILogger - LiteLLM Enterprise Feature - No module named 'litellm_enterprise'
00:35:39 - LiteLLM:DEBUG: http_handler.py:1172 - Using AiohttpTransport...
00:35:39 - LiteLLM:DEBUG: http_handler.py:1238 - Creating AiohttpTransport...
00:35:39 - LiteLLM:DEBUG: http_handler.py:1275 - NEW SESSION: Creating new ClientSession (no shared session provided)
00:35:39 - LiteLLM:DEBUG: http_handler.py:1172 - Using AiohttpTransport...
00:35:39 - LiteLLM:DEBUG: http_handler.py:1238 - Creating AiohttpTransport...
00:35:39 - LiteLLM:DEBUG: http_handler.py:1275 - NEW SESSION: Creating new ClientSession (no shared session provided)
00:35:39 - LiteLLM:DEBUG: http_handler.py:1172 - Using AiohttpTransport...
00:35:39 - LiteLLM:DEBUG: http_handler.py:1238 - Creating AiohttpTransport...
00:35:39 - LiteLLM:DEBUG: http_handler.py:1275 - NEW SESSION: Creating new ClientSession (no shared session provided)
00:35:39 - LiteLLM:DEBUG: http_handler.py:1172 - Using AiohttpTransport...
00:35:39 - LiteLLM:DEBUG: http_handler.py:1238 - Creating AiohttpTransport...
00:35:39 - LiteLLM:DEBUG: http_handler.py:1275 - NEW SESSION: Creating new ClientSession (no shared session provided)
00:35:48 - LiteLLM:DEBUG: logging_worker.py:503 - [LoggingWorker] atexit: No queue initialized
00:35:53 - LiteLLM:DEBUG: litellm_logging.py:240 - [Non-Blocking] Unable to import GenericAPILogger - LiteLLM Enterprise Feature - No module named 'litellm_enterprise'
00:35:53 - LiteLLM:DEBUG: http_handler.py:1172 - Using AiohttpTransport...
00:35:53 - LiteLLM:DEBUG: http_handler.py:1238 - Creating AiohttpTransport...
00:35:53 - LiteLLM:DEBUG: http_handler.py:1275 - NEW SESSION: Creating new ClientSession (no shared session provided)
00:35:53 - LiteLLM:DEBUG: http_handler.py:1172 - Using AiohttpTransport...
00:35:53 - LiteLLM:DEBUG: http_handler.py:1238 - Creating AiohttpTransport...
00:35:53 - LiteLLM:DEBUG: http_handler.py:1275 - NEW SESSION: Creating new ClientSession (no shared session provided)
00:35:53 - LiteLLM:DEBUG: http_handler.py:1172 - Using AiohttpTransport...
00:35:53 - LiteLLM:DEBUG: http_handler.py:1238 - Creating AiohttpTransport...
00:35:53 - LiteLLM:DEBUG: http_handler.py:1275 - NEW SESSION: Creating new ClientSession (no shared session provided)
00:35:53 - LiteLLM:DEBUG: http_handler.py:1172 - Using AiohttpTransport...
00:35:53 - LiteLLM:DEBUG: http_handler.py:1238 - Creating AiohttpTransport...
00:35:53 - LiteLLM:DEBUG: http_handler.py:1275 - NEW SESSION: Creating new ClientSession (no shared session provided)
00:35:54 - LiteLLM:DEBUG: logging_worker.py:503 - [LoggingWorker] atexit: No queue initialized
00:36:11 - LiteLLM:DEBUG: litellm_logging.py:240 - [Non-Blocking] Unable to import GenericAPILogger - LiteLLM Enterprise Feature - No module named 'litellm_enterprise'
00:36:11 - LiteLLM:DEBUG: http_handler.py:1172 - Using AiohttpTransport...
00:36:11 - LiteLLM:DEBUG: http_handler.py:1238 - Creating AiohttpTransport...
00:36:11 - LiteLLM:DEBUG: http_handler.py:1275 - NEW SESSION: Creating new ClientSession (no shared session provided)
00:36:11 - LiteLLM:DEBUG: http_handler.py:1172 - Using AiohttpTransport...
00:36:11 - LiteLLM:DEBUG: http_handler.py:1238 - Creating AiohttpTransport...
00:36:11 - LiteLLM:DEBUG: http_handler.py:1275 - NEW SESSION: Creating new ClientSession (no shared session provided)
00:36:11 - LiteLLM:DEBUG: http_handler.py:1172 - Using AiohttpTransport...
00:36:11 - LiteLLM:DEBUG: http_handler.py:1238 - Creating AiohttpTransport...
00:36:11 - LiteLLM:DEBUG: http_handler.py:1275 - NEW SESSION: Creating new ClientSession (no shared session provided)
00:36:11 - LiteLLM:DEBUG: http_handler.py:1172 - Using AiohttpTransport...
00:36:11 - LiteLLM:DEBUG: http_handler.py:1238 - Creating AiohttpTransport...
00:36:11 - LiteLLM:DEBUG: http_handler.py:1275 - NEW SESSION: Creating new ClientSession (no shared session provided)
00:36:13 - LiteLLM:DEBUG: logging_worker.py:503 - [LoggingWorker] atexit: No queue initialized
00:36:14 - LiteLLM:DEBUG: litellm_logging.py:240 - [Non-Blocking] Unable to import GenericAPILogger - LiteLLM Enterprise Feature - No module named 'litellm_enterprise'
00:36:15 - LiteLLM:DEBUG: http_handler.py:1172 - Using AiohttpTransport...
00:36:15 - LiteLLM:DEBUG: http_handler.py:1238 - Creating AiohttpTransport...
00:36:15 - LiteLLM:DEBUG: http_handler.py:1275 - NEW SESSION: Creating new ClientSession (no shared session provided)
00:36:15 - LiteLLM:DEBUG: http_handler.py:1172 - Using AiohttpTransport...
00:36:15 - LiteLLM:DEBUG: http_handler.py:1238 - Creating AiohttpTransport...
00:36:15 - LiteLLM:DEBUG: http_handler.py:1275 - NEW SESSION: Creating new ClientSession (no shared session provided)
00:36:15 - LiteLLM:DEBUG: http_handler.py:1172 - Using AiohttpTransport...
00:36:15 - LiteLLM:DEBUG: http_handler.py:1238 - Creating AiohttpTransport...
00:36:15 - LiteLLM:DEBUG: http_handler.py:1275 - NEW SESSION: Creating new ClientSession (no shared session provided)
00:36:15 - LiteLLM:DEBUG: http_handler.py:1172 - Using AiohttpTransport...
00:36:15 - LiteLLM:DEBUG: http_handler.py:1238 - Creating AiohttpTransport...
00:36:15 - LiteLLM:DEBUG: http_handler.py:1275 - NEW SESSION: Creating new ClientSession (no shared session provided)
00:36:22 - LiteLLM:DEBUG: logging_worker.py:503 - [LoggingWorker] atexit: No queue initialized
00:36:26 - LiteLLM:DEBUG: litellm_logging.py:240 - [Non-Blocking] Unable to import GenericAPILogger - LiteLLM Enterprise Feature - No module named 'litellm_enterprise'
00:36:27 - LiteLLM:DEBUG: http_handler.py:1172 - Using AiohttpTransport...
00:36:27 - LiteLLM:DEBUG: http_handler.py:1238 - Creating AiohttpTransport...
00:36:27 - LiteLLM:DEBUG: http_handler.py:1275 - NEW SESSION: Creating new ClientSession (no shared session provided)
00:36:27 - LiteLLM:DEBUG: http_handler.py:1172 - Using AiohttpTransport...
00:36:27 - LiteLLM:DEBUG: http_handler.py:1238 - Creating AiohttpTransport...
00:36:27 - LiteLLM:DEBUG: http_handler.py:1275 - NEW SESSION: Creating new ClientSession (no shared session provided)
00:36:27 - LiteLLM:DEBUG: http_handler.py:1172 - Using AiohttpTransport...
00:36:27 - LiteLLM:DEBUG: http_handler.py:1238 - Creating AiohttpTransport...
00:36:27 - LiteLLM:DEBUG: http_handler.py:1275 - NEW SESSION: Creating new ClientSession (no shared session provided)
00:36:27 - LiteLLM:DEBUG: http_handler.py:1172 - Using AiohttpTransport...
00:36:27 - LiteLLM:DEBUG: http_handler.py:1238 - Creating AiohttpTransport...
00:36:27 - LiteLLM:DEBUG: http_handler.py:1275 - NEW SESSION: Creating new ClientSession (no shared session provided)
00:36:29 - LiteLLM:DEBUG: logging_worker.py:503 - [LoggingWorker] atexit: No queue initialized
00:36:58 - LiteLLM:DEBUG: litellm_logging.py:240 - [Non-Blocking] Unable to import GenericAPILogger - LiteLLM Enterprise Feature - No module named 'litellm_enterprise'
00:36:59 - LiteLLM:DEBUG: http_handler.py:1172 - Using AiohttpTransport...
00:36:59 - LiteLLM:DEBUG: http_handler.py:1238 - Creating AiohttpTransport...
00:36:59 - LiteLLM:DEBUG: http_handler.py:1275 - NEW SESSION: Creating new ClientSession (no shared session provided)
00:36:59 - LiteLLM:DEBUG: http_handler.py:1172 - Using AiohttpTransport...
00:36:59 - LiteLLM:DEBUG: http_handler.py:1238 - Creating AiohttpTransport...
00:36:59 - LiteLLM:DEBUG: http_handler.py:1275 - NEW SESSION: Creating new ClientSession (no shared session provided)
00:36:59 - LiteLLM:DEBUG: http_handler.py:1172 - Using AiohttpTransport...
00:36:59 - LiteLLM:DEBUG: http_handler.py:1238 - Creating AiohttpTransport...
00:36:59 - LiteLLM:DEBUG: http_handler.py:1275 - NEW SESSION: Creating new ClientSession (no shared session provided)
00:36:59 - LiteLLM:DEBUG: http_handler.py:1172 - Using AiohttpTransport...
00:36:59 - LiteLLM:DEBUG: http_handler.py:1238 - Creating AiohttpTransport...
00:36:59 - LiteLLM:DEBUG: http_handler.py:1275 - NEW SESSION: Creating new ClientSession (no shared session provided)
00:37:01 - LiteLLM:DEBUG: litellm_logging.py:240 - [Non-Blocking] Unable to import GenericAPILogger - LiteLLM Enterprise Feature - No module named 'litellm_enterprise'
00:37:02 - LiteLLM:DEBUG: http_handler.py:1172 - Using AiohttpTransport...
00:37:02 - LiteLLM:DEBUG: http_handler.py:1238 - Creating AiohttpTransport...
00:37:02 - LiteLLM:DEBUG: http_handler.py:1275 - NEW SESSION: Creating new ClientSession (no shared session provided)
00:37:02 - LiteLLM:DEBUG: http_handler.py:1172 - Using AiohttpTransport...
00:37:02 - LiteLLM:DEBUG: http_handler.py:1238 - Creating AiohttpTransport...
00:37:02 - LiteLLM:DEBUG: http_handler.py:1275 - NEW SESSION: Creating new ClientSession (no shared session provided)
00:37:02 - LiteLLM:DEBUG: http_handler.py:1172 - Using AiohttpTransport...
00:37:02 - LiteLLM:DEBUG: http_handler.py:1238 - Creating AiohttpTransport...
00:37:02 - LiteLLM:DEBUG: http_handler.py:1275 - NEW SESSION: Creating new ClientSession (no shared session provided)
00:37:02 - LiteLLM:DEBUG: http_handler.py:1172 - Using AiohttpTransport...
00:37:02 - LiteLLM:DEBUG: http_handler.py:1238 - Creating AiohttpTransport...
00:37:02 - LiteLLM:DEBUG: http_handler.py:1275 - NEW SESSION: Creating new ClientSession (no shared session provided)
2026-10-02 00:37:02.509 | INFO     | dependency | dependency.log | No graphviz package found, visualization method is unavailable

00:37:22 - LiteLLM:DEBUG: logging_worker.py:503 - [LoggingWorker] atexit: No queue initialized
00:37:53 - LiteLLM:DEBUG: litellm_logging.py:240 - [Non-Blocking] Unable to import GenericAPILogger - LiteLLM Enterprise Feature - No module named 'litellm_enterprise'
00:37:53 - LiteLLM:DEBUG: http_handler.py:1172 - Using AiohttpTransport...
00:37:53 - LiteLLM:DEBUG: http_handler.py:1238 - Creating AiohttpTransport...
00:37:53 - LiteLLM:DEBUG: http_handler.py:1275 - NEW SESSION: Creating new ClientSession (no shared session provided)
00:37:53 - LiteLLM:DEBUG: http_handler.py:1172 - Using AiohttpTransport...
00:37:53 - LiteLLM:DEBUG: http_handler.py:1238 - Creating AiohttpTransport...
00:37:53 - LiteLLM:DEBUG: http_handler.py:1275 - NEW SESSION: Creating new ClientSession (no shared session provided)
00:37:53 - LiteLLM:DEBUG: http_handler.py:1172 - Using AiohttpTransport...
00:37:53 - LiteLLM:DEBUG: http_handler.py:1238 - Creating AiohttpTransport...
00:37:53 - LiteLLM:DEBUG: http_handler.py:1275 - NEW SESSION: Creating new ClientSession (no shared session provided)
00:37:53 - LiteLLM:DEBUG: http_handler.py:1172 - Using AiohttpTransport...
00:37:53 - LiteLLM:DEBUG: http_handler.py:1238 - Creating AiohttpTransport...
00:37:53 - LiteLLM:DEBUG: http_handler.py:1275 - NEW SESSION: Creating new ClientSession (no shared session provided)
00:37:58 - LiteLLM:DEBUG: logging_worker.py:503 - [LoggingWorker] atexit: No queue initialized
00:41:29 - LiteLLM:DEBUG: logging_worker.py:503 - [LoggingWorker] atexit: No queue initialized
00:41:42 - LiteLLM:DEBUG: litellm_logging.py:240 - [Non-Blocking] Unable to import GenericAPILogger - LiteLLM Enterprise Feature - No module named 'litellm_enterprise'
00:41:43 - LiteLLM:DEBUG: http_handler.py:1172 - Using AiohttpTransport...
00:41:43 - LiteLLM:DEBUG: http_handler.py:1238 - Creating AiohttpTransport...
00:41:43 - LiteLLM:DEBUG: http_handler.py:1275 - NEW SESSION: Creating new ClientSession (no shared session provided)
00:41:43 - LiteLLM:DEBUG: http_handler.py:1172 - Using AiohttpTransport...
00:41:43 - LiteLLM:DEBUG: http_handler.py:1238 - Creating AiohttpTransport...
00:41:43 - LiteLLM:DEBUG: http_handler.py:1275 - NEW SESSION: Creating new ClientSession (no shared session provided)
00:41:43 - LiteLLM:DEBUG: http_handler.py:1172 - Using AiohttpTransport...
00:41:43 - LiteLLM:DEBUG: http_handler.py:1238 - Creating AiohttpTransport...
00:41:43 - LiteLLM:DEBUG: http_handler.py:1275 - NEW SESSION: Creating new ClientSession (no shared session provided)
00:41:43 - LiteLLM:DEBUG: http_handler.py:1172 - Using AiohttpTransport...
00:41:43 - LiteLLM:DEBUG: http_handler.py:1238 - Creating AiohttpTransport...
00:41:43 - LiteLLM:DEBUG: http_handler.py:1275 - NEW SESSION: Creating new ClientSession (no shared session provided)
2026-10-02 00:41:45.333 | INFO     | dependency | dependency.log | No graphviz package found, visualization method is unavailable

00:41:45 - LiteLLM:DEBUG: logging_worker.py:503 - [LoggingWorker] atexit: No queue initialized
01:08:00 - LiteLLM:DEBUG: logging_worker.py:503 - [LoggingWorker] atexit: No queue initialized
01:08:23 - LiteLLM:DEBUG: litellm_logging.py:240 - [Non-Blocking] Unable to import GenericAPILogger - LiteLLM Enterprise Feature - No module named 'litellm_enterprise'
01:08:24 - LiteLLM:DEBUG: http_handler.py:1172 - Using AiohttpTransport...
01:08:24 - LiteLLM:DEBUG: http_handler.py:1238 - Creating AiohttpTransport...
01:08:24 - LiteLLM:DEBUG: http_handler.py:1275 - NEW SESSION: Creating new ClientSession (no shared session provided)
01:08:24 - LiteLLM:DEBUG: http_handler.py:1172 - Using AiohttpTransport...
01:08:24 - LiteLLM:DEBUG: http_handler.py:1238 - Creating AiohttpTransport...
01:08:24 - LiteLLM:DEBUG: http_handler.py:1275 - NEW SESSION: Creating new ClientSession (no shared session provided)
01:08:24 - LiteLLM:DEBUG: http_handler.py:1172 - Using AiohttpTransport...
01:08:24 - LiteLLM:DEBUG: http_handler.py:1238 - Creating AiohttpTransport...
01:08:24 - LiteLLM:DEBUG: http_handler.py:1275 - NEW SESSION: Creating new ClientSession (no shared session provided)
01:08:24 - LiteLLM:DEBUG: http_handler.py:1172 - Using AiohttpTransport...
01:08:24 - LiteLLM:DEBUG: http_handler.py:1238 - Creating AiohttpTransport...
01:08:24 - LiteLLM:DEBUG: http_handler.py:1275 - NEW SESSION: Creating new ClientSession (no shared session provided)
2026-10-02 01:08:26.516 | INFO     | dependency | dependency.log | No graphviz package found, visualization method is unavailable

01:08:39 - LiteLLM:DEBUG: logging_worker.py:503 - [LoggingWorker] atexit: No queue initialized
2026-10-02 01:08:55.426 | ERROR    | dependency | dependency.log | Unclosed client session
client_session: <aiohttp.client.ClientSession object at 0x1639ee900>

